region_id	region_name	region_name_in_data	region_ent_type	electricity_grid	kerosene_lamp	solar_grid	solar_standalone	bio_gas	generator	other
EC-01	Colombo		DISTRICT	653295	3366	2900	831	58	192	1180
EC-01A	Colombo North		GND	33063	538	38	3	2	21	160
EC-01B	Colombo Central		GND	38982	230	59	4	2	13	135
EC-01C	Borella		GND	17829	178	64	6	1	7	16
EC-01D	Colombo East		GND	23279	83	99	22	1	19	36
EC-01E	Colombo West		GND	16014	99	84	11	3	50	9
EC-01F	Dehiwala		GND	25370	51	96	9	13	7	19
EC-01G	Ratmalana		GND	25037	156	99	24	0	12	30
EC-01H	Kolonnawa		GND	55864	428	127	82	5	3	247
EC-01I	Kotte		GND	27604	98	384	93	3	14	47
EC-01J	Kaduwela		GND	79401	194	522	155	3	12	86
EC-01K	Avissawella		GND	54937	545	50	42	3	7	94
EC-01L	Homagama		GND	79855	220	111	52	6	3	51
EC-01M	Maharagama		GND	56267	111	530	111	3	8	84
EC-01N	Kesbewa		GND	75476	223	458	158	10	2	78
EC-01O	Moratuwa		GND	44317	212	179	59	3	14	88
EC-02	Gampaha		DISTRICT	680337	4340	1724	479	50	70	1635
EC-02A	Wattala		GND	48712	317	119	45	4	2	101
EC-02B	Negombo		GND	35895	161	147	39	1	5	52
EC-02C	Katana		GND	74585	411	218	30	0	8	262
EC-02D	Divulapitiya		GND	44485	444	24	20	0	3	96
EC-02E	Mirigama		GND	49124	554	36	19	0	8	82
EC-02F	Minuwangoda		GND	56198	340	96	28	2	4	102
EC-02G	Attanagalla		GND	53955	345	59	26	0	3	61
EC-02H	Gampaha		GND	57149	239	339	59	1	4	68
EC-02I	Ja Ela		GND	56833	326	157	50	1	12	310
EC-02J	Mahara		GND	60808	363	251	59	40	3	243
EC-02K	Dompe		GND	46921	447	20	17	1	4	141
EC-02L	Biyagama		GND	58828	220	126	56	0	8	72
EC-02M	Kelaniya		GND	36844	173	132	31	0	6	45
EC-03	Kalutara		DISTRICT	348801	2859	582	204	13	26	478
EC-03A	Panadura		GND	42164	118	189	45	2	3	103
EC-03B	Bandaragama		GND	55893	344	131	38	4	3	75
EC-03C	Horana		GND	53696	403	62	20	3	5	102
EC-03D	Bulathsinhala		GND	32106	537	12	13	1	5	36
EC-03E	Mathugama		GND	41648	454	24	7	1	1	35
EC-03F	Kalutara		GND	43951	182	114	42	0	3	40
EC-03G	Beruwala		GND	42072	306	38	16	1	4	34
EC-03H	Agalawatta		GND	37271	515	12	23	1	2	53
EC-04	Kandy		DISTRICT	392207	4108	243	235	11	40	782
EC-04A	Galagedara		GND	19310	261	2	11	0	0	30
EC-04B	Harispattuwa		GND	57599	591	33	14	1	6	114
EC-04C	Pathadumbara		GND	32166	412	10	8	0	5	81
EC-04D	Ududumbara		GND	22537	374	32	74	0	1	43
EC-04E	Teldeniya		GND	18160	238	3	11	0	0	37
EC-04F	Kundasale		GND	39562	385	38	18	1	7	116
EC-04G	Hewaheta		GND	25505	332	11	15	1	1	74
EC-04H	Senkadagala		GND	28542	128	45	17	1	0	50
EC-04I	Mahanuwara		GND	11949	44	13	13	0	3	29
EC-04J	Yatinuwara		GND	30765	221	23	14	1	5	58
EC-04K	Udunuwara		GND	31588	224	8	9	2	3	44
EC-04L	Gampola		GND	38862	515	18	18	2	7	70
EC-04M	Nawalapitiya		GND	35662	383	7	13	2	2	36
EC-05	Matale		DISTRICT	148488	2248	61	126	1	15	193
EC-05A	Dambulla		GND	53944	885	25	42	0	3	66
EC-05B	Laggala		GND	28078	687	8	44	0	4	26
EC-05C	Matale		GND	31664	246	24	24	1	4	54
EC-05D	Rattota		GND	34802	430	4	16	0	4	47
EC-06	Nuwara-Eliya		DISTRICT	196060	3524	56	134	15	72	400
EC-06A	Nuwara Eliya Maskeliya		GND	111311	1910	38	37	15	60	239
EC-06B	Kothmale		GND	28568	477	6	16	0	3	35
EC-06C	Hanguranketha		GND	26140	466	2	41	0	6	63
EC-06D	Walapane		GND	30041	671	10	40	0	3	63
EC-07	Galle		DISTRICT	304034	2387	359	205	5	29	685
EC-07A	Balapitiya		GND	18638	146	7	7	0	0	88
EC-07B	Ambalangoda		GND	28120	189	56	40	0	3	113
EC-07C	Karandeniya		GND	28175	248	4	7	0	1	67
EC-07D	Bentara Elpitiya		GND	32638	397	19	12	0	6	69
EC-07E	Hiniduma		GND	37653	323	3	28	2	2	58
EC-07F	Baddegama		GND	36245	360	56	11	1	5	71
EC-07G	Ratgama		GND	27316	145	27	21	0	2	66
EC-07H	Galle		GND	26251	75	84	34	1	0	30
EC-07I	Akmeemana		GND	38702	227	90	36	1	5	70
EC-07J	Habaraduwa		GND	30296	277	13	9	0	5	53
EC-08	Matara		DISTRICT	229169	1828	269	118	4	19	539
EC-08A	Deniyaya		GND	37226	534	13	27	0	2	110
EC-08B	Hakmana		GND	34147	384	6	11	1	2	77
EC-08C	Akuressa		GND	34048	302	24	18	1	2	80
EC-08D	Kamburupitiya		GND	29325	163	56	6	0	2	48
EC-08E	Devinuwara		GND	28276	139	10	13	0	3	92
EC-08F	Matara		GND	31973	82	147	29	1	6	45
EC-08G	Weligama		GND	34174	224	13	14	1	2	87
EC-09	Hambantota		DISTRICT	184100	3057	77	173	2	28	1201
EC-09A	Mulkirigala		GND	39910	789	6	14	0	4	177
EC-09B	Beliatta		GND	28997	371	17	9	0	4	83
EC-09C	Tangalle		GND	47902	691	23	30	0	5	292
EC-09D	Thissamaharama		GND	67291	1206	31	120	2	15	649
EC-10	Jaffna		DISTRICT	190621	5248	206	126	3	115	168
EC-10A	Kayts		GND	7627	332	3	6	0	0	9
EC-10B	Vaddukoddai		GND	16286	518	12	1	0	2	2
EC-10C	Kankesanthurai		GND	14361	403	8	8	1	1	9
EC-10D	Manipay		GND	20663	311	33	9	0	4	19
EC-10E	Kopay		GND	20452	517	25	4	0	6	25
EC-10F	Udupiddy		GND	13234	327	26	4	1	6	21
EC-10G	Point Pedro		GND	13718	352	24	11	0	54	11
EC-10H	Chavakachcheri		GND	18661	392	9	18	1	1	14
EC-10I	Nallur		GND	18836	170	36	10	0	10	1
EC-10J	Jaffna		GND	11979	144	7	4	0	5	9
EC-10K	Kilinochchi		GND	34804	1782	23	51	0	26	48
EC-11	Vanni		DISTRICT	111342	3654	78	168	9	41	223
EC-11A	Mannar		GND	31276	940	19	11	5	17	62
EC-11B	Vavuniya		GND	48776	1362	15	49	3	14	67
EC-11C	Mullaitivu		GND	31236	1348	44	107	1	10	94
EC-12	Batticaloa		DISTRICT	160839	8900	139	58	5	42	279
EC-12A	Kalkudah		GND	46940	4355	10	24	2	13	96
EC-12B	Batticaloa		GND	78026	3000	123	31	3	26	110
EC-12C	Paddiruppu		GND	34942	1522	6	3	0	3	73
EC-13	Digamadulla		DISTRICT	200445	5539	194	124	5	36	664
EC-13A	Ampara		GND	66485	1832	29	62	0	4	225
EC-13B	Samanthurai		GND	36542	801	16	32	2	5	251
EC-13C	Kalmunai		GND	31380	453	72	4	1	12	23
EC-13D	Pothuvil		GND	66038	2453	77	26	2	15	165
EC-14	Trincomalee		DISTRICT	117736	3603	60	31	7	24	487
EC-14A	Seruvila		GND	31355	967	12	13	2	3	172
EC-14B	Trincomalee		GND	39376	811	16	8	0	9	72
EC-14C	Muttur		GND	47005	1825	32	10	5	12	243
EC-15	Kurunegala		DISTRICT	501299	8332	313	509	4	37	672
EC-15A	Galgamuwa		GND	41183	992	22	54	0	5	53
EC-15B	Nikaweratiya		GND	38046	822	14	57	0	2	45
EC-15C	Yapahuwa		GND	45980	999	23	70	0	3	47
EC-15D	Hiriyala		GND	39174	642	23	58	0	4	51
EC-15E	Wariyapola		GND	30813	538	9	33	1	1	43
EC-15F	Panduwasnuwara		GND	29205	454	10	17	0	1	45
EC-15G	Bingiriya		GND	34985	530	12	23	0	3	51
EC-15H	Katugampola		GND	38461	491	19	23	0	3	37
EC-15I	Kuliyapitiya		GND	40057	564	28	25	1	3	57
EC-15J	Dambadeniya		GND	35395	684	14	23	0	2	65
EC-15K	Polgahawela		GND	29624	324	5	20	0	2	25
EC-15L	Kurunegala		GND	35588	402	100	53	0	5	53
EC-15M	Mawathagama		GND	36000	503	22	39	2	1	73
EC-15N	Dodangaslanda		GND	26788	387	12	14	0	2	27
EC-16	Puttalam		DISTRICT	227761	4800	240	743	24	127	332
EC-16A	Puttalam		GND	64344	2106	46	384	15	113	129
EC-16B	Anamaduwa		GND	46036	1607	37	149	4	3	82
EC-16C	Chilaw		GND	45562	497	24	20	3	5	46
EC-16D	Nattandiya		GND	33396	365	71	181	1	6	33
EC-16E	Wennappuwa		GND	38423	225	62	9	1	0	42
EC-17	Anuradhapura		DISTRICT	268242	5908	128	312	8	19	467
EC-17A	Medawachchiya		GND	36819	900	12	43	1	3	50
EC-17B	Horowpothana		GND	33362	806	13	50	2	2	44
EC-17C	Anuradhapura East		GND	44075	772	38	25	0	4	77
EC-17D	Anuradhapura West		GND	43573	1188	27	77	2	5	72
EC-17E	Kalawewa		GND	49825	856	9	41	1	2	111
EC-17F	Mihinthale		GND	26640	632	11	40	1	1	49
EC-17G	Kekirawa		GND	33948	754	18	36	1	2	64
EC-18	Polonnaruwa		DISTRICT	124329	2586	78	128	4	12	248
EC-18A	Minneriya		GND	33790	652	34	31	0	2	32
EC-18B	Medirigiriya		GND	31347	589	6	27	1	3	75
EC-18C	Polonnaruwa		GND	59192	1345	38	70	3	7	141
EC-19	Badulla		DISTRICT	242999	4499	112	201	4	24	423
EC-19A	Mahiyanganaya		GND	41751	1051	22	51	3	4	53
EC-19B	Viyaluwa		GND	21070	485	3	14	0	1	29
EC-19C	Passara		GND	23003	556	8	13	0	2	67
EC-19D	Badulla		GND	21925	195	5	4	0	2	29
EC-19E	Hali Ela		GND	26830	476	4	16	0	2	69
EC-19F	Uva Paranagama		GND	22865	361	2	36	0	3	32
EC-19G	Welimada		GND	29051	460	9	31	1	6	62
EC-19H	Bandarawela		GND	31927	346	12	10	0	2	46
EC-19I	Haputale		GND	24577	569	47	26	0	2	36
EC-20	Moneragala		DISTRICT	146583	4057	71	370	4	69	609
EC-20A	Bibile		GND	35348	1046	14	39	1	0	63
EC-20B	Monaragala		GND	45669	1201	19	99	1	2	117
EC-20C	Wellawaya		GND	65566	1810	38	232	2	67	429
EC-21	Ratnapura		DISTRICT	319263	6656	135	368	5	165	1053
EC-21A	Eheliyagoda		GND	36076	582	15	25	0	2	86
EC-21B	Ratnapura		GND	45966	649	16	22	2	7	121
EC-21C	Pelmadulla		GND	32266	718	18	35	0	131	128
EC-21D	Balangoda		GND	43039	795	15	73	0	5	65
EC-21E	Rakwana		GND	40516	930	13	69	2	15	179
EC-21F	Nivithigala		GND	33001	920	9	20	0	3	135
EC-21G	Kalawana		GND	29186	800	15	72	0	2	82
EC-21H	Kolonna		GND	59213	1262	34	52	1	0	257
EC-22	Kegalle		DISTRICT	239635	3651	68	174	3	28	478
EC-22A	Dedigama		GND	31815	494	5	12	2	5	46
EC-22B	Galigamuwa		GND	23794	330	5	10	0	1	31
EC-22C	Kegalle		GND	26270	324	16	18	0	1	75
EC-22D	Rambukkana		GND	24511	263	7	8	0	2	51
EC-22E	Mawanella		GND	32945	295	17	8	0	2	66
EC-22F	Aranayaka		GND	19844	279	1	10	0	2	47
EC-22G	Yatiyanthota		GND	26899	594	5	10	0	6	58
EC-22H	Ruwanwella		GND	27917	524	8	83	1	6	55
EC-22I	Deraniyagala		GND	25640	548	4	15	0	3	49
LG-11011	Colombo MC		GND	129167	1128	344	46	9	110	356
LG-11012	Dehiwala Mount Lavinia MC		GND	50407	207	195	33	13	19	49
LG-11013	Moratuwa MC		GND	44317	212	179	59	3	14	88
LG-11014	Sri Jayawardanapura Kotte MC		GND	27604	98	384	93	3	14	47
LG-11015	Kaduwela MC		GND	79401	194	522	155	3	12	86
LG-11021	Kolonnawa UC		GND	15219	205	43	62	3	1	156
LG-11022	Seethawakapura UC		GND	9178	51	4	2	2	2	19
LG-11023	Maharagama UC		GND	56267	111	530	111	3	8	84
LG-11024	Kesbewa UC		GND	58365	192	348	113	7	1	64
LG-11025	Boralesgamuwa UC		GND	17111	31	110	45	3	1	14
LG-11031	Homagama PS		GND	84875	265	112	59	6	3	56
LG-11033	Kotikawatta-Mullariyawa PS		GND	40645	223	84	20	2	2	91
LG-11034	Seethawaka PS		GND	40739	449	45	33	1	5	70
LG-12011	Negombo MC		GND	36385	167	152	39	1	6	53
LG-12012	Gampaha MC		GND	17548	70	248	36	1	0	20
LG-12022	Ja- Ela UC		GND	8710	53	40	6	0	3	12
LG-12023	Katunayaka- Seeduwa UC/Katana PS		GND	19167	92	42	3	0	0	14
LG-12024	Minuwangoda UC		GND	2002	8	8	3	0	0	5
LG-12025	Peliyagoda UC		GND	7069	79	6	0	0	2	9
LG-12026	Wattala - Mabola UC		GND	7264	77	13	5	0	1	16
LG-12031	Attanagalla PS		GND	53955	345	59	26	0	3	61
LG-12032	Biyagama PS		GND	58828	220	126	56	0	8	72
LG-12033	Divulapitiya PS		GND	44485	444	24	20	0	3	96
LG-12034	Dompe PS		GND	46921	447	20	17	1	4	141
LG-12035	Gampaha PS		GND	39601	169	91	23	0	4	48
LG-12036	Ja- Ela PS		GND	48123	273	117	44	1	9	298
LG-12037	Katana PS		GND	54928	313	171	27	0	7	247
LG-12038	Kelaniya PS		GND	29775	94	126	31	0	4	36
LG-12039	Mahara PS		GND	60808	363	251	59	40	3	243
LG-12040	Minuwangoda PS		GND	54196	332	88	25	2	4	97
LG-12041	Mirigama PS		GND	49124	554	36	19	0	8	82
LG-12042	Wattala PS		GND	41448	240	106	40	4	1	85
LG-13011	Kalutara MC		GND	17919	53	70	17	0	0	21
LG-13021	Beruwala UC		GND	8215	46	17	14	1	1	0
LG-13022	Horana UC/Horana PS		GND	2588	12	16	2	0	1	3
LG-13024	Panadura UC/Panadura PS		GND	8968	23	104	26	1	2	70
LG-13031	Agalawatta PS		GND	10410	77	5	3	0	0	7
LG-13032	Bandaragama PS		GND	33226	138	119	33	3	2	47
LG-13033	Beruwala PS		GND	33857	260	21	2	0	3	34
LG-13034	Bulathsinhala PS		GND	18345	350	4	9	1	4	24
LG-13035	Dodangoda PS		GND	18382	251	12	4	0	1	17
LG-13036	Horana PS		GND	51108	391	46	18	3	4	99
LG-13037	Kalutara PS		GND	26032	129	44	25	0	3	19
LG-13038	Mathugama PS		GND	23266	203	12	3	1	0	18
LG-13039	Panadura PS		GND	40269	136	97	23	1	1	42
LG-13040	Walallawita PS		GND	15696	199	5	9	1	1	13
LG-13041	Madurawala PS		GND	10257	150	7	3	0	1	10
LG-13042	Palindanuwara PS		GND	14669	276	3	12	0	1	35
LG-13043	Millaniya PS		GND	15594	165	0	1	1	1	19
LG-21011	Kandy MC/ Pathadumbara PS		GND	26939	92	44	23	0	3	60
LG-21021	Gampola UC		GND	11002	85	9	3	1	5	11
LG-21022	Kadugannawa UC/Yatinuwara PS		GND	5610	36	8	4	0	1	5
LG-21023	Nawalapitiya UC/Pasbage Korale PS		GND	6693	28	1	1	0	1	6
LG-21024	Wattegama UC/ Pathadumbara PS		GND	4568	33	2	1	0	0	3
LG-21025	Medadumbara PS		GND	134	1	0	0	0	0	1
LG-21031	Akurana PS		GND	16152	171	9	3	1	1	34
LG-21032	Ganga Ihala Korale		GND	15470	176	4	3	2	1	19
LG-21033	Harispattuwa PS		GND	25377	240	21	10	0	5	54
LG-21034	Kandy Four Graverts &Gangawata Korale PS		GND	14677	84	14	7	1	0	24
LG-21035	Medadumbara PS		GND	39705	385	38	18	1	7	116
LG-21036	Medadumbara PS		GND	17883	237	3	11	0	0	36
LG-21037	Minipe PS		GND	15766	283	28	52	0	0	30
LG-21038	Panvila PS		GND	7238	178	0	4	0	2	20
LG-21039	Pasbage Korale PS		GND	10767	120	2	7	0	0	8
LG-21040	Pathadumbara PS		GND	19696	197	8	3	0	3	57
LG-21041	Pathhewaheta PS		GND	25505	332	11	15	1	1	74
LG-21042	Pujapitiya PS		GND	15609	180	3	1	0	0	22
LG-21043	Thumpane PS		GND	19310	261	2	11	0	0	30
LG-21044	Udadumbara PS		GND	6771	91	4	22	0	1	13
LG-21045	Udapalatha PS		GND	30592	489	9	17	1	2	62
LG-21046	Udunuwara PS		GND	31588	224	8	9	2	3	44
LG-21047	Yatinuwara PS		GND	25155	185	15	10	1	4	53
LG-22011	Matale MC/ Matale PS		GND	12546	70	21	10	0	3	29
LG-22012	Dambulla MC		GND	7408	129	4	3	0	1	13
LG-22031	Ambanganga Korale PS		GND	4597	114	2	14	0	0	5
LG-22032	Dambulla PS		GND	15312	263	6	24	0	2	22
LG-22033	Galewela PS		GND	22176	363	9	7	0	0	22
LG-22034	Laggala-Pallegama PS		GND	5076	158	4	17	0	1	12
LG-22035	Matale PS		GND	10155	107	2	10	1	1	12
LG-22036	Naula PS		GND	8811	146	2	9	0	3	8
LG-22037	Pallepola PS		GND	9048	130	6	8	0	0	9
LG-22038	Rattota PS		GND	15723	242	2	9	0	2	16
LG-22039	Ukuwela PS		GND	19079	188	2	7	0	2	31
LG-22040	Wilgamuwa PS		GND	9594	269	0	4	0	0	1
LG-22041	Yatawatta PS		GND	8963	69	1	4	0	0	13
LG-23011	Nuwara Eliya MC/ Nuwara Eliya PS		GND	7624	68	3	2	0	0	10
LG-23021	Hatton - Dickoya UC/ Ambagamuwa PS		GND	6903	47	2	0	2	2	3
LG-23022	Thalawakale-Lindula UC/ Kotagala PS		GND	6007	93	1	0	4	7	21
LG-23031	Ambagamuwa PS		GND	18446	242	4	3	0	4	32
LG-23032	Hanguranketha PS		GND	26140	466	2	41	0	6	63
LG-23033	Kothmale PS		GND	28568	477	6	16	0	3	35
LG-23034	Nuwara Eliya PS		GND	14330	241	11	14	0	8	15
LG-23035	Walapane PS		GND	30041	671	10	40	0	3	63
LG-23036	Maskeliya PS		GND	13113	312	3	1	3	8	45
LG-23037	Noorwood PS		GND	17291	374	9	6	3	12	41
LG-23038	Agarapathana PS		GND	16476	312	4	9	2	9	45
LG-23039	Kotagala PS		GND	11121	221	1	2	1	10	27
LG-31011	Galle MC		GND	21956	61	81	24	0	0	28
LG-31021	Ambalangoda UC		GND	5405	23	37	17	0	0	8
LG-31022	Hikkaduwa UC		GND	7488	13	13	11	0	1	17
LG-31031	Akmeemana PS		GND	23356	150	16	20	1	3	57
LG-31032	Ambalangoda PS		GND	18029	115	16	19	0	1	87
LG-31033	Baddegama PS		GND	21988	211	53	10	1	6	58
LG-31034	Balapitiya PS		GND	18638	146	7	7	0	0	88
LG-31035	Benthota PS		GND	13599	108	6	3	0	2	31
LG-31036	Bope_Poddala PS		GND	19641	91	77	26	1	2	15
LG-31037	Elpitiya PS		GND	19039	289	13	9	0	4	38
LG-31038	Habaraduwa PS		GND	17064	152	7	5	0	3	32
LG-31039	Rajgama PS		GND	19828	132	14	10	0	1	49
LG-31040	Karandeniya PS		GND	19606	202	2	7	0	1	52
LG-31041	Nagoda PS		GND	15340	160	4	1	0	1	15
LG-31042	Neluwa PS		GND	8373	51	1	13	0	0	16
LG-31043	Niyagama PS		GND	10253	87	0	4	1	1	13
LG-31044	Thawalama PS		GND	9389	87	0	10	1	1	26
LG-31045	Yakkalamulla PS		GND	13241	138	4	5	0	0	19
LG-31046	Imaduwa PS		GND	13232	125	6	4	0	2	21
LG-31047	Welivitiya_Divithura PS		GND	8569	46	2	0	0	0	15
LG-32011	Matara MC		GND	21128	36	129	16	1	5	27
LG-32021	Weligama UC		GND	4954	12	0	4	0	1	10
LG-32031	Akuressa PS		GND	14947	145	4	7	0	1	33
LG-32032	Devinuwara PS		GND	13249	60	7	7	0	1	27
LG-32033	Dickwella PS		GND	15027	79	3	6	0	2	65
LG-32034	Hakmana PS		GND	9090	70	2	0	0	0	11
LG-32035	Kamburupitiya PS		GND	21498	100	49	6	0	2	45
LG-32036	Kotapola PS		GND	17654	206	7	14	0	1	51
LG-32037	Malimbada PS		GND	10130	86	19	8	0	0	29
LG-32038	Matara PS		GND	10845	46	18	13	0	1	18
LG-32039	Mulatiyana PS		GND	14481	105	3	2	1	1	22
LG-32040	Pasgoda PS		GND	17854	324	4	11	0	1	59
LG-32042	Weligama PS		GND	29220	212	13	10	1	1	77
LG-32043	Pitadeddara PS		GND	14360	230	5	11	0	1	45
LG-32044	Athuraliya PS		GND	8971	71	1	3	1	1	18
LG-32045	Kirinda Puhulwella PS		GND	5761	46	5	0	0	0	2
LG-33011	Hambantota MC		GND	6895	106	2	9	0	2	60
LG-33021	Tangalle UC		GND	2091	11	1	1	0	0	3
LG-33031	Ambalantota PS		GND	21921	309	18	13	1	4	149
LG-33032	Angunakolapelessa PS		GND	15083	271	4	7	0	2	65
LG-33033	Beliatta PS		GND	16335	182	10	6	0	4	49
LG-33034	Hambantota PS		GND	10845	195	7	44	0	2	141
LG-33035	Katuwana PS		GND	21487	488	2	10	0	4	110
LG-33036	Lunugamvehera PS		GND	10073	205	4	12	1	0	120
LG-33037	Tangalle PS		GND	19505	281	15	13	0	1	110
LG-33038	Thissamaharama PS		GND	20505	292	6	41	0	6	176
LG-33039	Weeraketiya PS		GND	25381	411	5	6	0	0	89
LG-33040	Sooriyawewa PS		GND	13979	306	3	11	0	3	129
LG-41011	Jaffna MC		GND	21102	212	36	10	0	10	10
LG-41021	Chavakachcheri UC		GND	4593	49	3	13	0	1	10
LG-41022	Point Pedro UC		GND	3321	41	10	2	0	0	1
LG-41023	Valvettiturai UC/ Vadamaradchi South West PS		GND	2958	65	0	2	0	1	1
LG-41031	Chavakachcheri PS		GND	14068	343	6	5	1	0	4
LG-41032	Delft PS		GND	869	27	0	0	0	0	1
LG-41033	Kayts PS		GND	2560	82	1	3	0	0	0
LG-41034	Nallur PS		GND	9713	102	7	4	0	5	0
LG-41035	Point Pedro PS		GND	9881	292	6	7	0	54	12
LG-41036	Vadamaradchi South West PS		GND	10792	281	34	4	1	5	18
LG-41037	Valikamam East PS		GND	19270	483	24	4	0	6	25
LG-41038	Valikamam North PS		GND	11771	300	7	6	1	0	8
LG-41039	Valikamam South PS		GND	13033	192	28	4	0	3	8
LG-41040	Valikamam South West PS		GND	13834	334	7	7	0	2	12
LG-41041	Valikamam West PS		GND	11271	383	12	0	0	2	2
LG-41042	Velanai PS		GND	4198	223	2	3	0	0	8
LG-41043	Karainagar PS		GND	2583	57	0	1	0	0	0
LG-42021	Mannar UC		GND	5905	90	5	0	1	5	14
LG-42031	Mannar PS		GND	8432	217	4	2	2	5	14
LG-42032	Manthai West PS		GND	6654	307	6	4	1	2	25
LG-42033	Musali PS		GND	4284	121	1	1	0	0	1
LG-42034	Nanattan PS		GND	6001	205	3	4	1	5	8
LG-43011	Vavuniya MC/ Vavuniya South (Tamil) PS		GND	11386	152	9	3	1	6	0
LG-43031	Vavuniya North PS		GND	4068	231	0	13	1	0	5
LG-43032	Vavuniya South (Sinhala) PS		GND	4512	77	1	4	0	1	2
LG-43033	Vavuniya South (Tamil) PS		GND	20152	582	2	18	1	7	44
LG-43034	Vengalacheddikulam PS		GND	6848	250	1	6	0	0	16
LG-44031	Vavuniya North PS		GND	1810	70	2	5	0	0	0
LG-44041	Manthai East PS		GND	2091	71	3	15	0	1	1
LG-44042	Maritimepattu PS		GND	11238	463	17	33	0	3	6
LG-44043	Puthukudiyiruppu PS		GND	15141	735	20	50	1	6	85
LG-44044	Thunukkai PS		GND	2766	79	4	9	0	0	2
LG-45031	Karachchi PS		GND	25304	1091	10	33	0	24	31
LG-45032	Pachchillaipalli PS		GND	3620	237	6	6	0	0	3
LG-45033	Poonagari PS		GND	5880	454	7	12	0	2	14
LG-51001	Eravur Pattu PS		GND	1369	32	0	0	0	0	0
LG-51002	Eravur Pattu PS		GND	1671	98	0	1	0	0	18
LG-51003	Eravur Pattu PS		GND	1763	26	0	0	0	1	0
LG-51004	Eravur Pattu PS		GND	1953	28	0	0	0	1	0
LG-51005	Koralai Pattu PS		GND	2110	100	0	1	0	0	2
LG-51006	Koralai Pattu PS		GND	4037	320	0	1	0	0	3
LG-51007	Koralai Pattu PS		GND	3828	499	1	0	0	0	2
LG-51008	Eravur Pattu PS		GND	1083	110	0	1	0	0	3
LG-51009	Eravur Pattu PS		GND	1473	265	0	0	0	0	0
LG-51010	Koralai Pattu PS		GND	2191	129	0	0	0	3	0
LG-51011	Koralai Pattu PS		GND	29662	816	58	10	1	11	24
LG-51012	Eravur Pattu PS		GND	1201	70	0	0	0	0	0
LG-51013	Eravur Pattu PS		GND	1026	23	2	0	0	0	0
LG-51014	Eravur Pattu PS		GND	1609	239	0	5	0	0	3
LG-51015	Eravur Pattu PS		GND	222	47	0	2	0	0	0
LG-51016	Eravur Pattu PS		GND	1282	216	4	0	0	0	0
LG-51017	Eravur Pattu PS		GND	603	93	0	0	0	0	0
LG-51018	Eravur Pattu PS		GND	489	10	0	0	0	1	0
LG-51021	Kattankudy UC		GND	12971	116	47	3	1	5	46
LG-51022	Eravur UC		GND	6181	67	5	1	0	1	5
LG-51034	Koralai Pattu PS		GND	13265	1105	2	7	0	8	31
LG-51035	Koralai Pattu North PS		GND	7207	1312	5	6	1	1	12
LG-51036	Koralai Pattu West PS		GND	8940	362	0	4	0	0	35
LG-51037	Manmunaipattu PS		GND	10147	251	8	10	0	3	14
LG-51038	Manmunai South & Eruvil Pattu PS		GND	16912	390	4	1	0	0	8
LG-51039	Manmunai South-West PS		GND	7258	483	2	1	0	2	21
LG-51040	Manmunai West (Vavunativu) PS		GND	8683	1021	1	3	2	4	8
LG-51041	Porativepattu PS		GND	10772	649	0	1	0	1	44
LG-52011	Kalmunai MC		GND	31380	453	72	4	1	12	23
LG-52012	Akkaraipattu MC		GND	9816	123	3	0	1	2	12
LG-52021	Ampara UC/ Namaloya PS		GND	7239	59	5	2	0	1	9
LG-52031	Addalachchanai PS		GND	13099	342	8	10	2	2	40
LG-52032	Alayadiwembu PS		GND	6713	383	0	1	0	2	5
LG-52033	Damana PS		GND	10206	224	3	5	0	1	68
LG-52034	Dehiattakandiya PS		GND	18267	304	6	8	0	0	42
LG-52036	Akkaraipattu PS		GND	2270	69	1	0	0	0	3
LG-52037	Lahugala PS		GND	2784	108	1	3	0	6	1
LG-52038	Mahaoya PS		GND	6462	468	6	9	0	0	33
LG-52039	Namaloya PS		GND	6748	149	1	4	0	0	18
LG-52040	Ninthavur PS		GND	8658	141	55	0	0	0	30
LG-52041	Padiyathalawa  PS		GND	5821	411	2	11	0	2	22
LG-52042	Pothuvil  PS		GND	11184	617	2	9	0	3	35
LG-52043	Sammanthurai PS		GND	19213	246	11	5	1	4	239
LG-52044	Thirukkovili PS		GND	7844	518	5	1	0	0	1
LG-52045	Uhana PS		GND	16927	364	7	25	0	0	76
LG-52046	Karathivu PS		GND	5227	117	3	0	0	0	0
LG-52047	Navithanveli PS		GND	6093	294	0	1	0	0	6
LG-52048	Irakkamam PS		GND	4494	149	3	26	0	1	1
LG-53011	Trincomalee MC		GND	14056	149	7	2	0	6	15
LG-53022	Kinniya UC		GND	10660	230	11	1	1	2	32
LG-53031	Gomarankadawala PS		GND	2371	94	1	1	0	0	0
LG-53032	Kanthale PS		GND	14138	266	4	3	1	0	87
LG-53033	Kinniya PS		GND	10542	534	9	2	0	6	109
LG-53034	Kuchchaveli PS		GND	10974	309	4	0	0	2	24
LG-53035	Morawewa PS		GND	2672	74	1	1	0	0	4
LG-53036	Muttur PS		GND	18578	845	9	5	4	2	59
LG-53037	Padavi Sri Pura PS		GND	3382	54	0	2	0	0	1
LG-53038	Seruvila PS		GND	4528	147	2	3	1	0	23
LG-53039	Thambalagamuwa PS		GND	9151	301	4	3	0	2	44
LG-53040	Trincomalee Town and Gravets  PS		GND	13109	280	4	6	0	1	33
LG-53041	Verugal PS		GND	3575	320	4	2	0	3	56
LG-61011	Kurunegala MC		GND	6351	43	44	15	0	1	14
LG-61021	Kuliyapitiya UC/ Kuliyapitiya PS		GND	1386	7	5	1	0	0	2
LG-61031	Alawwa PS		GND	18647	411	5	14	0	0	30
LG-61032	Bingiriya PS		GND	19300	371	3	15	0	3	27
LG-61033	Galgamuwa PS		GND	25660	561	8	28	0	4	25
LG-61034	Giribawa PS		GND	10205	271	11	22	0	1	12
LG-61035	Ibbagamuwa PS		GND	39174	642	23	58	0	4	51
LG-61036	Kobeigane PS		GND	11536	226	3	10	0	0	6
LG-61037	Kuliyapitiya PS		GND	38671	557	23	24	1	3	55
LG-61038	Kurunegala PS		GND	45585	627	73	62	2	4	68
LG-61039	Maho PS		GND	26350	557	17	41	0	2	24
LG-61040	Mawathagama PS		GND	19652	235	5	15	0	1	44
LG-61041	Nikaweratiya PS		GND	26510	596	11	47	0	2	39
LG-61042	Panduwasnuwara PS		GND	29205	454	10	17	0	1	45
LG-61043	Pannala PS		GND	38461	491	19	23	0	3	37
LG-61044	Polgahawela PS		GND	29624	324	5	20	0	2	25
LG-61045	Polpithigama PS		GND	24948	602	9	33	0	1	39
LG-61046	Rideegama PS		GND	26788	387	12	14	0	2	27
LG-61047	Wariyapola PS		GND	30813	538	9	33	1	1	43
LG-61048	Udubaddawa PS		GND	15685	159	9	8	0	0	24
LG-61049	Narammala PS		GND	16748	273	9	9	0	2	35
LG-62011	Puttalam MC		GND	12533	148	2	12	1	0	17
LG-62021	Chilaw UC		GND	5988	44	9	3	0	0	12
LG-62031	Anamaduwa PS		GND	24864	823	14	103	2	1	26
LG-62032	Arachchikattuwa PS		GND	18589	283	5	14	3	2	39
LG-62033	Chilaw PS		GND	27077	275	11	5	1	3	21
LG-62034	Kalpitiya PS		GND	32703	1328	31	318	12	110	45
LG-62035	Karuwalagaswewa PS		GND	7718	265	10	19	0	1	11
LG-62036	Nattandiya PS		GND	33396	365	71	181	1	6	33
LG-62037	Nawagattegama PS		GND	5082	187	6	13	0	0	13
LG-62038	Puttalam PS		GND	15884	512	11	23	0	1	69
LG-62039	Vanathawilluwa PS		GND	5504	345	8	43	3	3	4
LG-62040	Wennappuwa PS		GND	38423	225	62	9	1	0	42
LG-71011	Anuradhapura MC/ Nuwaragam Palatha Central PS		GND	19191	168	29	14	0	6	22
LG-71031	Galenbindunuwewa PS		GND	14167	263	6	12	0	0	10
LG-71032	Galnewa PS		GND	11274	175	4	14	1	0	22
LG-71033	Horowpothana PS		GND	11007	268	4	28	2	2	28
LG-71034	Ipalogama PS		GND	12205	268	3	7	0	1	17
LG-71035	Kahatagasdigiliya PS		GND	12480	368	3	11	0	0	10
LG-71036	Kebithigollewa PS		GND	7511	167	5	6	1	1	11
LG-71037	Kekirawa PS		GND	23000	464	6	24	1	2	44
LG-71038	Medawachchiya PS		GND	14862	436	1	15	0	1	31
LG-71039	Mihinthale PS		GND	9950	243	4	9	0	0	16
LG-71040	Nochchiyagama PS		GND	15730	296	5	18	1	2	40
LG-71041	Nuwaragam Palatha Central PS		GND	20904	754	14	43	1	1	25
LG-71042	Nuwaragam Palatha East PS		GND	15549	322	14	12	0	0	38
LG-71043	Padaviya PS		GND	7071	126	2	10	0	0	2
LG-71044	Palagala PS		GND	10825	295	12	11	0	1	25
LG-71045	Rajanganaya PS		GND	10502	197	0	16	0	0	19
LG-71046	Rambewa PS		GND	11269	291	4	23	0	1	12
LG-71047	Thalawa PS		GND	30750	537	8	17	1	1	71
LG-71048	Nuwaragam Palatha East PS		GND	9995	270	4	22	0	0	24
LG-72011	Polonnaruwa MC		GND	9847	69	5	0	1	1	30
LG-72031	Dimbulagala PS		GND	23680	578	11	46	0	1	38
LG-72032	Elahera PS		GND	13877	308	8	20	0	1	8
LG-72033	Hingurakgoda PS		GND	19913	344	26	11	0	1	24
LG-72034	Lankapura PS		GND	11179	251	0	2	1	2	14
LG-72035	Medirigiriya PS		GND	20168	338	6	25	0	1	61
LG-72037	Welikanda PS		GND	10554	461	10	13	1	0	12
LG-72038	Polonnaruwa PS		GND	15111	237	12	11	1	5	61
LG-81011	Badulla MC		GND	12166	56	4	2	0	1	17
LG-81012	Bandarawela MC/ Bandarawela  PS		GND	9993	41	0	1	0	1	8
LG-81022	Haputale  UC/ Haputale  PS		GND	2325	60	1	0	0	1	5
LG-81031	Badulla PS		GND	9759	139	1	2	0	1	12
LG-81032	Bandarawela  PS		GND	9217	91	3	4	0	0	15
LG-81033	Ella  PS		GND	12717	214	9	5	0	1	23
LG-81034	Haldummulla  PS		GND	10847	329	43	24	0	0	22
LG-81035	Hali-Ela  PS		GND	26830	476	4	16	0	2	69
LG-81036	Haputale  PS		GND	11405	180	3	2	0	1	9
LG-81037	Kandaketiya PS		GND	7645	160	1	10	0	0	8
LG-81038	Mahiyanganaya PS		GND	24933	571	16	20	0	4	35
LG-81039	Meegahaivula PS		GND	6393	179	2	3	0	0	6
LG-81040	Passara PS		GND	13936	244	2	3	0	2	40
LG-81041	Rideemaliyadda PS		GND	16818	480	6	31	3	0	18
LG-81042	Soranathota PS		GND	7032	146	0	1	0	1	15
LG-81043	Uva Paranagama  PS		GND	22865	361	2	36	0	3	32
LG-81044	Welimada  PS		GND	29051	460	9	31	1	6	62
LG-81045	Lunugala PS		GND	9067	312	6	10	0	0	27
LG-82031	Badalkumbura PS		GND	12992	215	2	13	1	1	38
LG-82032	Bibila PS		GND	13294	384	3	12	0	0	22
LG-82033	Buttala PS		GND	17039	431	10	106	0	65	55
LG-82034	Katharagama PS		GND	5138	169	2	6	0	0	80
LG-82035	Madulla PS		GND	9992	309	7	6	0	0	12
LG-82036	Medagama PS		GND	12062	353	4	21	1	0	29
LG-82037	Moneragala PS		GND	15543	386	7	23	0	1	21
LG-82038	Siyambalanduwa PS		GND	17134	600	10	63	0	0	58
LG-82039	Thanamalvila PS		GND	22656	577	17	67	0	0	136
LG-82040	Wellawaya PS		GND	20733	633	9	53	2	2	158
LG-91011	Ratnapura MC/ Ratnapura PS		GND	15382	151	9	5	1	4	29
LG-91021	Balangoda UC/ Imbulpe PS		GND	10251	104	4	11	0	3	17
LG-91022	Embilipitiya UC		GND	11798	115	13	13	0	0	43
LG-91032	Ayagama PS		GND	8477	364	7	26	0	1	22
LG-91033	Balangoda PS		GND	15447	358	7	34	0	2	26
LG-91034	Eheliyagoda PS		GND	20053	317	10	6	0	2	55
LG-91035	Embilipitiya PS		GND	32894	862	12	23	1	0	191
LG-91036	Imbulpe PS		GND	17341	333	4	28	0	0	22
LG-91037	Kalawana PS		GND	14807	293	6	36	0	1	37
LG-91038	Kolonna PS		GND	14521	285	9	16	0	0	23
LG-91039	Kuruvita PS		GND	36007	564	8	28	0	0	92
LG-91040	Nivithigala PS		GND	26811	725	9	23	0	3	115
LG-91041	Pelmadulla PS		GND	24872	475	8	26	0	128	117
LG-91042	Ratnapura PS		GND	17994	442	14	17	1	6	42
LG-91043	Weligepola PS		GND	18276	419	5	39	1	0	76
LG-91044	Godakawela PS		GND	22240	511	8	30	1	15	103
LG-91045	Kahawatta PS		GND	12092	338	2	7	0	0	43
LG-92011	Kegalle MC		GND	4444	11	11	9	0	0	16
LG-92031	Aranayaka  PS		GND	19731	271	1	10	0	2	47
LG-92032	Dehiovita PS		GND	22941	414	3	5	0	3	37
LG-92033	Deraniyagala PS		GND	12744	291	4	12	0	1	28
LG-92034	Galigamuwa PS		GND	20912	270	5	9	0	1	27
LG-92035	Kegalle PS		GND	21939	321	5	9	0	1	59
LG-92036	Mawanella PS		GND	32945	295	17	8	0	2	66
LG-92037	Rambukkana PS		GND	24511	263	7	8	0	2	51
LG-92038	Ruwanwella  PS		GND	17872	367	5	81	1	5	39
LG-92039	Warakapola PS		GND	31815	494	5	12	2	5	46
LG-92040	Yatiyanthota PS		GND	17108	379	5	8	0	3	38
LG-92041	Bulathkohupitiya PS		GND	12673	275	0	3	0	3	24
LK	Sri Lanka	Sri Lanka	COUNTRY	5987585	95150	8093	5817	244	1230	13196
LK-1	Western	Western	PROVINCE	1682433	10565	5206	1514	121	288	3293
LK-11	Colombo	Colombo	DISTRICT	653295	3366	2900	831	58	192	1180
LK-1103	Colombo	Colombo	DSD	71320	764	62	4	3	29	297
LK-1103005	Sammanthranapura	Sammanthranapura	GND	1817	24	0	0	0	0	18
LK-1103010	Mattakkuliya	Mattakkuliya	GND	6859	62	22	2	0	1	11
LK-1103015	Modara	Modara	GND	7752	36	0	0	0	10	11
LK-1103020	Madampitiya	Madampitiya	GND	1803	61	0	0	0	0	40
LK-1103025	Mahawatta	Mahawatta	GND	1796	29	0	1	0	0	7
LK-1103030	Aluthmawatha	Aluthmawatha	GND	3581	60	8	0	2	0	34
LK-1103035	Lunupokuna	Lunupokuna	GND	3207	125	1	0	0	0	38
LK-1103040	Bloemendhal	Bloemendhal	GND	1996	111	4	0	0	10	1
LK-1103045	Kotahena East	Kotahena East	GND	1678	3	0	0	0	0	0
LK-1103050	Kotahena West	Kotahena West	GND	2574	27	3	0	0	0	0
LK-1103055	Kochchikade North	Kochchikade North	GND	1651	6	0	0	0	0	0
LK-1103060	Jinthupitiya	Jinthupitiya	GND	2235	8	0	0	0	0	0
LK-1103065	Masangasweediya	Masangasweediya	GND	1521	11	14	0	0	2	7
LK-1103070	New Bazaar	New Bazaar	GND	2644	26	1	0	0	0	48
LK-1103075	Grandpass South	Grandpass South	GND	3507	23	2	0	1	0	22
LK-1103080	Grandpass North	Grandpass North	GND	2362	15	1	0	0	0	2
LK-1103085	Nawagampura	Nawagampura	GND	1815	23	0	0	0	0	6
LK-1103090	Maligawatta East	Maligawatta East	GND	2490	21	0	1	0	1	21
LK-1103095	Khettarama	Khettarama	GND	2891	11	0	0	0	0	6
LK-1103100	Aluthkade East	Aluthkade East	GND	1879	6	0	0	0	0	0
LK-1103105	Aluthkade West	Aluthkade West	GND	1180	2	0	0	0	0	5
LK-1103110	Kochchikade South	Kochchikade South	GND	1614	15	1	0	0	0	0
LK-1103115	Pettah	Pettah	GND	11	0	0	0	0	0	0
LK-1103120	Fort	Fort	GND	167	1	0	0	0	1	2
LK-1103125	Galle Face	Galle Face	GND	845	4	1	0	0	0	2
LK-1103130	Slave Island	Kompagngnaweediya	GND	673	0	0	0	0	0	0
LK-1103135	Hunupitiya	Hunupitiya	GND	863	14	0	0	0	0	1
LK-1103140	Suduwella	Suduwella	GND	767	0	0	0	0	0	3
LK-1103145	Keselwatta	Keselwatta	GND	1342	8	0	0	0	0	2
LK-1103150	Panchikawatta	Panchikawatta	GND	1646	8	0	0	0	0	4
LK-1103155	Maligawatta West	Maligawatta West	GND	1729	0	1	0	0	0	0
LK-1103160	Maligakanda	Maligakanda	GND	1650	4	1	0	0	0	1
LK-1103165	Maradana	Maradana	GND	830	0	0	0	0	0	1
LK-1103170	Ibbanwala	Ibbanwala	GND	737	2	0	0	0	4	3
LK-1103175	Wekanda	Wekanda	GND	1208	18	2	0	0	0	1
LK-1106	Kolonnawa	Kolonnawa	DSD	55864	428	127	82	5	3	247
LK-1106005	Wadulla	Wadulla	GND	1758	62	0	0	0	1	73
LK-1106010	Sedawatta	Sedawatta	GND	1566	49	0	0	0	0	25
LK-1106015	Halmulla	Halmulla	GND	669	1	0	0	0	0	2
LK-1106020	Kotuvila	Kotuvila	GND	1427	0	3	0	0	0	5
LK-1106025	Veheragoda	Veheragoda	GND	496	13	1	0	0	0	2
LK-1106030	Orugodawatta	Orugodawatta	GND	1227	3	0	0	0	0	0
LK-1106035	Meethotamulla	Meethotamulla	GND	2148	18	0	0	0	0	17
LK-1106040	Welewatta	Welewatta	GND	1738	1	1	1	0	1	1
LK-1106045	Kittampahuwa	Kittampahuwa	GND	1599	36	0	1	1	1	0
LK-1106050	Wennawatta	Wennawatta	GND	2431	8	2	0	0	0	5
LK-1106055	Maha Buthgamuwa B	Maha Buthgamuwa B	GND	1322	0	0	0	0	0	1
LK-1106060	Kuda Buthgamuwa	Kuda Buthgamuwa	GND	1399	1	0	0	0	0	1
LK-1106065	Kelanimulla	Kelanimulla	GND	1085	12	0	0	0	0	15
LK-1106070	Ambathale	Ambathale	GND	950	4	1	0	0	0	1
LK-1106075	Mulleriyawa North	Mulleriyawa North	GND	1484	17	5	1	1	0	3
LK-1106080	Belagama	Belagama	GND	1107	2	6	3	0	0	1
LK-1106085	Kotikawatta East	Kotikawatta East	GND	1132	10	1	0	0	0	8
LK-1106090	Maha Buthgamuwa A	Maha Buthgamuwa A	GND	988	0	3	2	0	0	1
LK-1106095	Maha Buthgamuwa C	Maha Buthgamuwa C	GND	1324	5	2	2	0	0	2
LK-1106100	Wellampitiya	Wellampitiya	GND	522	1	10	0	0	0	2
LK-1106105	Kuruniyawatta	Kuruniyawatta	GND	954	12	1	0	0	0	18
LK-1106110	Kolonnawa	Kolonnawa	GND	541	6	0	0	0	0	6
LK-1106115	Dahampura	Dahampura	GND	791	10	26	62	1	0	7
LK-1106120	Singhapura	Singhapura	GND	1324	10	2	0	2	0	1
LK-1106125	Megoda Kolonnawa	Megoda Kolonnawa	GND	3340	27	0	1	0	0	9
LK-1106130	Bopetta	Bopetta	GND	1094	20	0	0	0	0	0
LK-1106135	Batalandahena	Batalandahena	GND	1305	7	6	1	0	0	0
LK-1106140	Kotikawatta West	Kotikawatta West	GND	888	2	6	0	0	0	0
LK-1106145	Mulleriyawa South	Mulleriyawa South	GND	1362	19	7	1	0	0	5
LK-1106150	Malgama	Malgama	GND	1555	3	16	2	0	0	4
LK-1106155	Udumulla North	Udumulla North	GND	797	11	2	0	0	0	2
LK-1106160	Maligagodella	Maligagodella	GND	703	4	2	0	0	0	2
LK-1106165	Rajasinghagama	Rajasinghagama	GND	2079	0	1	3	0	0	1
LK-1106170	Udumulla South	Udumulla South	GND	779	1	2	0	0	0	0
LK-1106175	Himbutana East	Himbutana East	GND	1121	1	7	0	0	0	1
LK-1106180	Himbutana West	Himbutana West	GND	1092	0	0	0	0	0	1
LK-1106185	Malpura	Malpura	GND	1242	14	2	0	0	0	9
LK-1106190	Gothatuwa New Town	Gothatuwa New Town	GND	588	3	5	1	0	0	2
LK-1106195	Kajugahawatta	Kajugahawatta	GND	691	0	0	0	0	0	2
LK-1106200	Gothatuwa	Gothatuwa	GND	751	1	0	1	0	0	1
LK-1106205	Salamulla	Salamulla	GND	2302	17	0	0	0	0	2
LK-1106210	Wijayapura	Wijayapura	GND	956	3	3	0	0	0	2
LK-1106215	Gajabapura	Gajabapura	GND	634	1	0	0	0	0	1
LK-1106220	Madinnagoda	Madinnagoda	GND	967	8	0	0	0	0	5
LK-1106225	Elhena	Elhena	GND	627	0	2	0	0	0	1
LK-1106230	Dodamgahahena	Dodamgahahena	GND	1009	5	2	0	0	0	0
LK-1109	Kaduwela	Kaduwela	DSD	79401	194	522	155	3	12	86
LK-1109005	Welivita	Welivita	GND	1437	3	2	0	0	0	2
LK-1109010	Raggahawatta	Raggahawatta	GND	1178	1	1	1	0	1	1
LK-1109015	Hewagama	Hewagama	GND	1313	3	1	0	0	0	1
LK-1109020	Kaduwela	Kaduwela	GND	1165	2	0	0	0	0	1
LK-1109025	Pahala Bomiriya A	Pahala Bomiriya	GND	1459	4	2	0	0	0	0
LK-1109030	Ihala Bomiriya	Ihala Bomiriya	GND	1309	10	0	0	0	0	1
LK-1109035	Wekewatta	Wekewatta	GND	1228	12	0	0	0	0	7
LK-1109040	Nawagamuwa	Nawagamuwa	GND	1653	5	1	0	0	0	5
LK-1109045	Pahala Bomiriya B	Pahala Bomiriya B	GND	1372	5	4	0	0	0	0
LK-1109050	Welihinda	Welihinda	GND	765	2	0	0	0	0	0
LK-1109055	Kothalawala	Kothalawala	GND	1993	1	11	1	0	0	0
LK-1109060	Mahadeniya	Mahadeniya	GND	2238	3	2	0	1	2	4
LK-1109065	Thalahena North	Thalahena North	GND	1061	4	0	1	0	0	0
LK-1109070	Malabe North	Malabe North	GND	2074	4	35	2	1	1	0
LK-1109075	Thunadahena	Thunadahena	GND	1742	15	4	2	0	0	10
LK-1109080	Korathota	Korathota	GND	3314	5	7	0	0	0	1
LK-1109085	Nawagamuwa South	Nawagamuwa South	GND	959	2	5	0	0	0	9
LK-1109090	Batewela	Batewela	GND	989	6	1	0	0	0	0
LK-1109095	Ranala	Ranala	GND	1679	7	0	0	0	1	0
LK-1109100	Dedigamuwa	Dedigamuwa	GND	761	1	0	0	0	0	1
LK-1109105	Embilladeniya	Embilladeniya	GND	679	4	0	0	0	0	0
LK-1109110	Welipillewa	Welipillewa	GND	905	1	0	0	0	0	0
LK-1109115	Shanthalokagama	Shanthalokagama	GND	2527	4	7	2	0	0	4
LK-1109120	Pore	Pore	GND	1717	4	8	1	0	0	1
LK-1109125	Malabe East	Malabe East	GND	1904	3	46	30	0	0	0
LK-1109130	Malabe West	Malabe West	GND	1659	0	30	4	0	0	3
LK-1109135	Thalangama North B	Thalangama North B	GND	1126	1	36	2	0	0	0
LK-1109140	Thalahena South	Thalahena South	GND	828	1	0	1	0	0	5
LK-1109145	Muttettugoda	Muttettugoda	GND	1976	3	6	2	0	0	0
LK-1109150	Thalangama North A	Thalangama North A	GND	2620	7	9	3	0	0	5
LK-1109155	Walpola	Walpola	GND	2276	6	1	23	0	1	1
LK-1109160	Kalapaluwawa	Kalapaluwawa	GND	1101	2	5	2	0	0	3
LK-1109165	Kotuwegoda	Kotuwegoda	GND	1090	2	35	0	0	1	0
LK-1109170	Subhoothipura	Subhoothipura	GND	611	2	6	3	0	0	0
LK-1109175	Udumulla	Udumulla	GND	687	0	2	1	0	0	1
LK-1109180	Battaramulla North	Battaramulla North	GND	660	0	18	0	0	0	1
LK-1109185	Batapotha	Batapotha	GND	2124	4	15	2	0	0	2
LK-1109190	Pothuarawa	Pothuarawa	GND	2348	1	4	39	0	0	1
LK-1109195	Hokandara North	Hokandara North	GND	2006	5	24	4	0	0	5
LK-1109200	Oruwala	Oruwala	GND	1375	2	1	0	0	0	0
LK-1109205	Athurugiriya	Athurugiriya	GND	1798	20	8	1	0	0	0
LK-1109210	Thaldiyawala	Thaldiyawala	GND	1106	4	0	0	0	1	0
LK-1109215	Boralugoda	Boralugoda	GND	1033	2	1	4	0	0	1
LK-1109220	Hokandara East	Hokandara East	GND	2007	5	7	1	0	0	3
LK-1109225	Arangala	Arangala	GND	1607	3	9	5	0	0	1
LK-1109230	Evarihena	Evarihena	GND	870	0	0	0	0	0	0
LK-1109235	Kumaragewatta	Kumaragewatta	GND	1302	6	21	6	0	2	0
LK-1109240	Jayawadanagama	Jayawadanagama	GND	740	0	3	1	1	2	3
LK-1109245	Aruppitiya	Aruppitiya	GND	605	0	7	0	0	0	0
LK-1109250	Asiri Uyana	Asiri Uyana	GND	784	0	74	0	0	0	0
LK-1109255	Battaramulla South	Battaramulla South	GND	468	0	4	0	0	0	1
LK-1109260	Rajamalwatta	Rajamalwatta	GND	470	0	12	0	0	0	0
LK-1109265	Pahalawela	Pahalawela	GND	1194	1	1	2	0	0	1
LK-1109270	Wickramasinghapura	Wickramasinghapura	GND	1008	1	23	2	0	0	0
LK-1109275	Wellangiriya	Wellangiriya	GND	1365	2	7	4	0	0	0
LK-1109280	Hokandara South	Hokandara South	GND	1841	1	10	0	0	0	1
LK-1109285	Athurugiriya South	Athurugiriya South	GND	1295	2	6	3	0	0	0
LK-1112	Homagama	Homagama	DSD	79855	220	111	52	6	3	51
LK-1112005	Jalthara	Jalthara	GND	2616	4	0	2	2	0	6
LK-1112010	Henpita	Henpita	GND	532	3	1	0	0	0	0
LK-1112015	Atigala West	Atigala West	GND	596	4	0	0	0	0	1
LK-1112020	Atigala East	Atigala East	GND	664	5	1	0	0	0	5
LK-1112025	Batawala	Batawala	GND	761	2	0	0	0	0	1
LK-1112030	Walpita	Walpita	GND	636	0	3	1	0	0	2
LK-1112035	Nawalamulla	Nawalamulla	GND	1109	3	0	0	0	0	2
LK-1112040	Meegasmulla	Meegasmulla	GND	1149	4	2	0	0	0	0
LK-1112045	Habarakada North	Habarakada North	GND	925	3	2	0	0	0	2
LK-1112050	Mullegama North	Mullegama North	GND	440	1	0	1	0	0	0
LK-1112055	Mullegama South	Mullegama South	GND	1168	5	1	0	0	0	1
LK-1112060	Habarakada South	Habarakada South	GND	878	2	0	1	0	0	0
LK-1112065	Panagoda Town	Panagoda Town	GND	504	0	0	0	0	0	0
LK-1112070	Henawatta	Henawatta	GND	2396	8	0	8	0	0	3
LK-1112075	Meegoda North	Meegoda North	GND	941	3	1	0	0	0	0
LK-1112080	Panaluwa	Panaluwa	GND	1550	6	1	2	0	0	0
LK-1112085	Watareka North	Watareka North	GND	1492	4	0	0	0	0	2
LK-1112090	Meegoda South	Meegoda South	GND	694	1	0	0	0	0	1
LK-1112095	Godagama North	Godagama North	GND	447	0	1	0	0	0	0
LK-1112100	Panagoda West	Panagoda West	GND	955	0	2	1	0	0	0
LK-1112105	Panagoda East	Panagoda East	GND	48	0	0	0	0	0	0
LK-1112110	Habarakada Watta	Habarakada Watta	GND	882	0	2	0	0	0	0
LK-1112115	Homagama North	Homagama North	GND	633	4	5	1	0	0	0
LK-1112120	Homagama West	Homagama West	GND	1088	2	1	0	0	0	0
LK-1112125	Homagama South	Homagama South	GND	1048	4	0	0	0	0	0
LK-1112130	Galavilawatta North	Galavilawatta North	GND	1026	1	0	2	0	0	1
LK-1112135	Homagama Town	Homagama Town	GND	660	0	1	0	0	0	0
LK-1112140	Homagama East	Homagama East	GND	713	0	2	4	0	0	0
LK-1112145	Pitipana Town	Pitipana Town	GND	849	1	0	0	0	0	1
LK-1112150	Godagama South	Godagama South	GND	1018	3	2	0	0	0	0
LK-1112155	Kurunduwatta	Kurunduwatta	GND	1243	5	0	0	0	0	2
LK-1112160	Gehenuwala	Gehenuwala	GND	577	0	0	0	0	0	1
LK-1112165	Watareka South	Watareka South	GND	2054	0	2	0	0	0	2
LK-1112170	Ovitigama	Ovitigama	GND	1505	7	0	0	0	0	1
LK-1112175	Kandanawatta	Kandanawatta	GND	976	0	1	0	0	0	0
LK-1112180	Kiriberiyakele	Kiriberiyakele	GND	952	4	0	1	0	0	0
LK-1112185	Mawathgama	Mawathgama	GND	838	0	0	0	0	0	3
LK-1112190	Katuwana	Katuwana	GND	1500	0	10	5	1	0	0
LK-1112195	Galavilawatta South	Galavilawatta South	GND	1045	0	6	2	0	0	0
LK-1112200	Niyandagala	Niyandagala	GND	1278	4	12	0	0	0	0
LK-1112205	Hiripitiya	Hiripitiya	GND	1556	5	1	1	0	0	1
LK-1112210	Mambulgoda	Mambulgoda	GND	847	1	0	1	0	0	1
LK-1112215	Kithulhena	Kithulhena	GND	513	2	0	0	0	0	0
LK-1112220	Siddamulla North	Siddamulla North	GND	742	1	7	1	0	0	0
LK-1112225	Siddamulla South	Siddamulla South	GND	768	3	1	2	1	0	0
LK-1112230	Mattegoda West	Mattegoda West	GND	1512	0	6	0	0	0	0
LK-1112235	Mattegoda Central 'A'	Mattegoda Central 'A'	GND	611	1	2	0	0	0	0
LK-1112240	Mattegoda East	Mattegoda East	GND	1128	2	2	0	0	0	0
LK-1112245	Brahmanagama	Brahmanagama	GND	1556	5	4	0	0	0	0
LK-1112250	Deepangoda	Deepangoda	GND	1073	2	0	1	0	1	1
LK-1112255	Magammana West	Magammana West	GND	945	1	0	0	0	0	0
LK-1112260	Magammana East	Magammana East	GND	1754	1	0	0	0	0	0
LK-1112265	Uduwana	Uduwana	GND	1227	4	2	1	0	0	0
LK-1112270	Prasannapura	Prasannapura	GND	916	4	1	0	0	0	2
LK-1112275	Pitipana North	Pitipana North	GND	1013	4	2	0	0	0	0
LK-1112280	Suwapubudugama	Suwapubudugama	GND	688	10	1	1	0	0	0
LK-1112285	Pitipana South	Pitipana South	GND	1022	2	1	0	0	0	0
LK-1112290	Dolahena	Dolahena	GND	1550	2	2	0	0	0	2
LK-1112295	Diyagama East	Diyagama East	GND	585	0	0	0	0	0	0
LK-1112300	Diyagama West	Diyagama West	GND	637	2	2	0	0	0	0
LK-1112305	Kirigampamunuwa	Kirigampamunuwa	GND	1095	21	0	0	0	0	0
LK-1112310	Mattegoda Central 'B'	Mattegoda Central 'B'	GND	869	2	3	5	0	0	0
LK-1112315	Siyambalagoda North	Siyambalagoda North	GND	1403	0	0	1	0	0	2
LK-1112320	Kudamaduwa	Kudamaduwa	GND	1050	0	1	0	0	0	0
LK-1112325	Sangharama	Sangharama	GND	715	0	0	0	0	0	0
LK-1112330	Siyambalagoda South	Siyambalagoda South	GND	740	2	0	0	0	0	0
LK-1112335	Rilawala	Rilawala	GND	559	1	1	0	0	1	0
LK-1112340	Kahathuduwa West	Kahathuduwa West	GND	907	2	0	0	1	0	0
LK-1112345	Kiriwattuduwa South	Kiriwattuduwa South	GND	1043	3	1	0	0	0	1
LK-1112350	Kiriwattuduwa North	Kiriwattuduwa North	GND	709	0	0	2	0	0	0
LK-1112355	Moonamale - Yakahaluwa	Moonamale - Yakahaluwa	GND	859	5	0	0	0	0	2
LK-1112360	Kithulavila	Kithulavila	GND	1258	2	0	0	0	0	0
LK-1112365	Kahathuduwa North	Kahathuduwa North	GND	1116	5	0	4	1	0	0
LK-1112370	Kahathuduwa East	Kahathuduwa East	GND	718	3	0	0	0	0	0
LK-1112375	Kahathuduwa South	Kahathuduwa South	GND	1070	1	0	1	0	1	0
LK-1112380	Undurugoda	Undurugoda	GND	451	2	7	0	0	0	0
LK-1112385	Wethara	Wethara	GND	553	6	1	0	0	0	0
LK-1112390	Ambalangoda	Ambalangoda	GND	732	1	0	0	0	0	0
LK-1112395	Heraliyawala	Heraliyawala	GND	339	1	3	0	0	0	1
LK-1112400	Palagama	Palagama	GND	885	10	0	0	0	0	1
LK-1112405	Weniwelkola	weniwelkola	GND	1755	8	1	0	0	0	0
LK-1115	Seethawaka	Seethawaka	DSD	34331	354	24	17	2	3	67
LK-1115005	Bollathawa	Bollathawa	GND	513	8	0	0	0	0	0
LK-1115010	Kanampella West	Kanampella West	GND	586	12	0	1	0	0	1
LK-1115015	Kanampella East	Kanampella East	GND	306	4	1	0	0	0	0
LK-1115020	Manakada	Manakada	GND	184	2	0	0	0	0	0
LK-1115025	Eswatta North	Eswatta North	GND	518	3	0	1	0	0	0
LK-1115030	Kiriwandala North	Kiriwandala North	GND	1156	28	0	2	0	1	11
LK-1115035	Kudagama	Kudagama	GND	623	5	1	0	0	0	1
LK-1115040	Weralupitiya	Weralupitiya	GND	258	0	0	0	0	0	0
LK-1115045	Seethagama	Seethagama	GND	879	1	0	0	2	0	0
LK-1115050	Avissawella	Avissawella	GND	506	1	0	0	0	0	0
LK-1115055	Ukwatta	Ukwatta	GND	840	3	0	0	0	1	1
LK-1115060	Agra Pedesa	Agra Pedesa	GND	551	1	2	0	0	0	0
LK-1115065	Eswatta South	Eswatta South	GND	529	1	0	0	0	0	1
LK-1115070	Ihala Kosgama North	Ihala Kosgama North	GND	877	7	0	0	0	0	0
LK-1115075	Thawalgoda	Thawalgoda	GND	469	0	1	0	0	0	0
LK-1115080	Muruthagama	Muruthagama	GND	333	5	0	0	0	1	0
LK-1115085	Akaravita	Akaravita	GND	405	8	1	0	0	0	0
LK-1115090	Kahatapitiya	Kahatapitiya	GND	337	6	0	0	0	0	0
LK-1115095	Kalu Aggala	Kalu Aggala	GND	390	5	1	0	0	0	1
LK-1115100	Salawa	Salawa	GND	695	5	2	0	0	0	9
LK-1115105	Pahala Kosgama West	Pahala Kosgama west	GND	635	4	0	0	0	0	2
LK-1115110	Pahala Kosgama East	Pahala Kosgama East	GND	662	3	0	0	0	0	0
LK-1115115	Ihala Kosgama South	Ihala Kosgama South	GND	473	6	0	0	0	0	1
LK-1115120	Miriswatta	Miriswatta	GND	700	8	3	0	0	0	0
LK-1115125	Aluth Ambalama	Aluth Ambalama	GND	530	8	0	0	0	0	2
LK-1115130	Kiriwandala South	Kiriwandala South	GND	791	3	0	0	0	0	0
LK-1115135	Kotahera	Kotahera	GND	431	2	1	0	0	0	3
LK-1115140	Seethawaka	Seethawaka	GND	489	0	0	0	0	0	0
LK-1115145	Aradhana Kanda	Aradhana Kanda	GND	823	1	0	0	0	0	0
LK-1115150	Puwakpitiya South	Puwakpitiya South	GND	1020	6	0	0	0	0	3
LK-1115155	Puwakpitiya	Puwakpitiya	GND	368	0	0	0	0	0	0
LK-1115160	Egodagama	Egodagama	GND	443	0	0	0	0	0	0
LK-1115165	Weragolla North	Weragolla North	GND	635	2	0	0	0	0	0
LK-1115170	Hingurala	Hingurala	GND	607	10	0	0	0	0	1
LK-1115175	Kadugoda North	Kadugoda North	GND	527	4	0	3	0	0	0
LK-1115180	Mawalgama	Mawalgama	GND	587	6	0	1	0	0	1
LK-1115185	Suduwella	Suduwella	GND	1118	6	1	0	0	0	2
LK-1115190	Gira Imbula	Gira Imbula	GND	275	11	0	0	0	0	0
LK-1115195	Walawwatta	Walawwatta	GND	370	33	0	1	0	0	3
LK-1115200	Pahala Hanwella	Pahala Hanwella	GND	385	2	0	0	0	0	0
LK-1115205	Hanwella Town	Hanwella Town	GND	799	7	1	1	0	0	1
LK-1115210	Ihala Hanwella North	Ihala Hanwella North	GND	423	3	1	0	0	0	1
LK-1115215	Niripola	Niripola	GND	453	3	1	0	0	0	1
LK-1115220	Brandigampala	Brandigampala	GND	345	5	0	0	0	0	1
LK-1115225	Kadugoda South	Kadugoda South	GND	507	9	2	0	0	0	0
LK-1115230	Weragolla South	Weragolla South	GND	310	3	0	0	0	0	0
LK-1115235	Digana	Digana	GND	475	14	0	0	0	0	0
LK-1115240	Lahirugama	Lahirugama	GND	582	1	0	0	0	0	1
LK-1115245	Mambula	Mambula	GND	311	6	1	0	0	0	1
LK-1115250	Welikanna	Welikanna	GND	430	1	0	2	0	0	0
LK-1115255	Kahahena	Kahahena	GND	463	1	0	0	0	0	2
LK-1115260	Neluwattuduwa	Neluwattuduwa	GND	200	1	2	0	0	0	0
LK-1115265	Diddeniya North	Diddeniya North	GND	472	6	2	0	0	0	0
LK-1115270	Ihala Hanwella South	Ihala Hanwella South	GND	282	0	0	0	0	0	0
LK-1115275	Pahathgama	Pahathgama	GND	521	4	0	0	0	0	1
LK-1115280	Jayaweeragoda	Jayaweeragoda	GND	623	10	0	0	0	0	1
LK-1115285	Koodaluvila	Koodaluvila	GND	888	2	0	0	0	0	1
LK-1115290	Thunnana East	Thunnana East	GND	234	5	0	0	0	0	3
LK-1115295	Diddeniya South	Diddeniya South	GND	396	2	0	2	0	0	4
LK-1115300	Elamalawala	Elamalawala	GND	183	6	0	0	0	0	0
LK-1115305	Ilukovita	Ilukovita	GND	139	6	0	0	0	0	0
LK-1115310	Koswatta	Koswatta	GND	195	3	0	0	0	0	0
LK-1115315	Pagngnagula	Pagngnagula	GND	192	3	0	0	0	0	0
LK-1115320	Pelpola	Pelpola	GND	208	2	0	2	0	0	1
LK-1115325	Kudakanda	Kudakanda	GND	393	5	0	0	0	0	1
LK-1115330	Thunnana West	Thunnana West	GND	522	12	0	1	0	0	0
LK-1115335	Mawathagama West	Mawathagama West	GND	648	14	0	0	0	0	2
LK-1115340	Mawathagama East	Mawathagama East	GND	313	0	0	0	0	0	2
LK-1118	Padukka	Padukka	DSD	20606	191	26	25	1	4	27
LK-1118005	Pinnawala North	Pinnawala North	GND	279	1	0	0	0	1	0
LK-1118010	Pinnawala South	Pinnawala South	GND	486	3	0	0	0	0	0
LK-1118015	Waga North	Waga North	GND	283	3	0	0	0	0	0
LK-1118020	Waga East	Waga East	GND	478	11	0	0	0	0	0
LK-1118025	Thummodara	Thummodara	GND	206	2	1	0	0	0	1
LK-1118030	Waga South	Waga South	GND	288	13	0	5	0	0	1
LK-1118035	Siyambalawa	Siyambalawa	GND	590	4	1	0	0	0	1
LK-1118040	Pahala Bope	Pahala Bope	GND	332	2	0	1	1	0	0
LK-1118045	Halpe	Halpe	GND	307	5	0	1	0	0	0
LK-1118050	Waga West	Waga West	GND	396	3	1	0	0	0	0
LK-1118055	Uggalla	Uggalla	GND	629	10	0	2	0	0	2
LK-1118060	Wewelpanawa	Wewelpanawa	GND	201	6	0	0	0	0	0
LK-1118065	Pitumpe North	Pitumpe North	GND	431	3	0	0	0	1	0
LK-1118070	Pitumpe South	Pitumpe South	GND	394	1	2	1	0	0	0
LK-1118075	Galagedara East	Galagedara East	GND	843	6	0	0	0	0	1
LK-1118080	Galagedara North	Galagedara North	GND	693	0	0	1	0	0	0
LK-1118085	Galagedara South	Galagedara South	GND	423	1	2	0	0	1	1
LK-1118090	Padukka	Padukka	GND	793	12	10	3	0	0	0
LK-1118095	Arukwatta North	Arukwatta North	GND	452	0	0	0	0	0	0
LK-1118100	Arukwatta South	Arukwatta South	GND	664	2	0	0	0	0	0
LK-1118105	Ganegoda	Ganegoda	GND	394	2	0	0	0	0	1
LK-1118110	Angampitiya	Angampitiya	GND	661	2	0	0	0	0	4
LK-1118115	Weragala	Weragala	GND	577	5	0	0	0	0	0
LK-1118120	Angamuwa	Angamuwa	GND	495	5	0	0	0	0	1
LK-1118125	Udumulla	Udumulla	GND	738	2	1	1	0	1	3
LK-1118130	Poregedara	Poregedara	GND	328	5	0	0	0	0	1
LK-1118135	Pahala Padukka	Pahala Padukka	GND	396	0	0	0	0	0	0
LK-1118140	Liyanwala	Liyanwala	GND	336	2	0	2	0	0	0
LK-1118145	Kurugala	Kurugala	GND	457	14	1	1	0	0	2
LK-1118150	Madulawa South	Madulawa South	GND	403	2	0	0	0	0	0
LK-1118155	Madulawa North	Madulawa North	GND	448	2	0	0	0	0	0
LK-1118160	Horakandawala	Horakandawala	GND	678	5	0	0	0	0	0
LK-1118165	Dampe	Dampe	GND	478	2	0	0	0	0	0
LK-1118170	Beruketiya	Beruketiya	GND	777	0	0	1	0	0	0
LK-1118175	Horagala West	Horagala West	GND	474	5	0	0	0	0	0
LK-1118180	Horagala East	Horagala East	GND	641	8	0	3	0	0	2
LK-1118185	Beliattavila	Beliattavila	GND	277	2	0	0	0	0	2
LK-1118190	Miriyagalla	Miriyagalla	GND	404	3	0	0	0	0	0
LK-1118195	Malagala	Malagala	GND	518	12	3	0	0	0	1
LK-1118200	Kahawala	Kahawala	GND	301	2	3	0	0	0	0
LK-1118205	Yatawathura	Yatawathura	GND	264	1	0	0	0	0	0
LK-1118210	Mahingala	Mahingala	GND	184	1	1	0	0	0	1
LK-1118215	Ihala Bope	Ihala Bope	GND	507	3	0	1	0	0	1
LK-1118220	Gurulana	Gurulana	GND	257	4	0	0	0	0	1
LK-1118225	Udagama	Udagama	GND	205	7	0	0	0	0	0
LK-1118230	Dambora	Dambora	GND	240	7	0	2	0	0	0
LK-1121	Maharagama	Maharagama	DSD	56267	111	530	111	3	8	84
LK-1121005	Mirihana South	Mirihana South	GND	1597	3	19	1	0	0	3
LK-1121010	Mirihana North	Mirihana North	GND	1799	29	19	1	0	3	4
LK-1121015	Madiwela	Madiwela	GND	1838	0	39	24	0	0	0
LK-1121020	Thalawathugoda West	Thalawathugoda West	GND	1534	2	3	3	0	0	0
LK-1121025	Thalawathugoda East	Thalawathugoda East	GND	1546	2	54	2	0	0	0
LK-1121030	Kalalgoda	Kalalgoda	GND	1860	1	2	2	0	0	1
LK-1121035	Kottawa East	Kottawa East	GND	1858	4	39	5	0	0	0
LK-1121040	Rukmale West	Rukmale West	GND	1483	5	32	2	0	0	2
LK-1121045	Rukmale East A	Rukmale East A	GND	379	3	0	0	0	0	0
LK-1121050	Rukmale East B	Rukmale East B	GND	743	1	2	2	0	0	0
LK-1121055	Liyanagoda	Liyanagoda	GND	1421	1	3	0	0	0	2
LK-1121060	Kottawa North	Kottawa North	GND	918	2	2	0	0	2	1
LK-1121065	Depanama	Depanama	GND	2255	1	17	2	0	0	2
LK-1121070	Polwatta	Polwatta	GND	1075	1	4	0	1	0	0
LK-1121075	Pamunuwa	Pamunuwa	GND	1189	7	4	1	0	0	3
LK-1121080	Thalapathpitiya	Thalapathpitiya	GND	1856	2	8	0	0	0	1
LK-1121085	Pragathipura	Pragathipura	GND	1634	4	2	0	0	0	2
LK-1121090	Udahamulla East	Udahamulla East	GND	1702	2	23	3	0	0	3
LK-1121095	Udahamulla West	Udahamulla West	GND	1318	6	14	0	0	1	0
LK-1121100	Pathiragoda	Pathiragoda	GND	1715	9	9	1	0	0	6
LK-1121105	Maharagama East	Maharagama East	GND	963	1	11	0	0	0	0
LK-1121110	Maharagama West	Maharagama West	GND	594	0	18	2	0	0	0
LK-1121115	Dambahena	Dambahena	GND	1634	2	11	0	0	0	0
LK-1121120	Pannipitiya North	Pannipitiya North	GND	1279	2	3	18	0	1	4
LK-1121125	Kottawa West	Kottawa West	GND	868	2	0	0	0	0	1
LK-1121130	Kottawa South	Kottawa South	GND	2058	1	15	2	0	0	3
LK-1121135	Malapalla West	Malapalla West	GND	770	3	2	4	0	0	6
LK-1121140	Malapalla East	Malapalla East	GND	1224	2	15	4	0	0	0
LK-1121145	Makumbura North	Makumbura North	GND	1303	1	2	0	0	0	3
LK-1121150	Makumbura South	Makumbura South	GND	449	0	0	0	0	0	0
LK-1121155	Kottawa Town	Kottawa Town	GND	1441	1	44	5	0	0	0
LK-1121160	Pannipitiya South	Pannipitiya South	GND	593	1	0	0	0	0	0
LK-1121165	Maharagama Town	Maharagama Town	GND	1436	1	35	2	0	1	1
LK-1121170	Godigamuwa South A	Godigamuwa South	GND	1664	1	11	2	0	0	1
LK-1121175	Godigamuwa South B	Godigamuwa South B	GND	2148	2	9	2	0	0	10
LK-1121180	Godigamuwa North	Godigamuwa North	GND	1102	0	13	4	0	0	0
LK-1121185	Wattegedara	Wattegedara	GND	2150	1	17	7	2	0	0
LK-1121190	Navinna	Navinna	GND	1475	3	4	6	0	0	5
LK-1121195	Wijerama	Wijerama	GND	706	0	1	0	0	0	0
LK-1121200	Gangodavila South B	Gangodavila South B	GND	1620	1	6	1	0	0	1
LK-1121205	Jambugasmulla	Jambugasmulla	GND	1070	1	18	3	0	0	19
LK-1124	Sri Jayawardanapura Kotte	Sri Jayawardanapura Kotte	DSD	27604	98	384	93	3	14	47
LK-1124005	Obeysekarapura	Obesekarapura	GND	2931	16	5	2	0	1	3
LK-1124010	Welikada West	Welikada West	GND	1467	1	13	14	1	1	3
LK-1124015	Welikada East	Welikada East	GND	1874	0	16	1	0	0	7
LK-1124020	Rajagiriya	Rajagiriya	GND	672	1	37	4	0	0	0
LK-1124025	Welikada North	Welikada North	GND	1237	7	0	0	0	0	1
LK-1124030	Nawala West	Nawala West	GND	1056	2	29	11	0	0	14
LK-1124035	Koswatta	Koswatta	GND	1309	13	13	4	0	0	0
LK-1124040	Ethulkotte West	Ethulkotte West	GND	965	2	4	1	0	0	3
LK-1124045	Ethulkotte	Ethulkotte	GND	1746	1	2	0	0	2	1
LK-1124050	Pitakotte East	Pitakotte East	GND	1087	2	17	9	0	1	1
LK-1124055	Pitakotte	Pitakotte	GND	1094	0	1	1	0	0	0
LK-1124060	Pitakotte West	Pitakotte West	GND	1450	2	66	6	0	0	6
LK-1124065	Nawala East	Nawala East	GND	1433	12	32	9	0	6	2
LK-1124070	Nugegoda West	Nugegoda West	GND	1534	1	26	5	0	0	0
LK-1124075	Pagoda	Pagoda	GND	1469	3	84	2	1	1	4
LK-1124080	Nugegoda	Nugegoda	GND	1059	6	16	3	0	0	0
LK-1124085	Pagoda East	Pagoda East	GND	1274	5	6	7	1	1	0
LK-1124090	Gangodavila North	Gangodavila North	GND	1190	7	10	1	0	0	0
LK-1124095	Gangodavila South	Gangodavila South	GND	2021	4	5	10	0	1	2
LK-1124100	Gangodavila East	Gangodavila East	GND	736	13	2	3	0	0	0
LK-1127	Thimbirigasyaya	Thimbirigasyaya	DSD	57847	364	282	42	6	81	59
LK-1127005	Kollupitiya	Kollupitiya	GND	1491	21	21	0	2	1	1
LK-1127010	Bambalapitiya	Bambalapitiya	GND	2122	17	18	4	1	1	2
LK-1127015	Kurunduwatta	Kurunduwatta	GND	1570	8	36	3	1	5	0
LK-1127020	Kuppiyawatta West	Kuppiyawatta West	GND	1243	11	6	0	0	0	0
LK-1127025	Kuppiyawatta East	Kuppiyawatta East	GND	2124	15	22	2	0	0	1
LK-1127030	Dematagoda	Dematagoda	GND	5268	70	5	2	0	0	4
LK-1127035	Wanathamulla	Wanathamulla	GND	4742	43	1	1	1	0	2
LK-1127040	Borella North	Borella North	GND	3542	34	30	1	0	3	4
LK-1127045	Borella South	Borella South	GND	910	5	0	0	0	4	5
LK-1127050	Gothamipura	Gothamipura	GND	1105	4	33	0	0	0	2
LK-1127055	Narahenpita	Narahenpita	GND	2859	3	25	1	0	0	3
LK-1127060	Thimbirigasyaya	Thimbirigasyaya	GND	2697	24	6	0	0	3	1
LK-1127065	Milagiriya	Milagiriya	GND	1518	2	9	1	0	6	1
LK-1127070	Havelock Town	Havelock Town	GND	2074	7	9	2	0	0	1
LK-1127075	Kirula	Kirula	GND	4766	10	14	14	0	4	19
LK-1127080	Kirulapone	Kirulapone	GND	4661	13	3	2	0	1	7
LK-1127085	Wellawatta North	Wellawatta North	GND	4841	32	24	2	0	27	0
LK-1127090	Wellawatta South	Wellawatta South	GND	3123	16	2	2	0	15	2
LK-1127095	Pamankada West	Pamankada West	GND	4267	12	4	2	0	11	4
LK-1127100	Pamankada East	Pamankada East	GND	2924	17	14	3	1	0	0
LK-1130	Dehiwala	Dehiwala	DSD	25370	51	96	9	13	7	19
LK-1130005	Sri Saranankara	Sri Saranankara	GND	1762	2	4	0	0	0	1
LK-1130010	Vilawala	Vilawala	GND	1585	1	0	1	0	0	0
LK-1130015	Dutugemunu	Dutugemunu	GND	1149	0	5	0	0	1	0
LK-1130020	Kohuwala	Kohuwala	GND	1814	1	18	0	0	0	0
LK-1130025	Kalubovila	Kalubovila	GND	1480	0	12	1	2	0	2
LK-1130030	Hathbodhiya	Hathbodhiya	GND	1977	3	3	0	8	0	1
LK-1130035	Galwala	Galwala	GND	1480	0	25	0	0	0	0
LK-1130040	Dehiwala West	Dehiwala West	GND	2207	0	4	0	0	1	0
LK-1130045	Dehiwala East	Dehiwala East	GND	1987	5	13	3	0	2	1
LK-1130050	Udyanaya	Udyanaya	GND	1778	9	0	0	0	1	0
LK-1130055	Nedimala	Nedimala	GND	2259	12	1	2	1	0	0
LK-1130060	Malwatta	Malwatta	GND	1005	2	2	2	1	0	1
LK-1130065	Jayathilaka	Jayathilaka	GND	1196	12	5	0	0	0	11
LK-1130070	Karagampitiya	Karagampitiya	GND	1448	0	3	0	0	0	1
LK-1130075	Kawdana East	Kawdana East	GND	2243	4	1	0	1	2	1
LK-1131	Ratmalana	Ratmalana	DSD	25037	156	99	24	0	12	30
LK-1131005	Mount Lavinia	Mount Lavinia	GND	2500	21	3	0	0	3	7
LK-1131010	Kawdana West	Kawdana West	GND	1897	0	0	2	0	0	2
LK-1131015	Watarappala	Watarappala	GND	1767	3	8	2	0	0	0
LK-1131020	Wathumulla	Wathumulla	GND	1369	1	3	1	0	0	0
LK-1131025	Katukurunduwatta	Katukurunduwatta	GND	3089	13	0	3	0	1	2
LK-1131030	Attidiya North	Attidiya North	GND	2257	9	0	0	0	0	1
LK-1131035	Attidiya South	Attidiya South	GND	2131	16	11	6	0	4	0
LK-1131040	Piriwena	Piriwena	GND	1500	0	19	4	0	0	0
LK-1131045	Wedikanda	Wedikanda	GND	1950	30	12	3	0	2	9
LK-1131050	Vihara	Vihara	GND	1725	29	1	0	0	0	0
LK-1131055	Rathmalana West	Ratmalana West	GND	1391	17	1	0	0	1	1
LK-1131060	Rathmalana East	Ratmalana East	GND	1495	12	1	0	0	0	8
LK-1131065	Kandawala	Kandawala	GND	1966	5	40	3	0	1	0
LK-1133	Moratuwa	Moratuwa	DSD	44317	212	179	59	3	14	88
LK-1133005	Angulana North	Angulana North	GND	1231	20	5	0	0	0	1
LK-1133010	Kaldemulla	Kaldemulla	GND	1306	0	14	2	0	0	2
LK-1133015	Soysapura North	Soysapura North	GND	907	0	0	0	0	0	0
LK-1133020	Soysapura South	Soysapura South	GND	772	0	0	0	0	0	1
LK-1133025	Dahampura	Dahampura	GND	732	1	1	0	0	0	0
LK-1133030	Thelawala North	Thelawala North	GND	1594	11	0	1	0	0	2
LK-1133035	Borupana	Borupana	GND	1469	1	17	2	0	0	2
LK-1133040	Thelawala South	Thelawala South	GND	1121	6	5	2	0	3	4
LK-1133045	Lakshapathiya North	Lakshapathiya North	GND	1225	1	16	18	0	2	1
LK-1133050	Lakshapathiya Central	Lakshapathiya Central	GND	984	2	0	0	0	0	0
LK-1133055	Angulana South	Angulana South	GND	680	14	1	0	0	0	1
LK-1133060	Uyana South	Uyana South	GND	1422	9	7	16	0	0	4
LK-1133065	Uyana North	Uyana North	GND	1010	15	0	1	0	0	1
LK-1133070	Rawathawatta South	Rawathawatta South	GND	560	0	0	0	0	0	0
LK-1133075	Rawathawatta East	Rawathawatta East	GND	1014	0	0	0	0	0	3
LK-1133080	Lakshapathiya South	Lakshapathiya South	GND	1597	2	22	4	0	2	4
LK-1133085	Kuduwamulla	Kuduwamulla	GND	897	1	3	1	0	0	0
LK-1133090	Katubedda	Katubedda	GND	2551	7	8	0	1	1	4
LK-1133095	Molpe	Molpe	GND	1737	4	7	1	1	1	0
LK-1133100	Moratumulla North	Moratumulla North	GND	803	0	1	0	0	0	0
LK-1133105	Kadalana	Kadalana	GND	935	3	23	0	0	0	8
LK-1133110	Rawathawatta West	Rawathawatta West	GND	939	0	4	3	0	0	0
LK-1133115	Idama	Idama	GND	771	1	6	0	1	1	2
LK-1133120	Uswatta	Uswatta	GND	533	1	0	2	0	0	3
LK-1133125	Moratuwella South	Moratuwella South	GND	1218	5	15	1	0	2	0
LK-1133130	Indibedda West	Indibedda West	GND	1081	1	1	0	0	0	0
LK-1133135	Moratumulla East	Moratumulla East	GND	973	3	0	0	0	0	2
LK-1133140	Moratumulla West	Moratumulla West	GND	915	11	4	0	0	0	6
LK-1133145	Villorawatta East	Villorawatta East	GND	944	4	1	1	0	0	2
LK-1133150	Villorawatta West	Villorawatta West	GND	1123	0	1	0	0	0	0
LK-1133155	Indibedda East	Indibedda East	GND	961	2	0	0	0	0	3
LK-1133160	Moratuwella North	Moratuwella North	GND	622	2	0	0	0	0	2
LK-1133165	Moratuwella West	Moratuwella West	GND	626	15	0	0	0	0	6
LK-1133170	Koralawella North	Koralawella North	GND	1586	19	1	1	0	0	4
LK-1133175	Koralawella East	Koralawella Eest	GND	634	3	8	0	0	0	0
LK-1133180	Koralawella West	Koralawella West	GND	870	6	2	0	0	0	6
LK-1133185	Koralawella South	Koralawella South	GND	853	4	4	1	0	0	3
LK-1133190	Katukurunda North	Katukurunda North	GND	916	12	1	1	0	0	0
LK-1133195	Katukurunda South	Katukurunda South	GND	1030	11	0	0	0	0	1
LK-1133200	Egoda Uyana North	Egoda Uyana North	GND	1219	9	0	0	0	0	8
LK-1133205	Egoda Uyana Central	Egoda Uyana Central	GND	754	1	0	0	0	0	0
LK-1133210	Egoda Uyana South	Egoda Uyana South	GND	1202	5	1	1	0	2	2
LK-1136	Kesbewa	Kesbewa	DSD	75476	223	458	158	10	2	78
LK-1136005	Pepiliyana West	Pepiliyana West	GND	1461	0	1	0	0	0	0
LK-1136010	Pepiliyana East	Pepiliyana East	GND	423	0	0	0	0	0	1
LK-1136015	Divulpitiya East	Divulpitiya East	GND	645	0	21	0	0	1	3
LK-1136020	Divulpitiya West	Divulpitiya West	GND	839	2	3	2	0	0	0
LK-1136025	Bellanvila	Bellanvila	GND	1113	1	0	1	0	0	0
LK-1136030	Boralesgamuwa West A	Boralesgamuwa West A	GND	1194	0	13	21	0	0	5
LK-1136035	Boralesgamuwa West C	Boralesgamuwa West C	GND	401	2	0	9	0	0	1
LK-1136040	Rattanapitiya	Rattanapitiya	GND	1086	0	16	0	0	0	0
LK-1136045	Egodawatta	Egodawatta	GND	900	4	0	0	0	0	1
LK-1136050	Boralesgamuwa East A	Boralesgamuwa East A	GND	1330	1	6	4	0	0	0
LK-1136055	Boralesgamuwa West B	Boralesgamuwa West B	GND	782	0	3	0	3	0	0
LK-1136060	Werahera North	Werahera North	GND	540	1	2	1	0	0	0
LK-1136065	Boralesgamuwa East B	Boralesgamuwa East B	GND	1453	9	25	0	0	0	0
LK-1136070	Neelammahara	Neelammahara	GND	1092	4	0	4	0	0	1
LK-1136075	Katuwawala North	Katuwawala North	GND	1018	1	13	0	0	0	0
LK-1136080	Vishwakalawa	Vishwakalawa	GND	516	12	0	1	0	0	0
LK-1136085	Werahera South	Werahera South	GND	1794	2	7	0	0	0	0
LK-1136090	Katuwawala South	Katuwawala South	GND	445	0	0	3	0	0	0
LK-1136095	Niwanthidiya	Niwanthidiya	GND	1033	6	2	1	0	0	0
LK-1136100	Erewwala West	Erewwala West	GND	1901	1	9	7	1	0	3
LK-1136105	Erewwala North	Erewwala North	GND	1373	0	2	0	0	0	1
LK-1136110	Erewwala East	Erewwala East	GND	810	0	5	1	0	0	0
LK-1136115	Rathmaldeniya	Rathmaldeniya	GND	1593	7	10	5	0	0	9
LK-1136120	Mahalwarawa	Mahalwarawa	GND	900	0	3	1	0	0	0
LK-1136125	Bangalawatta	Bangalawatta	GND	627	2	5	3	0	0	0
LK-1136130	Pelenwatta East	Pelenwatta East	GND	1270	4	2	1	0	0	4
LK-1136135	Pelenwatta North	Pelenwatta North	GND	1597	3	1	1	0	0	1
LK-1136140	Pelenwatta West	Pelenwatta West	GND	1883	27	0	0	0	0	1
LK-1136145	Paligedara	Paligedara	GND	1143	0	12	0	0	0	2
LK-1136150	Kaliyammahara	Kaliyammahara	GND	972	0	1	0	0	0	1
LK-1136155	Bokundara	Bokundara	GND	1202	4	1	3	3	0	0
LK-1136160	Thumbovila South	Thumbovila South	GND	1110	3	59	5	0	0	2
LK-1136165	Thumbovila North	Thumbovila North	GND	1507	11	3	0	0	0	0
LK-1136170	Wewala West	Wewala West	GND	1392	2	7	7	3	1	4
LK-1136175	Wewala East	Wewala East	GND	838	1	1	0	0	0	0
LK-1136180	Thumbovila West	Thumbovila West	GND	846	2	10	4	0	0	1
LK-1136185	Mampe North	Mampe North	GND	1585	7	16	2	0	0	0
LK-1136190	Makuludoowa	Makuludoowa	GND	1063	6	0	0	0	0	0
LK-1136195	Gorakapitiya	Gorakapitiya	GND	576	3	8	1	0	0	0
LK-1136200	Nampamunuwa	Nampamunuwa	GND	1053	2	3	2	0	0	0
LK-1136205	Mavittara North	Mavittara North	GND	898	0	9	2	0	0	1
LK-1136210	Mampe East	Mampe East	GND	619	1	33	2	0	0	1
LK-1136215	Bodhirajapura	Bodhirajapura	GND	595	4	0	0	0	0	2
LK-1136220	Mampe West	Mampe West	GND	877	2	0	0	0	0	0
LK-1136225	Mampe South	Mampe South	GND	574	3	0	1	0	0	0
LK-1136230	Kolamunna	Kolamunna	GND	1069	2	17	2	0	0	0
LK-1136235	Suwarapola East	Suwarapola East	GND	801	1	7	3	0	0	0
LK-1136240	Suwarapola West	Suwarapola West	GND	435	0	11	0	0	0	0
LK-1136245	Hedigama	Hedigama	GND	1307	1	8	1	0	0	1
LK-1136250	Batakettara North	Batakettara North	GND	1924	7	13	3	0	0	2
LK-1136255	Kesbewa North	Kesbewa North	GND	1136	4	0	1	0	0	2
LK-1136260	Kesbewa East	Kesbewa East	GND	585	2	6	9	0	0	0
LK-1136265	Mavittara South	Mavittara South	GND	560	2	18	7	0	0	0
LK-1136270	Honnanthara North	Honnanthara North	GND	1128	3	9	1	0	0	1
LK-1136275	Honnanthara South	Honnanthara South	GND	1411	3	15	2	0	0	2
LK-1136280	Makandana East	Makandana East	GND	1536	2	6	1	0	0	1
LK-1136285	Kesbewa South	Kesbewa South	GND	1874	5	6	1	0	0	0
LK-1136290	Batakettara South	Batakettara South	GND	1998	8	3	17	0	0	2
LK-1136295	Madapatha	Madapatha	GND	1141	3	5	1	0	0	2
LK-1136300	Delthara West	Delthara West	GND	635	5	0	0	0	0	3
LK-1136305	Delthara East	Delthara East	GND	449	3	0	0	0	0	0
LK-1136310	Dampe	Dampe	GND	1376	4	1	2	0	0	8
LK-1136315	Makandana West	Makandana west	GND	1590	4	5	4	0	0	2
LK-1136320	Nivungama	Nivungama	GND	673	5	0	0	0	0	0
LK-1136325	Halpita	Halpita	GND	1698	1	1	1	0	0	0
LK-1136330	Horathuduwa	Horathuduwa	GND	545	2	7	1	0	0	0
LK-1136335	Morenda	Morenda	GND	431	0	1	2	0	0	0
LK-1136340	Batuwandara North	Batuwandara North	GND	466	2	0	2	0	0	1
LK-1136345	Batuwandara South	Batuwandara South	GND	464	3	3	1	0	0	2
LK-1136350	Jamburaliya	Jamburaliya	GND	1154	2	2	0	0	0	2
LK-1136355	Polhena	Polhena	GND	841	3	2	1	0	0	0
LK-1136360	Regidel Watta	Regidel watta	GND	360	1	0	0	0	0	0
LK-1136365	Kahapola	Kahapola	GND	1020	5	0	0	0	0	2
LK-12	Gampaha	Gampaha	DISTRICT	680337	4340	1724	479	50	70	1635
LK-1203	Negombo	Negombo	DSD	35895	161	147	39	1	5	52
LK-1203005	Kammalthura	Kammalthura	GND	1040	7	0	0	0	0	2
LK-1203010	Pallansena North	Pallansena North	GND	1035	9	1	0	0	1	2
LK-1203015	Kochchikade	Kochchikade	GND	694	4	0	0	0	0	1
LK-1203020	Pallansena South	Pallansena South	GND	1046	3	1	0	0	0	0
LK-1203025	Daluwakotuwa	Daluwakotuwa	GND	1298	1	1	0	0	0	0
LK-1203030	Palangathure	Palangathure	GND	1325	16	1	3	1	0	0
LK-1203035	Ettukala	Ettukala	GND	899	2	1	2	0	0	1
LK-1203040	Daluwakotuwa East	Daluwakotuwa East	GND	1532	6	0	1	0	0	1
LK-1203045	Kattuwa	Kattuwa	GND	1395	6	1	2	0	0	0
LK-1203050	Dalupotha East	Dalupatha East	GND	1839	4	13	0	0	0	1
LK-1203055	Dalupotha	Dalupatha	GND	999	4	6	2	0	1	3
LK-1203060	Kudapaduwa	Kudapaduwa	GND	758	1	4	0	0	0	0
LK-1203065	Kudapaduwa North	Kudapaduwa North	GND	901	2	1	0	0	0	0
LK-1203070	Kudapaduwa South	Kudapaduwa South	GND	736	0	0	0	0	0	0
LK-1203075	Wellaweediya	Wellaweediya	GND	829	4	0	1	0	0	2
LK-1203080	Wellaweediya East	Wellaweediya East	GND	574	2	0	0	0	0	2
LK-1203085	Periyamulla	Periyamulla	GND	726	0	1	0	0	0	0
LK-1203090	Hunupitiya	Hunupitiya	GND	1478	0	0	0	0	0	1
LK-1203095	Angurukaramulla	Angurukaramulla	GND	848	1	0	0	0	0	0
LK-1203100	Udayarthoppuwa	Udayarthoppuwa	GND	933	0	9	7	0	0	0
LK-1203105	Wellaweediya South	Wellaweediya South	GND	685	1	1	0	0	0	0
LK-1203110	Muttakkarai North	Munnakkaraya North	GND	533	5	1	0	0	1	0
LK-1203115	Doowa	Doowa	GND	658	10	0	0	0	0	0
LK-1203120	Pitipana North	Pitipana North	GND	793	5	5	4	0	0	3
LK-1203125	Pitipana Central	Pitipana Central	GND	754	4	0	0	0	0	1
LK-1203130	Muttakkarai	Munnakkaraya	GND	710	2	1	2	0	0	0
LK-1203135	Muttakkarai East	Munnakkaraya East	GND	486	0	0	0	0	0	10
LK-1203140	Thaladoowa	Thaladoowa	GND	1704	5	0	0	0	0	3
LK-1203145	Udayarthoppuwa South	Udayarthoppuwa South	GND	608	2	1	0	0	0	2
LK-1203150	Bolawalana	Bolawalana	GND	1248	4	19	10	0	0	0
LK-1203155	Kurana West	Kurana West	GND	913	6	52	2	0	0	0
LK-1203160	Kurana East	Kurana East	GND	705	2	26	2	0	0	1
LK-1203165	Siriwardana Pedesa	Siriwardana Pedesa	GND	793	2	0	0	0	2	1
LK-1203170	Pitipana South - East	Pitipana South - East	GND	900	2	0	0	0	0	6
LK-1203175	Pitipana South - West	Pitipana South - West	GND	957	13	0	0	0	0	7
LK-1203180	Thalahena	Thalahena	GND	1000	10	0	0	0	0	2
LK-1203185	Dungalpitiya	Dungalpitiya	GND	553	4	0	1	0	0	0
LK-1203190	Settappaduwa	Settappaduwa	GND	508	8	1	0	0	0	0
LK-1203195	Kepungoda	Kepungoda	GND	502	4	0	0	0	0	0
LK-1206	Katana	Katana	DSD	74585	411	218	30	0	8	262
LK-1206005	Muruthana	Muruthana	GND	347	3	0	0	0	0	0
LK-1206010	Manaveriya	Manaveriya	GND	513	7	0	0	0	0	0
LK-1206015	Udangawa	Udangawa	GND	535	1	0	1	0	0	4
LK-1206020	Thoppuwa	Thoppuwa	GND	876	7	0	0	0	0	1
LK-1206025	Bambukuliya	Bambukuliya	GND	794	13	1	0	0	0	3
LK-1206030	Katana North	Katana North	GND	851	9	0	0	0	0	1
LK-1206035	Katana East	Katana East	GND	561	3	0	0	0	0	0
LK-1206040	Katana West	Katana West	GND	933	6	0	1	0	0	1
LK-1206045	Maha Ethgala	Maha Ethgala	GND	500	4	0	1	0	0	0
LK-1206050	Ethgala	Ethgala	GND	942	10	0	0	0	0	0
LK-1206055	Adikkandiya	Adikkandiya	GND	313	1	0	0	0	0	2
LK-1206060	Welihena North	Welihena North	GND	490	6	5	0	0	1	1
LK-1206065	Welihena South	Welihena South	GND	1468	11	3	0	0	0	0
LK-1206070	Pahala Kandawala	Pahala Kandawala	GND	536	7	0	0	0	0	0
LK-1206075	Ethgala South	Ethgala South	GND	304	6	0	0	0	0	0
LK-1206080	Ihala Kandawala	Ihala Kandawala	GND	1505	12	2	0	0	0	2
LK-1206085	Kaluwarippuwa West	Kaluwarippuwa West	GND	1301	4	1	0	0	0	1
LK-1206090	Kondagammulla	Kondagammulla	GND	862	5	0	0	0	0	0
LK-1206095	Katiyala	Katiyala	GND	1015	4	3	1	0	0	0
LK-1206100	Kadirana North	Kadirana North	GND	1685	8	12	4	0	2	3
LK-1206105	K.C. De Silva Puraya	K.C. De Silva Puraya	GND	945	3	0	0	0	0	2
LK-1206110	Thimbirigaskatuwa	Thimbirigaskatuwa	GND	780	7	13	0	0	0	1
LK-1206115	Sellakanda	Sellakanda	GND	1315	3	1	1	0	0	6
LK-1206120	Katuwapitiya	Katuwapitiya	GND	719	1	1	0	0	0	0
LK-1206125	Mahahunupitiya West	Mahahunupitiya West	GND	675	7	3	0	0	1	0
LK-1206130	Mahahunupitiya East	Mahahunupitiya East	GND	735	12	0	0	0	0	1
LK-1206135	Pahala Kadirana	Pahala Kadirana	GND	684	11	4	0	0	0	2
LK-1206140	Kadirana	Kadirana	GND	1826	4	49	3	0	0	1
LK-1206145	Akkara 50	Akkara 50	GND	2088	10	10	1	0	2	4
LK-1206150	Kadirana South	Kadirana South	GND	1015	13	1	1	0	1	0
LK-1206155	Kimbulapitiya West	Kimbulapitiya West	GND	870	7	1	0	0	0	5
LK-1206160	Kimbulapitiya North	Kimbulapitiya North	GND	653	2	0	0	0	0	0
LK-1206165	Kimbulapitiya South	Kimbulapitiya South	GND	1081	11	1	0	0	0	0
LK-1206170	Kimbulapitiya Central	Kimbulapitiya Central	GND	1149	2	2	3	0	0	0
LK-1206175	Andiambalama West	Andiambalama West	GND	2033	7	5	0	0	0	0
LK-1206180	Walpola	Walpola	GND	619	6	0	0	0	0	1
LK-1206185	Andiambalama East	Andiambalama East	GND	1160	4	0	0	0	0	1
LK-1206190	Dewamottawa	Dewamottawa	GND	1214	2	0	0	0	0	0
LK-1206195	Kovinna	Kovinna	GND	1685	6	1	0	0	0	0
LK-1206200	Evariwatta	Evariwatta	GND	2781	6	0	0	0	0	0
LK-1206205	Air Force Camp	Air Force Camp	GND	260	0	0	0	0	0	1
LK-1206210	Kurana Katunayaka West	Kurana Katunayaka Central	GND	1024	2	13	0	0	0	1
LK-1206215	Kurana Katunayaka North	Kurana Katunayaka North	GND	841	2	2	1	0	0	0
LK-1206220	Kurana Katunayaka South	Kurana Katunayaka South	GND	562	1	5	0	0	0	0
LK-1206225	Katunayaka North	Katunayaka North	GND	699	4	2	0	0	0	1
LK-1206230	Katunayaka South	Katunayaka South	GND	2661	2	4	0	0	0	3
LK-1206235	Walanagoda	Walanagoda	GND	1155	5	0	0	0	0	0
LK-1206240	Kalahapitiya	Kalahapitiya	GND	854	3	0	0	0	0	0
LK-1206245	Madawala	Madawala	GND	823	5	0	0	0	0	0
LK-1206250	Muthuwadiya	Muthuwadiya	GND	500	4	0	0	0	0	0
LK-1206255	Liyanagemulla North	Liyanagemulla North	GND	1764	5	1	1	0	0	2
LK-1206260	Liyanagemulla South	Liyanagemulla South	GND	1453	23	1	0	0	0	0
LK-1206265	Amandoluwa	Amandoluwa	GND	3564	32	6	0	0	0	3
LK-1206270	Thempala	Thempala	GND	483	3	3	0	0	0	1
LK-1206275	Kuswala	Kuswala	GND	703	1	12	5	0	1	4
LK-1206280	Ganepola	Ganepola	GND	642	3	2	0	0	0	1
LK-1206285	Heenatiyana West	Heenatiyana West	GND	780	6	0	0	0	0	0
LK-1206290	Heenatiyana South	Heenatiyana South	GND	769	5	0	0	0	0	1
LK-1206295	Heenatiyana East	Heenatiyana East	GND	592	13	0	0	0	0	2
LK-1206300	Raddolugama North A	Raddolugama North A	GND	310	0	0	0	0	0	0
LK-1206305	Raddolugama North	Raddolugama North	GND	359	0	0	0	0	0	0
LK-1206310	Raddolugama South	Raddolugama South	GND	502	0	2	1	0	0	2
LK-1206315	Raddolugama South A	Raddolugama South A	GND	469	0	0	0	0	0	2
LK-1206320	Raddoluwa North	Raddoluwa North	GND	920	3	3	0	0	0	0
LK-1206325	Raddoluwa West	Raddoluwa West	GND	906	2	1	0	0	0	0
LK-1206330	Seeduwa	Seeduwa	GND	1496	4	6	0	0	0	0
LK-1206335	Mookalangamuwa West	Mookalangamuwa West	GND	916	2	9	0	0	0	0
LK-1206340	Mookalangamuwa East	Mookalangamuwa East	GND	703	0	1	0	0	0	0
LK-1206345	Bandarawatta East	Bandarawatta East	GND	420	0	0	0	0	0	0
LK-1206350	Bandarawatta West	Bandarawatta West	GND	1630	9	7	1	0	0	1
LK-1206355	Dambaduraya	Dambaduraya	GND	374	0	9	1	0	0	106
LK-1206360	Raddoluwa South	Raddoluwa South	GND	969	5	3	1	0	0	0
LK-1206365	Lansiyawadiya	Lansiyawadiya	GND	761	0	0	0	0	0	0
LK-1206370	Kotugoda	Kotugoda	GND	778	1	0	0	0	0	0
LK-1206375	Kasagahawatta	Kasagahawatta	GND	602	3	0	0	0	0	1
LK-1206380	Udammita North	Udammita North	GND	392	1	1	0	0	0	84
LK-1206385	Alawathupitiya	Alawathupitiya	GND	374	0	0	0	0	0	0
LK-1206390	Udammita South	Udammita South	GND	412	5	6	2	0	0	1
LK-1206395	Ambalammulla	Ambalammulla	GND	805	6	0	0	0	0	2
LK-1209	Divulapitiya	Divulapitiya	DSD	44485	444	24	20	0	3	96
LK-1209005	Andimulla	Andimulla	GND	409	3	2	0	0	0	0
LK-1209010	Ambalayaya	Ambalayaya	GND	355	2	0	0	0	0	0
LK-1209015	Bolagala	Bolagala	GND	197	5	0	0	0	0	1
LK-1209020	Otharawadiya	Otharawadiya	GND	258	7	0	1	0	0	2
LK-1209025	Godigamuwa West	Godigamuwa West	GND	276	6	0	0	0	0	0
LK-1209030	Godigamuwa East	Godigamuwa East	GND	521	1	0	1	0	0	0
LK-1209035	Balawala	Balawala	GND	169	3	1	0	0	0	0
LK-1209040	Badalgama	Badalgama	GND	398	1	0	1	0	0	0
LK-1209045	Delpakadawara	Delpakadawara	GND	158	0	0	0	0	0	0
LK-1209050	Siringapathawatta	Siringapathawatta	GND	100	1	0	0	0	0	0
LK-1209055	Pethigoda	Pethigoda	GND	507	4	0	0	0	0	0
LK-1209060	Alugolla	Alugolla	GND	424	17	1	6	0	0	11
LK-1209065	Polwatta	Polwatta	GND	337	0	0	0	0	0	5
LK-1209070	Polhena	Polhena	GND	301	1	0	0	0	0	0
LK-1209075	Mellawagedara	Mellawagedara	GND	436	7	0	0	0	0	0
LK-1209080	Diklanda	Diklanda	GND	223	1	0	0	0	0	0
LK-1209085	Katukenda	Katukenda	GND	484	0	0	0	0	0	0
LK-1209090	Akarangaha	Akarangaha	GND	332	5	1	0	0	0	0
LK-1209095	Kehelella West	Kehelella West	GND	280	7	0	0	0	0	1
LK-1209100	Lihiniyagammana	Lihiniyagammana	GND	311	2	0	1	0	0	0
LK-1209105	Akaragama East	Akaragama East	GND	254	2	0	0	0	0	0
LK-1209110	Akaragama West	Akaragama West	GND	489	5	0	0	0	0	0
LK-1209115	Akaragama North	Akaragama North	GND	392	7	0	0	0	0	0
LK-1209120	Pahala Madampella	Pahala Madampella	GND	521	2	1	0	0	1	2
LK-1209125	Halpe 1	Halpe	GND	670	7	1	0	0	1	0
LK-1209130	Kaluwarippuwa East - Uthura	Kaluwarippuwa East - Uthura	GND	579	8	0	0	0	0	2
LK-1209135	Kongodamulla North	Kongodamulla North	GND	244	2	0	0	0	0	1
LK-1209140	Kongodamulla West	Kongodamulla West	GND	516	18	0	0	0	0	2
LK-1209145	Kongodamulla South	Kongodamulla South	GND	424	6	0	0	0	0	0
LK-1209150	Kongodamulla East	Kongodamulla East	GND	496	4	0	0	0	0	0
LK-1209155	Ihala Madampella North	Ihala Madampella North	GND	272	6	0	0	0	0	0
LK-1209160	Ihala Madampella West	Ihala Madampella West	GND	333	9	0	0	0	0	0
LK-1209165	Ihala Madampella East	Ihala Madampella East	GND	293	3	0	0	0	0	0
LK-1209170	Ihalagama	Ihalagama	GND	245	3	0	0	0	0	0
LK-1209175	Kehelella South	Kehelella South	GND	438	8	1	0	0	0	1
LK-1209180	Kehelella North	Kehelella North	GND	292	3	0	0	0	0	0
LK-1209185	Delwagura	Delwagura	GND	257	1	0	0	0	0	1
LK-1209190	Wekada	Wekada	GND	298	3	2	0	0	0	2
LK-1209195	Kalumada	Kalumada	GND	195	0	0	0	0	0	1
LK-1209200	Agalegedara	Agalegedara	GND	302	1	0	0	0	0	0
LK-1209205	Waradala	Waradala	GND	537	2	0	0	0	0	2
LK-1209210	Kotadeniyawa	Kotadeniyawa	GND	622	8	1	0	0	0	3
LK-1209215	Erabadda	Erabadda	GND	214	0	0	0	0	0	0
LK-1209220	Diyagampala	Diyagampala	GND	377	5	0	0	0	0	1
LK-1209225	Koradaminna	Koradaminna	GND	256	6	0	0	0	0	0
LK-1209230	Dimbuldeniya	Dimbuldeniya	GND	299	2	0	0	0	0	0
LK-1209235	Paragoda North	Paragoda North	GND	253	8	0	0	0	0	1
LK-1209240	Paragoda South	Paragoda South	GND	204	1	0	1	0	0	0
LK-1209245	Moragalkanda	Moragalkanda	GND	99	3	0	0	0	0	1
LK-1209250	Nawana West	Nawana West	GND	243	0	0	0	0	0	0
LK-1209255	Hettimulla	Hettimulla	GND	310	0	0	1	0	0	4
LK-1209260	Haloluwa	Haloluwa	GND	266	0	0	0	0	0	0
LK-1209265	Kelegedara	Kelegedara	GND	238	9	0	0	0	0	1
LK-1209270	Heeralugedara	Heeralugedara	GND	471	11	0	0	0	0	4
LK-1209275	Walpita	Walpita	GND	369	0	0	0	0	0	0
LK-1209280	Welagana	Welagana	GND	272	4	1	1	0	0	0
LK-1209285	Thammita	Thammita	GND	480	2	0	0	0	0	1
LK-1209290	Palliyapitiya West	Palliyapitiya West	GND	266	1	0	0	0	0	9
LK-1209295	Induragara North	Induragara North	GND	610	5	0	0	0	0	2
LK-1209300	Induragara South	Induragara South	GND	238	6	0	0	0	0	0
LK-1209305	Kadawala North	Kadawala North	GND	605	3	0	0	0	0	1
LK-1209310	Kadawala	Kadawala	GND	294	3	0	0	0	0	1
LK-1209315	Kaluwarippuwa East - Dakuna	Kaluwarippuwa East - Dakuna	GND	793	6	2	0	0	0	0
LK-1209320	Miriswatta	Miriswatta	GND	545	1	0	0	0	0	0
LK-1209325	Dagonna North	Dagonna North	GND	454	4	0	1	0	0	0
LK-1209330	Dagonna East	Dagonna East	GND	448	4	0	0	0	0	2
LK-1209335	Halgahawelawatta	Halgahawelawatta	GND	201	2	0	0	0	0	1
LK-1209340	Katuwellegama North	Katuwellegama North	GND	331	3	0	0	0	0	0
LK-1209345	Kadawala South	Kadawala South	GND	325	4	0	0	0	0	0
LK-1209350	Batepola	Batepola	GND	487	5	0	0	0	0	0
LK-1209355	Doonagaha South	Doonagaha South	GND	521	1	1	0	0	0	1
LK-1209360	Doonagaha	Doonagaha	GND	270	3	0	0	0	0	0
LK-1209365	Palliyapitiya East	Palliyapitiya East	GND	442	1	0	1	0	0	0
LK-1209370	Hunumulla	Hunumulla	GND	507	0	1	1	0	0	0
LK-1209375	Hapugahagama	Hapugahagama	GND	221	2	0	0	0	0	0
LK-1209380	Barawavila	Barawavila	GND	344	2	1	0	0	1	0
LK-1209385	Kudagammana	Kudagammana	GND	557	4	0	0	0	0	0
LK-1209390	Pahala Madithiyawala	Pahala Madithiyawala	GND	335	5	0	0	0	0	0
LK-1209395	Kaluaggala	Kaluaggala	GND	280	4	0	0	0	0	0
LK-1209400	Kuleegedara	Kuleegedara	GND	282	4	0	1	0	0	0
LK-1209405	Nawana East	Nawana East	GND	171	0	0	0	0	0	1
LK-1209410	Nariyamulla	Nariyamulla	GND	156	0	0	0	0	0	0
LK-1209415	Halpe 2	Halpe	GND	846	5	0	0	0	0	0
LK-1209420	Parana Halpe West	Parana Halpe West	GND	344	0	0	0	0	0	8
LK-1209425	Parana Halpe East	Parana Halpe East	GND	224	6	0	0	0	0	1
LK-1209430	Gurullagama	Gurullagama	GND	234	0	0	0	0	0	0
LK-1209435	Kithulwala Ihala	Kithulwala Ihala	GND	324	8	0	0	0	0	2
LK-1209440	Kithulwala Pahala	Kithulwala Pahala	GND	270	3	0	0	0	0	0
LK-1209445	Kithulwala North	Kithulwala North	GND	299	14	0	1	0	0	2
LK-1209450	Kaluaggala Pahalagama	Kaluaggala Pahalagama	GND	186	6	0	0	0	0	0
LK-1209455	Wattemulla	Wattemulla	GND	367	4	3	0	0	0	2
LK-1209460	Ihala Madithiyawala	Ihala Madithiyawala	GND	267	3	0	0	0	0	1
LK-1209465	Hangawatta	Hangawatta	GND	119	0	0	0	0	0	0
LK-1209470	Rassapana	Rassapana	GND	132	0	0	0	0	0	0
LK-1209475	Balagalla West	Balagalla West	GND	352	4	0	0	0	0	1
LK-1209480	Parana Handiya	Parana Handiya	GND	118	0	0	0	0	0	0
LK-1209485	Pinnakele	Pinnakele	GND	267	0	0	0	0	0	1
LK-1209490	Pinnakele South	Pinnakele South	GND	277	3	0	0	0	0	0
LK-1209495	Urapana	Urapana	GND	418	1	0	0	0	0	1
LK-1209500	Kelepitimulla	Kelepitimulla	GND	665	3	0	0	0	0	2
LK-1209505	Sayakkaramulla	Sayakkaramulla	GND	215	4	1	0	0	0	0
LK-1209510	Henpitagedara	Henpitagedara	GND	357	5	0	2	0	0	1
LK-1209515	Aluthepola West	Aluthepola West	GND	520	2	0	0	0	0	1
LK-1209520	Thotillagahawatta	Thotillagahawatta	GND	413	0	0	0	0	0	1
LK-1209525	Katuwellegama South	Katuwellegama South	GND	471	7	0	0	0	0	0
LK-1209530	Palugahawela	Palugahawela	GND	402	5	0	0	0	0	0
LK-1209535	Dagonna South	Dagonna South	GND	927	6	0	0	0	0	0
LK-1209540	Hapuwalana South	Hapuwalana South	GND	231	0	0	0	0	0	0
LK-1209545	Hapuwalana	Hapuwalana	GND	234	0	0	0	0	0	0
LK-1209550	Bomugammana North	Bomugammana North	GND	558	1	0	0	0	0	0
LK-1209555	Bomugammana South	Bomugammana South	GND	296	0	1	0	0	0	0
LK-1209560	Pinnalanda	Pinnalanda	GND	232	1	0	0	0	0	0
LK-1209565	Divulapitiya	Divulapitiya	GND	489	2	0	0	0	0	0
LK-1209570	Balagalla East	Balagalla East	GND	248	2	0	0	0	0	0
LK-1209575	Ullalapola East	Ullalapola East	GND	319	2	1	0	0	0	0
LK-1209580	Ullalapola West	Ullalapola West	GND	358	2	0	0	0	0	0
LK-1209585	Wewagedara	Wewagedara	GND	292	5	1	0	0	0	0
LK-1209590	Horagasmulla	Horagasmulla	GND	476	5	0	0	0	0	0
LK-1209595	Assennawatta East	Assennawatta East	GND	989	15	0	0	0	0	2
LK-1209600	Hapuwalana North	Hapuwalana North	GND	235	1	0	0	0	0	0
LK-1209605	Assennawatta West	Assennawatta West	GND	293	7	0	0	0	0	0
LK-1209610	Weragodamulla	Weragodamulla	GND	640	5	0	0	0	0	2
LK-1209615	Aluthepola East	Aluthepola East	GND	402	2	0	0	0	0	0
LK-1212	Mirigama	Mirigama	DSD	49124	554	36	19	0	8	82
LK-1212005	Nalla	Nalla	GND	1164	18	0	0	0	0	2
LK-1212010	Giriullagama	Giriullagama	GND	464	7	1	0	0	0	0
LK-1212015	Loluwagoda	Loluwagoda	GND	709	3	4	1	0	0	0
LK-1212020	Delwala South	Delwala South	GND	241	13	0	0	0	0	0
LK-1212025	Delwala	Delwala	GND	232	1	0	1	0	0	0
LK-1212030	Loluwagoda South	Loluwagoda South	GND	328	4	0	0	0	0	1
LK-1212035	Madurupitiya	Madurupitiya	GND	245	1	1	0	0	0	1
LK-1212040	Hapugahagedara	Hapugahagedara	GND	287	3	0	0	0	0	0
LK-1212045	Kandangamuwa	Kandangamuwa	GND	422	1	0	0	0	0	0
LK-1212050	Henegama	Henegama	GND	309	6	1	1	0	0	0
LK-1212055	Maladeniya	Maladeniya	GND	347	3	0	1	0	0	0
LK-1212060	Kahandawa	Kahandawa	GND	476	3	0	0	0	0	0
LK-1212065	Kandalama	Kandalama	GND	423	1	2	1	0	1	0
LK-1212070	Walbothale	Walbothale	GND	676	5	0	1	0	0	0
LK-1212075	Pirisyala	Pirisyala	GND	287	1	0	0	0	0	0
LK-1212080	Kamarangawa	Kamarangawa	GND	210	2	0	0	0	0	0
LK-1212085	Keenadeniya	Keenadeniya	GND	381	7	0	1	0	0	2
LK-1212090	Bothale Pahalagama North	Bothale Pahalagama North	GND	394	4	0	0	0	0	0
LK-1212095	Maveehena	Maveehena	GND	282	8	0	0	0	0	0
LK-1212100	Kurunduwatta	Kurunduwatta	GND	329	17	0	0	0	0	3
LK-1212105	Purana Meerigama	Purana Mirigama	GND	340	3	0	0	0	0	0
LK-1212110	Hakurukumbura	Hakurukumbura	GND	682	10	0	0	0	0	6
LK-1212115	Mugurugampala	Mugurugampala	GND	511	2	0	0	0	1	0
LK-1212120	Vilwatta	Vilwatta	GND	420	1	0	0	0	0	0
LK-1212125	Thawalampitiya	Thawalampitiya	GND	235	5	0	0	0	1	4
LK-1212130	Bothale Pahalagama	Bothale Pahalagama	GND	314	4	0	0	0	0	0
LK-1212135	Bothale Pahalagama West	Bothale Pahalagama West	GND	265	2	0	0	0	0	0
LK-1212140	Bothale Medagama	Bothale Medagama	GND	263	2	0	0	0	0	0
LK-1212145	Bothale Pahalagama East	Bothale Pahalagama East	GND	530	5	0	0	0	0	0
LK-1212150	Thalagama East	Thalagama East	GND	141	3	0	1	0	0	0
LK-1212155	Thalagama	Thalagama	GND	226	2	0	0	0	0	0
LK-1212160	Balathawa	Balathawa	GND	249	1	0	0	0	0	4
LK-1212165	Makoora	Makoora	GND	144	1	0	0	0	0	0
LK-1212170	Pottekanda	Pottekanda	GND	180	2	0	0	0	0	0
LK-1212175	Bothale Ihalagama	Bothale Ihalagama	GND	262	3	0	0	0	0	0
LK-1212180	Andagalakanda	Andagalakanda	GND	173	1	0	0	0	0	0
LK-1212185	Halugama Ihala	Halugama Ihala	GND	241	3	0	0	0	0	0
LK-1212190	Kindiwala	Kindiwala	GND	159	0	0	0	0	0	0
LK-1212195	Halugama Pahala	Halugama Pahala	GND	155	0	1	0	0	0	0
LK-1212200	Meerigama	Mirigama	GND	99	0	2	2	0	0	0
LK-1212205	Walawwatta	Walawwatta	GND	338	15	2	1	0	0	0
LK-1212210	Thilinagama	Thilinagama	GND	342	9	0	0	0	0	0
LK-1212215	Vijayarajadahana	Vijayarajadahana	GND	247	0	1	0	0	0	0
LK-1212220	Neligama Ihala	Neligama Ihala	GND	148	0	0	0	0	0	0
LK-1212225	Neligama Central	Neligama Central	GND	220	1	0	0	0	0	0
LK-1212230	Neligama	Neligama	GND	296	0	0	1	0	0	0
LK-1212235	Lindara	Lindara	GND	282	1	0	0	0	0	0
LK-1212240	Halugama	Halugama	GND	428	4	0	0	0	0	0
LK-1212245	Siyambalagoda	Siyambalagoda	GND	216	2	0	0	0	0	0
LK-1212250	Lindara Pahala	Lindara Pahala	GND	169	2	0	0	0	0	0
LK-1212255	Pohonnaruwa	Pohonnaruwa	GND	361	4	0	0	0	0	2
LK-1212260	Indiparape	Indiparape	GND	291	2	0	0	0	0	1
LK-1212265	Kosetadeniya	Kosetadeniya	GND	211	7	0	1	0	0	1
LK-1212270	Imbulanwala	Imbulanwala	GND	255	7	0	0	0	0	0
LK-1212275	Uduulla	Uduulla	GND	156	6	3	0	0	0	0
LK-1212280	Gaspe	Gaspe	GND	448	2	0	0	0	0	0
LK-1212285	Banduragoda	Banduragoda	GND	280	0	1	0	0	0	0
LK-1212290	Keppitiwalana	Keppitiwalana	GND	389	6	0	0	0	0	2
LK-1212295	Gaspe Pahalagama	Gaspe Pahalagama	GND	243	1	0	0	0	0	0
LK-1212300	Galgana	Galgana	GND	127	1	0	0	0	0	1
LK-1212305	Pelapitigama	Pelapitigama	GND	402	7	0	0	0	0	0
LK-1212310	Elhena	Elhena	GND	516	12	0	0	0	0	0
LK-1212315	Ganegoda	Ganegoda	GND	329	2	0	0	0	0	0
LK-1212320	Hiriwala	Hiriwala	GND	518	1	3	0	0	0	0
LK-1212325	Handurumulla	Handurumulla	GND	211	2	0	0	0	0	0
LK-1212330	Pamunuwatta	Pamunuwatta	GND	391	3	0	0	0	0	2
LK-1212335	Lindara Ihala	Lindara Ihala	GND	140	1	0	0	0	0	0
LK-1212340	Arukgoda	Arukgoda	GND	148	8	0	0	0	0	0
LK-1212345	Madabavita	Madabavita	GND	369	13	0	0	0	0	0
LK-1212350	Madabavita Ihalagama	Madabavita Ihalagama	GND	277	5	0	0	0	0	0
LK-1212355	Newgala	Newgala	GND	291	3	0	1	0	0	0
LK-1212360	Danovita	Danovita	GND	420	12	0	0	0	0	2
LK-1212365	Weweldeniya Pahalagama	Weweldeniya Pahalagama	GND	281	2	0	0	0	0	0
LK-1212370	Weweldeniya Pahalagama West	Weweldeniya Pahalagama West	GND	410	1	0	0	0	0	0
LK-1212375	Henepola	Henepola	GND	161	2	0	0	0	0	0
LK-1212380	Palmada	Palmada	GND	208	4	0	1	0	0	1
LK-1212385	Kal/ Pallewela	Kal/Pallewela	GND	310	8	1	0	0	0	0
LK-1212390	Raddalgoda	Raddalgoda	GND	259	2	2	0	0	0	0
LK-1212395	Ihala Bokalagama	Ihala Bokalagama	GND	339	5	0	0	0	0	0
LK-1212400	Pahala Bokalagama	Pahala Bokalagama	GND	639	3	0	0	0	0	1
LK-1212405	Kukulnape	Kukulnape	GND	209	0	0	0	0	0	0
LK-1212410	Gaspe South	Gaspe South	GND	243	0	0	0	0	0	0
LK-1212415	Muddaragama	Muddaragama	GND	281	2	3	0	0	0	0
LK-1212420	Hanchapola	Hanchapola	GND	296	2	0	0	0	0	0
LK-1212425	Hirikuluwa	Hirikuluwa	GND	190	0	0	0	0	0	0
LK-1212430	Pathagama	Pathagama	GND	207	1	2	0	0	0	0
LK-1212435	Borukgamuwa West	Borukgamuwa West	GND	255	4	0	0	0	0	0
LK-1212440	Borukgamuwa	Borukgamuwa	GND	328	1	0	0	0	0	2
LK-1212445	Pallewela	Pallewela	GND	208	1	0	0	0	0	0
LK-1212450	Weragoda/ Kakkele	Weragoda/Kakkele	GND	358	1	0	0	0	0	1
LK-1212455	Hansagiriya	Hansagiriya	GND	532	8	0	0	0	0	0
LK-1212460	Wellevilamulla North	Wellevilamulla North	GND	282	3	0	0	0	0	0
LK-1212465	Wellevilamulla	Wellevilamulla	GND	256	0	0	0	0	0	0
LK-1212470	Udawela	Udawela	GND	426	1	0	0	0	0	1
LK-1212475	Hapitigama	Hapitigama	GND	303	2	0	0	0	0	0
LK-1212480	Makkanigoda North	Makkanigoda North	GND	481	3	0	0	0	0	0
LK-1212485	Pahalawela	Pahalawela	GND	185	2	0	0	0	0	0
LK-1212490	Millawala	Millawala	GND	353	4	1	0	0	0	4
LK-1212495	Weweldeniya Ihalagama West	Weweldeniya Ihalagama West	GND	192	4	0	0	0	1	0
LK-1212500	Weweldeniya Ihalagama	Weweldeniya Ihalagama	GND	233	2	0	0	0	4	3
LK-1212505	Kotadeniya	Kotadeniya	GND	281	9	0	0	0	0	1
LK-1212510	Ilukpatha/ Weragoda	Ilukpatha/Weragoda	GND	330	12	0	0	0	0	0
LK-1212515	Hedidenikanda	Hedidenikanda	GND	209	6	0	0	0	0	0
LK-1212520	Radawadunna	Radawadunna	GND	311	3	0	0	0	0	0
LK-1212525	Bataleeya	Bataleeya	GND	329	0	0	0	0	0	2
LK-1212530	Bataleeya South	Bataleeya South	GND	264	0	0	0	0	0	3
LK-1212535	Bolana	Bolana	GND	237	5	0	0	0	0	1
LK-1212540	Mallehewa	Mallehewa	GND	248	1	0	0	0	0	0
LK-1212545	Webadamulla	Webadamulla	GND	630	3	0	0	0	0	0
LK-1212550	Weragoda	Weragoda	GND	262	0	0	0	0	0	0
LK-1212555	Midellawala	Midellawala	GND	132	6	0	0	0	0	1
LK-1212560	Kendalanda	Kendalanda	GND	314	2	0	0	0	0	1
LK-1212565	Nungamuwa	Nungamuwa	GND	378	1	0	2	0	0	0
LK-1212570	Uthuwanbogahawatta	Uthuwanbogahawatta	GND	459	2	1	0	0	0	2
LK-1212575	Maligathenna Pahala	Maligathenna Pahala	GND	469	20	0	0	0	0	1
LK-1212580	Maligathenna Central	Maligathenna Central	GND	538	7	0	0	0	0	4
LK-1212585	Wandurawa	Wandurawa	GND	500	14	1	0	0	0	0
LK-1212590	Galgamuwa West	Galgamuwa West	GND	471	0	0	0	0	0	0
LK-1212595	Galgamuwa East	Galgamuwa East	GND	288	2	1	0	0	0	0
LK-1212600	Kumbaloluwa	Kumbaloluwa	GND	146	2	0	0	0	0	0
LK-1212605	Kumbaloluwa Ihala	Kumbaloluwa Ihala	GND	339	4	0	0	0	0	0
LK-1212610	Kumbaloluwa Pahala	Kumbaloluwa Pahala	GND	321	1	0	0	0	0	0
LK-1212615	Dumunnegedara South	Dumunnegedara South	GND	206	5	0	0	0	0	0
LK-1212620	Dumunnegedara	Dumunnegedara	GND	231	2	0	0	0	0	0
LK-1212625	Pasyala	Pasyala	GND	316	1	0	0	0	0	0
LK-1212630	Pasyala West	Pasyala West	GND	222	0	0	0	0	0	0
LK-1212635	Muruthawala	Muruthawala	GND	174	3	1	1	0	0	0
LK-1212640	Kithanawatta	Kithanawatta	GND	783	4	0	1	0	0	0
LK-1212645	Kammalpitiya	Kammalpitiya	GND	393	2	0	0	0	0	0
LK-1212650	Radawadunna Central	Radawadunna Central	GND	289	3	0	0	0	0	0
LK-1212655	Imbulgasovita	Imbulgasovita	GND	276	2	0	0	0	0	7
LK-1212660	Radawadunna Pahala	Radawadunna Pahala	GND	219	3	0	0	0	0	0
LK-1212665	Weerasooriyakanda	Weerasooriyakanda	GND	484	12	0	0	0	0	0
LK-1212670	Pasyala East	Pasyala East	GND	300	0	1	0	0	0	0
LK-1212675	Udugama	Udugama	GND	441	4	0	0	0	0	0
LK-1212680	Panawala	Panawala	GND	268	1	0	0	0	0	0
LK-1212685	Delgahamedilla	Delgahamedilla	GND	380	1	0	0	0	0	1
LK-1212690	Mottunna West	Mottunna West	GND	290	5	0	0	0	0	1
LK-1212695	Mottunna	Mottunna	GND	240	0	0	0	0	0	0
LK-1212700	Maligathenna	Maligathenna	GND	703	1	0	0	0	0	2
LK-1212705	Kureekotuwa	Kureekotuwa	GND	961	5	0	0	0	0	1
LK-1212710	Hakwadunna	Hakwadunna	GND	314	4	0	0	0	0	0
LK-1212715	Kureekotuwa Pahala	Kureekotuwa Pahala	GND	260	6	0	0	0	0	1
LK-1212720	Ellalamulla	Ellalamulla	GND	533	8	0	0	0	0	1
LK-1212725	Debahera	Debahera	GND	357	6	0	0	0	0	4
LK-1212730	Mawathahena	Mawathahena	GND	348	5	0	0	0	0	0
LK-1212735	Meevitiya	Meevitiya	GND	508	1	0	0	0	0	0
LK-1212740	Ketakalapitiya	Ketakalapitiya	GND	207	2	0	0	0	0	1
LK-1212745	Dambutuwa	Dambutuwa	GND	286	3	0	0	0	0	0
LK-1215	Minuwangoda	Minuwangoda	DSD	56198	340	96	28	2	4	102
LK-1215005	Medemulla North	Medemulla North	GND	490	7	0	0	0	0	0
LK-1215010	Nilpanagoda West	Nilpanagoda West	GND	479	4	0	0	0	0	0
LK-1215015	Nilpanagoda East	Nilpanagoda East	GND	417	2	0	0	0	0	0
LK-1215020	Nilpanagoda	Nilpanagoda	GND	790	2	1	0	0	0	2
LK-1215025	Arangawa	Arangawa	GND	519	2	0	0	0	0	0
LK-1215030	Horampella North	Horampella North	GND	592	4	3	0	0	0	1
LK-1215035	Galkanda	Galkanda	GND	277	1	0	0	0	0	0
LK-1215040	Bodhipihituwala	Bodhipihituwala	GND	588	5	0	0	0	0	0
LK-1215045	Watinapaha	Watinapaha	GND	357	0	0	0	0	0	1
LK-1215050	Mabodala West	Mabodala West	GND	585	2	0	0	0	0	0
LK-1215055	Mabodala North	Mabodala North	GND	391	0	0	0	0	0	0
LK-1215060	Ihala Vithanamulla	Ihala Vithanamulla	GND	353	4	0	0	0	0	0
LK-1215065	Nalapaha	Nalapaha	GND	241	1	0	0	0	0	0
LK-1215070	Pahala Vithanamulla	Pahala Vithanamulla	GND	228	1	0	0	0	0	0
LK-1215075	Mabodala East	Mabodala East	GND	326	0	0	0	0	0	0
LK-1215080	Mabodala South	Mabodala South	GND	235	6	0	0	0	0	1
LK-1215085	Watinapaha South	Watinapaha South	GND	373	4	0	0	0	0	0
LK-1215090	Wankepumulla	Wankepumulla	GND	133	2	0	0	0	0	1
LK-1215095	Kamaragoda	Kamaragoda	GND	369	4	3	0	0	0	0
LK-1215100	Kudagoda	Kudagoda	GND	322	4	0	0	0	0	3
LK-1215105	Horampella South	Horampella South	GND	345	9	0	1	0	0	0
LK-1215110	Mahagama	Mahagama	GND	582	5	0	0	0	0	2
LK-1215115	Wegowwa South	Wegowwa South	GND	504	9	0	0	0	0	0
LK-1215120	Minuwangoda East	Minuwangoda East	GND	559	3	0	0	0	0	1
LK-1215125	Minuwangoda North	Minuwangoda North	GND	299	0	0	0	0	0	0
LK-1215130	Medemulla South	Medemulla South	GND	954	8	0	1	0	0	2
LK-1215135	Boragodawatta North	Boragodawatta North	GND	595	1	3	0	0	0	1
LK-1215140	Yatiyana	Yatiyana	GND	836	6	0	0	0	0	0
LK-1215145	Peellawatta	Peellawatta	GND	747	2	0	1	0	0	1
LK-1215150	Unnaruwa	Unnaruwa	GND	492	0	2	0	0	1	1
LK-1215155	Yatiyana Central	Yatiyana Central	GND	461	4	0	0	0	0	1
LK-1215160	Yatiyana East	Yatiyana East	GND	678	1	0	0	0	0	3
LK-1215165	Kopiwatta	Kopiwatta	GND	427	0	0	1	0	0	0
LK-1215170	Boragodawatta South	Boragodawatta South	GND	604	3	1	0	0	0	0
LK-1215175	Minuwangoda West	Minuwangoda West	GND	349	3	0	0	0	0	1
LK-1215180	Meda Minuwangoda	Meda Minuwangoda	GND	238	1	0	0	0	0	2
LK-1215185	Pansilgoda	Pansilgoda	GND	359	0	0	0	0	0	1
LK-1215190	Wegowwa East	Wegowwa East	GND	256	4	0	0	0	0	0
LK-1215195	Helakandana	Helakandana	GND	641	2	1	0	0	0	0
LK-1215200	Peralanda	Peralanda	GND	310	0	0	0	0	0	1
LK-1215205	Dewalapola	Dewalapola	GND	530	5	0	0	0	0	4
LK-1215210	Wadumulla	Wadumulla	GND	413	3	1	1	0	0	1
LK-1215215	Metikotumulla	Metikotumulla	GND	367	8	0	1	0	0	0
LK-1215220	Essella	Essella	GND	205	2	0	0	0	0	0
LK-1215225	Yatagama	Yatagama	GND	290	2	0	0	0	0	1
LK-1215230	Naiwala North	Naiwala North	GND	455	1	1	0	0	0	0
LK-1215235	Naiwala East	Naiwala East	GND	460	5	0	1	0	0	2
LK-1215240	Naiwala West	Naiwala West	GND	400	3	0	0	0	0	1
LK-1215245	Walpitamulla	Walpitamulla	GND	811	0	0	0	0	0	6
LK-1215250	Balabowa	Balabowa	GND	536	4	0	0	0	0	2
LK-1215255	Balabowa West	Balabowa West	GND	600	7	0	0	0	0	0
LK-1215260	Pethiyagoda North	Pethiyagoda North	GND	285	4	0	0	0	0	1
LK-1215265	Gallegedara	Gallegedara	GND	321	1	0	0	0	1	0
LK-1215270	Ganihimulla	Ganihimulla	GND	504	3	10	0	0	0	4
LK-1215275	Hendimahara	Hendimahara	GND	501	1	1	0	0	0	0
LK-1215280	Kalawana	Kalawana	GND	449	6	6	1	0	0	1
LK-1215285	Wattegedara	Wattegedara	GND	324	0	0	1	0	0	0
LK-1215290	Ambagahawatta	Ambagahawatta	GND	273	0	1	1	0	0	0
LK-1215295	Galloluwa East	Galloluwa East	GND	710	3	0	0	0	0	2
LK-1215300	Galloluwa	Galloluwa	GND	963	9	0	0	0	0	1
LK-1215305	Kalahugoda	Kalahugoda	GND	474	6	0	0	0	0	0
LK-1215310	Polwatta West	Polwatta west	GND	375	3	0	0	0	0	3
LK-1215315	Polwatta East	Polwatta East	GND	366	7	1	0	0	0	2
LK-1215320	Pattanduwana North	Pattanduwana North	GND	314	1	0	0	0	0	0
LK-1215325	Ellangala	Ellangala	GND	216	0	0	0	0	0	0
LK-1215330	Burullapitiya	Burullapitiya	GND	284	1	7	2	0	0	1
LK-1215335	Mathammana	Mathammana	GND	557	1	2	1	0	0	0
LK-1215340	Weediyawatta East	Weediyawatta East	GND	462	0	1	0	0	0	2
LK-1215345	Goigama	Goigama	GND	330	4	1	0	0	0	2
LK-1215350	Ihala Udugampala	Ihala Udugampala	GND	560	0	8	1	0	0	1
LK-1215355	Pethiyagoda South	Pethiyagoda South	GND	330	0	0	0	0	0	0
LK-1215360	Korase	Korase	GND	346	1	0	0	0	0	1
LK-1215365	Korase Meda	Korase Meda	GND	476	4	0	0	0	0	2
LK-1215370	Marapola	Marapola	GND	780	5	5	2	0	0	4
LK-1215375	Vigoda	Vigoda	GND	618	1	0	0	0	0	1
LK-1215380	Doranagoda East	Doranagoda East	GND	364	5	0	1	0	0	0
LK-1215385	Korase East	Korase East	GND	266	1	0	0	0	0	0
LK-1215390	Doranagoda North	Doranagoda North	GND	443	4	1	0	0	0	0
LK-1215395	Doranagoda West	Doranagoda West	GND	371	1	0	0	0	0	2
LK-1215400	Pahala Udugampola East	Pahala Udugampola East	GND	581	1	0	0	0	0	1
LK-1215405	Pahala Udugampola North	Pahala Udugampola North	GND	522	5	1	0	0	0	1
LK-1215410	Pahala Udugampola West	Pahala Udugampola West	GND	499	3	3	1	0	0	3
LK-1215415	Weediyawatta West	Weediyawatta West	GND	741	3	0	0	0	0	2
LK-1215420	Welhena	Welhena	GND	490	13	0	0	0	0	3
LK-1215425	Weliya	Weliya	GND	434	2	1	0	0	0	0
LK-1215430	Pattanduwana	Pattanduwana	GND	388	0	0	0	1	0	2
LK-1215435	Pattanduwana West	Pattanduwana West	GND	431	4	1	0	0	0	0
LK-1215440	Yagodamulla North	Yagodamulla North	GND	667	2	0	1	0	0	1
LK-1215445	Yagodamulla	Yagodamulla	GND	355	1	0	0	0	0	0
LK-1215450	Uggalboda West	Uggalboda West	GND	553	0	0	0	0	1	0
LK-1215455	Uggalboda	Uggalboda	GND	477	1	0	0	0	0	1
LK-1215460	Kehelbaddara West	Kehelbaddara West	GND	490	5	0	1	0	0	0
LK-1215465	Kehelbaddara East	Kehelbaddara East	GND	512	2	0	0	1	0	2
LK-1215470	Pahala Udugampola South	Pahala Udugampola South	GND	413	0	2	2	0	0	1
LK-1215475	Asgiriwalpola North	Asgiriwalpola North	GND	490	4	0	0	0	0	1
LK-1215480	Dombawala	Dombawala	GND	526	8	0	0	0	0	1
LK-1215485	Pedipola	Pedipola	GND	446	2	3	0	0	0	2
LK-1215490	Doranagoda South	Doranagoda South	GND	595	1	0	0	0	0	0
LK-1215495	Wathumulla	Wathumulla	GND	782	4	1	1	0	1	0
LK-1215500	Asgiriya North	Asgiriya North	GND	520	3	1	0	0	0	0
LK-1215505	Asgiriya South	Asgiriya South	GND	555	1	0	0	0	0	3
LK-1215510	Asgiriya	Asgiriya	GND	413	2	0	0	0	0	1
LK-1215515	Asgiriya West	Asgiriya West	GND	384	4	0	1	0	0	0
LK-1215520	Asgiriwalpola South	Asgiriwalpola South	GND	629	0	5	1	0	0	0
LK-1215525	Asgiriwalpola West	Asgiriwalpola West	GND	563	3	1	0	0	0	0
LK-1215530	Madelgamuwa East	Madelgamuwa East	GND	336	1	0	0	0	0	0
LK-1215535	Batapotha	Batapotha	GND	695	4	0	0	0	0	0
LK-1215540	Nedagamuwa North	Nedagamuwa North	GND	531	3	6	2	0	0	1
LK-1215545	Nedagamuwa South	Nedagamuwa South	GND	343	5	2	0	0	0	0
LK-1215550	Nedagamuwa West	Nedagamuwa West	GND	567	1	0	0	0	0	0
LK-1215555	Arachchiwatta	Arachchiwatta	GND	249	0	0	0	0	0	0
LK-1215560	Yagodamulla South	Yagodamulla South	GND	390	1	2	0	0	0	0
LK-1215565	Samurdhigama	Samurdhigama	GND	318	5	0	0	0	0	0
LK-1215570	Opatha	Opatha	GND	716	1	4	0	0	0	0
LK-1215575	Kotugoda 2	Kotugoda 2	GND	395	1	1	1	0	0	0
LK-1215580	Kotugoda 1	Kotugoda 1	GND	321	0	0	0	0	0	0
LK-1215585	Maduruvita	Maduruvita	GND	509	1	0	0	0	0	2
LK-1215590	Siyambalapitiya	Siyambalapitiya	GND	583	2	0	0	0	0	0
LK-1215595	Madelgamuwa West	Madelgamuwa West	GND	437	2	0	0	0	0	0
LK-1215600	Thammita West	Thammita West	GND	278	6	0	0	0	0	1
LK-1215605	Thammita	Thammita	GND	444	5	2	0	0	0	0
LK-1218	Wattala	Wattala	DSD	48712	317	119	45	4	2	101
LK-1218005	Pamunugama	Pamunugama	GND	698	1	1	3	0	0	2
LK-1218010	Maha Pamunugama	Maha Pamunugama	GND	492	3	16	0	0	0	2
LK-1218015	Delathura West	Delathura West	GND	714	5	1	0	0	0	12
LK-1218020	Delathura East	Delathura East	GND	394	3	0	0	0	0	2
LK-1218025	Bopitiyathuduwa	Bopitiyathuduwa	GND	592	16	0	0	0	0	0
LK-1218030	Bopitiya	Bopitiya	GND	661	5	0	2	0	0	11
LK-1218035	Pulluhena	Pulluhena	GND	505	0	2	1	0	0	0
LK-1218040	Paranambalama	Paranambalama	GND	805	1	7	0	0	0	7
LK-1218045	Nugape	Nugape	GND	420	3	1	0	0	0	1
LK-1218050	Kunjawatta	Kunjawatta	GND	957	1	2	0	0	0	3
LK-1218055	Mangulpokuna	Mangulpokuna	GND	1207	0	1	6	0	0	1
LK-1218060	Elehiwatta	Elehiwatta	GND	1299	4	0	0	0	0	0
LK-1218065	Welisara	Welisara	GND	1142	2	25	2	1	0	1
LK-1218070	Pattiyawala	Pattiyawala	GND	1447	18	0	0	0	0	8
LK-1218075	Uswetakeiyawa	Uswetakeiyawa	GND	1132	9	3	0	0	0	4
LK-1218080	Mahabage	Mahabage	GND	1067	1	7	3	0	0	0
LK-1218085	Elapitiwala	Elapitiwala	GND	1363	3	1	0	3	0	0
LK-1218090	Horapethuduwa	Horapethuduwa	GND	592	2	3	1	0	0	1
LK-1218095	Horape	Horape	GND	623	3	0	2	0	0	0
LK-1218100	Kurukulawa North	Kurukulawa North	GND	780	4	1	4	0	0	0
LK-1218105	Kurukulawa South	Kurukulawa South	GND	727	5	1	0	0	0	0
LK-1218110	Heenkenda	Heenkenda	GND	942	8	0	0	0	0	3
LK-1218115	Thuduwegedara	Thuduwegedara	GND	727	4	5	0	0	0	2
LK-1218120	Galudupita	Galudupita	GND	1197	6	0	0	0	0	0
LK-1218125	Mattumagala	Mattumagala	GND	1557	8	5	1	0	0	0
LK-1218130	Kerangapokuna	Kerangapokuna	GND	774	13	0	1	0	0	0
LK-1218135	Kerawalapitiya	Kerawalapitiya	GND	3544	27	4	5	0	0	3
LK-1218140	Matagoda	Matagoda	GND	2087	5	5	2	0	0	1
LK-1218145	Balagala	Balagala	GND	2284	24	2	1	0	0	4
LK-1218150	Dikovita	Dikovita	GND	425	0	0	0	0	0	0
LK-1218155	Palliyawatta North	Palliyawatta North	GND	1305	12	1	1	0	0	3
LK-1218160	Elakanda	Elakanda	GND	752	1	0	0	0	0	2
LK-1218165	Nayakakanda North	Nayakakanda North	GND	610	1	0	0	0	1	0
LK-1218170	Mabola	Mabola	GND	936	4	1	0	0	0	0
LK-1218175	Welikadamulla	Welikadamulla	GND	2409	19	2	1	0	1	5
LK-1218180	Wattala	Wattala	GND	823	6	2	1	0	0	1
LK-1218185	Hendala North	Hendala North	GND	1197	15	1	1	0	0	6
LK-1218190	Hendala South	Hendala South	GND	1167	2	1	1	0	0	1
LK-1218195	Nayakakanda South	Nayakakanda South	GND	818	0	1	0	0	0	1
LK-1218200	Thimbirigasyaya	Thimbirigasyaya	GND	1222	5	2	3	0	0	0
LK-1218205	Palliyawatta South	Palliyawatta South	GND	994	8	3	0	0	0	1
LK-1218210	Kurunduhena	Kurunduhena	GND	927	5	2	0	0	0	1
LK-1218215	Evariwatta	Evariwatta	GND	1230	2	5	1	0	0	0
LK-1218220	Telangapatha	Telangapatha	GND	1152	46	3	2	0	0	5
LK-1218225	Galwetiya	Galwetiya	GND	714	0	0	0	0	0	5
LK-1218230	Hekitta	Hekitta	GND	1302	7	2	0	0	0	2
LK-1221	Ja Ela	Ja-Ela	DSD	56833	326	157	50	1	12	310
LK-1221005	Mahawatta	Mahawatta	GND	3267	5	9	2	0	2	2
LK-1221010	Dandugama	Dandugama	GND	730	7	3	0	0	0	115
LK-1221015	Dehiyagatha North	Dehiyagatha North	GND	522	4	2	3	0	0	0
LK-1221020	Kudahakapola North	Kudahakapola North	GND	514	4	0	0	0	0	0
LK-1221025	Gallawatta	Gallawatta	GND	1639	20	2	1	0	0	0
LK-1221030	Ekala	Ekala	GND	1045	1	2	0	0	0	0
LK-1221035	Dehiyagatha South	Dehiyagatha South	GND	308	5	0	0	0	0	0
LK-1221040	Kudahakapola South	Kudahakapola South	GND	495	1	0	0	0	0	0
LK-1221045	Ekala Kurunduwatta	Ekala Kurunduwatta	GND	638	4	0	0	0	0	1
LK-1221050	Vishakawatta	Vishakawatta	GND	1257	2	2	2	0	0	1
LK-1221055	Thudella North	Thudella North	GND	684	0	0	2	0	0	0
LK-1221060	Thudella West	Thudella West	GND	994	9	0	0	0	1	2
LK-1221065	Thudella South	Thudella South	GND	406	1	3	0	0	0	0
LK-1221070	Kanuwana	Kanuwana	GND	758	14	2	1	0	0	1
LK-1221075	Alexendrawatta	Alexendrawatta	GND	1549	1	4	3	0	1	21
LK-1221080	Bandigoda	Bandigoda	GND	1005	4	3	1	0	0	0
LK-1221085	Yakkaduwa	Yakkaduwa	GND	1061	9	2	0	0	0	3
LK-1221090	Nivandama North	Nivandama North	GND	1055	2	4	3	0	0	0
LK-1221095	Nivandama South	Nivandama South	GND	964	7	2	0	0	0	2
LK-1221100	Batagama North	Batagama North	GND	1124	0	0	0	0	0	2
LK-1221105	Maeliya	Maeliya	GND	1158	2	0	0	0	0	7
LK-1221110	Ja-Ela	Ja-Ela	GND	607	5	15	1	0	0	0
LK-1221115	Weligampitiya North	Weligampitiya North	GND	529	0	1	0	0	1	0
LK-1221120	Indivitiya	Indivitiya	GND	817	7	1	1	0	1	5
LK-1221125	Wewala	Wewala	GND	1093	2	0	0	0	0	0
LK-1221130	Weligampitiya South	Weligampitiya South	GND	1190	6	0	1	0	0	1
LK-1221135	Thumpeliya	Thumpeliya	GND	863	4	0	0	0	0	0
LK-1221140	Indiminna	Indiminna	GND	963	2	0	0	0	0	0
LK-1221145	Dolahena	Dolahena	GND	739	0	0	1	0	0	0
LK-1221150	Hapugoda West	Hapugoda West	GND	492	2	0	7	0	0	3
LK-1221155	Kapuwatta	Kapuwatta	GND	1617	4	17	2	0	0	1
LK-1221160	Kalaeliya	Kalaeliya	GND	699	5	1	0	0	0	2
LK-1221165	Nedurupitiya	Nedurupitiya	GND	647	1	0	1	0	1	0
LK-1221170	Rilavulla	Rilavulla	GND	803	15	0	4	0	0	0
LK-1221175	Kandana East	Kandana East	GND	235	0	8	0	0	0	0
LK-1221180	Kandana West	Kandana West	GND	470	1	0	0	0	0	1
LK-1221185	Uswatta	Uswatta	GND	1001	6	3	0	1	1	0
LK-1221190	Hapugoda Central	Hapugoda Central	GND	610	5	2	0	0	0	0
LK-1221195	Batagama South	Batagama South	GND	938	5	3	1	0	0	1
LK-1221200	Polpitimookalana	Polpitimookalana	GND	1559	13	1	1	0	0	0
LK-1221205	Batuwatta West	Batuwatta West	GND	1155	9	0	0	0	0	0
LK-1221210	Batuwatta East	Batuwatta East	GND	1069	12	0	0	0	0	6
LK-1221215	Walpola East	Walpola East	GND	1209	9	4	0	0	0	1
LK-1221220	Jayasrigama	Jayasrigama	GND	1143	0	20	0	0	0	1
LK-1221225	Hapugoda East	Hapugoda East	GND	830	3	0	0	0	1	1
LK-1221230	Nagoda	Nagoda	GND	999	1	5	0	0	0	2
LK-1221235	Jayasamarugama	Jayasamarugama	GND	1347	5	11	2	0	0	108
LK-1221240	Peralanda	Peralanda	GND	1573	49	0	3	0	1	0
LK-1221245	Podiveekumbura	Podiveekumbura	GND	1582	5	0	1	0	1	1
LK-1221250	Walpola West	Walpola West	GND	1269	12	2	0	0	0	2
LK-1221255	Narangodapaluwa West	Narangodapaluwa West	GND	1102	8	1	1	0	1	3
LK-1221260	Narangodapaluwa East	Narangodapaluwa East	GND	1255	8	0	1	0	0	0
LK-1221265	Thewatta	Thewatta	GND	1095	3	6	0	0	0	3
LK-1221270	Ragama	Ragama	GND	1092	8	2	1	0	0	1
LK-1221275	Ketagewatta	Ketagewatta	GND	996	5	4	0	0	0	2
LK-1221280	Dambuwa	Dambuwa	GND	1129	3	2	0	0	0	5
LK-1221285	Rampitiya	Rampitiya	GND	943	1	8	3	0	0	3
LK-1224	Gampaha	Gampaha	DSD	57149	239	339	59	1	4	68
LK-1224005	Makevita North	Makevita North	GND	504	3	0	0	0	0	0
LK-1224010	Makevita South	Makevita South	GND	429	8	0	0	0	2	1
LK-1224015	Mabima	Mabima	GND	471	0	0	0	0	0	0
LK-1224020	Gonagaha II	Gonagaha II	GND	452	1	0	0	0	0	0
LK-1224025	Welikada	Welikada	GND	331	3	1	0	0	0	0
LK-1224030	Gonagaha I	Gonagaha i	GND	264	1	0	0	0	0	0
LK-1224035	Ambanvita	Ambanvita	GND	202	2	0	0	0	0	0
LK-1224040	Kirindivita	Kirindivita	GND	275	2	0	1	0	0	1
LK-1224045	Akaravita	Akaravita	GND	481	3	1	0	0	0	1
LK-1224050	Pahalagama	Pahalagama	GND	384	0	11	1	0	0	0
LK-1224055	Medagama II	Medagama ii	GND	531	1	1	0	1	0	5
LK-1224060	Ihalagama West	Ihalagama West	GND	554	1	3	4	0	0	0
LK-1224065	Ihalagama East	Ihalagama East	GND	602	5	0	0	0	0	1
LK-1224070	Gampaha Aluthgama North	Gampaha Aluthgama North	GND	620	0	14	1	0	0	1
LK-1224075	Karanekamulla	Karanekamulla	GND	200	1	0	0	0	0	0
LK-1224080	Baduwathugoda	Baduwathugoda	GND	331	2	0	0	0	0	0
LK-1224085	Boraliyawatha	Boraliyawatha	GND	363	0	1	0	0	0	4
LK-1224090	Thittalapitigoda	Thittalapitigoda	GND	364	0	0	0	0	0	0
LK-1224095	Aluthgama Bogamuwa North	Aluthgama Bogamuwa North	GND	1115	3	0	3	0	0	3
LK-1224100	Aluthgama Bogamuwa South	Aluthgama Bogamuwa South	GND	621	0	4	1	0	0	0
LK-1224105	Mahipalagoda	Mahipalagoda	GND	481	0	0	0	0	0	1
LK-1224110	Morenna	Morenna	GND	415	0	0	0	0	0	0
LK-1224115	Weediyawatta	Weediyawatta	GND	382	2	0	0	0	0	0
LK-1224120	Keselwathugoda North	Keselwathugoda North	GND	831	2	5	0	0	0	0
LK-1224125	Indigolla	Indigolla	GND	481	11	0	0	0	0	2
LK-1224130	Gampaha Aluthgama West	Gampaha Aluthgama West	GND	575	2	36	1	0	0	0
LK-1224135	Bendiyamulla North	Bendiyamulla North	GND	433	0	30	7	0	0	0
LK-1224140	Medagama IV	Medagama iv	GND	393	4	14	0	0	0	0
LK-1224145	Medagama III	Medagama iii	GND	324	0	1	0	0	0	0
LK-1224150	Medagama I	Medagama i	GND	55	0	0	0	0	0	0
LK-1224155	Oruthota South	Oruthota South	GND	484	3	1	0	0	0	2
LK-1224160	Kosovita	Kosovita	GND	371	0	0	0	0	0	0
LK-1224165	Rathmalavita	Rathmalavita	GND	184	0	0	0	0	0	0
LK-1224170	Makilangamuwa	Makilangamuwa	GND	329	0	0	0	0	0	0
LK-1224175	Horagolla North	Horagolla North	GND	755	0	0	0	0	0	0
LK-1224180	Thibbotugoda	Thibbotugoda	GND	608	0	2	0	0	0	0
LK-1224185	Midellavita	Midellavita	GND	175	2	0	0	0	0	0
LK-1224190	Kudabollatha	Kudabollatha	GND	510	1	0	0	0	0	1
LK-1224195	Bollatha North	Bollatha North	GND	818	3	5	0	0	0	0
LK-1224200	Wewel Agara	Wewel Agara	GND	183	2	0	0	0	0	0
LK-1224205	Bollatha West	Bollatha West	GND	399	4	0	0	0	0	0
LK-1224210	Bollatha South	Bollatha South	GND	888	1	1	5	0	0	2
LK-1224215	Bulugahagoda West	Bulugahagoda West	GND	406	1	0	0	0	0	2
LK-1224220	Bulugahagoda East	Bulugahagoda East	GND	299	0	1	0	0	0	0
LK-1224225	Galahitiyawa North	Galahitiyawa North	GND	933	4	0	0	0	0	0
LK-1224230	Horagolla South	Horagolla South	GND	536	2	0	0	0	0	3
LK-1224235	Neduna	Neduna	GND	341	0	0	1	0	0	1
LK-1224240	Pahala Yagoda	Pahala Yagoda	GND	631	1	0	0	0	0	0
LK-1224245	Oruthota North	Oruthota North	GND	460	1	0	0	0	0	0
LK-1224250	Moragoda 1	Moragoda 1	GND	350	1	1	1	0	1	0
LK-1224255	Bendiyamulla West	Bendiyamulla West	GND	835	0	3	1	0	0	0
LK-1224260	Kidagammulla	Kidagammulla	GND	528	0	24	2	0	0	0
LK-1224265	Bendiyamulla East	Bendiyamulla East	GND	574	1	2	2	0	0	0
LK-1224270	Gampaha Aluthgama East	Gampaha Aluthgama East	GND	915	1	60	1	0	0	0
LK-1224275	Keselwathugoda South	Keselwathugoda South	GND	336	2	0	0	0	0	0
LK-1224280	Yakkala North	Yakkala North	GND	1064	3	7	6	0	0	0
LK-1224285	Galthotamulla	Galthotamulla	GND	336	0	0	1	0	0	0
LK-1224290	Yakkala West	Yakkala West	GND	541	10	2	1	0	0	1
LK-1224295	Pepolgasdeniya	Pepolgasdeniya	GND	664	1	0	1	0	0	0
LK-1224300	Yakkala East	Yakkala East	GND	364	16	3	0	0	0	0
LK-1224305	Yakkala South	Yakkala South	GND	571	2	10	2	0	0	0
LK-1224310	Henarathgoda	Henarathgoda	GND	765	0	17	1	0	0	2
LK-1224315	Mudungoda West	Mudungoda West	GND	259	1	0	0	0	0	0
LK-1224320	Moragoda 2	Moragoda 2	GND	501	2	1	0	0	0	0
LK-1224325	Ihala Yagoda North	Ihala Yagoda North	GND	755	1	0	0	0	0	0
LK-1224330	Mahena	Mahena	GND	912	1	0	0	0	0	1
LK-1224335	Ganemulla South	Ganemulla South	GND	1559	3	0	0	0	0	0
LK-1224340	Ganemulla North	Ganemulla North	GND	665	3	4	2	0	0	1
LK-1224345	Galahitiyawa East	Galahitiyawa East	GND	588	2	4	0	0	0	0
LK-1224350	Galahitiyawa South	Galahitiyawa South	GND	1046	0	0	0	0	0	0
LK-1224355	Kossinna East	Kossinna East	GND	606	2	2	0	0	0	1
LK-1224360	Amunugoda North	Amunugoda North	GND	1035	2	2	1	0	0	2
LK-1224365	Ihala Yagoda South	Ihala Yagoda South	GND	840	5	0	1	0	0	0
LK-1224370	Mudungoda South	Mudungoda South	GND	548	2	0	0	0	0	0
LK-1224375	Mudungoda North	Mudungoda North	GND	445	6	0	0	0	0	2
LK-1224380	Godagedara	Godagedara	GND	599	3	0	0	0	0	3
LK-1224385	Rathupaswala	Rathupaswala	GND	974	2	1	0	0	0	0
LK-1224390	Galloluwa	Galloluwa	GND	655	4	4	2	0	0	2
LK-1224395	Belummahara	Belummahara	GND	949	4	0	0	0	0	0
LK-1224400	Ihala Imbulgoda North	Ihala Imbulgoda North	GND	458	1	4	1	0	0	0
LK-1224405	Ihala Imbulgoda South	Ihala Imbulgoda South	GND	672	0	2	0	0	0	2
LK-1224410	Pahala Imbulgoda South	Pahala Imbulgoda South	GND	752	21	0	0	0	0	3
LK-1224415	Pahala Imbulgoda West	Pahala Imbulgoda West	GND	900	0	9	0	0	0	0
LK-1224420	Amunugoda South	Amunugoda South	GND	511	6	0	0	0	0	1
LK-1224425	Parakandeniya North 1	Parakandeniya North 1	GND	584	2	8	0	0	0	0
LK-1224430	Kossinna West 1	Kossinna West 1	GND	548	4	0	0	0	0	1
LK-1224435	Katuwalamulla North	Katuwalamulla North	GND	523	2	5	2	0	0	1
LK-1224440	Kossinna West 2	Kossinna West 2	GND	639	2	0	1	0	0	0
LK-1224445	Katuwalamulla South	Katuwalamulla South	GND	485	1	0	0	0	0	1
LK-1224450	Parakandeniya North 2	Parakandeniya North 2	GND	556	2	1	0	0	0	1
LK-1224455	Parakandeniya	Parakandeniya	GND	595	1	10	1	0	0	0
LK-1224460	Pahala Imbulgoda East	Pahala Imbulgoda East	GND	315	1	0	0	0	0	2
LK-1224465	Embaraluwa North 2	Embaraluwa North 2	GND	460	4	0	0	0	0	2
LK-1224470	Embaraluwa North 1	Embaraluwa North 1	GND	671	1	3	0	0	0	0
LK-1224475	Weliweriya West	Weliweriya West	GND	825	5	1	1	0	0	4
LK-1224480	Nedungamuwa	Nedungamuwa	GND	645	5	2	1	0	0	0
LK-1224485	Weliweriya East	Weliweriya East	GND	680	8	4	0	0	0	1
LK-1224490	Weliweriya North	Weliweriya North	GND	814	0	0	0	0	0	0
LK-1224495	Weliweriya South	Weliweriya South	GND	495	4	1	0	0	0	0
LK-1224500	Embaraluwa South 1	Embaraluwa South 1	GND	570	1	8	0	0	1	2
LK-1224505	Embaraluwa South 2	Embaraluwa South 2	GND	898	6	2	2	0	0	1
LK-1227	Attanagalla	Attanagalla	DSD	53955	345	59	26	0	3	61
LK-1227005	Eluwapitiya West	Eluwapitiya West	GND	372	3	0	0	0	0	0
LK-1227010	Eluwapitiya	Eluwapitiya	GND	482	4	0	0	0	0	0
LK-1227015	Hiripitiya West	Hiripitiya West	GND	421	3	0	0	0	0	0
LK-1227020	Hiripitiya North	Hiripitiya North	GND	431	0	0	0	0	0	0
LK-1227025	Hiripitiya Central	Hiripitiya Central	GND	118	2	0	0	0	0	0
LK-1227030	Hiripitiya East	Hiripitiya East	GND	350	1	1	0	0	0	0
LK-1227035	Thalgasmote West	Thalgasmote West	GND	221	0	0	0	0	0	0
LK-1227040	Thalgasmote	Thalgasmote	GND	183	2	0	0	0	0	0
LK-1227045	Thalgasmote East	Thalgasmote East	GND	246	2	0	0	0	0	0
LK-1227050	Udammita	Udammita	GND	338	1	0	0	0	0	0
LK-1227055	Humbutiyawa West	Humbutiyawa West	GND	278	1	0	0	0	0	2
LK-1227060	Humbutiyawa	Humbutiyawa	GND	288	3	0	0	0	0	2
LK-1227065	Parana Veyangoda	Parana Veyangoda	GND	328	0	1	0	0	0	1
LK-1227070	Kongasdeniya	Kongasdeniya	GND	220	1	0	0	0	0	1
LK-1227075	Wedagama	Wedagama	GND	347	0	0	0	0	0	0
LK-1227080	Kalalpitiya	Kalalpitiya	GND	794	3	0	0	0	0	1
LK-1227085	Nawagamuwa	Nawagamuwa	GND	234	1	0	1	0	0	1
LK-1227090	Napagoda	Napagoda	GND	321	0	0	0	0	0	0
LK-1227095	Nittambuwa South	Nittambuwa South	GND	234	0	1	0	0	0	0
LK-1227100	Nittambuwa North	Nittambuwa North	GND	221	0	0	2	0	0	0
LK-1227105	Nittambuwa East	Nittambuwa East	GND	221	2	0	0	0	0	0
LK-1227110	Kolawatta	Kolawatta	GND	240	0	13	0	0	0	0
LK-1227115	Pattalagedara East	Pattalagedara East	GND	432	0	0	0	0	0	0
LK-1227120	Pattalagedara	Pattalagedara	GND	585	1	0	0	0	0	0
LK-1227125	Hiripitiya South	Hiripitiya South	GND	318	0	0	0	0	0	0
LK-1227130	Wataddara	Wataddara	GND	376	0	0	0	0	0	0
LK-1227135	Wataddara West	Wataddara West	GND	450	0	2	6	0	0	0
LK-1227140	Magalegoda	Magalegoda	GND	418	4	0	0	0	0	2
LK-1227145	Magalegoda South	Magalegoda South	GND	466	0	0	2	0	0	2
LK-1227150	Heendeniya	Heendeniya	GND	235	4	0	0	0	0	0
LK-1227155	Pattigoda	Pattigoda	GND	258	1	1	0	0	0	1
LK-1227160	Wataddara South	Wataddara South	GND	271	0	1	0	0	0	0
LK-1227165	Hiripitiya Pahala	Hiripitiya Pahala	GND	165	5	1	0	0	0	2
LK-1227170	Danvilana	Danvilana	GND	192	0	0	0	0	0	0
LK-1227175	Dadagamuwa East	Dadagamuwa East	GND	315	4	0	0	0	0	0
LK-1227180	Pinnagolla	Pinnagolla	GND	498	7	9	3	0	0	0
LK-1227185	Egoda Nittambuwa	Egoda Nittambuwa	GND	218	0	0	0	0	0	0
LK-1227190	Horagollagama	Horagollagama	GND	479	4	0	0	0	0	1
LK-1227195	Nambadaluwa West	Nambadaluwa West	GND	109	0	0	0	0	0	0
LK-1227200	Nambadaluwa East	Nambadaluwa East	GND	487	1	2	3	0	0	0
LK-1227205	Ranpokunagama A Zone	Ranpokunagama A Zone	GND	423	0	2	0	0	0	0
LK-1227210	Ellakkala West	Ellakkala West	GND	889	6	0	1	0	0	0
LK-1227215	Maimbula	Maimbula	GND	578	1	0	0	0	0	0
LK-1227220	Ranpokunagama	Ranpokunagama	GND	313	0	0	0	0	0	0
LK-1227225	Ranpokunagama D Zone	Ranpokunagama D Zone	GND	321	1	0	0	0	0	0
LK-1227230	Ranpokunagama C Zone	Ranpokunagama C Zone	GND	104	0	0	0	0	0	0
LK-1227235	Ranpokunagama B Zone	Ranpokunagama B Zone	GND	407	0	0	0	0	0	0
LK-1227240	Maduwegedara	Maduwegedara	GND	723	0	1	0	0	0	0
LK-1227245	Yatiyana	Yatiyana	GND	476	3	0	0	0	0	0
LK-1227250	Orchardwatta North	Orchardwatta North	GND	301	2	0	0	0	0	1
LK-1227255	Malwatta	Malwatta	GND	683	0	0	0	0	0	0
LK-1227260	Thihariya North	Thihariya North	GND	609	2	0	0	0	0	0
LK-1227265	Katuwasgoda West	Katuwasgoda West	GND	249	1	0	0	0	0	0
LK-1227270	Katuwasgoda	Katuwasgoda	GND	306	1	0	0	0	0	0
LK-1227275	Dadagamuwa	Dadagamuwa	GND	358	0	3	0	0	0	0
LK-1227280	Mudagamuwa	Mudagamuwa	GND	308	1	0	0	0	0	2
LK-1227285	Bandarabatawala	Bandarabatawala	GND	276	3	0	0	0	0	0
LK-1227290	Pitiyegedara	Pitiyegedara	GND	293	0	2	0	0	0	0
LK-1227295	Daraluwa	Daraluwa	GND	201	2	0	0	0	0	0
LK-1227300	Bemmulla	Bemmulla	GND	420	1	1	0	0	0	3
LK-1227305	Kandaoluwawa	Kandaoluwawa	GND	475	0	0	0	0	0	0
LK-1227310	Raniswala	Raniswala	GND	243	6	0	0	0	0	0
LK-1227315	Sapugasthenna	Sapugasthenna	GND	715	0	0	0	0	0	0
LK-1227320	Thiriwanegama South	Thiriwanegama South	GND	359	2	0	0	0	0	0
LK-1227325	Thiriwanegama North	Thiriwanegama North	GND	288	1	1	1	0	0	0
LK-1227330	Halgampitiya	Halgampitiya	GND	420	0	1	0	0	0	0
LK-1227335	Kalagedihena	Kalagedihena	GND	533	4	0	0	0	0	0
LK-1227340	Thihariyagama	Thihariyagama	GND	653	5	2	0	0	0	0
LK-1227345	Thihariya East	Thihariya East	GND	1610	7	0	0	0	0	1
LK-1227350	Kalotuwawa	Kalotuwawa	GND	403	7	0	0	0	0	0
LK-1227355	Kattota	Kattota	GND	577	2	0	0	0	0	0
LK-1227360	Orchardwatta South	Orchardwatta South	GND	276	1	0	0	0	0	0
LK-1227365	Bogoda	Bogoda	GND	281	1	0	0	0	0	0
LK-1227370	Mathalana West	Mathalana West	GND	351	0	0	0	0	0	0
LK-1227375	Wathupitiwala	Wathupitiwala	GND	718	1	0	0	0	0	0
LK-1227380	Walpola	Walpola	GND	740	7	2	1	0	0	3
LK-1227385	Haggalla	Haggalla	GND	668	6	0	0	0	0	1
LK-1227390	Ellakkala	Ellakkala	GND	431	5	1	1	0	0	1
LK-1227395	Godagama West	Godagama West	GND	158	1	0	0	0	0	0
LK-1227400	Godagama	Godagama	GND	182	1	0	0	0	0	0
LK-1227405	Welikadamulla	Welikadamulla	GND	345	6	0	0	0	0	0
LK-1227410	Karasnagala	Karasnagala	GND	171	1	0	0	0	0	1
LK-1227415	Alawala North	Alawala North	GND	353	6	0	0	0	0	3
LK-1227420	Etha Udakanda	Etha Udakanda	GND	157	2	0	0	0	0	2
LK-1227425	Alawala South	Alawala South	GND	249	2	0	0	0	0	0
LK-1227430	Nikahetikanda	Nikahetikanda	GND	187	0	0	0	0	0	0
LK-1227435	Karasnagala South	Karasnagala South	GND	147	3	0	0	0	0	0
LK-1227440	Palkumbura	Palkumbura	GND	336	8	1	0	0	0	0
LK-1227445	Pelpita	Pelpita	GND	271	1	0	0	0	0	0
LK-1227450	Walaliyadda	Walaliyadda	GND	265	0	0	0	0	0	0
LK-1227455	Haggalla East	Haggalla East	GND	209	1	0	0	0	0	0
LK-1227460	Diyakade	Diyakade	GND	206	0	0	0	0	0	0
LK-1227465	Welagedara	Welagedara	GND	307	2	0	0	0	0	1
LK-1227470	Kamburagalla	Kamburagalla	GND	785	4	3	0	0	0	0
LK-1227475	Mathalana North	Mathalana North	GND	224	0	0	0	0	0	1
LK-1227480	Mathalana	Mathalana	GND	435	2	0	0	0	0	0
LK-1227485	Meewala	Meewala	GND	244	0	0	0	0	0	1
LK-1227490	Kittammahara	Kittammahara	GND	80	0	0	0	0	0	0
LK-1227495	Thihariya South	Thihariya South	GND	496	0	0	0	0	0	0
LK-1227500	Pahala Thihariya	Pahala Thihariya	GND	814	7	0	0	0	0	3
LK-1227505	Thihariya West	Thihariya West	GND	377	3	0	0	0	0	1
LK-1227510	Bogamuwa	Bogamuwa	GND	187	1	0	0	0	0	2
LK-1227515	Mangalathiriya	Mangalathiriya	GND	329	1	0	0	0	0	0
LK-1227520	Pilankada	Pilankada	GND	183	1	1	0	0	0	0
LK-1227525	Bonegala	Bonegala	GND	417	0	2	0	0	0	1
LK-1227530	Meewala West	Meewala West	GND	275	1	0	0	0	0	0
LK-1227535	Udugoda West	Udugoda West	GND	395	4	0	0	0	0	0
LK-1227540	Mathalana East	Mathalana East	GND	427	4	0	0	0	0	0
LK-1227545	Udugoda	Udugoda	GND	247	4	0	0	0	0	0
LK-1227550	Pannila	Pannila	GND	179	0	0	0	0	0	0
LK-1227555	Hunupola	Hunupola	GND	387	6	0	0	0	0	0
LK-1227560	Halpandeniya	Halpandeniya	GND	260	2	0	0	0	0	0
LK-1227565	Urapola	Urapola	GND	300	1	0	1	0	0	0
LK-1227570	Wanduramulla	Wanduramulla	GND	352	1	0	0	0	0	0
LK-1227575	Deenapamunuwa West	Deenapamunuwa West	GND	205	0	1	0	0	0	0
LK-1227580	Deenapamunuwa	Deenapamunuwa	GND	254	0	0	0	0	0	0
LK-1227585	Yatawaka	Yatawaka	GND	215	6	0	0	0	0	0
LK-1227590	Sapugasthenna	Sapugasthenna	GND	304	3	0	0	0	0	0
LK-1227595	Bopagama	Bopagama	GND	485	22	0	0	0	0	0
LK-1227600	Bopagama East	Bopagama East	GND	203	4	0	1	0	0	0
LK-1227605	Meevitigammana	Meevitigammana	GND	366	4	0	0	0	1	0
LK-1227610	Bopetta South	Bopetta South	GND	383	1	0	0	0	0	0
LK-1227615	Bopetta	Bopetta	GND	295	2	0	1	0	0	0
LK-1227620	Nagoda	Nagoda	GND	270	7	0	0	0	0	1
LK-1227625	Kurawalana	Kurawalana	GND	528	8	0	0	0	0	1
LK-1227630	Kahatovita	Kahatovita	GND	385	0	0	0	0	0	0
LK-1227635	Kahatovita West	Kahatovita West	GND	456	1	0	0	0	0	0
LK-1227640	Ogodapola North	Ogodapola North	GND	527	2	0	0	0	0	1
LK-1227645	Ogodapola	Ogodapola	GND	195	3	0	0	0	0	0
LK-1227650	Kahambilihena	Kahambilihena	GND	232	3	0	0	0	0	0
LK-1227655	Udatuttiripitiya	Udatuttiripitiya	GND	491	4	0	0	0	0	0
LK-1227660	Mattagoda	Mattagoda	GND	364	0	0	0	0	0	1
LK-1227665	Weerangula	Weerangula	GND	359	1	0	0	0	0	1
LK-1227670	Weerangula South	Weerangula South	GND	371	3	0	0	0	0	1
LK-1227675	Koskandawala North	Koskandawala North	GND	283	0	0	0	0	0	1
LK-1227680	Kirikittamulla	Kirikittamulla	GND	144	2	0	0	0	0	0
LK-1227685	Kirikittamulla South	Kirikittamulla South	GND	297	0	0	0	0	0	0
LK-1227690	Koskandawala	Koskandawala	GND	443	2	1	1	0	1	0
LK-1227695	Opathella	Opathella	GND	260	5	0	0	0	0	0
LK-1227700	Paranagama	Paranagama	GND	345	6	0	0	0	0	0
LK-1227705	Paranagama East	Paranagama East	GND	350	12	0	1	0	0	0
LK-1227710	Aruppassa	Aruppassa	GND	441	1	0	0	0	0	1
LK-1227715	Madakotuwa West	Madakotuwa West	GND	225	0	0	0	0	0	1
LK-1227720	Madakotuwa	Madakotuwa	GND	119	0	0	0	0	0	1
LK-1227725	Rathambale	Rathambale	GND	362	2	0	0	0	1	2
LK-1227730	Walgammulla	Walgammulla	GND	305	1	1	0	0	0	0
LK-1227735	Ruwanpura	Ruwanpura	GND	251	1	0	0	0	0	0
LK-1227740	Lavulupitiya	Lavulupitiya	GND	308	5	0	0	0	0	0
LK-1227745	Galboda	Galboda	GND	202	9	0	0	0	0	1
LK-1227750	Dematalanda	Dematalanda	GND	279	2	0	0	0	0	2
LK-1227755	Happitiya	Happitiya	GND	378	8	1	0	0	0	2
LK-1230	Dompe	Dompe	DSD	46921	447	20	17	1	4	141
LK-1230005	Maryland Colony	Maryland Colony	GND	426	1	0	0	0	0	0
LK-1230010	Indurugalla	Indurugalla	GND	408	5	0	0	0	0	1
LK-1230015	Wathurugama	Wathurugama	GND	445	1	0	0	0	0	0
LK-1230020	Bandaranayakapura West	Bandaranayakapura West	GND	211	0	0	0	0	0	0
LK-1230025	Bandaranayakapura East	Bandaranayakapura East	GND	225	8	0	0	0	0	0
LK-1230030	Mailawalana	Mailawalana	GND	345	1	0	0	0	0	3
LK-1230035	Mailawalana South	Mailawalana South	GND	166	1	0	1	0	0	2
LK-1230040	Thimbirigama	Thimbirigama	GND	215	2	0	0	0	0	2
LK-1230045	Mahal Loluwa	Mahal Loluwa	GND	301	1	0	0	0	0	2
LK-1230050	Millathe Ihala	Millathe Ihala	GND	496	1	1	2	0	0	0
LK-1230055	Pingamuwa	Pingamuwa	GND	384	9	0	0	0	0	0
LK-1230060	Pahala Millathe	Pahala Millathe	GND	355	1	0	0	0	0	0
LK-1230065	Millathe	Millathe	GND	180	0	0	0	0	0	0
LK-1230070	Kirindiwela	Kirindiwela	GND	402	0	2	0	0	0	0
LK-1230075	Bogahawatta	Bogahawatta	GND	412	20	0	0	0	0	1
LK-1230080	Rambutanwatta	Rambutanwatta	GND	447	3	0	0	0	0	6
LK-1230085	Etambagahawatta	Etambagahawatta	GND	219	3	2	0	0	0	1
LK-1230090	Kannimahara	Kannimahara	GND	353	2	0	0	0	0	0
LK-1230095	Radawana North	Radawana North	GND	179	0	0	0	0	0	0
LK-1230100	Palupelpita	Palupelpita	GND	629	4	0	0	0	0	1
LK-1230105	Kithulakanda	Kithulakanda	GND	348	1	0	0	0	1	0
LK-1230110	Radawana South	Radawana South	GND	399	4	0	0	0	0	0
LK-1230115	Alliyawatta	Alliyawatta	GND	344	0	0	0	0	0	3
LK-1230120	Diyawala North	Diyawala North	GND	240	0	0	0	0	0	0
LK-1230125	Diyawala	Diyawala	GND	309	4	2	0	0	0	2
LK-1230130	Meddegama	Meddegama	GND	874	2	0	0	0	0	0
LK-1230135	Udagama	Udagama	GND	469	7	0	0	0	0	1
LK-1230140	Vihara Kumbura	Vihara Kumbura	GND	442	11	0	0	0	0	1
LK-1230145	Kuttivila	Kuttivila	GND	293	13	0	0	0	0	0
LK-1230150	Thalgaswatta	Thalgaswatta	GND	230	7	0	0	0	0	0
LK-1230155	Kendagolla	Kendagolla	GND	331	27	0	0	0	0	0
LK-1230160	Udawela	Udawela	GND	207	11	0	0	0	0	3
LK-1230165	Kirimetiyawatta	Kirimetiyawatta	GND	236	5	1	0	0	0	4
LK-1230170	Hiswella	Hiswella	GND	161	0	0	0	0	0	0
LK-1230175	Kiriwana	Kiriwana	GND	216	10	0	0	0	0	3
LK-1230180	Meddegama North	Meddegama North	GND	233	3	0	0	0	0	0
LK-1230185	Meddegama South	Meddegama South	GND	298	2	0	0	0	0	0
LK-1230190	Werahera	Werahera	GND	328	4	0	0	0	0	0
LK-1230195	Pallegama South	Pallegama South	GND	379	2	0	0	0	0	0
LK-1230200	Pallegama	Pallegama	GND	188	2	0	0	0	0	0
LK-1230205	Anuragoda	Anuragoda	GND	342	5	1	1	0	0	3
LK-1230210	Weralugampala	Weralugampala	GND	199	2	0	1	0	0	0
LK-1230215	Nedungolla South	Nedungolla South	GND	152	0	0	0	0	0	0
LK-1230220	Nedungolla	Nedungolla	GND	259	6	0	0	0	0	1
LK-1230225	Nandarama Pedesa	Nandarama Pedesa	GND	446	0	0	0	0	0	0
LK-1230230	Mandawala North	Mandawala North	GND	425	0	0	0	0	0	0
LK-1230235	Mawatha	Mawatha	GND	350	5	0	0	0	0	1
LK-1230240	Parakadamulla	Parakadamulla	GND	274	1	0	0	0	0	0
LK-1230245	Nakandapola	Nakandapola	GND	191	0	0	0	0	0	1
LK-1230250	Keragala	Keragala	GND	272	5	0	0	0	0	0
LK-1230255	Weliketiyawatta	Weliketiyawatta	GND	375	1	0	1	0	0	2
LK-1230260	Kurunduhena	Kurunduhena	GND	463	9	0	0	0	0	0
LK-1230265	Baduwatta	Baduwatta	GND	369	0	0	0	0	0	5
LK-1230270	Mandawala South	Mandawala South	GND	371	2	0	0	0	0	0
LK-1230275	Anuragoda South	Anuragoda South	GND	296	1	0	0	0	0	0
LK-1230280	Walpola	Walpola	GND	219	1	0	0	0	0	0
LK-1230285	Pepiliyawala	Pepiliyawala	GND	494	3	0	0	0	0	2
LK-1230290	Ganihigama North	Ganihigama North	GND	322	6	0	0	0	0	4
LK-1230295	Watawala	Watawala	GND	184	4	0	0	0	0	0
LK-1230300	Meethirigala	Meethirigala	GND	199	1	0	0	0	0	0
LK-1230305	Polhena	Polhena	GND	244	9	0	0	0	0	0
LK-1230310	Ganihigama South	Ganihigama South	GND	197	0	0	0	0	0	1
LK-1230315	Dangalla North	Dangalla North	GND	253	3	0	0	0	0	2
LK-1230320	Meniklanda	Meniklanda	GND	494	8	0	0	0	0	1
LK-1230325	Pelpita	Pelpita	GND	216	1	0	0	0	0	3
LK-1230330	Punchi Mandawala	Punchi Mandawala	GND	589	3	0	0	0	0	2
LK-1230335	Waharaka	Waharaka	GND	351	4	0	0	0	0	5
LK-1230340	Putupagala	Putupagala	GND	399	1	0	0	0	0	1
LK-1230345	Walaramba	Walaramba	GND	185	0	0	0	0	0	0
LK-1230350	Demalagama	Demalagama	GND	277	3	0	0	0	0	0
LK-1230355	Helummahara	Helummahara	GND	303	1	1	0	0	0	0
LK-1230360	Pananwala	Pananwala	GND	614	2	1	0	0	0	0
LK-1230365	Egoda Pelahela	Egoda Pelahela	GND	434	0	0	0	0	0	7
LK-1230370	Pelahela	Pelahela	GND	310	1	0	0	0	0	0
LK-1230375	Madurawa	Madurawa	GND	386	4	0	0	0	0	2
LK-1230380	Kajugaswatta	Kajugaswatta	GND	185	2	0	0	0	0	1
LK-1230385	Ihala Lunugama	Ihala Lunugama	GND	538	3	0	0	0	0	0
LK-1230390	Meegahawatta	Meegahawatta	GND	477	6	0	0	1	0	0
LK-1230395	Yakambe	Yakambe	GND	293	3	0	0	0	0	0
LK-1230400	Pattiyagama	Pattiyagama	GND	572	1	1	0	0	0	0
LK-1230405	Dangalla	Dangalla	GND	170	1	0	0	0	0	0
LK-1230410	Ranwala	Ranwala	GND	451	8	0	0	0	0	4
LK-1230415	Wedagama	Wedagama	GND	174	1	0	0	0	0	0
LK-1230420	Udugama	Udugama	GND	213	2	0	1	0	0	0
LK-1230425	Udakanampella South	Udakanampella South	GND	147	0	0	0	0	0	0
LK-1230430	Udakanampella	Udakanampella	GND	216	2	0	0	0	0	0
LK-1230435	Senasungoda	Senasungoda	GND	293	2	0	1	0	0	1
LK-1230440	Poogoda	Poogoda	GND	321	2	0	0	0	0	1
LK-1230445	Bangalawatta	Bangalawatta	GND	370	0	0	0	0	0	0
LK-1230450	Kumarimulla	Kumarimulla	GND	420	1	0	0	0	0	0
LK-1230455	Ovitigama	Ovitigama	GND	402	0	0	0	0	0	3
LK-1230460	Parathapakanda	Parathapakanda	GND	288	6	0	0	0	0	0
LK-1230465	Dethemulla	Dethemulla	GND	374	2	0	0	0	0	0
LK-1230470	Pahala Lunugama	Pahala Lunugama	GND	231	0	0	0	0	0	0
LK-1230475	Wanaluwawa North	Wanaluwawa North	GND	305	1	0	0	0	0	0
LK-1230480	Thelkekuna	Thelkekuna	GND	309	3	0	0	0	0	4
LK-1230485	Indolamulla	Indolamulla	GND	354	1	0	0	0	0	0
LK-1230490	Parangoda	Parangoda	GND	440	1	0	0	0	0	2
LK-1230495	Namaluwa	Namaluwa	GND	453	0	0	1	0	0	1
LK-1230500	Dekatana	Dekatana	GND	395	0	0	0	0	0	3
LK-1230505	Narampola	Narampola	GND	1046	5	3	1	0	0	1
LK-1230510	Kalukondayawa West	Kalukondayawa West	GND	637	3	0	0	0	0	5
LK-1230515	Kalukondayawa East	Kalukondayawa East	GND	321	3	1	0	0	0	4
LK-1230520	Galwalagoda	Galwalagoda	GND	542	4	0	0	0	0	4
LK-1230525	Ganegoda	Ganegoda	GND	565	2	0	0	0	0	1
LK-1230530	Dompe	Dompe	GND	1002	12	1	3	0	0	4
LK-1230535	Iddamaldeniya	Iddamaldeniya	GND	275	5	0	1	0	0	0
LK-1230540	Guruwala	Guruwala	GND	219	2	1	0	0	0	0
LK-1230545	Egoda Guruwala	Egoda Guruwala	GND	296	5	0	0	0	0	1
LK-1230550	Wanaluwawa South	Wanaluwawa South	GND	320	5	0	0	0	0	0
LK-1230555	Giridara West	Giridara West	GND	284	3	0	0	0	0	0
LK-1230560	Galpothugoda	Galpothugoda	GND	364	2	0	0	0	0	0
LK-1230565	Nikawala	Nikawala	GND	311	2	0	0	0	0	0
LK-1230570	Kapugoda	Kapugoda	GND	254	0	0	0	0	0	0
LK-1230575	Giridara	Giridara	GND	304	5	0	0	0	0	0
LK-1230580	Malinda East	Malinda East	GND	456	2	0	0	0	1	2
LK-1230585	Malinda	Malinda	GND	259	0	0	0	0	0	0
LK-1230590	Palugama	Palugama	GND	514	1	0	0	0	0	0
LK-1230595	Degawatta	Degawatta	GND	321	2	0	1	0	0	2
LK-1230600	Pahala Dompe	Pahala Dompe	GND	319	1	0	0	0	0	0
LK-1230605	Malwana	Malwana	GND	459	10	1	0	0	1	3
LK-1230610	Pahala Mapitigama	Pahala Mapitigama	GND	542	3	0	0	0	0	1
LK-1230615	Morahena	Morahena	GND	465	5	0	0	0	0	1
LK-1230620	Kimbulvilawatta	Kimbulvilawatta	GND	708	17	0	0	0	0	6
LK-1230625	Udamapitigama	Udamapitigama	GND	285	1	0	0	0	0	0
LK-1230630	Udamapitigama South	Udamapitigama South	GND	312	2	0	1	0	0	1
LK-1230635	Palugama West	Palugama West	GND	232	4	0	0	0	0	2
LK-1230640	Welgama	Welgama	GND	220	4	0	0	0	1	0
LK-1230645	Lansiyahena	Lansiyahena	GND	298	5	1	0	0	0	1
LK-1230650	Samanabedda North	Samanabedda North	GND	409	5	0	0	0	0	2
LK-1230655	Mahawalawatta	Mahawalawatta	GND	444	5	0	1	0	0	1
LK-1230660	Thittapattara	Thittapattara	GND	301	2	0	0	0	0	0
LK-1230665	Samanabedda	Samanabedda	GND	469	2	0	0	0	0	0
LK-1233	Mahara	Mahara	DSD	60808	363	251	59	40	3	243
LK-1233005	Kimbulgoda	Kimbulgoda	GND	559	3	0	2	0	0	0
LK-1233010	Pituwalgoda	Pituwalgoda	GND	441	2	0	0	0	0	2
LK-1233015	Kinigama	Kinigama	GND	599	1	0	0	0	0	3
LK-1233020	Maharagama	Maharagama	GND	586	0	1	0	0	0	0
LK-1233025	Siwralumulla	Siwralumulla	GND	458	2	0	1	0	0	1
LK-1233030	Pilikuttuwa	Pilikuttuwa	GND	525	5	4	1	0	0	4
LK-1233035	Yongammulla	Yongammulla	GND	197	6	0	1	0	0	1
LK-1233040	Ambagaspitiya	Ambagaspitiya	GND	366	2	0	0	1	1	0
LK-1233045	Warapalana	Warapalana	GND	534	0	2	0	0	0	1
LK-1233050	Kandumulla	Kandumulla	GND	266	3	0	0	0	0	0
LK-1233055	Pasgammana	Pasgammana	GND	365	8	0	0	0	1	0
LK-1233060	Maligathenna	Maligathenna	GND	399	0	0	0	0	0	0
LK-1233065	Batepola North	Batepola North	GND	259	10	0	0	0	0	0
LK-1233070	Batepola	Batepola	GND	328	7	0	0	0	0	0
LK-1233075	Amunukumbura	Amunukumbura	GND	510	2	0	0	0	0	2
LK-1233080	Malwathuhiripitiya	Malwathuhiripitiya	GND	301	2	0	0	0	0	0
LK-1233085	Buthpitiya North	Buthpitiya North	GND	120	1	0	0	0	0	0
LK-1233090	Uruwala East	Uruwala East	GND	528	24	1	0	0	0	0
LK-1233095	Uruwala West	Uruwala West	GND	526	4	0	0	0	0	0
LK-1233100	Buthpitiya South	Buthpitiya South	GND	304	3	0	0	0	0	1
LK-1233105	Neelamahara North	Neelamahara North	GND	246	0	1	0	0	0	0
LK-1233110	Neelamahara South	Neelamahara South	GND	151	1	0	0	0	0	0
LK-1233115	Aramangoda North	Aramangoda North	GND	127	6	0	0	0	0	0
LK-1233120	Puwakpitiya	Puwakpitiya	GND	332	1	0	0	0	0	0
LK-1233125	Amunukumbura South	Amunukumbura South	GND	338	4	0	0	0	0	0
LK-1233130	Balivila	Balivila	GND	293	2	0	0	0	0	0
LK-1233135	Vilimbula North	Vilimbula North	GND	557	1	0	0	0	0	1
LK-1233140	Vilimbula South	Vilimbula South	GND	889	2	0	0	0	0	1
LK-1233145	Aramangoda	Aramangoda	GND	388	4	0	0	0	0	0
LK-1233150	Kahatana	Kahatana	GND	341	1	0	0	0	0	0
LK-1233155	Henegama	Henegama	GND	678	7	5	0	0	0	0
LK-1233160	Etikehelgalla East	Etikehelgalla East	GND	444	8	0	0	0	0	1
LK-1233165	Etikehelgalla West	Etikehelgalla West	GND	413	5	0	0	0	0	3
LK-1233170	Kirikitta North	Kirikitta North	GND	378	0	0	2	0	0	0
LK-1233175	Kirikitta East	Kirikitta East	GND	466	4	0	0	0	0	0
LK-1233180	Kirikitta West	Kirikitta West	GND	649	5	1	0	0	0	0
LK-1233185	Ahugammana	Ahugammana	GND	543	3	2	1	0	0	3
LK-1233190	Naranwala South	Naranwala South	GND	521	7	0	0	0	0	0
LK-1233195	Naranwala	Naranwala	GND	868	6	2	0	0	0	0
LK-1233200	Udupila East	Udupila East	GND	835	7	0	0	0	0	0
LK-1233205	Udupila South	Udupila South	GND	605	10	2	1	0	0	4
LK-1233210	Udupila North	Udupila North	GND	1501	4	4	1	0	0	3
LK-1233215	Webada South	Webada South	GND	632	5	0	0	0	0	1
LK-1233220	Webada North	Webada North	GND	485	3	0	0	0	0	2
LK-1233225	Webada West	Webada West	GND	830	0	0	1	0	0	2
LK-1233230	Kirillawala North	Kirillawala North	GND	733	3	17	4	0	0	4
LK-1233235	Kirillawala	Kirillawala	GND	679	3	0	0	0	0	0
LK-1233240	Kirillawala West	Kirillawala West	GND	627	3	9	4	0	0	1
LK-1233245	Sooriyapaluwa North	Sooriyapaluwa North	GND	1400	7	1	6	0	0	6
LK-1233250	Kendaliyeddapaluwa East	Kendaliyeddapaluwa East	GND	1619	3	3	3	0	0	2
LK-1233255	Kendaliyeddapaluwa North	Kendaliyeddapaluwa North	GND	1198	2	0	2	0	0	2
LK-1233260	Dangahawela	Dangahawela	GND	1089	7	1	0	0	0	0
LK-1233265	Kendaliyeddapaluwa West	Kendaliyeddapaluwa West	GND	1503	2	0	0	0	0	0
LK-1233270	Mahara Nugegoda North	Mahara Nugegoda North	GND	719	1	1	0	0	0	0
LK-1233275	Mahara Nugegoda West	Mahara Nugegoda West	GND	682	3	0	0	0	0	1
LK-1233280	Mahara Nugegoda East	Mahara Nugegoda East	GND	596	5	1	0	0	0	0
LK-1233285	Sooriyapaluwa East	Sooriyapaluwa East	GND	1382	0	27	0	0	0	3
LK-1233290	Sooriyapaluwa South	Sooriyapaluwa South	GND	1024	4	18	3	0	0	1
LK-1233295	Rammuthugala	Rammuthugala	GND	911	4	3	0	0	0	1
LK-1233300	Kirillawala South	Kirillawala South	GND	1231	2	12	3	0	0	2
LK-1233305	Webada East	Webada East	GND	807	0	4	1	0	0	5
LK-1233310	Gonahena East	Gonahena East	GND	605	11	0	0	0	0	1
LK-1233315	Gonahena North	Gonahena North	GND	913	1	0	0	0	0	0
LK-1233320	Gonahena South	Gonahena South	GND	554	4	1	0	0	0	0
LK-1233325	Gonahena West	Gonahena West	GND	961	9	0	1	0	0	0
LK-1233330	Eldeniya East	Eldeniya East	GND	1110	6	2	0	0	1	0
LK-1233335	Eldeniya West	Eldeniya West	GND	776	6	4	1	0	0	2
LK-1233340	Puwakwetiya	Puwakwetiya	GND	691	11	2	0	0	0	6
LK-1233345	Ihala Karagahamuna South	Ihala Karagahamuna South	GND	595	1	0	0	0	0	2
LK-1233350	Ihala Karagahamuna East	Ihala Karagahamuna East	GND	670	0	22	1	0	0	0
LK-1233355	Ihala Karagahamuna North	Ihala Karagahamuna North	GND	1341	1	1	1	0	0	0
LK-1233360	Mahara Nugegoda South	Mahara Nugegoda South	GND	886	23	1	0	0	0	0
LK-1233365	Neligama	Neligama	GND	663	0	0	0	0	0	3
LK-1233370	Pahala Karagahamuna North	Pahala Karagahamuna North	GND	512	1	4	0	0	0	11
LK-1233375	Pahala Karagahamuna East	Pahala Karagahamuna East	GND	669	2	0	0	0	0	0
LK-1233380	Pahala Karagahamuna West	Pahala Karagahamuna West	GND	1007	2	21	4	0	0	85
LK-1233385	Kopiwatta	Kopiwatta	GND	606	2	0	0	0	0	0
LK-1233390	Dalupitiya East	Dalupitiya East	GND	533	1	7	0	0	0	34
LK-1233395	Kirimetiyagara	Kirimetiyagara	GND	662	2	2	1	0	0	1
LK-1233400	Dalupitiya South	Dalupitiya South	GND	762	0	1	1	0	0	1
LK-1233405	Dalupitiya West	Dalupitiya West	GND	680	2	3	0	0	0	9
LK-1233410	Pinnameda West	Pinnameda West	GND	690	0	0	0	0	0	7
LK-1233415	Gongithota	Gongithota	GND	1022	0	3	0	0	0	1
LK-1233420	Appugewatta	Appugewatta	GND	481	2	0	0	0	0	9
LK-1233425	Gongithota West	Gongithota West	GND	797	2	3	2	0	0	2
LK-1233430	Enderamulla South	Enderamulla South	GND	688	0	0	0	0	0	0
LK-1233435	Enderamulla East	Enderamulla East	GND	508	33	39	9	39	0	1
LK-1233440	Pinnameda	Pinnameda	GND	843	4	4	0	0	0	1
LK-1233445	Nathuduwa	Nathuduwa	GND	666	4	1	0	0	0	0
LK-1233450	Enderamulla West	Enderamulla West	GND	687	2	0	1	0	0	1
LK-1233455	Nathuduwa West	Nathuduwa West	GND	506	1	4	0	0	0	1
LK-1233460	Akbar Town	Akbar Town	GND	843	0	4	0	0	0	1
LK-1236	Kelaniya	Kelaniya	DSD	36844	173	132	31	0	6	45
LK-1236005	Welegoda	Welegoda	GND	1964	6	2	0	0	0	1
LK-1236010	Hunupitiya North	Hunupitiya North	GND	884	6	0	0	0	0	0
LK-1236015	Nahena	Nahena	GND	1576	11	6	0	0	0	4
LK-1236020	Eriyawetiya	Eriyawetiya	GND	1303	6	1	1	0	0	1
LK-1236025	Kiribathgoda	Kiribathgoda	GND	916	1	0	1	0	2	0
LK-1236030	Thalawathuhenpita North	Thalawathuhenpita North	GND	1066	4	2	0	0	0	1
LK-1236035	Thalawathuhenpita South	Thalawathuhenpita South	GND	349	0	0	1	0	0	1
LK-1236040	Kendahena	Kendahena	GND	1044	1	2	8	0	1	0
LK-1236045	Egoda Eriyawetiya	Egoda Eriyawetiya	GND	766	1	0	0	0	0	0
LK-1236050	Hunupitiya East	Hunupitiya East	GND	1574	2	1	2	0	0	0
LK-1236055	Hunupitiya South	Hunupitiya South	GND	1043	15	2	1	0	0	0
LK-1236060	Wanawasala West	Wanawasala West	GND	1037	5	1	2	0	0	0
LK-1236065	Wanawasala East	Wanawasala East	GND	1132	4	19	0	0	0	0
LK-1236070	Dippitigoda	Dippitigoda	GND	1095	2	0	0	0	0	0
LK-1236075	Weweldoowa	Weweldoowa	GND	661	0	1	0	0	0	0
LK-1236080	Warakanatta	Warakanatta	GND	821	5	6	2	0	0	0
LK-1236085	Koholvila	Koholvila	GND	1109	0	7	0	0	0	0
LK-1236090	Dalugamgoda	Dalugamgoda	GND	687	0	4	0	0	1	2
LK-1236095	Nungamugoda	Nungamugoda	GND	659	0	11	5	0	0	0
LK-1236100	Dalugama	Dalugama	GND	646	0	5	1	0	0	17
LK-1236105	Himbutuwelgoda	Himbutuwelgoda	GND	1030	6	26	3	0	0	1
LK-1236110	Pattiya East	Pattiya East	GND	912	6	0	0	0	1	1
LK-1236115	Pattiya North	Pattiya North	GND	1635	27	0	0	0	1	2
LK-1236120	Meegahawatta	Meegahawatta	GND	1266	33	6	0	0	0	5
LK-1236125	Peliyagodawatta	Peliyagodawatta	GND	938	4	0	0	0	0	0
LK-1236130	Peliyagoda Gangabada	Peliyagoda Gangabada	GND	866	4	0	0	0	0	0
LK-1236135	Peliyagoda Gangabada East	Peliyagoda Gangabada East	GND	383	0	0	0	0	0	0
LK-1236140	Pattiya West	Pattiya West	GND	1069	5	0	0	0	0	1
LK-1236145	Wedamulla	Wedamulla	GND	1235	0	22	0	0	0	0
LK-1236150	Galborella	Galborella	GND	732	1	0	0	0	0	3
LK-1236155	Polhena	Polhena	GND	765	1	1	0	0	0	0
LK-1236160	Kelaniya	Kelaniya	GND	826	3	0	0	0	0	1
LK-1236165	Sinharamulla North	Sinharamulla North	GND	1095	3	6	4	0	0	0
LK-1236170	Pilapitiya	Pilapitiya	GND	510	2	0	0	0	0	0
LK-1236175	Pethiyagoda	Pethiyagoda	GND	1269	4	0	0	0	0	0
LK-1236180	Mewella	Mewella	GND	1197	1	0	0	0	0	0
LK-1236185	Sinharamulla	Sinharamulla	GND	784	4	1	0	0	0	4
LK-1239	Biyagama	Biyagama	DSD	58828	220	126	56	0	8	72
LK-1239005	Pahala Biyanvila East	Pahala Biyanvila East	GND	783	2	0	0	0	0	2
LK-1239010	Ihala Biyanvila North	Ihala Biyanvila North	GND	1018	0	3	2	0	0	0
LK-1239015	Ihala Biyanvila Central	Ihala Biyanvila Central	GND	1440	6	0	0	0	0	3
LK-1239020	Mawaramandiya	Mawaramandiya	GND	1742	8	2	0	0	0	0
LK-1239025	Meegahawatta West	Meegahawatta West	GND	944	3	4	0	0	0	0
LK-1239030	Meegahawatta East	Meegahawatta East	GND	849	3	6	2	0	0	2
LK-1239035	Kammalwatta	Kammalwatta	GND	970	9	2	3	0	0	0
LK-1239040	Delgoda	Delgoda	GND	855	2	0	0	0	0	0
LK-1239045	Athurumulla	Athurumulla	GND	557	3	1	1	0	0	3
LK-1239050	Kanduboda East	Kanduboda East	GND	1025	1	7	0	0	0	0
LK-1239055	Kanduboda West	Kanduboda West	GND	918	2	1	14	0	0	0
LK-1239060	Siyambalape Watta	Siyambalape Watta	GND	1604	11	0	0	0	0	2
LK-1239065	Daranagama	Daranagama	GND	1034	3	0	0	0	0	0
LK-1239070	Siyambalape North	Siyambalape North	GND	1593	7	0	8	0	0	6
LK-1239075	Heiyanthuduwa North	Heiyanthuduwa North	GND	1642	5	2	0	0	1	3
LK-1239080	Makola South Ihala	Makola South Ihala	GND	1412	11	1	2	0	0	0
LK-1239085	Makola North Ihala	Makola North Ihala	GND	994	3	1	1	0	3	1
LK-1239090	Makola North Central	Makola North Central	GND	2098	6	13	4	0	0	2
LK-1239095	Pahala Biyanvila West	Pahala Biyanvila West	GND	1403	0	2	0	0	0	1
LK-1239100	Pahala Biyanvila Central	Pahala Biyanvila Central	GND	710	1	0	0	0	0	0
LK-1239105	Makola North Pahala	Makola North Pahala	GND	1531	6	0	3	0	0	5
LK-1239110	Makola South Pahala	Makola South Pahala	GND	934	1	2	0	0	0	0
LK-1239115	Pamunuvila	Pamunuvila	GND	1577	2	6	4	0	0	1
LK-1239120	Gonawala East	Gonawala East	GND	1220	6	12	4	0	0	3
LK-1239125	Sapugaskanda	Sapugaskanda	GND	1955	3	11	0	0	0	0
LK-1239130	Heiyanthuduwa West	Heiyanthuduwa West	GND	659	9	0	0	0	0	1
LK-1239135	Heiyanthuduwa East	Heiyanthuduwa East	GND	1514	4	0	0	0	0	2
LK-1239140	Siyambalape South	Siyambalape South	GND	1985	18	3	1	0	0	1
LK-1239145	Yatihena	Yatihena	GND	1912	6	1	0	0	1	0
LK-1239150	Ulahitiwala	Ulahitiwala	GND	777	6	0	0	0	0	2
LK-1239155	Walgama West	Walgama West	GND	1635	3	5	0	0	1	3
LK-1239160	Biyagama North	Biyagama North	GND	2360	5	3	0	0	0	0
LK-1239165	Biyagama West	Biyagama West	GND	900	6	0	0	0	1	1
LK-1239170	Heiyanthuduwa South	Heiyanthuduwa South	GND	710	2	0	0	0	0	3
LK-1239175	Mabima East	Mabima East	GND	977	2	0	0	0	0	1
LK-1239180	Mabima West	Mabima West	GND	855	7	0	0	0	0	3
LK-1239185	Pattivila North	Pattivila North	GND	797	5	1	0	0	0	0
LK-1239190	Gonawala Central	Gonawala Central	GND	1480	4	9	0	0	0	2
LK-1239195	Galedanda	Galedanda	GND	736	1	1	0	0	0	1
LK-1239200	Gonawala West	Gonawala West	GND	1870	1	13	5	0	0	2
LK-1239205	Thalwatta	Thalwatta	GND	735	1	2	0	0	1	0
LK-1239210	Bollegala	Bollegala	GND	1210	3	1	0	0	0	0
LK-1239215	Pattivila South	Pattivila South	GND	797	4	0	0	0	0	1
LK-1239220	Biyagama South	Biyagama South	GND	914	8	4	0	0	0	2
LK-1239225	Biyagama East	Biyagama East	GND	1070	8	3	0	0	0	0
LK-1239230	Yabaraluwa North	Yabaraluwa North	GND	757	1	1	0	0	0	2
LK-1239235	Yabaraluwa South	Yabaraluwa South	GND	767	3	0	1	0	0	8
LK-1239240	Malwana Town	Malwana Town	GND	1377	3	0	0	0	0	1
LK-1239245	Walgama East	Walgama East	GND	1226	6	3	1	0	0	2
LK-13	Kalutara	Kalutara	DISTRICT	348801	2859	582	204	13	26	478
LK-1303	Panadura	Panadura	DSD	49237	159	201	49	2	3	112
LK-1303005	Horethuduwa North	Horethuduwa North	GND	409	0	5	0	0	0	0
LK-1303010	Horethuduwa	Horethuduwa	GND	470	0	0	0	0	0	0
LK-1303015	Horethuduwa Central	Horethuduwa Central	GND	349	0	0	0	0	0	0
LK-1303020	Horethuduwa South	Horethuduwa South	GND	450	1	2	3	0	0	0
LK-1303025	Gorakana	Gorakana	GND	606	0	1	1	0	0	0
LK-1303030	Gorakana South	Gorakana South	GND	1051	1	10	4	0	0	0
LK-1303035	Paratta West	Paratta West	GND	679	1	0	0	0	0	1
LK-1303040	Paratta	Paratta	GND	825	9	0	0	0	0	3
LK-1303045	Diggala	Diggala	GND	1120	7	1	0	0	0	2
LK-1303050	Keselwatta	Keselwatta	GND	1601	2	0	1	0	0	0
LK-1303055	Sarikkamulla	Sarikkamulla	GND	821	0	0	0	0	0	0
LK-1303060	Henamulla	Henamulla	GND	774	1	4	0	0	0	1
LK-1303065	Wattalpola	Wattalpola	GND	1129	3	9	1	0	0	0
LK-1303070	Miriyawatta	Miriyawatta	GND	662	0	0	0	0	1	0
LK-1303075	Thotawatta	Thotawatta	GND	1113	0	0	0	0	0	0
LK-1303080	Werawatta	Werawatta	GND	695	1	0	0	0	0	0
LK-1303085	Pallimulla	Pallimulla	GND	495	0	0	0	0	0	0
LK-1303090	Gorakapola	Gorakapola	GND	511	3	6	1	0	0	0
LK-1303095	Walana North	Walana North	GND	862	1	0	1	0	0	0
LK-1303100	Ambalanduwa	Ambalanduwa	GND	909	6	0	1	0	0	0
LK-1303105	Galthude North	Galthude North	GND	624	3	0	0	0	0	0
LK-1303110	Galthude	Galthude	GND	534	0	1	1	0	0	1
LK-1303115	Hirana West	Hirana West	GND	1284	10	2	0	0	0	0
LK-1303120	Hirana	Hirana	GND	758	4	0	0	0	0	2
LK-1303125	Thanthirimulla East	Thanthirimulla East	GND	585	2	1	0	0	0	0
LK-1303130	Thanthirimulla	Thanthirimulla	GND	413	0	1	1	0	0	0
LK-1303135	Bekkegama	Bekkegama	GND	872	2	0	0	0	0	2
LK-1303140	Walana South	Walana South	GND	693	1	0	3	0	0	0
LK-1303145	Walana	Walana	GND	841	0	0	0	0	0	67
LK-1303150	Udahamulla	Udahamulla	GND	548	2	3	0	0	0	0
LK-1303155	Punchideniya	Punchideniya	GND	511	0	1	0	0	0	0
LK-1303160	Malamulla West	Malamulla West	GND	1445	18	1	0	0	0	3
LK-1303165	Kiriberiya	Kiriberiya	GND	1284	5	4	2	0	0	0
LK-1303170	Malamulla	Malamulla	GND	1144	1	4	1	0	0	3
LK-1303175	Kuruppumulla	Kuruppumulla	GND	392	0	0	0	0	0	1
LK-1303180	Etambagoda	Etambagoda	GND	544	0	29	14	1	0	1
LK-1303185	Pattiya North	Pattiya North	GND	228	0	0	0	0	0	0
LK-1303190	Bazaar North	Bazaar North	GND	204	0	1	0	0	2	0
LK-1303195	Sagara Place	Sagara Place	GND	127	1	0	0	0	0	0
LK-1303200	Bazaar West	Bazaar West	GND	183	0	0	0	0	0	0
LK-1303205	Bazaar	Bazaar	GND	148	0	10	2	0	0	0
LK-1303210	Walapala Pattiya	Walapala Pattiya	GND	422	0	14	0	0	0	0
LK-1303215	Walapala	Walapala	GND	669	0	2	0	0	0	4
LK-1303220	Eluvila	Eluvila	GND	909	6	0	1	0	0	1
LK-1303225	Wekada East	Wekada East	GND	749	3	1	0	0	0	0
LK-1303230	Wekada North	Wekada North	GND	695	2	16	0	0	0	0
LK-1303235	Wekada West	Wekada West	GND	753	8	12	4	0	0	1
LK-1303240	Pattiya	Pattiya	GND	383	0	0	0	0	0	0
LK-1303245	Uyankele	Uyankele	GND	412	0	2	0	0	0	0
LK-1303250	Pattiya South	Pattiya South	GND	353	0	0	0	0	0	0
LK-1303255	Kaludewala	Kaludewala	GND	601	1	4	1	1	0	2
LK-1303260	Kaludewala East	Kaludewala East	GND	865	4	0	0	0	0	1
LK-1303265	Moravinna	Moravinna	GND	1038	4	16	2	0	0	0
LK-1303270	Nallooruwa North	Nallooruwa North	GND	519	2	0	3	0	0	0
LK-1303275	Nallooruwa	Nallooruwa	GND	765	4	0	0	0	0	0
LK-1303280	Dibbedda	Dibbedda	GND	458	1	0	0	0	0	0
LK-1303285	Dibbedda North	Dibbedda North	GND	837	0	3	0	0	0	2
LK-1303290	Narampitiya	Narampitiya	GND	727	0	10	0	0	0	0
LK-1303295	Pinwatta	Pinwatta	GND	901	4	0	0	0	0	3
LK-1303300	Pinwatta West	Pinwatta West	GND	574	1	2	0	0	0	0
LK-1303305	Thalpitiya North	Thalpitiya North	GND	615	0	1	0	0	0	0
LK-1303310	Thalpitiya South	Thalpitiya South	GND	974	4	4	0	0	0	1
LK-1303315	Pallimankada	Pallimankada	GND	770	0	0	0	0	0	2
LK-1303320	Wadduwa West	Wadduwa West	GND	355	0	3	0	0	0	0
LK-1303325	Wadduwa East	Wadduwa East	GND	594	0	2	0	0	0	1
LK-1303330	Maha Wadduwa	Maha Wadduwa	GND	1177	11	1	0	0	0	1
LK-1303335	Pattieliya	Pattieliya	GND	299	0	1	0	0	0	0
LK-1303340	Kuda Wadduwa	Kuda Wadduwa	GND	605	8	0	0	0	0	0
LK-1303345	Wadduwa South	Wadduwa South	GND	355	0	0	0	0	0	0
LK-1303350	Molligoda	Molligoda	GND	535	1	3	1	0	0	1
LK-1303355	Molligoda North	Molligoda North	GND	750	1	5	0	0	0	2
LK-1303360	Molligoda South	Molligoda South	GND	685	9	3	0	0	0	3
LK-1306	Bandaragama	Bandaragama	DSD	33226	138	119	33	3	2	47
LK-1306005	Kidelpitiya West	Kidelpitiya West	GND	736	5	0	2	0	0	1
LK-1306010	Kidelpitiya East	Kidelpitiya East	GND	598	1	0	2	0	0	0
LK-1306015	Senapura	Senapura	GND	863	3	0	0	0	0	2
LK-1306020	Newdawa	Newdawa	GND	1309	8	3	1	0	0	1
LK-1306025	Aluthgama	Aluthgama	GND	767	3	0	0	0	0	1
LK-1306030	Alothiyawa	Alothiyawa	GND	770	1	0	0	0	0	1
LK-1306035	Walgama North	Walgama North	GND	529	3	0	0	0	0	0
LK-1306040	Rerukana	Rerukana	GND	319	0	0	0	0	0	0
LK-1306045	Samaranayakapura	Samaranayakapura	GND	356	4	0	0	0	0	0
LK-1306050	Kothalawala	Kothalawala	GND	984	5	3	2	0	2	0
LK-1306055	Veedagama East	Veedagama East	GND	503	0	0	0	0	0	0
LK-1306060	Walgama South	Walgama South	GND	500	4	0	1	0	0	0
LK-1306065	Gammanpila	Gammanpila	GND	662	9	2	4	0	0	2
LK-1306070	Medagama	Medagama	GND	548	0	3	1	0	0	5
LK-1306075	Alubomulla East	Alubomulla East	GND	819	7	3	0	0	0	0
LK-1306080	Kuda Aruggoda East	Kuda Aruggoda East	GND	1006	6	0	2	2	0	2
LK-1306085	Maha Aruggoda	Maha Aruggoda	GND	1097	1	0	0	0	0	4
LK-1306090	Kuda Aruggoda West	Kuda Aruggoda West	GND	683	1	2	1	0	0	0
LK-1306095	Batadombathuduwa	Batadombathuduwa	GND	1093	0	1	0	0	0	0
LK-1306100	Miriswatta	Miriswatta	GND	374	9	0	0	0	0	0
LK-1306105	Wanduramulla West	Wanduramulla West	GND	376	0	0	0	0	0	0
LK-1306110	Pinwala East	Pinwala East	GND	423	0	0	0	0	0	0
LK-1306115	Pinwala West	Pinwala West	GND	446	0	2	1	0	0	9
LK-1306120	Wanduramulla East	Wanduramulla East	GND	652	4	1	0	0	0	0
LK-1306125	Mahavila	Mahavila	GND	652	1	8	4	0	0	0
LK-1306130	Pamunugama	Pamunugama	GND	545	1	6	1	0	0	0
LK-1306135	Alubomulla West	Alubomulla West	GND	914	6	56	1	0	0	0
LK-1306140	Rambukkana North	Rambukkana North	GND	319	0	0	0	0	0	0
LK-1306145	Kamburugoda West	Kamburugoda West	GND	459	1	3	2	0	0	0
LK-1306150	Kamburugoda East	Kamburugoda East	GND	194	0	1	0	0	0	0
LK-1306155	Veedagama West	Veedagama West	GND	581	3	0	0	0	0	1
LK-1306160	Gelanigama	Gelanigama	GND	270	0	0	1	0	0	1
LK-1306165	Raigama South	Raigama South	GND	329	0	0	0	0	0	0
LK-1306170	Raigama West	Raigama West	GND	472	0	0	0	0	0	0
LK-1306175	Raigama East	Raigama East	GND	585	1	3	0	0	0	0
LK-1306180	Raigama North	Raigama North	GND	637	2	0	0	0	0	0
LK-1306185	Kolamediriya North	Kolamediriya North	GND	378	1	1	0	0	0	1
LK-1306190	Bandaragama East	Bandaragama East	GND	460	2	1	0	0	0	0
LK-1306195	Bandaragama	Bandaragama	GND	279	0	0	0	0	0	0
LK-1306200	Rambukkana South	Rambukkana South	GND	310	9	1	0	0	0	0
LK-1306205	Bolgoda	Bolgoda	GND	338	0	0	0	0	0	3
LK-1306210	Mahabellana	Mahabellana	GND	636	2	5	2	1	0	1
LK-1306215	Imbulliha	Imbulliha	GND	628	2	7	5	0	0	0
LK-1306220	Diganathuduwa	Diganathuduwa	GND	754	0	1	0	0	0	1
LK-1306225	Madupitiya	Madupitiya	GND	907	3	1	0	0	0	3
LK-1306230	Mahawatta	Mahawatta	GND	550	2	0	0	0	0	0
LK-1306235	Bandaragama West	Bandaragama West	GND	617	7	0	0	0	0	0
LK-1306240	Yatiyana	Yatiyana	GND	651	2	1	0	0	0	0
LK-1306245	Wevita	Wevita	GND	566	0	3	0	0	0	1
LK-1306250	Atulugama East	Atulugama East	GND	552	1	1	0	0	0	1
LK-1306255	Panape	Panape	GND	274	3	0	0	0	0	0
LK-1306260	Galgemandiya	Galgemandiya	GND	408	1	0	0	0	0	3
LK-1306265	Atulugama West	Atulugama West	GND	416	0	0	0	0	0	0
LK-1306270	Bamunumulla (Muslim)	Bamunumulla (Muslim)	GND	318	0	0	0	0	0	0
LK-1306275	Bamunumulla	Bamunumulla	GND	193	2	0	0	0	0	1
LK-1306280	Epitamulla	Epitamulla	GND	285	1	0	0	0	0	0
LK-1306285	Korawala	Korawala	GND	493	2	0	0	0	0	1
LK-1306290	Bogahawatta	Bogahawatta	GND	550	4	0	0	0	0	0
LK-1306295	Kimmanthudawa	Kimmanthudawa	GND	293	5	0	0	0	0	1
LK-1309	Horana	Horana	DSD	37447	214	51	13	2	2	72
LK-1309005	Kotigamgoda	Kotigamgoda	GND	751	7	0	0	0	0	0
LK-1309010	Pahala Millewa North	Pahala Millewa North	GND	841	7	0	0	0	0	0
LK-1309015	Pahala Millewa South	Pahala Millewa South	GND	447	6	0	0	0	0	0
LK-1309020	Ihala Millewa North	Ihala Millewa North	GND	552	3	0	0	0	0	1
LK-1309025	Ihala Millewa South	Ihala Millewa South	GND	941	2	4	0	0	0	2
LK-1309030	Thalagala East	Thalagala East	GND	819	10	1	0	0	0	1
LK-1309035	Thalagala North	Thalagala North	GND	1411	14	2	1	0	0	0
LK-1309040	Thalagala West	Thalagala West	GND	1082	3	2	0	0	0	0
LK-1309045	Olaboduwa North	Olaboduwa North	GND	469	5	0	0	0	0	1
LK-1309050	Koralaima	Koralaima	GND	1128	4	0	0	0	0	0
LK-1309055	Godigamuwa East	Godigamuwa East	GND	1083	2	0	1	0	0	1
LK-1309060	Halapitiya	Halapitiya	GND	929	8	1	0	0	0	4
LK-1309065	Welmilla	Welmilla	GND	553	5	0	0	0	0	2
LK-1309070	Godigamuwa West	Godigamuwa West	GND	569	2	0	0	0	0	1
LK-1309075	Palannoruwa	Palannoruwa	GND	1032	9	2	0	0	0	2
LK-1309080	Olaboduwa South	Olaboduwa South	GND	639	1	0	0	0	0	1
LK-1309085	Olaboduwa East	Olaboduwa East	GND	507	0	0	0	0	0	1
LK-1309090	Thalagala South	Thalagala South	GND	929	3	2	0	0	1	1
LK-1309095	Pannila	Pannila	GND	555	3	0	0	0	0	0
LK-1309100	Kahatapitiya	Kahatapitiya	GND	713	3	6	0	0	0	1
LK-1309105	Uduwa North	Uduwa North	GND	738	6	0	0	0	0	0
LK-1309110	Kidelpitiya	Kidelpitiya	GND	865	11	0	1	0	0	1
LK-1309115	Gorokgoda	Gorokgoda	GND	148	0	0	0	0	0	0
LK-1309120	Dambara	Dambara	GND	525	1	0	0	0	0	0
LK-1309125	Handupelpola	Handupelpola	GND	478	3	1	0	1	0	0
LK-1309130	Kuda Uduwa	Kuda Uduwa	GND	528	1	0	0	0	0	0
LK-1309135	Maha Uduwa	Maha Uduwa	GND	557	6	0	1	0	0	0
LK-1309140	Kananvila North	Kananvila North	GND	468	5	1	2	0	0	0
LK-1309145	Batuvita North	Batuvita North	GND	307	2	0	0	0	0	0
LK-1309150	Kumbuka East	Kumbuka East	GND	609	3	0	1	0	0	7
LK-1309155	Kumbuka South	Kumbuka South	GND	441	2	0	0	0	0	0
LK-1309160	Kumbuka North	Kumbuka North	GND	666	1	0	0	0	0	1
LK-1309165	Kumbuka West	Kumbuka West	GND	795	2	6	0	1	0	3
LK-1309170	Pokunuvita	Pokunuvita	GND	712	1	0	1	0	0	1
LK-1309175	Batuvita South	Batuvita South	GND	455	4	0	0	0	0	6
LK-1309180	Meemana	Meemana	GND	709	3	0	0	0	0	4
LK-1309185	Kananvila South	Kananvila South	GND	227	0	0	0	0	0	0
LK-1309190	Uduwa South	Uduwa South	GND	705	3	0	0	0	0	0
LK-1309195	Kirigalahena	Kirigalahena	GND	441	2	0	0	0	0	0
LK-1309200	Meewanapalana West	Meewanapalana West	GND	511	0	0	1	0	0	3
LK-1309205	Meewanapalana East	Meewanapalana East	GND	263	2	0	0	0	0	0
LK-1309210	Gurugoda	Gurugoda	GND	771	1	0	0	0	0	1
LK-1309215	Munagama East	Munagama East	GND	494	0	0	0	0	0	0
LK-1309220	Midellamulahena	Midellamulahena	GND	1131	23	0	0	0	0	14
LK-1309225	Ovitiyagala	Ovitiyagala	GND	410	0	0	0	0	0	0
LK-1309230	Aramanagolla	Aramanagolla	GND	730	1	0	0	0	0	0
LK-1309235	Werullahena	Werallahena	GND	264	0	0	0	0	0	1
LK-1309240	Kulupana	Kulupana	GND	277	0	0	0	0	0	0
LK-1309245	Kanewala	Kanewala	GND	547	0	0	0	0	0	1
LK-1309250	Henegama	Henegama	GND	662	1	1	1	0	0	1
LK-1309255	Gal Edandugoda	Gal Edandugoda	GND	295	1	0	1	0	0	0
LK-1309260	Horana North	Horana North	GND	586	6	0	0	0	0	2
LK-1309265	Munagama West	Munagama West	GND	317	1	2	1	0	0	0
LK-1309270	Dikhenagama	Dikhenagama	GND	519	2	0	0	0	0	0
LK-1309275	Narthanagala	Narthanagala	GND	764	6	0	0	0	0	1
LK-1309280	Horana South	Horana South	GND	333	3	6	0	0	1	1
LK-1309285	Wewala West	Wewala West	GND	330	0	8	0	0	0	0
LK-1309290	Halthotiyawatta	Halthotiyawatta	GND	357	0	0	0	0	0	0
LK-1309295	Mahena	Mahena	GND	614	11	6	1	0	0	4
LK-1309300	Wewala East	Wewala East	GND	578	2	0	0	0	0	1
LK-1309305	Horana East	Horana East	GND	370	1	0	0	0	0	0
LK-1310	Ingiriya	Ingiriya	DSD	16249	189	11	7	1	3	30
LK-1310005	Menerigama	Menerigama	GND	361	2	0	0	0	0	0
LK-1310010	Arakavila	Arakavila	GND	681	7	0	0	0	0	0
LK-1310015	Kandanapitiya	Kandanapitiya	GND	530	5	0	0	0	0	3
LK-1310020	Kottiyawatta	Kottiyawatta	GND	297	8	0	0	0	0	0
LK-1310025	Kurana North	Kurana North	GND	268	0	0	0	0	0	0
LK-1310030	Kurana South	Kurana South	GND	415	4	0	0	0	0	0
LK-1310035	Kotigala	Kotigala	GND	285	0	0	0	0	0	1
LK-1310040	Handapangoda East	Handapangoda East	GND	350	3	0	0	0	0	0
LK-1310045	Handapangoda West	Handapangoda West	GND	374	8	2	0	0	0	0
LK-1310050	Kekuladola	Kekuladola	GND	138	3	0	0	0	0	1
LK-1310055	Handapangoda South	Handapangoda South	GND	336	7	0	1	0	0	2
LK-1310060	Batugampala	Batugampala	GND	419	5	0	0	0	1	0
LK-1310065	Raigam Watta	Rayigamwatta	GND	598	18	4	1	1	0	0
LK-1310070	Maha Ingiriya	Maha Ingiriya	GND	1003	5	1	0	0	0	2
LK-1310075	Nambapana	Nambapana	GND	354	4	2	0	0	0	5
LK-1310080	Urugala East	Urugala East	GND	544	10	0	0	0	2	0
LK-1310085	Ingiriya East	Ingiriya East	GND	423	6	1	0	0	0	1
LK-1310090	Ingiriya North	Ingiriya North	GND	727	0	0	2	0	0	0
LK-1310095	Nimalagama	Nimalagama	GND	1072	8	0	1	0	0	2
LK-1310100	Eduragala	Eduragala	GND	352	1	0	0	0	0	0
LK-1310105	Maputugala	Maputugala	GND	670	12	0	0	0	0	2
LK-1310110	Pelpitigoda	Pelpitigoda	GND	543	22	0	0	0	0	0
LK-1310115	Rathmalgoda East	Rathmalgoda East	GND	327	3	0	0	0	0	1
LK-1310120	Rathmalgoda West	Rathmalgoda West	GND	641	7	0	0	0	0	1
LK-1310125	Poruwadanda West	Poruwadanda West	GND	1034	5	0	1	0	0	2
LK-1310130	Poruwadanda East	Poruwadanda East	GND	1097	9	1	0	0	0	2
LK-1310135	Wagawatta	Wagawatta	GND	575	6	0	1	0	0	1
LK-1310140	Kekulaliya	Kekulaliya	GND	269	1	0	0	0	0	0
LK-1310145	Dombagaskanda	Dombagaskanda	GND	488	2	0	0	0	0	0
LK-1310150	Ingiriya West	Ingiriya West	GND	567	13	0	0	0	0	3
LK-1310155	Urugala West	Urugala West	GND	511	5	0	0	0	0	1
LK-1312	Bulathsinhala	Bulathsinhala	DSD	18345	350	4	9	1	4	24
LK-1312005	Ihala Naragala	Ihala Naragala	GND	356	11	0	0	0	0	1
LK-1312010	Kobawaka North	Kobawaka North	GND	445	9	0	0	0	0	0
LK-1312015	Diwalakada	Diwalakada	GND	267	10	0	0	0	0	0
LK-1312020	Meegahakumbura	Meegahakumbura	GND	188	11	0	0	1	0	1
LK-1312025	Yahalawatta	Yahalawatta	GND	202	4	0	0	0	0	0
LK-1312030	Bothale Gamgoda	Bothale Gamgoda	GND	194	3	0	0	0	0	0
LK-1312035	Kongasthenna	Kongasthenna	GND	967	21	0	0	0	0	0
LK-1312040	Halwathura	Halwathura	GND	281	11	0	0	0	0	0
LK-1312045	Amaragedara North	Amaragedara North	GND	226	9	0	0	0	1	0
LK-1312050	Bothale	Bothale	GND	178	0	0	0	0	0	0
LK-1312055	Bulathsinhala North	Bulathsinhala North	GND	353	1	0	1	0	0	0
LK-1312060	Egaloya	Egaloya	GND	634	3	0	0	0	0	6
LK-1312065	Kobawaka South	Kobawaka South	GND	479	4	1	1	0	0	0
LK-1312070	Ihala Naragala South	Ihala Naragala South	GND	317	5	0	0	0	0	1
LK-1312075	Govinna North	Govinna North	GND	286	1	0	0	0	0	0
LK-1312080	Pahala Naragala	Pahala Naragala	GND	391	2	0	0	0	0	0
LK-1312085	Dewamulla	Dewamulla	GND	463	2	0	0	0	0	0
LK-1312090	Govinna South	Govinna South	GND	518	2	0	0	0	0	0
LK-1312095	Retiyala	Retiyala	GND	421	16	1	0	0	0	0
LK-1312100	Galahena	Galahena	GND	646	13	0	1	0	0	0
LK-1312105	Bulathsinhala South	Bulathsinhala South	GND	319	2	0	0	0	0	1
LK-1312110	Bulathsinhala	Bulathsinhala	GND	540	8	0	0	0	0	0
LK-1312115	Bulathsinhala Central	Bulathsinhala Central	GND	289	2	0	0	0	0	0
LK-1312120	Amaragedara South	Amaragedara South	GND	373	0	0	0	0	0	0
LK-1312125	Delmella	Delmella	GND	460	5	0	0	0	0	0
LK-1312130	Udugalakanda	Udugalakanda	GND	308	18	0	0	0	0	0
LK-1312135	Niggaha	Niggaha	GND	270	3	0	2	0	0	0
LK-1312140	Yatagampitiya	Yatagampitiya	GND	318	10	0	0	0	0	0
LK-1312145	Karaldekma	Karaldekma	GND	351	14	0	0	0	0	0
LK-1312150	Bulathsinhala East	Bulathsinhala East	GND	372	5	0	0	0	0	2
LK-1312155	Damparadugoda	Damparadugoda	GND	168	8	0	1	0	0	0
LK-1312160	Pahala Welgama	Pahala Welgama	GND	204	2	1	2	0	1	4
LK-1312165	Bulathsinhala West	Bulathsinhala West	GND	438	5	0	0	0	1	1
LK-1312170	Diyakaduwa East	Diyakaduwa East	GND	236	3	0	0	0	0	0
LK-1312175	Diyakaduwa West	Diyakaduwa West	GND	248	3	0	0	0	0	1
LK-1312180	Bogahawatta	Bogahawatta	GND	212	4	0	1	0	0	0
LK-1312185	Mahagama North	Mahagama North	GND	258	6	0	0	0	0	2
LK-1312190	Demodarawatta	Demodarawatta	GND	425	28	0	0	0	1	0
LK-1312195	Thennahena	Thennahena	GND	185	6	0	0	0	0	1
LK-1312200	Ihala Welgama	Ihala Welgama	GND	376	1	0	0	0	0	0
LK-1312205	Paragoda West	Paragoda West	GND	305	3	0	0	0	0	0
LK-1312210	Paragoda East	Paragoda East	GND	384	10	0	0	0	0	0
LK-1312215	Molkawa	Molkawa	GND	239	5	0	0	0	0	0
LK-1312220	Galahitiya	Galahitiya	GND	192	6	0	0	0	0	0
LK-1312225	Mahagama East	Mahagama East	GND	303	4	1	0	0	0	0
LK-1312230	Polegoda West	Polegoda West	GND	316	9	0	0	0	0	0
LK-1312235	Mahagama West	Mahagama West	GND	293	3	0	0	0	0	0
LK-1312240	Pahala Kudaligama	Pahala Kudaligama	GND	366	4	0	0	0	0	0
LK-1312245	Ihala Kudaligama	Ihala Kudaligama	GND	367	19	0	0	0	0	0
LK-1312250	Weyangalla West	Weyangalla West	GND	356	4	0	0	0	0	0
LK-1312255	Weyangalla East	Weyangalla East	GND	221	0	0	0	0	0	0
LK-1312260	Mahagama South	Mahagama South	GND	251	3	0	0	0	0	0
LK-1312265	Muduna	Muduna	GND	356	8	0	0	0	0	3
LK-1312270	Gamagewatta	Gamagewatta	GND	234	1	0	0	0	0	0
LK-1315	Madurawala	Madurawala	DSD	10257	150	7	3	0	1	10
LK-1315005	Ilimba	Ilimba	GND	487	2	0	0	0	0	1
LK-1315010	Kandana North	Kandana North	GND	173	2	0	0	0	0	0
LK-1315015	Kandana South	Kandana South	GND	269	2	4	1	0	0	1
LK-1315020	Elawella	Elawella	GND	691	4	0	0	0	0	1
LK-1315025	Bellapitiya West	Bellapitiya West	GND	299	1	0	0	0	0	0
LK-1315030	Mahena South	Mahena South	GND	440	4	0	0	0	0	0
LK-1315035	Bellapitiya East	Bellapitiya East	GND	655	3	2	1	0	0	2
LK-1315040	Walpita	Walpita	GND	535	6	0	0	0	0	0
LK-1315045	Werawatta	Werawatta	GND	165	2	0	0	0	0	0
LK-1315050	Peramunagama	Peramunagama	GND	400	2	0	0	0	0	0
LK-1315055	Weliketella	Weliketella	GND	323	2	0	0	0	0	0
LK-1315060	Remuna	Remuna	GND	305	1	0	0	0	0	0
LK-1315065	Mahayala East	Mahayala East	GND	165	2	0	0	0	0	0
LK-1315070	Kananvila	Kananvila	GND	270	5	1	0	0	0	0
LK-1315075	Mahayala West	Mahayala West	GND	253	4	0	0	0	0	0
LK-1315080	Hallankanda	Hallankanda	GND	124	1	0	0	0	0	0
LK-1315085	Koodella	Koodella	GND	301	5	0	0	0	0	0
LK-1315090	Madurawala East	Madurawala East	GND	206	1	0	0	0	0	0
LK-1315095	Kudayala	Kudayala	GND	331	3	0	1	0	0	0
LK-1315100	Pahala Karannagoda	Pahala Karannagoda	GND	216	0	0	0	0	0	0
LK-1315105	Anguruwathota	Anguruwathota	GND	381	18	0	0	0	0	0
LK-1315110	Madurawala West	Madurawala West	GND	230	3	0	0	0	0	0
LK-1315115	Keselhenawa	Keselhenawa	GND	350	0	0	0	0	0	1
LK-1315120	Karannagoda	Karannagoda	GND	329	4	0	0	0	0	0
LK-1315125	Ihala Karannagoda	Ihala Karannagoda	GND	191	1	0	0	0	0	0
LK-1315130	Katuhena	Katuhena	GND	232	1	0	0	0	0	0
LK-1315135	Warakagoda North	Warakagoda North	GND	353	7	0	0	0	0	0
LK-1315140	Warakagoda West	Warakagoda West	GND	308	3	0	0	0	0	0
LK-1315145	Warakagoda South	Warakagoda South	GND	401	20	0	0	0	1	3
LK-1315150	Warakagoda East	Warakagoda East	GND	346	32	0	0	0	0	1
LK-1315155	Nahalla	Nahalla	GND	176	1	0	0	0	0	0
LK-1315160	Pahalagoda	Pahalagoda	GND	163	0	0	0	0	0	0
LK-1315165	Ihalagoda	Ihalagoda	GND	189	8	0	0	0	0	0
LK-1318	Millaniya	Millaniya	DSD	15594	165	0	1	1	1	19
LK-1318005	Gungamuwa	Gungamuwa	GND	615	7	0	0	0	0	0
LK-1318010	Bellanthudawa	Bellanthudawa	GND	730	6	0	0	1	0	0
LK-1318015	Kelesgamuwa	Kelesgamuwa	GND	473	5	0	0	0	0	0
LK-1318020	Welikala	Welikala	GND	946	3	0	0	0	0	0
LK-1318025	Thibbotugoda	Thibbotugoda	GND	315	5	0	0	0	0	1
LK-1318030	Lenawara	Lenawara	GND	777	7	0	0	0	0	0
LK-1318035	Halthota	Halthota	GND	251	1	0	0	0	0	0
LK-1318040	Langana	Langana	GND	325	1	0	0	0	0	0
LK-1318045	Deldorawatta	Deldorawatta	GND	331	7	0	0	0	0	0
LK-1318050	Millaniya	Millaniya	GND	448	2	0	0	0	0	0
LK-1318055	Raddegoda	Raddegoda	GND	357	1	0	0	0	0	0
LK-1318060	Delkada	Delkada	GND	385	1	0	0	0	0	1
LK-1318065	Paragasthota	Paragasthota	GND	474	7	0	0	0	0	1
LK-1318070	Dikhena	Dikhena	GND	512	19	0	0	0	0	1
LK-1318075	Arakagoda	Arakagoda	GND	385	1	0	0	0	0	1
LK-1318080	Kennanthudawa	Kennanthudawa	GND	260	1	0	0	0	0	2
LK-1318085	Mawathgama	Mawathgama	GND	208	1	0	0	0	0	0
LK-1318090	Yalagala	Yalagala	GND	348	3	0	0	0	0	0
LK-1318095	Labugama	Labugama	GND	318	0	0	0	0	0	1
LK-1318100	Pethigamuwa North	Pethigamuwa North	GND	202	3	0	0	0	0	0
LK-1318105	Pethigamuwa South	Pethigamuwa South	GND	305	7	0	0	0	0	0
LK-1318110	Weniwelpitiya	Weniwelpitiya	GND	364	10	0	0	0	0	1
LK-1318115	Millagaspola	Millagaspola	GND	148	4	0	0	0	0	2
LK-1318120	Boralessa	Boralessa	GND	439	4	0	0	0	0	0
LK-1318125	Pelpola	Pelpola	GND	371	3	0	0	0	1	0
LK-1318130	Imbulahena	Imbulahena	GND	493	5	0	0	0	0	1
LK-1318135	Punsiripura	Punsiripura	GND	591	10	0	0	0	0	3
LK-1318140	Galpatha West	Galpatha West	GND	230	2	0	0	0	0	0
LK-1318145	Galpatha East	Galpatha East	GND	245	0	0	0	0	0	0
LK-1318150	Batagoda	Batagoda	GND	346	4	0	0	0	0	2
LK-1318155	Mulkadakanda	Mulkadakanda	GND	355	7	0	0	0	0	0
LK-1318160	Adhikarigoda	Adhikarigoda	GND	331	1	0	0	0	0	0
LK-1318165	Dombagoda	Dombagoda	GND	343	5	0	0	0	0	0
LK-1318170	Uduwara North	Uduwara North	GND	643	1	0	0	0	0	2
LK-1318175	Uduwara West	Uduwara West	GND	144	1	0	0	0	0	0
LK-1318180	Uduwara East	Uduwara East	GND	308	2	0	0	0	0	0
LK-1318185	Uduwara South	Uduwara South	GND	158	0	0	0	0	0	0
LK-1318190	Pathakada	Pathakada	GND	308	6	0	0	0	0	0
LK-1318195	Panagoda	Panagoda	GND	219	3	0	0	0	0	0
LK-1318200	Yatawara South	Yatawara South	GND	70	1	0	0	0	0	0
LK-1318205	Mahadurupitiya	Mahadurupitiya	GND	164	3	0	0	0	0	0
LK-1318210	Delgoda	Delgoda	GND	106	2	0	0	0	0	0
LK-1318215	Yatawara North	Yatawara North	GND	130	2	0	1	0	0	0
LK-1318220	Begamuwa Thalahitiya	Begamuwa Thalahitiya	GND	123	1	0	0	0	0	0
LK-1321	Kalutara	Kalutara	DSD	43951	182	114	42	0	3	40
LK-1321005	Mestiya	Mestiya	GND	333	0	0	0	0	0	0
LK-1321010	Maha Gonadoowa	Maha Gonadoowa	GND	719	3	0	0	0	0	0
LK-1321015	Kuda Gonadoowa	Kuda Gonadoowa	GND	434	1	0	0	0	0	0
LK-1321020	Moronthuduwa North	Moronthuduwa North	GND	278	1	0	0	0	0	0
LK-1321025	Mawala	Mawala	GND	562	2	1	0	0	0	0
LK-1321030	Melegama North	Melegama North	GND	307	0	0	0	0	0	1
LK-1321035	Melegama South	Melegama South	GND	543	1	0	1	0	0	0
LK-1321040	Habaralagahalanda	Habaralagahalanda	GND	867	2	0	0	0	0	0
LK-1321045	Pohoddaramulla West	Pohoddaramulla West	GND	256	1	2	0	0	0	0
LK-1321050	Pohoddaramulla East	Pohoddaramulla East	GND	720	1	0	0	0	0	0
LK-1321055	Pothupitiya East	Pothupitiya East	GND	574	6	3	2	0	0	0
LK-1321060	Mawala South	Mawala South	GND	414	1	0	0	0	0	0
LK-1321065	Maharekma	Maharekma	GND	540	3	0	0	0	0	0
LK-1321070	Nandoowa	Nandoowa	GND	310	2	0	0	0	0	2
LK-1321075	Moronthuduwa South	Moronthuduwa South	GND	886	0	0	1	0	0	0
LK-1321080	Kalapugama	Kalapugama	GND	414	0	0	0	0	0	0
LK-1321085	Kalapugama West	Kalapugama West	GND	566	4	0	0	0	1	0
LK-1321090	Ariyagama	Ariyagama	GND	532	9	0	0	0	0	0
LK-1321095	Deldoowa	Deldoowa	GND	720	6	0	0	0	0	0
LK-1321100	Nugagoda	Nugagoda	GND	754	5	0	0	0	0	0
LK-1321105	Pothupitiya South	Pothupitiya South	GND	397	1	0	0	0	0	0
LK-1321110	Pothupitiya North	Pothupitiya North	GND	414	2	0	0	0	0	0
LK-1321115	Pothupitiya West	Pothupitiya West	GND	363	0	0	0	0	1	2
LK-1321120	Meda Pothupitiya	Meda Pothupitiya	GND	369	2	0	0	0	0	0
LK-1321125	Kuda Waskaduwa West	Kuda Waskaduwa West	GND	460	0	1	5	0	0	1
LK-1321130	Kuda Waskaduwa North	Kuda Waskaduwa North	GND	612	3	2	1	0	0	1
LK-1321135	Kuda Waskaduwa East	Kuda Waskaduwa East	GND	495	1	0	0	0	0	1
LK-1321140	Kapuhena	Kapuhena	GND	203	2	0	0	0	0	0
LK-1321145	Usgodella	Usgodella	GND	521	0	0	0	0	0	0
LK-1321150	Panapitiya North	Panapitiya North	GND	365	3	0	0	0	0	0
LK-1321155	Paraduwa	Paraduwa	GND	259	4	0	0	0	0	3
LK-1321160	Dodammulla	Dodammulla	GND	219	3	0	0	0	0	0
LK-1321165	Diyagama	Diyagama	GND	291	1	0	0	0	0	0
LK-1321170	Panapitiya South	Panapitiya South	GND	358	1	0	0	0	0	1
LK-1321175	Rannungala	Rannungala	GND	402	3	0	0	0	0	0
LK-1321180	Uggalbada West	Uggalbada West	GND	530	0	0	0	0	0	0
LK-1321185	Dediyawala	Dediyawala	GND	730	4	0	2	0	0	1
LK-1321190	Kuda Waskaduwa South	Kuda Waskaduwa South	GND	629	0	0	9	0	0	0
LK-1321195	Mahawaskaduwa South	Mahawaskaduwa South	GND	699	1	0	1	0	1	0
LK-1321200	Mahawaskaduwa North	Mahawaskaduwa North	GND	353	0	0	0	0	0	0
LK-1321205	Vilegoda North	Vilegoda North	GND	544	3	0	0	0	0	1
LK-1321210	Malwatta	Malwatta	GND	252	0	0	0	0	0	2
LK-1321215	Wijerathnawatta	Wijerathnawatta	GND	514	1	0	0	0	0	0
LK-1321220	Uggalbada East	Uggalbada East	GND	432	1	1	0	0	0	0
LK-1321225	Thekkawatta	Thekkawatta	GND	1161	3	3	0	0	0	0
LK-1321230	Jawatta	Jawatta	GND	434	6	0	0	0	0	1
LK-1321235	Botnikwatta	Botnikwatta	GND	422	4	0	0	0	0	0
LK-1321240	Kalutara North	Kalutara North	GND	657	1	5	0	0	0	1
LK-1321245	Deshasthra Kalutara	Deshasthra Kalutara	GND	544	2	18	7	0	0	1
LK-1321250	Deshasthra Kalutara West	Deshasthra Kalutara West	GND	530	0	0	4	0	0	0
LK-1321255	Vidyasara	Vidyasara	GND	573	1	0	0	0	0	2
LK-1321260	Thotupala	Thotupala	GND	357	0	0	0	0	0	0
LK-1321265	Ethanamadala	Ethanamadala	GND	851	1	6	0	0	0	0
LK-1321270	Palathota	Palathota	GND	394	0	1	0	0	0	0
LK-1321275	Welapura	Welapura	GND	364	7	2	5	0	0	0
LK-1321280	Kalutara South	Kalutara South	GND	345	1	0	0	0	0	0
LK-1321285	Kuda Heenatiyangala	Kuda Heenatiyangala	GND	609	2	1	0	0	0	0
LK-1321290	Ilukwatta	Ilukwatta	GND	611	1	0	0	0	0	0
LK-1321295	Vilegoda South	Vilegoda South	GND	255	0	0	0	0	0	0
LK-1321300	Godaparagahahena	Godaparagahahena	GND	295	1	20	0	0	0	0
LK-1321305	Kithulawa	Kithulawa	GND	895	6	0	1	0	0	1
LK-1321310	Alwiswatta	Alwiswatta	GND	290	2	5	1	0	0	0
LK-1321315	Etavila	Etavila	GND	645	0	1	0	0	0	0
LK-1321320	Akkaragoda	Akkaragoda	GND	329	0	0	0	0	0	0
LK-1321325	Mahawatta	Mahawatta	GND	499	0	0	0	0	0	0
LK-1321330	Kalutara South A	Kalutara South A	GND	305	0	1	0	0	0	0
LK-1321335	Kalapuwa	Kalapuwa	GND	415	0	1	0	0	0	0
LK-1321340	Wettumakada	Wettumakada	GND	457	0	0	0	0	0	0
LK-1321345	Kurunduwatta	Kurunduwatta	GND	638	1	0	0	0	0	0
LK-1321350	Maha Heenatiyangala	Maha Heenatiyangala	GND	879	3	0	0	0	0	0
LK-1321355	Wattamulla	Wattamulla	GND	666	4	0	1	0	0	0
LK-1321360	Alubogahalanda	Alubogahalanda	GND	696	3	3	0	0	0	2
LK-1321365	Rajawatta Aluth Kotasa	Rajawatta Aluth Kotasa	GND	142	2	0	0	0	0	0
LK-1321370	Rajawatta Parana Kotasa	Rajawatta Parana Kotasa	GND	290	0	0	0	0	0	1
LK-1321375	Pulartan	Pulartan	GND	991	25	5	1	0	0	0
LK-1321380	Uswatta	Uswatta	GND	530	1	17	0	0	0	2
LK-1321385	Katukurunda	Katukurunda	GND	306	2	1	0	0	0	0
LK-1321390	Kalamulla North	Kalamulla North	GND	515	0	1	0	0	0	0
LK-1321395	Nagoda West	Nagoda West	GND	925	2	3	0	0	0	0
LK-1321400	Kajudoowawatta	Kajudoowawatta	GND	514	0	0	0	0	0	0
LK-1321405	Nagoda South	Nagoda South	GND	1011	3	9	0	0	0	3
LK-1321410	Weniwelketiya	Weniwelketiya	GND	749	1	0	0	0	0	1
LK-1321415	Gallassa	Gallassa	GND	403	2	0	0	0	0	3
LK-1321420	Kalamulla East	Kalamulla East	GND	287	1	1	0	0	0	0
LK-1321425	Kalamulla South	Kalamulla South	GND	382	6	0	0	0	0	4
LK-1321430	Ethagama West	Ethagama West	GND	256	0	0	0	0	0	2
LK-1321435	Ethagama East	Ethagama East	GND	394	4	0	0	0	0	0
LK-1324	Beruwala	Beruwala	DSD	42072	306	38	16	1	4	34
LK-1324005	Kuda Payagala North	Kuda Payagala North	GND	491	1	0	0	0	1	0
LK-1324010	Mehimulla	Mehimulla	GND	381	12	0	0	0	0	0
LK-1324015	Pambe	Pambe	GND	386	7	0	0	0	0	0
LK-1324020	Hirigalgodella	Hirigalgodella	GND	694	10	0	0	0	0	0
LK-1324025	Malegoda	Malegoda	GND	843	2	2	0	0	0	1
LK-1324030	Kuda Payagala South	Kuda Payagala South	GND	339	1	0	0	0	0	0
LK-1324035	Payagala North	Payagala North	GND	574	13	0	0	0	0	1
LK-1324040	Pinidiyamulla	Pinidiyamulla	GND	618	7	0	0	0	0	1
LK-1324045	Viharakanda	Viharakanda	GND	321	12	0	0	0	0	0
LK-1324050	Palayangoda	Palayangoda	GND	604	10	0	0	0	0	1
LK-1324055	Weragala	Weragala	GND	739	17	0	0	0	0	0
LK-1324060	Katukurundugahalanda East	Katukurundugahalanda East	GND	476	10	0	0	0	0	3
LK-1324065	Katukurundugahalanda West	Katukurundugahalanda West	GND	322	19	0	0	0	0	0
LK-1324070	Pothuvila East	Pothuvila East	GND	512	1	0	0	0	0	0
LK-1324075	Mahagammedda	Mahagammedda	GND	539	2	0	0	0	0	0
LK-1324080	Maha Payagala	Maha Payagala	GND	335	1	6	0	0	0	0
LK-1324085	Pothuvila West	Pothuvila West	GND	349	2	0	0	0	0	0
LK-1324090	Munasinghagoda	Munasinghagoda	GND	389	5	0	0	0	0	0
LK-1324095	Diyalagoda	Diyalagoda	GND	645	1	2	0	0	0	0
LK-1324100	Kapugoda	Kapugoda	GND	398	1	3	0	0	0	1
LK-1324105	Halkandavila	Halkandavila	GND	464	21	0	0	0	0	3
LK-1324110	Yovungama	Yovungama	GND	309	3	0	0	0	0	0
LK-1324115	Doowegoda	Doowegoda	GND	661	6	0	0	0	0	1
LK-1324120	Kendagahavila	Kendagahavila	GND	540	5	0	0	0	0	0
LK-1324125	Munhena	Munhena	GND	744	2	0	0	0	0	1
LK-1324130	Maggona East	Maggona East	GND	830	1	2	1	0	0	10
LK-1324135	Akkaramale	Akkaramale	GND	643	1	0	0	0	0	0
LK-1324140	Maggona West	Maggona West	GND	271	0	0	0	0	0	0
LK-1324145	Idiriligoda	Idiriligoda	GND	292	0	0	0	0	0	0
LK-1324150	Kuda Magalkanda	Kuda Magalkanda	GND	166	0	0	0	0	0	0
LK-1324155	Magalkanda North	Magalkanda North	GND	308	1	0	0	0	0	1
LK-1324160	Magalkanda South	Magalkanda South	GND	539	6	0	0	0	0	4
LK-1324165	Akkara Asoowa	Akkara Asoowa	GND	467	3	0	0	0	0	0
LK-1324170	Bubulalanda	Bubulalanda	GND	418	7	0	0	0	0	0
LK-1324175	Kadurugasmulla	Kadurugasmulla	GND	574	6	0	0	0	0	0
LK-1324180	Bandanagoda	Bandanagoda	GND	400	0	1	1	0	0	0
LK-1324185	Kalavilakanda	Kalavilakanda	GND	304	1	0	0	0	0	0
LK-1324190	Walathara	Walathara	GND	956	3	0	0	0	0	0
LK-1324195	Pannila	Pannila	GND	367	1	0	0	0	0	0
LK-1324200	Cheenakotuwa	Cheenakotuwa	GND	817	26	0	0	0	0	0
LK-1324205	Akkaragoda	Akkaragoda	GND	598	1	2	14	1	0	0
LK-1324210	Karandagoda	Karandagoda	GND	320	1	0	0	0	0	0
LK-1324215	Marakkalahawatta	Marakkalahawatta	GND	763	0	0	0	0	0	1
LK-1324220	Polkotuwa	Polkotuwa	GND	686	4	0	0	0	1	0
LK-1324225	Paranakade	Paranakade	GND	267	1	0	0	0	0	0
LK-1324230	Maradana	Maradana	GND	1451	6	0	0	0	0	0
LK-1324235	Hettiyakanda	Hettiyakanda	GND	563	3	0	0	0	0	0
LK-1324240	Massalgoda	Massalgoda	GND	462	0	3	0	0	0	0
LK-1324245	Kankanamgoda	Kankanamgoda	GND	1384	2	10	0	0	0	0
LK-1324250	Ambepitiya	Ambepitiya	GND	1129	6	0	0	0	0	0
LK-1324255	Pinhena	Pinhena	GND	388	12	0	0	0	0	0
LK-1324260	Pinhena Colony	Pinhena Colony	GND	276	8	0	0	0	0	0
LK-1324265	Kalavila	Kalavila	GND	613	1	0	0	0	0	0
LK-1324270	Malewangoda	Malewangoda	GND	389	0	0	0	0	0	0
LK-1324275	Padagoda	Padagoda	GND	372	0	0	0	0	0	0
LK-1324280	Hettimulla	Hettimulla	GND	569	2	0	0	0	0	0
LK-1324285	Mahagoda	Mahagoda	GND	1312	1	2	0	0	0	0
LK-1324290	Maligahena	Maligahena	GND	675	2	0	0	0	0	0
LK-1324295	Moragalla	Moragalla	GND	698	1	2	0	0	0	0
LK-1324300	Mullapitiya	Mullapitiya	GND	370	1	0	0	0	0	0
LK-1324305	Gammedda	Gammedda	GND	321	1	0	0	0	0	3
LK-1324310	Kaluwamodara North	Kaluwamodara North	GND	297	1	0	0	0	0	0
LK-1324315	Galhena	Galhena	GND	358	3	0	0	0	0	0
LK-1324320	Alakadupitiya	Alakadupitiya	GND	440	0	0	0	0	0	0
LK-1324325	Welipitiya	Welipitiya	GND	683	1	0	0	0	0	1
LK-1324330	Pathirajagoda	Pathirajagoda	GND	204	0	0	0	0	0	0
LK-1324335	Kadiyawatta	Kadiyawatta	GND	203	0	0	0	0	0	0
LK-1324340	Malewana	Malewana	GND	605	4	0	0	0	0	0
LK-1324345	Adikarigoda	Adhikarigoda	GND	265	0	0	0	0	1	0
LK-1324350	Nakandalagoda	Nakandalagoda	GND	419	0	0	0	0	0	0
LK-1324355	Danwattagoda	Danwattagoda	GND	120	0	0	0	0	0	0
LK-1324360	Kotapitiya	Kotapitiya	GND	192	0	0	0	0	0	0
LK-1324365	Warapitiya	Warapitiya	GND	778	7	1	0	0	0	0
LK-1324370	Dharga Town East	Dharga Town East	GND	527	0	0	0	0	0	0
LK-1324375	Ganga Addara	Ganga Addara	GND	468	1	0	0	0	0	0
LK-1324380	Dharga Town	Dharga Town	GND	670	0	1	0	0	0	0
LK-1324385	Kaluwamodara East	Kaluwamodara East	GND	373	1	0	0	0	0	0
LK-1324390	Kaluwamodara West	Kaluwamodara West	GND	452	2	1	0	0	0	0
LK-1324395	Ganegama	Ganegama	GND	318	0	0	0	0	0	0
LK-1324400	Seenawatta	Seenawatta	GND	545	2	0	0	0	0	0
LK-1324405	Aluthgama East	Aluthgama East	GND	315	4	0	0	0	1	0
LK-1324410	Aluthgama West	Aluthgama West	GND	209	0	0	0	0	0	1
LK-1327	Dodangoda	Dodangoda	DSD	18382	251	12	4	0	1	17
LK-1327005	Koholana North	Koholana North	GND	230	2	0	0	0	0	0
LK-1327010	Ukwatta	Ukwatta	GND	175	2	0	0	0	0	0
LK-1327015	Bolossagama	Bolossagama	GND	249	1	0	1	0	0	0
LK-1327020	Remunagoda North	Remunagoda North	GND	213	5	1	0	0	0	0
LK-1327025	Pelapitiyagoda	Pelapitiyagoda	GND	324	5	0	0	0	0	1
LK-1327030	Pelapitiyagoda North	Pelapitiyagoda North	GND	351	2	1	0	0	0	0
LK-1327035	Pahala Nebada	Pahala Nebada	GND	400	17	0	0	0	0	0
LK-1327040	Nebada	Nebada	GND	334	6	0	0	0	0	0
LK-1327045	Nebada West	Nebada West	GND	128	3	0	0	0	0	0
LK-1327050	Thebuwana East	Thebuwana East	GND	579	6	0	0	0	0	0
LK-1327055	Thebuwana West	Thebuwana West	GND	366	2	1	0	0	0	0
LK-1327060	Remunagoda South	Remunagoda South	GND	185	1	0	0	0	0	0
LK-1327065	Gamagoda East	Gamagoda East	GND	409	3	0	0	0	0	1
LK-1327070	Serupita East	Serupita East	GND	415	6	1	0	0	0	0
LK-1327075	Serupita West	Serupita West	GND	219	2	0	0	0	0	0
LK-1327080	Koholana South	Koholana South	GND	184	2	0	1	0	0	1
LK-1327085	Adhikarigoda	Adhikarigoda	GND	351	23	0	0	0	0	0
LK-1327090	Gamagoda West	Gamagoda West	GND	521	7	1	0	0	0	1
LK-1327095	Bombuwala North - West	Bombuwala North-West	GND	676	17	0	0	0	0	2
LK-1327100	Bombuwala North - Central	Bombuwala North-Central	GND	483	2	0	0	0	0	0
LK-1327105	Bombuwala North - East	Bombuwala North-East	GND	294	7	0	0	0	0	0
LK-1327110	Bombuwala South - West	Bombuwala South-West	GND	406	7	0	1	0	0	4
LK-1327115	Bombuwala South - Central	Bombuwala South-Central	GND	735	2	0	0	0	1	2
LK-1327120	Bombuwala South - East	Bombuwala South-East	GND	512	3	0	0	0	0	0
LK-1327125	Thudugala East	Thudugala East	GND	284	16	0	0	0	0	0
LK-1327130	Wellatha	Wellatha	GND	315	0	0	0	0	0	0
LK-1327135	Ihala Nebada	Ihala Nebada	GND	216	2	0	0	0	0	0
LK-1327140	Wattahena	Wattahena	GND	233	5	0	0	0	0	0
LK-1327145	Nehinna	Nehinna	GND	358	5	1	0	0	0	0
LK-1327150	Wadugama	Wadugama	GND	514	11	0	0	0	0	1
LK-1327155	Thudugala West	Thudugala West	GND	341	4	0	0	0	0	0
LK-1327160	Dodangoda East - North	Dodangoda East-North	GND	481	1	0	0	0	0	0
LK-1327165	Dodangoda West - North	Dodangoda West-North	GND	714	2	2	0	0	0	0
LK-1327170	Dodangoda West - North West	Dodangoda West-North West	GND	892	5	3	0	0	0	1
LK-1327175	Dodangoda West	Dodangoda West	GND	1029	0	0	0	0	0	0
LK-1327180	Dodangoda West - Central	Dodangoda West-Central	GND	224	1	0	0	0	0	0
LK-1327185	Dodangoda West - South	Dodangoda West-South	GND	616	3	1	0	0	0	0
LK-1327190	Dodangoda East - South	Dodangoda East-South	GND	657	1	0	0	0	0	0
LK-1327195	Sapugahawatta	Sapugahawatta	GND	420	3	0	0	0	0	1
LK-1327200	Puhambugoda East	Puhambugoda East	GND	502	2	0	1	0	0	1
LK-1327205	Dodangoda East	Dodangoda East	GND	309	4	0	0	0	0	0
LK-1327210	Dodangoda East - Central	Dodangoda East-Central	GND	622	18	0	0	0	0	0
LK-1327215	Puhambugoda West	Puhambugoda West	GND	294	8	0	0	0	0	0
LK-1327220	Eladoowa	Eladoowa	GND	434	14	0	0	0	0	1
LK-1327225	Galpottavila	Galpottavila	GND	188	13	0	0	0	0	0
LK-1330	Matugama	Mathugama	DSD	23266	203	12	3	1	0	18
LK-1330005	Iddagoda West	Iddagoda West	GND	208	3	0	0	0	0	0
LK-1330010	Iddagoda East	Iddagoda East	GND	387	4	1	0	0	0	0
LK-1330015	Hiriketiya	Hiriketiya	GND	199	1	0	0	0	0	0
LK-1330020	Panthiya	Panthiya	GND	486	6	0	0	0	0	1
LK-1330025	Welimanana	Welimanana	GND	615	7	0	1	0	0	0
LK-1330030	Bopitiya East	Bopitiya East	GND	343	0	0	0	0	0	0
LK-1330035	Yattovita	Yattovita	GND	505	0	0	0	0	0	0
LK-1330040	Mathugama West	Mathugama West	GND	601	1	0	1	1	0	0
LK-1330045	Mathugama North	Mathugama North	GND	635	3	0	0	0	0	1
LK-1330050	Gurudola	Gurudola	GND	134	1	0	0	0	0	0
LK-1330055	Wettewa	Wettewa	GND	649	1	0	0	0	0	0
LK-1330060	Mathugama East	Mathugama East	GND	655	2	4	0	0	0	0
LK-1330065	Mathugama South	Mathugama South	GND	615	1	0	0	0	0	3
LK-1330070	Naravila	Naravila	GND	588	12	0	0	0	0	0
LK-1330075	Bopitiya West	Bopitiya West	GND	393	4	0	0	0	0	0
LK-1330080	Diyagala	Diyagala	GND	281	2	0	0	0	0	0
LK-1330085	Thambaretiya	Thambaretiya	GND	389	0	0	0	0	0	0
LK-1330090	Yatadolawatta East	Yatadolawatta East	GND	885	7	2	0	0	0	0
LK-1330095	Yatadolawatta West	Yatadolawatta West	GND	731	8	0	0	0	0	1
LK-1330100	Aluthgamgoda	Aluthgamgoda	GND	464	4	0	0	0	0	0
LK-1330105	Navuttuduwa	Navuttuduwa	GND	453	2	0	0	0	0	0
LK-1330110	Keeranthidiya	Keeranthidiya	GND	589	5	0	0	0	0	0
LK-1330115	Pussalamulla	Pussalamulla	GND	505	1	0	0	0	0	0
LK-1330120	Kolehekada	Kolehekada	GND	471	6	0	0	0	0	0
LK-1330125	Kotagedara	Kotagedara	GND	385	15	0	0	0	0	1
LK-1330130	Henegama	Henegama	GND	524	8	0	0	0	0	1
LK-1330135	Badugama	Badugama	GND	687	3	0	0	0	0	0
LK-1330140	Ovitigala	Ovitigala	GND	637	0	0	0	0	0	0
LK-1330145	Sandasirigama	Sandasirigama	GND	466	5	0	0	0	0	1
LK-1330150	Badugama New Colony	Badugama New Colony	GND	353	20	0	0	0	0	1
LK-1330155	Horawala East	Horawala East	GND	224	5	0	0	0	0	0
LK-1330160	Horawala North	Horawala North	GND	263	2	0	0	0	0	0
LK-1330165	Horawala	Horawala	GND	307	0	0	0	0	0	1
LK-1330170	Horawala West	Horawala West	GND	496	2	0	0	0	0	0
LK-1330175	Welipenna East - South	Welipenna East South	GND	205	0	0	0	0	0	0
LK-1330180	Welipenna West	Welipenna West	GND	900	5	4	0	0	0	0
LK-1330185	Welipenna East - North	Welipenna East-North	GND	519	2	0	0	0	0	0
LK-1330190	Dippita	Dippita	GND	292	3	0	0	0	0	0
LK-1330195	Lewwanduwa North	Lewwanduwa North	GND	166	0	0	0	0	0	0
LK-1330200	Henpita	Henpita	GND	209	1	0	0	0	0	1
LK-1330205	Galmatta	Galmatta	GND	238	7	0	0	0	0	1
LK-1330210	Walagedara North	Walagedara North	GND	303	1	0	0	0	0	0
LK-1330215	Warakatholla	Warakatholla	GND	430	12	0	0	0	0	0
LK-1330220	Nugagahalanda	Nugagahalanda	GND	224	5	0	0	0	0	0
LK-1330225	Keppetiyagahalanda	Keppetiyagahalanda	GND	321	2	0	0	0	0	0
LK-1330230	Bondupitiya	Bondupitiya	GND	124	0	0	0	0	0	0
LK-1330235	Andawala	Andawala	GND	296	2	0	0	0	0	0
LK-1330240	Thalgasgoda	Thalgasgoda	GND	781	4	1	1	0	0	0
LK-1330245	Indigasthuduwa	Indigasthuduwa	GND	151	4	0	0	0	0	0
LK-1330250	Ladduwa	Ladduwa	GND	152	3	0	0	0	0	0
LK-1330255	Meegama	Meegama	GND	255	2	0	0	0	0	0
LK-1330260	Dewagoda	Dewagoda	GND	292	6	0	0	0	0	4
LK-1330265	Walagedara South	Walagedara South	GND	358	0	0	0	0	0	0
LK-1330270	Kurudippita	Kurudippita	GND	191	0	0	0	0	0	0
LK-1330275	Lewwanduwa West	Lewwanduwa West	GND	301	1	0	0	0	0	0
LK-1330280	Lewwanduwa East	Lewwanduwa East	GND	220	1	0	0	0	0	0
LK-1330285	Madawala	Madawala	GND	215	1	0	0	0	0	1
LK-1333	Agalawatta	Agalawatta	DSD	10410	77	5	3	0	0	7
LK-1333005	Girikola	Girikola	GND	397	3	0	0	0	0	0
LK-1333010	Pimbura	Pimbura	GND	422	2	0	0	0	0	0
LK-1333015	Omatta	Omatta	GND	254	1	0	1	0	0	0
LK-1333020	Omatta East	Omatta East	GND	141	3	0	0	0	0	0
LK-1333025	Evariwatta	Evariwatta	GND	260	5	0	0	0	0	0
LK-1333030	Kekulandala South	Kekulandala South	GND	444	8	0	0	0	0	1
LK-1333035	Halovita	Halovita	GND	222	3	0	0	0	0	1
LK-1333040	Udawela	Udawela	GND	378	1	1	0	0	0	0
LK-1333045	Helamba	Helamba	GND	468	2	0	0	0	0	0
LK-1333050	Yatiyana West	Yatiyana West	GND	604	1	1	0	0	0	1
LK-1333055	Gorokgoda	Gorokgoda	GND	518	9	0	0	0	0	0
LK-1333060	Beragama	Beragama	GND	238	2	1	0	0	0	0
LK-1333065	Agalawatta	Agalawatta	GND	219	0	0	0	0	0	0
LK-1333070	Kekulandala North	Kekulandala North	GND	402	1	0	1	0	0	1
LK-1333075	Dapiligoda	Dapiligoda	GND	404	4	0	0	0	0	0
LK-1333080	Wandurabba	Wandurabba	GND	464	2	0	0	0	0	0
LK-1333085	Yatiyana East	Yatiyana East	GND	462	1	0	0	0	0	0
LK-1333090	Pinnagoda	Pinnagoda	GND	352	2	0	0	0	0	0
LK-1333095	Bodhiyakanda	Bodhiyakanda	GND	97	1	0	0	0	0	0
LK-1333100	Mulatiyana	Mulatiyana	GND	147	0	0	0	0	0	0
LK-1333105	Ridirekhagama	Ridirekhagama	GND	230	0	0	0	0	0	0
LK-1333110	Kithulgoda	Kithulgoda	GND	462	1	0	0	0	0	1
LK-1333115	Kithulgoda South	Kithulgoda South	GND	209	5	0	0	0	0	1
LK-1333120	Kuda Kalupahana	Kuda Kalupahana	GND	174	0	0	0	0	0	0
LK-1333125	Kalupahana	Kalupahana	GND	270	4	2	0	0	0	0
LK-1333130	Kevitiyagala North	Kevitiyagala North	GND	203	5	0	0	0	0	0
LK-1333135	Diyapattugama	Diyapattugama	GND	325	1	0	0	0	0	1
LK-1333140	Kurupita	Kurupita	GND	197	3	0	1	0	0	0
LK-1333145	Harankahapatha	Harankahapatha	GND	205	0	0	0	0	0	0
LK-1333150	Kevitiyagala	Kevitiyagala	GND	245	0	0	0	0	0	0
LK-1333155	Polgampala	Polgampala	GND	248	1	0	0	0	0	0
LK-1333160	Polgampala East	Polgampala East	GND	209	0	0	0	0	0	0
LK-1333165	Rathmale East	Rathmale East	GND	335	5	0	0	0	0	0
LK-1333170	Rathmale	Rathmale	GND	205	1	0	0	0	0	0
LK-1336	Palindanuwara	Palindanuwara	DSD	14669	276	3	12	0	1	35
LK-1336005	Kosgulana	Kosgulana	GND	163	9	0	0	0	0	0
LK-1336010	Kelinkanda	Kelinkanda	GND	271	2	0	0	0	0	1
LK-1336015	Kelinkanda Colony	Kelinkanda Colony	GND	270	1	0	0	0	0	0
LK-1336020	Walakada	Walakada	GND	228	22	0	0	0	0	6
LK-1336025	Kapugedara	Kapugedara	GND	306	5	0	0	0	0	0
LK-1336030	Galahitiya	Galahitiya	GND	532	31	1	1	0	0	0
LK-1336035	Ilukpatha	Ilukpatha	GND	380	14	0	0	0	0	0
LK-1336040	Pelenda West	Pelenda West	GND	598	3	0	2	0	0	9
LK-1336045	Pelenda	Pelenda	GND	550	14	0	0	0	0	1
LK-1336050	Bampara	Bampara	GND	143	1	0	1	0	0	0
LK-1336055	Ambegoda	Ambegoda	GND	296	7	0	2	0	0	0
LK-1336060	Morapitiya North	Morapitiya North	GND	395	17	0	2	0	0	0
LK-1336065	Morapitiya	Morapitiya	GND	328	7	0	1	0	0	3
LK-1336070	Midalana West	Midalana West	GND	226	2	0	0	0	0	0
LK-1336075	Maragahadeniya	Maragahadeniya	GND	665	17	0	0	0	0	0
LK-1336080	Lathpandura East	Lathpandura East	GND	439	7	0	0	0	0	0
LK-1336085	Bellana East	Bellana East	GND	360	3	0	0	0	0	0
LK-1336090	Viharagama	Viharagama	GND	330	2	0	0	0	0	0
LK-1336095	Kapugama	Kapugama	GND	138	0	0	0	0	0	0
LK-1336100	Bellana	Bellana	GND	377	2	0	0	0	0	4
LK-1336105	Yakupitiya	Yakupitiya	GND	269	2	0	0	0	0	0
LK-1336110	Lathpandura	Lathpandura	GND	428	4	0	0	0	0	1
LK-1336115	Kamburawala	Kamburawala	GND	571	7	0	0	0	0	0
LK-1336120	Baduraliya	Baduraliya	GND	640	3	0	1	0	0	2
LK-1336125	Diggoda	Diggoda	GND	389	3	0	0	0	0	1
LK-1336130	Midalana	Midalana	GND	408	4	0	0	0	1	0
LK-1336135	Morapitiya South	Morapitiya South	GND	179	3	0	0	0	0	0
LK-1336140	Athwelthota	Athwelthota	GND	332	9	0	0	0	0	0
LK-1336145	Diganna	Diganna	GND	237	7	0	0	0	0	0
LK-1336150	Batahena	Batahena	GND	297	3	0	0	0	0	1
LK-1336155	Hedigalla	Hedigalla	GND	503	4	0	0	0	0	0
LK-1336160	Magura East	Magura East	GND	192	5	0	0	0	0	0
LK-1336165	Magura West	Magura West	GND	305	7	0	0	0	0	0
LK-1336170	Addaragoda	Addaragoda	GND	186	2	0	0	0	0	0
LK-1336175	Penigala	Penigala	GND	163	2	0	0	0	0	1
LK-1336180	Kalugala	Kalugala	GND	395	6	1	0	0	0	1
LK-1336185	Athale	Athale	GND	194	3	1	1	0	0	1
LK-1336190	Ingurudaluwa	Ingurudaluwa	GND	300	8	0	0	0	0	0
LK-1336195	Bollunna	Bollunna	GND	260	4	0	0	0	0	0
LK-1336200	Kalukandawa	Kalukandawa	GND	31	2	0	0	0	0	0
LK-1336205	Batagodavila	Batagodavila	GND	382	3	0	1	0	0	3
LK-1336210	Boralugoda	Boralugoda	GND	103	3	0	0	0	0	0
LK-1336215	Thiniyawala	Thiniyawala	GND	910	16	0	0	0	0	0
LK-1339	Walallawita	Walallavita	DSD	15696	199	5	9	1	1	13
LK-1339005	Pannila South	Pannila South	GND	291	1	0	0	0	0	1
LK-1339010	Pannila East	Pannila East	GND	336	14	0	0	0	0	0
LK-1339015	Uragoda West	Uragoda West	GND	142	2	0	0	0	0	0
LK-1339020	Uragoda East	Uragoda East	GND	102	3	0	1	0	0	0
LK-1339025	Lihiniyawa West	Lihiniyawa West	GND	275	3	0	1	0	0	0
LK-1339030	Lihiniyawa East	Lihiniyawa East	GND	363	5	0	0	0	0	0
LK-1339035	Moragala	Moragala	GND	417	3	0	1	0	0	0
LK-1339040	Meegahathenna	Meegahathenna	GND	492	3	0	0	0	0	1
LK-1339045	Mallawachchigoda Gangabada	Mallawachchigoda Gangabada	GND	302	1	0	0	0	0	0
LK-1339050	Bothalawa	Bothalawa	GND	247	7	0	0	0	0	0
LK-1339055	Kumbadoowa	Kumbadoowa	GND	426	4	0	0	0	0	0
LK-1339060	Maddegama	Maddegama	GND	323	2	0	0	0	0	0
LK-1339065	Bogodakanda	Bogodakanda	GND	249	2	0	0	0	0	0
LK-1339070	Halwalakele Malwathukanda	Halwalakele Malwathukanda	GND	103	3	0	0	0	0	0
LK-1339075	Uthumgama	Uthumgama	GND	220	0	0	0	0	0	0
LK-1339080	Kuda Mathugama	Kuda Mathugama	GND	193	4	0	0	0	0	0
LK-1339085	Pareigama North	Pareigama North	GND	227	1	0	0	0	0	0
LK-1339090	Halwala	Halwala	GND	257	4	0	0	0	0	1
LK-1339095	Pannila	Pannila	GND	255	0	0	0	0	0	0
LK-1339100	Miriswatta	Miriswatta	GND	326	4	0	0	0	0	0
LK-1339105	Ittapana North	Ittapana North	GND	237	0	0	0	0	0	2
LK-1339110	Malambehena	Malambehena	GND	285	0	0	1	0	0	2
LK-1339115	Ittapana West	Ittapana West	GND	192	0	0	0	0	0	0
LK-1339120	Ittapana South	Ittapana South	GND	168	1	0	0	0	0	0
LK-1339125	Ittapana East	Ittapana East	GND	207	1	0	0	0	0	0
LK-1339130	Loolbadduwa	Loolbadduwa	GND	366	1	0	0	0	0	0
LK-1339135	Pareigama South	Pareigama South	GND	231	7	0	0	0	0	0
LK-1339140	Gulavita North	Gulavita North	GND	164	2	0	0	0	0	0
LK-1339145	Wedawatta	Wedawatta	GND	247	2	0	0	0	0	0
LK-1339150	Katukele Welmeegoda	Katukele Welmeegoda	GND	371	7	0	0	0	0	1
LK-1339155	Ranepuragoda	Ranepuragoda	GND	242	2	1	0	0	0	0
LK-1339160	Mandagala	Mandagala	GND	273	3	0	0	0	0	1
LK-1339165	Yattapatha	Yattapatha	GND	375	6	0	3	0	0	0
LK-1339170	Pahala Hewessa North	Pahala Hewessa North	GND	331	3	0	0	0	0	0
LK-1339175	Pahala Hewessa South	Pahala Hewessa South	GND	239	3	0	0	0	0	0
LK-1339180	Pelawatta East	Pelawatta East	GND	229	8	0	0	0	0	0
LK-1339185	Pelawatta	Pelawatta	GND	299	0	0	0	0	0	0
LK-1339190	Pelawatta West North	Pelawatta West North	GND	405	7	0	0	0	1	1
LK-1339195	Makalandawa	Makalandawa	GND	196	0	0	0	0	0	0
LK-1339200	Makalandawa South	Makalandawa South	GND	166	0	1	0	0	0	0
LK-1339205	Gulavita South	Gulavita South	GND	204	2	0	0	0	0	0
LK-1339210	Udugama	Udugama	GND	172	0	0	0	0	0	0
LK-1339215	Karapagala	Karapagala	GND	247	4	1	0	0	0	0
LK-1339220	Gammana East	Gammana East	GND	134	0	0	0	0	0	0
LK-1339225	Gammana West	Gammana West	GND	249	1	0	0	0	0	0
LK-1339230	Gorakadoowa	Gorakadoowa	GND	261	5	0	1	0	0	0
LK-1339235	Yagirala	Yagirala	GND	275	3	0	0	0	0	0
LK-1339240	Katudora	Katudora	GND	219	0	0	0	0	0	0
LK-1339245	Magurumasvila	Magurumasvila	GND	201	1	0	0	0	0	0
LK-1339250	Walallavita East	Walallavita East	GND	196	0	0	0	0	0	0
LK-1339255	Pelawatta West South	Pelawatta West South	GND	410	1	0	0	0	0	0
LK-1339260	Gorakadoowa	Gorakadoowa	GND	490	1	0	0	0	0	1
LK-1339265	Miriswatta	Miriswatta	GND	265	3	0	0	0	0	0
LK-1339270	Thundola	Thundola	GND	308	11	0	0	0	0	0
LK-1339275	Weerakanda	Weerakanda	GND	121	2	0	0	0	0	0
LK-1339280	Gulanawatta	Gulanawatta	GND	303	28	2	0	1	0	0
LK-1339285	Kankotawatta	Kankotawatta	GND	269	10	0	0	0	0	0
LK-1339290	Ihala Hewessa	Ihala Hewessa	GND	220	5	0	1	0	0	1
LK-1339295	Walallavita South	Walallavita South	GND	146	1	0	0	0	0	0
LK-1339300	Thotaha	Thotaha	GND	237	2	0	0	0	0	1
LK-2	Central	Central	PROVINCE	736755	9880	360	495	27	127	1375
LK-21	Kandy	Kandy	DISTRICT	392207	4108	243	235	11	40	782
LK-2103	Tumpane	Thumpane	DSD	10738	131	1	4	0	0	23
LK-2103005	Meegahahena South	Meegahahena South	GND	225	10	0	0	0	0	0
LK-2103010	Meegahahena	Meegahahena	GND	135	6	0	0	0	0	0
LK-2103015	Galabawa	Galabawa	GND	151	6	0	0	0	0	0
LK-2103020	Kobbegala	Kobbegala	GND	100	6	0	0	0	0	0
LK-2103025	Ambagahahena	Ambagahahena	GND	118	1	0	0	0	0	0
LK-2103030	Rokhill	Rokhill	GND	156	4	0	0	0	0	0
LK-2103035	Akkarawatta	Akkarawatta	GND	76	0	0	0	0	0	0
LK-2103040	Bonakot	Bonakot	GND	136	0	0	0	0	0	0
LK-2103045	Haddapitiya	Haddapitiya	GND	223	1	0	0	0	0	0
LK-2103050	Delgasyaya	Delgasyaya	GND	88	0	0	0	0	0	0
LK-2103055	Gallenawatta	Gallenawatta	GND	130	2	0	0	0	0	0
LK-2103060	Kandanhena East	Kandanhena East	GND	173	3	0	0	0	0	0
LK-2103065	Namaltenna	Namaltenna	GND	230	2	0	0	0	0	0
LK-2103070	Alawattegama	Alawattegama	GND	94	0	0	0	0	0	0
LK-2103075	Kumburegama	Kumburegama	GND	202	2	0	0	0	0	0
LK-2103080	Ban Anga	Ban Anga	GND	134	3	0	0	0	0	0
LK-2103085	Ethamulla	Ethamulla	GND	210	3	0	0	0	0	0
LK-2103090	Palukopi Watta	Palukopi Watta	GND	225	2	0	0	0	0	2
LK-2103095	Damunugasthenna	Damunugasthenna	GND	187	4	0	0	0	0	0
LK-2103100	Galagedara West	Galagedara West	GND	285	1	0	0	0	0	0
LK-2103105	Udapitiya	Udapitiya	GND	92	2	0	0	0	0	0
LK-2103110	Galagedara Madige South	Galagedara Madige South	GND	318	1	0	0	0	0	0
LK-2103115	Galagedara	Galagedara	GND	210	0	0	0	0	0	0
LK-2103120	Galagedara Madige	Galagedara Madige	GND	187	0	0	0	0	0	0
LK-2103125	Pethigewela	Pethigewela	GND	120	0	0	0	0	0	0
LK-2103130	Udalagama	Udalagama	GND	163	0	0	1	0	0	1
LK-2103135	Gunadaha	Gunadaha	GND	294	0	0	0	0	0	1
LK-2103140	Medagoda Pahala	Medagoda Pahala	GND	145	1	1	0	0	0	2
LK-2103145	Opalla	Opalla	GND	84	0	0	0	0	0	0
LK-2103150	Gangodapitiya	Gangodapitiya	GND	135	2	0	0	0	0	0
LK-2103155	Pubbiliya	Pubbiliya	GND	110	3	0	0	0	0	0
LK-2103160	Kannadeniya	Kannadeniya	GND	154	0	0	0	0	0	0
LK-2103165	Barandara	Barandara	GND	186	1	0	0	0	0	0
LK-2103170	Kaluwana	Kaluwana	GND	180	5	0	0	0	0	0
LK-2103175	Kinigama West	Kinigama West	GND	152	4	0	0	0	0	2
LK-2103180	Kinigama East	Kinigama East	GND	165	2	0	0	0	0	1
LK-2103185	Ponnila	Pottila	GND	135	0	0	0	0	0	0
LK-2103190	Uduwa	Uduwa	GND	186	2	0	0	0	0	0
LK-2103195	Medagoda Ihala	Medagoda Ihala	GND	171	0	0	0	0	0	0
LK-2103200	Naranwala	Naranwala	GND	235	1	0	0	0	0	1
LK-2103205	Hikgodawalpola	Hithgodawalpola	GND	173	2	0	0	0	0	0
LK-2103210	Paranagama	Paranagama	GND	205	2	0	0	0	0	2
LK-2103215	Wettewa	Wettewa	GND	114	4	0	0	0	0	0
LK-2103220	Pavulpawa	Pavulpawa	GND	133	3	0	0	0	0	2
LK-2103225	Kirindiwelpola	Kirindiwelpola	GND	104	3	0	0	0	0	0
LK-2103230	Kuragama North	Kuragama North	GND	145	0	0	0	0	0	1
LK-2103235	Nikathenna	Nikathenna	GND	120	1	0	0	0	0	2
LK-2103240	Etambegoda	Etambegoda	GND	93	2	0	0	0	0	0
LK-2103245	Thahalpitiya	Thahalpitiya	GND	103	2	0	0	0	0	1
LK-2103250	Dehideniya	Dehideniya	GND	167	1	0	0	0	0	0
LK-2103255	Kandekumbura	Kandekumbura	GND	177	1	0	1	0	0	1
LK-2103260	Diyapalagoda	Diyapalagoda	GND	117	2	0	0	0	0	0
LK-2103265	Niyangoda	Niyangoda	GND	241	1	0	0	0	0	0
LK-2103270	Niyambepola	Niyambepola	GND	197	0	0	0	0	0	0
LK-2103275	Henegama Palkumbura	Henegama Palkumbura	GND	226	1	0	0	0	0	1
LK-2103280	Idamegama	Idamegama	GND	256	1	0	2	0	0	0
LK-2103285	Marawanagoda	Marawanagoda	GND	250	1	0	0	0	0	1
LK-2103290	Adungama Palkumbura	Adungama Palkumbura	GND	210	1	0	0	0	0	0
LK-2103295	Kuragama	Kuragama	GND	230	4	0	0	0	0	1
LK-2103300	Udahenepola	Udahenepola	GND	81	7	0	0	0	0	0
LK-2103305	Poholiyadda	Poholiyadda	GND	141	2	0	0	0	0	0
LK-2103310	Hiyadala	Hiyadala	GND	37	0	0	0	0	0	0
LK-2103315	Pallekotuwa	Pallekotuwa	GND	118	0	0	0	0	0	0
LK-2103320	Hiyadala Walpola	Hiyadala Walpola	GND	194	4	0	0	0	0	0
LK-2103325	Minigamuwa	Minigamuwa	GND	114	0	0	0	0	0	1
LK-2103330	Minigamuwa Ihala	Minigamuwa Ihala	GND	44	4	0	0	0	0	0
LK-2103335	Thennewela	Thennewela	GND	48	2	0	0	0	0	0
LK-2106	Poojapitiya	Pujapitiya	DSD	15609	180	3	1	0	0	22
LK-2106005	Egodamulla North	Egodamulla North	GND	270	4	0	0	0	0	1
LK-2106010	Ihalamulla	Ihalamulla	GND	160	0	0	0	0	0	1
LK-2106015	Dehiwatta	Dehiwatta	GND	227	2	0	0	0	0	2
LK-2106020	Egodamulla South	Egodamulla South	GND	294	2	0	0	0	0	1
LK-2106025	Pahala Kithulgolla	Pahala Kithulgolla	GND	297	0	0	0	0	0	0
LK-2106030	Alawatta	Alawatta	GND	204	0	0	0	0	0	0
LK-2106035	Uda Kithulgolla	Uda Kithulgolla	GND	192	1	0	0	0	0	0
LK-2106040	Ankumbura South	Ankumbura South	GND	282	2	0	0	0	0	0
LK-2106045	Ankumbura North	Ankumbura North	GND	325	9	0	0	0	0	0
LK-2106050	Uggala Janapadaya	Uggala Janapadaya	GND	174	1	0	0	0	0	0
LK-2106055	Pallegama Pahala	Pallegama Pahala	GND	158	0	0	0	0	0	0
LK-2106060	Welgala	Welgala	GND	148	1	0	0	0	0	0
LK-2106065	Ankumbura Udagama	Ankumbura Udagama	GND	208	3	0	0	0	0	0
LK-2106070	Kovilamuduna	Kovilamuduna	GND	198	0	0	0	0	0	2
LK-2106075	Galhinna	Galhinna	GND	471	2	0	0	0	0	1
LK-2106080	Galkanda	Galkanda	GND	111	1	0	0	0	0	0
LK-2106085	Palliya Kotuwa	Palliya Kotuwa	GND	351	1	0	0	0	0	0
LK-2106090	Batagolladeniya	Batagolladeniya	GND	419	9	0	0	0	0	3
LK-2106095	Watagalathenna	Watagalathenna	GND	229	3	0	0	0	0	0
LK-2106100	Morankanda	Morankanda	GND	146	3	0	0	0	0	1
LK-2106105	Wewala North	Wewala North	GND	162	1	0	0	0	0	0
LK-2106110	Udahena	Udahena	GND	117	7	0	0	0	0	0
LK-2106115	Siyapathgama	Siyapathgama	GND	268	6	0	0	0	0	0
LK-2106120	Pathirada	Pathirada	GND	108	1	0	0	0	0	0
LK-2106125	Udahingulwala	Udahingulwala	GND	274	6	0	0	0	0	1
LK-2106130	Pahala Hingulwala	Pahala Hingulwala	GND	220	3	0	0	0	0	0
LK-2106135	Rambukewela	Rambukewela	GND	328	7	0	0	0	0	0
LK-2106140	Godahena	Godahena	GND	272	6	0	1	0	0	1
LK-2106145	Kahatagasthenna	Kahatagasthenna	GND	190	4	0	0	0	0	0
LK-2106150	Watagoda	Watagoda	GND	249	2	0	0	0	0	0
LK-2106155	Dolapihilla North	Dolapihilla North	GND	238	3	0	0	0	0	0
LK-2106160	Dolapihilla South	Dolapihilla South	GND	302	4	0	0	0	0	1
LK-2106165	Weligalla	Weligalla	GND	279	1	0	0	0	0	0
LK-2106170	Wewala	Wewala	GND	278	1	0	0	0	0	1
LK-2106175	Bokkawala	Bokkawala	GND	256	2	0	0	0	0	0
LK-2106180	Harankahawa	Harankahawa	GND	160	0	0	0	0	0	0
LK-2106185	Henegama	Henegama	GND	164	1	0	0	0	0	1
LK-2106190	Molagoda	Molagoda	GND	164	0	0	0	0	0	0
LK-2106195	Waldeniya	Waldeniya	GND	214	3	1	0	0	0	0
LK-2106200	Medagoda	Medagoda	GND	132	1	0	0	0	0	1
LK-2106205	Diddeniya	Diddeniya	GND	228	0	0	0	0	0	0
LK-2106210	Ovissa North	Ovissa North	GND	203	3	0	0	0	0	0
LK-2106215	Ovissa South	Ovissa South	GND	265	6	0	0	0	0	0
LK-2106220	Kiralagama	Kiralagama	GND	217	0	0	0	0	0	0
LK-2106225	Paleepana	Paleepana	GND	318	1	1	0	0	0	1
LK-2106230	Dombagammana	Dombagammana	GND	287	3	0	0	0	0	0
LK-2106235	Uggahakumbura	Uggahakumbura	GND	145	1	0	0	0	0	0
LK-2106240	Marathugoda North	Marathugoda North	GND	211	38	0	0	0	0	0
LK-2106245	Marathugoda South	Marathugoda South	GND	220	2	0	0	0	0	0
LK-2106250	Ambaruppa	Ambaruppa	GND	169	0	0	0	0	0	0
LK-2106255	Gallella	Gallella	GND	179	0	0	0	0	0	0
LK-2106260	Maruddana	Maruddana	GND	192	0	0	0	0	0	0
LK-2106265	Alagoda	Alagoda	GND	210	1	0	0	0	0	0
LK-2106270	Madadeniya	Madadeniya	GND	278	0	0	0	0	0	0
LK-2106275	Warakadeniya	Warakadeniya	GND	125	0	0	0	0	0	0
LK-2106280	Batagalla North	Batagalla North	GND	274	2	0	0	0	0	0
LK-2106285	Bamunupola	Bamunupola	GND	177	2	0	0	0	0	0
LK-2106290	Batugoda North	Batugoda North	GND	271	3	0	0	0	0	0
LK-2106295	Batagalla South	Batagalla South	GND	139	3	0	0	0	0	0
LK-2106300	Batugoda South	Batugoda South	GND	168	2	0	0	0	0	0
LK-2106305	Diwanawatta	Diwanawatta	GND	299	1	0	0	0	0	0
LK-2106310	Mullegama North	Mullegama North	GND	214	0	0	0	0	0	0
LK-2106315	Kahawatta North	Kahawatta North	GND	285	0	0	0	0	0	0
LK-2106320	Kahawatta South	Kahawatta South	GND	374	6	1	0	0	0	0
LK-2106325	Mullegama South	Mullegama South	GND	543	2	0	0	0	0	1
LK-2106330	Kaluwana South	Kaluwana South	GND	213	1	0	0	0	0	0
LK-2106335	Kaluwana North	Kaluwana North	GND	166	0	0	0	0	0	2
LK-2109	Akurana	Akurana	DSD	16152	171	9	3	1	1	34
LK-2109005	Rambuke Ela	Rambuke Ela	GND	404	0	0	0	0	0	0
LK-2109010	Vilana Udagama	Vilana Udagama	GND	427	11	0	0	0	0	0
LK-2109015	Vilana Pallegama	Vilana Pallegama	GND	479	5	0	0	0	0	2
LK-2109020	Walahena	Walahena	GND	242	0	0	0	0	0	0
LK-2109025	Alawathugoda	Alawathugoda	GND	1148	16	1	0	1	0	4
LK-2109030	Balakaduwa	Balakaduwa	GND	272	17	0	0	0	0	0
LK-2109035	Mawathupola	Mawathupola	GND	519	7	0	0	0	0	1
LK-2109040	Arambepola	Arambepola	GND	350	6	0	0	0	0	0
LK-2109045	Delgasgoda	Delgasgoda	GND	448	16	0	0	0	0	0
LK-2109050	Dippitiya	Dippitiya	GND	367	2	0	0	0	0	1
LK-2109055	Malwanahinna	Malwanahinna	GND	501	4	0	0	0	0	0
LK-2109060	Konakalagala	Konakalagala	GND	335	1	0	0	0	0	0
LK-2109065	Malgamandeniya	Malgamandeniya	GND	270	11	0	0	0	0	0
LK-2109070	Rathukoho	Rathukoho	GND	321	2	0	0	0	0	0
LK-2109075	Marahela	Marahela	GND	281	4	0	0	0	0	0
LK-2109080	Hureegolla	Hureegolla	GND	494	5	1	3	0	0	3
LK-2109085	Neerella	Neerella	GND	510	6	1	0	0	0	0
LK-2109090	Melchena	Melchena	GND	373	1	0	0	0	0	0
LK-2109095	Bulugohothenna	Bulugohothenna	GND	529	4	3	0	0	0	3
LK-2109100	Kasawatta	Kasawatta	GND	519	1	0	0	0	0	1
LK-2109105	Udaweliketiya	Udaweliketiya	GND	738	1	0	0	0	0	0
LK-2109110	Palleweliketiya	Palleweliketiya	GND	450	2	0	0	0	0	2
LK-2109115	Dodangolla	Dodangolla	GND	725	3	0	0	0	0	3
LK-2109120	Akurana	Akurana	GND	608	0	0	0	0	0	2
LK-2109125	Delgasthenna	Delgasthenna	GND	461	5	0	0	0	1	3
LK-2109130	Kurugoda	Kurugoda	GND	459	1	0	0	0	0	1
LK-2109135	Deegala	Deegala	GND	231	2	0	0	0	0	0
LK-2109140	Pangollamada	Pangollamada	GND	187	1	0	0	0	0	0
LK-2109145	Dunuvila North	Dunuvila North	GND	487	9	0	0	0	0	0
LK-2109150	Dunuvila South	Dunuvila South	GND	356	8	0	0	0	0	0
LK-2109155	Palle Deegala	Palle Deegala	GND	215	4	0	0	0	0	0
LK-2109160	Thelambugahawatta	Thelambugahawatta	GND	889	7	3	0	0	0	4
LK-2109165	Waragashinna	Waragashinna	GND	475	2	0	0	0	0	1
LK-2109170	Kurudugahaela	Kurudugahaela	GND	501	1	0	0	0	0	0
LK-2109175	Uggala	Uggala	GND	581	6	0	0	0	0	3
LK-2112	Pathadumbara	Pathadumbara	DSD	25437	235	10	4	0	3	61
LK-2112005	Yatawara	Yatawara	GND	403	3	0	0	0	0	1
LK-2112010	Yatawara Kandagama	Yatawara Kandagama	GND	345	3	0	0	0	0	0
LK-2112015	Ihala Yatawara	Ihala Yatawara	GND	670	2	0	0	0	0	0
LK-2112020	Udurawana	Udurawana	GND	319	2	0	0	0	0	0
LK-2112025	Doragamuwa	Doragamuwa	GND	574	12	0	0	0	0	1
LK-2112030	Bogahakumbura	Bogahakumbura	GND	365	3	0	0	0	0	0
LK-2112035	Deegahawathura	Deegahawathura	GND	309	8	0	0	0	0	0
LK-2112040	Mahakumbura	Mahakumbura	GND	295	2	0	0	0	0	1
LK-2112045	Mandandawela	Mandandawela	GND	319	0	0	0	0	0	0
LK-2112050	Paranagama	Paranagama	GND	223	1	1	0	0	0	0
LK-2112055	Aluthgama	Aluthgama	GND	375	1	0	0	0	0	0
LK-2112060	Walpaladeniya	Walpaladeniya	GND	394	4	0	0	0	0	0
LK-2112065	Puwakgahadeniya	Puwakgahadeniya	GND	259	2	0	0	0	0	1
LK-2112070	Wattegama	Wattegama	GND	694	1	1	0	0	0	1
LK-2112075	Wattegama North	Wattegama North	GND	903	4	0	0	0	0	1
LK-2112080	Gunembill	Gunembil	GND	214	3	0	1	0	0	0
LK-2112085	Eriyagasthenna	Eriyagasthenna	GND	413	3	1	0	0	0	0
LK-2112090	Pitiyegedara	Pitiyegedara	GND	351	1	0	0	0	0	0
LK-2112095	Yatirawana	Yatirawana	GND	680	4	0	1	0	0	1
LK-2112100	Meegammana	Meegammana	GND	538	16	0	0	0	0	0
LK-2112105	Meegammana West	Meegammana West	GND	360	4	0	1	0	0	3
LK-2112110	Galadeniya	Galadeniya	GND	803	4	0	0	0	0	3
LK-2112115	Udathalavinna	Udathalavinna	GND	707	5	0	0	0	0	0
LK-2112120	Pallethalavinna Ihala	Pallethalavinna Ihala	GND	368	3	0	0	0	0	0
LK-2112125	Moonamale	Moonamale	GND	215	0	0	0	0	0	1
LK-2112130	Kendaliyadda	Kendaliyadda	GND	375	3	0	0	0	0	3
LK-2112135	Girakaduwa	Girakaduwa	GND	314	1	0	0	0	0	1
LK-2112140	Ambathenna	Ambathenna	GND	481	2	0	0	0	0	4
LK-2112145	Molagodayawatta	Molagodayawatta	GND	502	20	0	0	0	0	8
LK-2112150	Megodagama	Megodagama	GND	265	12	0	1	0	0	1
LK-2112155	Egodagama	Egodagama	GND	444	7	0	0	0	0	2
LK-2112160	Millanga	Millanga	GND	342	14	0	0	0	0	0
LK-2112165	Pallethalavinna	Pallethalavinna	GND	547	4	0	0	0	0	1
LK-2112170	Udathalavinna Madige	Udathalavinna Madige	GND	1010	12	0	0	0	0	5
LK-2112175	Meegamawatta	Meegamawatta	GND	777	11	0	0	0	1	1
LK-2112180	Madawala Madige	Madawala Madige	GND	1139	4	0	0	0	2	6
LK-2112185	Madawala	Madawala	GND	648	0	0	0	0	0	0
LK-2112190	Walala	Walala	GND	257	0	0	0	0	0	0
LK-2112195	Ketakahala	Ketakahala	GND	359	0	4	0	0	0	0
LK-2112200	Thalkotuwa	Thalkotuwa	GND	367	2	1	0	0	0	0
LK-2112205	Napana	Napana	GND	403	0	0	0	0	0	0
LK-2112210	Leemagahadeniya	Leemagahadeniya	GND	592	3	0	0	0	0	1
LK-2112215	Pihilladeniya	Pihilladeniya	GND	572	1	0	0	0	0	4
LK-2112220	Gunnepana Madige	Gunnepana Madige	GND	721	1	0	0	0	0	1
LK-2112225	Polgolla	Polgolla	GND	591	4	0	0	0	0	2
LK-2112230	Balanagala	Balanagala	GND	422	3	0	0	0	0	1
LK-2112235	Nawayalathenna	Nawayalathenna	GND	664	4	0	0	0	0	1
LK-2112240	Kahalla	Kahalla	GND	685	3	0	0	0	0	0
LK-2112245	Kalugalawatta	Kalugalawatta	GND	667	12	0	0	0	0	2
LK-2112250	Galewatta	Galewatta	GND	509	1	0	0	0	0	0
LK-2112255	Abasingama	Abasingama	GND	356	1	1	0	0	0	0
LK-2112260	Hamindagoda	Hamindagoda	GND	332	19	1	0	0	0	3
LK-2115	Panvila	Panvila	DSD	7238	178	0	4	0	2	20
LK-2115005	Kelebokka	Kelebokka	GND	1140	26	0	1	0	1	8
LK-2115010	Watakele	Watakele	GND	226	1	0	0	0	0	0
LK-2115015	Mahapathana	Mahapathana	GND	618	4	0	0	0	0	0
LK-2115020	Kosgama	Kosgama	GND	637	26	0	1	0	0	2
LK-2115025	Thawalanthenna	Thawalanthenna	GND	810	56	0	1	0	0	0
LK-2115030	Gomaraya	Gomaraya	GND	308	9	0	0	0	0	0
LK-2115035	Beddegama	Beddegama	GND	230	3	0	0	0	0	0
LK-2115040	Arattana	Arattana	GND	435	7	0	0	0	0	1
LK-2115045	Madulkele	Madulkele	GND	728	13	0	1	0	1	2
LK-2115050	Hathale	Hathale	GND	436	15	0	0	0	0	5
LK-2115055	Angammana	Angammana	GND	449	8	0	0	0	0	0
LK-2115060	Udugoda	Udugoda	GND	310	5	0	0	0	0	0
LK-2115065	Pitawala	Pitawala	GND	215	0	0	0	0	0	2
LK-2115070	Panvila	Panvila	GND	696	5	0	0	0	0	0
LK-2118	Ududumbara	Udadumbara	DSD	6771	91	4	22	0	1	13
LK-2118005	Meemure	Meemure	GND	95	2	0	0	0	0	0
LK-2118010	Kumbukgolla	Kumbukgolla	GND	64	4	1	8	0	1	0
LK-2118015	Kaikawala	Kaikawala	GND	34	0	0	0	0	0	0
LK-2118020	Pusseela	Pusseela	GND	84	0	0	0	0	0	0
LK-2118025	Karambaketiya	Karambaketiya	GND	17	0	0	0	0	0	0
LK-2118030	Geradigala	Gerandigala	GND	111	2	0	0	0	0	0
LK-2118035	Moonamalpelessa	Moonamalpelessa	GND	99	1	0	0	0	0	0
LK-2118040	Kalugala	Kalugala	GND	99	1	0	0	0	0	0
LK-2118045	Udailuka	Udailuka	GND	106	2	0	0	0	0	0
LK-2118050	Padupola	Padupola	GND	67	0	0	1	0	0	0
LK-2118055	Udakumbura	Udakumbura	GND	62	2	1	0	0	0	0
LK-2118060	Kalugaloya	Kalugaloya	GND	126	1	0	0	0	0	0
LK-2118065	Dumbaragama	Dumbaragama	GND	223	4	0	0	0	0	4
LK-2118070	Pallewela	Pallewela	GND	141	4	0	0	0	0	0
LK-2118075	Udawela	Udawela	GND	138	1	0	0	0	0	0
LK-2118080	Kandegama	Kandegama	GND	86	2	0	0	0	0	0
LK-2118085	Wadawalakanda	Wadawalakanda	GND	78	4	0	0	0	0	0
LK-2118090	Kobonilla	Kobonilla	GND	109	6	0	1	0	0	0
LK-2118095	Pallekanda	Pallekanda	GND	54	0	0	0	0	0	1
LK-2118100	Hanwella	Hanwella	GND	72	3	0	0	0	0	1
LK-2118105	Andideniya	Andideniya	GND	143	1	0	0	0	0	0
LK-2118110	Dambagahapitiya	Dambagahapitiya	GND	107	2	1	0	0	0	0
LK-2118115	Poppitiya	Poppitiya	GND	87	3	0	0	0	0	0
LK-2118120	Oyathenna	Oyathenna	GND	139	2	0	1	0	0	0
LK-2118125	Thalagune	Thalagune	GND	86	1	0	0	0	0	0
LK-2118130	Gedaramada	Gedaramada	GND	73	1	0	0	0	0	0
LK-2118135	Kirigankumbura	Kirigankumbura	GND	194	2	0	1	0	0	2
LK-2118140	Udadumbara	Udadumbara	GND	177	0	0	1	0	0	0
LK-2118145	Nawanagala	Nawanagala	GND	122	0	0	1	0	0	0
LK-2118150	Hunnasgiriya	Hunnasgiriya	GND	332	0	0	0	0	0	0
LK-2118155	Kiripattiya	Kiripattiya	GND	143	5	0	0	0	0	0
LK-2118160	Halyala	Halyala	GND	103	0	0	0	0	0	1
LK-2118165	Mendiriya	Mendiriya	GND	79	0	0	0	0	0	0
LK-2118170	Gangoda	Gangoda	GND	127	1	0	0	0	0	0
LK-2118175	Udapitawala	Udapitawala	GND	197	4	0	1	0	0	1
LK-2118180	Mahawala	Mahawala	GND	103	1	0	0	0	0	0
LK-2118185	Pitawala Udagammedda	Pitawala Udagammedda	GND	75	0	0	0	0	0	0
LK-2118190	Godakumbura	Godakumbura	GND	64	1	0	1	0	0	0
LK-2118195	Mediwaka	Mediwaka	GND	134	0	0	0	0	0	1
LK-2118200	Karandagolla	Karandagolla	GND	57	0	0	0	0	0	0
LK-2118205	Rambukwella East	Rambukwella East	GND	96	1	0	0	0	0	0
LK-2118210	Rambukwella West	Rambukwella West	GND	61	0	0	2	0	0	0
LK-2118215	Denapitiya	Denapitiya	GND	104	1	0	0	0	0	0
LK-2118220	Nugethenna East	Nugethenna East	GND	79	1	0	0	0	0	0
LK-2118225	Nugethenna West	Nugethenna West	GND	148	1	0	0	0	0	0
LK-2118230	Kevulgama	Kevulgama	GND	76	1	0	0	0	0	0
LK-2118235	Ganegala	Ganegala	GND	69	0	0	0	0	0	0
LK-2118240	Minuwangamuwa	Minuwangamuwa	GND	132	0	0	0	0	0	0
LK-2118245	Kalalgamuwa	Kalalgamuwa	GND	127	0	0	1	0	0	0
LK-2118250	Pitawala	Pitawala	GND	61	1	0	0	0	0	0
LK-2118255	Dewahandiya East	Dewahandiya East	GND	65	1	0	0	0	0	0
LK-2118260	Hapukanda East	Hapukanda East	GND	104	6	1	0	0	0	0
LK-2118265	Hapukanda West	Hapukanda West	GND	51	3	0	1	0	0	0
LK-2118270	Madugalla Udagammedda	Madugalla Udagammedda	GND	145	0	0	0	0	0	0
LK-2118275	Madugalla North	Madugalla North	GND	98	0	0	0	0	0	0
LK-2118280	Madugalla South	Madugalla South	GND	131	0	0	0	0	0	0
LK-2118285	Pamunethenna	Pamunethenna	GND	38	2	0	0	0	0	1
LK-2118290	Devinnegama	Devinnegama	GND	196	3	0	0	0	0	0
LK-2118295	Bambarabedda East	Bambarabedda East	GND	212	4	0	0	0	0	1
LK-2118300	Bambarabedda West	Bambarabedda West	GND	157	0	0	0	0	0	0
LK-2118305	Pitigoda	Pitigoda	GND	40	3	0	2	0	0	0
LK-2118310	Kalawala	Kalawala	GND	81	0	0	0	0	0	0
LK-2118315	Dewahandiya West	Dewahandiya West	GND	93	0	0	0	0	0	0
LK-2121	Minipe	Minipe	DSD	15766	283	28	52	0	0	30
LK-2121005	Galamuduna	Galamuduna	GND	0	0	26	0	0	0	0
LK-2121010	Dungolla	Dungolla	GND	70	3	0	0	0	0	0
LK-2121015	Thotillagas Ella	Thotillagas Ella	GND	535	14	0	1	0	0	0
LK-2121020	Palugolla	Palugolla	GND	411	10	0	0	0	0	0
LK-2121025	Wewere	Wewere	GND	660	13	0	1	0	0	0
LK-2121030	Dehemigama	Dehemigama	GND	463	2	0	0	0	0	1
LK-2121035	Himbutuwa	Himbutuwa	GND	342	5	0	0	0	0	0
LK-2121040	Udattawa North	Udattawa North	GND	306	9	0	0	0	0	0
LK-2121045	Pallegaladebokka	Pallegaladebokka	GND	101	1	1	0	0	0	0
LK-2121050	Udagaladebokka	Udagaladebokka	GND	0	0	0	32	0	0	0
LK-2121055	Udattawa	Udattawa	GND	296	21	0	10	0	0	0
LK-2121060	Dambagahawela	Dambagahawela	GND	372	5	0	0	0	0	0
LK-2121065	Kindigoda North	Kindigoda North	GND	376	4	0	0	0	0	1
LK-2121070	Udawela	Udawela	GND	413	4	0	0	0	0	1
LK-2121075	Kindigoda South	Kindigoda South	GND	440	2	0	0	0	0	0
LK-2121080	Ulpathagama	Ulpathagama	GND	285	0	0	0	0	0	0
LK-2121085	Ambagolla	Ambagolla	GND	222	14	0	0	0	0	2
LK-2121090	Dambepitiya	Dambepitiya	GND	411	6	0	0	0	0	5
LK-2121095	Welgahawadiya	Welgahawadiya	GND	128	3	0	0	0	0	0
LK-2121100	Mahayaya North	Mahayaya North	GND	337	2	0	0	0	0	0
LK-2121105	08 Ela	08 Ela	GND	193	1	0	0	0	0	0
LK-2121110	Welgala	Welgala	GND	248	0	0	0	0	0	0
LK-2121115	Mahayaya South	Mahayaya South	GND	349	11	0	1	0	0	0
LK-2121120	Thorapitiya	Thorapitiya	GND	263	5	0	0	0	0	0
LK-2121125	Keenapelessa	Keenapelessa	GND	435	4	0	0	0	0	2
LK-2121130	Mahagalaheenna	Mahagalaheenna	GND	263	2	0	0	0	0	0
LK-2121135	Hasalaka	Hasalaka	GND	408	9	0	0	0	0	0
LK-2121140	Pallewatta	Pallewatta	GND	563	10	0	0	0	0	0
LK-2121145	Hasalaka Nagaraya	Hasalaka Nagaraya	GND	443	5	0	0	0	0	0
LK-2121150	Maha Eswedduma	Maha Eswedduma	GND	365	8	0	0	0	0	0
LK-2121155	Rathnella	Rathnella	GND	363	5	0	0	0	0	0
LK-2121160	Gurulupotha	Gurulupotha	GND	273	8	0	2	0	0	0
LK-2121165	Waragolla	Waragolla	GND	319	6	0	0	0	0	0
LK-2121170	Weragama	Weragama	GND	475	4	0	1	0	0	0
LK-2121175	Bulathwelkandura	Bulathwelkandura	GND	511	9	0	1	0	0	0
LK-2121180	Weraganthota	Weraganthota	GND	231	1	0	0	0	0	0
LK-2121185	Morayaya	Morayaya	GND	318	1	0	0	0	0	0
LK-2121190	Lunumadalaketiya	Lunumadalaketiya	GND	420	12	0	0	0	0	1
LK-2121195	Diyabubula	Diyabubula	GND	320	7	0	0	0	0	0
LK-2121200	Handaganawa	Handaganawa	GND	504	5	0	0	0	0	15
LK-2121205	Batumulla	Batumulla	GND	423	3	0	1	0	0	1
LK-2121210	Udayagala	Udayagala	GND	232	6	0	1	0	0	0
LK-2121215	Asamodagamyaya	Asamodagamyaya	GND	218	6	0	0	0	0	0
LK-2121220	Ambagahapelessa	Ambagahapelessa	GND	271	6	0	0	0	0	0
LK-2121225	Muttettuthenna	Muttettuthenna	GND	343	12	1	1	0	0	0
LK-2121230	Minipe	Minipe	GND	425	7	0	0	0	0	0
LK-2121235	Kolonyaya	Kolonyaya	GND	206	9	0	0	0	0	0
LK-2121240	Bembiya	Bembiya	GND	216	3	0	0	0	0	1
LK-2124	Medadumbara	Medadumbara	DSD	18160	238	3	11	0	0	37
LK-2124005	Elliyadda	Elliyadda	GND	63	1	0	0	0	0	0
LK-2124010	Thunisgala	Thunisgala	GND	190	8	0	1	0	0	0
LK-2124015	Gonawala	Gonawala	GND	118	8	0	0	0	0	0
LK-2124020	Thangappuwa	Thangappuwa	GND	54	0	0	0	0	0	0
LK-2124025	Kotaganga	Kotaganga	GND	216	1	0	0	0	0	0
LK-2124030	Bulathwatta	Bulathwatta	GND	148	0	0	0	0	0	0
LK-2124035	Galabadawatta	Galabadawatta	GND	92	1	0	0	0	0	0
LK-2124040	Nagolla	Nagolla	GND	88	0	0	0	0	0	2
LK-2124045	Galkotuwa	Galkotuwa	GND	72	0	0	0	0	0	0
LK-2124050	Werapitiya	Werapitiya	GND	158	1	0	0	0	0	0
LK-2124055	Werathenna	Werathenna	GND	76	0	0	0	0	0	0
LK-2124060	Randiwela	Randiwela	GND	286	10	0	2	0	0	0
LK-2124065	Bobebila	Bobebila	GND	200	6	1	0	0	0	1
LK-2124070	Duckwariya	Duckwariya	GND	235	3	0	0	0	0	0
LK-2124075	Rangala Aluthwatta	Rangala Aluthwatta	GND	126	2	0	0	0	0	0
LK-2124080	Ferndail	Ferndail	GND	76	2	0	0	0	0	0
LK-2124085	Hakmana	Hakmana	GND	156	7	0	1	0	0	6
LK-2124090	Burnside	Burnside	GND	43	3	0	0	0	0	0
LK-2124095	Rangala	Rangala	GND	155	0	0	0	0	0	0
LK-2124100	Weladaramba	Weladaramba	GND	134	1	0	0	0	0	1
LK-2124105	Makuldeniya	Makuldeniya	GND	246	2	0	0	0	0	0
LK-2124110	Waradiwela	Waradiwela	GND	88	0	0	0	0	0	0
LK-2124115	Giddawa-Waradiwela	Giddawa-Waradiwela	GND	107	2	0	0	0	0	0
LK-2124120	Dunhinna	Dunhinna	GND	306	5	0	0	0	0	0
LK-2124125	Maneluwa	Maneluwa	GND	143	0	0	0	0	0	0
LK-2124130	Giddawa	Giddawa	GND	167	3	0	0	0	0	0
LK-2124135	Weliketiya	Weliketiya	GND	90	0	0	0	0	0	0
LK-2124140	Putuhapuwa	Putuhapuwa	GND	168	0	0	0	0	0	0
LK-2124145	Udabage	Udabage	GND	138	2	0	0	0	0	0
LK-2124150	Amupitiya	Amupitiya	GND	211	4	0	0	0	0	1
LK-2124155	Godamunna	Godamunna	GND	167	3	0	0	0	0	0
LK-2124160	Katugoda	Katugoda	GND	128	0	0	0	0	0	0
LK-2124165	Heeloya	Heeloya	GND	209	2	0	0	0	0	0
LK-2124170	Kandekumbura	Kandekumbura	GND	114	0	0	0	0	0	0
LK-2124175	Retiyagama	Retiyagama	GND	111	1	0	0	0	0	0
LK-2124180	Poddalgoda	Poddalgoda	GND	129	3	0	1	0	0	0
LK-2124185	Nilgala	Nilgala	GND	166	1	0	0	0	0	0
LK-2124190	Madeniyawaka	Madeniyawaka	GND	117	0	0	0	0	0	0
LK-2124195	Embalagama	Embalagama	GND	140	1	0	1	0	0	0
LK-2124200	Siridigana	Siridigana	GND	95	0	0	0	0	0	2
LK-2124205	Nugepathana	Nugepathana	GND	199	4	0	0	0	0	1
LK-2124210	Watapana	Watapana	GND	189	5	0	0	0	0	0
LK-2124215	Ambalagala	Ambalagala	GND	114	4	0	0	0	0	0
LK-2124220	Gangasirigama	Gangasirigama	GND	306	0	0	0	0	0	2
LK-2124225	Madapola	Madapola	GND	354	0	0	0	0	0	1
LK-2124230	Kandegama	Kandegama	GND	216	4	0	1	0	0	4
LK-2124235	Randeniya	Randeniya	GND	309	1	0	0	0	0	0
LK-2124240	Pallebage	Pallebage	GND	208	5	0	0	0	0	0
LK-2124245	Gabbela	Gabbela	GND	214	1	0	0	0	0	0
LK-2124250	Udispattuwa	Udispattuwa	GND	456	4	0	0	0	0	0
LK-2124255	Ranmulla	Ranmulla	GND	281	7	0	0	0	0	0
LK-2124260	Maharawela	Maharawela	GND	217	4	0	0	0	0	0
LK-2124265	Kurukohogama	Kurukohogama	GND	124	1	0	0	0	0	0
LK-2124270	Kiribattalawa	Kiribattalawa	GND	112	2	0	0	0	0	0
LK-2124275	Hathiyalwela	Hathiyalwela	GND	312	21	0	0	0	0	0
LK-2124280	Mangoda	Mangoda	GND	262	6	0	0	0	0	4
LK-2124285	Rambukpotha	Rambukpotha	GND	223	0	0	0	0	0	0
LK-2124290	Namandagala	Namandagala	GND	202	4	0	0	0	0	0
LK-2124295	Metideniya	Metideniya	GND	156	1	0	0	0	0	0
LK-2124300	Doraliyadda South	Doraliyadda South	GND	196	2	0	0	0	0	0
LK-2124305	Wegala	Wegala	GND	191	6	0	0	0	0	0
LK-2124310	Meegahamaditta	Meegahamaditta	GND	237	3	0	0	0	0	1
LK-2124315	Rambukwella - East	Rambukwella East	GND	136	0	0	0	0	0	0
LK-2124320	Rambukwella	Rambukwella	GND	185	1	2	0	0	0	0
LK-2124325	Udawela	Udawela	GND	187	2	0	0	0	0	1
LK-2124330	Wellethota	Wellethota	GND	216	1	0	0	0	0	0
LK-2124335	Vilamuna	Vilamuna	GND	329	1	0	0	0	0	1
LK-2124340	Karalliyadda	Karalliyadda	GND	587	3	0	0	0	0	1
LK-2124345	Ambagahalanda	Ambagahalanda	GND	408	1	0	1	0	0	0
LK-2124350	Hijrapura	Hijrapura	GND	450	2	0	0	0	0	2
LK-2124355	Galambalama	Galambalama	GND	289	4	0	0	0	0	0
LK-2124360	Maberiyathenna	Maberiyathenna	GND	250	1	0	0	0	0	1
LK-2124365	Ellepola	Ellepola	GND	260	0	0	1	0	0	0
LK-2124370	Wewegama	Wewegama	GND	155	5	0	0	0	0	0
LK-2124375	Senarathwela	Senarathwela	GND	246	1	0	0	0	0	3
LK-2124380	Nithulemada	Nithulemada	GND	637	8	0	0	0	0	2
LK-2124385	Udathenna	Udathenna	GND	272	3	0	0	0	0	0
LK-2124390	Medamahanuwara	Medamahanuwara	GND	250	1	0	0	0	0	0
LK-2124395	Bomure	Bomure	GND	117	2	0	1	0	0	0
LK-2124400	Rajagala	Rajagala	GND	216	7	0	0	0	0	0
LK-2124405	Wathuliyadda	Wathuliyadda	GND	159	1	0	1	0	0	0
LK-2124410	Moragahamula	Moragahamula	GND	168	1	0	0	0	0	0
LK-2124415	Mahadoraliyadda	Mahadoraliyadda	GND	200	0	0	0	0	0	0
LK-2124425	Puwakgahadiwela	Puwakgahadiwela	GND	254	6	0	0	0	0	0
LK-2124430	Ambale	Ambale	GND	192	6	0	0	0	0	0
LK-2124435	Meeriyagolla	Meeriyagolla	GND	149	0	0	0	0	0	0
LK-2124440	Bambaragahadeniya	Bambaragahadeniya	GND	242	10	0	0	0	0	0
LK-2124445	Meegahalanda	Meegahalanda	GND	213	1	0	0	0	0	0
LK-2124450	Sandasiri Dunuvila	Sandasiri Dunuvila	GND	144	2	0	0	0	0	0
LK-2124455	Thennalanda	Thennalanda	GND	173	0	0	0	0	0	0
LK-2124460	Udagammedda	Udagammedda	GND	100	0	0	0	0	0	0
LK-2124465	Welapahala	Welapahala	GND	86	0	0	0	0	0	0
LK-2124470	Meda Gammedda	Meda Gammedda	GND	86	0	0	0	0	0	0
LK-2127	Kundasale	Kundasale	DSD	39562	385	38	18	1	7	116
LK-2127005	Dunuhappawa	Dunuhappawa	GND	432	5	0	0	0	0	3
LK-2127010	Naranpanawa West	Naranpanawa West	GND	262	6	0	0	0	0	0
LK-2127015	Kandekumbura	Kandekumbura	GND	218	4	0	0	0	0	0
LK-2127020	Alawathugirigama	Alawathugirigama	GND	370	9	0	0	0	0	4
LK-2127025	Galpihilla	Galpihilla	GND	281	0	0	0	0	0	0
LK-2127030	Makkanigama	Makkanigama	GND	273	2	0	0	0	0	2
LK-2127035	Wavinna	Wavinna	GND	295	4	0	0	0	0	0
LK-2127040	Pallegama	Pallegama	GND	301	3	0	0	0	0	0
LK-2127045	Maharathenna West	Maharathenna West	GND	224	3	0	0	0	0	0
LK-2127050	Udagama North	Udagama North	GND	271	6	0	0	0	0	1
LK-2127055	Ihala Gonagama	Ihala Gonagama	GND	218	3	1	0	0	0	0
LK-2127060	Delgaslanda	Delgaslanda	GND	299	5	0	1	0	0	3
LK-2127065	Lunuketiyamaditta	Lunuketiyamaditta	GND	305	4	0	0	0	0	0
LK-2127070	Naranpanawa East	Naranpanawa East	GND	210	2	0	0	0	0	2
LK-2127075	Kuruambemuduna	Kuruambemuduna	GND	196	2	0	0	0	0	5
LK-2127080	Maluwegama	Maluwegama	GND	429	2	0	0	0	0	2
LK-2127085	Wepathana	Wepathana	GND	271	3	0	0	0	0	0
LK-2127090	Gonawala North	Gonawala North	GND	603	8	0	1	0	1	5
LK-2127095	Deliwalathenna	Deliwalathenna	GND	254	5	0	0	0	0	1
LK-2127100	Heepitiya	Heepitiya	GND	500	3	0	0	0	0	1
LK-2127105	Udagama South	Udagama South	GND	307	5	0	0	0	0	2
LK-2127110	Maharathenna East	Maharathenna East	GND	288	1	0	0	0	0	1
LK-2127115	Menikhinna	Menikhinna	GND	755	7	0	0	0	0	2
LK-2127120	Hurikaduwa North	Hurikaduwa North	GND	549	10	0	0	0	0	0
LK-2127125	Hurikaduwa West	Hurikaduwa West	GND	451	6	0	1	0	0	0
LK-2127130	Bogaskumbura	Bogaskumbura	GND	359	3	0	1	0	0	3
LK-2127135	Pilawala North	Pilawala North	GND	439	1	0	0	0	0	3
LK-2127140	Amunugama North	Amunugama North	GND	418	2	0	0	0	0	1
LK-2127145	Amunugama South	Amunugama South	GND	362	0	0	0	0	0	1
LK-2127150	Udagunnepana South	Udagunnepana South	GND	315	3	0	0	0	0	0
LK-2127155	Udagunnepana North	Udagunnepana North	GND	459	3	0	0	0	0	0
LK-2127160	Gabadagama South	Gabadagama South	GND	272	2	0	0	0	0	0
LK-2127165	Gabadagama North	Gabadagama North	GND	427	3	0	0	0	0	0
LK-2127170	Pallegunnepana South	Pallegunnepana South	GND	669	1	0	0	0	0	1
LK-2127175	Pallegunnepana North	Pallegunnepana North	GND	612	5	0	0	0	0	2
LK-2127180	Sirimalwatta West	Sirimalwatta West	GND	395	0	8	0	0	0	2
LK-2127185	Sirimalwatta East	Sirimalwatta East	GND	267	0	0	2	0	0	0
LK-2127190	Sirimalwatta Pallegama	Sirimalwatta Pallegama	GND	366	1	0	0	0	0	0
LK-2127195	Lewellagama	Lewellagama	GND	483	0	0	1	0	0	1
LK-2127200	Degaldoruwa	Degaldoruwa	GND	322	2	0	0	0	0	2
LK-2127205	Deekirimadawala	Deekirimadawala	GND	421	0	0	0	0	0	2
LK-2127210	Hapuwala	Hapuwala	GND	330	5	0	0	0	0	0
LK-2127215	Galapitaambe	Galapitaambe	GND	408	2	0	0	0	0	0
LK-2127220	Hathamuna	Hathamuna	GND	426	8	0	0	0	0	1
LK-2127225	Dodamgolla	Dodamgolla	GND	519	0	0	0	0	0	1
LK-2127230	Hurikaduwa South	Hurikaduwa South	GND	329	0	0	0	0	0	1
LK-2127235	Hurikaduwa East	Hurikaduwa East	GND	508	3	0	0	0	0	0
LK-2127240	Hurikaduwa Madige	Hurikaduwa Madige	GND	342	8	0	0	0	0	1
LK-2127245	Galamuna	Galamuna	GND	427	2	1	0	0	0	1
LK-2127250	Malpana	Malpana	GND	569	2	0	0	0	0	0
LK-2127255	Ahaspokuna North	Ahaspokuna North	GND	572	7	0	0	0	0	0
LK-2127260	Gonawala South	Gonawala South	GND	459	7	0	0	0	0	1
LK-2127265	Kumbukkandura South	Kumbukkandura South	GND	309	4	1	0	0	0	0
LK-2127270	Kumbukkandura North	Kumbukkandura North	GND	531	4	0	0	0	0	1
LK-2127275	Rajawella North	Rajawella North	GND	1107	6	0	0	0	0	5
LK-2127280	Ahaspokuna South	Ahaspokuna South	GND	693	7	0	0	0	0	4
LK-2127285	Ihalawela	Ihalawela	GND	764	6	1	1	0	1	2
LK-2127290	Kengalla	Kengalla	GND	1176	0	2	0	0	1	0
LK-2127295	Nithulethenna	Nithulethenna	GND	429	0	0	0	0	0	3
LK-2127300	Dambarawa	Dambarawa	GND	469	2	0	0	0	0	1
LK-2127305	Pilawala South	Pilawala South	GND	310	5	0	0	0	0	0
LK-2127310	Mahawatta East	Mahawatta East	GND	182	0	0	0	0	0	1
LK-2127315	Mahawatta North	Mahawatta North	GND	593	11	6	0	0	0	1
LK-2127320	Mahawatta West	Mahawatta West	GND	278	0	0	0	0	0	0
LK-2127325	Mahawatta South	Mahawatta South	GND	388	1	0	0	0	0	0
LK-2127330	Arangala North	Arangala North	GND	284	3	0	0	0	0	0
LK-2127335	Karattamada	Karattamada	GND	187	2	0	0	0	0	1
LK-2127340	Arangala South	Arangala South	GND	357	4	0	0	0	0	2
LK-2127345	Galmaduwa	Galmaduwa	GND	750	2	4	0	0	0	7
LK-2127350	Nattarampotha	Nattarampotha	GND	594	2	7	0	0	0	0
LK-2127355	Kundasale North	Kundasale North	GND	1490	8	3	1	0	3	1
LK-2127360	Kundasale South	Kundasale South	GND	2209	20	0	2	0	0	11
LK-2127365	Balagolla West	Balagolla West	GND	561	4	0	0	0	0	0
LK-2127370	Balagolla East	Balagolla East	GND	921	11	0	2	0	0	0
LK-2127375	Aswalapitiya	Aswalapitiya	GND	378	4	0	2	0	1	0
LK-2127380	Diyabubula	Diyabubula	GND	971	3	0	0	0	0	1
LK-2127385	Rajawella South	Rajawella South	GND	460	3	0	0	0	0	0
LK-2127390	Aluth Pallekele	Aluth Pallekele	GND	1029	34	2	0	0	0	5
LK-2127395	Wijaya Sri Gama	Wijaya Sri Gama	GND	748	19	1	0	0	0	6
LK-2127400	Ambakotayawatta	Ambakotayawatta	GND	1357	42	1	3	1	0	6
LK-2130	Gangawata Korale	Kandy Four Gravets & Gangawata Korale	DSD	39982	171	58	30	1	3	79
LK-2130005	Mavilmada	Mavilmada	GND	819	8	2	0	0	0	0
LK-2130010	Siyambalagasthenna	Siyambalagasthenna	GND	482	11	0	0	0	0	0
LK-2130015	Pitakanda Gama	Pitakanda Gama	GND	356	1	0	0	0	0	0
LK-2130020	Senkadagala	Senkadagala	GND	438	0	0	0	0	0	0
LK-2130025	Wattaranthenna	Wattaranthenna	GND	583	0	0	2	0	0	1
LK-2130030	Nittawela	Nittawela	GND	897	2	0	0	0	0	0
LK-2130035	Watapuluwa	Watapuluwa	GND	560	0	1	0	0	0	0
LK-2130040	Mahaweli Uyana	Mahaweli Uyana	GND	330	0	0	0	0	0	0
LK-2130045	Watapuluwa South	Watapuluwa South	GND	473	0	0	0	0	0	0
LK-2130050	Aruppala East	Aruppala East	GND	449	0	0	0	0	0	1
LK-2130055	Aruppala West	Aruppala West	GND	769	1	0	0	0	0	0
LK-2130060	Watapuluwa West	Watapuluwa West	GND	575	0	0	0	0	0	0
LK-2130065	Mahaiyawa	Mahaiyawa	GND	507	1	2	0	0	0	1
LK-2130070	Mapanawathura	Mapanawathura	GND	823	0	0	0	0	0	0
LK-2130075	Poorna Watta East	Poorna Watta East	GND	432	7	0	0	0	0	0
LK-2130080	Poorna Watta West	Poorna Watta West	GND	1062	17	0	0	0	0	22
LK-2130085	Asgiriya	Asgiriya	GND	526	0	0	0	0	0	0
LK-2130090	Bahirawa Kanda	Bahirawa Kanda	GND	739	1	1	0	0	0	0
LK-2130095	Nuwara Dodamwala	Nuwara Dodamwala	GND	428	0	6	9	0	0	0
LK-2130100	Aniwatta East	Aniwatta East	GND	550	0	2	0	0	0	0
LK-2130105	Katukele West	Katukele West	GND	268	0	0	0	0	0	0
LK-2130110	Katukele	Katukele	GND	507	1	0	0	0	0	0
LK-2130115	Ihala Katukele	Ihala Katukele	GND	412	1	0	0	0	0	1
LK-2130120	Mahanuwara	Mahanuwara	GND	202	1	0	0	0	0	0
LK-2130125	Lewella	Lewella	GND	527	0	3	0	0	0	2
LK-2130130	Thalwatta	Thalwatta	GND	824	0	1	0	0	0	1
LK-2130135	Boowelikada	Boowelikada	GND	358	0	0	1	0	0	1
LK-2130140	Malwatta	Malwatta	GND	486	0	0	0	0	0	2
LK-2130145	Bogambara	Bogambara	GND	266	1	0	0	0	0	12
LK-2130150	Deiyannewela	Deiyannewela	GND	490	3	0	0	0	0	0
LK-2130155	Nagasthenna	Nagasthenna	GND	954	2	0	0	0	0	3
LK-2130160	Suduhumpala East	Suduhumpala East	GND	553	1	0	1	0	0	1
LK-2130165	Suduhumpala West	Suduhumpala West	GND	602	1	0	0	0	0	0
LK-2130170	Welata	Welata	GND	583	0	0	1	0	0	1
LK-2130175	Aniwatta West	Aniwatta West	GND	530	0	0	0	0	0	0
LK-2130180	Getambe	Gatambe	GND	722	6	1	0	0	3	0
LK-2130185	Pahala Eriyagama	Pahala Eriyagama	GND	665	2	0	0	0	0	0
LK-2130190	Godagandeniya	Godagandeniya	GND	364	1	1	1	0	0	0
LK-2130195	Palle Peradeniya	Palle Peradeniya	GND	279	1	0	0	0	0	0
LK-2130200	Uda Bowala	Uda Bowala	GND	1067	2	1	0	0	0	2
LK-2130205	Bowala	Bowala	GND	1279	3	0	2	0	0	0
LK-2130210	Mulgampala	Mulgampala	GND	646	0	15	0	0	0	0
LK-2130215	Heeressagala	Heeressagala	GND	1119	10	8	7	0	0	4
LK-2130220	Hanthana Pedesa	Hanthana Pedesa	GND	343	2	1	0	0	0	2
LK-2130225	Ampitiya South	Ampitiya South	GND	416	2	1	0	0	0	0
LK-2130230	Ampitiya North	Ampitiya North	GND	696	4	0	0	0	0	0
LK-2130235	Ampitiya Udagama North	Ampitiya Udagama North	GND	503	5	2	0	0	0	0
LK-2130240	Thennakumbura	Thennakumbura	GND	1641	4	6	0	0	0	2
LK-2130245	Ampitiya Pallegama	Ampitiya Pallegama	GND	725	3	1	0	0	0	0
LK-2130250	Meddegama	Meddegama	GND	481	0	0	0	0	0	0
LK-2130255	Ampitiya Udagama South	Ampitiya Udagama South	GND	456	1	0	0	0	0	0
LK-2130260	Wewathenna	Wewathenna	GND	822	7	0	2	0	0	0
LK-2130265	Ulpathakumbura	Ulpathakumbura	GND	563	14	0	0	1	0	0
LK-2130270	Gurudeniya West	Gurudeniya West	GND	487	1	0	0	0	0	2
LK-2130275	Gurudeniya East	Gurudeniya East	GND	998	5	1	4	0	0	0
LK-2130280	Maligathenna	Maligathenna	GND	903	3	0	0	0	0	0
LK-2130285	Gurudeniya Dambawela	Gurudeniya Dambawela	GND	453	7	0	0	0	0	0
LK-2130290	Lewla	Lewla	GND	337	6	0	0	0	0	6
LK-2130295	Ketawala	Ketawala	GND	389	2	0	0	0	0	0
LK-2130300	Bowalawatta	Bowalawatta	GND	787	3	0	0	0	0	0
LK-2130305	Ogastawatta	Ogastawatta	GND	1065	3	1	0	0	0	7
LK-2130310	Uda Peradeniya	Uda Peradeniya	GND	752	7	1	0	0	0	2
LK-2130315	Hindagala	Hindagala	GND	884	4	0	0	0	0	3
LK-2130320	Mahakanda	Mahakanda	GND	780	3	0	0	0	0	0
LK-2133	Harispattuwa	Harispattuwa	DSD	25838	240	21	10	0	5	58
LK-2133005	Amuwathdeniya	Amuwathdeniya	GND	176	1	0	0	0	0	2
LK-2133010	Doranegama	Doranegama	GND	164	1	0	0	0	0	0
LK-2133015	Ihagama	Ihagama	GND	253	0	0	0	0	0	0
LK-2133020	Medawala	Medawala	GND	440	1	0	0	0	0	3
LK-2133025	Angoda	Angoda	GND	121	0	0	0	0	0	3
LK-2133030	Dembaralawa	Dembaralawa	GND	339	4	0	0	0	0	0
LK-2133035	Bothota	Bothota	GND	294	3	0	1	0	0	0
LK-2133040	Attaragama East	Attaragama East	GND	258	5	0	0	0	0	1
LK-2133045	Attaragama	Attaragama	GND	268	3	0	0	0	0	0
LK-2133050	Gonigoda-Palkumbura	Gonigoda-Palkumbura	GND	253	4	0	0	0	0	0
LK-2133055	Gonigoda	Gonigoda	GND	194	0	0	1	0	0	1
LK-2133060	Attaragama South	Attaragama South	GND	293	5	0	0	0	0	0
LK-2133065	Hapugoda	Hapugoda	GND	334	1	0	0	0	0	1
LK-2133070	Udabokalawela	Udabokalawela	GND	336	0	0	0	0	1	1
LK-2133075	Rajapihilla	Rajapihilla	GND	409	5	0	0	0	0	1
LK-2133080	Ulladupitiya East	Ulladupitiya East	GND	172	1	0	0	0	0	2
LK-2133085	Ulladupitiya West	Ulladupitiya West	GND	259	5	0	0	0	0	0
LK-2133090	Arambegama	Arambegama	GND	352	8	0	1	0	0	0
LK-2133095	Aladeniya	Aladeniya	GND	286	2	0	0	0	0	0
LK-2133100	Hedeniya	Hedeniya	GND	269	4	0	0	0	0	1
LK-2133105	Rajasinghagama	Rajasinghagama	GND	301	7	0	0	0	0	1
LK-2133110	Palkumbura	Palkumbura	GND	246	3	0	0	0	0	0
LK-2133115	Narangoda	Narangoda	GND	172	8	0	0	0	0	1
LK-2133120	Kurundugolla	Kurundugolla	GND	349	7	0	1	0	0	0
LK-2133125	Viguhumpola	Viguhumpola	GND	457	4	0	0	0	0	0
LK-2133130	Hiriyalagammana	Hiriyalagammana	GND	386	0	0	0	0	0	0
LK-2133135	Thittapajjala	Thittapajjala	GND	360	5	0	0	0	0	0
LK-2133140	Thittapajjala North	Thittapajjala North	GND	283	1	0	0	0	1	4
LK-2133145	Nugawela	Nugawela	GND	666	0	7	3	0	0	1
LK-2133150	Batuambe	Batuambe	GND	242	0	0	0	0	0	1
LK-2133155	Endaruthenna	Endaruthenna	GND	160	2	0	0	0	0	0
LK-2133160	Embulpuraya	Embulpuraya	GND	265	4	0	0	0	0	0
LK-2133165	Uduwawala West	Uduwawala West	GND	322	3	0	0	0	0	1
LK-2133170	Uduwawala North	Uduwawala North	GND	315	0	1	0	0	0	1
LK-2133175	Pallebokalawela	Pallebokalawela	GND	279	0	1	0	0	0	1
LK-2133180	Ranawana West	Ranawana West	GND	457	6	1	0	0	0	0
LK-2133185	Ranawana East	Ranawana East	GND	505	2	2	1	0	0	2
LK-2133190	Uduwawala East	Uduwawala East	GND	424	4	0	0	0	0	2
LK-2133195	Senarathgama North	Senarathgama North	GND	316	6	0	0	0	0	0
LK-2133200	Wathuwala	Wathuwala	GND	297	2	0	0	0	0	1
LK-2133205	Uyanwatta	Uyanwatta	GND	291	1	1	0	0	0	1
LK-2133210	Dadahogama	Dadahogama	GND	271	1	1	0	0	0	1
LK-2133215	Mapamadulla	Mapamadulla	GND	258	0	0	0	0	0	0
LK-2133220	Malagammana	Malagammana	GND	93	0	0	0	0	1	0
LK-2133225	Ruwanpuraya	Ruwanpuraya	GND	276	2	0	0	0	0	0
LK-2133230	Kurunduwatta	Kurunduwatta	GND	191	0	0	0	0	0	0
LK-2133235	Karanduwawala Ihala	Karanduwawala Ihala	GND	193	9	0	0	0	0	0
LK-2133240	Karanduwawala Pahala	Karanduwawala Pahala	GND	127	3	0	0	0	0	0
LK-2133245	Owathenna	Owathenna	GND	192	3	0	0	0	0	0
LK-2133250	Yahalathenna West	Yahalathenna West	GND	146	0	0	0	0	0	0
LK-2133255	Yahalathenna Kanda	Yahalathenna Kanda	GND	278	4	0	0	0	0	3
LK-2133260	Kulugammana	Kulugammana	GND	481	2	0	0	0	0	0
LK-2133265	Uguressapitiya	Uguressapitiya	GND	494	5	0	0	0	0	1
LK-2133270	Senarathgama South	Senarathgama South	GND	524	2	0	0	0	2	0
LK-2133275	Kondadeniya	Kondadeniya	GND	406	9	0	0	0	0	0
LK-2133280	Etamurungagoda	Etamurungagoda	GND	349	4	0	0	0	0	0
LK-2133285	Yatiwawala	Yatiwawala	GND	461	0	0	0	0	0	4
LK-2133290	Katugasthota	Katugasthota	GND	259	3	0	0	0	0	0
LK-2133295	Inigala	Inigala	GND	554	2	0	0	0	0	1
LK-2133300	Rathmale	Rathmale	GND	614	11	0	0	0	0	1
LK-2133305	Hamangoda North	Hamangoda North	GND	619	2	0	0	0	0	4
LK-2133310	Hamangoda South	Hamangoda South	GND	306	3	0	0	0	0	0
LK-2133315	Uggalla	Uggalla	GND	243	3	0	0	0	0	0
LK-2133320	Udadoolwala	Udadoolwala	GND	213	3	0	0	0	0	0
LK-2133325	Kurundugahamada	Kurundugahamada	GND	110	0	0	0	0	0	0
LK-2133330	Seewaleekanda	Seewaleekanda	GND	168	0	0	0	0	0	0
LK-2133335	Mahathenna	Mahathenna	GND	256	2	0	0	0	0	0
LK-2133340	Bulathgolla	Bulathgolla	GND	200	2	0	0	0	0	0
LK-2133345	Yatihalagala Udagama	Yatihalagala Udagama	GND	197	0	0	0	0	0	0
LK-2133350	Pahala Doolwala	Pahala Doolwala	GND	186	2	0	0	0	0	0
LK-2133355	Udamulla	Udamulla	GND	312	3	0	0	0	0	0
LK-2133360	Gohagoda	Gohagoda	GND	563	9	1	0	0	0	0
LK-2133365	Wegiriya	Wegiriya	GND	370	3	0	0	0	0	2
LK-2133370	Polwatta	Polwatta	GND	619	11	0	0	0	0	4
LK-2133375	Madapathagama	Madapathagama	GND	221	2	0	0	0	0	0
LK-2133380	Banwelgolla	Banwelgolla	GND	250	1	0	0	0	0	0
LK-2133385	Narangaskumbura	Narangaskumbura	GND	163	6	0	0	0	0	0
LK-2133390	Pallemulla	Pallemulla	GND	348	0	2	0	0	0	0
LK-2133395	Haloluwa Pallegama	Haloluwa Pallegama	GND	228	1	0	0	0	0	1
LK-2133400	Bogahakanda	Bogahakanda	GND	155	1	0	0	0	0	0
LK-2133405	Yatihalagala Pallegama	Yatihalagala Pallegama	GND	242	1	0	0	0	0	0
LK-2133410	Haloluwa	Haloluwa	GND	560	3	0	0	0	0	2
LK-2133415	Kumburegedara	Kumburegedara	GND	243	4	0	1	0	0	1
LK-2133420	Warathenna	Warathenna	GND	336	0	4	1	0	0	0
LK-2134	Hatharaliyadda	Hatharaliyadda	DSD	8572	130	1	7	0	0	7
LK-2134005	Paragoda	Paragoda	GND	118	8	0	1	0	0	0
LK-2134010	Aludeniya North	Aludeniya North	GND	157	0	0	0	0	0	1
LK-2134015	Aludeniya South	Aludeniya South	GND	215	1	0	2	0	0	0
LK-2134020	Alakolamaditta	Alakolamaditta	GND	143	2	0	0	0	0	0
LK-2134025	Amboruwa	Amboruwa	GND	192	2	0	0	0	0	1
LK-2134030	Galdola	Galdola	GND	102	6	0	0	0	0	0
LK-2134035	Polwatta Ihalagama	Polwatta Ihalagama	GND	230	4	0	0	0	0	0
LK-2134040	Ilpemada	Ilpemada	GND	240	8	0	0	0	0	0
LK-2134045	Polwatta	Polwatta	GND	163	1	0	0	0	0	0
LK-2134050	Dunkumbura	Dunkumbura	GND	148	1	0	0	0	0	0
LK-2134055	Nikathenna	Nikathenna	GND	132	5	0	0	0	0	0
LK-2134060	Narangaspitiya	Narangaspitiya	GND	95	2	0	1	0	0	0
LK-2134065	Godathale	Godathale	GND	158	3	0	1	0	0	0
LK-2134070	Kalotuwawa	Kalotuwawa	GND	191	3	0	0	0	0	0
LK-2134075	Dedunupitiya Pahalagama	Dedunupitiya Pahalagama	GND	103	1	0	1	0	0	1
LK-2134080	Damunupola	Damunupola	GND	182	1	0	0	0	0	0
LK-2134085	Pallepola	Pallepola	GND	91	1	0	0	0	0	0
LK-2134090	Welagama	Welagama	GND	133	1	0	0	0	0	0
LK-2134095	Weligodapola	Weligodapola	GND	329	6	0	0	0	0	0
LK-2134100	Hatharaliyadda	Hatharaliyadda	GND	208	0	0	0	0	0	0
LK-2134105	Kanakkarapola North	Kanakkarapola North	GND	166	4	0	0	0	0	0
LK-2134110	Mawathagama	Mawathagama	GND	109	2	0	0	0	0	0
LK-2134115	Imbulethenna	Imbulethenna	GND	84	3	0	0	0	0	0
LK-2134120	Welivita Ihala North	Welivita Ihala North	GND	174	1	0	0	0	0	0
LK-2134125	Welivita Ihalagama	Welivita Ihalagama	GND	138	1	0	0	0	0	0
LK-2134130	Sivurupitiya	Sivurupitiya	GND	98	1	0	0	0	0	0
LK-2134135	Eramuduliyadda	Eramuduliyadda	GND	149	0	0	0	0	0	0
LK-2134140	Muruddeniya	Muruddeniya	GND	142	1	0	0	0	0	0
LK-2134145	Walpalagolla North	Walpalagolla North	GND	105	2	0	0	0	0	0
LK-2134150	Walpalagolla East	Walpalagolla East	GND	119	4	0	0	0	0	1
LK-2134155	Walpalagolla South	Walpalagolla South	GND	152	0	0	0	0	0	0
LK-2134160	Welivita Pahalagama	Welivita Pahalagama	GND	153	1	0	0	0	0	1
LK-2134165	Handabowa	Handabowa	GND	152	4	0	0	0	0	0
LK-2134170	Meegasthenna	Meegasthenna	GND	194	2	0	0	0	0	0
LK-2134175	Kanakkarapola South	Kanakkarapola South	GND	126	3	0	0	0	0	0
LK-2134180	Avulbodale	Avulbodale	GND	70	0	0	0	0	0	1
LK-2134185	Lechchimimenila	Lechchimimenila	GND	194	0	0	0	0	0	0
LK-2134190	Yaggala	Yaggala	GND	104	0	0	0	0	0	0
LK-2134195	Rangamuwa	Rangamuwa	GND	110	0	1	0	0	0	0
LK-2134200	Dedunupitiya Ihalagama	Dedunupitiya Ihalagama	GND	107	0	0	0	0	0	0
LK-2134205	Ambawa	Ambawa	GND	120	2	0	0	0	0	0
LK-2134210	Dehideniya Madige	Dehideniya Madige	GND	217	0	0	0	0	0	0
LK-2134215	Pelena Pahalagama	Pelena Pahalagama	GND	156	5	0	0	0	0	0
LK-2134220	Pelena	Pelena	GND	134	1	0	0	0	0	0
LK-2134225	Kandemeeya	Kandemeeya	GND	170	2	0	0	0	0	0
LK-2134230	Alagalla Pahalagama	Alagalla Pahalagama	GND	204	1	0	0	0	0	0
LK-2134235	Alagalla Ihala	Alagalla Ihala	GND	219	1	0	0	0	0	0
LK-2134240	Mudagammana	Mudagammana	GND	122	1	0	0	0	0	0
LK-2134245	Pattapola Ihala	Pattapola Ihala	GND	150	11	0	0	0	0	0
LK-2134250	Pattapola Pahalagama	Pattapola Pahalagama	GND	178	5	0	0	0	0	0
LK-2134255	Welivita Pahalagama South	Welivita Pahalagama South	GND	116	2	0	1	0	0	0
LK-2134260	Andiyathenna	Andiyathenna	GND	109	5	0	0	0	0	0
LK-2134265	Kolugala	Kolugala	GND	159	2	0	0	0	0	1
LK-2134270	Kolugala Pahalagama	Kolugala Pahalagama	GND	159	0	0	0	0	0	0
LK-2134275	Kithuldora	Kithuldora	GND	145	1	0	0	0	0	0
LK-2134280	Aluthgama Pahala	Aluthgama Pahala	GND	123	2	0	0	0	0	0
LK-2134285	Aluthgama Ihala	Aluthgama Ihala	GND	115	4	0	0	0	0	0
LK-2136	Yatinuwara	Yatinuwara	DSD	30765	221	23	14	1	5	58
LK-2136005	Alagalla Watta	Alagalla Watta	GND	230	9	0	0	0	0	0
LK-2136010	Kirimetiya Watta	Kirimetiya Watta	GND	276	4	0	0	0	0	0
LK-2136015	Pahala Yatigammana	Pahala Yatigammana	GND	170	1	0	0	0	0	4
LK-2136020	Yatigammana	Yatigammana	GND	154	0	0	0	0	0	1
LK-2136025	Thismada	Thismada	GND	138	2	0	0	0	0	0
LK-2136030	Kotaligoda North	Kotaligoda North	GND	298	4	0	0	0	0	1
LK-2136035	Udawela Nadithalawa	Udawela Nadithalawa	GND	173	3	0	0	0	0	0
LK-2136040	Udawela Pallemaditta	Udawela Pallemaditta	GND	217	1	0	0	0	0	0
LK-2136045	Wathurakumbura	Wathurakumbura	GND	353	5	0	0	0	0	0
LK-2136050	Gurugama	Gurugama	GND	370	2	0	0	0	0	0
LK-2136055	Dehianga North	Dehianga North	GND	368	3	0	0	0	0	2
LK-2136060	Kobbekaduwa	Kobbekaduwa	GND	314	5	0	0	0	0	0
LK-2136065	Ihala Kobbekaduwa	Ihala Kobbekaduwa	GND	262	1	0	0	0	0	0
LK-2136070	Pelawa Ihalagama	Pelawa Ihalagama	GND	201	4	0	0	0	1	1
LK-2136075	Yahalathenna	Yahalathenna	GND	370	5	0	0	0	1	1
LK-2136080	Pelawa Ihala Meda	Pelawa Ihala Meda	GND	395	1	0	1	0	0	1
LK-2136085	Pelawa Pahalagama	Pelawa Pahalagama	GND	322	1	0	0	0	0	1
LK-2136090	Gannoruwa West	Gannoruwa West	GND	419	8	0	0	0	0	0
LK-2136095	Dehigama East	Dehigama East	GND	402	0	0	0	0	0	0
LK-2136100	Dehigama South	Dehigama South	GND	229	2	0	0	0	0	1
LK-2136105	Dehigama North	Dehigama North	GND	229	3	1	0	0	0	0
LK-2136110	Dehianga South	Dehianga South	GND	372	1	0	0	0	0	2
LK-2136115	Pahala Dodamwala	Pahala Dodamwala	GND	334	2	0	0	0	0	1
LK-2136120	Ihala Dodamwala	Ihala Dodamwala	GND	199	0	0	0	0	0	0
LK-2136125	Udawela Pahalagama	Udawela Pahalagama	GND	303	3	0	0	0	0	0
LK-2136130	Munwathugoda	Munwathugoda	GND	245	1	0	0	0	0	0
LK-2136135	Walgampaya	Walgampaya	GND	450	4	0	0	0	0	0
LK-2136140	Bathgoda	Bathgoda	GND	227	0	0	0	0	0	0
LK-2136145	Doluwa East	Doluwa East	GND	164	0	0	0	0	0	1
LK-2136150	Doluwa West	Doluwa West	GND	225	1	0	0	0	0	1
LK-2136155	Kotaligoda South	Kotaligoda South	GND	213	3	0	0	0	0	0
LK-2136160	Menikdiwela	Menikdiwela	GND	327	1	4	1	0	0	0
LK-2136165	Pottepitiya	Pottepitiya	GND	138	0	0	0	0	0	0
LK-2136170	Ihala Alagalla	Ihala Alagalla	GND	415	7	0	0	0	0	0
LK-2136175	Godigamuwa	Godigamuwa	GND	190	2	0	0	0	0	0
LK-2136180	Motana Dekinda	Motana Dekinda	GND	124	3	0	0	0	0	0
LK-2136185	Gondeniya	Gondeniya	GND	174	1	0	0	0	0	0
LK-2136190	Madiligama	Madiligama	GND	146	2	0	0	0	0	0
LK-2136195	Udarathmeewala	Udarathmeewala	GND	201	5	0	0	0	0	0
LK-2136200	Pahala Rathmeewala	Pahala Rathmeewala	GND	293	3	0	0	0	0	2
LK-2136205	Deldeniya	Deldeniya	GND	267	4	0	0	0	0	6
LK-2136210	Walgowwagoda	Walgowwagoda	GND	261	0	0	0	0	0	2
LK-2136215	Kavudupana	Kavudupana	GND	218	0	0	0	0	0	0
LK-2136220	Haliyadda	Haliyadda	GND	376	1	0	0	0	0	1
LK-2136225	Danthure	Danthure	GND	513	0	0	0	0	0	1
LK-2136230	Siyambalagoda	Siyambalagoda	GND	425	2	0	0	0	0	1
LK-2136235	Parakatawella	Parakatawella	GND	382	7	0	1	0	0	1
LK-2136240	Imbulmalgama	Imbulmalgama	GND	159	0	1	0	0	1	0
LK-2136245	Diyapalagoda	Diyapalagoda	GND	325	0	0	0	0	0	1
LK-2136250	Mangalagama	Mangalagama	GND	295	1	0	0	0	0	1
LK-2136255	Karuwalawatta	Karuwalawatta	GND	331	1	0	0	0	0	0
LK-2136260	Gannoruwa Central	Gannoruwa Central	GND	500	2	0	0	0	0	0
LK-2136265	Dehideniya West	Dehideniya West	GND	274	1	0	0	0	0	0
LK-2136270	Sooriyagoda	Sooriyagoda	GND	553	1	0	0	0	0	0
LK-2136275	Malgammana	Malgammana	GND	248	2	0	1	0	0	1
LK-2136280	Moladanda	Moladanda	GND	426	3	1	0	0	0	0
LK-2136285	Giragama	Giragama	GND	282	1	0	0	0	0	1
LK-2136290	Arambegama East	Arambegama East	GND	390	1	0	0	0	0	0
LK-2136295	Kudaoya	Kudaoya	GND	286	8	0	0	0	0	4
LK-2136300	Kurunduwatta	Kurunduwatta	GND	230	2	0	0	0	0	0
LK-2136305	Kandangama North	Kandangama North	GND	553	1	0	0	0	0	0
LK-2136310	Mamudawala	Mamudawala	GND	182	3	0	0	0	0	0
LK-2136315	Maligathenna	Maligathenna	GND	168	0	0	0	0	0	0
LK-2136320	Ketakumbura	Ketakumbura	GND	207	1	0	0	0	0	2
LK-2136325	Amunupura	Amunupura	GND	265	7	0	0	0	0	0
LK-2136330	Moragolla Mahakanda	Moragolla Mahakanda	GND	119	2	1	0	0	0	0
LK-2136335	Balana	Balana	GND	189	3	0	0	0	0	0
LK-2136340	Weralugolla	Weralugolla	GND	238	1	0	0	0	0	0
LK-2136345	Pahala Mudaliwatta	Pahala Mudaliwatta	GND	218	7	0	0	0	0	0
LK-2136350	Mudaliwatta	Mudaliwatta	GND	231	2	0	0	0	1	0
LK-2136355	Panabokka	Panabokka	GND	270	0	0	0	0	0	2
LK-2136360	Kandangama South	Kandangama South	GND	184	0	0	0	0	0	0
LK-2136365	Kotabogoda	Kotabogoda	GND	339	3	0	0	0	0	0
LK-2136370	Urapola	Urapola	GND	312	4	0	0	0	0	0
LK-2136375	Arambegama West	Arambegama West	GND	341	2	0	0	0	0	0
LK-2136380	Embilmeegama North	Embilmeegama North	GND	337	0	0	0	0	0	0
LK-2136385	Ranawana	Ranawana	GND	297	1	0	0	0	0	0
LK-2136390	Bulumulla	Bulumulla	GND	375	0	1	1	0	0	0
LK-2136395	Pilapitiya	Pilapitiya	GND	992	10	1	0	0	0	4
LK-2136400	Kiribathkumbura East	Kiribathkumbura East	GND	476	2	2	2	0	0	1
LK-2136405	Dehideniya East	Dehideniya East	GND	439	1	0	0	0	0	2
LK-2136410	Kendakaduwa	Kendakaduwa	GND	527	0	1	0	0	0	2
LK-2136415	Gannoruwa East	Gannoruwa East	GND	530	0	0	0	0	0	0
LK-2136420	Uda Eriyagama East	Uda Eriyagama East	GND	440	1	0	0	0	0	0
LK-2136425	Uda Eriyagama West	Uda Eriyagama West	GND	345	1	0	0	0	0	0
LK-2136430	Edanduwawa East	Edanduwawa East	GND	430	2	0	2	1	0	0
LK-2136435	Edanduwawa West	Edanduwawa West	GND	512	1	0	0	0	0	0
LK-2136440	Kiribathkumbura West	Kiribathkumbura West	GND	702	3	2	0	0	1	2
LK-2136445	Embilmeegama South	Embilmeegama South	GND	523	0	0	1	0	0	0
LK-2136450	Govindala	Govindala	GND	455	5	0	0	0	0	0
LK-2136455	Pilimathalawa	Pilimathalawa	GND	468	5	1	1	0	0	0
LK-2136460	Ilukwatta	Ilukwatta	GND	619	1	1	1	0	0	1
LK-2136465	Madarangoda	Madarangoda	GND	284	3	6	1	0	0	1
LK-2136470	Kadawathgama	Kadawathgama	GND	580	9	0	1	0	0	1
LK-2136475	Kadugannawa Town	Kadugannawa Town	GND	247	0	0	0	0	0	0
LK-2139	Udunuwara	Udunuwara	DSD	31588	224	8	9	2	3	44
LK-2139005	Gangoda	Gangoda	GND	184	0	0	0	0	0	0
LK-2139010	Gangoda North	Gangoda North	GND	251	4	1	0	0	0	3
LK-2139015	Werellamana	Werellamana	GND	197	5	1	0	0	0	0
LK-2139020	Thalawatta	Thalawatta	GND	193	0	0	0	0	0	0
LK-2139025	Boyagama	Boyagama	GND	266	1	0	0	0	0	0
LK-2139030	Gangoda South	Gangoda South	GND	275	2	0	0	0	0	0
LK-2139035	Gadaladeniya North	Gadaladeniya North	GND	328	1	0	0	0	0	1
LK-2139040	Kiriwavula East	Kiriwavula East	GND	307	6	0	0	0	0	0
LK-2139045	Kiriwavula West	Kiriwavula West	GND	278	2	0	0	0	0	1
LK-2139050	Alanduwaka	Alanduwaka	GND	392	0	0	0	0	0	0
LK-2139055	Pahala Koorukuttala	Pahala Koorukuttala	GND	391	1	0	1	0	0	0
LK-2139060	Ihala Koorukuttala	Ihala Koorukuttala	GND	464	1	0	0	0	0	0
LK-2139065	Belungala	Belungala	GND	294	1	0	0	0	0	1
LK-2139070	Lagamuwa	Lagamuwa	GND	233	0	0	0	0	0	0
LK-2139075	Mathgamuwa	Mathgamuwa	GND	228	1	0	0	0	0	0
LK-2139080	Urulewatta	Urulewatta	GND	232	0	0	0	0	0	1
LK-2139085	Warakagoda	Warakagoda	GND	171	2	0	0	0	0	1
LK-2139090	Hepana	Hepana	GND	167	0	0	0	0	0	0
LK-2139095	Gadaladeniya South	Gadaladeniya South	GND	169	2	0	0	0	0	0
LK-2139100	Deliwala	Deliwala	GND	228	1	0	0	0	0	0
LK-2139105	Pamunuwa West	Pamunuwa West	GND	229	0	0	0	0	0	1
LK-2139110	Pamunuwa East	Pamunuwa East	GND	183	3	0	0	0	0	0
LK-2139115	Mampitiya	Mampitiya	GND	335	1	0	0	0	0	0
LK-2139120	Rajagiriya	Rajagiriya	GND	233	0	0	0	0	0	0
LK-2139125	Hendeniya West	Hendeniya West	GND	306	0	0	0	0	0	2
LK-2139130	Hendeniya East	Hendeniya East	GND	327	0	0	0	0	0	0
LK-2139135	Penideniya	Penideniya	GND	156	0	0	0	0	0	0
LK-2139140	Sangabogama	Sangabogama	GND	295	1	1	0	0	0	1
LK-2139145	Meewathura	Meewathura	GND	282	2	0	0	0	0	0
LK-2139150	Angunawala East	Angunawala East	GND	338	1	1	0	0	0	0
LK-2139155	Angunawala West	Angunawala West	GND	315	0	0	0	0	0	0
LK-2139160	Yalegoda East	Yalegoda East	GND	291	1	0	0	0	1	1
LK-2139165	Yalegoda West	Yalegoda West	GND	223	0	0	0	0	0	0
LK-2139170	Alapalawala East	Alapalawala East	GND	241	3	0	0	0	0	0
LK-2139175	Alapalawala West	Alapalawala west	GND	239	1	0	0	1	0	1
LK-2139180	Walgama	Walgama	GND	186	1	0	0	0	0	0
LK-2139185	Rabbegamuwa North	Rabbegamuwa North	GND	239	0	0	0	0	0	0
LK-2139190	Rabbegamuwa South	Rabbegamuwa South	GND	168	2	0	0	0	0	0
LK-2139195	Hiddavulla East	Hiddavulla East	GND	208	2	0	0	0	0	0
LK-2139200	Ganguldeniya	Ganguldeniya	GND	161	3	0	0	0	0	0
LK-2139205	Wattappola	Wattappola	GND	175	0	0	0	0	0	0
LK-2139210	Walagedara North	Walagedara North	GND	161	0	0	0	0	0	0
LK-2139215	Udagama	Udagama	GND	190	2	0	0	0	0	0
LK-2139220	Aluthkanda	Aluthkanda	GND	298	3	0	0	0	0	0
LK-2139225	Sadikkawatta	Sadikkawatta	GND	156	0	0	0	0	0	0
LK-2139230	Kovilakanda	Kovilakanda	GND	261	1	0	0	0	0	1
LK-2139235	Walagedara South	Walagedara South	GND	202	1	0	0	0	0	0
LK-2139240	Nikahetiya	Nikahetiya	GND	192	1	0	0	0	0	0
LK-2139245	Panabokka	Panabokka	GND	164	2	0	0	0	0	0
LK-2139250	Hiddavulla West	Hiddavulla West	GND	260	4	0	0	0	0	0
LK-2139255	Hiyarapitiya	Hiyarapitiya	GND	267	1	0	0	0	0	1
LK-2139260	Heeyawala	Heeyawala	GND	205	2	0	0	0	0	0
LK-2139265	Imbuldeniya	Imbuldeniya	GND	218	3	0	0	0	0	1
LK-2139270	Naranwala	Naranwala	GND	199	1	0	0	0	0	0
LK-2139275	Handessa	Handessa	GND	220	0	0	0	0	0	0
LK-2139280	Piligalla West	Piligalla West	GND	208	0	0	0	0	0	0
LK-2139285	Piligalla East	Piligalla East	GND	207	0	0	0	0	0	0
LK-2139290	Godapola West	Godapola West	GND	213	0	0	0	0	0	0
LK-2139295	Godapola East	Godapola East	GND	263	0	0	0	0	0	0
LK-2139300	Kamburadeniya	Kamburadeniya	GND	245	2	0	0	1	0	0
LK-2139305	Meewaladeniya	Meewaladeniya	GND	254	3	0	1	0	0	0
LK-2139310	Arattana	Arattana	GND	270	1	0	0	0	0	1
LK-2139315	Davulagala	Davulagala	GND	549	1	0	0	0	0	0
LK-2139320	Aravuwawala	Aravuwawala	GND	348	3	0	1	0	0	1
LK-2139325	Rangama	Rangama	GND	204	1	0	0	0	0	2
LK-2139330	Wathupola	Wathupola	GND	114	4	0	0	0	0	0
LK-2139335	Manikkawa	Manikkawa	GND	227	1	0	0	0	0	1
LK-2139340	Elpitikanda	Elpitikanda	GND	272	10	0	1	0	0	4
LK-2139345	Kooradeniya	Kooradeniya	GND	360	6	0	0	0	0	0
LK-2139350	Ambanwala	Ambanwala	GND	206	3	0	0	0	0	0
LK-2139355	Werawala East	Werawala east	GND	151	1	0	0	0	0	0
LK-2139360	Werawala West	Werawala West	GND	120	0	0	0	0	0	0
LK-2139365	Siyambalagoda	Siyambalagoda	GND	243	1	0	0	0	0	0
LK-2139370	Meddegoda	Meddegoda	GND	75	4	0	0	0	0	0
LK-2139375	Embekka	Embekka	GND	228	0	0	0	0	0	0
LK-2139380	Ambarapola	Ambarapola	GND	274	0	0	0	0	0	0
LK-2139385	Eladetta West	Eladetta West	GND	320	0	0	0	0	1	0
LK-2139390	Ihala Pethiyagoda	Ihala Pethiyagoda	GND	222	1	0	0	0	0	0
LK-2139395	Pethiyagoda West	Pethiyagoda West	GND	248	0	0	0	0	0	0
LK-2139400	Pethiyagoda East	Pethiyagoda East	GND	429	3	0	1	0	0	6
LK-2139405	Palle Aludeniya	Palle Aludeniya	GND	267	2	0	0	0	0	0
LK-2139410	Karamada North	Karamada North	GND	249	0	0	0	0	0	0
LK-2139415	Nawa Peradeniya	Nawa Peradeniya	GND	488	1	0	0	0	0	0
LK-2139420	Karamada South	Karamada South	GND	363	1	0	0	0	0	0
LK-2139425	Nawa Elpitiya North	Nawa Elpitiya North	GND	199	0	0	0	0	0	0
LK-2139430	Gelioya	Gelioya	GND	305	0	0	0	0	0	0
LK-2139435	Dehipagoda West	Dehipagoda West	GND	289	5	0	0	0	0	0
LK-2139440	Dehipagoda East	Dehipagoda East	GND	305	9	1	0	0	0	0
LK-2139445	Eladetta East	Eladetta East	GND	420	0	0	0	0	0	0
LK-2139450	Hathnagoda	Hathnagoda	GND	297	0	0	0	0	0	1
LK-2139455	Ketakumbura	Ketakumbura	GND	293	2	0	0	0	0	0
LK-2139460	Boowelikada	Boowelikada	GND	217	0	0	0	0	0	0
LK-2139465	Dodamdeniya	Dodamdeniya	GND	144	0	0	0	0	0	0
LK-2139470	Batupitiya	Batupitiya	GND	350	0	0	0	0	0	0
LK-2139475	Bambaradeniya	Bambaradeniya	GND	148	0	0	0	0	0	0
LK-2139480	Pilapitiya	Pilapitiya	GND	165	6	0	0	0	0	0
LK-2139485	Rangoda	Rangoda	GND	219	0	0	1	0	0	0
LK-2139490	Ambagasthenna	Ambagasthenna	GND	226	0	0	0	0	0	0
LK-2139495	Welamboda	Welamboda	GND	529	1	0	0	0	1	1
LK-2139500	Liyangaha Watta	Liyangaha Watta	GND	263	4	0	0	0	0	1
LK-2139505	Maveekumbura North	Maveekumbura North	GND	511	21	0	0	0	0	0
LK-2139510	Maveekumbura South	Maveekumbura South	GND	181	5	0	1	0	0	0
LK-2139515	Watadeniya	Watadeniya	GND	415	1	0	0	0	0	0
LK-2139520	Viharagama	Viharagama	GND	224	3	0	0	0	0	0
LK-2139525	Ganhatha	Ganhatha	GND	229	1	0	0	0	0	0
LK-2139530	Daskara	Daskara	GND	213	1	0	0	0	0	0
LK-2139535	Wegiriya East	Wegiriya East	GND	233	1	0	0	0	0	1
LK-2139540	Thalawathura	Thalawathura	GND	289	1	0	0	0	0	1
LK-2139545	Muruthagahamula	Muruthagahamula	GND	248	3	0	0	0	0	0
LK-2139550	Pitawalawatta	Pitawalawatta	GND	326	0	1	0	0	0	0
LK-2139555	Nawa Elpitiya South	Nawa Elpitiya South	GND	181	1	0	0	0	0	1
LK-2139560	Polgahaanga	Polgahaanga	GND	313	2	0	2	0	0	0
LK-2139565	Delgahapitiya	Delgahapitiya	GND	366	5	0	0	0	0	0
LK-2139570	Weligalla	Weligalla	GND	270	1	0	0	0	0	0
LK-2139575	Uda Aludeniya	Uda Aludeniya	GND	432	14	1	0	0	0	0
LK-2139580	Palkumbura	Palkumbura	GND	206	2	0	0	0	0	0
LK-2139585	Lunugama	Lunugama	GND	193	1	0	0	0	0	0
LK-2139590	Hondiyadeniya	Hondiyadeniya	GND	317	7	0	0	0	0	2
LK-2139595	Wegiriya West	Wegiriya West	GND	226	2	1	0	0	0	0
LK-2139600	Kotagaloluwa	Kotagaloluwa	GND	175	2	0	0	0	0	3
LK-2139605	Deldeniya	Deldeniya	GND	103	1	0	0	0	0	1
LK-2139610	Dihitideniya	Dihitideniya	GND	117	0	0	0	0	0	0
LK-2139615	Appallagoda East	Appallagoda East	GND	284	1	0	0	0	0	0
LK-2139620	Appallagoda West	Appallagoda West	GND	179	0	0	0	0	0	0
LK-2142	Doluwa	Doluwa	DSD	14396	212	6	9	0	1	35
LK-2142005	Galoya	Galoya	GND	655	8	0	0	0	0	4
LK-2142010	Haloya	Haloya	GND	399	4	0	0	0	0	0
LK-2142015	Wariyagala	Wariyagala	GND	533	8	0	1	0	0	0
LK-2142020	Megoda Kalugamuwa	Megoda Kalugamuwa	GND	461	0	2	1	0	0	0
LK-2142025	Ganegoda	Ganegoda	GND	442	2	0	1	0	0	1
LK-2142030	Godawela	Godawela	GND	372	2	0	0	0	0	0
LK-2142035	Nawa Gurukele	Nawa Gurukele	GND	335	3	0	0	0	0	0
LK-2142040	Nillamba	Nillamba	GND	635	14	0	0	0	0	2
LK-2142045	Nawa Nillamba	Nawa Nillamba	GND	433	14	0	0	0	0	0
LK-2142050	Palledelthota	Palledelthota	GND	808	8	0	0	0	0	0
LK-2142055	Gurukele	Gurukele	GND	395	11	0	0	0	0	2
LK-2142060	Legumdeniya	Lagumdeniya	GND	432	4	0	0	0	0	3
LK-2142065	Orayanwatta	Orayanwatta	GND	406	3	0	0	0	0	0
LK-2142070	Doluwa	Doluwa	GND	282	2	0	0	0	0	1
LK-2142075	Inguruwatta	Inguruwatta	GND	455	1	2	0	0	0	0
LK-2142080	Naranvita	Naranvita	GND	353	2	0	1	0	0	1
LK-2142085	Atuwewatta	Atuwewatta	GND	584	1	0	0	0	0	0
LK-2142090	Gampolawatta	Gampolawatta	GND	647	2	0	1	0	0	2
LK-2142095	Wewathenna	Wewathenna	GND	263	3	0	0	0	0	0
LK-2142100	Thundeniya	Thundeniya	GND	331	0	0	0	0	0	0
LK-2142105	Kahawatta	Kahawatta	GND	330	2	0	0	0	0	0
LK-2142110	Gothatuwela	Gothatuwela	GND	386	12	0	0	0	0	1
LK-2142115	Millagahamula	Millagahamula	GND	394	9	0	0	0	0	1
LK-2142120	Pabadeniya	Pambadeniya	GND	208	5	0	2	0	0	0
LK-2142125	Panvilathenna	Panvilathenna	GND	303	8	1	0	0	0	0
LK-2142130	Masgolla	Masgolla	GND	479	5	0	0	0	0	13
LK-2142135	Thumpelawaka	Thumpelawaka	GND	303	3	0	0	0	0	0
LK-2142140	Mulgama	Mulgama	GND	190	10	0	0	0	0	1
LK-2142145	Ududeniya	Ududeniya	GND	247	0	0	0	0	0	0
LK-2142150	Hunugala	Hunugala	GND	459	7	0	0	0	0	1
LK-2142155	Rajathalawa	Rajathalawa	GND	276	6	0	0	0	0	0
LK-2142160	Pupuressa	Pupuressa	GND	1248	44	0	2	0	1	2
LK-2142165	Pitawala	Pitawala	GND	352	9	1	0	0	0	0
LK-2145	Pathahewaheta	Pathahewaheta	DSD	16698	202	6	8	0	1	56
LK-2145005	Uduwelawatta Colony	Uduwelawatta Colony	GND	408	5	0	0	0	0	1
LK-2145010	Galthenna	Galthenna	GND	193	2	0	0	0	0	1
LK-2145015	Wathuliyedda	Wathuliyedda	GND	362	4	0	0	0	0	1
LK-2145020	Monarangala	Monarangala	GND	435	3	0	0	0	0	0
LK-2145025	Nehiniwela	Nehiniwela	GND	173	4	0	0	0	0	0
LK-2145030	Godompitiya	Godompitiya	GND	174	0	1	0	0	0	0
LK-2145035	Hippola	Hippola	GND	218	2	0	0	0	0	2
LK-2145040	Kossinna	Kossinna	GND	294	1	0	0	0	0	0
LK-2145045	Thalathuoya West	Thalathuoya West	GND	170	0	0	0	0	0	1
LK-2145050	Pussathenna	Pussathenna	GND	295	4	0	0	0	0	0
LK-2145055	Pinnagolla	Pinnagolla	GND	281	3	1	0	0	0	0
LK-2145060	Singharagama	Singharagama	GND	237	0	1	0	0	0	1
LK-2145065	Haragama	Haragama	GND	460	2	0	2	0	0	1
LK-2145070	Kapuliyadda East	Kapuliyadda East	GND	129	1	0	0	0	0	1
LK-2145075	Kapuliyadda West	Kapuliyadda West	GND	134	0	0	0	0	0	1
LK-2145080	Doolmure	Doolmure	GND	187	2	0	1	0	1	3
LK-2145085	Bootawatta North	Bootawatta North	GND	394	4	0	0	0	0	0
LK-2145090	Thalathuoya East	Thalathuoya East	GND	193	2	0	0	0	0	0
LK-2145095	Ankelipitiya	Ankelipitiya	GND	259	3	0	0	0	0	1
LK-2145100	Batagalla	Batagalla	GND	173	1	0	0	0	0	0
LK-2145105	Ethulgama East	Ethulgama East	GND	164	3	0	0	0	0	0
LK-2145110	Ethulgama North	Ethulgama North	GND	218	2	2	0	0	0	0
LK-2145115	Uduwela Pallegama East	Uduwela Pallegama East	GND	156	1	0	0	0	0	0
LK-2145120	Uduwela Pallegama West	Uduwela Pallegama West	GND	157	2	0	0	0	0	1
LK-2145125	Uduwela Pallegama South	Uduwela Pallegama South	GND	176	3	0	0	0	0	0
LK-2145130	Uduwela Udagama West	Uduwela Udagama West	GND	488	12	0	0	0	0	1
LK-2145135	Uduwela Udagama East	Uduwela Udagama East	GND	323	5	0	0	0	0	2
LK-2145140	Ratemulla	Ratemulla	GND	577	22	0	0	0	0	1
LK-2145145	Pooliyadda	Pooliyadda	GND	113	4	0	0	0	0	0
LK-2145150	Ethulgama West	Ethulgama West	GND	207	4	0	0	0	0	0
LK-2145155	Ethulgama South	Ethulgama South	GND	218	2	0	0	0	0	0
LK-2145160	Haputhale Egodagama	Haputhale Egodagama	GND	291	1	0	0	0	0	1
LK-2145165	Haputhale Udagama	Haputhale Udagama	GND	247	2	0	0	0	0	0
LK-2145170	Moragolla	Moragolla	GND	344	0	0	0	0	0	1
LK-2145175	Haputhale Pallegama	Haputhale Pallegama	GND	236	2	0	0	0	0	0
LK-2145180	Nugaliyadda Ihala	Nugaliyadda Ihala	GND	152	0	0	0	0	0	0
LK-2145185	Nugaliyadda Pahala	Nugaliyadda Pahala	GND	116	2	0	0	0	0	0
LK-2145190	Bootawatta South	Bootawatta South	GND	169	1	0	0	0	0	1
LK-2145195	Godamunna West	Godamunna West	GND	155	4	0	0	0	0	4
LK-2145200	Narangasthenna	Narangasthenna	GND	160	5	1	0	0	0	0
LK-2145205	Godalawela	Godalawela	GND	156	1	0	0	0	0	0
LK-2145210	Bolepa	Bolepa	GND	200	8	0	0	0	0	2
LK-2145215	Pathamailapitiya South	Pathamailapitiya South	GND	359	8	0	0	0	0	1
LK-2145220	Pathamailapitiya North	Pathamailapitiya North	GND	406	8	0	0	0	0	1
LK-2145225	Udamailapitiya North	Udamailapitiya North	GND	291	1	0	0	0	0	0
LK-2145230	Damunugolla	Damunugolla	GND	121	2	0	0	0	0	2
LK-2145235	Marassana	Marassana	GND	204	3	0	0	0	0	0
LK-2145240	Medadeniya	Medadeniya	GND	178	0	0	0	0	0	2
LK-2145245	Welegama	Welegama	GND	126	2	0	0	0	0	0
LK-2145250	Godamunna East	Godamunna East	GND	173	2	0	0	0	0	0
LK-2145255	Letiyagolla	Letiyagolla	GND	195	0	0	0	0	0	0
LK-2145260	Sriyagama	Sriyagama	GND	317	2	0	0	0	0	1
LK-2145265	Medagama Udagama	Medagama Udagama	GND	193	3	0	1	0	0	0
LK-2145270	Medagama Pallegama	Medagama Pallegama	GND	196	3	0	0	0	0	0
LK-2145275	Kandewela	Kandewela	GND	138	1	0	0	0	0	1
LK-2145280	Elikewela	Elikewela	GND	124	2	0	0	0	0	1
LK-2145285	Meeruppa	Meeruppa	GND	325	1	0	0	0	0	1
LK-2145290	Kethigannawela	Kethigannawela	GND	149	1	0	0	0	0	1
LK-2145295	Udamailapitiya South	Udamailapitiya South	GND	434	10	0	0	0	0	6
LK-2145300	Galagoda	Galagoda	GND	285	3	0	0	0	0	2
LK-2145305	Hewavissa East	Hewavissa East	GND	148	0	0	0	0	0	0
LK-2145310	Hewavissa West	Hewavissa West	GND	161	0	0	0	0	0	0
LK-2145315	Bawlana	Bawlana	GND	192	4	0	1	0	0	2
LK-2145320	Oluwawatta	Oluwawatta	GND	139	0	0	0	0	0	0
LK-2145325	Kiriwanagoda	Kiriwanagoda	GND	144	1	0	0	0	0	0
LK-2145330	Ududeniya Madige	Ududeniya Madige	GND	264	1	0	0	0	0	2
LK-2145335	Unuvinna East	Unuvinna East	GND	236	4	0	2	0	0	2
LK-2145340	Unuvinna West	Unuvinna West	GND	208	1	0	0	0	0	2
LK-2145345	Ududeniya	Ududeniya	GND	139	0	0	0	0	0	0
LK-2145350	Bopitiya	Bopitiya	GND	151	1	0	0	0	0	1
LK-2145355	Pothgoda	Pothgoda	GND	126	0	0	1	0	0	0
LK-2145360	Kahambiliyawa	Kahambiliyawa	GND	205	8	0	0	0	0	0
LK-2145365	Neelawala	Neelawala	GND	179	1	0	0	0	0	0
LK-2148	Deltota	Deltota	DSD	8807	130	5	7	1	0	18
LK-2148005	Perawatta West	Perawatta West	GND	625	8	0	0	1	0	0
LK-2148010	Perawatta East	Perawatta East	GND	284	1	0	0	0	0	0
LK-2148015	Palugama	Palugama	GND	301	1	0	0	0	0	1
LK-2148020	Udadelthota	Udadelthota	GND	1066	24	0	1	0	0	5
LK-2148025	Galaha	Galaha	GND	508	3	1	1	0	0	0
LK-2148030	Suduwella	Suduwella	GND	847	9	0	0	0	0	4
LK-2148035	Greatweliya	Greatweliya	GND	283	4	0	0	0	0	0
LK-2148040	Bawlanawatta Janapadaya	Bawlanawatta Janapadaya	GND	179	15	0	1	0	0	2
LK-2148045	Maussawa	Maussawa	GND	269	1	1	0	0	0	0
LK-2148050	Wanahapuwa	Wanahapuwa	GND	162	0	0	0	0	0	0
LK-2148055	Bopitiya Nagaraya	Bopitiya Nagaraya	GND	268	7	0	0	0	0	0
LK-2148060	Medakekila	Medakekila	GND	198	1	0	0	0	0	1
LK-2148065	Karagaskada South	Karagaskada South	GND	353	0	0	0	0	0	0
LK-2148070	Karagaskada North	Karagaskada North	GND	394	1	0	1	0	0	0
LK-2148075	Gonangoda	Gonangoda	GND	688	16	1	1	0	0	1
LK-2148080	Kandegama	Kandegama	GND	60	1	2	0	0	0	0
LK-2148085	Wetakepotha	Wetakepotha	GND	227	0	0	0	0	0	0
LK-2148090	Pattiyagama Pallegama	Pattiyagama Pallegama	GND	275	0	0	0	0	0	0
LK-2148095	Kiriwanaketiya	Kiriwanaketiya	GND	180	1	0	0	0	0	0
LK-2148100	Kolambissa West	Kolambissa West	GND	121	2	0	0	0	0	2
LK-2148105	Murapola West	Murapola West	GND	134	3	0	0	0	0	0
LK-2148110	Murapola East	Murapola East	GND	173	2	0	0	0	0	0
LK-2148115	Kolambissa East	Kolambissa East	GND	111	6	0	0	0	0	0
LK-2148120	Nawaneliya	Nawaneliya	GND	164	2	0	0	0	0	0
LK-2148125	Kotagepitiya	Kotagepitiya	GND	130	6	0	0	0	0	0
LK-2148130	Wadiyagoda	Wadiyagoda	GND	86	4	0	0	0	0	0
LK-2148135	Pattiyagama Udagama	Pattiyagama Udagama	GND	116	1	0	0	0	0	0
LK-2148140	Pattiyagama Gabadagama North	Pattiyagama Gabadagama North	GND	292	10	0	0	0	0	0
LK-2148145	Pattiyagama Gabadagama South	Pattiyagama Gabadagama South	GND	313	1	0	2	0	0	2
LK-2151	Udapalatha	Udapalatha	DSD	27198	362	12	11	2	6	38
LK-2151005	Egoda Kalugamuwa	Egoda Kalugamuwa	GND	1129	18	0	0	0	0	0
LK-2151010	Udovita	Udovita	GND	582	10	0	0	0	0	0
LK-2151015	Kirinda	Kirinda	GND	651	1	2	0	0	0	1
LK-2151020	Galgediyawa	Galgediyawa	GND	308	0	0	0	0	0	0
LK-2151025	Ranawala	Ranawala	GND	266	3	0	0	0	0	0
LK-2151030	Bowala	Bowala	GND	252	1	0	0	0	0	0
LK-2151035	Rathmalkaduwa	Rathmalkaduwa	GND	342	8	0	0	0	0	0
LK-2151040	Hapugaspitiya	Hapugaspitiya	GND	396	7	0	0	1	0	2
LK-2151045	Unambuwa	Unambuwa	GND	391	3	0	1	0	0	4
LK-2151050	Ilangawatta	Ilangawatta	GND	545	0	0	0	0	0	0
LK-2151055	Kahatapitiya	Kahatapitiya	GND	393	2	1	0	0	2	1
LK-2151060	Bothalapitiya	Bothalapitiya	GND	975	5	1	0	0	0	0
LK-2151065	Gampola East	Gampola East	GND	749	10	0	0	0	0	0
LK-2151070	Mount Temple	Mount Temple	GND	611	10	0	1	0	0	1
LK-2151075	Keerapane	Keerapane	GND	509	1	0	0	0	0	2
LK-2151080	Sinhapitiya North	Sinhapitiya North	GND	340	4	0	0	0	0	0
LK-2151085	Sinhapitiya South	Sinhapitiya South	GND	354	0	0	0	0	0	1
LK-2151090	Gampola West	Gampola West	GND	552	1	2	0	1	2	3
LK-2151095	Polkumbura	Polkumbura	GND	515	6	0	0	0	0	0
LK-2151100	Illawathura	Illawathura	GND	698	1	0	1	0	0	0
LK-2151105	Angammana East	Angammana East	GND	575	3	0	0	0	0	0
LK-2151110	Angammana West	Angammana West	GND	489	1	0	0	0	0	2
LK-2151115	Aregoda	Aregoda	GND	635	0	0	0	0	0	0
LK-2151120	Kurukude	Kurukude	GND	206	0	1	0	0	0	0
LK-2151125	Kudamake	Kudamake	GND	597	5	2	0	0	1	0
LK-2151130	Godagama	Godagama	GND	487	15	0	1	0	0	0
LK-2151135	Jayamalapura	Jayamalapura	GND	434	2	0	0	0	0	0
LK-2151140	Amunupuraya	Amunupuraya	GND	531	7	0	0	0	0	1
LK-2151145	Wattehena	Wattehena	GND	465	4	0	0	0	0	1
LK-2151150	Millagaspitiya	Millagaspitiya	GND	322	6	0	0	0	0	2
LK-2151155	Udagama	Udagama	GND	392	2	0	0	0	0	0
LK-2151160	Hunukotugama	Hunukotugama	GND	254	5	0	0	0	0	0
LK-2151165	Dunukeulla	Dunukeulla	GND	638	2	0	0	0	0	0
LK-2151170	Wanahapuwa	Wanahapuwa	GND	187	6	0	0	0	0	0
LK-2151175	Ihalagama	Ihalagama	GND	466	3	0	0	0	0	0
LK-2151180	Paradeka	Paradeka	GND	756	15	0	0	0	0	0
LK-2151185	Amuhena	Amuhena	GND	359	7	0	0	0	0	0
LK-2151190	Delpitiya	Delpitiya	GND	994	10	0	0	0	0	9
LK-2151195	Nawadevita	Nawadevita	GND	696	7	0	0	0	0	1
LK-2151200	Galatha	Galatha	GND	738	22	0	0	0	0	1
LK-2151205	Pallegama	Pallegama	GND	519	11	0	0	0	0	0
LK-2151210	Pussellawa	Pussellawa	GND	1744	30	0	4	0	0	4
LK-2151215	Wahugapitiya	Wahugapitiya	GND	537	12	1	0	0	0	0
LK-2151220	Pussellawagama	Pussellawagama	GND	268	6	0	1	0	0	0
LK-2151225	Doragala	Doragala	GND	1357	53	2	0	0	1	0
LK-2151230	Kekulanda	Kekulanda	GND	654	23	0	0	0	0	0
LK-2151235	Weliganga	Weliganga	GND	343	7	0	0	0	0	2
LK-2151240	Kalugalhinna	Kalugalhinna	GND	244	1	0	0	0	0	0
LK-2151245	Mawathura	Mawathura	GND	753	6	0	2	0	0	0
LK-2154	Ganga Ihala Korale	Ganga Ihala Korale	DSD	15470	176	4	3	2	1	19
LK-2154005	Kohowala	Kohowala	GND	293	5	0	0	0	0	0
LK-2154010	Polmalagama	Polmalagama	GND	253	0	0	0	0	0	0
LK-2154015	Galpaya	Galpaya	GND	659	4	0	0	0	0	0
LK-2154020	Herakola	Herakola	GND	742	9	0	0	0	0	0
LK-2154025	Wallahagoda	Wallahagoda	GND	755	1	2	0	0	0	3
LK-2154030	Maligapurana	Maligapurana	GND	668	1	0	0	0	0	2
LK-2154035	Gampolawela	Gampolawela	GND	731	9	0	0	2	0	0
LK-2154040	Ethgala North	Ethgala North	GND	328	3	0	2	0	0	1
LK-2154045	Thembiligala	Thembiligala	GND	505	5	1	1	0	0	0
LK-2154050	Pellapitiya North	Pellapitiya North	GND	540	3	0	0	0	0	4
LK-2154055	Malwattagama	Malwattagama	GND	679	4	0	0	0	0	1
LK-2154060	Giraulla	Giraulla	GND	372	6	0	0	0	0	0
LK-2154065	Karagala	Karagala	GND	292	2	0	0	0	1	0
LK-2154070	Wetakedeniya	Wetakedeniya	GND	517	4	0	0	0	0	0
LK-2154075	Uduwella	Uduwella	GND	392	6	0	0	0	0	0
LK-2154080	Patithalawa	Patithalawa	GND	534	11	0	0	0	0	0
LK-2154085	Kelly Group	Kelly Group	GND	149	6	0	0	0	0	1
LK-2154090	Alugolla	Alugolla	GND	331	14	0	0	0	0	0
LK-2154095	Gemunupura	Gemunupura	GND	357	7	0	0	0	0	2
LK-2154100	Yatapana	Yatapana	GND	299	6	0	0	0	0	1
LK-2154105	Pellapitiya South	Pellapitiya South	GND	417	10	0	0	0	0	1
LK-2154110	Ulapane North	Ulapane North	GND	597	8	0	0	0	0	0
LK-2154115	Udagama	Udagama	GND	656	6	0	0	0	0	0
LK-2154120	Ethgala West	Ethgala West	GND	317	2	0	0	0	0	1
LK-2154125	Ethgala East	Ethgala East	GND	510	7	0	0	0	0	1
LK-2154130	Sinhapura	Sinhapura	GND	511	8	0	0	0	0	0
LK-2154135	Ulapane South	Ulapane South	GND	1045	8	0	0	0	0	1
LK-2154140	Pitakanda	Pitakanda	GND	547	2	0	0	0	0	0
LK-2154145	Udahenthenna	Udahenthenna	GND	473	5	1	0	0	0	0
LK-2154150	Rakshawa	Rakshawa	GND	602	13	0	0	0	0	0
LK-2154155	Miyanagolla	Miyanagolla	GND	399	1	0	0	0	0	0
LK-2157	Pasbagekorale	Pasbage Korale	DSD	17460	148	3	8	0	1	14
LK-2157005	Pallegama	Pallegama	GND	493	4	0	0	0	0	0
LK-2157010	Warakawa	Warakawa	GND	631	2	0	1	0	0	2
LK-2157015	Weligodawatta	Weligodawatta	GND	558	9	0	0	0	0	2
LK-2157020	Dandubediruppa	Dandubediruppa	GND	796	4	0	4	0	0	1
LK-2157025	Penithuduwa	Penithuduwa	GND	403	8	0	1	0	0	0
LK-2157030	Pahala Rambukpitiya	Pahala Rambukpitiya	GND	417	1	0	0	0	0	0
LK-2157035	Uda Rambukpitiya	Uda Rambukpitiya	GND	424	11	0	0	0	0	0
LK-2157040	Balanthota North	Balanthota North	GND	651	11	0	0	0	0	1
LK-2157045	Weligampola	Weligampola	GND	343	2	0	0	0	0	1
LK-2157050	Karahandungala	Karahandungala	GND	529	1	1	0	0	0	0
LK-2157055	Nawalapitiya South	Nawalapitiya South	GND	895	5	0	0	0	0	0
LK-2157060	Nawalapitiya North	Nawalapitiya North	GND	672	1	0	0	0	0	0
LK-2157065	Nawalapitiya West	Nawalapitiya West	GND	1068	2	0	0	0	1	2
LK-2157070	Nawalapitiya East	Nawalapitiya East	GND	590	1	1	0	0	0	0
LK-2157075	Imbulpitiya	Imbulpitiya	GND	976	3	0	0	0	0	0
LK-2157080	Greenwood	Greenwood	GND	310	2	0	0	0	0	0
LK-2157085	Bawwagama	Bawwagama	GND	1861	14	0	0	0	0	2
LK-2157090	Kendopitiya	Kendopitiya	GND	768	6	0	0	0	0	1
LK-2157095	Aluthgama	Aluthgama	GND	414	2	0	1	0	0	0
LK-2157100	Balanthota South	Balanthota South	GND	475	1	0	0	0	0	0
LK-2157105	Dekinda	Dekinda	GND	331	2	0	0	0	0	1
LK-2157110	Mapakanda North	Mapakanda North	GND	310	3	0	0	0	0	0
LK-2157115	Inguruoya North	Inguruoya North	GND	325	5	1	0	0	0	0
LK-2157120	Kadiyanlena	Kadiyanlena	GND	542	23	0	0	0	0	0
LK-2157125	Westhole	Westhole	GND	805	11	0	0	0	0	0
LK-2157130	Inguruoya South	Inguruoya South	GND	196	3	0	0	0	0	0
LK-2157135	Mapakanda South	Mapakanda South	GND	327	4	0	0	0	0	1
LK-2157140	Wewegama	Wewegama	GND	554	2	0	1	0	0	0
LK-2157145	Hydree	Hydree	GND	796	5	0	0	0	0	0
LK-22	Matale	Matale	DISTRICT	148488	2248	61	126	1	15	193
LK-2203	Galewela	Galewela	DSD	22176	363	9	7	0	0	22
LK-2203005	Wetakoluwewa	Wetakoluwewa	GND	450	14	0	1	0	0	0
LK-2203010	Dewahoowa Colony 2	Dewahoowa Colony 2	GND	381	7	0	0	0	0	0
LK-2203015	Makulugaswewa	Makulugaswewa	GND	211	0	1	0	0	0	0
LK-2203020	Ibbankatuwa	Ibbankatuwa	GND	342	10	0	0	0	0	1
LK-2203025	Thalakiriyagama	Thalakiriyagama	GND	638	12	0	0	0	0	0
LK-2203030	Thennakonpura	Thennakonpura	GND	221	7	0	0	0	0	0
LK-2203035	Dandubendiruppa	Dandubendiruppa	GND	458	9	0	0	0	0	0
LK-2203040	Dewahoowa Colony 1	Dewahoowa Colony 1	GND	697	10	0	0	0	0	1
LK-2203045	Bulanawewa	Bulanawewa	GND	728	7	0	0	0	0	0
LK-2203050	Pahala Diggala	Pahala Diggala	GND	454	10	0	0	0	0	0
LK-2203055	Meewalapathaha	Meewalapathaha	GND	321	23	0	0	0	0	0
LK-2203060	Pahala Wewa	Pahala Wewa	GND	343	6	0	0	0	0	0
LK-2203065	Yatigalpotta	Yatigalpotta	GND	403	3	0	0	0	0	0
LK-2203070	Kumbukgolla	Kumbukgolla	GND	560	16	0	0	0	0	3
LK-2203075	Kosgahahinna	Kosgahahinna	GND	324	1	0	0	0	0	0
LK-2203080	Ralalerotawewa	Ralalerotawewa	GND	281	2	0	0	0	0	0
LK-2203085	Moragolla	Moragolla	GND	272	9	0	1	0	0	0
LK-2203090	Pibidunugama	Pibidunugama	GND	226	5	0	0	0	0	0
LK-2203095	Aluthwewa	Aluthwewa	GND	461	7	0	0	0	0	1
LK-2203100	Bambaragaswewa	Bambaragaswewa	GND	287	4	0	0	0	0	0
LK-2203105	Beliyakanda	Beliyakanda	GND	651	14	0	0	0	0	1
LK-2203110	Puwakpitiya	Silwathgama	GND	426	6	0	0	0	0	0
LK-2203115	Walaswewa	Walaswewa	GND	567	5	0	0	0	0	0
LK-2203120	Galapamula	Galapamula	GND	345	4	0	0	0	0	0
LK-2203125	Damunumulla	Damunumulla	GND	456	9	0	0	0	0	0
LK-2203130	Pattiwela	Pattiwela	GND	351	9	1	0	0	0	1
LK-2203135	Nilagama	Nilagama	GND	395	13	1	0	0	0	0
LK-2203140	Hombawa	Hombawa	GND	418	6	0	0	0	0	0
LK-2203145	Silwathgama	Palu Hombawa	GND	181	3	0	0	0	0	1
LK-2203150	Weragalawatta	Dambawatawana	GND	278	6	0	1	0	0	1
LK-2203155	Palu Hombawa	Puwakpitiya	GND	383	2	0	0	0	0	0
LK-2203160	Dambawatawana	Weragalawatta	GND	374	4	1	0	0	0	0
LK-2203165	Nabadagahawatta	Nabadagahawatta	GND	580	3	0	0	0	0	0
LK-2203170	Galewela Town	Galewela Town	GND	299	3	0	0	0	0	0
LK-2203175	Pathkolagolla	Pathkolagolla	GND	395	5	1	0	0	0	0
LK-2203180	Kospotha	Kospotha	GND	457	3	0	0	0	0	2
LK-2203185	Ranwediyawa	Ranwediyawa	GND	656	5	1	0	0	0	2
LK-2203190	Pahala Bambawa	Pahala Bambawa	GND	374	3	0	1	0	0	3
LK-2203195	Danduyaya	Danduyaya	GND	387	4	0	1	0	0	0
LK-2203200	Dambagolla	Dambagolla	GND	409	0	0	0	0	0	0
LK-2203205	Ihala Bambawa	Ihala Bambawa	GND	299	1	0	0	0	0	0
LK-2203210	Siyambalagahawela	Siyambalagahawela	GND	286	5	0	0	0	0	1
LK-2203215	Pihilyaya	Pihilyaya	GND	196	6	0	0	0	0	1
LK-2203220	Medabedda North	Medabedda North	GND	368	4	0	0	0	0	0
LK-2203225	Divulgaskotuwa	Divulgaskotuwa	GND	505	14	0	0	0	0	1
LK-2203230	Hathadukkuwa	Hathadukkuwa	GND	323	4	0	0	0	0	1
LK-2203235	Beligamuwa	Beligamuwa	GND	371	3	1	0	0	0	0
LK-2203240	Medabedda South	Medabedda South	GND	266	9	0	0	0	0	0
LK-2203245	Wahakotte	Wahakotte	GND	206	0	1	0	0	0	0
LK-2203250	Galgodayaya	Galgodayaya	GND	162	2	0	0	0	0	0
LK-2203255	Palapathwala	Palapathwala	GND	338	2	0	0	0	0	0
LK-2203260	Dembawa	Dembawa	GND	227	0	0	0	0	0	0
LK-2203265	Elamalpotha	Elamalpotha	GND	377	4	0	1	0	0	0
LK-2203270	Yatiwehera	Yatiwehera	GND	213	3	0	0	0	0	0
LK-2203275	Lenawala	Lenawala	GND	304	14	0	0	0	0	0
LK-2203280	Hewanwela	Hewanwela	GND	401	12	0	0	0	0	1
LK-2203285	Wegodapola	Wegodapola	GND	263	2	1	1	0	0	0
LK-2203290	Kendangamuwa	Kendangamuwa	GND	365	8	0	0	0	0	0
LK-2203295	Madipola	Madipola	GND	266	1	0	0	0	0	0
LK-2206	Dambulla	Dambulla	DSD	22720	392	10	27	0	3	35
LK-2206005	Siyambala Wewa	Siyambala Wewa	GND	199	9	0	0	0	0	9
LK-2206010	Avudangawa	Avudangawa	GND	244	3	1	0	0	0	0
LK-2206015	Gedigaswalana	Gedigaswalana	GND	241	10	0	0	0	0	3
LK-2206020	Pidurangala	Pidurangala	GND	187	0	0	1	0	0	0
LK-2206025	Thalkote	Thalkote	GND	376	8	0	1	0	0	0
LK-2206030	Digampathaha	Digampathaha	GND	380	1	0	0	0	0	0
LK-2206035	Inamaluwa	Inamaluwa	GND	470	7	0	0	0	0	0
LK-2206040	Nagalawewa	Nagalawewa	GND	270	12	0	0	0	0	0
LK-2206045	Pothana	Pothana	GND	253	5	0	0	0	0	0
LK-2206050	Kimbissa	Kimbissa	GND	257	5	0	0	0	0	1
LK-2206055	Egodawewa	Egodawewa	GND	246	3	0	1	0	1	2
LK-2206060	Palutawa	Palutawa	GND	217	2	0	0	0	0	0
LK-2206065	Sigiriya	Sigiriya	GND	203	2	0	1	0	0	0
LK-2206070	Mailattawa	Mailattawa	GND	519	10	0	0	0	0	2
LK-2206075	Pol Attawa	Pol Attawa	GND	208	3	0	0	0	0	0
LK-2206080	Nikawatawana	Nikawatawana	GND	765	16	0	0	0	0	1
LK-2206085	Kumbukkandanwala	Kumbukkandanwala	GND	298	1	0	0	0	0	0
LK-2206090	Bellanneoya	Bellanneoya	GND	400	5	0	0	0	0	0
LK-2206095	Rathmalkatuwa	Rathmalkatuwa	GND	443	1	0	0	0	0	0
LK-2206100	Welihena	Welihena	GND	530	1	0	0	0	0	0
LK-2206105	Etawarahena	Etawarahena	GND	350	2	0	1	0	0	0
LK-2206110	Pallegama	Pallegama	GND	373	5	0	0	0	0	0
LK-2206115	Bulagala	Bulagala	GND	455	6	0	0	0	0	0
LK-2206120	Pelvehera	Pelvehera	GND	612	0	0	0	0	0	0
LK-2206125	nan	Kandalama	GND	643	7	0	0	0	0	1
LK-2206130	Pahala Erevula	Pahala Erevula	GND	212	0	0	1	0	0	0
LK-2206135	Ihala Ereula	Ihala Ereula	GND	288	4	0	1	0	0	0
LK-2206140	Welangolla	Welangolla	GND	285	14	0	0	0	0	0
LK-2206145	Wewala Wewa	Wewala Wewa	GND	567	13	1	5	0	0	1
LK-2206150	Yakkuragala North	Yakkuragala North	GND	357	5	0	0	0	0	0
LK-2206155	Vilhatha	Vilhatha	GND	190	3	0	0	0	0	0
LK-2206160	Athuparayaya	Athuparayaya	GND	677	11	0	1	0	0	0
LK-2206165	Pahala Wewa	Pahala Wewa	GND	438	3	0	0	0	0	0
LK-2206170	Dambulla Town	Dambulla Town	GND	1104	13	0	0	0	1	1
LK-2206175	Dambulugama	Dambulugama	GND	304	58	2	0	0	0	0
LK-2206180	Haluapullana Wewa	Haluapullana Wewa	GND	503	3	0	0	0	0	1
LK-2206185	Pohoranwewa	Pohoranwewa	GND	744	4	0	0	0	0	2
LK-2206190	Yapagama	Yapagama	GND	567	3	0	0	0	0	0
LK-2206195	Rathmalgaha Ela	Rathmalgaha Ela	GND	866	15	0	1	0	0	5
LK-2206200	Yakkuragala South	Yakkuragala south	GND	326	0	0	0	0	0	1
LK-2206205	Kalundewa Aluthgama	Kalundewa Aluthgama	GND	272	8	0	0	0	0	0
LK-2206210	Angunawel Pelessa	Angunawel pelessa	GND	165	1	0	4	0	0	0
LK-2206215	Kalogaha Ela	Kalogaha Ela	GND	506	5	0	0	0	0	0
LK-2206220	Thittawelgolla	Thittawelgolla	GND	250	6	0	0	0	0	2
LK-2206225	Moragollewa	Moragollewa	GND	459	3	0	1	0	0	1
LK-2206230	Kapuwatta	Kapuwatta	GND	429	4	2	0	0	0	1
LK-2206235	Kiralagolla	Kiralagolla	GND	334	0	1	1	0	0	0
LK-2206240	Wavulambe	Wavulambe	GND	269	5	1	0	0	0	0
LK-2206245	Embulambe	Embulambe	GND	270	2	0	2	0	0	0
LK-2206250	Puwak Attawala	Puwak Attawala	GND	273	4	1	1	0	0	0
LK-2206255	Kalundewa Paranagama	Kalundewa Paranagama	GND	240	1	0	0	0	0	0
LK-2206260	Walgamwewa	Walgamwewa	GND	552	19	1	0	0	0	0
LK-2206265	Kandalama	Kiralessa	GND	173	0	0	0	0	0	1
LK-2206270	Pannampitiya	Pannampitiya	GND	422	18	0	0	0	0	0
LK-2206275	Welamitiyawa	Welamitiyawa	GND	135	1	0	0	0	1	0
LK-2206280	Etha Bendiwewa	Athabandiwewa	GND	460	16	0	1	0	0	0
LK-2206285	Lenadora North	Lenadora North	GND	277	1	0	0	0	0	0
LK-2206290	Lenadora South	Lenadora South	GND	357	10	0	1	0	0	0
LK-2206295	Nayakumbura	Nayakumbura	GND	310	15	0	2	0	0	0
LK-2209	Naula	Naula	DSD	8811	146	2	9	0	3	8
LK-2209005	Ussattawa	Ussattawa	GND	72	0	0	0	0	0	0
LK-2209010	Nikula	Nikula	GND	174	1	0	0	0	0	0
LK-2209015	Serudandapola	Serudandapola	GND	209	5	1	0	0	0	0
LK-2209020	Haduwa	Haduwa	GND	151	1	0	0	0	0	2
LK-2209025	Bambaragahawatta	Bambaragahawatta	GND	112	0	0	0	0	0	0
LK-2209030	Dambagolla	Dambagolla	GND	66	1	0	0	0	0	0
LK-2209035	Helambagahawatta	Helambagahawatta	GND	105	7	0	0	0	0	0
LK-2209040	Pubbiliya	Pubbiliya	GND	137	3	0	0	0	0	0
LK-2209045	Thalagoda	Thalagoda	GND	12	0	0	0	0	0	0
LK-2209050	Maragamuwa	Maragamuwa	GND	153	3	0	0	0	2	0
LK-2209055	Haduwela	Haduwela	GND	123	7	0	0	0	0	0
LK-2209060	Dodamattawela	Dodamattawela	GND	163	5	0	0	0	0	0
LK-2209065	Karavilahena	Karavilahena	GND	302	1	0	0	0	0	0
LK-2209070	Bobella	Bobella	GND	166	4	0	0	0	0	0
LK-2209075	Bibila	Bibila	GND	251	6	0	0	0	0	0
LK-2209080	Murutholuwa	Murutholuwa	GND	145	1	0	0	0	0	0
LK-2209085	Mailpitiya	Mailpitiya	GND	255	1	0	0	0	0	1
LK-2209090	Wewattawa	Wewattawa	GND	119	0	0	0	0	0	0
LK-2209095	Penalaboda	Penalaboda	GND	256	6	0	1	0	0	0
LK-2209100	Naula	Naula	GND	677	4	1	0	0	0	0
LK-2209105	Meegaha Ela	Meegaha Ela	GND	195	3	0	0	0	0	0
LK-2209110	Bowathenna Watta	Bowathenna Watta	GND	177	8	0	0	0	0	0
LK-2209115	Koombiyangahaela	Koombiyangahaela	GND	187	4	0	0	0	0	0
LK-2209120	Millagahamula Thenna	Millagahamula Thenna	GND	87	6	0	0	0	0	0
LK-2209145	Kongahawela	Kongahawela	GND	79	0	0	0	0	0	0
LK-2209150	Rajawela	Rajawela	GND	264	10	0	1	0	0	0
LK-2209155	Ganimayaya	Gan Imayaya	GND	176	4	0	0	0	0	0
LK-2209160	Moragahamada	Moragahamada	GND	133	2	0	0	0	0	0
LK-2209165	Pilihudugolla Pahalagama	Pilihudugolla Pahalagama	GND	119	1	0	1	0	0	0
LK-2209170	Pilihudugolla Ihalagama	Pilihudugolla Ihalagama	GND	307	5	0	0	0	0	3
LK-2209175	Arangala	Arangala	GND	513	5	0	0	0	0	0
LK-2209180	Habaragahamada	Habaragahamada	GND	332	1	0	0	0	1	0
LK-2209185	Elhena	Elhena	GND	123	0	0	0	0	0	0
LK-2209190	Diyankaduwa	Diyankaduwa	GND	74	0	0	0	0	0	0
LK-2209195	Alugolla	Alugolla	GND	173	5	0	0	0	0	0
LK-2209200	Nalanda	Nalanda	GND	288	0	0	0	0	0	0
LK-2209205	Wambatuyaya	Wambatuyaya	GND	131	0	0	0	0	0	0
LK-2209210	Meegolla	Meegolla	GND	202	3	0	0	0	0	0
LK-2209215	Ududeniya	Ududeniya	GND	274	1	0	0	0	0	0
LK-2209220	Hapugasyaya	Hapugasyaya	GND	299	11	0	0	0	0	2
LK-2209225	Lihinipitiya	Lihinipitiya	GND	191	4	0	0	0	0	0
LK-2209230	Senagama	Senagama	GND	226	1	0	1	0	0	0
LK-2209235	Andawala	Andawala	GND	271	2	0	1	0	0	0
LK-2209240	Opalgala	Opalgala	GND	171	4	0	1	0	0	0
LK-2209245	Ambana	Ambana	GND	70	6	0	1	0	0	0
LK-2209250	Moragolla	Moragolla	GND	66	4	0	0	0	0	0
LK-2209255	Galboda	Galboda	GND	35	0	0	2	0	0	0
LK-2212	Pallepola	Pallepola	DSD	9048	130	6	8	0	0	9
LK-2212005	Janakagama	Janakagama	GND	179	0	0	0	0	0	1
LK-2212010	Nilannoruwa Colony	Nilannoruwa Colony	GND	256	11	0	0	0	0	0
LK-2212015	Aluthgama	Aluthgama	GND	318	6	0	0	0	0	0
LK-2212020	Demada Oya	Demada Oya	GND	278	3	0	0	0	0	0
LK-2212025	Mananwatta	Mananwatta	GND	207	9	0	0	0	0	0
LK-2212030	Nilannoruwa	Nilannoruwa	GND	256	5	0	0	0	0	0
LK-2212035	Thalakiriyawa	Thalakiriyawa	GND	324	5	0	0	0	0	0
LK-2212040	Kirioruwa	Kirioruwa	GND	256	3	0	0	0	0	0
LK-2212045	Kosgolla	Kosgolla	GND	160	2	0	0	0	0	0
LK-2212050	Nagahapola	Nagahapola	GND	166	2	0	0	0	0	0
LK-2212055	Bomeruwa	Bomeruwa	GND	139	4	0	0	0	0	0
LK-2212060	Kobbevehera	Kobbevehera	GND	176	1	0	0	0	0	0
LK-2212065	Millawana Pahalagama	Millawana Pahalagama	GND	218	10	0	0	0	0	1
LK-2212070	Millawana Medagama	Millawana Medagama	GND	170	1	0	0	0	0	1
LK-2212075	Kandewatta	Kandewatta	GND	152	2	0	0	0	0	0
LK-2212080	Mahayayawatta	Mahayayawatta	GND	152	0	0	0	0	0	0
LK-2212085	Medalanda	Medalanda	GND	179	0	0	0	0	0	0
LK-2212090	Walmoruwa	Walmoruwa	GND	243	8	0	3	0	0	0
LK-2212095	Moragaspitiya	Moragaspitiya	GND	147	0	0	0	0	0	0
LK-2212100	Akuramboda	Akuramboda	GND	205	1	2	0	0	0	0
LK-2212105	Dewarammulla	Dewarammulla	GND	131	3	0	1	0	0	1
LK-2212110	Millawana Ihalagama	Millawana Ihalagama	GND	204	5	0	0	0	0	0
LK-2212115	Ambokka	Ambokka	GND	272	2	0	0	0	0	0
LK-2212120	Maningamuwa West	Maningamuwa West	GND	183	11	0	1	0	0	0
LK-2212125	Maningamuwa East	Maningamuwa East	GND	219	1	0	0	0	0	3
LK-2212130	Koswatta	Koswatta	GND	147	0	0	0	0	0	0
LK-2212135	Ekamuthugama	Ekamuthugama	GND	213	5	0	0	0	0	0
LK-2212140	Ambokudena	Ambokudena	GND	234	0	0	0	0	0	0
LK-2212145	Koholanwala	Koholanwala	GND	347	3	0	0	0	0	0
LK-2212150	Udurampelessa	Udurampelessa	GND	196	2	0	0	0	0	0
LK-2212155	Ehelepola	Ehelepola	GND	203	2	0	1	0	0	0
LK-2212160	Pallepola North	Pallepola North	GND	192	7	0	0	0	0	0
LK-2212165	Monaravila	Monaravila	GND	108	0	0	0	0	0	0
LK-2212170	Galahitiyagama	Galahitiyagama	GND	159	1	0	0	0	0	0
LK-2212175	Rusigama Ihalagama	Rusigama Ihalagama	GND	159	1	0	1	0	0	0
LK-2212180	Rusigama Pahalagama	Rusigama Pahalagama	GND	198	1	0	0	0	0	1
LK-2212185	Pallepola South	Pallepola South	GND	286	3	0	0	0	0	0
LK-2212190	Kinigama	Kinigama	GND	199	1	0	0	0	0	0
LK-2212195	Paldeniya	Paldeniya	GND	264	2	0	0	0	0	1
LK-2212200	Dodamgasyaya	Dodamgasyaya	GND	150	1	0	0	0	0	0
LK-2212205	Ariyagama	Ariyagama	GND	155	5	3	0	0	0	0
LK-2212210	Polwatta	Polwatta	GND	117	0	0	0	0	0	0
LK-2212215	Thembilideniya North	Thembilideniya North	GND	180	0	1	1	0	0	0
LK-2212220	Dimbulgamuwa	Dimbulgamuwa	GND	351	1	0	0	0	0	0
LK-2215	Yatawatta	Yatawatta	DSD	8963	69	1	4	0	0	13
LK-2215005	Udagama West	Udagama West	GND	209	0	0	0	0	0	0
LK-2215010	Selagama	Selagama	GND	182	4	0	0	0	0	0
LK-2215015	Selagama East	Selagama East	GND	217	3	0	0	0	0	1
LK-2215020	Thembilideniya	Thembilideniya	GND	132	0	0	0	0	0	0
LK-2215025	Mathale North	Matale North	GND	473	2	0	0	0	0	0
LK-2215030	Kavudupelella	Kavudupelella	GND	409	6	0	0	0	0	0
LK-2215035	Mahawela	Mahawela	GND	107	1	0	1	0	0	0
LK-2215040	Mahawela West	Mahawela West	GND	109	1	0	0	0	0	0
LK-2215045	Delgolla	Delgolla	GND	147	1	0	1	0	0	0
LK-2215050	Galagama	Galagama	GND	249	1	0	0	0	0	0
LK-2215055	Nagolla	Nagolla	GND	116	1	0	0	0	0	0
LK-2215060	Udagama	Udagama	GND	72	0	0	0	0	0	0
LK-2215065	Urulewatta	Urulewatta	GND	98	1	0	0	0	0	0
LK-2215070	Yatawatta	Yatawatta	GND	210	2	0	1	0	0	0
LK-2215075	Mediyapola	Mediyapola	GND	291	1	0	0	0	0	0
LK-2215080	Nikagolla	Nikagolla	GND	127	0	0	0	0	0	0
LK-2215085	Nikagolla North	Nikagolla North	GND	184	1	0	0	0	0	0
LK-2215090	Dikkumbura West	Dikkumbura West	GND	133	0	0	0	0	0	0
LK-2215095	Rathalawewa	Rathalawewa	GND	247	0	0	0	0	0	0
LK-2215100	Dikkumbura	Dikkumbura	GND	142	0	0	0	0	0	0
LK-2215105	Wattegedara	Wattegedara	GND	133	1	0	0	0	0	3
LK-2215110	Galaliyadda	Galaliyadda	GND	182	0	0	0	0	0	0
LK-2215115	Muruthawatta	Muruthawatta	GND	172	3	0	0	0	0	0
LK-2215120	Deevilla North	Deevilla North	GND	330	1	1	0	0	0	2
LK-2215125	Deevilla	Deevilla	GND	135	0	0	0	0	0	0
LK-2215130	Dangan Place	Dangan Place	GND	453	2	0	0	0	0	0
LK-2215135	Alokagama	Alokagama	GND	165	4	0	0	0	0	0
LK-2215140	Walpola	Walpola	GND	150	2	0	0	0	0	0
LK-2215145	Maligathenna	Maligathenna	GND	144	8	0	0	0	0	0
LK-2215150	nan	Aluthwatta	GND	59	2	0	0	0	0	0
LK-2215155	Ambanpola	Ambanpola	GND	160	1	0	0	0	0	0
LK-2215160	Lakshahena	Lakshahena	GND	139	3	0	0	0	0	0
LK-2215165	Deevilla South	Deevilla South	GND	127	0	0	0	0	0	2
LK-2215170	Gammulla	Gammulla	GND	144	0	0	0	0	0	0
LK-2215175	Mottuwela	Mottuwela	GND	140	2	0	0	0	0	1
LK-2215180	Idangama	Idangama	GND	181	1	0	0	0	0	0
LK-2215185	Udasgiriya	Udasgiriya	GND	101	0	0	0	0	0	1
LK-2215190	Ethipallawala	Ethipallawala	GND	148	3	0	0	0	0	0
LK-2215195	Aluthgama North	Aluthgama North	GND	130	0	0	0	0	0	0
LK-2215200	Aluthgama	Aluthgama	GND	127	0	0	0	0	0	0
LK-2215205	Pamunuwa	Pamunuwa	GND	84	1	0	0	0	0	0
LK-2215210	Walawela	Walawela	GND	115	1	0	0	0	0	0
LK-2215215	Unaweruwa	Unaweruwa	GND	170	1	0	0	0	0	0
LK-2215220	Madadeniya	Madadeniya	GND	148	1	0	0	0	0	0
LK-2215225	Mathalapitiya	Mathalapitiya	GND	120	0	0	1	0	0	0
LK-2215230	Mathalapitiya South	Mathalapitiya South	GND	108	1	0	0	0	0	0
LK-2215235	Rathninda	Rathninda	GND	95	0	0	0	0	0	0
LK-2215240	Asgiri Dorakumbura	Asgiri Dorakumbura	GND	60	0	0	0	0	0	0
LK-2215245	Asgiri Dorakumbura East	Asgiri Dorakumbura East	GND	96	1	0	0	0	0	0
LK-2215250	Polwatta	Polwatta	GND	96	0	0	0	0	0	0
LK-2215255	Dullewa	Dullewa	GND	108	0	0	0	0	0	3
LK-2215260	Dullewa East	Dullewa East	GND	137	3	0	0	0	0	0
LK-2215265	Thalgahagoda	Thalgahagoda	GND	110	0	0	0	0	0	0
LK-2215270	Daluwela	Daluwela	GND	124	1	0	0	0	0	0
LK-2215275	Ethipola	Ethipola	GND	117	0	0	0	0	0	0
LK-2215280	Ethipola West	Ethipola West	GND	101	1	0	0	0	0	0
LK-2218	Matale	Matale	DSD	21968	172	23	20	1	4	41
LK-2218005	Narangamuwa	Narangamuwa	GND	264	1	0	0	0	0	0
LK-2218010	Madawala Ulpatha	Madawala Ulpatha	GND	502	2	0	6	0	0	0
LK-2218015	Thalagasyaya	Thalagasyaya	GND	449	14	0	0	0	0	0
LK-2218020	Madawala	Madawala	GND	327	1	0	0	0	0	0
LK-2218025	Rajjammana	Rajjammana	GND	425	8	0	0	0	0	0
LK-2218030	Moragahamada	Moragahamada	GND	154	2	0	0	0	0	0
LK-2218035	Hathamunagala	Hathamunagala	GND	243	6	0	0	0	0	0
LK-2218040	Ankanda	Ankanda	GND	201	1	0	0	0	0	3
LK-2218045	Puwakpitiya	Puwakpitiya	GND	315	4	0	0	1	0	0
LK-2218050	Walliwela	Walliwela	GND	369	2	0	0	0	0	1
LK-2218055	Galwadukumbura	Galwadukumbura	GND	113	0	0	0	0	0	0
LK-2218060	Dombawela	Dombawela	GND	278	1	0	0	0	0	2
LK-2218065	Kawatayamuna	Kawatayamuna	GND	219	3	0	0	0	0	0
LK-2218070	Eriyagolla	Eriyagolla	GND	261	2	0	0	0	0	0
LK-2218075	Imbulandanda	Imbulandanda	GND	346	3	0	0	0	0	1
LK-2218080	Golahenwatta	Golahenwatta	GND	200	0	0	0	0	0	0
LK-2218085	Parana Dombawela	Parana Dombawela	GND	286	4	0	0	0	0	0
LK-2218090	Ellepola	Ellepola	GND	135	5	0	0	0	0	1
LK-2218095	Palapathwala	Palapathwala	GND	824	7	0	0	0	0	1
LK-2218100	Kottagoda	Kottagoda	GND	260	2	1	0	0	0	0
LK-2218105	Owala Polwatta	Owala Polwatta	GND	314	7	0	0	0	0	2
LK-2218110	Makulgaharuppa	Makulgaharuppa	GND	290	0	0	1	0	0	0
LK-2218115	Udugama	Udugama	GND	228	0	0	0	0	0	0
LK-2218120	nan	Kirigalpotta	GND	608	11	0	0	0	0	0
LK-2218125	Dunkalawatta	Dunkalawatta	GND	489	2	0	0	0	0	0
LK-2218130	Dorakumbura	Dorakumbura	GND	584	3	1	1	0	0	0
LK-2218135	Biridewala	Biridewala	GND	269	9	0	1	0	1	0
LK-2218140	Aluvihare	Aluvihare	GND	1422	9	3	0	0	1	1
LK-2218145	Dikkiriya	Dikkiriya	GND	250	0	0	0	0	0	0
LK-2218150	Parawatta	Parawatta	GND	934	17	0	1	0	0	4
LK-2218155	Kaludewala	Kaludewala	GND	1060	9	1	0	0	0	2
LK-2218160	Mandandawela	Mandandawela	GND	543	2	1	0	0	0	1
LK-2218165	Bogahakotuwa	Bogahakotuwa	GND	463	0	0	0	0	0	0
LK-2218170	Harasgama	Harasgama	GND	266	3	0	0	0	0	0
LK-2218175	Kandegedara	Kandegedara	GND	260	5	0	1	0	0	1
LK-2218180	Malwatta	Malwatta	GND	535	1	0	0	0	0	4
LK-2218185	Vihara Road	Vihara Road	GND	472	0	2	0	0	0	1
LK-2218190	Muslim Town	Muslim Town	GND	1079	9	0	2	0	0	1
LK-2218195	Oya Pahala	Oya Pahala	GND	440	0	0	2	0	0	0
LK-2218200	Gongawela	Gongawela	GND	683	8	1	0	0	0	4
LK-2218205	Sinhala Town	Sinhala Town	GND	351	1	6	1	0	1	4
LK-2218210	Dodamdeniya	Dodamdeniya	GND	208	1	1	0	0	0	0
LK-2218215	Hulangamuwa South	Hulangamuwa south	GND	362	1	1	0	0	0	0
LK-2218220	Hulangamuwa North	Hulangamuwa North	GND	460	0	0	0	0	1	3
LK-2218225	Diyabubula	Diyabubula	GND	375	0	0	2	0	0	0
LK-2218230	Maligathenna	Maligathenna	GND	882	1	1	0	0	0	1
LK-2218235	Nagolla	Nagolla	GND	420	0	0	0	0	0	0
LK-2218240	Pandivita	Pandivita	GND	238	2	0	0	0	0	0
LK-2218245	Pandivita Welagama	Pandivita Welagama	GND	295	2	1	1	0	0	0
LK-2218250	Kotuwegedara North	Kotuwegedara North	GND	328	0	3	1	0	0	0
LK-2218255	Koombiyangoda	Koombiyangoda	GND	235	1	0	0	0	0	3
LK-2218260	Kotuwegedara South	Kotuwegedara South	GND	454	0	0	0	0	0	0
LK-2221	Ambanganga	Ambanganga Korale	DSD	4597	114	2	14	0	0	5
LK-2221005	Kumbaloluwa	Kumbaloluwa	GND	227	7	0	0	0	0	0
LK-2221010	Gammaduwa	Gammaduwa	GND	422	13	1	2	0	0	0
LK-2221015	Kalugalthenna	Kalugalthenna	GND	155	7	0	1	0	0	0
LK-2221020	Naguliyadda	Naguliyadda	GND	283	6	0	0	0	0	0
LK-2221025	Kosgolla	Kosgolla	GND	172	5	0	1	0	0	0
LK-2221030	Imbulgolla	Imbulgolla	GND	173	2	0	6	0	0	0
LK-2221035	Ranmuthugama	Ranmuthugama	GND	228	7	0	1	0	0	0
LK-2221040	Raithalawa	Raithalawa	GND	74	4	0	0	0	0	0
LK-2221045	Thibbatukanatha	Thibbatukanatha	GND	160	17	0	0	0	0	0
LK-2221050	Palle Eswedduma	Palle Eswedduma	GND	159	0	0	0	0	0	0
LK-2221055	Pallethenna	Pallethenna	GND	250	4	0	0	0	0	0
LK-2221060	Pussella	Pussella	GND	423	11	0	0	0	0	0
LK-2221065	Sirangahawatta	Sirangahawatta	GND	306	10	1	0	0	0	1
LK-2221070	Kavudagammana	Kavudagammana	GND	129	0	0	0	0	0	0
LK-2221075	Narangolla	Narangolla	GND	172	3	0	0	0	0	1
LK-2221080	Hunukete	Hunukete	GND	362	6	0	0	0	0	0
LK-2221085	Metihakka	Metihakka	GND	355	8	0	1	0	0	1
LK-2221090	nan	Aluthwela	GND	183	3	0	2	0	0	0
LK-2221095	Cloda	Cloda	GND	177	1	0	0	0	0	2
LK-2221100	Gurubebila	Gurubebila	GND	187	0	0	0	0	0	0
LK-2224	Laggala	Laggala-Pallegama	DSD	4915	144	4	17	0	1	12
LK-2224005	Maoya	Maoya	GND	713	22	0	2	0	0	0
LK-2224010	Kandepitawala	Kandepitawela	GND	294	9	0	0	0	0	0
LK-2224015	Dewaladeniya	Dewaladeniya	GND	476	15	1	0	0	0	0
LK-2224020	Kaluganga	Kaluganga	GND	243	4	2	0	0	1	0
LK-2224025	Akarahediya	Akarahediya	GND	965	23	1	3	0	0	1
LK-2224030	Hattota Amuna	Hattota Amuna	GND	140	11	0	0	0	0	0
LK-2224035	Dasgiriya	Dasgiriya	GND	187	4	0	0	0	0	0
LK-2224040	Morathenna	Morathenna	GND	269	11	0	0	0	0	0
LK-2224045	Wellewala	Wellewala	GND	203	4	0	0	0	0	5
LK-2224050	Weliwaranagolla	Weliwaranagolla	GND	132	5	0	0	0	0	0
LK-2224055	Leloya	Leloya	GND	161	10	0	0	0	0	1
LK-2224060	Pottatawela	Pottatawela	GND	25	0	0	0	0	0	0
LK-2224065	Dammanthenna	Dammanthenna	GND	22	0	0	1	0	0	0
LK-2224070	Gangalapuwakpitiya	Gangalapuwakpitiya	GND	90	2	0	0	0	0	0
LK-2224075	Divulgas Pathana	Divulgas Pathana	GND	0	3	0	0	0	0	0
LK-2224080	Pitawala	Pitawala	GND	51	2	0	2	0	0	0
LK-2224085	Kahagala	Kahagala	GND	36	0	0	2	0	0	0
LK-2224090	Ilukkumbura	Ilukkumbura	GND	41	1	0	4	0	0	0
LK-2224095	Mahalakotuwa	Mahalakotuwa	GND	39	0	0	0	0	0	3
LK-2224130	Galgedawala	Galgedawala	GND	42	1	0	0	0	0	0
LK-2224135	Guruwela	Guruwela	GND	137	1	0	0	0	0	0
LK-2224140	Kivulawadiya	Kivulawadiya	GND	102	1	0	0	0	0	2
LK-2224145	Halminiya	Halminiya	GND	88	1	0	1	0	0	0
LK-2224160	Meda Ela	Meda Ela	GND	41	0	0	0	0	0	0
LK-2224165	Rathninda	Rathninda	GND	49	2	0	0	0	0	0
LK-2224170	Etanwala	Etanwala	GND	42	0	0	0	0	0	0
LK-2224175	Ranamuregama	Ranamuregama	GND	129	2	0	2	0	0	0
LK-2224180	Narangamuwa	Narangamuwa	GND	103	8	0	0	0	0	0
LK-2224185	Lakegala	Lakegala	GND	95	2	0	0	0	0	0
LK-2227	Wilgamuwa	Wilgamuwa	DSD	9755	283	0	4	0	0	1
LK-2227005	Kumbukoya	Kumbukoya	GND	70	2	0	0	0	0	0
LK-2227010	Thunhiriyawewa	Thunhiriyawewa	GND	247	1	0	0	0	0	1
LK-2227015	Palupitiya	Palupitiya	GND	193	3	0	0	0	0	0
LK-2227020	Rattotayaya	Rattotayaya	GND	190	10	0	0	0	0	0
LK-2227025	Dunuvilapitiya	Dunuvilapitiya	GND	149	6	0	0	0	0	0
LK-2227030	Medakanda	Medakanda	GND	110	0	0	0	0	0	0
LK-2227035	Aliwanguwa	Aliwanguwa	GND	252	6	0	0	0	0	0
LK-2227040	Viharagama	Viharagama	GND	250	4	0	0	0	0	0
LK-2227045	Handungamuwa	Handungamuwa	GND	215	5	0	0	0	0	0
LK-2227050	Topwalapitiya	Topwalapitiya	GND	124	2	0	0	0	0	0
LK-2227055	Gemburuoya	Gemburuoya	GND	223	0	0	0	0	0	0
LK-2227060	Kumbukandana	Kumbukandana	GND	276	26	0	0	0	0	0
LK-2227065	Lediyangala	Lediyangala	GND	323	25	0	0	0	0	0
LK-2227070	Karawgahawewa	Karawgahawewa	GND	259	4	0	0	0	0	0
LK-2227075	Radunnewewa	Radunnewewa	GND	238	9	0	0	0	0	0
LK-2227080	Maraka	Maraka	GND	213	9	0	0	0	0	0
LK-2227085	Malgammana	Malgammana	GND	239	2	0	0	0	0	0
LK-2227090	Bogahawewa	Bogahawewa	GND	321	0	0	0	0	0	0
LK-2227095	Aliyawala	Aliyawala	GND	85	4	0	1	0	0	0
LK-2227100	Veheragala	Veheragala	GND	283	19	0	0	0	0	0
LK-2227105	Himbiliyakada	Himbiliyakada	GND	95	7	0	0	0	0	0
LK-2227110	Hettipola	Hettipola	GND	634	10	0	3	0	0	0
LK-2227115	Naminioya	Naminioya	GND	324	17	0	0	0	0	0
LK-2227120	Dewagiriya	Dewagiriya	GND	366	6	0	0	0	0	0
LK-2227125	Piduruella	Piduruella	GND	116	5	0	0	0	0	0
LK-2227130	Guruwelayaya	Guruwelayaya	GND	209	1	0	0	0	0	0
LK-2227135	Naminigama	Naminigama	GND	416	21	0	0	0	0	0
LK-2227140	Perakanatta	Perakanatta	GND	276	2	0	0	0	0	0
LK-2227145	Wilgamuwa	Wilgamuwa	GND	111	3	0	0	0	0	0
LK-2227150	Wanarawa	Wanarawa	GND	311	7	0	0	0	0	0
LK-2227155	Bathgampala	Bathgampala	GND	509	1	0	0	0	0	0
LK-2227160	Nagolla	Nagolla	GND	297	12	0	0	0	0	0
LK-2227165	Moragaha Ulpatha	Moragaha Ulpatha	GND	178	5	0	0	0	0	0
LK-2227170	Nugagolla	Nugagolla	GND	432	9	0	0	0	0	0
LK-2227175	Meewaobe	Meewaobe	GND	323	15	0	0	0	0	0
LK-2227180	80 Yaya	80 Yaya	GND	332	3	0	0	0	0	0
LK-2227185	Sonutta	Sonutta	GND	267	3	0	0	0	0	0
LK-2227190	Uduwelwala	Uduwelwala	GND	233	12	0	0	0	0	0
LK-2227195	Sulugune	Sulugune	GND	66	7	0	0	0	0	0
LK-2230	Rattota	Rattota	DSD	15723	242	2	9	0	2	16
LK-2230005	Ikirigolla	Ikirigolla	GND	267	4	0	0	0	0	0
LK-2230010	Pahala Owala	Pahala Owala	GND	270	7	0	0	0	0	0
LK-2230015	Ihala Owala	Ihala Owala	GND	368	6	0	0	0	0	0
LK-2230020	Kaikawala	Kaikawala	GND	445	2	0	0	0	0	1
LK-2230025	Nikawella	Nikawella	GND	343	5	0	0	0	0	0
LK-2230030	Kuruwawa	Kuruwawa	GND	407	2	0	0	0	0	0
LK-2230035	Rattota	Rattota	GND	438	6	0	0	0	0	0
LK-2230040	Bodhikotuwa	Bodhikotuwa	GND	208	0	0	0	0	0	0
LK-2230045	Dankanda	Dankanda	GND	220	8	0	1	0	0	1
LK-2230050	Kirimetiya	Kirimetiya	GND	187	2	0	0	0	0	0
LK-2230055	Polwattakanda	Polwattakanda	GND	218	0	0	0	0	0	0
LK-2230060	Dambagolla	Dambagolla	GND	298	10	0	0	0	0	0
LK-2230065	Medawatta	Medawatta	GND	215	0	0	0	0	1	0
LK-2230070	Weralugasthenna	Weralugasthenna	GND	247	5	0	0	0	0	0
LK-2230075	Madakumbura	Madakumbura	GND	265	7	0	0	0	0	0
LK-2230080	Maussagolla	Maussagolla	GND	134	4	0	0	0	0	0
LK-2230085	Wanaraniya	Wanaraniya	GND	268	8	0	0	0	0	0
LK-2230090	Lonvil	Lonvil	GND	529	4	0	0	0	0	2
LK-2230095	Maradurawala	Maradurawala	GND	274	4	0	0	0	0	0
LK-2230100	Pallegama	Pallegama	GND	407	0	0	0	0	0	0
LK-2230105	Koswana North	Koswana North	GND	243	3	0	0	0	0	3
LK-2230110	Palle Weragama	Palle Weragama	GND	275	2	0	0	0	0	0
LK-2230115	Viharagama	Viharagama	GND	987	15	0	2	0	0	1
LK-2230120	Kaineka	Kaineka	GND	400	4	0	0	0	0	0
LK-2230125	Uda Weragama	Uda Weragama	GND	249	2	0	0	0	0	0
LK-2230130	Meda Weragama	Meda Weragama	GND	173	1	0	0	0	0	0
LK-2230135	Koswana South	Koswana South	GND	166	3	0	0	0	0	0
LK-2230140	Bogambara	Bogambara	GND	260	13	0	0	0	0	3
LK-2230145	Galekoluwa	Galekoluwa	GND	432	18	0	0	0	0	0
LK-2230150	Welangahawatta	Welangahawatta	GND	220	4	0	0	0	0	0
LK-2230155	Horagolla	Horagolla	GND	166	3	0	0	0	0	0
LK-2230160	Bambarakiriella	Bambarakiriella	GND	253	4	0	0	0	1	0
LK-2230165	Alakolamada	Alakolamada	GND	188	4	0	0	0	0	0
LK-2230170	Udagama	Udagama	GND	227	14	0	0	0	0	0
LK-2230175	Pitakanda	Pitakanda	GND	160	4	0	0	0	0	0
LK-2230180	Gansarapola	Gansarapola	GND	161	0	1	0	0	0	0
LK-2230185	Epitamulla	Epitamulla	GND	229	3	0	0	0	0	0
LK-2230190	Wetasyaya	Wetasyaya	GND	226	1	0	0	0	0	0
LK-2230195	Godapola	Godapala	GND	283	1	0	0	0	0	0
LK-2230200	Ulpothapitiya	Ulpothapitiya	GND	544	3	1	1	0	0	1
LK-2230205	Bandarapola	Bandarapola	GND	312	5	0	0	0	0	0
LK-2230210	Muwandeniya	Muwandeniya	GND	266	3	0	1	0	0	0
LK-2230215	Palleyaya	Palleyaya	GND	139	1	0	0	0	0	0
LK-2230220	Neluwakanda	Neluwakanda	GND	236	2	0	1	0	0	0
LK-2230225	Punchiseluwakanda	Punchiseluwakanda	GND	391	9	0	0	0	0	0
LK-2230230	Thambalagala	Thambalagala	GND	299	3	0	0	0	0	0
LK-2230235	Kandenuwara West	Kandenuwara West	GND	292	8	0	0	0	0	0
LK-2230240	Kandenuwara East	Kandenuwara East	GND	395	8	0	1	0	0	2
LK-2230245	Alwatta	Alwatta	GND	386	5	0	0	0	0	1
LK-2230250	Warapitiya	Warapitiya	GND	140	1	0	1	0	0	0
LK-2230255	Dombagoda	Dombagoda	GND	159	0	0	0	0	0	0
LK-2230260	Pahala Hapuvida	Pahala Hapuvida	GND	278	2	0	1	0	0	1
LK-2230265	Uda Hapuvida	Uda Hapuvida	GND	203	1	0	0	0	0	0
LK-2230270	Hangarankanda	Hangarankanda	GND	377	8	0	0	0	0	0
LK-2233	Ukuwela	Ukuwela	DSD	19812	193	2	7	0	2	31
LK-2233005	Galaudahena	Galaudahena	GND	120	0	0	0	0	0	0
LK-2233010	Makulemada	Makulemada	GND	61	1	0	0	0	0	0
LK-2233015	Pathingolla	Pathingolla	GND	185	1	0	1	0	0	1
LK-2233020	Wademada	Wademada	GND	105	2	0	0	0	0	0
LK-2233025	Wattegedara	Wattegedara	GND	56	0	0	0	0	0	1
LK-2233030	Watagoda	Watagoda	GND	103	1	0	0	0	0	0
LK-2233035	Pallekumbura	Pallekumbura	GND	103	1	0	0	0	0	0
LK-2233040	Katuattamada	Katuattamada	GND	138	0	0	0	0	0	0
LK-2233045	Panwatta	Panwatta	GND	115	1	0	0	0	0	0
LK-2233050	Alawathuwala	Alawathuwala	GND	114	1	1	0	0	0	0
LK-2233055	Horagahapitiya	Horagahapitiya	GND	161	1	0	0	0	1	0
LK-2233060	Ovilikanda	Ovilikanda	GND	198	3	0	0	0	1	0
LK-2233065	Kirimetiyawa	Kirimetiyawa	GND	63	2	0	0	0	0	0
LK-2233070	Thenna	Thenna	GND	200	0	0	0	0	0	0
LK-2233075	Muwagala	Muwagala	GND	126	2	0	0	0	0	0
LK-2233080	Ovilla	Ovilla	GND	155	0	0	1	0	0	0
LK-2233085	Enasalmada	Enasalmada	GND	222	2	0	0	0	0	0
LK-2233090	Thibbatuwawa	Thibbatuwawa	GND	155	4	0	0	0	0	0
LK-2233095	Dombagasdeniya	Dombagasdeniya	GND	258	6	0	0	0	0	0
LK-2233100	Kendagolla	Kendagolla	GND	315	0	0	0	0	0	0
LK-2233105	Kohombiliwela	Kohombiliwela	GND	418	5	0	0	0	0	0
LK-2233110	Wariyapola Watta	Wariyapola Watta	GND	575	1	0	0	0	0	0
LK-2233115	Wariyapola	Wariyapola	GND	456	5	0	0	0	0	0
LK-2233120	Pananthadiya	Pananthadiya	GND	151	1	0	0	0	0	0
LK-2233125	Nawarathnagoda	Nawarathnagoda	GND	163	2	0	0	0	0	0
LK-2233130	Eriyagolla	Eriyagolla	GND	143	1	0	0	0	0	5
LK-2233135	Katudeniya	Katudeniya	GND	284	0	0	0	0	0	0
LK-2233140	Elwala	Elwala	GND	496	6	0	3	0	0	2
LK-2233145	Pahalawela	Pahalawela	GND	442	3	0	0	0	0	0
LK-2233150	Dehipitiya	Dehipitiya	GND	625	2	1	0	0	0	0
LK-2233155	Purijjala	Purijjala	GND	265	1	0	0	0	0	0
LK-2233160	Udupihilla	Udupihilla	GND	337	0	0	0	0	0	0
LK-2233165	Halangoda	Halangoda	GND	268	17	0	0	0	0	1
LK-2233170	Nagahathenna	Nagahathenna	GND	458	2	0	1	0	0	0
LK-2233175	Warakamura	Warakamura	GND	363	1	0	0	0	0	0
LK-2233180	Meedeniya	Meedeniya	GND	680	3	0	0	0	0	1
LK-2233185	Nagolla	Nagolla	GND	573	6	0	0	0	0	2
LK-2233190	Thawalankoya	Thawalankoya	GND	473	4	0	0	0	0	0
LK-2233195	Dumbukola	Dumbukola	GND	399	0	0	0	0	0	0
LK-2233200	Ukuwela	Ukuwela	GND	736	1	0	0	0	0	1
LK-2233205	Udupitiya	Udupitiya	GND	284	1	0	0	0	0	0
LK-2233210	Kalalpitiya	Kalalpitiya	GND	332	5	0	0	0	0	3
LK-2233215	Balakaduwa	Balakaduwa	GND	164	3	0	0	0	0	2
LK-2233220	Bowatta	Bowatta	GND	244	4	0	0	0	0	0
LK-2233225	Manaboda	Manaboda	GND	563	1	0	0	0	0	0
LK-2233230	Paragahawela	Paragahawela	GND	536	0	0	0	0	0	0
LK-2233235	Udathenna	Udathenna	GND	219	1	0	0	0	0	0
LK-2233240	Hunuketawala	Hunuketawala	GND	221	2	0	1	0	0	0
LK-2233245	Leliambe	Leliambe	GND	158	6	0	0	0	0	1
LK-2233250	Elkaduwa Watta	Elkaduwa Watta	GND	377	5	0	0	0	0	0
LK-2233255	Elkaduwa	Elkaduwa	GND	269	1	0	0	0	0	0
LK-2233260	Udangamuwa	Udangamuwa	GND	129	1	0	0	0	0	0
LK-2233265	Kendagollamada	Kendagollamada	GND	118	0	0	0	0	0	0
LK-2233270	Wehigala	Wehigala	GND	187	4	0	0	0	0	0
LK-2233275	Rathwatta	Rathwatta	GND	158	2	0	0	0	0	0
LK-2233280	Weligala	Weligala	GND	116	2	0	0	0	0	0
LK-2233285	Kureewela	Kureewela	GND	540	7	0	0	0	0	1
LK-2233290	Maberiya	Maberiya	GND	284	0	0	0	0	0	0
LK-2233295	Marukona	Marukona	GND	628	3	0	0	0	0	1
LK-2233300	Gurulawela South	Gurulawela South	GND	179	4	0	0	0	0	0
LK-2233305	Guralawela North	Gurulawela North	GND	183	2	0	0	0	0	0
LK-2233310	Nugapitiya	Nugapitiya	GND	258	3	0	0	0	0	0
LK-2233315	Kandemada	Kandemada	GND	124	0	0	0	0	0	0
LK-2233320	Ulpathapitiya	Ulpathapitiya	GND	277	13	0	0	0	0	0
LK-2233325	Raithalawela	Raithalawela	GND	351	1	0	0	0	0	1
LK-2233330	Kaduwela	Kaduwela	GND	353	6	0	0	0	0	1
LK-2233335	Pujagoda	Pujagoda	GND	191	5	0	0	0	0	0
LK-2233340	Pahala Wehigala	Pahala Wehigala	GND	173	1	0	0	0	0	1
LK-2233345	Talingamada	Talingamada	GND	153	4	0	0	0	0	0
LK-2233350	Hunnasgiriyawatta	Hunnasgiriyawatta	GND	390	8	0	0	0	0	6
LK-2233355	Karagahahinna	Karagahahinna	GND	122	2	0	0	0	0	0
LK-2233360	Imbulpitiya	Imbulpitiya	GND	147	4	0	0	0	0	0
LK-2233365	Rangama	Rangama	GND	126	3	0	0	0	0	0
LK-23	Nuwara Eliya	Nuwara Eliya	DISTRICT	196060	3524	56	134	15	72	400
LK-2302	Kothmale West	Kothmale West	DSD	11443	168	0	2	0	1	18
LK-2302005	Doruwadeniya	Doruwadeniya	GND	136	1	0	0	0	0	0
LK-2302010	Polwathura	Polwathura	GND	183	1	0	0	0	0	0
LK-2302015	Pahala Gorakaoya	Pahala Gorakaoya	GND	476	8	0	0	0	0	0
LK-2302020	Dambagalla	Dambagolla	GND	244	0	0	0	0	0	0
LK-2302025	Nayapana	Nayapana	GND	334	9	0	1	0	0	0
LK-2302030	Kadadora	Kadadora	GND	304	3	0	0	0	0	0
LK-2302035	Kotagepitiya North	Kotagepitiya North	GND	137	4	0	0	0	0	2
LK-2302115	Kotagepitiya South	Kotagepitiya South	GND	66	4	0	0	0	0	0
LK-2302120	Ranwanthalawa	Ranwanthalawa	GND	96	3	0	0	0	0	0
LK-2302125	Thispane Kanda	Thispane Kanda	GND	150	2	0	0	0	0	1
LK-2302130	Harangala	Harangala	GND	263	1	0	0	0	0	0
LK-2302135	Hapugasthalawa	Hapugasthalawa	GND	458	1	0	0	0	0	0
LK-2302140	Kaludemada	Kaludemada	GND	511	0	0	0	0	0	0
LK-2302145	Ihala Gorakaoya	Ihala Gorakaoya	GND	333	9	0	0	0	0	0
LK-2302150	Mallanda	Mallanda	GND	577	1	0	0	0	0	2
LK-2302155	Ruwanpura	Ruwanpura	GND	511	15	0	0	0	0	1
LK-2302160	Werella Pathana	Werella Pathana	GND	103	1	0	0	0	0	0
LK-2302165	Halgolla	Halgolla	GND	363	0	0	0	0	0	0
LK-2302170	Harangala South	Harangala South	GND	226	2	0	0	0	0	0
LK-2302175	Kirimetiyawa	Kirimetiyawa	GND	166	1	0	0	0	0	1
LK-2302180	Hunugaloya	Hunugaloya	GND	299	9	0	1	0	0	0
LK-2302185	Godamaditta	Godamaditta	GND	259	0	0	0	0	0	0
LK-2302190	Wataddara	Wataddara	GND	86	4	0	0	0	0	0
LK-2302200	Nawangama	Nawangama	GND	24	0	0	0	0	0	0
LK-2302210	Wethalawa	Wethalawa	GND	105	5	0	0	0	0	0
LK-2302260	Hedunuwewa	Hedunuwewa	GND	93	1	0	0	0	0	0
LK-2302265	Kalapitiya East	Kalapitiya East	GND	191	2	0	0	0	0	0
LK-2302270	Kottunugoda	Kottunugoda	GND	110	0	0	0	0	0	0
LK-2302275	Kalapitiya West	Kalapitiya West	GND	111	0	0	0	0	0	0
LK-2302280	Weerasekarapura	Weerasekarapura	GND	158	1	0	0	0	0	0
LK-2302285	Rojersangama South	Rojersangama South	GND	160	4	0	0	0	0	0
LK-2302290	Rojersangama North	Rojersangama North	GND	143	0	0	0	0	0	0
LK-2302295	Dombagasthalawa	Dombagasthalawa	GND	311	13	0	0	0	0	0
LK-2302300	Katugolla	Katugolla	GND	192	2	0	0	0	0	0
LK-2302305	Thelissagala	Thelissagala	GND	422	1	0	0	0	0	2
LK-2302310	Ketabulawa	Ketabulawa	GND	836	29	0	0	0	1	5
LK-2302315	Wijayabahu Kanda	Wijayabahu Kanda	GND	94	2	0	0	0	0	0
LK-2302320	Rawanagoda West	Rawanagoda West	GND	106	0	0	0	0	0	0
LK-2302325	Udagama	Udagama	GND	149	2	0	0	0	0	0
LK-2302330	Rawanagoda East	Rawanagoda East	GND	69	0	0	0	0	0	0
LK-2302335	Methagama	Methagama	GND	163	3	0	0	0	0	0
LK-2302340	Maldeniya	Maldeniya	GND	136	0	0	0	0	0	0
LK-2302345	Katarandana	Katarandana	GND	176	2	0	0	0	0	0
LK-2302445	Beramana	Beramana	GND	148	2	0	0	0	0	0
LK-2302450	Beramana North	Beramana North	GND	137	0	0	0	0	0	0
LK-2302455	Kolapathana	Kolapathana	GND	388	8	0	0	0	0	2
LK-2302460	Queensberry	Queensberry	GND	477	8	0	0	0	0	1
LK-2302465	Beramana South	Beramana South	GND	98	0	0	0	0	0	0
LK-2302470	Weerapura	Weerapura	GND	165	4	0	0	0	0	1
LK-2303	Kothmale East	Kothmale East	DSD	17125	309	6	14	0	2	17
LK-2303040	Nawa Morape	Nawa Morape	GND	304	0	0	0	0	0	0
LK-2303045	Nawa Kadadora	Nawa Kadadora	GND	374	12	0	0	0	0	0
LK-2303050	Deltagemunupura	Deltagemunupura	GND	440	2	0	0	0	0	0
LK-2303055	Hellboda	Hellboda	GND	848	23	0	0	0	1	3
LK-2303060	Karagasthalawa	Karagasthalawa	GND	406	6	0	0	0	0	0
LK-2303065	Frotoft	Frotoft	GND	766	24	0	12	0	1	1
LK-2303070	Ramboda	Ramboda	GND	529	16	0	0	0	0	1
LK-2303075	Sangilipalama	Sangilipalama	GND	468	1	0	0	0	0	0
LK-2303080	Panangammana	Panangammana	GND	285	1	0	0	0	0	0
LK-2303085	Katukithula	Katukithula	GND	279	2	0	0	0	0	1
LK-2303090	Helsirigama	Helsirigama	GND	248	5	0	0	0	0	2
LK-2303095	Kothmalgama	Kothmalgama	GND	313	0	0	0	0	0	1
LK-2303100	Rajaela	Raja Ela	GND	331	3	0	0	0	0	1
LK-2303105	Mawela East	Mawela East	GND	134	0	0	0	0	0	0
LK-2303110	Mawela West	Mawela West	GND	216	3	0	0	0	0	0
LK-2303195	Maswela	Maswela	GND	86	1	0	0	0	0	0
LK-2303205	Mawela Kanda	Mawela Kanda	GND	104	0	0	0	0	0	0
LK-2303215	Gomburuoya	Gomburuoya	GND	190	3	0	0	0	0	0
LK-2303220	Wewahinna	Wewahinna	GND	131	1	0	0	0	0	0
LK-2303225	Delunthalamada	Delunthalamada	GND	128	2	0	0	0	0	0
LK-2303230	Ambathalawa	Ambathalawa	GND	334	1	0	0	0	0	0
LK-2303235	Malhewa	Malhewa	GND	227	0	0	0	0	0	0
LK-2303240	Rambodagama	Rambodagama	GND	178	0	0	0	0	0	0
LK-2303245	Wedamulla	Wedamulla	GND	614	27	1	0	0	0	4
LK-2303250	Palagolla	Palagolla	GND	762	33	1	0	0	0	0
LK-2303255	Niyamgamdora	Niyamgamdora	GND	309	3	0	0	0	0	0
LK-2303350	Kirindiwela	Kirindiwela	GND	243	0	0	0	0	0	0
LK-2303355	Kumbaloluwa	Kumbaloluwa	GND	159	2	1	0	0	0	0
LK-2303360	Medakanda	Medakanda	GND	169	2	0	0	0	0	0
LK-2303365	Egodawela	Egodawela	GND	82	1	0	0	0	0	0
LK-2303370	Pundaluoya North	Pundaluoya North	GND	396	3	0	0	0	0	1
LK-2303375	Labukele	Labukele	GND	795	4	1	1	0	0	1
LK-2303380	Kudaoya	Kudaoya	GND	263	0	0	0	0	0	0
LK-2303385	Samaneliya	Samaneliya	GND	157	1	1	0	0	0	0
LK-2303390	Kikiliyamana	Kikiliyamana	GND	189	1	0	0	0	0	0
LK-2303395	Dunsinane	Dunsinane	GND	1004	20	0	1	0	0	0
LK-2303400	Sheen	Sheen	GND	764	29	0	0	0	0	0
LK-2303405	Sheengama	Sheengama	GND	363	6	0	0	0	0	0
LK-2303410	Pundaluoya South	Pundaluoya South	GND	857	14	1	0	0	0	0
LK-2303415	Kadadorapitiya	Kadadorapitiya	GND	119	1	0	0	0	0	0
LK-2303420	Kosgaha Pathana	Kosgaha Pathana	GND	612	8	0	0	0	0	0
LK-2303425	Karagahayatathenna	Karagahayatathenna	GND	136	4	0	0	0	0	0
LK-2303430	Bogahawela	Bogahawela	GND	115	0	0	0	0	0	0
LK-2303435	Halpola	Halpola	GND	184	3	0	0	0	0	0
LK-2303440	Madakumbura	Madakumbura	GND	229	4	0	0	0	0	0
LK-2303475	Dunukedeniya	Dunukedeniya	GND	435	17	0	0	0	0	1
LK-2303480	Medakumbura North	Medakumbura North	GND	850	20	0	0	0	0	0
LK-2306	Hanguranketa	Hanguranketha	DSD	16609	270	0	24	0	3	44
LK-2306005	Hingurukaduwa	Hingurukaduwa	GND	130	1	0	1	0	0	2
LK-2306010	Ambewela	Ambewela	GND	189	13	0	0	0	0	1
LK-2306015	Welikada	Welikada	GND	270	8	0	0	0	0	1
LK-2306020	Idamalanda	Idamalanda	GND	311	1	0	1	0	0	0
LK-2306025	Adikarigama	Adikarigama	GND	442	3	0	1	0	0	0
LK-2306030	Karalliyadda	Karalliyadda	GND	204	3	0	0	0	0	0
LK-2306035	Bogahalanda	Bogahalanda	GND	205	7	0	4	0	0	0
LK-2306040	Hakuruthale	Hakuruthale	GND	55	2	0	0	0	0	0
LK-2306045	Maliyadda	Maliyadda	GND	98	1	0	0	0	0	1
LK-2306050	Mirahampe	Mirahampe	GND	49	1	0	0	0	0	0
LK-2306055	Pussalamankada	Pussalamankada	GND	248	5	0	0	0	0	0
LK-2306060	Yati Hanguranketha	Yati Hanguranketha	GND	249	0	0	0	0	0	0
LK-2306065	Delgahapitiya	Delgahapitiya	GND	199	1	0	0	0	0	0
LK-2306070	Sangaraja Gama	Sangaraja Gama	GND	314	8	0	0	0	0	1
LK-2306075	Mudunapita	Mudunapita	GND	108	3	0	0	0	0	0
LK-2306080	Ganga Udagama	Ganga Udagama	GND	171	4	0	2	0	0	0
LK-2306085	Malulla	Malulla	GND	147	4	0	0	0	0	0
LK-2306090	Udawatta East	Udawatta East	GND	193	5	0	0	0	0	0
LK-2306095	Hilpenkandura	Hilpenkandura	GND	119	0	0	0	0	0	1
LK-2306100	Galauda North	Galauda North	GND	215	5	0	1	0	0	0
LK-2306105	Endiribedda	Endiribedda	GND	112	5	0	0	0	0	2
LK-2306115	Galauda South	Galauda South	GND	148	2	0	1	0	0	0
LK-2306120	Udakanda	Udakanda	GND	159	8	0	1	0	0	0
LK-2306125	Udawatta West	Udawatta West	GND	183	1	0	1	0	0	0
LK-2306130	Udawatta Kumbura	Udawatta Kumbura	GND	269	4	0	1	0	0	1
LK-2306135	Pallemaluwa	Pallemaluwa	GND	127	0	0	0	0	0	0
LK-2306140	Hanguranketha	Hanguranketha	GND	232	1	0	0	0	0	2
LK-2306145	Damunumeya North	Damunumeya North	GND	166	0	0	0	0	0	0
LK-2306150	Arattana	Arattana	GND	226	1	0	0	0	0	1
LK-2306155	Ambaliyadda	Ambaliyadda	GND	218	3	0	0	0	0	0
LK-2306160	Dampola	Dampola	GND	222	0	0	0	0	0	1
LK-2306165	Rekitipe	Rekitipe	GND	299	1	0	1	0	0	2
LK-2306170	Hapuwala	Hapuwala	GND	256	2	0	0	0	0	0
LK-2306175	Dolugala	Dolugala	GND	208	1	0	0	0	0	1
LK-2306180	Deliwala	Deliwala	GND	180	4	0	0	0	0	0
LK-2306185	Madanwala	Madanwala	GND	162	3	0	0	0	1	0
LK-2306190	Damunumeya	Damunumeya	GND	152	0	0	0	0	0	1
LK-2306195	Kottala	Kottala	GND	233	2	0	0	0	0	1
LK-2306200	Diya - Udagama	Diya - Udagama	GND	252	6	0	0	0	0	1
LK-2306205	Uda Galauda	Uda Galauda	GND	217	4	0	0	0	0	0
LK-2306225	Dodamkumbura	Dodamkumbura	GND	476	6	0	1	0	0	1
LK-2306230	Walalawela	Walalawela	GND	147	1	0	0	0	0	0
LK-2306235	Rathmetiya	Rathmetiya	GND	234	3	0	2	0	0	0
LK-2306240	Hapugasdeniya	Hapugasdeniya	GND	171	5	0	0	0	0	0
LK-2306245	Diggalpotta	Diggalpotta	GND	214	6	0	0	0	0	3
LK-2306250	Unanthenna	Unanthenna	GND	140	1	0	0	0	0	0
LK-2306255	Kosgaha Debala	kosgaha Debala	GND	200	0	0	0	0	0	6
LK-2306260	Warapitiya	Warapitiya	GND	82	1	0	0	0	0	0
LK-2306265	Medagama	Medagama	GND	159	1	0	0	0	0	0
LK-2306270	Bowala	Bowala	GND	180	0	0	1	0	0	1
LK-2306275	Kithulpe	Kithulpe	GND	167	7	0	0	0	0	1
LK-2306280	Makempe	Makempe	GND	100	0	0	0	0	0	1
LK-2306285	Puranagama	Puranagama	GND	72	2	0	0	0	0	0
LK-2306290	Ekiriya	Ekiriya	GND	140	2	0	0	0	0	0
LK-2306295	Poramadulla	Poramadulla	GND	664	5	0	2	0	1	1
LK-2306300	Labuhena	Labuhena	GND	292	1	0	0	0	0	1
LK-2306320	Rikillagaskada	Rikillagaskada	GND	565	2	0	0	0	1	2
LK-2306345	Dimbulkumbura	Dimbulkumbura	GND	201	1	0	0	0	0	0
LK-2306375	Bulugahapitiya	Bulugahapitiya	GND	122	0	0	0	0	0	0
LK-2306380	Wegama	Wegama	GND	101	2	0	0	0	0	0
LK-2306385	Agappala	Agappala	GND	143	0	0	0	0	0	0
LK-2306390	Bambaragama	Bambaragama	GND	96	1	0	1	0	0	0
LK-2306395	Bambaragama East	Bambaragama East	GND	132	2	0	1	0	0	0
LK-2306400	Bambaragama West	Bambaragama West	GND	138	4	0	0	0	0	1
LK-2306405	Malanwatta	Malanwatta	GND	112	0	0	0	0	0	0
LK-2306410	Gannewa Udagama	Gannewa Udagama	GND	118	0	0	0	0	0	1
LK-2306415	Gedereiyawa	Gedereiyawa	GND	49	1	0	0	0	0	0
LK-2306420	Daraoya	Daraoya	GND	136	3	0	0	0	0	0
LK-2306425	Kirimetiya	Kirimetiya	GND	142	1	0	0	0	0	0
LK-2306430	Hope	Hope	GND	856	43	0	1	0	0	4
LK-2306435	Wetesthenna	Wetesthenna	GND	98	1	0	0	0	0	0
LK-2306440	Handawalapitiya	Handawalapitiya	GND	186	1	0	0	0	0	0
LK-2306445	Karamidula	Karamidula	GND	129	0	0	0	0	0	0
LK-2306450	Madumana	Madumana	GND	227	3	0	0	0	0	0
LK-2306455	Rahathungoda	Rahathungoda	GND	311	5	0	0	0	0	1
LK-2306460	Enasal Arawa	Enasal Arawa	GND	186	0	0	0	0	0	0
LK-2306465	Kawatayamana	Kawatayamana	GND	122	16	0	0	0	0	0
LK-2306515	Rookwood Estate	Rookwood Estate	GND	450	14	0	0	0	0	0
LK-2306520	Muloya	Muloya	GND	614	6	0	0	0	0	0
LK-2307	Mathurata	Mathurata	DSD	9531	196	2	17	0	3	19
LK-2307110	Happawara	Happawara	GND	151	7	0	3	0	0	1
LK-2307210	Illagolla	Illagolla	GND	172	5	0	0	0	0	1
LK-2307215	Rammalakandura	Rammalakandura	GND	122	0	0	0	0	0	0
LK-2307220	Moragolla	Moragolla	GND	240	2	0	1	0	0	0
LK-2307305	Udawela Pathana	Udawela Pathana	GND	116	0	0	0	0	0	0
LK-2307310	Welampagoda	Welampagoda	GND	206	2	0	0	0	0	0
LK-2307315	Denike	Denike	GND	217	0	0	1	0	0	0
LK-2307325	Alawattegama	Alawattegama	GND	212	1	0	0	0	0	0
LK-2307330	Uda Makuruppa	Uda Makuruppa	GND	266	1	0	0	0	0	1
LK-2307335	Palle Makuruppa	Palle Makuruppa	GND	106	1	0	0	0	0	0
LK-2307340	Bogamuwa	Bogamuwa	GND	233	1	0	0	0	0	0
LK-2307350	Bodhiwela	Bodhiwela	GND	145	0	0	1	0	0	3
LK-2307355	Pallewela	Pallewela	GND	135	2	0	0	0	0	1
LK-2307360	Kaluattanagolla	Kaluattanagolla	GND	194	4	0	0	0	0	0
LK-2307365	Wadawala	Wadawala	GND	166	0	0	0	0	0	0
LK-2307370	Udalumada	Udalumada	GND	228	1	0	0	0	0	0
LK-2307470	Ehelamalpe	Ehelamalpe	GND	168	1	0	0	0	1	5
LK-2307475	Rathukurusa Janapadaya	Rathukurusa Janapadaya	GND	206	2	0	0	0	0	0
LK-2307480	Wilwala	Wilwala	GND	217	1	0	2	0	0	1
LK-2307485	Dehipe	Dehipe	GND	207	2	0	0	0	0	0
LK-2307490	Deniyagama	Deniyagama	GND	181	0	0	0	0	0	0
LK-2307495	Bodhimalkada	Bodhimalkada	GND	249	1	0	0	0	0	0
LK-2307500	Welapahala	Welapahala	GND	190	4	0	0	0	0	0
LK-2307505	Uda Padiyapelella	Uda Padiyapelella	GND	155	2	0	0	0	0	0
LK-2307510	Okandagala	Okandagala	GND	14	0	0	0	0	0	0
LK-2307525	Rathyaya	Rathyaya	GND	45	6	1	0	0	0	0
LK-2307530	Godigamuwa	Godigamuwa	GND	427	15	0	3	0	0	3
LK-2307535	Manakola	Manakola	GND	129	2	0	0	0	0	0
LK-2307540	Marthuwela	Marthuwela	GND	231	10	0	1	0	1	1
LK-2307545	Idampitiya	Idampitiya	GND	138	1	0	0	0	0	0
LK-2307550	Mathurata	Mathurata	GND	191	1	0	0	0	0	0
LK-2307555	Udagama	Udagama	GND	65	0	0	0	0	0	0
LK-2307560	Merrygoll	Merrygold	GND	105	1	0	0	0	0	0
LK-2307565	Ketayapathana	Ketayapathana	GND	60	1	0	0	0	0	0
LK-2307570	Gonakele	Gonakele	GND	191	11	0	0	0	0	0
LK-2307575	Gonapitiya	Gonapitiya	GND	801	21	0	1	0	1	0
LK-2307580	Bomellagoda	Bomellagoda	GND	56	5	0	0	0	0	0
LK-2307585	Dunukebedda	Dunukebedda	GND	102	4	0	0	0	0	0
LK-2307590	Wellagiriya	Wellagiriya	GND	121	3	0	0	0	0	0
LK-2307595	Ampitigoda	Ampitigoda	GND	168	2	0	0	0	0	0
LK-2307600	Wewathenna	Wewathenna	GND	76	2	0	1	0	0	0
LK-2307605	Metibembiya	Metibembiya	GND	134	1	0	0	0	0	0
LK-2307610	Goodwood	Goodwood	GND	163	2	1	1	0	0	0
LK-2307615	Hunukotuwa	Hunukotuwa	GND	205	0	0	0	0	0	0
LK-2307620	Medawela	Medawela	GND	142	5	0	0	0	0	0
LK-2307625	Labuhenwala	Labuhenwala	GND	120	1	0	1	0	0	0
LK-2307630	Ketahira	Ketahira	GND	133	6	0	0	0	0	0
LK-2307635	Deegalahinna	Deegalahinna	GND	346	19	0	0	0	0	0
LK-2307640	Elamulla	Elamulla	GND	272	17	0	0	0	0	1
LK-2307645	Udawela	Udawela	GND	239	12	0	1	0	0	0
LK-2307650	Mandaram Nuwara	Mandaram Nuwara	GND	162	6	0	0	0	0	0
LK-2307655	Malsara Nuwara	Malsara Nuwara	GND	213	2	0	0	0	0	1
LK-2309	Walapane	Walapane	DSD	17788	373	4	24	0	2	50
LK-2309005	Serasunthenna	Serasunthenna	GND	164	6	0	0	0	0	0
LK-2309065	Ketakandura	Ketakandura	GND	106	0	0	0	0	0	0
LK-2309070	Batagolla	Batagolla	GND	49	0	0	0	0	0	0
LK-2309075	Thennehenwala	Thennehenwala	GND	158	4	0	0	0	0	0
LK-2309080	Deliwela South	Deliwela South	GND	117	2	0	0	0	0	0
LK-2309085	Deliwala North	Deliwela North	GND	129	1	0	0	0	0	0
LK-2309090	Pannala	Pannala	GND	195	7	0	0	0	0	0
LK-2309095	Serupitiya	Serupitiya	GND	258	5	0	1	0	0	0
LK-2309100	Mailagasthenna	Mailagasthenna	GND	130	4	0	0	0	0	0
LK-2309105	Andawala	Andawala	GND	70	3	0	0	0	0	0
LK-2309110	Naranthalawa	Naranthalawa	GND	56	1	1	0	0	0	0
LK-2309115	Ihala Pannala	Ihala Pannala	GND	94	1	0	0	0	0	0
LK-2309120	Wewakele	Wewakele	GND	94	2	0	0	0	0	0
LK-2309125	Kumbalgamuwa	Kumbalgamuwa	GND	244	3	0	0	0	0	0
LK-2309130	Kumbalgamuwa East	Kumbalgamuwa East	GND	168	3	0	0	0	0	1
LK-2309135	Mulhalkele	Mulhalkele	GND	291	3	0	0	0	0	0
LK-2309140	Manelwala	Manelwala	GND	212	3	0	0	0	0	1
LK-2309145	Wathumulla	Wathumulla	GND	232	2	0	0	0	0	0
LK-2309150	Kendagolla	Kendagolla	GND	36	0	0	0	0	0	1
LK-2309255	Egodakanda	Egodakanda	GND	290	2	0	0	0	0	5
LK-2309260	Kandegama	Kandegama	GND	279	1	0	1	0	0	3
LK-2309265	Walapane	Walapane	GND	292	5	0	0	0	0	3
LK-2309270	Kurunduoya	Kurunduoya	GND	623	13	0	0	0	0	0
LK-2309275	Liyanwela Ihalagama	Liyanwela Ihalagama	GND	180	4	1	0	0	0	1
LK-2309280	Madumana	Madumana	GND	205	5	0	1	0	0	3
LK-2309285	Ilukpelessa	Ilukpelessa	GND	138	4	0	1	0	0	0
LK-2309290	Unagolla	Unagolla	GND	221	1	0	0	0	0	0
LK-2309295	Liyanwala Pahalagama	Liyanwela Pahalagama	GND	329	12	0	0	0	0	0
LK-2309300	Medakandura	Medakandura	GND	303	14	0	3	0	0	0
LK-2309305	Galabada	Galabada	GND	200	7	0	0	0	0	0
LK-2309310	Ambagaspitiya	Ambagaspitiya	GND	162	1	0	0	0	0	0
LK-2309315	Munwatta	Munwatta	GND	167	2	1	0	0	0	1
LK-2309320	Landupita	Landupita	GND	142	1	0	0	0	0	0
LK-2309325	Wetekegama	Wetekegama	GND	92	1	0	0	0	0	0
LK-2309330	Padiyapelella	Padiyapelella	GND	132	1	0	0	0	0	0
LK-2309335	Napatawela	Napatawela	GND	116	2	0	0	0	0	2
LK-2309340	Ukuthule	Ukuthule	GND	155	2	0	0	0	0	0
LK-2309345	Yatiwella	Yatiwella	GND	125	1	0	0	0	0	0
LK-2309350	Wetakepatha	Wetakepatha	GND	181	1	0	0	0	0	0
LK-2309355	Ukuthule East	Ukuthule East	GND	222	9	0	0	0	0	1
LK-2309360	Alakolawewa	Alakolawewa	GND	170	1	0	0	0	0	0
LK-2309365	High Forest	High Forest Estate	GND	597	40	0	0	0	0	0
LK-2309370	Mahakudugala	Mahakudugala	GND	294	8	1	7	0	0	0
LK-2309375	Brookside	Brookside	GND	1341	26	0	1	0	0	2
LK-2309380	High Forest	High Forest	GND	410	9	0	2	0	0	0
LK-2309385	Binganthalawa	Binganthalawa	GND	677	10	0	0	0	1	1
LK-2309390	Maha Uva	Maha Uva	GND	731	25	0	1	0	0	8
LK-2309395	Werellapathana	Werellapathana	GND	284	4	0	0	0	0	0
LK-2309485	Morabedda	Morabedda	GND	128	5	0	0	0	1	1
LK-2309490	Harasbedda North	Harasbedda North	GND	324	4	0	0	0	0	2
LK-2309495	Mahapathana	Mahapathana	GND	128	4	0	0	0	0	0
LK-2309500	Harasbedda South	Harasbedda South	GND	115	5	0	0	0	0	0
LK-2309505	Palalpathana	Palalpathana	GND	216	7	0	1	0	0	0
LK-2309510	Rathnayakapura	Rathnayakapura	GND	909	27	0	0	0	0	1
LK-2309515	Ragala Watta	Ragala Watta	GND	968	19	0	2	0	0	5
LK-2309520	Manthreethenna	Manthreethenna	GND	435	4	0	0	0	0	0
LK-2309525	Pandithaya Kumbura	Pandithaya Kumbura	GND	230	2	0	0	0	0	0
LK-2309575	Senarathpura	Senarathpura	GND	755	16	0	3	0	0	1
LK-2309580	St. Leonard	St. Leonard	GND	693	11	0	0	0	0	0
LK-2309585	Ragala	Ragala	GND	528	5	0	0	0	0	2
LK-2309590	Ekangapura	Ekangapura	GND	261	0	0	0	0	0	0
LK-2309595	Samagipura	Samagipura	GND	237	2	0	0	0	0	5
LK-2310	Nildandahinna	Nildandahinna	DSD	12253	298	6	16	0	1	13
LK-2310010	Morangathenna	Morangathenna	GND	93	4	0	1	0	0	0
LK-2310015	Hegasulla	Hegasulla	GND	122	5	0	0	0	0	0
LK-2310020	Bolagandawela	Bolagandawela	GND	73	5	0	5	0	0	0
LK-2310025	Ambagahathenna	Ambagahathenna	GND	212	4	0	1	0	0	0
LK-2310030	Helagama	Helagama	GND	152	4	0	1	0	0	0
LK-2310035	Mallagama	Mallagama	GND	171	2	0	0	0	0	0
LK-2310040	Dulana	Dulana	GND	91	7	0	0	0	0	3
LK-2310045	Galketiwela	Galketiwela	GND	132	0	0	0	0	0	0
LK-2310050	Ellakumbura	Ellakumbura	GND	222	3	0	1	0	0	1
LK-2310055	Muganagahapitiya	Muganagahapitiya	GND	137	3	0	0	0	0	2
LK-2310060	Hapugahapitiya	Hapugahapitiya	GND	68	4	0	0	0	0	0
LK-2310155	Arampitiya	Arampitiya	GND	188	8	0	0	0	0	0
LK-2310160	Yombuwelthenna	Yombuwelthenna	GND	116	3	0	0	0	0	0
LK-2310165	Udawela	Udawela	GND	171	1	0	0	0	0	0
LK-2310170	Kalaganwatta	Kalaganwatta	GND	187	17	0	2	0	0	0
LK-2310175	Theripehe	Theripehe	GND	103	8	0	0	0	0	0
LK-2310180	Udamadura North	Udamadura North	GND	151	6	0	0	0	0	0
LK-2310185	Galkadawela	Galkadawela	GND	117	7	0	0	0	0	0
LK-2310190	Yatimadura	Yatimadura	GND	191	18	1	0	0	0	0
LK-2310195	Kandeyaya	Kandeyaya	GND	312	7	2	0	0	0	2
LK-2310200	Madulla North	Madulla North	GND	247	6	0	0	0	0	0
LK-2310205	Thunhitiyawa	Thunhitiyawa	GND	180	5	0	0	0	0	0
LK-2310210	Wewathenna	Wewathenna	GND	160	3	0	0	0	0	0
LK-2310215	Kosgolla	Kosgolla	GND	206	0	0	0	0	0	0
LK-2310220	Udamadura	Udamadura	GND	146	6	0	0	0	0	0
LK-2310225	Ambanella	Ambanella	GND	143	9	0	0	0	0	0
LK-2310230	Dabbare	Dabbare	GND	179	7	0	1	0	0	0
LK-2310235	Nildandaheenna	Nildandaheenna	GND	549	4	0	0	0	0	0
LK-2310240	Rambuke	Rambuke	GND	90	1	0	0	0	0	0
LK-2310245	Watambe	Watambe	GND	130	1	0	0	0	0	0
LK-2310250	Thibbatugoda	Thibbatugoda	GND	87	0	0	0	0	0	1
LK-2310400	Thibbatugoda South	Thibbatugoda South	GND	124	2	0	0	0	0	1
LK-2310405	Goradiyagolla	Goradiyagolla	GND	161	3	0	0	0	0	0
LK-2310410	Denambure	Denambure	GND	102	1	0	0	0	0	0
LK-2310415	Purankumbura	Purankumbura	GND	123	3	0	0	0	0	0
LK-2310420	Hegama	Hegama	GND	93	1	0	1	0	0	0
LK-2310425	Dambagolla	Dambagolla	GND	117	1	0	0	0	0	0
LK-2310430	Demataarawa	Demataarawa	GND	124	4	0	0	0	0	0
LK-2310435	Madulla South	Madulla South	GND	231	3	0	1	0	0	1
LK-2310440	Morahela	Morahela	GND	295	8	1	0	0	0	0
LK-2310445	Meepanawa	Meepanawa	GND	142	5	0	0	0	0	0
LK-2310450	Roopaha East	Roopaha East	GND	49	1	0	0	0	0	0
LK-2310455	Pallewela	Pallewela	GND	134	1	0	0	0	0	0
LK-2310460	Palugama	Palugama	GND	179	4	0	0	0	0	0
LK-2310465	Kotambe	Kotambe	GND	163	6	0	0	0	0	0
LK-2310470	Karandagolla	Karandagolla	GND	187	2	0	1	0	0	0
LK-2310475	Udagama	Udagama	GND	114	4	0	0	0	0	0
LK-2310480	Kumbukwela	Kumbukwela	GND	74	4	0	0	0	0	0
LK-2310530	Roopaha	Roopaha	GND	111	3	1	0	0	0	0
LK-2310535	Mathetilla	Mathetilla	GND	174	1	0	0	0	0	0
LK-2310540	Embulampaha	Embulampaha	GND	106	0	0	0	0	0	0
LK-2310545	Maliyadda	Maliyadda	GND	179	5	0	0	0	0	0
LK-2310550	Kurupanawela	Kurupanawela	GND	217	7	0	0	0	0	0
LK-2310555	Wathulanda East	Wathulanda East	GND	98	2	0	0	0	0	0
LK-2310560	Wathulanda West	Wathulanda West	GND	116	3	0	0	0	0	0
LK-2310565	Ambaliyadda	Ambaliyadda	GND	131	7	0	0	0	0	0
LK-2310570	Galkadapathana	Galkadapathana	GND	344	5	0	0	0	0	0
LK-2310600	Delmar	Delmar	GND	917	18	1	1	0	0	0
LK-2310605	Sooriyagahapathana Ihala	Sooriyagahapathana Ihala	GND	142	6	0	0	0	0	0
LK-2310610	Sooriyagahapathana Pahala	Sooriyagahapathana Pahala	GND	301	3	0	0	0	0	0
LK-2310615	Udapussellawa South	Udapussellawa South	GND	611	9	0	0	0	0	2
LK-2310620	St. Magret	St. Magret	GND	883	13	0	0	0	0	0
LK-2310625	Udapussellawa North	Udapussellawa North	GND	385	5	0	0	0	1	0
LK-2312	Nuwara Eliya	Nuwara Eliya	DSD	22632	318	14	17	0	8	25
LK-2312030	Bangalahatha	Bangalahatha	GND	854	13	1	0	0	2	1
LK-2312035	Toppass	Toppass	GND	597	12	0	3	0	0	1
LK-2312040	Park	Park	GND	1112	18	0	0	0	2	1
LK-2312045	Concordia	Concordia	GND	926	20	5	0	0	1	1
LK-2312050	Kandapola	Kandapola	GND	369	1	0	0	0	0	1
LK-2312055	Kandapola Central	Kandapola Central	GND	740	5	0	0	0	0	2
LK-2312060	Hawaeliya East	Hawaeliya East	GND	636	1	1	0	0	0	0
LK-2312065	Bambarakele	Bambarakele	GND	733	7	1	0	0	0	1
LK-2312070	Nuwaraeliya West	Nuwara Eliya West	GND	368	7	0	0	0	0	0
LK-2312075	Shanthipura	Shanthipura	GND	386	4	0	0	0	0	0
LK-2312080	Kalapura	Kalapura	GND	911	10	0	0	0	0	0
LK-2312140	Rathnagiriya	Rathnagiriya	GND	678	9	0	1	0	0	0
LK-2312150	Summerset	Summerset	GND	887	12	0	0	0	0	2
LK-2312155	Nanuoya	Nanuoya	GND	907	25	0	0	0	0	0
LK-2312160	Windicorner	Windicorner	GND	503	1	0	0	0	0	0
LK-2312165	Nuwaraeliya	Nuwara Eliya	GND	203	5	0	0	0	0	0
LK-2312170	Nuwara Eliya Central	Nuwara Eliya Central	GND	976	5	1	0	0	0	3
LK-2312175	Hawaeliya North	Hawaeliya North	GND	558	2	0	1	0	0	5
LK-2312180	Hawaeliya West	Hawaeliya West	GND	521	7	0	0	0	0	0
LK-2312185	Bulu Ela	Bulu Ela	GND	459	3	0	1	0	0	1
LK-2312190	Galpalama	Galpalama	GND	313	2	0	0	0	0	0
LK-2312195	Jayalanka	Jayalanka	GND	387	8	0	0	0	0	0
LK-2312200	Kandapola East	Kandapola East	GND	305	3	0	1	0	0	0
LK-2312205	Pedro	Pedro	GND	1028	17	0	2	0	0	4
LK-2312210	Goredihela	Goredihela	GND	351	6	0	1	0	0	0
LK-2312215	Seethaeliya	Seethaeliya	GND	481	5	0	0	0	0	0
LK-2312220	Sandathenna	Sandathenna	GND	781	7	0	0	0	0	0
LK-2312225	Kelegala	Kelegala	GND	420	1	0	0	0	0	0
LK-2312230	Kalukele	Kalukele	GND	318	5	0	0	0	0	0
LK-2312235	Magasthota	Magasthota	GND	259	3	0	0	0	0	0
LK-2312240	Ruwaneliya	Ruwaneliya	GND	709	15	0	0	0	0	0
LK-2312245	Perakumpura	Perakumpura	GND	941	41	2	1	0	0	0
LK-2312250	Kirimetiya	Kirimetiya	GND	1017	23	0	0	0	2	2
LK-2312290	Magoda	Magoda	GND	372	3	0	0	0	0	0
LK-2312295	Mihindupura	Mihindupura	GND	369	5	0	1	0	0	0
LK-2312300	Meepilimana	Meepilimana	GND	560	2	0	1	0	0	0
LK-2312305	Ambewela	Ambewela	GND	161	0	0	0	0	0	0
LK-2312310	Pattipola	Pattipola	GND	536	5	3	4	0	1	0
LK-2313	Thalawakele	Thalawakelle	DSD	32926	617	6	10	7	26	93
LK-2313005	Bogahawatta	Bogahawatta	GND	1110	24	0	0	0	0	1
LK-2313010	Mount Vernon	Mount Vernon	GND	618	15	0	0	0	1	3
LK-2313015	Watagoda	Watagoda	GND	1196	39	0	0	4	3	3
LK-2313020	Hollyrood	Hollyrood	GND	962	7	0	0	0	0	0
LK-2313025	Great Western	Great Western	GND	762	18	0	0	0	1	1
LK-2313085	Bearwell	Barewell	GND	868	14	0	0	0	3	5
LK-2313090	Thalawakele	Thalawakele	GND	1098	6	0	0	0	0	2
LK-2313095	Devon	Devon	GND	814	47	0	0	0	2	4
LK-2313100	Dimbula	Dimbula	GND	1105	20	0	1	0	2	3
LK-2313105	Stonycliff	Stonycliff	GND	826	29	0	0	0	0	0
LK-2313110	Kuduoya	Kuduoya	GND	1398	23	0	0	0	2	6
LK-2313115	Kotagala	Kotagala	GND	1814	15	1	0	0	0	2
LK-2313120	Drayton	Drayton	GND	995	5	0	0	1	1	6
LK-2313125	Yulefield	Yulefield	GND	1001	16	0	0	0	1	1
LK-2313130	Coombewood	Coombewood	GND	1001	18	1	0	0	0	9
LK-2313135	Lindula	Lindula	GND	882	9	0	0	0	1	2
LK-2313145	Waltrim	Waltrim	GND	2042	26	0	0	0	2	3
LK-2313255	Nagasena	Nagasena	GND	1274	35	0	0	0	0	0
LK-2313260	Eildonhall	Eildonhall	GND	875	23	0	0	0	0	2
LK-2313265	Rahanwatta	Rahanwatta	GND	748	28	1	0	0	3	5
LK-2313270	Balmoral	Balmoral	GND	719	11	0	0	0	0	0
LK-2313275	Hallbrook	Hallbrook	GND	930	7	0	0	0	0	0
LK-2313280	Henfold	Henfold	GND	1098	13	0	2	0	1	3
LK-2313285	Thangakele	Thangakele	GND	637	13	1	0	0	0	0
LK-2313315	Lippakelle	Lippakelle	GND	768	7	0	0	2	0	0
LK-2313320	Dayagama West	Dayagama West	GND	781	11	0	0	0	0	5
LK-2313325	Sandrinham	Sandrinham	GND	808	12	0	0	0	0	0
LK-2313330	Glasgow	Glasgow	GND	1046	13	1	1	0	0	4
LK-2313335	Braemore	Braemore	GND	577	25	0	0	0	1	1
LK-2313340	Albion	Albian	GND	973	14	0	0	0	2	4
LK-2313345	Elbedda	Elbedda	GND	1023	25	1	0	0	0	1
LK-2313350	Agarapathana	Agarapathana	GND	489	35	0	5	0	0	0
LK-2313355	Weverly	Weverly	GND	754	6	0	1	0	0	15
LK-2313360	Dayagama East	Dayagama East	GND	934	8	0	0	0	0	2
LK-2314	Norwood	Norwood	DSD	43138	824	17	7	8	25	101
LK-2314165	Rosella	Rosella	GND	1031	14	0	0	0	0	1
LK-2314170	Welioya	Welioya	GND	1304	28	0	0	0	2	2
LK-2314175	Maussakele	Maussakele	GND	1333	20	0	0	0	0	1
LK-2314180	Lethant	Lethant	GND	1590	22	1	0	0	1	6
LK-2314185	Shanon	Shanon	GND	772	3	1	0	0	0	0
LK-2314190	Hatton East	Hatton East	GND	1289	18	0	0	1	0	0
LK-2314195	Hatton South	Hatton South	GND	936	0	0	0	0	0	0
LK-2314200	Panmur	Panmur	GND	467	7	0	0	0	0	2
LK-2314205	Ruwanpura	Ruwanpura	GND	667	17	1	0	0	0	1
LK-2314210	Hatton West	Hatton West	GND	566	3	0	0	0	0	0
LK-2314215	Hatton North	Hatton North	GND	2078	16	2	0	0	1	2
LK-2314220	Dickoya	Dickoya	GND	945	2	0	0	1	0	0
LK-2314225	Annfield	Annfield	GND	1801	43	1	1	0	3	2
LK-2314230	Dickoya South	Dickoya South	GND	1089	8	0	0	0	1	1
LK-2314235	Injuster	Injustry	GND	1345	38	1	0	0	2	2
LK-2314240	Wanarajah	Wanarajah	GND	1235	21	0	1	0	4	3
LK-2314245	Newvalleygama	New Weligama	GND	1028	21	0	0	0	1	3
LK-2314250	Norwood	Norwood	GND	1760	33	1	0	0	0	5
LK-2314255	Maskeliya	Maskeliya	GND	1157	4	0	0	0	0	2
LK-2314260	Brownlow	Brownlow	GND	1320	24	0	0	1	2	3
LK-2314265	Seethagangula	Seethagangula	GND	1188	23	0	0	0	1	2
LK-2314270	Moray	Moray	GND	966	16	0	0	0	0	12
LK-2314275	Mocha	Moca	GND	1096	34	0	0	0	0	17
LK-2314280	Brownswick	Brownswick	GND	1441	29	0	1	0	2	1
LK-2314285	Gawarawila	Gawarawila	GND	1407	26	0	0	0	1	4
LK-2314290	Mahanelu	Mahanelu	GND	607	42	0	0	2	0	0
LK-2314295	Venture	Venture	GND	1459	15	1	3	1	0	2
LK-2314300	Tillary	Tillary	GND	622	14	0	0	0	0	0
LK-2314305	Kirkoswald	Kirkoswald	GND	2448	42	2	0	1	1	5
LK-2314310	Bogawana	Bogawana	GND	1349	11	0	0	0	0	0
LK-2314315	Loinon	Loinon	GND	1756	47	0	0	0	0	4
LK-2314320	Kotiyagala	Kotiyagala	GND	803	23	0	0	0	0	0
LK-2314325	Bagawanthalawa South	Bagawanthalawa South	GND	1685	66	3	1	1	1	15
LK-2314330	Aulton Watta	Aulton Watta	GND	1298	58	3	0	0	2	3
LK-2314335	Strathspey	Strathspey	GND	1300	36	0	0	0	0	0
LK-2315	Ambagamuwa Korale	Ambagamuwa Koralaya	DSD	12615	151	1	3	0	1	20
LK-2315005	Kalugala	Kalugala	GND	259	5	0	0	0	0	2
LK-2315010	Pitawala	Pitawala	GND	334	1	0	0	0	0	0
LK-2315015	Bulathgama	Bulathgama	GND	531	5	0	0	0	0	1
LK-2315020	Gonawala	Gonawala	GND	338	3	0	0	0	0	0
LK-2315025	Ambagamuwa North	Ambagamuwa North	GND	367	6	0	0	0	0	2
LK-2315030	Sellipigama	Sellipigama	GND	749	2	0	1	0	0	0
LK-2315035	Ambagamuwa East	Ambagamuwa East	GND	439	1	0	0	0	0	0
LK-2315040	Ambagamuwa South	Ambagamuwa South	GND	492	5	0	0	0	0	0
LK-2315045	Rampadeniya	Rampadeniya	GND	412	6	0	0	0	1	0
LK-2315050	Millagahamula	Millagahamula	GND	265	1	0	0	0	0	0
LK-2315055	Dagampitiya	Dagampitiya	GND	373	5	0	0	0	0	0
LK-2315060	Polpitiya	Polpitiya	GND	340	2	0	0	0	0	0
LK-2315065	Minuwandeniya	Minuwandeniya	GND	247	15	0	1	0	0	1
LK-2315070	Hitigama	Hitigegama	GND	240	2	0	0	0	0	0
LK-2315075	Kehelwarawa	Kehelwarawa	GND	293	6	0	0	0	0	0
LK-2315080	Homagama	Homagama	GND	323	6	0	0	0	0	1
LK-2315085	Hambakanda	Hebbekanda	GND	289	1	0	0	0	0	1
LK-2315090	Samansirigama	Samansirigama	GND	233	0	0	0	0	0	0
LK-2315095	Theeniyagala	Theeniyagala	GND	206	1	0	0	0	0	0
LK-2315100	Ginigathhena	Ginigathhena	GND	765	3	0	0	0	0	0
LK-2315105	Dehigasthenna	Dehigasthenna	GND	471	4	0	0	0	0	0
LK-2315110	Keleweldeniya	Kalaweldeniya	GND	286	2	0	0	0	0	0
LK-2315115	Morahenagama	Morahenagama	GND	416	1	0	0	0	0	2
LK-2315120	Hangarapitiya	Hangarapitiya	GND	152	2	0	0	0	0	0
LK-2315125	Jambuthenna	Jambuthenna	GND	369	10	0	0	0	0	1
LK-2315130	Kottellena	Kottellena	GND	465	24	0	0	0	0	1
LK-2315135	Waggama	Waggama	GND	285	3	0	0	0	0	0
LK-2315140	Lakshapana	Lakshapana	GND	389	0	0	0	0	0	0
LK-2315145	Kiriwaneliya	Kiriwaneliya	GND	272	4	1	0	0	0	0
LK-2315150	Vidulipura South	Vidulipura South	GND	291	4	0	0	0	0	2
LK-2315155	Vidulipura North	Vidulipura North	GND	173	2	0	0	0	0	0
LK-2315160	Watawala	Watawala	GND	1551	19	0	1	0	0	6
LK-3	Southern	Southern	PROVINCE	717303	7272	705	496	11	76	2425
LK-31	Galle	Galle	DISTRICT	304034	2387	359	205	5	29	685
LK-3103	Bentota	Bentota	DSD	13599	108	6	3	0	2	31
LK-3103005	Pahurumulla	Pahurumulla	GND	89	0	0	0	0	0	0
LK-3103010	Sinharoopagama	Sinharoopagama	GND	241	2	0	1	0	0	2
LK-3103015	Yathramulla	Yathramulla	GND	210	1	0	0	0	0	1
LK-3103020	Kommala	Kommala	GND	403	3	0	0	0	1	0
LK-3103025	Bodhimaluwa	Bodhimaluwa	GND	293	5	0	0	0	0	1
LK-3103030	Dope	Dope	GND	688	3	3	0	0	0	4
LK-3103035	Angagoda	Angagoda	GND	269	2	1	0	0	0	0
LK-3103040	Warahena	Warahena	GND	196	0	0	0	0	0	2
LK-3103045	Kahagalla	Kahagalla	GND	183	1	0	0	0	0	2
LK-3103050	Hunganthota Wadumulla	Hunganthota Wadumulla	GND	242	5	0	0	0	0	0
LK-3103055	Dedduwa	Dedduwa	GND	482	3	0	1	0	0	0
LK-3103060	Athuruwella	Athuruwella	GND	223	0	0	0	0	0	0
LK-3103065	Galbada	Galbada	GND	253	4	0	0	0	0	1
LK-3103070	Galagama	Galagama	GND	185	2	0	0	0	0	1
LK-3103075	Mullegoda	Mullegoda	GND	180	2	0	0	0	0	1
LK-3103080	Sooriyagama	Sooriyagama	GND	279	3	0	0	0	0	1
LK-3103085	Haburugala	Haburugala	GND	315	1	0	0	0	0	1
LK-3103090	Thunduwa West	Thunduwa West	GND	252	0	0	0	0	0	0
LK-3103095	Thunduwa East	Thunduwa East	GND	176	6	0	0	0	0	0
LK-3103100	Thotakanatta	Thotakanatta	GND	232	0	0	0	0	0	0
LK-3103105	Elakaka	Elakaka	GND	208	0	0	0	0	0	2
LK-3103110	Ethungagoda	Ethungagoda	GND	469	0	0	0	0	0	2
LK-3103115	Gonagalapura	Gonagalapura	GND	389	4	0	1	0	0	0
LK-3103120	Olaganduwa	Olaganduwa	GND	277	2	0	0	0	0	0
LK-3103125	Yalegama	Yalegama	GND	269	3	0	0	0	0	0
LK-3103130	Kaikawala	Kaikawala	GND	322	1	0	0	0	0	0
LK-3103135	Habakkala	Habakkala	GND	251	5	0	0	0	0	0
LK-3103140	Etawalawatta West	Etawalawatta West	GND	170	0	0	0	0	0	0
LK-3103145	Etawalawatta East	Etawalawatta East	GND	219	3	0	0	0	0	0
LK-3103150	Dombagahawatta	DombagahaWatta	GND	169	0	0	0	0	0	0
LK-3103155	Akadegoda	Akadegoda	GND	283	6	0	0	0	0	0
LK-3103160	Kahawegammedda	Kahawegammedda	GND	432	3	0	0	0	0	3
LK-3103165	Warakamulla	Warakamulla	GND	260	0	0	0	0	0	0
LK-3103170	Kandemulla	Kandemulla	GND	272	3	0	0	0	0	1
LK-3103175	Galthuduwa	Galthuduwa	GND	137	0	0	0	0	0	1
LK-3103180	Kolaniya	Kolaniya	GND	349	1	0	0	0	1	0
LK-3103185	Miriswatta	Miriswatta	GND	537	8	2	0	0	0	1
LK-3103190	Viyandoowa	Viyandoowa	GND	206	0	0	0	0	0	0
LK-3103195	Mahagoda	Mahagoda	GND	487	2	0	0	0	0	0
LK-3103200	Pilekumbura	Pilekumbura	GND	196	0	0	0	0	0	0
LK-3103205	Mahavila West	Mahavila West	GND	209	2	0	0	0	0	0
LK-3103210	Mahavila East	Mahavila East	GND	179	0	0	0	0	0	0
LK-3103215	Moragoda	Moragoda	GND	168	0	0	0	0	0	0
LK-3103220	Ranthotuvila	Ranthotuvila	GND	154	1	0	0	0	0	0
LK-3103225	Malawala	Malawala	GND	143	1	0	0	0	0	0
LK-3103230	Ihala Malawala	Ihala Malawala	GND	284	1	0	0	0	0	0
LK-3103235	Kotuwabendahena	Kotuwabendahena	GND	123	4	0	0	0	0	1
LK-3103240	Kuda Uragaha	Kuda Uragaha	GND	189	2	0	0	0	0	2
LK-3103245	Maha Uragaha	Maha Uragaha	GND	330	6	0	0	0	0	1
LK-3103250	Delkabalagoda	Delkabalagoda	GND	341	3	0	0	0	0	0
LK-3103255	Hipanwatta	Hipanwatta	GND	186	4	0	0	0	0	0
LK-3106	Balapitiya	Balapitiya	DSD	18638	146	7	7	0	0	88
LK-3106005	Doowemodara	Doowemodara	GND	424	1	0	0	0	0	3
LK-3106010	Nanathota Palatha	Nanathota Palatha	GND	800	6	0	0	0	0	5
LK-3106015	Pelegas Palatha	Pelegas Palatha	GND	434	4	0	0	0	0	3
LK-3106020	Wathurawela	Wathurawela	GND	406	1	0	0	0	0	13
LK-3106025	Boraluketiya	Boraluketiya	GND	526	5	0	0	0	0	0
LK-3106030	Pathiraja Pedesa	Pathiraja Pedesa	GND	348	2	0	0	0	0	0
LK-3106035	Polathu Palatha	Polathu Palatha	GND	285	4	0	0	0	0	0
LK-3106040	Katuvila	Katuvila	GND	240	6	0	0	0	0	0
LK-3106045	Mahapitiya	Mahapitiya	GND	261	2	0	0	0	0	0
LK-3106050	Nape	Nape	GND	340	5	0	0	0	0	0
LK-3106055	Kudagodagama	Kudagodagama	GND	172	1	0	0	0	0	1
LK-3106060	Hegalla-Piyagama	Hegalla-Piyagama	GND	297	4	0	1	0	0	0
LK-3106065	Godapitiya	Godapitiya	GND	90	1	0	0	0	0	0
LK-3106070	Kosgoda	Kosgoda	GND	307	2	0	0	0	0	1
LK-3106075	Ahungalla	Ahungalla	GND	349	2	0	0	0	0	0
LK-3106080	Middaramulla	Middaramulla	GND	403	2	0	0	0	0	3
LK-3106085	Bogahapitiya	Bogahapitiya	GND	363	2	0	0	0	0	4
LK-3106090	Galvehera	Galvehera	GND	371	0	0	0	0	0	0
LK-3106095	Pathirajagama	Pathirajagama	GND	469	5	0	0	0	0	1
LK-3106100	Madoowa	Madoowa	GND	144	1	0	1	0	0	0
LK-3106105	Kadiragonna	Kadiragonna	GND	242	6	0	0	0	0	4
LK-3106110	Makumbura	Makumbura	GND	318	5	0	0	0	0	0
LK-3106115	Wathuregama	Wathuregama	GND	265	6	0	0	0	0	1
LK-3106120	Wellabada	Wellabada	GND	182	0	0	0	0	0	0
LK-3106125	Pathegangoda	Pathegamgoda	GND	657	5	0	0	0	0	15
LK-3106130	Weliwathugoda	Weliwathugoda	GND	402	1	0	0	0	0	1
LK-3106135	Brahmanawatta North	Brahmanawatta North	GND	527	10	0	0	0	0	3
LK-3106140	Brahmanawatta South	Brahmanawatta South	GND	400	6	0	0	0	0	1
LK-3106145	Galmangoda	Galmangoda	GND	542	3	0	0	0	0	3
LK-3106150	Wandadoowa	Wandadoowa	GND	235	2	0	0	0	0	2
LK-3106155	Heenatiya North	Heenatiya North	GND	232	1	0	0	0	0	0
LK-3106160	Mahaladoowa	Mahaladoowa	GND	180	0	1	0	0	0	1
LK-3106165	Seenigoda	Seenigoda	GND	733	1	1	0	0	0	0
LK-3106170	Heenatiya South	Heenatiya South	GND	221	2	2	1	0	0	0
LK-3106175	Mahakarawa	Mahakarawa	GND	220	2	0	0	0	0	0
LK-3106180	Elathota	Elathota	GND	277	0	0	0	0	0	1
LK-3106185	Balapitiya	Balapitiya	GND	436	1	0	0	0	0	7
LK-3106190	Berathuduwa	Berathuduwa	GND	298	6	0	0	0	0	1
LK-3106195	Andadola	Andadola	GND	739	6	0	0	0	0	3
LK-3106200	Petiwatta	Petiwatta	GND	436	5	0	1	0	0	5
LK-3106205	Wathugedara	Wathugedara	GND	655	0	1	0	0	0	0
LK-3106210	Paragahathota	Paragahathota	GND	448	7	0	0	0	0	1
LK-3106215	Wathugedara South	Wathugedara South	GND	210	0	0	0	0	0	0
LK-3106220	Kurunduwatta	Kurunduwatta	GND	356	1	0	0	0	0	1
LK-3106225	Walagedara	Walagedara	GND	439	10	0	0	0	0	0
LK-3106230	Randombe North	Randombe North	GND	358	2	0	0	0	0	2
LK-3106235	Wadumulla	Wadumulla	GND	429	0	0	0	0	0	1
LK-3106240	Viharagoda	Viharagoda	GND	302	1	1	0	0	0	0
LK-3106245	Kandegoda	Kandegoda	GND	292	0	0	3	0	0	0
LK-3106250	Bogahawatta	Bogahawatta	GND	266	0	1	0	0	0	1
LK-3106255	Randombe South	Randombe South	GND	312	1	0	0	0	0	0
LK-3109	Karandeniya	Karandeniya	DSD	19606	202	2	7	0	1	52
LK-3109005	Walinguruketiya	Walinguruketiya	GND	544	13	0	0	0	0	0
LK-3109010	Uragasmanhandiya North	Uragasmanhandiya North	GND	485	5	0	0	0	0	1
LK-3109015	Galpottawala	Galpottawala	GND	186	2	0	0	0	0	0
LK-3109020	Meegaspitiya	Meegaspitiya	GND	458	8	1	1	0	0	1
LK-3109025	Mendorawala	Mendorawala	GND	209	4	0	0	0	0	1
LK-3109030	Uragasmanhandiya South	Uragasmanhandiya South	GND	535	3	0	0	0	0	2
LK-3109035	Yatagala	Yatagala	GND	666	7	0	0	0	0	3
LK-3109040	Uragasmanhandiya East	Uragasmanhandiya East	GND	534	3	0	0	0	0	1
LK-3109045	Mabingoda	Mabingoda	GND	304	2	0	0	0	0	0
LK-3109050	Hipankanda	Hipankanda	GND	491	4	0	1	0	0	2
LK-3109055	Siripura	Siripura	GND	368	3	0	0	0	0	0
LK-3109060	Beligaswella	Beligaswella	GND	184	11	0	0	0	0	0
LK-3109065	Halgahawella	Halgahawella	GND	388	3	0	0	0	0	1
LK-3109070	Lenagal Palatha	Lenagal Palatha	GND	532	3	0	0	0	0	3
LK-3109075	Magala North	Magala North	GND	299	2	0	0	0	0	0
LK-3109080	Kaluwalagoda	Kaluwalagoda	GND	280	3	0	1	0	0	2
LK-3109085	Diyapitagallana	Diyapitagallana	GND	292	6	0	0	0	0	3
LK-3109090	Angulugalla	Angulugalla	GND	596	0	0	0	0	0	2
LK-3109095	Magala South	Magala South	GND	831	10	0	0	0	0	5
LK-3109100	Pehembiyakanda	Pehembiyakanda	GND	441	8	0	1	0	0	3
LK-3109105	Unagaswela	Unagaswela	GND	743	6	0	0	0	0	1
LK-3109110	Madakumbura	Madakumbura	GND	441	4	0	0	0	0	0
LK-3109115	Thalgahawatta	Thalgahawatta	GND	564	1	0	0	0	0	1
LK-3109120	Mandakanda	Mandakanda	GND	617	13	0	0	0	0	1
LK-3109125	Anganaketiya	Anganaketiya	GND	1194	9	0	0	0	0	6
LK-3109130	Borakanda	Borakanda	GND	584	4	1	0	0	0	0
LK-3109135	Mahaedanda	Mahaedanda	GND	320	4	0	0	0	0	0
LK-3109140	Karandeniya North	Karandeniya North	GND	624	5	0	1	0	0	0
LK-3109145	Randenigama	Randenigama	GND	497	7	0	1	0	0	2
LK-3109150	Mahagoda	Mahagoda	GND	314	0	0	0	0	0	1
LK-3109155	Karandeniya South	Karandeniya South	GND	291	5	0	0	0	0	1
LK-3109160	Dangahavila	Dangahavila	GND	324	0	0	0	0	0	2
LK-3109165	Egodawela	Egodawela	GND	720	7	0	0	0	0	0
LK-3109170	Diviyagahawela	Diviyagahawela	GND	796	14	0	0	0	0	1
LK-3109175	Kirinuge	Kirinuge	GND	309	1	0	0	0	0	3
LK-3109180	Kiripedda	Kiripedda	GND	274	2	0	0	0	0	0
LK-3109185	Galagoda Atta	Galagoda Atta	GND	500	2	0	0	0	0	0
LK-3109190	Ihala Kiripedda	Ihala Kiripedda	GND	411	6	0	0	0	0	0
LK-3109195	Kurundugaha Hethekma	Kurundugaha hethekma	GND	1004	6	0	1	0	0	2
LK-3109200	Jayabima	Jayabima	GND	456	6	0	0	0	1	1
LK-3112	Elpitiya	Elpitiya	DSD	19039	289	13	9	0	4	38
LK-3112005	Avittawa	Avittawa	GND	248	0	0	0	0	0	0
LK-3112010	Pahala Omatta	Pahala Omatta	GND	281	5	0	0	0	0	0
LK-3112015	Omatta	Omatta	GND	298	4	0	0	0	0	0
LK-3112020	Metiviliya	Metiviliya	GND	278	1	0	0	0	0	0
LK-3112025	Himbutugoda	Himbutugoda	GND	301	0	0	0	0	0	0
LK-3112030	Indipalegoda	Indipalegoda	GND	541	5	0	0	0	0	0
LK-3112035	Dikhena	Dikhena	GND	406	9	1	0	0	0	0
LK-3112040	Delpona	Delpona	GND	149	3	0	0	0	0	0
LK-3112045	Ihala Omatta	Ihala Omatta	GND	339	7	0	0	0	0	0
LK-3112050	Digala Nagahathenna	Digala Nagahathenna	GND	479	6	0	0	0	1	1
LK-3112055	Opatha	Opatha	GND	252	5	1	0	0	0	0
LK-3112060	Goluwamulla North	Goluwamulla North	GND	295	0	0	0	0	0	0
LK-3112065	Goluwamulla West	Goluwamulla West	GND	206	3	0	0	0	0	0
LK-3112070	Goluwamulla	Goluwamulla	GND	280	1	0	0	0	0	0
LK-3112075	Atakohota	Atakohota	GND	432	2	0	0	0	0	3
LK-3112080	Elpitiya North	Elpitiya North	GND	419	3	1	1	0	0	7
LK-3112085	Elpitiya East	Elpitiya East	GND	184	2	0	0	0	0	0
LK-3112090	Poojagallena	Poojagallena	GND	227	0	0	0	0	0	2
LK-3112095	Ketandola Udovita	Ketandola Udovita	GND	614	14	0	0	0	0	2
LK-3112100	Sittaragoda	Sittaragoda	GND	131	3	0	0	0	0	0
LK-3112105	Amugoda	Amugoda	GND	381	1	0	0	0	0	0
LK-3112110	Kellapatha	Kellapatha	GND	304	4	1	0	0	0	0
LK-3112115	Thalagaspe	Thalagaspe	GND	311	2	0	0	0	0	0
LK-3112120	Thalagaspe West	Thalagaspe West	GND	212	1	0	0	0	0	0
LK-3112125	Wallambagala North	Wallambagala North	GND	320	5	0	0	0	0	0
LK-3112130	Elpitiya South	Elpitiya South	GND	404	5	0	0	0	0	2
LK-3112135	Elpitiya Central	Elpitiya Central	GND	421	3	1	4	0	0	1
LK-3112140	Nawadagala	Nawadagala	GND	513	1	1	1	0	0	0
LK-3112145	Batuwanhena	Batuwanhena	GND	800	133	3	0	0	0	0
LK-3112150	Igala	Igala	GND	593	2	0	0	0	1	2
LK-3112155	Igala East	Igala East	GND	821	0	2	0	0	0	3
LK-3112160	Pelendagoda	Pelendagoda	GND	281	3	0	1	0	0	1
LK-3112165	Wallambagala	Wallambagala	GND	346	1	0	0	0	0	0
LK-3112170	Ambana	Ambana	GND	317	4	0	0	0	0	0
LK-3112175	Ambana North	Ambana North	GND	233	3	0	0	0	0	0
LK-3112180	Pituwala South	Pituwala South	GND	234	1	0	0	0	0	0
LK-3112185	Pituwala North	Pituwala North	GND	351	3	0	0	0	0	0
LK-3112190	Kudagala Kadirandola	Kudagala Kadirandola	GND	505	6	0	0	0	1	2
LK-3112195	Igala Thalawa East	Igala Thalawa East	GND	380	2	0	0	0	0	0
LK-3112200	Igala Thalawa	Igala Thalawa	GND	1004	7	1	1	0	0	5
LK-3112205	Ella	Ella	GND	794	9	1	0	0	0	2
LK-3112210	Ella Thanabaddegama	Ella Thanabaddegama	GND	402	5	0	0	0	0	1
LK-3112215	Mahawela Abhayapura	Mahawela Abhayapura	GND	179	2	0	0	0	0	0
LK-3112220	Pituwala West	Pituwala West	GND	175	0	0	0	0	0	0
LK-3112225	Eramulla	Eramulla	GND	540	1	0	0	0	1	0
LK-3112230	Pinikahana	Pinikahana	GND	501	2	0	1	0	0	0
LK-3112235	Kahadoowa	Kahadoowa	GND	254	2	0	0	0	0	1
LK-3112240	Thibbotuwawa	Thibbotuwawa	GND	228	1	0	0	0	0	0
LK-3112245	Wathuruvila	Wathuruvila	GND	395	3	0	0	0	0	2
LK-3112250	Rekadahena	Rekadahena	GND	205	3	0	0	0	0	0
LK-3112255	Kahadoowa South	Kahadoowa South	GND	275	1	0	0	0	0	1
LK-3115	Niyagama	Niyagama	DSD	10253	87	0	4	1	1	13
LK-3115005	Pitigala North	Pitigala North	GND	454	3	0	0	0	0	1
LK-3115010	Uhanovita	Uhanovita	GND	180	1	0	0	0	0	0
LK-3115015	Hattaka	Hattaka	GND	291	1	0	0	0	0	0
LK-3115020	Kaluarachchigoda	Kaluarachchigoda	GND	410	4	0	0	0	0	0
LK-3115025	Pitigala	Pitigala	GND	341	5	0	0	0	0	0
LK-3115030	Karawwa	Karawwa	GND	369	1	0	0	0	0	1
LK-3115035	Boraluwahena	Boraluhena	GND	343	5	0	1	0	0	0
LK-3115040	Bangamukanda	Bangamukanda	GND	167	0	0	0	0	0	0
LK-3115045	Godamuna North	Godamuna North	GND	256	7	0	0	0	0	0
LK-3115050	Marthupitiya	Marthupitiya	GND	324	0	0	0	0	0	0
LK-3115055	Godamuna South	Godamuna South	GND	293	3	0	0	0	0	0
LK-3115060	Liyanagamakanda	Liyanagamakanda	GND	176	3	0	0	0	0	0
LK-3115065	Usbim Colony	Usbim Colony	GND	205	6	0	0	0	0	0
LK-3115070	Bambarawana	Bambarawana	GND	247	4	0	0	0	0	0
LK-3115075	Mattaka	Mattaka	GND	248	1	0	0	0	0	0
LK-3115080	Weihena	Weihena	GND	388	1	0	1	0	0	0
LK-3115085	Amaragama	Amaragama	GND	535	6	0	0	0	0	1
LK-3115090	Naranovita	Naranovita	GND	361	3	0	0	0	0	1
LK-3115095	Porawagama	Porawagama	GND	346	6	0	0	0	0	0
LK-3115100	Kimbulawala	Kimbulawala	GND	242	1	0	0	0	0	0
LK-3115105	Poddiwala West	Poddiwala West	GND	313	1	0	0	0	0	2
LK-3115110	Poddiwala East	Poddiwala East	GND	274	0	0	0	0	0	0
LK-3115115	Maraggoda	Maraggoda	GND	410	3	0	0	0	0	0
LK-3115120	Duwegoda	Duwegoda	GND	371	5	0	0	0	0	1
LK-3115125	Porawagama South	Porawagama South	GND	423	6	0	0	0	0	0
LK-3115130	Wattahena	Wattehena	GND	319	3	0	0	0	0	0
LK-3115135	Manampita	Manampita	GND	291	0	0	0	0	0	0
LK-3115140	Niyagama	Niyagama	GND	442	3	0	0	0	0	2
LK-3115145	Niyagama West	Niyagama West	GND	157	1	0	0	0	0	0
LK-3115150	Polpelaketiya	Polpelaketiya	GND	321	2	0	0	1	1	3
LK-3115155	Horangalla West	Horangalla West	GND	100	1	0	0	0	0	0
LK-3115160	Horangalla Thalawa	Horangalla Thalawa	GND	275	1	0	0	0	0	0
LK-3115165	Horangalla (Akulavila)	Horanggalla (Akulavila)	GND	187	0	0	0	0	0	0
LK-3115170	Niyagama South	Niyagama South	GND	194	0	0	2	0	0	1
LK-3118	Thawalama	Thawalama	DSD	9389	87	0	10	1	1	26
LK-3118005	Ela Ihala	Ela Ihala	GND	513	6	0	0	0	0	7
LK-3118010	Ela Ihala North	Ela Ihala North	GND	221	2	0	0	0	0	0
LK-3118015	Kumburegoda	Kumburegoda	GND	352	4	0	1	0	0	3
LK-3118020	Habarakada East	Habarakada East	GND	319	1	0	0	0	0	1
LK-3118025	Habarakada West	Habarakada West	GND	304	0	0	0	0	0	0
LK-3118030	Kudugalpala	Kudugalpala	GND	371	4	0	0	0	0	0
LK-3118035	Batahena	Batahena	GND	103	0	0	0	0	0	0
LK-3118040	Thawalama North	Thawalama North	GND	390	7	0	0	0	0	0
LK-3118045	Thawalama Mookalana	Thawalama Mookalana	GND	266	5	0	1	0	0	0
LK-3118050	Thawalama South	Thawalama South	GND	325	2	0	0	0	0	1
LK-3118055	Hiniduma North	Hiniduma North	GND	643	7	0	0	0	0	1
LK-3118060	Hiniduma West	Hiniduma West	GND	186	1	0	0	0	0	0
LK-3118065	Hiniduma South	Hiniduma South	GND	272	0	0	0	0	0	1
LK-3118070	Malgalla	Malgalla	GND	429	9	0	2	0	0	0
LK-3118075	Halvitigala Colony 1	Halvitigala Colony Step 1	GND	144	0	0	0	0	0	2
LK-3118080	Halvitigala Colony 2	Halvitigala Colony Step 2	GND	183	0	0	1	0	0	0
LK-3118085	Dammala Colony	Dammala Colony	GND	181	3	0	0	0	0	0
LK-3118090	Thalangalla East	Thalangalla East	GND	414	5	0	2	0	0	0
LK-3118095	Thalangalla West	Thalangalla West	GND	121	0	0	0	1	0	0
LK-3118100	Malhathawa	Malhathawa	GND	221	3	0	0	0	0	0
LK-3118105	Panangala West	Panangala West	GND	172	0	0	0	0	0	0
LK-3118110	Panangala North	Panangala North	GND	138	0	0	0	0	0	0
LK-3118115	Panangala East	Panangala East	GND	176	0	0	0	0	0	0
LK-3118120	Thalangalla	Thalangalla	GND	110	1	0	0	0	0	0
LK-3118125	Dammala	Dammala	GND	182	1	0	2	0	0	1
LK-3118130	Opatha North	Opatha North	GND	207	7	0	0	0	0	0
LK-3118135	Opatha West	Opatha West	GND	252	4	0	0	0	0	0
LK-3118140	Koralegama	Koralegama	GND	237	7	0	0	0	1	0
LK-3118145	Eppala	Eppala	GND	218	1	0	0	0	0	0
LK-3118150	Gallandala	Gallandala	GND	161	0	0	0	0	0	0
LK-3118155	Opatha South	Opatha South	GND	332	0	0	0	0	0	5
LK-3118160	Opatha East	Opatha East	GND	158	0	0	0	0	0	0
LK-3118165	Weerapana North	Weerapana North	GND	278	3	0	0	0	0	1
LK-3118170	Weerapana West	Weerapana West	GND	265	2	0	1	0	0	2
LK-3118175	Weerapana South	Weerapana South	GND	373	2	0	0	0	0	1
LK-3118180	Weerapana East	Weerapana East	GND	172	0	0	0	0	0	0
LK-3121	Neluwa	Neluwa	DSD	8373	51	1	13	0	0	16
LK-3121005	Danawala	Danawala	GND	324	8	0	0	0	0	1
LK-3121010	Mavita West	Mavita West	GND	237	1	0	1	0	0	0
LK-3121015	Batuwangala West	Batuwangala West	GND	261	1	0	0	0	0	0
LK-3121020	Kosmulla	Kosmulla	GND	151	1	0	8	0	0	0
LK-3121025	Thambalagama	Thambalagama	GND	71	1	0	0	0	0	0
LK-3121030	Ehelapitiya	Ehelapitiya	GND	211	0	0	0	0	0	0
LK-3121035	Batuwangala	Batuwangala	GND	241	1	0	0	0	0	0
LK-3121040	Mavita East	Mavita East	GND	310	3	0	0	0	0	1
LK-3121045	Koswatta	Koswatta	GND	170	0	0	0	0	0	0
LK-3121050	Ebalagedara North	Embalegedara North	GND	294	2	0	0	0	0	2
LK-3121055	Embalegedara South	Embalegedara South	GND	166	1	0	0	0	0	0
LK-3121060	Mawanana	Mawanana	GND	347	0	0	0	0	0	0
LK-3121065	Neluwa	Neluwa	GND	352	0	0	0	0	0	0
LK-3121070	Pahala Maddegama	Pahala Maddegama	GND	188	1	0	1	0	0	0
LK-3121075	Maddegama East	Maddegama East	GND	196	0	0	0	0	0	0
LK-3121080	Happitiya	Happitiya	GND	366	0	0	0	0	0	0
LK-3121085	Madugeta	Madugeta	GND	87	0	0	0	0	0	0
LK-3121090	Warukandeniya	Warukandeniya	GND	191	0	0	0	0	0	1
LK-3121095	Lankagama	Lankagama	GND	178	2	0	0	0	0	0
LK-3121100	Dellawa	Dellawa	GND	172	0	0	0	0	0	0
LK-3121105	Miyanawathura	Miyanawathura	GND	185	0	0	0	0	0	0
LK-3121110	Pannimulla	Pannimulla	GND	263	1	0	0	0	0	1
LK-3121115	Ihala Maddegama	Ihala Maddegama	GND	197	1	1	0	0	0	1
LK-3121120	Medagama	Medagama	GND	441	1	0	1	0	0	0
LK-3121125	Pahala Gigummaduwa	Pahala Gigummaduwa	GND	287	2	0	0	0	0	1
LK-3121130	Ihala Gigummaduwa	Ihala Gigummaduwa	GND	476	14	0	0	0	0	4
LK-3121135	Lelwala	Lelwala	GND	189	0	0	0	0	0	0
LK-3121140	Ihala Lelwala	Ihala Lelwala	GND	295	0	0	0	0	0	0
LK-3121145	Panagoda	Panagoda	GND	289	3	0	0	0	0	1
LK-3121150	Dewalegama West	Dewalegama West	GND	159	2	0	0	0	0	1
LK-3121155	Dewalegama East	Dewalegama East	GND	373	0	0	0	0	0	0
LK-3121160	Millawa West	Millawa West	GND	154	2	0	0	0	0	0
LK-3121165	Ihala Millawa	Ihala Millawa	GND	199	1	0	1	0	0	0
LK-3121170	Pahala Millawa	Pahala Millawa	GND	353	2	0	1	0	0	2
LK-3124	Nagoda	Nagoda	DSD	15340	160	4	1	0	1	15
LK-3124005	Thalgaswala	Thalgaswala	GND	653	8	1	0	0	0	0
LK-3124010	Marakanda	Marakanda	GND	201	6	0	0	0	0	0
LK-3124015	Malamura	Malamura	GND	215	0	0	0	0	0	0
LK-3124020	Aluth Thanayamgoda Pahala West	Aluth Thanayamgoda Pahala West	GND	231	1	0	0	0	0	0
LK-3124025	Mapalagama	Mapalagama	GND	247	7	0	0	0	0	0
LK-3124030	Aluth Thanayamgoda Pahala	Aluth Thanayamgoda Pahala	GND	269	5	0	0	0	0	0
LK-3124035	Aluth Thanayamgoda Ihala South	Aluth Thanayamgoda Ihala South	GND	110	0	0	0	0	0	0
LK-3124040	Aluth Thanayamgoda Ihala	Aluth Thanayamgoda Ihala	GND	216	2	0	0	0	0	0
LK-3124045	Ketagoda South	Ketagoda South	GND	199	1	0	0	0	0	0
LK-3124050	Ketagoda North	Ketagoda North	GND	165	0	0	0	0	0	0
LK-3124055	Parana Thanayamgoda	Parana Thanayamgoda	GND	161	0	0	0	0	0	0
LK-3124060	Parana Thanayamgoda Central	Parana Thanayamgoda Central	GND	318	1	0	0	0	0	0
LK-3124065	Parana Thanayamgoda Pahala	Parana Thanayamgoda Pahala	GND	281	5	0	0	0	0	0
LK-3124070	Gonalagoda East	Gonalagoda East	GND	166	2	0	0	0	0	0
LK-3124075	Gonalagoda	Gonalagoda	GND	148	4	0	0	0	0	0
LK-3124080	Gammeddegoda	Gammeddegoda	GND	250	9	0	0	0	0	0
LK-3124085	Gammeddegoda South	Gammeddegoda South	GND	265	1	0	0	0	0	0
LK-3124090	Nagoda Ihala	Nagoda Ihala	GND	207	2	0	0	0	0	0
LK-3124095	Nagoda	Nagoda	GND	313	0	0	0	0	0	0
LK-3124100	Kurupanawa	Kurupanawa	GND	218	1	1	0	0	0	0
LK-3124105	Gonadeniya	Gonadeniya	GND	269	1	0	0	0	0	0
LK-3124110	Ukovita North	Ukovita North	GND	277	6	0	0	0	0	1
LK-3124115	Udugama West	Udugama West	GND	238	6	0	0	0	0	1
LK-3124120	Udugama North	Udugama North	GND	314	6	0	0	0	0	1
LK-3124125	Homadola	Homadola	GND	627	3	1	0	0	0	4
LK-3124130	Udugama East	Udugama East	GND	262	3	0	0	0	0	0
LK-3124135	Udugama	Udugama	GND	306	1	0	0	0	1	0
LK-3124140	Ukovita	Ukovita	GND	380	0	0	0	0	0	0
LK-3124145	Gonadeniya South	Gonadeniya South	GND	285	10	0	0	0	0	0
LK-3124150	Udalamatta East	Udalamatta East	GND	228	0	0	0	0	0	3
LK-3124155	Udalamatta North	Udalamatta North	GND	367	3	0	0	0	0	0
LK-3124160	Keppitiyagoda	Keppitiyagoda South	GND	488	2	0	0	0	0	0
LK-3124165	Udawelivitiya	Udawelivitiya	GND	87	2	0	0	0	0	0
LK-3124170	Udawelivitithalawa East	Udawelivitithalawa East	GND	250	5	0	0	0	0	0
LK-3124175	Udawelivitithalawa	Udawelivitithalawa	GND	252	1	0	1	0	0	1
LK-3124180	Udawelivitiya West	Udawelivitiya West	GND	171	1	0	0	0	0	1
LK-3124185	Keppitiyagoda North	Keppitiyagoda North	GND	306	3	0	0	0	0	0
LK-3124190	Budapanagama	Budapanagama	GND	231	6	0	0	0	0	0
LK-3124195	Unanvitiya	Unanvitiya	GND	169	0	0	0	0	0	0
LK-3124200	Unanvitiya East	Unanvitiya East	GND	209	4	0	0	0	0	0
LK-3124205	Urala North	Urala North	GND	279	5	0	0	0	0	0
LK-3124210	Urala Pahala	Urala Pahala	GND	273	1	0	0	0	0	0
LK-3124215	Yatalamatta	Yatalamatta	GND	487	2	0	0	0	0	0
LK-3124220	Yatalamatta East	Yatalamatta East	GND	397	0	0	0	0	0	0
LK-3124225	Udalamatta South	Udalamatta South	GND	333	0	0	0	0	0	0
LK-3124230	Udugama South	Udugama South	GND	287	1	0	0	0	0	0
LK-3124235	Udugama Central	Udugama Central	GND	407	9	0	0	0	0	0
LK-3124240	Aluthwatta	Aluthwatta	GND	742	9	0	0	0	0	1
LK-3124245	Hangaranwala	Hangaranwala	GND	380	4	1	0	0	0	1
LK-3124250	Yatalamatta West	Yatalamatta West	GND	428	3	0	0	0	0	1
LK-3124255	Urala Central	Urala Central	GND	262	2	0	0	0	0	0
LK-3124260	Urala South	Urala South	GND	320	4	0	0	0	0	0
LK-3124265	Urala East	Urala East	GND	196	2	0	0	0	0	0
LK-3127	Baddegama	Baddegama	DSD	14076	147	52	8	1	4	42
LK-3127005	Wavulagala	Wavulagala	GND	263	0	0	0	0	1	0
LK-3127010	Halpathota Central	Halpathota Central	GND	903	17	0	2	0	0	6
LK-3127015	Halpathota	Halpathota	GND	209	0	0	0	0	0	0
LK-3127020	Baddegama Town	Baddegama Town	GND	286	2	0	0	0	0	1
LK-3127025	Baddegama North	Baddegama North	GND	283	3	0	0	0	0	1
LK-3127030	Nayapamula	Nayapamula	GND	215	1	0	0	0	0	0
LK-3127035	Kotagoda	Kotagoda	GND	203	1	0	0	0	1	0
LK-3127040	Hemmeliya	Hemmeliya	GND	315	2	1	0	0	0	1
LK-3127045	Ellakanda Wathurawa	Ellakanda Wathurawa	GND	293	4	0	0	0	0	2
LK-3127050	Baddegama East	Baddegama East	GND	234	2	48	0	0	0	0
LK-3127055	Yahaladoowa	Yahaladoowa	GND	182	2	0	0	0	0	0
LK-3127060	Baddegama South	Baddegama South	GND	721	21	0	0	1	0	6
LK-3127065	Gothatuwa	Gothatuwa	GND	284	5	0	0	0	0	0
LK-3127070	Majuwana	Majuwana	GND	172	1	0	0	0	0	1
LK-3127075	Weweldeniya	Weweldeniya	GND	142	2	2	0	0	0	0
LK-3127080	Keradewala	Keradewala	GND	188	1	0	0	0	0	0
LK-3127085	Madoldoowa	Madoldoowa	GND	162	4	0	0	0	0	0
LK-3127090	Bataketiya	Bataketiya	GND	154	0	0	0	0	0	0
LK-3127095	Ganegama North	Ganegama North	GND	295	2	0	0	0	0	0
LK-3127100	Sandarawala	Sandarawala	GND	214	3	0	0	0	0	0
LK-3127105	Boralukada	Boralukada	GND	221	1	0	0	0	0	1
LK-3127110	Mahahengoda	Mahahengoda	GND	339	2	0	0	0	0	0
LK-3127115	Pahala Keembiya	Mahalapitiya	GND	316	6	0	0	0	0	1
LK-3127120	Mahalapitiya	Pilagoda	GND	138	2	0	0	0	0	0
LK-3127125	Warakapitikanda	Thilaka Udagama	GND	127	4	0	0	0	0	0
LK-3127130	Ginimellagaha South	Ganegama East	GND	522	2	0	0	0	0	2
LK-3127135	Thilaka Udagama	Ganegama South	GND	325	4	0	0	0	0	0
LK-3127140	Pilagoda	Ganegama West	GND	241	2	0	0	0	0	0
LK-3127145	Ganegama East	Lelkada	GND	232	1	1	1	0	0	1
LK-3127150	Ganegama South	Ginimellagaha West	GND	454	3	0	0	0	0	4
LK-3127155	Ganegama West	Ginimellagaha East	GND	337	1	0	0	0	1	1
LK-3127160	Lelkada	Dodangoda	GND	106	5	0	0	0	0	0
LK-3127165	Ginimellagaha West	Keembiela	GND	440	3	0	0	0	1	2
LK-3127170	Ginimellagaha East	Kasideniya	GND	332	2	0	0	0	0	2
LK-3127175	Dodangoda	Warakapitikanda	GND	138	1	0	0	0	0	0
LK-3127180	Thelikada	Pahala Keembiya	GND	159	1	0	0	0	0	0
LK-3127185	Walpita North	Walpita North	GND	428	5	0	0	0	0	1
LK-3127190	Keembiela	Thelikada	GND	333	2	0	0	0	0	0
LK-3127195	Kohombanadeniya	Ginimellagaha South	GND	267	7	0	0	0	0	1
LK-3127200	Kasideniya	Pituwalgoda	GND	152	0	0	0	0	0	1
LK-3127205	Thelikada Nagaraya	Thelikada Nagaraya	GND	142	1	0	0	0	0	1
LK-3127210	Balagoda	Balagoda	GND	289	1	0	0	0	0	1
LK-3127215	Adurathvila	Adurathvila	GND	658	1	0	0	0	0	2
LK-3127220	Pituwalgoda	Kohombanadeniya	GND	502	4	0	2	0	0	0
LK-3127225	Walpita South	Walpita South	GND	351	2	0	1	0	0	0
LK-3127230	Gonapura	Gonapura	GND	339	5	0	1	0	0	1
LK-3127235	Horagampita Central	Horagampita Central	GND	264	6	0	0	0	0	2
LK-3127240	Horagampita	Horagampita	GND	206	0	0	1	0	0	0
LK-3128	Wanduramba	Wanduramba	DSD	7912	64	1	2	0	2	16
LK-3128005	Weihena	Weihena	GND	452	4	0	0	0	0	1
LK-3128010	Indurupathvila	Indurupathvila	GND	293	3	0	0	0	0	0
LK-3128015	Polgahavila	Polgahavila	GND	219	2	0	1	0	0	1
LK-3128020	Kumbalamalahena	Kumbalamalahena	GND	196	0	0	0	0	0	1
LK-3128025	Ihala Lelwala	Ihala Lelwala	GND	359	1	0	0	0	0	0
LK-3128030	Pahala Lelwala	Pahala Lelwala	GND	381	1	0	0	0	0	0
LK-3128035	Kirindalahena	Kirindalahena	GND	172	5	0	0	0	0	0
LK-3128040	Kokawala	Kokawala	GND	378	4	0	0	0	2	1
LK-3128045	Panvila	Panvila	GND	274	1	0	0	0	0	0
LK-3128050	Wanduramba	Wanduramba	GND	361	0	0	0	0	0	2
LK-3128055	Gulugahakanda	Gulugahakanda	GND	327	7	0	0	0	0	0
LK-3128060	Thalawa	Thalawa	GND	208	0	0	0	0	0	0
LK-3128065	Mabotuwana	Mabotuwana	GND	575	4	0	0	0	0	0
LK-3128070	Wanduramba South	Wanduramba South	GND	358	2	1	0	0	0	0
LK-3128075	Deiyandara	Deiyandara	GND	394	3	0	1	0	0	0
LK-3128080	Meda Keembiya	Meda Keembiya	GND	478	2	0	0	0	0	3
LK-3128085	Pitiharawa	Pitiharawa	GND	369	3	0	0	0	0	1
LK-3128090	Thiruwanaketiya	Thiruwanaketiya	GND	259	5	0	0	0	0	0
LK-3128095	Nattewela	Nattewela	GND	417	4	0	0	0	0	2
LK-3128100	Meda Keembiya East	Meda Keembiya East	GND	436	3	0	0	0	0	0
LK-3128105	Ihala Keembiya South	Ihala Keembiya South	GND	511	6	0	0	0	0	4
LK-3128110	Ihala Keembiya	Ihala Keembiya	GND	495	4	0	0	0	0	0
LK-3130	Welivitiya-Divitura	Welivitiya-Divithura	DSD	8569	46	2	0	0	0	15
LK-3130005	Ethkandura	Ethkandura	GND	612	3	0	0	0	0	5
LK-3130010	Old Colony	Old Colony	GND	463	2	0	0	0	0	1
LK-3130015	Thanabaddegama	Thanabaddegama	GND	338	2	0	0	0	0	1
LK-3130020	Maddevila	Maddevila	GND	390	0	0	0	0	0	0
LK-3130025	Miriswatta	Miriswaththa	GND	215	0	0	0	0	0	0
LK-3130030	Nambara Atta	Nambara Atta	GND	307	4	0	0	0	0	0
LK-3130035	Divithura East	Divithura East	GND	513	3	0	0	0	0	1
LK-3130040	Polgahavila	Polgahavila	GND	424	0	0	0	0	0	0
LK-3130045	Divithura	Divithura	GND	457	4	0	0	0	0	2
LK-3130050	Ampegama	Ampegama	GND	1139	4	2	0	0	0	1
LK-3130055	Hamingala	Hamingala	GND	364	2	0	0	0	0	1
LK-3130060	Nugethota	Nugethota	GND	422	4	0	0	0	0	2
LK-3130065	Agaliya	Agaliya	GND	408	1	0	0	0	0	0
LK-3130070	Divithura South	Divithura South	GND	559	4	0	0	0	0	0
LK-3130075	Galahenkanda	Galahenkanda	GND	604	2	0	0	0	0	1
LK-3130080	Kuttiyawatta	Kuttiyawaththa	GND	151	2	0	0	0	0	0
LK-3130085	Pathawelivitiya North	Pathaweliwitiya North	GND	318	3	0	0	0	0	0
LK-3130090	Waduwelivitiya North	Waduwelivitiya North	GND	365	1	0	0	0	0	0
LK-3130095	Pathawelivitiya	Pathaweliwitiya	GND	224	5	0	0	0	0	0
LK-3130100	Waduwelivitiya	Waduwelivitiya South	GND	296	0	0	0	0	0	0
LK-3133	Ambalangoda	Ambalangoda	DSD	16668	98	48	28	0	0	82
LK-3133005	Heppumulla	Heppumulla	GND	266	3	4	0	0	0	0
LK-3133010	Patabendimulla	Patabedimulla	GND	466	4	1	0	0	0	1
LK-3133015	Karittakanda	Karittakanda	GND	333	0	3	11	0	0	0
LK-3133020	Kaluwadumulla	Kaluwadumulla	GND	350	1	20	0	0	0	0
LK-3133025	Okanda	Okanda	GND	174	0	0	0	0	0	0
LK-3133030	Keraminiya	Keraminiya	GND	482	5	2	0	0	0	1
LK-3133035	Polwatta	Polwatta	GND	430	0	0	0	0	0	2
LK-3133040	Thalgasgoda	Thalgasgoda	GND	833	6	2	4	0	0	1
LK-3133045	Thilakapura	Thilakapura	GND	875	7	1	0	0	0	0
LK-3133050	Thanipolgahalanga	Thanipolgahalanga	GND	325	13	0	0	0	0	0
LK-3133055	Batapola Central	Batapola Central	GND	1359	5	1	0	0	0	8
LK-3133060	Kondagala	Kondagala	GND	404	2	0	0	0	0	1
LK-3133065	Batapola North	Batapola North	GND	673	7	0	0	0	0	2
LK-3133070	Kobeithuduwa	Kobeithuduwa	GND	539	3	0	0	0	0	2
LK-3133075	Godahena	Godahena	GND	504	0	0	1	0	0	2
LK-3133080	Poramba	Poramba	GND	449	1	1	1	0	0	1
LK-3133085	Vilegoda	Vilegoda	GND	423	2	3	0	0	0	0
LK-3133090	Paniyandoowa	Paniyandoowa	GND	427	1	0	0	0	0	2
LK-3133095	Hirewatta	Hirewatta	GND	296	0	0	1	0	0	0
LK-3133100	Maha Ambalangoda	Maha Ambalangoda	GND	476	0	1	0	0	0	0
LK-3133105	Batadoowa	Batadoowa	GND	388	4	1	0	0	0	0
LK-3133110	Batapola West	Batapola West	GND	411	3	2	1	0	0	1
LK-3133115	Batapola South	Batapola South	GND	417	1	0	0	0	0	3
LK-3133120	Dorala	Dorala	GND	380	2	0	1	0	0	1
LK-3133125	Batapola East	Batapola East	GND	628	2	0	0	0	0	5
LK-3133130	Polhunnawa	Polhunnawa	GND	564	4	0	0	0	0	2
LK-3133135	Nawagama	Nawagama	GND	467	5	0	0	0	0	1
LK-3133140	Nindana	Nindana	GND	418	2	4	1	0	0	0
LK-3133145	Lewdoowa	Lewdoowa	GND	356	0	0	1	0	0	3
LK-3133150	Udakerewa	Udakerewa	GND	451	2	0	0	0	0	0
LK-3133155	Domanvila	Domanvila	GND	213	2	0	1	0	0	1
LK-3133160	Diddeliya	Diddeliya	GND	484	3	0	2	0	0	2
LK-3133165	Eranavila	Eranavila	GND	408	1	0	0	0	0	1
LK-3133170	Meetiyagoda	Meetiyagoda	GND	580	3	2	3	0	0	2
LK-3133175	Metiwala	Metiwala	GND	206	0	0	0	0	0	36
LK-3133180	Walakada	Walakada	GND	213	4	0	0	0	0	1
LK-3134	Gonapinuwala	Gonapeenuwala	DSD	6766	40	5	8	0	1	13
LK-3134005	Karuwalabedda	Karuwalabedda	GND	196	1	0	0	0	0	0
LK-3134010	Manampita	Manampita	GND	443	3	0	0	0	0	1
LK-3134015	Dangaragaha Udumulla	Dangaragaha Udumulla	GND	159	3	0	0	0	0	0
LK-3134020	Banwelgodella	Banwelgodella	GND	312	2	0	0	0	0	2
LK-3134025	Eriyagahamulla	Iriyagahamulla	GND	94	0	0	0	0	0	0
LK-3134030	Aluthwala	Aluthwala	GND	321	1	0	0	0	0	1
LK-3134035	Mahagangoda	Mahagangoda	GND	259	1	0	0	0	0	2
LK-3134040	Kirindiela	Kirindiela	GND	360	4	0	0	0	0	0
LK-3134045	Thilakagama	Thilakagama	GND	401	2	0	0	0	0	3
LK-3134050	Henagoda	Henagoda	GND	324	1	0	2	0	0	0
LK-3134055	Gonapeenuwala Central	Gonapeenuwala Central	GND	680	4	0	0	0	0	1
LK-3134060	Woodland Watta	Woodland Watta	GND	496	5	0	1	0	0	1
LK-3134065	Berathuduwa	Berathuduwa	GND	154	1	0	0	0	0	1
LK-3134070	Hikkaduwa East	Hikkaduwa East	GND	389	1	0	1	0	0	0
LK-3134075	Arachchikanda	Arachchikanda	GND	832	2	0	3	0	0	0
LK-3134080	Gonapeenuwala East	Gonapeenuwala East	GND	336	1	0	0	0	0	0
LK-3134085	Gonapeenuwala West	Gonapeenuwala West	GND	386	3	5	0	0	1	1
LK-3134090	Dodamkahavila	Dodankahavila	GND	492	4	0	1	0	0	0
LK-3134095	Kaluwagaha Colony	Kaluwagaha Janapadaya	GND	132	1	0	0	0	0	0
LK-3135	Madampagama	Madampagama	DSD	9095	63	9	4	0	0	34
LK-3135005	Urawatta	Urawatta	GND	253	1	0	0	0	0	1
LK-3135010	Dewagoda West	Dewagoda West	GND	158	0	0	0	0	0	0
LK-3135015	Dewagoda East	Dewagoda East	GND	342	4	1	0	0	0	1
LK-3135020	Deldoowa	Deldoowa	GND	95	1	0	0	0	0	0
LK-3135025	Idanthota	Idanthota	GND	494	2	0	0	0	0	5
LK-3135030	Kuleegoda West	Kuleegoda West	GND	214	1	0	0	0	0	1
LK-3135035	Galagoda East	Galagoda East	GND	715	11	0	0	0	0	0
LK-3135040	Galagoda West	Galagoda West	GND	213	0	0	0	0	0	6
LK-3135045	Kuleegoda East	Kuleegoda East	GND	218	3	0	0	0	0	0
LK-3135050	Wellabada	Wellabada	GND	309	4	0	0	0	0	1
LK-3135055	Usmudulawa	Usmudulawa	GND	390	3	0	0	0	0	0
LK-3135060	Wenamulla	wenamulla	GND	268	0	0	0	0	0	0
LK-3135065	Dimbuldoowa	Dimbuldoowa	GND	262	1	0	1	0	0	0
LK-3135070	Andurangoda	Andurangoda	GND	250	2	1	0	0	0	1
LK-3135075	Galdoowa	Galdoowa	GND	213	0	0	0	0	0	0
LK-3135080	Akurala	Akurala	GND	245	1	0	0	0	0	2
LK-3135085	Akurala North	Akurala North	GND	63	0	1	0	0	0	0
LK-3135090	Akurala South	Akurala South	GND	69	0	3	0	0	0	2
LK-3135095	Uduwaragoda North	Uduwaragoda North	GND	135	0	1	0	0	0	0
LK-3135100	Uduwaragoda South	Uduwaragoda South	GND	142	0	0	0	0	0	0
LK-3135105	Kahawa	Kahawa	GND	414	1	0	1	0	0	1
LK-3135110	Weragoda	Weragoda	GND	278	1	1	0	0	0	0
LK-3135115	Delmar Colony	Delmar Colony	GND	122	3	0	1	0	0	9
LK-3135120	Harannagala	Harannagala	GND	81	5	0	0	0	0	0
LK-3135125	Godagama South	Godagama South	GND	91	3	0	0	0	0	1
LK-3135130	Godagama North	Godagama North	GND	112	0	0	0	0	0	0
LK-3135135	Daluwathumulla	Daluwathumulla	GND	136	2	0	0	0	0	0
LK-3135140	Thelwatta	Thelwatta	GND	263	2	0	0	0	0	0
LK-3135145	Pereliya North	Pereliya North	GND	152	1	0	0	0	0	1
LK-3135150	Pereliya South	Pereliya South	GND	75	0	0	0	0	0	2
LK-3135155	Seenigama	Seenigama	GND	123	1	0	0	0	0	0
LK-3135160	Seenigama East	seenigama East	GND	177	0	0	0	0	0	0
LK-3135165	Malawenna	Malawenna	GND	490	0	1	0	0	0	0
LK-3135170	Kalupe	Kalupe	GND	432	3	0	0	0	0	0
LK-3135175	Udumulla	Udumulla	GND	484	5	0	1	0	0	0
LK-3135180	Medagoda	Medagoda	GND	224	1	0	0	0	0	0
LK-3135185	Werellana	Werellana	GND	115	0	0	0	0	0	0
LK-3135190	Thotagamuwa	Thotagamuwa	GND	278	1	0	0	0	0	0
LK-3136	Hikkaduwa	Hikkaduwa	DSD	7488	13	13	11	0	1	17
LK-3136005	Wellawatta	Wellawatta	GND	302	1	0	0	0	0	0
LK-3136010	Nakanda	Nakanda	GND	158	0	0	0	0	0	0
LK-3136015	Hikkaduwa Central	Hikkaduwa Central	GND	356	1	2	0	0	0	0
LK-3136020	Hikkaduwa West	Hikkaduwa West	GND	384	1	1	0	0	0	0
LK-3136025	Hikkaduwa Nagarikaya	Hikkaduwa Nagarikaya	GND	303	0	1	0	0	1	0
LK-3136030	Wavulagoda West	Wavulagoda West	GND	137	0	0	2	0	0	0
LK-3136035	Wavulagoda East	Wavulagoda East	GND	189	0	2	1	0	0	1
LK-3136040	Nalagasdeniya	Nalagasdeniya	GND	373	1	1	0	0	0	0
LK-3136045	Millagoda	Millagoda	GND	197	0	0	2	0	0	0
LK-3136050	Wewala	Wewala	GND	135	0	1	0	0	0	2
LK-3136055	Pannamgoda	Pannamgoda	GND	194	0	0	0	0	0	0
LK-3136060	Narigama Wellabada	Narigama Wellabada	GND	376	0	1	1	0	0	3
LK-3136065	Narigama	Narigama	GND	99	0	0	0	0	0	0
LK-3136070	Kuda Wewala	Kuda Wewala	GND	285	1	2	1	0	0	0
LK-3136075	Delgahadoowa	Delgahadoowa	GND	346	2	0	0	0	0	2
LK-3136080	Katukoliha	Katukoliha	GND	300	0	1	0	0	0	2
LK-3136085	Thiranagama	Thiranagama	GND	203	2	1	0	0	0	1
LK-3136090	Thiranagama Wellabada	Thiranagama Wellabada	GND	155	0	0	0	0	0	0
LK-3136095	Patuwatha	Patuwatha	GND	315	0	0	0	0	0	0
LK-3136100	Gammaduwatta	Gammaduwatta	GND	289	0	0	0	0	0	0
LK-3136105	Hennathota	Hennathota	GND	336	0	0	2	0	0	1
LK-3136110	Pinkanda	Pinkanda	GND	299	0	0	0	0	0	0
LK-3136115	Handaudumulla	Handaudumulla	GND	418	0	0	0	0	0	0
LK-3136120	Dodandugoda	Dodandugoda	GND	311	0	0	0	0	0	2
LK-3136125	Modara Patuwatha	Modara Patuwatha	GND	470	3	0	0	0	0	2
LK-3136130	Dodandoowa	Dodandoowa	GND	329	1	0	1	0	0	0
LK-3136135	Uduhalpitiya	Uduhalpitiya	GND	229	0	0	1	0	0	1
LK-3137	Rathgama	Rathgama	DSD	10733	69	5	6	0	1	15
LK-3137005	Thotavila	Thotavila	GND	450	1	0	1	0	0	0
LK-3137010	Mawadavila	Mawadavila	GND	488	1	0	0	0	0	0
LK-3137015	Panvila Pahalagoda	Panvila Pahalagoda	GND	814	2	0	2	0	0	2
LK-3137020	Imbula	Imbula	GND	492	5	0	0	0	0	0
LK-3137025	Katudampe	Katudampe	GND	351	0	0	0	0	0	1
LK-3137030	Karawegoda	Karawegoda	GND	149	1	0	0	0	0	0
LK-3137035	Devinigoda	Devinigoda	GND	360	1	0	0	0	0	0
LK-3137040	Bopagoda	Bopagoda	GND	533	2	0	0	0	0	1
LK-3137045	Kandegoda	Kandegoda	GND	230	1	0	0	0	0	1
LK-3137050	Ranapanadeniya	Ranapanadeniya	GND	440	4	0	0	0	0	1
LK-3137055	Rejjipura	Rejjipura	GND	556	9	0	0	0	0	2
LK-3137060	Medawala	Medawala	GND	119	2	0	0	0	0	1
LK-3137065	Maliduwa	Maliduwa	GND	264	0	0	0	0	0	1
LK-3137070	Palanthriyagoda	Palanthriyagoda	GND	165	0	0	0	0	0	1
LK-3137075	Ganegoda	Ganegoda	GND	497	1	0	1	0	0	0
LK-3137080	Rathgama Hegoda	Rathgama Hegoda	GND	192	1	0	0	0	0	0
LK-3137085	Palliyapitiya	Palliyapitiya	GND	230	2	1	0	0	0	0
LK-3137090	Gammeddegoda	Gammeddegoda	GND	227	4	1	0	0	0	0
LK-3137095	Gammeddegoda East	Gammeddegoda East	GND	119	0	0	0	0	0	0
LK-3137100	Gammeddegoda-Rajgama	Gammeddegoda-Rajgama	GND	140	2	0	0	0	0	0
LK-3137105	Owakanda	Owakanda	GND	250	5	0	0	0	0	0
LK-3137110	Kapumulugoda	Kapumulugoda	GND	678	7	2	1	0	0	0
LK-3137115	Rathna Udagama	Rathna Udagama	GND	269	0	0	0	0	0	0
LK-3137120	Mahahegoda	Mahahegoda	GND	329	0	0	0	0	0	0
LK-3137125	Hegoda	Hegoda	GND	345	4	0	0	0	0	0
LK-3137130	Kedala	Kedala	GND	379	3	0	0	0	0	0
LK-3137135	Rupeewala	Rupeewala	GND	249	0	0	0	0	0	1
LK-3137140	Dolikanda	Dolikanda	GND	230	6	0	0	0	0	0
LK-3137145	Boossa	Boossa	GND	417	1	1	1	0	0	2
LK-3137150	Kadurupe	Kadurupe	GND	422	2	0	0	0	0	0
LK-3137155	Pitiwella South	Pitiwella South	GND	135	0	0	0	0	1	1
LK-3137160	Pitiwella North	Pitiwella North	GND	214	2	0	0	0	0	0
LK-3139	Galle 4 Gravets	Galle Four Gravets	DSD	26251	75	84	34	1	0	30
LK-3139005	Ukwatta East	Ukwatta East	GND	190	0	0	1	0	0	0
LK-3139010	Ukwatta West	Ukwatta West	GND	295	0	0	0	0	0	0
LK-3139015	Maha Hapugala	Maha Hapugala	GND	944	2	0	0	0	0	0
LK-3139020	Kurunduwatta	Kurunduwatta	GND	1066	3	0	0	0	0	0
LK-3139025	Welipitimodara	Welipitimodara	GND	814	7	3	0	1	0	0
LK-3139030	Ginthota West	Ginthota West	GND	346	0	0	0	0	0	0
LK-3139035	Ginthota East	Ginthota East	GND	342	0	0	0	0	0	0
LK-3139040	Piyadigama	Piyadigama	GND	675	1	0	0	0	0	1
LK-3139045	Bope North	Bope North	GND	311	1	0	9	0	0	1
LK-3139050	Bope East	Bope  East	GND	610	1	2	1	0	0	1
LK-3139055	Kumbalwella North	Kumbalwella North	GND	253	0	1	0	0	0	0
LK-3139060	Madawalamulla North	Madawalamulla North	GND	1071	0	3	0	0	0	0
LK-3139065	Madawalamulla South	Madawalamulla South	GND	342	2	0	0	0	0	1
LK-3139070	Deddugoda North	Deddugoda North	GND	731	2	5	3	0	0	0
LK-3139075	Deddugoda South	Deddugoda South	GND	703	6	2	2	0	0	0
LK-3139080	Maitipe	Maitipe	GND	536	1	2	0	0	0	0
LK-3139085	Welipatha	Welipatha	GND	617	0	12	0	0	0	0
LK-3139090	Maligaspe	Maligaspe	GND	282	1	0	0	0	0	0
LK-3139095	Dangedara East	Dangedara East	GND	737	0	2	8	0	0	1
LK-3139100	Dangedara West	Dangedara West	GND	579	1	5	1	0	0	0
LK-3139105	Bataganvila	Bataganvila	GND	377	0	0	0	0	0	0
LK-3139110	Galwadugoda	Galwadugoda	GND	785	4	21	0	0	0	0
LK-3139115	Richmond Kanda	Richmond Kanda	GND	264	0	0	0	0	0	0
LK-3139120	Bope West	Bope West	GND	668	0	0	0	0	0	2
LK-3139125	Siyambalagahawatta	Siyambalagahawatta	GND	584	2	0	0	0	0	3
LK-3139130	Dadalla East	Dadalla East	GND	297	2	0	0	0	0	0
LK-3139135	Dadalla West	Dadalla West	GND	457	4	0	2	0	0	2
LK-3139140	Walawwatta	Walawwatta	GND	415	3	0	1	0	0	0
LK-3139145	Kumbalwella South	Kumbalwella South	GND	571	5	10	1	0	0	1
LK-3139150	Mahamodara	Mahamodara	GND	313	0	0	0	0	0	0
LK-3139155	Osanagoda	Osanagoda	GND	437	0	0	0	0	0	1
LK-3139160	Kandewatta	Kandewatta	GND	692	0	0	0	0	0	0
LK-3139165	Sanghamittapura	Sanghamittapura	GND	241	0	1	0	0	0	0
LK-3139170	Madapathala	Madapathala	GND	540	1	0	0	0	0	1
LK-3139175	Pokunawatta	Pokunawatta	GND	226	0	0	0	0	0	3
LK-3139180	Milidduwa	Milidduwa	GND	925	2	0	0	0	0	0
LK-3139185	Ettiligoda South	Ettiligoda South	GND	811	8	3	0	0	0	3
LK-3139190	Makuluwa	Makuluwa	GND	1218	0	3	1	0	0	0
LK-3139195	Pettigalawatta	Pettigalawatta	GND	321	1	2	1	0	0	0
LK-3139200	Thalapitiya	Thalapitiya	GND	1267	2	0	0	0	0	0
LK-3139205	Kongaha	Kongaha	GND	300	0	0	0	0	0	0
LK-3139210	Weliwatta	Weliwatta	GND	488	7	0	0	0	0	6
LK-3139215	Minuwangoda	Minuwangoda	GND	63	0	0	0	0	0	0
LK-3139220	Kaluwella	Kaluwella	GND	299	1	0	2	0	0	0
LK-3139225	Cheena Koratuwa	Cheena Koratuwa	GND	183	0	0	0	0	0	0
LK-3139230	Fort	Fort	GND	154	0	0	0	0	0	0
LK-3139235	Magalla	Magalle	GND	483	0	6	1	0	0	0
LK-3139240	Dewathura	Dewathura	GND	357	2	1	0	0	0	1
LK-3139245	Katugoda	Katugoda	GND	843	3	0	0	0	0	2
LK-3139250	Dewata	Dewata	GND	228	0	0	0	0	0	0
LK-3142	Bope-Poddala	Bope-Poddala	DSD	15346	77	74	16	0	2	13
LK-3142005	Poddala	Poddala	GND	179	0	2	1	0	0	0
LK-3142010	Pannamaga	Pannamaga	GND	305	1	1	0	0	0	0
LK-3142015	Mulana West	Mulana West	GND	200	0	0	0	0	0	0
LK-3142020	Mulana East	Mulana East	GND	170	0	0	0	0	0	0
LK-3142025	Panvila	Panvila	GND	365	3	0	1	0	0	0
LK-3142030	Narawala	Narawala	GND	150	2	0	0	0	0	0
LK-3142035	Walawatta	Walawatta	GND	263	1	0	0	0	0	0
LK-3142040	Magadeniya	Magadeniya	GND	509	3	1	0	0	1	0
LK-3142045	Baswatta	Baswatta	GND	274	1	0	0	0	0	0
LK-3142050	Addaragoda	Addaragoda	GND	243	2	0	0	0	0	0
LK-3142055	Meepawala	Meepawala	GND	317	0	9	1	0	0	0
LK-3142060	Penideniya	Penideniya	GND	196	0	0	0	0	0	1
LK-3142065	Opatha	Opatha	GND	291	2	0	1	0	0	0
LK-3142070	Wakwella	Wakwella	GND	530	1	1	0	0	0	1
LK-3142075	Niladeniya	Niladeniya	GND	640	2	0	0	0	0	0
LK-3142080	Hapugala	Hapugala	GND	465	0	0	0	0	0	0
LK-3142085	Beraliyadola	Beraliyadola	GND	521	4	10	0	0	0	0
LK-3142090	Silvagewatta	Silvagewatta	GND	191	3	0	0	0	0	0
LK-3142095	Uluvitike	Uluvitike	GND	329	0	1	0	0	0	0
LK-3142100	Holuwagoda	Holuwagoda	GND	291	3	1	0	0	0	0
LK-3142105	Labudoowa	Labudoowa	GND	357	1	0	1	0	1	0
LK-3142110	Kurunda Kanda	Kurunda Kanda	GND	265	5	0	0	0	0	0
LK-3142115	Kurunda	Kurunda	GND	202	1	0	0	0	0	0
LK-3142120	Thotagoda	Thotagoda	GND	218	0	4	0	0	0	0
LK-3142125	Galketiya	Galketiya	GND	341	6	1	0	0	0	0
LK-3142130	Godakanda	Godakanda	GND	490	2	1	0	0	0	3
LK-3142135	Bangalawatta	Bangalawatta	GND	232	0	12	5	0	0	1
LK-3142140	Bokaramullagoda	Bokaramullagoda	GND	259	0	0	0	0	0	0
LK-3142145	Thunhiripana	Thunhiripana	GND	510	5	0	1	0	0	1
LK-3142150	Abeysundarawatta	Abeysundarawatta	GND	445	2	4	0	0	0	2
LK-3142155	Watareka East	Watareka  East	GND	737	1	2	1	0	0	1
LK-3142160	Pelawatta	Pelawatta	GND	392	1	0	0	0	0	0
LK-3142165	Mampitiya	Mampitiya	GND	452	0	0	0	0	0	2
LK-3142170	Kalegana South	Kalegana South	GND	275	0	0	2	0	0	0
LK-3142175	Kalegana North	Kalegana North	GND	322	1	0	0	0	0	0
LK-3142180	Kithulampitiya	Kithulampitiya	GND	553	4	6	0	0	0	0
LK-3142185	Kahadoowawatta	Kahaduwawatta	GND	275	3	5	0	0	0	0
LK-3142190	Navinna	Navinna	GND	307	0	0	0	0	0	0
LK-3142195	Hirimburagama	Hirimburagama	GND	455	2	5	0	0	0	1
LK-3142200	Karapitiya	Karapitiya	GND	532	6	0	0	0	0	0
LK-3142205	Ambagahawatta	Ambagahawatta	GND	335	0	0	0	0	0	0
LK-3142210	Kapuhempala	Kapuhempala	GND	421	2	0	0	0	0	0
LK-3142215	Kerenvila	Kerenvila	GND	191	6	0	0	0	0	0
LK-3142220	Paliwathugoda	Paliwathugoda	GND	351	1	8	2	0	0	0
LK-3145	Akmeemana	Akmeemana	DSD	23356	150	16	20	1	3	57
LK-3145005	Thalgasyaya	Thalgasyaya	GND	504	0	0	0	0	0	0
LK-3145010	Niyagama	Niyagama	GND	374	0	0	0	0	1	0
LK-3145015	Ambagahavila	Ambagahavila	GND	361	5	1	3	0	0	1
LK-3145020	Ihalagoda East	Ihalagoda East	GND	1137	12	0	0	0	0	1
LK-3145025	Amalgama	Amalgama	GND	380	2	0	0	0	0	0
LK-3145030	Ketandola	Ketandola	GND	228	2	0	0	0	0	0
LK-3145035	Hiyare North	Hiyare North	GND	265	2	1	0	0	0	3
LK-3145040	Kandahena	Kandahena	GND	145	0	0	0	0	0	0
LK-3145045	Welihena	Welihena	GND	209	7	0	0	0	0	0
LK-3145050	Kadurugashena	Kadurugashena	GND	372	4	0	0	0	0	5
LK-3145055	Hiyare East	Hiyare East	GND	367	0	0	0	0	0	1
LK-3145060	Ihala Hiyare	Ihala Hiyare	GND	440	0	0	0	0	0	0
LK-3145065	Hiyare South	Hiyare South	GND	270	1	0	0	0	0	0
LK-3145070	Etambagasmulla	Etambagasmulla	GND	217	6	0	0	0	0	0
LK-3145075	Ihalagoda Colony	Ihalagoda Colony	GND	428	8	0	0	0	0	4
LK-3145080	Ihalagoda South	Ihalagoda South	GND	482	1	0	4	0	0	0
LK-3145085	Ihalagoda West	Ihalagoda West	GND	357	0	4	0	0	0	1
LK-3145090	Akmeemana	Akmeemana	GND	304	0	0	0	0	0	1
LK-3145095	Ganegoda	Ganegoda	GND	299	0	1	0	0	0	0
LK-3145100	Ganegoda West	Ganegoda West	GND	205	2	0	0	0	0	0
LK-3145105	Kirindagoda	Kirindagoda	GND	160	0	0	0	0	0	0
LK-3145110	Badungoda Colony	Badungoda Colony	GND	214	0	0	0	0	0	0
LK-3145115	Badungoda	Badungoda	GND	318	2	0	0	0	0	0
LK-3145120	Pinnadoowa Colony	Pinnadoowa Colony	GND	352	3	0	0	0	0	0
LK-3145125	Weliketiya	Weliketiya	GND	272	0	0	0	0	0	0
LK-3145130	Halgasmulla	Halgasmulla	GND	391	13	0	0	0	0	0
LK-3145135	Amukotuwa	Amukotuwa	GND	576	0	0	0	0	0	1
LK-3145140	Nivithipitigoda	Nivithipitigoda	GND	318	2	0	0	0	0	2
LK-3145145	Thalahitiyawa	Thalahitiyawa	GND	405	9	0	0	0	0	0
LK-3145150	Ankokkawala	Ankokkawala	GND	464	7	1	1	0	0	2
LK-3145155	Pinnadoowa	Pinnadoowa	GND	724	0	0	0	0	1	1
LK-3145160	Manavila	Manavila	GND	424	2	1	2	0	1	1
LK-3145165	Walahanduwa	Walahanduwa	GND	589	6	1	0	1	0	2
LK-3145170	Yakgaha	Yakgaha	GND	262	5	1	1	0	0	1
LK-3145175	Meegoda	Meegoda	GND	377	11	0	0	0	0	0
LK-3145180	Pilana	Pilana	GND	566	2	0	0	0	0	2
LK-3145185	Pedinnoruwa	Pedinnoruwa	GND	274	1	0	1	0	0	0
LK-3145190	Melegoda	Melegoda	GND	503	0	0	1	0	0	1
LK-3145195	Bambaragoda	Bambaragoda	GND	700	7	0	0	0	0	3
LK-3145200	Anangoda	Anangoda	GND	382	1	0	0	0	0	5
LK-3145205	Hinidumgoda	Hinidumgoda	GND	369	1	0	0	0	0	1
LK-3145210	Kerenvila Colony	Kerenvila Colony	GND	334	7	0	0	0	0	0
LK-3145215	Haliwala	Haliwala	GND	769	1	0	0	0	0	4
LK-3145220	Ettiligoda North	Ettiligoda North	GND	276	0	0	0	0	0	0
LK-3145225	Ambalanwatta	Ambalanwatta	GND	369	0	3	3	0	0	2
LK-3145230	Jambuketiya	Jambuketiya	GND	254	1	0	0	0	0	1
LK-3145235	Batadoowa	Batadoowa	GND	541	0	1	2	0	0	1
LK-3145240	Kaduruduwa	Kaduruduwa	GND	472	2	0	1	0	0	0
LK-3145245	Panagamuwa	Panagamuwa	GND	282	1	0	0	0	0	3
LK-3145250	Galgamuwa	Galgamuwa	GND	375	0	0	0	0	0	5
LK-3145255	Divulana Colony	Divulana Colony	GND	223	0	0	0	0	0	0
LK-3145260	Handugoda	Handugoda	GND	296	1	0	0	0	0	0
LK-3145265	Kalahe	Kalahe	GND	254	0	1	0	0	0	0
LK-3145270	Wanchawala	Wanchawala	GND	291	0	0	0	0	0	0
LK-3145275	Attaragoda	Attaragoda	GND	217	4	0	0	0	0	0
LK-3145280	Nugadoowa	Nugadoowa	GND	616	0	0	0	0	0	1
LK-3145285	Batadoowa West	Batadoowa West	GND	363	3	0	0	0	0	0
LK-3145290	Thalpegoda	Thalpegoda	GND	193	0	0	0	0	0	0
LK-3145295	Yatagama	Yatagama	GND	199	0	0	1	0	0	0
LK-3145300	Rathkindagoda	Rathkindagoda	GND	301	1	0	0	0	0	0
LK-3145305	Metaramba	Metaramba	GND	383	0	0	0	0	0	0
LK-3145310	Thalpe North	Thalpe North	GND	186	3	0	0	0	0	0
LK-3145315	Nagahawatta	Nagahawatta	GND	178	2	0	0	0	0	1
LK-3148	Yakkalamulla	Yakkalamulla	DSD	13241	138	4	5	0	0	19
LK-3148005	Nawala	Nawala	GND	302	5	0	0	0	0	0
LK-3148010	Thellambura North	Thellambura North	GND	154	0	0	0	0	0	3
LK-3148015	Nakiyadeniya	Nakiyadeniya	GND	709	9	0	1	0	0	2
LK-3148020	Nakiyadeniya North	Nakiyadeniya North	GND	293	6	0	0	0	0	0
LK-3148025	Wattehena	Wattehena	GND	177	4	0	0	0	0	0
LK-3148030	Wathogala	Wathogala	GND	299	5	0	0	0	0	1
LK-3148035	Moraketiya	Moraketiya	GND	440	4	1	1	0	0	0
LK-3148040	Gahalakoladeniya	Gahalakoladeniya	GND	324	8	0	0	0	0	0
LK-3148045	Udumalagala	Udumalagala	GND	292	3	0	0	0	0	0
LK-3148050	Ihala Nakiyadeniya	Ihala Nakiyadeniya	GND	238	0	0	0	0	0	1
LK-3148055	Pahala Thellambura	Pahala Thellambura	GND	343	2	0	0	0	0	0
LK-3148060	Ihala Thellambura	Ihala Thellambura	GND	375	2	0	0	0	0	1
LK-3148065	Nevungala	Nevungala	GND	307	2	0	0	0	0	0
LK-3148070	Nevungala South	Nevungala South	GND	256	0	0	0	0	0	0
LK-3148075	Kottawa	Kottawa	GND	367	3	0	0	0	0	1
LK-3148080	Thellambura South	Thellambura South	GND	263	4	0	0	0	0	0
LK-3148085	Yakkalamulla East	Yakkalamulla East	GND	203	3	0	1	0	0	0
LK-3148090	Nabadawa	Nabadawa	GND	341	2	0	0	0	0	0
LK-3148095	Yatamalagala	Yatamalagala	GND	205	0	0	0	0	0	0
LK-3148100	Ihala Karagoda	Ihala Karagoda	GND	227	0	0	0	0	0	0
LK-3148105	Magedara North	Magedara North	GND	207	3	0	0	0	0	0
LK-3148110	Magedara East	Magedara East	GND	457	0	0	0	0	0	0
LK-3148115	Ella Ihala	Ella Ihala	GND	392	9	0	1	0	0	0
LK-3148120	Magedara	Magedara	GND	213	1	0	0	0	0	0
LK-3148125	Uduwella	Uduwella	GND	285	5	0	0	0	0	1
LK-3148130	Karagoda	Karagoda	GND	252	1	0	0	0	0	0
LK-3148135	Pahala Karagoda	Pahala Karagoda	GND	211	1	0	0	0	0	0
LK-3148140	Polpagoda	Polpagoda	GND	305	2	0	0	0	0	0
LK-3148145	Beranagoda	Beranagoda	GND	480	5	0	0	0	0	1
LK-3148150	Yakkalamulla	Yakkalamulla	GND	397	2	1	0	0	0	0
LK-3148155	Kottawa East	Kottawa East	GND	308	5	0	0	0	0	0
LK-3148160	Kottawa West	Kottawa West	GND	511	2	1	1	0	0	3
LK-3148165	Thalgampala North	Thalgampala North	GND	315	7	0	0	0	0	0
LK-3148170	Udubettawa	Udubettawa	GND	212	1	0	0	0	0	1
LK-3148175	Udubettawa West	Udubettawa West	GND	248	3	0	0	0	0	0
LK-3148180	Thalgampala	Thalgampala	GND	286	2	0	0	0	0	1
LK-3148185	Hiriyamalkumbura	Hiriyamalkumbura	GND	288	4	0	0	0	0	1
LK-3148190	Polpagoda West	Polpagoda West	GND	285	7	0	0	0	0	0
LK-3148195	Kaludiyawala	Kaludiyawala	GND	182	0	0	0	0	0	0
LK-3148200	Badungala	Badungala	GND	209	1	0	0	0	0	0
LK-3148205	Rathamalaketiya	Rathamalaketiya	GND	198	1	0	0	0	0	0
LK-3148210	Welendawa	Welendawa	GND	335	12	0	0	0	0	0
LK-3148215	Pahala Walpola	Pahala Walpola	GND	322	1	0	0	0	0	2
LK-3148220	Ihala Walpala	Ihala Walpala	GND	228	1	1	0	0	0	0
LK-3151	Imaduwa	Imaduwa	DSD	13232	125	6	4	0	2	21
LK-3151005	Pituwalahena	Pituwalahena	GND	148	4	0	0	0	0	0
LK-3151010	Mayakaduwa	Mayakaduwa	GND	234	0	0	0	0	0	0
LK-3151015	Kabaragala	Kabaragala	GND	338	3	0	0	0	0	1
LK-3151020	Danduwana	Danduwana	GND	151	0	0	0	0	0	1
LK-3151025	Hatangala	Hatangala	GND	155	3	0	0	0	0	1
LK-3151030	Bedipita	Badipita	GND	328	7	1	0	0	0	2
LK-3151035	Puswelkada	Puswelkada	GND	223	0	0	0	0	0	0
LK-3151040	Ihala Kombala	Ihala Kombala	GND	233	3	0	0	0	0	0
LK-3151045	Kombala	Kombala	GND	237	1	0	2	0	0	0
LK-3151050	Imaduwa Athireka 1	Imaduwa Athireka	GND	216	4	0	0	0	0	0
LK-3151055	Paragoda	Paragoda	GND	357	3	1	0	0	0	0
LK-3151060	Wathawana	Wathawana	GND	290	3	1	0	0	0	2
LK-3151065	Hawpe North	Hawpe North	GND	284	0	0	0	0	0	1
LK-3151070	Hawpe	Hawpe	GND	483	3	0	0	0	0	0
LK-3151075	Angulugaha	Angulugaha	GND	350	11	0	0	0	0	1
LK-3151080	Rangoda	Rangoda	GND	164	0	0	0	0	0	0
LK-3151085	Dorape	Dorape	GND	260	4	0	0	0	0	0
LK-3151090	Welikonda	Welikonda	GND	318	0	0	0	0	0	2
LK-3151095	Pelawatta	Pelawatta	GND	355	1	1	0	0	0	1
LK-3151100	Polhena	Polhena	GND	545	11	0	0	0	0	2
LK-3151105	Kahanda	Kahanda	GND	266	1	0	0	0	0	4
LK-3151110	Kahanda Athireka 1	Kahanda Athireka 1	GND	237	1	0	0	0	0	0
LK-3151115	Godaudamandiya	Godaudamandiya	GND	214	2	0	0	0	0	0
LK-3151120	Mawella	Mawella	GND	115	3	0	0	0	0	0
LK-3151125	Deegoda Athireka 01	Deegoda Athireka 1	GND	248	2	0	0	0	0	0
LK-3151130	Imaduwa	Imaduwa	GND	370	1	0	0	0	0	0
LK-3151135	Hettigoda	Hettigoda	GND	311	2	0	0	0	0	0
LK-3151140	Deegoda	Deegoda	GND	238	1	0	0	0	0	0
LK-3151145	Kalugalagoda	Kalugalagoda	GND	167	3	0	1	0	0	0
LK-3151150	Ihala Mawella	Ihala Mawella	GND	204	1	0	0	0	0	0
LK-3151155	Thittagalla East	Thittagalla East	GND	288	8	0	0	0	0	0
LK-3151160	Ampavila	Ampavila	GND	323	3	0	0	0	0	1
LK-3151165	Malalgodapitiya	MalalgodaPitiya	GND	168	1	0	0	0	0	0
LK-3151170	Dikkumbura	Dikkumbura	GND	592	2	1	0	0	1	0
LK-3151175	Kodagoda South	Kodagoda South	GND	258	4	1	0	0	0	0
LK-3151180	Kodagoda East	Kodagoda East	GND	305	5	0	1	0	0	0
LK-3151185	Horadugoda	Horadugoda	GND	317	5	0	0	0	0	0
LK-3151190	Ellalagoda	Ellalagoda	GND	236	3	0	0	0	0	0
LK-3151195	Andugoda	Andugoda	GND	478	3	0	0	0	0	0
LK-3151200	Panugalgoda	Panugalgoda	GND	460	5	0	0	0	1	1
LK-3151205	Indurannavila	Indurannavila	GND	577	2	0	0	0	0	0
LK-3151210	Atanikitha	Atanikitha	GND	914	4	0	0	0	0	1
LK-3151215	Thittagalla West	Thittagalla west	GND	277	2	0	0	0	0	0
LK-3154	Habaraduwa	Habaraduwa	DSD	17064	152	7	5	0	3	32
LK-3154005	Yaddehimulla	Yaddehimulla	GND	201	2	0	0	0	0	1
LK-3154010	Bonavistawa	Bonavistawa	GND	290	1	0	0	0	0	1
LK-3154015	Unawatuna West	Unawatuna West	GND	209	0	0	0	0	0	0
LK-3154020	Unawatuna East	Unawatuna East	GND	488	1	0	1	0	0	0
LK-3154025	Maharamba	Maharamba	GND	223	2	0	0	0	0	0
LK-3154030	Dalawella	Dalawella	GND	152	2	0	0	0	0	0
LK-3154035	Unawatuna Central	Unawatuna Central	GND	208	1	1	0	0	0	0
LK-3154040	Thalpe South	Thalpe South	GND	227	3	0	0	0	0	0
LK-3154045	Heenatigala South	Heenatigala South	GND	228	1	0	0	0	0	0
LK-3154050	Wellethota	Wellethota	GND	473	7	0	0	0	0	6
LK-3154055	Halloluwagoda	Halloluwagoda	GND	282	3	0	0	0	0	0
LK-3154060	Handugoda	Handugoda	GND	215	0	0	0	0	0	0
LK-3154065	Dodampe	Dodampe	GND	217	5	0	0	0	0	0
LK-3154070	Attaragoda	Attaragoda	GND	311	1	0	0	0	0	0
LK-3154075	Thalpe East	Thalpe East	GND	320	2	0	0	0	0	1
LK-3154080	Kahawennagama	Kahawennagama	GND	320	7	0	0	0	0	0
LK-3154085	Morampitigoda	Morampitigoda	GND	305	1	0	0	0	0	0
LK-3154090	Uragasgoda	Uragasgoda	GND	228	5	0	0	0	0	0
LK-3154095	Pitidoowa	Pitidoowa	GND	293	1	0	0	0	0	0
LK-3154100	Meepe	Meepe	GND	502	3	0	1	0	0	0
LK-3154105	Bogahamulugoda	Bogahamulugoda	GND	228	1	0	0	0	0	0
LK-3154110	Happawana	Happawana	GND	204	0	0	0	0	0	0
LK-3154115	Annasiwathugoda	Annasiwathugoda	GND	265	1	0	0	0	0	0
LK-3154120	Harumalgoda West	Harumalgoda West	GND	450	3	0	0	0	0	1
LK-3154125	Lanumodara	Lanumodara	GND	351	0	0	0	0	0	0
LK-3154130	Liyanagoda	Liyanagoda	GND	240	4	0	0	0	0	0
LK-3154135	Katukurunda	Katukurunda	GND	509	1	2	1	0	0	0
LK-3154140	Harumalgoda Central	Harumalgoda Central	GND	380	6	0	0	0	2	2
LK-3154145	Godawatta	Godawatta	GND	365	3	0	0	0	0	1
LK-3154150	Harumalgoda East	Harumalgoda East	GND	591	3	0	0	0	0	6
LK-3154155	Koggala Athireka I	Koggala Athireka 1	GND	352	2	0	0	0	0	1
LK-3154160	Koggala Athireka II	Koggala Athireka 2	GND	423	12	0	0	0	0	0
LK-3154165	Koggala	Koggala	GND	193	0	0	0	0	0	1
LK-3154170	Kathaluwa West	Kathaluwa West	GND	179	1	0	0	0	0	0
LK-3154175	Atadahewathugoda	Atadahewathugoda	GND	266	4	0	0	0	0	0
LK-3154180	Kathaluwa East	Kathaluwa East	GND	349	10	0	0	0	0	1
LK-3154185	Welhengoda	Welhengoda	GND	248	0	0	1	0	0	0
LK-3154190	Kathaluwa Central	Kathaluwa Central	GND	268	8	0	0	0	0	0
LK-3154195	Alawathuthisgoda	Alawathuthisgoda	GND	226	4	1	1	0	0	4
LK-3154200	Pelessa	Pelessa	GND	320	2	0	0	0	0	0
LK-3154205	Korahedigoda	Korahedigoda	GND	420	4	0	0	0	0	0
LK-3154210	Ahangama Nakanda	Ahangama Nakanda	GND	362	2	0	0	0	0	0
LK-3154215	Kalapuwa	Kalapuwa	GND	184	0	0	0	0	0	0
LK-3154220	Ahangamgoda	Ahangamgoda	GND	254	1	2	0	0	0	0
LK-3154225	Danduhela	Danduhela	GND	273	0	0	0	0	0	0
LK-3154230	Meegahagoda	Meegahagoda	GND	376	6	0	0	0	0	3
LK-3154235	Kahawathugoda	Kahawathugoda	GND	403	7	0	0	0	0	0
LK-3154240	Meliyagoda	Meliyagoda	GND	396	2	0	0	0	1	2
LK-3154245	Piyadigama West	Piyadigama West	GND	258	1	0	0	0	0	0
LK-3154250	Wadugegoda	Wadugegoda	GND	150	2	0	0	0	0	0
LK-3154255	Karandugoda	Karandugoda	GND	233	1	0	0	0	0	1
LK-3154260	Kalahegoda	Kalahegoda	GND	120	0	0	0	0	0	0
LK-3154265	Dommannegoda	Dommannegoda	GND	310	2	0	0	0	0	0
LK-3154270	Piyadigama East	Piyadigama East	GND	127	2	0	0	0	0	0
LK-3154275	Ahangama Central	Ahangama Central	GND	223	3	0	0	0	0	0
LK-3154280	Digaredda	Digaredda	GND	165	1	0	0	0	0	0
LK-3154285	Thaldoowa	Thaldoowa	GND	245	3	0	0	0	0	0
LK-3154290	Ahangama East	Ahangama East	GND	244	2	0	0	0	0	0
LK-3154295	Goviyapana	Goviyapana	GND	222	0	1	0	0	0	0
LK-32	Matara	Matara	DISTRICT	229169	1828	269	118	4	19	539
LK-3203	Pitabaddara	Pitabeddara	DSD	14360	230	5	11	0	1	45
LK-3203005	Kalubovitiyana	Kalubovitiyana	GND	282	9	0	0	0	0	1
LK-3203010	Galabada	Galabada	GND	330	4	0	0	0	0	0
LK-3203015	Ambewela	Ambewela	GND	397	13	0	1	0	0	0
LK-3203020	Dangala West	Dangala West	GND	414	4	0	0	0	0	0
LK-3203025	Banagala East	Banagala East	GND	370	12	0	1	0	0	2
LK-3203030	Dangala East	Dangala East	GND	418	5	1	0	0	0	1
LK-3203035	Banagala West	Banagala West	GND	281	0	0	0	0	0	0
LK-3203040	Edandukitha West	Edandukitha West	GND	256	4	0	0	0	0	0
LK-3203045	Edandukitha East	Edandukitha East	GND	264	2	0	0	0	0	3
LK-3203050	Alapaladeniya South	Alapaladeniya South	GND	291	5	0	0	0	0	1
LK-3203055	Alapaladeniya North	Alapaladeniya North	GND	312	1	0	1	0	0	3
LK-3203060	Kiriwelkele North	Kiriwelkele North	GND	562	1	0	0	0	0	0
LK-3203065	Rambukana West	Rambukana West	GND	344	6	0	1	0	0	1
LK-3203070	Kodikaragoda West	Kodikaragoda West	GND	463	7	0	0	0	0	1
LK-3203075	Kodikaragoda East	Kodikaragoda East	GND	366	2	0	0	0	0	3
LK-3203080	Weliwa	Weliwa	GND	506	4	0	1	0	0	2
LK-3203085	Rambukana East	Rambukana East	GND	337	7	2	0	0	0	1
LK-3203090	Thalapekumbura	Thalapekumbura	GND	344	2	0	0	0	0	0
LK-3203095	Kudagalahena	Kudagalahena	GND	390	7	0	0	0	0	0
LK-3203100	Kiriwelkele South	Kiriwelkele South	GND	399	7	0	0	0	0	3
LK-3203105	Derangala	Derangala	GND	508	5	0	0	0	0	1
LK-3203110	Thennahena	Thennahena	GND	423	16	0	2	0	0	0
LK-3203115	Gorakawela	Gorakawela	GND	375	0	0	1	0	0	1
LK-3203120	Siyambalagoda West	Siyambalagoda West	GND	335	8	0	0	0	0	3
LK-3203125	Kosnilgoda	Kosnilgoda	GND	400	3	0	0	0	0	0
LK-3203130	Aluwana	Aluwana	GND	294	15	0	0	0	0	0
LK-3203135	Paradupalla	Paradupalla	GND	193	3	0	0	0	1	0
LK-3203140	Mahapothuvila	Mahapothuvila	GND	335	4	0	1	0	0	2
LK-3203145	Dankoluwa	Dankoluwa	GND	646	13	0	0	0	0	4
LK-3203150	Pitabeddara	Pitabeddara	GND	367	8	0	1	0	0	0
LK-3203155	Kaduruwana	Kaduruwana	GND	454	3	0	0	0	0	0
LK-3203160	Dehigaspe	Dehigaspa	GND	331	4	2	0	0	0	5
LK-3203165	Kotagala	Kotagala	GND	275	12	0	0	0	0	0
LK-3203170	Siyambalagoda East	Siyambalagoda East	GND	194	3	0	0	0	0	0
LK-3203175	Wanasinkanda	Wanasinkanda	GND	172	4	0	0	0	0	2
LK-3203180	Diyadawa	Diyadawa	GND	361	9	0	0	0	0	2
LK-3203185	Ihala Ainagama	Ihala Ainagama	GND	257	7	0	0	0	0	0
LK-3203190	Elamaldeniya	Elamaldeniya	GND	366	2	0	1	0	0	0
LK-3203195	Wathurakumbura	Wathurakumbura	GND	361	4	0	0	0	0	1
LK-3203200	Puwakbadovita	Puwakbadovita	GND	387	5	0	0	0	0	2
LK-3206	Kotapola	Kotapola	DSD	17654	206	7	14	0	1	51
LK-3206005	Mederipitiya	Mederipitiya	GND	299	5	0	2	0	0	1
LK-3206010	Keeriwalagama	Keeriwalagama	GND	425	2	0	0	0	0	0
LK-3206015	Kiriweldola	Kiriweldola	GND	455	6	0	0	0	0	2
LK-3206020	Kandilpana	Kandilpana	GND	783	16	0	1	0	0	2
LK-3206025	Viharahena	Viharahena	GND	748	7	0	1	0	0	2
LK-3206030	Adaradeniya	Adaradeniya	GND	419	8	0	0	0	0	11
LK-3206035	Ihalagama	Ihalagama	GND	559	7	0	0	0	0	1
LK-3206040	Bateyaya	Bateyaya	GND	464	3	1	1	0	0	0
LK-3206045	Pussawela	Pussawela	GND	336	1	0	0	0	0	7
LK-3206050	Pallegama North	Pallegama North	GND	629	8	0	0	0	0	0
LK-3206055	Pathawala Nadakanda	Pathawala Nadakanda	GND	388	2	0	0	0	0	1
LK-3206060	Poddana	Poddana	GND	428	5	1	0	0	0	3
LK-3206065	Kolawenigama	Kolawenigama	GND	518	7	0	2	0	0	1
LK-3206070	Pallegama South	Pallegama South	GND	672	8	0	0	0	0	0
LK-3206075	Deniyaya West	Deniyaya West	GND	439	0	0	0	0	1	1
LK-3206080	Deniyaya	Deniyaya	GND	554	3	0	0	0	0	0
LK-3206085	Kalugalahena	Kalugalahena	GND	745	15	0	0	0	0	0
LK-3206090	Thenipita	Thenipita	GND	850	10	1	0	0	0	0
LK-3206095	Mugunumulla	Mugunumulla	GND	262	3	0	0	0	0	2
LK-3206100	Nawalahena	Nawalahena	GND	357	11	0	0	0	0	0
LK-3206105	Kotapola North	Kotapola North	GND	752	10	2	0	0	0	5
LK-3206110	Nishshankapura	Nishshankapura	GND	360	0	0	0	0	0	0
LK-3206115	Beliattakumbura	Beliattakumbura	GND	459	3	0	0	0	0	0
LK-3206120	Morawaka	Morawaka	GND	852	4	0	1	0	0	1
LK-3206125	Porupitiya	Porupitiya	GND	313	2	1	1	0	0	4
LK-3206130	Waralla	Waralla	GND	346	0	0	0	0	0	0
LK-3206135	Koodaludeniya	Koodaludeniya	GND	335	5	1	1	0	0	0
LK-3206140	Kotapola South	Kotapola South	GND	497	2	0	0	0	0	0
LK-3206145	Usamalagoda	Usamalagoda	GND	417	3	0	0	0	0	1
LK-3206150	Lindagawahena	Lindagawahena	GND	546	7	0	2	0	0	3
LK-3206155	Kosmodara	Kosmodara	GND	433	6	0	2	0	0	2
LK-3206160	Ilukpitiya	Ilukpitiya	GND	332	4	0	0	0	0	0
LK-3206165	Horagala East	Horagala East	GND	213	3	0	0	0	0	0
LK-3206170	Horagala West	Horagala West	GND	464	15	0	0	0	0	0
LK-3206175	Uvaragala	Uvaragala	GND	205	10	0	0	0	0	0
LK-3206180	Pelawatta	Pelawatta	GND	485	2	0	0	0	0	1
LK-3206185	Paragala	Paragala	GND	315	3	0	0	0	0	0
LK-3209	Pasgoda	Pasgoda	DSD	17854	324	4	11	0	1	59
LK-3209005	Batandura South	Batandura South	GND	424	3	0	0	0	0	6
LK-3209010	Batandura North	Batandura North	GND	269	7	0	0	0	0	0
LK-3209015	Thalapalakanda	Thalapalakanda	GND	395	11	0	0	0	0	0
LK-3209020	Kekundeniya	Kekundeniya	GND	529	5	0	0	0	0	1
LK-3209025	Ketawala	Ketawala	GND	495	15	0	1	0	0	2
LK-3209030	Ginnaliya North	Ginnaliya North	GND	430	18	1	1	0	0	0
LK-3209035	Pattigala	Pattigala	GND	598	5	0	0	0	0	4
LK-3209040	Beralapanathara South	Beralapanathara South	GND	378	11	0	0	0	0	0
LK-3209045	Beralapanathara North	Beralapanathara North	GND	557	6	0	0	0	0	0
LK-3209050	Wijayagama	Wijayagama	GND	372	4	0	0	0	0	2
LK-3209055	Pathavita	Pathavita	GND	359	5	0	0	0	0	2
LK-3209060	Kirilipana	Kirilipana	GND	496	5	1	0	0	0	5
LK-3209065	Moragala	Moragala	GND	346	4	0	0	0	0	2
LK-3209070	Keeripitiya East	Keeripitiya East	GND	428	15	0	0	0	0	0
LK-3209075	Urubokka	Urubokka	GND	790	6	1	2	0	0	2
LK-3209080	Ginnaliya West	Ginnaliya West	GND	383	10	0	0	0	0	0
LK-3209085	Ginnaliya South	Ginnaliya South	GND	375	4	0	0	0	0	2
LK-3209090	Ginnaliya East	Ginnaliya East	GND	341	4	0	0	0	0	1
LK-3209095	Mekiliyathenna	Mekiliyathenna	GND	587	4	0	0	0	0	0
LK-3209100	Heegoda	Heegoda	GND	587	9	0	1	0	0	4
LK-3209105	Keeripitiya West	Keeripitiya West	GND	362	2	0	0	0	0	2
LK-3209110	Pothdeniya	Pothdeniya	GND	334	4	0	0	0	0	2
LK-3209115	Mologgamuwa North	Mologgamuwa North	GND	266	13	0	0	0	0	1
LK-3209120	Mologgamuwa South	Mologgamuwa South	GND	294	10	0	0	0	0	1
LK-3209125	Bengamuwa West	Bengamuwa West	GND	440	27	0	1	0	0	2
LK-3209130	Bengamuwa East	Bengamuwa East	GND	426	4	0	0	0	1	0
LK-3209135	Dampahala West	Dampahala West	GND	484	10	0	1	0	0	2
LK-3209140	Hulankanda	Hulankanda	GND	440	15	0	0	0	0	0
LK-3209145	Dampahala East	Dampahala East	GND	584	19	0	0	0	0	0
LK-3209150	Pasgoda	Pasgoda	GND	791	4	1	1	0	0	2
LK-3209155	Bengamuwa South	Bengamuwa South	GND	372	1	0	1	0	0	1
LK-3209160	Denkandaliya	Denkandaliya	GND	204	6	0	0	0	0	1
LK-3209165	Panakaduwa West	Panakaduwa West	GND	351	5	0	0	0	0	0
LK-3209170	Rotumba East	Rotumba East	GND	194	3	0	0	0	0	0
LK-3209175	Napathella	Napathella	GND	224	0	0	0	0	0	1
LK-3209180	Andaluwa	Andaluwa	GND	300	5	0	0	0	0	0
LK-3209185	Ehelakanda	Ehelakanda	GND	344	1	0	0	0	0	5
LK-3209190	Galketikanda	Galketikanda	GND	263	0	0	0	0	0	0
LK-3209195	Rotumba West	Rotumba West	GND	265	6	0	0	0	0	2
LK-3209200	Panakaduwa East	Panakaduwa East	GND	391	10	0	1	0	0	0
LK-3209205	Gomila	Gomila	GND	453	6	0	0	0	0	2
LK-3209210	Puwakgahahena	Puwakgahahena	GND	322	2	0	0	0	0	1
LK-3209215	Mawarala	Mawarala	GND	611	20	0	1	0	0	1
LK-3212	Mulatiyana	Mulatiyana	DSD	14481	105	3	2	1	1	22
LK-3212005	Gombaddala North	Gombaddala North	GND	246	3	0	0	0	0	0
LK-3212010	Kudapana	Kudapana	GND	238	3	0	0	0	0	0
LK-3212015	Ketapalakanda	Ketapalakanda	GND	319	7	1	0	0	0	3
LK-3212020	Gammedagama	Gammedagama	GND	246	1	0	0	0	0	0
LK-3212025	Ketiyape North	Ketiyape North	GND	249	2	0	0	0	0	0
LK-3212030	Athapattukanda	Athapattukanda	GND	317	0	0	0	0	0	1
LK-3212035	Parapamulla East	Parapamulla East	GND	327	3	0	0	0	0	0
LK-3212040	Ketiyape South	Ketiyape South	GND	245	2	0	0	0	0	0
LK-3212045	Galetumba	Galetumba	GND	248	0	0	0	0	0	0
LK-3212050	Neralampitiya	Neralampitiya	GND	293	1	0	0	0	0	0
LK-3212055	Mulatiyana	Mulatiyana	GND	332	8	0	0	0	0	0
LK-3212060	Diddenipotha North	Diddenipotha North	GND	171	3	0	0	0	0	0
LK-3212065	Beragama North	Beragama North	GND	409	0	0	0	0	0	0
LK-3212070	Gombaddala South	Gombaddala South	GND	377	1	0	0	0	0	2
LK-3212075	Beragama West	Beragama West	GND	419	5	0	0	0	0	0
LK-3212080	Beragama South	Beragama South	GND	322	4	0	0	0	0	0
LK-3212085	Makandura West	Makandura West	GND	393	1	0	0	0	0	1
LK-3212090	Beragama East	Beragama East	GND	311	2	0	0	0	0	0
LK-3212095	Diddenipotha East	Diddenipotha East	GND	179	0	0	0	0	0	0
LK-3212100	Diddenipotha South	Diddenipotha South	GND	300	1	0	0	0	0	0
LK-3212105	Seenipella West	Seenipella West	GND	362	3	0	0	0	0	0
LK-3212110	Maduwala	Maduwala	GND	367	1	0	0	0	1	0
LK-3212115	Seenipella East	Seenipella East	GND	264	2	0	0	0	0	1
LK-3212120	Deiyandara	Deiyandara	GND	550	2	0	0	0	0	0
LK-3212125	Parapamulla West	Parapamulla West	GND	198	4	0	0	0	0	0
LK-3212130	Parapamulla South	Parapamulla South	GND	191	1	0	0	0	0	1
LK-3212135	Dewalegama West	Dewalegama West	GND	340	3	0	0	0	0	1
LK-3212140	Dewalegama East	Dewalegama East	GND	241	2	0	0	0	0	0
LK-3212145	Batadola	Batadola	GND	343	6	0	0	0	0	0
LK-3212150	Kithsiripura	Kithsiripura	GND	250	1	0	0	0	0	0
LK-3212155	Radawela West	Radawela West	GND	202	0	0	0	0	0	1
LK-3212160	Belpamulla	Belpamulla	GND	253	2	0	0	0	0	0
LK-3212165	Bamunugama West	Bamunugama West	GND	387	1	0	0	0	0	0
LK-3212170	Makandura East	Makandura  East	GND	370	1	0	0	0	0	2
LK-3212175	Ransegoda East	Ransegoda East	GND	255	1	0	0	0	0	0
LK-3212180	Meepavita	Meepavita	GND	291	3	0	0	0	0	0
LK-3212185	Mudaligedara	Mudaligedara	GND	240	2	0	0	0	0	0
LK-3212190	Rathkekulawa	Rathkekulawa	GND	431	0	0	0	0	0	0
LK-3212195	Ransegoda North	Ransegoda North	GND	455	5	0	0	0	0	4
LK-3212200	Ransegoda South	Ransegoda South	GND	399	0	0	0	1	0	1
LK-3212205	Ransegoda West	Ransegoda West	GND	217	1	0	0	0	0	0
LK-3212210	Koramburuwana	Koramburuwana	GND	229	0	0	0	0	0	0
LK-3212215	Horapavita South	Horapavita South	GND	263	5	0	0	0	0	0
LK-3212220	Horapavita North	Horapavita North	GND	340	1	0	0	0	0	0
LK-3212225	Bamunugama East	Bamunugama East	GND	246	0	0	1	0	0	1
LK-3212230	Radawela East	Radawela East	GND	249	2	2	1	0	0	0
LK-3212235	Pallawela	Pallawela	GND	232	7	0	0	0	0	3
LK-3212240	Pitawalgamuwa	Pitawalgamuwa	GND	375	2	0	0	0	0	0
LK-3215	Athuraliya	Athuraliya	DSD	8971	71	1	3	1	1	18
LK-3215005	Kehelwala	Kehelwala	GND	138	3	0	0	0	0	1
LK-3215010	Urumutta	Urumutta	GND	377	3	0	0	0	0	0
LK-3215015	Urumutta South	Urumutta South	GND	267	3	0	0	0	0	1
LK-3215020	Dematapassa	Dematapassa	GND	430	5	0	0	0	0	4
LK-3215025	Divithura	Divithura	GND	272	6	0	0	0	0	0
LK-3215030	Welihena	Welihena	GND	369	3	0	0	0	0	0
LK-3215035	Hawpe	Hawpe	GND	363	1	0	0	0	0	2
LK-3215040	Thalahagama West	Thalahagama West	GND	298	5	0	0	0	0	1
LK-3215045	Wenagama	Wenagama	GND	491	1	0	0	1	0	2
LK-3215050	Thalahagama East	Thalahagama East	GND	532	9	0	1	0	0	0
LK-3215055	Uggashena	Uggashena	GND	403	3	0	0	0	0	3
LK-3215060	Vilpita West	Vilpita West	GND	348	6	0	0	0	0	0
LK-3215065	Kanahalagama	Kanahalagama	GND	333	2	0	0	0	1	1
LK-3215070	Godapitiya	Godapitiya	GND	445	2	0	1	0	0	0
LK-3215075	Maragoda	Maragoda	GND	266	1	0	0	0	0	0
LK-3215080	Panadugama	Panadugama	GND	372	0	0	0	0	0	1
LK-3215085	Thibbotuwawa North	Thibbotuwawa North	GND	205	1	0	0	0	0	0
LK-3215090	Walagepiyadda	Walagepiyadda	GND	354	0	0	0	0	0	0
LK-3215095	Vilpita East 1	Vilpita East 1	GND	159	1	0	0	0	0	0
LK-3215100	Vilpita East 11	Vilpita East 11	GND	287	3	0	1	0	0	1
LK-3215105	Yahamulla	Yahamulla	GND	270	2	0	0	0	0	0
LK-3215110	Namburukanda	Namburukanda	GND	157	0	0	0	0	0	0
LK-3215115	Ihala Athuraliya	Ihala Athuraliya	GND	225	0	0	0	0	0	0
LK-3215120	Balakawala	Balakawala	GND	346	3	0	0	0	0	0
LK-3215125	Thibbotuwawa	Thibbotuwawa	GND	537	4	1	0	0	0	1
LK-3215130	Athuraliya West	Athuraliya West	GND	217	1	0	0	0	0	0
LK-3215135	Athuraliya East	Athuraliya East	GND	163	2	0	0	0	0	0
LK-3215140	Pahala Athuraliya	Pahala Athuraliya	GND	347	1	0	0	0	0	0
LK-3218	Akuressa	Akuressa	DSD	14947	145	4	7	0	1	33
LK-3218005	Diganahena	Diganahena	GND	151	5	1	0	0	0	1
LK-3218010	Lenama North	Lenama North	GND	480	7	0	0	0	0	1
LK-3218015	Hulandawa	Hulandawa	GND	163	9	0	0	0	0	0
LK-3218020	Maramba North	Maramba North	GND	354	3	0	0	0	0	1
LK-3218025	Peddapitiya North	Peddapitiya North	GND	304	3	0	0	0	0	1
LK-3218030	Idikatudeniya	Idikatudeniya	GND	189	0	0	0	0	0	0
LK-3218035	Lenama South	Lenama South	GND	213	3	0	0	0	0	2
LK-3218040	Udupitiya	Udupitiya	GND	143	1	0	0	0	0	0
LK-3218045	Weliketiya	Weliketiya	GND	347	2	0	0	0	0	4
LK-3218050	Dediyagala	Dediyagala	GND	432	5	0	1	0	0	1
LK-3218055	Vilagama	Vilagama	GND	132	3	0	0	0	0	0
LK-3218060	Ehelape	Ehelape	GND	448	3	0	0	0	0	0
LK-3218065	Dolamawatha	Dolamawatha	GND	447	5	0	0	0	0	4
LK-3218070	Kohugoda	Kohugoda	GND	331	14	0	0	0	0	0
LK-3218075	Ihala Maliduwa	Ihala Maliduwa	GND	318	1	0	0	0	0	0
LK-3218080	Ketanvila	Ketanvila	GND	362	0	0	0	0	0	1
LK-3218085	Nawalagoda	Nawalagoda	GND	287	2	0	0	0	0	0
LK-3218090	Ellewela	Ellewela	GND	352	2	0	0	0	0	0
LK-3218095	Minipogoda	Minipogoda	GND	215	0	0	0	0	0	0
LK-3218100	Peddapitiya South	Peddapitiya South	GND	274	1	0	2	0	0	2
LK-3218105	Maramba South	Maramba South	GND	271	0	0	0	0	0	0
LK-3218110	Ganhela	Ganhela	GND	277	2	0	0	0	0	0
LK-3218115	Asmagoda	Asmagoda	GND	195	0	0	0	0	0	0
LK-3218120	Higgoda	Higgoda	GND	450	3	0	0	0	0	0
LK-3218125	Diyalape	Diyalape	GND	290	5	0	0	0	0	0
LK-3218130	Eramudugoda	Eramudugoda	GND	369	4	1	0	0	0	0
LK-3218135	Manikgoda	Manikgoda	GND	202	1	0	0	0	0	0
LK-3218140	Pahala Maliduwa	Pahala Maliduwa	GND	381	2	0	0	0	0	5
LK-3218145	Bopitiya	Bopitiya	GND	391	2	0	0	0	0	0
LK-3218150	Iluppella	Iluppella	GND	512	9	0	0	0	0	0
LK-3218155	Imbulgoda	Imbulgoda	GND	333	1	0	0	0	0	0
LK-3218160	Poramba	Poramba	GND	453	0	0	0	0	1	0
LK-3218165	Akuressa	Akuressa	GND	328	0	1	0	0	0	0
LK-3218170	Yakabedda	Yakabedda	GND	577	0	0	0	0	0	0
LK-3218175	Galabadahena	Galabadahena	GND	297	4	0	0	0	0	0
LK-3218180	Ihala Kiyanduwa	Ihala Kiyanduwa	GND	337	0	0	0	0	0	0
LK-3218185	Melewwa	Melewwa	GND	339	2	0	0	0	0	1
LK-3218190	Paraduwa North	Paraduwa North	GND	337	0	0	0	0	0	0
LK-3218195	Paraduwa East	Paraduwa East	GND	281	0	0	0	0	0	2
LK-3218200	Paraduwa South	Paraduwa South	GND	298	5	0	0	0	0	0
LK-3218205	Henegama	Henegama	GND	370	8	0	0	0	0	0
LK-3218210	Henegama West	Henegama West	GND	455	12	0	0	0	0	5
LK-3218215	Gallala	Gallala	GND	354	5	0	1	0	0	0
LK-3218220	Nimalawa East	Nimalawa East	GND	205	3	0	0	0	0	0
LK-3218225	Nimalawa	Nimalawa	GND	425	5	1	3	0	0	2
LK-3218230	Paragahawatta	Paragahawatta	GND	278	3	0	0	0	0	0
LK-3221	Welipitiya	Welipitiya	DSD	14822	107	3	8	0	0	50
LK-3221005	Wahala Kananke North	Wahala Kananke North	GND	268	0	0	0	0	0	1
LK-3221010	Nivithiwelbokka	Nivithiwelbokka	GND	393	3	0	0	0	0	5
LK-3221015	Poramba Kananke North	Poramba Kananke North	GND	412	3	1	0	0	0	0
LK-3221020	Puhulahena	Puhulahena	GND	278	5	0	0	0	0	1
LK-3221025	Poramba Kananke South	Poramba Kananke South	GND	533	1	0	0	0	0	2
LK-3221030	Wahala Kananke South	Wahala Kananke South	GND	364	2	0	0	0	0	0
LK-3221035	Nalawana	Nalawana	GND	190	1	0	0	0	0	0
LK-3221040	Penetiyana West	Penetiyana West	GND	403	10	0	0	0	0	0
LK-3221045	Penetiyana East	Penetiyana East	GND	226	2	0	1	0	0	1
LK-3221050	Wellana	Wellana	GND	257	2	0	4	0	0	2
LK-3221055	Udukawa North	Udukawa North	GND	466	1	0	0	0	0	0
LK-3221060	Udukawa South	Udukawa South	GND	552	6	1	0	0	0	2
LK-3221065	Hallala	Hallala	GND	332	3	0	0	0	0	0
LK-3221070	Bathalahena	Bathalahena	GND	273	6	0	0	0	0	0
LK-3221075	Kokmaduwa North	Kokmaduwa North	GND	197	4	0	0	0	0	2
LK-3221080	Sahabandu Kokmaduwa	Sahabandu Kokmaduwa	GND	235	2	0	0	0	0	1
LK-3221085	Jamburegoda East	Jamburegoda East	GND	114	1	0	0	0	0	0
LK-3221090	Padili Kokmaduwa	Padili Kokmaduwa	GND	307	2	0	0	0	0	0
LK-3221095	Beraleliya	Beraleliya	GND	380	0	0	0	0	0	0
LK-3221100	Jayawickramapura	Jayawickramapura	GND	399	5	0	0	0	0	2
LK-3221105	Warakapitiya North	Warakapitiya North	GND	452	3	0	0	0	0	1
LK-3221110	Warakapitiya East	Warakapitiya East	GND	259	1	0	0	0	0	1
LK-3221115	Warakapitiya South	Warakapitiya South	GND	461	2	0	0	0	0	2
LK-3221120	Meeruppa	Meeruppa	GND	439	4	0	0	0	0	1
LK-3221125	Uruvitiya	Uruvitiya	GND	350	2	0	0	0	0	0
LK-3221130	Watagedaramulla	Watagedaramulla	GND	523	3	0	0	0	0	3
LK-3221135	Moonamalpe	Moonamalpe	GND	351	2	0	0	0	0	1
LK-3221140	Welipitiya	Welipitiya	GND	918	2	0	0	0	0	1
LK-3221145	Palalla	Palalla	GND	584	1	0	0	0	0	1
LK-3221150	Jamburegoda West	Jamburegoda West	GND	208	1	0	0	0	0	0
LK-3221155	Ibbawala	Ibbawala	GND	148	2	0	0	0	0	1
LK-3221160	Vilegoda	Vilegoda	GND	299	8	0	0	0	0	0
LK-3221165	Borala	Borala	GND	354	3	0	0	0	0	1
LK-3221170	Maduragoda	Maduragoda	GND	580	2	1	1	0	0	3
LK-3221175	Kapuwatta	Kapuwatta	GND	298	0	0	0	0	0	0
LK-3221180	Denipitiya Central	Denipitiya Central	GND	708	2	0	2	0	0	7
LK-3221185	Denipitiya West	Denipitiya West	GND	555	3	0	0	0	0	5
LK-3221190	Denipitiya East	Denipitiya East	GND	756	7	0	0	0	0	3
LK-3224	Malimbada	Malimbada	DSD	10130	86	19	8	0	0	29
LK-3224005	Elgiriya	Elgiriya	GND	257	8	0	0	0	0	0
LK-3224010	Pahala Kiyaduwa	Pahala Kiyaduwa	GND	280	3	0	1	0	0	2
LK-3224015	Maragoda	Maragoda	GND	322	2	0	0	0	0	0
LK-3224020	Kekunawela	Kekunawela	GND	190	1	0	0	0	0	2
LK-3224025	Kadduwa	Kadduwa	GND	159	0	0	0	0	0	0
LK-3224030	Dampella	Dampella	GND	238	0	3	0	0	0	0
LK-3224035	Horagoda East	Horagoda East	GND	287	4	0	0	0	0	3
LK-3224040	Horagoda West	Horagoda West	GND	367	5	0	0	0	0	0
LK-3224045	Horagoda South	Horagoda South	GND	282	2	0	0	0	0	0
LK-3224050	Kadukanna	Kadukanna	GND	441	2	0	0	0	0	6
LK-3224055	Welandagoda	Welandagoda	GND	229	1	0	0	0	0	0
LK-3224060	Uninduwela	Uninduwela	GND	211	2	0	0	0	0	0
LK-3224065	Thelijjavila	Thelijjavila	GND	571	4	10	5	0	0	2
LK-3224070	Nape	Nape	GND	147	1	0	0	0	0	0
LK-3224075	Akurugoda North	Akurugoda North	GND	384	4	0	0	0	0	0
LK-3224080	Akurugoda East	Akurugoda East	GND	468	11	0	0	0	0	1
LK-3224085	Kirimetimulla South	Kirimetimulla South	GND	735	6	2	1	0	0	1
LK-3224090	Kirimetimulla North	Kirimetimulla North	GND	302	2	0	0	0	0	0
LK-3224095	Malimbada West	Malimbada West	GND	558	2	1	0	0	0	0
LK-3224100	Katuwangoda	Katuwangoda	GND	242	4	0	0	0	0	0
LK-3224105	Malimbada East	Malimbada East	GND	469	2	0	0	0	0	3
LK-3224110	Malimbada North	Malimbada North	GND	445	5	1	0	0	0	0
LK-3224115	Malimbada South	Malimbada South	GND	270	1	0	0	0	0	0
LK-3224120	Galpamuna	Galpamuna	GND	377	1	0	0	0	0	0
LK-3224125	Akurugoda South	Akurugoda South	GND	547	4	0	0	0	0	4
LK-3224130	Akurugoda West	Akurugoda West	GND	276	4	0	0	0	0	1
LK-3224135	Sulthanagoda West	Sulthanagoda West	GND	303	1	0	0	0	0	3
LK-3224140	Sulthanagoda East	Sulthanagoda East	GND	372	1	0	0	0	0	1
LK-3224145	Sulthanagoda South	Sulthanagoda South	GND	401	3	2	1	0	0	0
LK-3227	Kaburupitiya	Kamburupitiya	DSD	11845	62	12	3	0	1	20
LK-3227005	Gathara West	Gathara West	GND	279	4	0	0	0	0	1
LK-3227010	Gathara North	Gathara North	GND	244	2	0	0	0	0	2
LK-3227015	Gathara East	Gathara East	GND	394	2	0	0	0	0	4
LK-3227020	Beragammulla	Beragammulla	GND	287	1	0	0	0	0	1
LK-3227025	Eriyathota	Eriyathota	GND	376	0	0	1	0	0	1
LK-3227030	Ganegama	Ganegama	GND	155	0	0	0	0	0	0
LK-3227035	Narandeniya East	Narandeniya East	GND	230	1	0	0	0	0	0
LK-3227040	Narandeniya West	Narandeniya West	GND	194	1	0	1	0	0	0
LK-3227045	Malana	Malana	GND	328	0	0	0	0	0	0
LK-3227050	Magamure	Magamure	GND	233	1	0	0	0	0	0
LK-3227055	Sapugoda	Sapugoda	GND	526	1	0	0	0	0	0
LK-3227060	Lenabatuwa	Lenabatuwa	GND	301	7	0	0	0	0	2
LK-3227065	Bibulewela	Bibulewela	GND	243	2	0	0	0	0	0
LK-3227070	Godawa	Godawa	GND	361	1	0	0	0	0	0
LK-3227075	Pitakatuwana	Pitakatuwana	GND	307	2	0	0	0	0	0
LK-3227080	Kamburupitiya	Kamburupitiya	GND	456	0	0	0	0	0	0
LK-3227085	Ullala East	Ullala East	GND	584	3	0	1	0	0	0
LK-3227090	Thumbe	Thumbe	GND	261	1	1	0	0	0	0
LK-3227095	Karaputugala North	Karaputugala North	GND	231	0	0	0	0	0	0
LK-3227100	Karaputugala South	Karaputugala South	GND	265	0	0	0	0	0	1
LK-3227105	Ullala Masmulla	Ullala Masmulla	GND	325	3	0	0	0	0	0
LK-3227110	Ullala West	Ullala West	GND	382	0	1	0	0	0	2
LK-3227115	Mapalana Mangin Ihala	Mapalana Mangin Ihala	GND	342	4	1	0	0	0	0
LK-3227120	Mapalana Mangin Pahala	Mapalana Mangin Pahala	GND	283	1	0	0	0	0	0
LK-3227125	Seewelgama	Seewelgama	GND	561	0	0	0	0	0	0
LK-3227130	Ihala Vitiyala North	Ihala Vitiyala North	GND	272	1	2	0	0	0	0
LK-3227135	Karagoda Uyangoda 1 Atha East	Karagoda Uyangoda 1 Atha East	GND	432	5	0	0	0	0	0
LK-3227140	Karagoda Uyangoda 1 Atha West	Karagoda Uyangoda 1 Atha West	GND	274	3	0	0	0	0	0
LK-3227145	Karagoda Uyangoda 2 West	Karagoda Uyangoda 2 West	GND	236	1	0	0	0	0	0
LK-3227150	Karagoda Uyangoda 2 East	Karagoda Uyangoda 2 East	GND	241	1	1	0	0	0	0
LK-3227155	Ihala Vitiyala West	Ihala Vitiyala West	GND	199	0	0	0	0	0	0
LK-3227160	Ihala Vitiyala South	Ihala Vitiyala South	GND	226	1	5	0	0	1	0
LK-3227165	Ihala Vitiyala East	Ihala Vitiyala East	GND	263	1	0	0	0	0	0
LK-3227170	Akurugoda	Akurugoda	GND	238	2	0	0	0	0	0
LK-3227175	Kahagala	Kahagala	GND	326	3	1	0	0	0	2
LK-3227180	Kahagala South	Kahagala South	GND	260	6	0	0	0	0	0
LK-3227185	Urapola East	Urapola East	GND	194	1	0	0	0	0	0
LK-3227190	Palolpitiya	Palolpitiya	GND	367	0	0	0	0	0	4
LK-3227195	Urapola West	Urapola West	GND	169	0	0	0	0	0	0
LK-3230	Hakmana	Hakmana	DSD	9090	70	2	0	0	0	11
LK-3230005	Denagama East	Denagama East	GND	301	0	0	0	0	0	0
LK-3230010	Denagama North	Denagama North	GND	299	5	0	0	0	0	3
LK-3230015	Denagama West	Denagama West	GND	224	0	0	0	0	0	0
LK-3230020	Badabadda	Badabadda	GND	401	4	0	0	0	0	2
LK-3230025	Meeella	Meeella	GND	315	1	0	0	0	0	0
LK-3230030	Pananwela East	Pananwela East	GND	240	1	0	0	0	0	0
LK-3230035	Pananwela West	Pananwela west	GND	146	5	0	0	0	0	0
LK-3230040	Kohuliyadda	Kohuliyadda	GND	224	1	0	0	0	0	0
LK-3230045	Kebiliyapola North	Kebiliyapola North	GND	117	1	0	0	0	0	0
LK-3230050	Wepathaira North	Wepathaira North	GND	216	0	0	0	0	0	0
LK-3230055	Wepathaira West	Wepathaira West	GND	194	0	0	0	0	0	0
LK-3230060	Kandegoda	Kandegoda	GND	184	1	0	0	0	0	0
LK-3230065	Narawelpita East	Narawelpita East	GND	257	2	0	0	0	0	0
LK-3230070	Narawelpita North	Narawelpita North	GND	369	4	0	0	0	0	0
LK-3230075	Ellewela East	Ellewela East	GND	242	1	0	0	0	0	0
LK-3230080	Ellewela West	Ellewela West	GND	378	7	0	0	0	0	1
LK-3230085	Narawelpita South	Narawelpita South	GND	235	2	0	0	0	0	0
LK-3230090	Beruwela	Beruwela	GND	232	1	0	0	0	0	0
LK-3230095	Muruthamuraya	Muruthamuraya	GND	205	0	0	0	0	0	0
LK-3230100	Muruthamuraya West	Muruthamuraya West	GND	235	2	0	0	0	0	0
LK-3230105	Muruthamuraya East	Muruthamuraya East	GND	236	3	0	0	0	0	0
LK-3230110	Wepathaira South	Wepathaira South	GND	322	0	0	0	0	0	2
LK-3230115	Kebiliyapola South	Kebiliyapola South	GND	318	2	0	0	0	0	0
LK-3230120	Gangodagama	Gangodagama	GND	299	3	0	0	0	0	0
LK-3230125	Pottewela	Pottewela	GND	208	2	0	0	0	0	0
LK-3230130	Lalpe	Lalpe	GND	387	5	0	0	0	0	0
LK-3230135	Gammedapitiya	Gammedapitiya	GND	274	0	0	0	0	0	1
LK-3230140	Udupeellegoda East	Udupeellegoda East	GND	327	0	0	0	0	0	0
LK-3230145	Udupeellegoda West	Udupeellegoda West	GND	347	6	2	0	0	0	0
LK-3230150	Kongala East	Kongala East	GND	183	0	0	0	0	0	0
LK-3230155	Kongala South	Kongala South	GND	296	3	0	0	0	0	0
LK-3230160	Kongala Central	Kongala Central	GND	273	1	0	0	0	0	2
LK-3230165	Kongala West	Kongala West	GND	288	3	0	0	0	0	0
LK-3230170	Narawelpita West	Narawelpita West	GND	318	4	0	0	0	0	0
LK-3233	Kirinda Puhulwella	Kirinda Puhulwella	DSD	5761	46	5	0	0	0	2
LK-3233005	Ovitigamuwa South	Ovitigamuwa South	GND	290	0	0	0	0	0	0
LK-3233010	Ovitigamuwa North	Ovitigamuwa North	GND	284	2	0	0	0	0	0
LK-3233015	Malwathugoda	Malwathugoda	GND	278	2	0	0	0	0	0
LK-3233020	Galkanda	Galkanda	GND	182	3	0	0	0	0	0
LK-3233025	Kirinda Mangin Pahala	Kirinda Mangin Pahala	GND	208	0	0	0	0	0	0
LK-3233030	Kirinda Mangin Ihala North	Kirinda Mangin Ihala North	GND	230	0	0	0	0	0	0
LK-3233035	Hettiyawala West	Hettiyawala West	GND	204	0	0	0	0	0	0
LK-3233040	Hettiyawala North	Hettiyawala North	GND	251	5	1	0	0	0	0
LK-3233045	Boraluketiya	Boraluketiya	GND	163	1	0	0	0	0	0
LK-3233050	Karathota	Karathota	GND	246	2	0	0	0	0	0
LK-3233055	Naradda	Naradda	GND	222	3	0	0	0	0	0
LK-3233060	Kumbalgoda	Kumbalgoda	GND	181	1	0	0	0	0	0
LK-3233065	Hettiyawala East	Hettiyawala East	GND	235	2	0	0	0	0	0
LK-3233070	Hettiyawala South	Hettiyawala South	GND	252	2	0	0	0	0	0
LK-3233075	Wavulanbokka	Wavulanbokka	GND	188	1	1	0	0	0	0
LK-3233080	Puhulwella East	Puhulwella East	GND	221	1	2	0	0	0	0
LK-3233085	Puhulwella West	Puhulwella West	GND	267	5	1	0	0	0	0
LK-3233090	Kirinda Mangin Ihala South	Kirinda Mangin Ihala South	GND	251	1	0	0	0	0	0
LK-3233095	Kirinda Mangin Ihala Central	Kirinda Mangin Ihala Central	GND	321	2	0	0	0	0	0
LK-3233100	Kirinda Mangin Ihala East	Kirinda Mangin Ihala East	GND	236	3	0	0	0	0	0
LK-3233105	Wathukolakanda East	Wathukolakanda East	GND	299	2	0	0	0	0	0
LK-3233110	Walakanda South	Walakanda South	GND	172	1	0	0	0	0	0
LK-3233115	Walakanda West	Walakanda West	GND	227	3	0	0	0	0	0
LK-3233120	Walakanda East	Walakanda East	GND	160	4	0	0	0	0	0
LK-3233125	Wathukolakanda North	Wathukolakanda North	GND	193	0	0	0	0	0	2
LK-3236	Thihagoda	Thihagoda	DSD	9653	38	37	3	0	1	25
LK-3236005	Pahala Vitiyala West	Pahala Vitiyala West	GND	264	1	0	0	0	0	0
LK-3236010	Pahala Vitiyala Central	Pahala Vitiyala Central	GND	280	0	0	0	0	0	1
LK-3236015	Pahala Vitiyala East	Pahala Vitiyala East	GND	190	1	5	0	0	0	0
LK-3236020	Polathugoda	Polathugoda	GND	277	0	0	0	0	0	0
LK-3236025	Batuvita 1	Batuvita 1	GND	322	2	0	0	0	0	0
LK-3236030	Batuvita 2	Batuvita 2	GND	266	2	0	0	0	0	0
LK-3236035	Medauyangoda	Medauyangoda	GND	400	2	0	0	0	0	1
LK-3236040	Akkara Panaha	Akkara Panaha	GND	221	0	0	0	0	0	0
LK-3236045	Yatiyana	Yatiyana	GND	324	1	1	0	0	0	2
LK-3236050	Kottawatta	Kottawatta	GND	164	0	0	0	0	0	0
LK-3236055	Komangoda 2	Komangoda 2	GND	179	0	0	0	0	0	0
LK-3236060	Komangoda 1	Komangoda 1	GND	147	0	0	0	0	0	0
LK-3236065	Thihagoda East	Thihagoda East	GND	304	1	4	0	0	0	0
LK-3236070	Thihagoda	Thihagoda	GND	234	0	8	1	0	0	0
LK-3236075	Kithalagama East 2	Kithalagama East 2	GND	96	1	1	0	0	0	0
LK-3236080	Kithalagama East 3	Kithalagama East 3	GND	174	1	0	0	0	0	1
LK-3236085	Kithalagama Central	Kithalagama Central	GND	272	0	0	0	0	0	2
LK-3236090	Narangala	Narangala	GND	278	5	0	0	0	0	1
LK-3236095	Wellethota	Wellethota	GND	349	2	0	0	0	0	9
LK-3236100	Kithalagama West	Kithalagama West	GND	221	1	0	0	0	0	0
LK-3236105	Kithalagama East 1	Kithalagama East 1	GND	142	0	0	0	0	0	0
LK-3236110	Naimbala 1	Naimbala 1	GND	163	0	0	0	0	0	0
LK-3236115	Kapudoowa	Kapudoowa	GND	197	1	1	0	0	1	1
LK-3236120	Kapudoowa East	Kapudoowa East	GND	191	3	1	0	0	0	0
LK-3236125	Uduwa West	Uduwa West	GND	161	0	1	0	0	0	1
LK-3236130	Uduwa East	Uduwa East	GND	218	2	0	0	0	0	0
LK-3236135	Galbada	Galbada	GND	160	0	0	0	0	0	0
LK-3236140	Naimbala 2	Naimbala 2	GND	354	2	0	0	0	0	1
LK-3236145	Bandattara 2	Bandattara 2	GND	237	0	1	0	0	0	0
LK-3236150	Watagedara East	Watagedara East	GND	202	3	0	0	0	0	0
LK-3236155	Attudawa	Attudawa	GND	191	0	0	0	0	0	0
LK-3236160	Attudawa West	Attudawa West	GND	261	0	0	0	0	0	0
LK-3236165	Watagedara	Watagedara	GND	263	0	0	0	0	0	0
LK-3236170	Nadugala 2	Nadugala 2	GND	258	0	7	0	0	0	0
LK-3236175	Nadugala 1	Nadugala 1	GND	317	0	0	1	0	0	3
LK-3236180	Bandattara 1	Bandattara 1	GND	267	0	0	0	0	0	1
LK-3236185	Elambathalagoda	Elambathalagoda	GND	150	1	0	0	0	0	0
LK-3236190	Palatuwa	Palatuwa	GND	311	1	0	0	0	0	1
LK-3236195	Unella	Unella	GND	307	0	7	1	0	0	0
LK-3236200	Dematahettigoda	Dematahettigoda	GND	341	5	0	0	0	0	0
LK-3239	Weligama	Weligama	DSD	19352	117	10	6	1	2	37
LK-3239005	Midigama North	Midigama North	GND	491	5	0	0	1	0	2
LK-3239010	Pathegama	Pathegama	GND	299	8	1	0	0	0	0
LK-3239015	Moodugamuwa West	Moodugamuwa West	GND	354	3	0	0	0	0	0
LK-3239020	Moodugamuwa East	Moodugamuwa East	GND	253	1	0	0	0	0	0
LK-3239025	Kohunugamuwa	Kohunugamuwa	GND	391	1	0	0	0	0	3
LK-3239030	Walana	Walana	GND	496	0	0	0	0	0	0
LK-3239035	Wekada	Wekada	GND	951	14	0	0	0	0	4
LK-3239040	Denuwala	Denuwala	GND	342	4	0	0	0	0	0
LK-3239045	Midigama West	Midigama West	GND	407	7	0	0	0	0	0
LK-3239050	Midigama East	Midigama East	GND	348	3	0	1	0	0	0
LK-3239055	Hetti Weediya	Hetti  Weediya	GND	629	2	0	0	0	0	0
LK-3239060	Aluth Weediya	Aluth Weediya	GND	711	2	0	3	0	1	1
LK-3239065	Polwatta	Polwatta	GND	619	2	2	0	0	0	1
LK-3239070	Nidangala	Nidangala	GND	262	1	0	0	0	0	0
LK-3239075	Kotavila West	Kotavila West	GND	405	4	0	0	0	0	0
LK-3239080	Kotavila North	Kotavila North	GND	490	1	0	0	0	0	0
LK-3239085	Kamburugamuwa North	Kamburugamuwa North	GND	1075	1	5	0	0	0	2
LK-3239090	Kotavila South	Kotavila South	GND	586	3	0	1	0	0	0
LK-3239095	Henwala East	Henwala East	GND	326	2	2	0	0	0	0
LK-3239100	Polwathumodara	Polwathumodara	GND	315	1	0	0	0	0	0
LK-3239105	Pelena North	Pelena North	GND	326	3	0	0	0	0	0
LK-3239110	Pelena West	Pelena West	GND	347	1	0	0	0	0	2
LK-3239115	Galbokka East	Galbokka East	GND	317	0	0	0	0	0	0
LK-3239120	Galbokka West	Galbokka West	GND	248	0	0	0	0	0	1
LK-3239125	Paranakade	Paranakade	GND	310	0	0	0	0	0	0
LK-3239130	Walliwala East	Walliwala East	GND	605	3	0	1	0	0	1
LK-3239135	Pitidoowa	Pitidoowa	GND	382	2	0	0	0	0	0
LK-3239140	Gurubebila	Gurubebila	GND	433	5	0	0	0	0	2
LK-3239145	Walliwala West	Walliwala West	GND	346	1	0	0	0	0	0
LK-3239150	Walliwala South	Walliwala South	GND	302	0	0	0	0	0	0
LK-3239155	Maha Weediya	Maha Weediya	GND	365	3	0	0	0	0	1
LK-3239160	Pelena South	Pelena South	GND	265	1	0	0	0	0	0
LK-3239165	Henwala West	Henwala West	GND	256	8	0	0	0	0	1
LK-3239170	Garanduwa	Garanduwa	GND	315	2	0	0	0	0	1
LK-3239175	Mirissa Udumulla	Mirissa Udumulla	GND	338	4	0	0	0	0	3
LK-3239180	Mirissa Udupila	Mirissa Udupila	GND	465	2	0	0	0	0	2
LK-3239185	Mirissa North	Mirissa North	GND	319	1	0	0	0	0	2
LK-3239190	Mirissa South 2	Mirissa South 2	GND	353	0	0	0	0	0	0
LK-3239195	Kapparathota South	Kapparathota South	GND	287	1	0	0	0	0	0
LK-3239200	Kapparathota North	Kapparathota North	GND	461	1	0	0	0	0	2
LK-3239205	Mirissa South 1	Mirissa South 1	GND	286	1	0	0	0	0	0
LK-3239210	Bandaramulla	Bandaramulla	GND	406	1	0	0	0	0	1
LK-3239215	Thal Aramba North	Thal Aramba North	GND	487	1	0	0	0	0	1
LK-3239220	Thudella	Thudella	GND	292	0	0	0	0	0	1
LK-3239225	Kamburugamuwa South	Kamburugamuwa South	GND	410	2	0	0	0	0	1
LK-3239230	Kamburugamuwa West	Kamburugamuwa West	GND	230	3	0	0	0	0	1
LK-3239235	Thal Aramba East	Thal Aramba East	GND	214	1	0	0	0	1	0
LK-3239240	Thal Aramba South	Thal Aramba South	GND	237	5	0	0	0	0	1
LK-3242	Matara Four Gravets	Matara Four Gravets	DSD	31973	82	147	29	1	6	45
LK-3242005	Deeyagaha East	Deeyagaha East	GND	332	3	0	0	0	0	0
LK-3242010	Kekanadura East	Kekanadura East	GND	565	0	1	0	0	0	0
LK-3242015	Kokawala	Kokawala	GND	261	0	0	0	0	1	2
LK-3242020	Parawahera East	Parawahera East	GND	351	2	0	0	0	0	0
LK-3242025	Parawahera North	Parawahera North	GND	437	1	0	0	0	0	0
LK-3242030	Kekanadura North	Kekanadura North	GND	202	0	0	1	0	0	3
LK-3242035	Kekanadura Central	Kekanadura Central	GND	539	2	0	0	0	0	0
LK-3242040	Deeyagaha West	Deeyagaha West	GND	303	1	0	0	0	0	0
LK-3242045	Navimana North	Navimana North	GND	132	0	0	0	0	0	1
LK-3242050	Pahalagoda	Pahalagoda	GND	217	1	0	0	0	0	1
LK-3242055	Navimana South	Navimana South	GND	498	2	0	0	0	0	0
LK-3242060	Thudawa East	Thudawa East	GND	340	0	0	0	0	1	1
LK-3242065	Thudawa North	Thudawa North	GND	240	0	0	0	0	0	1
LK-3242070	Thudawa South	Thudawa South	GND	408	0	0	2	0	0	0
LK-3242075	Sudarshi Place	Sudarshi Place	GND	442	0	3	0	0	0	0
LK-3242080	Hittatiya East	Hittetiya East	GND	645	1	8	0	0	0	0
LK-3242085	Hittatiya Meda	Hittetiya Meda	GND	1099	2	20	0	0	0	1
LK-3242090	Godagama	Godagama	GND	661	1	2	0	0	0	0
LK-3242095	Eduwa - Madurudoowa	Eduwa - Madurudoowa	GND	298	4	0	0	0	0	0
LK-3242100	Kanattagoda North	Kanattagoda North	GND	500	1	0	1	0	0	0
LK-3242105	Wewahamandoowa	Wewahamandoowa	GND	894	2	1	0	0	0	1
LK-3242110	Hittatiya West	Hittetiya West	GND	427	0	0	1	0	0	0
LK-3242115	Isadeen Town	Isadeen Town	GND	649	1	6	0	0	0	0
LK-3242120	Weliweriya West	Weliweriya West	GND	376	0	0	0	0	0	0
LK-3242125	Weliweriya East	Weliweriya East	GND	721	3	4	0	0	0	1
LK-3242130	Walpala	Walpala	GND	686	1	13	0	0	0	1
LK-3242135	Weragampita	Weragampita	GND	929	0	1	0	0	1	0
LK-3242140	Ruwan Ella	Ruwan Ella	GND	430	3	0	0	0	0	0
LK-3242145	Kekanadura West	Kekanadura West	GND	208	0	0	0	0	0	0
LK-3242150	Kekanadura South	Kekanadura South	GND	713	10	0	0	0	0	1
LK-3242155	Parawahera South	Parawahera South	GND	528	1	0	0	0	0	1
LK-3242160	Thalpavila North	Thalpavila North	GND	1091	3	2	4	0	0	3
LK-3242165	Nakuttiya	Nakuttiya	GND	279	5	0	0	0	0	4
LK-3242170	Veherahena	Veherahena	GND	805	1	1	4	0	0	2
LK-3242175	Makavita	Makavita	GND	386	1	2	0	0	0	0
LK-3242180	Weradoowa	Weradoowa	GND	351	1	2	0	0	0	0
LK-3242185	Uyanwatta	Uyanwatta	GND	602	0	2	3	0	0	1
LK-3242190	Uyanwatta North	Uyanwatta North	GND	651	4	1	0	0	0	3
LK-3242195	Kadeweediya East	Kadeweediya East	GND	499	0	0	0	0	1	1
LK-3242200	Kadeweediya West	Kadeweediya West	GND	504	0	14	0	0	0	0
LK-3242205	Welegoda East	Welegoda East	GND	934	3	4	7	0	0	1
LK-3242210	Welegoda West	Welegoda West	GND	551	0	2	0	1	0	1
LK-3242215	Mathotagama	Mathotagama	GND	457	2	0	0	0	0	1
LK-3242220	Walgama North	Walgama North	GND	738	0	1	0	0	0	0
LK-3242225	Kanattegoda South	Kanattagoda South	GND	331	3	0	0	0	0	1
LK-3242230	Madiha West	Madiha West	GND	607	1	14	0	0	0	1
LK-3242235	Walgama	Walgama	GND	784	0	1	0	0	0	1
LK-3242240	Walgama Meda	Walgama Meda	GND	522	0	0	0	0	0	1
LK-3242245	Walgama South	Walgama South	GND	559	1	8	3	0	0	1
LK-3242250	Madiha East	Madiha East	GND	272	0	0	0	0	0	1
LK-3242255	Polhena	Polhena	GND	588	0	0	0	0	0	0
LK-3242260	Pamburana	Pamburana	GND	758	1	1	0	0	0	0
LK-3242265	Noope	Noope	GND	210	1	3	0	0	0	0
LK-3242270	Kadeweediya South	Kadeweediya South	GND	283	0	0	0	0	0	0
LK-3242275	Thotamuna	Thotamuna	GND	412	0	2	0	0	0	0
LK-3242280	Fort	Fort	GND	190	0	0	0	0	0	0
LK-3242285	Kotuwegoda North	Kotuwegoda North	GND	286	1	0	0	0	0	0
LK-3242290	Eliyakanda North	Eliyakanda North	GND	293	0	1	0	0	0	0
LK-3242295	Meddawatta	Meddawatta	GND	429	1	0	0	0	0	4
LK-3242300	Rassandeniya	Rassandeniya	GND	621	4	0	0	0	0	2
LK-3242305	Wewa Ihalagoda	Wewa Ihalagoda	GND	496	2	3	1	0	0	0
LK-3242310	Thalpavila South	Thalpavila South	GND	353	1	7	2	0	0	0
LK-3242315	Gandarawatta	Gandarawatta	GND	260	1	0	0	0	0	0
LK-3242320	Meddawatta South	Meddawatta South	GND	219	1	0	0	0	0	0
LK-3242325	Eliyakanda South	Eliyakanda South	GND	405	1	17	0	0	0	1
LK-3242330	Kotuwegoda South	Kotuwegoda South	GND	216	1	0	0	0	2	0
LK-3245	Devinuwara	Devinuwara	DSD	13249	60	7	7	0	1	27
LK-3245005	Kadawedduwa West	Kadawedduwa West	GND	403	0	1	1	0	0	0
LK-3245010	Kadawedduwa East	Kadawedduwa East	GND	203	0	0	0	0	0	0
LK-3245015	Walbulugahahena	Walbulugahahena	GND	293	8	0	0	0	0	0
LK-3245020	Aparekka North	Aparekka North	GND	164	0	0	0	0	0	1
LK-3245025	Uda Aparekka East	Uda Aparekka East	GND	405	1	0	0	0	0	1
LK-3245030	Uda Aparekka	Uda Aparekka	GND	483	3	0	0	0	0	6
LK-3245035	Palle Aparekka	Palle Aparekka	GND	252	1	0	0	0	0	0
LK-3245040	Agarawala	Agarawala	GND	227	0	0	0	0	1	0
LK-3245045	Beddegammedda	Beddegammedda	GND	359	0	0	0	0	0	0
LK-3245050	Pathegama East	Pathegama East	GND	121	0	0	0	0	0	0
LK-3245055	Pathegama North	Pathegama North	GND	145	0	0	0	0	0	0
LK-3245060	Naotunna	Naotunna	GND	337	10	0	0	0	0	0
LK-3245065	Naotunna North	Naotunna North	GND	222	2	0	0	0	0	0
LK-3245070	Thalalla North	Thalalla North	GND	374	0	0	0	0	0	0
LK-3245075	Thalalla East	Thalalla East	GND	302	0	2	0	0	0	1
LK-3245080	Thalalla South	Thalalla South	GND	410	0	0	0	0	0	0
LK-3245085	Naotunna Central	Naotunna Central	GND	195	1	0	0	0	0	0
LK-3245090	Naotunna South	Naotunna South	GND	231	0	0	1	0	0	2
LK-3245095	Thalalla Central	Thalalla Central	GND	383	1	0	0	0	0	0
LK-3245100	Delgalla	Delgalla	GND	270	2	0	0	0	0	1
LK-3245105	Kapugama North	Kapugama North	GND	474	1	0	0	0	0	0
LK-3245110	Kapugama West	Kapugama West	GND	298	2	0	0	0	0	0
LK-3245115	Gandarawatta South	Gandarawatta South	GND	278	0	0	0	0	0	0
LK-3245120	Kapugama Central	Kapugama Central	GND	433	3	0	0	0	0	1
LK-3245125	Kapugama East	Kapugama East	GND	1129	13	1	0	0	0	1
LK-3245130	Gandara East	Gandara East	GND	324	2	0	0	0	0	0
LK-3245135	Thalalla	Thalalla	GND	377	1	0	0	0	0	0
LK-3245140	Gandara South	Gandara South	GND	213	0	0	0	0	0	0
LK-3245145	Gandara Central	Gandara Central	GND	228	1	0	0	0	0	0
LK-3245150	Gandara West	Gandara West	GND	477	0	0	0	0	0	1
LK-3245155	Devinuwara North	Devinuwara North	GND	678	0	3	1	0	0	1
LK-3245160	Devinuwara Central	Devinuwara Central	GND	259	0	0	0	0	0	0
LK-3245165	Devinuwara Nugegoda	Devinuwara Nugegoda	GND	420	0	0	0	0	0	1
LK-3245170	Devinuwara West	Devinuwara West	GND	139	0	0	0	0	0	1
LK-3245175	Devinuwara East	Devinuwara East	GND	266	1	0	2	0	0	5
LK-3245180	Devinuwara Wawwa	Devinuwara Wawwa	GND	415	3	0	1	0	0	3
LK-3245185	Devinuwara Pradeepagara Pedesa	Devinuwara Pradeepagara Pedesa	GND	287	2	0	0	0	0	0
LK-3245190	Devinuwara	Devinuwara	GND	104	2	0	0	0	0	0
LK-3245195	Devinuwara Welegoda	Devinuwara Welegoda	GND	213	0	0	1	0	0	1
LK-3245200	Devinuwara Sinhasana Pedesa	Devinuwara Sinhasana Pedesa	GND	231	0	0	0	0	0	0
LK-3245205	Devinuwara South	Devinuwara  South	GND	227	0	0	0	0	0	0
LK-3248	Dikwella	Dickwella	DSD	15027	79	3	6	0	2	65
LK-3248005	Urugamuwa North	Urugamuwa North	GND	148	2	0	0	0	0	0
LK-3248010	Bodarakanda	Bodarakanda	GND	216	5	0	1	0	0	2
LK-3248015	Urugamuwa East	Urugamuwa East	GND	252	7	0	0	0	0	2
LK-3248020	Urugamuwa Central	Urugamuwa Central	GND	241	3	0	0	0	0	0
LK-3248025	Urugamuwa West	Urugamuwa West	GND	180	3	0	0	0	0	0
LK-3248030	Dandeniya North	Dandeniya North	GND	317	3	0	0	0	0	0
LK-3248035	Urugamuwa South	Urugamuwa South	GND	247	1	0	0	0	0	0
LK-3248040	Rannawala	Rannawala	GND	246	2	0	1	0	0	0
LK-3248045	Urugamuwa	Urugamuwa	GND	247	1	0	0	0	0	0
LK-3248050	Wehella	Wehella	GND	289	2	1	0	0	0	0
LK-3248055	Wehella North	Wehella North	GND	194	2	0	0	0	0	0
LK-3248060	Dandeniya South	Dandeniya South	GND	254	0	0	0	0	0	1
LK-3248065	Bambarenda North	Bambarenda North	GND	450	1	0	0	0	0	1
LK-3248070	Pohosathugoda	Pohosathugoda	GND	184	1	0	0	0	0	0
LK-3248075	Rathmale	Rathmale	GND	290	1	1	1	0	0	0
LK-3248080	Bambarenda Central	Bambarenda Central	GND	458	5	0	0	0	0	0
LK-3248085	Wehella South	Wehella South	GND	165	0	0	0	0	0	0
LK-3248090	Wattegama	Wattegama	GND	303	1	0	0	0	0	0
LK-3248095	Wattegama North	Wattegama North	GND	360	3	0	0	0	0	0
LK-3248100	Walasgala West	Walasgala West	GND	242	0	0	0	0	0	0
LK-3248105	Walasgala East	Walasgala East	GND	485	1	0	0	0	0	2
LK-3248110	Wevurukannala	Wevurukannala	GND	326	0	0	0	0	0	7
LK-3248115	Dickwella North	Dickwella North	GND	532	0	0	0	0	0	4
LK-3248120	Dodampahala North	Dodampahala North	GND	446	6	0	1	0	0	4
LK-3248125	Dodampahala East	Dodampahala East	GND	567	5	0	1	0	0	4
LK-3248130	Dodampahala Central	Dodampahala Central	GND	321	0	0	0	0	0	4
LK-3248135	Dodampahala West	Dodampahala West	GND	393	2	1	0	0	0	2
LK-3248140	Dodampahala South	Dodampahala South	GND	413	1	0	0	0	0	3
LK-3248145	Dickwella East	Dickwella East	GND	304	1	0	0	0	0	0
LK-3248150	Dickwella Central	Dickwella Central	GND	364	0	0	0	0	0	2
LK-3248155	Dickwella Muslim Yonakapura East	Dickwella Muslim Yonakapura East	GND	282	0	0	0	0	0	0
LK-3248160	Dickwella Muslim Yonakapura West	Dickwella Muslim Yonakapura West	GND	138	0	0	0	0	0	0
LK-3248165	Dickwella South	Dickwella South	GND	331	0	0	0	0	2	0
LK-3248170	Wattegama South	Wattegama South	GND	513	2	0	0	0	0	1
LK-3248175	Batheegama East	Batheegama East	GND	279	0	0	0	0	0	0
LK-3248180	Batheegama Central	Batheegama  Central	GND	546	2	0	0	0	0	0
LK-3248185	Batheegama West	Batheegama West	GND	303	0	0	0	0	0	1
LK-3248190	Bambarenda East	Bambarenda East	GND	247	3	0	0	0	0	1
LK-3248195	Bambarenda South	Bambarenda South	GND	449	6	0	0	0	0	2
LK-3248200	Bambarenda West	Bambarenda West	GND	307	0	0	0	0	0	0
LK-3248205	Belideniya	Belideniya	GND	240	0	0	0	0	0	2
LK-3248210	Pathegama Central	Pathegama Central	GND	275	1	0	0	0	0	14
LK-3248215	Pathegama South	Pathegama South	GND	538	4	0	1	0	0	3
LK-3248220	Beliwatta	Beliwatta	GND	344	0	0	0	0	0	0
LK-3248225	Suduwella	Suduwella	GND	195	0	0	0	0	0	1
LK-3248230	Kottagoda	Kottagoda	GND	152	0	0	0	0	0	0
LK-3248235	Godauda	Godauda	GND	114	0	0	0	0	0	0
LK-3248240	Lunukalapuwa	Lunukalapuwa	GND	340	2	0	0	0	0	2
LK-33	Hambantota	Hambantota	DISTRICT	184100	3057	77	173	2	28	1201
LK-3303	Sooriyawewa	Sooriyawewa	DSD	13979	306	3	11	0	3	129
LK-3303005	Ihala Kumbukwewa	Ihala Kumbukwewa	GND	178	1	1	0	0	0	3
LK-3303010	Mahagalwewa	Mahagalwewa	GND	418	5	1	0	0	0	2
LK-3303015	Meegaha Jadura	Meegaha Jandura	GND	428	8	0	0	0	0	7
LK-3303020	Ranmuduwewa	Ranmuduwewa	GND	353	4	0	0	0	1	3
LK-3303025	Weliwewa	Weliwewa	GND	531	19	0	0	0	0	1
LK-3303030	Suravirugama	Suravirugama	GND	892	16	0	3	0	1	6
LK-3303035	Samajasewapura	Samajasewapura	GND	788	13	0	2	0	0	6
LK-3303040	Weeriyagama	Weeriyagama	GND	742	11	0	0	0	0	7
LK-3303045	Hathporuwa	Hathporuwa	GND	805	19	0	0	0	0	14
LK-3303050	Weniwel Ara	Weniwel Ara	GND	790	10	0	0	0	0	9
LK-3303055	Aliolu Ara	Aliolu Ara	GND	655	8	0	0	0	0	5
LK-3303060	Sooriyawewa Town	Sooriyawewa Town	GND	1020	3	0	1	0	1	4
LK-3303065	Viharagala	Viharagala	GND	831	11	0	2	0	0	18
LK-3303070	Beddewewa	Beddewewa	GND	658	12	0	0	0	0	2
LK-3303075	Mahawelikada Ara	Mahawelikada Ara	GND	652	10	0	0	0	0	17
LK-3303080	Andarawewa	Andarawewa	GND	926	27	1	0	0	0	8
LK-3303085	Namadagaswewa	Namadagaswewa	GND	621	18	0	1	0	0	3
LK-3303090	Mahapelessa	Mahapelessa	GND	570	10	0	0	0	0	0
LK-3303095	Bediganthota	Bediganthota	GND	485	33	0	1	0	0	0
LK-3303100	Habarattawala	Habarattawala	GND	321	6	0	0	0	0	1
LK-3303105	Wediwewa	Wediwewa	GND	1315	62	0	1	0	0	13
LK-3306	Lunugamwehera	Lunugamvehera	DSD	10073	205	4	12	1	0	120
LK-3306005	Maha Aluth Gam Ara	Maha Aluth Gam Ara	GND	251	3	0	2	0	0	0
LK-3306010	Angunakolawewa	Angunakolawewa	GND	98	0	0	0	0	0	0
LK-3306015	Veheragala	Veheragala	GND	115	7	0	0	0	0	2
LK-3306020	Ranawarnawa	Ranawarnawa	GND	465	13	1	0	0	0	1
LK-3306025	Dewramvehera	Dewramvehera	GND	418	7	0	1	0	0	8
LK-3306030	Bogahawewa	Bogahawewa	GND	243	5	0	2	0	0	1
LK-3306035	Padavigama	Padavigama	GND	576	5	0	0	0	0	2
LK-3306040	Punchiappujandura	Punchiappujandura	GND	311	3	1	0	0	0	4
LK-3306045	Lunugamvehera New Town	Lunugamvehera New Town	GND	837	7	0	0	0	0	1
LK-3306050	Seenimunna	Seenimunna	GND	309	3	0	0	0	0	0
LK-3306055	Kendagasmankada	Kendagasmankada	GND	550	3	0	1	0	0	1
LK-3306060	Mahanagapura	Mahanagapura	GND	338	5	0	0	0	0	6
LK-3306065	Muwanwewa	Muwanwewa	GND	180	3	0	0	0	0	7
LK-3306070	Weeravil Ara	Weeravil Ara	GND	96	0	0	0	0	0	0
LK-3306075	Ittanwekada	Ittanwekada	GND	200	15	1	0	0	0	7
LK-3306080	Mattala	Mattala	GND	265	4	0	0	0	0	0
LK-3306085	Pahala Mattala	Pahala Mattala	GND	173	8	1	0	0	0	0
LK-3306090	Mihindupura	Mihindupura	GND	338	8	0	2	0	0	17
LK-3306095	Abhayapura	Abhayapura	GND	175	2	0	0	0	0	4
LK-3306100	Singhapura	Singhapura	GND	227	9	0	0	0	0	0
LK-3306105	Senapura	Senapura	GND	229	2	0	0	0	0	15
LK-3306110	Agbopura	Agbopura	GND	367	8	0	0	0	0	0
LK-3306115	Karambawewa	Karambawewa	GND	318	6	0	0	0	0	0
LK-3306120	Rambukwewa	Rambukwewa	GND	443	8	0	0	0	0	19
LK-3306125	Keerthipura	Keerthipura	GND	129	3	0	2	0	0	2
LK-3306130	Samanpura	Samanpura	GND	166	6	0	0	0	0	5
LK-3306135	Ranasiripura	Ranasiripura	GND	355	2	0	0	0	0	1
LK-3306140	Weeravila	Weeravila	GND	367	3	0	0	1	0	8
LK-3306145	Weligatta	Weligatta	GND	86	0	0	0	0	0	0
LK-3306150	Beralihela	Beralihela	GND	214	2	0	1	0	0	0
LK-3306155	Dutugemunupura	Dutugemunupura	GND	263	19	0	0	0	0	1
LK-3306160	Jayagama	Jayagama	GND	268	22	0	0	0	0	5
LK-3306165	Parakramapura	Parakramapura	GND	116	8	0	0	0	0	1
LK-3306170	Saddhathissapura	Saddhathissapura	GND	278	2	0	0	0	0	2
LK-3306175	Saddhathissapura New Town	Saddhathissapura New Town	GND	133	0	0	1	0	0	0
LK-3306180	Saliyapura	Saliyapura	GND	176	4	0	0	0	0	0
LK-3309	Thissamaharama	Thissamaharama	DSD	20505	292	6	41	0	6	176
LK-3309005	Kawanthissapura	Kawanthissapura	GND	530	9	0	0	0	0	9
LK-3309010	Kirinda	Kirinda	GND	852	11	0	0	0	1	3
LK-3309015	Uddhakandara	Uddhakandara	GND	747	17	2	20	0	0	6
LK-3309020	Joolpallama	Joolpallama	GND	1016	35	1	5	0	0	20
LK-3309025	Weerahela	Weerahela	GND	745	19	0	1	0	0	25
LK-3309030	Vijithapura	Vijithapura	GND	575	8	0	0	0	0	2
LK-3309035	Ellagala	Ellagala	GND	583	4	0	0	0	0	9
LK-3309040	Anjaligala	Anjaligala	GND	348	3	0	0	0	0	2
LK-3309045	Pannagamuwa	Pannagamuwa	GND	620	12	0	0	0	0	3
LK-3309050	Dambewelena	Dambewelena	GND	311	0	0	0	0	0	2
LK-3309055	Mahindapura	Mahindapura	GND	442	10	0	0	0	0	2
LK-3309060	Gemunupura	Gemunupura	GND	423	2	0	0	0	1	5
LK-3309065	Ekamuthugama	Ekamuthugama	GND	432	0	0	0	0	0	3
LK-3309070	Sandungama	Sandungama	GND	386	9	0	0	0	0	0
LK-3309075	Debarawewa	Debarawewa	GND	425	1	0	0	0	0	2
LK-3309080	Kachcheriyagama	Kachcheriyagama	GND	243	2	0	1	0	0	0
LK-3309085	Sandagiripura	Sandagiripura	GND	440	2	0	1	0	0	2
LK-3309090	Mahasenpura	Mahasenpura	GND	705	21	1	0	0	2	2
LK-3309095	Shuddha Nagaraya	Shuddha Nagaraya	GND	234	0	0	0	0	1	0
LK-3309100	Medawelena	Medawelena	GND	499	1	0	0	0	0	2
LK-3309105	Rohanapura	Rohanapura	GND	312	0	0	0	0	0	0
LK-3309110	Senapura	Senapura	GND	518	9	0	0	0	1	3
LK-3309115	Gangasiripura	Gangasiripura	GND	577	6	0	2	0	0	1
LK-3309120	Polgahawelena	Polgahawelena	GND	302	1	0	0	0	0	1
LK-3309125	Randunu Watta	Randunuwatta	GND	353	7	0	0	0	0	1
LK-3309130	Molakepoopathana	Molakepoopathana	GND	337	3	0	0	0	0	12
LK-3309135	Thissapura	Thissapura	GND	720	14	0	2	0	0	7
LK-3309140	Uduvila	Uduvila	GND	385	5	0	0	0	0	0
LK-3309145	Rubberwatta	Rubberwatta	GND	374	3	1	0	0	0	0
LK-3309150	Thissamaharama	Thissamaharama	GND	408	2	0	0	0	0	1
LK-3309155	Gotabhayapura	Gotabhayapura	GND	552	7	0	0	0	0	0
LK-3309160	Rana Keliya	Rana Keliya	GND	375	5	0	0	0	0	3
LK-3309165	Viharamahadevipura	Viharamahadevipura	GND	682	16	0	5	0	0	13
LK-3309170	Yodhakandiya	Yodhakandiya	GND	482	4	0	0	0	0	3
LK-3309175	Welipothewala	Welipothewela	GND	277	1	0	0	0	0	1
LK-3309180	Halmillawa	Halmillawa	GND	178	2	0	0	0	0	2
LK-3309185	Rathnelumwalayaya	Rathnelumwalayaya	GND	372	5	0	1	0	0	0
LK-3309190	Gonagamuwa	Gonagamuwa	GND	294	2	0	0	0	0	0
LK-3309195	Saliyapura	Saliyapura	GND	323	7	0	1	0	0	2
LK-3309200	Nedigamvila	Nedigamvila	GND	347	1	0	1	0	0	1
LK-3309205	Wijayapura	Wijayapura	GND	423	5	0	0	0	0	10
LK-3309210	Konwelena	Konwelena	GND	409	5	0	0	0	0	10
LK-3309215	Magama	Magama	GND	287	2	1	0	0	0	0
LK-3309220	Andaragasyaya	Andaragasyaya	GND	662	14	0	1	0	0	6
LK-3312	Hambantota	Hambantota	DSD	17740	301	9	53	0	4	201
LK-3312005	Elalla	Elalla	GND	454	7	0	11	0	0	22
LK-3312010	Ketenwewa	Ketenwewa	GND	185	4	0	21	0	0	0
LK-3312015	Thammennawa	Thammennawa	GND	546	5	0	1	0	0	10
LK-3312020	Badagiriya	Badagiriya	GND	392	13	0	1	0	0	0
LK-3312025	Yahangala East	Yahangala East	GND	260	1	0	0	0	0	10
LK-3312030	Joolgamuwa	Joolgamuwa	GND	376	10	1	3	0	0	2
LK-3312035	Yahangala West	Yahangala West	GND	301	6	0	1	0	0	2
LK-3312040	Keliyapura	Keliyapura	GND	798	22	0	7	0	0	29
LK-3312045	Gonnoruwa	Gonnoruwa	GND	402	4	1	1	0	1	8
LK-3312050	Bellagaswewa	Bellagaswewa	GND	524	14	0	0	0	0	0
LK-3312055	Galwewa	Galwewa	GND	969	51	0	1	0	1	25
LK-3312060	Siyambalagasvila South	Siyambalagasvila South	GND	390	12	0	2	0	0	7
LK-3312065	Siyambalagasvila North	Siyambalagasvila North	GND	340	11	0	0	0	0	2
LK-3312070	Udaberagama	Udaberagama	GND	473	5	1	0	0	0	2
LK-3312075	Arawanamulla	Arawanamulla	GND	546	6	0	0	0	0	15
LK-3312080	Pahala Beragama	Pahala Beragama	GND	455	5	1	0	0	0	0
LK-3312085	Dehigahalanda	Dehigahalanda	GND	332	0	0	0	0	0	1
LK-3312090	Walawa	Walawa	GND	459	5	0	2	0	0	8
LK-3312095	Godawaya	Godawaya	GND	572	3	1	0	0	0	3
LK-3312100	Sisilasagama	Sisilasagama	GND	1000	12	1	0	0	0	2
LK-3312105	Manajjawa	Manajjawa	GND	841	12	1	0	0	0	0
LK-3312110	Samodagama	Samodagama	GND	617	24	0	1	0	0	9
LK-3312115	Mirijjavila	Mirijjavila	GND	575	6	0	0	0	0	0
LK-3312120	Hambantota West	Hambantota West	GND	1544	23	0	0	0	1	6
LK-3312125	Hambantota East	Hambantota East	GND	216	0	1	0	0	0	0
LK-3312130	Siribopura	Siribopura	GND	2208	26	0	0	0	1	2
LK-3312135	Koholankala	Koholankala	GND	937	5	1	1	0	0	14
LK-3312140	Pallemalala	Pallemalala	GND	499	3	0	0	0	0	18
LK-3312145	Bundala	Bundala	GND	153	2	0	0	0	0	0
LK-3312150	Siriyagama	Siriyagama	GND	376	4	0	0	0	0	4
LK-3315	Ambalantota	Ambalantota	DSD	21921	309	18	13	1	4	149
LK-3315005	Siyambalakote	Siyambalakote	GND	303	2	0	0	0	0	3
LK-3315010	Barawakumbuka	Barawakumbuka	GND	581	1	0	0	0	0	0
LK-3315015	Thaligala	Thaligala	GND	480	6	0	0	0	0	1
LK-3315020	Liyangasthota	Liyangasthota	GND	518	21	0	0	0	0	2
LK-3315025	Wetiya	Wetiya	GND	389	6	0	0	0	0	1
LK-3315030	Murawesihena	Murawesihena	GND	516	2	0	0	0	0	6
LK-3315035	Mahajandura	Mahajandura	GND	373	4	0	0	0	0	2
LK-3315040	Handunkatuwa	Handunkatuwa	GND	458	1	0	0	0	0	4
LK-3315045	Rote	Rote	GND	688	2	0	0	0	0	0
LK-3315050	Hedavinna	Hedavinna	GND	465	2	1	0	0	1	4
LK-3315055	Ridiyagama	Ridiyagama	GND	476	10	0	0	0	0	4
LK-3315060	Punchihenayagama	Punchihenayagama	GND	348	9	0	0	0	0	1
LK-3315065	Poliyarwatta	Poliyarwatta	GND	246	4	2	0	0	0	0
LK-3315070	Godakoggalla	Godakoggala	GND	306	25	0	0	0	0	0
LK-3315075	Koggalla	Koggalla	GND	477	12	0	0	0	0	6
LK-3315080	Modara Piliwala	Modarapiliwala	GND	293	2	0	2	0	0	0
LK-3315085	Bolana North	Bolana North	GND	401	5	1	0	0	0	6
LK-3315090	Jansagama	Jansagama	GND	383	2	0	1	0	0	3
LK-3315095	Mamadala South	Mamadala South	GND	544	12	0	0	0	0	2
LK-3315100	Mamadala North	Mamadala North	GND	309	8	0	0	0	0	1
LK-3315105	Ethbatuwa	Ethbatuwa	GND	428	1	0	0	0	0	4
LK-3315110	Mulana	Mulana	GND	447	8	0	2	0	0	4
LK-3315115	Eraminiyaya	Eraminiyaya	GND	428	9	0	0	0	0	1
LK-3315120	Ihalagama	Ihalagama	GND	540	4	0	0	0	0	9
LK-3315125	Deniya	Deniya	GND	235	2	1	0	0	0	7
LK-3315130	Elegoda West	Elegoda West	GND	179	7	0	1	0	0	7
LK-3315135	Elegoda East	Elegoda East	GND	320	8	0	0	0	0	16
LK-3315140	Beminiyanvila	Beminiyanvila	GND	276	3	0	0	0	0	1
LK-3315145	Walawewatta West	Walawewatta West	GND	281	0	0	0	0	0	0
LK-3315150	Walawewatta East	Walawewatta East	GND	274	12	0	0	0	0	0
LK-3315155	Bolana South	Bolana South	GND	453	3	1	1	0	0	2
LK-3315160	Kudabolana	Kuda Bolana	GND	279	2	0	0	0	0	1
LK-3315165	Palugaha Godella	Palugahagodella	GND	337	11	0	0	0	0	7
LK-3315170	Rotawala	Rotawala	GND	452	3	0	0	0	0	0
LK-3315175	Uhapitagoda	Uhapitagoda	GND	918	21	0	0	0	0	10
LK-3315180	Miniethiliya	Miniethiliya	GND	298	4	0	1	0	0	0
LK-3315185	Pingama	Pingama	GND	263	9	0	0	0	0	1
LK-3315190	Pallegama	Pallegama	GND	368	1	0	0	0	1	2
LK-3315195	Hungama	Hungama	GND	678	11	1	0	0	0	6
LK-3315200	Bataatha North	Bataatha North	GND	394	5	0	0	0	0	0
LK-3315205	Bataatha South	Bataatha South	GND	646	5	0	0	0	0	2
LK-3315210	Hathagala	Hathagala	GND	184	7	0	1	0	0	0
LK-3315215	Kivula South	Kivula South	GND	240	2	3	0	0	0	4
LK-3315220	Kivula North	Kivula North	GND	215	2	0	0	0	0	1
LK-3315225	Lunama North	Lunama North	GND	390	2	1	1	0	0	0
LK-3315230	Lunama South	Lunama South	GND	444	4	0	0	0	0	1
LK-3315235	Nonagama	Nonagama	GND	403	6	1	2	0	0	10
LK-3315240	Ekkassa	Ekkassa	GND	505	5	0	0	0	0	0
LK-3315245	Welipatanvila	Welipatanvila	GND	217	0	0	0	0	0	0
LK-3315250	Malpettawa	Malpettawa	GND	335	0	0	0	0	0	5
LK-3315255	Puhulyaya	Puhulyaya	GND	361	6	0	1	0	0	0
LK-3315260	Ambalanthota North	Ambalantota North	GND	360	2	2	0	0	0	0
LK-3315265	Ambalanthota South	Ambalantota South	GND	309	3	0	0	0	0	0
LK-3315270	Wanduruppa	Wanduruppa	GND	528	4	3	0	1	2	1
LK-3315275	Thawaluvila	Thawaluvila	GND	382	1	1	0	0	0	1
LK-3318	Angunakolapelessa	Angunakolapelessa	DSD	15083	271	4	7	0	2	65
LK-3318005	Kariyamaditta	Kariyamaditta	GND	177	3	0	0	0	0	0
LK-3318010	Dabarella North	Dabarella North	GND	234	15	0	0	0	0	0
LK-3318015	Rathmalwala	Rathmalwala	GND	289	2	0	0	0	0	0
LK-3318020	Kailawelpotawa	Kailawelpotawa	GND	180	3	0	0	0	0	0
LK-3318025	Kendaketiya	Kendaketiya	GND	520	13	1	1	0	0	0
LK-3318030	Dabarella South	Dabarella South	GND	180	0	0	0	0	0	2
LK-3318035	Thalawa North	Thalawa North	GND	307	0	0	0	0	0	0
LK-3318040	Thalawa South	Thalawa South	GND	364	15	0	0	0	0	0
LK-3318045	Debokkawa South	Debokkawa South	GND	324	15	0	0	0	0	0
LK-3318050	Debokkawa North	Debokkawa North	GND	258	1	0	0	0	0	6
LK-3318055	Uswewa	Uswewa	GND	274	13	0	0	0	0	0
LK-3318060	Metigathwala	Metigathwala	GND	199	2	0	0	0	0	1
LK-3318065	Amarathungagama	Amarathungama	GND	335	5	0	0	0	0	0
LK-3318070	Sooriyapokuna	Sooriyapokuna	GND	278	1	0	0	0	0	0
LK-3318075	Pahalagama	Pahalagama	GND	520	15	0	0	0	0	0
LK-3318080	Kohombagaswewa	Kohombagaswewa	GND	213	2	0	0	0	1	0
LK-3318085	Dikwewa	Dikwewa	GND	336	3	0	0	0	0	0
LK-3318090	Abesekaragama	Abesekaragama	GND	130	1	0	0	0	0	1
LK-3318095	Kalawelwala	Kalawelwala	GND	182	1	0	0	0	0	10
LK-3318100	Meda Ara	Meda Ara	GND	159	0	0	1	0	0	1
LK-3318105	Binkama	Binkama	GND	443	1	0	0	0	0	0
LK-3318110	Karagahawala	Karagahawala	GND	245	0	0	0	0	0	3
LK-3318115	Dandenigama	Dandenigama	GND	252	0	0	0	0	0	0
LK-3318120	Guruwala	Guruwala	GND	426	13	0	0	0	0	0
LK-3318125	Weeragaswewa	Weeragaswewa	GND	167	2	0	0	0	0	0
LK-3318130	Gajanayakagama	Gajanayakagama	GND	280	10	0	0	0	0	8
LK-3318135	Medagoda	Medagoda	GND	202	5	0	0	0	0	0
LK-3318140	Dimbulgoda	Dimbulgoda	GND	208	11	0	0	0	0	0
LK-3318145	Attanayala East	Attanayala East	GND	225	9	0	0	0	0	1
LK-3318150	Attanayala West	Attanayala West	GND	262	1	0	0	0	0	12
LK-3318155	Wakamulla	Wakamulla	GND	267	3	0	0	0	0	1
LK-3318160	Heenbunna	Heenbunna	GND	397	4	0	0	0	0	0
LK-3318165	Makuladeniya	Makuladeniya	GND	126	7	0	0	0	0	1
LK-3318170	Udayala	Udayala	GND	428	15	0	1	0	0	5
LK-3318175	Medayala	Medayala	GND	175	15	1	0	0	0	0
LK-3318180	Bogamuwa	Bogamuwa	GND	252	7	0	0	0	0	0
LK-3318185	Daha Amuna	Daha Amuna	GND	254	14	0	0	0	0	2
LK-3318190	Julamulla	Julamulla	GND	288	6	0	0	0	0	0
LK-3318195	Jandura	Jandura	GND	727	8	1	1	0	0	9
LK-3318200	Helekada	Helekada	GND	537	2	0	0	0	0	0
LK-3318205	Aluthwewa	Aluthwewa	GND	315	3	0	0	0	0	0
LK-3318210	Kankanamgama	Kankanamgama	GND	222	1	0	0	0	0	0
LK-3318215	Achariyagama	Achariyagama	GND	378	1	0	0	0	0	0
LK-3318220	Angunakolapelessa	Angunakolapelessa	GND	288	2	0	0	0	1	0
LK-3318225	Yakagala	Yakagala	GND	800	6	0	0	0	0	0
LK-3318230	Gurunnehege Ara	Gurunnehege Ara	GND	253	8	0	1	0	0	1
LK-3318235	Kotawaya	Kotawaya	GND	116	0	0	0	0	0	0
LK-3318240	Netalaporuwa	Netalaporuwa	GND	210	2	0	0	0	0	0
LK-3318245	Hakuruwela	Hakuruwela	GND	174	3	1	1	0	0	0
LK-3318250	Indigetawela	Indigetawela	GND	335	0	0	1	0	0	0
LK-3318255	Thalamporuwa	Thalamporuwa	GND	372	2	0	0	0	0	1
LK-3321	Weeraketiya	Weeraketiya	DSD	13381	233	4	1	0	0	52
LK-3321005	Mulanyaya	Mulanyaya	GND	331	8	0	0	0	0	0
LK-3321010	Handapangalageaina	Handapangala Ayna	GND	109	5	0	1	0	0	0
LK-3321015	Heellage Ayna	Heellage Ayna	GND	190	10	0	0	0	0	2
LK-3321020	Kudagal Ara	Kudagal Ara	GND	205	3	0	0	0	0	0
LK-3321025	Okandayaya North	Okandayaya North	GND	200	1	0	0	0	0	2
LK-3321030	Okandayaya West	Okandayaya West	GND	166	2	0	0	0	0	0
LK-3321035	Kaluwagahayaya	Kaluwagahayaya	GND	208	1	0	0	0	0	0
LK-3321040	Ihala Gonadeniya	Ihala Gonadeniya	GND	216	3	0	0	0	0	0
LK-3321045	Debokkawa West	Debokkawa West	GND	238	1	0	0	0	0	0
LK-3321050	Debokkawa East	Debokkawa East	GND	197	1	0	0	0	0	0
LK-3321055	Wekandawala North	Wekandawala North	GND	151	1	0	0	0	0	2
LK-3321060	Pahala Gonadeniya	Pahala Gonadeniya	GND	241	6	0	0	0	0	3
LK-3321065	Kuda Bibula North	Kuda Bibula North	GND	259	7	0	0	0	0	0
LK-3321070	Galpottayaya North	Galpottayaya North	GND	314	3	0	0	0	0	0
LK-3321075	Galpottayaya South	Galpottayaya South	GND	147	2	0	0	0	0	0
LK-3321080	Malhewage Ayna	Malhewage Ayna	GND	156	4	0	0	0	0	1
LK-3321085	Kandamaditta	Kandamaditta	GND	128	1	0	0	0	0	7
LK-3321090	Meegas Ara	Meegas Ara	GND	401	1	0	0	0	0	2
LK-3321095	Kuda Bibula South	Kuda Bibula South	GND	175	0	0	0	0	0	0
LK-3321100	Abakolawewa South	Abakolawewa South	GND	101	2	0	0	0	0	0
LK-3321105	Abakolawewa North	Abakolawewa North	GND	220	3	0	0	0	0	0
LK-3321110	Morayaya North	Morayaya North	GND	127	4	0	0	0	0	0
LK-3321115	Morayaya South	Morayaya South	GND	223	1	0	0	0	0	0
LK-3321120	Kemegala	Kemegala	GND	203	2	0	0	0	0	0
LK-3321125	Wekandawala South	Wekandawala South	GND	224	4	0	0	0	0	0
LK-3321130	Thelambuyaya	Thelambuyaya	GND	136	2	0	0	0	0	1
LK-3321135	Siyambalaheddewa	Siyambalaheddewa	GND	126	0	1	0	0	0	0
LK-3321140	Degampotha	Degampotha	GND	265	8	0	0	0	0	1
LK-3321145	Kinchigune West	Kinchigune West	GND	108	1	0	0	0	0	1
LK-3321150	Medagama	Medagama	GND	254	0	0	0	0	0	4
LK-3321155	Raluwa	Raluwa	GND	300	11	2	0	0	0	0
LK-3321160	Kinchigune South	Kinchigune South	GND	166	6	0	0	0	0	0
LK-3321165	Kinchigune East	Kinchigune East	GND	189	0	0	0	0	0	0
LK-3321170	Medamulana	Medamulana	GND	509	11	0	0	0	0	1
LK-3321175	Yakgasmulla	Yakgasmulla	GND	341	3	0	0	0	0	1
LK-3321180	Udukirivala	Udukirivila	GND	256	1	0	0	0	0	3
LK-3321185	Buddhiyagama North	Buddhiyagama North	GND	299	15	0	0	0	0	0
LK-3321190	Keppitiyawa North	Keppitiyawa North	GND	234	14	0	0	0	0	0
LK-3321195	Ittademaliya East	Ittademaliya East	GND	180	4	0	0	0	0	1
LK-3321200	Ittademaliya West	Ittademaliya West	GND	142	1	0	0	0	0	0
LK-3321205	Ittademaliya South	Ittademaliya South	GND	149	4	0	0	0	0	0
LK-3321210	Athubode West	Athubode West	GND	159	1	0	0	0	0	0
LK-3321215	Athubode East	Athubode East	GND	146	1	1	0	0	0	7
LK-3321220	Keppitiyawa South	Keppitiyawa South	GND	186	5	0	0	0	0	0
LK-3321225	Buddhiyagama West	Buddhiyagama West	GND	260	8	0	0	0	0	0
LK-3321230	Buddhiyagama East	Buddhiyagama East	GND	405	5	0	0	0	0	1
LK-3321235	Weeraketiya West	Weeraketiya West	GND	293	3	0	0	0	0	0
LK-3321240	Mandaduwa	Mandaduwa	GND	221	3	0	0	0	0	0
LK-3321245	Agrahera	Agrahera	GND	350	1	0	0	0	0	0
LK-3321250	Weeraketiya East	Weeraketiya East	GND	466	4	0	0	0	0	0
LK-3321255	Mulgirigala East	Mulgirigala East	GND	323	4	0	0	0	0	1
LK-3321260	Mulgirigala North	Mulgirigala North	GND	135	2	0	0	0	0	0
LK-3321265	Mulgirigala West	Mulgirigala West	GND	211	8	0	0	0	0	0
LK-3321270	Mulgirigala South	Mulgirigala South	GND	281	7	0	0	0	0	0
LK-3321275	Bedigama West	Bedigama West	GND	144	1	0	0	0	0	0
LK-3321280	Bedigama North	Bedigama North	GND	203	0	0	0	0	0	6
LK-3321285	Bedigama East	Bedigama East	GND	177	2	0	0	0	0	0
LK-3321290	Bedigama South	Bedigama South	GND	305	19	0	0	0	0	5
LK-3321295	Kuda Bedigama	Kuda Bedigama	GND	181	0	0	0	0	0	0
LK-3321300	Medagoda	Medagoda	GND	151	2	0	0	0	0	0
LK-3324	Katuwana	Katuwana	DSD	14693	352	2	9	0	3	101
LK-3324005	Karivilakanda	Karivilakanda	GND	203	7	0	0	0	0	0
LK-3324010	Medakanda	Medakanda	GND	480	20	0	0	0	0	1
LK-3324015	Hingurakanda	Hingurakanda	GND	235	11	0	0	0	0	0
LK-3324020	Uda Alupothdeniya	Uda Alupothdeniya	GND	222	3	0	0	0	0	0
LK-3324025	Alupothdeniya Pahala	Alupothdeniya Pahala	GND	84	6	0	1	0	0	0
LK-3324030	Kohomporuwa	Kohomporuwa	GND	228	17	0	1	0	0	0
LK-3324035	Gangulandeniya	Gangulandeniya	GND	93	0	0	0	0	0	1
LK-3324040	Ambagas Ara	Ambagas Ara	GND	306	3	0	1	0	0	0
LK-3324045	Labuhengoda	Labuhengoda	GND	176	4	0	0	0	0	0
LK-3324050	Sapugahayaya	Sapugahayaya	GND	314	4	0	0	0	0	1
LK-3324055	Hellala	Hellala	GND	273	6	0	0	0	0	1
LK-3324060	Middeniya North	Middeniya North	GND	360	8	2	2	0	0	4
LK-3324065	Middeniya East	Middeniya East	GND	531	4	0	0	0	0	0
LK-3324070	Kudagoda West	Kudagoda West	GND	201	4	0	0	0	0	2
LK-3324075	Kudagoda East	Kudagoda East	GND	160	1	0	0	0	0	0
LK-3324080	Dambethalawa	Dambethalawa	GND	259	0	0	0	0	0	0
LK-3324085	Murungasyaya East	Murungasyaya East	GND	353	13	0	0	0	1	0
LK-3324090	Murungasyaya West	Murungasyaya West	GND	320	7	0	0	0	0	0
LK-3324095	Middeniya West	Middeniya West	GND	384	3	0	0	0	1	6
LK-3324100	Welipitiya East	Welipitiya East	GND	170	3	0	0	0	0	1
LK-3324105	Welipitiya	Welipitiya	GND	211	13	0	0	0	0	1
LK-3324110	Welipitiya West	Welipitiya West	GND	244	2	0	0	0	0	0
LK-3324115	Ritigaha Yaya	Ritigaha Yaya	GND	381	3	0	0	0	0	11
LK-3324120	Thalwatta	Thalwatta	GND	361	13	0	0	0	0	8
LK-3324125	Meemanakoladeniya	Meemanakoladeniya	GND	490	2	0	1	0	0	10
LK-3324130	Siyambalamuraya	Siyambalamuraya	GND	293	5	0	0	0	0	2
LK-3324135	Udawelmulla	Udawelmulla	GND	136	4	0	0	0	0	0
LK-3324140	Siyarapitiya	Siyarapitiya	GND	195	1	0	0	0	0	0
LK-3324145	Kehelwatta	Kehelwatta	GND	139	9	0	0	0	0	0
LK-3324150	Udagomadiya	Udagomadiya	GND	391	11	0	0	0	0	2
LK-3324155	Bengamukanda	Bengamukanda	GND	203	0	0	0	0	0	5
LK-3324160	Dangalakanda	Dangalakanda	GND	233	1	0	0	0	0	2
LK-3324165	Rukmalpitiya	Rukmalpitiya	GND	233	2	0	0	0	0	0
LK-3324170	Gallindamulla	Gallindamulla	GND	208	7	0	0	0	0	0
LK-3324175	Katuwana	Katuwana	GND	461	5	0	0	0	0	4
LK-3324180	Pangamvilayaya	Pangamvilayaya	GND	292	2	0	1	0	0	0
LK-3324185	Ulahitiyawa West	Ulahitiyawa West	GND	204	10	0	0	0	0	1
LK-3324190	Ulahitiyawa	Ulahitiyawa	GND	115	7	0	0	0	0	0
LK-3324195	Ulahitiyawa East	Ulahitiyawa East	GND	248	0	0	0	0	0	1
LK-3324200	Adalugoda	Adalugoda	GND	182	7	0	0	0	0	0
LK-3324205	Mellaketigoda	Mellaketigoda	GND	191	2	0	0	0	0	0
LK-3324210	Araboda	Araboda	GND	194	2	0	0	0	1	4
LK-3324215	Horavinna	Horavinna	GND	252	6	0	1	0	0	1
LK-3324220	Hediwatta	Hediwatta	GND	213	1	0	0	0	0	1
LK-3324225	Weerakkuttigoda	Weerakkuttigoda	GND	316	18	0	0	0	0	0
LK-3324230	Ranasingoda	Ranasingoda	GND	255	19	0	0	0	0	0
LK-3324235	Obadagahadeniya	Obadagahadeniya	GND	223	14	0	0	0	0	14
LK-3324240	Wathukanda	Wathukanda	GND	281	10	0	0	0	0	0
LK-3324245	Kongasthenna	Kongasthenna	GND	210	0	0	0	0	0	0
LK-3324250	Galpothukanda	Galpothukanda	GND	239	2	0	0	0	0	0
LK-3324255	Ambagahahena	Ambagahahena	GND	318	9	0	0	0	0	1
LK-3324260	Karametiya	Karametiya	GND	338	7	0	1	0	0	1
LK-3324265	Puwakgas Ara	Puwakgas Ara	GND	257	4	0	0	0	0	0
LK-3324270	Binthenna	Binthenna	GND	245	6	0	0	0	0	1
LK-3324275	Bookandayaya	Bookendayaya	GND	200	7	0	0	0	0	0
LK-3324280	Walgammulla	Walgammulla	GND	389	17	0	0	0	0	14
LK-3325	Walasmulla	Walasmulla	DSD	13200	235	0	4	0	1	35
LK-3325005	Rammala	Rammala	GND	222	11	0	0	0	0	1
LK-3325010	Saputhanthirikanda	Saputhanthirikanda	GND	197	0	0	0	0	1	0
LK-3325015	Warapitiya	Warapitiya	GND	235	3	0	0	0	0	0
LK-3325020	Keredeniya	Keredeniya	GND	197	3	0	0	0	0	0
LK-3325025	Haggitha Kanda North	Haggitha kanda North	GND	236	4	0	0	0	0	0
LK-3325030	Konkarahena	Konkarahena	GND	264	8	0	1	0	0	0
LK-3325035	Mapitakanda	Mapitakanda	GND	304	19	0	0	0	0	1
LK-3325040	Radani Ara	Radani Ara	GND	269	2	0	0	0	0	1
LK-3325045	Namaneliya	Namaneliya	GND	224	2	0	0	0	0	0
LK-3325050	Udahagoda	Udahagoda	GND	366	0	0	0	0	0	1
LK-3325055	Weedikanda	Weedikanda	GND	203	21	0	0	0	0	0
LK-3325060	Galwadiya	Galwadiya	GND	261	4	0	0	0	0	1
LK-3325065	Uda Julampitiya	Uda Julampitiya	GND	324	7	0	1	0	0	4
LK-3325070	Julampitiya	Julampitiya	GND	248	10	0	0	0	0	1
LK-3325075	Palle Julampitiya	Palle Julampitiya	GND	270	9	0	0	0	0	0
LK-3325080	Pahala Obada	Pahala Obada	GND	280	1	0	0	0	0	1
LK-3325085	Bowala North	Bowala North	GND	258	7	0	1	0	0	0
LK-3325090	Bowala West	Bowala West	GND	230	2	0	0	0	0	0
LK-3325095	Welandagoda	Welandagoda	GND	290	11	0	0	0	0	2
LK-3325100	Batagassa	Batagassa	GND	248	1	0	0	0	0	0
LK-3325105	Pahalawatta	Pahalawatta	GND	330	0	0	0	0	0	0
LK-3325110	Pathegama	Pathegama	GND	225	4	0	0	0	0	0
LK-3325115	Thalapathkanda	Thalapathkanda	GND	213	3	0	0	0	0	1
LK-3325120	Dehigahahena	Dehigahahena	GND	226	0	0	0	0	0	1
LK-3325125	Veedipola	Veedapola	GND	158	1	0	0	0	0	0
LK-3325130	Mathuwakanda	Mathuwakanda	GND	191	1	0	0	0	0	0
LK-3325135	Handugala	Handugala	GND	235	4	0	0	0	0	1
LK-3325140	Kebellaketiya	Kebellaketiya	GND	194	0	0	0	0	0	0
LK-3325145	Egodabedda	Egodabedda	GND	259	4	0	0	0	0	0
LK-3325150	Kekiriobada	Kekiriobada	GND	178	3	0	0	0	0	0
LK-3325155	Agalabada	Agalabada	GND	264	10	0	0	0	0	0
LK-3325160	Bowala South	Bowala South	GND	196	0	0	0	0	0	2
LK-3325165	Muruthawela Ihala	Ihala Muruthawela	GND	209	5	0	0	0	0	7
LK-3325170	Muruthawela Pahala	Muruthawela Pahala	GND	211	0	0	0	0	0	0
LK-3325175	Galahitiya North	Galahitiya North	GND	157	3	0	0	0	0	0
LK-3325180	Omara East	Omara East	GND	259	5	0	0	0	0	0
LK-3325185	Omara West	Omara West	GND	210	11	0	0	0	0	2
LK-3325190	Ethpitiya	Ethpitiya	GND	464	9	0	0	0	0	2
LK-3325195	Wattehengoda	Wattehengoda	GND	355	7	0	0	0	0	0
LK-3325200	Horewela	Horewela	GND	330	3	0	0	0	0	0
LK-3325205	Pissubedda	Pissubedda	GND	143	0	0	0	0	0	0
LK-3325210	Medagamgoda	Medagamgoda	GND	238	11	0	0	0	0	0
LK-3325215	Yahalmulla	Yahalmulla	GND	387	0	0	0	0	0	1
LK-3325220	Walasmulla Ihala	Ihala Walasmulla	GND	242	0	0	0	0	0	0
LK-3325225	Walasmulla Pahala	Pahala walasmulla	GND	261	3	0	0	0	0	0
LK-3325230	Galahitiya South	Galahitiya South	GND	136	3	0	0	0	0	1
LK-3325235	Galahitiya East	Galahitiya East	GND	287	4	0	1	0	0	0
LK-3325240	Koholana	Koholana	GND	263	1	0	0	0	0	4
LK-3325245	Walasmulla East	Walasmulla East	GND	236	2	0	0	0	0	0
LK-3325250	Walasmulla North	Walasmulla North	GND	70	1	0	0	0	0	0
LK-3325255	Walasmulla West	Walasmulla West	GND	465	1	0	0	0	0	0
LK-3325260	Walasmulla South	Walasmulla South	GND	238	5	0	0	0	0	0
LK-3325265	Daluwakgoda	Daluwakgoda	GND	244	6	0	0	0	0	0
LK-3327	Okewela	Okewela	DSD	5594	79	1	2	0	0	11
LK-3327005	Kanumuldeniya North	Kanumuldeniya North	GND	195	5	0	0	0	0	0
LK-3327010	Olu Ara	Olu Ara	GND	174	6	0	0	0	0	0
LK-3327015	Kanumuldeniya West	Kanumuldeniya West	GND	470	4	0	0	0	0	1
LK-3327020	Kanumuldeniya East	Kanumuldeniya East	GND	185	4	0	0	0	0	0
LK-3327025	Udadeniya	Udadeniya	GND	248	4	0	0	0	0	1
LK-3327030	Kurunduwatta	Kurunduwatta	GND	165	4	0	0	0	0	0
LK-3327035	Sumihirigama	Sumihirigama	GND	278	3	0	0	0	0	0
LK-3327040	Rajapuragoda	Rajapuragoda	GND	201	0	0	1	0	0	0
LK-3327045	Wijayasiripura	Wijayasiripura	GND	328	3	0	0	0	0	0
LK-3327050	Morakandegoda	Morakandegoda	GND	234	2	0	1	0	0	1
LK-3327055	Kadigamuwa East	Kadigamuwa East	GND	199	6	0	0	0	0	0
LK-3327060	Thalahagamwaduwa Pahala	Thalahagamwaduwa Pahala	GND	157	2	0	0	0	0	1
LK-3327065	Thalahagamwaduwa Ihala	Thalahagamwaduwa Ihala	GND	271	0	0	0	0	0	0
LK-3327070	Nathuwala	Nathuwala	GND	242	0	0	0	0	0	0
LK-3327075	Kandebedda	Kandebedda	GND	220	1	0	0	0	0	0
LK-3327080	Godawenna	Godawenna	GND	124	5	0	0	0	0	0
LK-3327085	Kahatellagoda	Kahatellagoda	GND	202	4	0	0	0	0	0
LK-3327090	Kanumuldeniya South	Kanumuldeniya South	GND	202	4	0	0	0	0	1
LK-3327095	Kadigamuwa West	Kadigamuwa West	GND	187	3	0	0	0	0	1
LK-3327100	Wawwa	Wawwa	GND	217	4	0	0	0	0	1
LK-3327105	Modarawana North	Modarawana North	GND	153	3	0	0	0	0	0
LK-3327110	Modarawana South	Modarawana South	GND	175	2	1	0	0	0	0
LK-3327115	Okewela	Okewela	GND	266	1	0	0	0	0	0
LK-3327120	Heenatihathamuna	Heenatihathamuna	GND	117	0	0	0	0	0	1
LK-3327125	Pallewawwa	Pallewawwa	GND	116	6	0	0	0	0	0
LK-3327130	Yatigala Pahala	Pahala Yatigala	GND	153	3	0	0	0	0	3
LK-3327135	Yatigala Ihala	Yatigala Ihala	GND	115	0	0	0	0	0	0
LK-3330	Beliatta	Beliatta	DSD	16335	182	10	6	0	4	49
LK-3330005	Maligathenna	Maligathenna	GND	115	1	0	0	0	0	0
LK-3330010	Udugalmotegama	Udugalmotegama	GND	208	4	0	0	0	0	0
LK-3330015	Pallattara West	Pallattara West	GND	168	1	0	0	0	0	0
LK-3330020	Pallattara South	Pallattara South	GND	108	0	0	0	0	0	1
LK-3330025	Pallattara East	Pallattara East	GND	203	6	0	0	0	0	0
LK-3330030	Nugewela	Nugewela	GND	258	5	0	0	0	0	0
LK-3330035	Ihala Beligalla East	Ihala Beligalla East	GND	160	5	0	0	0	0	0
LK-3330040	Wadiya	Wadiya	GND	154	4	0	0	0	0	3
LK-3330045	Ihala Beligalla West	Ihala Beligalla West	GND	153	0	0	0	0	0	0
LK-3330050	Beligalla North	Beligalla North	GND	245	4	0	1	0	0	0
LK-3330055	Beligalla South	Beligalla South	GND	138	1	0	0	0	0	1
LK-3330060	Dammulla East	Dammulla East	GND	262	1	0	0	0	0	2
LK-3330065	Dammulla West	Dammulla West	GND	116	1	0	0	0	0	0
LK-3330070	Pattiyawela	Pattiyawela	GND	185	2	0	0	0	0	0
LK-3330075	Tharaperiya	Tharaperiya	GND	123	0	0	0	0	0	0
LK-3330080	Nihiluwa West	Nihiluwa West	GND	285	2	0	0	0	0	2
LK-3330085	Indiketiyagoda	Indiketiyagoda	GND	103	2	0	0	0	0	0
LK-3330090	Nihiluwa East	Nihiluwa East	GND	324	4	2	0	0	0	1
LK-3330095	Waharakgoda North	Waharakgoda North	GND	222	1	0	0	0	0	0
LK-3330100	Waharakgoda South	Waharakgoda South	GND	121	1	0	0	0	0	0
LK-3330105	Kahawatta	Kahawatta	GND	363	1	5	0	0	0	1
LK-3330110	Kosgahagoda	Kosgahagoda	GND	183	8	1	0	0	0	3
LK-3330115	Agulmaduwa	Agulmaduwa	GND	213	1	0	0	0	0	0
LK-3330120	Aranwela North	Aranwela North	GND	227	3	0	0	0	0	0
LK-3330125	Karambaketiya	Karambaketiya	GND	234	1	0	0	0	0	0
LK-3330130	Galwewa	Galwewa	GND	248	0	0	0	0	0	3
LK-3330135	Godawela	Godawela	GND	236	0	0	0	0	0	0
LK-3330140	Panamulla	Panamulla	GND	148	1	0	0	0	0	0
LK-3330145	Ambagasdeniya	Ambagasdeniya	GND	210	3	0	0	0	0	0
LK-3330150	Getamanna North	Getamanna North	GND	214	8	0	0	0	0	0
LK-3330155	Eldeniya	Eldeniya	GND	282	1	0	0	0	0	0
LK-3330160	Getamanna West	Getamanna West	GND	198	4	0	0	0	0	0
LK-3330165	Getamanna East	Getamanna East	GND	154	4	0	1	0	0	0
LK-3330170	Mahaheella East	Mahaheella East	GND	316	1	0	0	0	0	0
LK-3330175	Kambussawala West	Kambussawala West	GND	102	1	0	1	0	0	0
LK-3330180	Kambussawala East	Kambussawala East	GND	286	3	0	1	0	0	1
LK-3330185	Beliatta West	Beliatta West	GND	159	0	1	0	0	0	1
LK-3330190	Beliatta Town	Beliatta Town	GND	229	0	0	0	0	2	1
LK-3330195	Puwakdandawa North	Puwakdandawa North	GND	326	1	0	0	0	0	3
LK-3330200	Puwakdandawa East	Puwakdandawa East	GND	382	1	0	0	0	0	2
LK-3330205	Aranwela West	Aranwela West	GND	251	1	0	0	0	1	2
LK-3330210	Sitinamaluwa West	Sitinamaluwa West	GND	243	5	0	0	0	0	0
LK-3330215	Sitinamaluwa North	Sitinamaluwa North	GND	408	5	0	1	0	0	0
LK-3330220	Sitinamaluwa East	Sitinamaluwa East	GND	494	1	0	0	0	0	1
LK-3330225	Sitinamaluwa South	Sitinamaluwa South	GND	343	0	0	0	0	0	0
LK-3330230	Pahalagoda	Pahalagoda	GND	203	0	0	0	0	0	0
LK-3330235	Medagoda	Medagoda	GND	242	12	0	1	0	0	0
LK-3330240	Beliatta South	Beliatta South	GND	212	1	0	0	0	0	0
LK-3330245	Kudaheella East	Kudaheella East	GND	229	2	0	0	0	0	0
LK-3330250	Kudaheella North	Kudaheella North	GND	495	4	0	0	0	0	6
LK-3330255	Mahaheella West	Mahaheella West	GND	276	7	0	0	0	0	3
LK-3330260	Mahaheella North	Mahaheella North	GND	113	0	0	0	0	0	0
LK-3330265	Getamanna South	Getamanna South	GND	218	0	0	0	0	0	0
LK-3330270	Nayakawatta	Nayakawatta	GND	418	8	0	0	0	0	0
LK-3330275	Ambala North	Ambala North	GND	252	3	0	0	0	0	2
LK-3330280	Ambala West	Ambala West	GND	199	11	0	0	0	0	0
LK-3330285	Miriswatta	Miriswatta	GND	262	1	0	0	0	0	3
LK-3330290	Kudaheella South	Kudaheella South	GND	405	2	0	0	0	0	2
LK-3330295	Ovilana	Ovilana	GND	145	0	0	0	0	0	0
LK-3330300	Mihindupura	Mihindupura	GND	204	3	0	0	0	0	0
LK-3330305	Palapotha East	Palapotha East	GND	269	0	0	0	0	0	0
LK-3330310	Palapotha West	Palapotha West	GND	121	3	0	0	0	0	0
LK-3330315	Dedduwawala East	Dedduwawala East	GND	206	4	0	0	0	0	0
LK-3330320	Dedduwawala	Dedduwawala	GND	195	1	0	0	0	0	1
LK-3330325	Galagama North	Galagama North	GND	231	3	0	0	0	0	0
LK-3330330	Galagama West	Galagama West	GND	150	2	0	0	0	0	0
LK-3330335	Galagama South	Galagama South	GND	205	2	0	0	0	0	0
LK-3330340	Galagama East	Galagama East	GND	178	0	0	0	0	0	0
LK-3330345	Nakulugamuwa West	Nakulugamuwa West	GND	321	9	0	0	0	1	1
LK-3330350	Nakulugamuwa North	Nakulugamuwa North	GND	294	5	1	0	0	0	2
LK-3330355	Wevudatta	Wevudatta	GND	192	0	0	0	0	0	1
LK-3333	Tangalle	Tangalle	DSD	21596	292	16	14	0	1	113
LK-3333005	Sudarshanagama	Sudarshanagama	GND	319	1	0	0	0	0	0
LK-3333010	Pattiyapola West	Pattiyapola West	GND	277	3	0	0	0	0	0
LK-3333015	Thalunna	Thalunna	GND	349	11	0	0	0	0	0
LK-3333020	Andupelena	Andupelena	GND	264	0	0	0	0	1	3
LK-3333025	Kadiragoda	Kadiragoda	GND	304	5	0	0	0	0	2
LK-3333030	Gotaimbaragama	Gotaimbaragama	GND	167	1	0	2	0	0	3
LK-3333035	Kattakaduwa North	Kattakaduwa North	GND	380	1	0	0	0	0	0
LK-3333040	Kattakaduwa South	Kattakaduwa South	GND	524	8	0	0	0	0	8
LK-3333045	Ranna East	Ranna East	GND	589	6	0	0	0	0	8
LK-3333050	Ranna West	Ranna West	GND	514	1	0	0	0	0	1
LK-3333055	Vigamuwa	Vigamuwa	GND	443	8	0	0	0	0	7
LK-3333060	Pattiyapola East	Pattiyapola East	GND	289	9	0	0	0	0	0
LK-3333065	Pattiyapola South	Pattiyapola South	GND	262	3	0	0	0	0	0
LK-3333070	Vitharandeniya North	Vitharandeniya North	GND	189	2	0	0	0	0	0
LK-3333075	Thenagama South	Thenagama South	GND	172	1	0	0	0	0	0
LK-3333080	Thenagama North	Thenagama North	GND	129	1	3	0	0	0	0
LK-3333085	Thalapitiyagama	Thalapitiyagama	GND	82	1	0	0	0	0	3
LK-3333090	Ethgalamulla	Ethgalmulla	GND	201	0	0	0	0	0	0
LK-3333095	Uduvilagoda	Uduvilagoda	GND	144	7	0	0	0	0	0
LK-3333100	Vitharandeniya South	Vitharandeniya South	GND	241	0	0	0	0	0	0
LK-3333105	Aluthgoda	Aluthgoda	GND	265	9	1	0	0	0	6
LK-3333110	Palathuduwa	Palathuduwa	GND	204	3	0	0	0	0	0
LK-3333115	Marakolliya	Marakolliya	GND	364	19	1	0	0	0	6
LK-3333120	Medagama	Medagama	GND	371	5	0	0	0	0	0
LK-3333125	Netolpitiya North	Netolpitiya North	GND	546	8	2	0	0	0	1
LK-3333130	Netolpitiya South	Netolpitiya South	GND	613	12	1	1	0	0	8
LK-3333135	Wadigala	Wadigala	GND	451	7	0	0	0	0	1
LK-3333140	Kahandawa	Kahandawa	GND	548	5	0	0	0	0	0
LK-3333145	Nidahasgama West	Nidahasgama West	GND	437	4	0	1	0	0	1
LK-3333150	Nidahasgama East	Nidahasgama East	GND	519	9	0	2	0	0	8
LK-3333155	Kahandamodara	Kahandamodara	GND	272	12	0	1	0	0	5
LK-3333160	Gurupokuna	Gurupokuna	GND	94	0	0	0	0	0	2
LK-3333165	Wella Odaya	Wella Odaya	GND	403	9	0	0	0	0	9
LK-3333170	Rekawa East	Rekawa East	GND	244	5	1	0	0	0	1
LK-3333175	Rekawa West	Rekawa West	GND	320	2	0	0	0	0	10
LK-3333180	Medilla	Medilla	GND	332	6	0	0	0	0	1
LK-3333185	Walgameliya	Walgameliya	GND	272	0	0	1	0	0	0
LK-3333190	Godawanagoda	Godawanagoda	GND	302	2	0	0	0	0	0
LK-3333195	Wagegoda	Wagegoda	GND	209	1	0	0	0	0	0
LK-3333200	Nalagama East	Nalagama East	GND	121	2	0	0	0	0	0
LK-3333205	Siyambalagoda	Siyambalagoda	GND	195	7	0	0	0	0	0
LK-3333210	Nalagama West	Nalagama West	GND	161	4	0	0	0	0	1
LK-3333215	Polommaruwa North	Polommaruwa North	GND	470	9	0	0	0	0	0
LK-3333220	Danketiya	Danketiya	GND	661	6	0	0	0	0	3
LK-3333225	Medaketiya	Medaketiya	GND	423	0	0	0	0	0	0
LK-3333230	Kotuwegoda	Kotuwegoda	GND	99	2	0	0	0	0	0
LK-3333235	Indipokunagoda North	Indipokunagoda North	GND	467	0	1	1	0	0	0
LK-3333240	Polommaruwa South	Polommaruwa South	GND	382	3	0	0	0	0	0
LK-3333245	Kadurupokuna East	Kadurupokuna East	GND	424	3	0	3	0	0	0
LK-3333250	Indipokunagoda South	Indipokunagoda South	GND	151	2	0	0	0	0	0
LK-3333255	Pallikkudawa Urban	Pallikkudawa Urban	GND	290	1	0	0	0	0	0
LK-3333260	Pallikkudawa Rural	Pallikkudawa Rural	GND	305	4	0	0	0	0	2
LK-3333265	Kadurupokuna South	Kadurupokuna South	GND	520	2	1	0	0	0	4
LK-3333270	Kadurupokuna North	Kadurupokuna North	GND	207	2	0	0	0	0	0
LK-3333275	Kadurupokuna West	Kadurupokuna west	GND	272	6	0	1	0	0	0
LK-3333280	Seenimodara West	Seenimodara West	GND	416	13	0	0	0	0	1
LK-3333285	Seenimodara East	Seenimodara East	GND	273	3	3	0	0	0	1
LK-3333290	Unakooruwa West	Unakooruwa West	GND	288	4	0	0	0	0	0
LK-3333295	Unakooruwa East	Unakooruwa East	GND	385	1	2	0	0	0	1
LK-3333300	Moraketi Ara East	Moraketi Ara East	GND	91	1	0	0	0	0	0
LK-3333305	Moraketi Ara West	Moraketi Ara West	GND	281	5	0	0	0	0	3
LK-3333310	Pahajjawa	Pahajjawa	GND	339	1	0	0	0	0	0
LK-3333315	Mahawela	Mahawela	GND	134	2	0	0	0	0	0
LK-3333320	Ihalagoda	Ihalagoda	GND	194	7	0	0	0	0	0
LK-3333325	Nakulugamuwa South	Nakulugamuwa South	GND	140	1	0	0	0	0	0
LK-3333330	Kudawella North	Kudawella North	GND	277	1	0	0	0	0	0
LK-3333335	Kudawella Central	Kudawella Central	GND	203	0	0	0	0	0	1
LK-3333340	Kudawella East	Kudawella East	GND	166	2	0	0	0	0	0
LK-3333345	Mawella South	Mawella South	GND	108	2	0	0	0	0	0
LK-3333350	Mawella North	Mawella North	GND	41	1	0	0	0	0	0
LK-3333355	Kudawella South	Kudawella South	GND	310	6	0	1	0	0	0
LK-3333360	Kudawella West	Kudawella West	GND	197	2	0	0	0	0	2
LK-4	Northern	Northern	PROVINCE	301963	8902	284	294	12	156	391
LK-41	Jaffna	Jaffna	DISTRICT	155817	3466	183	75	3	89	120
LK-4103	Islands North (Kayts)	Island North (Kayts)	DSD	2560	82	1	3	0	0	0
LK-4103005	Analaitivu North	Analaitivu North	GND	183	10	0	0	0	0	0
LK-4103010	Analaitivu South	Analaitivu South	GND	215	2	0	0	0	0	0
LK-4103015	Eluvaitivu	Eluvaitivu	GND	143	2	0	0	0	0	0
LK-4103020	Paruthiyadaippu	Paruthiyadaippu	GND	201	5	0	2	0	0	0
LK-4103025	Kayts	Kayts	GND	115	3	0	0	0	0	0
LK-4103030	Karampon	Karampon	GND	257	7	0	0	0	0	0
LK-4103035	Karampon East	Karampon East	GND	120	4	0	0	0	0	0
LK-4103040	Naranthanai North West	Naranthanai North West	GND	278	0	0	0	0	0	0
LK-4103045	Naranthanai North	Naranthanai North	GND	110	3	0	0	0	0	0
LK-4103050	Naranthanai	Naranthanai	GND	155	7	0	0	0	0	0
LK-4103055	Naranthanai South	Naranthanai South	GND	170	8	0	1	0	0	0
LK-4103060	Karampon South East	Karampon South East	GND	42	0	0	0	0	0	0
LK-4103065	Karampon West	Karampon West	GND	211	13	1	0	0	0	0
LK-4103070	Puliyankoodal	Puliyankoodal	GND	297	17	0	0	0	0	0
LK-4103075	Suruvil	Suruvil	GND	63	1	0	0	0	0	0
LK-4104	Karainagar	Karainagar	DSD	2583	57	0	1	0	0	0
LK-4104005	Karainagar North	Karainagar North	GND	178	1	0	0	0	0	0
LK-4104010	Karainagar North East	Karainagar North East	GND	455	7	0	0	0	0	0
LK-4104015	Karainagar East	Karainagar East	GND	399	14	0	0	0	0	0
LK-4104020	Karainagar Centre	Karainagar Centre	GND	385	2	0	0	0	0	0
LK-4104025	Karainagar North West	Karainagar North West	GND	87	0	0	0	0	0	0
LK-4104030	Karainagar West	Karainagar West	GND	393	10	0	0	0	0	0
LK-4104035	Karainagar South East	Karainagar South East	GND	102	2	0	0	0	0	0
LK-4104040	Karainagar South	Karainagar South	GND	309	18	0	1	0	0	0
LK-4104045	Karainagar South West	Karainagar South West	GND	275	3	0	0	0	0	0
LK-4106	Valikamam West (Chankanai)	Valikamam West (Chankanai)	DSD	11271	383	12	0	0	2	2
LK-4106005	Vadducoddai East	Vaddukoddai East	GND	440	8	0	0	0	0	0
LK-4106010	Vadducoddai North	Vaddukoddai North	GND	332	3	0	0	0	0	0
LK-4106015	Sangarathai	Sangarathai	GND	463	14	0	0	0	0	1
LK-4106020	Arali West	Arali West	GND	299	9	0	0	0	0	0
LK-4106025	Arali Centre	Arali Centre	GND	453	17	1	0	0	0	0
LK-4106030	Arali South	Arali South	GND	671	14	0	0	0	0	0
LK-4106035	Arali East	Arali East	GND	511	19	0	0	0	0	0
LK-4106040	Arali North	Arali North	GND	447	12	1	0	0	0	0
LK-4106045	Vadducoddai South	Vaddukoddai South	GND	652	40	1	0	0	0	0
LK-4106050	Vadducoddai South West	Vaddukoddai South West	GND	335	2	6	0	0	0	0
LK-4106055	Vadducoddai West	Vedducoddai  West	GND	296	10	0	0	0	0	0
LK-4106060	Tholpuram East	Tholpuram East	GND	335	5	0	0	0	0	0
LK-4106065	Tholpuram West	Tholpuram  West	GND	534	15	0	0	0	0	0
LK-4106070	Ponnalai	Ponnalai	GND	437	18	0	0	0	0	0
LK-4106075	Moolai	Moolai	GND	805	47	1	0	0	1	0
LK-4106080	Chulipuram West	Chulipuram West	GND	449	18	0	0	0	0	0
LK-4106085	Chulipuram Centre	Chulipuram  Centre	GND	403	3	0	0	0	0	0
LK-4106090	Chulipuram East	Chulipuram  East	GND	569	38	0	0	0	0	0
LK-4106095	Pannagam	Pannakam	GND	400	3	0	0	0	0	1
LK-4106100	Panippulam	Pannaippulam	GND	327	8	0	0	0	1	0
LK-4106105	Siththankerni	Siththankerni	GND	334	3	0	0	0	0	0
LK-4106110	Chankanai East	Chankanai East	GND	404	19	1	0	0	0	0
LK-4106115	Chankanai West	Chankanai West	GND	436	27	0	0	0	0	0
LK-4106120	Chankanai South	Chankanai South	GND	413	26	0	0	0	0	0
LK-4106125	Chankanai Centre	Chankanai Centre	GND	526	5	1	0	0	0	0
LK-4109	Valikamam South West (Sandilipay)	Valikamam South-West (Sandilipay)	DSD	13834	334	7	7	0	2	12
LK-4109005	Suthumalai North	Suthumalai North	GND	447	6	1	0	0	0	1
LK-4109010	Suthumalai South	Suthumalai South	GND	574	5	1	0	0	0	0
LK-4109015	Savatkaddu	Savatkaddu	GND	570	9	0	1	0	0	0
LK-4109020	Uyarappulam	Uyarappulam	GND	834	8	0	0	0	1	2
LK-4109025	Anaikottai	Anaikoddai	GND	982	20	0	0	0	0	0
LK-4109030	Navali North	Navali North	GND	695	11	1	0	0	0	0
LK-4109035	Navali East	Navali East	GND	426	2	0	0	0	0	0
LK-4109040	Navali South	Navali South	GND	480	6	1	0	0	0	0
LK-4109045	Manipay North	Manipay North	GND	367	6	0	0	0	0	0
LK-4109050	Manipay East	Manipay East	GND	550	4	0	0	0	0	1
LK-4109055	Manipay South	Manipay South	GND	458	8	0	0	0	0	0
LK-4109060	Manipay West	Manipay West	GND	638	27	1	0	0	0	0
LK-4109065	Sandilipay North	Sandilipay North	GND	522	13	0	1	0	0	1
LK-4109070	Sandilipay Centre	Sandilipay Centre	GND	461	16	0	1	0	0	1
LK-4109075	Sandilipay West	Sandilipay West	GND	401	6	0	1	0	0	0
LK-4109080	Masiapiddy	Masiapiddy	GND	407	6	1	1	0	0	5
LK-4109085	Vadaliyadaippu	Vadaliyadaippu	GND	533	12	0	0	0	0	0
LK-4109090	Pandatheruppu	Pandatheruppu	GND	663	16	0	0	0	0	0
LK-4109095	Piranpattai	Piranpattai	GND	428	5	0	0	0	0	0
LK-4109100	Sillalai North	Sillalai North	GND	575	35	0	0	0	0	0
LK-4109105	Sillalai South	Sillalai South	GND	233	10	0	0	0	0	0
LK-4109110	Mathagal East	Mathagal East	GND	630	13	0	0	0	0	0
LK-4109115	Mathagal South	Mathagal South	GND	265	2	0	0	0	0	0
LK-4109120	Mathagal West	Mathagal West	GND	300	8	0	0	0	0	0
LK-4109125	Periyavillan	Periyavillan	GND	456	18	0	0	0	1	1
LK-4109130	Marisankoodal	Maresankoodal	GND	354	50	0	2	0	0	0
LK-4109135	Illavalai	Illavalai	GND	458	8	1	0	0	0	0
LK-4109140	Mullanai	Mullanai	GND	127	4	0	0	0	0	0
LK-4112	Valikamam North (Thllippalai)	Valikamam North (Tellipallai)	DSD	11771	300	7	6	1	0	8
LK-4112005	Mallakam South	Mallakam South	GND	552	17	0	1	0	0	0
LK-4112010	Mallakam Centre	Mallakam Centre	GND	540	5	1	1	0	0	0
LK-4112015	Mallakam North	Mallakam North	GND	453	10	2	0	0	0	1
LK-4112020	Alaveddy North	Alaveddy North	GND	435	7	0	0	1	0	0
LK-4112025	Alaveddy Centre	Alaveddy Centre	GND	341	2	0	0	0	0	0
LK-4112030	Alaveddy East	Alaveddy East	GND	418	6	0	0	0	0	0
LK-4112035	Ganeshwaram	Ganeswaram	GND	305	2	0	0	0	0	1
LK-4112040	Alaveddy South	Alaveddy South	GND	461	16	0	0	0	0	0
LK-4112045	Alaveddy West	Alaveddy West	GND	541	10	0	0	0	0	3
LK-4112050	Ilavalai North	Ilavalai North	GND	328	4	1	0	0	0	0
LK-4112055	Ilavalai North West	Ilavalai North West	GND	496	9	0	0	0	0	1
LK-4112060	Vithakapuram	Vithahapuram	GND	298	2	0	0	0	0	0
LK-4112065	Pannalai	Pannalai	GND	312	5	0	0	0	0	0
LK-4112070	Kollankaladdy	Kollankalady	GND	596	5	0	0	0	0	0
LK-4112075	Naguleswaram	Naguleswaram	GND	245	3	1	0	0	0	0
LK-4112080	Tellippalai East	Tellippalai East	GND	496	13	0	0	0	0	0
LK-4112085	Tellippalai	Tellippalai	GND	254	6	0	0	0	0	0
LK-4112090	Thurkkapuram	Thurkkapuram	GND	456	9	1	1	0	0	0
LK-4112095	Thanthai Selvapuram	Thanthai Selvapuram	GND	351	2	0	0	0	0	0
LK-4112100	Maviddapuram	Maviddapuram	GND	260	3	0	0	0	0	0
LK-4112105	Maviddapuram South	Maviddapuram South	GND	233	3	0	0	0	0	0
LK-4112110	Kankesanthurai West	Kankesanthurai West	GND	105	3	0	0	0	0	1
LK-4112115	Kankesanthurai Centre	Kankesanthurai Centre	GND	42	1	0	1	0	0	0
LK-4112120	Kankesanthurai South	Kankesanthurai South	GND	73	0	0	0	0	0	0
LK-4112125	Palai Veemankamam North	Palai Veemankamam North	GND	153	0	0	0	0	0	0
LK-4112130	Palai Veemankamam South	Palai Veemankamam South	GND	220	2	0	0	0	0	0
LK-4112135	Kadduvan	Kadduvan	GND	103	2	0	0	0	0	0
LK-4112140	Kadduvan West	Kadduvan West	GND	255	14	0	0	0	0	1
LK-4112145	Thenmylai	Thenmylai	GND	65	6	0	0	0	0	0
LK-4112150	Varuthalaivilan	Varuthalaivilan	GND	284	6	0	0	0	0	0
LK-4112155	Kurumbasiddy	Kurumpasiddy	GND	39	1	0	0	0	0	0
LK-4112160	Kurumbasiddy East	Kurumpasiddy East	GND	175	4	0	0	0	0	0
LK-4112165	Vasavilan East	Vayavilan East	GND	437	25	0	0	0	0	0
LK-4112170	Vasavilan West	Vayavilan West	GND	98	1	0	0	0	0	0
LK-4112175	Myliddy North	Myliddy North	GND	294	33	0	0	0	0	0
LK-4112180	Theiyiddy East	Thyiddy East	GND	115	2	0	0	0	0	0
LK-4112185	Myliddythurai South	Myliddyththurai South	GND	0	0	0	0	0	0	0
LK-4112190	Theiyiddy North	Thyiddy North	GND	83	0	0	0	0	0	0
LK-4112195	Theiyiddy South	Thyiddy South	GND	311	4	0	0	0	0	0
LK-4112200	Myliddythurai North	Myliddyththurai North	GND	114	4	0	0	0	0	0
LK-4112205	Palaly South	Palaly South	GND	119	5	0	0	0	0	0
LK-4112210	Palaly East	Palaly East	GND	86	4	0	0	0	0	0
LK-4112215	Palaly North	Palaly North	GND	229	44	1	2	0	0	0
LK-4112220	Palaly North West	Palaly North West	GND	0	0	0	0	0	0	0
LK-4112225	Palaly West	Palaly West	GND	0	0	0	0	0	0	0
LK-4115	Valikamam South (Uduvil)	Valikamam South (Uduvil)	DSD	13033	192	28	4	0	3	8
LK-4115005	Uduvil South West	Uduvil South West	GND	391	4	0	0	0	0	0
LK-4115010	Uduvil South East	Uduvil South East	GND	454	13	0	0	0	1	0
LK-4115015	Uduvil Centre	Uduvil Centre	GND	546	8	1	0	0	0	0
LK-4115020	Uduvil Centre North	Uduvil Centre North	GND	589	4	5	0	0	0	0
LK-4115025	Uduvil North	Uduvil North	GND	530	8	0	0	0	0	0
LK-4115030	Sanguvely	Sanguvely	GND	649	16	1	0	0	0	0
LK-4115035	Inuvil South West	Inuvil South West	GND	407	3	0	0	0	1	0
LK-4115040	Inuvil East	Inuvil East	GND	208	1	0	0	0	0	0
LK-4115045	Inuvil North East	Inuvil North East	GND	531	9	0	1	0	0	0
LK-4115050	Inuvil West	Inuvil West	GND	316	4	1	0	0	0	0
LK-4115055	Thavady South	Thavady South	GND	534	8	1	0	0	0	0
LK-4115060	Thavady East	Thavady East	GND	374	4	6	2	0	0	0
LK-4115065	Thavady North	Thavady North	GND	468	4	0	0	0	0	0
LK-4115070	Chunnakam Town North	Chunnakam Town North	GND	280	3	0	0	0	0	0
LK-4115075	Chunnakam Town South	Chunnakam Town South	GND	682	16	3	0	0	0	0
LK-4115080	Chunnakam Town East	Chunnakam Town East	GND	380	0	0	0	0	0	1
LK-4115085	Chunnakam Town Centre	Chunnakam Town Centre	GND	418	4	3	0	0	0	0
LK-4115090	Chunnakam Town West	Chunnakam Town West	GND	364	3	1	0	0	0	0
LK-4115095	Kantharodai	Kantharodai	GND	395	3	1	0	0	0	0
LK-4115100	Erlalai West	Erlalai West	GND	374	2	0	0	0	0	1
LK-4115105	Erlalai South West	Erlalai South West	GND	376	3	0	0	0	0	0
LK-4115110	Erlalai South	Erlalai South	GND	846	9	1	0	0	0	0
LK-4115115	Erlalai East	Erlalai East	GND	328	4	0	0	0	0	0
LK-4115120	Erlalai North	Erlalai North	GND	429	9	1	1	0	0	0
LK-4115125	Erlalai Centre	Erlalai Centre	GND	288	2	2	0	0	0	0
LK-4115130	Punnalaikadduvan South	Punnalaikadduvan South	GND	324	11	0	0	0	0	0
LK-4115135	Punnalaikadduvan North	Punnalaikadduvan North	GND	411	13	0	0	0	0	0
LK-4115140	Evinai	Evenai	GND	447	10	1	0	0	0	0
LK-4115145	Kuppilan South	Kuppilan South	GND	441	14	0	0	0	1	6
LK-4115150	Kuppilan North	Kuppilan North	GND	253	0	0	0	0	0	0
LK-4118	Valikamam East (Kopay)	Valikamam East (Kopay)	DSD	19270	483	24	4	0	6	25
LK-4118005	Irupalai South	Irupalai South	GND	678	14	0	0	0	0	0
LK-4118010	Irupalai East	Irupalai  East	GND	585	20	0	0	0	0	1
LK-4118015	Kalviyankadu	Kalviyankadu	GND	728	2	3	0	0	3	0
LK-4118020	Kopai South	Kopay South	GND	1219	12	5	0	0	0	0
LK-4118025	Kopai Centre	Kopay Centre	GND	921	28	0	0	0	0	0
LK-4118030	Kopai North	Kopay North	GND	666	5	0	0	0	0	0
LK-4118035	Urumpirai West	Urumpirai West	GND	724	14	0	0	0	0	1
LK-4118040	Urumpirai North	Urumpirai North	GND	596	3	4	0	0	0	0
LK-4118045	Urumpirai South	Urumpirai South	GND	925	28	0	0	0	1	2
LK-4118050	Urumpirai East	Urumpirai East	GND	635	5	5	0	0	0	1
LK-4118055	Urelu	Urelu	GND	805	13	0	0	0	0	1
LK-4118060	Neervely South	Neervely South	GND	599	12	0	0	0	0	0
LK-4118065	Neervely North	Neervely North	GND	648	19	0	0	0	0	0
LK-4118070	Neervely West	Neervely West	GND	319	9	0	0	0	0	0
LK-4118075	Siruppiddy East	Sirupiddy East	GND	482	24	0	0	0	0	0
LK-4118080	Siruppiddy West	Sirupiddy West	GND	570	18	0	0	0	0	0
LK-4118085	Puttur West	Puttur West	GND	769	20	0	0	0	0	10
LK-4118090	Puttur North	Puttur North	GND	346	12	1	0	0	0	0
LK-4118095	Nawatkiri	Nawatkiri	GND	451	16	0	0	0	0	1
LK-4118100	Avarangal East	Avarangal East	GND	281	11	0	0	0	0	0
LK-4118105	Avarangal West	Avarangal West	GND	617	13	0	0	0	0	0
LK-4118110	Puttur East	Puttur East	GND	865	40	2	0	0	1	0
LK-4118115	Achchelu	Atchelu	GND	942	35	0	1	0	0	6
LK-4118120	Vatharavattai	Vatharavattai	GND	240	17	0	0	0	0	0
LK-4118125	Pattameni	Pathameny	GND	590	12	1	0	0	1	0
LK-4118130	Thampalai-Kathiripay	Thampalai-Kathiripay	GND	539	12	2	0	0	0	0
LK-4118135	Iddaikkadu	Iddaikkadu	GND	260	3	0	2	0	0	0
LK-4118140	Valalai	Valalai	GND	416	9	1	0	0	0	0
LK-4118145	Achchuveli North	Atchuvely North	GND	477	7	0	0	0	0	0
LK-4118150	Achchuveli South	Atchuvely South	GND	783	25	0	0	0	0	2
LK-4118155	Achchuveli West	Atchuvely West	GND	594	25	0	1	0	0	0
LK-4121	Vadamaradchchi South-West (Karaveddy)	Vadamaradchi South-West (Karaveddy)	DSD	11047	284	34	5	1	5	18
LK-4121005	Karanavai South	Karanavai South	GND	438	10	0	0	0	0	0
LK-4121010	Karanavai West	Karanavai West	GND	502	22	2	0	0	0	0
LK-4121015	Karanavai	Karanavai	GND	404	11	0	1	0	0	0
LK-4121020	Karanavai East	Karanavai East	GND	367	4	5	0	0	0	0
LK-4121025	Uduppiddy	Udupiddy	GND	391	10	0	0	0	0	12
LK-4121030	Uduppiddy North	Udupiddy North	GND	487	11	0	0	0	0	1
LK-4121035	Uduppiddy South	Udupiddy South	GND	235	1	0	0	0	0	0
LK-4121040	Valvetty	Valvetty	GND	255	3	0	1	0	0	0
LK-4121045	Valvetty Centre	Valvetty Centre	GND	270	4	0	0	0	0	0
LK-4121050	Samarabahu	Samarabahu	GND	368	16	0	0	0	0	0
LK-4121055	Imayanan	Imayanan	GND	492	19	0	0	1	2	0
LK-4121060	Imayanan East	Imayanan East	GND	541	12	0	1	0	0	1
LK-4121065	Karanavai North	Karanavai North	GND	339	3	0	0	0	0	0
LK-4121070	Karanavai North West	Karanavai North West	GND	413	6	0	0	0	0	0
LK-4121075	Karanavai Centre	Karanavai Centre	GND	355	2	0	0	0	0	0
LK-4121080	Karaveddy West	Karaveddy West	GND	325	39	0	0	0	1	0
LK-4121085	Karaveddy North	Karaveddy North	GND	213	10	4	0	0	1	1
LK-4121090	Karaveddy South	Karaveddy  South	GND	188	6	0	0	0	0	1
LK-4121095	Maththoni	Maththoni	GND	189	7	0	0	0	0	0
LK-4121100	Karaveddy Centre	Karaveddy Centre	GND	326	3	1	0	0	0	0
LK-4121105	Karaveddy East	Karaveddy East	GND	313	9	0	0	0	0	0
LK-4121110	Kaddaively	Kaddaively	GND	273	1	8	0	0	0	0
LK-4121115	Thunnalai South	Thunnalai South	GND	335	22	1	0	0	0	0
LK-4121120	Thunnalai East	Thunnalai East	GND	248	6	0	0	0	1	0
LK-4121125	Thunnalai	Thunnalai	GND	190	0	1	0	0	0	0
LK-4121130	Thunnalai Centre	Thunnalai Centre	GND	160	3	0	0	0	0	0
LK-4121135	Thunnalai West	Thunnalai West	GND	325	9	0	0	0	0	0
LK-4121140	Nelliaddy North	Nelliaddy North	GND	267	7	0	0	0	0	1
LK-4121145	Nelliaddy	Nelliaddy	GND	257	2	3	0	0	0	0
LK-4121150	Nelliaddy East	Nelliaddy East	GND	356	3	1	0	0	0	0
LK-4121155	Alvai	Alvai	GND	339	5	8	0	0	0	0
LK-4121160	Alvai South	Alvai South	GND	348	9	0	1	0	0	1
LK-4121165	Alvai East	Alvai East	GND	357	8	0	1	0	0	0
LK-4121170	Aththai	Aththai	GND	154	1	0	0	0	0	0
LK-4121175	Kapputhu	Kapputhu	GND	27	0	0	0	0	0	0
LK-4124	Vadamaradchchi East	Vadamaradchi East	DSD	3803	170	4	3	0	51	6
LK-4124005	Manatkadu	Manalkadu	GND	240	15	0	0	0	0	0
LK-4124010	Kudaththanai	Kudathanai	GND	292	13	0	0	0	0	0
LK-4124015	Kudaththanai Karaiyoor	Kudathanai Karaiyoor	GND	148	3	0	0	0	0	0
LK-4124020	Potpathi	Potpathi	GND	128	4	0	0	0	0	0
LK-4124025	Ampan	Ampan	GND	165	8	1	0	0	0	1
LK-4124030	Nagarkovil East	Nagarkovil East	GND	141	4	1	0	0	0	1
LK-4124035	Nagarkovil West	Nagarkovil West	GND	107	8	0	0	0	0	0
LK-4124040	Nagarkovil South	Nagarkovil South	GND	35	4	0	0	0	0	2
LK-4124045	Chempiyanpattu North	Chempiyanpattu North	GND	266	5	0	0	0	0	0
LK-4124050	Chempiyanpattu South	Chempiyanpattu South	GND	117	5	0	0	0	0	0
LK-4124055	Maruthankarny	Maruthankarny	GND	399	10	0	1	0	0	0
LK-4124060	Vaththirayan	Vathirayan	GND	301	12	0	0	0	0	0
LK-4124065	Uduththurai	Uduthurai	GND	449	17	0	0	0	51	0
LK-4124070	Aliyavalai	Aliyavalai	GND	331	7	1	0	0	0	0
LK-4124075	Vettilaikerny	Vetrilaikerny	GND	230	3	0	0	0	0	0
LK-4124080	Mulliyan	Mulliyan	GND	346	41	0	1	0	0	1
LK-4124085	Pokkaruppu	Pokkaruppu	GND	108	10	0	1	0	0	1
LK-4124090	Chundikulam	Chundikulam	GND	0	1	1	0	0	0	0
LK-4127	Vadamaradchi North (Point Pedro)	Vadamaradchi North (Point Pedro)	DSD	12102	225	12	7	0	4	8
LK-4127005	Thondamanaru South	Thondamanaru South	GND	207	8	0	0	0	0	0
LK-4127010	Thondamanaru North	Thondamanaru North	GND	198	9	0	0	0	0	0
LK-4127015	Kerudavil South	Kerudavil South	GND	565	17	0	0	0	0	0
LK-4127020	Kerudavil North	Kerudavil North	GND	168	1	0	0	0	1	0
LK-4127025	Kerudavil East	Kerudavil East	GND	130	4	0	0	0	0	0
LK-4127030	Valvettithurai North West	Valvettithurai North West	GND	247	1	0	0	0	0	1
LK-4127035	Valvettithurai North Centre	Valvettithurai North Centre	GND	121	2	0	0	0	0	0
LK-4127040	Valvettithurai North East	Valvettithurai North East	GND	152	1	0	0	0	0	0
LK-4127045	Valvettithurai South West	Valvettithurai South West	GND	218	6	0	0	0	0	0
LK-4127050	Valvettithurai South East	Valvettithurai South East	GND	197	2	0	0	0	0	0
LK-4127055	Polikandy West	Polikandy West	GND	500	11	0	1	0	0	0
LK-4127060	Polikandy East	Polikandy East	GND	521	4	0	0	0	0	3
LK-4127065	Polikandy South	Polikandy South	GND	161	0	0	0	0	0	0
LK-4127070	Alvai West	Alvai West	GND	370	1	0	0	0	0	0
LK-4127075	Alvai North West	Alvai North West	GND	478	9	0	0	0	0	1
LK-4127080	Alvai North Centre	Alvai North Centre	GND	467	7	0	0	0	0	1
LK-4127085	Viyaparimulai	Viyaparimoolai	GND	320	0	1	3	0	1	0
LK-4127090	Alvai North	Alvai North	GND	445	39	1	0	0	0	0
LK-4127095	Point Pedro	Point Pedro	GND	498	9	0	0	0	0	0
LK-4127100	Point Pedro South	Point Pedro South	GND	358	3	0	0	0	0	0
LK-4127105	Point Pedro East	Point Pedro East	GND	686	9	0	2	0	0	0
LK-4127110	Thumpalai	Thumpalai	GND	485	9	0	0	0	0	0
LK-4127115	Thumpalai East	Thumpalai East	GND	369	6	0	0	0	0	1
LK-4127120	Katkovalam	Katkovalam	GND	626	23	0	0	0	0	0
LK-4127125	Puloly North	Puloly North	GND	483	2	2	0	0	0	0
LK-4127130	Puloly North East	Puloly North East	GND	288	4	0	0	0	0	1
LK-4127135	Puloly Centre	Puloly Centre	GND	442	3	8	0	0	0	0
LK-4127140	Puloly West	Puloly West	GND	369	11	0	0	0	1	0
LK-4127145	Puloly South West	Puloly South West	GND	467	2	0	0	0	1	0
LK-4127150	Puloly North West	Puloly North West	GND	348	10	0	0	0	0	0
LK-4127155	Puloly East	Puloly East	GND	436	6	0	1	0	0	0
LK-4127160	Puloly South	Puloly South	GND	242	0	0	0	0	0	0
LK-4127165	Manthikai	Manthikai	GND	141	1	0	0	0	0	0
LK-4127170	Vallipuram	Vallipuram	GND	161	5	0	0	0	0	0
LK-4127175	Thunnalai North	Thunnalai North	GND	238	0	0	0	0	0	0
LK-4130	Thenmaradchi (Chavakachcheri)	Thenmaradchi (Chavakachcheri)	DSD	18661	392	9	18	1	1	14
LK-4130005	Kaithady North	Kaithady North	GND	189	1	0	0	0	0	0
LK-4130010	Kaithady East	Kaithady East	GND	445	7	0	0	0	0	1
LK-4130015	Kaithady Centre	Kaithady Centre	GND	268	0	0	0	0	0	0
LK-4130020	Kaithady South	Kaithady South	GND	365	1	0	0	0	0	0
LK-4130025	Kaithady South East	Kaithady South East	GND	178	1	1	0	0	0	0
LK-4130030	Kaithady West	Kaithady West	GND	356	1	0	0	0	0	0
LK-4130035	Navatkuli West	Navatkuli West	GND	790	13	0	0	0	0	1
LK-4130040	Navatkuli East	Navatkuli East	GND	280	2	0	0	0	0	0
LK-4130045	Kovilakandy	kovilakandy	GND	139	1	0	0	0	0	0
LK-4130050	Kaithady Navatkuli	Kaithady Navatkuli	GND	260	4	0	0	0	0	0
LK-4130055	Maravanpulo	Maravanpulo	GND	317	6	0	0	0	0	0
LK-4130060	Thanankilappu	Thanankilappu	GND	125	0	0	2	0	0	0
LK-4130065	Chavakachcheri Town	Chavakachcheri Town	GND	270	2	1	0	0	0	0
LK-4130070	Kovilkudyiruppu	Kovilkudyiruppu	GND	704	14	0	0	0	0	8
LK-4130075	Sangathanai	Sangathanai	GND	492	1	0	0	0	0	0
LK-4130080	Chavakachcheri North	Chavakachcheri North	GND	267	1	0	0	0	0	1
LK-4130085	Manduvil	Manduvil	GND	338	5	1	0	0	0	0
LK-4130090	Kalvayal	Kalvayal	GND	541	15	1	0	0	0	0
LK-4130095	Nunavil East	Nunavil East	GND	337	2	0	13	0	0	0
LK-4130100	Nunavil Centre	Nunavil Centre	GND	201	2	0	0	0	0	0
LK-4130105	Nunavil West	Nunavil West	GND	399	3	0	0	0	0	0
LK-4130110	Kaithady Nunavil	Kaithady Nunavil	GND	188	3	0	0	0	0	0
LK-4130115	Thenmadduvil	Thenmadduvil	GND	209	3	0	0	0	0	0
LK-4130120	Madduvil Nunavil	Madduvil Nunavil	GND	161	1	0	0	0	0	0
LK-4130125	Madduvil Centre	Madduvil Centre	GND	296	3	0	0	0	0	0
LK-4130130	Madduvil North	Madduvil North	GND	318	8	0	1	0	0	0
LK-4130135	Madduvil East	Madduvil East	GND	264	2	0	0	0	0	0
LK-4130140	Chandrapuram	Chandrapuram	GND	394	26	0	0	1	0	0
LK-4130145	Sarasalai South	Sarasalai South	GND	392	0	0	0	0	0	0
LK-4130150	Sarasalai North	Sarasalai North	GND	218	3	0	0	0	0	0
LK-4130155	Meesalai East	Meesalai East	GND	544	2	0	0	0	1	1
LK-4130160	Meesalai West	Meesalai West	GND	500	2	0	0	0	0	0
LK-4130165	Ramavil	Ramavil	GND	348	2	0	0	0	0	1
LK-4130170	Meesalai North	Meesalai North	GND	456	4	0	0	0	0	0
LK-4130175	Allarai	Allarai	GND	420	17	1	0	0	0	0
LK-4130180	Vellampokkady	Vellampokkady	GND	192	2	0	0	0	0	0
LK-4130185	Kachchai	Kachchai	GND	409	10	0	0	0	0	0
LK-4130190	Palavi	Palavi	GND	275	3	0	0	0	0	0
LK-4130195	Kodikamam North	Kodikamam North	GND	385	12	0	0	0	0	0
LK-4130200	Kodikamam Centre	Kodikamam Centre	GND	476	18	0	0	0	0	0
LK-4130205	Kodikamam South	Kodikamam South	GND	437	38	0	0	0	0	0
LK-4130210	Usan	Usan	GND	281	7	0	0	0	0	0
LK-4130215	Karampaham	Karampaham	GND	169	12	0	0	0	0	0
LK-4130220	Vidaththalpalai	Vidaththalpalai	GND	152	2	0	0	0	0	0
LK-4130225	Ketpeli	Ketpeli	GND	394	13	0	0	0	0	0
LK-4130230	Eluthumadduval South	Eluthumadduval South	GND	188	5	0	0	0	0	0
LK-4130235	Eluthumadduval North	Eluthumadduval North	GND	224	5	0	0	0	0	0
LK-4130240	Mirusuvil North	Mirusuvil North	GND	307	14	0	0	0	0	0
LK-4130245	Mirusuvil South	Mirusuvil South	GND	195	13	0	0	0	0	0
LK-4130250	Kudamiyan	Kudamiyan	GND	219	14	1	1	0	0	0
LK-4130255	Navatkadu	Navatkadu	GND	181	4	0	0	0	0	0
LK-4130260	Varani North	Varani North	GND	251	5	1	0	0	0	0
LK-4130265	Maaseri	Maaseri	GND	95	2	1	0	0	0	0
LK-4130270	Iddaikurichchi	Iddaikurichchi	GND	301	9	1	0	0	0	0
LK-4130275	Karambaikkurichchi	Karampaikurichchi	GND	338	20	0	0	0	0	0
LK-4130280	Varani-Iyattalai	Varani-lyattalai	GND	334	3	0	0	0	0	0
LK-4130285	Thavalai-Iyattalai	Thavalai- Iyattalai	GND	278	8	0	0	0	0	0
LK-4130290	Manthuvil East	Manthuvil East	GND	314	4	0	0	0	0	0
LK-4130295	Manthuvil West	Manthuvil West	GND	195	11	0	0	0	0	1
LK-4130300	Manthuvil North	Manthuvil North	GND	102	0	0	1	0	0	0
LK-4133	Nallur	Nallur	DSD	18836	170	36	10	0	10	1
LK-4133005	Ariyalai South West	Ariyalai South West	GND	721	3	0	0	0	0	0
LK-4133010	Ariyalai East	Ariyalai East	GND	454	33	0	0	0	0	0
LK-4133015	Ariyalai North West	Ariyalai North West	GND	473	2	0	0	0	0	0
LK-4133020	Ariyalai Center West	Ariyalai West (Centre)	GND	404	0	0	0	0	0	0
LK-4133025	Ariyalai S. W. (East)	Ariyalai S. W.	GND	326	7	0	0	0	0	0
LK-4133030	Ariyalai Centre North	Ariyalai Centre North	GND	314	2	0	0	0	1	0
LK-4133035	Ariyalai Centre	Ariyalai Centre	GND	482	0	0	0	0	0	0
LK-4133040	Ariyalai Centre South	Ariyalai Centre South	GND	382	9	0	0	0	0	0
LK-4133045	Iyanar Kovilady	Iyanar Kovilady	GND	500	3	1	0	0	0	0
LK-4133050	Vannarponnai N.W. (North)	Vannarpannai North	GND	444	2	1	0	0	0	0
LK-4133055	Vannarponnai N.W. (West)	Vannarpannai N.W.	GND	636	15	0	0	0	0	0
LK-4133060	Vannarponnai N.E. (North)	Vannarpannai N.E.	GND	613	1	3	0	0	0	0
LK-4133065	Vannarponnai N.E. (South)	Neeraviyady	GND	402	1	0	0	0	0	0
LK-4133070	Kantharmadam North West	Kantharmadam North West	GND	497	2	0	0	0	2	0
LK-4133075	Kantharmadam North East	Kantharmadam North East	GND	547	2	0	0	0	0	0
LK-4133080	Kantharmadam South West	Kantharmadam South West	GND	386	3	3	1	0	0	0
LK-4133085	Kantharmadam South East	Kantharmadam South East	GND	304	2	9	4	0	0	0
LK-4133090	Nallur North	Nallur North	GND	437	4	12	0	0	0	1
LK-4133095	Nallur Rajathani	Nallur Irajathani	GND	182	2	0	0	0	0	0
LK-4133100	Nallur South	Nallur South	GND	406	1	0	0	0	0	0
LK-4133105	Sangiliyan Thoppu	Sangiliyan Thoppu	GND	944	6	0	1	0	1	0
LK-4133110	Thirunelvely West	Thirunelvely West	GND	686	6	1	0	0	0	0
LK-4133115	Thirunelvely Centre South	Thirunelvely Centre South	GND	205	2	0	0	0	0	0
LK-4133120	Thirunelvely South East	Thirunelvely South East	GND	342	3	2	1	0	0	0
LK-4133125	Thirunelvely North East	Thirunelvely North East	GND	450	9	2	0	0	0	0
LK-4133130	Thirunelvely Centre North	Thirunelvely Centre North	GND	927	5	0	0	0	0	0
LK-4133135	Kondavil North West	Kondavil North West	GND	488	4	0	0	0	0	0
LK-4133140	Kondavil South West	Kondavil South West	GND	474	1	1	0	0	0	0
LK-4133145	Kondavil Centre West	Kondavil Centre West	GND	310	0	0	0	0	0	0
LK-4133150	Kondavil Centre East	Kondavil Centre East	GND	454	4	0	0	0	0	0
LK-4133155	Kondavil North East	Kondavil North East	GND	676	5	0	1	0	0	0
LK-4133160	Kondavil South East	Kondavil South East	GND	437	8	0	0	0	0	0
LK-4133165	Kokuvil North East	Kokuvil North East	GND	550	1	0	0	0	0	0
LK-4133170	Kokuvil East	Kokuvil East	GND	729	2	0	0	0	0	0
LK-4133175	Kokuvil South East	Kokuvil South East	GND	444	4	0	0	0	1	0
LK-4133180	Kokuvil North West	Kokuvil North West	GND	224	2	1	2	0	0	0
LK-4133185	Kokuvil West	Kokuvil West	GND	332	1	0	0	0	0	0
LK-4133190	Kokuvil Centre East	Kokuvil Centre East	GND	487	7	0	0	0	5	0
LK-4133195	Kokuvil South West	Kokuvil South West	GND	359	2	0	0	0	0	0
LK-4133200	Kokuvil Centre West	Kokuvil Centre (West)	GND	408	4	0	0	0	0	0
LK-4136	Jaffna	Jaffna	DSD	11979	144	7	4	0	5	9
LK-4136005	Nedunkulam	Nedunkulam	GND	485	3	0	0	0	0	0
LK-4136010	Columbuthurai East	Columbuthurai East	GND	549	1	0	0	0	0	1
LK-4136015	Columbuthurai West	Columbuthurai West	GND	361	19	1	0	0	0	0
LK-4136020	Passaiyoor East	Passaiyoor East	GND	241	3	0	0	0	0	0
LK-4136025	Passaiyoor West	Passaiyoor West	GND	218	10	0	0	0	1	0
LK-4136030	Eachchamoddai	Eachchamoddai	GND	645	12	0	1	0	0	0
LK-4136035	Thirunagar	Thirunagar	GND	232	3	0	0	0	0	0
LK-4136040	Reclamation East	Reclamation East	GND	922	6	0	0	0	0	4
LK-4136045	Reclamation West	Reclamation West	GND	762	4	0	0	0	0	0
LK-4136050	Gurunagar East	Gurunagar East	GND	404	2	0	0	0	0	0
LK-4136055	Gurunagar West	Gurunagar West	GND	375	1	0	0	0	0	0
LK-4136060	Small Bazaar	Small Bazaar	GND	172	1	0	0	0	0	0
LK-4136065	Jaffna Town West	Jaffna Town West	GND	641	3	0	1	0	0	0
LK-4136070	Jaffna Town East	Jaffna Town East	GND	355	4	0	0	0	0	0
LK-4136075	Chundikuli South	Chundikuli South	GND	420	4	0	0	0	0	0
LK-4136080	Chundikuli North	Chundikuli North	GND	409	0	0	0	0	0	0
LK-4136085	Maruthady	Maruthady	GND	445	0	0	0	0	0	2
LK-4136090	Aththiyadi	Attiaddy	GND	451	1	5	2	0	3	0
LK-4136095	Chirampiyadi	Sirambiady	GND	320	0	1	0	0	0	0
LK-4136100	Grand Bazaar	Grand Bazaar	GND	256	0	0	0	0	0	0
LK-4136105	Fort	Fort	GND	381	10	0	0	0	0	0
LK-4136110	Vannarpannai	Vannarpannai	GND	329	2	0	0	0	0	0
LK-4136115	Koddady	Koddady	GND	393	4	0	0	0	0	0
LK-4136120	Navanthurai South	Navanthurai South	GND	415	1	0	0	0	0	0
LK-4136125	Navanthurai North	Navanthurai North	GND	506	28	0	0	0	0	0
LK-4136130	Moor Street South	Moor Street South	GND	409	2	0	0	0	0	2
LK-4136135	Moor Street North	Moor Street North	GND	495	6	0	0	0	1	0
LK-4136140	New Moor Street	New Moor Street	GND	388	14	0	0	0	0	0
LK-4139	Islands South (Velanai)	Island South (Velanai)	DSD	4198	223	2	3	0	0	8
LK-4139005	Mandaitivu East	Mandaitivu East	GND	137	2	0	0	0	0	0
LK-4139010	Mandaitivu West	Mandaitivu West	GND	99	1	2	0	0	0	0
LK-4139015	Mandaitivu South	Mandaitivu South	GND	211	7	0	0	0	0	0
LK-4139020	Allaipiddy	Allaipiddy	GND	501	29	0	2	0	0	1
LK-4139025	Mankumpan	Mankumban	GND	164	9	0	0	0	0	0
LK-4139030	Velanai North	Velanai North	GND	106	1	0	0	0	0	0
LK-4139035	Velanai North East	Velanai North East	GND	100	3	0	0	0	0	0
LK-4139040	Velanai East	Velanai East	GND	262	14	0	0	0	0	1
LK-4139045	Velanai South East	Velanai South East	GND	78	4	0	0	0	0	0
LK-4139050	Velanai East Centre	Velanai East Centre	GND	148	5	0	0	0	0	1
LK-4139055	Velanai South	Velanai South	GND	295	7	0	0	0	0	0
LK-4139060	Velanai West Centre	Velanai West Centre	GND	90	1	0	0	0	0	0
LK-4139065	Velanai West	Velanai West	GND	237	17	0	0	0	0	1
LK-4139070	Saravanai East	Saravanai East	GND	93	1	0	0	0	0	0
LK-4139075	Saravanai West	Saravanai West	GND	148	3	0	0	0	0	0
LK-4139080	Pungudutivu North East	Pungudutivu North East	GND	33	0	0	0	0	0	0
LK-4139085	Pungudutivu East	Pungudutivu East	GND	62	13	0	0	0	0	0
LK-4139090	Pungudutivu South East	Pungudutivu South East	GND	20	0	0	0	0	0	0
LK-4139095	Pungudutivu East South	Pungudutivu East South	GND	84	6	0	0	0	0	0
LK-4139100	Pungudutivu South	Pungudutivu South	GND	226	21	0	0	0	0	4
LK-4139105	Pungudutivu North	Pungudutivu North	GND	70	7	0	0	0	0	0
LK-4139110	Pungudutivu Centre North	Pungudutivu Centre North	GND	133	7	0	0	0	0	0
LK-4139115	Pungudutivu South West	Pungudutivu South West	GND	63	3	0	0	0	0	0
LK-4139120	Pungudutivu Centre West	Pungudutivu Centre West	GND	58	3	0	0	0	0	0
LK-4139125	Pungudutivu Centre East	Pungudutivu Centre East	GND	66	1	0	0	0	0	0
LK-4139130	Pungudutivu North West	Pungudutivu North West	GND	39	3	0	0	0	0	0
LK-4139135	Pungudutivu West	Pungudutivu West	GND	87	13	0	1	0	0	0
LK-4139140	Nainativu North	Nainativu North	GND	208	25	0	0	0	0	0
LK-4139145	Nainativu Centre	Nainativu Centre	GND	143	4	0	0	0	0	0
LK-4139150	Nainativu South	Nainativu South	GND	237	13	0	0	0	0	0
LK-4142	Delft	Delft	DSD	869	27	0	0	0	0	1
LK-4142005	Delft West	Delft West	GND	135	2	0	0	0	0	1
LK-4142010	Delft South	Delft South	GND	76	7	0	0	0	0	0
LK-4142015	Delft Centre West	Delft Centre West	GND	200	1	0	0	0	0	0
LK-4142020	Delft Centre	Delft Centre	GND	165	4	0	0	0	0	0
LK-4142025	Delft Centre East	Delft Centre East	GND	145	4	0	0	0	0	0
LK-4142030	Delft East	Delft East	GND	148	9	0	0	0	0	0
LK-42	Mannar	Mannar	DISTRICT	31276	940	19	11	5	17	62
LK-4203	Mannar Town	Mannar Town	DSD	14337	307	9	2	3	10	28
LK-4203005	Talaimannar North	Talaimannar North	GND	302	8	0	0	0	0	0
LK-4203010	Thalaimannar Pier West	Talaimannar Pier West	GND	14	0	0	0	0	0	0
LK-4203015	Thalaimannar Pier East	Talaimannar Pier East	GND	543	12	0	0	0	0	0
LK-4203020	Thalaimannar	Talaimannar	GND	192	10	0	0	0	0	1
LK-4203025	Talaimannar South	Talaimannar South	GND	137	5	0	0	0	0	0
LK-4203030	Kaddukarankudiyiruppu	Kaddukarankudiyiruppu	GND	111	8	0	0	0	0	0
LK-4203035	Thullukudiyiruppu	Thullukudiyiruppu	GND	345	18	0	0	0	2	2
LK-4203040	Pesalai South	Pesalai South	GND	748	5	0	0	0	0	0
LK-4203045	Pesalai North	Pesalai North	GND	297	11	0	0	0	0	0
LK-4203050	Pesalai West	Pesalai West	GND	236	9	0	0	0	0	0
LK-4203055	Siruthoppu	Siruthoppu	GND	509	14	2	0	1	0	2
LK-4203060	Periyakarisal	Periyakarisal	GND	356	13	0	0	0	0	0
LK-4203065	Olaithoduwai	Olaithoduwai	GND	170	4	0	0	0	0	4
LK-4203070	Puthukudiyiruppu	Puthukudiyiruppu	GND	562	10	0	0	0	2	1
LK-4203075	Erukkalampiddy West	Erukkalampiddy West	GND	336	3	0	0	1	0	0
LK-4203080	Erukkalampiddy North	Erukkalampiddy North	GND	161	0	0	1	0	0	0
LK-4203085	Erukkalampiddy East	Erukkalampiddy East	GND	356	10	0	0	0	0	1
LK-4203090	Erukkalampiddy South	Erukkalampiddy South	GND	139	0	0	0	0	0	0
LK-4203095	Erukkalampiddy Centre	Erukkalampiddy Centre	GND	100	1	0	0	0	0	0
LK-4203100	Pallimunai East	Pallimunai East	GND	382	3	0	0	0	0	0
LK-4203105	Moor Street	Moor Street	GND	623	10	2	0	0	0	0
LK-4203110	Emilnagar	Emil Nagar	GND	704	11	0	0	0	0	12
LK-4203115	Tharapuram East	Tharapuram East	GND	311	3	0	0	0	0	0
LK-4203120	Tharapuram West	Tharapuram West	GND	294	7	0	0	0	0	0
LK-4203125	Thoddaveli	Thoddaveli	GND	479	4	0	1	0	1	0
LK-4203130	Thalvupadu	Thalvupadu	GND	527	25	2	0	0	0	1
LK-4203135	Pattithoddam	Pattithoddam	GND	326	5	0	0	0	0	0
LK-4203140	Eluthur	Eluthur	GND	945	10	0	0	1	0	0
LK-4203145	Southbar	South Bar	GND	460	9	1	0	0	0	1
LK-4203150	Savatkaddu	Savatkaddu	GND	402	19	1	0	0	3	0
LK-4203155	Sinnakadai	Sinnakadai	GND	289	4	0	0	0	1	0
LK-4203160	Uppukulam North	Uppukkulam North	GND	368	3	1	0	0	0	0
LK-4203165	Pallimunai West	Pallimunai West	GND	329	3	0	0	0	0	0
LK-4203170	Uppukulam South	Uppukkulam South	GND	304	3	0	0	0	0	0
LK-4203175	Periyakadai	Periyakadai	GND	150	0	0	0	0	0	0
LK-4203180	Pettah	Pettah	GND	135	2	0	0	0	0	0
LK-4203185	Panankaddikoddu West	Panankaddukoddu West	GND	339	7	0	0	0	0	1
LK-4203190	Panankaddikoddu East	Panankaddukoddu East	GND	149	1	0	0	0	1	0
LK-4203195	Periyanavatkulam	Periyanavatkulam	GND	17	0	0	0	0	0	0
LK-4203200	Thiruketheeswaram	Thiruketheeswaram	GND	159	6	0	0	0	0	1
LK-4203205	Nagathalvu	Nagathalvu	GND	69	3	0	0	0	0	0
LK-4203210	Neelasenai	Neelasenai	GND	57	0	0	0	0	0	0
LK-4203215	Mathoddam	Mathoddam	GND	98	2	0	0	0	0	0
LK-4203220	Kallikattaikadu	Kallikaddaikkadu	GND	114	3	0	0	0	0	0
LK-4203225	Vannamottai	Vannamoddai	GND	33	0	0	0	0	0	0
LK-4203230	Uyilankulam	Uyilankulam	GND	130	0	0	0	0	0	0
LK-4203235	Puthukkamam	Puthukkamam	GND	227	3	0	0	0	0	0
LK-4203240	Uyirtharasankulam	Uyirtharasankulam	GND	85	3	0	0	0	0	1
LK-4203245	Parappankandal	Parappankandal	GND	218	17	0	0	0	0	0
LK-4206	Manthai West	Manthai West	DSD	4853	221	6	2	0	2	25
LK-4206005	Thevanpiddy	Thevanpiddy	GND	206	19	0	0	0	1	0
LK-4206010	Vellankulam	Vellankulam	GND	200	6	0	0	0	0	0
LK-4206015	Paliaru	Pali Aru	GND	316	21	0	1	0	0	2
LK-4206020	Anthoniyarpuram	Anthoniyarpuram	GND	172	14	0	0	0	0	10
LK-4206025	Illupaikadavai	Illupaikadavai	GND	183	11	1	0	0	0	0
LK-4206030	Kalliyadi	Kalliyadi	GND	82	4	0	0	0	0	0
LK-4206035	Aththimoddai	Aththimoddai	GND	26	0	1	0	0	0	0
LK-4206040	Koorai	Koorai	GND	65	9	0	0	0	0	0
LK-4206045	Periyamadhu East	Periyamadhu East	GND	113	5	0	0	0	0	0
LK-4206050	Periyamadhu West	Periyamadhu West	GND	96	5	0	0	0	0	0
LK-4206055	Kayanagar	Kayanagar	GND	198	7	0	0	0	0	0
LK-4206060	Pallamadhu	Pallamadhu	GND	146	24	0	0	0	1	2
LK-4206065	Kovilkulam	Kovilkulam	GND	85	4	0	0	0	0	0
LK-4206070	Vidathaltheevu North	Vidathaltheevu North	GND	88	3	0	0	0	0	0
LK-4206075	Vidathaltheevu West	Vidathaltheevu West	GND	140	0	0	0	0	0	4
LK-4206080	Vidathaltheevu Central	Vidathaltheevu Central	GND	10	0	0	0	0	0	0
LK-4206085	Vidathaltheevu East	Vidathaltheevu East	GND	120	3	0	0	0	0	0
LK-4206090	Pappamoddai	Pappamoddai	GND	105	4	0	1	0	0	2
LK-4206095	Parappukadanthan West	Parappukadanthan West	GND	71	1	0	0	0	0	0
LK-4206100	Parappukadanthan East	Parappukadanthan East	GND	39	1	0	0	0	0	0
LK-4206105	Kannady	Kannady	GND	162	4	0	0	0	0	0
LK-4206110	Minnukkan	Minukkan	GND	99	0	0	0	0	0	0
LK-4206115	Maligaithidal	Maligaithidal	GND	144	8	0	0	0	0	0
LK-4206120	Veddayarmurrippu	Veddayarmurrippu	GND	109	4	0	0	0	0	0
LK-4206125	Adampan	Adampan	GND	160	6	0	0	0	0	1
LK-4206130	Nedunkandal	Nedunkandal	GND	128	3	0	0	0	0	0
LK-4206135	Karunkandal Vannakulam	Karunkandal Vannakulam	GND	123	4	0	0	0	0	0
LK-4206140	Alkaddiveli	Alkaddiveli	GND	195	4	1	0	0	0	2
LK-4206145	Andankulam	Andankulam	GND	79	1	0	0	0	0	0
LK-4206150	Karunkandal	Karunkandal	GND	116	0	2	0	0	0	0
LK-4206155	Sornapuri	Sornapuri	GND	232	14	0	0	0	0	0
LK-4206160	Palikuli	Palikuli	GND	148	4	0	0	0	0	0
LK-4206165	Kaththankulam	Kaththankulam	GND	186	0	0	0	0	0	0
LK-4206170	Vaddakandal	Vaddakandal	GND	183	5	0	0	0	0	0
LK-4206175	Palaiyadiputhukulam	Palaiyadiputhukulam	GND	93	1	0	0	0	0	2
LK-4206180	Palaiperumalkaddu	Palaiperumalkaddu	GND	235	22	1	0	0	0	0
LK-4209	Madhu	Madhu	DSD	2590	128	0	4	1	0	0
LK-4209005	Palampiddy	Palampiddy	GND	258	2	0	0	0	0	0
LK-4209010	Keerisuddan	Keerisuddan	GND	34	2	0	0	0	0	0
LK-4209015	Parasankulam	Parasankulam	GND	127	7	0	2	0	0	0
LK-4209020	Vilathikulam	Vilathikulam	GND	79	0	0	0	0	0	0
LK-4209025	Kakkayankulam East	Kakkayankulam East	GND	124	4	0	0	0	0	0
LK-4209030	Kalmadu	Kalmadu	GND	127	9	0	0	0	0	0
LK-4209035	Kakkayankulam West	Kakkayankulam West	GND	161	6	0	0	0	0	0
LK-4209040	Iranailluppaikulam	Iranai Illuppaikulam	GND	300	44	0	0	0	0	0
LK-4209045	Periya-Pandivirichchan East	Periya-Pandivirichchan East	GND	198	3	0	0	1	0	0
LK-4209050	Periya-Pandivirichchan West	Periya-Pandivirichchan West	GND	179	3	0	0	0	0	0
LK-4209055	Madhu	Madhu	GND	137	0	0	0	0	0	0
LK-4209060	Maluvarayarkaddayadampan	Maluvarayarkaddayadampan	GND	222	12	0	0	0	0	0
LK-4209065	Poomalarnthan	Poomalarnthan	GND	300	24	0	1	0	0	0
LK-4209070	Thekkam	Thekkam	GND	31	3	0	0	0	0	0
LK-4209075	Pannavedduvan	Pannavedduvan	GND	71	2	0	0	0	0	0
LK-4209080	Periyamurippu	Periyamurippu	GND	77	6	0	0	0	0	0
LK-4209085	Mathakiramam	Matha Kiramam	GND	165	1	0	1	0	0	0
LK-4212	Nanaddan	Nanattan	DSD	5212	163	3	2	1	5	8
LK-4212005	Vankalai North	Vankalai North	GND	157	3	0	0	0	0	0
LK-4212010	Vankalai West	Vankalai West	GND	137	2	0	0	0	0	0
LK-4212015	Vankalai East	Vankalai East	GND	499	12	1	0	0	0	0
LK-4212020	Thomaspuri	Thomaspuri	GND	305	6	0	0	0	0	0
LK-4212025	Naruvilikkulam	Naruvilikkulam	GND	260	4	0	1	0	0	1
LK-4212030	Vanchiyankulam	Vanchiyankulam	GND	123	3	0	0	0	0	0
LK-4212035	Ilahadipiddy	Ilahadipiddy	GND	123	7	0	0	0	0	0
LK-4212040	Ilanthaimoddai	Ilanthamoddai	GND	72	4	0	0	0	0	0
LK-4212045	Periyakaddaikadu	Periyakaddaikadu	GND	131	1	0	0	0	0	0
LK-4212050	Aththikkuli	Aththikkuly	GND	109	0	0	0	0	0	0
LK-4212055	Kanchithalvu	Kanchithalvu	GND	22	0	0	0	0	0	0
LK-4212060	Chemmantheevu	Chemmantivu	GND	176	16	0	0	0	0	0
LK-4212065	Murunkan	Murunkan	GND	277	3	0	0	1	1	0
LK-4212070	Cheddiyar Mahankaddai Adampan	Cheddiyar Mahan kaddaiadampan	GND	79	8	0	0	0	0	0
LK-4212075	Iraddaikkulam	Iraddaikkulam	GND	61	12	0	0	0	0	0
LK-4212080	Chundikkuli	Chundikkuli	GND	84	1	1	0	0	0	0
LK-4212085	Puthirarkandan	Puttirarkandan	GND	125	3	0	0	0	0	0
LK-4212090	Razoolputhuveli	Razoolputhuveli	GND	118	1	0	0	0	0	0
LK-4212095	Nanattan	Nannattan	GND	89	1	0	0	0	0	0
LK-4212100	Umanagari	Umanagari	GND	119	0	0	0	0	4	0
LK-4212105	Achchankulam	Achchankulam	GND	267	14	0	1	0	0	0
LK-4212110	Moddaikadai	Moddaikadai	GND	100	6	0	0	0	0	0
LK-4212115	Rasamadhu	Rasamadhu	GND	155	3	0	0	0	0	0
LK-4212120	Pallankoddai	Pallankoddai	GND	130	15	0	0	0	0	5
LK-4212125	Valkkaipettankandal	Valkaipattankandal	GND	451	11	1	0	0	0	0
LK-4212130	Pontheevukandal	Pontheevukandal	GND	178	1	0	0	0	0	0
LK-4212135	Kalimoddai Puliyankulam	Kalimoddai Puliyankulam	GND	108	0	0	0	0	0	0
LK-4212140	Parikarikandal	Pariharikandal	GND	257	6	0	0	0	0	2
LK-4212145	Sirukkandal	Sirukkandal	GND	157	8	0	0	0	0	0
LK-4212150	Katkidanthakulam	Katkidanthakulam	GND	257	11	0	0	0	0	0
LK-4212155	Issaimalaithalvu	Issaimalaithalvu	GND	86	1	0	0	0	0	0
LK-4215	Musali	Musali	DSD	4284	121	1	1	0	0	1
LK-4215005	Arippu West	Arippu West	GND	292	17	0	1	0	0	0
LK-4215010	Arippu East	Arippu East	GND	230	11	0	0	0	0	0
LK-4215015	Methanveli	Methanveli	GND	71	9	0	0	0	0	0
LK-4215020	Poonochchikulam	Poonochchikulam	GND	92	4	0	0	0	0	0
LK-4215025	Pandaraveli	Pandaraveli	GND	242	6	0	0	0	0	0
LK-4215030	Sinnapullachchi Potkerni	Sinnapullachchi Potkerni	GND	225	2	0	0	0	0	1
LK-4215035	Periyapullachchi Potkerni	Periyapullachchi Potkerni	GND	204	4	0	0	0	0	0
LK-4215040	Veppankulam	Veppankulam	GND	282	4	0	0	0	0	0
LK-4215045	Marudhamadu	Maruthamadhu	GND	249	15	0	0	0	0	0
LK-4215050	Ahathimurippu	Ahathimurippu	GND	225	2	0	0	0	0	0
LK-4215055	Puthuveli	Puthuveli	GND	108	3	0	0	0	0	0
LK-4215060	Saveriyarpuram	Severiyarpuram	GND	213	8	0	0	0	0	0
LK-4215065	Chilavathurai	Chilavathurai	GND	251	2	0	0	0	0	0
LK-4215070	Koolankulam	Kollankulam	GND	275	0	0	0	0	0	0
LK-4215075	Kondachchi	Kondachchi	GND	373	10	0	0	0	0	0
LK-4215080	Kokkupadayan	Kokkupadayan	GND	138	0	0	0	0	0	0
LK-4215085	Palaikuli	Palaikuli	GND	351	5	0	0	0	0	0
LK-4215090	Karadikkuli	Karadikkuli	GND	214	7	0	0	0	0	0
LK-4215095	Mullikulam	Mullikkulam	GND	117	0	0	0	0	0	0
LK-4215100	Marichchukkaddi	Marichchukaddy	GND	132	12	1	0	0	0	0
LK-43	Vavuniya	Vavuniya	DISTRICT	46966	1292	13	44	3	14	67
LK-4303	Vavuniya North	Vavuniya North	DSD	4068	231	0	13	1	0	5
LK-4303005	Unchalkaddy	Unchalkaddy	GND	19	2	0	0	0	0	0
LK-4303010	Vedivaithakallu	Vedivaithakallu	GND	378	25	0	4	0	0	1
LK-4303015	Maruthoddai	Maruthoddai	GND	63	6	0	0	0	0	0
LK-4303020	Paddikudiyiruppu	Paddikudiyiruppu	GND	85	5	0	0	0	0	1
LK-4303025	Katkulam	Katkulam	GND	168	7	0	0	1	0	0
LK-4303030	Nedunkerny South	Nedunkerny South	GND	276	8	0	0	0	0	0
LK-4303035	Nedunkerny North	Nedunkerny North	GND	155	9	0	0	0	0	0
LK-4303040	Olumadu	Olumadu	GND	280	29	0	3	0	0	1
LK-4303045	Mamadu	Mamadu	GND	196	17	0	2	0	0	0
LK-4303050	Kulavisuddan	Kulavisuddan	GND	159	9	0	0	0	0	0
LK-4303055	Marailuppai	Marailuppai	GND	159	11	0	0	0	0	0
LK-4303060	Paranthan	Paranthan	GND	215	6	0	0	0	0	1
LK-4303065	Anandar Pulliyankulam	Anandar Pulliyankulam	GND	95	2	0	1	0	0	0
LK-4303070	Sinnadampan	Sinnadampan	GND	228	7	0	0	0	0	0
LK-4303075	Nainamadu	Nainamadu	GND	224	7	0	1	0	0	1
LK-4303080	Puliyankulam South	Puliyankulam South	GND	293	18	0	0	0	0	0
LK-4303085	Puliyankulam North	Puliyankulam North	GND	319	18	0	2	0	0	0
LK-4303090	Kanagarayankulam South	Kanagarayankulam South	GND	351	23	0	0	0	0	0
LK-4303095	Kanagarayankulam North	Kanagarayankulam North	GND	247	4	0	0	0	0	0
LK-4303100	Mannakulam	Mannakulam	GND	158	18	0	0	0	0	0
LK-4306	Vavuniya South	Vavuniya South	DSD	4512	77	1	4	0	1	2
LK-4306005	Periya Ulukkulama	Periya Ulukkulama	GND	275	3	0	0	0	0	0
LK-4306010	Poomaduwa	Poomaduwa	GND	29	0	0	0	0	0	0
LK-4306015	Rankethgama	Rankethgama	GND	75	2	0	0	0	0	0
LK-4306020	Maradanmaduwa	Maradanmaduwa	GND	258	6	0	0	0	0	0
LK-4306025	Pavakkulam South Bank, Track 07	Pavakkulam South Bank, Track 07	GND	58	3	0	0	0	1	0
LK-4306030	Awaranthulawa	Awaranthulawa	GND	107	1	0	0	0	0	0
LK-4306035	Acres 20,40,60	Acres 20,40,60	GND	131	0	0	0	0	0	0
LK-4306040	Acres 400	Acres 400	GND	303	5	0	1	0	0	0
LK-4306045	Madukanda	Madukanda	GND	330	2	0	0	0	0	0
LK-4306050	Eramperiyakulama	Eramperiyakulama	GND	312	0	0	0	0	0	0
LK-4306055	Alagalla	Alagalla	GND	194	2	0	1	0	0	0
LK-4306060	Avusathapitiya	Avusathapitiya	GND	432	20	0	0	0	0	0
LK-4306065	Kalukunnammaduwa	Kalukunnammaduwa	GND	242	11	1	0	0	0	0
LK-4306070	Nedunkulam	Nedunkulam	GND	268	2	0	0	0	0	0
LK-4306075	Mahamylankulama	Mahamylankulama	GND	291	6	0	1	0	0	2
LK-4306080	Mamaduwa	Mamaduwa	GND	174	3	0	1	0	0	0
LK-4306085	Mahakachchakodiya	Mahakachchikodiya	GND	299	2	0	0	0	0	0
LK-4306090	Pudubulankulama	Pudubulankulama	GND	252	1	0	0	0	0	0
LK-4306095	Pirappanmaduwa	Pirappanmaduwa	GND	224	6	0	0	0	0	0
LK-4306100	Agbopura	Agbopura	GND	258	2	0	0	0	0	0
LK-4309	Vavuniya	Vavuniya	DSD	31538	734	11	21	2	13	44
LK-4309005	Palamoddai	Palamoddai	GND	293	14	0	0	0	0	0
LK-4309010	Maruthamadhu	Maruthamadhu	GND	177	10	0	0	0	0	0
LK-4309015	Panrikkeithakulam	Panrikkeithakulam	GND	188	6	0	4	0	0	0
LK-4309020	Arumugathanputhukulam	Arumuhathanputhukulam	GND	129	3	0	1	0	0	0
LK-4309025	Semamadhu	Semamadhu	GND	94	0	0	0	0	0	0
LK-4309030	Maligai	Maligai	GND	97	6	0	0	0	0	0
LK-4309035	Mahilankulam	Mahilankulam	GND	259	7	0	0	0	0	0
LK-4309040	Maruthankulam	Maruthankulam	GND	252	1	0	0	0	0	0
LK-4309045	Ilamaruthankulam	Ilamaruthankulam	GND	82	0	0	0	0	0	0
LK-4309050	Kallikulam	Kallikulam	GND	637	23	0	0	0	0	0
LK-4309055	Nochchimoddai	Nochchimoddai	GND	453	8	0	0	0	0	11
LK-4309060	Paranaddakal	Paranaddakal	GND	224	5	0	0	0	0	0
LK-4309065	Puthukkulam	Puthukkulam	GND	204	6	0	0	0	0	0
LK-4309070	Marukkarampalai	Marekkarampalai	GND	1282	44	0	0	0	0	5
LK-4309075	Thandikulam	Thandikulam	GND	939	68	2	0	0	0	0
LK-4309080	Maharambaikulam	Maharambaikulam	GND	1764	26	0	0	1	1	8
LK-4309085	Kaththarsinnakulam	Katharsinnakulam	GND	1108	18	0	0	0	0	2
LK-4309090	Nelukkulam	Nelukkulam	GND	1434	15	1	2	0	0	1
LK-4309095	Pattanichchoor Puliyankulam	Pattanichchi puliyankulam	GND	1686	13	0	0	1	1	0
LK-4309100	Vavuniya Town	Vavuniya Town	GND	650	3	0	0	0	0	0
LK-4309105	Omanthai	Omanthai	GND	436	2	0	1	0	0	0
LK-4309110	Salambaikkulam	Salambaikkulam	GND	627	30	0	0	0	1	4
LK-4309115	Sasthrikoolankulam	Sasthirikoolankulam	GND	868	40	0	0	0	0	3
LK-4309120	Echchankulam	Echchankulam	GND	1264	45	0	0	0	0	4
LK-4309125	Kalmadu	Kalmadu	GND	528	26	0	1	0	2	0
LK-4309130	Poovarasankulam	Poovarasankulam	GND	571	9	0	1	0	0	0
LK-4309135	Sekkadipulavu	Sekkadipulavu	GND	869	17	0	0	0	0	2
LK-4309140	Pampaimadu	Pampaimadu	GND	628	31	0	3	0	0	1
LK-4309145	Rejendrankulam	Rajendrankulam	GND	722	32	0	4	0	3	0
LK-4309150	Koomankulam	Koomankulam	GND	1230	32	0	0	0	0	0
LK-4309155	Kovilkulam	Kovilkulam	GND	633	7	0	1	0	1	0
LK-4309160	Velikulam	Velikulam	GND	649	9	0	0	0	1	0
LK-4309165	Moonrumurippu	Moonrumurippu	GND	454	9	0	0	0	0	0
LK-4309170	Kandapuram	Kandapuram	GND	994	20	0	0	0	0	1
LK-4309175	Thonikal	Thonikal	GND	1987	17	2	0	0	1	0
LK-4309180	Samalankulam	Samalankulam	GND	961	25	1	1	0	0	0
LK-4309185	Asikulam	Asikulam	GND	1522	61	0	0	0	0	1
LK-4309190	Rambaikulam	Rambaikulam	GND	795	6	0	0	0	0	0
LK-4309195	Vairavapuliyankulam	Vairavapuliyankulam	GND	1157	6	5	1	0	1	0
LK-4309200	Pandarikulam	Pandarikkulam	GND	1510	5	0	1	0	1	0
LK-4309205	Vavuniya Town North	Vavuniya Town North	GND	926	9	0	0	0	0	0
LK-4309210	Velankulam	Velankulam	GND	255	20	0	0	0	0	1
LK-4312	Vengalacheddikulam	Vengalacheddikulam	DSD	6848	250	1	6	0	0	16
LK-4312005	Andiyapuliyankulam	Andiyapuliyankulam	GND	1187	30	0	1	0	0	0
LK-4312010	Periyathampanai	Periyathampanai	GND	88	7	0	0	0	0	1
LK-4312015	Periyakaddu	Periyakaddu	GND	198	22	0	0	0	0	0
LK-4312020	Kannaddy	Kannaddy	GND	81	9	0	0	0	0	0
LK-4312025	Piramanalankulam	Piramanalankulam	GND	189	11	1	0	0	0	0
LK-4312030	Sooduventhapulavu	Sooduventhapulavu	GND	705	31	0	1	0	0	15
LK-4312035	Kurukkalputhukkulam	Kurukkalputhukkulam	GND	292	14	0	0	0	0	0
LK-4312040	Kanthasamy Nagar	Kanthasamy Nagar	GND	289	5	0	1	0	0	0
LK-4312045	Unit 5 & 6. Pavatkulam	Unit 5 & 6 Pavatkulam	GND	228	7	0	0	0	0	0
LK-4312050	Unit 4. Pavatkulam	Unit 4 Pavatkulam	GND	189	2	0	0	0	0	0
LK-4312055	Unit 2. Pavatkulam	Unit 2 Pavatkulam	GND	397	25	0	0	0	0	0
LK-4312060	Muthaliyarkulam	Muthaliyarkulam	GND	446	17	0	0	0	0	0
LK-4312065	Sinnasippikulam	Sinnasippikulam	GND	632	10	0	0	0	0	0
LK-4312070	Neriyakulam	Neriyakulam	GND	533	15	0	0	0	0	0
LK-4312075	Periyapuliyalankulam	Periyapuliyalankulam	GND	588	16	0	0	0	0	0
LK-4312080	Cheddikulam	Cheddikulam	GND	195	4	0	0	0	0	0
LK-4312085	Mugaththankulam	Mugaththankulam	GND	203	7	0	1	0	0	0
LK-4312090	Unit 9 & 10. Pavatkulam	Unit 9 & 10 Pavatkulam	GND	96	0	0	0	0	0	0
LK-4312095	Kristhavakulam	Kiristhavakulam	GND	97	8	0	2	0	0	0
LK-4312100	Kangankulam	Kangankulam	GND	215	10	0	0	0	0	0
LK-44	Mullaitivu	Mullaitivu	DISTRICT	33100	1422	46	113	1	10	94
LK-4403	Thunukkai	Thunukkai	DSD	2766	79	4	9	0	0	2
LK-4403005	Alankulam	Alankulam	GND	126	0	1	0	0	0	1
LK-4403010	Amaithipuram	Amaithipuram	GND	110	1	0	0	0	0	0
LK-4403015	Ambalaperumalkulam	Ambalaperumalkulam	GND	68	5	0	3	0	0	0
LK-4403020	Aninchiyankulam	Aninchiyankulam	GND	480	15	0	0	0	0	1
LK-4403025	Barathinagar	Barathinagar	GND	145	3	0	0	0	0	0
LK-4403030	Iyankankulam	Iyankankulam	GND	147	15	0	6	0	0	0
LK-4403035	Kalvilan	Kalvilan	GND	126	2	0	0	0	0	0
LK-4403040	Koddaikaddiyakulam	Koddaikaddiyakulam	GND	100	4	0	0	0	0	0
LK-4403045	Mallavi	Mallavi	GND	248	7	0	0	0	0	0
LK-4403050	Palayamurikandy	Palayamurikandy	GND	33	0	0	0	0	0	0
LK-4403055	Pugalenthinagar	Pugalenthinagar	GND	104	0	1	0	0	0	0
LK-4403060	Puththuvedduvan	Puththuvedduvan	GND	60	0	0	0	0	0	0
LK-4403065	Thenniyankulam	Thenniyankulam	GND	92	8	0	0	0	0	0
LK-4403070	Therankandal	Therankandal	GND	224	13	2	0	0	0	0
LK-4403075	Thirunagar	Thirunagar	GND	115	0	0	0	0	0	0
LK-4403080	Thunukkai	Thunukkai	GND	156	1	0	0	0	0	0
LK-4403085	Uyilankulam	Uyilankulam	GND	80	3	0	0	0	0	0
LK-4403090	Yogapuram Centre	Yogapuram Centre	GND	156	0	0	0	0	0	0
LK-4403095	Yogapuram East	Yogapuram East	GND	91	0	0	0	0	0	0
LK-4403100	Yogapuram West	Yogapuram West	GND	105	2	0	0	0	0	0
LK-4406	Manthai East	Manthai East	DSD	2091	71	3	15	0	1	1
LK-4406005	Ampalpuram	Ampalpuram	GND	220	11	0	3	0	0	0
LK-4406010	Karumpulliyan	Karumpulliyan	GND	128	1	0	0	0	0	0
LK-4406015	Kollavilankulam	Kollavilankulam	GND	135	2	0	0	0	0	0
LK-4406020	Moonrumurippu	Moonrumurippu	GND	172	2	0	1	0	1	0
LK-4406025	Naddankandal	Naddankandal	GND	114	6	0	4	0	0	0
LK-4406030	Oddaruththakulam	Oddaruththakulam	GND	192	3	0	0	0	0	0
LK-4406035	Palinagar	Palinagar	GND	295	14	2	0	0	0	1
LK-4406040	Pandiyankulam	Pandiyankulam	GND	245	5	0	1	0	0	0
LK-4406045	Ponnagar/Kuttymulai	Ponnagar/Kuttymulai	GND	37	1	0	0	0	0	0
LK-4406050	Poovarasankulam	Poovarasankulam	GND	101	8	0	1	0	0	0
LK-4406055	Selvapuram	Selvapuram	GND	169	1	0	1	0	0	0
LK-4406060	Siraddikulam	Siraddikulam	GND	45	6	0	0	0	0	0
LK-4406065	Sivapuram	Sivapuram	GND	43	2	1	0	0	0	0
LK-4406070	Vannivilankulam	Vannivilankulam	GND	113	4	0	2	0	0	0
LK-4406075	Vinayagapuram	Vinayagapuram	GND	82	5	0	2	0	0	0
LK-4409	Puthukkudiyiruppu	Puthukkudiyiruppu	DSD	10353	482	13	14	0	3	75
LK-4409005	Anandapuram	Anandapuram	GND	209	18	0	0	0	0	0
LK-4409010	Iranaippalai	Iranaippalai	GND	348	6	0	0	0	0	2
LK-4409015	Kombavil	Kombavil	GND	1137	51	0	2	0	2	5
LK-4409020	Mallikaithivu	Mallikaithivu	GND	380	23	0	0	0	0	7
LK-4409025	Manikkapuram	Manikkapuram	GND	323	14	0	0	0	0	2
LK-4409030	Mannakandal	Mannakandal	GND	240	17	1	1	0	0	0
LK-4409035	Manthuvil	Manthuvil	GND	493	5	0	0	0	0	11
LK-4409040	Puthukudiyiruppu East	Puthukudiyiruppu East	GND	645	19	0	0	0	0	3
LK-4409045	Puthukudiyiruppu West	Puthukudiyiruppu West	GND	1140	80	0	1	0	0	1
LK-4409050	Sivanagar	Sivanagar	GND	366	6	0	0	0	0	0
LK-4409055	Suthanthirapuram	Suthanthirapuram	GND	696	26	4	2	0	0	0
LK-4409060	Theravil	Theravil	GND	333	21	1	0	0	0	0
LK-4409065	Thevipuram	Thevipuram	GND	752	23	2	1	0	1	11
LK-4409070	Udayarkattu North	Udaiyarkaddu North	GND	524	37	0	3	0	0	24
LK-4409075	Udayarkattu South	Udaiyarkaddu South	GND	822	71	1	1	0	0	0
LK-4409080	Vallipunam	Vallipunam	GND	542	25	0	0	0	0	1
LK-4409085	Valluvarpuram	Valluvarpuram	GND	340	1	0	0	0	0	0
LK-4409090	Visuvamadu East	Visuvamadu East	GND	399	8	2	1	0	0	0
LK-4409095	Visuvamadu West	Visuvamadu West	GND	664	31	2	2	0	0	8
LK-4412	Oddusuddan	Oddusuddan	DSD	4788	253	7	36	1	3	10
LK-4412005	Ampakamam	Ampakamam	GND	110	3	0	0	0	0	0
LK-4412010	Ganeshapuram	Ganeshapuram	GND	62	2	0	1	0	0	0
LK-4412015	Indupuram	Indupuram	GND	314	6	0	2	0	0	5
LK-4412020	Kanagarathinapuram	Kanagarathinapuram	GND	89	5	0	0	0	0	0
LK-4412025	Karuvelankandal	Karuvelankandal	GND	92	5	0	0	0	0	0
LK-4412030	Katchilaimadu	Katchilaimadu	GND	239	16	1	0	0	0	0
LK-4412035	Kathaliyarsamalankulam	Kathaliyarsamlankulam	GND	255	12	1	1	0	0	0
LK-4412040	Koolamurippu	koolamurippu	GND	120	5	0	0	0	0	0
LK-4412045	Manavalanpaddamurippu	Manavalanpaddamurippu	GND	146	1	0	1	0	0	0
LK-4412050	Mankulam	Mankulam	GND	548	24	1	0	0	0	0
LK-4412055	Muththuaiyankaddukulam	Muththaiyankaddukulam	GND	272	21	0	1	1	0	3
LK-4412060	Muthuvinayagapuram	Muthuvinayagarpuram	GND	198	4	0	0	0	0	0
LK-4412065	Oddusuddan	Oddusuddan	GND	300	13	0	0	0	0	0
LK-4412070	Olumadu	Olumadu	GND	139	17	0	1	0	0	1
LK-4412075	Othiyamalai	Othiyamalai	GND	61	5	0	1	0	0	0
LK-4412080	Palampasi	Palampasi	GND	291	8	2	4	0	0	1
LK-4412085	Pandaravanni	Pandaravanni	GND	120	1	0	0	0	0	0
LK-4412090	Panikkankulam	Panikkankulam	GND	133	17	0	1	0	1	0
LK-4412095	Peraru	Peraru	GND	82	7	0	0	0	0	0
LK-4412100	Periyaithimadu	Periyaithimadu	GND	53	2	0	0	0	0	0
LK-4412105	Periyakulam	Periyakulam	GND	15	7	1	1	0	0	0
LK-4412110	Puliyankulam	Puliyankulam	GND	97	3	0	0	0	0	0
LK-4412115	Thachchadampan	Thachchadampan	GND	183	2	0	0	0	0	0
LK-4412120	Thanduvan	Thanduvan	GND	109	6	1	0	0	0	0
LK-4412125	Thaddayarmalai	Thaddayarmalai	GND	174	15	0	0	0	0	0
LK-4412130	Thirumurukandi	Thirumurukanndy	GND	346	30	0	22	0	2	0
LK-4412135	Vithyapuram	Vithyapuram	GND	240	16	0	0	0	0	0
LK-4415	Maritimepattu	Maritimepattu	DSD	9984	439	16	31	0	3	5
LK-4415005	Alampil North	Alampil North	GND	131	17	0	0	0	0	0
LK-4415010	Alampil South	Alampil South	GND	275	13	0	1	0	0	0
LK-4415015	Ampalavanpokkanai	Ampalavanpokkanai	GND	295	25	0	3	0	0	0
LK-4415020	Shemmalai	Chemmalai	GND	298	5	0	1	0	0	0
LK-4415025	Shemmalai East	Chemmalai East	GND	72	15	0	0	0	0	0
LK-4415030	Chilawattai	Chilawattai	GND	430	17	0	2	0	0	0
LK-4415035	Chilawattai South	Chilawattai South	GND	136	6	0	0	0	0	0
LK-4415040	Keekkirapuram	Keekkirapuram	GND	320	5	1	1	0	0	0
LK-4415045	Kallappadu North	Kallappadu North	GND	159	2	0	0	0	0	4
LK-4415050	Kallappadu South	Kallappadu South	GND	454	16	1	1	0	0	0
LK-4415055	Kanukerny East	Kanukerny East	GND	155	3	0	0	0	0	0
LK-4415060	Kanukerny West	Kanukerny West	GND	192	0	0	1	0	0	0
LK-4415065	Karunaddukerny	Karunaddukerny	GND	155	13	0	0	0	2	0
LK-4415070	Keppapulavu	Keppapulavu	GND	351	20	3	1	0	0	0
LK-4415075	Kokkilai East	Kokkilai East	GND	155	1	0	1	0	0	0
LK-4415080	Kokkilai West	Kokkilai West	GND	181	25	0	1	0	0	0
LK-4415085	Kokuthoduvai Centre	Kokuthoduvai Centre	GND	94	0	0	4	0	0	1
LK-4415090	Kokuthoduvai North	Kokuthoduvai North	GND	110	3	6	0	0	0	0
LK-4415095	Kokuthoduvai South	Kokuthoduvai South	GND	54	4	0	1	0	0	0
LK-4415100	Kovilkudiyiruppu	Kovilkudiyiruppu	GND	59	0	0	0	0	0	0
LK-4415105	Kumarapuram	Kumarapuram	GND	349	36	0	0	0	0	0
LK-4415110	Kumulamunai Centre	Kumulamunai Centre	GND	198	0	0	0	0	0	0
LK-4415115	Kumulamunai East	Kumulamunai East	GND	230	7	0	6	0	0	0
LK-4415120	Kumulamunai West	Kumulamunai West	GND	131	4	0	1	0	0	0
LK-4415125	Mamoolai	Mamoolai	GND	369	24	0	0	0	0	0
LK-4415130	Manalkudiyiruppu	Manalkudiyiruppu	GND	59	1	0	0	0	0	0
LK-4415135	Mathavalasingankulam	Mathavalasingankulam	GND	183	26	0	1	0	0	0
LK-4415140	Mullaitivu South	Mullaitivu South	GND	235	1	0	1	0	0	0
LK-4415145	Mullaitivu Town	Mullaitivu Town	GND	30	0	0	0	0	0	0
LK-4415150	Mullivaikkal East	Mullivaikkal East	GND	371	6	0	0	0	0	0
LK-4415155	Mullivaikkal West	Mullivaikkal West	GND	278	9	0	0	0	0	0
LK-4415160	Mulliyawalai Centre	Mulliyawalai Centre	GND	135	5	0	0	0	0	0
LK-4415165	Mulliyawalai East	Mulliyawalai East	GND	393	4	1	0	0	0	0
LK-4415170	Mulliyawalai North	Mulliyawalai North	GND	290	18	1	1	0	0	0
LK-4415175	Mulliyawalai South	Mulliyawalai South	GND	139	5	0	0	0	0	0
LK-4415180	Mulliyawalai West	Mulliyawalai West	GND	524	30	1	2	0	0	0
LK-4415185	Neeravippiddy East	Neeravippiddy East	GND	131	1	0	0	0	0	0
LK-4415190	Neeravippiddy West	Neeravippiddy West	GND	182	0	0	0	0	0	0
LK-4415195	Putharikuda	Putharikuda	GND	126	1	0	0	0	1	0
LK-4415200	Selvapuram	Selvapuram	GND	372	13	0	0	0	0	0
LK-4415205	Thannimurippu	Thannimurippu	GND	83	23	1	0	0	0	0
LK-4415210	Thanneerudru East	Thanneerudru East	GND	62	1	0	0	0	0	0
LK-4415215	Thanneerudru West	Thanneerudru West	GND	235	8	0	1	0	0	0
LK-4415220	Uppumaveli	Uppumaveli	GND	330	14	1	0	0	0	0
LK-4415225	Vannankulam	Vannankulam	GND	79	1	0	0	0	0	0
LK-4415230	Vattapalai	Vattappalai	GND	394	11	0	0	0	0	0
LK-4418	Welioya	Welioya	DSD	3118	98	3	8	0	0	1
LK-4418005	Gajabapura	Gajabapura	GND	312	22	1	3	0	0	0
LK-4418010	Kalyanapura	Kalayanapura	GND	350	23	0	0	0	0	0
LK-4418015	Ehetugaswewa	Ehetugaswewa	GND	467	7	0	1	0	0	1
LK-4418020	Kiriibbanwewa	Kiriebbanwewa	GND	325	2	0	2	0	0	0
LK-4418025	Janakapura	Janakapura	GND	403	14	1	0	0	0	0
LK-4418030	Nawagajabapura	Nawagajabapura	GND	113	5	0	0	0	0	0
LK-4418035	Nikawewa Left	Nikawewa Left	GND	467	9	1	2	0	0	0
LK-4418040	Ethawetunawewa	Ethawatunawewa	GND	298	7	0	0	0	0	0
LK-4418045	Nikawewa South	Nikawewa South	GND	383	9	0	0	0	0	0
LK-45	Kilinochchi	Kilinochchi	DISTRICT	34804	1782	23	51	0	26	48
LK-4503	Pachchilaipalli	Pachchilaipalli	DSD	3620	237	6	6	0	0	3
LK-4503005	Allipalai	Allipallai	GND	74	18	0	0	0	0	0
LK-4503010	Arasarkeni	Arasarkerni	GND	120	3	0	3	0	0	0
LK-4503015	Ittavil	Ittavil	GND	245	27	0	0	0	0	0
LK-4503020	Iyakkachchi	Iyakkachchi	GND	220	38	0	0	0	0	1
LK-4503025	Kachcharveli	Kachcharveli	GND	115	25	1	0	0	0	1
LK-4503030	Kilaly	Kilaly	GND	215	15	0	0	0	0	0
LK-4503035	Kovilvayal	Kovilvayal	GND	223	17	2	0	0	0	0
LK-4503040	Masar	Masar	GND	183	4	0	0	0	0	0
LK-4503045	Muhamalai	Muhamalai	GND	139	4	0	0	0	0	0
LK-4503050	Muhavil	Muhavil	GND	241	13	1	2	0	0	0
LK-4503055	Mullaiyadi	Mullaiyadi	GND	178	3	0	0	0	0	0
LK-4503060	Pallai Town	Pallai Town	GND	178	0	0	0	0	0	1
LK-4503065	Pulopalai	Pulopallai	GND	212	11	0	0	0	0	0
LK-4503070	Pulopalai West	Pulopallai West	GND	123	6	0	0	0	0	0
LK-4503075	Soranpattu	Soranpattu	GND	263	21	0	1	0	0	0
LK-4503080	Thambagamam	Thampakamam	GND	412	20	1	0	0	0	0
LK-4503085	Tharmakeny	Tharmakerny	GND	218	9	0	0	0	0	0
LK-4503090	Vempodukeny	Vempodukerny	GND	261	3	1	0	0	0	0
LK-4506	Kandavalai	Kandavalai	DSD	6455	452	5	7	0	0	10
LK-4506005	Elephant Pass	Elephant pass	GND	11	0	0	0	0	0	0
LK-4506010	Kalmadunagar	Kalmadunagar	GND	652	29	0	1	0	0	2
LK-4506015	Kandawalai	Kandawalai	GND	279	6	0	1	0	0	0
LK-4506020	Korakkankattu	Korakkankaddu	GND	456	32	0	1	0	0	0
LK-4506025	Kumarapuram	Kumarapuram	GND	269	4	0	1	0	0	0
LK-4506030	Murasumoddai	Murasumoddai	GND	205	3	0	0	0	0	1
LK-4506035	Paranthan Town	Paranthan Town	GND	664	37	0	0	0	0	0
LK-4506040	Periyakulam	Periyakulam	GND	314	48	0	0	0	0	1
LK-4506045	Piramanthanaru	Piramanthalaru	GND	579	38	0	0	0	0	0
LK-4506050	Puliyampokkanai	Puliyampokkanai	GND	325	29	1	1	0	0	0
LK-4506055	Punnaineeravi	Puthiya punnaineeravi	GND	1529	114	1	0	0	0	3
LK-4506060	Thattuwankotty	Thadduvankoddy	GND	66	17	0	0	0	0	0
LK-4506065	Tharmapuram East	Tharmapuram East	GND	414	37	1	0	0	0	1
LK-4506070	Tharmapuram West	Tharmapuram west	GND	279	31	0	1	0	0	0
LK-4506075	Umaiyalpuram	Umaiyalpuram	GND	217	27	0	1	0	0	1
LK-4506080	Uriyan	Uriyan	GND	196	0	2	0	0	0	1
LK-4509	Karachchi	Karachchi	DSD	18849	639	5	26	0	24	21
LK-4509005	Akkarayankulam	Akkarayankulam	GND	611	40	0	0	0	0	0
LK-4509010	Ambalkulam	Ambalkulam	GND	779	29	0	0	0	0	0
LK-4509015	Ambalnagar	Ambalnagar	GND	840	16	0	0	0	0	0
LK-4509020	Anaivilunthankulam	Anaivilunthankulam	GND	319	15	0	0	0	0	1
LK-4509025	Anandapuram	Anandapuram	GND	517	11	0	0	0	2	2
LK-4509030	Civic Centre	Civic Centre	GND	173	8	0	0	0	0	0
LK-4509035	Jeyanthinagar	Jeyanthinagar	GND	527	6	0	0	0	0	0
LK-4509040	Kanagampikaikulam	Kanagambigaikulam	GND	353	5	0	0	0	11	0
LK-4509045	Kanakapuram	Kanagapuram	GND	303	1	0	0	0	0	4
LK-4509050	Ganeshapuram	Kaneshapuram	GND	251	2	0	0	0	0	0
LK-4509055	Kannagaipuram	Kannagaipuram	GND	295	7	0	0	0	0	0
LK-4509060	Kilinochchi Town	Kilinochchi Town	GND	392	3	0	2	0	0	0
LK-4509065	Konavil	Konavil	GND	893	44	0	4	0	0	0
LK-4509070	Krishnapuram	Krishnapuram	GND	714	31	0	0	0	2	1
LK-4509075	Malaiyalapuram	Malaiyalapuram	GND	523	19	1	0	0	0	0
LK-4509080	Maruthanagar	Maruthanagar	GND	281	23	0	0	0	0	0
LK-4509085	Mavadiyamman	Mavadiyamman	GND	354	32	0	0	0	0	0
LK-4509090	Mayavanoor	Mayavanoor	GND	708	19	0	0	0	0	0
LK-4509095	Pannankandy	Pannakandy	GND	204	3	0	0	0	0	0
LK-4509100	Barathipuram	Barathypuram	GND	723	36	1	0	0	0	6
LK-4509105	Periyaparanthan	Periya Paranthan	GND	308	19	1	0	0	0	0
LK-4509110	Ponnagar	Ponnagar	GND	488	12	0	1	0	0	1
LK-4509115	Puthumurippu	Puthumurippu	GND	384	34	0	0	0	0	0
LK-4509120	Ramanathapuram	Ramanathapuram	GND	597	10	1	1	0	0	1
LK-4509125	Rathinapuram	Rathinapuram	GND	319	5	0	0	0	0	0
LK-4509130	Selvanagar	Selvanagar	GND	687	41	0	1	0	0	1
LK-4509135	Sivanagar	Sivanagar	GND	334	9	0	0	0	0	0
LK-4509140	Skandapuram	Skanthapuram	GND	591	27	0	0	0	0	0
LK-4509145	Thirunagar North	Thirunagar North	GND	378	7	0	0	0	0	0
LK-4509150	Thirunagar South	Thirunagar South	GND	322	2	0	0	0	1	0
LK-4509155	Thiruvaiaru	Thiruvaiaru	GND	253	3	0	0	0	0	0
LK-4509160	Thiruvaiaru West	Thiruvaiaru West	GND	262	5	0	0	0	0	0
LK-4509165	Thondamannagar	Thondamannagar	GND	229	5	0	0	0	0	0
LK-4509170	Urithirapuram East	Uruththirapuram East	GND	357	6	0	0	0	0	0
LK-4509175	Urithirapuram North	Urithirapuram North	GND	395	25	0	8	0	3	0
LK-4509180	Urithirapuram West	Uruththirapuram West	GND	304	4	0	0	0	1	0
LK-4509185	Uthayanagar East	Uthayanagar East	GND	587	15	0	0	0	0	0
LK-4509190	Uthayanagar West	Uthayanagar West	GND	656	11	0	6	0	0	1
LK-4509195	Uttupulam	Uttupulam	GND	309	11	1	0	0	0	0
LK-4509200	Vaddakachchi	Vaddakachchi	GND	489	16	0	3	0	0	0
LK-4509205	Vannerikulam	Vannerikulam	GND	306	10	0	0	0	4	0
LK-4509210	Vivekanandanagar	Vivehananthanagar	GND	534	12	0	0	0	0	3
LK-4512	Poonakary	Poonakary	DSD	5880	454	7	12	0	2	14
LK-4512005	Alankeni	Alankerni	GND	66	1	0	0	0	0	0
LK-4512010	Cheddiakurichchi	Cheddiakurichchi	GND	170	11	0	0	0	0	0
LK-4512015	Gnanimadam	Gnanimadam	GND	101	6	0	0	0	0	0
LK-4512020	Iranaithivu	Iranaitivu	GND	0	19	0	0	0	0	0
LK-4512025	Jeyapuram North	Jayapuram North	GND	170	9	1	1	0	0	0
LK-4512030	Jeyapuram South	Jayapuram South	GND	168	11	0	0	0	0	0
LK-4512035	Kariyalainagapaduvan	Kariyalainagapaduvan	GND	470	40	1	0	0	0	0
LK-4512040	Kiranchi	Kiranchi	GND	475	21	1	0	0	1	1
LK-4512045	Kollakuruchchi	Kollakuruchchi	GND	261	16	0	0	0	0	0
LK-4512050	Kowtharimunai	Kowtharimunai	GND	95	20	0	0	0	0	0
LK-4512055	Madduvilnadu East	Madduvilnadu East	GND	110	2	0	0	0	0	0
LK-4512060	Madduvilnadu West	Madduvilnadu West	GND	208	16	0	1	0	0	0
LK-4512065	Mulankavil	Mulankavil	GND	1031	74	0	4	0	1	7
LK-4512070	Nachchikuda	Nachchikkuda	GND	539	56	0	1	0	0	3
LK-4512075	Nallur	Nallur	GND	440	7	1	4	0	0	0
LK-4512080	Pallavarayankattu	Pallavarayankaddu	GND	286	9	2	0	0	0	0
LK-4512085	Pallikuda	Pallikuda	GND	743	89	0	0	0	0	0
LK-4512090	Paramankirai	Paramankirai	GND	141	16	0	1	0	0	0
LK-4512095	Ponnaveli	Ponnaveli	GND	406	31	1	0	0	0	3
LK-5	Eastern	Eastern	PROVINCE	479020	18042	393	213	17	102	1430
LK-51	Batticaloa	Batticaloa	DISTRICT	160839	8900	139	58	5	42	279
LK-5103	Koralai Pattu North	Koralai Pattu North (Vaharai)	DSD	6565	1292	5	6	1	1	12
LK-5103005	Kathiraveli	Kathiraveli	GND	669	163	0	0	1	0	2
LK-5103010	Ammanthanaveli	Ammanthanaaveli	GND	544	125	0	0	0	0	0
LK-5103015	Puchchakkerni	Puchchakerny	GND	417	72	0	0	0	0	0
LK-5103020	Palchenai	Palchenai	GND	575	155	1	2	0	0	1
LK-5103025	Vakarai North	Vakarai North	GND	633	68	0	0	0	1	8
LK-5103030	Ooriyankattu	Ooriyankattu	GND	611	84	1	0	0	0	0
LK-5103035	Kaddumurivu	Kaddumurivu	GND	171	74	0	0	0	0	0
LK-5103040	Vakarai Central	Vakarai Central	GND	110	27	0	0	0	0	0
LK-5103045	Panichchankerni	Panichchankerni	GND	487	154	2	0	0	0	0
LK-5103050	Mathurankernikulam	Mathurankernikulam	GND	157	33	0	3	0	0	0
LK-5103055	Punanai East	Punanai East	GND	694	114	1	1	0	0	0
LK-5103060	Kirimichchai	Kirimichai	GND	387	20	0	0	0	0	0
LK-5103065	Mankerny Central	Mankerny Central	GND	125	47	0	0	0	0	0
LK-5103070	Mankerny South	Mankerny South	GND	264	46	0	0	0	0	1
LK-5103075	Kayankerny	Kayankerny	GND	342	42	0	0	0	0	0
LK-5103080	Vattavan	Vattavan	GND	379	68	0	0	0	0	0
LK-5104	Koralai Pattu Central	Koralai Pattu Central	DSD	8437	120	0	2	0	7	24
LK-5104005	nan	Punanai East	GND	642	20	0	0	0	0	0
LK-5104010	Thiyavattavan	Thiyavattavan	GND	1145	25	0	0	0	0	5
LK-5104015	Valaichchenai 5 Muslim	Valaichchenai 5 Muslim	GND	571	2	0	0	0	0	0
LK-5104020	Valaichchenai 4 Muslim	Valaichchenai 4 Muslim	GND	666	3	0	0	0	0	1
LK-5104025	Valaichchenai 5 Muslim South	Valaichchenai 5 Muslim South	GND	843	13	0	0	0	0	5
LK-5104030	Brynthuraichenai North	Brynthuraichenai North	GND	938	14	0	0	0	0	0
LK-5104035	Brynthuraichenai South	Brynthuraichenai South	GND	1378	16	0	2	0	3	5
LK-5104040	Mavadichenai	Mavadichenai	GND	860	5	0	0	0	0	0
LK-5104045	Semmanodai	Chemmann Odai	GND	1394	22	0	0	0	4	8
LK-5106	Koralai Pattu West	Koralai Pattu West (Oddamavadi)	DSD	7101	91	0	1	0	0	30
LK-5106005	Paper Town	Paper Town	GND	1352	22	0	1	0	0	20
LK-5106010	Oddamavadi 01 North	Oddamavadi 01 North	GND	948	13	0	0	0	0	0
LK-5106015	Oddamavadi 01 South	Oddamavadi 01 South	GND	627	3	0	0	0	0	0
LK-5106020	Oddamavadi 02	Oddamavadi 02	GND	584	8	0	0	0	0	1
LK-5106025	Oddamavadi 03	Oddamavadi 03	GND	706	6	0	0	0	0	7
LK-5106030	Meeravodai Muslim West	Meeravodai Muslim West	GND	820	6	0	0	0	0	2
LK-5106035	Meeravodai Muslim East	Meeravodai Muslim East	GND	955	15	0	0	0	0	0
LK-5106040	Mancholai	Mancholai	GND	1109	18	0	0	0	0	0
LK-5109	Koralai Pattu	Koralai Pattu (Valachchenai)	DSD	7770	592	1	4	1	1	10
LK-5109005	Nasivanthivu	Nasivanthivu	GND	347	73	0	1	0	0	2
LK-5109010	Valachchenai Tamil	Valachchenai Tamil	GND	337	2	0	0	0	0	0
LK-5109015	Puthukudiyiruppu	Puthukudiyiruppu	GND	549	7	0	0	0	0	0
LK-5109020	Peththalai	Peththalai	GND	897	67	0	0	0	0	0
LK-5109025	Kalkudah	Kalkuda	GND	801	27	0	0	0	0	2
LK-5109030	Kalmadu	Kalmadu	GND	1490	100	0	0	0	0	0
LK-5109035	Kannagipuram	Kannagipuram	GND	723	28	1	0	0	0	2
LK-5109040	Kumburumulai	Kumburumulai	GND	287	28	0	3	0	1	0
LK-5109045	Sungankerny	Sungankerny	GND	548	92	0	0	1	0	0
LK-5109050	Kinnaiyady	Kinnayadi	GND	768	100	0	0	0	0	4
LK-5109055	Karuwakerni	Karuwakerni	GND	702	37	0	0	0	0	0
LK-5109060	Meeravodai Tamil	Meeravodai Tamil	GND	321	31	0	0	0	0	0
LK-5110	Koralai Pattu South	Koralai Pattu South (Kiran)	DSD	7309	1276	2	8	0	1	12
LK-5110005	Punanai West	Punanai West	GND	174	43	0	0	0	0	0
LK-5110010	Vahaneri	Vahaneri	GND	309	145	0	2	0	0	0
LK-5110015	Maruththanai	Muruthanai	GND	177	76	1	2	0	0	0
LK-5110020	Uthuchchenai	Uthuchenai	GND	105	35	0	0	0	0	0
LK-5110025	Kallichchai	Kallichchai	GND	0	0	0	0	0	0	0
LK-5110030	Vadamunai	Vadamunai	GND	106	23	0	1	0	0	0
LK-5110035	Kudumpimalai	Kudumpimalai	GND	142	42	0	0	0	0	0
LK-5110040	Perillaveli	Perillaveli	GND	174	35	1	1	0	0	0
LK-5110045	Poolakadu	Poolakadu	GND	240	61	0	0	0	0	0
LK-5110050	Kiran East	Kiran East	GND	1148	159	0	0	0	0	8
LK-5110055	Kiran West	Kiran West	GND	502	26	0	0	0	0	1
LK-5110060	Korakallimadu	Korakallimadu	GND	738	132	0	2	0	0	1
LK-5110065	Santhiveli	Santhiveli	GND	932	34	0	0	0	0	1
LK-5110070	Palaiyadithona	Palaiyadithona	GND	791	166	0	0	0	1	0
LK-5110075	Thevapuram	Thevapuram	GND	609	94	0	0	0	0	1
LK-5110080	Murakkottanchenai	Murakkottanchenai	GND	593	39	0	0	0	0	0
LK-5110085	Thihiliveddai	Thihilivaddai	GND	318	98	0	0	0	0	0
LK-5110090	Koraveli	Koraveli	GND	251	68	0	0	0	0	0
LK-5112	Eravur Pattu	Eravur Pattu	DSD	23693	2036	6	10	0	6	29
LK-5112005	Sittandy 3	Sittandy 3	GND	576	21	0	0	0	0	0
LK-5112010	Sittandy 2	Sittandy 2	GND	230	14	0	0	0	0	0
LK-5112015	Sittandy 4	Sittandy 4	GND	592	40	0	0	0	3	0
LK-5112020	Sittandy 1	Sittandy 1	GND	853	96	0	1	0	0	3
LK-5112025	Mavadivembu 2	Mavadivembu 2	GND	597	96	0	0	0	0	0
LK-5112030	Mavadivembu 1	Mavadivembu 1	GND	876	169	0	0	0	0	0
LK-5112035	Kaluwankerny 1	Kaluvankerny 1	GND	662	181	0	0	0	0	0
LK-5112040	Kaluwankerny 2	Kaluwankerny 2	GND	503	87	0	0	0	0	0
LK-5112045	Thalavai	Thalavai	GND	590	90	0	0	0	0	0
LK-5112050	Iyankerny Tamil	Iyankerny Tamil	GND	946	118	0	1	0	0	0
LK-5112055	Kommathurai North	Kommathurai North	GND	417	34	0	0	0	0	0
LK-5112060	Palachcholai	Palachcholai	GND	450	103	0	0	0	0	0
LK-5112065	Vantharumoolai East	Vantharumoolai East	GND	892	44	0	0	0	0	4
LK-5112070	Vantharumoolai West	Vantharumoolai West	GND	984	53	0	0	0	0	0
LK-5112075	Eralakkulam	Eralakkulam	GND	222	47	0	2	0	0	0
LK-5112080	Mylavedduvan	Mailavaddavan	GND	74	6	0	0	0	0	0
LK-5112085	Koduwamadu	Koduwamadu	GND	396	55	0	0	0	0	0
LK-5112090	Kommathurai West	Kommathurai West	GND	231	3	0	0	0	0	0
LK-5112095	Kommathurai East	Kommathurai East	GND	553	33	0	0	0	0	0
LK-5112100	Chenkalady-2	Chenkalady 2	GND	462	11	1	0	0	0	0
LK-5112105	Chenkalady-1	Chenkalady 1	GND	803	18	0	0	0	0	1
LK-5112110	Iyankerny Muslim	Iyankerny Muslim	GND	877	18	0	0	0	0	0
LK-5112115	Meerakerny	Meerakerny	GND	1763	26	0	0	0	1	0
LK-5112120	Michnagar	Mich Nagar	GND	1953	28	0	0	0	1	0
LK-5112125	Savukkady	Savukkady	GND	574	37	0	1	0	0	12
LK-5112130	Thannamunai	Thannamunai	GND	487	7	0	0	0	0	0
LK-5112135	Mylampavely	Mylampavely	GND	882	25	0	0	0	0	0
LK-5112140	Arumugathan Kudiyiruppu 2	Arumugathan kudiyiruppu 2	GND	574	40	0	0	0	0	5
LK-5112145	Arumugathan Kudiyiruppu 1	Arumugathan Kudiyiruppu 1	GND	523	21	0	0	0	0	1
LK-5112150	Kumaraveliyar Kiramam	Kumaraveliar Kiramam	GND	564	12	1	0	0	0	0
LK-5112155	Pankudahvely	Pankudahvely	GND	540	44	0	0	0	0	0
LK-5112160	Vepavedduwan	Vepavedduwan	GND	673	140	0	5	0	0	3
LK-5112165	Karadiyanaru	Karadiyanaru	GND	466	102	4	0	0	0	0
LK-5112170	Marappalam	Marappalam	GND	452	70	0	0	0	0	0
LK-5112175	Kithul	Kithulwewa	GND	364	44	0	0	0	0	0
LK-5112180	Rugam	Rugam	GND	193	21	0	0	0	0	0
LK-5112185	Koppavely	Koppavely	GND	242	39	0	0	0	0	0
LK-5112190	Periyapullumalai	Periyapullumalai	GND	168	33	0	0	0	0	0
LK-5112195	Gemunupura	Gemunupura	GND	489	10	0	0	0	1	0
LK-5115	Eravur Town	Eravur Town	DSD	7112	90	5	1	0	1	5
LK-5115005	Ellainagar	Ellainagar	GND	306	8	0	0	0	0	0
LK-5115010	Eravur 04	Eravur 04	GND	227	5	0	0	0	0	0
LK-5115015	Eravur 03	Eravur 03	GND	789	21	0	0	0	0	0
LK-5115020	Eravur 03A	Eravur 03A	GND	950	4	2	0	0	0	0
LK-5115025	Eravur 02	Eravur 02	GND	465	5	0	0	0	0	0
LK-5115030	Eravur 02B	Eravur 02B	GND	314	2	1	0	0	0	0
LK-5115035	Eravur 02C	Eravur 02C	GND	669	3	0	0	0	0	0
LK-5115040	Eravur 02A	Eravur 02A	GND	465	11	0	0	0	0	3
LK-5115045	Eravur 01B	Eravur 01B	GND	479	6	0	0	0	0	2
LK-5115050	Eravur 01	Eravur 01	GND	458	3	0	0	0	1	0
LK-5115055	Eravur 01A	Eravur 01A	GND	467	2	0	1	0	0	0
LK-5115060	Eravur 06A	Eravur 06A	GND	463	1	1	0	0	0	0
LK-5115065	Eravur 06D	Eravur 06D	GND	330	2	1	0	0	0	0
LK-5115070	Eravur 06	Eravur 06	GND	332	7	0	0	0	0	0
LK-5115075	Eravur 05	Eravur 05	GND	398	10	0	0	0	0	0
LK-5118	Manmunai North	Manmunai North	DSD	26109	493	58	7	0	10	16
LK-5118005	Palameenmadu	Palameenmadu	GND	315	31	0	0	0	0	0
LK-5118010	Navalady	Navalady	GND	139	6	0	0	0	0	0
LK-5118015	Amirthakali	Amirthakali	GND	681	6	1	0	0	0	0
LK-5118020	Punnachcholai	Punnachcholai	GND	615	19	0	0	0	0	0
LK-5118025	Thiraimadu	Thiraimadu	GND	1119	38	3	1	0	0	2
LK-5118030	Saththurukondan	Saththurukondan	GND	703	43	0	1	0	0	2
LK-5118035	Panichchaiyady	Panichalady	GND	534	16	0	0	0	0	0
LK-5118040	Kokkuvil	Kokkuvil	GND	839	32	0	0	0	0	1
LK-5118045	Sinna Oorani	Sinna Oorani	GND	1393	21	1	0	0	0	2
LK-5118050	Jayanthipuram	Jayanthipuram	GND	329	2	2	0	0	0	0
LK-5118055	Karuvappankerny	Karuvappankerny	GND	1004	50	4	0	0	0	0
LK-5118060	Mamangam	Mamangam	GND	512	9	1	2	0	0	0
LK-5118065	Koolavadi	Koolavadi	GND	256	13	0	0	0	1	0
LK-5118070	Koolavadi East	Koolavadi East	GND	322	4	0	0	0	0	0
LK-5118075	Thamaraikerny	Thamaraikerny	GND	371	5	0	0	0	1	0
LK-5118080	Periya Uppodai	Periya Uppodai	GND	1078	4	0	0	0	0	0
LK-5118085	Dutch Bar	Dutch Bar	GND	103	2	3	0	0	0	0
LK-5118090	Thissaweerasingam Square	Thissaveerasingam Sathukam	GND	356	1	0	0	0	0	0
LK-5118095	Iruthayapuram East	Iruthayapuram East	GND	441	0	1	0	0	0	0
LK-5118100	Iruthayapuram Central	Iruthayapuram Central	GND	260	3	0	0	0	0	0
LK-5118105	Iruthayapuram West	Iruthayapuram West	GND	707	12	0	1	0	0	0
LK-5118110	Periya Oorani	Periya Oorani	GND	316	5	0	0	0	0	0
LK-5118115	Gnanasooriyam Square	Gnasooriyam Sathukam	GND	377	25	1	0	0	0	0
LK-5118120	Vettukkadu	Vettukkadu	GND	152	0	0	0	0	0	0
LK-5118125	Barathipuram	Barathipuram	GND	416	2	9	0	0	1	0
LK-5118130	Thandavanveli	Thandavanveli	GND	835	2	4	1	0	2	0
LK-5118135	Arasadi	Arasadi	GND	305	2	11	0	0	0	0
LK-5118140	Koddamunai	Koddamunai	GND	346	0	1	0	0	0	0
LK-5118145	Kallady Mugaththuwaram	Kallady Mugathuvaram	GND	350	2	0	0	0	1	0
LK-5118150	Thiruchendhoor	Thiruchendhoor	GND	680	14	1	0	0	0	3
LK-5118155	Kallady	Kallady	GND	665	1	0	0	0	0	0
LK-5118160	Kallady Veloor	Kallady Veloor	GND	855	4	0	0	0	1	0
LK-5118165	Kallady Uppodai	Kallady Uppodai	GND	564	0	0	0	0	0	0
LK-5118170	Puliyantivu East	Puliyanthivu East	GND	392	2	1	0	0	0	1
LK-5118175	Puliyantivu Central	Puliyanthivu Central	GND	251	0	0	0	0	1	0
LK-5118180	Puliyantivu West	Puliyanthivu West	GND	311	0	4	0	0	0	0
LK-5118185	Puliyantivu South	Puliyanthivu South	GND	701	0	0	0	0	1	0
LK-5118190	Thiruperunthurai	Thiruperunthurai	GND	464	22	4	0	0	0	3
LK-5118195	Puthunagar	Puthunagar	GND	624	5	0	0	0	0	0
LK-5118200	Seththukudah	Seththukudah	GND	349	1	0	0	0	0	0
LK-5118205	Veechchukalmunai	Veechikalmunai	GND	269	9	1	0	0	0	0
LK-5118210	Thimilathivu	Thimilathivu	GND	385	11	0	0	0	0	0
LK-5118215	Nochchimunai	Nochchimunai	GND	1353	18	5	1	0	0	0
LK-5118220	Navatkudah	Navatkudah	GND	446	3	0	0	0	0	0
LK-5118225	Navatkudah East	Navatkudah East	GND	934	9	0	0	0	1	0
LK-5118230	Navatkudah South	Navatkudah South	GND	261	1	0	0	0	0	1
LK-5118235	Manjanthoduvai North	Manjanthoduvai North	GND	219	0	0	0	0	0	0
LK-5118240	Manjanthoduvai South	Manjanthoduvai South	GND	1212	38	0	0	0	0	1
LK-5121	Manmunai West	Manmunai West	DSD	8683	1021	1	3	2	4	8
LK-5121005	Narippulthoddam	Narippulthoddam	GND	299	45	0	0	0	0	0
LK-5121010	Mahilavedduvaan	Mahilavedduvan	GND	510	26	0	0	0	0	0
LK-5121015	Karaveddi	Karaveddi	GND	579	47	0	0	0	0	2
LK-5121020	Vilavedduwan	Vilavedduwan	GND	494	75	0	0	0	0	2
LK-5121025	Naavatkaadu	Naavatkaadu	GND	471	39	0	0	0	0	0
LK-5121030	Eachchantivu	Echchantivu	GND	316	22	0	0	2	0	1
LK-5121035	Mankikaddu	Mankikaddu	GND	162	11	0	0	0	0	0
LK-5121040	Vavunativu	Vavunativu	GND	258	15	0	0	0	0	0
LK-5121045	Ayiththiyamalai South	Ayithiyamalai South	GND	266	26	0	1	0	2	0
LK-5121050	Ayiththiyamalai North	Ayithiyamalai North	GND	590	96	1	0	0	0	0
LK-5121055	Nediyamadu	Nediyamadu	GND	202	32	0	0	0	0	0
LK-5121060	Pavatkodichenai	Pavatkodichenai	GND	511	78	0	0	0	0	0
LK-5121065	Kurinchamunai	Kurinchaamunai	GND	335	29	0	0	0	0	0
LK-5121070	Paruththichenai	Paruththichenai	GND	316	28	0	0	0	0	0
LK-5121075	Kannankudah	Kannakudah	GND	275	7	0	0	0	0	0
LK-5121080	Mandapathadi	Mandapathadi	GND	235	8	0	0	0	0	1
LK-5121085	Karaiyakkantivu	Karaiyakkantivu	GND	282	17	0	0	0	0	1
LK-5121090	Puthumandapaththadi	Puthumandapaththadi	GND	582	43	0	0	0	1	0
LK-5121095	Ganthinagar	Kaanthinagar	GND	174	26	0	0	0	0	0
LK-5121100	Unnichchai	Unnichchi	GND	293	63	0	0	0	0	0
LK-5121105	Panchenai	Panchenai	GND	191	25	0	2	0	0	0
LK-5121110	Iluppadichenai	Illuppadichenai	GND	331	115	0	0	0	0	1
LK-5121115	Koththiyapulai	Koththiyapulai	GND	351	38	0	0	0	0	0
LK-5121120	Kaanchirankudah	Kaanchirankudah	GND	660	110	0	0	0	1	0
LK-5124	Kattankudy	Kattankudy	DSD	12971	116	47	3	1	5	46
LK-5124005	Kattankudy Division 1	Kattankudy Division 1	GND	349	3	0	2	0	0	0
LK-5124010	Kattankudy Division 1 South	Kattankudy 1 South	GND	577	4	5	0	0	0	0
LK-5124015	Kattankudy Division 2	Kattankudy Division 2	GND	588	2	1	0	0	0	0
LK-5124020	Kattankudy Division 2 North	Kattankudy 2 North	GND	814	2	3	0	0	1	2
LK-5124025	New Kattankudy North	New Kattankudy Division North	GND	1714	27	1	0	1	0	37
LK-5124030	New Kattankudy South	New Kattankudy Division South	GND	1499	28	1	0	0	1	0
LK-5124035	Kattankudy Division 3 East	Kattankudy 3 East	GND	381	1	0	0	0	0	0
LK-5124040	Kattankudy Division 3	Kattankudy Division 3	GND	405	4	8	0	0	0	0
LK-5124045	Kattankudy Division 3 West	Kattankudy 3 West	GND	273	0	0	0	0	1	1
LK-5124050	Kattankudy Division 4 West	Kattankudy 4 West	GND	374	1	0	0	0	0	0
LK-5124055	Kattankudy Division 4	Kattankudy Division 4	GND	290	0	13	0	0	0	0
LK-5124060	Kattankudy Division 6	Kattankudy Division 6	GND	814	6	6	1	0	0	2
LK-5124065	New Kattankudy West	New Kattankudy Division West	GND	702	11	0	0	0	0	0
LK-5124070	New Kattankudy East	New Kattankudy Division East	GND	1833	15	0	0	0	2	3
LK-5124075	Kattankudy Division 6 South	Kattankudy 6 South	GND	881	4	2	0	0	0	1
LK-5124080	Kattankudy Division 6 West	Kattankudy 6 West	GND	544	5	3	0	0	0	0
LK-5124085	Kattankudy Division 5	Kattankudy Division 5	GND	654	1	4	0	0	0	0
LK-5124090	Kattankudy Division 5 South	Kattankudy 5 South	GND	279	2	0	0	0	0	0
LK-5127	Manmunai Pattu	Manmunai Pattu (Araipattai)	DSD	10147	251	8	10	0	3	14
LK-5127005	Kirankulam North	Kirankulam North	GND	470	17	0	0	0	0	0
LK-5127010	Kirankulam South	Kirankulam South	GND	417	21	0	0	0	0	0
LK-5127015	Kirankulam	Kirankulam	GND	374	4	0	0	0	1	4
LK-5127020	Kirankulam Central	Kirankulam Central	GND	296	4	0	0	0	0	0
LK-5127025	Puthukudiyiruppu	Puthukudiyiruppu	GND	346	5	0	0	0	0	0
LK-5127030	Puthukudiyiruppu South	Puthukudiyiruppu South	GND	310	5	0	0	0	0	1
LK-5127035	Puthukudiyiruppu North	Puthukudiyiruppu North	GND	497	8	2	0	0	0	4
LK-5127040	Palamunai	Palamunai	GND	1062	15	0	0	0	0	0
LK-5127045	Thalankudah	Thalankudah	GND	403	7	0	0	0	0	0
LK-5127050	Manmunai	Manmunai	GND	386	12	0	0	0	0	0
LK-5127055	Vedarkudiyiruppu	Vedarkudiyiruppu	GND	325	22	1	10	0	0	0
LK-5127060	Mavilankanthurai	Mavilankanthurai	GND	322	29	1	0	0	0	0
LK-5127065	Kankeyanodai	Kankeyanodai	GND	310	6	0	0	0	0	2
LK-5127070	Ollikulam	Ollikulam	GND	199	6	0	0	0	0	0
LK-5127075	Kankeyanodai South	Kankeyanodai South	GND	487	4	0	0	0	0	1
LK-5127080	Arayampathy 3	Araipattai 3	GND	154	2	0	0	0	0	1
LK-5127085	Rajadurai Gramam	Rajadurai Kiramam	GND	254	8	0	0	0	0	0
LK-5127090	Arayampathy South	Araipattai South	GND	252	9	0	0	0	0	0
LK-5127095	Kovilkulam	Kovilkulam	GND	328	12	0	0	0	0	0
LK-5127100	Arayampathy Central	Araipattai Central	GND	142	4	0	0	0	0	0
LK-5127105	Arayampathy 2	Araipattai 2	GND	110	1	0	0	0	0	0
LK-5127110	Selvanagar	Selvanagar	GND	381	7	0	0	0	0	0
LK-5127115	Selvanagar East	Selvanagar East	GND	851	19	0	0	0	0	0
LK-5127120	Arayampathy East	Araipattai East	GND	977	21	0	0	0	2	0
LK-5127125	Arayampathy North	Araipattai North	GND	153	3	0	0	0	0	1
LK-5127130	Arayampathy 1	Araipattai 1	GND	185	0	4	0	0	0	0
LK-5127135	Arayampathy West	Araipattai West	GND	156	0	0	0	0	0	0
LK-5130	Manmunai South West	Manmunai South-West	DSD	7258	483	2	1	0	2	21
LK-5130005	Munaikkadu West	Munaikkadu West	GND	305	23	0	0	0	0	1
LK-5130010	Munaikkadu North	Munaikkadu North	GND	380	42	0	0	0	0	5
LK-5130015	Munaikkadu East	Munaikkadu East	GND	189	8	0	0	0	0	0
LK-5130020	Muthalaikkudah West	Muthalaikkudah West	GND	372	22	0	0	0	0	0
LK-5130025	Muthalaikkudah	Muthalaikkudah	GND	219	9	0	0	0	0	0
LK-5130030	Mahiladitivu	Mahiladitivu	GND	228	13	0	0	0	0	0
LK-5130035	Mahiladitivu South	Mahiladithivu South	GND	580	14	0	0	0	1	3
LK-5130040	Kokkadicholai	Kokkadichcholai	GND	532	26	0	0	0	0	0
LK-5130045	Munaikkadu South	Munaikkadu South	GND	288	23	0	0	0	0	0
LK-5130050	Kokkadicholai South	Kokkadichcholai South	GND	416	29	0	0	0	0	0
LK-5130055	Pandariyaveli	Pandariyaveli	GND	384	11	0	0	0	0	0
LK-5130060	Arasaditivu North	Arasaditivu North	GND	254	4	0	1	0	0	1
LK-5130065	Paddippalai	Paddippalai	GND	279	25	0	0	0	0	0
LK-5130070	Kuluvinamadu	Kuluvinamadu	GND	189	22	0	0	0	0	0
LK-5130075	Arasaditivu	Arasaditivu	GND	343	11	0	0	0	1	3
LK-5130080	Kadukkamunai	Kadukkamunai	GND	486	38	1	0	0	0	4
LK-5130085	Ampilanthurai North	Ampilanthurai North	GND	178	7	0	0	0	0	0
LK-5130090	Ampilanthurai	Ampilanthurai	GND	278	6	0	0	0	0	2
LK-5130095	Ampilanthurai West	Ampilanthurai West	GND	227	14	0	0	0	0	1
LK-5130100	Katchenai	Katchenai	GND	195	17	0	0	0	0	0
LK-5130105	Mavadimunmaari	Mavadimunmaari	GND	190	4	0	0	0	0	0
LK-5130110	Thanthamalai	Thanthamalai	GND	247	46	0	0	0	0	0
LK-5130115	Kachchakodi	Kachchakodi	GND	411	58	1	0	0	0	1
LK-5130120	Panichchiyadimunmari	Panichchiyadimunmari	GND	88	11	0	0	0	0	0
LK-5133	Porativu Pattu	Porativu Pattu	DSD	10772	649	0	1	0	1	44
LK-5133005	Selvapuram	Selvapuram	GND	288	40	0	0	0	0	2
LK-5133010	Vammiyadiyoottu	Vammiyadiyoottu	GND	442	48	0	0	0	0	0
LK-5133015	Thumpankerni (Y.F.S.)	Thumpankerni (Y.F.S)	GND	222	1	0	0	0	0	0
LK-5133020	Kalumunthanveli	Kalumunthanveli	GND	197	28	0	0	0	0	0
LK-5133025	Ganthipuram	Kanthipuram	GND	216	9	0	0	0	0	0
LK-5133030	Mavetkudah	Mavetkudah	GND	313	28	0	0	0	0	0
LK-5133035	Vipulananthapuram	Vipulananthapuram	GND	230	4	0	0	0	0	0
LK-5133040	Palugaamam I	Palugaamam I	GND	115	5	0	0	0	0	0
LK-5133045	Palugaamam II	Palugaamam II	GND	191	3	0	0	0	0	0
LK-5133050	Vanninagar	Vanninagar	GND	287	7	0	0	0	0	1
LK-5133055	Veeranchenai	Veeranchenai	GND	157	10	0	1	0	0	0
LK-5133060	Thumpankerni	Thumbankerny	GND	127	9	0	0	0	0	0
LK-5133065	Suravanayadiyoottu	Saravanaiyadiyoottu	GND	143	23	0	0	0	0	0
LK-5133070	Thikkodai	Thikkodai	GND	466	40	0	0	0	0	1
LK-5133075	Navagrinagar	Navakirinagar	GND	97	22	0	0	0	1	0
LK-5133080	Kannapuram	Kannapuram	GND	123	9	0	0	0	0	0
LK-5133085	Paalaiyadivaddai	Paalaiyadivaddai	GND	188	7	0	0	0	0	0
LK-5133090	Nellikkadu	Nellikkadu	GND	187	16	0	0	0	0	0
LK-5133095	Vivekananthapuram	Vivekananthapuram	GND	182	1	0	0	0	0	0
LK-5133100	Vellaveli	Vellaveli	GND	250	34	0	0	0	0	0
LK-5133105	Punnakkulam	Punnakkulam	GND	171	10	0	0	0	0	0
LK-5133110	Kovilporativu West	Kovilporativu West	GND	381	12	0	0	0	0	1
LK-5133115	Kovilporativu	Kovilporativu	GND	267	7	0	0	0	0	0
LK-5133120	Munaitivu	Munaitivu	GND	371	0	0	0	0	0	0
LK-5133125	Paddaapuram	Paddaapuram	GND	230	4	0	0	0	0	0
LK-5133130	Periyaporativu	Periyaporativu	GND	234	3	0	0	0	0	0
LK-5133135	Kovilporativu South	Kovilporativu South	GND	241	15	0	0	0	0	0
LK-5133140	Mandur 1 And 2 South	Mandur 1 &2 South	GND	293	12	0	0	0	0	1
LK-5133145	Mandur Kottamunai	Mandur Koddaimunai	GND	258	13	0	0	0	0	13
LK-5133150	Mandur 3	Mandur 3	GND	251	8	0	0	0	0	0
LK-5133155	Mandur 1 And 2 North	Mandur 1 &2 (North part)	GND	166	2	0	0	0	0	0
LK-5133160	Paalamunai	Paalamunai	GND	549	50	0	0	0	0	0
LK-5133165	Thampalawattai	Thambalawatta	GND	386	35	0	0	0	0	0
LK-5133170	Kaneshapuram	Ganeshapuram	GND	361	26	0	0	0	0	1
LK-5133175	Sangarpuram	Shangarpuram	GND	437	20	0	0	0	0	1
LK-5133180	Palachcholai	Palachcholai	GND	299	6	0	0	0	0	0
LK-5133185	Kaakkachchivaddai	Kaakkachchivaddai	GND	341	6	0	0	0	0	0
LK-5133190	Kannapuram East	Kannapuram East	GND	208	8	0	0	0	0	0
LK-5133195	Vilanthoddam	Vilanthoddam	GND	148	15	0	0	0	0	1
LK-5133200	Sinnawattai	Sinnawattai	GND	315	5	0	0	0	0	8
LK-5133205	Maalaiyarkaddu	Maalaiyarkaddu	GND	128	12	0	0	0	0	0
LK-5133210	Anaikaddiyaveli	Anaikaddiyaveli	GND	186	25	0	0	0	0	1
LK-5133215	Raanamadu	Raanamadu	GND	130	11	0	0	0	0	13
LK-5136	Manmunai South & Eruvil Pattu	Manmunai South & Eruvil pattu	DSD	16912	390	4	1	0	0	8
LK-5136005	Kurukkalmadam North	Kurukkalmadam North	GND	279	13	0	0	0	0	1
LK-5136010	Kurukkalmadam South	Kurukkalmadam South	GND	157	3	0	0	0	0	0
LK-5136015	Cheddipalayam North	Cheddipalayam North	GND	596	9	0	0	0	0	1
LK-5136020	Cheddipalayam South	Cheddipalayalam South	GND	569	8	0	0	0	0	0
LK-5136025	Mankadu	Mankadu	GND	505	36	0	0	0	0	1
LK-5136030	Thettativu North	Thettathivu North	GND	344	1	0	0	0	0	0
LK-5136035	Thettativu South	Thettathivu South	GND	169	3	1	0	0	0	0
LK-5136040	Thettativu South - 02	Thettathivu South 2	GND	282	2	0	0	0	0	0
LK-5136045	Thettativu South - 01	Thettathivu South 1	GND	283	1	0	0	0	0	0
LK-5136050	Kaluthawalai 1	Kaluthawalai 1	GND	475	12	1	0	0	0	0
LK-5136055	Kaluthawalai Central	Kaluthawalai Central	GND	323	10	0	0	0	0	0
LK-5136060	Kaluthawalai 2	Kaluthawalai 2	GND	273	11	0	0	0	0	0
LK-5136065	Kaluthawalai 3	Kaluthawalai 3	GND	338	13	0	0	0	0	0
LK-5136070	Kaluthawalai 4	Kaluthawalai 4	GND	457	23	0	0	0	0	0
LK-5136075	Kaluthawalai 4 Santhipuram	Kaluthavalai 04 Santhipuram	GND	494	4	0	0	0	0	1
LK-5136080	Kaluwanchikudy North 1	Kaluwanchikudy North 1	GND	508	18	0	0	0	0	0
LK-5136085	Kaluwanchikudy North	Kaluwanchikudy North	GND	314	1	0	0	0	0	0
LK-5136090	Paddiruppu	Paddiruppu	GND	262	5	0	0	0	0	0
LK-5136095	Eruvil North	Eruvil North	GND	416	7	0	0	0	0	0
LK-5136100	Kaluwanchikudy South	kaluwanchikudy South	GND	1084	27	0	0	0	0	0
LK-5136105	Onthachimadam North	Onthachimadam North	GND	608	21	0	0	0	0	0
LK-5136110	Eruvil East	Eruvil East	GND	724	31	0	0	0	0	0
LK-5136115	Eruvil South	Eruvil South	GND	506	12	0	0	0	0	2
LK-5136120	Kurumanvely 11 West	Kurumanvely 11West	GND	284	3	0	0	0	0	0
LK-5136125	Kurumanvely 11 East	Kurumanvely 11 East	GND	235	2	0	0	0	0	0
LK-5136130	Kurumanvely 12	Kurumanvely 12	GND	331	1	0	0	0	0	0
LK-5136135	Mahiloor West	Mahiloor West	GND	406	16	0	0	0	0	0
LK-5136140	Mahiloor South West	Mahiloor South West	GND	387	12	0	0	0	0	0
LK-5136145	Mahiloor East	Mahiloor East	GND	548	4	0	0	0	0	0
LK-5136150	Onthachimadam South	Onthachimadam South	GND	282	0	0	1	0	0	0
LK-5136155	Koddaikallar North	Koddaikallar North	GND	414	8	0	0	0	0	0
LK-5136160	Koddaikallar West	Koddaikallar West	GND	281	1	0	0	0	0	0
LK-5136165	Mahiloormunai	Mahiloor Munai	GND	303	11	0	0	0	0	0
LK-5136170	Koddaikallar East	Koddaikallar East	GND	244	5	0	0	0	0	0
LK-5136175	Koddaikallar South	Koddaikallar South	GND	234	2	0	0	0	0	0
LK-5136180	Periyakallar 01	Periyakallar 1	GND	294	4	1	0	0	0	0
LK-5136185	Periyakallar 01 South	Periyakallar 1 South	GND	283	1	0	0	0	0	0
LK-5136190	Periyakallar 02 West	Periyakallar 2 West	GND	335	0	0	0	0	0	0
LK-5136195	Periyakallar 02	Periyakallar 2	GND	247	2	0	0	0	0	0
LK-5136200	Periyakallar 03 South	Periyakallar 3 South	GND	339	17	0	0	0	0	0
LK-5136205	Periyakallar 03	Periyakallar 3	GND	215	6	0	0	0	0	0
LK-5136210	Thuraineelavanai North	Thuraineelavanai North	GND	363	12	0	0	0	0	2
LK-5136215	Thuraineelavanai North 01	Thuraineelavanai North 1	GND	214	9	0	0	0	0	0
LK-5136220	Thuraineelavanai South	Thuraineelavanai South	GND	249	1	0	0	0	0	0
LK-5136225	Thuraineelavanai South 01	Thuraineelavanai South1	GND	458	2	1	0	0	0	0
LK-52	Ampara	Ampara	DISTRICT	200445	5539	194	124	5	36	664
LK-5203	Dehiattakandiya	Dehiattakandiya	DSD	18267	304	6	8	0	0	42
LK-5203005	Rideela	Rideela	GND	1259	13	1	0	0	0	6
LK-5203010	Bakmeedeniya	Bakmeedeniya	GND	1241	13	0	0	0	0	0
LK-5203015	Dehiattakandiya	Dehiattakandiya	GND	2577	23	0	0	0	0	5
LK-5203020	Kadirapura	Kadirapura	GND	3291	31	2	3	0	0	2
LK-5203025	Mawanagama	Mawanagama	GND	1237	15	0	1	0	0	0
LK-5203030	Lihiniyagama	Lihiniyagama	GND	1156	15	0	2	0	0	11
LK-5203035	Serupitiya	Serupitiya	GND	1204	31	1	0	0	0	3
LK-5203040	Sandamadulla	Sadamadulla	GND	1049	26	0	0	0	0	0
LK-5203045	Sandunpura	Sandunpura	GND	1423	36	1	1	0	0	5
LK-5203050	Paranagama	Paranagama	GND	1437	83	0	1	0	0	2
LK-5203055	Ihalagama	Ihalagama	GND	858	6	0	0	0	0	6
LK-5203060	Nawa Medagama	Nawa Medagama	GND	836	8	0	0	0	0	1
LK-5203065	Wewmedagama	Wewmedagama	GND	699	4	1	0	0	0	1
LK-5206	Padiyathalawa	Padiyathalawa	DSD	5821	411	2	11	0	2	22
LK-5206005	Galode	Galode	GND	348	33	0	0	0	0	1
LK-5206010	Palathuruwella	Palathuruwella	GND	262	19	0	0	0	0	0
LK-5206015	Pulungasmulla	Pulungasmulla	GND	293	39	0	2	0	0	1
LK-5206020	Serankada	Serankada	GND	321	28	0	2	0	0	0
LK-5206025	Unapana	Unapana	GND	161	15	0	1	0	0	0
LK-5206030	Hagamwela	Hagamwela	GND	269	21	0	0	0	1	1
LK-5206035	Kirawana	Kirawana	GND	422	16	0	0	0	0	7
LK-5206040	Padiyathalawa	Padiyathalawa	GND	446	17	0	0	0	0	0
LK-5206045	Thalapitaoya Left	Thalapitaoya Left	GND	261	12	0	0	0	0	0
LK-5206050	Saranagama	Saranagama	GND	306	10	0	0	0	0	0
LK-5206055	Pallegama	Pallegama	GND	266	8	0	0	0	0	0
LK-5206060	Moradeniya	Moradeniya	GND	343	30	0	0	0	1	1
LK-5206065	Thalapitaoya South	Thalapitaoya South	GND	205	15	0	0	0	0	0
LK-5206070	Holike	Holike	GND	288	25	1	2	0	0	0
LK-5206075	Kehelulla	Kehelulla	GND	371	6	0	0	0	0	0
LK-5206080	Miriswatta	Miriswatta	GND	253	28	0	1	0	0	0
LK-5206085	Kolamanthalawa	Kolamanthalawa	GND	252	17	0	1	0	0	0
LK-5206090	Dorakumbura	Dorakumbura	GND	219	32	1	0	0	0	0
LK-5206095	Marangala	Marangala	GND	269	25	0	1	0	0	11
LK-5206100	Komana	Komana	GND	266	15	0	1	0	0	0
LK-5209	Mahaoya	Mahaoya	DSD	6462	468	6	9	0	0	33
LK-5209005	Bogamuyaya	Bogamuyaya	GND	78	1	0	1	0	0	0
LK-5209010	Tempitiya	Tempitiya	GND	203	2	0	1	0	0	0
LK-5209015	Poolawala	Poolawala	GND	181	4	0	0	0	0	2
LK-5209020	Bedirekka	Bedirekka	GND	173	10	1	0	0	0	0
LK-5209025	Unuwathura Bubula	Unuwathura Bubula	GND	584	25	2	1	0	0	0
LK-5209030	Iddapola	Iddapola	GND	296	22	0	0	0	0	11
LK-5209035	Thepelpola	Thepelpola	GND	462	20	0	0	0	0	0
LK-5209040	Mahaoya	Mahaoya	GND	283	4	0	0	0	0	0
LK-5209045	Samagipura	Samagipura	GND	590	45	0	0	0	0	0
LK-5209050	Borapola	Borapola	GND	267	19	0	1	0	0	0
LK-5209055	Kelavinna	Kelavinna	GND	497	15	0	1	0	0	1
LK-5209060	Dambadeniya	Dambadeniya	GND	598	54	1	1	0	0	1
LK-5209065	Kekirihena	Kekirihena	GND	553	51	0	2	0	0	0
LK-5209070	Kudaharasgala	Kudaharasgala	GND	448	20	0	0	0	0	11
LK-5209075	Lahugala	Lahugala	GND	320	70	0	1	0	0	0
LK-5209080	Pollebedda	Pollebedda	GND	510	83	2	0	0	0	3
LK-5209085	Aranthalawa	Aranthalawa	GND	419	23	0	0	0	0	4
LK-5212	Uhana	Uhana	DSD	16927	364	7	25	0	0	76
LK-5212005	Piyangala	Piyangala	GND	150	13	0	2	0	0	0
LK-5212010	Nugelanda North	Nugelanda North	GND	216	4	1	0	0	0	0
LK-5212015	Nugelanda South	Nugelanda South	GND	210	5	0	0	0	0	1
LK-5212020	Bakkiella	Bakkiella	GND	123	1	0	0	0	0	0
LK-5212025	Rajagalathenna South	Rajagalathenna South	GND	334	5	0	1	0	0	0
LK-5212030	Rajagalathenna North	Rajagalathenna North	GND	572	8	1	0	0	0	1
LK-5212035	Gonagolla	Gonagolla	GND	419	0	0	0	0	0	8
LK-5212040	Galapitagala West	Galapitagala West	GND	214	1	0	0	0	0	0
LK-5212045	Galapitagala East	Galapitagala East	GND	159	16	0	0	0	0	0
LK-5212050	Kothmale	Kothmale	GND	225	1	0	0	0	0	0
LK-5212055	Mayadunna	Mayadunna	GND	690	10	0	2	0	0	0
LK-5212060	Nawagiriyawa	Nawagiriyawa	GND	417	8	0	0	0	0	0
LK-5212065	Bandaradoowa	Bandaradoowa	GND	474	37	1	6	0	0	16
LK-5212070	Lathugala	Lathugala	GND	211	17	0	0	0	0	0
LK-5212075	Bokkabedda	Bokkabedda	GND	205	13	0	1	0	0	3
LK-5212080	Kohombana	Kohombana	GND	156	6	0	0	0	0	0
LK-5212085	Walagampura	Walagampura	GND	611	30	0	6	0	0	1
LK-5212090	Verenketagoda	Verenketagoda	GND	774	13	1	0	0	0	9
LK-5212095	Senagama North	Senagama North	GND	299	6	0	0	0	0	1
LK-5212100	Senagama South	Senagama South	GND	193	0	0	0	0	0	0
LK-5212105	Gonagala	Gonagala	GND	317	5	0	1	0	0	0
LK-5212110	Veheragama East	Veheragama East	GND	120	0	0	0	0	0	0
LK-5212115	Veheragama West	Veheragama West	GND	120	0	0	0	0	0	0
LK-5212120	Gemunupura	Gemunupura	GND	289	1	1	0	0	0	0
LK-5212125	Siyambalawewa	Siyambalawewa	GND	174	1	0	0	0	0	1
LK-5212130	Rajagama North	Rajagama North	GND	141	4	0	0	0	0	0
LK-5212135	Rajagama South	Rajagama South	GND	165	1	0	0	0	0	1
LK-5212140	Suhadagama North	Suhadagama North	GND	60	1	0	0	0	0	1
LK-5212145	Suhadagama South	Suhadagama South	GND	48	2	0	0	0	0	0
LK-5212150	Kumarigama	Kumarigama	GND	308	3	1	0	0	0	2
LK-5212155	Komariya	Komariya	GND	290	2	0	0	0	0	0
LK-5212160	Udagirigama West	Udagirigama West	GND	190	5	0	0	0	0	5
LK-5212165	Udagirigama East	Udagirigama East	GND	307	2	0	0	0	0	0
LK-5212170	Galahitiyagoda	Galahitiyagoda	GND	636	13	0	0	0	0	0
LK-5212175	Mahakandiya	Mahakandiya	GND	519	27	0	0	0	0	1
LK-5212180	Kahatagasyaya	Kahatagasyaya	GND	192	8	0	0	0	0	3
LK-5212185	Velikahagolla	Velikahagolla	GND	469	8	0	0	0	0	0
LK-5212190	Dematamalpelessa	Dematamalpelessa	GND	424	2	0	2	0	0	0
LK-5212195	Uhana	Uhana	GND	681	7	0	0	0	0	0
LK-5212200	Uhana Thissapura East	Uhana Thissapura West	GND	565	14	0	0	0	0	1
LK-5212205	Uhana Thissapura West	Uhana Thissapura East	GND	233	8	0	0	0	0	0
LK-5212210	Udayapura	Udayapura	GND	301	6	0	1	0	0	0
LK-5212215	Sandanadapura	Sandanadapura	GND	319	3	0	0	0	0	6
LK-5212220	Weeragoda North	Weeragoda North	GND	241	6	0	0	0	0	1
LK-5212225	Weeragoda South	Weeragoda South	GND	266	8	0	0	0	0	0
LK-5212230	Dadayanthalawa West	Dadayanthalawa West	GND	341	5	0	0	0	0	5
LK-5212235	Dadayanthalawa East	Dadayanthalawa East	GND	184	0	0	0	0	0	0
LK-5212240	Wijayapura East	Wijayapura East	GND	147	0	0	0	0	0	0
LK-5212245	Wijayapura West	Wijayapura West	GND	171	4	0	0	0	0	1
LK-5212250	Kumudugama	Kumudugama	GND	213	4	0	0	0	0	0
LK-5212255	Ruhunugama	Ruhunugama	GND	242	0	0	0	0	0	0
LK-5212260	Buddhangala	Buddhangala	GND	195	1	0	0	0	0	3
LK-5212265	Palam Kandavura	Palam Kandavura	GND	589	7	0	0	0	0	1
LK-5212270	Himidurawa	Himidurawa	GND	569	6	1	0	0	0	0
LK-5212275	Abhayapura	Abhayapura	GND	249	6	0	3	0	0	4
LK-5215	Ampara	Ampara	DSD	13006	201	6	6	0	1	21
LK-5215005	Dambethalawa	Dambethalawa	GND	841	29	0	2	0	0	2
LK-5215010	Samapura	Samapura	GND	411	6	0	0	0	0	4
LK-5215015	Karangawa	Karangawa	GND	1008	10	0	0	0	0	0
LK-5215020	Gemunupura	Gemunupura	GND	404	0	3	0	0	0	0
LK-5215025	Thissapura	Thissapura	GND	597	13	1	0	0	0	0
LK-5215030	Nawagampura	"Nawagampura_x000D_
Nawagamp"	GND	1373	5	0	2	0	1	4
LK-5215035	Senanayakepura	Senanayakepura	GND	869	4	0	0	0	0	0
LK-5215040	Jayawardhanapura	Jayawardhanapura	GND	889	13	1	0	0	0	0
LK-5215045	Indrasarapura	Indrasarapura	GND	420	1	0	0	0	0	0
LK-5215050	Mihindupura	Mihindupura	GND	689	7	0	0	0	0	0
LK-5215055	Saddhathissapura	Saddhathissapura	GND	579	0	0	0	0	0	1
LK-5215060	Kotavehera	Kotavehera	GND	396	4	0	0	0	0	0
LK-5215065	Paragahakele East	Paragahakele East	GND	419	17	0	0	0	0	0
LK-5215070	Paragahakele West	Paragahakele West	GND	480	7	0	1	0	0	1
LK-5215075	Ambagahawella	Ambagahawella	GND	437	14	0	0	0	0	4
LK-5215080	Ambamalthalawa	Ambamalthalawa	GND	434	4	0	0	0	0	3
LK-5215085	Namalthalawa	Namalthalawa	GND	411	26	0	1	0	0	0
LK-5215090	Namaloya II	Namaloya (ii)	GND	411	7	0	0	0	0	0
LK-5215095	Polwaga Janapadaya	Polwaga Janapadaya	GND	648	4	0	0	0	0	0
LK-5215100	Wavinna North	Wavinna North	GND	368	7	0	0	0	0	1
LK-5215105	Wavinna South	Wavinna South	GND	551	15	0	0	0	0	0
LK-5215110	Namaloya I	Namaloya ( i )	GND	371	8	1	0	0	0	1
LK-5216	Navithanveli	Navithanveli	DSD	6093	294	0	1	0	0	6
LK-5216005	Central Camp 01	Central Camp 01	GND	280	9	0	0	0	0	0
LK-5216010	Central Camp 02	Central Camp 02	GND	217	16	0	0	0	0	0
LK-5216015	Central Camp 03	Central Camp 03	GND	296	1	0	0	0	0	0
LK-5216020	Central Camp 05	Central Camp 05	GND	273	12	0	0	0	0	1
LK-5216025	Central Camp 06	Central Camp 06	GND	379	20	0	0	0	0	0
LK-5216030	Central Camp 04	Central Camp 04	GND	206	16	0	0	0	0	0
LK-5216035	Chalambaikerny 03	Chalambaikerny 03	GND	342	21	0	0	0	0	0
LK-5216040	Chalambaikerny 04	Chalambaikerny 04	GND	609	34	0	0	0	0	0
LK-5216045	Chalambaikerny 05	Chalambaikerny 05	GND	177	11	0	0	0	0	0
LK-5216050	Chalambaikerny 01	Chalambaikerny 01	GND	539	16	0	0	0	0	1
LK-5216055	Chalambaikerny 02	Chalambaikerny 02	GND	193	2	0	0	0	0	0
LK-5216060	Sorikalmunai 3	Sorikalmunai 03	GND	301	17	0	0	0	0	0
LK-5216065	Sorikalmunai 1	Sorikalmunai 01	GND	360	23	0	0	0	0	0
LK-5216070	Sorikalmunai 2	Sorikalmunai 02	GND	164	5	0	0	0	0	0
LK-5216075	Chavalakade	Chavalakade	GND	203	11	0	0	0	0	0
LK-5216080	Navithanveli 02	Navithanveli 02	GND	303	12	0	0	0	0	0
LK-5216085	Annamalai 03	Annamalai 03	GND	167	5	0	1	0	0	0
LK-5216090	Annamalai 02	Annamalai 02	GND	483	31	0	0	0	0	4
LK-5216095	Navithanveli 01	Navithanveli 01	GND	368	16	0	0	0	0	0
LK-5216100	Annamalai 01	Annamalai 01	GND	233	16	0	0	0	0	0
LK-5218	Sammanthurai	Samanthurai	DSD	19213	246	11	5	1	4	239
LK-5218005	Veeramunai 04	Veeramunai 04	GND	182	4	0	0	0	0	0
LK-5218010	Sammanthurai 08	Sammanthurai 08	GND	332	0	0	0	0	0	0
LK-5218015	Sammanthurai 06	Sammanthurai 06	GND	142	3	0	0	0	0	0
LK-5218020	Sammanthurai TD 01	Sammanthurai Tamil Division 01	GND	184	0	0	0	0	0	3
LK-5218025	Sammanthurai TD 04	Sammanthurai Tamil Division 04	GND	86	2	0	0	0	0	0
LK-5218030	Sammanthurai TD 02	Sammanthurai Tamil Division 02	GND	211	0	0	0	0	0	0
LK-5218035	Sammanthurai 01	Sammanthurai 01	GND	239	1	0	0	0	0	0
LK-5218040	Sammanthurai 02	Sammanthurai 02	GND	437	0	0	0	0	0	0
LK-5218045	Sammanthurai 05	Sammanthurai 05	GND	198	1	0	0	0	0	0
LK-5218050	Karuwaddukal 01	Karuwaddukal 01	GND	373	1	0	1	0	0	7
LK-5218055	Karuwaddukal 03	Karuwaddukal 03	GND	459	1	0	0	0	0	1
LK-5218060	Karuwaddukal 02	Karuwaddukal 02	GND	363	2	0	0	0	0	0
LK-5218065	Sammanthurai 11	Sammanthurai 11	GND	194	1	0	0	0	0	1
LK-5218070	Sammanthurai 10	Sammanthurai 10	GND	221	1	0	0	0	0	0
LK-5218075	Sammanthurai 09	Sammanthurai 09	GND	380	2	0	0	0	2	4
LK-5218080	Sammanthurai 07	Sammanthurai 07	GND	259	1	0	0	0	0	0
LK-5218085	Sammanthurai 04	Sammanthurai 04	GND	241	7	0	0	0	0	0
LK-5218090	Sammanthurai TD 03	Sammanthurai Tamil Division 03	GND	376	0	0	0	1	0	0
LK-5218095	Maddakalaputharavai 02	Maddakalaputharavai 02	GND	400	3	1	0	0	0	0
LK-5218100	Maddakalaputharavai 01	Maddakalaputharavai 01	GND	343	0	0	0	0	0	0
LK-5218105	Sammanthurai 03	Sammanthurai 03	GND	391	4	0	0	0	0	4
LK-5218110	Veeramunai 03	Veeramunai 03	GND	174	0	0	0	0	0	0
LK-5218115	Veeramunai 02	Veeramunai 02	GND	137	1	0	0	0	0	0
LK-5218120	Veeramunai 01	Veeramunai 01	GND	161	1	0	0	0	0	0
LK-5218125	Sammanthurai 12	Sammanthurai 12	GND	241	4	0	0	0	0	1
LK-5218130	Malwatte 02	Malwatte 02	GND	351	5	0	0	0	0	0
LK-5218135	Block 'J' East 01	Block 'J' East 01	GND	474	3	0	0	0	0	8
LK-5218140	Block 'J' West 02	Block 'J' West 02	GND	479	10	0	0	0	0	17
LK-5218145	Kallarichchel 02	Kallarichchel 02	GND	802	13	0	0	0	0	1
LK-5218150	Block 'J' West 01	Block 'J' West 01	GND	375	3	0	0	0	0	0
LK-5218155	Kallarichchel 03	Kallarichchel 03	GND	430	5	0	0	0	0	5
LK-5218160	Udanga 01	Udanga 01	GND	583	7	0	1	0	0	1
LK-5218165	Udanga 02	Udanga02	GND	497	6	0	0	0	0	1
LK-5218170	Vilinayadi 01	Vilinayadi 01	GND	646	7	0	0	0	1	45
LK-5218175	Sennelgramam 01	Sennelgramam 01	GND	684	4	0	0	0	0	25
LK-5218180	Sennelgramam 02	Sennelgramam 02	GND	976	12	3	0	0	0	22
LK-5218185	Block 'J' East 03	Block 'J' East 03	GND	518	2	2	0	0	0	0
LK-5218190	Block 'J' East 02	Block 'J' East 02	GND	441	5	2	0	0	0	17
LK-5218195	Malayadikiramam 01	Malayadikiramam 01	GND	612	9	0	0	0	0	7
LK-5218200	Malayadikiramam 03	Malayadikiramam 03	GND	540	3	1	0	0	0	33
LK-5218205	Malwatte 03	Malwatte 03	GND	320	9	0	0	0	0	1
LK-5218210	Malwatte 01	Malwatte 01	GND	372	10	0	0	0	0	1
LK-5218215	Malkampiddy	Malkampiddy	GND	120	4	0	2	0	0	0
LK-5218220	Malayadikiramam 04	Malayadikiramam 04	GND	430	3	0	0	0	0	22
LK-5218225	Malayadikiramam 02	Malayadikiramam 02	GND	694	4	0	0	0	0	0
LK-5218230	Vilinayadi 02	Vilinayadi 02	GND	354	1	0	0	0	0	10
LK-5218235	Vilinayadi 03	Vilinayadi 03	GND	393	10	1	0	0	0	0
LK-5218240	Kallarichchel 01	Kallarichchel 01	GND	287	5	0	0	0	0	0
LK-5218245	Valathapitty 02	Valathapitty 02	GND	76	3	0	0	0	0	0
LK-5218250	Valathapitty 01	Valathapitty 01	GND	875	59	1	1	0	1	2
LK-5218255	Malwatte 04	Malwatte 04	GND	160	4	0	0	0	0	0
LK-5221	Kalmunai	Kalmunai North Sub	DSD	8684	258	8	1	1	2	6
LK-5221005	nan	Periyaneelavanai  01B	GND	614	10	1	0	0	0	2
LK-5221010	nan	Periyaneelavanai  01A	GND	287	3	0	0	0	0	0
LK-5221015	nan	Periyaneelavanai  01	GND	411	8	1	0	0	0	0
LK-5221020	nan	Periyaneelavanai  02	GND	933	19	0	0	0	0	0
LK-5221025	nan	Chenaikudiyiruppu 01A	GND	394	33	0	0	0	0	0
LK-5221030	nan	Pandiruppu 01	GND	291	2	2	1	0	0	0
LK-5221035	nan	Pandiruppu 01B	GND	229	1	0	0	1	0	0
LK-5221040	nan	Pandiruppu 01C	GND	234	3	1	0	0	0	0
LK-5221045	nan	Pandiruppu 01A	GND	248	1	0	0	0	0	0
LK-5221050	nan	"Pandiruppu 02_x000D_
"	GND	372	107	0	0	0	0	2
LK-5221055	nan	Pandiruppu 02B	GND	193	1	0	0	0	0	0
LK-5221060	nan	Pandiruppu 02C	GND	293	3	0	0	0	0	0
LK-5221065	nan	Pandiruppu 02A	GND	207	1	0	0	0	0	0
LK-5221070	nan	Kalmunai  01D	GND	261	1	0	0	0	0	1
LK-5221075	nan	Kalmunai  01B	GND	132	1	0	0	0	0	0
LK-5221080	nan	Kalmunai  01A	GND	253	2	0	0	0	0	0
LK-5221085	nan	Kalmunai  01	GND	306	1	0	0	0	0	0
LK-5221090	nan	Natpiddimunai (T.P ) 03	GND	295	1	0	0	0	0	0
LK-5221095	nan	Natpiddimunai (T.P ) 02	GND	380	2	0	0	0	0	0
LK-5221100	nan	Natpiddimunai (T.P ) 01	GND	224	2	1	0	0	0	0
LK-5221105	nan	Chenaikudiyiruppu 01B	GND	257	13	0	0	0	0	1
LK-5221110	nan	Chenaikudiyiruppu 01	GND	256	10	0	0	0	0	0
LK-5221115	nan	Kalmunai  01C	GND	201	3	0	0	0	0	0
LK-5221120	nan	Kalmunai  01E	GND	283	5	0	0	0	0	0
LK-5221125	nan	Kalmunai  02B	GND	162	12	1	0	0	2	0
LK-5221130	nan	Kalmunai  02A	GND	239	4	1	0	0	0	0
LK-5221135	nan	Kalmunai  02	GND	351	5	0	0	0	0	0
LK-5221140	nan	Kalmunai  03	GND	246	3	0	0	0	0	0
LK-5221145	nan	Kalmunai  03A	GND	132	1	0	0	0	0	0
LK-5224	Kalmunai	Kalmunai	DSD	13869	126	53	1	0	6	10
LK-5224005	Periyaneelavanai 01B	Periyaneelavanai  Muslim Section	GND	684	1	15	0	0	0	1
LK-5224010	Periyaneelavanai 01A	Periyaneelavanai  Muslim Section	GND	316	1	0	0	0	0	0
LK-5224015	Periyaneelavanai 01	Maruthamunai 01	GND	276	0	0	0	0	0	0
LK-5224020	Periyaneelavanai 02	Maruthamunai 02	GND	372	7	2	0	0	0	0
LK-5224025	Chenaikudiyiruppu 01A	Maruthamunai 03	GND	1247	13	0	0	0	0	0
LK-5224030	Pandiruppu 01	Maruthamunai 04	GND	580	2	0	0	0	0	4
LK-5224035	Pandiruppu 01B	Maruthamunai 05	GND	369	2	0	0	0	0	0
LK-5224040	Pandiruppu 01C	Maruthamunai 06	GND	1095	15	0	0	0	0	1
LK-5224045	Pandiruppu 01A	Natpiddimunai (M.P ) 03	GND	353	1	0	0	0	0	0
LK-5224050	Pandiruppu 02	Natpiddimunai (M.P ) 02	GND	240	4	0	0	0	0	0
LK-5224055	Pandiruppu 02B	Natpiddimunai (M.P ) 01	GND	278	6	0	0	0	0	0
LK-5224060	Pandiruppu 02C	Natpiddimunai (M.P ) 05	GND	276	1	2	0	0	0	0
LK-5224065	Pandiruppu 02A	Natpiddimunai (M.P ) 04	GND	299	5	1	0	0	0	0
LK-5224070	Kalmunai 01D	Islamabad & kalmunai Town	GND	339	1	0	0	0	0	0
LK-5224075	Kalmunai 01B	Kalmunai Muslim Section	GND	827	7	0	0	0	0	0
LK-5224080	Kalmunai 01A	Kalmunaikudi 01	GND	467	9	0	0	0	0	2
LK-5224085	Kalmunai 01	Kalmunaikudi 03	GND	816	16	0	0	0	0	0
LK-5224090	Natpiddimunai Td 03	Kalmunaikudi 02	GND	378	0	0	0	0	0	0
LK-5224095	Natpiddimunai Td 02	Kalmunaikudi 04	GND	211	0	0	0	0	0	0
LK-5224100	Natpiddimunai Td 01	Kalmunaikudi 05	GND	446	1	6	0	0	0	0
LK-5224105	Chenaikudiyiruppu 01B	Kalmunaikudi 06	GND	344	0	0	0	0	1	0
LK-5224110	Chenaikudiyiruppu 01	Kalmunaikudi 08	GND	315	3	0	0	0	0	0
LK-5224115	Kalmunai 01C	Kalmunaikudi 09	GND	882	15	0	0	0	3	0
LK-5224120	Kalmunai 01E	Kalmunaikudi 07	GND	416	1	0	0	0	0	2
LK-5224125	Kalmunai 02B	Kalmunaikudi 10	GND	295	5	1	0	0	0	0
LK-5224130	Kalmunai 02A	Kalmunaikudi 11	GND	317	1	0	0	0	0	0
LK-5224135	Kalmunai 02	Kalmunaikudi 12	GND	316	2	7	0	0	1	0
LK-5224140	Kalmunai 03	Kalmunaikudi 13	GND	514	3	3	1	0	0	0
LK-5224145	Kalmunai 03A	Kalmunaikudi 14	GND	601	4	16	0	0	1	0
LK-5225	Sainthamaruthu	Sainthamaruthu	DSD	8827	69	11	2	0	4	7
LK-5225005	Sainthamaruthu 01	Sainthamaruthu 01	GND	702	10	0	0	0	0	0
LK-5225010	Sainthamaruthu 02	Sainthamaruthu 02	GND	683	2	0	0	0	0	0
LK-5225015	Sainthamaruthu 03	Sainthamaruthu 03	GND	680	3	2	0	0	0	0
LK-5225020	Sainthamaruthu 04	Sainthamaruthu 04	GND	410	20	0	0	0	0	0
LK-5225025	Sainthamaruthu 05	Sainthamaruthu 05	GND	369	3	0	0	0	2	1
LK-5225030	Sainthamaruthu 06	Sainthamaruthu 06	GND	329	2	0	0	0	1	0
LK-5225035	Sainthamaruthu 07	Sainthamaruthu 07	GND	440	5	0	0	0	0	0
LK-5225040	Sainthamaruthu 08	Sainthamaruthu 08	GND	410	1	0	0	0	0	0
LK-5225045	Sainthamaruthu 09	Sainthamaruthu 09	GND	828	8	0	2	0	0	2
LK-5225050	Sainthamaruthu 10	Sainthamaruthu 10	GND	439	3	3	0	0	1	0
LK-5225055	Sainthamaruthu 11	Sainthamaruthu 11	GND	502	0	0	0	0	0	0
LK-5225060	Sainthamaruthu 13	Sainthamaruthu 13	GND	366	2	0	0	0	0	1
LK-5225065	Sainthamaruthu 12	Sainthamaruthu 12	GND	498	1	0	0	0	0	0
LK-5225070	Sainthamaruthu 17	Sainthamaruthu 17	GND	526	1	3	0	0	0	0
LK-5225075	Sainthamaruthu 14	Sainthamaruthu 14	GND	390	1	0	0	0	0	0
LK-5225080	Sainthamaruthu 15	Sainthamaruthu 15	GND	609	2	0	0	0	0	0
LK-5225085	Sainthamaruthu 16	Sainthamaruthu 16	GND	646	5	3	0	0	0	3
LK-5227	Karaitivu	Karaitheevu	DSD	5227	117	3	0	0	0	0
LK-5227005	Mavadipalli West	Mavadipalli West	GND	487	7	0	0	0	0	0
LK-5227010	Mavadipalli East	Mavadipalli East	GND	467	4	0	0	0	0	0
LK-5227015	Maligaikadu West	Maligaikadu West	GND	445	14	2	0	0	0	0
LK-5227020	Maligaikadu Central	Maligaikadu Central	GND	413	2	0	0	0	0	0
LK-5227025	Maligaikadu East	Maligaikadu East	GND	415	5	0	0	0	0	0
LK-5227030	Karaitheevu 03	Karaitheevu 03	GND	146	6	0	0	0	0	0
LK-5227035	Karaitheevu 02	Karaitheevu 02	GND	170	0	0	0	0	0	0
LK-5227040	Karaitheevu 01	Karaitheevu 01	GND	271	4	0	0	0	0	0
LK-5227045	Karaitheevu 06	Karaitheevu 06	GND	128	4	0	0	0	0	0
LK-5227050	Karaitheevu 05	Karaitheevu 05	GND	174	1	0	0	0	0	0
LK-5227055	Karaitheevu 04	Karaitheevu 04	GND	122	6	0	0	0	0	0
LK-5227060	Karaitheevu 08	Karaitheevu 08	GND	348	13	0	0	0	0	0
LK-5227065	Karaitheevu 07	Karaitheevu 07	GND	327	4	0	0	0	0	0
LK-5227070	Karaitheevu 10	Karaitheevu 10	GND	255	2	0	0	0	0	0
LK-5227075	Karaitheevu 09	Karaitheevu 09	GND	111	17	0	0	0	0	0
LK-5227080	Karaitheevu 11	Karaitheevu 11	GND	363	7	1	0	0	0	0
LK-5227085	Karaitheevu 12	Karaitheevu 12	GND	585	21	0	0	0	0	0
LK-5230	Nintavur	Ninthavur	DSD	8658	141	55	0	0	0	30
LK-5230005	Ninthavur 24	Ninthavur 24	GND	176	0	3	0	0	0	0
LK-5230010	Ninthavur 11	Ninthavur 11	GND	454	2	0	0	0	0	1
LK-5230015	Ninthavur 12	Ninthavur 12	GND	265	14	16	0	0	0	0
LK-5230020	Ninthavur 01	Ninthavur 01	GND	545	14	0	0	0	0	0
LK-5230025	Ninthavur 02	Ninthavur 02	GND	376	1	1	0	0	0	1
LK-5230030	Ninthavur 13	Ninthavur 13	GND	239	0	0	0	0	0	0
LK-5230035	Ninthavur 14	Ninthavur 14	GND	223	2	0	0	0	0	0
LK-5230040	Ninthavur 15	Ninthavur 15	GND	293	1	6	0	0	0	0
LK-5230045	Ninthavur 03	Ninthavur 03	GND	470	1	0	0	0	0	0
LK-5230050	Ninthavur 04	Ninthavur 04	GND	539	3	5	0	0	0	3
LK-5230055	Ninthavur 16	Ninthavur 16	GND	242	1	1	0	0	0	0
LK-5230060	Ninthavur 17	Ninthavur 17	GND	231	5	0	0	0	0	0
LK-5230065	Ninthavur 18	Ninthavur 18	GND	188	0	0	0	0	0	0
LK-5230070	Ninthavur 05	Ninthavur 05	GND	662	1	5	0	0	0	0
LK-5230075	Ninthavur 06	Ninthavur 06	GND	433	0	0	0	0	0	7
LK-5230080	Ninthavur 19	Ninthavur 19	GND	195	0	9	0	0	0	1
LK-5230085	Ninthavur 25	Ninthavur 25	GND	152	0	0	0	0	0	0
LK-5230090	Ninthavur 20	Ninthavur 20	GND	191	5	0	0	0	0	0
LK-5230095	Ninthavur 07	Ninthavur 07	GND	417	2	1	0	0	0	13
LK-5230100	Ninthavur 08	Ninthavur 08	GND	499	5	4	0	0	0	2
LK-5230105	Ninthavur 21	Ninthavur 21	GND	216	0	4	0	0	0	1
LK-5230110	Ninthavur 22	Ninthavur 22	GND	436	3	0	0	0	0	1
LK-5230115	Ninthavur 09	Ninthavur 09	GND	701	8	0	0	0	0	0
LK-5230120	Ninthavur 10	Ninthavur 10	GND	263	7	0	0	0	0	0
LK-5230125	Ninthavur 23	Ninthavur 23	GND	252	66	0	0	0	0	0
LK-5233	Addalaichenai	Addalachchenai	DSD	13099	342	8	10	2	2	40
LK-5233005	Deegawapie 01	Deeghawapiya 01	GND	377	14	0	2	0	0	0
LK-5233010	Oluvil 01	Oluvil 01	GND	358	23	0	0	0	0	1
LK-5233015	Oluvil 04	Oluvil 04	GND	404	9	1	0	0	0	1
LK-5233020	Oluvil 06	Oluvil 06	GND	378	4	2	0	0	0	0
LK-5233025	Oluvil 05	Oluvil 05	GND	233	1	0	0	0	0	0
LK-5233030	Oluvil 03	Oluvil 03	GND	135	2	1	0	0	0	0
LK-5233035	Oluvil 02	Oluvil 02	GND	717	37	0	0	0	0	0
LK-5233040	Palamuna 06	Palamuna 06	GND	88	11	0	0	0	0	3
LK-5233045	Oluvil 07	Oluvil 07	GND	502	16	0	0	0	1	6
LK-5233050	Palamuna 02	Palamuna 02	GND	470	23	0	0	0	1	0
LK-5233055	Palamuna 01	Palamuna 01	GND	703	7	0	0	0	0	0
LK-5233060	Palamuna 03	Palamuna 03	GND	360	9	0	0	0	0	8
LK-5233065	Palamuna 04	Palamuna 04	GND	533	5	0	0	0	0	0
LK-5233070	Palamuna 05	Palamuna 05	GND	509	5	0	0	0	0	0
LK-5233075	Addalachchenai 02	Addalachchenai 02	GND	319	9	0	0	0	0	0
LK-5233080	Addalachchenai 09	Addalachchenai 09	GND	535	8	0	0	0	0	1
LK-5233085	Addalachchenai 10	Addalachchenai 10	GND	451	6	0	0	0	0	5
LK-5233090	Addalachchenai 08	Addalachchenai 08	GND	656	53	3	0	0	0	5
LK-5233095	Addalachchenai 06	Addalachchenai 06	GND	634	12	0	0	0	0	0
LK-5233100	Addalachchenai 01	Addalachchenai 01	GND	328	4	0	0	0	0	0
LK-5233105	Addalachchenai 11	Addalachchenai 11	GND	312	5	0	0	0	0	0
LK-5233110	Addalachchenai 03	Addalachchenai 03	GND	274	0	0	0	0	0	0
LK-5233115	Addalachchenai 07	Addalachchenai 07	GND	380	16	0	0	0	0	0
LK-5233120	Addalachchenai 12	Addalachchenai 12	GND	273	1	0	1	0	0	0
LK-5233125	Addalachchenai 14	Addalachchenai 14	GND	317	4	0	0	0	0	1
LK-5233130	Addalachchenai 13	Addalachchenai 13	GND	404	7	0	0	0	0	2
LK-5233135	Addalachchenai 04	Addalachchenai 04	GND	484	8	0	0	0	0	0
LK-5233140	Addalachchenai 15	Addalachchenai 15	GND	631	3	0	0	2	0	1
LK-5233145	Addalachchenai 16	Addalachchenai 16	GND	485	11	0	0	0	0	1
LK-5233150	Addalachchenai 05	Addalachchenai 05	GND	314	3	0	0	0	0	1
LK-5233155	Addalachchenai 17	Addalachchenai 17	GND	259	19	1	0	0	0	3
LK-5233160	Deegawapie 02	Deeghawapiya 02	GND	276	7	0	7	0	0	1
LK-5234	Irakkamam	Irakkamam	DSD	4494	149	3	26	0	1	1
LK-5234005	Irakkamam 07	Irakkamam 07	GND	305	24	2	26	0	1	0
LK-5234010	Varipathanchenai 01	Varipathanchenai 01	GND	400	10	0	0	0	0	0
LK-5234015	Irakkamam 02	Irakkamam 02	GND	382	22	0	0	0	0	1
LK-5234020	Irakkamam 08	Irakkamam 08	GND	381	12	0	0	0	0	0
LK-5234025	Irakkamam 09	Irakkamam 09	GND	144	1	0	0	0	0	0
LK-5234030	Irakkamam 06	Irakkamam 06	GND	203	4	0	0	0	0	0
LK-5234035	Irakkamam 01	Irakkamam 01	GND	252	8	0	0	0	0	0
LK-5234040	Irakkamam 03	Irakkamam 03	GND	651	12	0	0	0	0	0
LK-5234045	Varipathanchenai 03	Varipathanchenai 03	GND	519	12	0	0	0	0	0
LK-5234050	Irakkamam 05	Irakkamam 05	GND	398	20	1	0	0	0	0
LK-5234055	Irakkamam 04	Irakkamam 04	GND	331	11	0	0	0	0	0
LK-5234060	Varipathanchenai 02	Varipathanchenai 02	GND	528	13	0	0	0	0	0
LK-5236	Akkaraipattu	Akkaraipattu	DSD	12086	192	4	0	1	2	15
LK-5236005	Alim Nagar	Alim Nagar	GND	370	23	0	0	0	0	0
LK-5236010	Easankanichcheemai	Easankanichcheemai	GND	158	6	0	0	0	0	0
LK-5236015	Pallikudiyiruppu 02	Pallikudiyiruppu 02	GND	577	20	0	0	0	0	0
LK-5236020	Paddiyadipiddy	Paddyadippiddy	GND	580	12	0	0	0	0	1
LK-5236025	Akkaraipattu 06	Akkaraipattu 06	GND	928	5	1	0	0	0	1
LK-5236030	Akkaraipattu 05	Akkaraipattu 05	GND	441	12	0	0	0	0	1
LK-5236035	Akkaraipattu 04	Akkaraipattu 04	GND	322	3	0	0	0	0	0
LK-5236040	Akkaraipattu 16	Akkaraipattu 16	GND	252	2	0	0	0	0	0
LK-5236045	Akkaraipattu 15	Akkaraipattu 15	GND	275	7	0	0	1	0	0
LK-5236050	Akkaraipattu 14	Akkaraipattu 14	GND	705	5	0	0	0	0	0
LK-5236055	Akkaraipattu 13	Akkaraipattu 13	GND	868	15	0	0	0	0	1
LK-5236060	Akkaraipattu 12	Akkaraipattu 12	GND	422	6	0	0	0	0	0
LK-5236065	Akkaraipattu 11	Akkaraipattu 11	GND	416	2	0	0	0	0	0
LK-5236070	Akkaraipattu 01	Akkaraipattu 01	GND	333	0	0	0	0	0	2
LK-5236075	Town Division 03	Town Division 03	GND	421	10	2	0	0	0	0
LK-5236080	Akkaraipattu 10	Akkaraipattu 10	GND	352	2	0	0	0	0	0
LK-5236085	Town Division 02	Town Division 02	GND	377	12	0	0	0	2	1
LK-5236090	Akkaraipattu 02	Akkaraipattu 02	GND	309	2	0	0	0	0	0
LK-5236095	Akkaraipattu 03	Akkaraipattu 03	GND	191	3	0	0	0	0	0
LK-5236100	Akkaraipattu 17	Akkaraipattu 17	GND	325	1	0	0	0	0	0
LK-5236105	Akkaraipattu 18	Akkaraipattu 18	GND	338	3	0	0	0	0	0
LK-5236110	Akkaraipattu 20	Akkaraipattu 20	GND	386	1	0	0	0	0	0
LK-5236115	Akkaraipattu 21	Akkaraipattu 21	GND	386	4	0	0	0	0	0
LK-5236120	Pallikudiyiruppu 01	Pallikudiyiruppu 01	GND	585	8	1	0	0	0	2
LK-5236125	Akkaraipattu 19	Akkaraipattu 19	GND	319	0	0	0	0	0	0
LK-5236130	Town Division 01	Town Division 01	GND	249	7	0	0	0	0	0
LK-5236135	Town Division 05	Town Division 05	GND	801	10	0	0	0	0	4
LK-5236140	Town Division 04	Town Division 04	GND	400	11	0	0	0	0	2
LK-5239	Alayadivembu	Alayadiwembu	DSD	6713	383	0	1	0	2	5
LK-5239005	Akkaraipattu 8/1	Akkaraipattu 8/1	GND	118	0	0	0	0	0	0
LK-5239010	Akkaraipattu 09	Akkaraipattu 9	GND	178	5	0	0	0	0	0
LK-5239015	Akkaraipattu 8/3	Akkaraipattu 8/3	GND	174	0	0	0	0	0	0
LK-5239020	Akkaraipattu 8/2	Akkaraipattu 8/2	GND	148	4	0	0	0	0	0
LK-5239025	Akkaraipattu 7/1	Akkaraipattu 7/1	GND	126	2	0	0	0	0	0
LK-5239030	Akkaraipattu 7/2	Akkaraipattu 7/2	GND	149	2	0	0	0	0	0
LK-5239035	Vachchikudah	Vachchikuda	GND	381	17	0	0	0	0	0
LK-5239040	Kannakigramam 01	Kannahikiramam 01	GND	188	29	0	0	0	0	0
LK-5239045	Aligambai	Aligambai	GND	276	12	0	0	0	0	2
LK-5239050	Akkaraipattu 7/4	Akkaraipattu 7/4	GND	443	9	0	0	0	0	0
LK-5239055	Akkaraipattu 7/3	Akkaraipattu 7/3	GND	159	1	0	0	0	0	0
LK-5239060	Akkaraipattu 7	Akkaraipattu 7	GND	224	1	0	0	0	0	0
LK-5239065	Akkaraipattu 8	Akkaraipattu 8	GND	327	17	0	0	0	0	0
LK-5239070	Sinnamugathuwaram	Sinnamugathuwaram	GND	64	8	0	0	0	1	0
LK-5239075	Kolavil 03	Kolavil 03	GND	477	29	0	0	0	0	0
LK-5239080	Navatkadu	Navatkadu	GND	514	52	0	0	0	1	0
LK-5239085	Kolavil 02	Kolavil 02	GND	551	29	0	0	0	0	3
LK-5239090	Kolavil 01	Kolavil 01	GND	447	18	0	0	0	0	0
LK-5239095	Panankadu	Panankadu	GND	467	26	0	0	0	0	0
LK-5239100	Sinna Panankadu	Sinna Panankadu	GND	326	28	0	1	0	0	0
LK-5239105	Kannakigramam 02	Kannahikiramam 02	GND	217	47	0	0	0	0	0
LK-5239110	Alayadivembu	Alayadivembu	GND	759	47	0	0	0	0	0
LK-5242	Damana	Damana	DSD	11187	231	3	5	0	1	74
LK-5242005	Keenawatta	Keenawatta	GND	247	9	0	0	0	0	0
LK-5242010	Muwangala	Muwangala	GND	584	3	0	0	0	0	5
LK-5242015	Galmaduwa	Galmaduwa	GND	397	4	0	0	0	0	1
LK-5242020	Uksiripura	Uksiripura	GND	595	12	0	1	0	0	3
LK-5242025	Helagampura	Helagampura	GND	152	3	0	0	0	0	7
LK-5242030	Karalewa	Karalewa	GND	763	15	0	1	0	1	3
LK-5242035	Hingurana	Hingurana	GND	239	3	0	0	0	0	0
LK-5242040	Diviyagala	Diviyagala	GND	451	13	0	0	0	0	0
LK-5242045	Padagoda	Padagoda	GND	323	0	0	0	0	0	11
LK-5242050	Pahalalanda	Pahalalanda	GND	352	3	0	0	0	0	0
LK-5242055	Hindakalugama	Hindakalugama	GND	353	5	0	1	0	0	1
LK-5242060	Kalugolla	Kalugolla	GND	115	3	1	0	0	0	0
LK-5242065	Dewalahinda	Dewalahida	GND	375	3	0	0	0	0	6
LK-5242070	Koknahara	Koknahara	GND	517	4	1	0	0	0	0
LK-5242075	Moragahapallama	Moragahapallama	GND	308	1	0	0	0	0	0
LK-5242080	Damana	Damana	GND	303	3	0	0	0	0	0
LK-5242085	Alahena	Alahena	GND	303	3	0	0	0	0	0
LK-5242090	Madawalalanda	Madawalalanda	GND	324	12	0	0	0	0	0
LK-5242095	Madana	Madana	GND	325	7	0	0	0	0	7
LK-5242100	Eggaloya	Ekgaloya	GND	285	14	0	2	0	0	1
LK-5242105	Kethsirigama	Kethsirigama	GND	298	3	1	0	0	0	0
LK-5242110	Galkanda	Galkanda	GND	260	6	0	0	0	0	0
LK-5242115	Pallanoya	Pallanoya	GND	176	0	0	0	0	0	0
LK-5242120	Kivulegama	Kivulegama	GND	86	2	0	0	0	0	0
LK-5242125	Thimbirigolla	Thimbirigolla	GND	392	26	0	0	0	0	0
LK-5242130	Ambalanoya	Ambalanoya	GND	395	10	0	0	0	0	0
LK-5242135	Veheragala	Veheragala	GND	133	2	0	0	0	0	3
LK-5242140	18A. Janapadaya	18A Janapadaya	GND	286	17	0	0	0	0	0
LK-5242145	Thottama	Thottama	GND	492	9	0	0	0	0	0
LK-5242150	Kumana	Kumana	GND	262	11	0	0	0	0	1
LK-5242155	Wadinagala	Wadinagala	GND	600	6	0	0	0	0	25
LK-5242160	Pannalgama	Pannalgama	GND	338	4	0	0	0	0	0
LK-5242165	Bakmitiyawa	Bakmitiyawa	GND	158	15	0	0	0	0	0
LK-5245	Tirukkovil	Thirukkovil	DSD	7844	518	5	1	0	0	1
LK-5245005	Thambiluvil 2	Thambiluvil 2	GND	106	20	0	0	0	0	0
LK-5245010	Thambiluvil 1	Thambiluvil 1	GND	230	1	0	0	0	0	0
LK-5245015	Thambiluvil 1 West	Thambiluvil 1 West	GND	399	30	0	0	0	0	0
LK-5245020	Thambiluvil 1 East	Thambiluvil 1 East	GND	542	17	0	0	0	0	1
LK-5245025	Thambiluvil 1 South	Thambiluvil 1 South	GND	317	5	0	0	0	0	0
LK-5245030	Sagamam	Sangamam	GND	155	2	0	0	0	0	0
LK-5245035	Thambiluvil 2 West	Thambiluvil 2 West	GND	342	9	3	0	0	0	0
LK-5245040	Thambiluvil 2 North	Thambiluvil 2 North	GND	367	2	0	0	0	0	0
LK-5245045	Thambiluvil 2 East	Thambiluvil 2 East	GND	367	10	0	0	0	0	0
LK-5245050	Thirukkovil 3	Thirukkovil 3	GND	451	10	0	0	0	0	0
LK-5245055	Thirukkovil 1	Thirukkovil 1	GND	389	8	0	0	0	0	0
LK-5245060	Thirukkovil 2	Thirukkovil 2	GND	388	12	0	0	0	0	0
LK-5245065	Vinayahapuram 4	Vinayagapuram 4	GND	509	55	0	0	0	0	0
LK-5245070	Vinayahapuram 1	Vinayagapuram 1	GND	331	39	0	0	0	0	0
LK-5245075	Vinayahapuram 2	Vinayagapuram 2	GND	459	11	1	0	0	0	0
LK-5245080	Thirukkovil 4	Thirukkovil 4	GND	1133	102	0	0	0	0	0
LK-5245085	Kanchirankudah	Kanchirankuda	GND	115	35	0	0	0	0	0
LK-5245090	Kanchikudicharu	Kanchikudicharu	GND	60	27	1	1	0	0	0
LK-5245095	Vinayahapuram 3	Vinayagapuram 3	GND	620	70	0	0	0	0	0
LK-5245100	Sangamangramam	Sangamangramam	GND	290	23	0	0	0	0	0
LK-5245105	Thandiyadi	Thandiyadi	GND	149	17	0	0	0	0	0
LK-5245110	Thangavelauthapuram	Thangavelayudapuram	GND	125	13	0	0	0	0	0
LK-5248	Pottuvil	Pothuvil	DSD	11184	617	2	9	0	3	35
LK-5248005	Sangamankanda	Sangaman Kandy	GND	245	34	0	0	0	0	0
LK-5248010	Sinna Ullai	Sinna Ullai	GND	397	7	0	0	0	1	0
LK-5248015	Sinna Puthukkudiyiruppu	Sinna Puthukudiyiruppu	GND	712	42	0	0	0	1	1
LK-5248020	Victor Estate 2	Victor Estate 2	GND	547	82	1	2	0	0	0
LK-5248025	Vaddively	Vaddively	GND	192	7	0	0	0	0	0
LK-5248030	Victor Estate 1	Victor Estate 1	GND	448	65	1	0	0	0	0
LK-5248035	Rasak Moulana Nagar	Rasak Moulana Nagar	GND	870	57	0	1	0	0	16
LK-5248040	Sarvodayapuram	Sarvodayapuram	GND	771	51	0	0	0	0	0
LK-5248045	Pothuvil 02 / Unit 3	Pothuvil 02/Unit II	GND	223	2	0	0	0	0	0
LK-5248050	Kundumadu	Kundumadu	GND	326	30	0	0	0	0	0
LK-5248055	Pothuvil 01/Unit II	Pothuvil 01/Unit II	GND	301	2	0	0	0	0	0
LK-5248060	Pakkiyawatta 2	Pakkiyawatta 2	GND	305	11	0	0	0	0	0
LK-5248065	Pasarichchenai	Pasarichchenai	GND	463	21	0	0	0	0	0
LK-5248070	Pothuvil Town	Pothuvil Town	GND	114	0	0	0	0	0	0
LK-5248075	Pakkiyawatta 1	Pakkiyawatta 1	GND	285	5	0	0	0	0	0
LK-5248080	Komarie 02	Komarie 02	GND	373	20	0	1	0	0	0
LK-5248085	Komarie 01	Komarie 01	GND	421	28	0	4	0	1	0
LK-5248090	Kalappukaddu	Kalappukaddu	GND	1046	21	0	0	0	0	1
LK-5248095	Jalaldeen Square	Jalaldeen Square	GND	449	9	0	0	0	0	4
LK-5248100	Hidayapuram 2	Hidayapuram 2	GND	414	14	0	0	0	0	7
LK-5248105	Hidayapuram 1	Hidayapuram 1	GND	584	34	0	0	0	0	2
LK-5248110	Kanagarkiramam	Kanagarkiramam	GND	276	10	0	0	0	0	2
LK-5248115	Hijra Nagar	Hijra Nagar	GND	275	13	0	1	0	0	1
LK-5248120	Pothuvil 01/Unit I	Pothuvil 01/Unit I	GND	192	1	0	0	0	0	0
LK-5248125	Pothuvil 01/Unit III	Pothuvil 01/Unit III	GND	361	13	0	0	0	0	0
LK-5248130	Inspector Etham	Inspector Etham	GND	272	32	0	0	0	0	0
LK-5248135	Pothuvil 02 / Unit 2	Pothuvil 02/Unit I	GND	322	6	0	0	0	0	1
LK-5251	Lahugala	Lahugala	DSD	2784	108	1	3	0	6	1
LK-5251005	Kandahindagama	Kandahindagama	GND	118	10	0	1	0	0	0
LK-5251010	Hulannuge West	Hulannugee West	GND	192	5	0	0	0	0	0
LK-5251015	Hulannuge	Hulannuge	GND	260	4	0	0	0	0	0
LK-5251020	Perani Lahugala	Perani Lahugala	GND	168	0	0	0	0	0	0
LK-5251025	Lahugala	Lahugala	GND	213	0	0	0	0	0	0
LK-5251030	Dewalagoda	Dewalagoda	GND	205	3	0	0	0	0	0
LK-5251035	Pansalgoda	Pansalgoda	GND	144	8	0	0	0	0	0
LK-5251040	Panama West	Panama West	GND	230	5	0	0	0	0	1
LK-5251045	Shasthrawela	Shasthrawela	GND	241	8	0	1	0	0	0
LK-5251050	Panama Central	Panama Central	GND	190	13	0	0	0	0	0
LK-5251055	Panama North	Panama North	GND	432	34	0	0	0	0	0
LK-5251060	Panama South	Panama South	GND	391	18	1	1	0	6	0
LK-53	Trincomalee	Trincomalee	DISTRICT	117736	3603	60	31	7	24	487
LK-5303	Padavi Sri Pura	Padavi Sri Pura	DSD	3382	54	0	2	0	0	1
LK-5303005	Seva Janapadaya	Seva Janapadaya	GND	595	6	0	0	0	0	0
LK-5303010	Gemunupura	Gemunupura	GND	144	0	0	0	0	0	0
LK-5303015	Kavanthissapura	Kawanthissapura	GND	160	6	0	0	0	0	0
LK-5303020	Lassanagama	Lassanagama	GND	222	7	0	1	0	0	0
LK-5303025	Singhapura	Singhapura	GND	265	2	0	0	0	0	0
LK-5303030	Parana Medawachchiya	Parana Medawachchiya	GND	275	12	0	0	0	0	0
LK-5303035	Samanpura	Samanpura	GND	392	5	0	0	0	0	0
LK-5303040	Sri Thissapura	Sri Thissapura	GND	366	11	0	0	0	0	0
LK-5303045	Sripura	Sri Pura	GND	462	0	0	0	0	0	1
LK-5303050	Jayanthiwewa	Jayanthiwewa	GND	501	5	0	1	0	0	0
LK-5306	Kuchchaweli	Kuchchaveli	DSD	10974	309	4	0	0	2	24
LK-5306005	Thennamaranvadiya	Thennaimaravady	GND	59	3	0	0	0	0	0
LK-5306010	Pulmoddai Division No. 3	Pulmoddai Division No 03	GND	472	9	0	0	0	0	0
LK-5306015	Pulmoddai Division No. 2	Pulmoddai Division No 02	GND	632	12	0	0	0	2	0
LK-5306020	Pulmoddai Division No. 1	Pulmoddai Division No 01	GND	1362	42	0	0	0	0	7
LK-5306025	Pulmoddai Division No. 4	Pulmoddai Division No 04	GND	1078	24	0	0	0	0	0
LK-5306030	Thiriyaya	Thiriyai	GND	181	8	0	0	0	0	0
LK-5306035	Senthoor	Senthoor	GND	399	20	3	0	0	0	0
LK-5306040	Kaddukulam	Kaddukulam	GND	134	2	0	0	0	0	0
LK-5306045	Kallampattu	Kallampattai	GND	55	4	0	0	0	0	0
LK-5306050	Kuchchaveli	Kuchchaveli	GND	171	2	0	0	0	0	0
LK-5306055	Iranaikerni	Iranaikerni	GND	139	7	0	0	0	0	0
LK-5306060	Veerancholai	Veerancholai	GND	82	14	0	0	0	0	0
LK-5306065	Jayanagar	Jayanagar	GND	628	8	0	0	0	0	0
LK-5306070	Cassimnagar	Cassimnagar	GND	337	9	0	0	0	0	0
LK-5306075	Kumburupiddy South	Kumburupiddy South	GND	218	15	0	0	0	0	1
LK-5306080	Kumburupiddy North	Kumburupiddy North	GND	126	6	0	0	0	0	0
LK-5306085	Kumburupiddy East	Kumburupiddy East	GND	872	31	0	0	0	0	3
LK-5306090	Nilaveli	Nilaveli	GND	249	1	1	0	0	0	0
LK-5306095	Irakkandy	Irakkandy	GND	765	4	0	0	0	0	1
LK-5306100	Gopalapuram	Gopalapuram	GND	618	16	0	0	0	0	11
LK-5306105	Veloor	Veloor	GND	459	20	0	0	0	0	0
LK-5306110	Iqbalnagar	Iqbalnagar	GND	1074	22	0	0	0	0	1
LK-5306115	Periyakulam	Periyakulam	GND	456	7	0	0	0	0	0
LK-5306120	Vallaiyoothu	Valayoothu	GND	408	23	0	0	0	0	0
LK-5309	Gomarankadawala	Gomarankadawala	DSD	2371	94	1	1	0	0	0
LK-5309005	Gomarankadawala	Gomarankadawala	GND	255	4	0	0	0	0	0
LK-5309010	Kalyanapura	Kalyanapura	GND	338	3	1	0	0	0	0
LK-5309015	Galkadawala	Galkadawala	GND	317	16	0	0	0	0	0
LK-5309020	Pamburugaswewa	Pamburugaswewa	GND	92	4	0	0	0	0	0
LK-5309025	Kandamalawa	Kandamalawa	GND	330	5	0	0	0	0	0
LK-5309030	Medawachchiya	Madawachchiya	GND	159	4	0	0	0	0	0
LK-5309035	Kivulakadawala	Kivulakadawala	GND	319	17	0	1	0	0	0
LK-5309040	Pulikandikulama	Pulikandikulama	GND	155	4	0	0	0	0	0
LK-5309045	Mailawewa	Mailawewa	GND	189	9	0	0	0	0	0
LK-5309050	Bakmeegama	Bakmeegama	GND	217	28	0	0	0	0	0
LK-5312	Morawewa	Morawewa	DSD	2672	74	1	1	0	0	4
LK-5312005	Peniketiyawa	Peniketiyawa	GND	600	16	0	0	0	0	1
LK-5312010	Mahadivulwewa	Mahadivulwewa Stage I	GND	589	13	0	1	0	0	0
LK-5312015	Mahadiulwewa Stage 2	Mahadivulwewa Stage II	GND	279	9	1	0	0	0	3
LK-5312020	Nochchikulama	Nochchikulama	GND	274	8	0	0	0	0	0
LK-5312025	Morawewa South	Morawewa South	GND	258	5	0	0	0	0	0
LK-5312030	Morawewa North	Morawewa North	GND	209	3	0	0	0	0	0
LK-5312035	Awvainagar	Awvainagar	GND	73	5	0	0	0	0	0
LK-5312040	Namalwatta	Namalwatta	GND	152	5	0	0	0	0	0
LK-5312045	Kithuluthuwa	Kithuluthuwa	GND	159	9	0	0	0	0	0
LK-5312050	Morawewa Pankulama	Pankulama	GND	79	1	0	0	0	0	0
LK-5315	Town & Gravets	Trincomalee Town and Gravets	DSD	27165	429	11	8	0	7	48
LK-5315005	Wilgama	Wilgama	GND	122	2	0	0	0	0	8
LK-5315010	Welveri	Welveri	GND	1	0	0	0	0	0	0
LK-5315015	Kanniya	Kanniya	GND	219	12	0	0	0	0	0
LK-5315020	Eluppaikulam	Eluppaikulam	GND	478	16	0	1	0	0	3
LK-5315025	Sampalthivu	Sampalthivu	GND	643	9	0	0	0	0	2
LK-5315030	Salli	Salli	GND	595	15	2	0	0	0	0
LK-5315035	Uppuveli	Uppuveli	GND	433	3	0	0	0	0	0
LK-5315040	Puliyankulam	Puliyankulam	GND	1778	36	1	0	0	0	2
LK-5315045	Varodayanagar	Varothayanagar	GND	722	7	1	0	0	0	0
LK-5315050	Peeliyady	Peeliyady	GND	250	9	0	1	0	0	1
LK-5315055	Mankaiyoottu	Mankaiyoottu	GND	437	15	0	0	0	0	1
LK-5315060	Andankulam	Andankulama	GND	814	6	0	0	0	0	2
LK-5315065	Singhapura	Singhapura	GND	612	16	0	0	0	0	0
LK-5315070	Kovilady	Kovilady	GND	427	10	0	0	0	0	0
LK-5315075	Palaiyoottu	Palaiyoottu	GND	577	6	0	0	0	1	1
LK-5315080	Abayapura	Abayapura	GND	1132	8	1	0	0	0	0
LK-5315085	Anpuvalipuram	Anpuvalipuram	GND	1070	16	0	0	0	0	0
LK-5315090	Mihindupura	Mihindupura	GND	344	3	0	0	0	0	5
LK-5315095	Selvanayahapuram	Selvanayahapuram	GND	629	6	0	1	0	0	0
LK-5315100	Jinnanagar	Jinnanagar	GND	730	2	0	0	0	0	0
LK-5315105	Murugapuri	Murugapuri	GND	841	7	0	0	0	0	1
LK-5315110	Thirukkadaloor	Thirukadaloor	GND	894	9	1	0	0	0	0
LK-5315115	Pattanatheru	Pattanatheru	GND	211	2	1	0	0	0	0
LK-5315120	Peruntheru	Peruntheru	GND	359	1	0	0	0	0	0
LK-5315125	Sivapuri	Sivapuri	GND	892	8	0	0	0	1	0
LK-5315130	Linganagar	Linganagar	GND	838	12	2	1	0	1	2
LK-5315135	Mudcove	Mudcove	GND	613	17	0	0	0	0	7
LK-5315140	Poompuhar	Poompuhar	GND	913	26	0	1	0	0	0
LK-5315145	Sumedhankarapura	Sumedhankarapura	GND	1090	19	0	0	0	0	1
LK-5315150	Muththunagar	Muththunagar	GND	246	28	0	2	0	0	0
LK-5315155	Kappalthurai	Kappalthurai	GND	486	35	0	0	0	0	0
LK-5315160	Kawattikuda	Kavattikudah	GND	771	8	0	0	0	0	2
LK-5315165	Nachchikuda	Nachchikuda	GND	512	11	0	0	0	0	3
LK-5315170	Wellaimanal	Wellaimanal	GND	985	20	0	1	0	1	3
LK-5315175	Chinabay	Chaina Bay	GND	484	4	0	0	0	0	0
LK-5315180	Orr's Hill	Orr's Hill	GND	1249	11	0	0	0	0	0
LK-5315185	Thillainagar	Thillainagar	GND	500	1	0	0	0	2	0
LK-5315190	Arasadi	Arasadi	GND	541	3	2	0	0	1	1
LK-5315195	Manayaveli	Manayaweli	GND	1132	5	0	0	0	0	2
LK-5315200	Sonagavadi	Sonagavadi	GND	585	1	0	0	0	0	0
LK-5315205	Arunagirinagar	Arunagirinagar	GND	436	3	0	0	0	0	0
LK-5315210	Villundy	Villundy	GND	574	1	0	0	0	0	1
LK-5318	Thambalagamuwa	Thambalagamuwa	DSD	9151	301	4	3	0	2	44
LK-5318005	Galmetiyawa North	Galmetiyawa North	GND	689	12	0	1	0	0	1
LK-5318010	Palampoddaru	Palampottaru	GND	334	39	0	0	0	0	0
LK-5318015	Puthukudiyirippu	Puthukudiyirippu	GND	411	21	1	0	0	0	0
LK-5318020	Pokkuruni	Pokkuruni	GND	347	3	0	0	0	0	0
LK-5318025	Meeranagar	Meeranagar	GND	1091	39	0	0	0	0	11
LK-5318030	Sirajnagar	Siraj Nagar	GND	1508	60	0	0	0	0	5
LK-5318035	Kovil Kudiyiruppu	Kovil Kudiyiruppu	GND	115	5	0	0	0	0	0
LK-5318040	Thampalagauwa	Thambalagamuwa	GND	377	8	0	0	0	0	0
LK-5318045	Mollipothana North	Mollipothana North	GND	1203	56	3	0	0	1	0
LK-5318050	Galmetiyawa South	Galmetiyawa South	GND	887	11	0	2	0	0	14
LK-5318055	Mollipothana	Mollipothana	GND	1753	19	0	0	0	0	13
LK-5318060	Mollipothana East	Mollipothana East	GND	436	28	0	0	0	1	0
LK-5321	Kantale	Kanthale	DSD	14138	266	4	3	1	0	87
LK-5321005	Vendrasanpura Unit 16	Vendrasanpura Unit 16	GND	548	9	0	0	0	0	2
LK-5321010	Ganthalawa Unit 12	Ganthalawa Unit 12	GND	291	2	0	0	0	0	4
LK-5321015	Ganthalawa Unit 11	Ganthalawa Unit 11	GND	282	4	0	0	0	0	0
LK-5321020	Wanela East	Wanela East	GND	517	8	1	0	0	0	7
LK-5321025	Wanela West	Wanela  West	GND	291	2	0	0	0	0	2
LK-5321030	Pansalgodella	Pansalgodella	GND	404	6	0	0	0	0	0
LK-5321035	Sooriyapura	Sooriyapura	GND	443	13	0	0	0	0	2
LK-5321040	Jayanthipura	Jayanthipura	GND	849	18	0	0	0	0	2
LK-5321045	Rajaela Unit 04	Rajaela Unit 04	GND	541	9	0	0	0	0	0
LK-5321050	Rajaela Unit 05	Rajaela Unit 05	GND	321	0	0	0	0	0	0
LK-5321055	Vendrasanpura Unit 15	Vendrasanpura Unit 15	GND	514	7	0	0	0	0	3
LK-5321060	Vendrasanpura Unit 14	Vendrasanpura Unit 14	GND	657	11	0	0	0	0	1
LK-5321065	Bhathiyagama	Bhathiyagama	GND	1716	28	1	0	0	0	10
LK-5321070	Rajaela Unit 03	Rajaela Unit 03	GND	305	1	0	0	0	0	0
LK-5321075	Peraru Unit 02	Peraru Unit 02	GND	474	5	0	0	0	0	0
LK-5321080	Peraru East	Peraru East	GND	737	16	0	0	1	0	35
LK-5321085	Peraru West	Peraru West	GND	1030	33	0	0	0	0	5
LK-5321090	Kantale Town South	Kanthale Town South	GND	683	8	0	0	0	0	0
LK-5321095	Kantale Town	Kanthale Town	GND	829	23	1	0	0	0	2
LK-5321100	Agbopura	Agbopura	GND	990	8	0	0	0	0	9
LK-5321105	Batukachchiya	Batukachchiya	GND	659	15	0	0	0	0	1
LK-5321110	Rajawewa	Rajawewa	GND	892	34	0	1	0	0	1
LK-5321115	Seenipura	Seenipura	GND	165	6	1	2	0	0	1
LK-5324	Kinniya	Kinniya	DSD	21202	764	20	3	1	8	141
LK-5324005	Munaichenai	Munaichenai	GND	1140	31	1	0	0	0	20
LK-5324010	Maniarasankulam	Maniarasankulam	GND	354	25	0	0	0	0	0
LK-5324015	Mancholai	Mancholai	GND	663	18	0	0	0	0	3
LK-5324020	Malinthurai	Malinthurai	GND	339	6	0	0	0	0	0
LK-5324025	Majeed Nagar	Majeed Nagar	GND	249	19	0	0	0	0	0
LK-5324030	Maharoof Gramam	Maharoof Gramam	GND	1038	63	1	1	0	1	28
LK-5324035	Maharuf Nagar	Maharuf Nagar	GND	882	25	0	0	0	0	1
LK-5324040	Ayiliyady	Ayiliyady	GND	950	44	0	0	0	1	4
LK-5324045	Annalnagar	Annal Nagar	GND	940	9	0	0	0	0	3
LK-5324050	Alankerny	Alankerny	GND	377	16	0	0	0	0	0
LK-5324055	Ehutharnagar	Ehuthar  Nagar	GND	378	6	0	0	0	0	0
LK-5324060	Echchanthivu	Echchanthivu	GND	151	14	0	0	0	0	0
LK-5324065	Kuddikarachchi	Kuddikarachchi	GND	586	2	0	0	0	0	1
LK-5324070	Kurinchakerny	Kurinchakerny	GND	764	42	0	1	0	0	3
LK-5324075	Mancholaichenai	Mancholaichenai	GND	1112	7	1	1	0	1	17
LK-5324080	Naduuttu	Nadoottu	GND	1043	73	0	0	0	2	19
LK-5324085	Naduthivu	Naduthivu	GND	826	33	0	0	0	0	5
LK-5324090	Periya Kinniya	Periya Kinniya	GND	311	1	0	0	0	0	0
LK-5324095	Periyathumunai	Periyaththumunai	GND	432	12	0	0	0	0	1
LK-5324100	Poovarasanthivu	Poovarasanthivu	GND	432	52	0	0	0	0	0
LK-5324105	Kinniya	Kinniya	GND	409	7	0	0	0	0	0
LK-5324110	Idiman	Idiman	GND	603	11	0	0	0	0	0
LK-5324115	Faizalnagar	Faizal Nagar	GND	2085	81	2	0	1	1	3
LK-5324120	Kachchakodithivu	Kachchekoditheevu	GND	1123	17	0	0	0	0	5
LK-5324125	Kattaiaru	Kattaiaru	GND	307	4	0	0	0	0	3
LK-5324130	Kakkamunai	Kakamunai	GND	1103	41	0	0	0	1	0
LK-5324135	Rahumaniyanagar	Rahumaniya Nagar	GND	561	5	0	0	0	0	0
LK-5324140	Samavachchathivu	Samavechchativu	GND	582	24	0	0	0	0	10
LK-5324145	Sinna Kinniya	Sinna Kinniya	GND	524	6	8	0	0	0	0
LK-5324150	Soorangal	Soorangal	GND	810	51	7	0	0	0	0
LK-5324155	Upparu	Upparu	GND	128	19	0	0	0	1	15
LK-5327	Muthur	Muttur	DSD	18578	845	9	5	4	2	59
LK-5327005	Sampoor West	Sampoor West	GND	471	21	0	0	0	0	2
LK-5327010	Koonitivu	Koonitivu	GND	106	0	0	0	0	0	0
LK-5327015	Navarathnapuram	Navarathnapuram	GND	91	1	0	0	0	0	0
LK-5327020	Sampoor East	Sampoor East	GND	297	8	0	0	0	0	0
LK-5327025	Kadarkaraichenai	Kadarkaraichenai	GND	565	53	0	0	1	0	4
LK-5327030	Kaddaiparichchan North	Kaddaiparichchan North	GND	301	15	1	0	0	0	2
LK-5327035	Thaqwanagar	Thaqwa Nagar	GND	695	9	0	0	0	0	3
LK-5327040	Muthur East	Muttur East	GND	932	15	0	0	0	0	1
LK-5327045	Naduthivu	Naduthivu	GND	780	33	0	0	0	0	0
LK-5327050	Thahanagar	Thaha Nagar	GND	351	4	0	0	0	0	0
LK-5327055	Muthur Central	Muttur Central	GND	124	2	0	0	0	0	0
LK-5327060	Muthur West	Muttur West	GND	259	13	0	0	0	0	0
LK-5327065	Ralkully	Ralkully	GND	337	35	0	0	0	0	1
LK-5327070	Shafinagar	Shaffi Nagar	GND	530	11	0	0	0	0	0
LK-5327075	Periyapalam	Periyapalam	GND	849	7	1	0	0	0	0
LK-5327080	Jayanagar	Jayanagar	GND	815	11	0	0	3	0	2
LK-5327085	Alimnagar	Alimnagar	GND	640	17	1	0	0	0	0
LK-5327090	Anaichenai	Anaichenai	GND	430	9	1	0	0	0	0
LK-5327095	Neithalnagar	Neithal Nagar	GND	914	13	1	0	0	0	1
LK-5327100	Palanagar	Palanagar	GND	629	13	1	1	0	0	0
LK-5327105	Kaddaiparichchan South	Kaddaiparichchan South	GND	674	43	0	0	0	0	2
LK-5327110	Pallikudiyiruppu	Pallikkudiyiruppu	GND	564	48	0	0	0	0	0
LK-5327115	Chenaiyoor	Chenaiyoor	GND	410	68	0	1	0	0	0
LK-5327120	Paddalipuram	Paddalipuram	GND	586	78	0	0	0	0	1
LK-5327125	Nalloor	Nalloor	GND	215	46	0	3	0	0	0
LK-5327130	Iqbal Nagar	Iqbal Nagar	GND	379	10	0	0	0	0	0
LK-5327135	Allainagar East	Allainagar East	GND	573	20	0	0	0	0	0
LK-5327140	Allainagar West	Allainagar West	GND	572	6	0	0	0	0	1
LK-5327145	Thoppur	Thoppur	GND	306	2	0	0	0	0	0
LK-5327150	Palathoppur	Palathoppur	GND	562	19	0	0	0	0	2
LK-5327155	Jinna Nagar	Jinna Nagar	GND	376	23	0	0	0	1	13
LK-5327160	Iruthayapuram	Iruthayapuram	GND	339	15	0	0	0	0	0
LK-5327165	Peruveli	Peruveli	GND	351	35	0	0	0	0	6
LK-5327170	Malligaithivu	Mallikaithivu	GND	182	9	0	0	0	0	0
LK-5327175	Paddithidal	Paddithidal	GND	267	17	0	0	0	0	11
LK-5327180	Palathadichenai	Palathadichenai	GND	220	14	0	0	0	0	5
LK-5327185	Jinna Nagar	Jinna Nagar	GND	428	26	0	0	0	0	2
LK-5327190	Azathnagar	Assathnagar	GND	332	15	0	0	0	1	0
LK-5327195	Bharathipuram	Barathipuram	GND	391	23	0	0	0	0	0
LK-5327200	Kiliveddi	Kiliveddi	GND	193	4	1	0	0	0	0
LK-5327205	Mengamam	Mengamam	GND	230	20	2	0	0	0	0
LK-5327210	Kanguvely	Kanguvely	GND	312	14	0	0	0	0	0
LK-5330	Seruvila	Seruvila	DSD	4528	147	2	3	1	0	23
LK-5330005	Neelapola	Neelapola	GND	208	3	2	1	0	0	1
LK-5330010	Samagipura	Samagipura	GND	239	5	0	0	0	0	0
LK-5330015	Sivapuram	Sivapuram	GND	97	0	0	0	0	0	0
LK-5330020	Dehiwatta	Dehiwatta	GND	186	7	0	0	0	0	0
LK-5330025	Thanganagar	Thanganagar	GND	345	27	0	1	0	0	3
LK-5330030	Kavanthissapura	Kavanthissapura	GND	265	2	0	0	0	0	1
LK-5330035	Seruvila	Seruvila	GND	136	4	0	0	0	0	0
LK-5330040	Navatkernikadu	Navatkernikadu	GND	842	33	0	0	0	0	8
LK-5330045	Sumedhankarapura	Sumedhankarapura	GND	113	5	0	0	0	0	0
LK-5330050	Mahindapura	Mahindapura	GND	126	4	0	0	0	0	0
LK-5330055	Serunuwara	Serunuwara	GND	706	30	0	0	0	0	3
LK-5330060	Mahaweligama	Mahaweligama	GND	364	1	0	0	0	0	2
LK-5330065	Lingapuram	Lingapuram	GND	181	4	0	0	1	0	0
LK-5330070	Ariyamankerni	Ariyamankerni	GND	166	14	0	0	0	0	0
LK-5330075	Sirimangalapura	Sirimangalapura	GND	307	5	0	0	0	0	0
LK-5330080	Somapura	Somapura	GND	247	3	0	1	0	0	5
LK-5333	Verugal	Verugal (Eachchilampattu)	DSD	3575	320	4	2	0	3	56
LK-5333005	Ilangaithurai	Ilangaithurai	GND	197	13	3	0	0	0	5
LK-5333010	Ilangaithurai Mugathuvaram	Ilangaithurai Mugathuvaram	GND	530	33	0	0	0	1	13
LK-5333015	Karukkamunai	Karukkamunai	GND	275	27	0	0	0	0	1
LK-5333020	Poonagar	Poonagar	GND	455	23	0	0	0	2	0
LK-5333025	Poomarathadichenai	Poomarathadichenai	GND	264	15	0	0	0	0	0
LK-5333030	Echchalampattu	Eachchilampattu	GND	240	13	0	0	0	0	0
LK-5333035	Verugal	Verugal	GND	437	61	1	2	0	0	31
LK-5333040	Anaithivu	Anaitheevu	GND	450	25	0	0	0	0	1
LK-5333045	Verugal Mugathuvaram	Verugal Mugathuvaram	GND	500	70	0	0	0	0	2
LK-5333050	Uppooral	Uppooral	GND	227	40	0	0	0	0	3
LK-6	North Western	North Western	PROVINCE	729060	13132	553	1252	28	164	1004
LK-61	Kurunegala	Kurunegala	DISTRICT	501299	8332	313	509	4	37	672
LK-6103	Giribawa	Giribawa	DSD	10205	271	11	22	0	1	12
LK-6103005	Jayanthipura	Jayanthipura	GND	256	12	0	1	0	0	0
LK-6103010	Bambare	Bambare	GND	362	0	0	2	0	0	0
LK-6103015	Sandagala Palatha	Sandagala Palatha	GND	308	3	0	0	0	0	0
LK-6103020	Perakumpura	Perakumpura	GND	442	4	0	0	0	0	0
LK-6103025	Solepura	Solepura	GND	352	7	0	1	0	0	0
LK-6103030	Halmillagala	Halmillagala	GND	249	8	1	0	0	0	1
LK-6103035	Thimbiripokuna	Thimbiripokuna	GND	245	2	0	0	0	0	0
LK-6103040	Serasumgala	Serasumgala	GND	196	1	0	0	0	0	0
LK-6103045	Kokmaduwa	Kokmaduwa	GND	201	11	1	4	0	0	1
LK-6103050	Orugala	Orugala	GND	342	6	0	1	0	0	0
LK-6103055	Mahasenpura	Mahasenpura	GND	240	2	0	0	0	0	0
LK-6103060	Weerapokuna	Weerapokuna	GND	342	12	0	0	0	0	0
LK-6103065	Hasthirajapura	Hasthirajapura	GND	397	16	0	0	0	1	1
LK-6103070	Thammitagama	Thammitagama	GND	186	15	1	2	0	0	0
LK-6103075	Damsopura	Damsopura	GND	331	16	1	2	0	0	2
LK-6103080	Solewewa	Solewewa	GND	545	30	0	0	0	0	0
LK-6103085	Pathane Wewa	Pathane Wewa	GND	280	4	0	0	0	0	0
LK-6103090	Abhayapura	Abhayapura	GND	189	0	0	0	0	0	0
LK-6103095	Sangabopura	Sangabopura	GND	283	8	0	2	0	0	0
LK-6103100	Gurulupitigama	Gurulupitigama	GND	489	12	0	1	0	0	0
LK-6103105	Warawewa	Warawewa	GND	396	21	0	0	0	0	0
LK-6103110	Pothana	Pothana	GND	267	11	1	1	0	0	0
LK-6103115	Pahala Giribawa	Pahala Giribawa	GND	230	1	0	1	0	0	0
LK-6103120	Ihala Giribawa	Ihala Giribawa	GND	326	8	0	1	0	0	0
LK-6103125	Weragala	Weragala	GND	108	7	0	1	0	0	0
LK-6103130	Ihala Maradankadawala	Ihala Maradankadawala	GND	186	5	0	0	0	0	2
LK-6103135	Hettiarachchigama	Hettiarachchigama	GND	311	3	0	0	0	0	2
LK-6103140	Gampola	Gampola	GND	126	1	5	0	0	0	0
LK-6103145	Aliyawetunuwewa	Aliyawetunuwewa	GND	349	8	1	0	0	0	1
LK-6103150	Thambutta	Thambutta	GND	201	4	0	0	0	0	1
LK-6103155	Thammennawa	Thammennawa	GND	144	0	0	0	0	0	0
LK-6103160	Mailewa	Mailewa	GND	216	2	0	0	0	0	0
LK-6103165	Madige	Madige	GND	431	12	0	2	0	0	1
LK-6103170	Wannikudawewa	Wannikudawewa	GND	323	10	0	0	0	0	0
LK-6103175	Sangappalaya	Sangappalaya	GND	356	9	0	0	0	0	0
LK-6106	Galgamuwa	Galgamuwa	DSD	17623	379	7	13	0	4	10
LK-6106005	Medagama West	Medagama	GND	494	13	0	0	0	0	0
LK-6106010	Walagambapura	Walagambapura	GND	244	9	0	1	0	0	1
LK-6106015	Gemunupura	Gemunupura	GND	156	2	0	0	0	0	0
LK-6106020	Ethiniwetunugala	Ethiniwetunugala	GND	311	15	0	0	0	0	2
LK-6106025	Thissapura	Thissapura	GND	238	3	0	0	0	0	0
LK-6106030	Medagama East	Medagama East	GND	241	13	0	0	0	0	0
LK-6106035	Senarathgama	Senarathgama	GND	239	8	0	2	0	1	0
LK-6106040	Kumbukwewa	Kumbukwewa	GND	176	0	0	0	0	0	0
LK-6106045	Mahagalkadawala	Mahagalkadawala	GND	361	7	0	1	0	0	0
LK-6106050	Usgala Siyambalangamuwa	Usgala Siyambalangamuwa	GND	240	5	0	0	0	0	0
LK-6106055	Kepela	Kepela	GND	315	4	0	0	0	0	1
LK-6106060	Bandaragama	Bandaragama	GND	420	3	0	0	0	0	0
LK-6106065	Ganangamuwa	Ganangamuwa	GND	436	5	0	1	0	0	0
LK-6106070	Padavigama	Padavigama	GND	495	9	0	0	0	0	1
LK-6106075	Meegalewa	Meegalewa	GND	644	2	0	1	0	0	0
LK-6106080	Lassanagama	Lassanagama	GND	240	2	0	0	0	0	0
LK-6106085	Track 4 Usgala	Track 4 Usgala	GND	163	6	0	0	0	0	0
LK-6106090	Jayalanda	Jayalanda	GND	304	1	0	0	0	0	0
LK-6106095	Padipanchawa	Padipanchawa	GND	265	13	0	0	0	0	0
LK-6106100	Buduruwakanda	Buduruwakanda	GND	365	3	1	0	0	0	0
LK-6106105	Kallanchiya	Kallanchiya	GND	203	2	0	1	0	0	0
LK-6106110	Molewa	Molewa	GND	251	2	0	0	0	0	0
LK-6106115	Nochchiya	Nochchiya	GND	228	1	0	0	0	0	0
LK-6106120	Kohombankulama	Kohombankulama	GND	397	9	0	0	0	0	1
LK-6106125	Ihala Nanneriya	Ihala Nanneriya	GND	253	2	0	0	0	0	0
LK-6106130	Ihalagama	Ihalagama	GND	255	7	0	0	0	0	0
LK-6106135	Ihala Palukandewa	Ihala Palukandewa	GND	359	12	0	0	0	0	0
LK-6106140	Pahala Palukandewa	Pahala Palukandewa	GND	407	9	0	0	0	0	0
LK-6106145	Monnankulama	Monnankulama	GND	481	1	0	0	0	0	0
LK-6106150	Divullewa	Divullewa	GND	329	13	0	0	0	0	0
LK-6106155	Kurundankulama	Kurundankulama	GND	311	1	0	0	0	0	0
LK-6106160	Kelegama	Kelegama	GND	204	6	0	0	0	0	0
LK-6106165	Siyambalewa	Siyambalewa	GND	210	6	0	0	0	0	0
LK-6106170	Walaswewa	Walaswewa	GND	235	15	0	0	0	0	0
LK-6106175	Porottukadawala	Porottukadawala	GND	145	3	0	0	0	0	0
LK-6106180	Bulnewa	Bulnewa	GND	310	10	1	0	0	0	1
LK-6106185	Ulpathagama	Ulpathagama	GND	263	8	2	0	0	0	0
LK-6106190	Kokwewa	Kokwewa	GND	277	9	1	0	0	1	0
LK-6106195	Mahagalgamuwa	Mahagalgamuwa	GND	502	14	0	0	0	0	0
LK-6106200	Galgamuwa Town	Galgamuwa Town	GND	278	4	0	0	0	1	0
LK-6106205	Aluthherathgama	Aluthherathgama	GND	215	0	0	0	0	0	1
LK-6106210	Mottapettewa	Mottapettewa	GND	189	2	0	0	0	0	0
LK-6106215	Karuwalagaswewa	Karuwalagaswewa	GND	264	14	0	0	0	0	0
LK-6106220	Jayabima	Jayabima	GND	303	1	0	0	0	0	0
LK-6106225	Palugolla	Palugolla	GND	170	0	0	0	0	0	0
LK-6106230	Mahananneriya North	Mahananneriya North	GND	249	4	0	0	0	0	0
LK-6106235	Mahananneriya South	Mahananneriya South	GND	185	2	0	1	0	1	0
LK-6106240	Wewaranawetiya	Wewaranawetiya	GND	245	4	0	0	0	0	0
LK-6106245	Nallachchiya	Nallachchiya	GND	273	12	1	1	0	0	0
LK-6106250	Madawachchiya	Medawachchiya	GND	145	12	0	0	0	0	0
LK-6106255	Peddegama	Peddogama	GND	151	5	0	0	0	0	0
LK-6106260	Katuwewa	Katuwewa	GND	268	6	0	1	0	0	0
LK-6106265	Thorawa	Thorawa	GND	272	4	0	0	0	0	0
LK-6106270	Nahettikulama	Nahettikulama	GND	272	3	0	0	0	0	0
LK-6106275	Wadugama	Wadugama	GND	386	2	0	1	0	0	1
LK-6106280	Konwewa	Konwewa	GND	263	5	0	0	0	0	1
LK-6106285	Kattakaduwa	Kattakaduwa	GND	334	19	0	0	0	0	0
LK-6106290	Ganedivulwewa	Ganedivulwewa	GND	238	7	0	1	0	0	0
LK-6106295	Wegedara	Wegedara	GND	185	9	1	0	0	0	0
LK-6106300	Madadombe	Madadombe	GND	199	7	0	0	0	0	0
LK-6106305	Kurundewa	Kurundewa	GND	256	3	0	1	0	0	0
LK-6106310	Palukadawala	Palukadawala	GND	316	1	0	0	0	0	0
LK-6109	Ehetuwewa	Ehetuwewa	DSD	8037	182	1	15	0	0	15
LK-6109005	Medinnoruwa	Medinnoruwa	GND	296	6	0	0	0	0	0
LK-6109010	Mahawelithenna	Mahaweli Thenna	GND	275	1	0	0	0	0	0
LK-6109015	Andarawewa	Andarawewa	GND	242	4	0	0	0	0	0
LK-6109020	Bongama	Bongama	GND	279	11	0	2	0	0	2
LK-6109025	Katugampalagama	Katugampalagama	GND	293	13	0	0	0	0	0
LK-6109030	Mahakathnoruwa	Maha Kathnoruwa	GND	162	1	0	0	0	0	0
LK-6109035	Weliyawa	Weliyawa	GND	235	11	0	2	0	0	0
LK-6109040	Makulewa	Makulewa	GND	164	6	0	0	0	0	0
LK-6109045	Vikadenigama	Vikadenigama	GND	167	2	1	1	0	0	0
LK-6109050	Kathnoruwa	Kuda Kathnoruwa	GND	212	3	0	0	0	0	0
LK-6109055	Wedinigama	Wedinigama	GND	181	6	0	0	0	0	0
LK-6109060	Pothanegama	Pothanegama	GND	208	13	0	4	0	0	0
LK-6109065	Mudiyannegama	Mudiyannegama	GND	252	4	0	0	0	0	0
LK-6109070	Divulgane	Divulgane	GND	164	0	0	0	0	0	0
LK-6109075	Ihala Digana	Ihala Digana	GND	266	6	0	0	0	0	0
LK-6109080	Nithalawa	Nithalawa	GND	149	4	0	1	0	0	3
LK-6109085	Galapitadigana	Galapitadigana	GND	204	0	0	0	0	0	0
LK-6109090	Ethinimale	Ethinimole	GND	263	8	0	0	0	0	0
LK-6109095	Rathnadivulwewa	Ratnadivulwewa	GND	285	5	0	0	0	0	0
LK-6109100	Nithogama	Nithogama	GND	243	1	0	0	0	0	0
LK-6109105	Hiddewa	Hiddewa	GND	295	2	0	0	0	0	3
LK-6109110	Kaduruwewa	Kaduruwewa	GND	166	0	0	0	0	0	0
LK-6109115	Ihala Embogama	Ihala Embogama	GND	232	6	0	0	0	0	1
LK-6109120	Maha Embogama	Maha Embogama	GND	198	3	0	1	0	0	0
LK-6109125	Ehetuwewa	Ehetuwewa	GND	284	4	0	0	0	0	0
LK-6109130	Nakolagane	Nakolagane	GND	206	7	0	0	0	0	0
LK-6109135	Veheragodayaya	Veheragodayaya	GND	181	5	0	0	0	0	0
LK-6109140	Yaddessawa	Yaddessawa	GND	205	4	0	1	0	0	1
LK-6109145	Atharagalla	Atharagalla	GND	243	5	0	0	0	0	0
LK-6109150	Gurugoda	Gurugoda	GND	337	10	0	1	0	0	0
LK-6109155	Eriyawa	Eriyawa	GND	312	9	0	0	0	0	0
LK-6109160	Hunugallewa	Hunugallewa	GND	269	4	0	2	0	0	0
LK-6109165	Thimbiriyawa	Thimbiriyawa	GND	183	7	0	0	0	0	1
LK-6109170	Walathwewa	Walathwewa	GND	160	3	0	0	0	0	4
LK-6109175	Nabadewa	Nabadewa	GND	226	8	0	0	0	0	0
LK-6112	Ambanpola	Ambanpola	DSD	7699	158	3	11	0	1	3
LK-6112005	Kasikote West	Kasikote West	GND	273	9	0	1	0	0	0
LK-6112010	Kasikote East	Kasikote East	GND	207	5	0	0	0	0	0
LK-6112015	Belungala	Belungala	GND	384	4	0	0	0	0	0
LK-6112020	Abakolawewa North	Abakolawewa North	GND	185	9	0	1	0	0	0
LK-6112025	Amunugama	Amunugama	GND	388	6	0	0	0	0	0
LK-6112030	Ambanpola North	Ambanpola North	GND	508	11	0	0	0	0	0
LK-6112035	Nelumpathwewa	Nelumpathwewa	GND	335	17	0	0	0	0	0
LK-6112040	Maha Divulwewa	Maha Divulwewa	GND	220	5	1	1	0	0	0
LK-6112045	Ranoruwa	Ranoruwa	GND	152	1	0	0	0	0	0
LK-6112050	Uda Divulwewa	Uda Divulwewa	GND	219	6	0	0	0	0	0
LK-6112055	Ellabadagama	Ellabadagama	GND	331	5	0	3	0	0	0
LK-6112060	Ambanpola South	Ambanpola South	GND	325	4	0	0	0	0	0
LK-6112065	Kirimetiyawa	Kirimetiyawa	GND	334	3	0	0	0	0	0
LK-6112070	Abakolawewa South	Abakolawewa South	GND	179	2	0	0	0	1	1
LK-6112075	Serugoda	Serugoda	GND	209	8	0	0	0	0	0
LK-6112080	Mediyawa	Mediyawa	GND	334	5	1	0	0	0	0
LK-6112085	Dethawa	Dethawa	GND	242	5	0	0	0	0	0
LK-6112090	Udangawa	Udangawa	GND	429	8	0	0	0	0	0
LK-6112095	Waragammana	Waragammana	GND	248	0	0	0	0	0	0
LK-6112100	Borawewa	Borawewa	GND	181	7	0	2	0	0	0
LK-6112105	Bakmeewewa	Bakmeewewa	GND	184	5	0	0	0	0	0
LK-6112110	Walaliya	Walaliya	GND	249	3	1	1	0	0	1
LK-6112115	Palapathwala	Palapathwala	GND	201	5	0	1	0	0	0
LK-6112120	Kettapahuwa	Kettapahuwa	GND	369	5	0	0	0	0	1
LK-6112125	Rolawa	Rolawa	GND	268	4	0	0	0	0	0
LK-6112130	Udhagama	Udagama	GND	326	11	0	0	0	0	0
LK-6112135	Nekathi Kumbukwewa	Nekathi Kumbukwewa	GND	197	2	0	0	0	0	0
LK-6112140	Wanduressa	Waduressa	GND	222	3	0	1	0	0	0
LK-6115	Kotawehera	Kotavehera	DSD	6840	148	0	18	0	1	8
LK-6115005	Palugolla Track 10 A	Palugolla Track 10 A	GND	285	6	0	2	0	0	0
LK-6115010	Palugolla Track 10 B	Palugolla Track 10 B	GND	232	7	0	1	0	0	0
LK-6115015	Paalu Uswewa	Palu Uswewa	GND	211	5	0	0	0	0	0
LK-6115020	Kumbukwewa	Kumbukwewa	GND	300	13	0	2	0	0	2
LK-6115025	Digannewa	Digannewa	GND	172	6	0	3	0	0	1
LK-6115030	Kelegama	Kelegama	GND	205	6	0	0	0	0	0
LK-6115035	Digannewatta	Digannewatta	GND	134	17	0	0	0	0	0
LK-6115040	Mahamithawa	Maha Mithawa	GND	313	3	0	1	0	0	0
LK-6115045	Aluthgama	Aluthgama	GND	208	2	0	0	0	0	0
LK-6115050	Divullepitiya	Divullepitiya	GND	233	7	0	0	0	0	0
LK-6115055	Meewellewa	Meewellewa	GND	169	5	0	0	0	0	0
LK-6115060	Galkadawala	Galkadawala	GND	263	1	0	0	0	1	0
LK-6115065	Elagammillawa	Elagammillawa	GND	309	10	0	1	0	0	0
LK-6115070	Yakadapatha	Yakadapatha	GND	227	5	0	0	0	0	1
LK-6115075	Kudarawaliya	Kudarawaliya	GND	232	4	0	3	0	0	0
LK-6115080	Moragolla	Moragolla	GND	215	2	0	0	0	0	0
LK-6115085	Kuda Mithawa	Kuda Mithawa	GND	132	1	0	0	0	0	0
LK-6115090	Dehennegama	Dehennegama	GND	220	9	0	0	0	0	1
LK-6115095	Ihala Weeradadana	Ihala Weeradadana	GND	204	3	0	0	0	0	0
LK-6115100	Monnekulama	Monnekulama	GND	194	0	0	0	0	0	0
LK-6115105	Kotavehera	Kotavehera	GND	424	3	0	0	0	0	0
LK-6115110	Maha Kirinda A	Maha Kirinda A	GND	163	2	0	0	0	0	0
LK-6115115	Maha Kirinda B	Maha Kirinda B	GND	213	2	0	0	0	0	1
LK-6115120	Girilla	Girilla	GND	170	1	0	0	0	0	1
LK-6115125	Hidogama	Hidogama	GND	175	2	0	0	0	0	0
LK-6115130	Sirisethagama	Sirisethagama	GND	147	3	0	0	0	0	0
LK-6115135	Nawana	Nawana	GND	152	2	0	0	0	0	0
LK-6115140	Nagala	Nagala	GND	395	7	0	1	0	0	1
LK-6115145	Ithewa	Ithewa	GND	236	7	0	1	0	0	0
LK-6115150	Dodamgollegama	Dodamgollegama	GND	157	2	0	0	0	0	0
LK-6115155	Hulawa	Hulawa	GND	150	5	0	3	0	0	0
LK-6118	Rasnayakapura	Rasnayakapura	DSD	7085	177	5	11	0	0	10
LK-6118005	Koralayagama	Koralayagama	GND	160	5	0	1	0	0	0
LK-6118010	Malpanawa	Malpanawa	GND	137	7	0	1	0	0	0
LK-6118015	Abokkagama	Abokkagama	GND	262	0	0	0	0	0	0
LK-6118020	Kanuketiya	Kanuketiya	GND	223	1	0	0	0	0	0
LK-6118025	Ambale	Ambale	GND	183	4	0	0	0	0	0
LK-6118030	Udunowa	Udunowa	GND	149	4	0	0	0	0	1
LK-6118035	Galpanawa	Galpanawa	GND	144	6	0	0	0	0	0
LK-6118040	Halambe	Halambe	GND	122	0	1	0	0	0	0
LK-6118045	Ottukulama	Ottukulama	GND	243	4	0	0	0	0	0
LK-6118050	Leekolapitiya	Leekolapitiya	GND	230	1	0	0	0	0	1
LK-6118055	Agara Uda	Agara Uda	GND	103	2	0	0	0	0	0
LK-6118060	Udahenegama	Udahenegama	GND	252	10	0	0	0	0	0
LK-6118065	Rambewa	Rambewa	GND	263	1	1	1	0	0	0
LK-6118070	Thalakolawewa	Thalakolawewa	GND	316	6	0	0	0	0	1
LK-6118075	Kanagullewa	Kanagullewa	GND	411	24	1	0	0	0	0
LK-6118080	Rasnayakapura	Rasnayakapura	GND	493	20	0	2	0	0	0
LK-6118085	Kallanchiya	Kallanchiya	GND	229	9	0	1	0	0	0
LK-6118090	Kuruvikulama	Kuruvikulama	GND	182	6	0	0	0	0	0
LK-6118095	Nammuwawa	Nammuwawa	GND	652	15	0	0	0	0	3
LK-6118100	Niraliyadda	Niraliyadda	GND	256	10	1	2	0	0	2
LK-6118105	Ambagammana	Ambagammana	GND	161	4	0	1	0	0	0
LK-6118110	Unagolla	Unagolla	GND	296	5	0	0	0	0	0
LK-6118115	Kongaswalayagama	Kongaswalayagama	GND	271	5	0	0	0	0	0
LK-6118120	Divullewa	Divullewa	GND	245	1	0	0	0	0	0
LK-6118125	Kadigawa Track 1	Kadigawa Track 1	GND	261	4	1	0	0	0	0
LK-6118130	Kadigawa Track 3	Kadigawa Track 3	GND	297	1	0	1	0	0	0
LK-6118135	Subhasinghapura	Subhasinghapura	GND	329	7	0	0	0	0	2
LK-6118140	Magurankadawala	Magurankadawala	GND	215	15	0	1	0	0	0
LK-6121	Nikaweratiya	Nikaweratiya	DSD	12585	271	6	18	0	1	21
LK-6121005	Thumbulla	Thumbulla	GND	340	4	0	1	0	0	1
LK-6121010	Wanduressa	Waduressa	GND	166	0	0	0	0	0	0
LK-6121015	Olupeliyawa	Olupeliyawa	GND	226	1	0	0	0	0	1
LK-6121020	Kandegedara	Kandegedara	GND	304	8	0	0	0	0	2
LK-6121025	Hulugalla	Hulugalla	GND	269	6	0	0	0	1	0
LK-6121030	Mawathagama	Mawathagama	GND	171	2	0	0	0	0	0
LK-6121035	Pinnapolegama	Pinnapolegama	GND	310	11	0	1	0	0	0
LK-6121040	Hulogedara	Hulogedara	GND	277	8	0	1	0	0	0
LK-6121045	Bogollagama	Bogollagama	GND	281	3	0	0	0	0	0
LK-6121050	Dalukgolla	Dalukgolla	GND	271	3	0	0	0	0	0
LK-6121055	Ihakolagama	Ihakolagama	GND	374	6	0	0	0	0	0
LK-6121060	Karakole	Karakole	GND	337	5	0	1	0	0	0
LK-6121065	Hewenpelessa	Hewenpelessa	GND	491	9	1	0	0	0	3
LK-6121070	Kivulegama	Kivulegama	GND	215	4	0	0	0	0	0
LK-6121075	Nabadewa	Nabadewa	GND	332	12	0	0	0	0	1
LK-6121080	Diyagama	Diyagama	GND	236	9	0	2	0	0	5
LK-6121085	Hathigammana	Hathigammana	GND	312	9	0	0	0	0	0
LK-6121090	Kaluwennewa	Kaluwennewa	GND	208	2	0	0	0	0	0
LK-6121095	Heelogama	Heelogama	GND	244	4	0	0	0	0	0
LK-6121100	Kebellewa	Kebellewa	GND	326	12	0	0	0	0	1
LK-6121105	Budumuttawa	Budumuttawa	GND	504	1	0	1	0	0	0
LK-6121110	Galapitiyagama	Galapitiyagama	GND	426	10	1	2	0	0	0
LK-6121115	Nikaweratiya North	Nikaweratiya North	GND	449	8	1	0	0	0	0
LK-6121120	Thimbiriyawa	Thimbiriyawa	GND	245	7	0	0	0	0	0
LK-6121125	Galagedara	Galagedara	GND	315	10	0	0	0	0	3
LK-6121130	Randenigama	Randenigama	GND	251	4	1	0	0	0	0
LK-6121135	Divullegoda	Divullegoda	GND	297	6	0	1	0	0	0
LK-6121140	Siyambalewa	Siyambalewa	GND	230	12	0	3	0	0	0
LK-6121145	Wasiwewa	Wasiwewa	GND	173	3	0	0	0	0	0
LK-6121150	Kirindigalla	Kirindigalla	GND	328	15	0	4	0	0	1
LK-6121155	Othota Divullewa	Othota Divullewa	GND	361	16	0	0	0	0	0
LK-6121160	Halmillewa	Halmillewa	GND	348	4	0	0	0	0	0
LK-6121165	Katagamuwa	Katagamuwa	GND	195	9	0	1	0	0	0
LK-6121170	Kumbukwewa	Kumbukwewa	GND	282	9	0	0	0	0	1
LK-6121175	Elawaka	Elawaka	GND	283	3	0	0	0	0	0
LK-6121180	Magallegama	Magallegama	GND	400	3	0	0	0	0	0
LK-6121185	Millagoda	Millagoda	GND	447	8	0	0	0	0	1
LK-6121190	Nikaweratiya South	Nikaweratiya South	GND	459	1	1	0	0	0	1
LK-6121195	Viharagama	Viharagama	GND	247	2	0	0	0	0	0
LK-6121200	Danduwawa	Danduwawa	GND	160	7	0	0	0	0	0
LK-6121205	Pahala Galapitiyagama	Pahala Galapitiyagama	GND	280	9	1	0	0	0	0
LK-6121210	Tharanagolla	Tharanagolla	GND	215	6	0	0	0	0	0
LK-6124	Maho	Maho	DSD	18651	399	14	30	0	1	21
LK-6124005	Kohombakadawala	Kohombakadawala	GND	180	4	0	0	0	0	0
LK-6124010	Ihalagama	Ihalagama	GND	315	1	0	0	0	0	1
LK-6124015	Pahalagama	Pahalagama	GND	147	0	1	0	0	0	0
LK-6124020	Moragaswewa	Moragaswewa	GND	210	9	0	2	0	0	0
LK-6124025	Konwewa	Konwewa	GND	237	1	0	2	0	0	0
LK-6124030	Yaddigama	Yaddigama	GND	269	12	0	0	0	0	0
LK-6124035	Bamunugama	Bamunugama	GND	247	7	0	0	0	0	0
LK-6124040	Kirimetiyawa	Kirimetiyawa	GND	319	3	0	2	0	0	0
LK-6124045	Bakmeegahawatta	Bakmeegahawatta	GND	241	7	0	0	0	0	1
LK-6124050	Karuwalagahawatta	Karuwalagahawatta	GND	257	4	0	0	0	0	1
LK-6124055	Makaduwawa	Makaduwawa	GND	246	4	0	3	0	0	0
LK-6124060	Thumbullegama	Thumbullegama	GND	269	5	0	0	0	0	0
LK-6124065	Hithokadawala	Hithokadawala	GND	327	3	0	0	0	0	0
LK-6124070	Thambare	Thambare	GND	292	5	1	0	0	0	0
LK-6124075	Liyanagama	Liyanagama	GND	384	10	0	1	0	0	1
LK-6124080	Uduweriya	Uduweriya	GND	208	3	0	0	0	0	1
LK-6124085	Maningamuwa	Maningamuwa	GND	213	4	0	0	0	0	0
LK-6124090	Ipalogama	Ipalogama	GND	268	2	0	0	0	0	0
LK-6124095	Thammitagama	Thammitagama	GND	190	3	0	1	0	0	0
LK-6124100	Daladagama	Daladagama	GND	379	4	1	0	0	0	1
LK-6124105	Ullalapola	Ullalapola	GND	320	3	0	0	0	0	0
LK-6124110	Atawarala	Atawarala	GND	346	5	0	0	0	0	2
LK-6124115	Digana	Digana	GND	269	6	0	1	0	0	2
LK-6124120	Moonamalegama	Moonamalegama	GND	267	2	1	0	0	0	2
LK-6124125	Madurugama	Madurugama	GND	269	2	0	1	0	0	0
LK-6124130	Mahawa West	Mahawa West	GND	306	6	0	0	0	0	0
LK-6124135	Mahawa East	Mahawa East	GND	261	6	1	0	0	0	1
LK-6124140	Nettipalagama	Nettipalagama	GND	342	3	2	0	0	0	0
LK-6124145	Divullewa	Divullewa	GND	372	5	0	1	0	0	0
LK-6124150	Pailigama	Pailigama	GND	298	53	0	0	0	0	0
LK-6124155	Kattambuwawa	Kattambuwawa	GND	336	11	0	0	0	0	2
LK-6124160	Deheneggama	Deheneggama	GND	214	2	0	0	0	0	0
LK-6124165	Karambe	Karambe	GND	402	3	0	1	0	0	0
LK-6124170	Kandubadagama	Kandubadagama	GND	194	6	0	1	0	0	0
LK-6124175	Embogama	Embogama	GND	218	7	0	0	0	0	0
LK-6124180	Thalambuwa	Thalambuwa	GND	221	16	0	0	0	0	1
LK-6124185	Kumbukwewa	Kumbukwewa	GND	233	4	0	2	0	0	1
LK-6124190	Kekunawa	Kekunawa	GND	354	6	0	0	0	0	0
LK-6124195	Rekogama	Rekogama	GND	385	3	2	1	0	0	0
LK-6124200	Imbulgodayagama	Imbulgodayagama	GND	234	3	0	1	0	0	0
LK-6124205	Vilawa	Vilawa	GND	280	2	0	0	0	0	0
LK-6124210	Kumbukwewa	Kumbukwewa	GND	222	0	0	0	0	0	0
LK-6124215	Konwewa	Konwewa	GND	222	1	0	0	0	0	0
LK-6124220	Heenuggala	Heenuggala	GND	204	3	0	1	0	0	0
LK-6124225	Kumbukwewa	Kumbukwewa	GND	299	7	0	0	0	0	0
LK-6124230	Balalla	Balalla	GND	251	6	0	0	0	0	0
LK-6124235	Pahala Balalla	Pahala Balalla	GND	292	4	0	0	0	0	0
LK-6124240	Thisnampalagama	Thisnampalagama	GND	317	9	0	1	0	0	0
LK-6124245	Heenukwewa	Heenukwewa	GND	235	6	0	0	0	0	0
LK-6124250	Gallewa	Gallewa	GND	345	12	0	1	0	0	0
LK-6124255	Galewewa	Galewewa	GND	328	3	0	0	0	0	1
LK-6124260	Kadambawa	Kadambawa	GND	325	10	0	0	0	0	0
LK-6124265	Metiyakgama	Metiyakgama	GND	272	5	0	0	0	0	0
LK-6124270	Medagama	Medagama	GND	261	9	0	0	0	0	0
LK-6124275	Gala Ambagaswewa	Gala Ambagaswewa	GND	241	2	0	0	0	0	0
LK-6124280	Rathmale	Rathmale	GND	272	3	0	0	0	0	0
LK-6124285	Dampitigama	Dampitigama	GND	220	9	1	0	0	0	1
LK-6124290	Nagollagama	Nagollagama	GND	247	6	0	1	0	0	1
LK-6124295	Thalagalla	Thalagalla	GND	353	4	0	1	0	0	0
LK-6124300	Panwewa	Panwewa	GND	376	5	0	0	0	0	0
LK-6124305	Balagollagama	Balagollagama	GND	184	2	0	1	0	0	0
LK-6124310	Ambagaswewa	Ambagaswewa	GND	201	3	0	0	0	0	0
LK-6124315	Gajaneggama	Gajaneggama	GND	413	11	0	2	0	0	0
LK-6124320	Pothuwewa	Pothuwewa	GND	239	1	1	0	0	0	0
LK-6124325	Katuwannawa	Katuwannawa	GND	252	4	0	0	0	0	0
LK-6124330	Walpaluwa	Walpaluwa	GND	219	4	2	0	0	0	0
LK-6124335	Palugaswewa	Palugaswewa	GND	279	15	0	0	0	1	1
LK-6124340	Mirihanpitigama	Mirihanpitigama	GND	263	10	1	2	0	0	0
LK-6127	Polpitigama	Polpithigama	DSD	24948	602	9	33	0	1	39
LK-6127005	Kumbukkadawala	Kumbukkadawala	GND	361	12	0	1	0	0	0
LK-6127010	Thaladapitiya	Thaladapitiya	GND	291	8	0	0	0	0	2
LK-6127015	Thalawa	Thalawa	GND	288	13	0	1	0	0	0
LK-6127020	Siyambalangamuwa	Siyambalangamuwa	GND	241	3	0	0	0	0	0
LK-6127025	Bulnewa	Bulnewa	GND	287	0	0	0	0	0	0
LK-6127030	Kambuwatawana	Kambuwatawana	GND	297	14	1	0	0	0	0
LK-6127035	Galgiriyawa	Galgiriyawa	GND	213	3	0	0	0	0	1
LK-6127040	Pohorawatta	Pohorawatta	GND	243	8	1	0	0	0	5
LK-6127045	Moragollagama	Moragollagama	GND	280	5	0	0	0	0	0
LK-6127050	Galahitiyagama	Galahitiyagama	GND	193	7	0	0	0	0	0
LK-6127055	Nikawewa	Nikawewa	GND	160	0	0	0	0	0	0
LK-6127060	Ihala Thimbiriyawa	Ihala Thimbiriyawa	GND	309	20	0	1	0	0	2
LK-6127065	Mamunugama	Mamunugama	GND	208	10	0	0	0	0	0
LK-6127070	Pathirennegama	Pathirennegama	GND	302	6	0	0	0	0	1
LK-6127075	Saliyagama	Saliyagama	GND	301	9	0	0	0	0	0
LK-6127080	Serugasyaya	Serugasyaya	GND	142	5	0	1	0	0	0
LK-6127085	Herathgama	Herathgama	GND	193	3	0	0	0	0	0
LK-6127090	Dambe	Dambe	GND	192	5	0	0	0	0	0
LK-6127095	Kiribamunegama	Kiribamunegama	GND	312	14	0	0	0	0	2
LK-6127100	Madagalla	Madagalla	GND	259	6	1	0	0	0	1
LK-6127105	Galagedaragama	Galagedaragama	GND	246	9	0	0	0	0	2
LK-6127110	Hathigamuwa	Hathigamuwa	GND	211	8	0	0	0	0	0
LK-6127115	Amunakole	Amunakole	GND	315	6	0	1	0	0	0
LK-6127120	Kumbukulawa	Kumbukulawa	GND	456	3	0	0	0	0	4
LK-6127125	Pallekele	Pallekele	GND	557	29	0	0	0	0	0
LK-6127130	Pothuvila	Pothuvila	GND	698	15	1	0	0	0	6
LK-6127135	Rekevula	Rekevula	GND	260	1	0	1	0	0	0
LK-6127140	Bogolla	Bogolla	GND	235	3	0	0	0	0	1
LK-6127145	Polpithigama	Polpithigama	GND	516	13	0	1	0	0	4
LK-6127150	Mal Asna	Mal Asna	GND	251	4	0	0	0	0	0
LK-6127155	Meegaswewa	Meegaswewa	GND	220	3	0	0	0	0	0
LK-6127160	Niyandawanaya	Niyandawanaya	GND	220	14	0	1	0	0	1
LK-6127165	Hathpokuna	Hathpokuna	GND	343	12	0	1	0	0	0
LK-6127170	Thalpathwewa	Thalpathwewa	GND	387	7	0	2	0	0	0
LK-6127175	Koruwawa	Koruwawa	GND	417	2	0	0	0	0	0
LK-6127180	Galtenwewa	Galtenwewa	GND	458	8	0	2	0	0	0
LK-6127185	Balagolla	Balagolla	GND	245	5	0	0	0	0	0
LK-6127190	Siyambalawewa	Siyambalawewa	GND	255	4	0	1	0	0	0
LK-6127195	Thalakolawewa	Thalakolawewa	GND	268	5	0	0	0	0	0
LK-6127200	Elagamuwa	Elagamuwa	GND	267	8	1	0	0	0	0
LK-6127205	Halmillawewa	Halmillawewa	GND	575	13	0	0	0	0	0
LK-6127210	Imihaminegama	Imihaminegama	GND	187	9	0	0	0	0	0
LK-6127215	Angulgamuwa	Angulgamuwa	GND	344	3	0	0	0	0	0
LK-6127220	Nikawehera	Nikawehera	GND	759	7	0	1	0	0	0
LK-6127225	Kosgaha Ela	Kosgaha Ela	GND	246	5	1	0	0	0	0
LK-6127230	Hakwatunawa	Hakwatunawa	GND	271	5	0	0	0	0	0
LK-6127235	Rawa Ela	Rawa Ela	GND	263	1	0	1	0	0	0
LK-6127240	Dagama	Dagama	GND	298	3	1	0	0	0	1
LK-6127245	Indigolla	Indigolla	GND	197	12	0	2	0	0	0
LK-6127250	Dembatagala	Dembatagala	GND	383	14	0	2	0	0	1
LK-6127255	Galketiyagama	Galketiyagama	GND	252	9	0	0	0	0	0
LK-6127260	Bakmeewewa	Bakmeewewa	GND	285	6	0	0	0	0	0
LK-6127265	Welangolla	Welangolla	GND	177	2	0	0	0	0	0
LK-6127270	Wanduressa	Wanduressa	GND	207	8	0	1	0	0	0
LK-6127275	Maeliya North	Maeliya North	GND	432	5	0	0	0	0	0
LK-6127280	Agare	Agare	GND	244	8	0	1	0	0	0
LK-6127285	Makulpotha	Makulpotha	GND	169	1	0	0	0	0	0
LK-6127290	Thalwehera	Thalwehera	GND	265	7	0	0	0	0	0
LK-6127295	Welipitiya	Welipitiya	GND	447	6	0	0	0	0	0
LK-6127300	Morotta	Morotta	GND	251	6	0	0	0	0	0
LK-6127305	Keralankadawala	Keralankadawala	GND	381	7	0	0	0	0	0
LK-6127310	Polgahangoda	Polgahangoda	GND	281	10	0	0	0	0	0
LK-6127315	Paragaha Ela	Paragaha Ela	GND	170	2	0	0	0	0	0
LK-6127320	Medakanda	Medakanda	GND	242	2	0	0	0	0	0
LK-6127325	Madahapola	Madahapola	GND	400	9	0	0	0	0	0
LK-6127330	Uthuruwella	Uthuruwella	GND	315	9	0	0	0	0	1
LK-6127335	Rambe	Rambe	GND	435	20	1	1	0	0	0
LK-6127340	Maeliya South	Maeliya South	GND	411	7	0	3	0	0	0
LK-6127345	Dekanduwala	Dekaduwala	GND	200	2	0	0	0	0	0
LK-6127350	Kalugalla	Kalugalla	GND	417	6	0	0	0	0	0
LK-6127355	Ihala Thelambiyawa	Ihala Thelambiyawa	GND	345	11	0	3	0	0	0
LK-6127360	Ambagaswewa	Ambagaswewa	GND	272	8	0	1	0	0	2
LK-6127365	Thalamalgama	Thalamalgama	GND	167	4	0	0	0	0	0
LK-6127370	Kalawana	Kalawana	GND	331	20	0	1	0	0	0
LK-6127375	Welidalla	Welidalla	GND	269	7	0	1	0	0	2
LK-6127380	Ponnilawa	Ponnilawa	GND	142	8	1	0	0	0	0
LK-6127385	Thambuwa	Thambuwa	GND	485	7	0	0	0	1	0
LK-6127390	Henawa	Henawa	GND	232	2	0	0	0	0	0
LK-6127395	Baddegama	Baddegama	GND	400	0	0	0	0	0	0
LK-6127400	Hangamuwa	Hangamuwa	GND	295	3	0	0	0	0	0
LK-6127405	Doraweruwa	Doraweruwa	GND	339	7	0	0	0	0	0
LK-6127410	Deegama	Deegama	GND	270	11	0	1	0	0	0
LK-6130	Ibbagamuwa	Ibbagamuwa	DSD	26473	394	9	29	0	3	43
LK-6130005	Welgala	Welgala	GND	354	2	0	0	0	0	0
LK-6130010	Kimbulwana Oya	Kimbulwana Oya	GND	288	1	0	1	0	0	1
LK-6130015	Nelliya	Nelliya	GND	196	6	0	0	0	0	0
LK-6130020	Diddeniya	Diddeniya	GND	338	0	0	1	0	0	0
LK-6130025	Polkatuwa	Polkatuwa	GND	539	29	0	1	0	0	0
LK-6130030	Diggalawatta	Diggalawatta	GND	336	8	0	0	0	0	0
LK-6130035	Gurussa	Gurussa	GND	284	5	2	0	0	0	1
LK-6130040	Omaragolla	Omaragolla	GND	350	10	0	0	0	0	0
LK-6130045	Panliyadda	Panliyadda	GND	578	13	1	1	0	0	1
LK-6130050	Nabeta	Nabeta	GND	501	6	1	1	0	0	0
LK-6130055	Ussawa	Ussawa	GND	381	5	0	0	0	0	1
LK-6130060	Neerammulla	Neerammulla	GND	466	4	0	0	0	0	0
LK-6130065	Dewagiriya	Dewagiriya	GND	263	13	0	0	0	0	0
LK-6130070	Katupotha	Katupotha	GND	183	3	0	0	0	0	0
LK-6130075	Unit 3	Kimbulwana Oya Unit 3	GND	465	9	0	2	0	0	1
LK-6130080	Hipawwa	Hipawwa	GND	236	11	0	0	0	0	1
LK-6130085	Thammita	Thammita	GND	402	3	0	0	0	0	0
LK-6130090	Thihawa	Thihawa	GND	356	2	0	0	0	0	0
LK-6130095	Ganegoda	Ganegoda	GND	378	1	0	1	0	0	3
LK-6130100	Lenawa	Lenawa	GND	236	1	0	0	0	0	0
LK-6130105	Bandipola	Bandipola	GND	282	2	0	1	0	0	0
LK-6130110	Pitapahamuna	Pitipahamuna	GND	275	6	0	0	0	0	0
LK-6130115	Medamulla	Medamulla	GND	167	1	0	0	0	0	0
LK-6130120	Diyathure	Diyathure	GND	367	12	0	1	0	0	8
LK-6130125	Megodadiyathure	Megodadiyathure	GND	74	0	0	0	0	0	0
LK-6130130	Ragedara	Ragedara	GND	503	15	1	2	0	0	3
LK-6130135	Kendawala	Kendawala	GND	572	14	0	1	0	0	1
LK-6130140	Mahagama	Mahagama	GND	223	6	0	0	0	1	2
LK-6130145	Puswellegama	Puswellegama	GND	146	1	0	0	0	0	0
LK-6130150	Karandagolla	Karandagolla	GND	485	2	0	1	0	0	0
LK-6130155	Kahatawela	Kahatawela	GND	301	4	0	0	0	0	0
LK-6130160	Neketta	Neketta	GND	250	1	0	0	0	0	0
LK-6130165	Godarathmale	Godarathmale	GND	115	1	0	0	0	0	0
LK-6130170	Pudukkulama	Pudukkulama	GND	212	1	0	0	0	0	0
LK-6130175	Manapaya	Manapaya	GND	146	1	0	0	0	0	3
LK-6130180	Doluwa	Doluwa	GND	206	3	0	1	0	0	0
LK-6130185	Wewalagama	Wewalagama	GND	285	8	0	0	0	0	0
LK-6130190	Deeyawa	Deeyawa	GND	257	6	0	0	0	0	0
LK-6130195	Aragama	Aragama	GND	277	4	0	0	0	0	0
LK-6130200	Nindapella	Nindapella	GND	237	1	0	0	0	0	0
LK-6130205	Ihala Gokarella	Ihala Gokarella	GND	322	2	0	0	0	0	0
LK-6130210	Medagampola	Medagampola	GND	247	2	0	0	0	0	1
LK-6130215	Kandegedara	Kandegedara	GND	244	3	0	0	0	0	0
LK-6130220	Ambanpola	Ambanpola	GND	420	3	0	3	0	0	1
LK-6130225	Meddeketiya	Meddeketiya	GND	176	11	0	0	0	0	0
LK-6130230	Siyambalawehera	Siyambalawehera	GND	479	5	0	0	0	0	0
LK-6130235	Daramitipola	Daramitipola	GND	250	3	0	0	0	0	0
LK-6130240	Hiddana	Hiddana	GND	228	2	0	0	0	0	0
LK-6130245	Godagama	Godagama	GND	198	2	0	0	0	0	0
LK-6130250	Kiribamuna	Kiribamuna	GND	294	1	0	0	0	0	0
LK-6130255	Periyakadunelawa	Periyakadu Nelawa	GND	396	5	0	1	0	0	0
LK-6130260	Peddawa	Peddawa	GND	307	7	1	1	0	0	0
LK-6130265	Muruthawa	Muruthawa	GND	342	3	0	0	0	0	0
LK-6130270	Kandulawa	Kanduluwa	GND	533	4	0	2	0	0	1
LK-6130275	Ipalawa	Ipalawa	GND	627	8	0	0	0	0	0
LK-6130280	Polgolla	Polgolla	GND	429	3	0	0	0	0	0
LK-6130285	Udathammita	Udathammita	GND	301	8	0	0	0	0	1
LK-6130290	Medagedara	Medagedara	GND	371	1	0	3	0	0	0
LK-6130295	Thalgodapitiya	Thalgodapitiya	GND	616	7	0	0	0	2	4
LK-6130300	Ibbagamuwa	Ibbagamuwa	GND	457	1	0	0	0	0	1
LK-6130305	Dehelgamuwa	Dehelgamuwa	GND	436	6	0	0	0	0	1
LK-6130310	Mahamookalanyaya	Mahamookalanyaya	GND	298	3	0	0	0	0	0
LK-6130315	Bogamuwa	Bogamuwa	GND	225	5	0	0	0	0	0
LK-6130320	Hangamuwa	Hangamuwa	GND	375	4	0	0	0	0	0
LK-6130325	Wadupola	Wadupola	GND	266	6	0	0	0	0	1
LK-6130330	Pannala	Pannala	GND	496	4	0	1	0	0	0
LK-6130335	Udawela	Udawela	GND	738	5	0	0	0	0	1
LK-6130340	Kirindigalla	Kirindigalla	GND	530	5	2	0	0	0	1
LK-6130345	Henegedara	Henegedara	GND	475	10	0	0	0	0	0
LK-6130350	Madigedethilianga	Madigedethilianga	GND	474	5	0	0	0	0	0
LK-6130355	Galketigama	Galketigama	GND	568	11	0	0	0	0	0
LK-6130360	Bakmeegolla	Bakmeegolla	GND	761	6	1	0	0	0	1
LK-6130365	Kumbalanga	Kumbulanga	GND	577	9	0	3	0	0	3
LK-6130370	Nembilikumbura	Nembilikumbura	GND	507	13	0	0	0	0	0
LK-6133	Ganewatta	Ganewatta	DSD	12701	248	14	29	0	1	8
LK-6133005	Digankonwewa	Digankonwewa	GND	264	11	0	2	0	0	1
LK-6133010	Weragala	Weragala	GND	215	5	0	0	0	0	0
LK-6133015	Thimbiriwewa	Thimbiriwewa	GND	227	4	0	1	0	0	1
LK-6133020	Kekulawala	Kekulawala	GND	73	2	0	0	0	0	0
LK-6133025	Divulwewa	Divulwewa	GND	164	1	0	0	0	0	0
LK-6133030	Pothuwagonna	Pothuwagonna	GND	216	10	0	0	0	0	0
LK-6133035	Kuda Uyangalla	Kuda Uyangalla	GND	195	1	0	0	0	0	0
LK-6133040	Uyangalla	Uyangalla	GND	322	9	0	1	0	0	0
LK-6133045	Kalatuwagama	Kalatuwagama	GND	291	2	0	0	0	0	0
LK-6133050	Aluthgama	Aluthgama	GND	332	8	1	1	0	0	0
LK-6133055	Seerangoda	Seerangoda	GND	235	1	0	0	0	0	1
LK-6133060	Thambagalla	Thambagalla	GND	566	2	0	0	0	0	0
LK-6133065	Pannawa	Pannawa	GND	369	6	1	1	0	0	0
LK-6133070	Nelawa	Nelawa	GND	381	10	0	3	0	0	0
LK-6133075	Makulmade	Makulmade	GND	193	9	0	1	0	0	0
LK-6133080	Neeraviya	Neeraviya	GND	581	11	0	2	0	0	0
LK-6133085	Waduwawa	Waduwawa	GND	270	6	0	1	0	0	0
LK-6133090	Santhanagama	Santhanagama	GND	442	15	1	0	0	0	0
LK-6133095	Kumbukgete	Kumbukgete	GND	342	3	1	0	0	0	0
LK-6133100	Hettigama	Hettigama	GND	411	7	0	2	0	0	1
LK-6133105	Boraluwa	Boraluwa	GND	303	3	0	1	0	0	0
LK-6133110	Nikagolla	Nikagolla	GND	359	6	1	0	0	0	0
LK-6133115	Thittawella	Thittawella	GND	313	5	1	0	0	0	0
LK-6133120	Jahapagama	Jahapagama	GND	208	1	0	0	0	0	0
LK-6133125	Neriyawa	Neriyawa	GND	404	17	0	0	0	0	0
LK-6133130	Arankele	Arankele	GND	180	7	0	2	0	0	0
LK-6133135	Thittawelgala	Thittawelgala	GND	450	14	0	0	0	0	2
LK-6133140	Nikadalupotha	Nikadalupotha	GND	444	1	0	0	0	0	0
LK-6133145	Hiripitiya	Hiripitiya	GND	408	3	0	2	0	0	0
LK-6133150	Hindawewa	Hidawewa	GND	229	5	0	0	0	0	0
LK-6133155	Nelumpathgama	Nelumpathgama	GND	107	0	0	2	0	0	0
LK-6133160	Malagamuwa	Malagamuwa	GND	260	5	1	0	0	0	0
LK-6133165	Othuwela	Othuwela	GND	276	5	0	1	0	0	0
LK-6133170	Moragolla	Moragolla	GND	412	9	0	0	0	0	0
LK-6133175	Hunupola	Hunupola	GND	249	3	0	1	0	0	0
LK-6133180	Wegolla	Wegolla	GND	340	9	0	3	0	0	0
LK-6133185	Makulwewa	Makulwewa	GND	273	8	6	1	0	1	0
LK-6133190	Thanthirigama	Thanthirigama	GND	177	5	0	0	0	0	0
LK-6133195	Kirindiwelmada/ Galagedara	Kirindiwelmada / Galagedara	GND	455	4	0	0	0	0	0
LK-6133200	Seeradunna	Seeradunna	GND	256	7	0	1	0	0	0
LK-6133205	Kanawa	Kanawa	GND	276	7	1	0	0	0	1
LK-6133210	Pothuvila	Pothuvila	GND	233	1	0	0	0	0	1
LK-6136	Wariyapola	Wariyapola	DSD	19382	300	4	20	1	1	24
LK-6136005	Halmillewa	Halmillewa	GND	311	4	0	0	0	0	4
LK-6136010	Thennakongama	Thennakongama	GND	249	7	0	1	0	0	2
LK-6136015	Kelegama	Kelegama	GND	290	5	0	0	0	0	0
LK-6136020	Konotta	Konotta	GND	286	19	0	0	0	0	0
LK-6136025	Ebawalapitiya	Ebawalapitiya	GND	370	7	0	1	0	0	0
LK-6136030	Mellapotta	Mellapotta	GND	350	0	0	0	0	0	0
LK-6136035	Wanduressa Welgala	Wanduressa Welgala	GND	248	3	0	1	0	0	0
LK-6136040	Walpaluwa	Walpaluwa	GND	298	10	0	0	0	0	1
LK-6136045	Minuwangete	Minuwangete	GND	423	5	0	0	0	0	1
LK-6136050	Nelliya	Nelliya	GND	162	7	0	0	0	0	0
LK-6136055	Deegithawa	Deegithawa	GND	428	11	0	1	0	0	0
LK-6136060	Karagaswewa	Karagaswewa	GND	270	8	0	0	0	0	0
LK-6136065	Wanduressa	Wanduressa	GND	305	1	0	0	0	0	0
LK-6136070	Karandawetiya	Karandawetiya	GND	213	1	0	0	0	0	0
LK-6136075	Ethawa	Ethawa	GND	495	8	0	2	0	0	0
LK-6136080	Welawa	Welawa	GND	224	0	0	0	0	0	0
LK-6136085	Rabukana	Rabukana	GND	187	1	0	0	0	0	0
LK-6136090	Avulegama	Avulegama	GND	303	8	0	0	0	0	0
LK-6136095	Bayawa	Bayawa	GND	388	4	0	0	0	0	1
LK-6136100	Muwanwellegedara	Muwanwellegedara	GND	234	11	0	1	0	0	1
LK-6136105	Magulagama	Magulagama	GND	387	5	0	0	0	0	0
LK-6136110	Divulakele	Divulakele	GND	280	6	0	0	0	0	1
LK-6136115	Werella	Werella	GND	515	6	0	1	0	0	0
LK-6136120	Naramana	Naramana	GND	475	2	0	0	0	0	0
LK-6136125	Thambarawa	Thambarawa	GND	343	3	0	0	0	0	0
LK-6136130	Pothuwewa	Pothuwewa	GND	114	3	1	1	0	0	0
LK-6136135	Netiya	Netiya	GND	377	6	0	0	0	0	1
LK-6136140	Thissawa	Thissawa	GND	191	2	0	1	0	0	0
LK-6136145	Amunugama	Amunugama	GND	388	4	0	0	0	0	0
LK-6136150	Goluwawa	Goluwawa	GND	276	2	0	0	0	0	0
LK-6136155	Kithulwehera	Kithulwehera	GND	429	2	0	0	0	0	0
LK-6136160	Ipalawa	Ipalawa	GND	358	7	0	1	0	0	1
LK-6136165	Mamunuwa	Mamunuwa	GND	526	10	0	0	0	0	3
LK-6136170	Padeniya	Padeniya	GND	400	11	0	0	0	1	1
LK-6136175	Madatuwa	Madatuwa	GND	432	3	0	0	0	0	0
LK-6136180	Pattalegedara	Pattalegedara	GND	268	3	0	0	0	0	0
LK-6136185	Mirihanegama	Mirihanegama	GND	218	1	0	0	0	0	0
LK-6136190	Nabadawewa	Nabadawewa	GND	231	5	0	1	0	0	0
LK-6136195	Kahagolla	Kahagolla	GND	260	1	0	1	0	0	0
LK-6136200	Habarawa	Habarawa	GND	292	7	0	1	0	0	0
LK-6136205	Ambakadawara	Ambakadawara	GND	293	2	0	0	1	0	1
LK-6136210	Pennithawa	Pennithawa	GND	316	6	0	0	0	0	0
LK-6136215	Hettigedara	Hettigedara	GND	214	3	0	0	0	0	0
LK-6136220	Medagama	Medagama	GND	309	2	1	0	0	0	0
LK-6136225	Ginipendegama	Ginipendegama	GND	510	18	0	0	0	0	3
LK-6136230	Wariyapola	Wariyapola	GND	714	5	1	0	0	0	0
LK-6136235	Rathmale	Rathmale	GND	361	7	0	1	0	0	0
LK-6136240	Piyumgalla	Piyumgalla	GND	312	2	0	0	0	0	0
LK-6136245	Elavitigama	Elavitigama	GND	351	4	0	0	0	0	0
LK-6136250	Wewagedara	Wewagedara	GND	515	9	0	0	0	0	0
LK-6136255	Randeniya	Randeniya	GND	343	6	0	0	0	0	0
LK-6136260	Werapola	Werapola	GND	626	12	0	4	0	0	0
LK-6136265	Horombuwa	Horombuwa	GND	433	1	0	0	0	0	0
LK-6136270	Vilakatupotha	Vilakatupotha	GND	455	2	0	1	0	0	1
LK-6136275	Embawa	Embawa	GND	236	5	0	0	0	0	2
LK-6136280	Malwana	Malwana	GND	600	7	1	0	0	0	0
LK-6139	Kobeigane	Kobeigane	DSD	11536	226	3	10	0	0	6
LK-6139005	Hathalawa	Hathalawa	GND	346	3	1	1	0	0	0
LK-6139010	Makeliyawa	Makeliyawa	GND	433	13	0	0	0	0	0
LK-6139015	Mawathagama	Mawathagama	GND	319	18	0	1	0	0	0
LK-6139020	Hengamuwa	Hengamuwa	GND	360	7	0	0	0	0	0
LK-6139025	Waduressa	Waduressa	GND	310	3	0	0	0	0	1
LK-6139030	Wannigama	Wannigama	GND	377	11	0	0	0	0	0
LK-6139035	Vithikuliya	Vithikuliya	GND	476	13	1	0	0	0	0
LK-6139040	Beddegama	Beddegama	GND	359	14	0	1	0	0	0
LK-6139045	Pubbiliya	Pubbiliya	GND	297	8	0	1	0	0	0
LK-6139050	Kandattawa	Kadaththawa	GND	335	8	1	0	0	0	0
LK-6139055	Amunukole	Amunukole	GND	317	0	0	0	0	0	0
LK-6139060	Kithagama	Kithagama	GND	234	7	0	0	0	0	1
LK-6139065	Thelahera	Thelahera	GND	345	9	0	0	0	0	1
LK-6139070	Assedduma	Assedduma	GND	265	4	0	0	0	0	0
LK-6139075	Leekolawewa	Leekolawewa	GND	231	2	0	0	0	0	1
LK-6139080	Kahatagaswewa	Kahatagaswewa	GND	284	14	0	0	0	0	0
LK-6139085	Welpothuwewa	Welpothuwewa	GND	455	3	0	0	0	0	0
LK-6139090	Boraluwewa	Boraluwewa	GND	345	7	0	0	0	0	0
LK-6139095	Maulla	Maulla	GND	284	6	0	0	0	0	0
LK-6139100	Beliwewa	Beliwewa	GND	284	6	0	0	0	0	0
LK-6139105	Bakunawala	Bakunawala	GND	264	5	0	1	0	0	0
LK-6139110	Alahenegama	Alahenegama	GND	206	1	0	0	0	0	0
LK-6139115	Aralugaswewa	Aralugaswewa	GND	324	11	0	1	0	0	0
LK-6139120	Walaswewa	Walaswewa	GND	288	4	0	0	0	0	0
LK-6139125	Pannawa	Pannawa	GND	655	3	0	0	0	0	0
LK-6139130	Galatabendiwewa	Galatabendiwewa	GND	305	10	0	0	0	0	0
LK-6139135	Bamunugama	Bamunugama	GND	412	9	0	0	0	0	1
LK-6139140	Hirigolla	Hirigolla	GND	345	4	0	3	0	0	0
LK-6139145	Kobeigane	Kobeigane	GND	332	3	0	1	0	0	0
LK-6139150	Holambalewa	Holambalewa	GND	295	1	0	0	0	0	1
LK-6139155	Halmillakotuwa	Halmillakotuwa	GND	380	7	0	0	0	0	0
LK-6139160	Kattapitiya	Kattapitiya	GND	294	3	0	0	0	0	0
LK-6139165	Baladora	Baladora	GND	319	2	0	0	0	0	0
LK-6139170	Midellawa	Midellawa	GND	251	6	0	0	0	0	0
LK-6139175	Hindagahawewa	Hindagahawewa	GND	210	1	0	0	0	0	0
LK-6142	Bingiriya	Bingiriya	DSD	19300	371	3	15	0	3	27
LK-6142005	Molaeliya	Molaeliya	GND	295	8	0	2	0	0	0
LK-6142010	Getulawa	Getulawa	GND	543	11	0	0	0	0	1
LK-6142015	Pahala Thalampola	Pahala Thalampola	GND	343	10	0	2	0	0	0
LK-6142020	Ihala Konkandawala	Ihala Konkandawala	GND	514	14	0	0	0	0	1
LK-6142025	Bandarigalgoda	Bandarigalgoda	GND	321	10	0	0	0	0	3
LK-6142030	Manelembuwa	Manelembuwa	GND	342	7	0	0	0	0	0
LK-6142035	Pahala Kiniyama	"Pahala Kiniyama
"	GND	266	1	0	0	0	0	0
LK-6142040	Kiniyama East	Kiniyama East	GND	294	18	0	0	0	0	0
LK-6142045	Kiniyama West	Kiniyama West	GND	495	10	0	0	0	0	1
LK-6142050	Puwakgahakadawala	Puwakgahakadawala	GND	266	1	0	0	0	1	0
LK-6142055	Weerapokuna	Weerapokuna	GND	332	6	0	0	0	0	0
LK-6142060	Koshenagara	Koshenagara	GND	373	7	0	0	0	0	0
LK-6142065	Ihala Galwewa	Ihala Galwewa	GND	270	4	0	0	0	0	0
LK-6142070	Pahala Galwewa	Pahala Galwewa	GND	344	19	0	0	0	0	1
LK-6142075	Urapotta	Urapotta	GND	297	5	0	0	0	0	0
LK-6142080	Brahmanayagama	Brahmanayagama	GND	156	2	0	0	0	0	0
LK-6142085	Hendiyapola	Hendiyapola	GND	354	7	0	0	0	0	0
LK-6142090	Karandanayagama	Karandanayagama	GND	464	14	0	1	0	0	1
LK-6142095	Kosagama	Kosagama	GND	344	2	0	0	0	0	1
LK-6142100	Wanduressa	Wanduressa	GND	351	5	0	0	0	0	0
LK-6142105	Pahala Koswatta	Pahala Koswatta	GND	235	6	0	1	0	0	0
LK-6142110	Maunawa	Maunawa	GND	301	1	0	0	0	0	0
LK-6142115	Bowatta	Bowatta	GND	536	7	0	0	0	0	1
LK-6142120	Panawewa	Panawewa	GND	490	11	0	1	0	0	2
LK-6142125	Mookalanhena	Mookalanhena	GND	452	5	0	1	0	0	1
LK-6142130	Murukandiya	Murukandiya	GND	206	2	0	0	0	0	0
LK-6142135	Bingiriya	Bingiriya	GND	360	4	0	0	0	0	0
LK-6142140	Vilattawa Palatha	Vilattawa	GND	385	4	0	0	0	0	1
LK-6142145	Aluthgama	Aluthgama	GND	533	9	0	0	0	0	0
LK-6142150	Ihala Kalugama	Ihala Kalugama	GND	479	7	0	0	0	1	3
LK-6142155	Wellarawa	Wellarawa	GND	522	14	0	0	0	0	0
LK-6142160	Bakmeeruppa	Bakmeeruppa	GND	462	19	0	0	0	0	1
LK-6142165	Hiruwalpola	Hiruwalpola	GND	368	2	0	0	0	0	0
LK-6142170	Kaduruwewa	Kaduruwewa	GND	755	7	0	0	0	0	1
LK-6142175	Horagasagara	Horagasagara	GND	372	8	1	0	0	0	1
LK-6142180	Ihala Kadigamuwa	Ihala Kadigamuwa	GND	721	18	1	2	0	0	0
LK-6142185	Ihala Koswatta	Ihala Koswatta	GND	625	15	0	1	0	1	1
LK-6142190	Nithalawa	Nithalawa	GND	392	9	0	0	0	0	0
LK-6142195	Kudakalawa	Kudakalawa	GND	323	3	0	0	0	0	0
LK-6142200	Tharana	Tharana	GND	408	13	0	0	0	0	0
LK-6142205	Konkadawala	Konkadawala	GND	423	5	0	1	0	0	2
LK-6142210	Hamannapahuwa	Hamannapahuwa	GND	259	2	0	0	0	0	0
LK-6142215	Kurundupotha	Kurundupotha	GND	373	12	0	0	0	0	0
LK-6142220	Madulupitiya	Madulupitiya	GND	217	1	0	0	0	0	2
LK-6142225	Udawela	Udawela	GND	404	7	0	0	0	0	0
LK-6142230	Meladeniya	Meladeniya	GND	206	0	1	0	0	0	0
LK-6142235	Padiwela	Padiwela	GND	315	2	0	0	0	0	0
LK-6142240	Kelegedara	Kelegedara	GND	238	2	0	2	0	0	2
LK-6142245	Thorabichchiya	Thorabichchiya	GND	238	0	0	0	0	0	0
LK-6142250	Heenpannawa	Heenpannawa	GND	282	5	0	0	0	0	0
LK-6142255	Pahala Kadigamuwa	Pahala Kadigamuwa	GND	289	7	0	0	0	0	0
LK-6142260	Pahala Mandakondana	Pahala Mandakondana	GND	167	3	0	1	0	0	0
LK-6145	Panduwasnuwara West	Panduwasnuwara West	DSD	19960	301	7	11	0	1	21
LK-6145005	Kahatavila	Kahatavila	GND	300	1	0	0	0	0	0
LK-6145010	Madaina	Madaina	GND	277	5	0	0	0	0	0
LK-6145015	Dothella	Dothella	GND	367	8	0	0	0	0	0
LK-6145020	Ganegama	Ganegama	GND	213	4	0	0	0	0	1
LK-6145025	Mandapola	Mandapola	GND	379	3	0	0	0	0	0
LK-6145030	Konwewa	Konwewa	GND	467	10	0	0	0	0	0
LK-6145035	Rambewa	Rambewa	GND	209	5	0	0	0	0	0
LK-6145040	Madulla	Madulla	GND	227	4	0	0	0	0	0
LK-6145045	Wadumunna	Wadumunna	GND	349	4	0	0	0	0	0
LK-6145050	Akurana	Akurana	GND	285	1	0	0	0	0	0
LK-6145055	Yodhayakanda	Yodhayakanda	GND	163	3	0	0	0	0	0
LK-6145060	Udagama	Udagama	GND	254	8	0	0	0	0	0
LK-6145065	Karandawa	Karandawa	GND	233	2	0	0	0	0	1
LK-6145070	Pallegama	Pallegama	GND	270	5	1	0	0	0	0
LK-6145075	Divulwewa	Divulwewa	GND	230	0	0	0	0	0	1
LK-6145080	Girathalana	Girathalana	GND	368	2	0	0	0	0	0
LK-6145085	Nikapitiya	Nikapitiya	GND	319	3	0	0	0	0	0
LK-6145090	Othegama	Othegama	GND	275	3	0	0	0	0	0
LK-6145095	Diggalagedara	Diggalagedara	GND	268	3	0	0	0	0	0
LK-6145100	Dorabavila	Dorabavila	GND	327	7	0	0	0	0	1
LK-6145105	Nallura	Nallura	GND	351	5	0	0	0	0	1
LK-6145110	Palugaswewa	Palugaswewa	GND	324	8	1	0	0	0	1
LK-6145115	Madige Midiyala	Madige Midiyala	GND	697	14	0	1	0	1	0
LK-6145120	Midiyala	Midiyala	GND	399	3	0	0	0	0	0
LK-6145125	Hidagahawewa	Hindagahawewa	GND	261	8	0	0	0	0	0
LK-6145130	Hammaliya	Hammaliya	GND	413	2	0	0	0	0	1
LK-6145135	Bandara Koswatta	Bandara Koswatta	GND	266	3	0	0	0	0	2
LK-6145140	Hathapola	Hathapola	GND	248	5	0	0	0	0	0
LK-6145145	Kadawalagedara	Kadawalagedara	GND	434	10	0	1	0	0	3
LK-6145150	Panduwasnuwara	Panduwasnuwara	GND	289	9	0	0	0	0	0
LK-6145155	Kotambapitiya	Kotambapitiya	GND	405	1	0	0	0	0	0
LK-6145160	Hettipola	Hettipola	GND	417	2	0	0	0	0	0
LK-6145165	Dolahamuna	Dolahomuna	GND	321	1	0	0	0	0	0
LK-6145170	Munihirigama	Munihirigama	GND	263	3	0	1	0	0	3
LK-6145175	Kevitiya	Kevitiya	GND	232	8	0	0	0	0	0
LK-6145180	Pepolegama	Pepolegama	GND	179	6	0	0	0	0	0
LK-6145185	Hanthihawa	Hanthihawa	GND	307	13	0	1	0	0	2
LK-6145190	Barampola	Barampola	GND	286	5	0	0	0	0	0
LK-6145195	Hettigama	"Hettigama
"	GND	218	1	0	0	0	0	0
LK-6145200	Ehetumulla	Ehetumulla	GND	269	3	0	0	0	0	0
LK-6145205	Kurundukumbura	Kurundu Kumbura	GND	520	4	0	0	0	0	0
LK-6145210	Bogolla	Bogolla	GND	303	3	0	1	0	0	1
LK-6145215	Bamunumulla	Bamunumulla	GND	237	1	0	0	0	0	0
LK-6145220	Meegaspitiya	Meegaspitiya	GND	209	4	0	0	0	0	0
LK-6145225	Yayegedara	Yayegedara	GND	300	8	0	0	0	0	0
LK-6145226	nan	Moragolla	GND	242	2	0	0	0	0	0
LK-6145227	nan	Rideekanda	GND	331	11	1	0	0	0	0
LK-6145228	nan	Thengodagedara	GND	189	6	0	0	0	0	0
LK-6145230	Tekewa	Tekewa	GND	250	3	1	0	0	0	0
LK-6145235	Rittadeniya	Rittadeniya	GND	206	0	0	0	0	0	0
LK-6145240	Jayasiripura	Jayasiripura	GND	256	18	0	0	0	0	1
LK-6145245	Pihimbiya	Pihimbiya	GND	178	2	0	0	0	0	0
LK-6145250	Rathmale	Rathmale	GND	325	5	0	1	0	0	0
LK-6145255	Nagollagoda	Nagollagoda	GND	206	3	0	0	0	0	0
LK-6145260	Ambagahagedara	Ambagahagedara	GND	199	3	0	0	0	0	0
LK-6145265	Dahanekgedara	Dahanekgedara	GND	331	3	0	0	0	0	0
LK-6145270	Ebogedara	Ebogedara	GND	217	0	0	1	0	0	0
LK-6145275	Doratiyagedara	Doratiyagedara	GND	242	2	0	1	0	0	1
LK-6145280	Akarawatta	Akarawatta	GND	291	1	0	0	0	0	0
LK-6145285	Malwanegedara	Malwanegedara	GND	243	0	0	0	0	0	0
LK-6145290	Moonamaldeniya	Moonamaldeniya	GND	142	2	3	0	0	0	1
LK-6145295	Kamburapola	Kamburapola	GND	332	9	0	0	0	0	0
LK-6145300	Pahala Gomugomuwa	Pahala Gomugomuwa	GND	347	4	0	1	0	0	0
LK-6145305	Ihala Gomugomuwa	Ihala Gomugomuwa	GND	299	3	0	0	0	0	0
LK-6145310	Hidiyamulla	Hidiyamulla	GND	420	4	0	0	0	0	0
LK-6145315	Karagahagedara	Karagahagedara	GND	521	1	0	1	0	0	0
LK-6145320	Epaladeniya	Epaladeniya	GND	265	8	0	1	0	0	0
LK-6148	Panduwasnuwara East	Panduwasnuwara East	DSD	9245	153	3	6	0	0	24
LK-6148020	Medagama	Medagama	GND	230	3	0	0	0	0	0
LK-6148025	Kosdeniya	Kosdeniya	GND	242	8	0	0	0	0	0
LK-6148030	Wilbagedara	"Wilbagedara
"	GND	233	4	0	1	0	0	3
LK-6148035	Hanwella	Hanwella	GND	222	3	0	0	0	0	3
LK-6148040	Palavitiya	Palavitiya	GND	230	8	1	0	0	0	0
LK-6148045	Kolambagama	Kolambagama	GND	241	3	0	0	0	0	1
LK-6148050	Gallehepitiya	Gallehepitiya	GND	483	4	0	0	0	0	0
LK-6148055	Ranorawa	Ranorawa	GND	344	9	0	0	0	0	0
LK-6148060	Katumuluwa	Katumuluwa	GND	266	2	0	0	0	0	1
LK-6148065	Maveehena	Maveehena	GND	259	4	0	0	0	0	0
LK-6148070	Rathmalla	Rathmalla	GND	286	7	0	0	0	0	0
LK-6148075	Dunupotha	Dunupotha	GND	299	10	0	0	0	0	0
LK-6148080	Beddegama	Beddegama	GND	194	2	0	0	0	0	0
LK-6148085	Thissawa	Thissawa	GND	264	2	0	1	0	0	2
LK-6148090	Nelibewa	Nelibewa	GND	145	0	0	0	0	0	3
LK-6148095	Dematawa	Dematawa	GND	213	4	0	1	0	0	0
LK-6148100	Kanduboda	Kanduboda	GND	332	1	0	0	0	0	0
LK-6148105	Henegedara	Henegedara	GND	244	1	0	0	0	0	0
LK-6148110	Magulagama	Magulagama	GND	302	2	0	0	0	0	0
LK-6148115	Angamuwa	Angamuwa	GND	315	5	0	0	0	0	1
LK-6148120	Anukkanhena	Anukkanhena	GND	286	8	0	0	0	0	0
LK-6148125	Moragane	Moragane	GND	301	7	0	0	0	0	0
LK-6148130	Kanapothuhera	Kanapothuhera	GND	176	3	1	0	0	0	0
LK-6148135	Kanogama	Kanogama	GND	175	1	0	0	0	0	0
LK-6148140	Kandegedara	"Kandegedara
"	GND	160	4	0	0	0	0	0
LK-6148145	Galagedara	Galagedara	GND	227	1	0	1	0	0	1
LK-6148150	Adukkane	Adukkane	GND	251	5	0	0	0	0	0
LK-6148155	Udugampalagedara	Udugampalagedara	GND	121	1	0	0	0	0	0
LK-6148160	Weliwehera	Weliwehera	GND	254	4	0	0	0	0	0
LK-6148165	Gonnawa	Gonnawa	GND	447	7	0	0	0	0	1
LK-6148170	Bodhimulla	Bodhimulla	GND	251	7	0	1	0	0	1
LK-6148175	Nindawela	Nindawela	GND	218	1	0	0	0	0	0
LK-6148180	Wijaya Udagama	Wijaya Udagama	GND	229	1	0	0	0	0	2
LK-6148185	Wetehepitiya	Wetehepitiya	GND	225	3	1	0	0	0	1
LK-6148190	Hindawa	Hindawa	GND	324	13	0	1	0	0	1
LK-6148195	Kanoyaya	Kanoyaya	GND	256	5	0	0	0	0	3
LK-6149	Bamunakotuwa	Bamunakotuwa	DSD	11431	238	5	13	0	0	19
LK-6149005	Erihabe	Erihabe	GND	211	7	1	0	0	0	1
LK-6149010	Panawa	Panawa	GND	195	5	0	0	0	0	1
LK-6149015	Pahala Imiyangoda	Pahala Imiyangoda	GND	279	4	0	0	0	0	1
LK-6149020	Walpola	Walpola	GND	427	11	0	0	0	0	0
LK-6149025	Mahakeliya	"Mahakeliya
"	GND	494	10	0	0	0	0	0
LK-6149030	Kelimune	Kelimune	GND	834	15	2	4	0	0	3
LK-6149035	Nathagane	Nathagane	GND	199	2	0	0	0	0	0
LK-6149040	Kadiharaya	Kadiharaya	GND	439	8	0	0	0	0	0
LK-6149045	Bamunakotuwa	Bamunakotuwa	GND	302	2	0	1	0	0	0
LK-6149050	Moonamale	Munamale	GND	232	2	0	0	0	0	0
LK-6149055	Thalgahagama	Thalgahagama	GND	359	10	0	0	0	0	0
LK-6149060	Ganthiriyawa	Ganthiriyawa	GND	246	3	0	2	0	0	0
LK-6149065	Panakaduwa	Panakaduwa	GND	236	5	0	0	0	0	0
LK-6149070	Pahala Kolamunna	Pahala Kolamunna	GND	303	16	0	0	0	0	0
LK-6149075	Wathukana	Wathukana	GND	313	5	0	0	0	0	0
LK-6149080	Nelunkanuwa	Nelunkanuwa	GND	295	10	0	0	0	0	1
LK-6149085	Weudagama	"Weudagama
"	GND	128	0	0	0	0	0	0
LK-6149090	Panagamuwa	Panagamuwa	GND	256	9	0	0	0	0	0
LK-6149095	Panadare	Panadare	GND	207	5	0	1	0	0	0
LK-6149100	Walaliya	Walaliya	GND	512	23	0	0	0	0	0
LK-6149105	Kedapath Vehera	Kedapath Vehera	GND	355	6	0	0	0	0	3
LK-6149110	Rukattane	Rukattane	GND	127	8	0	0	0	0	0
LK-6149115	Bogoda	Bogoda	GND	219	1	0	0	0	0	0
LK-6149120	Hanhamunawa	Hanhamunawa	GND	595	6	0	1	0	0	0
LK-6149125	Nawagatta	Nawagatta	GND	444	5	0	1	0	0	0
LK-6149130	Mirihampitiya	Mirihampitiya	GND	385	12	0	0	0	0	2
LK-6149135	Henegedara	Henegedara	GND	449	10	0	0	0	0	0
LK-6149140	Dampitiya	Dampitiya	GND	193	6	0	0	0	0	0
LK-6149145	Ethanawatta	Ethanawatta	GND	175	0	0	0	0	0	2
LK-6149150	Wedanda	Wedanda	GND	352	8	0	0	0	0	1
LK-6149155	Pallawa Dampitiya	Pallawa Dampitiya	GND	270	6	1	2	0	0	1
LK-6149160	Demataluwa	Demataluwa	GND	544	4	0	0	0	0	1
LK-6149165	Kanotuwa	Kanotuwa	GND	357	6	1	1	0	0	1
LK-6149170	Siwallawagedara	Siwallawagedara	GND	114	2	0	0	0	0	0
LK-6149175	Homathagama	Homathagama	GND	175	2	0	0	0	0	1
LK-6149180	Divulgaspitiya	Divulgaspitiya	GND	210	4	0	0	0	0	0
LK-6151	Maspotha	Maspotha	DSD	11917	160	48	17	0	0	18
LK-6151005	Wilgamdematawa	Wilgamdematawa	GND	334	3	0	0	0	0	0
LK-6151010	Gonagama	Gonagama	GND	394	9	0	0	0	0	2
LK-6151015	Rekawa	Rekawa	GND	257	5	0	1	0	0	1
LK-6151020	Pimburuwellegama	Pimburuwellegama	GND	132	2	0	1	0	0	1
LK-6151025	Galagedara	Galagedara	GND	271	13	0	2	0	0	1
LK-6151030	Minhettiya	Minhettiya	GND	205	1	0	0	0	0	1
LK-6151035	Hanwella	Hanwella	GND	222	14	0	0	0	0	1
LK-6151040	Maragama	Maragama	GND	183	4	0	0	0	0	0
LK-6151045	Wegolla	Wegolla	GND	154	0	0	1	0	0	0
LK-6151050	Oggamuwa	Oggamuwa	GND	332	2	0	0	0	0	0
LK-6151055	Thisnampola	Thisnampola	GND	159	0	0	0	0	0	0
LK-6151060	Kudagalgamuwa	Kudagalgamuwa	GND	283	38	0	0	0	0	0
LK-6151065	Gane Kolaniya	Gane Kolaniya	GND	244	9	0	0	0	0	0
LK-6151070	Kidapola	Kidapola	GND	465	1	0	0	0	0	0
LK-6151075	Demalussa	Demalussa	GND	152	1	0	1	0	0	0
LK-6151080	Maspotha	Maspotha	GND	575	5	0	1	0	0	0
LK-6151085	Rathkarawwa	Rathkarawwa	GND	577	5	0	2	0	0	0
LK-6151090	Mapegamuwa	Mapegamuwa	GND	196	4	0	0	0	0	0
LK-6151095	Dahigamuwa	Dahigamuwa	GND	271	5	0	0	0	0	1
LK-6151100	Siyambalangamuwa	Siyambalangamuwa	GND	503	7	0	1	0	0	1
LK-6151105	Gurulepola	Gurulepola	GND	398	1	1	0	0	0	0
LK-6151110	Pellandeniya	Pellandeniya	GND	465	3	5	0	0	0	0
LK-6151115	Hettigedara	Hettigedara	GND	1084	9	0	0	0	0	1
LK-6151120	Wawagedara	Wewagedara	GND	296	3	0	0	0	0	0
LK-6151125	Kalahogedara	Kalahogedara	GND	520	1	7	0	0	0	0
LK-6151130	Maveedalupotha	Maveedalupotha	GND	457	1	25	4	0	0	0
LK-6151135	Udabadalawa	Udabadalawa	GND	341	3	0	0	0	0	1
LK-6151140	Thiththawella	Thiththawella	GND	472	6	2	0	0	0	0
LK-6151145	Udadigana	Udadigana	GND	198	2	1	0	0	0	0
LK-6151150	Yanthampalawa	Yanthampalawa	GND	302	0	0	0	0	0	5
LK-6151155	Kavdawatta	Kavudawatta	GND	344	0	2	2	0	0	1
LK-6151160	Aswedduma	Aswedduma	GND	798	3	4	1	0	0	1
LK-6151165	Dematagahapelessa	Dematagahapelessa	GND	333	0	1	0	0	0	0
LK-6154	Kurunegala	Kurunegala	DSD	23671	242	52	36	0	5	35
LK-6154005	Kalatuwa Pelessa	Kalatuwa Pelessa	GND	192	9	0	0	0	0	0
LK-6154010	Seeradunna	Seeradunna	GND	214	1	0	0	0	0	0
LK-6154015	Seruwawa	Seruwawa	GND	250	7	0	0	0	1	1
LK-6154020	Pubbowa	Pubbowa	GND	251	13	0	1	0	0	2
LK-6154025	Thalvita	Thalvita	GND	286	3	0	0	0	0	0
LK-6154030	Waraddana	Waraddana	GND	278	8	0	1	0	0	0
LK-6154035	Pahala Waraddana	Pahala Waraddana	GND	316	9	0	0	0	0	0
LK-6154040	Rangama	Rangama	GND	366	1	0	0	0	0	0
LK-6154045	Wellawa	Wellawa	GND	460	5	1	0	0	1	2
LK-6154050	Ginikarawa	Ginikarawa	GND	340	4	0	4	0	0	2
LK-6154055	Pahala Hadirawalana	Pahala Hadirawalana	GND	254	1	0	0	0	0	1
LK-6154060	Thalatuwa	Thalatuwa	GND	316	3	0	0	0	0	0
LK-6154065	Rikillagamuwa	"Rikillagamuwa
"	GND	322	10	0	1	0	0	0
LK-6154070	Dematagolla	Dematagolla	GND	217	7	0	0	0	0	0
LK-6154075	Budanapitiya	Budanapitiya	GND	521	15	1	0	0	0	1
LK-6154080	Hadirawalana Ihala	Hadirawalana Ihala	GND	268	6	0	0	0	0	0
LK-6154085	Mahakandegama	Mahakandegama	GND	237	9	0	0	0	0	3
LK-6154090	Alakoladeniya	Alakoladeniya	GND	503	3	0	3	0	0	1
LK-6154095	Bamunugedara	Bamunugedara	GND	797	5	0	1	0	1	0
LK-6154100	Kurunegala Town - North East	Kurunegala Town - North East	GND	955	4	11	0	0	0	2
LK-6154105	Kurunegala Town - North	Kurunegala Town - North	GND	338	2	1	0	0	0	0
LK-6154110	Gangoda	Gangoda	GND	478	3	0	0	0	0	3
LK-6154115	Vilgoda	Vilgoda	GND	406	2	3	0	0	0	1
LK-6154120	Heraliyawala	Heraliyawala	GND	570	4	1	2	0	0	0
LK-6154125	Bamunawala	Bamunawala	GND	1086	6	0	0	0	0	1
LK-6154130	Malkaduwawa	Malkaduwawa	GND	694	2	0	1	0	0	0
LK-6154135	Malkaduwawa South	Malkaduwawa South	GND	434	1	0	0	0	0	0
LK-6154140	Malkaduwawa North	Malkaduwawa North	GND	530	6	0	0	0	0	0
LK-6154145	Kurunegala Town - West	Kurunegala Town - West	GND	997	12	20	12	0	0	0
LK-6154150	Iluppugedara	Iluppugedara	GND	840	7	4	0	0	0	4
LK-6154155	Kurunegala Town - Central	Kurunegala Town - Central	GND	277	3	4	0	0	0	0
LK-6154160	Kurunegala Town - Bazaar	Kurunegala Town - Bazaar	GND	20	0	0	0	0	0	0
LK-6154165	Gettuwana	Gettuwana	GND	423	1	1	0	0	0	1
LK-6154170	Kurunegala Town - East	Kurunegala Town - East	GND	422	4	2	1	0	0	2
LK-6154175	Theliyagonna	Theliyagonna	GND	690	5	1	2	0	0	0
LK-6154180	Udawalpola	Udawalpola	GND	321	1	0	0	0	0	1
LK-6154185	Kurunegala Town - South	Kurunegala Town - South	GND	590	1	0	0	0	1	1
LK-6154190	Veherabenda	Veherabenda	GND	449	8	0	1	0	0	1
LK-6154195	Henamulla	Henamulla	GND	410	1	0	0	0	0	0
LK-6154200	Wehera East	Wehera East	GND	432	0	0	0	0	0	0
LK-6154205	Wehera West	Wehera West	GND	411	0	0	1	0	1	2
LK-6154210	Akaragana North	Akaragana North	GND	273	0	0	0	0	0	3
LK-6154215	Wanduragala	Wanduragala	GND	246	1	1	1	0	0	0
LK-6154220	Rathgalla	Rathgalla	GND	458	9	0	0	0	0	0
LK-6154225	Boyagane	Boyagane	GND	370	0	0	1	0	0	0
LK-6154230	Akaragana South	Akaragana South	GND	429	5	0	1	0	0	0
LK-6154235	Vilbawa	Vilbawa	GND	478	2	0	0	0	0	0
LK-6154240	Nailiya	Nailiya	GND	553	11	0	0	0	0	0
LK-6154245	Madithiyawala	Madithiyawala	GND	793	4	0	2	0	0	0
LK-6154250	Thorawathura	Thorawathura	GND	433	1	0	0	0	0	0
LK-6154255	Mathawa	Mathawa	GND	640	8	1	0	0	0	0
LK-6154260	Attanapitiya	Attanapitiya	GND	223	3	0	0	0	0	0
LK-6154265	Pahala Thalampitiya	Pahala Thalampitiya	GND	254	1	0	0	0	0	0
LK-6154270	Kudumbuwa	Kudumbuwa	GND	360	5	0	0	0	0	0
LK-6157	Mallawapitiya	Mallawapitiya	DSD	16348	268	17	24	2	0	29
LK-6157005	Meddegama West	Meddegama West	GND	316	0	0	0	0	0	4
LK-6157010	Udagama	Udagama	GND	265	6	0	0	0	0	0
LK-6157015	Pillawa	Pillawa	GND	510	6	1	0	0	0	2
LK-6157020	Hengawa	Hengawa	GND	320	4	0	1	0	0	1
LK-6157025	Narampola	Narampola	GND	431	10	1	2	0	0	0
LK-6157030	Ranawana	Ranawana	GND	333	1	1	0	0	0	0
LK-6157035	Kahatapitiya	Kahatapitiya	GND	217	5	0	0	0	0	0
LK-6157040	Meddegama East	Meddegama East	GND	215	2	0	1	0	0	0
LK-6157045	Maraluwawa	Maraluwawa	GND	627	7	2	0	0	0	0
LK-6157050	Pahala Gettuwana	Pahala Gattuwana	GND	382	2	0	0	1	0	0
LK-6157055	Thorayaya	Thorayaya	GND	985	7	2	0	0	0	0
LK-6157060	Kuda Kowana	Kuda Kowana	GND	467	5	0	0	0	0	4
LK-6157065	Kowana	Kowana	GND	293	6	0	1	0	0	1
LK-6157070	Denagamuwa	Denagamuwa	GND	315	2	0	0	0	0	0
LK-6157075	Yaggapitiya	"Yaggapitiya
"	GND	163	1	6	0	0	0	0
LK-6157080	Mehiella North	Mehiella North	GND	559	3	0	0	0	0	0
LK-6157085	Hewana	Hewana	GND	532	111	0	0	0	0	1
LK-6157090	Uyandana	Uyandana	GND	495	1	0	0	0	0	2
LK-6157095	Mehiella South	Mehiella South	GND	532	0	0	2	0	0	0
LK-6157100	Mallawapitiya	Mallawapitiya	GND	1225	2	1	3	1	0	1
LK-6157105	Millawa	Millawa	GND	997	6	0	1	0	0	2
LK-6157110	Kolapelalikanda	Kolapelalikanda	GND	382	2	0	1	0	0	0
LK-6157115	Doratiyawa	Doratiyawa	GND	557	4	0	2	0	0	1
LK-6157120	Messagammana	Messagammana	GND	236	0	0	0	0	0	0
LK-6157125	Hewapola	Hewapola	GND	449	2	1	1	0	0	1
LK-6157130	Manel Oluwa	Manel Oluwa	GND	209	1	0	0	0	0	0
LK-6157135	Walpolakanda North	Walpolakanda North	GND	127	0	0	0	0	0	1
LK-6157140	Walpolakanda South	Walpolakanda South	GND	170	1	0	0	0	0	0
LK-6157145	Indulgoda	Indulgoda	GND	277	6	0	0	0	0	1
LK-6157150	Konpala	Konpala	GND	280	2	0	2	0	0	0
LK-6157155	Dembepola	Dembepola	GND	184	7	0	1	0	0	1
LK-6157160	Bodhigama	Bodhigama	GND	177	1	0	0	0	0	4
LK-6157165	Thiragama	Thiragama	GND	277	3	0	0	0	0	0
LK-6157170	Bogamuwa	Bogamuwa	GND	329	0	0	0	0	0	0
LK-6157175	Werawella	Werawella	GND	171	10	0	0	0	0	0
LK-6157180	Indulgodakanda	Indulgodakanda	GND	402	10	0	0	0	0	0
LK-6157185	Morathenna	Morathenna	GND	156	8	0	0	0	0	0
LK-6157190	Katupitiya North	Katupitiya North	GND	207	3	1	0	0	0	1
LK-6157195	Katupitiya South	Katupitiya South	GND	262	1	0	0	0	0	0
LK-6157200	Ihala Thalampitiya	Ihala Thalampitiya	GND	252	1	1	1	0	0	0
LK-6157205	Wattegedara	Wattegedara	GND	273	4	0	4	0	0	1
LK-6157210	Koralegedara	Koralegedara	GND	195	12	0	1	0	0	0
LK-6157215	Mahagama	Mahagama	GND	286	1	0	0	0	0	0
LK-6157220	Belgoda	Belgoda	GND	235	1	0	0	0	0	0
LK-6157225	Belgodakanda	Belgoda Kanda	GND	76	1	0	0	0	0	0
LK-6160	Mawathagama	Mawathagama	DSD	19652	235	5	15	0	1	44
LK-6160005	Kongaswala	Kongaswala	GND	473	2	0	0	0	0	0
LK-6160010	Barandana	Barandana	GND	318	3	0	1	0	0	0
LK-6160015	Wewagedara	Wewagedara	GND	256	1	0	2	0	0	0
LK-6160020	Etagahawela	Etagahawela	GND	389	4	0	0	0	0	0
LK-6160025	Galapitamulla	Galapitamulla	GND	501	4	0	0	0	0	2
LK-6160030	Hidagolla	Hidagolla	GND	366	1	0	0	0	0	0
LK-6160035	Udanagama	Udanagama	GND	151	4	0	0	0	0	1
LK-6160040	Tharapotha	Tharapotha	GND	326	2	0	1	0	0	0
LK-6160045	Tigola	Tigola	GND	275	10	0	0	0	0	0
LK-6160050	Arampola Watta North	Arampola Watta North	GND	232	17	0	0	0	0	0
LK-6160055	Arampola Watta South	Arampola Watta South	GND	224	2	0	0	0	0	1
LK-6160060	Ellagonna	Ellagonna	GND	143	5	0	0	0	0	3
LK-6160065	Pothubowa	Pothubowa	GND	224	3	0	0	0	0	0
LK-6160070	Madawa	Madawa	GND	494	0	0	0	0	0	0
LK-6160075	Kanduboda	Kanduboda	GND	182	1	0	0	0	0	0
LK-6160080	Kahandawelipotha	Kahandawelipotha	GND	433	2	0	0	0	0	0
LK-6160085	Maswewa	Maswewa	GND	222	2	0	0	0	0	5
LK-6160090	Pilessa Ihalagama	Pilessa Ihalagama	GND	275	2	0	0	0	0	0
LK-6160095	Pilessa Pahalagama	Pilessa Pahalagama	GND	157	2	0	0	0	0	0
LK-6160100	Henepola	Henepola	GND	295	0	1	0	0	0	0
LK-6160105	Maralanda	Maralanda	GND	379	3	3	0	0	0	3
LK-6160110	Arampola	Arampola	GND	362	2	0	0	0	0	0
LK-6160115	Delgolla Watta North	Delgolla Watta North	GND	494	11	0	0	0	0	1
LK-6160120	Nawa Pothubowa	Nawa Pothubowa	GND	310	4	0	0	0	0	0
LK-6160125	Welikumbura	Welikumbura	GND	338	5	0	1	0	0	2
LK-6160130	Ilukewela North	Ilukewela North	GND	461	10	0	0	0	0	0
LK-6160135	Mawathagama	Mawathagama	GND	807	3	0	1	0	1	0
LK-6160140	Delgolla Watta South	Delgolla Watta South	GND	262	2	0	0	0	0	0
LK-6160145	Mawathagama North	Mawathagama North	GND	391	3	0	0	0	0	0
LK-6160150	Mee/ Pallegama East	Mee/Pallegama East	GND	208	3	0	0	0	0	1
LK-6160155	Bulathwatta	Bulathwatta	GND	87	2	0	1	0	0	0
LK-6160160	Rathneggama	Rathneggama	GND	169	0	0	0	0	0	1
LK-6160165	Yatiwala	Yatiwala	GND	104	1	0	1	0	0	0
LK-6160170	Mee/Pallegama West	Mee/ Pallegama West	GND	235	1	0	0	0	0	0
LK-6160175	Mee/Medagamgoda	Mee/ Medagamgoda	GND	109	0	0	0	0	0	0
LK-6160180	Mee/Wambugamgoda	Mee/ Wambugamgoda	GND	154	0	0	0	0	0	0
LK-6160185	Mawathagama West	Mawathagama West	GND	170	0	0	0	0	0	0
LK-6160190	Samodagama	Samodagama	GND	159	0	0	0	0	0	0
LK-6160195	Ilukewela South	Ilukewela South	GND	288	1	0	0	0	0	3
LK-6160200	Ihala Weligepola	Ihala Weligepola	GND	587	9	0	0	0	0	0
LK-6160205	Akade	Akade	GND	182	2	0	0	0	0	0
LK-6160210	Waraddana	Waraddana	GND	245	7	0	1	0	0	0
LK-6160215	Wadiyagoda	Wadiyagoda	GND	299	9	0	0	0	0	2
LK-6160220	Bandaragala	Bandaragala	GND	424	5	0	1	0	0	0
LK-6160225	Singhapura	Singhapura	GND	384	5	0	0	0	0	0
LK-6160230	Paragahadeniya	Paragahadeniya	GND	557	1	0	0	0	0	0
LK-6160235	Delpaddana	Delpaddana	GND	239	3	0	0	0	0	2
LK-6160240	Kotikapala	Kotikapala	GND	281	3	0	2	0	0	3
LK-6160245	Kotikapola Ihalagama	Kotikapola Ihalagama	GND	224	0	0	0	0	0	0
LK-6160250	Mawathagama South	Mawathagama South	GND	475	4	0	0	0	0	0
LK-6160255	Meddegamgoda	Meddegamgoda	GND	166	3	0	0	0	0	0
LK-6160260	Mee/Udagama	Mee/Udagama	GND	406	8	1	1	0	0	4
LK-6160265	Gonagaldeniya	Gonagaldeniya	GND	117	3	0	0	0	0	0
LK-6160270	Gonagala	Gonagala	GND	171	2	0	0	0	0	0
LK-6160275	Dunukewatta	Dunukewatta	GND	241	8	0	0	0	0	0
LK-6160280	Kalugamuwa	Kalugamuwa	GND	245	4	0	0	0	0	0
LK-6160285	Watareka	Watareka	GND	383	4	0	0	0	0	0
LK-6160290	Katugampalagedara	Katugampalagedara	GND	165	0	0	0	0	0	0
LK-6160295	Kahapathwala North	Kahapathwala North	GND	223	3	0	0	0	0	1
LK-6160300	Malandeniya	Malandeniya	GND	326	3	0	1	0	0	0
LK-6160305	Kahapathwala	Kahapathwala	GND	330	9	0	0	0	0	0
LK-6160310	Hettipola	Hettipola	GND	233	0	0	0	0	0	7
LK-6160315	Boyagoda	Boyagoda	GND	157	5	0	0	0	0	0
LK-6160320	Udakottamulla	Udakottamulla	GND	203	2	0	0	0	0	1
LK-6160325	Metibokka	Metibokka	GND	186	3	0	0	0	0	0
LK-6160330	Kossinna	Kossinna	GND	153	2	0	0	0	0	1
LK-6160335	Eriminna	Eriminna	GND	165	0	0	0	0	0	0
LK-6160340	Uda Iguruwatta	Uda Inguruwatta	GND	107	5	0	0	0	0	0
LK-6160345	Kandehena	Kandehena	GND	119	2	0	0	0	0	0
LK-6160350	Uggalpaya	Uggalpaya	GND	149	3	0	1	0	0	0
LK-6160355	Halwahala	Halwahala	GND	87	0	0	0	0	0	0
LK-6163	Rideegama	Rideegama	DSD	26788	387	12	14	0	2	27
LK-6163005	Paragaswewa	Paragaswewa	GND	136	0	0	1	0	0	1
LK-6163010	Adapola	Adapola	GND	293	3	0	0	0	0	0
LK-6163015	Udakendawala	Udakendawala	GND	236	18	0	0	0	0	1
LK-6163020	Katiyawa	Katiyawa	GND	322	7	0	0	0	0	0
LK-6163025	Udahena	Udahena	GND	215	11	0	2	0	0	0
LK-6163030	Wanduressa	Wanduressa	GND	293	5	0	1	0	0	2
LK-6163035	Meepitiya	Meepitiya	GND	172	1	0	0	0	0	1
LK-6163040	Kanugolla	Kanugolla	GND	251	6	0	0	0	0	0
LK-6163045	Koswatta	Koswatta	GND	288	3	0	0	0	0	0
LK-6163050	Dodangahakotuwa	Dodangahakotuwa	GND	99	1	0	0	0	0	1
LK-6163055	Wegama	Wegama	GND	231	4	0	0	0	0	0
LK-6163060	Gopallawa	Gopallawa	GND	215	8	0	0	0	0	0
LK-6163065	Rathvita	Rathvita	GND	243	2	0	0	0	0	1
LK-6163070	Balawattala	Balawattala	GND	507	2	0	0	0	0	0
LK-6163075	Udattapola Pahala	Udattapola Pahala	GND	257	3	0	0	0	0	0
LK-6163080	Ihala Udattapola	Ihala Udattapola	GND	227	3	0	0	0	0	0
LK-6163085	Kotuhena	Kotuhena	GND	292	4	0	0	0	0	0
LK-6163090	Kelemulla	Kelemulla	GND	229	1	1	0	0	0	0
LK-6163095	Nithulpitiya	Nithulpitiya	GND	223	3	0	0	0	0	1
LK-6163100	Kandupalatha	Kandupalatha	GND	151	1	0	0	0	0	0
LK-6163105	Diniminiyathenna	Diniminiyathenna	GND	271	4	1	0	0	0	0
LK-6163110	Minirangama	Minirangama	GND	274	10	0	0	0	0	0
LK-6163115	Alakolamada	Alakolamada	GND	218	2	0	0	0	0	0
LK-6163120	Korossa	Korossa	GND	586	8	0	0	0	0	1
LK-6163125	Dodamgasalanada	Dodamgaslanda	GND	157	3	0	0	0	0	0
LK-6163130	Kothalawalagama	Kothalawalagama	GND	323	5	0	0	0	0	0
LK-6163135	Nuwarayaya	Nuwarayaya	GND	288	5	0	0	0	0	2
LK-6163140	Lihiniwehera	Lihiniwehera	GND	561	4	0	0	0	0	0
LK-6163145	Wewegedara	Wewegedara	GND	441	0	1	3	0	0	0
LK-6163150	Rambukandana	Rambukandana	GND	433	1	1	0	0	0	0
LK-6163155	Warakawehera	Warakawehera	GND	394	2	1	0	0	0	1
LK-6163160	Rideegama	Rideegama	GND	412	12	0	0	0	0	1
LK-6163165	Madithiyawa	Madithiyawa	GND	278	2	0	0	0	0	1
LK-6163170	Thelambugalla	Thelambugalla	GND	339	8	0	0	0	0	0
LK-6163175	Reddagoda	Reddagoda	GND	251	10	0	0	0	0	0
LK-6163180	Pallehorombuwa	Pallehorombuwa	GND	272	8	0	0	0	0	0
LK-6163185	Ginihiriya	Ginihiriya	GND	374	6	0	0	0	0	0
LK-6163190	Palleyaya	Palleyaya	GND	233	7	0	1	0	0	0
LK-6163195	Kahahena	Kahahena	GND	204	6	0	0	0	0	0
LK-6163200	Udahorombuwa	Udahorombuwa	GND	172	2	0	0	0	0	0
LK-6163205	Jankure	Jankure	GND	95	0	0	1	0	0	0
LK-6163210	Rambadagalla	Rambadagalla	GND	584	5	0	0	0	0	0
LK-6163215	Nahalla	Nahalla	GND	495	7	0	0	0	0	1
LK-6163220	Olagama	Olagama	GND	164	0	0	0	0	0	0
LK-6163225	Morathiha	Morathiha	GND	286	4	0	0	0	0	1
LK-6163230	Hunugalkadulla	Hunugalkadulla	GND	321	1	1	0	0	0	0
LK-6163235	Kavisigamuwa	Kavisigamuwa	GND	335	1	0	0	0	0	0
LK-6163240	Doranepola	Doranepola	GND	132	0	0	0	0	0	0
LK-6163245	Hunupolagedara	Hunupolagedara	GND	236	7	1	0	0	0	0
LK-6163250	Kuthurumahana	Kukurumahana	GND	218	0	1	0	0	0	0
LK-6163255	Dedurunadeegama	Dedurunadeegama	GND	166	0	0	0	0	0	0
LK-6163260	Karandagolla	Karandagolla	GND	261	1	0	0	0	0	0
LK-6163265	Ambakote	Ambakote	GND	234	5	0	0	0	0	0
LK-6163270	Kosgollepola	Kosgollepola	GND	162	2	0	0	0	0	1
LK-6163275	Kandepola	Kandepola	GND	48	0	0	0	0	0	0
LK-6163280	Gabadagama	Gabadagama	GND	83	0	0	0	0	0	0
LK-6163285	Kandegedara	Kandegedara	GND	215	4	0	0	0	0	0
LK-6163290	Haliyamulla	Haliyamulla	GND	349	2	0	0	0	1	0
LK-6163295	Welikanda	Welikanda	GND	105	5	1	0	0	0	0
LK-6163300	Kithulwala	Kithulwala	GND	144	0	0	0	0	0	0
LK-6163305	Delvita	Delvita	GND	254	10	1	1	0	0	0
LK-6163310	Goraka Ela	Goraka Ela	GND	143	2	0	0	0	0	0
LK-6163315	Pallekanda	Pallekanda	GND	228	0	0	1	0	0	0
LK-6163320	Kalugahathenna	Kalugahathenna	GND	120	5	0	0	0	0	0
LK-6163325	Kiribathgalla	Kiribathgalla	GND	205	0	0	0	0	0	0
LK-6163330	Bambaragahakanda	Bambaragahakanda	GND	157	5	1	0	0	0	0
LK-6163335	Kithulgolla	Kithulgolla	GND	121	0	0	0	0	0	0
LK-6163340	Eriyagolla	Eriyagolla	GND	267	8	0	0	0	0	0
LK-6163345	Gurumada	Gurumada	GND	178	0	0	0	0	0	0
LK-6163350	Polwatta	Polwatta	GND	240	4	0	0	0	0	0
LK-6163355	Panagamuwa	Panagamuwa	GND	135	3	0	0	0	0	0
LK-6163360	Pitiyegedara	Pitiyegedara	GND	177	0	0	0	0	0	0
LK-6163365	Hadiramulla	Hadiramulla	GND	372	4	0	0	0	0	1
LK-6163370	Ogodapola	Ogodapola	GND	319	1	0	0	0	0	0
LK-6163375	Ranthetikanda	Ranthetikanda	GND	69	2	0	0	0	0	0
LK-6163380	Gonamada	Gonamada	GND	90	3	0	0	0	0	0
LK-6163385	Buluwalakanda	Buluwalakanda	GND	86	0	0	0	0	0	0
LK-6163390	Buluwala	Buluwala	GND	216	0	0	0	0	0	0
LK-6163395	Hewenpola	Hawenpola	GND	324	9	0	1	0	0	1
LK-6163400	Kongoda	Kongoda	GND	163	1	0	0	0	0	0
LK-6163405	Akkara Panaha	Akkara Panaha	GND	204	7	0	0	0	0	3
LK-6163410	Welagedara	Welagedara	GND	340	1	0	0	0	0	0
LK-6163415	Paliella	Paliella	GND	276	3	0	0	0	0	0
LK-6163420	Metiyampotha	Metiyampotha	GND	307	4	0	0	0	0	0
LK-6163425	Gonadeniya	Gonadeniya	GND	167	3	0	0	0	0	0
LK-6163430	Medakanda	Medakanda	GND	57	0	0	0	0	0	0
LK-6163435	Medagama	Medagama	GND	193	2	0	0	0	0	0
LK-6163440	Nelaulla	Nelaulla	GND	193	6	0	0	0	0	1
LK-6163445	Malbe	Malbe	GND	234	4	0	0	0	0	0
LK-6163450	Mahawela	Mahawela	GND	497	11	0	0	0	0	0
LK-6163455	Gallawa	Gallawa	GND	280	4	0	0	0	0	0
LK-6163460	Mirissala	Mirissala	GND	148	3	0	0	0	0	0
LK-6163465	Dunumawa	Dunumawa	GND	126	2	0	0	0	0	0
LK-6163470	Galbindinaela	Galbindinaela	GND	137	1	0	0	0	0	0
LK-6163475	Kosgolla	Kosgolla	GND	138	1	0	0	0	0	0
LK-6163480	Pihimbuwa	Pihimbuwa	GND	224	0	0	0	0	0	0
LK-6163485	Maspotha	Maspotha	GND	171	4	0	0	0	0	0
LK-6163490	Erepolakanda	Erepolakanda	GND	55	0	0	0	0	0	0
LK-6163495	Siyambalangamuwa	Siyambalangamuwa	GND	205	1	0	0	0	0	0
LK-6163500	Thalgaspitiya	Thalgaspitiya	GND	165	0	0	0	0	0	0
LK-6163505	Jakaduwa	Jakaduwa	GND	199	4	0	0	0	0	0
LK-6163510	Balagala	Balagala	GND	171	1	0	0	0	0	0
LK-6163515	Pussella	Pussella	GND	287	3	0	0	0	0	0
LK-6163520	Pusselikanda	Pusselikanda	GND	105	2	0	0	0	0	0
LK-6163525	Gonigoda	Gonigoda	GND	229	1	0	0	0	0	0
LK-6163530	Meeliyadda	Meeliyadda	GND	224	3	1	0	0	0	0
LK-6163535	Kanadeniyawala	Kanadeniyawala	GND	266	2	0	1	0	0	1
LK-6163540	Ganegoda	Ganegoda	GND	160	0	0	0	0	0	0
LK-6163545	Bogamuwa	Bogamuwa	GND	290	2	0	0	0	0	3
LK-6163550	Kurukeppitiya	Kurukeppitiya	GND	158	1	0	0	0	0	0
LK-6163555	Paragoda	Paragoda	GND	201	7	0	1	0	0	0
LK-6163560	Ikiriwatta	Ikiriwatta	GND	250	5	0	0	0	0	0
LK-6163565	Niyangama	Niyangama	GND	273	7	0	0	0	1	0
LK-6166	Weerabugedara	Weerambugedara	DSD	10715	108	5	9	0	1	6
LK-6166005	Lokahettiya	Lokahettiya	GND	124	2	0	0	0	0	0
LK-6166010	Medagama	Medagama	GND	303	2	0	2	0	0	0
LK-6166015	Pathinwatta	Pathinwatta	GND	215	4	0	0	0	0	0
LK-6166020	Bamunugedara	Bamunugedara	GND	199	4	0	0	0	0	0
LK-6166025	Gallehera	Gallehera	GND	192	6	0	0	0	0	4
LK-6166030	Kadadunna	Kadadunna	GND	138	2	0	0	0	0	0
LK-6166035	Weerambugedara	Weerambugedara	GND	349	6	0	0	0	0	0
LK-6166040	Gonawa	Gonawa	GND	279	5	0	0	0	0	0
LK-6166045	Yalawa	Yalawa	GND	338	5	1	1	0	0	0
LK-6166050	Madawala North	Madawala North	GND	180	1	0	0	0	1	0
LK-6166055	Sandagala South	Sandagala South	GND	247	1	0	0	0	0	0
LK-6166060	Sandagala North	Sandagala North	GND	236	2	0	0	0	0	0
LK-6166065	Damunugala	Damunugala	GND	199	0	0	1	0	0	0
LK-6166070	Piduruwella	Piduruwella	GND	518	2	0	1	0	0	1
LK-6166075	Clovis Watta	Clovis Watta	GND	363	2	0	0	0	0	0
LK-6166080	Madawala South	Madawala South	GND	265	2	0	0	0	0	0
LK-6166085	Mudunna	Mudunna	GND	243	1	0	0	0	0	0
LK-6166090	Hanwella	Hanwella	GND	248	2	0	0	0	0	0
LK-6166095	Huruggamuwa	Huruggamuwa	GND	330	2	0	2	0	0	0
LK-6166100	Ginipenda	Ginipenda	GND	252	0	0	0	0	0	0
LK-6166105	Kalugamuwa	Kalugamuwa	GND	393	8	0	0	0	0	0
LK-6166110	Yanthampola	Yanthampola	GND	142	0	0	0	0	0	0
LK-6166115	Bulupitiya	Bulupitiya	GND	265	4	1	1	0	0	0
LK-6166120	Uhumeeya	Uhumeeya	GND	431	4	0	0	0	0	0
LK-6166125	Wewelpola	Wewelpola	GND	172	5	0	0	0	0	0
LK-6166130	Ranjanagama	Ranjanagama	GND	452	0	2	0	0	0	0
LK-6166135	Kanumale	Kanumale	GND	756	4	0	0	0	0	1
LK-6166140	Godavita	Godavita	GND	302	3	0	0	0	0	0
LK-6166145	Ambahera	Ambahera	GND	362	3	0	0	0	0	0
LK-6166150	Galabadagama	Galabadagama	GND	213	3	0	1	0	0	0
LK-6166155	Dehikumbura	Dehikumbura	GND	462	0	0	0	0	0	0
LK-6166160	Poogalla	Poogalla	GND	262	9	0	0	0	0	0
LK-6166165	Udugama	Udugama	GND	191	0	0	0	0	0	0
LK-6166170	Thammita	Thammita	GND	182	2	0	0	0	0	0
LK-6166175	Parakumbura	Parakumbura	GND	303	5	0	0	0	0	0
LK-6166180	Algama	Algama	GND	227	1	0	0	0	0	0
LK-6166185	Kaduruwella	Kaduruwella	GND	164	1	0	0	0	0	0
LK-6166190	Sevendana	Sevendana	GND	218	5	1	0	0	0	0
LK-6169	Kuliyapitiya East	Kuliyapitiya East	DSD	16258	254	3	4	1	1	19
LK-6169005	Karangamuwa	Karangamuwa	GND	357	2	0	0	0	0	0
LK-6169010	Dalupothagama	Dalupothagama	GND	338	8	1	0	0	1	0
LK-6169015	Polpitiya	Polpitiya	GND	411	3	0	0	0	0	0
LK-6169020	Pothuwewa	Pothuwewa	GND	274	3	0	0	0	0	0
LK-6169025	Kotadeniyawa	Kotadeniyawa	GND	348	4	0	0	0	0	0
LK-6169030	Thelahera	Thelahera	GND	223	9	0	0	0	0	2
LK-6169035	Nettipolagedara	Nettipolagedara	GND	391	1	0	0	0	0	0
LK-6169040	Arakyala	Arakyala	GND	629	3	1	1	0	0	0
LK-6169045	Thoranegedara	Thoranegedara	GND	343	7	0	0	0	0	0
LK-6169050	Medelpola	Medelpola	GND	393	21	0	0	0	0	0
LK-6169055	Pothuhera	Pothuhera	GND	532	7	0	0	0	0	0
LK-6169060	Kekunagolla	Kekunagolla	GND	912	12	0	1	1	0	2
LK-6169065	Dehigama	Dehigama	GND	473	1	0	0	0	0	0
LK-6169070	Siyambalagaskotuwa	Siyambalagaskotuwa	GND	677	3	0	0	0	0	1
LK-6169075	Ambahenwewa	"Ambahenwewa
"	GND	418	3	0	1	0	0	0
LK-6169080	Bogamulla	Bogamulla	GND	228	0	0	0	0	0	0
LK-6169085	Andigedara	Andigedara	GND	263	4	0	0	0	0	1
LK-6169090	Karagahagedara	Karagahagedara	GND	272	5	0	1	0	0	0
LK-6169095	Bogahapitiya	Bogahapitiya	GND	288	4	0	0	0	0	0
LK-6169100	Kureekotuwa	Kureekotuwa	GND	377	6	0	0	0	0	0
LK-6169105	Alahitiyawa	Alahitiyawa	GND	397	12	0	0	0	0	1
LK-6169110	Godagama	Godagama	GND	289	1	0	0	0	0	0
LK-6169115	Thalliyadda	"Thalliyadda
"	GND	386	29	0	0	0	0	0
LK-6169120	Konduruwapola	Konduruwapola	GND	251	8	0	0	0	0	0
LK-6169125	Barigoda	Barigoda	GND	514	3	0	0	0	0	1
LK-6169130	Ganangamuwa	Ganangamuwa	GND	330	2	0	0	0	0	0
LK-6169135	Bihalpola	Bihalpola	GND	276	0	0	0	0	0	2
LK-6169140	Udagedara	Udagedara	GND	357	7	0	0	0	0	1
LK-6169145	Horombawa	Horombawa	GND	951	13	0	0	0	0	1
LK-6169150	Molligoda	Molligoda	GND	461	5	0	0	0	0	0
LK-6169155	Kosgolla	Kosgolla	GND	511	7	0	0	0	0	1
LK-6169160	Mahagama	Mahagama	GND	214	8	0	0	0	0	0
LK-6169165	Nakkawatta	Nakkawatta	GND	249	5	0	0	0	0	0
LK-6169170	Hewanellagara	Hewanellagaraya	GND	226	4	0	0	0	0	1
LK-6169175	Ihala Muruthenge	Ihala Muruthenge	GND	404	8	0	0	0	0	2
LK-6169180	Pahala Muruthenge	Pahala Muruthenge	GND	243	4	0	0	0	0	0
LK-6169185	Galgammulla	Galgammulla	GND	281	6	0	0	0	0	2
LK-6169190	Ranasgalla	Ranasgalla	GND	152	0	0	0	0	0	0
LK-6169195	Wakkunuwala	Wakkunuwala	GND	174	1	1	0	0	0	1
LK-6169200	Etampola	Etampola	GND	265	4	0	0	0	0	0
LK-6169205	Rathneheruwa	Rathneheruwa	GND	198	2	0	0	0	0	0
LK-6169210	Deekirikewa	Deekirikewa	GND	263	3	0	0	0	0	0
LK-6169215	Panavitiya	Panavitiya	GND	309	10	0	0	0	0	0
LK-6169220	Dethawa	Dethawa	GND	198	3	0	0	0	0	0
LK-6169225	Saliyala	Saliyala	GND	212	3	0	0	0	0	0
LK-6172	Kuliyapitiya West	Kuliyapitiya West	DSD	23799	310	25	21	0	2	38
LK-6172005	Katuwella	Katuwella	GND	140	4	0	0	0	0	0
LK-6172010	Pahala Elathalawa	Pahala Elathalawa	GND	430	5	0	1	0	0	0
LK-6172015	Mawela	Mawela	GND	145	2	0	1	0	0	0
LK-6172020	Koshena	Koshena	GND	436	6	0	0	0	0	0
LK-6172025	Pahala Galpola	Pahala Galpola	GND	411	6	0	0	0	0	0
LK-6172030	Ihala Galpola	Ihala Galpola	GND	283	4	0	0	0	1	0
LK-6172035	Ihala Elathalawa	Ihala Elathalawa	GND	307	6	0	0	0	0	0
LK-6172040	Deegalla	Deegalla	GND	499	9	1	0	0	0	3
LK-6172045	Ihala Embawa	Ihala Embawa	GND	433	8	0	0	0	0	0
LK-6172050	Kabalewa	Kabalewa	GND	691	7	0	0	0	0	2
LK-6172055	Dikhera	Dikhera	GND	336	2	0	0	0	0	0
LK-6172060	Ilukhena	Ilukhena	GND	429	4	0	0	0	0	1
LK-6172065	Kumbalwala	Kumbalwala	GND	322	5	0	0	0	0	0
LK-6172070	Pallewela	Pallewela	GND	411	1	1	0	0	0	1
LK-6172075	Pahala Weerambuwa	Pahala Weerambuwa	GND	329	6	0	1	0	0	3
LK-6172080	Ihala Weerambuwa	Ihala Weerambuwa	GND	546	5	0	0	0	0	1
LK-6172085	Kurudelpotha	Kurudelpotha	GND	310	3	1	0	0	0	0
LK-6172090	Thabbomulla	Thabbomulla	GND	475	3	2	1	0	0	0
LK-6172095	Meegahakotuwa	Meegahakotuwa	GND	588	2	4	1	0	0	0
LK-6172100	Kuliyapitiya Town	Kuliyapitiya Town	GND	484	5	1	0	0	0	0
LK-6172105	Embawa	Embawa	GND	316	5	0	0	0	0	0
LK-6172110	Pahala Embawa	Pahala Embawa	GND	426	4	0	0	0	0	0
LK-6172115	Pahala Piduma	Pahala Piduma	GND	399	3	0	1	0	0	0
LK-6172120	Esseddama	Assedduma	GND	314	0	0	0	0	0	2
LK-6172125	Kongahagedara	Kongahagedara	GND	325	0	0	0	0	0	0
LK-6172130	Thummodara	Thummodara	GND	557	0	2	4	0	1	0
LK-6172135	Ihala Piduma	Ihala Piduma	GND	197	2	0	0	0	0	0
LK-6172140	Henegedara	Henegedara	GND	544	17	0	0	0	0	3
LK-6172145	Delana	Delana	GND	386	8	0	0	0	0	0
LK-6172150	Mookalanyaya	Mookalanyaya	GND	380	11	0	0	0	0	0
LK-6172155	Kirindawa	Kirindawa	GND	307	5	0	0	0	0	0
LK-6172160	Anukkane	Anukkane	GND	297	4	0	0	0	0	0
LK-6172165	Beminigalla	Beminigalla	GND	281	12	0	0	0	0	3
LK-6172170	Kumbukkotuwa	Kumbukkotuwa	GND	294	15	0	0	0	0	0
LK-6172175	Wahumuwa	Wahumuwa	GND	416	7	1	0	0	0	0
LK-6172180	Unaleeya	Unaleeya	GND	446	2	0	1	0	0	2
LK-6172185	Kithalawa	Kithalawa	GND	396	0	1	0	0	0	1
LK-6172190	Yakarawatta	Yakarawatta	GND	343	0	0	0	0	0	0
LK-6172195	Bohingamuwa	Bohingamuwa	GND	383	3	1	4	0	0	0
LK-6172200	Haggamuwa	Haggamuwa	GND	203	5	0	0	0	0	0
LK-6172205	Galahitiyawa	Galahitiyawa	GND	656	8	1	0	0	0	1
LK-6172210	Dandagamuwa East	Dandagamuwa East	GND	364	2	6	1	0	0	0
LK-6172215	Dandagamuwa West	Dandagamuwa West	GND	353	4	0	1	0	0	2
LK-6172220	Pahala Kalugamuwa	Pahala Kalugamuwa	GND	368	4	1	0	0	0	0
LK-6172225	Mahimpitiya	Mahimpitiya	GND	297	1	1	0	0	0	0
LK-6172230	Madakumburumulla	Madakumburumulla	GND	397	8	0	1	0	0	0
LK-6172235	Thalahitimulla	Thalahitimulla	GND	216	2	0	0	0	0	0
LK-6172240	Weralugama	Weralugama	GND	394	5	0	0	0	0	1
LK-6172245	Ihala Kalugamuwa	Ihala Kalugamuwa	GND	481	9	0	0	0	0	8
LK-6172250	Hammalawa	Hammalawa	GND	320	1	1	0	0	0	0
LK-6172255	Galagedara	Galagedara	GND	123	9	0	0	0	0	0
LK-6172260	Pitadeniya	Pitadeniya	GND	181	0	0	0	0	0	0
LK-6172265	Diyadora	Diyadora	GND	271	7	0	0	0	0	1
LK-6172270	Inguruwatta	Inguruwatta	GND	474	1	0	0	0	0	0
LK-6172275	Diyadora Ihala Watta	Diyadora Ihala Watta	GND	406	10	0	0	0	0	0
LK-6172280	Narangalla	Narangalla	GND	463	5	0	0	0	0	0
LK-6172285	Wadugedara	Wadugedara	GND	174	1	0	0	0	0	0
LK-6172290	Kongolla	Kongolla	GND	305	2	0	0	0	0	0
LK-6172295	Ihala Ennaruwa	Ihala Ennaruwa	GND	203	3	0	0	0	0	2
LK-6172300	Deeyawala	Deeyawala	GND	228	3	0	0	0	0	0
LK-6172305	Udihitimulla	Udihitimulla	GND	161	1	0	0	0	0	0
LK-6172310	Ketawalegedara	Ketawalegedara	GND	179	3	0	2	0	0	0
LK-6172315	Eluwapola	Eluwapola	GND	223	2	0	0	0	0	0
LK-6172320	Kandegedara	Kandegedara	GND	212	1	0	0	0	0	0
LK-6172325	Katuwattewela	Katuwattewela	GND	352	11	0	1	0	0	1
LK-6172330	Edandewela	Edandewela	GND	179	0	0	0	0	0	0
LK-6172335	Wewagama	Wewagama	GND	264	7	0	0	0	0	0
LK-6172340	Degammeda	Degammeda	GND	340	4	0	0	0	0	0
LK-6175	Udubaddawa	Udubaddawa	DSD	15685	159	9	8	0	0	24
LK-6175005	Ihala Weerakodiyana	Ihala Weerakodiyana	GND	294	6	1	0	0	0	0
LK-6175010	Kovulwewa	Kovulwewa	GND	342	3	0	0	0	0	1
LK-6175015	Pahala Weerakodiyana	Pahala Weerakodiyana	GND	317	6	0	1	0	0	1
LK-6175020	Rantetiyawa	Ranthetiyawa	GND	214	1	0	0	0	0	0
LK-6175025	Wathuwatta	Wathuwatta	GND	294	3	0	0	0	0	0
LK-6175030	Habarawewa	Habarawewa	GND	298	2	1	0	0	0	0
LK-6175035	Kekunawala	Kekunawala	GND	503	2	0	0	0	0	0
LK-6175040	Kandayaya	Kandayaya	GND	232	8	0	0	0	0	1
LK-6175045	Kappangamuwa	Kappangamuwa	GND	397	6	1	0	0	0	0
LK-6175050	Kahadenigama	Kahadenigama	GND	223	3	1	0	0	0	0
LK-6175055	Divurumpola	Divurumpola	GND	355	4	0	0	0	0	0
LK-6175060	Pahala Yagamwela	Pahala Yagamwela	GND	477	1	0	0	0	0	0
LK-6175065	Ihala Yagamwela	Ihala Yagamwela	GND	300	7	0	0	0	0	2
LK-6175070	Gahalagaswala	Gahalagaswala	GND	322	2	0	0	0	0	0
LK-6175075	Siyambalagasruppa East	Siyambalagasruppa East	GND	323	3	0	0	0	0	0
LK-6175080	Siyambalagasruppa West	Siyambalagasruppa West	GND	718	2	0	0	0	0	5
LK-6175085	Dummalasooriya	Dummalasooriya	GND	214	1	0	0	0	0	0
LK-6175090	Thunthota	Thunthota	GND	230	2	2	0	0	0	0
LK-6175095	Kattimahana	Kattimahana	GND	291	1	2	0	0	0	0
LK-6175100	Palugamuwa	Palugamuwa	GND	482	2	0	2	0	0	0
LK-6175105	Karandavila	Karandavila	GND	318	1	0	0	0	0	0
LK-6175110	Bunnehepola	Bunnehepola	GND	710	8	0	1	0	0	0
LK-6175115	Ihalagama North	Ihalagama North	GND	290	3	0	1	0	0	1
LK-6175120	Paranagama	Paranagama	GND	367	5	0	0	0	0	1
LK-6175125	Pahalagama	Pahalagama	GND	395	9	0	1	0	0	1
LK-6175130	Ihalagama South	Ihalagama South	GND	342	0	0	0	0	0	1
LK-6175135	Mahaagara	Mahaagara	GND	624	10	0	0	0	0	1
LK-6175140	Henegedara	Henegedara	GND	313	4	0	0	0	0	0
LK-6175145	Kanubichchiya	Kanubichchiya	GND	287	3	0	0	0	0	0
LK-6175150	Polgaha Agara	Polgaha Agara	GND	212	5	0	0	0	0	0
LK-6175155	Dunakadeniya North	Dunakadeniya North	GND	452	3	0	0	0	0	0
LK-6175160	Udadeniya	Udadeniya	GND	333	2	0	0	0	0	0
LK-6175165	Meegahapelessa	Meegahapelessa	GND	428	3	0	0	0	0	0
LK-6175170	Bibiladeniya	Bibiladeniya	GND	609	3	0	1	0	0	2
LK-6175175	Ammanamulla	Ammanamulla	GND	247	16	0	0	0	0	0
LK-6175180	Walpitagama	Walpitagama	GND	334	1	0	0	0	0	1
LK-6175185	Horathepola	Horathepola	GND	447	4	0	0	0	0	6
LK-6175190	Nawasigahawatta	Nawasigahawatta	GND	381	4	0	0	0	0	0
LK-6175195	Kootharippuwa	Kootharippuwa	GND	280	3	1	0	0	0	0
LK-6175200	Dunakadeniya South	Dunakadeniya South	GND	520	3	0	0	0	0	0
LK-6175205	Kumbukgahamulla	Kumbukgahamulla	GND	298	1	0	1	0	0	0
LK-6175210	Ilippugamuwa	Ilippugamuwa	GND	393	1	0	0	0	0	0
LK-6175215	Kumara Udawela	Kumara Udawela	GND	279	2	0	0	0	0	0
LK-6178	Pannala	Pannala	DSD	38461	491	19	23	0	3	37
LK-6178005	Gallehemulla	Gallehemulla	GND	327	7	0	0	0	0	0
LK-6178010	Nabirittankadawara	Nabirittankadawara	GND	660	9	1	0	0	0	0
LK-6178015	Udugama	Udugama	GND	448	5	0	1	0	0	0
LK-6178020	Pethigodagedara	Pethigodagedara	GND	445	12	0	0	0	0	0
LK-6178025	Eriyagolla	Eriyagolla	GND	826	12	0	1	0	0	0
LK-6178030	Yatattawala	Yatattawala	GND	328	7	0	0	0	0	1
LK-6178035	Thelambugammana	Thelambugammana	GND	328	5	0	0	0	0	1
LK-6178040	Ingaradavula	Ingaradavula	GND	325	2	0	0	0	0	1
LK-6178045	Mohottawa	Mohottawa	GND	281	2	0	0	0	0	1
LK-6178050	Batapotha Ela	Batapotha Ela	GND	397	7	0	1	0	0	1
LK-6178055	Katugampala	Katugampala	GND	460	3	0	1	0	0	0
LK-6178060	Hamanagoda	Hamanagoda	GND	240	2	0	0	0	0	0
LK-6178065	Mummana	Mummana	GND	383	12	0	0	0	0	0
LK-6178070	Wattegedara	Wattegedara	GND	325	9	0	1	0	0	1
LK-6178075	Wettewa	Wettewa	GND	391	7	0	2	0	0	0
LK-6178080	Kavudumunna	Kavudumunna	GND	459	2	0	0	0	0	1
LK-6178085	Hamangalla	Hamangalla	GND	370	9	0	0	0	0	0
LK-6178090	Narangoda South	Narangoda South	GND	278	5	0	0	0	0	2
LK-6178095	Narangoda North	Narangoda North	GND	434	2	0	0	0	0	0
LK-6178100	Erepola	Erepola	GND	454	6	0	1	0	0	2
LK-6178105	Madigepola	Madigepola	GND	219	4	0	0	0	0	1
LK-6178110	Hengawa	Hengawa	GND	361	4	0	0	0	0	2
LK-6178115	Paragammana	Paragammana	GND	474	12	0	0	0	0	5
LK-6178120	Nedalagamuwa North	Nedalagamuwa North	GND	473	8	0	0	0	0	0
LK-6178125	Nedalagamuwa South	Nedalagamuwa South	GND	498	8	0	0	0	0	0
LK-6178130	Yayamulla	Yayamulla	GND	298	3	0	2	0	1	0
LK-6178135	Raddalana	Raddalana	GND	339	1	0	0	0	0	0
LK-6178140	Waguruwela	Waguruwela	GND	248	2	0	2	0	0	1
LK-6178145	Muthugalayagama	Mutugalayayagama	GND	458	6	0	0	0	0	0
LK-6178150	Kandepola	Kandepola	GND	436	2	0	0	0	0	1
LK-6178155	Hundirapola	Hundirapola	GND	446	3	0	0	0	0	0
LK-6178160	Welpalla	Welpalla	GND	355	2	0	0	0	0	2
LK-6178165	Daraluwa	Daraluwa	GND	562	12	1	1	0	0	0
LK-6178170	Hunuvila	Hunuvila	GND	331	1	0	1	0	0	0
LK-6178175	Kongoda	Kongoda	GND	280	4	1	0	0	0	0
LK-6178180	Werahera	Werahera	GND	484	9	0	0	0	0	0
LK-6178185	Bowatta	Bowatta	GND	421	3	0	0	0	0	0
LK-6178190	Koodalupotta	Koodalupotta	GND	561	13	1	0	0	0	0
LK-6178195	Bammanna	Bammanna	GND	504	3	1	0	0	0	0
LK-6178200	Kadirapola	Kadirapola	GND	308	1	0	0	0	0	0
LK-6178205	Mahingamuwa	Mahingamuwa	GND	512	8	0	0	0	0	0
LK-6178210	Dodampotta	Dodampotta	GND	275	3	0	0	0	0	0
LK-6178215	Konduruwawela	Konduruwawela	GND	334	12	0	0	0	0	0
LK-6178220	Meddepola Pahala	Meddepola Pahala	GND	388	12	0	1	0	0	0
LK-6178225	Maharagama	Maharagama	GND	636	3	0	0	0	0	2
LK-6178230	Meddepola Ihala	Meddepola Ihala	GND	219	3	1	0	0	0	0
LK-6178235	Siyambalawalana	Siyambalawalana	GND	199	4	0	0	0	0	0
LK-6178240	Ihala Labbala	Ihala Labbala	GND	238	4	0	0	0	0	0
LK-6178245	Ihala Kotuwella	Ihala Kotuwella	GND	346	1	0	0	0	1	0
LK-6178250	Horawadunna	Horawadunna	GND	478	3	0	1	0	0	0
LK-6178255	Elabadagama East	Elabadagama East	GND	886	6	1	0	0	0	0
LK-6178260	Elabadagama North	Elabadagama North	GND	652	7	0	0	0	0	0
LK-6178265	Elabadagama West	Elabadagama West	GND	749	10	1	0	0	0	0
LK-6178270	Mookalana	Mookalana	GND	248	2	0	0	0	0	0
LK-6178275	Makandura Ihala	Makandura Ihala	GND	856	4	1	1	0	0	0
LK-6178280	Elivila	Elivila	GND	372	5	2	0	0	0	0
LK-6178285	Gonulla East	Gonulla East	GND	333	5	0	0	0	0	0
LK-6178290	Indivinna	Indivinna	GND	462	9	0	0	0	0	0
LK-6178295	Hettirippuwa	Hettirippuwa	GND	325	2	0	0	0	0	0
LK-6178300	Villiyagama	Villiyagama	GND	302	5	0	0	0	0	1
LK-6178305	Gonulla West	Gonulla West	GND	445	13	0	1	0	0	2
LK-6178310	Irabadagama	Irabadagama	GND	633	16	0	0	0	0	0
LK-6178315	Wetakeyawa	Wetakeyawa	GND	516	1	0	0	0	0	2
LK-6178320	Makandura Pahala	Makandura Pahala	GND	465	0	0	0	0	0	0
LK-6178325	Panwalakumbura	Panwalakumbura	GND	524	3	0	0	0	1	0
LK-6178330	Hendiyagala	Hendiyagala	GND	722	12	0	0	0	0	1
LK-6178335	Sandalankawa	Sandalankawa	GND	582	8	0	0	0	0	0
LK-6178340	Thambakanda	Thambakanda	GND	337	4	0	0	0	0	0
LK-6178345	Nalawalana	Nalawalana	GND	571	11	0	1	0	0	0
LK-6178350	Medirivila	Medirivila	GND	411	4	0	0	0	0	0
LK-6178355	Pahala Galayaya	Pahala Galayaya	GND	603	2	2	2	0	0	0
LK-6178360	Ihala Galayaya	Ihala Galayaya	GND	423	1	0	0	0	0	0
LK-6178365	Pannala	Pannala	GND	623	3	0	0	0	0	0
LK-6178370	Kekillapitiya	Kekillapitiya	GND	446	10	0	0	0	0	0
LK-6178375	Maholawa	Maholawa	GND	634	5	0	0	0	0	1
LK-6178380	Thalammehera	Thalammehera	GND	713	11	0	0	0	0	1
LK-6178385	Badabedda	Badabedda	GND	684	5	2	1	0	0	0
LK-6178390	Kohombapola	Kohombapola	GND	314	8	0	0	0	0	0
LK-6178395	Elibichchiya	Elibichchiya	GND	308	2	0	0	0	0	0
LK-6178400	Mellawalana	Mellawalana	GND	468	14	1	0	0	0	0
LK-6178405	Pahala Labbala	Pahala Labbala	GND	314	2	0	0	0	0	1
LK-6178410	Bopitiya	Bopitiya	GND	596	2	2	0	0	0	2
LK-6178415	Balawala	Balawala	GND	360	6	0	0	0	0	0
LK-6178420	Mattegama	Mattegama	GND	466	2	1	1	0	0	1
LK-6178425	Wellewa	Wellewa	GND	567	9	0	0	0	0	0
LK-6178430	Narangamuwa	Narangamuwa	GND	339	0	0	0	0	0	0
LK-6178435	Malgamuwa	Malgamuwa	GND	372	3	0	0	0	0	0
LK-6181	Narammala	Narammala	DSD	16748	273	9	9	0	2	35
LK-6181005	Pahamune	Pahamune	GND	408	4	0	0	0	0	1
LK-6181010	Kadahapola	Kadahapola	GND	516	7	0	0	0	0	0
LK-6181015	Penthenigoda	Penthenigoda	GND	418	9	0	2	0	0	1
LK-6181020	Ganegoda	Ganegoda	GND	151	6	0	0	0	0	0
LK-6181025	Meewewa	Meewewa	GND	217	3	1	0	0	0	0
LK-6181030	Dangolla	Dangolla	GND	295	3	0	0	0	0	0
LK-6181035	Meewewa/ Bemmullegedara	Meewewa / Bemmullegedara	GND	242	1	0	0	0	0	3
LK-6181040	Puwakgahakotuwa	Puwakgahakotuwa	GND	212	3	0	0	0	0	0
LK-6181045	Polgahayaya	Polgahayaya	GND	415	3	0	0	0	0	0
LK-6181050	Ginigathpitiya	Ginigathpitiya	GND	358	2	0	0	0	0	1
LK-6181055	Dambagirigama East	Dambagirigama East	GND	360	2	0	0	0	0	2
LK-6181060	Medagoda	Medagoda	GND	241	3	1	0	0	0	0
LK-6181065	Dambagirigama West	Dambagirigama West	GND	296	5	0	0	0	0	4
LK-6181070	Narammala	Narammala	GND	549	2	0	0	0	0	0
LK-6181075	Ranawatta	Ranawatta	GND	294	11	0	0	0	0	0
LK-6181080	Senanayaka Colony	Senanayaka Colony	GND	157	2	1	0	0	0	0
LK-6181085	Kottapitiya	Kottapitiya	GND	148	5	0	0	0	0	0
LK-6181090	Ambagammana	Ambagammana	GND	255	2	1	0	0	0	0
LK-6181095	Yakkavita	Yakkavita	GND	187	3	0	1	0	0	0
LK-6181100	Halwella	Halwella	GND	757	24	0	0	0	1	3
LK-6181105	Rammuthugala	Rammuthugala	GND	187	0	4	0	0	0	0
LK-6181110	Welikumbura	Welikumbura	GND	282	6	0	0	0	0	0
LK-6181115	Dampelessa	Dampelessa	GND	312	2	0	0	0	0	2
LK-6181120	Kivulegedara	Kivulegedara	GND	364	16	0	0	0	0	0
LK-6181125	Polwattegedara	Polwattegedara	GND	271	3	0	0	0	0	0
LK-6181130	Karalappala	Karalappala	GND	175	2	0	0	0	0	1
LK-6181135	Embalapola	Embalapola	GND	113	7	0	0	0	0	0
LK-6181140	Weragala	Weragala	GND	239	2	0	0	0	0	2
LK-6181145	Rangallepola	Rangallepola	GND	219	2	0	0	0	0	0
LK-6181150	Nakalagamuwa	Nakalagamuwa	GND	173	1	0	0	0	0	0
LK-6181155	Godakooruwa	Godakooruwa	GND	273	9	0	1	0	0	0
LK-6181160	Kivulgalla	Kivulgalla	GND	710	6	0	0	0	0	0
LK-6181165	Eriyagolla	Eriyagolla	GND	210	2	0	0	0	0	0
LK-6181170	Metiyagane West	Metiyagane West	GND	199	3	0	0	0	0	0
LK-6181175	Maravita	Maravita	GND	409	6	0	0	0	0	1
LK-6181180	Muthugala East	Muthugala East	GND	311	2	0	0	0	0	1
LK-6181185	Metiyagane East	Metiyagane East	GND	334	2	0	1	0	1	0
LK-6181190	Kasungama	Kasungama	GND	321	4	0	0	0	0	0
LK-6181195	Pelawatta	Pelawatta	GND	302	11	0	1	0	0	1
LK-6181200	Pothupitiya	Pothupitiya	GND	253	2	1	0	0	0	0
LK-6181205	Muthugala West	Muthugala West	GND	244	9	0	0	0	0	0
LK-6181210	Dambadeniya South	Dambadeniya South	GND	559	3	0	0	0	0	1
LK-6181215	Dambadeniya North	Dambadeniya North	GND	186	0	0	0	0	0	0
LK-6181220	Udawelawatta	Udawelawatta	GND	257	6	0	0	0	0	0
LK-6181225	Riligala	Riligala	GND	524	12	0	0	0	0	0
LK-6181230	Athuruwala	Athuruwala	GND	545	5	0	1	0	0	1
LK-6181235	Puskoladeniya	Puskoladeniya	GND	320	4	0	1	0	0	0
LK-6181240	Delikanu Anga	Delikanu Anga	GND	245	3	0	0	0	0	1
LK-6181245	Kudagammana	Kudagammana	GND	382	5	0	0	0	0	2
LK-6181250	Riloluwa	Riloluwa	GND	216	2	0	0	0	0	0
LK-6181255	Handapangala	Handapangala	GND	272	5	0	0	0	0	0
LK-6181260	Paranagama	Paranagama	GND	196	2	0	0	0	0	1
LK-6181265	Marandagolla	Maradagolla	GND	415	10	0	1	0	0	6
LK-6181270	Epaladeniya	Epaladeniya	GND	254	19	0	0	0	0	0
LK-6184	Alawwa	Alawwa	DSD	18647	411	5	14	0	0	30
LK-6184005	Vilgamuwa	Vilgamuwa	GND	228	7	0	0	0	0	0
LK-6184010	Vilgamuwa Watta	Vilgamuwa Watta	GND	177	4	0	0	0	0	1
LK-6184015	Wennoruwa West	Wennoruwa West	GND	255	4	0	1	0	0	1
LK-6184020	Wennoruwa East	Wennoruwa East	GND	303	5	0	0	0	0	0
LK-6184025	Damunupola	Damunupola	GND	200	3	0	0	0	0	1
LK-6184030	Pannala	Pannala	GND	295	1	1	0	0	0	1
LK-6184035	Nungamuwa Pahala	Nungamuwa Pahala	GND	211	1	0	0	0	0	1
LK-6184040	Wadawa	Wadawa	GND	242	5	0	0	0	0	1
LK-6184045	Nungamuwa Ihala	Nungamuwa Ihala	GND	187	0	0	0	0	0	0
LK-6184050	Dehelgamuwa	Dehelgamuwa	GND	187	6	1	1	0	0	1
LK-6184055	Ihala Wettewa	Ihala Wettewa	GND	247	8	0	1	0	0	0
LK-6184060	Kiriwanapola	Kiriwanapola	GND	269	12	0	0	0	0	0
LK-6184065	Kandegedara South	Kandegedara South	GND	216	4	0	0	0	0	0
LK-6184070	Welikare	Welikare	GND	236	2	0	0	0	0	0
LK-6184075	Galgamuwa North	Galgamuwa North	GND	261	4	0	0	0	0	0
LK-6184080	Galgamuwa South	Galgamuwa South	GND	224	3	0	1	0	0	1
LK-6184085	Pangolla	Pangolla	GND	229	1	0	0	0	0	0
LK-6184090	Kandegedara North	Kandegedara North	GND	260	10	0	1	0	0	1
LK-6184095	Divulgahakotuwa	Divulgahakotuwa	GND	202	1	0	0	0	0	0
LK-6184100	Waduwawa	Waduwawa	GND	441	7	0	0	0	0	0
LK-6184105	Lewdeniya	Lewdeniya	GND	222	4	0	1	0	0	0
LK-6184110	Poramadala	Poramadala	GND	331	6	0	0	0	0	2
LK-6184115	Galatharaya	Galatharaya	GND	139	4	0	0	0	0	0
LK-6184120	Hinnarapola	Hinnarapola	GND	191	1	0	0	0	0	0
LK-6184125	Nugawela	Nugawela	GND	424	13	0	0	0	0	0
LK-6184130	Maharachchimulla	Maharachchimulla	GND	212	8	0	0	0	0	2
LK-6184135	Pahala Kalalpitiya	Pahala Kalalpitiya	GND	321	12	0	0	0	0	1
LK-6184140	Henduwawa	Henduwawa	GND	229	3	0	0	0	0	0
LK-6184145	Kendagolla	Kendagolla	GND	235	1	0	0	0	0	0
LK-6184150	Boyawalana	Boyawalana	GND	230	2	0	0	0	0	0
LK-6184155	Henduwawa Colony	Henduwawa Colony	GND	321	15	0	0	0	0	0
LK-6184160	Ihala Kalalpitiya	Ihala Kalalpitiya	GND	211	7	0	0	0	0	0
LK-6184165	Medagampola	Medagampola	GND	285	6	0	1	0	0	1
LK-6184170	Maldeniya	Maldeniya	GND	175	4	0	0	0	0	0
LK-6184175	Koholana	Koholana	GND	504	14	0	5	0	0	1
LK-6184180	Ihala Walakumbura	Ihala Walakumbura	GND	360	4	0	0	0	0	0
LK-6184185	Yatigaloluwa	Yatigaloluwa	GND	311	9	0	0	0	0	0
LK-6184190	Pahala Walakumbura	Pahala Walakumbura	GND	323	4	0	0	0	0	0
LK-6184195	Alawwa South	Alawwa South	GND	604	19	2	0	0	0	1
LK-6184200	Alawwa North	Alawwa North	GND	582	11	0	0	0	0	0
LK-6184205	Kebellavita	Kebellavita	GND	202	5	0	0	0	0	0
LK-6184210	Humbuluwa East	Humbuluwa East	GND	373	6	0	0	0	0	0
LK-6184215	Humbuluwa West	Humbuluwa West	GND	503	1	1	0	0	0	0
LK-6184220	Imbulgoda	Imbulgoda	GND	177	7	0	0	0	0	0
LK-6184225	Keppitiwalana	Keppitiwalana	GND	413	3	0	0	0	0	0
LK-6184230	Madawala	Madawala	GND	243	26	0	0	0	0	0
LK-6184235	Othara Kiruwampola	Othara Kiruwampola	GND	197	6	0	0	0	0	2
LK-6184240	Nebadawathura	Nebadawathura	GND	244	15	0	0	0	0	0
LK-6184245	Galdeniya	Galdeniya	GND	150	1	0	0	0	0	0
LK-6184250	Kanameewala	Kanameewala	GND	199	2	0	0	0	0	0
LK-6184255	Wedeniya	Wedeniya	GND	244	1	0	0	0	0	1
LK-6184260	Nawathalwatta	Nawathalwatta	GND	378	9	0	0	0	0	1
LK-6184265	Thumbulla	Thumbulla	GND	427	4	0	0	0	0	1
LK-6184270	Abbowa	Abbowa	GND	635	13	0	0	0	0	1
LK-6184275	Paramaulla	Paramaulla	GND	491	6	0	0	0	0	0
LK-6184280	Galpottepola	Galpottepola	GND	264	3	0	0	0	0	1
LK-6184285	Miriheliya	Miriheliya	GND	337	7	0	0	0	0	3
LK-6184290	Pallemorugama	Pallemorugama	GND	178	0	0	0	0	0	0
LK-6184295	Udakekulawala	Udakekulawala	GND	209	8	0	0	0	0	0
LK-6184300	Udagankanda	Udagankanda	GND	281	16	0	0	0	0	0
LK-6184305	Wewala	Wewala	GND	246	5	0	0	0	0	1
LK-6184310	Pallekekulawala	Pallekekulawala	GND	193	10	0	2	0	0	0
LK-6184315	Yattalgoda	Yattalgoda	GND	190	2	0	0	0	0	0
LK-6184320	Bowala	Bowala	GND	266	4	0	0	0	0	1
LK-6184325	Bujjomuwa	Bujjomuwa	GND	333	6	0	0	0	0	1
LK-6184330	Kendahena	Kendahena	GND	194	10	0	0	0	0	0
LK-6187	Polgahawela	Polgahawela	DSD	18909	216	0	11	0	1	19
LK-6187005	Ahugoda East	Ahugoda East	GND	298	1	0	0	0	0	0
LK-6187010	Amunugama	Amunugama	GND	300	1	0	0	0	0	0
LK-6187015	Gammana	Gammana	GND	202	3	0	0	0	0	0
LK-6187020	Pothuhera East	Pothuhera East	GND	213	1	0	0	0	0	0
LK-6187025	Pothuhera West	Pothuhera West	GND	395	3	0	0	0	0	0
LK-6187030	Ahugoda Meda	Ahugoda Meda	GND	170	2	0	0	0	0	0
LK-6187035	Ahugoda West	Ahugoda West	GND	174	1	0	0	0	0	0
LK-6187040	Mahapitiya	Mahapitiya	GND	161	0	0	0	0	0	0
LK-6187045	Dewategedara	Dewate Gedara	GND	69	0	0	0	0	0	0
LK-6187050	Hiripathwella	Hiripathwella	GND	226	2	0	1	0	0	0
LK-6187055	Ginneriya	Ginneriya	GND	111	0	0	0	0	0	0
LK-6187060	Wadakada	Wadakada	GND	220	0	0	0	0	0	1
LK-6187065	Habarawa	Habarawa	GND	150	3	0	0	0	0	0
LK-6187070	Embalawatta	Embalawatta	GND	115	2	0	0	0	0	0
LK-6187075	Lihinigiriya	Lihinigiriya	GND	141	0	0	0	0	0	0
LK-6187080	Medalassa Kalugamuwa	Medalassa Kalugamuwa	GND	131	3	0	0	0	0	0
LK-6187085	Yatihena	Yatihena	GND	102	0	0	0	0	0	0
LK-6187090	Maningamuwa	Maningamuwa	GND	138	3	0	0	0	0	1
LK-6187095	Mawathagama	Mawathagama	GND	154	1	0	0	0	0	0
LK-6187100	Mandawela	Mandawela	GND	165	0	0	0	0	0	0
LK-6187105	Kureepotta	Kureepotta	GND	206	1	0	0	0	0	0
LK-6187110	Arambepola	Arambepola	GND	201	2	0	0	0	0	0
LK-6187115	Handugala	Handugala	GND	364	5	0	0	0	0	0
LK-6187120	Bevilgamuwa East	Bevilgamuwa East	GND	272	4	0	0	0	0	0
LK-6187125	Bevilgamuwa West	Bevilgamuwa West	GND	120	0	0	0	0	0	0
LK-6187130	Thiyador Watta	Thiyador Watta	GND	166	0	0	0	0	0	0
LK-6187135	Dembegoda	Dembegoda	GND	130	0	0	0	0	0	0
LK-6187140	Imbulana	Imbulana	GND	151	1	0	1	0	0	0
LK-6187145	Kebilittawala	Kebilittawala	GND	195	2	0	0	0	0	5
LK-6187150	Egalla	Egalla	GND	293	3	0	0	0	0	0
LK-6187155	Gallenamulla	Gallenamulla	GND	202	4	0	0	0	0	0
LK-6187160	Udapola	Udapola	GND	178	4	0	0	0	0	0
LK-6187165	Kaluhendiwala	Kaluhendiwala	GND	100	0	0	1	0	0	0
LK-6187170	Thalawattegedara	Thalawattegedara	GND	212	2	0	0	0	0	1
LK-6187175	Kolambalamulla	Kolambalamulla	GND	119	2	0	0	0	0	0
LK-6187180	Parabevila	Parabevila	GND	400	0	0	0	0	0	0
LK-6187185	Koradoluwa	Koradoluwa	GND	213	5	0	0	0	0	0
LK-6187190	Walagammulla	Walagammulla	GND	204	0	0	0	0	0	0
LK-6187195	Kendahena	Kendahena	GND	97	0	0	0	0	0	0
LK-6187200	Polpitiya North	Polpitiya North	GND	110	2	0	0	0	0	0
LK-6187205	Poojapitiya	Poojapitiya	GND	80	0	0	0	0	0	0
LK-6187210	Polambe	Polambe	GND	82	0	0	0	0	0	0
LK-6187215	Hondella	Hondella	GND	319	5	0	0	0	0	0
LK-6187220	Imbulgoda	Imbulgoda	GND	191	1	0	1	0	0	0
LK-6187225	Barahelagamuwa	Barahelagamuwa	GND	174	1	0	0	0	0	0
LK-6187230	Dewalepola	Dewalepola	GND	232	1	0	0	0	1	0
LK-6187235	Ihala Udapola	Ihala Udapola	GND	136	1	0	1	0	0	2
LK-6187240	Divulkumbura	Divulkumbura	GND	157	0	0	0	0	0	0
LK-6187245	Bandawa	Bandawa	GND	614	9	0	0	0	0	1
LK-6187250	Hathalispahuwa	Hathalispahuwa	GND	137	3	0	0	0	0	0
LK-6187255	Rathmalgoda	Rathmalgoda	GND	272	4	0	0	0	0	0
LK-6187260	Kollura	Kollura	GND	161	0	0	0	0	0	0
LK-6187265	Wellewa	Wellewa	GND	306	2	0	0	0	0	0
LK-6187270	Polpitiya South	Polpitiya South	GND	159	2	0	0	0	0	0
LK-6187275	Nahakotamada	Nahakotamada	GND	109	6	0	0	0	0	0
LK-6187280	Aragoda	Aragoda	GND	264	1	0	0	0	0	0
LK-6187285	Sunilagama	Sunilagama	GND	203	1	0	0	0	0	0
LK-6187290	Denagamuwa	Denagamuwa	GND	463	5	0	1	0	0	0
LK-6187295	Madalagama	Madalagama	GND	256	0	0	0	0	0	0
LK-6187300	Godawela	Godawela	GND	196	0	0	0	0	0	0
LK-6187305	Kotambule	Kotambule	GND	197	4	0	0	0	0	0
LK-6187310	Mawatta	Mawatta	GND	212	6	0	1	0	0	0
LK-6187315	Weeragala	Weeragala	GND	137	6	0	0	0	0	0
LK-6187320	Yogamuwakanda	Yogamuwakanda	GND	114	2	0	0	0	0	0
LK-6187325	Epakanda	Epakanda	GND	333	12	0	0	0	0	1
LK-6187330	Ganegoda North	Ganegoda North	GND	168	1	0	0	0	0	0
LK-6187335	Delgolla	Delgolla	GND	266	2	0	0	0	0	0
LK-6187340	Gorokgahapotta	Gorokgahapotta	GND	205	6	0	0	0	0	1
LK-6187345	Godigamuwa	Godigamuwa	GND	292	7	0	0	0	0	0
LK-6187350	Udukedeniya	Udukedeniya	GND	264	11	0	0	0	0	0
LK-6187355	Panaliya North	Panaliya North	GND	260	2	0	1	0	0	3
LK-6187360	Tenpana	Tenpana	GND	285	6	0	0	0	0	0
LK-6187365	Kuleepitiya North	Kuleepitiya North	GND	230	5	0	0	0	0	0
LK-6187370	Ganegoda South	Ganegoda South	GND	269	1	0	1	0	0	0
LK-6187375	Polgahawela North	Polgahawela North	GND	353	1	0	0	0	0	1
LK-6187380	Meddalanda	Meddalanda	GND	368	4	0	0	0	0	2
LK-6187385	Morugama	Morugama	GND	308	4	0	1	0	0	0
LK-6187390	Galbadagama	Galbadagama	GND	193	3	0	0	0	0	0
LK-6187395	Weligodapitiya	Weligodapitiya	GND	299	5	0	0	0	0	0
LK-6187400	Polgahawela South	Polgahawela South	GND	492	5	0	0	0	0	0
LK-6187405	Kuleepitiya South	Kuleepitiya South	GND	321	1	0	0	0	0	0
LK-6187410	Serapees Watta	Serapees Watta	GND	324	4	0	0	0	0	0
LK-6187415	Panaliya South	Panaliya South	GND	242	8	0	0	0	0	0
LK-6187420	Oruliyadda	Oruliyadda	GND	698	5	0	1	0	0	0
LK-62	Puttalam	Puttalam	DISTRICT	227761	4800	240	743	24	127	332
LK-6203	Kalpitiya	Kalpitiya	DSD	23121	1054	27	312	12	105	37
LK-6203005	Duechbay	Dutchbay	GND	128	84	10	127	0	0	0
LK-6203010	Palliyawatta	Palliyawatta	GND	0	23	0	146	11	0	0
LK-6203015	Anawasala	Anawasala	GND	911	58	1	2	0	2	4
LK-6203020	Sinnakudirippu	Sinnakudirippu	GND	259	2	0	8	0	0	0
LK-6203025	Wanni Mundalama	Wanni Mundalama	GND	622	27	0	0	0	0	5
LK-6203030	Mandalakudawa	Mandalakudawa	GND	1598	33	0	0	0	0	1
LK-6203035	Periyakudirippu	Periyakudirippu	GND	254	2	0	10	0	1	0
LK-6203040	Pudukudirippuwa	Pudukudirippuwa	GND	512	29	5	0	0	0	0
LK-6203045	Kandakuliya Kudawa	Kandakuliya Kudawa	GND	172	10	0	1	0	0	0
LK-6203050	Kurinjipitiya North	Kurinjipitiya North	GND	625	62	2	2	0	0	2
LK-6203055	Kurinjipitiya South	Kurinjipitiya South	GND	633	20	1	7	0	0	1
LK-6203060	Kandakuliya	Kandakuliya	GND	1254	94	0	0	0	4	0
LK-6203065	Palliwasalthure	Palliwasalthure	GND	967	46	1	0	0	0	0
LK-6203070	Musalpitiya	Musalpitiya	GND	623	49	1	0	0	0	3
LK-6203075	Mudalappaliya	Mudalappaliya	GND	983	54	0	1	0	0	1
LK-6203080	Thalavila East	Thalavila East	GND	538	5	0	0	0	0	0
LK-6203085	Thalavila West	Thalavila West	GND	395	3	0	0	0	0	0
LK-6203090	Palakudawa	Palakudawa	GND	734	20	0	0	0	0	0
LK-6203095	Thigali	Thigali	GND	686	13	0	1	0	0	1
LK-6203100	Ettala	Ettala	GND	962	88	0	1	0	1	1
LK-6203105	Andankanniya	Andankanniya	GND	362	13	0	0	1	0	0
LK-6203110	Alankudawa	Alankudawa	GND	1763	111	3	1	0	1	3
LK-6203115	Norochchola	Norochchola	GND	1705	47	0	0	0	96	0
LK-6203120	Paniyadiya	Paniyadiya	GND	735	43	0	1	0	0	0
LK-6203125	Narakkalliya	Narakkalliya	GND	453	9	0	1	0	0	0
LK-6203130	Mampuriya	Mampuriya	GND	854	18	0	0	0	0	1
LK-6203135	Nawakkaduwa	Nawakkaduwa	GND	538	7	0	0	0	0	2
LK-6203140	Nirmalapura	Nirmalapura	GND	663	11	1	1	0	0	0
LK-6203145	Daluwa	Daluwa	GND	340	24	0	0	0	0	0
LK-6203150	Thethapola	Thethapola	GND	612	8	0	1	0	0	6
LK-6203155	Karamba	Karamba	GND	2240	41	2	1	0	0	6
LK-6206	Vanathavilluwa	Vanathawilluwa	DSD	5504	345	8	43	3	3	4
LK-6206005	Pukkulama	Pukkulama	GND	0	40	0	1	0	0	0
LK-6206010	Ralmaduwa	Ralmaduwa	GND	309	21	1	2	1	0	0
LK-6206015	Parana Eluwankulama	Parana Eluwankulama	GND	50	2	0	0	0	0	0
LK-6206020	Aluth Eluwankulama	Aluth Eluwankulama	GND	319	28	2	1	0	0	0
LK-6206025	Serakkuliya	Serakkuliya	GND	409	50	1	2	0	0	0
LK-6206030	Karathivu North	Karathivu North	GND	654	19	0	0	0	0	0
LK-6206035	Karathivu South	Karathivu South	GND	293	20	1	12	1	0	0
LK-6206040	Mangala Pura	Mangalapura	GND	323	27	0	2	0	0	0
LK-6206045	Bandaranayakapura	Bandaranayakapura	GND	328	14	0	2	0	0	1
LK-6206050	Vanathavilluwa North	Vanathawilluwa North	GND	299	5	1	1	0	0	1
LK-6206055	Vanathavilluwa South	Vanathawilluwa South	GND	414	18	0	5	0	1	2
LK-6206060	Wijayapura West	Wijayapura West	GND	271	8	1	1	1	1	0
LK-6206065	Wijayapura East	Wijayapura East	GND	238	17	1	3	0	0	0
LK-6206070	Karadipuwal	Karadipuwal	GND	159	7	0	9	0	0	0
LK-6206075	Samagipura	Samagipura	GND	295	34	0	0	0	0	0
LK-6206080	Vattakandal	Vattakandal	GND	841	31	0	1	0	1	0
LK-6206085	Mailankulama	Mailankulama	GND	302	4	0	1	0	0	0
LK-6209	Karuwalagaswewa	Karuwalagaswewa	DSD	7718	265	10	19	0	1	11
LK-6209005	Pahala Puliyankulama	Pahala Puliyankulama	GND	328	13	1	0	0	0	0
LK-6209010	Moonamalgaswewa	Moonamalgaswewa	GND	293	16	1	1	0	0	1
LK-6209015	Saliyawewa	Saliyawewa	GND	641	17	0	1	0	1	0
LK-6209020	Ranawarapitiya	Ranawarapitiya	GND	184	8	0	0	0	0	0
LK-6209025	Saliyawewa C	Saliyawewa - C	GND	237	16	0	0	0	0	0
LK-6209030	Saliyawewa B	Saliyawewa - B	GND	192	4	0	0	0	0	1
LK-6209035	Palugassegama	Palugassegama	GND	385	13	0	0	0	0	0
LK-6209040	Ihala Puliyankulama	Ihala Puliyankulama	GND	208	8	0	0	0	0	0
LK-6209045	Thambapanniya	Thambapanniya	GND	226	26	0	1	0	0	1
LK-6209050	Medagama	Medagama	GND	237	1	0	0	0	0	0
LK-6209055	Aluthgama	Aluthgama	GND	503	18	0	0	0	0	2
LK-6209060	Weerapura	Weerapura	GND	504	13	0	3	0	0	0
LK-6209065	Dangaswewa	Dangaswewa	GND	234	6	0	0	0	0	0
LK-6209070	Ipalogama	Ipalogama	GND	244	4	0	0	0	0	4
LK-6209075	Kumbukwewa	Kumbukwewa	GND	252	10	0	0	0	0	0
LK-6209080	Rambawewa	Rambawewa	GND	241	11	7	0	0	0	1
LK-6209085	Pahariya	Pahariya	GND	214	4	0	2	0	0	1
LK-6209090	Murukkuwatawana	Murukkuwatawana	GND	210	13	0	0	0	0	0
LK-6209095	Thabbowa South	Thabbowa South	GND	523	8	0	2	0	0	0
LK-6209100	Thabbowa North	Thabbowa North	GND	162	2	0	0	0	0	0
LK-6209105	Thewanuwara	Thewanuwara	GND	284	13	0	0	0	0	0
LK-6209110	Pawattamaduwa	Pawattamaduwa	GND	236	5	0	1	0	0	0
LK-6209115	Karuwalagaswewa	Karuwalagaswewa	GND	416	16	1	4	0	0	0
LK-6209120	Kuda Medawachchiya	Kuda Medawachchiya	GND	143	2	0	0	0	0	0
LK-6209125	Paleegama	Paleegama	GND	354	12	0	3	0	0	0
LK-6209130	Egodapitiya	Egodapitiya	GND	267	6	0	1	0	0	0
LK-6212	Nawagattegama	Nawagattegama	DSD	5082	187	6	13	0	0	13
LK-6212005	Mahameddewa	Mahameddewa	GND	357	28	1	1	0	0	5
LK-6212010	Moragahawewa	Moragahawewa	GND	193	7	0	0	0	0	0
LK-6212015	Maha Andarawewa	Maha Andarawewa	GND	216	2	0	2	0	0	0
LK-6212020	Kirimetiyawa	Kirimetiyawa	GND	450	6	0	1	0	0	0
LK-6212025	Miyellewa	Miyellewa	GND	378	20	0	0	0	0	1
LK-6212030	Thammennawetiya	Thammennawetiya	GND	247	4	0	1	0	0	0
LK-6212035	Samurdhigama	Samurdhigama	GND	200	7	0	0	0	0	0
LK-6212040	Amunuwewa	Amunuwewa	GND	122	2	0	0	0	0	0
LK-6212045	Kuruluwewa	Kuruluwewa	GND	223	4	1	3	0	0	0
LK-6212050	Tharanagahawewa	Tharanagahawewa	GND	179	2	0	0	0	0	0
LK-6212055	Kelewewa	Kelewewa	GND	181	18	0	2	0	0	0
LK-6212060	Welewewa North	Welewewa North	GND	272	4	0	0	0	0	1
LK-6212065	Mullegama	Mullegama	GND	333	10	0	0	0	0	0
LK-6212070	Welewewa South	Welewewa South	GND	290	2	0	0	0	0	3
LK-6212075	Gedarawewa	Gedarawewa	GND	147	4	3	1	0	0	0
LK-6212080	Rambakanayagama	Rambakanayagama	GND	345	13	0	2	0	0	0
LK-6212085	Inginimitiya East	Inginimitiya East	GND	287	45	1	0	0	0	2
LK-6212090	Inginimitiya West	Inginimitiya West	GND	361	4	0	0	0	0	0
LK-6212095	Konkadawala	Konkadawala	GND	301	5	0	0	0	0	1
LK-6215	Puttalam	Puttalam	DSD	23537	471	9	31	1	1	72
LK-6215005	Manalthivu	Manalthivu	GND	1950	70	4	2	0	0	20
LK-6215010	Sirambiadiya	Sirambiadiya	GND	721	25	0	8	0	0	0
LK-6215015	Sella Kandal	Sella Kandal	GND	287	5	0	0	0	0	0
LK-6215020	Nelumwewa	Nelumwewa	GND	369	19	0	0	0	0	4
LK-6215025	Marikkar Street	Marikkar Street	GND	856	29	0	0	0	0	1
LK-6215030	Mullipuram	Mullipuram	GND	1219	32	0	2	0	0	20
LK-6215035	Pudukudirippuwa	Pudukudirippuwa	GND	1562	2	1	0	0	0	3
LK-6215040	Puttalam East	Puttalam East	GND	4033	27	0	4	1	0	4
LK-6215045	Senakudirippuwa	Senakudirippuwa	GND	1500	36	1	8	0	0	6
LK-6215050	Thiladiya	Thiladiya	GND	2812	35	0	0	0	0	3
LK-6215055	Puttalam South	Puttalam South	GND	847	9	0	0	0	0	0
LK-6215060	Parana Jumma Palli	Parana Jumma Palli	GND	366	6	0	0	0	0	0
LK-6215065	Puttalam North	Puttalam North	GND	425	3	0	0	0	0	0
LK-6215070	Periyapalli Kudiyiruppuwa	Periyapalli Kudiyiruppuwa	GND	132	1	0	0	0	0	0
LK-6215075	Rathmalyaya	Rathmalyaya	GND	1947	27	2	1	0	1	4
LK-6215080	Thammennagama	Thammannagama	GND	312	15	0	0	0	0	3
LK-6215085	Kaladiya	Kaladiya	GND	513	19	0	1	0	0	2
LK-6215090	Bodhirajapura	Bodhirajapura	GND	257	11	0	0	0	0	0
LK-6215095	Attavilluwa	Attavilluwa	GND	312	5	0	0	0	0	1
LK-6215100	Palaviya	Palaviya	GND	1022	51	1	1	0	0	0
LK-6215105	Pottuvilluwa	Pottuvilluwa	GND	1507	27	0	1	0	0	1
LK-6215110	Attavilluwa Central	Attavilluwa Central	GND	588	17	0	3	0	0	0
LK-6218	Mundel	Mundel	DSD	18521	536	9	12	0	5	32
LK-6218005	Puludiviyal	Puludiviyal	GND	879	29	0	0	0	1	0
LK-6218010	Viruthodai	Viruthodai	GND	941	15	4	1	0	3	1
LK-6218015	Weerapura	Weerapura	GND	1185	25	0	0	0	0	0
LK-6218020	Welusumanapura	Welusumanapura	GND	740	22	0	0	0	0	6
LK-6218025	Madurankuliya	Madurankuliya	GND	845	80	2	2	0	0	4
LK-6218030	Kanamulla North	Kanamulla North	GND	526	10	0	0	0	0	0
LK-6218035	Kadayamotte	Kadayamotte	GND	559	3	0	0	0	0	0
LK-6218040	Nallandaluwa	Nallandaluwa	GND	475	13	0	0	0	0	0
LK-6218045	Palasola	Palasola	GND	721	24	0	0	0	1	0
LK-6218050	Mukkuthoduwawa	Mukkuthoduwawa	GND	978	49	0	3	0	0	1
LK-6218055	Kandathoduwawa	Kandathoduwawa	GND	433	24	0	0	0	0	1
LK-6218060	Kanamulla South	Kanamulla South	GND	460	5	0	0	0	0	0
LK-6218065	Pubudugama	Pubudugama	GND	366	5	0	0	0	0	0
LK-6218070	Sameeragama	Sameeragama	GND	375	9	0	0	0	0	0
LK-6218075	Palliwasalpaduwa	Palliwasalpaduwa	GND	591	16	0	0	0	0	0
LK-6218080	Perukkuvattan	Perukkuwattan	GND	499	8	0	0	0	0	0
LK-6218085	Kottanthievu	Kottanthievu	GND	610	11	0	0	0	0	2
LK-6218090	Mangalaeliya	Mangalaeliya	GND	412	11	0	0	0	0	1
LK-6218095	Nawadankulama	Nawadankulama	GND	235	11	0	1	0	0	0
LK-6218100	Mundalama	Mundalama	GND	295	4	0	0	0	0	0
LK-6218105	Kudirippuwa	Kudirippuwa	GND	317	10	0	0	0	0	2
LK-6218110	Kattakaduwa	Kattakaduwa	GND	637	17	0	0	0	0	3
LK-6218115	Sinnapaduwa	Sinnapaduwa	GND	455	15	0	0	0	0	0
LK-6218120	Poonapitiya	Poonapitiya	GND	443	26	0	2	0	0	0
LK-6218125	Andimunai	Andimunai	GND	688	5	0	0	0	0	0
LK-6218130	Udappuwa	Udappuwa	GND	276	3	0	0	0	0	0
LK-6218135	Udappuwa	Udappuwa	GND	742	17	1	0	0	0	3
LK-6218140	Pulichchakulama	Pulichchakulama	GND	1305	23	0	0	0	0	1
LK-6218145	Karathanvilluwa	Karathanvilluwa	GND	485	21	2	1	0	0	1
LK-6218150	Tharakudivilluwa	Tharakudivilluwa	GND	754	14	0	1	0	0	6
LK-6218155	Angunavila	Angunavila	GND	294	11	0	1	0	0	0
LK-6221	Mahakumbukkadawala	Mahakumbukkadawala	DSD	6283	289	4	60	1	0	7
LK-6221005	Kivula No. 4-2	Kivula No. 4-2	GND	273	12	0	1	0	0	0
LK-6221010	Dangahawala	Dangahawala	GND	242	10	0	0	0	0	0
LK-6221015	Kivula No. 4-1	Kivula No. 4-1	GND	325	4	0	4	0	0	0
LK-6221020	Kivula Youth Project	Kivula Youth Project	GND	421	46	1	1	0	0	0
LK-6221025	Kivula No. 1	Kivula No. 1	GND	297	18	0	2	0	0	0
LK-6221030	Kivulagoda Govi Janapadaya	Kivulagoda Govi Janapadaya	GND	174	5	0	1	0	0	0
LK-6221035	Rathmalgaswewa	Rathmalgaswewa	GND	192	14	0	6	0	0	0
LK-6221040	Dangaswewa	Dangaswewa	GND	246	4	0	6	0	0	0
LK-6221045	Kawayankulama	Kawayankulama	GND	187	10	0	6	0	0	0
LK-6221050	Jayarajapura	Jayarajapura	GND	158	6	0	6	0	0	0
LK-6221055	Karuwalabedda	Karuwalabedda	GND	207	9	0	6	0	0	1
LK-6221060	Maha Kumbukkadawala	Maha Kumbukkadawala	GND	219	9	0	1	0	0	0
LK-6221065	Sembukuliya	Sembukuliya	GND	136	7	0	0	0	0	0
LK-6221070	Walpaluwa	Walpaluwa	GND	314	15	0	3	0	0	0
LK-6221075	Kakupandiyawa	Kakupandiyawa	GND	223	11	1	3	0	0	2
LK-6221080	Punavitiya	Punavitiya	GND	204	5	0	1	0	0	4
LK-6221085	Garayakgama	Garayakgama	GND	325	4	0	0	0	0	0
LK-6221090	Daluwegama	Daluwegama	GND	187	19	0	0	0	0	0
LK-6221095	Mohoriya	Mohoriya	GND	297	33	0	2	0	0	0
LK-6221100	Baranankattuwa	Baranankattuwa	GND	290	12	0	6	0	0	0
LK-6221105	Karungalichole	Karungalichole	GND	229	4	1	0	0	0	0
LK-6221110	Mahasembukuliya	Mahasembukuliya	GND	296	11	0	1	0	0	0
LK-6221115	Galkuliya West	Galkuliya West	GND	194	5	0	3	0	0	0
LK-6221120	Galkuliya East	Galkuliya East	GND	257	5	1	1	0	0	0
LK-6221125	Andigama	Adigama	GND	390	11	0	0	1	0	0
LK-6224	Anamaduwa	Anamaduwa	DSD	12587	333	9	34	1	0	11
LK-6224005	Kottukachchiya Colony 2	Kottukachchiya Colony 2	GND	445	18	0	0	0	0	0
LK-6224010	Kottukachchiya Colony 1	Kottukachchiya Colony 1	GND	259	3	0	1	0	0	1
LK-6224015	Mellankulama	Mellankulama	GND	315	22	0	0	0	0	0
LK-6224020	Kottukachchiya	Kottukachchiya	GND	446	17	0	2	0	0	0
LK-6224025	Paliyagama	Paliyagama	GND	338	7	0	2	0	0	0
LK-6224030	Uriyawa	Uriyawa	GND	416	17	1	7	0	0	0
LK-6224035	Koilandigama	Koiladigama	GND	377	13	2	3	0	0	0
LK-6224040	07 Gammanaya	07 Gammanaya	GND	231	8	0	1	0	0	0
LK-6224045	Maha Uswewa South	Maha Uswewa South	GND	323	3	0	0	0	0	0
LK-6224050	Maha Uswewa North	Maha Uswewa North	GND	383	6	0	1	1	0	0
LK-6224055	Alankulama	Alankulama	GND	455	3	0	0	0	0	0
LK-6224060	Merungoda	Merungoda	GND	391	6	0	0	0	0	0
LK-6224065	Labugala	Labugala	GND	263	9	0	0	0	0	2
LK-6224070	Karambewa	Karambewa	GND	135	4	1	0	0	0	0
LK-6224075	Thalgaswewa	Thalgaswewa	GND	176	6	1	0	0	0	0
LK-6224080	Periyakulama	Periyakulama	GND	409	17	0	3	0	0	0
LK-6224085	Paramakandagama	Paramakandagama	GND	324	6	0	0	0	0	0
LK-6224090	Thonigala	Thonigala	GND	437	15	0	2	0	0	1
LK-6224095	Wadatta	Wadatta	GND	338	6	1	5	0	0	0
LK-6224100	Viharagama	Viharagama	GND	226	5	1	0	0	0	0
LK-6224105	Siyambalagashena	Siyabalagashena	GND	395	8	0	1	0	0	0
LK-6224110	Thattewa	Thattewa	GND	401	6	0	0	0	0	1
LK-6224115	Thammennagama	Thanmmennagama	GND	617	7	0	0	0	0	0
LK-6224120	Bammannegama	Bammannegama	GND	378	18	0	0	0	0	0
LK-6224125	Kothalakemiyawa	Kothalakemiyawa	GND	260	4	0	0	0	0	0
LK-6224130	Gallewa	Gallewa	GND	170	4	1	0	0	0	1
LK-6224135	Thalakolawewa	Thalakolawewa	GND	452	7	0	2	0	0	0
LK-6224140	Anamaduwa	Anamaduwa	GND	444	4	0	0	0	0	0
LK-6224145	Peramakuttuwa	Peramakuttuwa	GND	461	16	0	0	0	0	0
LK-6224150	Divulwewa	Divulwewa	GND	339	5	0	0	0	0	0
LK-6224155	Wadigamangawa	Wadigamangawa	GND	371	16	1	0	0	0	3
LK-6224160	Dharmapalaya	Dharmapalaya	GND	388	4	0	1	0	0	0
LK-6224165	Uppalawatta	Uppalawatta	GND	330	18	0	0	0	0	1
LK-6224170	Sangattikulama	Sangattikulama	GND	403	14	0	1	0	0	1
LK-6224175	Mudalakkuliya	Mudalakkuliya	GND	491	11	0	2	0	0	0
LK-6227	Pallama	Pallama	DSD	8027	233	1	9	1	1	24
LK-6227005	Dewala Handiya	Dewala Handiya	GND	578	6	0	0	0	0	7
LK-6227010	Wilpatha East	Wilpatha East	GND	495	14	0	0	0	0	0
LK-6227015	Siyambalagaswewa	Siyabalagaswewa	GND	278	16	0	0	0	0	1
LK-6227020	Nagavila	Nagavila	GND	328	28	0	2	0	0	1
LK-6227025	Periyamaduwa	Periyamaduwa	GND	379	7	0	0	0	0	1
LK-6227030	Kammanadaluwa	Kammandaluwa	GND	530	17	0	3	0	1	1
LK-6227035	Wilpatha West	Wilpatha West	GND	476	6	0	0	1	0	8
LK-6227040	Thamarakkulama	Thamarakkulama	GND	484	6	0	0	0	0	1
LK-6227045	Serukele	Serukele	GND	260	11	0	0	0	0	0
LK-6227050	Katupotha	Katupotha	GND	398	15	0	0	0	0	3
LK-6227055	Madawakkulama	Madawakkulama	GND	535	20	0	0	0	0	1
LK-6227060	Wetiya	Wetiya	GND	659	18	0	0	0	0	0
LK-6227065	Nandimithrapura	Nandimithtrapura	GND	813	18	1	2	0	0	0
LK-6227070	Wendakaduwa	Wendakaduwa	GND	280	17	0	0	0	0	0
LK-6227075	Pallama	Pallama	GND	566	12	0	0	0	0	0
LK-6227080	Wathupola	Wathupola	GND	310	8	0	1	0	0	0
LK-6227085	Puliyankulama	Puliyankulama	GND	264	4	0	1	0	0	0
LK-6227090	Thammana	Thammana	GND	394	10	0	0	0	0	0
LK-6230	Arachchikattuwa	Arachchikattuwa	DSD	12497	178	4	12	2	2	13
LK-6230005	Battaluoya	Battuluoya	GND	391	2	0	0	0	0	0
LK-6230010	Mahamaeliya	Mahamaeliya	GND	301	5	1	0	0	0	0
LK-6230015	Buruthakele	Buruthakele	GND	445	14	0	0	1	0	1
LK-6230020	Wijayakatupatha Elen Megoda	Wijayakatupatha Elen Megoda	GND	695	7	0	1	0	0	2
LK-6230025	Pahala Attanganaya	Pahala Attanganaya	GND	203	2	0	0	0	0	0
LK-6230030	Wijayakatupatha Elen Egoda	Wijayakatupatha Elen Egoda	GND	180	3	0	0	0	0	0
LK-6230035	Anavilundawa	Anavilundawa	GND	257	0	0	0	0	1	0
LK-6230040	Suruvila	Suruvila	GND	237	1	0	0	0	0	0
LK-6230045	Ilakkattuwa	Ilakkattuwa	GND	591	3	0	0	0	0	0
LK-6230050	Pankulawa	Pankulawa	GND	238	2	0	0	0	0	0
LK-6230055	Ihala Attanganaya	Ihala Attanganaya	GND	246	4	0	0	0	0	0
LK-6230060	Ambakele	Ambakele	GND	209	0	0	0	0	0	0
LK-6230065	Welipelessa	Welipelessa	GND	328	1	0	0	0	0	0
LK-6230070	Nalladarankattuwa	Nalladarankattuwa	GND	208	2	1	0	0	0	0
LK-6230075	Karukupane	Karukupane	GND	657	26	0	0	0	0	5
LK-6230080	Wairankattuwa	Wairankattuwa	GND	293	6	1	0	0	0	0
LK-6230085	Sengaloya	Sengaloya	GND	397	5	0	0	0	0	0
LK-6230090	Arachchikattuwa West	Arachchikattuwa West	GND	468	4	0	0	0	0	0
LK-6230095	Arachchikattuwa East	Arachchikattuwa East	GND	296	0	0	0	0	1	0
LK-6230100	Bandarahena	Bandarahena	GND	527	13	0	0	0	0	1
LK-6230105	Adippala	Adippala	GND	238	7	0	1	0	0	0
LK-6230110	Andanan Kattuwa	Andanan Kattuwa	GND	199	5	0	0	0	0	0
LK-6230115	Kumarakattuwa	Kumarakattuwa	GND	425	4	0	1	0	0	1
LK-6230120	Elivitiya	Elivitiya	GND	478	12	0	0	0	0	0
LK-6230125	Diganwewa	Diganwewa	GND	352	5	0	0	0	0	0
LK-6230130	Rajakadaluwa	Rajakadaluwa	GND	639	3	0	1	0	0	0
LK-6230135	Kusala	Kusala	GND	251	8	0	0	0	0	0
LK-6230140	Kottapitiya	Kottapitiya	GND	371	10	1	0	0	0	0
LK-6230145	Bangadeniya	Bangadeniya	GND	339	9	0	8	0	0	2
LK-6230150	Weerakumandaluwa	Weerakumandaluwa	GND	788	8	0	0	0	0	0
LK-6230155	Karukkuliya	Karukkuliya	GND	349	2	0	0	0	0	1
LK-6230160	Mukkandaluwa	Mukkandaluwa	GND	559	3	0	0	1	0	0
LK-6230165	Dematapitiya	Dematapitiya	GND	342	2	0	0	0	0	0
LK-6233	Chilaw	Chilaw	DSD	18498	189	10	4	1	1	27
LK-6233005	Kurusapaduwa	Kurusapaduwa	GND	317	10	0	0	0	0	6
LK-6233010	Deduruoya	Deduruoya	GND	854	4	0	0	0	0	3
LK-6233015	Manuwangama West	Manuwangama West	GND	245	5	0	0	0	0	0
LK-6233020	Manuwangama East	Manuwangama East	GND	145	4	0	0	0	0	0
LK-6233025	Nariyagama North	Nariyagama North	GND	210	3	0	0	0	0	0
LK-6233030	Parappanmulla	Parappanmulla	GND	259	4	0	0	0	0	0
LK-6233035	Weerapandiyana	Weerapandiyana	GND	230	10	0	0	0	0	0
LK-6233040	Maha Vilattawa	Maha Vilattawa	GND	253	6	0	0	0	0	0
LK-6233045	Kanattawa	Kanattawa	GND	188	3	0	0	0	0	0
LK-6233050	Nariyagama South	Nariyagama South	GND	170	8	0	0	0	0	0
LK-6233055	Urudayandaluwa	Urudayandaluwa	GND	139	1	0	0	0	0	0
LK-6233060	Thissogama	Thissogama	GND	313	4	0	0	0	0	0
LK-6233065	Thimbilla	Thimbilla	GND	667	8	0	0	0	0	3
LK-6233070	Wattakkaliya	Wattakkaliya	GND	973	4	0	0	0	0	2
LK-6233075	Weralabada South	Weralabada South	GND	525	15	0	0	0	0	2
LK-6233080	Weralabada North	Weralabada North	GND	264	1	0	0	0	0	0
LK-6233085	Egodawatta	Egodawatta	GND	248	1	0	0	0	0	0
LK-6233090	Aluthwatta	Aluthwatta	GND	427	0	0	0	0	0	0
LK-6233095	Aluthwatta	Aluthwatta	GND	318	1	0	0	0	0	0
LK-6233100	Ichchampitiya	Ichchampitiya	GND	925	1	5	2	0	0	0
LK-6233105	Munneshwarama	Munneshwarama	GND	353	5	0	0	0	0	2
LK-6233110	Thittakade	Thittakade	GND	585	7	0	0	0	0	0
LK-6233115	Mugunuwatawana	Mugunuwatawana	GND	437	4	0	0	1	0	0
LK-6233120	Kokkavila	Kokkavila	GND	543	6	0	0	0	0	1
LK-6233125	Puliyankadawara	Pulliyankadawara	GND	290	6	0	0	0	0	0
LK-6233130	Punchi Vilattawa	Punchi Vilattawa	GND	260	3	0	0	0	0	1
LK-6233135	Karavitagara West	Karawitagara West	GND	339	1	0	0	0	0	0
LK-6233140	Karavitagara East	Karavitagara East	GND	379	7	0	0	0	0	0
LK-6233145	Dambakele	Dambakele	GND	203	6	0	0	0	0	0
LK-6233150	Weerakelewatta	Weerakelewatta	GND	352	5	0	0	0	0	0
LK-6233155	Karavita	Karavita	GND	178	2	0	0	0	0	0
LK-6233160	Mungandaluwa East	Mungandaluwa East	GND	215	1	0	0	0	0	0
LK-6233165	Mungandaluwa West	Mungandaluwa West	GND	244	1	0	0	0	0	0
LK-6233170	Ilippadeniya	Ilippadeniya	GND	390	4	1	0	0	0	1
LK-6233175	Sawarana	Sawarana	GND	604	13	0	0	0	0	0
LK-6233180	Maikkulama	Maikkulama	GND	1143	1	0	0	0	0	0
LK-6233185	Pitipana East	Pitipana East	GND	287	0	0	0	0	0	0
LK-6233190	Melpura	Melpura	GND	366	0	0	0	0	0	0
LK-6233195	Pitipana North	Pitipana North	GND	293	0	0	0	0	0	0
LK-6233200	Pitipana South	Pitipana South	GND	343	6	4	1	0	0	0
LK-6233205	Weralabada	Weralabada	GND	702	5	0	0	0	0	2
LK-6233210	Welihena	Welihena	GND	433	4	0	0	0	1	0
LK-6233215	Merawala	Merawala	GND	268	0	0	0	0	0	0
LK-6233220	Inigodawela	Inigodawela	GND	252	0	0	0	0	0	0
LK-6233225	Ihala Olidaluwa	Ihala Olidaluwa	GND	148	3	0	0	0	0	0
LK-6233230	Maradankulama	Maradankulama	GND	211	0	0	0	0	0	2
LK-6233235	Olidaluwa	Olidaluwa	GND	266	5	0	1	0	0	2
LK-6233240	Ambakandavila	Ambakandavila	GND	453	0	0	0	0	0	0
LK-6233245	Kakkapalliya	Kakkapalliya	GND	291	1	0	0	0	0	0
LK-6236	Madampe	Madampe	DSD	14567	130	10	4	0	2	6
LK-6236005	Athuwana	Athuwana	GND	327	7	0	0	0	0	0
LK-6236010	Mahagama North	Mahagama North	GND	343	6	0	0	0	0	0
LK-6236015	Mahagama South	Mahagama South	GND	266	5	0	0	0	0	0
LK-6236020	Kongasyaya	Kongasyaya	GND	177	13	0	0	0	0	0
LK-6236025	Ponnankanniya	Ponnankanniya	GND	160	2	1	0	0	0	0
LK-6236030	Manakkulama	Manakkulama	GND	532	2	0	1	0	0	0
LK-6236035	Dematapitiya	Dematapitiya	GND	226	3	0	0	0	0	0
LK-6236040	Thambagalla West	Thambagalla West	GND	215	2	0	0	0	0	0
LK-6236045	Thambagalla	Thambagalla	GND	151	0	0	0	0	0	0
LK-6236050	Thambagalla Watta	Thambagalla Watta	GND	293	1	0	0	0	0	0
LK-6236055	Medagama	Medagama	GND	283	0	0	0	0	0	0
LK-6236060	Panirendawa	Panirendawa	GND	178	0	0	0	0	0	0
LK-6236065	Rathmal Agara	Rathmal Agara	GND	175	2	0	0	0	0	0
LK-6236070	Rathnagiriya	Rathnagiriya	GND	188	0	0	0	0	0	0
LK-6236075	Nankadawara	Nankadawara	GND	257	5	0	0	0	0	0
LK-6236080	Kuda Bingiriya	Kuda Bingiriya	GND	352	0	0	0	0	0	0
LK-6236085	Indigasvila	Indigasvila	GND	156	0	0	0	0	0	0
LK-6236090	Walahena	Walahena	GND	311	4	0	0	0	0	0
LK-6236095	Pambala	Pambala	GND	199	5	1	0	0	0	0
LK-6236100	Pambala South	Pambala South	GND	275	4	0	0	0	0	0
LK-6236105	Hareendragama	Hareendragama	GND	154	0	0	0	0	0	0
LK-6236110	Sembukattiya	Sembukattiya	GND	393	2	0	0	0	0	0
LK-6236115	Uraliya	Uraliya	GND	290	2	0	0	0	0	0
LK-6236120	Heen Agara	Heen Agara	GND	421	3	0	0	0	0	2
LK-6236125	Kachchakaduwa	Kachchakaduwa	GND	177	0	0	0	0	2	0
LK-6236130	Galmuruwa North	Galmuruwa North	GND	193	5	0	1	0	0	0
LK-6236135	Kudirippuwa	Kudirippuwa	GND	346	2	0	0	0	0	0
LK-6236140	Karukkuwatawana	Karukkuwatawana	GND	266	2	0	0	0	0	0
LK-6236145	Erunvila	Erunvila	GND	337	2	0	0	0	0	0
LK-6236150	Karukkuwa	Karukkuwa	GND	347	7	1	0	0	0	1
LK-6236155	Galahitiyawa	Galahitiyawa	GND	470	1	0	0	0	0	1
LK-6236160	Maraggalagama	Maraggalagama	GND	535	2	0	0	0	0	0
LK-6236165	Irattakulama North	Irattakulama North	GND	259	2	1	0	0	0	0
LK-6236170	Irattakulama South	Irattakulama South	GND	202	2	0	0	0	0	0
LK-6236175	Egodayagama	Egodayagama	GND	133	0	1	0	0	0	0
LK-6236180	Pattiyagama	Pattiyagama	GND	216	0	0	1	0	0	0
LK-6236185	Ihalagama	Ihalagama	GND	293	1	2	0	0	0	1
LK-6236190	Uraliyagara	Uraliyagara	GND	939	4	0	0	0	0	0
LK-6236195	Mellawagara	Mellawagara	GND	566	3	0	0	0	0	0
LK-6236200	Suduwella	Suduwella	GND	349	8	0	0	0	0	0
LK-6236205	Pothuvila	Pothuvila	GND	454	1	2	0	0	0	0
LK-6236210	Pallakele	Pallakele	GND	330	2	0	0	0	0	0
LK-6236215	Galmuruwa South	Galmuruwa South	GND	390	8	1	0	0	0	0
LK-6236220	Henapola	Henapola	GND	283	4	0	0	0	0	0
LK-6236225	Mugunuwatawana	Mugunuwatawana	GND	301	4	0	1	0	0	0
LK-6236230	Pookulama	Pookulama	GND	130	1	0	0	0	0	1
LK-6236235	Nelumpokuna	Nelumpokuna	GND	184	1	0	0	0	0	0
LK-6236240	Mahabaddegama	Mahabaddegama	GND	340	0	0	0	0	0	0
LK-6236245	Thaniwellagama	Thaniwellegama	GND	205	0	0	0	0	0	0
LK-6239	Mahawewa	Mahawewa	DSD	14559	106	38	10	0	2	3
LK-6239005	Iranavila West	Iranavila West	GND	1101	6	0	1	0	0	0
LK-6239010	Iranavila East	Iranavila East	GND	329	0	0	0	0	0	0
LK-6239015	Thoduwawa North	Thoduwawa North	GND	782	2	0	0	0	0	0
LK-6239020	Meda Thoduwawa	Meda Thoduwawa	GND	510	4	0	1	0	0	0
LK-6239025	Thoduwawa South	Thoduwawa South	GND	385	1	0	1	0	0	0
LK-6239030	Mattakotuwa	Mattakotuwa	GND	256	2	6	1	0	0	1
LK-6239035	Pahala Mahawewa	Pahala Mahawewa	GND	140	2	0	0	0	0	0
LK-6239040	Adapparagama	Adapparagama	GND	173	0	0	0	0	0	0
LK-6239045	Ihala Kudawewa	Ihala Kudawewa	GND	247	0	0	0	0	0	0
LK-6239050	Puruduwella	Puruduwella	GND	138	1	0	0	0	0	0
LK-6239055	Galamuna	Galamuna	GND	284	13	0	0	0	0	0
LK-6239060	Medagoda	Medagoda	GND	184	0	0	0	0	0	0
LK-6239065	Hewana	Hewana	GND	215	1	0	0	0	0	0
LK-6239070	Yatakalana	Yatakalana	GND	223	1	0	0	0	0	0
LK-6239075	Muttibendivila	Muttibendivila	GND	184	4	0	0	0	0	1
LK-6239080	Ihala Walahapitiya	Ihala Walahapitiya	GND	266	7	0	0	0	0	0
LK-6239085	Meda Walahapitiya	Meda Walahapitiya	GND	305	2	0	0	0	0	0
LK-6239090	Pahala Kudawewa	Pahala Kudawewa	GND	168	0	0	0	0	0	0
LK-6239095	Maligawatta	Maligawatta	GND	264	0	0	0	0	0	0
LK-6239100	Meda Mahawewa	Meda Mahawewa	GND	187	0	0	0	0	0	0
LK-6239105	Veehena	Veehena	GND	212	0	0	0	0	0	0
LK-6239110	Mattakotuwella	Mattakotuwella	GND	394	1	0	0	0	0	0
LK-6239115	Barudelpola	Barudelpola	GND	332	1	0	0	0	0	0
LK-6239120	Ihala Mahawewa	Ihala Mahawewa	GND	641	7	0	0	0	0	0
LK-6239125	Pahala Koswadiya	Pahala Koswadiya	GND	199	0	0	0	0	0	0
LK-6239130	Meda Koswadiya	Meda Koswadiya	GND	256	8	0	1	0	0	0
LK-6239135	Ihala Koswadiya	Ihala Koswadiya	GND	289	4	0	0	0	0	0
LK-6239140	Pahala Walahapitiya	Pahala Walahapitiya	GND	167	2	0	0	0	0	0
LK-6239145	Panangoda	Panangoda	GND	596	4	0	1	0	0	0
LK-6239150	Sagaragama	Sagaragama	GND	231	2	1	0	0	0	0
LK-6239155	Egodagoda	Egodagoda	GND	206	0	0	0	0	0	0
LK-6239160	Puhulhena	Puhulhena	GND	256	2	0	1	0	1	0
LK-6239165	Halpanvila East	Halpanvila East	GND	460	1	0	0	0	0	0
LK-6239170	Meda Hattiniya	Meda Hattiniya	GND	259	1	1	2	0	0	0
LK-6239175	Halpanvila West	Halpanvila West	GND	223	2	0	0	0	0	0
LK-6239180	Thalvila	Thalvila	GND	393	12	2	0	0	0	0
LK-6239185	Modarawella	Modarawella	GND	135	0	0	0	0	0	0
LK-6239190	Pahala Hattiniya	Pahala Hattiniya	GND	308	2	1	0	0	0	0
LK-6239195	Maravila North	Maravila North	GND	123	1	11	0	0	0	0
LK-6239200	Ihala Hattiniya	Ihala Hattiniya	GND	384	1	0	0	0	0	0
LK-6239205	Maranda North	Maranda North	GND	489	5	0	1	0	0	1
LK-6239210	Maranda South	Maranda South	GND	306	0	0	0	0	0	0
LK-6239215	Horagolla North	Horagolla North	GND	307	0	0	0	0	0	0
LK-6239220	Horagolla South	Horagolla South	GND	284	0	10	0	0	0	0
LK-6239225	Maravila Town	Maravila Town	GND	217	0	6	0	0	0	0
LK-6239230	Maravila South	Maravila South	GND	353	3	0	0	0	0	0
LK-6239235	Maravila Wella	Maravila Wella	GND	198	1	0	0	0	1	0
LK-6242	Nattandiya	Nattandiya	DSD	18837	259	33	171	1	4	30
LK-6242005	Pahala Nattandiya	Pahala Nattandiya	GND	391	17	0	0	0	0	2
LK-6242010	Mailawa	Mailawa	GND	388	3	1	1	0	0	0
LK-6242015	Pilakatumulla	Pilakatumulla	GND	216	0	0	0	0	0	0
LK-6242020	Dunkannawa	Dukkannawa	GND	749	13	0	0	0	0	0
LK-6242025	Maningala	Maningala	GND	1001	43	21	163	0	0	15
LK-6242030	Sandanangama	Sandanangama	GND	389	6	0	0	0	1	0
LK-6242035	Ihala Thabbowa	Ihala Thabbowa	GND	517	4	0	0	0	0	0
LK-6242040	Meda Thabbowa	Meda Thabbowa	GND	340	1	0	0	0	0	0
LK-6242045	Pahala Thabbowa	Pahala Thabbowa	GND	447	8	0	1	0	0	0
LK-6242050	Weerahena East	Weerahena East	GND	406	0	1	0	0	0	0
LK-6242055	Ihala Nattandiya	Ihala Nattandiya	GND	494	2	0	0	0	0	0
LK-6242060	Meda Nattandiya	Meda Nattandiya	GND	593	1	0	0	0	0	0
LK-6242065	Weerahena West	Weerahena West	GND	813	1	1	0	0	0	4
LK-6242070	Mudukatuwa North	Mudukatuwa North	GND	821	7	1	0	0	1	0
LK-6242075	Mudukatuwa South	Mudukatuwa South	GND	961	7	0	0	0	1	0
LK-6242080	Mudukatuwa East	Mudukatuwa East	GND	127	0	0	0	0	0	0
LK-6242085	Pahala Mavila	Pahala Mavila	GND	462	2	0	0	1	0	0
LK-6242090	Meda Mavila	Meda Mavila	GND	613	14	1	0	0	0	0
LK-6242095	Ihala Mavila	Ihala Mavila	GND	268	0	0	0	0	0	0
LK-6242100	Pahala Kottaramulla	Pahala Kottaramulla	GND	306	4	0	0	0	0	0
LK-6242105	Paluwelgala North	Paluwelgala North	GND	200	1	0	0	0	0	0
LK-6242110	Kachchirawa	Kachchirawa	GND	130	0	0	0	0	0	0
LK-6242115	Paluwelgala South	Paluwelgala South	GND	161	1	0	0	0	0	1
LK-6242120	Naravila	Naravila	GND	325	1	0	1	0	0	0
LK-6242125	Kuddetiyawa	Kuddetiyawa	GND	185	1	0	0	0	0	0
LK-6242130	Yakdessawa	Yakdessawa	GND	184	1	0	0	0	0	0
LK-6242135	Koswatta North	Koswatta North	GND	227	2	0	0	0	0	0
LK-6242140	Meegahawela	Meegahawela	GND	244	2	0	0	0	0	0
LK-6242145	Koswatta South	Koswatta South	GND	248	0	0	0	0	1	0
LK-6242150	Morakele South	Morakele South	GND	398	4	0	0	0	0	0
LK-6242155	Meda Kottaramulla	Meda Kottaramulla	GND	673	5	0	1	0	0	1
LK-6242160	Morakele North	Morakele North	GND	340	6	0	0	0	0	0
LK-6242165	Ihala Kottaramulla	Ihala Kottaramulla	GND	561	7	0	0	0	0	0
LK-6242170	Thummodara East	Thunmodara East	GND	280	4	0	0	0	0	0
LK-6242175	Thummodara West	Thunmodara West	GND	482	2	0	0	0	0	0
LK-6242180	Nakele	Nakele	GND	116	0	0	0	0	0	0
LK-6242185	Ihala Katuneriya	Ihala Katuneriya	GND	514	7	0	0	0	0	3
LK-6242190	Bulugahawewa	Bulugahawewa	GND	316	3	0	4	0	0	1
LK-6242195	Nebadagahayaya	Nebadagahayaya	GND	541	2	0	0	0	0	0
LK-6242200	Lansigama	Lansigama	GND	462	3	3	0	0	0	0
LK-6242205	Pahala Katuneriya North	Pahala Katuneriya North	GND	345	0	0	0	0	0	0
LK-6242210	Meda Pahala Katuneriya	Meda Pahala Katuneriya	GND	300	70	0	0	0	0	0
LK-6242215	Pahala Katuneriya South	Pahala Katuneriya South	GND	359	1	0	0	0	0	0
LK-6242220	Meda Katuneriya	Meda Katuneriya	GND	214	0	1	0	0	0	0
LK-6242225	Meegahawewa	Meegahawewa	GND	234	1	3	0	0	0	0
LK-6242230	Dematapitiya	Dematapitiya	GND	254	2	0	0	0	0	3
LK-6242235	Dhammikagama	Dhammikagama	GND	242	0	0	0	0	0	0
LK-6245	Wennappuwa	Wennappuwa	DSD	19759	92	56	7	1	0	24
LK-6245005	Kolinjadiya West	Kolinjadiya West	GND	462	1	0	0	0	0	0
LK-6245010	Kolinjadiya North	Kolinjadiya North	GND	301	1	2	0	0	0	0
LK-6245015	Udasirigama	Udasirigama	GND	296	4	0	0	0	0	0
LK-6245020	Sirigampala North	Sirigampala North	GND	365	0	0	0	0	0	0
LK-6245025	Lunuvila East	Lunuvila East	GND	618	3	0	0	0	0	1
LK-6245030	Sirigampala South	Sirigampola South	GND	486	1	0	0	0	0	0
LK-6245035	Meda Lunuvila	Meda Lunuwila	GND	1381	3	0	0	0	0	0
LK-6245040	Lunuvila West	Lunuwila West	GND	374	0	2	0	0	0	0
LK-6245045	Wennappuwa North	Wennappuwa North	GND	487	2	9	1	0	0	0
LK-6245050	Kolinjadiya East	Kolinjadiya East	GND	234	0	0	0	0	0	0
LK-6245055	Kolinjadiya South	Kolinjadiya South	GND	220	1	0	0	0	0	0
LK-6245060	Ulhitiyawa West	Ulhitiyawa West	GND	386	0	1	0	0	0	0
LK-6245065	Ulhitiyawa North	Ulhitiyawa North	GND	404	0	1	1	0	0	0
LK-6245070	Meda Ulhitiyawa	Meda Ulhitiyawa	GND	515	0	7	0	0	0	0
LK-6245075	Wennappuwa West	Wennappuwa West	GND	441	3	0	0	0	0	4
LK-6245080	Meda Wennappuwa	Meda Wennappuwa	GND	341	2	1	0	0	0	0
LK-6245085	Wennappuwa East	Wennappuwa East	GND	339	6	0	0	0	0	0
LK-6245090	Lunuvila South	Lunuwila South	GND	441	4	1	0	0	0	0
LK-6245095	Bandirippuwa North	Bandirippuwa North	GND	437	1	0	0	0	0	3
LK-6245100	Bandirippuwa West	Bandirippuwa West	GND	443	3	0	0	0	0	0
LK-6245105	Wennappuwa South	Wennappuwa South	GND	410	1	2	0	0	0	0
LK-6245110	Ulhitiyawa South	Ulhitiyawa South	GND	524	0	11	0	0	0	0
LK-6245115	Kadawatha	Kadawatha	GND	443	1	0	0	0	0	3
LK-6245120	Dummaladeniya West	Dummaladeniya West	GND	332	0	0	0	0	0	0
LK-6245125	Meda Dummaladeniya	Meda Dummaladeniya	GND	480	1	0	0	0	0	0
LK-6245130	Dummaladeniya North	Dummaladeniya North	GND	219	5	0	0	0	0	0
LK-6245135	Bandirippuwa East	Bandirippuwa East	GND	630	7	1	0	0	0	2
LK-6245140	Dummaladeniya East	Dummaladeniya East	GND	205	3	0	0	0	0	0
LK-6245145	Dummaladeniya South	Dummaladeniya South	GND	261	0	0	0	0	0	0
LK-6245150	Wellamankaraya	Wellamankaraya	GND	384	0	0	0	0	0	0
LK-6245155	Meda Nainamadama	Meda Nainamadama	GND	463	0	10	0	0	0	5
LK-6245160	Hanathotupola	Hanathotupola	GND	254	0	2	4	0	0	0
LK-6245165	Boralessa West	Boralessa West	GND	278	2	0	0	0	0	0
LK-6245170	Boralessa North	Boralessa North	GND	293	3	1	0	0	0	0
LK-6245175	Boralessa East	Boralessa East	GND	407	10	0	0	0	0	3
LK-6245180	Boralessa South	Boralessa South	GND	278	3	0	0	1	0	0
LK-6245185	Nainamadama West	Nainamadama West	GND	371	0	0	0	0	0	0
LK-6245190	Nainamadama East	Nainamadama East	GND	278	0	0	0	0	0	0
LK-6245195	Mirissankotuwa North	Mirissankotuwa North	GND	201	1	4	0	0	0	0
LK-6245200	Mirissankotuwa South	Mirissankotuwa South	GND	268	5	0	0	0	0	0
LK-6245205	Bolawatta	Bolawatta	GND	275	1	0	0	0	0	0
LK-6245210	Rangammulla	Rangammulla	GND	244	1	0	0	0	0	0
LK-6245215	Kammala	Kammala	GND	372	1	0	0	0	0	0
LK-6245220	Angampitiya East	Angampitiya East	GND	290	0	0	0	0	0	0
LK-6245225	Angampitiya West	Angampitiya West	GND	362	0	0	0	0	0	0
LK-6245230	Aluttota	Aluttota	GND	390	2	1	0	0	0	0
LK-6245235	Sindathriya	Sindathriya	GND	348	3	0	0	0	0	0
LK-6245240	Waikkala North	Waikkala North	GND	306	0	0	0	0	0	0
LK-6245245	Waikkala South	Waikkala South	GND	393	1	0	0	0	0	0
LK-6245250	Bolana	Bolana	GND	315	4	0	1	0	0	0
LK-6245255	Thambaravila	Thambarawila	GND	264	2	0	0	0	0	2
LK-6245260	Thopputhota	Thopputhota	GND	250	0	0	0	0	0	1
LK-6248	Dankotuwa	Dankotuwa	DSD	18664	133	6	2	0	0	18
LK-6248005	Bothalegama	Bothalegama	GND	415	1	0	0	0	0	0
LK-6248010	Kirimetiyana East	Kirimetiyana East	GND	315	1	0	0	0	0	0
LK-6248015	Thulawala	Thulawala	GND	310	2	0	0	0	0	1
LK-6248020	Hundirapola	Hundirapola	GND	219	2	0	0	0	0	0
LK-6248025	Pothuwatawana	Pothuwatawana	GND	576	10	0	0	0	0	3
LK-6248030	Lihiriyagama	Lihiriyagama	GND	331	7	0	0	0	0	0
LK-6248035	Kahatavila Part	Kahatavila East	GND	639	3	0	0	0	0	0
LK-6248040	Kahatavila West	Kahatavila West	GND	455	6	1	0	0	0	1
LK-6248045	Meda Kirimetiyana	Meda Kirimetiyana	GND	437	2	0	0	0	0	0
LK-6248050	Kirimetiyana North	Kirimetiyana North	GND	406	2	0	0	0	0	1
LK-6248055	Kirimetiyana West	Kirimetiyana West	GND	362	0	0	0	0	0	0
LK-6248060	Kirimetiyana South	Kirimetiyana South	GND	269	3	0	0	0	0	0
LK-6248065	Pansal Handiya	Pansal Handiya	GND	369	1	0	0	0	0	0
LK-6248070	Haldanduwana North	Haldanduwana North	GND	357	3	0	0	0	0	0
LK-6248075	Mellawa	Mellawa	GND	656	8	0	0	0	0	1
LK-6248080	Ihala Bujjampola	Ihala Bujjampola	GND	245	1	1	0	0	0	0
LK-6248085	Pahala Bujjampola	Pahala Bujjampola	GND	607	5	0	0	0	0	0
LK-6248090	Haldanduwana West	Haldanduwana West	GND	609	7	0	0	0	0	0
LK-6248095	Meda Haldanduwana	Meda Haldanduwana	GND	826	2	0	0	0	0	0
LK-6248100	Katukenda East	Katukenda East	GND	439	1	0	0	0	0	1
LK-6248105	Meda Katukenda	Meda Katukenda	GND	372	2	0	0	0	0	0
LK-6248110	Gonavila North	Gonavila North	GND	216	0	0	0	0	0	0
LK-6248115	Meda Gonavila	Meda Gonavila	GND	316	1	0	0	0	0	0
LK-6248120	Katukenda West	Katukenda West	GND	173	0	0	0	0	0	0
LK-6248125	Dankotuwa West	Dankotuwa West	GND	420	1	0	0	0	0	0
LK-6248130	Dankotuwa North	Dankotuwa North	GND	195	0	0	0	0	0	0
LK-6248135	Ihala Dummalakotuwa	Ihala Dummalakotuwa	GND	264	0	0	0	0	0	0
LK-6248140	Haldanduwana South	Haldanduwana South	GND	360	1	1	1	0	0	0
LK-6248145	Pahala Mohottimulla	Pahala Mohottimulla	GND	456	0	0	0	0	0	0
LK-6248150	Ihala Mohottimulla	Ihala Mohottimulla	GND	300	4	0	0	0	0	0
LK-6248155	Sendiriyamulla	Sendiriyamulla	GND	373	4	0	0	0	0	1
LK-6248160	Singakkuliya	Singakkuliya	GND	360	2	0	0	0	0	0
LK-6248165	Kaluwachchimulla	Kaluwachchimulla	GND	331	7	2	0	0	0	1
LK-6248170	Motemulla	Motemulla	GND	451	14	1	0	0	0	0
LK-6248175	Etiyawala North	Etiyawala North	GND	378	2	0	0	0	0	0
LK-6248180	Pahala Dummalakotuwa	Pahala Dummalakotuwa	GND	417	1	0	0	0	0	0
LK-6248185	Dankotuwa East	Dankotuwa East	GND	468	1	0	0	0	0	0
LK-6248190	Dankotuwa South	Dankotuwa South	GND	220	0	0	0	0	0	1
LK-6248195	Gonavila South	Gonavila South	GND	464	1	0	0	0	0	0
LK-6248200	Godella	Godella	GND	496	1	0	0	0	0	0
LK-6248205	Morukkuliya	Morukkuliya	GND	678	7	0	0	0	0	1
LK-6248210	Metikotuwa	Metikotuwa	GND	557	5	0	0	0	0	0
LK-6248215	Thamarakuliya	Thamarakuliya	GND	187	1	0	0	0	0	1
LK-6248220	Etiyawala South	Etiyawala South	GND	569	9	0	0	0	0	5
LK-6248225	Jankurawela	Jankurawela	GND	215	0	0	0	0	0	0
LK-6248230	Yogiyana	Yogiyana	GND	254	1	0	0	0	0	0
LK-6248235	Dikwela	Dikwela	GND	332	1	0	1	0	0	0
LK-7	North Central	North Central	PROVINCE	392571	8494	206	440	12	31	715
LK-71	Anuradhapura	Anuradhapura	DISTRICT	268242	5908	128	312	8	19	467
LK-7103	Padaviya	Padaviya	DSD	7071	126	2	10	0	0	2
LK-7103005	Buddhangala	Buddhangala	GND	587	17	0	1	0	0	0
LK-7103010	Elikimbulagala	Elikimbulagala	GND	509	3	0	1	0	0	0
LK-7103015	Abhayapura	Abhayapura	GND	498	6	0	1	0	0	0
LK-7103020	Maithreepura	Maithreepura	GND	429	3	1	1	0	0	0
LK-7103025	Parakramapura	Parakramapura	GND	650	14	0	1	0	0	0
LK-7103030	Track B	Track B	GND	622	9	0	0	0	0	0
LK-7103035	Bisokotuwa	Bisokotuwa	GND	342	5	0	1	0	0	0
LK-7103040	Sudarshanagama	Sudarshanagama	GND	658	7	0	2	0	0	1
LK-7103045	Balayawewa	Balayawewa	GND	239	9	0	0	0	0	0
LK-7103050	Mahasenpura	Mahasenpura	GND	385	1	0	1	0	0	0
LK-7103055	Urewa	Urewa	GND	98	3	0	0	0	0	0
LK-7103060	Kumbukwewa	Kumbukwewa	GND	498	21	0	0	0	0	0
LK-7103065	Ruwanpura	Ruwanpura	GND	326	4	0	1	0	0	0
LK-7103070	Bogahawewa	Bogahawewa	GND	621	21	0	0	0	0	0
LK-7103075	Padaviya	Padaviya	GND	609	3	1	0	0	0	1
LK-7106	Kebithigollewa	Kebithigollewa	DSD	7511	167	5	6	1	1	11
LK-7106005	Halmillawetiya	Halmillawetiya	GND	279	8	0	0	0	0	0
LK-7106010	Kanugahawewa	Kanugahawewa	GND	886	33	1	0	0	0	0
LK-7106015	Herathhalmillewa	Herathhalmillewa	GND	105	2	0	0	0	0	0
LK-7106020	Bellankadawala	Bellankadawala	GND	224	6	0	0	0	0	0
LK-7106025	Punchimudagama	Punchimudagama	GND	100	3	0	0	0	0	0
LK-7106030	D 06 Wahalkada	D 06 Wahalkada	GND	123	0	0	0	0	0	0
LK-7106035	D 05 Wahalkada	D 05 Wahalkada	GND	239	1	0	0	0	0	0
LK-7106040	D 04 Wahalkada	D 04 Wahalkada	GND	220	5	0	0	0	0	0
LK-7106045	Kahatagollewa	Kahatagollewa	GND	203	9	0	0	0	0	0
LK-7106050	Thammennawa	Thammennawa	GND	167	2	0	0	0	0	0
LK-7106055	Kunchuttuwa	Kunchuttuwa	GND	204	2	0	1	0	0	0
LK-7106060	Galawewa	Galawewa	GND	319	20	1	0	0	0	0
LK-7106065	Thittagonewa	Thittagonewa	GND	280	0	0	0	1	0	0
LK-7106070	Kurulugama	Kurulugama	GND	526	32	0	0	0	0	0
LK-7106075	Sinhalaetaweerawewa	Sinhalaetaweerawewa	GND	186	2	0	0	0	0	0
LK-7106080	Ethalvidda Wewa	Ethalvidda Wewa	GND	191	0	2	0	0	0	0
LK-7106085	Gonumeriyawa	Gonumeriyawa	GND	389	11	0	2	0	0	0
LK-7106090	Kebithigollewa	Kebithigollewa	GND	711	14	0	0	0	0	0
LK-7106095	Ihala Usgollewa	Ihala Usgollewa	GND	310	1	0	0	0	0	0
LK-7106100	Aiyathigewewa	Aiyathigewewa	GND	348	6	0	1	0	0	0
LK-7106105	Bandaraulpatha	Bandaraulpatha	GND	144	0	0	1	0	0	0
LK-7106110	Kiriketuwewa	Kiriketuwewa	GND	420	2	0	0	0	0	5
LK-7106115	Gonahathdenawa	Gonahathdenawa	GND	204	0	0	0	0	1	0
LK-7106120	Thimbiriwewa	Thimbiriwewa	GND	218	0	0	0	0	0	0
LK-7106125	Handagala Kirimetiyawa	Handagala Kirimetiyawa	GND	206	5	1	1	0	0	2
LK-7106130	Wattewewa	Wattewewa	GND	309	3	0	0	0	0	4
LK-7109	Medawachchiya	Medawachchiya	DSD	14862	436	1	15	0	1	31
LK-7109005	Prabodhagama	Prabodhagama	GND	557	14	0	0	0	0	2
LK-7109010	Paranahalmillewa	Paranahalmillewa	GND	451	9	0	0	0	0	0
LK-7109015	Lolugaswewa	Lolugaswewa	GND	375	19	0	1	0	0	0
LK-7109020	Puhudivula	Puhudivula	GND	396	24	0	1	0	0	0
LK-7109025	Heerallugama	Heerallugama	GND	428	56	0	4	0	0	3
LK-7109030	Ethakada	Ethakada	GND	534	17	0	0	0	0	0
LK-7109035	Etaweeragollewa	Etaweeragollewa	GND	324	3	0	0	0	0	1
LK-7109040	Kadawath Rambewa	Kadawath Rambewa	GND	205	9	0	0	0	0	0
LK-7109045	Maha Kumbukgollewa	Maha Kumbukgollewa	GND	456	4	0	0	0	0	0
LK-7109050	Kidawarankulama	Kidawarankulama	GND	507	14	0	0	0	0	0
LK-7109055	Anekattiya	Anekattiya	GND	258	7	0	1	0	0	0
LK-7109060	Periyakulama	Periyakulama	GND	391	13	0	0	0	0	2
LK-7109065	Poonewa	Poonewa	GND	468	1	0	0	0	0	0
LK-7109070	Isinbessagama	Isinbessagama	GND	470	6	0	0	0	0	1
LK-7109075	Mahadivulwewa	Maha Divulwewa	GND	290	15	0	0	0	0	0
LK-7109080	Kidagalegama	Kidagalegama	GND	246	4	0	0	0	0	0
LK-7109085	Moragoda	Moragoda	GND	397	7	0	2	0	0	1
LK-7109090	Unagaswewa	Unagaswewa	GND	238	1	0	0	0	0	0
LK-7109095	Kirigalwewa	Kirigalwewa	GND	268	1	0	1	0	0	1
LK-7109100	Angunochchiya	Angunochchiya	GND	348	17	0	0	0	0	4
LK-7109105	Ekirikanda	Ekirikanda	GND	468	9	0	0	0	0	0
LK-7109110	Railway Town	Railway Town	GND	317	3	0	0	0	0	0
LK-7109115	Kadawathgama	Kadawathgama	GND	379	8	1	1	0	0	1
LK-7109120	Kuda Kumbukgollewa	Kuda Kumbukgollewa	GND	400	9	0	0	0	0	0
LK-7109125	Yakawewa	Yakawewa	GND	497	18	0	0	0	0	1
LK-7109130	Thammenna Elawaka	Thammenne Elawaka	GND	512	22	0	1	0	0	2
LK-7109135	Puleliya	Puleliya	GND	462	35	0	0	0	0	8
LK-7109140	Viralmurippuwa	Viralmurippuwa	GND	435	6	0	2	0	0	1
LK-7109145	Walpola	Walpola	GND	272	17	0	0	0	1	0
LK-7109150	Katuwela	Katuwela	GND	706	22	0	0	0	0	1
LK-7109155	Medawachchiya West	Medawachchiya West	GND	640	4	0	0	0	0	0
LK-7109160	Medawachchiya East	Medawachchiya East	GND	466	5	0	1	0	0	1
LK-7109165	Kanadara Divulwewa	Kanadara Divulwewa	GND	335	9	0	0	0	0	0
LK-7109170	Helambagaswewa	Helambagaswewa	GND	327	6	0	0	0	0	0
LK-7109175	Sangilikanadarawa	Sangilikanadarawa	GND	481	10	0	0	0	0	0
LK-7109180	Lindawewa	Lindawewa	GND	278	6	0	0	0	0	1
LK-7109185	Karambankulama	Karambankulama	GND	280	6	0	0	0	0	0
LK-7112	Mahawilachchiya	Mahawilachchiya	DSD	6731	374	6	17	0	0	6
LK-7112005	Dematamalgama	Dematamalgama	GND	342	19	1	0	0	0	0
LK-7112010	Thanthirimale	Thanthirimale	GND	383	22	0	0	0	0	0
LK-7112015	Nelumvila	Nelumvila	GND	528	34	0	1	0	0	0
LK-7112020	Sandamaleliya	Sandamaleliya	GND	389	67	0	1	0	0	0
LK-7112025	Thuppitiyawa	Thuppitiyawa	GND	356	32	1	0	0	0	0
LK-7112030	Ethdathkalla	Ethdathkalla	GND	399	10	2	0	0	0	0
LK-7112035	Randoowa	Randoowa	GND	475	9	0	2	0	0	1
LK-7112040	Palugaswewa	Palugaswewa	GND	348	15	0	2	0	0	0
LK-7112045	Mannaram Junction	Mannaram Junction	GND	467	12	0	1	0	0	0
LK-7112050	Kuda Vilachchiya	Kuda Vilachchiya	GND	327	9	0	1	0	0	0
LK-7112055	Mahavillachchiya	Maha Vilachchiya	GND	364	2	0	0	0	0	1
LK-7112060	Pemaduwa	Pemaduwa	GND	427	2	1	0	0	0	0
LK-7112065	Kiralpetiyawa	Kiralpetiyawa	GND	309	12	0	1	0	0	0
LK-7112070	Navodagama	Navodagama	GND	543	46	0	1	0	0	3
LK-7112075	Oyamaduwa	Oyamaduwa	GND	566	30	0	5	0	0	0
LK-7112080	Helambawewa	Helambawewa	GND	244	50	1	1	0	0	0
LK-7112085	Dunumadalawa	Dunumadalawa	GND	264	3	0	1	0	0	1
LK-7115	Nuwaragam Palatha Central	Nuwaragam Palatha Central	DSD	19635	442	16	30	1	3	27
LK-7115005	Helambagaswewa	Helambagaswewa	GND	183	30	0	0	0	0	0
LK-7115010	Asirikgama	Asirikgama	GND	301	2	0	1	0	0	0
LK-7115015	Gambirigaswewa	Gambirigaswewa	GND	457	13	0	0	0	0	0
LK-7115020	Aluthgama	Aluthgama	GND	501	12	0	0	0	0	0
LK-7115025	Galpottegama	Galpottegama	GND	442	14	3	0	0	0	0
LK-7115030	Maha Ehetuwewa	Maha Ehetuwewa	GND	335	20	2	2	0	0	0
LK-7115035	Maningamuwa	Maningamuwa	GND	359	21	0	2	0	0	2
LK-7115040	Elayapattuwa	Elayapattuwa	GND	374	17	0	0	0	0	0
LK-7115045	Diganegama	Diganegama	GND	224	11	0	1	0	0	0
LK-7115050	Karambewa	Karambewa	GND	438	11	0	0	0	0	1
LK-7115055	Galkadawala	Galkadawala	GND	357	6	0	1	0	0	1
LK-7115060	Poowarsankulama	Poowarsankulama	GND	505	10	0	7	0	0	3
LK-7115065	Paniyankadawala	Paniyankadawala	GND	387	10	0	4	0	0	2
LK-7115070	Parasangaswewa	Parasangahawewa	GND	478	27	1	4	0	0	0
LK-7115075	Mankadawala	Mankadawala	GND	760	9	0	0	0	0	0
LK-7115080	Saliyapura	Saliyapura	GND	272	17	0	0	0	0	0
LK-7115085	Ashokaramaya	Ashokaramaya	GND	391	3	0	0	0	0	0
LK-7115090	Perimiyankulama	Perimiyankulama	GND	475	5	0	0	0	0	0
LK-7115095	Katukeliyawa	Katukeliyawa	GND	591	6	0	0	0	0	0
LK-7115100	Pusiyankulama	Pusiyankulama	GND	565	27	1	0	1	0	0
LK-7115105	Mahamankadawala	Maha Mankadawala	GND	396	17	0	1	0	0	0
LK-7115110	Ilandagahawewa	Ilandagahawewa	GND	368	13	0	2	0	0	0
LK-7115115	Vihara Kallanchiya	Vihara Kallanchiya	GND	338	8	0	0	0	0	0
LK-7115120	Vihara Palugama	Vihara Palugama	GND	544	20	0	1	0	0	1
LK-7115125	Devanampiyathissapura	Dewanampiyathissa Pura	GND	1861	18	1	0	0	1	5
LK-7115130	Abhayawewa	Abhayawewa	GND	724	11	0	2	0	0	0
LK-7115135	Pethispura	Pethispura	GND	552	5	1	0	0	0	1
LK-7115140	Bandara Puliyankulama	Bandara  Puliyankulama	GND	508	4	0	0	0	1	1
LK-7115145	Jayanthi Gramaya	Jayanthi Gramaya	GND	657	5	0	0	0	0	2
LK-7115150	Theppankulama	Theppankulama	GND	799	10	0	0	0	0	0
LK-7115155	Thannayamkulama	Thannayamkulama	GND	411	2	0	0	0	0	4
LK-7115160	Saliya Mawatha	Saliya Mawatha	GND	798	1	0	0	0	0	0
LK-7115165	Shuddha Nagaraya	Shuddha Nagaraya	GND	97	9	0	0	0	0	0
LK-7115170	Thisawewa	Thisawewa	GND	23	0	0	0	0	0	0
LK-7115175	Wessagiriya	Wessagiriya	GND	373	4	2	1	0	0	0
LK-7115180	Isurumuniya	Isurumuniya	GND	526	10	4	1	0	0	1
LK-7115185	Pandulagama	Pandulagama	GND	720	5	0	0	0	0	2
LK-7115190	Pahalagama	Pahalagama	GND	475	6	1	0	0	0	0
LK-7115195	Mahabulankulama	Maha Bulankulama	GND	529	9	0	0	0	0	0
LK-7115200	Ulukkulama	Ulukkulama	GND	541	14	0	0	0	1	1
LK-7118	Rambewa	Rambewa	DSD	11269	291	4	23	0	1	12
LK-7118005	Kolibendawewa	Kolibendawewa	GND	306	5	0	4	0	0	1
LK-7118010	Medagama	Medagama	GND	361	22	0	1	0	0	2
LK-7118015	Kadurugasdamana	Kadurugasdamana	GND	437	13	0	2	0	0	0
LK-7118020	Siyambalagaswewa	Siyambalagaswewa	GND	215	2	0	1	0	0	0
LK-7118025	Katukeliyawa	Katukeliyawa	GND	277	1	0	0	0	0	0
LK-7118030	Wahamalgollewa Track 05	Wahamalgollewa Track 05	GND	421	2	0	0	0	0	0
LK-7118035	Sangilikanadarawa	Sangilikanadarawa	GND	381	1	1	0	0	1	0
LK-7118040	Diviyaudabendawewa	Diviyaudabendawewa	GND	265	10	1	6	0	0	3
LK-7118045	Thalgahawewa	Talgahawewa	GND	260	3	0	0	0	0	0
LK-7118050	Galkandegama	Galkandegama	GND	376	45	0	0	0	0	0
LK-7118055	Balahondawewa	Balahondawewa	GND	251	2	0	0	0	0	0
LK-7118060	Pihimbiyagollewa	Pihimbiyagollewa	GND	297	15	0	0	0	0	1
LK-7118065	Galweeragollewa	Galweeragollewa	GND	137	1	0	1	0	0	0
LK-7118070	Ambagahawewa	Ambagahawewa	GND	202	5	0	1	0	0	0
LK-7118075	Thamarahalmillewa	Thamarahalmillewa	GND	167	10	0	0	0	0	0
LK-7118080	Wewelketiya	Wewelketiya	GND	371	7	0	0	0	0	0
LK-7118085	Ihala Kolongaswewa	Ihala Kolongaswewa	GND	171	2	0	0	0	0	0
LK-7118090	Konakumbukwewa	Konakumbukwewa	GND	256	7	0	0	0	0	1
LK-7118095	Kedewa	Kedewa	GND	196	8	1	0	0	0	0
LK-7118100	Kallanchiya	Kallanchiya	GND	229	11	1	1	0	0	0
LK-7118105	Gonewa	Gonewa	GND	406	10	0	0	0	0	1
LK-7118110	Ikirigollewa	Ikirigollewa	GND	783	8	0	0	0	0	1
LK-7118115	Wahamalgollewa	Wahamalgollewa	GND	280	2	0	0	0	0	0
LK-7118120	Wahamalgollewa Track 03	Wahamalgollewa Track 03	GND	226	2	0	0	0	0	0
LK-7118125	Pallankulama	Pallankulama	GND	403	4	0	2	0	0	0
LK-7118130	Mahawewa	Mahawewa	GND	375	5	0	0	0	0	0
LK-7118135	Pandukabhayapura	Pandukabhayapura	GND	290	10	0	1	0	0	1
LK-7118140	Katupuliyankulama	Katupuliyankulama	GND	395	15	0	3	0	0	0
LK-7118145	Sandamalgama	Sandamalgama	GND	295	14	0	0	0	0	0
LK-7118150	Rambewa	Rambewa	GND	430	7	0	0	0	0	0
LK-7118155	Nabadagaswewa	Nebadagaswewa	GND	255	2	0	0	0	0	0
LK-7118160	Mahakanadarawa R. B. Track 02	Mahakanadarawa R.B. Track 02	GND	293	9	0	0	0	0	0
LK-7118165	Kapiriggama	Kapiriggama	GND	122	2	0	0	0	0	0
LK-7118170	Peenagama	Peenagama	GND	263	5	0	0	0	0	0
LK-7118175	Meemalwewa	Meemalwewa	GND	141	7	0	0	0	0	0
LK-7118180	Rotawewa	Rotawewa	GND	209	7	0	0	0	0	1
LK-7118185	Kudagama	Kudagama	GND	231	7	0	0	0	0	0
LK-7118190	Mahakanadarawa R. B. Track 01	Mahakanadarawa R.B. Track 01	GND	296	3	0	0	0	0	0
LK-7121	Kahatagasdigiliya	Kahatagasdigiliya	DSD	12480	368	3	11	0	0	10
LK-7121005	Kirigallewa	Kirigallewa	GND	250	6	0	0	0	0	0
LK-7121010	Rathmalgahawewa	Rathmalgahawewa	GND	268	10	0	0	0	0	0
LK-7121015	Kudapattiya	Kudapattiya	GND	404	14	0	4	0	0	0
LK-7121020	Mahakumbukwewa	Maha Kumbukwewa	GND	246	1	0	0	0	0	0
LK-7121025	Palippothana	Palippothana	GND	196	1	0	0	0	0	1
LK-7121030	Gonumeruwewa	Gonumeru Wewa	GND	250	7	0	0	0	0	0
LK-7121035	Thurukkuragama	Thurukkuragama	GND	615	13	0	1	0	0	1
LK-7121040	Maha Kiribbewa	Maha Kiribbewa	GND	63	9	0	1	0	0	0
LK-7121045	Maha Galkandegama	Maha Galkandegama	GND	227	23	0	0	0	0	0
LK-7121050	Dachchihalmillawewa	Dachchihalmillewa	GND	366	0	0	0	0	0	0
LK-7121055	Maha Hammillawewa	Maha Halmillewa	GND	257	7	0	0	0	0	0
LK-7121060	Kumbukgollewa	Kumbukgollewa	GND	288	13	0	0	0	0	0
LK-7121065	Pandarellewa	Pandarellewa	GND	238	5	0	1	0	0	0
LK-7121070	Sampathgama	Sampathgama	GND	449	17	0	0	0	0	0
LK-7121075	Thallattewa	Thallattewa	GND	277	9	0	1	0	0	0
LK-7121080	Mahawewa	Mahawewa	GND	439	26	0	1	0	0	0
LK-7121085	Kahatagasdigiliya East	Kahatagasdigiliya East	GND	551	9	0	0	0	0	0
LK-7121090	Kahatagasdigiliya West	Kahatagasdigiliya West	GND	606	18	0	0	0	0	0
LK-7121095	Kokmaduwa	Kokmaduwa	GND	332	3	0	0	0	0	0
LK-7121100	Moragahawela	Moragahawela	GND	186	3	0	0	0	0	0
LK-7121105	Samadhigama	Samadhigama	GND	221	6	0	0	0	0	0
LK-7121110	Mekichchawa	Mekichchawa	GND	429	43	0	0	0	0	0
LK-7121115	Ranpathvila	Ranpathvila	GND	443	6	0	0	0	0	0
LK-7121120	Bethkewa - Thulana	Bethkewa - Thulana	GND	349	1	0	0	0	0	0
LK-7121125	Maha Messalewa	Maha Messalewa	GND	503	3	0	0	0	0	0
LK-7121130	Kohombagaskada	Kohombagaskada	GND	289	20	0	0	0	0	0
LK-7121135	Konwewa	Konwewa	GND	369	10	0	0	0	0	2
LK-7121140	Ambagahawewa	Ambagahawewa	GND	294	7	1	0	0	0	1
LK-7121145	Panwella	Panwella	GND	180	3	0	0	0	0	0
LK-7121150	Mee - Kumbukwewa	Mee - Kumbukwewa	GND	249	0	0	0	0	0	0
LK-7121155	Tikkanpothana	Tikkampothana	GND	135	13	2	1	0	0	0
LK-7121160	Punchi Halmillewa	Punchi Halmillewa	GND	183	13	0	0	0	0	0
LK-7121165	Weligollewa	Weligollewa	GND	286	9	0	0	0	0	0
LK-7121170	Divulwewa	Divulwewa	GND	364	10	0	0	0	0	0
LK-7121175	Diganhalmillawewa	Diganhalmillewa	GND	373	9	0	0	0	0	1
LK-7121180	Kelenikawewa	Kelenikawewa	GND	301	7	0	1	0	0	2
LK-7121185	Nelugollakada	Nelugollakada	GND	169	4	0	0	0	0	0
LK-7121190	Ellawewa	Ellawewa	GND	275	4	0	0	0	0	0
LK-7121195	Nekutunu Wewa	Nekutunu Wewa	GND	314	5	0	0	0	0	0
LK-7121200	Kanadara Rathmale	Kanadara - Rathmale	GND	246	1	0	0	0	0	2
LK-7124	Horowpathana	Horowpothana	DSD	11007	268	4	28	2	2	28
LK-7124005	Wahalkada D 2	Wahalkada D 2	GND	375	11	0	0	0	0	2
LK-7124010	Wahalkada D 1	Wahalkada D 1	GND	266	4	0	2	0	0	0
LK-7124015	Maradanmaduwa	Maradanmaduwa	GND	231	6	0	0	0	0	0
LK-7124020	Pahala Divulwewa	Pahala Divulwewa	GND	175	7	1	0	0	0	0
LK-7124025	Weerasole	Weerasole	GND	338	2	0	0	0	1	0
LK-7124030	Anaolondewa	Anaolondewa	GND	443	1	0	0	0	0	0
LK-7124035	Kapugollewa	Kapugollewa	GND	265	6	0	5	1	0	2
LK-7124040	Wagollakada	Wagollakada	GND	150	4	0	0	0	0	0
LK-7124045	Dutuwewa	Dutuwewa	GND	301	11	3	0	0	0	2
LK-7124050	Morawewa	Morawewa	GND	273	8	0	0	0	0	0
LK-7124055	Thawalanhalmillewa	Thawalanhalmillewa	GND	140	4	0	0	0	0	0
LK-7124060	Thimbiriattawala	Thimbiriettawala	GND	287	21	0	0	0	0	0
LK-7124065	Nikawewa	Nikawewa	GND	393	2	0	1	0	0	4
LK-7124070	Welimuwapothana	Welimuwapothana	GND	285	8	0	3	0	0	7
LK-7124075	Kivulekada	Kivulekada	GND	360	2	0	0	0	0	1
LK-7124080	Puhulewewa	Puhulewewa	GND	356	14	0	0	0	0	1
LK-7124085	Rathmale	Rathmale	GND	264	6	0	1	0	0	1
LK-7124090	Welangahaulpatha	Welangahaulpatha	GND	89	4	0	1	0	0	0
LK-7124095	Maradankadawala	Maradankadawala	GND	483	8	0	1	0	0	1
LK-7124100	Horowpothana	Horowpothana	GND	599	6	0	0	0	0	1
LK-7124105	Medawachchi Handiya	Medawachchiya Handiya	GND	221	6	0	0	0	0	0
LK-7124110	Mukkarawewa	Mukkarawewa	GND	409	8	0	2	0	0	0
LK-7124115	Ihala Angunachchiya	Ihala Angunachchiya	GND	315	6	0	0	0	0	0
LK-7124120	Rasnakawewa	Rasnaka Wewa	GND	147	4	0	2	0	0	0
LK-7124125	Walahaviddawewa	Walahaviddawewa	GND	356	13	0	0	0	0	0
LK-7124130	Gammahegewewa	Gammahegewewa	GND	216	10	0	1	0	0	0
LK-7124135	Morakewa	Morakewa	GND	551	35	0	4	0	0	4
LK-7124140	Nanumillawewa	Nanumillawewa	GND	278	0	0	1	0	0	0
LK-7124145	Thirappankadawala	Thirappankadawala	GND	231	4	0	1	0	0	0
LK-7124150	Parangiyawadiya	Parangiyawadiya	GND	262	0	0	0	1	0	0
LK-7124155	Nabadawewa	Nabadawewa	GND	301	7	0	0	0	0	0
LK-7124160	Puliyankadawala	Puliyankadawala	GND	335	16	0	1	0	0	1
LK-7124165	Vilewewa	Vilewewa	GND	178	9	0	1	0	0	0
LK-7124170	Wadigawewa	Wadigawewa	GND	232	1	0	0	0	0	0
LK-7124175	Kalpe	Kalpe	GND	256	3	0	0	0	0	1
LK-7124180	Dekethipothana	Dekethipothana	GND	259	3	0	0	0	0	0
LK-7124185	Dematawewa	Dematawewa	GND	171	6	0	1	0	0	0
LK-7124190	Diyatittawewa	Diyatittawewa	GND	216	2	0	0	0	1	0
LK-7127	Galenbidunuwewa	Galenbindunuwewa	DSD	14167	263	6	12	0	0	10
LK-7127005	Konwewa	Konwewa	GND	210	0	0	0	0	0	0
LK-7127010	Ellawewa	Ellawewa	GND	553	14	0	1	0	0	0
LK-7127015	Kataranpuraya	Kataranpuraya	GND	290	3	0	0	0	0	0
LK-7127020	Dutuwewa	Dutuwewa	GND	241	11	0	0	0	0	1
LK-7127025	Perettupalagama	Perettupala Gama	GND	333	4	0	0	0	0	0
LK-7127030	Kokawewa	Kokawewa	GND	577	19	0	3	0	0	1
LK-7127035	Dutuwewa Paranagama	Dutuwewa Paranagama	GND	402	3	0	0	0	0	0
LK-7127040	21 Colony East	21 Colony East	GND	190	3	0	0	0	0	0
LK-7127045	21 Colony West	21 Colony West	GND	253	4	1	0	0	0	1
LK-7127050	Ulpathgama	Ulpathgama	GND	340	12	0	1	0	0	2
LK-7127055	Upuldeniya	Upuldeniya	GND	440	11	0	0	0	0	0
LK-7127060	Himbutugollewa	Himbutugollewa	GND	276	6	1	0	0	0	0
LK-7127065	Mailagaswewa	Mailagaswewa	GND	221	5	0	2	0	0	0
LK-7127070	Ihalagama	Ihalagama	GND	170	2	0	0	0	0	0
LK-7127075	Galenbindunuwewa	Galenbindunuwewa	GND	557	1	0	0	0	0	0
LK-7127080	Karuwalagaswewa	Karuwalagaswewa	GND	472	1	0	0	0	0	0
LK-7127085	Palugollagama	Palugollagama	GND	364	11	0	0	0	0	0
LK-7127090	Aluth Divulwewa	Aluth Divulwewa	GND	320	9	0	0	0	0	0
LK-7127095	Getalawa	Getalawa	GND	512	6	0	0	0	0	0
LK-7127100	Hurulunikawewa Track-04	Hurulunikawewa	GND	344	6	0	1	0	0	2
LK-7127105	Ilukbadayagama	Ilukbadayagama	GND	567	1	0	0	0	0	0
LK-7127110	Kudagalenbidunuwewa	Kuda Galenbindunuwewa	GND	334	0	0	0	0	0	0
LK-7127115	Thammennagama	Thammennagama	GND	115	4	0	0	0	0	0
LK-7127120	Sivalakulama	Sivalakulama	GND	272	8	0	0	0	0	0
LK-7127125	Gomarankalla	Gomarankalla	GND	243	4	1	0	0	0	0
LK-7127130	Hurulunikawewa Track-03	Hurulunikawewa	GND	293	1	0	0	0	0	0
LK-7127135	Kumbukwewa	Kumbukwewa	GND	477	7	0	1	0	0	0
LK-7127140	Janasirigama	Janasirigama	GND	641	10	2	0	0	0	1
LK-7127145	Kurunegala Colony	Kurunegala Colony	GND	418	14	0	0	0	0	0
LK-7127150	Nuwaragam Colony	Nuwaragam Colony	GND	209	7	0	0	0	0	0
LK-7127155	Hurulu Jayapura	Hurulu Jayapura	GND	275	3	0	0	0	0	0
LK-7127160	Sunanda Mawatha	Sunanda Mawatha	GND	320	13	0	1	0	0	0
LK-7127165	Galwaduwagama	Galwaduwagama	GND	447	8	0	0	0	0	1
LK-7127170	Muriyakadawala	Muriyakadawala	GND	285	2	0	0	0	0	0
LK-7127175	Ihala Galkulama	Ihala Galkulama	GND	458	20	0	0	0	0	0
LK-7127180	Hurulumeegahapattiya	Hurulumeegahapattiya	GND	226	10	0	0	0	0	0
LK-7127185	Nuwaraeli Colony	Nuwaraeli Colony	GND	136	1	0	0	0	0	0
LK-7127190	Pandikaramaduwa	Pandikaramaduwa	GND	301	1	0	0	0	0	0
LK-7127195	Yakalla	Yakalla	GND	592	15	1	1	0	0	0
LK-7127200	Manankattiya	Manankattiya	GND	351	2	0	0	0	0	1
LK-7127205	Wannamkulama	Wannamkulama	GND	142	1	0	1	0	0	0
LK-7130	Mihinthale	Mihinthale	DSD	11242	250	5	9	0	0	19
LK-7130005	Ukkulankulama	Ukkulankulama	GND	359	2	0	0	0	0	5
LK-7130010	Mahakanadarawa L.B. Track 03	Mahakanadarawa Track 3	GND	269	4	0	0	0	0	0
LK-7130015	Mahakanadarawa L.B. Track 02	Mahakanadarawa Track 2	GND	315	10	0	0	0	0	0
LK-7130020	Mahakanadarawa L.B. Track 01	Mahakanadarawa Track 1	GND	285	6	0	0	0	0	0
LK-7130025	Maradankulama	Maradankulama	GND	445	16	0	0	0	0	0
LK-7130030	Doramadalawa	Doramadalawa	GND	272	20	0	1	0	0	2
LK-7130035	Kunchikulama	Kunchikulama	GND	1094	3	3	1	0	0	0
LK-7130040	Henewatta	Henawatta	GND	755	4	0	0	0	0	2
LK-7130045	Nuwarawewa	Nuwarawewa	GND	537	3	1	0	0	0	1
LK-7130050	Kurundankulama	Kurundankulama	GND	846	3	0	0	0	0	0
LK-7130055	Kannattiya	Kannattiya	GND	533	7	0	1	0	0	2
LK-7130060	Mihinthale	Mihinthale	GND	715	1	1	0	0	0	0
LK-7130065	Ruwangama	Ruwangama	GND	756	15	0	4	0	0	2
LK-7130070	Namalwewa	Namalwewa	GND	446	7	0	2	0	0	0
LK-7130075	Bogahayaya	Bogahayaya	GND	401	17	0	0	0	0	0
LK-7130080	Pothana	Pothana	GND	436	57	0	0	0	0	1
LK-7130085	Seeppukulama	Seeppukulama	GND	407	2	0	0	0	0	1
LK-7130090	Thammennawa	Thammmennawa	GND	195	7	0	0	0	0	0
LK-7130095	Kasamaduwa	Kasamaduwa	GND	340	17	0	0	0	0	0
LK-7130100	Katukeliyawa	Katukeliyawa	GND	416	9	0	0	0	0	0
LK-7130105	Kattaduwagama	Kattambuwagama	GND	200	10	0	0	0	0	0
LK-7130110	Kahapathvilagama	Kahapathvilagama	GND	170	0	0	0	0	0	0
LK-7130115	Ihalagama	Ihalagama	GND	257	11	0	0	0	0	0
LK-7130120	Maradankalla	Maradankalla	GND	410	6	0	0	0	0	0
LK-7130125	Wellaragama	Wellaragama	GND	383	13	0	0	0	0	3
LK-7133	Nuwaragam Palatha East	Nuwaragam Palatha East	DSD	21194	222	30	17	0	4	35
LK-7133005	Nuwara Wewa	Nuwara Wewa	GND	519	7	0	1	0	0	0
LK-7133010	Step1 Part 1	Step 1 part 1	GND	421	5	0	0	0	0	1
LK-7133015	Mahakalattewa	Mahakalattewa	GND	620	8	0	2	0	0	2
LK-7133020	Thariyankulama	Thariyankulama	GND	411	12	0	1	0	0	1
LK-7133025	Nelumkanniya	Nelunkanniya	GND	439	7	0	0	0	0	0
LK-7133030	Kuda Nelumkulama	Kuda Nelumkulama	GND	647	5	0	0	0	0	0
LK-7133035	Keerikkulama	Keerikkulama	GND	621	13	0	0	0	0	2
LK-7133040	Thammennapura	Thammennapura	GND	824	6	6	0	0	0	0
LK-7133045	Wannithammennawa	Wannithammennawa	GND	628	3	0	0	0	1	0
LK-7133050	Thammennakulama	Thammennakulama	GND	1465	7	3	0	0	0	0
LK-7133055	Step 1 Part 2	Step 1 part 2	GND	404	1	0	0	0	0	4
LK-7133060	Step 2 Part 3	Step 2 part 3	GND	718	4	3	0	0	0	0
LK-7133065	Step 2 Part 2	Step 2 part 2	GND	963	11	0	3	0	1	0
LK-7133070	Pothanegama	Pothanegama	GND	959	4	3	2	0	0	1
LK-7133075	Step 3 Part 3	Step 3 part 3	GND	1366	46	1	0	0	2	3
LK-7133080	Step 2 Part 1	Step2 part 1	GND	967	3	4	2	0	0	0
LK-7133085	Step 2 Part 4	Step 2 part 4	GND	880	0	8	3	0	0	0
LK-7133090	Wanniyankulama Kotasa 4	Wanniyankulama Kotasa 4	GND	558	0	0	0	0	0	0
LK-7133095	Wanniyankulama Kotasa 5	Wanniyankulama Kotasa 5	GND	626	3	1	1	0	0	1
LK-7133100	Wanniyankulama Kotasa 6	Wanniyankulama Kotasa 6	GND	617	3	0	0	0	0	0
LK-7133105	Gnanikulama	Gnanikulama	GND	460	4	1	1	0	0	3
LK-7133110	Kawarakkulama	Kawarakkulama	GND	798	9	0	0	0	0	3
LK-7133115	Mahapaladikulama	MahaPaladikulama	GND	960	23	0	1	0	0	7
LK-7133120	Step 3 Part 1	Step 3 part 1	GND	890	2	0	0	0	0	1
LK-7133125	Step 3 Part 2	Step 3 part 2	GND	996	3	0	0	0	0	1
LK-7133130	Wanniyankulama Kotasa 3	Wanniyankulama kotasa 3	GND	419	1	0	0	0	0	0
LK-7133135	Wanniyankulama Kotasa 1	Wanniyankulama kotasa 1	GND	960	13	0	0	0	0	4
LK-7133140	Wanniyankulama Kotasa 2	Wanniyankulama kotasa 2	GND	558	2	0	0	0	0	0
LK-7133145	Sucharithagama	Sucharithagama	GND	500	17	0	0	0	0	1
LK-7136	Nachchaduwa	Nachchaduwa	DSD	8036	216	4	5	0	0	14
LK-7136005	Kimbulakada	Kimbulakada	GND	566	7	0	0	0	0	2
LK-7136010	Shrawasthipura	Shrawasthipura	GND	705	2	1	0	0	0	0
LK-7136015	Kuda Nelubewa	Kuda Nelubewa	GND	411	6	0	0	0	0	1
LK-7136020	Shrawasthiwatta	Shrawasthiwatta	GND	525	11	0	2	0	0	0
LK-7136025	Aluthwewa	Aluthwewa	GND	626	6	0	0	0	0	1
LK-7136030	Amane	Amane	GND	509	17	0	0	0	0	1
LK-7136035	Maha Nelubewa	Maha Nelubewa	GND	381	6	0	0	0	0	0
LK-7136040	Divulwewa	Divulwewa	GND	346	2	0	0	0	0	1
LK-7136045	Hidogama	Hidogama	GND	468	14	1	1	0	0	1
LK-7136050	Pawakkulama	Pawakkulama	GND	361	6	0	0	0	0	0
LK-7136055	Kaluvila North	Kaluvila North	GND	287	2	0	0	0	0	0
LK-7136060	Madawalagama	Madawalagama	GND	187	4	0	0	0	0	0
LK-7136065	Nachchadoowa	"Nachchaduwa
"	GND	311	2	0	0	0	0	0
LK-7136070	Nachchadoowa New Town	Nachchaduwa New Town	GND	554	6	0	0	0	0	0
LK-7136075	Palayakulama	Palayakulama	GND	379	9	0	0	0	0	0
LK-7136080	Suhadagama	Suhadagama	GND	377	17	2	0	0	0	4
LK-7136085	Thuruvila	Thuruwila	GND	440	14	0	0	0	0	0
LK-7136090	Kaluarachchiyagama	Kaluarachchiyagama	GND	344	10	0	0	0	0	0
LK-7136095	Pahalawewa	Pahalawewa	GND	259	75	0	2	0	0	3
LK-7139	Nochchiyagama	Nochchiyagama	DSD	15730	296	5	18	1	2	40
LK-7139005	Kukulkatuwa	Kukulkatuwa	GND	213	14	0	0	0	0	0
LK-7139010	Ittikulama	Ittikulama	GND	269	19	0	1	0	0	0
LK-7139015	Ranorawa	Ranorawa	GND	131	2	0	0	0	0	0
LK-7139020	Mahalindawewa	Mahalindawewa	GND	37	0	0	0	0	0	0
LK-7139025	Bogahawewa	Bogahawewa	GND	506	16	1	0	0	0	0
LK-7139030	Ambagahawewa	Ambagahawewa	GND	238	6	0	0	0	0	0
LK-7139035	Ehetuwagama	Ehetuwagama	GND	316	4	0	0	0	0	0
LK-7139040	Thalgaswewa	Thalgaswewa	GND	263	7	0	2	0	0	1
LK-7139045	Hunuvilagama	Hunuvilagama	GND	300	3	1	0	0	0	0
LK-7139050	Horuvila	Horuvila	GND	283	0	0	0	0	0	0
LK-7139055	Lindawewa	Lindawewa	GND	385	4	0	0	0	0	0
LK-7139060	Kusumpura	Kusumpura	GND	668	22	0	2	0	0	5
LK-7139065	Mudithagama	Mudithagama	GND	1009	17	0	2	0	1	12
LK-7139070	Ralapanawagama	Ralapanawagama	GND	489	7	1	2	0	0	0
LK-7139075	Adampane	Adampane	GND	389	12	0	0	0	0	9
LK-7139080	Andarawewa	Andarawewa	GND	474	15	0	1	0	0	1
LK-7139085	Ralapanawa Colony	Ralapanawa Colony	GND	501	8	0	0	0	0	0
LK-7139090	Nochchiyagama	Nochchiyagama	GND	966	3	0	0	0	1	1
LK-7139095	Dunudambuwewa	Dunudambuwewa	GND	383	11	0	0	0	0	0
LK-7139100	Thimbiriwewa	Thimbiriwewa	GND	385	16	1	0	0	0	0
LK-7139105	Katupathwewa	Katupathwewa	GND	395	4	0	1	0	0	0
LK-7139110	Pahala Maragahawewa	Pahala Maragahawewa	GND	299	3	0	0	0	0	0
LK-7139115	Nelawagama	Nelawagama	GND	667	11	0	3	0	0	0
LK-7139120	Pahala Halmillewa	Pahala Halmillewa	GND	608	11	0	0	0	0	0
LK-7139125	Halmillakulama	Halmillakulama	GND	681	4	0	1	0	0	1
LK-7139130	Dunupothagama	Dunupothagama	GND	326	3	1	0	0	0	0
LK-7139135	Dombawalagama	Dombawalagama	GND	463	7	0	1	0	0	0
LK-7139140	Pahamunegama	Pahamunegama	GND	497	7	0	0	0	0	6
LK-7139145	Navakkulama	Navakkulama	GND	473	6	0	1	0	0	1
LK-7139150	Galadivulwewa	Galadivulwewa	GND	278	1	0	0	0	0	0
LK-7139155	Jayagama	Jayagama	GND	351	2	0	0	0	0	0
LK-7139160	Amunukole	Amunukole	GND	584	12	0	1	0	0	0
LK-7139165	Mihiripura	Mihiripura	GND	285	9	0	0	1	0	0
LK-7139170	Pahala Kedithokkuwa	Pahala Kedithokkuwa	GND	409	7	0	0	0	0	0
LK-7139175	Rankethgama	Rankethgama	GND	680	12	0	0	0	0	3
LK-7139180	Ottappuwa	Ottappuwa	GND	529	11	0	0	0	0	0
LK-7142	Rajanganaya	Rajanganaya	DSD	10502	197	0	16	0	0	19
LK-7142005	Track 13,18	Thulana Track 18	GND	493	20	0	2	0	0	0
LK-7142010	Track 16,17	Track 16, 17	GND	1036	19	0	1	0	0	1
LK-7142015	Veheragala	Veheragala	GND	841	8	0	3	0	0	1
LK-7142020	Yaya 12	Track 12	GND	458	5	0	0	0	0	0
LK-7142025	Track 09 - 10	Track 09 - 10	GND	571	14	0	0	0	0	1
LK-7142030	Track 11	Track 11	GND	358	14	0	1	0	0	0
LK-7142035	Track 15	Track 15	GND	810	13	0	1	0	0	2
LK-7142040	Gemunupura	Gemunupura	GND	558	18	0	0	0	0	1
LK-7142045	Track 07	Track 07	GND	405	4	0	0	0	0	3
LK-7142050	Thumbullegama	Thumbullegama	GND	453	18	0	0	0	0	0
LK-7142055	Randenigama	Randenigama	GND	420	8	0	0	0	0	2
LK-7142060	Track 04	Track 04	GND	397	3	0	1	0	0	1
LK-7142065	Track 03	Track 03	GND	319	0	0	2	0	0	2
LK-7142070	Naigala	Naigala	GND	418	8	0	3	0	0	0
LK-7142075	Thissapura	Thissapura	GND	264	5	0	0	0	0	0
LK-7142080	Maha Thimbirikalla	Maha Thimbirikalla	GND	598	7	0	0	0	0	4
LK-7142085	Angamuwa	Angamuwa	GND	421	13	0	0	0	0	0
LK-7142090	04 1/2 Kanuwa	4 1/2 Kanuwa	GND	423	2	0	1	0	0	1
LK-7142095	Sirimapura	Sirimapura	GND	399	5	0	0	0	0	0
LK-7142100	Panthiyawa	Panthiyawa	GND	363	8	0	0	0	0	0
LK-7142105	Kalundegama	Kalundegama	GND	497	5	0	1	0	0	0
LK-7145	Thambuththegama	Thambuttegama	DSD	13170	207	2	3	0	1	49
LK-7145005	Kongollewa	Kongollewa	GND	745	15	0	0	0	0	4
LK-7145010	Kelegama	Kelegama	GND	501	6	0	0	0	0	0
LK-7145015	Pahalagama	Pahalagama	GND	465	6	0	0	0	0	3
LK-7145020	Solama	Solama	GND	367	19	0	0	0	0	0
LK-7145025	Maha Bellankadawala	Maha Bellankadawala	GND	558	9	0	1	0	0	4
LK-7145030	Eriyagama	Eriyagama	GND	335	8	1	0	0	0	1
LK-7145035	Delnegama	Delnegama	GND	401	4	0	0	0	0	3
LK-7145040	Kuda Bellankadawala	Kuda Bellankadawala	GND	386	3	0	0	0	0	1
LK-7145045	Konwewa	Konwewa	GND	563	4	0	0	0	0	1
LK-7145050	Jayasirigama	Jayasirigama	GND	306	2	0	0	0	0	1
LK-7145055	Lunuwewa	Lunuwewa	GND	366	2	0	0	0	0	1
LK-7145060	Veheragala	Veheragala	GND	673	16	0	0	0	0	1
LK-7145065	Thammennagama	Thammennagama	GND	1114	12	0	0	0	1	1
LK-7145070	Nallachchiya	Nallachchiya	GND	839	18	0	0	0	0	4
LK-7145075	Galviharawewa	Galviharawewa	GND	394	6	0	0	0	0	0
LK-7145080	Thelhiriyawa	Thelhiriyawa	GND	450	15	1	0	0	0	1
LK-7145085	Ikiriwewa	Ikiriwewa	GND	1060	23	0	1	0	0	19
LK-7145090	Musalpitiya	Musalpitiya	GND	500	2	0	0	0	0	1
LK-7145095	Thambuttegama	Thambuttegama	GND	522	0	0	0	0	0	0
LK-7145100	Thispanepura	Thispanepura	GND	288	4	0	0	0	0	0
LK-7145105	Makulewa	Makulewa	GND	422	3	0	1	0	0	2
LK-7145110	Thammennawa	Thammennawa	GND	524	14	0	0	0	0	0
LK-7145115	Mudungoda	Mudungoda	GND	456	3	0	0	0	0	0
LK-7145120	Helambawewa	Helambawewa	GND	235	3	0	0	0	0	0
LK-7145125	Hureegaswewa	Hureegaswewa	GND	370	7	0	0	0	0	0
LK-7145130	Weliyawa	Weliyawa	GND	330	3	0	0	0	0	1
LK-7148	Thalawa	Thalawa	DSD	17580	330	6	14	1	0	22
LK-7148005	Daladapura	Daladapura	GND	236	6	0	0	0	0	1
LK-7148010	Pahala Thalawa	Pahala Thalawa	GND	368	19	0	0	0	0	0
LK-7148015	Moragoda	Moragoda	GND	606	4	0	1	0	0	1
LK-7148020	Kumbukgahawewa	Kumbukgahawewa	GND	522	9	0	3	0	0	2
LK-7148025	Nawa Hanguranketha	Nawa Hanguranketha	GND	530	8	0	1	0	0	1
LK-7148030	Hirigollegama	Hirigollegama	GND	465	2	0	0	0	0	1
LK-7148035	Karagahawewa	Karagahawewa	GND	786	12	0	0	0	0	1
LK-7148040	Ihala Thalawa	Ihala Thalawa	GND	634	2	0	0	0	0	1
LK-7148045	Hinguruwewa	Hinguruwewa	GND	364	8	0	0	0	0	0
LK-7148050	Korakahawewa	Korakahawewa	GND	285	6	0	1	0	0	2
LK-7148055	Kurunduwewa	Kurunduwewa	GND	662	17	0	0	0	0	0
LK-7148060	Meegassegama	Meegassegama	GND	473	11	0	0	0	0	1
LK-7148065	Kiralogama	Kiralogama	GND	424	7	0	0	0	0	0
LK-7148070	Kadurugaswewa	Kadurugaswewa	GND	314	6	0	0	0	0	0
LK-7148075	Palugaswewa	Palugaswewa	GND	663	7	0	0	0	0	0
LK-7148080	Ketakale	Ketakale	GND	542	3	0	0	0	0	1
LK-7148085	Rajjallegama	Rajjallegama	GND	295	1	0	0	0	0	0
LK-7148090	Eliyadivulwewa	Eliyadivulwewa	GND	539	9	0	0	0	0	0
LK-7148095	Ihala Siyambalewa	Ihala Siyambalewa	GND	694	11	1	1	0	0	0
LK-7148100	Eppawala	Eppawala	GND	561	16	1	1	0	0	0
LK-7148105	Mawathawewa	Mawathawewa	GND	356	22	1	1	1	0	1
LK-7148110	Nallamudawa	Nallamudawa	GND	438	15	0	0	0	0	2
LK-7148115	Medagama	Medagama	GND	497	6	0	2	0	0	1
LK-7148120	Kiriamunukole	Kiriamunukole	GND	463	10	1	3	0	0	3
LK-7148125	Kadigawa	Kadigawa	GND	250	6	0	0	0	0	0
LK-7148130	Mediyawa	Mediyawa	GND	273	4	0	0	0	0	0
LK-7148135	Katiyawa Track 02	Katiyawa Track 02	GND	234	1	0	0	0	0	0
LK-7148140	Galwaduwagama	Galwaduwagama	GND	350	7	0	0	0	0	0
LK-7148145	Ihala Halmillewa	Ihala Halmillewa	GND	339	9	0	0	0	0	0
LK-7148150	Adhiranigama	Adhiranigama	GND	475	13	0	0	0	0	0
LK-7148155	Katiyawa Track 10	Katiyawa Track 10	GND	323	1	1	0	0	0	1
LK-7148160	Katiyawa Track 09	Katiyawa Track 09	GND	511	8	0	0	0	0	0
LK-7148165	Katiyawa Track 01	Katiyawa Track 01	GND	577	5	0	0	0	0	1
LK-7148170	Endagala	Endagala	GND	462	3	0	0	0	0	0
LK-7148175	Kelesiyambalewa	Kelesiyambalewa	GND	424	18	0	0	0	0	0
LK-7148180	Galmaduwa	Galmaduwa	GND	291	3	0	0	0	0	0
LK-7148185	Ihalagama	Ihalagama	GND	386	8	0	0	0	0	0
LK-7148190	Keledivulwewa	Keledivulwewa	GND	348	1	0	0	0	0	0
LK-7148195	Katiyawa Track 06	Katiyawa Track 06	GND	620	26	1	0	0	0	1
LK-7151	Thirappane	Thirappane	DSD	8751	253	4	22	0	0	24
LK-7151005	Karuwalagaswewa	Karuwalagaswewa	GND	145	3	0	0	0	0	0
LK-7151010	Galkulama	Galkulama	GND	220	2	0	0	0	0	3
LK-7151015	Gnanikkulama	Gnanikkulama	GND	203	2	0	0	0	0	0
LK-7151020	Perimiyankulama	Perimiyankulama	GND	134	1	0	0	0	0	0
LK-7151025	Wannamkulama	Wannamkulama	GND	88	0	0	0	0	0	0
LK-7151030	Uttimaduwa	Uttimaduwa	GND	153	7	0	5	0	0	0
LK-7151035	Dematawewa	Dematawewa	GND	118	1	0	1	0	0	3
LK-7151040	Pairimaduwa	Pairimaduwa	GND	246	10	0	2	0	0	2
LK-7151045	Kuttikulama	Kuttikulama	GND	294	5	0	0	0	0	4
LK-7151050	Puliyankulama	Puliyankulama	GND	254	4	0	1	0	0	1
LK-7151055	Mawathawewa	Mawathawewa	GND	133	1	0	0	0	0	0
LK-7151060	Periyakulama	Periyakulama	GND	121	0	0	0	0	0	0
LK-7151065	Ethungama South	Ethungama South	GND	279	9	0	0	0	0	0
LK-7151070	Meewellewa	Meewellewa	GND	338	9	0	0	0	0	1
LK-7151075	Ethungama North	Ethungama North	GND	306	11	0	1	0	0	0
LK-7151080	Aluth Punchikulama	Aluth Punchikulama	GND	259	14	0	0	0	0	0
LK-7151085	Wannammaduwa	Wannammaduwa	GND	292	8	0	0	0	0	0
LK-7151090	Thirappane Kadaweediya	Thirappane Kadaweediya	GND	276	2	0	0	0	0	0
LK-7151095	Thirappanegama	Thirappanegama	GND	244	10	0	1	0	0	1
LK-7151100	Sembukulama	Sembukulama	GND	251	8	0	0	0	0	1
LK-7151105	Wellamudawa	Wellamudawa	GND	213	15	2	5	0	0	1
LK-7151110	Selesthimaduwa	Selesthimaduwa	GND	270	17	0	2	0	0	0
LK-7151115	Idigahawewa	Idigahawewa	GND	164	12	0	0	0	0	0
LK-7151120	Paindikulama	Paindikulama	GND	199	7	0	0	0	0	0
LK-7151125	Walagambahuwa	Walagambahuwa	GND	156	2	0	0	0	0	0
LK-7151130	Mahakanumulla	Mahakanumulla	GND	121	1	0	0	0	0	0
LK-7151135	Alisthana	Alisthana	GND	363	4	0	0	0	0	0
LK-7151140	Dayagama	Dayagama	GND	91	4	0	1	0	0	0
LK-7151145	Wanamal Uyana	Wanamal Uyana	GND	357	2	0	0	0	0	0
LK-7151150	Manakkulama	Manakkulama	GND	193	2	0	0	0	0	0
LK-7151155	Pethis Rambewa	Pethis Rambewa	GND	213	13	0	0	0	0	4
LK-7151160	Kattamurichchana	Kattamurichchana	GND	227	3	0	0	0	0	0
LK-7151165	Kandupagama	Kandupagama	GND	176	7	0	0	0	0	0
LK-7151170	Labunoruwa	Labunoruwa	GND	279	14	0	1	0	0	0
LK-7151175	Pahala Ambathale	Pahala Ambathale	GND	72	6	1	0	0	0	0
LK-7151180	Ihala Ambathale	Ihala Ambathale	GND	315	4	1	0	0	0	1
LK-7151185	Alagollewa	Alagollewa	GND	216	8	0	0	0	0	0
LK-7151190	Muriyakadawala	Muriyakadawala	GND	164	10	0	0	0	0	0
LK-7151195	Amunichchiya	Amunichchiya	GND	152	1	0	1	0	0	0
LK-7151200	Sandapagama	Sandapagama	GND	199	1	0	1	0	0	1
LK-7151205	Uttupitiya	Uttupitiya	GND	257	13	0	0	0	0	1
LK-7154	Kekirawa	Kekirawa	DSD	17946	302	5	15	0	2	32
LK-7154005	Navakkulama	Navakkulama	GND	306	5	0	0	0	0	1
LK-7154010	Moragoda	Moragoda	GND	266	10	0	1	0	0	0
LK-7154015	Mahadivulwewa	Mahadivulwewa	GND	176	11	0	0	0	0	0
LK-7154020	Keeriyagaswewa	Keeriyagaswewa	GND	112	3	0	1	0	0	0
LK-7154025	Ihala Puliyankulama	Ihala Puliyankulama	GND	438	6	1	1	0	0	0
LK-7154030	Kelepuliyankulama	Kelepuliyankulama	GND	249	3	0	0	0	0	1
LK-7154035	Maradankadawala	Maradankadawala	GND	772	6	0	0	0	0	5
LK-7154040	Thoruwewa	Thoruwewa	GND	198	3	0	1	0	0	1
LK-7154045	Maminiyawa	Maminiyawa	GND	168	4	0	0	0	0	0
LK-7154050	Maminiya Rambewa	Maminiya Rambewa	GND	383	17	0	0	0	0	0
LK-7154055	Ganewalpola	Ganewalpola	GND	463	10	0	0	0	1	1
LK-7154060	Heenukkiriyawa	Heenukkiriyawa	GND	341	16	1	0	0	0	0
LK-7154065	Embulgaswewa	Embulgaswewa	GND	192	4	0	0	0	0	0
LK-7154070	Olukarada	Olukarada	GND	234	0	0	0	0	0	0
LK-7154075	Kollankuttigama	Kollankuttigama	GND	432	5	0	0	0	0	1
LK-7154080	Mudaperumagama	Mudaperumagama	GND	231	2	0	1	0	0	0
LK-7154085	Ihalagama	Ihalagama	GND	247	3	0	1	0	0	1
LK-7154090	Shasthrawelliya	Shasthrawelliya	GND	152	5	0	0	0	0	1
LK-7154095	Railway Town	Railway Town	GND	350	8	0	0	0	0	0
LK-7154100	Maradankadawala Road	Maradankadawala Road	GND	420	9	0	0	0	0	0
LK-7154105	Maldenipura	Maldenipura	GND	351	2	1	0	0	0	1
LK-7154110	Mankadawala	Mankadawala	GND	211	2	0	0	0	0	1
LK-7154115	Medawewa	Medawewa	GND	196	6	0	0	0	0	0
LK-7154120	Pothanegama	Pothanegama	GND	596	13	0	0	0	0	0
LK-7154125	Kuda Kekirawa	Kuda Kekirawa	GND	486	10	0	0	0	0	3
LK-7154130	Kekirawa Town	Kekirawa Town	GND	238	7	0	0	0	0	2
LK-7154135	Malawa	Malawa	GND	388	5	0	0	0	0	5
LK-7154140	Neekiniyawa	Neekiniyawa	GND	360	8	0	0	0	1	0
LK-7154145	Mailagaswewa	Mailagaswewa	GND	218	3	0	0	0	0	0
LK-7154150	Karukkankulama	Karukkankulama	GND	201	6	0	0	0	0	0
LK-7154155	Olombewa	Olombewa	GND	577	7	0	0	0	0	1
LK-7154160	Maha Kekirawa	Maha Kekirawa	GND	806	13	1	0	0	0	1
LK-7154165	Kumbukwewa	Kumbukwewa	GND	302	0	0	0	0	0	1
LK-7154170	Rathmallewa	Rathmallewa	GND	221	6	0	0	0	0	1
LK-7154175	Medagama	Medagama	GND	197	2	0	0	0	0	0
LK-7154180	Korasagalla	Korasagalla	GND	211	2	0	0	0	0	0
LK-7154185	Unagollewa	Unagollewa	GND	259	3	0	0	0	0	0
LK-7154190	Horapola	Horapola	GND	411	13	0	0	0	0	0
LK-7154195	Dambewatana	Dambewatana	GND	379	2	0	1	0	0	0
LK-7154200	Uduruwa	Uduruwa	GND	312	3	0	0	0	0	0
LK-7154205	Nidigama	Nidigama	GND	537	7	0	1	0	0	1
LK-7154210	Maha Elagamuwa	Maha Elagamuwa	GND	535	9	0	0	0	0	0
LK-7154215	Pallehingura	Pallehingura	GND	210	6	0	2	0	0	0
LK-7154220	Nelbegama	Nelbegama	GND	161	2	0	0	0	0	0
LK-7154225	Murungahitikanda	Murungahitikanda	GND	396	5	0	0	0	0	0
LK-7154230	Baravila	Baravila	GND	152	9	0	0	0	0	0
LK-7154235	Bandarapothana	Bandarapothana	GND	431	3	0	0	0	0	0
LK-7154240	Kotagala	Kotagala	GND	335	0	0	3	0	0	0
LK-7154245	Madatugama	Madatugama	GND	509	5	0	1	0	0	0
LK-7154250	Dunumadalawa	Dunumadalawa	GND	321	3	0	0	0	0	0
LK-7154255	Kandalama West	Kandalama West	GND	361	3	0	1	0	0	0
LK-7154260	Kithulhitiyawa	Kithulhitiyawa	GND	386	3	1	0	0	0	1
LK-7154265	Kandalama East	Kandalama East	GND	562	4	0	0	0	0	2
LK-7157	Palugaswewa	Palugaswewa	DSD	5054	162	1	9	1	0	12
LK-7157005	Maithrigama	Maithreegama	GND	118	10	0	0	0	0	0
LK-7157010	Maha Rambawewa	Maharabawewa	GND	190	14	0	0	0	0	0
LK-7157015	Madawala	Madawala	GND	336	14	0	0	0	0	0
LK-7157020	Eppawala	Eppawala	GND	288	25	0	1	0	0	2
LK-7157025	Galapitagala	Galapitagala	GND	156	0	0	0	1	0	0
LK-7157030	Kumbukwewa	Kumbukwewa	GND	201	7	0	0	0	0	1
LK-7157035	Senadhiriyagama	Senadhiriyagama	GND	285	7	0	0	0	0	0
LK-7157040	Horivila	Horivila	GND	364	9	0	0	0	0	1
LK-7157045	Palugaswewa	Palugaswewa	GND	345	8	1	0	0	0	1
LK-7157050	Kuda Rambawewa	Kuda Rambawewa	GND	218	14	0	3	0	0	1
LK-7157055	Habarana	Habarana	GND	1071	10	0	1	0	0	4
LK-7157060	Demuththewa	Demuththewa	GND	137	2	0	0	0	0	0
LK-7157065	Kelewa	Kelewa	GND	338	3	0	2	0	0	0
LK-7157070	Wayaulpatha	Wayaulpatha	GND	314	19	0	2	0	0	0
LK-7157075	Hiriwadunna	Hiriwadunna	GND	323	8	0	0	0	0	0
LK-7157080	Kashyapagama	Kashyapagama	GND	370	12	0	0	0	0	2
LK-7160	Ipalogama	Ipalogama	DSD	12205	268	3	7	0	1	17
LK-7160005	Dikwewa Senapura	Dikwewa-Senapura	GND	521	14	0	0	0	1	2
LK-7160010	Galagedara Gama	Galagedara Gama	GND	88	2	0	0	0	0	0
LK-7160015	Senapuragama	Senapura Gama	GND	177	7	0	0	0	0	0
LK-7160020	Mahailuppallama	Mahailuppallama	GND	334	3	0	0	0	0	0
LK-7160025	Gonapathirawa	Gonapathirawa	GND	491	3	0	0	0	0	0
LK-7160030	Sangattewa	Sangattewa	GND	538	8	0	0	0	0	0
LK-7160035	Kadiyangalla	Kadiyangalla	GND	472	11	0	0	0	0	0
LK-7160040	Ipalogama	Ipalogama	GND	353	18	0	0	0	0	0
LK-7160045	Manewa	Manewa	GND	237	1	0	2	0	0	2
LK-7160050	Heenukwegama	Heenukwe Gama	GND	171	7	0	0	0	0	0
LK-7160055	Dampelassagama	Dampelessa Gama	GND	278	3	0	2	0	0	1
LK-7160060	Ihala Kagama	Ihala Kagama	GND	284	2	0	1	0	0	0
LK-7160065	Kunchikulama	Kunchikulama	GND	1603	11	1	0	0	0	1
LK-7160070	Hiripitiyagama	Hiripitiya Gama	GND	597	17	1	0	0	0	2
LK-7160075	Aswedduma	Aswedduma	GND	232	2	0	0	0	0	0
LK-7160080	Ganthiriyagama	Ganthiriya Gama	GND	344	8	0	1	0	0	0
LK-7160085	Galwanguwa	Galwanguwa	GND	357	14	0	0	0	0	0
LK-7160090	Wedinigama	Wedinigama	GND	318	4	0	0	0	0	0
LK-7160095	Narangallegama	Narangallegama	GND	281	5	0	0	0	0	0
LK-7160100	Kallanchiyagama	Kallanchiya Gama	GND	465	21	0	0	0	0	1
LK-7160105	Aluth Dambewatana	Aluth Dambewatana	GND	130	4	0	0	0	0	0
LK-7160110	Kagama 5 Ela	Kagama 5 Ela	GND	277	4	1	0	0	0	0
LK-7160115	2 Ela - Kagama	2 Ela Kagama	GND	233	2	0	0	0	0	2
LK-7160120	Akkara 500	Akkara 500	GND	254	12	0	0	0	0	0
LK-7160125	Amunuwetiya	Amunuwetiya	GND	332	1	0	0	0	0	0
LK-7160130	Puliyankulama	Puliyankulama	GND	554	25	0	0	0	0	0
LK-7160135	Vijithapura	Vijithapura	GND	337	12	0	0	0	0	1
LK-7160140	Amanakkattuwa	Amanakkattuwa	GND	80	0	0	0	0	0	0
LK-7160145	Kalawewa	Kalawewa	GND	270	18	0	0	0	0	0
LK-7160150	Kusalanagama	Kusalanagama	GND	537	7	0	0	0	0	3
LK-7160155	Palugaswewa Farm	Palugaswewa Farm	GND	406	11	0	0	0	0	1
LK-7160160	Walawwegama	Walawwegama	GND	654	11	0	1	0	0	1
LK-7163	Galnewa	Galnewa	DSD	11274	175	4	14	1	0	22
LK-7163005	Namalgamuwa	Namalgamuwa	GND	395	1	0	0	0	0	1
LK-7163010	Obadayagama	Obadayagama	GND	445	6	0	0	0	0	0
LK-7163015	Otunupelandigama	Otunupelandigama	GND	472	11	0	0	0	0	0
LK-7163020	Karuwalagaswewa	Karuwalagaswewa	GND	644	10	1	0	0	0	1
LK-7163025	Usgala Halmillawewa	Usgala Halmillawewa	GND	374	5	0	0	0	0	0
LK-7163030	Helabodugama	Helabodu Gama	GND	568	8	0	0	0	0	0
LK-7163035	Kattaragama	Kattaragama	GND	378	4	1	0	0	0	1
LK-7163040	Bulnewa	Bulnewa	GND	534	3	0	0	0	0	2
LK-7163045	Thorane Gama	Thorane Gama	GND	402	2	0	0	0	0	0
LK-7163050	Midellewa	Midellewa	GND	587	7	0	1	0	0	1
LK-7163055	Ihala Kalankuttiya	Ihala Kalankuttiya	GND	436	5	0	2	0	0	0
LK-7163060	Pahala Kalankuttiya	Pahala Kalankuttiya	GND	452	8	0	0	0	0	0
LK-7163065	Siyambalewa	Siyambalewa	GND	237	6	0	0	0	0	0
LK-7163070	Lolugaswewa	Lolugaswewa	GND	405	14	0	1	0	0	2
LK-7163075	Pitiye Yaya	Pitiye Yaya	GND	453	12	0	1	0	0	0
LK-7163080	Galnewagama	Galnewa Gama	GND	349	3	0	0	0	0	0
LK-7163085	Galnewa Town	Galnewa Town	GND	182	1	0	0	0	0	0
LK-7163090	Malbaligala	"Malbaligala
"	GND	561	14	0	1	1	0	1
LK-7163095	Hadungama	Hadungama	GND	334	2	0	0	0	0	0
LK-7163100	Musnawa	Musnawa	GND	202	4	0	1	0	0	0
LK-7163105	Kala - Medawachchiya	Kala-Medawachchiya	GND	495	11	1	5	0	0	2
LK-7163110	Kumbukwewa	Kumbukwewa	GND	74	1	0	0	0	0	0
LK-7163115	Kallanchiya	Kallanchiya	GND	204	1	0	0	0	0	0
LK-7163120	Negama	Negama	GND	424	2	1	0	0	0	1
LK-7163125	Verunkulama	Verunkulama	GND	379	3	0	0	0	0	0
LK-7163130	Walaswewa	Walaswewa	GND	642	25	0	1	0	0	0
LK-7163135	Kandegama	Kandegama	GND	195	2	0	0	0	0	0
LK-7163140	Kandulegama	Kandule Gama	GND	68	2	0	0	0	0	1
LK-7163145	Kandulugamuwa	Kandulugamuwa	GND	174	1	0	0	0	0	8
LK-7163150	Siyambalangamuwa South	Siyambalangamuwa South	GND	209	1	0	1	0	0	1
LK-7166	Palagala	Palagala	DSD	10825	295	12	11	0	1	25
LK-7166005	Nelliyagama	Nelliyagama	GND	339	2	2	0	0	0	0
LK-7166010	Balaluwewa 2	Balaluwewa 2	GND	292	2	0	0	0	0	0
LK-7166015	Balaluwewa1	Balaluwewa	GND	268	6	0	0	0	0	0
LK-7166020	Pahalagama	Pahalagama	GND	217	2	0	0	0	0	0
LK-7166025	Karavilagala	Karavilagala	GND	128	0	0	0	0	0	1
LK-7166030	Gam Sabha Halmilla Wewa	Gam Sabha Halmilla Wewa	GND	406	27	0	0	0	0	3
LK-7166035	Gonadeniyagama	Gonadeniyagama	GND	283	12	0	0	0	0	1
LK-7166040	Meewewa	Meewewa	GND	123	0	0	0	0	0	0
LK-7166045	Ambagaswewa	Ambagaswewa	GND	188	7	0	3	0	0	0
LK-7166050	Wambatuwewa	Wambatuwewa	GND	198	5	0	0	0	0	0
LK-7166055	Hinguruwewa	Hinguruwewa	GND	259	9	0	0	0	0	0
LK-7166060	Kirindiwatta	Kirindiwatta	GND	261	5	0	1	0	0	0
LK-7166065	Aluth Galkiriyagama	Aluth Galkiriyagama	GND	353	5	0	0	0	0	3
LK-7166070	Daniyagama	Daniyagama	GND	345	4	1	3	0	0	0
LK-7166075	Undurawa Halmilla Wewa	Undurawa Halmillawewa	GND	224	5	0	0	0	0	0
LK-7166080	Katukeliyawa	Katukeliyawa	GND	358	10	0	0	0	0	1
LK-7166085	Aluth Kadadugama	Aluth Kadadugama	GND	425	25	2	0	0	0	0
LK-7166090	Ranawa	Ranawa	GND	559	10	2	0	0	0	0
LK-7166095	Hinguruwelpitiya	Hinguruwelpitiya	GND	340	12	0	0	0	0	0
LK-7166100	Anakatawewa	Anakatawewa	GND	497	24	0	0	0	0	0
LK-7166105	Giranegama	Giranegama	GND	681	26	2	1	0	0	1
LK-7166110	Dambulu Halmilla Wewa	Dambuluhalmillawewa	GND	397	5	2	0	0	0	0
LK-7166115	Narangaswewa	Narangaswewa	GND	382	6	0	1	0	0	9
LK-7166120	Ulpathagama	Ulpathagama	GND	359	7	0	1	0	0	1
LK-7166125	Ellawewa	Ellawewa	GND	365	17	0	0	0	0	0
LK-7166130	Andiyagala	Andiyagala	GND	280	0	0	1	0	1	1
LK-7166135	Maneruwa	Maneruwa	GND	216	2	0	0	0	0	1
LK-7166140	Ipulwehera	Ipulwehera	GND	269	4	0	0	0	0	0
LK-7166145	Gambirigaswewa	Gambirigaswewa	GND	189	5	0	0	0	0	0
LK-7166150	Parawahagama	Parawahagama	GND	289	0	0	0	0	0	0
LK-7166155	Kalugala	Kalugala	GND	394	3	0	0	0	0	2
LK-7166160	Pelbendiyawa	Pelbendiyawa	GND	216	13	0	0	0	0	0
LK-7166165	Morotte Gama	Morottegama	GND	299	22	1	0	0	0	1
LK-7166170	Dematagollagama	Dematagollagama	GND	207	9	0	0	0	0	0
LK-7166175	Budugehinna	Budugehinna	GND	219	4	0	0	0	0	0
LK-72	Polonnaruwa	Polonnaruwa	DISTRICT	124329	2586	78	128	4	12	248
LK-7203	Higurakgoda	Hingurakgoda	DSD	19913	344	26	11	0	1	24
LK-7203005	Sinhagama	Sinhagama	GND	499	19	0	0	0	0	0
LK-7203010	Galoya	Galoya	GND	442	4	0	0	0	0	1
LK-7203015	Rotawewa	Rotawewa	GND	433	30	0	0	0	0	1
LK-7203020	Rathmale	Rathmale	GND	285	10	1	0	0	0	5
LK-7203025	Paluwaddana	Paluwaddana	GND	271	3	0	0	0	0	0
LK-7203030	Yodha Ela	Yodha Ela	GND	511	6	0	0	0	0	0
LK-7203035	Yatiyalpathana	Yatiyalpathana	GND	451	3	0	0	0	0	0
LK-7203040	Rankothgama	Rankothgama	GND	390	2	2	0	0	0	0
LK-7203045	Siriketha	Siriketha	GND	315	2	0	0	0	0	0
LK-7203050	Kumaragama	Kumaragama	GND	288	2	0	0	0	0	0
LK-7203055	Samapura	Samapura	GND	579	1	4	0	0	0	0
LK-7203060	Kimbulawala	Kimbulawala	GND	428	10	0	0	0	0	0
LK-7203065	Ulpathwewa	Ulpathwewa	GND	408	11	1	0	0	0	0
LK-7203070	Minihirigama	Minihirigama	GND	266	9	0	0	0	0	0
LK-7203075	Moragaswewa	Moragaswewa	GND	764	9	2	1	0	0	1
LK-7203080	Mahasengama	Mahasengama	GND	298	17	0	3	0	0	0
LK-7203085	Bathgampattuwa	Bathgampaththuwa	GND	511	3	0	1	0	0	1
LK-7203090	Samagipura	Samagipura	GND	532	8	1	0	0	0	1
LK-7203095	Minneriya	Minneriya	GND	191	3	0	0	0	0	0
LK-7203100	Pasiyawewa	Pasiyawewa	GND	390	7	0	0	0	0	0
LK-7203105	Akkara 70	Akkara 70	GND	474	15	4	0	0	0	0
LK-7203110	R.B. 01	R.B. 01	GND	496	24	1	1	0	0	0
LK-7203115	Pulathisigama	Pulathisigama	GND	348	0	1	0	0	0	0
LK-7203120	Ulkatupotha	Ulkatupotha	GND	661	5	2	0	0	0	1
LK-7203125	Bopura	Bopura	GND	428	3	0	0	0	0	0
LK-7203130	Jayapura	Jayapura	GND	285	3	0	0	0	0	0
LK-7203135	Hinguraka Bandaragama	Hinguraka Bandaragama	GND	304	1	0	0	0	0	0
LK-7203140	Hinguraka	Hinguraka	GND	251	5	0	0	0	0	0
LK-7203145	Hathamuna	Hathamuna	GND	408	8	0	1	0	0	0
LK-7203150	Hingurakgoda	Hingurakgoda	GND	145	3	3	0	0	0	0
LK-7203155	Bubula	Bubula	GND	244	0	0	0	0	0	0
LK-7203160	Raja Ela	Raja Ela	GND	424	9	0	0	0	1	0
LK-7203165	Rajaelagama	Raja Ela Gama	GND	357	3	0	0	0	0	2
LK-7203170	Muwanpelessa	Muwanpelessa	GND	327	6	0	0	0	0	1
LK-7203175	C.P.Pura	C.P.Pura	GND	330	5	0	2	0	0	2
LK-7203180	Girithale	Girithale	GND	357	5	0	0	0	0	1
LK-7203185	Girithale Puranagama	Girithale Puranagama	GND	218	0	0	0	0	0	0
LK-7203190	Girithale Colony	Girithale Colony	GND	423	6	0	0	0	0	1
LK-7203195	Henkolawela	Henkolawela	GND	353	6	2	0	0	0	0
LK-7203200	Jayanthipura	Jayanthipura	GND	450	4	1	0	0	0	0
LK-7203205	Unagalavehera West	Unagalavehera West	GND	468	3	0	0	0	0	0
LK-7203210	Unagalavehera East	Unagalavehera East	GND	251	4	0	0	0	0	2
LK-7203215	Chandanapokuna	Chandana Pokuna	GND	365	3	0	0	0	0	1
LK-7203220	Nagapokuna	Nagapokuna	GND	292	1	0	0	0	0	0
LK-7203225	Yaya 12 Pedesa	Track 12 Pedesa	GND	352	0	0	0	0	0	0
LK-7203230	Chethiyagirigama	Chethiyagirigama	GND	275	3	0	0	0	0	0
LK-7203235	Weeragama	Weeragama	GND	246	1	0	0	0	0	0
LK-7203240	Yaya 05 Pedesa	Track 05 Pedesa	GND	274	5	1	0	0	0	0
LK-7203245	Wijayarajawewa	Wijayaraja Wewa	GND	497	7	0	1	0	0	0
LK-7203250	Agbopura	Agbopura	GND	420	11	0	0	0	0	0
LK-7203255	Katukeliyawa	Katukeliyawa	GND	253	14	0	1	0	0	0
LK-7203260	Sudukanda - Nikawewa	Sudukanda - Nikawewa	GND	297	18	0	0	0	0	0
LK-7203265	Thambalawewa	Thambalawewa	GND	388	4	0	0	0	0	3
LK-7206	Medirigiriya	Medirigiriya	DSD	20168	338	6	25	0	1	61
LK-7206005	Wedikachchiya	Wedikachchiya	GND	759	35	1	2	0	0	10
LK-7206010	Jayathugama	Jayathugama	GND	407	17	1	0	0	0	0
LK-7206015	Ekamuthugama	Ekamuthugama	GND	352	11	0	2	0	0	0
LK-7206020	Meegaswewa	Meegaswewa	GND	516	22	0	1	0	0	0
LK-7206025	Palliyagodella	Palliyagodella	GND	211	10	0	0	0	0	1
LK-7206030	Wadigawewa	Wadigawewa	GND	339	6	0	2	0	0	0
LK-7206035	Senarathpura	Senarathpura	GND	630	11	0	2	0	0	5
LK-7206040	Etambaoya	Etambaoya	GND	312	7	0	0	0	0	0
LK-7206045	Kavuduluwewa	Kavuduluwewa (Ralapanawa)	GND	593	11	0	2	0	0	0
LK-7206050	Meniksorowwa	Meniksorowwa	GND	300	11	0	0	0	0	4
LK-7206055	Bisobandara	Bisobandara	GND	518	5	0	0	0	1	0
LK-7206060	Thissapura	Thissapura	GND	273	3	0	1	0	0	0
LK-7206065	Abhayapuragama	Abhayapuragama	GND	506	3	0	1	0	0	0
LK-7206070	New Town	New Town	GND	659	16	0	0	0	0	3
LK-7206075	Diggalpura	Diggalpura	GND	390	3	0	0	0	0	0
LK-7206080	Wedehapura	Wedehapura	GND	381	2	0	0	0	0	0
LK-7206085	Bisobandaragama	Bisobandara Gama	GND	500	8	0	0	0	0	0
LK-7206090	Ambagaswewa	Ambagaswewa	GND	638	8	0	2	0	0	3
LK-7206095	Jayagampura	Jayagampura	GND	206	4	0	1	0	0	0
LK-7206100	Nagarapura	Nagarapura	GND	292	0	0	0	0	0	1
LK-7206105	Kumudupura	Kumudupura	GND	319	9	0	0	0	0	0
LK-7206110	Damsopura	Damsopura	GND	575	11	0	1	0	0	2
LK-7206115	Aluthwewa	Aluthwewa	GND	414	7	0	0	0	0	4
LK-7206120	Thalakolawewa	Thalakolawewa	GND	482	9	0	0	0	0	0
LK-7206125	Ihalagama	Ihalagama	GND	522	2	0	0	0	0	0
LK-7206130	Wijayapura	Wijayapura	GND	275	6	0	0	0	0	0
LK-7206135	Bisouyana	Bisouyana	GND	472	6	0	0	0	0	0
LK-7206140	Diyasenpura	Diyasenpura	GND	526	6	0	0	0	0	0
LK-7206145	Gajabapura	Gajabapura	GND	532	3	0	1	0	0	1
LK-7206150	Kavudulugama	Kavudulugama	GND	279	3	0	0	0	0	0
LK-7206155	Mandalagiriya	Mandalagiriya	GND	395	2	0	0	0	0	1
LK-7206160	Medirigiriya	Medirigiriya	GND	832	2	1	0	0	0	0
LK-7206165	Viharagama	Viharagama	GND	390	5	0	0	0	0	6
LK-7206170	Divulankadawala	Divulankadawala	GND	557	14	0	2	0	0	0
LK-7206175	Nelumpokuna	Nelumpokuna	GND	385	4	0	0	0	0	1
LK-7206180	Thissa Amuna	Thissa Amuna	GND	518	9	0	1	0	0	3
LK-7206185	Kusumpokuna	Kusumpokuna	GND	437	2	1	0	0	0	1
LK-7206190	Wijayarajapura	Wijayarajapura	GND	293	4	0	1	0	0	0
LK-7206195	Perakumpura	Perakumpura	GND	406	3	0	0	0	0	2
LK-7206200	Kahambiliyawa	Kahambiliyawa	GND	414	15	0	0	0	0	1
LK-7206205	Akbarpura	Akbarpura	GND	241	4	0	0	0	0	0
LK-7206210	Sansungama	Sansungama	GND	337	5	0	1	0	0	2
LK-7206215	Veheragala	Veheragala	GND	441	3	0	1	0	0	0
LK-7206220	Mahasenpura	Mahasenpura	GND	398	4	0	1	0	0	7
LK-7206225	Yudhaganawa	Yudhaganawa	GND	946	7	2	0	0	0	3
LK-7209	Lankapura	Lankapura	DSD	11179	251	0	2	1	2	14
LK-7209005	Weli Ela	Weli Ela	GND	352	0	0	0	0	0	0
LK-7209010	Mahakirimetiya	Maha Kirimetiya	GND	244	11	0	0	0	0	0
LK-7209015	Buddhayaya	Buddhayaya	GND	319	8	0	0	0	0	0
LK-7209020	Sungavila	Sungavila	GND	324	22	0	0	0	0	0
LK-7209025	Jayabima	Jayabima	GND	159	4	0	0	0	0	2
LK-7209030	Jayapura	Jayapura	GND	778	33	0	0	0	2	0
LK-7209035	Nelumpura	Nelumpura	GND	494	9	0	0	0	0	1
LK-7209040	Patunugama	Patunugama	GND	337	7	0	0	0	0	0
LK-7209045	Munisirigama	Munisirigama	GND	277	2	0	0	0	0	0
LK-7209050	Pansalgodella	Pansalgodella	GND	370	4	0	0	0	0	1
LK-7209055	Galamuna	Galamuna	GND	193	3	0	1	0	0	0
LK-7209060	Hingurakdamana	Hingurakdamana	GND	330	2	0	0	0	0	0
LK-7209065	Gemunupura	Gemunupura	GND	490	4	0	0	0	0	0
LK-7209070	Senanayakapura	Senanayakapura	GND	290	6	0	0	0	0	1
LK-7209075	Debarella	Debarella	GND	397	5	0	0	0	0	1
LK-7209080	Somapura	Somapura	GND	361	3	0	0	0	0	1
LK-7209085	Abhayapura	Abhayapura	GND	433	25	0	0	0	0	0
LK-7209090	Sanghabodhi Gama	Sanghabodhigama	GND	309	3	0	0	0	0	5
LK-7209095	Pulasthigama	Pulasthigama	GND	454	3	0	1	0	0	0
LK-7209100	Kegalugama	Kegalugama	GND	430	2	0	0	0	0	0
LK-7209105	Thalpotha	Thalpotha	GND	346	8	0	0	0	0	0
LK-7209110	Bauddhartha Gama	Bauddhartha Gama	GND	508	10	0	0	0	0	0
LK-7209115	Lankapura	Lankapura	GND	402	3	0	0	0	0	0
LK-7209120	Rifaipura	Rifaipura	GND	612	16	0	0	0	0	1
LK-7209125	Alhilalpura	Alhilalpura	GND	821	25	0	0	0	0	1
LK-7209130	Thambala	Thambala	GND	673	32	0	0	1	0	0
LK-7209135	Onegama Muslimgama	Onegama Muslimgama	GND	56	1	0	0	0	0	0
LK-7209140	Weerapura	Weerapura	GND	420	0	0	0	0	0	0
LK-7210	Welikanda	Welikanda	DSD	10554	461	10	13	1	0	12
LK-7210005	Sinhapura	Sinhapura	GND	1103	56	0	1	0	0	0
LK-7210010	Kandakaduwa	Kandakaduwa	GND	95	6	0	0	0	0	0
LK-7210015	Katuwanvila West	Katuwanvila West	GND	289	9	0	0	0	0	0
LK-7210020	Katuwanvila East	Katuwanvila East	GND	619	52	2	0	0	0	1
LK-7210025	Kudapokuna	Kudapokuna	GND	298	33	0	0	0	0	1
LK-7210030	Muthuwella	Muthuwella	GND	174	5	0	0	0	0	0
LK-7210035	Mahindagama	Mahindagama	GND	1580	54	1	5	0	0	0
LK-7210040	Mangulpokuna	Mangulpokuna	GND	505	27	0	1	0	0	1
LK-7210045	Ruhunuketha	Ruhunuketha	GND	177	4	0	2	0	0	1
LK-7210050	Malvila	Malvila	GND	132	7	0	0	0	0	0
LK-7210055	Nawasenapura	Senapura	GND	462	6	0	0	0	0	0
LK-7210060	Muthugala	Muthugala	GND	238	15	0	0	0	0	0
LK-7210065	Alinchipothana	Alinchipothana	GND	0	0	0	0	0	0	0
LK-7210070	Madurangala	Madurangala	GND	240	6	0	0	0	0	0
LK-7210075	Malinda	Malinda	GND	140	1	0	1	0	0	0
LK-7210080	Sandunpitiya	Sandunpitiya	GND	468	16	0	0	0	0	2
LK-7210085	Susirigama	Susirigama	GND	337	7	0	0	0	0	0
LK-7210090	Monarathenna	Monarathenna	GND	218	10	0	1	0	0	0
LK-7210095	Welikanda	Welikanda	GND	317	4	3	2	1	0	1
LK-7210100	Kadawathmaduwa	Kadawathmaduwa	GND	271	3	1	0	0	0	0
LK-7210105	Bo-Atta	Bo-Atta	GND	225	27	0	0	0	0	4
LK-7210110	Menikwela	Menikwela	GND	295	11	0	0	0	0	1
LK-7210115	Sevanapitiya	Sevanapitiya	GND	354	12	0	0	0	0	0
LK-7210120	Mahawewa	Mahawewa	GND	437	20	1	0	0	0	0
LK-7210125	Karapola	Karapola	GND	368	50	1	0	0	0	0
LK-7210130	Ginidamana	Ginidamana	GND	295	3	0	0	0	0	0
LK-7210135	Borawewa	Borawewa	GND	186	2	1	0	0	0	0
LK-7210140	Nelumwewa	Nelumwewa	GND	241	10	0	0	0	0	0
LK-7210145	Rideepokuna	Rideepokuna	GND	200	1	0	0	0	0	0
LK-7210150	Aluthwewa	Aluthwewa	GND	290	4	0	0	0	0	0
LK-7212	Dimbulagala	Dimbulagala	DSD	23680	578	11	46	0	1	38
LK-7212005	Manampitiya	Manampitiya	GND	586	27	0	1	0	0	0
LK-7212010	Manampitiya East	Manampitiya East	GND	684	30	0	4	0	0	1
LK-7212015	Dalukana	Dalukana	GND	455	28	0	5	0	0	1
LK-7212020	Kudawewa	Kudawewa	GND	427	5	0	6	0	0	2
LK-7212025	Medagama	Medagama	GND	478	5	0	2	0	0	1
LK-7212030	Jayapura	Jayapura	GND	360	5	0	0	0	0	0
LK-7212035	Wijayabapura	Wijayabapura	GND	604	25	0	1	0	0	1
LK-7212040	Veheragama	Veheragama	GND	257	6	0	1	0	0	0
LK-7212045	Millana	Millana	GND	233	10	0	1	0	0	0
LK-7212050	Dimbulagala	Dimbulagala	GND	559	32	0	1	0	0	0
LK-7212055	Yakkure	Yakkure	GND	232	4	0	0	0	0	0
LK-7212060	Damanewewa	Damanewewa	GND	261	3	0	1	0	0	0
LK-7212065	Pihitiwewa	Pihitiwewa	GND	330	4	0	0	0	0	0
LK-7212070	Pahala Yakkure	Pahala Yakkure	GND	357	2	0	0	0	0	1
LK-7212075	Maguldamana	Maguldamana	GND	486	9	0	1	0	0	0
LK-7212080	Pelatiyawa	Pelatiyawa	GND	580	14	0	0	0	1	3
LK-7212085	Mahaulpatha	Mahaulpatha	GND	237	19	0	0	0	0	0
LK-7212090	Bogaswewa	Bogaswewa	GND	402	4	0	2	0	0	0
LK-7212095	Rathmalthenna	Rathmalthenna	GND	417	2	0	0	0	0	0
LK-7212100	Track 05 Aralaganvila	Track 05 Aralaganvila	GND	296	9	1	0	0	0	0
LK-7212105	Gomathiyaya	Gomathiyaya	GND	230	3	0	1	0	0	0
LK-7212110	Arunapura	Arunapura	GND	143	0	0	0	0	0	0
LK-7212115	Aralaganwila East	Aralaganvila	GND	493	6	0	0	0	0	0
LK-7212120	Aralaganvila West	Aralaganvila West	GND	757	32	0	1	0	0	1
LK-7212125	Weerana	Weerana	GND	305	2	0	0	0	0	0
LK-7212130	Bimpokuna	Bimpokuna	GND	316	3	1	0	0	0	0
LK-7212135	Pahala Ellewewa	Pahala Ellewewa	GND	441	5	0	0	0	0	0
LK-7212140	Kalukele	Kalukele	GND	744	11	0	0	0	0	0
LK-7212145	Navagaha Ela	Navagaha Ela	GND	319	3	0	0	0	0	0
LK-7212150	Nuwaragala	Nuwaragala	GND	374	6	0	0	0	0	1
LK-7212155	Bandanagala	Bandanagala	GND	369	1	0	0	0	0	0
LK-7212160	Ellewewa	Ellewewa	GND	629	25	0	1	0	0	0
LK-7212165	Ihala Ellewewa	Ihala Ellewewa	GND	529	9	0	0	0	0	0
LK-7212170	Mahadamana	Mahadamana	GND	441	11	1	0	0	0	0
LK-7212175	Pimburattewa West	Pimburattewa West	GND	301	12	0	0	0	0	2
LK-7212180	Divuldamana	Divuldamana	GND	444	6	0	0	0	0	0
LK-7212185	Nidanwala	Nidanwala	GND	194	2	0	0	0	0	0
LK-7212190	Ihalawewa	Ihalawewa	GND	375	3	0	1	0	0	0
LK-7212195	Pimburattewa East	Pimburattewa East	GND	390	8	0	0	0	0	3
LK-7212200	Aluthoya	Aluthoya	GND	541	8	0	0	0	0	0
LK-7212205	Veheragala	Veheragala	GND	363	5	0	0	0	0	0
LK-7212210	Warapitiya	Warapitiya	GND	826	37	5	1	0	0	2
LK-7212215	Gal Eliya	Gal Eliya	GND	241	4	2	0	0	0	1
LK-7212220	Weeralanda	Weeralanda	GND	217	5	0	0	0	0	0
LK-7212225	Sandagalathenna	Sandagalathenna	GND	582	6	0	1	0	0	2
LK-7212230	Ulpathwewa	Ulpathwewa	GND	233	10	0	0	0	0	0
LK-7212235	Alawakumbura	Alawakumbura	GND	614	37	0	5	0	0	2
LK-7212240	Kandegama	Kandegama	GND	386	16	0	0	0	0	2
LK-7212245	Kanichchagala	Kanichchagala	GND	259	6	0	0	0	0	0
LK-7212250	Kekuluwela	Kekulawela	GND	376	11	0	1	0	0	3
LK-7212255	Maldeniya	Maldeniya	GND	171	1	0	0	0	0	2
LK-7212260	Meewathpura	Mewathpura	GND	574	4	1	1	0	0	3
LK-7212265	Rankethgama	Rankethgama	GND	590	13	0	0	0	0	0
LK-7212270	Mudungama	Mudungama	GND	665	8	0	0	0	0	1
LK-7212275	Siripura	Siripura	GND	674	12	0	7	0	0	3
LK-7212280	Selasumgama	Selasumgama	GND	333	4	0	0	0	0	0
LK-7215	Thamankaduwa	Thamankaduwa	DSD	24958	306	17	11	2	6	91
LK-7215005	Shanthipura	Shanthi Pura	GND	468	6	0	0	0	2	1
LK-7215010	Sinhapura	Sinha Pura	GND	321	15	0	1	0	0	0
LK-7215015	Wijayabahupura	Wijayabahu Pura	GND	299	1	0	0	0	0	0
LK-7215020	Unagalavehera South	Unagalavehera South	GND	270	1	0	0	0	0	0
LK-7215025	Laksha Uyana	Laksha Uyana	GND	586	0	0	1	0	0	0
LK-7215030	Sevagama	Sevagama	GND	527	2	0	0	0	1	0
LK-7215035	Wewethenna	Wewethenna	GND	272	4	1	0	0	0	1
LK-7215040	Monarathenna	Monarathenna	GND	362	2	0	1	0	0	1
LK-7215045	Damana Gemunupura	Damana Gemunupura	GND	287	1	0	0	1	0	7
LK-7215050	Kalinga Ela	Kalinga Ela	GND	411	1	0	0	0	0	1
LK-7215055	Onegama	Onegama	GND	238	2	0	0	0	0	7
LK-7215060	Sinharajapura	Sinharajapura	GND	318	6	0	0	0	0	0
LK-7215065	Pudur	Pudur	GND	196	7	0	0	0	0	0
LK-7215070	Medamaluwa	Medamaluwa	GND	330	5	0	0	0	0	0
LK-7215075	Wijayarajapura	Wijayaraja Pura	GND	298	3	1	0	0	0	0
LK-7215080	Palugasdamana 03 Ela	Palugasdamana 03 Ela	GND	291	3	0	0	0	2	1
LK-7215085	Palugasdamana 02 Ela	Palugasdamana 02 Ela	GND	459	1	2	0	0	0	1
LK-7215090	Palugasdamana 01 Ela	Palugasdamana 01 Ela	GND	238	3	0	0	0	0	0
LK-7215095	Palugasdamana South	Palugasdamana South	GND	358	0	0	0	0	0	0
LK-7215100	Palugasdamana North	Palugasdamana North	GND	285	7	0	0	0	0	0
LK-7215105	Nishshankamallapura	Nishshankamallapura	GND	685	17	1	1	0	0	1
LK-7215110	Ethumalpitiya	Ethumalpitiya	GND	563	10	0	0	0	0	1
LK-7215115	Nikawewa	Nikawewa	GND	356	2	0	1	0	0	1
LK-7215120	Kadawalawewa	Kadawala Wewa	GND	416	4	5	0	0	0	0
LK-7215125	Samudragama	Samudragama	GND	466	6	0	1	0	0	0
LK-7215130	Sirisangabo Pedesa	Sirisangabo Pedesa	GND	818	9	0	0	0	0	0
LK-7215135	Bendiwewa	Bendiwewa	GND	319	1	0	0	0	0	10
LK-7215140	Galthambarawa	Galthambarawa	GND	268	0	0	0	0	0	0
LK-7215145	Kuruppu Junction	Kuruppu Junction	GND	299	1	0	0	1	0	0
LK-7215150	Mahasen Pedesa	Mahasen Pedesa	GND	395	2	0	0	0	0	0
LK-7215155	Kaduruwela West	Kaduruwela West	GND	317	1	0	0	0	0	0
LK-7215160	Kaduruwela East	Kaduruwela East	GND	453	9	0	0	0	0	0
LK-7215165	Divulana	Divulana	GND	329	10	0	0	0	0	3
LK-7215170	Gallalla East	Gallella	GND	636	17	1	0	0	0	0
LK-7215175	Manikkampattiya	Manikkampattiya	GND	585	24	0	0	0	0	1
LK-7215180	Gallella West	Gallella West	GND	422	17	0	0	0	0	0
LK-7215185	Nelumvila	Nelumvila	GND	507	6	0	1	0	0	0
LK-7215190	Kaduruwela South	Kaduruwela South	GND	1457	16	1	0	0	0	9
LK-7215195	Perakum Pedesa	Perakum Pedesa	GND	499	3	2	0	0	0	2
LK-7215200	Weera Pedesa	Weera Pedesa	GND	745	2	0	0	0	1	0
LK-7215205	Pulathisi Pedesa	Pulathisi Pedesa	GND	534	3	0	0	0	0	1
LK-7215210	Polonnaruwa Town	Polonnaruwa Town	GND	734	1	0	0	0	0	4
LK-7215215	Thopawewa	Thopawewa	GND	408	5	2	0	0	0	3
LK-7215220	Sinha Udagama	Sinha Udagama	GND	672	18	1	1	0	0	11
LK-7215225	Pothgul Pedesa	Pothgul Pedesa	GND	527	2	0	0	0	0	0
LK-7215230	Udawela	Udawela	GND	574	1	0	0	0	0	0
LK-7215235	Ganangolla	Ganangolla	GND	743	12	0	1	0	0	10
LK-7215240	Nishshankamalla Pedesa	Nishshankamalla Pedesa	GND	503	0	0	0	0	0	0
LK-7215245	Mahaweli Pedesa	Mahaweli Pedesa	GND	434	3	0	0	0	0	0
LK-7215250	Kotaleeya	Kotaleeya	GND	331	10	0	0	0	0	4
LK-7215255	Aluthwewa East	Aluth Wewa East	GND	260	0	0	0	0	0	0
LK-7215260	Aluthwewa West	Aluth Wewa West	GND	269	4	0	2	0	0	1
LK-7215265	Parakrama Samudraya	Parakrama Samudraya	GND	267	0	0	0	0	0	3
LK-7215270	Ambanganga	Ambanganga	GND	630	9	0	0	0	0	0
LK-7215275	Kalahagala	Kalahagala	GND	723	11	0	0	0	0	6
LK-7218	Elahera	Elahera	DSD	13877	308	8	20	0	1	8
LK-7218005	Ihakuluwewa	Ihakuluwewa	GND	593	26	0	2	0	0	0
LK-7218010	Katukeliyawa	Katukeliyawa	GND	495	5	0	0	0	0	0
LK-7218015	Diyabeduma	Diyabeduma	GND	1059	25	2	0	0	0	1
LK-7218020	Konduruwawa	Konduruwawa	GND	460	14	0	1	0	0	0
LK-7218025	Attanakadawala West	Attanakadawala West	GND	260	8	0	0	0	0	0
LK-7218030	Radavigeoya	Radavigeoya	GND	401	10	0	2	0	0	0
LK-7218035	Madudamana	Madudamana	GND	438	9	1	0	0	0	0
LK-7218040	Attanakadawala North	Attanakadawala North	GND	555	8	1	0	0	0	0
LK-7218045	Attanakadawala South	Attanakadawala South	GND	316	4	0	1	0	0	1
LK-7218050	Ikiriwewa	Ikiriwewa	GND	715	23	0	1	0	0	0
LK-7218055	Kahatagahapitiya	Kahatagahapitiya	GND	522	5	0	0	0	0	0
LK-7218060	Nikapitiya	Nikapitiya	GND	609	13	0	0	0	0	0
LK-7218065	Sarubima	Sarubima	GND	484	8	0	1	0	0	0
LK-7218070	Segala	Segala	GND	563	15	0	1	0	0	0
LK-7218075	Kottapitiya South	Kottapitiya South	GND	443	9	0	1	0	0	1
LK-7218080	Somils	Somils	GND	201	0	0	0	0	0	0
LK-7218085	Gangeyaya	Gangeyaya	GND	394	8	0	1	0	0	0
LK-7218090	Kottapitiya North	Kottapitiya North	GND	273	2	0	0	0	0	0
LK-7218095	Damanayaya	Damanayaya	GND	696	11	0	2	0	0	0
LK-7218100	Elahera	Elahera	GND	733	22	0	3	0	1	1
LK-7218105	Heeratiya	Heeratiya	GND	215	9	0	0	0	0	1
LK-7218110	Bakamoona	Bakamoona	GND	643	5	0	0	0	0	0
LK-7218115	Sirikaduyaya	Sirikanduruyaya	GND	254	9	0	2	0	0	1
LK-7218120	Atharagallewa	Atharagallewa	GND	728	23	0	1	0	0	0
LK-7218125	Maluweyaya	Maluweyaya	GND	790	8	0	0	0	0	1
LK-7218130	Orubendi Siyambalawa	Orubendi Siyambalawa	GND	429	4	1	0	0	0	1
LK-7218135	Kumaraella	Kumara Ella	GND	288	3	1	0	0	0	0
LK-7218140	Kirioya	Kirioya	GND	320	22	2	1	0	0	0
LK-8	Uva	Uva	PROVINCE	389582	8556	183	571	8	93	1032
LK-81	Badulla	Badulla	DISTRICT	242999	4499	112	201	4	24	423
LK-8103	Mahiyanganaya	Mahiyanganaya	DSD	24933	571	16	20	0	4	35
LK-8103005	Rotalawela	Rotalawela	GND	618	13	0	0	0	0	0
LK-8103010	Divulapelessa	Divulapelessa	GND	696	21	0	0	0	0	0
LK-8103015	Aluyatawela	Aluyatawela	GND	600	7	0	0	0	0	0
LK-8103020	Theldeniyaya	Theldeniyaya	GND	689	16	0	0	0	0	0
LK-8103025	Hebarawa	Hebarawa	GND	487	8	0	0	0	0	1
LK-8103030	Ginnoruwa	Ginnoruwa	GND	462	5	0	0	0	0	0
LK-8103035	Belaganwewa	Belaganwewa	GND	596	10	0	0	0	0	0
LK-8103040	Ulhitiya	Ulhitiya	GND	575	6	0	2	0	0	0
LK-8103045	Pahala Rathkinda	Pahala Rathkinda	GND	744	63	2	1	0	0	0
LK-8103050	Hobariyawa	Hobariyawa	GND	743	6	0	1	0	0	2
LK-8103055	Millattawa	Millattawa	GND	835	6	0	0	0	1	1
LK-8103060	Viranegama	Viranegama	GND	565	11	0	0	0	0	0
LK-8103065	Aluttarama	Aluttarama	GND	497	4	0	2	0	0	2
LK-8103070	Girandurukotte	Girandurukotte	GND	1361	28	1	0	0	0	0
LK-8103075	Bathalayaya	Bathalayaya	GND	1094	10	0	0	0	0	1
LK-8103080	Haddattawa	Haddattawa	GND	678	8	0	0	0	0	1
LK-8103085	Meegahahena	Meegahahena	GND	551	3	1	0	0	0	0
LK-8103090	Galporuyaya	Galporuyaya	GND	791	5	0	0	0	0	1
LK-8103095	Beligalla	Beligalla	GND	837	19	0	0	0	0	6
LK-8103100	Dambana	Dambana	GND	677	121	2	1	0	0	5
LK-8103105	Kukulapola	Kukulapola	GND	426	26	0	6	0	0	1
LK-8103110	Wewatta	Wewatta	GND	628	30	0	0	0	0	0
LK-8103115	Thalangamuwa	Thalangamuwa	GND	670	23	0	1	0	0	1
LK-8103120	Sorabora	Sorabora	GND	629	2	0	2	0	0	3
LK-8103125	Wewgampaha	Wewgampaha	GND	1043	8	0	2	0	2	1
LK-8103130	Dehigolla	Dehigolla	GND	769	10	0	1	0	0	2
LK-8103135	Elewela	Elewela	GND	815	15	0	0	0	0	2
LK-8103140	Mahiyanganaya Town	Mahiyanganaya Town	GND	741	3	0	0	0	0	1
LK-8103145	Poojanagaraya	Poojanagaraya	GND	671	7	0	0	0	0	1
LK-8103150	Dambarawa	Dambarawa	GND	778	14	0	0	0	1	0
LK-8103155	Senanigama	Senanigama	GND	722	5	1	0	0	0	1
LK-8103160	Mapakadawewa	Mapakadawewa	GND	961	17	0	0	0	0	1
LK-8103165	Pangaragammana	Pangaragammana	GND	736	16	1	0	0	0	0
LK-8103170	Dambagolla	Dambagolla	GND	717	18	0	0	0	0	0
LK-8103175	Medayaya	Medayaya	GND	531	7	8	1	0	0	1
LK-8106	Rideemaliyadda	Rideemaliyadda	DSD	16818	480	6	31	3	0	18
LK-8106005	Orubendiwewa	Orubendiwewa	GND	526	17	1	1	0	0	1
LK-8106010	Sangabopura	Sangabopura	GND	390	1	0	0	0	0	0
LK-8106015	Welampele	Welampele	GND	755	43	0	0	0	0	1
LK-8106020	Keselpotha North	Keselpotha North	GND	657	17	0	0	0	0	1
LK-8106025	Ikiriyagoda	Ikiriyagoda	GND	488	31	0	2	0	0	0
LK-8106030	Kandubedda	Kandubedda	GND	295	18	0	3	0	0	4
LK-8106035	Aralupitiya	Aralupitiya	GND	333	15	0	0	0	0	1
LK-8106040	Ekiriyankumbura	Ekiriyankumbura	GND	443	9	0	0	0	0	0
LK-8106045	Dehigama	Dehigama	GND	668	17	0	1	0	0	0
LK-8106050	Morana	Morana	GND	159	4	0	3	0	0	0
LK-8106055	Kudalunuka	Kudalunuka	GND	332	8	0	0	0	0	0
LK-8106060	Aluketiyawa	Aluketiyawa	GND	211	11	0	0	0	0	0
LK-8106065	Keselpotha South	Keselpotha South	GND	516	7	0	0	0	0	0
LK-8106070	Serana	Serana	GND	695	16	0	0	0	0	0
LK-8106075	Arawatta	Arawatta	GND	598	21	0	0	0	0	0
LK-8106080	Uva Gemunupura	Uva Gemunupura	GND	555	9	0	0	0	0	0
LK-8106085	Senevigama	Senevigama	GND	559	6	0	0	0	0	0
LK-8106090	Uva Thissapura	Uva Thissapura	GND	725	17	0	1	0	0	4
LK-8106095	Gamakumbura North	Gamakumbura North	GND	338	9	0	0	0	0	0
LK-8106100	Kuralewela	Kuralewela	GND	168	6	0	2	0	0	1
LK-8106105	Nagadeepa	Nagadeepa	GND	282	16	0	0	0	0	0
LK-8106110	Mahalunuka	Mahalunuka	GND	381	20	1	1	0	0	0
LK-8106115	Pethiyagoda	Pethiyagoda	GND	466	25	0	1	0	0	0
LK-8106120	Rideemaliyadda South	Rideemaliyadda South	GND	579	14	0	2	0	0	0
LK-8106125	Rideemaliyadda North	Rideemaliyadda North	GND	418	4	0	0	0	0	0
LK-8106130	Uraniya	Uraniya	GND	217	1	0	0	0	0	0
LK-8106135	Kotathalawa	Kotathalawa	GND	187	4	0	0	0	0	0
LK-8106140	Andaulpatha	Andaulpatha	GND	562	15	0	0	0	0	0
LK-8106145	Gamakumbura South	Gamakumbura South	GND	191	3	0	0	0	0	0
LK-8106150	Abhayapura	Abhayapura	GND	437	12	0	0	0	0	1
LK-8106155	Dikkendayaya	Dikkendayaya	GND	340	3	0	0	0	0	0
LK-8106160	Pahalaoyagama	Pahalaoyagama	GND	346	9	0	1	0	0	0
LK-8106165	Bubula	Bubula	GND	328	3	1	0	0	0	0
LK-8106170	Ritigahaarawa	Ritigahaarawa	GND	151	4	0	5	0	0	0
LK-8106175	Kandegama	Kandegama	GND	248	10	0	0	0	0	0
LK-8106180	Mahagama	Mahagama	GND	278	7	0	1	0	0	0
LK-8106185	Kuruvithenna	Kuruvithenna	GND	497	9	0	3	3	0	1
LK-8106190	Deekirigolla	Deekirigolla	GND	237	7	1	1	0	0	0
LK-8106195	Pinnagolla	Pinnagolla	GND	340	10	0	2	0	0	0
LK-8106200	Arawa	Arawa	GND	257	9	0	0	0	0	1
LK-8106205	Dikyaya	Dikyaya	GND	211	7	2	1	0	0	1
LK-8106210	Diyakombala	Diyakombala	GND	454	6	0	0	0	0	1
LK-8109	Meegahakiula	Meegahakivula	DSD	6393	179	2	3	0	0	6
LK-8109005	Karametiya	Karametiya	GND	596	17	0	0	0	0	3
LK-8109010	Balagolla	Balagolla	GND	428	19	0	0	0	0	0
LK-8109015	Aggalaulpatha	Aggalaulpatha	GND	456	17	0	0	0	0	0
LK-8109020	Karandagahamada	Karandagahamada	GND	410	6	0	0	0	0	0
LK-8109025	Polgaha Arawa	Polgaha Arawa	GND	225	1	0	0	0	0	0
LK-8109030	Polwatta	Polwatta	GND	95	2	0	0	0	0	0
LK-8109035	Watagommana	Watagommana	GND	106	0	0	0	0	0	0
LK-8109040	Roberiya	Roberiya	GND	535	25	0	0	0	0	0
LK-8109045	Pitamaruwa	Pitamaruwa	GND	294	20	0	1	0	0	0
LK-8109050	Wewathenna	Wewathenna	GND	141	8	0	0	0	0	0
LK-8109055	Ellanda	Ellanda	GND	199	12	0	2	0	0	1
LK-8109060	Kalugahakandura	Kalugahakandura	GND	207	4	1	0	0	0	1
LK-8109065	Komarika	Komarika	GND	376	10	0	0	0	0	0
LK-8109070	Akurukaduwa	Akurukaduwa	GND	515	7	0	0	0	0	0
LK-8109075	Meegahakivula	Meegahakivula	GND	413	2	0	0	0	0	0
LK-8109080	Thaldena	Thaldena	GND	530	7	0	0	0	0	1
LK-8109085	Kohana	Kohana	GND	194	0	0	0	0	0	0
LK-8109090	Ketawatta	Ketawatta	GND	261	6	0	0	0	0	0
LK-8109095	Morahela	Morahela	GND	177	11	1	0	0	0	0
LK-8109100	Hunuketapitiya	Hunuketapitiya	GND	235	5	0	0	0	0	0
LK-8112	Kandeketiya	Kandaketiya	DSD	7645	160	1	10	0	0	8
LK-8112005	Mahakele	Mahakele	GND	372	3	0	1	0	0	1
LK-8112010	Baduluoya West	Baduluoya West	GND	307	6	0	0	0	0	1
LK-8112015	Kandakepoo Ulpotha	Kandakepoo Ulpotha	GND	287	5	0	0	0	0	0
LK-8112020	Hevandana	Hevandana	GND	258	5	0	0	0	0	0
LK-8112025	Mahathenna	Mahathenna	GND	441	2	0	0	0	0	0
LK-8112030	Baduluoya East	Baduluoya East	GND	639	3	0	0	0	0	0
LK-8112035	Kandaketiya	Kandaketiya	GND	277	3	0	0	0	0	0
LK-8112040	Welaoya	Welaoya	GND	273	4	0	0	0	0	0
LK-8112045	Kivulegedara	Kivulegedara	GND	426	4	0	0	0	0	0
LK-8112050	Kirivehera	Kirivehera	GND	343	9	0	0	0	0	0
LK-8112055	Wewathenna	Wewathenna	GND	294	0	0	0	0	0	0
LK-8112060	Maliyadda	Maliyadda	GND	303	19	0	0	0	0	0
LK-8112065	Pallewela	Pallewela	GND	193	7	0	0	0	0	0
LK-8112070	Mudagamuwa	Mudagamuwa	GND	233	16	0	0	0	0	2
LK-8112075	Dikkumbura	Dikkumbura	GND	220	7	0	6	0	0	0
LK-8112080	Hapathgamuwa	Hapathgamuwa	GND	179	13	0	0	0	0	0
LK-8112085	Bopitiya	Bopitiya	GND	129	5	0	0	0	0	0
LK-8112090	Bogahakumbura	Bogahakumbura	GND	241	0	0	0	0	0	0
LK-8112095	Beramada	Beramada	GND	285	14	1	1	0	0	0
LK-8112100	Godunna	Godunna	GND	218	4	0	1	0	0	0
LK-8112105	Wasanagama	Wasanagama	GND	140	0	0	0	0	0	0
LK-8112110	Thetilla	Thetilla	GND	243	6	0	1	0	0	2
LK-8112115	Thalakumbura	Thalakumbura	GND	257	4	0	0	0	0	1
LK-8112120	Galauda	Galauda	GND	380	7	0	0	0	0	0
LK-8112125	Bokanoruwa	Bokanoruwa	GND	522	12	0	0	0	0	1
LK-8112130	Narangala	Narangala	GND	185	2	0	0	0	0	0
LK-8115	Soranathota	Soranathota	DSD	7032	146	0	1	0	1	15
LK-8115005	Idamepanguwa	Idamepanguwa	GND	116	3	0	0	0	0	0
LK-8115010	Budugekanda	Budugekanda	GND	167	4	0	0	0	0	0
LK-8115015	Pallekanda	Pallekanda	GND	132	2	0	0	0	0	0
LK-8115020	Boliyadda	Boliyadda	GND	320	9	0	0	0	0	0
LK-8115025	Pathanegedara	Pathanegedara	GND	170	2	0	0	0	0	0
LK-8115030	Egodawela	Egodawela	GND	187	2	0	0	0	0	0
LK-8115035	Wattekele	Wattekele	GND	94	2	0	0	0	0	0
LK-8115040	Pussellawa	Pussellawa	GND	294	1	0	0	0	0	1
LK-8115045	Pussellakanda	Pussellakanda	GND	276	12	0	0	0	0	0
LK-8115050	Moragolla	Moragolla	GND	120	6	0	0	0	0	0
LK-8115055	Dikpitiya	Dikpitiya	GND	270	3	0	0	0	0	0
LK-8115060	Ledgerwatta	Ledgerwaththa	GND	282	6	0	0	0	0	3
LK-8115065	Idamegama	Idamegama	GND	413	1	0	0	0	0	0
LK-8115070	Soranathota	Soranathota	GND	267	4	0	0	0	0	0
LK-8115075	Yatilellagama	Yatilellagama	GND	290	2	0	0	0	0	0
LK-8115080	Ambagasdowa	Ambagasdowa	GND	260	7	0	0	0	0	0
LK-8115085	Ketakellagama	Ketakellagama	GND	407	14	0	0	0	0	3
LK-8115090	Kuttiyagolla	Kuttiyagolla	GND	331	11	0	0	0	0	2
LK-8115095	Angoda	Angoda	GND	152	9	0	0	0	0	0
LK-8115100	Kosgolla	Kosgolla	GND	274	6	0	0	0	0	1
LK-8115105	Rideepana	Rideepana	GND	611	7	0	0	0	1	1
LK-8115110	Kohovila	Kohovila	GND	454	7	0	0	0	0	2
LK-8115115	Kithulwattagama	Kithulwattagama	GND	176	4	0	0	0	0	0
LK-8115120	Kirioruwa	Kirioruwa	GND	535	18	0	1	0	0	2
LK-8115125	Kandegedara Town	Kandegedara Town	GND	434	4	0	0	0	0	0
LK-8118	Passara	Passara	DSD	13936	244	2	3	0	2	40
LK-8118005	Demodara	Demodara	GND	194	6	0	0	0	0	0
LK-8118010	Palawatta	Palawatta	GND	214	7	0	0	0	0	0
LK-8118015	Kahataruppa	Kahataruppa	GND	285	6	0	1	0	0	1
LK-8118020	Dambakote	Dambakote	GND	372	3	0	0	0	0	2
LK-8118025	Madugasthalawa North	Madugasthalawa North	GND	213	2	0	0	0	0	0
LK-8118030	Thalagahagedara	Thalagahagedara	GND	275	5	0	0	0	0	0
LK-8118035	Welgolla	Welgolla	GND	252	2	0	0	0	0	0
LK-8118040	Madugasthalawa South	Madugasthalawa South	GND	278	8	0	0	0	0	6
LK-8118045	Gerandiella	Gerandiella	GND	430	4	0	0	0	0	2
LK-8118050	Maligathenna	Maligathenna	GND	208	7	0	0	0	0	0
LK-8118055	Medawelagama	Medawelagama	GND	551	9	1	0	0	0	1
LK-8118060	Paramahankada	Paramahankada	GND	345	2	0	0	0	0	0
LK-8118065	Nikebedda	Nikebedda	GND	558	10	0	0	0	0	1
LK-8118070	Udagama	Udagama	GND	314	2	0	0	0	0	0
LK-8118075	Pelgahathenna	Pelgahathenna	GND	723	11	0	2	0	0	4
LK-8118080	Sapuroda	Sapuroda	GND	308	6	0	0	0	0	2
LK-8118085	Palagolla	Palagolla	GND	312	2	0	0	0	0	0
LK-8118090	Gonagala West	Gonagala West	GND	253	2	0	0	0	0	0
LK-8118095	Gonagala East	Gonagala East	GND	368	13	0	0	0	0	6
LK-8118100	Kanahela	Kanahela	GND	326	2	0	0	0	0	0
LK-8118105	Pallegama	Pallegama	GND	310	5	0	0	0	0	0
LK-8118110	Passara Town North	Passara Town North	GND	433	0	0	0	0	0	0
LK-8118115	Passara Town South	Passara Town South	GND	215	0	0	0	0	0	0
LK-8118120	Passara Town East	Passara Town East	GND	268	1	0	0	0	0	1
LK-8118125	Ambathenna West	Ambathenna West	GND	549	10	0	0	0	0	3
LK-8118130	Thennuge	Thennuge	GND	365	9	0	0	0	0	6
LK-8118135	Meedumpitiya	Meedumpitiya	GND	583	23	0	0	0	0	0
LK-8118140	Kudugala Pathana	Kudugala Pathana	GND	258	10	0	0	0	0	0
LK-8118145	Tholabowatta	Tholabowatta	GND	474	3	0	0	0	0	0
LK-8118150	Ambathenna	Ambathenna	GND	166	5	0	0	0	0	0
LK-8118155	Meeriyabedda	Meeriyabedda	GND	494	8	0	0	0	0	0
LK-8118160	Puhulwatta	Puhulwatta	GND	421	16	1	0	0	2	3
LK-8118165	Maussagolla West	Maussagolla West	GND	366	1	0	0	0	0	0
LK-8118170	Kanawerella West	Kanawerella West	GND	224	6	0	0	0	0	0
LK-8118175	Kanawerella	Kanawerella	GND	508	6	0	0	0	0	0
LK-8118180	Kanawerella East	Kanawerella East	GND	503	11	0	0	0	0	1
LK-8118185	Bibilegama West	Bibilegama West	GND	315	7	0	0	0	0	0
LK-8118190	Wewekele	Wewekele	GND	134	2	0	0	0	0	0
LK-8118195	Bibilegama East	Bibilegama East	GND	93	0	0	0	0	0	0
LK-8118200	Maussagolla East	Maussagolla East	GND	298	6	0	0	0	0	0
LK-8118205	Dambewela	Dambewela	GND	180	6	0	0	0	0	1
LK-8119	Lunugala	Lunugala	DSD	9067	312	6	10	0	0	27
LK-8119005	Ekiriya	Ekiriya	GND	220	12	0	1	0	0	0
LK-8119010	Metigahathenna	Metigahathenna	GND	233	2	0	0	0	0	0
LK-8119015	Galwelagama	Galwelagama	GND	97	0	1	0	0	0	0
LK-8119020	Wewabedda	Wewabedda	GND	492	14	0	0	0	0	3
LK-8119025	Janathapura North	Janathapura North	GND	130	0	0	0	0	0	0
LK-8119030	Arawakumbura	Arawakumbura	GND	414	25	0	1	0	0	2
LK-8119035	Udakiruwa	Udakiruwa	GND	131	5	0	0	0	0	0
LK-8119040	Alakolagala	Alakolagala	GND	284	9	0	0	0	0	0
LK-8119045	Udapanguwa	Udapanguwa	GND	464	23	0	1	0	0	4
LK-8119050	Lunugala Town	Lunugala Town	GND	396	3	0	0	0	0	1
LK-8119055	Janathapura South	Janathapura South	GND	118	4	0	0	0	0	0
LK-8119060	Janathapura	Janathapura	GND	305	3	1	0	0	0	4
LK-8119065	Batawatta	Batawatta	GND	348	3	0	0	0	0	1
LK-8119070	Gallulla	Gallulla	GND	324	16	0	1	0	0	0
LK-8119075	Madulsima	Madulsima	GND	801	20	1	0	0	0	2
LK-8119080	Sumudugama	Sumudugama	GND	408	7	0	1	0	0	2
LK-8119085	Attanagolla	Aththanagolla	GND	326	6	0	0	0	0	2
LK-8119090	Sooriyagoda	Sooriyagoda	GND	215	14	0	1	0	0	0
LK-8119095	Weragoda	Weragoda	GND	71	25	1	1	0	0	0
LK-8119100	Pallekiruwa	Pallekiruwa	GND	231	14	0	1	0	0	0
LK-8119105	Kottalbedda	Kottalbedda	GND	546	19	1	1	0	0	0
LK-8119110	Mahadowa	Mahadowa	GND	486	12	0	0	0	0	2
LK-8119115	Yapamma	Yapamma	GND	362	16	0	0	0	0	0
LK-8119120	Peessagama	Peessagama	GND	261	10	0	0	0	0	1
LK-8119125	Rendapola	Rendapola	GND	265	12	0	0	0	0	2
LK-8119130	Hopton	Hopton	GND	349	10	1	1	0	0	1
LK-8119135	Maduwatta	Maduwatta	GND	571	26	0	0	0	0	0
LK-8119140	Millabedda	Millabedda	GND	219	2	0	0	0	0	0
LK-8121	Badulla	Badulla	DSD	21925	195	5	4	0	2	29
LK-8121005	Pitawelagama	Pitawelagama	GND	799	1	0	1	0	0	4
LK-8121010	Badulla North	Badulla North	GND	1217	11	0	0	0	0	1
LK-8121015	Medapathana	Medapathana	GND	712	8	1	0	0	0	4
LK-8121020	Kailagoda	Kailagoda	GND	661	2	2	0	0	1	0
LK-8121025	Andeniya	Andeniya	GND	744	4	0	1	0	0	0
LK-8121030	Sirimalgoda	Sirimalgoda	GND	932	8	0	0	0	0	2
LK-8121035	Damanwara	Damanwara	GND	471	6	0	1	0	0	1
LK-8121040	Hinnarangolla	Hinnarangolla	GND	519	5	0	0	0	0	0
LK-8121045	Kendagolla	Kendagolla	GND	594	8	0	0	0	0	3
LK-8121050	Thelbedda Estate	Thelbedda	GND	1013	24	0	0	0	0	0
LK-8121055	Ilukthenna	Ilukthenna	GND	460	4	0	0	0	0	0
LK-8121060	Hegoda	Hegoda	GND	661	6	0	0	0	0	2
LK-8121065	Badulupitiya	Badulupitiya	GND	1409	0	0	0	0	0	0
LK-8121070	Badulla Central	Badulla Central	GND	964	0	0	0	0	0	5
LK-8121075	Badulla West	Badulla West	GND	813	3	0	0	0	0	0
LK-8121080	Katupelella	Katupelella	GND	763	1	0	0	0	0	0
LK-8121085	Badulla South	Badulla South	GND	1060	9	1	0	0	0	0
LK-8121090	Badulla East	Badulla East	GND	1016	0	0	0	0	0	0
LK-8121095	Hindagoda	Hindagoda	GND	914	2	0	1	0	0	3
LK-8121100	Rambukpotha	Rambukpotha	GND	934	2	0	0	0	0	0
LK-8121105	Malangamuwa	Malangamuwa	GND	382	4	0	0	0	0	1
LK-8121110	Viyadiguna	Viyadiguna	GND	578	9	0	0	0	0	0
LK-8121115	Vineethagama	Vineethagama	GND	319	5	0	0	0	0	0
LK-8121120	Wewessa	Wewessa	GND	586	23	0	0	0	1	2
LK-8121125	Welibissa	Welibissa	GND	245	15	0	0	0	0	0
LK-8121130	Glen Alpin Estate	Glen Alpin	GND	607	11	0	0	0	0	0
LK-8121135	Udawela	Udawela	GND	714	5	1	0	0	0	1
LK-8121140	Hingurugamuwa	Hingurugamuwa	GND	1239	2	0	0	0	0	0
LK-8121145	Kanupelella	Kanupelella	GND	599	17	0	0	0	0	0
LK-8124	Hali-Ela	Hali-Ela	DSD	26830	476	4	16	0	2	69
LK-8124005	Kokatiyamaluwa	Kokatiyamaluwa	GND	363	12	0	0	0	0	0
LK-8124010	Wegama	Wegama	GND	370	1	0	0	0	0	1
LK-8124015	Jangulla	Jangulla	GND	471	4	0	0	0	0	0
LK-8124020	Landewela	Landewela	GND	136	1	0	0	0	0	0
LK-8124025	Bogoda	Bogoda	GND	211	3	0	0	0	0	0
LK-8124030	Panakanniya	Panakanniya	GND	311	5	0	0	0	0	1
LK-8124035	Ketawala	Ketawala	GND	400	8	0	0	0	0	2
LK-8124040	Udakohovila	Udakohovila	GND	512	14	0	0	0	0	1
LK-8124045	Hethekma	Hethekma	GND	399	6	0	0	0	0	0
LK-8124050	Deegalla	Deegalla	GND	352	4	0	0	0	0	1
LK-8124055	Pattipola	Pattipola	GND	457	2	0	0	0	0	3
LK-8124060	Anthuduwawela	Anthuduwawela	GND	672	6	0	0	0	0	10
LK-8124065	Bogahamaditta	Bogahamaditta	GND	950	13	0	1	0	0	1
LK-8124070	Mahawattagama	Mahawattagama	GND	876	16	0	7	0	0	2
LK-8124075	Dematawelhinna	Dematawelhinna	GND	463	7	0	0	0	0	0
LK-8124080	Welikemulla	Welikemulla	GND	300	9	0	0	0	0	1
LK-8124085	Unagolla	Unagolla	GND	301	1	0	0	0	0	0
LK-8124090	Medapitigama	Medapitigama	GND	535	16	0	0	0	0	5
LK-8124095	Dickwella	Dickwella	GND	1173	9	0	0	0	0	4
LK-8124100	Hali-Ela	Hali Ela	GND	263	1	0	0	0	0	0
LK-8124105	Samagipura	Samagipura	GND	555	8	1	0	0	0	1
LK-8124110	Udagama	Udagama	GND	238	5	0	1	0	0	0
LK-8124115	Gawela	Gawela	GND	700	41	0	0	0	0	0
LK-8124120	Pahamunuthota	Pahamunuthota	GND	203	7	0	0	0	0	0
LK-8124125	Neludanda	Neludanda	GND	271	13	0	0	0	0	3
LK-8124130	Hinnarangolla	Hinnarangolla	GND	554	28	3	0	0	0	2
LK-8124135	Mugunumatha West	Mugunumatha West	GND	775	2	0	0	0	0	0
LK-8124140	Mugunumatha East	Mugunumatha East	GND	427	9	0	0	0	0	0
LK-8124145	Godegama	Godegama	GND	264	12	0	0	0	0	1
LK-8124150	Medagama	Medagama	GND	494	12	0	0	0	0	0
LK-8124155	Imbulgoda	Imbulgoda	GND	782	1	0	1	0	0	1
LK-8124160	Imbulgoda	Kottagoda	GND	523	15	0	0	0	1	0
LK-8124165	Kandana	Kandana	GND	652	8	0	0	0	0	0
LK-8124170	Bulathwatta	Bulathwatta	GND	236	2	0	0	0	0	0
LK-8124175	Springvalley Estate	Springvalley Estate	GND	383	8	0	0	0	0	4
LK-8124180	Springvalley	Springvalley	GND	213	2	0	0	0	0	2
LK-8124185	Beddegama	Beddegama	GND	366	3	0	0	0	0	0
LK-8124190	Wewelhinna	Wewalhinna	GND	735	15	0	0	0	0	2
LK-8124195	Uduwara	Uduwara	GND	566	10	0	0	0	0	3
LK-8124200	Hapuwalakumbura	Hapuwalakumbura	GND	618	13	0	1	0	1	3
LK-8124205	Kirinda	Kirinda	GND	440	2	0	0	0	0	0
LK-8124210	Morethota	Morethota	GND	778	17	0	0	0	0	1
LK-8124215	Uva Mahawela	Uva Mahawela	GND	365	3	0	1	0	0	0
LK-8124220	Etampitiya	Etampitiya	GND	565	8	0	0	0	0	3
LK-8124225	Pallegama	Pallegama	GND	309	9	0	0	0	0	1
LK-8124230	Dehivinna	Dehivinna	GND	483	3	0	0	0	0	0
LK-8124235	Niliathugoda	Niliathugoda	GND	416	5	0	0	0	0	2
LK-8124240	Neluwa	Neluwa	GND	591	5	0	1	0	0	0
LK-8124245	Kudumahuwela	Kudumahuwela	GND	242	3	0	0	0	0	0
LK-8124250	Wepassawela	Wepassawela	GND	377	7	0	0	0	0	0
LK-8124255	Maligathenna	Maligathenna	GND	673	11	0	0	0	0	1
LK-8124260	Perahettiya	Perahettiya	GND	397	5	0	0	0	0	2
LK-8124265	Katugaha	Katugaha	GND	350	7	0	0	0	0	0
LK-8124270	Mahathenna	Mahathenna	GND	514	10	0	0	0	0	1
LK-8124275	Malitta	Malitta	GND	414	19	0	2	0	0	0
LK-8124280	Kurukude	Kurukude	GND	518	5	0	0	0	0	4
LK-8124285	Warakadanda	Warakadanda	GND	328	5	0	1	0	0	0
LK-8127	Uvaparanagama	Uva Paranagama	DSD	22865	361	2	36	0	3	32
LK-8127005	Yalagamuwa	Yalagamuwa	GND	271	6	0	0	0	0	0
LK-8127010	Ritikumbura	Ritikumbura	GND	238	7	0	0	0	0	2
LK-8127015	Wethalawa	Wethalawa	GND	193	2	0	0	0	0	0
LK-8127020	Maspanna	Maspanna	GND	175	4	0	1	0	0	1
LK-8127025	Kohilegama	Kohilegama	GND	176	3	0	0	0	0	0
LK-8127030	Ellanda	Ellanda	GND	173	0	0	0	0	0	0
LK-8127035	Kindigoda	Kindigoda	GND	146	1	1	0	0	0	0
LK-8127040	Hathkinda	Hathkinda	GND	147	4	0	0	0	0	0
LK-8127045	Dimbulana	Dimbulana	GND	245	6	0	0	0	0	2
LK-8127050	Ilukwela	Ilukwela	GND	314	3	0	0	0	0	0
LK-8127055	Gampaha	Gampaha	GND	367	15	0	0	0	0	0
LK-8127060	Wewegama	Wewegama	GND	170	3	0	0	0	0	0
LK-8127065	Kerklis	Kerklis	GND	388	14	0	0	0	0	0
LK-8127070	Malwattegama	Malwattegama	GND	226	0	0	0	0	0	0
LK-8127075	Medipokuna	Medipokuna	GND	249	6	0	0	0	0	0
LK-8127080	Thuppitiya	Thuppitiya	GND	229	6	0	1	0	0	0
LK-8127085	Panagoda	Panagoda	GND	194	8	0	1	0	0	0
LK-8127090	Pitiyakumbura	Pitiyakumbura	GND	385	5	0	1	0	0	0
LK-8127095	Bambarapana	Bambarapana	GND	342	4	0	0	0	0	0
LK-8127100	Alagolla	Alagolla	GND	485	2	0	1	0	0	1
LK-8127105	Voldemar	Voldemar	GND	461	7	0	0	0	0	0
LK-8127110	Thawalampola	Thawalampola	GND	192	1	0	0	0	1	4
LK-8127115	Kodakumbura	Kodakumbura	GND	354	7	0	0	0	0	0
LK-8127120	Koradekumbura	Koradekumbura	GND	262	8	0	1	0	0	0
LK-8127125	Malapolagama	Malapolagama	GND	260	14	1	13	0	0	0
LK-8127130	Welamedagama	Welamedagama	GND	130	1	0	0	0	0	0
LK-8127135	Uduhawara	Uduhawara	GND	331	2	0	0	0	0	0
LK-8127140	Hangunnawa	Hangunnawa	GND	314	2	0	0	0	0	1
LK-8127145	Ranhawadigama	Ranhawadigama	GND	302	1	0	0	0	0	1
LK-8127150	Idamegama	Idamegama	GND	253	7	0	0	0	0	0
LK-8127155	Paranagama	Paranagama	GND	356	1	0	0	0	0	0
LK-8127160	Mudanawa	Mudanawa	GND	128	0	0	0	0	0	0
LK-8127165	Sapugolla	Sapugolla	GND	467	6	0	0	0	0	0
LK-8127170	Ethkandawaka	Ethkandawaka	GND	365	0	0	0	0	0	0
LK-8127175	Kirawanagama	Kirawanagama	GND	289	4	0	1	0	0	0
LK-8127180	Beraliyapola	Beraliyapola	GND	266	4	0	0	0	0	0
LK-8127185	Pannalawela	Pannalawela	GND	287	4	0	0	0	0	0
LK-8127190	Rahupola	Rahupola	GND	235	2	0	0	0	0	0
LK-8127195	Udaperuwa	Udaperuwa	GND	247	0	0	1	0	0	0
LK-8127200	Weliulla	Weliulla	GND	295	6	0	0	0	0	1
LK-8127205	Metiwalalanda	Metiwalalanda	GND	435	5	0	0	0	0	1
LK-8127210	Unapana	Unapana	GND	514	8	0	1	0	0	2
LK-8127215	Lunuwatta	Lunuwatta	GND	511	7	0	0	0	0	3
LK-8127220	Pallewela	Pallewela	GND	416	3	0	0	0	0	1
LK-8127225	Busdulla	Busdulla	GND	287	1	0	0	0	0	0
LK-8127230	Kurundugolla	Kurundugolla	GND	334	3	0	1	0	0	0
LK-8127235	Ambagasdowa	Ambagasdowa	GND	608	5	0	0	0	0	0
LK-8127240	Pannalagama	Pannalagama	GND	411	2	0	0	0	0	0
LK-8127245	Uma Ela	Uma Ela	GND	512	9	0	0	0	0	0
LK-8127250	Karagahaulpatha	Karagahaulpatha	GND	423	2	0	0	0	0	3
LK-8127255	Medawela	Medawela	GND	545	7	0	1	0	0	1
LK-8127260	Perawella	Perawella	GND	497	13	0	2	0	1	0
LK-8127265	Galahagama	Galahagama	GND	559	12	0	1	0	0	0
LK-8127270	Medagodagama	Medagodagama	GND	366	10	0	1	0	0	1
LK-8127275	Thelhawadigama	Thelhawadigama	GND	331	3	0	0	0	0	0
LK-8127280	Ketagoda	Ketagoda	GND	472	6	0	0	0	0	0
LK-8127285	Dangamuwa	Dangamuwa	GND	295	3	0	1	0	1	0
LK-8127290	Rathamba	Rathamba	GND	516	5	0	4	0	0	0
LK-8127295	Kumarapattiya	Kumarapattiya	GND	543	10	0	0	0	0	0
LK-8127300	Balagala	Balagala	GND	460	1	0	1	0	0	0
LK-8127305	Downside	Downside	GND	362	24	0	1	0	0	1
LK-8127310	Kendagolla	Kendagolla	GND	377	9	0	0	0	0	0
LK-8127315	Yahala Arawa	Yahala Arawa	GND	337	13	0	0	0	0	0
LK-8127320	Ulugala	Ulugala	GND	128	6	0	0	0	0	0
LK-8127325	Hangiliella	Hangiliella	GND	230	6	0	0	0	0	0
LK-8127330	Kotawera Udagama	Kotawera Udagama	GND	502	6	0	1	0	0	3
LK-8127335	Kotawera Pahalagama	Kotawera Pahalagama	GND	361	2	0	0	0	0	1
LK-8127340	Daragala	Daragala	GND	626	4	0	0	0	0	2
LK-8130	Welimada	Welimada	DSD	29051	460	9	31	1	6	62
LK-8130005	Alakolagala	Alakolagala	GND	617	8	0	2	0	0	3
LK-8130010	Hulankapolla	Hulankapolla	GND	699	11	0	0	0	0	1
LK-8130015	Silmiyapura	Silmiyapura	GND	405	6	0	0	0	0	1
LK-8130020	Boragas	Boragas	GND	852	12	0	0	0	0	1
LK-8130025	Vidurupola	Vidurupola	GND	679	18	3	2	0	0	5
LK-8130030	Gavarammana	Gavarammana	GND	579	6	0	2	0	0	8
LK-8130035	Palugama Town	Palugama Town	GND	536	3	0	1	0	0	2
LK-8130040	Puranwela	Puranwela	GND	553	5	2	0	0	0	0
LK-8130045	Girambe	Girambe	GND	474	4	0	2	0	0	0
LK-8130050	Divurumgama	Divurumgama	GND	452	1	0	1	0	1	1
LK-8130055	Palugama Ella	Palugama Ella	GND	395	6	0	0	0	0	0
LK-8130060	Welimada Watta	Welimadawatta	GND	191	16	0	0	0	0	2
LK-8130065	Ambagahakumbura	Ambagahakumbura	GND	605	5	0	1	0	0	1
LK-8130070	Dimuthugama	Dimuthugama	GND	639	3	0	1	0	0	0
LK-8130075	Welimada Town	Welimada Town	GND	488	30	0	0	0	0	2
LK-8130080	Landegama	Landegama	GND	486	3	0	0	0	0	4
LK-8130085	Divithotawela	Divithotawela	GND	618	7	1	0	0	0	1
LK-8130090	Puhulpola	Puhulpola	GND	240	0	0	2	0	0	0
LK-8130095	Dikkapitiya	Dikkapitiya	GND	235	5	0	0	0	0	0
LK-8130100	Koskanuwegama	Koskanuwegama	GND	237	3	0	0	0	0	0
LK-8130105	Dayaraba Watta	Dayaraba Watta	GND	752	28	0	0	0	3	1
LK-8130110	Ketakella	Ketakella	GND	147	1	0	0	0	0	2
LK-8130115	Yalpathwela	Yalpathwela	GND	395	7	0	0	0	0	0
LK-8130120	Dambavinna	Dambawinna	GND	742	5	0	0	0	0	5
LK-8130125	Kabillegama	Kabillegama	GND	406	1	0	0	0	0	0
LK-8130130	Idamegama	Idamegama	GND	464	1	0	1	0	0	0
LK-8130135	Erabadda	Erabadda	GND	382	2	0	1	0	0	0
LK-8130140	Keppetipola	Keppetipola	GND	402	0	0	2	0	0	2
LK-8130145	Hewanakumbura	Hewanakumbura	GND	264	5	0	0	0	0	0
LK-8130150	Ambewela	Ambewela	GND	539	32	0	2	0	0	1
LK-8130155	Himbiliyagolla	Himbiliyagolla	GND	199	3	0	0	0	0	1
LK-8130160	Thennakonwela	Thennakonwela	GND	372	3	0	0	0	1	0
LK-8130165	Kalubululanda	Kalubululanda	GND	556	5	0	0	0	0	0
LK-8130170	Mavithikumbura	Mavithikumbura	GND	455	4	0	0	0	0	0
LK-8130175	Nedungamuwa	Nedungamuwa	GND	655	8	0	1	0	0	0
LK-8130180	Medagedaragama	Medagedaragama	GND	554	2	0	0	0	0	0
LK-8130185	Nawela	Nawela	GND	542	4	0	1	0	0	0
LK-8130190	Pahalayalkumbura	Pahalayalkumbura	GND	293	3	0	0	0	0	0
LK-8130195	Welikadagama	Welikadagama	GND	385	10	0	0	0	0	0
LK-8130200	Mirahawatta	Mirahawatta	GND	482	3	0	0	1	0	1
LK-8130205	Udupeella	Udupeella	GND	353	1	0	1	0	0	0
LK-8130210	Kotakithula	Kotakithula	GND	598	6	0	0	0	0	1
LK-8130215	Malpotha	Malpotha	GND	223	12	0	0	0	0	0
LK-8130220	Karagasthenna	Karagasthenna	GND	898	13	0	0	0	0	2
LK-8130225	Alugolla	Alugolla	GND	438	1	0	0	0	0	1
LK-8130230	Bogahakumbura	Bogahakumbura	GND	373	3	1	0	0	1	0
LK-8130235	Bibiligamuwa	Bibiligamuwa	GND	227	1	0	0	0	0	0
LK-8130240	Alawathugoda	Alawathugoda	GND	315	3	0	0	0	0	2
LK-8130245	Kandepuhulpola	Kandepuhulpola	GND	412	9	0	0	0	0	1
LK-8130250	Helayalkumbura	Helayalkumbura	GND	340	7	0	0	0	0	0
LK-8130255	Guruthalawa	Guruthalawa	GND	520	7	0	0	0	0	1
LK-8130260	Mahathenna	Mahathenna	GND	491	12	0	0	0	0	0
LK-8130265	Hingurugamuwa	Hingurugamuwa	GND	428	10	0	1	0	0	1
LK-8130270	Galedanda	Galedanda	GND	507	11	0	1	0	0	2
LK-8130275	Boralanda	Boralanda	GND	632	5	1	0	0	0	1
LK-8130280	Wangiyakumbura	Wangiyakumbura	GND	457	3	0	2	0	0	1
LK-8130285	Ohiya	Ohiya	GND	48	1	0	0	0	0	0
LK-8130290	Rahangala	Rahangala	GND	474	11	0	0	0	0	0
LK-8130295	Hinnarangolla	Hinnarangolla	GND	448	3	0	0	0	0	2
LK-8130300	Udakendagolla	Udakendagolla	GND	433	11	0	0	0	0	1
LK-8130305	Rathkarawwa	Rathkarawwa	GND	245	2	0	2	0	0	1
LK-8130310	Pitapola	Pitapola	GND	436	12	0	1	0	0	0
LK-8130315	Ohiya Estate	Ohiya Estate	GND	102	8	0	0	0	0	0
LK-8130320	Maligathenna	Maligathenna	GND	687	29	1	1	0	0	0
LK-8133	Bandarawela	Bandarawela	DSD	18479	129	3	5	0	1	22
LK-8133005	Mathetilla	Mathetilla	GND	383	6	1	0	0	0	0
LK-8133010	Konthahela	Konthahela	GND	390	4	0	0	0	0	0
LK-8133015	Icelab Watta	Icelab Watta	GND	317	5	0	0	0	0	0
LK-8133020	Kirioruwa	Kirioruwa	GND	540	0	0	0	0	0	0
LK-8133025	Ettalapitiya	Ettalapitiya	GND	688	1	0	0	0	0	0
LK-8133030	Diganathenna	Diganathenna	GND	780	1	0	0	0	0	1
LK-8133035	Ambegoda	Ambegoda	GND	760	5	0	0	0	0	3
LK-8133040	Wewathenna	Wewathenna	GND	762	3	0	0	0	0	0
LK-8133045	Watagamuwa	Watagamuwa	GND	741	3	0	0	0	0	0
LK-8133050	Bindunuwewa	Bindunuwewa	GND	500	0	0	0	0	0	0
LK-8133055	Kebillewela North	Kebillawela North	GND	720	1	0	0	0	1	1
LK-8133060	Gediyaroda	Gediyaroda	GND	525	7	0	0	0	0	1
LK-8133065	Bandarawela West	Bandarawela West	GND	809	5	0	0	0	0	0
LK-8133070	Bandarawela East	Bandarawela East	GND	791	1	0	0	0	0	0
LK-8133075	Thanthiriya	Thanthiriya	GND	646	2	0	0	0	0	0
LK-8133080	Udaperuwa	Udaperuwa	GND	494	0	2	0	0	0	0
LK-8133085	Egodagama	Egodagama	GND	455	0	0	0	0	0	1
LK-8133090	Weheragalathenna	Weheragalathenna	GND	488	6	0	0	0	0	0
LK-8133095	Bambaragama	Bambaragama	GND	249	2	0	1	0	0	2
LK-8133100	Makulella	Makulella	GND	539	5	0	1	0	0	2
LK-8133105	Kinigama	Kinigama	GND	547	1	0	0	0	0	0
LK-8133110	Inikambedda	Inikambedda	GND	914	8	0	0	0	0	0
LK-8133115	Karagahawela	Karagahawela	GND	635	1	0	0	0	0	0
LK-8133120	Obadella	Obadella	GND	466	0	0	0	0	0	0
LK-8133125	Beddekumbura	Beddekumbura	GND	205	0	0	0	0	0	0
LK-8133130	Kebillewela South	Kebillewela South	GND	420	3	0	1	0	0	1
LK-8133135	Mahaulpatha	Mahaulpatha	GND	400	0	0	0	0	0	0
LK-8133140	Darahitawanagoda	Darahitawanagoda	GND	348	1	0	0	0	0	0
LK-8133145	Doolgolla	Doolgolla	GND	163	0	0	0	0	0	0
LK-8133150	Creig Watta	Creig Watta	GND	464	7	0	0	0	0	7
LK-8133155	Liyangahawela Watta	Liyangahawela Watta	GND	558	31	0	2	0	0	0
LK-8133160	Ambadandegama	Ambadandegama	GND	345	4	0	0	0	0	1
LK-8133165	Beddearawa	Beddearawa	GND	148	0	0	0	0	0	1
LK-8133170	Liyangahawela	Liyangahawela	GND	233	1	0	0	0	0	0
LK-8133175	Nayabedda Estate	Nayabedda Estate	GND	1056	15	0	0	0	0	1
LK-8136	Ella	Ella	DSD	13448	217	9	5	0	1	24
LK-8136005	Piyarapandowa	Piyarapandowa	GND	560	16	0	2	0	0	1
LK-8136010	Halpe	Halpe	GND	612	7	0	0	0	0	1
LK-8136015	Kirinda	Kirinda	GND	536	6	0	0	0	0	3
LK-8136020	Demodara	Demodara	GND	727	10	2	0	0	0	3
LK-8136025	Navulla	Navulla	GND	481	8	1	0	0	0	0
LK-8136030	Gawarawela	Gawarawela	GND	531	8	0	0	0	0	2
LK-8136035	Beddewela	Baddewela	GND	468	7	0	0	0	0	1
LK-8136040	Pupula West	Pupula West	GND	266	2	0	0	0	0	0
LK-8136045	Pupula	Pupula	GND	463	6	0	0	0	0	0
LK-8136050	Galtenhena	Galtenhena	GND	284	8	0	0	0	0	0
LK-8136055	Nawela East	Nawela East	GND	317	3	0	0	0	0	0
LK-8136060	Nawela West	Nawela West	GND	280	0	0	0	0	0	0
LK-8136065	Medawela West	Medawela West	GND	347	3	0	0	0	0	0
LK-8136070	Yahalewela	Yahalewela	GND	370	9	3	1	0	0	2
LK-8136075	Newberg	Newberg	GND	255	8	0	0	0	0	0
LK-8136080	Ella	Ella	GND	387	5	1	0	0	1	0
LK-8136085	Madhuragama	Madhuragama	GND	412	5	0	0	0	0	0
LK-8136090	Idamegama	Idamegama	GND	189	0	0	0	0	0	1
LK-8136095	Hettipola	Hettipola	GND	406	13	0	0	0	0	2
LK-8136100	Millagama	Millagama	GND	429	0	0	0	0	0	1
LK-8136105	Udukumbalwela	Udukumbalwela	GND	474	4	0	0	0	0	0
LK-8136110	Dowa	Dowa	GND	556	6	0	0	0	0	0
LK-8136115	Palleperuwa	Palleperuwa	GND	731	3	0	0	0	0	1
LK-8136120	Heeloya	Heeloya	GND	758	7	0	0	0	0	1
LK-8136125	Kithalella	Kithalella	GND	455	1	1	0	0	0	0
LK-8136130	Rawanaella	Rawanaella	GND	137	2	0	1	0	0	0
LK-8136135	Karandagolla	Karandagolla	GND	469	21	1	1	0	0	2
LK-8136140	Govussa	Govussa	GND	232	6	0	0	0	0	1
LK-8136145	Ilukpelessa	Ilukpelessa	GND	217	8	0	0	0	0	0
LK-8136150	Ballaketuwa	Ballaketuwa	GND	570	11	0	0	0	0	0
LK-8136155	Namunukula	Namunukula	GND	345	17	0	0	0	0	0
LK-8136160	Dodamgolla	Dodamgolla	GND	184	7	0	0	0	0	2
LK-8139	Haputale	Haputale	DSD	13730	240	4	2	0	2	14
LK-8139005	Ellagama	Ellagama	GND	356	25	0	0	0	0	0
LK-8139010	Kahattewela	Kahattewela	GND	484	0	0	1	0	0	0
LK-8139015	Erenawela	Eranawela	GND	557	0	0	0	0	0	0
LK-8139020	Ranjallawa	Ranjallawa	GND	711	12	0	1	0	0	1
LK-8139025	Bingethenna	Bingethenna	GND	463	1	0	0	0	0	0
LK-8139030	Kahagolla	Kahagolla	GND	630	5	0	0	0	0	0
LK-8139035	Dodamwatta	Dodamwatta	GND	424	4	0	0	0	0	2
LK-8139040	Diyathalawa	Diyathalawa	GND	441	0	0	0	0	0	0
LK-8139045	Jayaminipura	Jayaminipura	GND	369	2	0	0	0	0	0
LK-8139050	Aluthwela	Aluthwela	GND	352	0	0	0	0	0	1
LK-8139055	Welanhinna	Welanhinna	GND	353	2	0	0	0	0	1
LK-8139060	Pahala Kadurugamuwa	Pahala kadurugamuwa	GND	628	7	0	0	0	0	0
LK-8139065	Viharakele	Viharakele	GND	351	3	0	0	0	0	1
LK-8139070	Umankandura	Umankandura	GND	637	6	0	0	0	0	1
LK-8139075	Panketiya	Panketiya	GND	748	12	0	0	0	0	2
LK-8139080	Hela Kadurugamuwa	Helakadurugamuwa	GND	457	4	0	0	0	0	0
LK-8139085	Haputhalegama	Haputhalegama	GND	510	4	0	0	0	0	0
LK-8139090	Glenanore	Glenanore	GND	738	27	3	0	0	0	0
LK-8139095	Horadorowwa	Horadorowwa	GND	277	3	0	0	0	0	0
LK-8139100	Magiripura	Magiripura	GND	573	4	0	0	0	0	3
LK-8139105	Kolathenna	Kolathenna	GND	168	0	0	0	0	0	0
LK-8139110	Haputhale Town	Haputhale Town	GND	1004	44	1	0	0	1	0
LK-8139115	Pitarathmale	Pitarathmale	GND	698	13	0	0	0	0	0
LK-8139120	Dambethenna	Dambethenna	GND	1080	20	0	0	0	0	0
LK-8139125	Thotalagala	Thotalagala	GND	381	4	0	0	0	1	2
LK-8139130	Galkanda	Galkanda	GND	340	38	0	0	0	0	0
LK-8142	Haldummulla	Haldummulla	DSD	10847	329	43	24	0	0	22
LK-8142005	Weerakongama	Weerakongama	GND	262	16	0	0	0	0	0
LK-8142010	Kalupahana	Kalupahana	GND	284	3	1	0	0	0	0
LK-8142015	Haldummulla	Haldummulla	GND	459	9	0	0	0	0	0
LK-8142020	Beragala	Beragala	GND	716	33	1	0	0	0	2
LK-8142025	Viharagala	Viharagala	GND	752	11	0	0	0	0	2
LK-8142030	Nikapotha West	Nikapotha West	GND	101	3	0	1	0	0	0
LK-8142035	Nikapotha East	Nikapotha East	GND	211	1	0	0	0	0	0
LK-8142040	Lemasthota	Lemasthota	GND	90	3	0	0	0	0	0
LK-8142045	Ranasinghegama	Ranasinghegama	GND	207	8	0	1	0	0	0
LK-8142050	Kotabakma	Kotabakma	GND	450	9	0	0	0	0	3
LK-8142055	Koslanda	Koslanda	GND	666	21	0	0	0	0	1
LK-8142060	Mahakanda	Mahakanda	GND	239	11	0	0	0	0	0
LK-8142065	Poonagala	Poonagala	GND	1097	9	0	0	0	0	2
LK-8142070	Divulgasmulla	Divulgasmulla	GND	464	18	0	0	0	0	2
LK-8142075	Gampaha	Gampaha	GND	440	16	1	0	0	0	0
LK-8142080	Ampitithenna	Ampitithenna	GND	271	13	1	1	0	0	2
LK-8142085	Kelipanawela	Kelipanawela	GND	150	12	0	0	0	0	0
LK-8142090	Moraketiya	Moraketiya	GND	166	7	0	0	0	0	0
LK-8142095	Kirawanagama	Kirawanagama	GND	228	11	0	2	0	0	0
LK-8142100	Manthenna	Manthenna	GND	187	6	0	0	0	0	2
LK-8142105	Amilagama	Amilagama	GND	190	5	0	0	0	0	0
LK-8142110	Soragune	Soragune	GND	156	3	0	0	0	0	0
LK-8142115	Kithulgahaarawa	Kithulgahaarawa	GND	172	3	0	1	0	0	0
LK-8142120	Watagamuwa	Watagamuwa	GND	360	6	0	1	0	0	0
LK-8142125	Walhaputhenna	Walhaputhenna	GND	209	3	0	0	0	0	1
LK-8142130	Uvathenna	Uvathenna	GND	190	3	0	0	0	0	0
LK-8142135	Marangahawela	Marangahawela	GND	126	1	0	0	0	0	0
LK-8142140	Seelathenna	Seelathenna	GND	204	2	0	0	0	0	0
LK-8142145	Harankahawa	Harankahawa	GND	207	0	0	0	0	0	0
LK-8142150	Medawela	Medawela	GND	137	6	0	1	0	0	0
LK-8142155	Welibissa	Welibissa	GND	114	4	0	0	0	0	0
LK-8142160	We Eliya	We Eliya	GND	202	11	0	3	0	0	0
LK-8142165	Kosgama	Kosgama	GND	211	13	0	0	0	0	0
LK-8142170	Ranwanguhawa	Ranwanguhawa	GND	112	5	0	0	0	0	0
LK-8142175	Akkara Seeya	Akkara Seeya	GND	65	2	0	0	0	0	0
LK-8142180	Welanvita	Welanvita	GND	133	5	0	1	0	0	0
LK-8142185	Kolongasthenna	Kolongasthenna	GND	219	18	0	0	0	0	0
LK-8142190	Bambara Pokuna	Bambara Pokuna	GND	62	0	0	0	0	0	0
LK-8142195	Mahalanda	Mahalanda	GND	338	19	39	12	0	0	5
LK-82	Monaragala	Moneragala	DISTRICT	146583	4057	71	370	4	69	609
LK-8203	Bibile	Bibile	DSD	13294	384	3	12	0	0	22
LK-8203005	Uravula	Uravula	GND	106	3	0	0	0	0	0
LK-8203010	Karandugala	Karandugala	GND	239	26	0	0	0	0	1
LK-8203015	Bulupitiya	Bulupitiya	GND	301	12	0	3	0	0	2
LK-8203020	Nilgala	Nilgala	GND	278	12	0	0	0	0	0
LK-8203025	Kanawegalla	Kanawegalla	GND	162	4	0	0	0	0	0
LK-8203030	Ussagala	Ussagala	GND	187	9	0	0	0	0	0
LK-8203035	Bokagonna	Bokagonna	GND	478	12	0	2	0	0	1
LK-8203040	Pitakumbura	Pitakumbura	GND	370	12	0	1	0	0	0
LK-8203045	Hamapola	Hamapola	GND	329	43	1	0	0	0	0
LK-8203050	Thotillaketiya	Thotillaketiya	GND	259	6	0	0	0	0	0
LK-8203055	Kokunnewa	Kokunnewa	GND	327	5	0	0	0	0	0
LK-8203060	Morattamulla	Morattamulla	GND	271	12	0	0	0	0	2
LK-8203065	Nagala	Nagala	GND	505	3	0	0	0	0	1
LK-8203070	Radaliyadda	Radaliyadda	GND	378	1	0	0	0	0	0
LK-8203075	Ambagolla	Ambagolla	GND	343	6	0	0	0	0	3
LK-8203080	Wegama	Wegama	GND	357	4	0	0	0	0	0
LK-8203085	Wegama South	Wegama South	GND	512	9	1	0	0	0	1
LK-8203090	Mallehewa	Mallehewa	GND	401	10	0	0	0	0	0
LK-8203095	Karagahawela East	Karagahawela East	GND	238	14	0	1	0	0	1
LK-8203100	Kehel Attawala	Kehel Attawala	GND	316	6	0	0	0	0	0
LK-8203105	Karagahawela West	Karagahawela West	GND	355	9	1	0	0	0	2
LK-8203110	Udamallehewa	Udamallehewa	GND	271	3	0	0	0	0	0
LK-8203115	Egoda Kotagama	Egoda Kotagama	GND	201	2	0	0	0	0	1
LK-8203120	Kotagama	Kotagama	GND	284	11	0	0	0	0	2
LK-8203125	Badullagammana	Badullagammana	GND	490	11	0	0	0	0	0
LK-8203130	Kavudella	Kavudella	GND	350	3	0	0	0	0	0
LK-8203135	Rathupasketiya	Rathupasketiya	GND	664	9	0	0	0	0	0
LK-8203140	Lindakumbura	Lindakumbura	GND	426	14	0	0	0	0	0
LK-8203145	Bibila	Bibile	GND	506	1	0	0	0	0	0
LK-8203150	Ambelanda	Ambelanda	GND	278	5	0	0	0	0	0
LK-8203155	Dodamgolla	Dodamgolla	GND	454	7	0	0	0	0	2
LK-8203160	Dehiattawela	Dehiattawela	GND	265	9	0	0	0	0	0
LK-8203165	Kanulwela	Kanulwela	GND	625	25	0	2	0	0	0
LK-8203170	Ethanawatta	Ethanawatta	GND	241	2	0	0	0	0	1
LK-8203175	Kuruwamba	Kuruwamba	GND	311	17	0	0	0	0	0
LK-8203180	Hewelwela	Hewelwela	GND	265	6	0	2	0	0	0
LK-8203185	Mudiyala	Mudiyala	GND	252	1	0	1	0	0	0
LK-8203190	Yalkumbura	Yalkumbura	GND	222	10	0	0	0	0	0
LK-8203195	Thanayamgama	Thanayamgama	GND	197	15	0	0	0	0	2
LK-8203200	Medipitiya	Medipitiya	GND	280	15	0	0	0	0	0
LK-8206	Madulla	Madulla	DSD	9992	309	7	6	0	0	12
LK-8206005	Nelliyadda	Nelliyadda	GND	130	6	0	0	0	0	0
LK-8206010	Mullegama	Mullegama	GND	255	9	0	1	0	0	0
LK-8206015	Galgamuwa	Galgamuwa	GND	328	46	0	0	0	0	1
LK-8206020	Inginiyagala	Inginiyagala	GND	357	8	1	0	0	0	0
LK-8206025	Baduluwela	Baduluwela	GND	221	3	0	0	0	0	0
LK-8206030	Bandarawadiya	Bandarawadiya	GND	237	2	0	0	0	0	0
LK-8206035	Panguwa	Panguwa	GND	310	12	0	0	0	0	0
LK-8206040	Thalkotayaya	Thalkotayaya	GND	211	5	0	0	0	0	0
LK-8206045	Deliwa	Deliwa	GND	205	10	0	0	0	0	0
LK-8206050	Thampalawela	Thampalawela	GND	297	3	0	1	0	0	1
LK-8206055	Ruwalwela	Ruwalwela	GND	348	16	0	0	0	0	2
LK-8206060	Watawanagama	Watawanagama	GND	123	1	0	0	0	0	0
LK-8206065	Gangodagama	Gangodagama	GND	114	7	0	1	0	0	1
LK-8206070	Ritigahawatta	Ritigahawatta	GND	265	11	0	0	0	0	0
LK-8206075	Mariarawa	Mariarawa	GND	326	9	0	0	0	0	0
LK-8206080	Kolladeniya	Kolladeniya	GND	437	12	1	0	0	0	1
LK-8206085	Ihawa	Ihawa	GND	321	2	0	0	0	0	0
LK-8206090	Alpitiya	Alpitiya	GND	311	10	0	0	0	0	0
LK-8206095	Makulla	Makulla	GND	296	6	0	0	0	0	0
LK-8206100	Namaloya Colony	Namaloya Colony	GND	323	4	1	0	0	0	0
LK-8206105	Aratugaswela	Aratugaswela	GND	233	4	0	0	0	0	0
LK-8206110	Pagura	Pagura	GND	234	6	2	1	0	0	0
LK-8206115	Galbokka	Galbokka	GND	198	5	0	0	0	0	0
LK-8206120	Magandana	Magandana	GND	205	2	0	0	0	0	0
LK-8206125	Udumulla	Udumulla	GND	223	8	1	0	0	0	0
LK-8206130	Kottagala	Kottagala	GND	248	4	0	0	0	0	0
LK-8206135	Gangoda Arawa	Gangoda Arawa	GND	189	1	0	0	0	0	0
LK-8206140	Polgahagama	Polgahagama	GND	295	7	0	0	0	0	1
LK-8206145	Alugalge	Alugalge	GND	177	2	0	1	0	0	1
LK-8206150	Neelawa Bedda	Neelawa Bedda	GND	185	16	0	0	0	0	1
LK-8206155	Kahagolla	Kahagolla	GND	178	1	0	1	0	0	1
LK-8206160	Magandaoya Colony	Magandaoya Colony	GND	257	0	0	0	0	0	0
LK-8206165	Gonathalawa	Gonathalawa	GND	279	5	0	0	0	0	0
LK-8206170	Dambagalla	Dambagalla	GND	452	4	0	0	0	0	0
LK-8206175	Ellekona	Ellekona	GND	483	13	0	0	0	0	2
LK-8206180	Therela	Therela	GND	215	48	0	0	0	0	0
LK-8206185	Iluklanda	Iluklanda	GND	227	0	0	0	0	0	0
LK-8206190	Obbegoda	Obbegoda	GND	299	1	1	0	0	0	0
LK-8209	Medagama	Medagama	DSD	12062	353	4	21	1	0	29
LK-8209005	Pothubandhana	Pothubandana	GND	362	7	0	0	0	0	1
LK-8209010	Yakunnawa	Yakunnawa	GND	323	11	0	0	0	0	0
LK-8209015	Bendiyawa	Bendiyawa	GND	459	16	0	0	0	0	0
LK-8209020	Kotabowa	Kotabowa	GND	373	23	2	16	1	0	3
LK-8209025	Godigamuwa	Godigamuwa	GND	523	14	0	0	0	0	3
LK-8209030	Senpathigama	Senpathigama	GND	254	3	1	0	0	0	2
LK-8209035	Aiwela	Aiwela	GND	369	13	0	0	0	0	4
LK-8209040	Senapathiya	Senapathiya	GND	285	7	0	0	0	0	0
LK-8209045	Bibilamulla	Bibilamulla	GND	324	21	0	0	0	0	0
LK-8209050	Nannapurawa	Nannapurawa	GND	444	10	0	0	0	0	3
LK-8209055	Dahamgama	Dahamgama	GND	436	7	1	0	0	0	0
LK-8209060	Kalugahawadiya	Kalugahawadiya	GND	291	10	0	0	0	0	0
LK-8209065	Kongolla	Kongolla	GND	281	5	0	0	0	0	0
LK-8209070	Diviyapola	Diviyapola	GND	141	4	0	0	0	0	0
LK-8209075	Kohukumbura	Kohukumbura	GND	200	6	0	0	0	0	0
LK-8209080	Nugamura	Nugamura	GND	264	15	0	0	0	0	0
LK-8209085	Ellekona	Ellekona	GND	409	15	0	1	0	0	3
LK-8209090	Dahagoniya	Dahagoniya	GND	325	2	0	0	0	0	0
LK-8209095	Monarawana	Monarawana	GND	404	8	0	0	0	0	0
LK-8209100	Mellagama	Mellagama	GND	410	14	0	0	0	0	0
LK-8209105	Thambana	Thambana	GND	290	15	0	1	0	0	1
LK-8209110	Thimbiriya	Thimbiriya	GND	526	10	0	0	0	0	0
LK-8209115	Medagama	Medagama	GND	537	13	0	1	0	0	0
LK-8209120	Elhena	Elhena	GND	274	9	0	0	0	0	1
LK-8209125	Pitadeniya	Pitadeniya	GND	276	2	0	0	0	0	0
LK-8209130	Kinnarabowa	Kinnarabowa	GND	231	4	0	0	0	0	0
LK-8209135	Ilukkumbura	Ilukkumbura	GND	328	12	0	0	0	0	3
LK-8209140	Bakinigahawela	Bakinigahawela	GND	413	2	0	0	0	0	0
LK-8209145	Pubbara	Pubbara	GND	159	7	0	0	0	0	0
LK-8209150	Polgahapitiya	Polgahapitiya	GND	629	17	0	2	0	0	3
LK-8209155	Kendavinna	Kendavinna	GND	347	11	0	0	0	0	1
LK-8209160	Alana	Alana	GND	200	4	0	0	0	0	0
LK-8209165	Rattanadeniya	Rattanadeniya	GND	390	19	0	0	0	0	1
LK-8209170	Amunekandura	Amunekandura	GND	358	4	0	0	0	0	0
LK-8209175	Keenagoda	Keenagoda	GND	227	13	0	0	0	0	0
LK-8212	Siyambalanduwa	Siyambalanduwa	DSD	17134	600	10	63	0	0	58
LK-8212005	Nape	Nape	GND	281	15	0	0	0	0	0
LK-8212010	Buddama	Buddama	GND	429	17	0	1	0	0	0
LK-8212015	Waragama	Waragama	GND	377	23	0	0	0	0	0
LK-8212020	Kotagoda	Kotagoda	GND	314	4	0	2	0	0	0
LK-8212025	Weragoda	Weragoda	GND	165	11	0	3	0	0	0
LK-8212030	Newgala	Newgala	GND	260	5	1	3	0	0	0
LK-8212035	Govindupura	Govindupura	GND	383	17	0	1	0	0	5
LK-8212040	Pallewela	Pallewela	GND	363	12	0	1	0	0	0
LK-8212045	Ambagahapitiya	Ambagahapitiya	GND	234	25	0	0	0	0	0
LK-8212050	Meeyagala	Meeyagala	GND	219	20	0	1	0	0	0
LK-8212055	Barawaya	Barawaya	GND	416	20	0	1	0	0	1
LK-8212060	Kooragammana	Kooragammana	GND	199	2	0	3	0	0	2
LK-8212065	Kalugollayaya	Kalugollayaya	GND	220	0	0	0	0	0	0
LK-8212070	Samanala Bedda	Samanala Bedda	GND	327	3	0	3	0	0	0
LK-8212075	Muthukandiya	Muthukandiya	GND	229	3	0	0	0	0	0
LK-8212080	Yakkadurawa	Yakkadurawa	GND	447	2	0	1	0	0	0
LK-8212085	Galamuna	Galamuna	GND	238	2	0	0	0	0	1
LK-8212090	Helamulla	Helamulla	GND	277	5	1	0	0	0	0
LK-8212095	Pallegama	Pallegama	GND	341	13	1	1	0	0	0
LK-8212100	Maha Kalugolla	Maha Kalugolla	GND	330	7	2	3	0	0	0
LK-8212105	Karambagoda	Karambagoda	GND	310	5	2	7	0	0	1
LK-8212110	Ruhunu Danawwa	Ruhunu Danawwa	GND	216	7	0	3	0	0	3
LK-8212115	Sri Wijithapura	Sri Wijithapura	GND	426	12	0	1	0	0	23
LK-8212120	Siyambalanduwa	Siyambalanduwa	GND	304	2	0	0	0	0	1
LK-8212125	Manabharana	Manabharana	GND	362	16	0	3	0	0	2
LK-8212130	Madugama	Madugama	GND	694	27	1	2	0	0	6
LK-8212135	Kivulayaya	Kivuleyaya	GND	464	13	1	0	0	0	0
LK-8212140	Kodayana	Kodayana	GND	394	14	0	0	0	0	2
LK-8212145	Nugagahakivula	Nugagahakivula	GND	338	21	0	0	0	0	0
LK-8212150	Kotiyagoda	Kotiyagoda	GND	322	6	0	0	0	0	3
LK-8212155	Indigasella	Indigasella	GND	343	11	0	0	0	0	0
LK-8212160	Dombagahawela	Dombagahawela	GND	855	16	0	0	0	0	1
LK-8212165	Liyangolla	Liyangolla	GND	398	13	0	0	0	0	0
LK-8212170	Beraliyapola	Beraliyapola	GND	242	5	0	2	0	0	1
LK-8212175	Kimbulawela	Kimbulawela	GND	248	2	0	0	0	0	1
LK-8212180	Pahatha Arawa	Pahatha Arawa	GND	458	39	1	6	0	0	0
LK-8212185	Ethimale	Ethimale	GND	369	26	0	0	0	0	0
LK-8212190	Guruhela	Guruhela	GND	333	16	0	0	0	0	0
LK-8212195	Gemunupura	Gemunupura	GND	271	10	0	1	0	0	0
LK-8212200	Perakumpura	Perakumpura	GND	330	3	0	0	0	0	5
LK-8212205	Siripura	Siripura	GND	445	13	0	3	0	0	0
LK-8212210	Thissapura	Thissapura	GND	499	18	0	1	0	0	0
LK-8212215	Ethimale Colony	Ethimale Colony	GND	366	5	0	1	0	0	0
LK-8212220	Minipura	Minipura	GND	296	5	0	0	0	0	0
LK-8212225	Vilaoya	Vilaoya	GND	514	33	0	4	0	0	0
LK-8212230	Wattegama	Wattegama	GND	513	13	0	0	0	0	0
LK-8212235	Wijayapura	Wijayapura	GND	286	11	0	3	0	0	0
LK-8212240	Kotiyagala	Kotiyagala	GND	489	32	0	2	0	0	0
LK-8215	Monaragala	Moneragala	DSD	15543	386	7	23	0	1	21
LK-8215005	Tenwatta	Tenwatta	GND	504	4	0	1	0	0	3
LK-8215010	Guruhela	Guruhela	GND	445	9	0	0	0	0	0
LK-8215015	Batugammana	Batugammana	GND	258	8	0	0	0	0	0
LK-8215020	Debeddekivula	Debeddekivula	GND	325	1	0	0	0	0	0
LK-8215025	Weliyaya	Weliyaya	GND	579	28	0	1	0	1	2
LK-8215030	Rattanapitiya	Rattanapitiya	GND	520	20	0	0	0	0	1
LK-8215035	Nakkala	Nakkala	GND	579	13	0	2	0	0	0
LK-8215040	Hidikivula	Hidikivula	GND	648	26	0	0	0	0	1
LK-8215045	Hulandawa	Hulandawa	GND	844	13	0	0	0	0	1
LK-8215050	Magandanamulla	Magandanamulla	GND	650	7	0	1	0	0	0
LK-8215055	Monaragala	Monaragala	GND	625	15	0	0	0	0	0
LK-8215060	Aliyawatta	Aliyawatta	GND	514	68	1	4	0	0	0
LK-8215065	Kolonvinna	Kolonvinna	GND	304	4	0	1	0	0	0
LK-8215070	Bohitiya	Bohitiya	GND	553	31	0	3	0	0	0
LK-8215075	Kawdawa	Kawdawa	GND	326	5	1	0	0	0	0
LK-8215080	Hulandawa Left	Hulandawa Left	GND	608	9	0	0	0	0	0
LK-8215085	Viharamulla	Viharamulla	GND	826	11	1	0	0	0	2
LK-8215090	Muppane	Muppane	GND	1105	7	1	0	0	0	2
LK-8215095	Maduruketiya	Maduruketiya	GND	1563	19	0	2	0	0	1
LK-8215100	Kumbukkana	Kumbukkana	GND	687	15	0	0	0	0	1
LK-8215105	nan	Horombuwa	GND	769	18	2	4	0	0	2
LK-8215110	Hulandawa South	Hulandawa South	GND	773	9	0	0	0	0	0
LK-8215115	Marawa	Marawa	GND	442	4	1	1	0	0	1
LK-8215120	Veheragala	Veheragala	GND	304	12	0	1	0	0	0
LK-8215125	Thenagallanda	Thenagallanda	GND	534	10	0	1	0	0	4
LK-8215130	Kahambana	Kahambana	GND	258	20	0	1	0	0	0
LK-8218	Badalkumbura	Badalkumbura	DSD	12992	215	2	13	1	1	38
LK-8218005	Gedavila	Gedavila	GND	152	4	0	0	0	0	0
LK-8218010	Karandagama	Karandagama	GND	354	4	0	0	0	0	0
LK-8218015	Ella	Ella	GND	279	5	0	0	0	0	2
LK-8218020	Pallegama	Pallegama	GND	151	0	0	0	0	0	0
LK-8218025	Thalawagama	Thalawagama	GND	332	4	0	1	0	0	14
LK-8218030	Mailagasthenna	Mailagasthenna	GND	307	7	0	1	0	0	1
LK-8218035	Karavila	Karavila	GND	324	1	0	0	0	0	0
LK-8218040	Madamagama	Madamagama	GND	320	3	0	0	0	0	1
LK-8218045	Wekumbura	Wekumbura	GND	215	0	0	0	0	0	0
LK-8218050	Maiyokka Watta	Maiyokka Watta	GND	244	1	0	0	0	0	0
LK-8218055	Waradola	Waradola	GND	385	12	0	1	0	0	0
LK-8218060	Ankada	Ankada	GND	233	16	0	0	0	0	2
LK-8218065	Kotamuduna	Kotamuduna	GND	281	4	0	0	0	0	0
LK-8218070	Alupotha	Alupotha	GND	601	13	0	0	0	0	0
LK-8218075	Wasipaha	Wasipaha	GND	393	4	0	0	0	0	0
LK-8218080	Badalkumbura	Badalkumbura	GND	520	0	0	0	0	0	0
LK-8218085	Maligathenna	Maligathenna	GND	406	7	0	0	0	0	0
LK-8218090	nan	Pussellawa	GND	454	1	0	0	0	0	2
LK-8218095	Madukotan Arawa	Madukotan Arawa	GND	299	4	0	0	0	0	1
LK-8218100	Yakurawa	Yakurawa	GND	415	4	0	1	0	0	2
LK-8218105	Therappahuwa	Therappahuwa	GND	520	5	0	2	0	1	1
LK-8218110	Punsisigama	Punsisigama	GND	277	10	0	0	0	0	0
LK-8218115	Madugahapattiya	Madugahapattiya	GND	391	2	0	1	0	0	4
LK-8218120	Kalagahakivula	Kalagahakivula	GND	184	0	0	0	0	0	0
LK-8218125	Madugasmulla	Madugasmulla	GND	297	7	0	0	0	0	0
LK-8218130	Ranugalla	Ranugalla	GND	384	13	0	1	0	0	0
LK-8218135	Ethpattiya	Ethpattiya	GND	167	1	0	0	0	0	0
LK-8218140	Miyanakadura	Miyanakandura	GND	421	6	1	0	0	0	1
LK-8218145	Dewathura	Dewathura	GND	519	27	0	3	1	0	0
LK-8218150	Naranwatta	Naranwatta	GND	171	4	0	0	0	0	0
LK-8218155	Athala	Athala	GND	337	0	0	0	0	0	0
LK-8218160	Eththalamulla	Ettalamulla	GND	163	2	0	0	0	0	0
LK-8218165	Muthukeliyawa	Muthukeliyawa	GND	383	3	0	0	0	0	0
LK-8218170	Meegahayaya	Meegahayaya	GND	171	3	0	0	0	0	0
LK-8218175	Bogahapelessa	Bogahapelessa	GND	162	3	0	0	0	0	0
LK-8218180	Dambagahawela	Dambagahawela	GND	171	7	0	0	0	0	0
LK-8218185	Hingurukaduwa	Hingurukaduwa	GND	280	9	0	0	0	0	0
LK-8218190	Keliwessa	Keliwessa	GND	254	6	0	0	0	0	0
LK-8218195	Moratuwagama	Moratuwagama	GND	140	6	0	0	0	0	0
LK-8218200	Lunugala Colony	Lunugala Colony	GND	466	3	0	2	0	0	6
LK-8218205	Katugahagalge	Katugahagalge	GND	469	4	1	0	0	0	1
LK-8221	Wellawaya	Wellawaya	DSD	20733	633	9	53	2	2	158
LK-8221005	Kurugama	Kurugama	GND	537	11	2	1	0	0	3
LK-8221010	Randeniya	Randeniya	GND	618	13	0	0	0	0	0
LK-8221015	Siyambalagunaya	Siyambalagunaya	GND	557	5	0	0	0	0	4
LK-8221020	Sudupanawela	Sudupanawela	GND	845	8	0	0	0	0	2
LK-8221025	Kotikambokka	Kotikambokka	GND	599	9	0	1	0	0	2
LK-8221030	Galbokka	Galbokka	GND	353	8	0	0	0	0	0
LK-8221035	Dimbulamure	Dimbulamuraya	GND	651	12	0	0	0	0	5
LK-8221040	Wellawaya	Wellawaya	GND	1366	22	0	1	0	0	1
LK-8221045	Yalabowa	Yalabowa	GND	627	4	0	2	0	0	0
LK-8221050	Nugayaya	Nugayaya	GND	610	19	0	0	0	0	8
LK-8221055	Warunagama	Warunagama	GND	1820	67	0	3	0	1	18
LK-8221060	Anapallama	Anapallama	GND	756	29	0	3	0	0	0
LK-8221065	Pubuduwewa	Pubuduwewa	GND	709	28	0	0	0	0	1
LK-8221070	Neluwagala	Neluwagala	GND	637	33	0	1	0	0	9
LK-8221075	Buduruwagala	Buduruwagala	GND	677	16	0	1	0	0	17
LK-8221080	Andawelayaya	Andawelayaya	GND	753	12	1	0	1	0	3
LK-8221085	Siripuragama	Siripuragama	GND	528	28	0	1	0	0	5
LK-8221090	Veherayaya Colony	Veherayaya Colony	GND	879	47	0	2	0	0	5
LK-8221095	Veherayaya	Veherayaya	GND	682	6	0	0	0	0	7
LK-8221100	Randenigodayaya	Randenigodayaya	GND	422	12	0	0	0	0	2
LK-8221105	Handapanagala	Handapanagala	GND	442	10	0	0	0	0	2
LK-8221110	Mahaaragama	Maha Aragama	GND	574	21	3	17	0	0	1
LK-8221115	Thelulla Colony	Thelulla Colony	GND	981	25	0	0	0	0	2
LK-8221120	Ethiliwewa	Ethiliwewa	GND	797	37	0	0	0	0	4
LK-8221125	Thelulla	Thelulla	GND	429	19	0	0	0	0	6
LK-8221130	Balaharuwa	Balaharuwa	GND	877	37	1	14	1	0	24
LK-8221135	Debaraara	Debara Ara	GND	432	30	0	0	0	0	9
LK-8221140	Kithulkote	Kithulkote	GND	773	40	1	5	0	1	10
LK-8221145	Uva Kudaoya	Uva Kudaoya	GND	802	25	1	1	0	0	8
LK-8224	Buttala	Buttala	DSD	17039	431	10	106	0	65	55
LK-8224005	Uda Arawa	Uda Arawa	GND	366	4	0	0	0	1	1
LK-8224010	Horabokka	Horabokka	GND	534	7	0	0	0	0	0
LK-8224015	Unawatuna	Unawatuna	GND	911	14	2	0	0	0	0
LK-8224020	Yudaganawa	Yudaganawa	GND	716	7	1	1	0	0	1
LK-8224025	Dikyaya	Dikyaya	GND	742	22	1	3	0	0	2
LK-8224030	Udagama	Udagama	GND	714	2	0	0	0	0	1
LK-8224035	Mahagodayaya	Mahagodayaya	GND	701	17	1	0	0	0	6
LK-8224040	Gaminipura	Gaminipura	GND	606	13	0	0	0	0	2
LK-8224045	Okkampitiya	Okkampitiya	GND	471	11	0	1	0	0	9
LK-8224050	Galtemmandiya	Galtemmandiya	GND	420	26	0	1	0	0	0
LK-8224055	Ulugala	Ulugala	GND	568	19	0	1	0	0	11
LK-8224060	Maligavila	Maligavila	GND	694	29	1	2	0	0	1
LK-8224065	Minipuragama	Minipuragama	GND	197	5	0	0	0	0	0
LK-8224070	Buruthagolla	Buruthagolla	GND	501	16	0	1	0	0	0
LK-8224075	Pahalagama	Pahalagama	GND	616	12	0	1	0	0	1
LK-8224080	Konketiya	Konketiya	GND	733	19	0	4	0	0	1
LK-8224085	Medagama	Medagama	GND	593	7	0	0	0	0	5
LK-8224090	Pettagamwela	Pettagamwela	GND	481	16	1	2	0	0	0
LK-8224095	Puhulkotuwa	Puhulkotuwa	GND	754	2	0	0	0	0	1
LK-8224100	Veheragala	Veheragala	GND	410	8	0	1	0	0	1
LK-8224105	Pelwatta	Pelwatta	GND	955	24	0	1	0	0	4
LK-8224110	Mahasenpura	Mahasenpura	GND	648	15	0	0	0	0	1
LK-8224115	Kumaragama	Kumaragama	GND	448	19	1	0	0	0	0
LK-8224120	Kukurampola	Kukurampola	GND	590	25	0	0	0	0	0
LK-8224125	Kumarapura	Kumarapura	GND	481	9	1	0	0	64	0
LK-8224130	Yatiyallathota	Yatiyallathota	GND	433	8	0	0	0	0	1
LK-8224135	Waguruwela	Waguruwela	GND	627	11	0	1	0	0	5
LK-8224140	Gonagan Ara	Gonagan Ara	GND	516	7	0	0	0	0	1
LK-8224145	Rahathangama	Rahathangama	GND	613	57	1	86	0	0	0
LK-8227	Katharagama	Katharagama	DSD	5138	169	2	6	0	0	80
LK-8227005	Sella Katharagama	Sella Katharagama	GND	583	28	0	0	0	0	4
LK-8227010	Katharagama	Katharagama	GND	1066	68	0	2	0	0	37
LK-8227015	Detagamuwa	Datagamuwa	GND	1069	20	1	0	0	0	20
LK-8227020	Kandasurindugama	Kandasurindugama	GND	1232	39	1	1	0	0	4
LK-8227025	Karavile	Karavile	GND	1188	14	0	3	0	0	15
LK-8230	Thanamalwila	Thanamalvila	DSD	9166	275	8	43	0	0	45
LK-8230005	Kandiyapitawewa	Kandiyapitawewa	GND	856	21	0	1	0	0	0
LK-8230010	Kotavehera Mankada	Kotavehera Mankada	GND	1004	26	1	7	0	0	3
LK-8230015	Aluthwewa	Aluthwewa	GND	740	77	1	0	0	0	2
LK-8230020	Hambegamuwa	Hambegamuwa	GND	763	6	0	0	0	0	4
LK-8230025	Hambegamuwa Colony	Hambegamuwa Colony	GND	667	15	0	1	0	0	0
LK-8230030	Kahakurullan Pelessa	Kahakurullan Pelessa	GND	586	15	3	4	0	0	1
LK-8230035	Mahawewa	Mahawewa	GND	383	1	0	12	0	0	0
LK-8230040	Sooriyaara	Sooriyaara	GND	832	14	0	2	0	0	5
LK-8230045	Usgala	Usgala	GND	297	25	0	6	0	0	0
LK-8230050	Nikawewa	Nikawewa	GND	310	11	0	2	0	0	15
LK-8230055	Bodagama	Bodagama	GND	587	21	1	2	0	0	4
LK-8230060	Kivul Ara	Kivul Ara	GND	479	18	1	3	0	0	1
LK-8230065	Sittarama	Sittarama	GND	1056	22	0	0	0	0	8
LK-8230070	Seenukkuwa	Seenukkuwa	GND	606	3	1	3	0	0	2
LK-8233	Sevanagala	Sevanagala	DSD	13490	302	9	24	0	0	91
LK-8233005	Katupilagama	Katupilagama	GND	2167	67	2	6	0	0	10
LK-8233010	Habaraluwewa	Habaraluwewa	GND	776	11	1	2	0	0	4
LK-8233015	Samagipura	Samagipura	GND	618	26	1	0	0	0	6
LK-8233020	Weliara	Weliara	GND	335	16	0	1	0	0	2
LK-8233025	Punchiwewa	Punchiwewa	GND	252	6	0	0	0	0	10
LK-8233030	Kiri Ibbanwewa	Kiri Ibbanwewa	GND	1037	22	0	0	0	0	1
LK-8233035	Sevanagala	Sevanagala	GND	1436	16	0	2	0	0	9
LK-8233040	Muthuminigama	Muthuminigama	GND	1042	5	0	1	0	0	7
LK-8233045	Bahirawa	Bahirawa	GND	508	21	0	1	0	0	3
LK-8233050	Indikolapelessa	Indikolapelessa	GND	500	3	1	2	0	0	2
LK-8233055	Habarugala	Habarugala	GND	1650	49	1	4	0	0	9
LK-8233060	Nugegalayaya	Nugegalayaya	GND	1235	28	3	4	0	0	11
LK-8233065	Mahagama	Mahagama	GND	981	9	0	0	0	0	9
LK-8233070	Habarattawela	Habarattawela	GND	953	23	0	1	0	0	8
LK-9	Sabaragamuwa	Sabaragamuwa	PROVINCE	558898	10307	203	542	8	193	1531
LK-91	Ratnapura	Ratnapura	DISTRICT	319263	6656	135	368	5	165	1053
LK-9103	Eheliyagoda	Eheliyagoda	DSD	20053	317	10	6	0	2	55
LK-9103005	Divurumpitiya	Divurumpitiya	GND	1124	11	0	1	0	0	2
LK-9103010	Hewainna	Hewainna	GND	541	20	0	0	0	0	5
LK-9103015	Kalatuwawa East	Kalatuwawa East	GND	402	4	0	0	0	0	1
LK-9103020	Getahetta	Getahetta	GND	443	8	0	0	0	0	2
LK-9103025	Walavita	Walavita	GND	469	1	0	0	0	0	0
LK-9103030	Meennana	Meennana	GND	1161	16	0	2	0	0	4
LK-9103035	Bopetta Didda	Bopetta Didda	GND	739	11	1	0	0	0	2
LK-9103040	Thoranakada	Thoranakada	GND	703	7	0	1	0	1	0
LK-9103045	Ganegoda	Ganegoda	GND	385	11	0	0	0	0	2
LK-9103050	Iddamalgoda	Iddamalgoda	GND	266	5	1	1	0	0	0
LK-9103055	Huladduwa	Huladduwa	GND	189	3	0	0	0	0	1
LK-9103060	Kalatuwawa West	Kalatuwawa West	GND	356	1	0	0	0	0	0
LK-9103065	Uduwaka	Uduwaka	GND	146	3	0	0	0	0	0
LK-9103070	Napawala	Napawala	GND	229	4	0	0	0	0	0
LK-9103075	Pelpitiya	Pelpitiya	GND	297	4	1	0	0	0	1
LK-9103080	Udumatta	Udumatta	GND	453	1	0	0	0	0	0
LK-9103085	Vilegoda	Vilegoda	GND	463	5	0	0	0	0	0
LK-9103090	Vilegoda East	Vilegoda East	GND	337	4	0	0	0	0	0
LK-9103095	Eheliyagoda Watta	Eheliyagoda Watta	GND	293	7	0	0	0	0	6
LK-9103100	Asgangula North	Asgangula North	GND	437	3	0	0	0	0	0
LK-9103105	Kendangamuwa Ihalagama	Kendangamuwa Ihalagama	GND	587	3	0	0	0	0	2
LK-9103110	Moragala	Moragala	GND	472	0	0	0	0	0	3
LK-9103115	Bulugahapitiya	Bulugahapitiya	GND	862	4	2	0	0	0	2
LK-9103120	Yakudagoda	Yakudagoda	GND	679	13	1	0	0	1	0
LK-9103125	Kendangamuwa	Kendangamuwa	GND	302	7	0	0	0	0	1
LK-9103130	Asgangula South	Asgangula South	GND	262	1	0	0	0	0	0
LK-9103135	Mahara	Mahara	GND	213	2	0	0	0	0	1
LK-9103140	Mahingoda	Mahingoda	GND	785	14	0	0	0	0	0
LK-9103145	Nakandala	Nakandala	GND	319	4	0	0	0	0	1
LK-9103150	Viyalagoda	Viyalagoda	GND	354	4	1	0	0	0	0
LK-9103155	Kendangamuwa Pahalagama	Kendangamuwa Pahalagama	GND	525	5	0	0	0	0	0
LK-9103160	Paleegala	Paleegala	GND	386	7	0	0	0	0	1
LK-9103165	Miyanakolathenna	Miyanakolathenna	GND	153	8	0	0	0	0	1
LK-9103170	Mitipola	Mitipola	GND	437	17	0	0	0	0	0
LK-9103175	Mapota	Mapota	GND	237	5	0	0	0	0	0
LK-9103180	Karandana North	Karandana North	GND	583	28	0	0	0	0	0
LK-9103185	Kiriporuwa	Kiriporuwa	GND	338	8	0	0	0	0	1
LK-9103190	Nedurana	Nedurana	GND	524	10	2	0	0	0	8
LK-9103195	Erepola	Erepola	GND	323	2	0	1	0	0	1
LK-9103200	Sirisamanpura	Sirisamanpura	GND	352	5	1	0	0	0	6
LK-9103205	Nugadanda	Nugadanda	GND	415	16	0	0	0	0	0
LK-9103210	Karandana West	Karandana West	GND	379	10	0	0	0	0	0
LK-9103215	Karandana South	Karandana South	GND	523	6	0	0	0	0	0
LK-9103220	Hindurangala	Hindurangala	GND	610	9	0	0	0	0	1
LK-9106	Kuruvita	Kuruvita	DSD	26546	412	6	12	0	0	65
LK-9106005	Amuhenkanda	Amuhenkanda	GND	658	16	0	0	0	0	0
LK-9106010	Pathberiya West	Pathberiya West	GND	680	11	0	0	0	0	0
LK-9106015	Pathberiya	Pathberiya	GND	828	33	0	0	0	0	0
LK-9106020	Meneripitiya	Meneripitiya	GND	852	15	0	0	0	0	1
LK-9106025	Parakaduwa	Parakaduwa	GND	597	2	0	0	0	0	0
LK-9106030	Bodhimaluwa	Bodhimaluwa	GND	791	7	3	0	0	0	5
LK-9106035	Thalavitiya	Thalavitiya	GND	957	3	0	0	0	0	2
LK-9106040	Pohorabawa	Pohorabawa	GND	725	15	0	0	0	0	1
LK-9106045	Pussella	Pussella	GND	997	11	0	3	0	0	0
LK-9106050	Devipahala	Devipahala	GND	760	32	0	1	0	0	1
LK-9106055	Endiriyanwala	Endiriyanwala	GND	459	9	0	0	0	0	0
LK-9106060	Erathna	Erathna	GND	422	3	0	0	0	0	0
LK-9106065	Adavikanda	Adavikanda	GND	254	9	0	0	0	0	2
LK-9106070	Lassakanda	Lassakanda	GND	492	13	0	1	0	0	4
LK-9106075	Sudagala	Sudagala	GND	616	12	0	1	0	0	7
LK-9106080	nan	Ekneligoda North	GND	448	11	0	0	0	0	2
LK-9106085	Kiragala	Kiragala	GND	611	6	0	0	0	0	0
LK-9106090	Kandangoda	Kandangoda	GND	498	6	0	0	0	0	1
LK-9106095	Millavitiya	Millavitiya	GND	1017	14	0	1	0	0	0
LK-9106100	Miyanadeniya	Miyanadeniya	GND	517	15	0	0	0	0	2
LK-9106105	Ovitigama	Ovitigama	GND	309	10	0	0	0	0	1
LK-9106110	Theppanawa	Theppanawa	GND	582	9	0	0	0	0	6
LK-9106115	Theppanawa Ihalagama	Theppanawa Ihalagama	GND	735	11	0	0	0	0	3
LK-9106120	Pahala Kuruvita	Pahala Kuruvita	GND	742	14	0	0	0	0	8
LK-9106125	Kandangoda South	Kandangoda South	GND	699	3	2	0	0	0	1
LK-9106130	Wathuyaya	Wathuyaya	GND	503	0	0	1	0	0	1
LK-9106135	Udakada	Udakada	GND	239	0	0	0	0	0	0
LK-9106140	Ekneligoda	Ekneligoda	GND	526	7	0	1	0	0	2
LK-9106145	Delgamuwa	Delgamuwa	GND	754	11	0	0	0	0	1
LK-9106150	Kuruvita	Kuruvita	GND	1243	12	1	0	0	0	3
LK-9106155	Walandura	Walandura	GND	648	20	0	2	0	0	7
LK-9106160	Nadukaradeniya	Nadukaradeniya	GND	622	3	0	0	0	0	1
LK-9106165	Kahengama	Kahengama	GND	1080	15	0	1	0	0	2
LK-9106170	Pathagama	Pathagama	GND	875	14	0	0	0	0	1
LK-9106175	Theppanawa Pahalagama	Theppanawa Pahalagama	GND	357	7	0	0	0	0	0
LK-9106180	Kithulpe	Kithulpe	GND	985	5	0	0	0	0	0
LK-9106185	Kahengama West	Kahengama West	GND	992	16	0	0	0	0	0
LK-9106190	Kosgoda	Kosgoda	GND	761	4	0	0	0	0	0
LK-9106195	Galukagama	Galukagama	GND	715	8	0	0	0	0	0
LK-9109	Kiriella	Kiriella	DSD	9461	152	2	16	0	0	27
LK-9109005	Ellawala	Ellawala	GND	563	11	0	3	0	0	1
LK-9109010	Deheragoda	Deheragoda	GND	945	6	1	1	0	0	2
LK-9109015	Kanuggalla	Kanuggalla	GND	228	2	0	0	0	0	0
LK-9109020	Ellawala Pahalagama	Ellawala Pahalagama	GND	653	11	0	1	0	0	1
LK-9109025	Mudunkotuwa	Mudunkotuwa	GND	530	8	0	0	0	0	2
LK-9109030	Akurana	Akurana	GND	408	8	0	0	0	0	0
LK-9109035	Kiriella	Kiriella	GND	317	5	0	1	0	0	0
LK-9109040	Handukanda	Handukanda	GND	302	6	0	1	0	0	0
LK-9109045	Epitawala	Epitawala	GND	460	2	0	0	0	0	0
LK-9109050	Munasinhapura	Munasinhapura	GND	228	8	0	3	0	0	2
LK-9109055	Yatipawwa	Yatipawwa	GND	718	6	0	1	0	0	0
LK-9109060	Ellagawa	Ellagawa	GND	330	17	0	0	0	0	1
LK-9109065	Idangoda	Idangoda	GND	747	4	1	3	0	0	11
LK-9109070	Matuwagala	Matuwagala	GND	975	29	0	1	0	0	0
LK-9109075	Dodampe West	Dodampe West	GND	987	6	0	0	0	0	4
LK-9109080	Dodampe	Dodampe	GND	805	21	0	1	0	0	1
LK-9109085	Holeepitiya	Holeepitiya	GND	265	2	0	0	0	0	2
LK-9112	Ratnapura	Ratnapura	DSD	32707	590	23	22	2	10	69
LK-9112005	Gileemale North	Gileemale North	GND	463	19	0	0	0	0	0
LK-9112010	Ketawala	Ketawala	GND	362	14	0	0	0	0	0
LK-9112015	Guruluwana	Guruluwana	GND	379	9	0	0	1	0	0
LK-9112020	Siripagama	Siripagama	GND	246	7	0	1	0	0	0
LK-9112025	Sri Palabaddala	Sri Palabaddala	GND	317	9	0	0	0	0	1
LK-9112030	Mapalana	Mapalana	GND	337	13	0	1	0	0	0
LK-9112035	Kudawa	Kudawa	GND	802	17	0	1	0	0	0
LK-9112040	Dehenakanda	Dehenakanda	GND	526	23	0	0	0	0	1
LK-9112045	Bambarabotuwa	Bambarabotuwa	GND	680	20	0	0	0	0	0
LK-9112050	Alupola	Alupola	GND	414	8	1	0	0	0	0
LK-9112055	Balakotunna	Balakotunna	GND	468	14	0	0	0	0	0
LK-9112060	Hapugasthenna	Hapugasthenna	GND	1283	76	2	1	0	3	1
LK-9112065	Rathgama	Rathgama	GND	464	3	0	1	0	0	1
LK-9112070	Gileemale South	Gileemale South	GND	665	9	0	0	0	0	12
LK-9112075	Pagoda	Pagoda	GND	527	9	0	1	0	2	2
LK-9112080	Embuldeniya	Embuldeniya	GND	299	4	0	0	0	0	5
LK-9112085	Malangama	Malangama	GND	1011	11	0	0	0	0	2
LK-9112090	Amuthagoda	Amuthagoda	GND	607	7	6	0	0	1	0
LK-9112095	Kahangama	Kahangama	GND	767	14	0	0	0	0	2
LK-9112100	Ketaliyampalla	Ketaliyampalla	GND	831	3	0	2	0	0	4
LK-9112105	New Town	New Town	GND	1817	28	1	0	0	0	2
LK-9112110	Ellegedara	Ellegedara	GND	279	0	0	2	0	0	2
LK-9112115	Malwala	Malwala	GND	765	14	0	0	0	0	1
LK-9112120	Durekkanda	Durekkanda	GND	870	17	0	0	0	0	0
LK-9112125	Galabada	Galabada	GND	455	17	3	0	0	0	1
LK-9112130	Gallella	Gallella	GND	700	2	0	3	0	0	3
LK-9112135	Amunuthenna	Amunuthenna	GND	227	5	2	0	0	0	1
LK-9112140	Kempanawatta	Kempanawatta	GND	267	5	0	0	0	0	0
LK-9112145	Gurubevilagama	Gurubevilagama	GND	523	39	0	1	0	0	3
LK-9112150	Batewela	Batewela	GND	242	4	0	0	0	0	0
LK-9112155	Hettikanda	Hettikanda	GND	310	8	0	2	0	0	0
LK-9112160	Banagoda	Banagoda	GND	310	13	0	0	0	0	0
LK-9112165	Heenberenduwa	Heenberenduwa	GND	223	8	0	1	0	0	0
LK-9112170	Egoda Malwala	Egoda Malwala	GND	304	1	0	0	0	0	0
LK-9112175	Meehitiya	Meehitiya	GND	558	16	0	0	0	0	0
LK-9112180	Kospelavinna	Kospelavinna	GND	1203	12	0	1	1	0	0
LK-9112185	Weralupe	Weralupa	GND	1195	9	1	0	0	0	4
LK-9112190	Dewalegawa	Dewalegawa	GND	778	6	1	0	0	0	0
LK-9112195	Muwagama	Muwagama	GND	867	7	0	0	0	1	0
LK-9112200	Ratnapura Town West	Ratnapura Town West	GND	210	2	0	0	0	0	0
LK-9112205	Ratnapura Town North	Ratnapura Town North	GND	850	6	0	0	0	1	1
LK-9112210	Mihindugama	Mihindugama	GND	1598	18	0	2	0	0	1
LK-9112215	Mahawala	Mahawala	GND	354	0	0	0	0	0	0
LK-9112220	Godigamuwa	Godigamuwa	GND	741	2	0	0	0	0	0
LK-9112225	Ratnapura Town	Ratnapura Town	GND	386	0	0	0	0	0	0
LK-9112230	Mudduwa East	Mudduva East	GND	884	1	1	0	0	1	7
LK-9112235	Samagipura	Samagipura	GND	750	17	0	0	0	0	1
LK-9112240	Ethoya	Ethoya	GND	513	4	0	0	0	0	0
LK-9112245	Mudduwa	Mudduwa	GND	661	2	0	0	0	0	0
LK-9112250	Batugedara	Batugedara	GND	574	10	1	0	0	0	5
LK-9112255	Angammana	Angammana	GND	578	2	0	1	0	1	5
LK-9112260	Thiriwanketiya	Thiriwanketiya	GND	644	5	2	0	0	0	1
LK-9112265	Kolandagala	Kolandagala	GND	623	21	2	1	0	0	0
LK-9115	Imbulpe	Imbulpe	DSD	18286	350	4	28	0	0	22
LK-9115005	Rawanakanda	Rawanakanda	GND	241	11	0	0	0	0	1
LK-9115010	Gallenakanda	Gallenakanda	GND	232	13	1	0	0	0	0
LK-9115015	Kattadikanda	Kattadikanda	GND	158	0	0	0	0	0	0
LK-9115020	Waleboda North	Waleboda North	GND	166	3	0	0	0	0	1
LK-9115025	Bellankanda	Bellankanda	GND	272	6	0	0	0	0	0
LK-9115030	Bolthumbe	Bolthumbe	GND	334	4	0	0	0	0	0
LK-9115035	Pinnawala	Pinnawala	GND	461	3	0	0	0	0	0
LK-9115040	Udagama	Udagama	GND	365	17	0	0	0	0	0
LK-9115045	Maddegama	Maddegama	GND	926	27	0	2	0	0	0
LK-9115050	Pidaligannawela	Pidaligannawela	GND	468	13	0	0	0	0	0
LK-9115055	Ihalagalagama	Ihalagalagama	GND	213	0	0	0	0	0	0
LK-9115060	Viharawela	Viharawela	GND	157	2	1	0	0	0	0
LK-9115065	Kumburutheniwela	Kumburutheniwela	GND	342	5	0	0	0	0	1
LK-9115070	Belihuloya	Belihuloya	GND	200	1	0	0	0	0	1
LK-9115075	Yakdehiwela	Yakdehiwela	GND	203	4	0	0	0	0	0
LK-9115080	Muttettuwegama	Muttettuwegama	GND	809	7	0	1	0	0	2
LK-9115085	Puwakgahawela	Puwakgahawela	GND	331	4	1	5	0	0	4
LK-9115090	Budunwela	Budunwela	GND	100	4	0	1	0	0	0
LK-9115095	Halpe	Halpe	GND	183	1	0	1	0	0	0
LK-9115100	Nittamaluwa	Nittamaluwa	GND	188	2	0	0	0	0	0
LK-9115105	Kumbalgama	Kumbalgama	GND	129	1	0	0	0	0	0
LK-9115110	Kinchigune	Kinchigune	GND	164	1	0	0	0	0	0
LK-9115115	Karagasthalawa	Karagasthalawa	GND	253	2	0	1	0	0	0
LK-9115120	Seelogama	Seelogama	GND	288	2	0	0	0	0	0
LK-9115125	Imbulpe	Imbulpe	GND	326	12	0	8	0	0	1
LK-9115130	Passaramulla	Passaramulla	GND	363	8	0	2	0	0	0
LK-9115135	Alakolaella	Alakolaella	GND	293	12	0	0	0	0	1
LK-9115140	Atawakwela	Atawakwela	GND	481	12	0	2	0	0	2
LK-9115145	Kanathiriyanwala	Kanathiriyanwala	GND	584	16	0	1	0	0	1
LK-9115150	Pallewela	Pallewela	GND	303	5	0	0	0	0	0
LK-9115155	Gurubevila	Gurubevila	GND	357	6	0	0	0	0	0
LK-9115160	Pandeniya	Pandeniya	GND	376	2	0	0	0	0	0
LK-9115165	Pagalovita	Pagalovita	GND	287	12	0	0	0	0	0
LK-9115170	Maddethalawa	Maddethalawa	GND	359	1	0	0	0	0	0
LK-9115175	Amuwathugoda	Amuwathugoda	GND	291	3	0	0	0	0	0
LK-9115180	Medagedaragoda	Medagedaragoda	GND	344	5	0	0	0	0	0
LK-9115185	Aluthnuwara	Aluthnuwara	GND	590	10	0	0	0	0	0
LK-9115190	Thotapalla	Thotapalla	GND	304	2	0	0	0	0	0
LK-9115195	Ulupitiya	Ulupitiya	GND	282	12	0	0	0	0	0
LK-9115200	Mamalgaha	Mamalgaha	GND	325	4	0	0	0	0	0
LK-9115205	Welanhinna	Welanhinna	GND	376	4	0	0	0	0	0
LK-9115210	Amupitiya	Amupitiya	GND	337	14	0	0	0	0	0
LK-9115215	Naluwela	Naluwela	GND	415	3	0	0	0	0	1
LK-9115220	Wegapitiya	Wegapitiya	GND	1187	15	1	2	0	0	3
LK-9115225	Morahela	Morahela	GND	358	7	0	0	0	0	0
LK-9115230	Oluganthota	Oluganthota	GND	945	17	0	0	0	0	0
LK-9115235	Rathmalavinna	Rathmalavinna	GND	486	7	0	2	0	0	0
LK-9115240	Karadiyamulla	Karadiyamulla	GND	667	19	0	0	0	0	1
LK-9115245	Hatharabage	Hatharabage	GND	326	5	0	0	0	0	2
LK-9115250	Thunkinda	Thunkinda	GND	141	4	0	0	0	0	0
LK-9118	Balangoda	Balangoda	DSD	20845	346	7	37	0	5	36
LK-9118005	nan	Egoda Waleboda	GND	541	13	0	0	0	0	0
LK-9118010	Welekumbura	Welekumbura	GND	445	14	0	0	0	0	0
LK-9118015	Wijanathkumbura	Wijanathkumbura	GND	277	6	0	0	0	0	0
LK-9118020	Bulathgama	Bulathgama	GND	353	3	0	0	0	2	1
LK-9118025	Thumbagoda	Thumbagoda	GND	1627	23	1	2	0	0	5
LK-9118030	Kirindigala	Kirindigala	GND	1331	9	0	0	0	0	3
LK-9118035	Yahalewela	Yahalewela	GND	363	6	0	0	0	0	0
LK-9118040	Batugammana	Batugammana	GND	336	2	1	1	0	0	0
LK-9118045	Aldora	Aldora	GND	438	11	0	1	0	0	4
LK-9118050	Watawala	Watawala	GND	115	4	0	0	0	0	0
LK-9118055	Mulgama	Mulgama	GND	170	0	0	1	0	0	0
LK-9118060	Damahana	Rajawaka	GND	207	4	0	3	0	0	0
LK-9118065	Godakumbura	Bowatta	GND	403	7	0	3	0	0	1
LK-9118070	Imbulamura	Vikiliya	GND	478	0	2	1	0	0	2
LK-9118075	Mahawalathenna	Thotupalathenna	GND	536	3	0	0	0	0	0
LK-9118080	Theladiriya	Kirimetithenna	GND	1348	15	1	3	0	1	1
LK-9118085	Mawela	Dehigasthalawa	GND	1230	5	0	0	0	0	0
LK-9118090	Welage	Balangoda Town	GND	553	1	0	0	0	0	1
LK-9118095	Gawaranhena	Balangoda	GND	1228	14	1	6	0	0	4
LK-9118100	Horaketiya	Jahinkanda	GND	466	6	0	0	0	0	1
LK-9118105	Rajawaka	Meddekanda	GND	387	5	0	1	0	1	0
LK-9118110	Bowatta	Ellewatta	GND	475	45	0	0	0	0	0
LK-9118115	Vikiliya	Polwathugoda	GND	466	22	0	0	0	0	1
LK-9118120	Thotupalathenna	Durakanda	GND	361	5	0	1	0	0	1
LK-9118125	Kirimetithenna	Rassagala	GND	636	12	0	0	0	1	1
LK-9118130	Dehigasthalawa	Ampitiyawatta	GND	415	7	0	2	0	0	1
LK-9118135	Balangoda Town	Massenna	GND	266	5	0	0	0	0	1
LK-9118140	Balangoda	Pettigala	GND	561	33	0	1	0	0	0
LK-9118145	Jahinkanda	Pallekanda	GND	286	2	0	0	0	0	0
LK-9118150	Meddekanda	Ellepola	GND	381	1	1	0	0	0	1
LK-9118155	Ellewatta	Thalangama	GND	618	3	0	0	0	0	1
LK-9118160	Polwathugoda	Kumara Gama	GND	637	13	0	0	0	0	0
LK-9118165	Durakanda	Damahana	GND	489	4	0	1	0	0	0
LK-9118170	Rassagala	Godakumbura	GND	171	4	0	3	0	0	0
LK-9118175	Ampitiyawatta	Imbulamura	GND	249	5	0	1	0	0	0
LK-9118180	Massenna	Mahawalathenna	GND	312	6	0	0	0	0	0
LK-9118185	Pettigala	Theladiriya	GND	231	1	0	2	0	0	6
LK-9118190	Pallekanda	Mawela	GND	485	13	0	2	0	0	0
LK-9118195	Ellepola	Welage	GND	319	7	0	0	0	0	0
LK-9118200	Thalangama	"Gawaranhena
"	GND	332	5	0	0	0	0	0
LK-9118205	Kumara Gama	Horaketiya	GND	323	2	0	2	0	0	0
LK-9119	Kalthota	Kaltota	DSD	3908	99	4	8	0	0	7
LK-9119005	Diyavinna	Thanjanthenna	GND	512	12	1	1	0	0	0
LK-9119010	Kalthota	Kalthota	GND	332	3	0	0	0	0	0
LK-9119015	Uggalkalthota Left Bank South	Uggalkalthota Left Bank South	GND	243	4	0	0	0	0	0
LK-9119020	Medabedda	Medabedda	GND	234	4	0	1	0	0	0
LK-9119025	Neluyaya	Neluyaya	GND	315	7	1	0	0	0	0
LK-9119030	Uggalkalthota Left Bank Left	Uggalkalthota Left Bank Left	GND	181	1	0	0	0	0	2
LK-9119035	Welipathayaya	Welipathayaya	GND	508	16	0	0	0	0	1
LK-9119040	Kuragala	Kuragala	GND	250	10	1	0	0	0	0
LK-9119045	Molamura	Molamura	GND	238	7	0	2	0	0	2
LK-9119050	Kongahamankada	Kongahamankada	GND	454	23	0	0	0	0	1
LK-9119055	Kalupedigama	Kalupedigama	GND	323	9	1	0	0	0	1
LK-9119060	Thanjanthenna	Diyavinna	GND	318	3	0	4	0	0	0
LK-9121	Opanayake	Opanayake	DSD	7949	156	1	9	0	0	24
LK-9121005	Polwattahena	Polwattahena	GND	287	4	0	1	0	0	2
LK-9121010	Metihakwala	Metihakwala	GND	323	12	0	0	0	0	0
LK-9121015	Malmeekanda	Malmeekanda	GND	370	4	0	0	0	0	0
LK-9121020	Meegahawela	Meegahawela	GND	532	6	0	1	0	0	4
LK-9121025	Kendaketiya	Kendaketiya	GND	177	0	0	0	0	0	0
LK-9121030	Pelendakanda	Pelendakanda	GND	432	7	0	0	0	0	0
LK-9121035	Madola	Madola	GND	286	9	0	0	0	0	0
LK-9121040	Udawela	Udawela	GND	289	2	0	0	0	0	1
LK-9121045	Opanayaka	Opanayaka	GND	797	7	0	0	0	0	5
LK-9121050	Hunuwala North	Hunuwala North	GND	661	2	1	2	0	0	3
LK-9121055	Hallinna	Hallinna	GND	494	16	0	0	0	0	0
LK-9121060	Hunuwala South	Hunuwala South	GND	389	4	0	0	0	0	0
LK-9121065	Dandeniya	Dandeniya	GND	370	5	0	1	0	0	2
LK-9121070	Wallaketiya	Wallaketiya	GND	361	4	0	2	0	0	3
LK-9121075	Akarella	Akarella	GND	583	18	0	0	0	0	1
LK-9121080	Hattella	Hattella	GND	383	4	0	1	0	0	1
LK-9121085	Hattella Egoda	Hattella Egoda	GND	287	6	0	0	0	0	2
LK-9121090	Batadura	Batadura	GND	380	5	0	0	0	0	0
LK-9121095	Liyanagoda	Liyanagoda	GND	372	29	0	1	0	0	0
LK-9121100	Galkanda	Galkanda	GND	176	12	0	0	0	0	0
LK-9124	Pelmadulla	Pelmadulla	DSD	25541	478	8	26	0	128	119
LK-9124005	Gonakumbura	Gonakumbura	GND	315	12	0	0	0	0	1
LK-9124010	Bopetta	Bopetta	GND	561	3	0	1	0	0	0
LK-9124015	Berenduwa	Berenduwa	GND	1156	46	1	3	0	0	17
LK-9124020	Narangoda	Narangoda	GND	393	2	0	0	0	0	1
LK-9124025	Kuttapitiya	Kuttapitiya	GND	836	11	0	1	0	0	3
LK-9124030	Ganegama	Ganegama	GND	495	2	0	2	0	0	0
LK-9124035	Godagama	Godagama	GND	633	8	0	0	0	0	1
LK-9124040	Dombagasvinna	Dombagasvinna	GND	543	15	0	0	0	0	0
LK-9124045	Sannasgama	Sannasgama	GND	640	6	0	2	0	0	0
LK-9124050	Dippitigala	Dippitigala	GND	466	6	0	0	0	0	0
LK-9124055	Lellopitiya	Lellopitiya	GND	534	3	0	0	0	0	0
LK-9124060	Welimaluwa	Welimaluwa	GND	1087	15	1	0	0	0	1
LK-9124065	Gallinna	Gallinna	GND	669	3	0	0	0	0	2
LK-9124070	Maudella	Maudella	GND	579	6	0	1	0	0	1
LK-9124075	Marapana	Marapana	GND	875	9	0	1	0	0	5
LK-9124080	Pahala Hakamuwa	Pahala Hakamuwa	GND	717	18	0	0	0	0	0
LK-9124085	Ihala Hakamuwa	Ihala Hakamuwa	GND	298	11	0	0	0	0	0
LK-9124090	Pottakanda	Pottakanda	GND	769	46	0	5	0	0	3
LK-9124095	Niralgama	Niralgama	GND	634	11	0	1	0	0	3
LK-9124100	Alupotha	Alupotha	GND	362	6	0	0	0	0	1
LK-9124105	Dewalegama	Dewalegama	GND	834	8	0	0	0	0	0
LK-9124110	Denawaka Pathakada	Denawaka Pathakada	GND	1106	9	0	0	0	0	2
LK-9124115	Rilhena	Rilhena	GND	806	4	1	0	0	0	4
LK-9124120	Pahala Bopitiya	Pahala Bopitiya	GND	473	6	2	2	0	0	0
LK-9124125	Pelmadulla Town	pelmadulla Town	GND	737	5	0	0	0	0	2
LK-9124130	Udathula	Udathula	GND	549	8	1	1	0	0	9
LK-9124135	Warigama	Warigama	GND	384	2	0	0	0	0	0
LK-9124140	Denawaka Udakada	Denawaka Udakada	GND	392	0	0	0	0	0	1
LK-9124145	Pelmadullagama	Pelmadullagama	GND	798	2	0	0	0	0	4
LK-9124150	Ihala Bopitiya	Ihala Bopitiya	GND	618	31	0	2	0	0	4
LK-9124155	Halpawala	Halpawala	GND	592	10	0	1	0	0	3
LK-9124160	Kapuhenthota	Kapuhenthota	GND	859	10	1	1	0	0	0
LK-9124165	Panawenna	Panawenna	GND	1646	33	0	2	0	0	7
LK-9124170	Borala	Borala	GND	914	39	0	0	0	0	36
LK-9124175	Morathota	Morathota	GND	725	10	0	0	0	0	1
LK-9124180	Kattange	Kattange	GND	820	29	0	0	0	0	1
LK-9124185	Poronuwa	Poronuwa	GND	726	33	1	0	0	128	6
LK-9127	Elapatha	Elapatha	DSD	10543	303	4	15	0	1	38
LK-9127005	Kahawatta	Kahawatta	GND	363	22	0	0	0	0	1
LK-9127010	Dambuluwana	Dambuluwana	GND	554	26	0	0	0	1	0
LK-9127015	Raddella	Raddella	GND	450	15	0	0	0	0	1
LK-9127020	Haldola	Haldola	GND	614	34	0	0	0	0	3
LK-9127025	Karangoda	Karangoda	GND	659	11	0	3	0	0	3
LK-9127030	Samangama	Samangama	GND	547	19	0	2	0	0	2
LK-9127035	Kehelovitigama	Kehelovitigama	GND	480	12	0	0	0	0	3
LK-9127040	Weragama	Weragama	GND	453	9	0	1	0	0	1
LK-9127045	Dellabada	Dellabada	GND	348	12	0	0	0	0	1
LK-9127050	Elapatha	Elapatha	GND	785	17	0	0	0	0	2
LK-9127055	Pallegedara	Pallegedara	GND	537	24	1	3	0	0	8
LK-9127060	Kotamulla	Kotamulla	GND	449	4	0	1	0	0	2
LK-9127065	Amuwala	Amuwala	GND	457	10	1	0	0	0	0
LK-9127070	Gangulvitiya	Gangulvitiya	GND	709	13	0	0	0	0	0
LK-9127075	Niriella	Niriella	GND	706	21	0	2	0	0	5
LK-9127080	Palawela	Palawela	GND	491	11	0	1	0	0	1
LK-9127085	Batakada	Batakada	GND	341	6	0	2	0	0	2
LK-9127090	Digana	Digana	GND	377	7	1	0	0	0	0
LK-9127095	Magurugoda	Magurugoda	GND	565	16	0	0	0	0	0
LK-9127100	Hangamuwa	Hangamuwa	GND	658	14	1	0	0	0	3
LK-9130	Ayagama	Ayagama	DSD	8477	364	7	26	0	1	22
LK-9130005	Dumbara	Dumbara	GND	545	26	1	0	0	0	0
LK-9130010	Ketepola	Ketepola	GND	432	20	2	1	0	0	4
LK-9130015	Dethabadakanda	Dethabadakanda	GND	258	19	0	0	0	0	0
LK-9130020	Madabaddara	Madabaddara	GND	445	22	1	0	0	0	0
LK-9130025	Pahala Galathura	Pahala Galathura	GND	395	12	0	0	0	0	0
LK-9130030	Galathura	Galathura	GND	669	38	1	2	0	0	4
LK-9130035	Sinhalagoda	Sinhalagoda	GND	560	25	0	3	0	0	2
LK-9130040	Gangodakanda	Gangodakanda	GND	297	10	0	1	0	0	0
LK-9130045	Dumbara Manana	Dumbara Manana	GND	349	12	0	1	0	0	0
LK-9130050	Gawaragiriya	Gawaragiriya	GND	316	21	0	0	0	0	1
LK-9130055	Pitakanda	Pitakanda	GND	510	21	0	2	0	0	0
LK-9130060	Pallekada	Pallekada	GND	394	8	0	0	0	0	0
LK-9130065	Ellahena	Ellahena	GND	230	2	0	0	0	0	1
LK-9130070	Vithanagama	Vithanagama	GND	309	24	0	0	0	0	0
LK-9130075	Ayagama	Ayagama	GND	587	10	0	1	0	0	1
LK-9130080	Udugala North	Udugala North	GND	318	13	0	0	0	0	3
LK-9130085	Kolambewa	Kolambewa	GND	207	15	0	4	0	0	1
LK-9130090	Udugala	Udugala	GND	610	26	1	8	0	0	1
LK-9130095	Paragala	Paragala	GND	335	13	0	2	0	0	3
LK-9130100	Pimbura	Pimbura	GND	364	22	1	1	0	1	1
LK-9130105	Nikagoda	Nikagoda	GND	347	5	0	0	0	0	0
LK-9133	Kalawana	Kalawana	DSD	14807	293	6	36	0	1	37
LK-9133005	Kodippilikanda	Kodippilikanda	GND	620	18	0	2	0	0	0
LK-9133010	Jathuwangoda	Jathuwangoda	GND	434	3	0	0	0	0	0
LK-9133015	Meepagama	Meepagama	GND	362	9	0	0	0	0	5
LK-9133020	Kukulegama North	Kukulegama North	GND	581	12	0	0	0	0	5
LK-9133025	Samanpura	Samanpura	GND	575	14	0	1	0	0	0
LK-9133030	Kalawana West	Kalawana West	GND	611	6	1	0	0	0	0
LK-9133035	Thapassarakanda	Thapassarakanda	GND	795	7	1	0	0	1	1
LK-9133040	Koswatta	Koswatta	GND	523	8	0	2	0	0	0
LK-9133045	Kukulegama South	Kukulegama South	GND	363	3	0	1	0	0	0
LK-9133050	Pitigalakanda	Pitigalakanda	GND	263	7	0	3	0	0	2
LK-9133055	Wewagama	Wewagama	GND	233	7	0	0	0	0	0
LK-9133060	Davugalagama	Davugalagama	GND	463	34	0	0	0	0	0
LK-9133065	Wembiyagoda	Wembiyagoda	GND	390	3	0	3	0	0	1
LK-9133070	Kalawana East	Kalawana East	GND	488	3	0	0	0	0	2
LK-9133075	Wewelkandura	Wewelkandura	GND	802	8	1	1	0	0	0
LK-9133080	Hangarangala	Hangarangala	GND	565	9	1	2	0	0	1
LK-9133085	Wathurawa	Wathurawa	GND	426	6	0	0	0	0	1
LK-9133090	Delgoda East	Delgoda East	GND	452	14	0	3	0	0	4
LK-9133095	Delgoda West	Delgoda West	GND	384	7	1	0	0	0	0
LK-9133100	Weddagala West	Weddagala West	GND	255	5	0	0	0	0	0
LK-9133105	Weddagala East	Weddagala East	GND	312	2	0	0	0	0	5
LK-9133110	Kudumeeriya	Kudumeeriya	GND	355	7	0	0	0	0	1
LK-9133115	Thanabela	Thanabela	GND	434	11	0	2	0	0	2
LK-9133120	Rambuka	Rambuka	GND	637	10	0	0	0	0	1
LK-9133125	Dolekanda	Dolekanda	GND	341	25	0	1	0	0	0
LK-9133130	Kathlana	Kathlana	GND	688	5	0	3	0	0	0
LK-9133135	Gangalagamuwa	Gangalagamuwa	GND	424	7	0	3	0	0	2
LK-9133140	Panapola	Panapola	GND	333	9	1	2	0	0	1
LK-9133145	Kudawa	Kudawa	GND	266	3	0	1	0	0	2
LK-9133150	Hapugoda	Hapugoda	GND	401	7	0	0	0	0	1
LK-9133155	Pothupitiya North	Pothupitiya North	GND	457	5	0	0	0	0	0
LK-9133160	Pothupitiya South	Pothupitiya South	GND	242	5	0	1	0	0	0
LK-9133165	Ilumbakanda	Ilumbakanda	GND	332	14	0	5	0	0	0
LK-9136	Nivithigala	Nivithigala	DSD	16268	422	5	8	0	2	77
LK-9136005	Pathakada	Pathakada	GND	624	14	0	1	0	0	1
LK-9136010	Noragalla	Noragalla	GND	901	21	0	0	0	0	4
LK-9136015	Dombagammana	Dombagammana	GND	800	40	0	0	0	0	2
LK-9136020	Erabadda	Erabadda	GND	511	38	1	0	0	1	2
LK-9136025	Kiribathgala	Kiribathgala	GND	422	11	0	0	0	0	3
LK-9136030	Wanniyawatta	Wanniyawatta	GND	512	12	0	0	0	0	0
LK-9136035	Watapotha	Watapotha	GND	416	1	0	0	0	0	1
LK-9136040	Thuttiripitiya	Thuttiripitiya	GND	479	14	0	0	0	0	3
LK-9136045	Nivithigala	Nivithigala	GND	859	14	1	0	0	0	4
LK-9136050	Yakdehiwatta	Yakdehiwatta	GND	877	31	0	0	0	0	4
LK-9136055	Wathupitiya	Wathupitiya	GND	621	17	0	0	0	0	1
LK-9136060	Horangala	Horangala	GND	572	16	0	1	0	0	3
LK-9136065	Pahala Karavita	Pahala Karavita	GND	1063	28	0	0	0	0	16
LK-9136070	Uda Karavita	Uda Karavita	GND	815	5	0	1	0	0	4
LK-9136075	Pinkanda	Pinkanda	GND	626	20	0	0	0	0	2
LK-9136080	Halkandaliya	Halkandaliya	GND	594	5	2	0	0	0	3
LK-9136085	Sidurupitiya	Sidurupitiya	GND	529	17	0	0	0	0	5
LK-9136090	Doloswala	Doloswala	GND	480	16	0	0	0	0	3
LK-9136095	Kolombugama	Kolombugama	GND	1207	31	1	0	0	0	5
LK-9136100	Doloswalakanda	Doloswalakanda	GND	829	14	0	0	0	0	4
LK-9136105	Pebotuwa	Pebotuwa	GND	449	7	0	0	0	0	0
LK-9136110	Horanekarakanda	Horanekarakanda	GND	656	13	0	1	0	1	2
LK-9136115	Delwala	Delwala	GND	1293	30	0	4	0	0	4
LK-9136120	Panahetagala	Panahetagala	GND	133	7	0	0	0	0	1
LK-9139	Kahawattha	Kahawatta	DSD	12092	338	2	7	0	0	43
LK-9139005	Yainna	Yainna	GND	1042	63	0	0	0	0	2
LK-9139010	Nugawela West	Nugawela West	GND	728	4	1	0	0	0	0
LK-9139015	Nugawela East	Nugawela East	GND	363	3	0	0	0	0	0
LK-9139020	Weladura	Weladura	GND	1123	18	0	0	0	0	7
LK-9139025	Bungiriya	Bungiriya	GND	390	6	0	0	0	0	1
LK-9139030	Uda Hawpe	Uda Hawpe	GND	844	29	0	0	0	0	13
LK-9139035	Yatagare	Yatagare	GND	436	7	0	1	0	0	2
LK-9139040	Madalagama Colony	Madalagama Colony	GND	574	6	0	0	0	0	1
LK-9139045	Panapitiya North	Panapitiya North	GND	400	6	0	0	0	0	0
LK-9139050	Nambuluwa	Nambuluwa	GND	680	28	0	2	0	0	4
LK-9139055	Atakalanpanna	Atakalanpanna	GND	744	17	0	0	0	0	3
LK-9139060	Pahamunupanna	Pahamunupanna	GND	226	0	0	0	0	0	0
LK-9139065	Kalalella	Kalalella	GND	904	44	0	0	0	0	3
LK-9139070	Panapitiya South	Panapitiya South	GND	408	16	0	1	0	0	1
LK-9139075	Gabbela	Gabbela	GND	526	14	0	1	0	0	0
LK-9139080	Endana	Endana	GND	862	24	1	0	0	0	0
LK-9139085	Madalagama	Madalagama	GND	307	4	0	0	0	0	1
LK-9139090	Miyanavita West	Miyanavita West	GND	592	24	0	0	0	0	0
LK-9139095	Miyanavita East	Miyanavita East	GND	288	17	0	1	0	0	0
LK-9139100	Kiranodagama	Kiranodagama	GND	506	7	0	1	0	0	5
LK-9139105	Pannila	Pannila	GND	149	1	0	0	0	0	0
LK-9142	Godakawela	Godakawela	DSD	22240	511	8	30	1	15	103
LK-9142005	Kotakethana	Kotakethana	GND	834	22	0	0	0	15	15
LK-9142010	Dimbulwala	Dimbulwala	GND	612	19	1	2	0	0	4
LK-9142015	Hapurudeniya	Hapurudeniya	GND	471	33	0	3	0	0	1
LK-9142020	Panawala	Panawala	GND	310	12	0	0	0	0	0
LK-9142025	Buluwana	Buluwana	GND	410	7	0	2	0	0	0
LK-9142030	Makandura	Makandura	GND	378	14	0	2	0	0	0
LK-9142035	Ematiyagoda	Ematiyagoda	GND	262	3	0	0	0	0	4
LK-9142040	Ridivita	Ridivita	GND	465	12	0	0	0	0	1
LK-9142045	Maragala	Maragala	GND	270	2	0	3	0	0	0
LK-9142050	Hiramadagama	Hiramadagama	GND	401	9	0	0	0	0	0
LK-9142055	Madampe North	Madampe North	GND	920	11	0	0	0	0	8
LK-9142060	Kavuduwawa	Kavuduwawa	GND	498	7	0	0	0	0	0
LK-9142065	Madampe South	Madampe South	GND	532	16	1	0	0	0	1
LK-9142070	Horamula	Horamula	GND	484	52	0	3	0	0	2
LK-9142075	Weralugahamula	Weralugahamula	GND	344	7	0	0	0	0	2
LK-9142080	Alpitiya	Alpitiya	GND	437	10	0	2	0	0	1
LK-9142085	Galahitiya	Galahitiya	GND	623	8	0	0	0	0	2
LK-9142090	Kompitiya	Kompitiya	GND	360	4	0	0	0	0	0
LK-9142095	Malwatta	Malwatta	GND	570	3	0	0	0	0	3
LK-9142100	Werahera West	Werahera West	GND	321	6	0	0	0	0	1
LK-9142105	Werahera East	Werahera East	GND	223	3	0	0	0	0	0
LK-9142110	Godakawela	Godakawela	GND	278	7	0	0	0	0	0
LK-9142115	Warayaya	Warayaya	GND	453	4	0	0	0	0	1
LK-9142120	Niyangama	Niyangama	GND	520	2	0	1	0	0	1
LK-9142125	Bambaragasthenna	Bambaragasthenna	GND	642	10	0	0	0	0	3
LK-9142130	Balavinna North	Balavinna North	GND	367	1	0	0	0	0	2
LK-9142135	Balavinna West	Balavinna West	GND	760	9	2	2	0	0	5
LK-9142140	Kapuhenthenna	Kapuhenthenna	GND	202	6	0	1	0	0	1
LK-9142145	Mawathalanda	Mawathalanda	GND	410	5	0	0	0	0	2
LK-9142150	Meddegama	Meddegama	GND	320	11	0	0	0	0	0
LK-9142155	Masimbula	Masimbula	GND	1138	33	0	5	0	0	9
LK-9142160	Rakwana Town	Rakwana Town	GND	473	6	0	0	0	0	3
LK-9142165	Kottala	Kottala	GND	1141	19	1	0	0	0	1
LK-9142170	Rakwana South	Rakwana South	GND	652	14	0	1	0	0	7
LK-9142175	Rakwana North	Rakwana North	GND	886	15	0	2	0	0	4
LK-9142180	Yahalawela	Yahalawela	GND	670	33	0	0	1	0	1
LK-9142185	Bibilegama West	Bibilegama West	GND	617	20	3	1	0	0	5
LK-9142190	Bibilegama East	Bibilegama East	GND	449	17	0	0	0	0	3
LK-9142195	Thambagamuwa West	Thambagamuwa West	GND	398	19	0	0	0	0	0
LK-9142200	Dambavinna	Dambavinna	GND	313	5	0	0	0	0	2
LK-9142205	Balavinna East	Balavinna East	GND	909	1	0	0	0	0	2
LK-9142210	Thambagamuwa East	Thambagamuwa East	GND	318	5	0	0	0	0	2
LK-9142215	Mahagama West	Mahagama West	GND	385	5	0	0	0	0	4
LK-9142220	Mahagama East	Mahagama East	GND	214	4	0	0	0	0	0
LK-9145	Weligepola	Weligepola	DSD	10327	263	4	30	1	0	52
LK-9145005	Paragahamaditta	Paragahamaditta	GND	293	2	2	0	0	0	0
LK-9145010	Ilukkumbura	Illukkumbura	GND	304	5	0	0	0	0	0
LK-9145015	Panana	Panana	GND	266	2	0	0	0	0	1
LK-9145020	Galgodagama	Galgodagama	GND	324	4	0	0	0	0	2
LK-9145025	Kongasthenna	Kongasthenna	GND	241	2	0	1	0	0	2
LK-9145030	Bopitigoda	Bopitigoda	GND	321	18	0	2	0	0	1
LK-9145035	Gangodagama	Gangodagama	GND	314	18	1	1	0	0	1
LK-9145040	Medaganoya	Medaganoya	GND	173	6	0	0	0	0	0
LK-9145045	Udaranwala	Udaranwala	GND	452	9	0	1	0	0	0
LK-9145050	Weligepola	Weligepola	GND	386	7	0	0	0	0	4
LK-9145055	Udagangoda	Udagangoda	GND	367	7	0	2	0	0	2
LK-9145060	Belimaliyadda	Belimaliyadda	GND	248	7	0	0	0	0	0
LK-9145065	Handagiriya	Handagiriya	GND	181	0	0	0	0	0	0
LK-9145070	Handagirigoda	Handagirigoda	GND	257	9	0	9	1	0	0
LK-9145075	Palugahawela	Palugahawela	GND	291	15	0	4	0	0	0
LK-9145080	Urawala	Urawala	GND	360	8	0	1	0	0	0
LK-9145085	Kottimbulwala	Kottimbulwala	GND	266	6	0	0	0	0	0
LK-9145090	Thalagaskanda	Thalagaskanda	GND	400	6	0	0	0	0	7
LK-9145095	Ranwala	Ranwala	GND	350	7	0	0	0	0	1
LK-9145100	Ammaduwa	Ammaduwa	GND	371	7	0	0	0	0	1
LK-9145105	Elamalpe	Elamalpe	GND	301	14	0	0	0	0	0
LK-9145110	Thennahena	Thennahena	GND	316	3	0	1	0	0	1
LK-9145115	Kalatuwakanda	Kalatuwakanda	GND	254	2	0	0	0	0	0
LK-9145120	Badullegama	Badullegama	GND	411	22	0	1	0	0	0
LK-9145125	Hatangala	Hatangala	GND	517	9	0	1	0	0	0
LK-9145130	Bambaragala	Bambaragala	GND	557	16	0	1	0	0	0
LK-9145135	Pussathota	Pussathota	GND	445	5	1	0	0	0	0
LK-9145140	Madawalalanda	Madawalalanda	GND	288	14	0	2	0	0	1
LK-9145145	Galpaya	Galpaya	GND	777	23	0	2	0	0	22
LK-9145150	Muttettupola	Muttettupola	GND	296	10	0	1	0	0	6
LK-9148	Embilipitiya	Embilipitiya	DSD	44692	977	25	36	1	0	234
LK-9148005	Pallebedda	Pallebedda	GND	709	28	1	1	0	0	2
LK-9148010	Thittawelpotha	Thittawelpotha	GND	614	4	0	0	0	0	7
LK-9148015	Panahaduwa	Panahaduwa	GND	763	14	1	5	0	0	0
LK-9148020	Udawalawa	Udawalawa	GND	926	18	0	0	0	0	8
LK-9148025	Thimbolketiya	Thimbolketiya	GND	724	10	0	0	0	0	0
LK-9148030	Kolambage Ara	Kolambage Ara	GND	1102	11	0	0	0	0	0
LK-9148035	Sankhapala	Sankhapala	GND	1074	40	1	2	0	0	1
LK-9148040	Miriswelpatha	Miriswelpatha	GND	641	8	0	0	0	0	0
LK-9148045	Adaluwa	Adaluwa	GND	937	59	2	1	0	0	3
LK-9148050	Maduwanwela	Maduwanwela	GND	1419	68	0	1	0	0	14
LK-9148055	Udawalawa Track 02	Udawalawa Track 02	GND	1110	23	0	1	0	0	11
LK-9148060	Rathkarawwa	Rathkarawwa	GND	1670	13	1	0	0	0	8
LK-9148065	Gangeyaya	Gangeyaya	GND	1006	14	0	0	0	0	2
LK-9148070	Ketagal Ara	Ketagal Ara	GND	1066	25	0	1	0	0	3
LK-9148075	Nindagam Pelessa	Nindagam Pelessa	GND	760	30	0	0	0	0	18
LK-9148080	Ranchamadama	Ranchamadama	GND	769	46	5	1	0	0	1
LK-9148085	Panamura	Panamura	GND	1730	87	0	0	0	0	30
LK-9148090	Konkatuwa	Konkatuwa	GND	1104	22	0	1	0	0	10
LK-9148095	Embilipitiya Udagama	Embilipitiya Udagama	GND	1038	7	0	0	0	0	5
LK-9148100	Hingura Ara	Hingura Ara	GND	1162	16	2	0	0	0	6
LK-9148105	Kalagedi Ara	Kalagedi Ara	GND	1370	13	0	2	0	0	3
LK-9148110	Moraketiya	Moraketiya	GND	1275	17	1	5	0	0	21
LK-9148115	Embilipitiya Pallegama	Embilipitiya Pallegama	GND	1813	9	4	0	0	0	0
LK-9148120	Embilipitiya New Town	Embilipitiya New Town	GND	1464	13	2	0	0	0	2
LK-9148125	Yodhagama	Yodhagama	GND	1745	9	4	0	0	0	2
LK-9148130	Modarawana	Modarawana	GND	1003	20	0	6	0	0	3
LK-9148135	Sudugala	Sudugala	GND	828	16	0	1	0	0	4
LK-9148140	Walalgoda	Walalgoda	GND	803	26	0	1	1	0	0
LK-9148145	Jadura	Jadura	GND	975	25	0	2	0	0	0
LK-9148150	Diyapota	Diyapota	GND	725	14	0	0	0	0	1
LK-9148155	Mulendiyawala	Mulendiyawala	GND	833	35	0	0	0	0	0
LK-9148160	Thorakolayaya	Thorakolayaya	GND	1000	34	0	2	0	0	12
LK-9148165	Kumbugoda Ara	Kumbugoda Ara	GND	1641	25	0	2	0	0	5
LK-9148170	Hingura	Hingura	GND	1468	59	0	0	0	0	19
LK-9148175	Halmillaketiya	Halmillaketiya	GND	928	11	0	0	0	0	1
LK-9148180	Thunkama	Thunkama	GND	1856	26	0	0	0	0	20
LK-9148185	Hagala	Hagala	GND	1264	28	0	0	0	0	1
LK-9148190	Kuttigala	Kuttigala	GND	1324	36	1	1	0	0	11
LK-9148195	Julangete	Julangete	GND	660	11	0	0	0	0	0
LK-9148200	Padalangala	Padalangala	GND	1393	7	0	0	0	0	0
LK-9151	Kolonna	Kolonna	DSD	14521	285	9	16	0	0	23
LK-9151005	Buluthota	Buluthota	GND	676	18	0	0	0	0	2
LK-9151010	Ranhotikanda	Ranhotikanda	GND	598	22	0	0	0	0	1
LK-9151015	Yakmaditta	Yakmaditta	GND	274	2	0	0	0	0	0
LK-9151020	Helaudakanda	Helaudakanda	GND	363	0	0	0	0	0	0
LK-9151025	Heneggegoda	Heneggegoda	GND	271	8	0	0	0	0	1
LK-9151030	Kumburugamuwa	Kumburugamuwa	GND	438	4	0	1	0	0	0
LK-9151035	Dambemada	Dambemada	GND	216	4	0	1	0	0	0
LK-9151040	Welewathugoda	Welewathugoda	GND	173	5	0	1	0	0	0
LK-9151045	Ereporuwa	Ereporuwa	GND	595	12	1	2	0	0	0
LK-9151050	Wijeriya	Wijeriya	GND	506	12	0	1	0	0	5
LK-9151055	Poddana	Poddana	GND	703	15	3	1	0	0	3
LK-9151060	Ittakanda	Ittakanda	GND	560	11	0	0	0	0	0
LK-9151065	Buthkanda	Buthkanda	GND	599	8	1	0	0	0	1
LK-9151070	Kolonna	Kolonna	GND	961	12	0	0	0	0	3
LK-9151075	Maduwanwela Peranigama	Maduwanwela Peranigama	GND	1070	14	2	0	0	0	4
LK-9151080	Nandanagama	Nandanagama	GND	514	14	0	0	0	0	0
LK-9151085	Ambagahayaya	Ambagahayaya	GND	490	21	0	1	0	0	0
LK-9151090	Kella	Kella	GND	414	9	0	1	0	0	0
LK-9151095	Boraluwageaina	Boraluwageaina	GND	630	28	0	2	0	0	0
LK-9151100	Ullinduwawa	Ullinduwawa	GND	822	12	0	2	0	0	1
LK-9151105	Pupulaketiya	Pupulaketiya	GND	389	7	1	0	0	0	0
LK-9151110	Habbeliara	Habbeliara	GND	512	3	0	0	0	0	0
LK-9151115	Walakada	Walakada	GND	241	4	0	0	0	0	0
LK-9151120	Koppakanda	Koppakanda	GND	391	13	0	0	0	0	1
LK-9151125	Dapane	Dapane	GND	482	6	0	0	0	0	1
LK-9151130	Dorapane	Dorapane	GND	315	3	0	1	0	0	0
LK-9151135	Morawadiya	Morawadiya	GND	244	3	0	0	0	0	0
LK-9151140	Omalpe	Omalpe	GND	521	7	0	2	0	0	0
LK-9151145	Kempane	Kempane	GND	553	8	1	0	0	0	0
LK-92	Kegalle	Kegalle	DISTRICT	239635	3651	68	174	3	28	478
LK-9203	Rambukkana	Rambukkana	DSD	24511	263	7	8	0	2	51
LK-9203005	Dombemada East	Dombemada East	GND	141	0	0	0	0	0	2
LK-9203010	Dombemada West	Dombemada west	GND	121	1	0	0	0	0	0
LK-9203015	Udanvita	Udanvita	GND	129	0	0	0	0	0	0
LK-9203020	Maligathenna	Maligathenna	GND	177	6	0	0	0	0	0
LK-9203025	Alugolla	Alugolla	GND	131	1	0	0	0	0	0
LK-9203030	Gabbala North	Gabbala North	GND	303	6	0	0	0	0	6
LK-9203035	Gabbala South	Gabbala South	GND	329	0	0	0	0	0	1
LK-9203040	Mahagama	Mahagama	GND	223	3	0	0	0	0	0
LK-9203045	Halwatta	Halwatta	GND	130	1	0	0	0	0	0
LK-9203050	Hewadiwela	Hewadiwela	GND	230	0	0	0	0	0	1
LK-9203055	Nattambura	Nattambura	GND	226	0	0	1	0	0	1
LK-9203060	Kudagama North	Kudagama North	GND	172	0	0	1	0	0	0
LK-9203065	Kudagama South	Kudagama South	GND	153	1	0	0	0	0	0
LK-9203070	Medagaladeniya	Medagaladeniya	GND	128	1	0	0	0	0	1
LK-9203075	Walgama	Walgama	GND	287	4	0	0	0	0	0
LK-9203080	Udagaladeniya	Udagaladeniya	GND	130	2	0	0	0	0	0
LK-9203085	Dambulla	Dambulla	GND	126	1	0	0	0	0	0
LK-9203090	Deliwala	Deliwala	GND	392	1	0	0	0	0	1
LK-9203095	Hangawela	Hangawela	GND	137	2	0	0	0	0	2
LK-9203100	Ihala Walpola	Ihala Walpola	GND	188	0	0	0	0	0	0
LK-9203105	Kotawella	Kotawella	GND	349	0	0	0	0	0	0
LK-9203110	Kanugolla	Kanugolla	GND	263	0	0	0	0	0	0
LK-9203115	Parape North	Parape North	GND	174	7	0	0	0	0	0
LK-9203120	Parape South	Parape South	GND	255	7	0	0	0	0	0
LK-9203125	Kossinna	Kossinna	GND	248	0	0	0	0	0	0
LK-9203130	Kansalagamuwa	Kansalagamuwa	GND	389	5	0	0	0	0	1
LK-9203135	Heenabowa	Heenabowa	GND	181	4	0	0	0	0	0
LK-9203140	Walalgoda	Walalgoda	GND	292	2	1	0	0	0	1
LK-9203145	Kiriwallapitiya	Kiriwallapitiya	GND	216	1	0	0	0	0	0
LK-9203150	Eriyagolla	Eriyagolla	GND	317	9	0	0	0	0	0
LK-9203155	Werellapatha	Werellapatha	GND	173	4	0	0	0	0	1
LK-9203160	Weligamuwa	Weligamuwa	GND	273	3	0	0	0	0	0
LK-9203165	Thaldewa	Thaldewa	GND	331	2	0	0	0	0	0
LK-9203170	Wahawa	Wahawa	GND	424	9	0	0	0	0	0
LK-9203175	Padavigampala	Padavigampala	GND	420	7	0	0	0	0	2
LK-9203180	Puwakmote	Puwakmote	GND	188	2	0	0	0	0	0
LK-9203185	Udugama	Udugama	GND	161	2	0	0	0	0	0
LK-9203190	Thismalpola	Thismalpola	GND	182	1	0	0	0	0	0
LK-9203195	Yatagama	Yatagama	GND	198	8	0	1	0	1	1
LK-9203200	Meeduma	Meeduma	GND	326	1	0	0	0	0	0
LK-9203205	Hurimaluwa	Hurimaluwa	GND	775	12	0	0	0	0	0
LK-9203210	Eriyawa	Eriyawa	GND	375	3	0	0	0	0	0
LK-9203215	Rambukkana Town	Rambukkana Town	GND	199	0	0	0	0	0	0
LK-9203220	Diyasunnatha	Diyasunnatha	GND	211	1	0	0	0	0	0
LK-9203225	Madawala	Madawala	GND	278	1	0	0	0	0	2
LK-9203230	Godagandeniya	Godagandeniya	GND	206	3	0	0	0	0	0
LK-9203235	Kempitiya	Kempitiya	GND	78	0	0	0	0	0	0
LK-9203240	Kadigamuwa	Kadigamuwa	GND	466	5	0	1	0	0	1
LK-9203245	Halagiriya	Halagiriya	GND	233	4	0	0	0	0	0
LK-9203250	Muwapitiya	Muwapitiya	GND	216	3	0	0	0	0	1
LK-9203255	Beligodapitiya	Beligodapitiya	GND	132	1	0	0	0	0	0
LK-9203260	Pinnawala	Pinnawala	GND	354	2	3	0	0	0	0
LK-9203265	Daluggala	Daluggala	GND	140	0	0	0	0	0	2
LK-9203270	Mottappuliya	Mottappuliya	GND	406	2	0	0	0	0	0
LK-9203275	Koorempola	Koorempola	GND	513	4	0	0	0	0	0
LK-9203280	Halpitiya	Halpitiya	GND	247	4	0	0	0	0	0
LK-9203285	Naranbedda East	Naranbedda East	GND	200	2	0	0	0	0	0
LK-9203290	Naranbedda West	Naranbedda West	GND	204	2	0	0	0	0	2
LK-9203295	Marukwathura	Marukwathura	GND	503	3	0	0	0	0	2
LK-9203300	Imbulgasdeniya	Imbulgasdeniya	GND	769	13	0	0	0	0	0
LK-9203305	Ambuwangala	Ambuwangala	GND	276	2	0	0	0	0	1
LK-9203310	Kehelwathugoda	Kehelwathugoda	GND	545	11	0	0	0	0	0
LK-9203315	Dunukewala	Dunukewala	GND	352	4	0	0	0	0	0
LK-9203320	Waduwadeniya	Waduwadeniya	GND	168	0	0	0	0	0	1
LK-9203325	Hiriwadunna	Hiriwadunna	GND	400	5	1	0	0	0	0
LK-9203330	Bathambure	Bathambure	GND	360	2	0	0	0	0	1
LK-9203335	Kottana Watta	Kottana Watta	GND	238	1	0	0	0	0	0
LK-9203340	Kotagama	Kotagama	GND	332	7	0	0	0	0	2
LK-9203345	Kiriwandeniya	Kiriwandeniya	GND	323	3	0	1	0	0	3
LK-9203350	Netiyapana	Netiyapana	GND	152	0	0	1	0	0	0
LK-9203355	Udugama Gondewala	Udugama Gondewala	GND	286	2	0	1	0	0	0
LK-9203360	Pattampitiya	Pattampitiya	GND	167	1	0	0	0	0	0
LK-9203365	Yatiwaldeniya	Yatiwaldeniya	GND	219	0	0	0	0	0	0
LK-9203370	Henepola	Henepola	GND	302	7	0	1	0	0	1
LK-9203375	Deegana Kanda	Deegana Kanda	GND	276	1	0	0	0	0	0
LK-9203380	Gangoda	Gangoda	GND	332	4	0	0	0	0	3
LK-9203385	Beddawala	Beddawala	GND	195	2	0	0	0	0	0
LK-9203390	Yodhagama	Yodhagama	GND	425	1	0	0	0	0	0
LK-9203395	Pitiyegama	Pitiyegama	GND	276	4	0	0	0	0	2
LK-9203400	Deldeniya	Deldeniya	GND	211	5	0	0	0	0	0
LK-9203405	Kivulpana	Kivulpana	GND	259	1	0	0	0	0	1
LK-9203410	Minwana	Minwana	GND	168	8	0	0	0	0	0
LK-9203415	Kumbaldiwela	Kumbaldiwela	GND	331	0	0	0	0	0	0
LK-9203420	Galpala	Galpala	GND	195	2	0	0	0	0	0
LK-9203425	Kumbaloluwa	Kumbaloluwa	GND	394	8	0	0	0	0	1
LK-9203430	Kavudaulla	Kavudaulla	GND	319	5	0	0	0	0	0
LK-9203435	Molagoda	Molagoda	GND	537	3	2	0	0	0	0
LK-9203440	Waragoda	Waragoda	GND	287	2	0	0	0	0	3
LK-9203445	Mangalagama	Mangalagama	GND	468	3	0	0	0	1	1
LK-9206	Mawanella	Mawanella	DSD	32945	295	17	8	0	2	66
LK-9206005	Weganthale	Weganthale	GND	434	6	0	0	0	0	1
LK-9206010	Yatimahana	Yatimahana	GND	262	7	1	0	0	0	0
LK-9206015	Keppetipola	Keppetipola	GND	617	3	1	0	0	0	5
LK-9206020	Ihala Kotte	Ihala Kotte	GND	226	5	0	0	0	0	0
LK-9206025	Makehelwala	Makehelwala	GND	425	5	1	0	0	0	1
LK-9206030	Dunugama Maliyadda	Dunugama Maliyadda	GND	473	12	0	0	0	0	0
LK-9206035	Karapane	Karapane	GND	282	3	0	0	0	0	0
LK-9206040	Kondeniya	Kondeniya	GND	431	11	0	0	0	0	0
LK-9206045	Gondiwala	Gondiwala	GND	854	9	1	0	0	0	10
LK-9206050	Uthuwankanda	Uthuwankanda	GND	506	0	0	0	0	0	1
LK-9206055	Ambulugala	Ambulugala	GND	587	9	0	0	0	0	2
LK-9206060	Attanagoda	Attanagoda	GND	396	15	0	0	0	0	6
LK-9206065	Panagamuwa	Panagamuwa	GND	254	5	0	0	0	0	1
LK-9206070	Dehimaduwa	Dehimaduwa	GND	583	10	0	0	0	0	1
LK-9206075	Habbunkaduwa	Habbunkaduwa	GND	533	3	0	0	0	0	0
LK-9206080	Mahawatta	Mahawatta	GND	1018	1	0	0	0	0	1
LK-9206085	Muruthawala	Muruthawala	GND	1249	2	0	0	0	0	2
LK-9206090	Randiwala	Randiwala	GND	436	0	0	0	0	0	0
LK-9206095	Uda Makadawara	Uda Makadawara	GND	409	4	0	0	0	0	0
LK-9206100	Ganethenna	Ganethenna	GND	448	3	0	0	0	0	0
LK-9206105	Makadawara	Makadawara	GND	452	6	0	0	0	0	0
LK-9206110	Batawala	Batawala	GND	698	4	0	0	0	0	2
LK-9206115	Hingula	Hingula	GND	718	7	0	0	0	0	0
LK-9206120	Owatta	Owatta	GND	422	0	0	0	0	0	0
LK-9206125	Hinguloya	Hinguloya	GND	1243	0	0	0	0	1	0
LK-9206130	Rankothdiwala	Rankothdiwala	GND	373	1	2	0	0	0	0
LK-9206135	Mawanella	Mawanella	GND	395	0	7	1	0	0	2
LK-9206140	Mawana	Mawana	GND	353	5	0	1	0	0	0
LK-9206145	Kiringadeniya	Kiringadeniya	GND	818	0	0	0	0	0	2
LK-9206150	Weligalla	Weligalla	GND	405	2	0	0	0	0	0
LK-9206155	Dodanthale	Dodanthale	GND	407	11	0	0	0	0	1
LK-9206160	Kappagoda	Kappagoda	GND	957	11	0	0	0	0	0
LK-9206165	Nankurugama	Nankurugama	GND	533	1	0	0	0	0	0
LK-9206170	Kongamuwa	Kongamuwa	GND	909	7	1	1	0	0	0
LK-9206175	Beligammana	Beligammana	GND	556	4	0	0	0	0	0
LK-9206180	Edanduwawa	Edanduwawa	GND	246	5	0	0	0	0	0
LK-9206185	Idampitiya	Idampitiya	GND	452	0	0	0	0	0	1
LK-9206190	Kekirigoda	Kekirigoda	GND	489	3	0	0	0	0	1
LK-9206195	Uyanwatta	Uyanwatta	GND	717	0	1	0	0	0	0
LK-9206200	Aluthnuwara	Aluthnuwara	GND	440	5	0	1	0	0	1
LK-9206205	Molligoda	Molligoda	GND	435	1	0	0	0	1	1
LK-9206210	Mawela	Mawela	GND	650	10	0	0	0	0	4
LK-9206215	Warakapana	Warakapana	GND	239	4	0	0	0	0	0
LK-9206220	Kahawandala	Kahawandala	GND	266	2	0	0	0	0	4
LK-9206225	Mahanthegama	Mahanthegama	GND	301	2	0	0	0	0	0
LK-9206230	Heenatipana	Heenatipana	GND	412	7	2	1	0	0	0
LK-9206235	Rukulagama	Rukulagama	GND	492	1	0	1	0	0	0
LK-9206240	Daswatta	Daswatta	GND	337	0	0	0	0	0	2
LK-9206245	Lewke	Lewke	GND	356	7	0	0	0	0	3
LK-9206250	Kumbalgama	Kumbalgama	GND	254	3	0	1	0	0	0
LK-9206255	Balawathgama	Balawathgama	GND	262	5	0	0	0	0	0
LK-9206260	Werake	Werake	GND	563	6	0	0	0	0	0
LK-9206265	Embilmeewala	Embilmeewala	GND	147	5	0	1	0	0	0
LK-9206270	Thambavita	Thambavita	GND	276	0	0	0	0	0	0
LK-9206275	Eraminigammana	Eraminigammana	GND	376	4	0	0	0	0	0
LK-9206280	Ambadeniya	Ambadeniya	GND	280	10	0	0	0	0	6
LK-9206285	Weragoda	Weragoda	GND	268	4	0	0	0	0	0
LK-9206290	Kooragala	Kooragala	GND	175	0	0	0	0	0	0
LK-9206295	Waduwawala	Waduwawala	GND	401	6	0	0	0	0	1
LK-9206300	Ginihappitiya West	Ginihappitiya West	GND	398	0	0	0	0	0	1
LK-9206305	Ginihappitiya East	Ginihappitiya  East	GND	578	1	0	0	0	0	1
LK-9206310	Ambaruppa	Ambaruppa	GND	280	0	0	0	0	0	0
LK-9206315	Madulbowa	Madulbowa	GND	394	0	0	0	0	0	1
LK-9206320	Ambalawa	Ambalawa	GND	310	9	0	0	0	0	0
LK-9206325	Balathgamuwa	Balathgamuwa	GND	169	5	0	0	0	0	0
LK-9206330	Kehelpannala East	Kehelpannala East	GND	215	0	0	0	0	0	0
LK-9206335	Wadiyathenna	Wadiyathenna	GND	539	1	0	0	0	0	0
LK-9206340	Hemmathagama	Hemmathagama	GND	303	3	0	0	0	0	1
LK-9206345	Palliporuwa	Palliporuwa	GND	490	8	0	0	0	0	0
LK-9206350	Dumbuluwawa	Dumbuluwawa	GND	595	2	0	0	0	0	0
LK-9206355	Kehelpannala West	Kehelpannala West	GND	178	4	0	0	0	0	0
LK-9209	Aranayake	Aranayaka	DSD	19731	271	1	10	0	2	47
LK-9209005	Deewela Udagama	Deewela Udagama	GND	333	6	0	0	0	0	0
LK-9209010	Wakirigala	Wakirigala	GND	317	2	0	0	0	0	1
LK-9209015	Epalawa Watta	Epalawa Watta	GND	319	10	0	0	0	0	0
LK-9209020	Uduwewela	Uduwewela	GND	334	8	0	0	0	0	0
LK-9209025	Kande Watta	Kande Watta	GND	368	17	1	0	0	0	2
LK-9209030	Gal Athara	Gal Athara	GND	344	3	0	0	0	0	0
LK-9209035	Gammannagoda	Gammannagoda	GND	217	2	0	0	0	0	0
LK-9209040	Katugaha	Katugaha	GND	303	4	0	0	0	0	0
LK-9209045	Ussapitiya	Ussapitiya	GND	429	3	0	0	0	0	0
LK-9209050	Waharakgoda	Waharakgoda	GND	346	3	0	0	0	1	4
LK-9209055	Ruwandeniya	Ruwandeniya	GND	475	3	0	0	0	0	0
LK-9209060	Attapitiya	Attapitiya	GND	327	7	0	0	0	0	2
LK-9209065	Devanagala	Devanagala	GND	336	2	0	0	0	0	1
LK-9209070	Kariyagama	Kariyagama	GND	334	4	0	0	0	0	2
LK-9209075	Godigamuwa	Godigamuwa	GND	465	2	0	0	0	0	1
LK-9209080	Narangammana	Narangammana	GND	556	9	0	0	0	0	2
LK-9209085	Lambutuwa	Lambutuwa	GND	370	4	0	0	0	0	0
LK-9209090	Wattegedara	Wattegedara	GND	226	3	0	1	0	0	0
LK-9209095	Asmadala	Asmadala	GND	292	6	0	0	0	0	3
LK-9209100	Kandamulla	Kandamulla	GND	306	8	0	1	0	0	0
LK-9209105	Kumarapura	Kumarapura	GND	246	5	0	0	0	0	1
LK-9209110	Debathgama Udabage	Debathgama Udabage	GND	471	7	0	0	0	0	0
LK-9209115	Debathgama Pallebage	Debathgama Pallebage	GND	312	7	0	2	0	0	0
LK-9209120	Hathgampala	Hathgampala	GND	237	1	0	0	0	0	1
LK-9209125	Moragammana	Moragammana	GND	389	5	0	1	0	0	4
LK-9209130	Gevilipitiya Town	Gevilipitiya Town	GND	399	2	0	0	0	0	3
LK-9209135	Gevilipitiya Gama	Gevilipitiya Gama	GND	272	3	0	0	0	0	0
LK-9209140	Pehinipeddara	Pehinipeddara	GND	276	1	0	0	0	0	0
LK-9209145	Nikapitiya	Nikapitiya	GND	555	4	0	0	0	0	2
LK-9209150	Thalgamuwa	Thalgamuwa	GND	344	3	0	0	0	0	4
LK-9209155	Dippitiya	Dippitiya	GND	481	2	0	0	0	0	0
LK-9209160	Habalakkawa	Habalakkawa	GND	461	4	0	0	0	0	0
LK-9209165	Keerapana	Keerapana	GND	344	10	0	0	0	0	0
LK-9209170	Vilpola	Vilpola	GND	630	1	0	1	0	1	1
LK-9209175	Galbokka	Galbokka	GND	315	1	0	0	0	0	1
LK-9209180	Elangipitiya	Elangipitiya	GND	188	2	0	1	0	0	0
LK-9209185	Kalugala	Kalugala	GND	343	11	0	0	0	0	0
LK-9209190	Kehelwatta	Kehelwatta	GND	202	1	0	0	0	0	0
LK-9209195	Dampelgoda	Dampelgoda	GND	176	2	0	0	0	0	0
LK-9209200	Narangala	Narangala	GND	235	3	0	0	0	0	1
LK-9209205	Getaberi Kanda	Getaberi Kanda	GND	368	6	0	0	0	0	1
LK-9209210	Pannala	Pannala	GND	305	3	0	0	0	0	0
LK-9209215	Duldeniya	Duldeniya	GND	391	8	0	0	0	0	0
LK-9209220	Thalgaspitiya Muslimgama	Thalgaspitiya Muslimgama	GND	630	2	0	0	0	0	1
LK-9209225	Thalgaspitiya	Thalgaspitiya	GND	240	4	0	0	0	0	1
LK-9209230	Thelleka	Thelleka	GND	286	6	0	0	0	0	2
LK-9209235	Hakurugammana	Hakurugammana	GND	287	1	0	0	0	0	0
LK-9209240	Aranayaka	Aranayaka	GND	288	3	0	0	0	0	1
LK-9209245	Udagama	Udagama	GND	242	1	0	0	0	0	2
LK-9209250	Ambalakanda	Ambalakanda	GND	210	6	0	0	0	0	0
LK-9209255	Ganthuna Udagama	Ganthuna Udagama	GND	293	5	0	1	0	0	0
LK-9209260	Ganthuna Medagama	Ganthuna Medagama	GND	219	5	0	1	0	0	2
LK-9209265	Jambugasmada	Jambugasmada	GND	151	6	0	0	0	0	0
LK-9209270	Podape	Podape	GND	275	3	0	0	0	0	0
LK-9209275	Deiyanwala	Deiyanwala	GND	233	7	0	0	0	0	1
LK-9209280	Arama	Arama	GND	241	6	0	1	0	0	0
LK-9209285	Rahala	Rahala	GND	427	3	0	0	0	0	0
LK-9209290	Randiligama	Randiligama	GND	262	4	0	0	0	0	0
LK-9209295	Yodhagama	Yodhagama	GND	207	4	0	0	0	0	0
LK-9209300	Selawa East	Selawa East	GND	155	4	0	0	0	0	0
LK-9209305	Selawa West	Selawa West	GND	148	3	0	0	0	0	0
LK-9212	Kegalle	Kegalle	DSD	26383	332	16	18	0	1	75
LK-9212005	Siyambalapitiya	Siyambalapitiya	GND	564	4	0	1	0	0	4
LK-9212010	Pussella	Pussella	GND	464	2	0	0	0	0	3
LK-9212015	Dimbulgamuwa	Dimbulgamuwa	GND	369	6	0	0	0	0	0
LK-9212020	Kolongalla	Kolongalla	GND	478	12	0	0	0	0	2
LK-9212025	Diyagama	Diyagama	GND	362	3	0	0	0	0	1
LK-9212030	Kalugalla	Kalugalla	GND	316	5	0	1	0	0	0
LK-9212035	Puwakdeniya	Puwakdeniya	GND	689	5	1	0	0	0	1
LK-9212040	Meepitiya	Meepitiya	GND	1318	3	1	1	0	0	2
LK-9212045	Olagankanda	Olagankanda	GND	511	18	0	0	0	0	1
LK-9212050	Wewaladeniya	Wewaladeniya	GND	444	8	0	0	0	0	0
LK-9212055	Ranwala	Ranwala	GND	1131	4	0	2	0	0	2
LK-9212060	Paranagampola	Paranagampola	GND	629	5	0	0	0	0	1
LK-9212065	Uraulla	Uraulla	GND	442	9	0	0	0	0	5
LK-9212070	Ambanpitiya	Ambanpitiya	GND	539	5	0	0	0	0	1
LK-9212075	Beragala	Beragala	GND	642	4	1	0	0	1	2
LK-9212080	Kegalle Town	Kegalle Town	GND	581	2	3	2	0	0	7
LK-9212085	Golahela	Golahela	GND	1414	2	7	4	0	0	5
LK-9212090	Pallewela	Pallewela	GND	366	3	0	0	0	0	3
LK-9212095	Karandupotha	Karandupotha	GND	499	3	0	0	0	0	1
LK-9212100	Uda Karadupana	Uda Karandupana	GND	307	14	0	0	0	0	2
LK-9212105	Nilmalgoda	Nilmalgoda	GND	353	5	0	0	0	0	2
LK-9212110	Paragammana	Paragammana	GND	547	6	0	0	0	0	2
LK-9212115	Waldeniya	Waldeniya	GND	390	6	0	1	0	0	1
LK-9212120	Dikella	Dikella	GND	799	23	0	0	0	0	4
LK-9212125	Buluruppa	Buluruppa	GND	402	3	0	0	0	0	0
LK-9212130	Ekiriyagala	Ekiriyagala	GND	407	3	0	0	0	0	2
LK-9212135	Deewela Medagama	Deewela Medagama	GND	364	2	0	0	0	0	0
LK-9212140	Deewela Pallegama	Deewela Pallegama	GND	343	1	0	0	0	0	0
LK-9212145	Ewunugalla	Ewunugalla	GND	495	2	1	0	0	0	0
LK-9212150	Dikkohupitiya	Dikkohupitiya	GND	305	7	0	1	0	0	0
LK-9212155	Kavudugama	Kawudugama	GND	397	3	0	0	0	0	2
LK-9212160	Makoora	Makoora	GND	402	1	0	0	0	0	0
LK-9212165	Bulugahadeniya	Bulugahadeniya	GND	458	10	0	0	0	0	0
LK-9212170	Thalewala	Thalewela	GND	342	2	0	0	0	0	0
LK-9212175	Hettimulla	Hettimulla	GND	409	6	2	0	0	0	0
LK-9212180	Minuwangamuwa	Minuwangamuwa	GND	456	7	0	0	0	0	0
LK-9212185	Udumagama	Udumagama	GND	298	2	0	0	0	0	0
LK-9212190	Wadupola	Wadupola	GND	344	6	0	0	0	0	0
LK-9212195	Wathura	Wathura	GND	388	1	0	1	0	0	2
LK-9212200	Meedeniya South	Meedeniya South	GND	360	5	0	0	0	0	3
LK-9212205	Meedeniya North	Meedeniya North	GND	336	0	0	3	0	0	2
LK-9212210	Malavita	Malavita	GND	547	22	0	0	0	0	0
LK-9212215	Godigamuwa	Godigamuwa	GND	336	6	0	0	0	0	1
LK-9212220	Hapuvita Pallegama	Hapuwita Pallegama	GND	261	2	0	0	0	0	0
LK-9212225	Alapalawala	Alapalawala	GND	397	5	0	0	0	0	1
LK-9212230	Nilapalagammana	Nilapalagammana	GND	271	3	0	0	0	0	0
LK-9212235	Eregama	Eregama	GND	290	3	0	0	0	0	1
LK-9212240	Athurupana	Athurupana	GND	235	10	0	0	0	0	0
LK-9212245	Rotuwa	Rotuwa	GND	203	4	0	1	0	0	0
LK-9212250	Hungampola	Hungampola	GND	221	5	0	0	0	0	2
LK-9212255	Gurullawala	Gurullawala	GND	330	3	0	0	0	0	0
LK-9212260	Moradana	Moradana	GND	232	2	0	0	0	0	1
LK-9212265	Mabopitiya	Mabopitiya	GND	250	5	0	0	0	0	1
LK-9212270	Higgoda	Higgoda	GND	287	2	0	0	0	0	2
LK-9212275	Bossella	Bossella	GND	324	6	0	0	0	0	1
LK-9212280	Ganthuna Pallegama North	Ganthuna Pallegama North	GND	277	8	0	0	0	0	1
LK-9212285	Bogala	Bogala	GND	270	7	0	0	0	0	0
LK-9212290	Thiyambarahena	Thiyambarahena	GND	256	3	0	0	0	0	0
LK-9212295	Undugoda	Undugoda	GND	376	8	0	0	0	0	0
LK-9212300	Belihulwana	Belihulwana	GND	247	2	0	0	0	0	1
LK-9212305	Ganthuna Pallegama South	Ganthuna Pallegama South	GND	113	8	0	0	0	0	0
LK-9215	Galigamuwa	Galigamuwa	DSD	20912	270	5	9	0	1	27
LK-9215005	Helamada	Helamada	GND	557	6	0	0	0	0	1
LK-9215010	Godapola	Godapola	GND	597	5	0	0	0	0	1
LK-9215015	Batuwatta	Batuwatta	GND	503	5	0	0	0	0	0
LK-9215020	Makuddala	Makuddala	GND	364	7	0	0	0	0	0
LK-9215025	Weragoda	Weragoda	GND	356	4	0	0	0	0	0
LK-9215030	Jeewana	Jeewana	GND	327	5	0	0	0	0	5
LK-9215035	Dewalegama	Dewalegama	GND	518	4	0	0	0	0	0
LK-9215040	Walagama	Walagama	GND	372	1	0	1	0	0	1
LK-9215045	Kandegedara	Kandegedara	GND	395	6	1	1	0	0	0
LK-9215050	Edurapotha West	Edurapotha West	GND	283	3	0	0	0	0	1
LK-9215055	Panakawa	Panakawa	GND	564	7	1	0	0	0	0
LK-9215060	Edurapotha East	Edurapotha East	GND	452	1	0	0	0	0	0
LK-9215065	Nawagamuwa	Nawagamuwa	GND	369	4	0	1	0	0	0
LK-9215070	Hathnagoda	Hathnagoda	GND	364	12	0	0	0	0	0
LK-9215075	Peherambe	Peherambe	GND	222	2	0	0	0	0	0
LK-9215080	Palapoluwa	Palapoluwa	GND	403	7	0	0	0	0	1
LK-9215085	Yattogoda	Yattogoda	GND	416	5	0	0	0	0	2
LK-9215090	Ballapana Pathabage	Ballapana Pathabage	GND	465	8	0	1	0	0	0
LK-9215095	Kobbewala	Kobbewala	GND	506	3	0	1	0	0	0
LK-9215100	Galigamuwa	Galigamuwa	GND	498	15	1	0	0	0	0
LK-9215105	Ballapana Udabage	Ballapana Udabage	GND	434	5	0	0	0	0	0
LK-9215110	Mayfield	Mayfield	GND	344	3	0	0	0	0	1
LK-9215115	Asideniya	Asideniya	GND	395	3	0	0	0	0	0
LK-9215120	Dematanpitiya	Dematanpitiya	GND	526	0	1	0	0	0	1
LK-9215125	Bisowela	Bisowela	GND	741	8	1	0	0	0	1
LK-9215130	Imbulgala	Imbulgala	GND	354	3	0	0	0	0	0
LK-9215135	Atugoda	Atugoda	GND	491	8	0	0	0	0	0
LK-9215140	Renapana	Renapana	GND	460	19	0	1	0	1	1
LK-9215145	Bambaragama	Bambaragama	GND	388	4	0	0	0	0	0
LK-9215150	Naberiyawa	Naberiyawa	GND	603	8	0	0	0	0	1
LK-9215155	Narangoda	Narangoda	GND	367	5	0	0	0	0	1
LK-9215160	Alawala	Alawala	GND	291	7	0	1	0	0	0
LK-9215165	Holombuwa	Holombuwa	GND	282	2	0	1	0	0	0
LK-9215170	Boyagoda	Boyagoda	GND	407	13	0	0	0	0	2
LK-9215175	Arandara	Arandara	GND	670	16	0	0	0	0	0
LK-9215180	Kiridana	Kiridana	GND	272	3	0	0	0	0	0
LK-9215185	Kinigama	Kinigama	GND	304	3	0	0	0	0	0
LK-9215190	Damunupola	Damunupola	GND	431	5	0	0	0	0	0
LK-9215195	Lahupana	Lahupana	GND	350	5	0	0	0	0	0
LK-9215200	Pothukoladeniya	Pothukoladeniya	GND	433	5	0	0	0	0	0
LK-9215205	Pindeniya	Pindeniya	GND	264	3	0	0	0	0	0
LK-9215210	Udugama	Udugama	GND	317	0	0	0	0	0	0
LK-9215215	Nadeniya	Nadeniya	GND	249	0	0	0	0	0	0
LK-9215220	Atala	Atala	GND	573	7	0	1	0	0	0
LK-9215225	Hapudeniya	Hapudeniya	GND	337	4	0	0	0	0	1
LK-9215230	Kurunegoda	Kurunegoda	GND	466	8	0	0	0	0	2
LK-9215235	Ruggahathenna	Ruggahathenna	GND	289	2	0	0	0	0	2
LK-9215240	Ampe	Ampe	GND	507	2	0	0	0	0	0
LK-9215245	Hathnapitiya	Hathnapitiya	GND	288	6	0	0	0	0	0
LK-9215250	Karagala	Karagala	GND	203	2	0	0	0	0	2
LK-9215255	Aruggammana	Aruggammana	GND	345	1	0	0	0	0	0
LK-9218	Warakapola	Warakapola	DSD	31815	494	5	12	2	5	46
LK-9218005	Waddeniya	Waddeniya	GND	485	6	0	0	0	0	0
LK-9218010	Kalugala	Kalugala	GND	242	5	0	0	0	0	0
LK-9218015	Weniwellakaduwa	Weniwellakaduwa	GND	369	7	0	0	1	1	0
LK-9218020	Kodapaluwa	Kodapaluwa	GND	629	8	1	0	0	0	0
LK-9218025	Opatha	Opatha	GND	551	4	0	0	0	0	1
LK-9218030	Paspolakanda	Paspolakanda	GND	230	5	0	0	0	0	0
LK-9218035	Thulhiriya	Thulhiriya	GND	596	9	0	0	0	0	0
LK-9218040	Parakramagama	Parakramagama	GND	249	1	0	0	0	0	0
LK-9218045	Nangalla	Nangalla	GND	877	11	0	0	0	0	0
LK-9218050	Ragalkanda	Ragalkanda	GND	235	6	0	0	0	0	0
LK-9218055	Heliyagoda	Heliyagoda	GND	236	12	0	0	0	0	0
LK-9218060	Metiyagane	Metiyagane	GND	277	6	0	0	0	0	1
LK-9218065	Thalgama	Thalgama	GND	381	4	0	1	0	0	0
LK-9218070	Egalla	Egalla	GND	403	2	0	1	0	0	0
LK-9218075	Kumbalgama	Kumbalgama	GND	261	3	0	0	0	0	0
LK-9218080	Akwatta	Akwatta	GND	205	1	0	0	0	0	0
LK-9218085	Pinnagoda Kanda	Pinnagoda Kanda	GND	217	2	0	0	0	0	0
LK-9218090	Gasnawa	Gasnawa	GND	392	9	0	0	0	0	1
LK-9218095	Mangedara	Mangedara	GND	633	4	0	0	1	0	0
LK-9218100	Ambepussa	Ambepussa	GND	983	7	0	0	0	0	2
LK-9218105	Warakapola	Warakapola	GND	1174	13	1	2	0	0	1
LK-9218110	Mahena Colony	Mahena Colony	GND	372	8	1	0	0	0	2
LK-9218115	Mahena	Mahena	GND	707	8	0	1	0	1	2
LK-9218120	Tholangamuwa	Tholangamuwa	GND	819	6	0	0	0	0	2
LK-9218125	Nape	Nape	GND	320	1	0	0	0	0	1
LK-9218130	Morawaka	Morawaka	GND	598	5	0	0	0	0	0
LK-9218135	Mampita	Mampita	GND	653	14	0	0	0	0	0
LK-9218140	Nelumdeniya	Nelumdeniya	GND	483	4	0	0	0	0	0
LK-9218145	Othnapitiya	Othnapitiya	GND	377	8	0	0	0	0	0
LK-9218150	Boorunnawa	Boorunnawa	GND	311	1	0	0	0	0	1
LK-9218155	Iipangamuwa	Elipangamuwa	GND	259	7	0	0	0	0	0
LK-9218160	Delgamuwa	Delgamuwa	GND	251	5	0	0	0	0	2
LK-9218165	Thumbaliyadda	Thumbaliyadda	GND	415	5	0	0	0	0	0
LK-9218170	Ganithapura	Ganithapura	GND	1034	13	0	1	0	2	0
LK-9218175	Ethnawala	Ethnawala	GND	706	13	0	0	0	0	0
LK-9218180	Dummaladeniya	Dummaladeniya	GND	666	7	0	0	0	0	4
LK-9218185	Puhulegama	Puhulegama	GND	187	4	0	0	0	0	0
LK-9218190	Godawela	Godawela	GND	438	4	0	0	0	0	0
LK-9218195	Penihela	Penihela	GND	215	3	1	0	0	0	3
LK-9218200	Thambugala	Thambugala	GND	299	7	0	1	0	1	1
LK-9218205	Thalgahadeniya	Thalgahadeniya	GND	167	1	0	0	0	0	1
LK-9218210	Niwatuwa	Niwatuwa	GND	388	5	0	0	0	0	0
LK-9218215	Kukulpane	Kukulpane	GND	572	10	0	0	0	0	2
LK-9218220	Thalliyadda	Thalliyadda	GND	353	4	0	0	0	0	0
LK-9218225	Dorawaka Pallebage	Dorawaka Pallebage	GND	458	15	0	0	0	0	2
LK-9218230	Yaddehimulla	Yaddehimulla	GND	449	13	0	0	0	0	0
LK-9218235	Kohombadeniya	Kohombadeniya	GND	323	11	0	0	0	0	0
LK-9218240	Ihala Lenagala	Ihala Lenagala	GND	323	1	0	0	0	0	0
LK-9218245	Dedigama	Dedigama	GND	395	4	0	0	0	0	1
LK-9218250	Pitadeniya	Pitadeniya	GND	530	8	0	0	0	0	0
LK-9218255	Thunthota	Thunthota	GND	317	5	0	0	0	0	0
LK-9218260	Imbulovita	Imbulovita	GND	115	0	0	0	0	0	0
LK-9218265	Menikkadawara	Menikkadawara	GND	423	10	0	0	0	0	0
LK-9218270	Maha Pallegama	Maha Pallegama	GND	451	10	0	0	0	0	5
LK-9218275	Kinivita	Kinivita	GND	332	2	0	0	0	0	0
LK-9218280	Hapugoda	Hapugoda	GND	128	4	0	0	0	0	0
LK-9218285	Dorawaka Udabage	Dorawaka Udabage	GND	426	17	0	0	0	0	0
LK-9218290	Weragoda	Weragoda	GND	441	1	0	0	0	0	0
LK-9218295	Palamure	Palamure	GND	460	7	0	1	0	0	0
LK-9218300	Bopitiya	Bopitiya	GND	399	9	0	0	0	0	2
LK-9218305	Algama Ihalagama	Algama Ihalagama	GND	247	7	0	0	0	0	2
LK-9218310	Algama	Algama	GND	489	11	1	0	0	0	0
LK-9218315	Madurupitiya	Madurupitiya	GND	271	6	0	0	0	0	0
LK-9218320	Kandegama	Kandegama	GND	266	2	0	0	0	0	0
LK-9218325	Uduwaka	Uduwaka	GND	570	14	0	2	0	0	1
LK-9218330	Hallawa	Hallawa	GND	193	2	0	0	0	0	0
LK-9218335	Ebidigala	Ebidigala	GND	203	11	0	1	0	0	1
LK-9218340	Alpitiya	Alpitiya	GND	257	5	0	0	0	0	0
LK-9218345	Kivuldeniya	Kivuldeniya	GND	452	5	0	1	0	0	0
LK-9218350	Kudapallegama	Kudapallegama	GND	297	3	0	0	0	0	0
LK-9218355	Thambadiya	Thambadiya	GND	302	7	0	0	0	0	0
LK-9218360	Elamaldeniya	Elamaldeniya	GND	175	2	0	0	0	0	1
LK-9218365	Malmaduwa	Malmaduwa	GND	206	1	0	0	0	0	0
LK-9218370	Polgampala	Polgampala	GND	308	4	0	0	0	0	0
LK-9218375	Weragala	Weragala	GND	366	8	0	0	0	0	2
LK-9218380	Pallepelpita	Pallepelpita	GND	333	5	0	0	0	0	0
LK-9218385	Pahala Lenagala	Pahala Lenagala	GND	308	3	0	0	0	0	1
LK-9218390	Welhella	Welhella	GND	387	13	0	0	0	0	1
LK-9221	Ruwanwella	Ruwanwella	DSD	17872	367	5	81	1	5	39
LK-9221005	Dunumala	Dunumala	GND	420	7	0	0	0	0	0
LK-9221010	Galapitamada	Galapitamada	GND	294	7	0	0	0	0	0
LK-9221015	Walgampatha	Walgampatha	GND	254	6	0	0	0	0	0
LK-9221020	Kadigamuwa	Kadigamuwa	GND	481	14	0	0	0	0	0
LK-9221025	Mahakanda	Mahakanda	GND	291	7	0	0	0	0	0
LK-9221030	Lenagala	Lenagala	GND	298	7	1	0	0	0	0
LK-9221035	Lewangama North	Lewangama North	GND	296	2	0	0	0	0	0
LK-9221040	Lewangama South	Lewangama South	GND	544	12	0	0	0	0	0
LK-9221045	Morathota	Morathota	GND	298	0	0	0	0	0	0
LK-9221050	Waharaka	Waharaka	GND	492	13	0	0	0	0	1
LK-9221055	Daluwalana	Daluwalana	GND	503	25	0	0	0	0	1
LK-9221060	Wahakula	Wahakula	GND	397	10	0	0	0	0	1
LK-9221065	Dannoruwa	Dannoruwa	GND	499	10	0	0	0	0	1
LK-9221070	Nivunhella	Nivunhella	GND	521	3	0	0	0	0	0
LK-9221075	Imbulana	Imbulana	GND	739	7	0	0	0	1	0
LK-9221080	Siyambalawala	Siyambalawala	GND	475	9	0	0	0	0	2
LK-9221085	Pethangoda	Pethangoda	GND	528	10	0	0	0	0	0
LK-9221090	Kannattota	Kannattota	GND	753	4	0	1	0	0	1
LK-9221095	Gonaramba	Gonaramba	GND	732	9	0	1	0	0	2
LK-9221100	Doranuwa	Doranuwa	GND	723	6	1	0	0	0	1
LK-9221105	Bopetta	Bopetta	GND	346	6	0	0	0	0	0
LK-9221110	Morawatta	Morawatta	GND	690	5	0	0	0	0	8
LK-9221115	Mahalla	Mahalla	GND	621	18	0	0	0	0	1
LK-9221120	Gonagala North	Gonagala North	GND	429	14	0	1	0	0	0
LK-9221125	Indurana	Indurana	GND	346	2	0	0	0	1	2
LK-9221130	Puranpotta	Puranpotta	GND	323	6	0	0	0	0	0
LK-9221135	Batuvita	Batuvita	GND	153	2	0	0	0	0	1
LK-9221140	Amithirigala North	Amithirigala North	GND	405	7	0	0	0	0	0
LK-9221145	Amithirigala South	Amithirigala South	GND	309	49	1	77	1	0	1
LK-9221150	Gonagala West	Gonagala West	GND	321	12	0	0	0	0	0
LK-9221155	Mapitigama	Mapitigama	GND	535	10	1	0	0	0	7
LK-9221160	Moraliya	Moraliya	GND	546	11	0	0	0	0	1
LK-9221165	Ruwanwella	Ruwanwella	GND	1005	8	0	1	0	2	3
LK-9221170	Wendala	Wendala	GND	784	5	1	0	0	0	0
LK-9221175	Mahadeniya	Mahadeniya	GND	246	7	0	0	0	0	4
LK-9221180	Udakanugala	Udakanugala	GND	311	6	0	0	0	0	0
LK-9221185	Palle Kanugala	Palle Kanugala	GND	487	20	0	0	0	0	0
LK-9221190	Medagoda	Medagoda	GND	477	11	0	0	0	1	1
LK-9224	Bulathkohipitiya	Bulathkohupitiya	DSD	12673	275	0	3	0	3	24
LK-9224005	Kanangamuwa	Kanangamuwa	GND	305	10	0	0	0	0	1
LK-9224010	Getiyamulla	Getiyamulla	GND	310	2	0	0	0	0	0
LK-9224015	Higgoda	Higgoda	GND	209	9	0	0	0	0	0
LK-9224020	Puspane	Puspane	GND	646	16	0	0	0	0	2
LK-9224025	Kabagamuwa	Kabagamuwa	GND	403	3	0	1	0	0	0
LK-9224030	Alawathura	Alawathura	GND	660	14	0	0	0	0	1
LK-9224035	Ambuwakka	Ambuwakka	GND	349	6	0	0	0	0	0
LK-9224040	Haloluwa	Haloluwa	GND	508	13	0	0	0	1	2
LK-9224045	Wegalla	Wegalla	GND	727	8	0	0	0	0	0
LK-9224050	Lewala	Lewala	GND	1044	18	0	0	0	0	2
LK-9224055	Bulathkohupitiya	Bulathkohupitiya	GND	518	8	0	0	0	1	1
LK-9224060	Rangalla	Rangalla	GND	487	18	0	0	0	0	0
LK-9224065	Nevismiyar Ihala	Nevismiyar Ihala	GND	759	14	0	0	0	0	3
LK-9224070	Uduwa	Uduwa	GND	416	3	0	0	0	0	1
LK-9224075	Dedugala	Dedugala	GND	290	3	0	1	0	0	0
LK-9224080	Pelempitiya	Pelempitiya	GND	385	10	0	0	0	0	0
LK-9224085	Neluwakkana	Neluwakkana	GND	171	3	0	0	0	0	0
LK-9224090	Udapotha	Udapotha	GND	431	14	0	0	0	0	0
LK-9224095	Kendawa	Kendawa	GND	629	9	0	0	0	0	0
LK-9224100	Narangala	Narangala	GND	399	18	0	1	0	0	0
LK-9224105	Urumeewala	Urumeewala	GND	321	1	0	0	0	0	2
LK-9224110	Punehela	Punehela	GND	292	17	0	0	0	0	0
LK-9224115	Panapitiya	Panapitiya	GND	724	17	0	0	0	0	3
LK-9224120	Ampagala	Ampagala	GND	728	11	0	0	0	0	0
LK-9224125	Thelkumuduwala	Thelkumuduwala	GND	348	2	0	0	0	0	0
LK-9224130	Kiriporuwa	Kiriporuwa	GND	362	23	0	0	0	0	5
LK-9224135	Ambamalla	Ambamalla	GND	252	5	0	0	0	1	1
LK-9227	Yatiyantota	Yatiyanthota	DSD	17108	379	5	8	0	3	38
LK-9227005	Mattamagoda	Mattamagoda	GND	1425	12	0	1	0	1	0
LK-9227010	Galpatha	Galpatha	GND	693	6	0	0	0	0	0
LK-9227015	Kabulumulla	Kabulumulla	GND	957	5	0	0	0	1	3
LK-9227020	Garagoda Pahala	Garagoda Pahala	GND	770	5	0	0	0	1	5
LK-9227025	Garagoda Ihala	Garagoda Ihala	GND	411	2	0	1	0	0	0
LK-9227030	Yatiyanthota	Yatiyanthota	GND	828	6	0	0	0	0	0
LK-9227035	Mahavila	Mahavila	GND	458	10	0	0	0	0	5
LK-9227040	Parussella	Parussella	GND	850	28	0	1	0	0	2
LK-9227045	Jayavinda Gama	Jayavindagama	GND	703	16	0	0	0	0	0
LK-9227050	Welihelathenna	Welihelathenna	GND	565	4	0	0	0	0	1
LK-9227055	Malalpola	Malalpola	GND	396	7	0	0	0	0	0
LK-9227060	Dombepola	Dombepola	GND	508	11	0	2	0	0	0
LK-9227065	Amanawala	Amanawala	GND	389	5	0	0	0	0	8
LK-9227070	Berannawa	Berannawa	GND	312	7	0	0	0	0	0
LK-9227075	Seepoth	Seepoth	GND	511	18	0	0	0	0	0
LK-9227080	Mahabage	Mahabage	GND	316	4	0	0	0	0	0
LK-9227085	Dunukedeniya	Dunukedeniya	GND	351	10	1	0	0	0	0
LK-9227090	Malwatta	Malwatta	GND	456	7	0	0	0	0	0
LK-9227095	Kirikohuthenna	Kirikohuthenna	GND	394	12	0	0	0	0	0
LK-9227100	Neluwathukanda	Neluwathukanda	GND	319	17	0	0	0	0	0
LK-9227105	Polpitiya	Polpitiya	GND	281	10	0	1	0	0	1
LK-9227110	Weeragalla	Weeragalla	GND	297	25	1	0	0	0	1
LK-9227115	Nawata	Nawata	GND	320	6	0	1	0	0	0
LK-9227120	Meegasthenna	Meegasthenna	GND	597	26	0	0	0	0	1
LK-9227125	Pelellegama	Pelellegama	GND	553	30	0	1	0	0	2
LK-9227130	Hakbellawaka	Hakbellawaka	GND	479	13	0	0	0	0	1
LK-9227135	Ganepalla	Ganepalla	GND	562	20	0	0	0	0	0
LK-9227140	Theligama	Theligama	GND	499	24	1	0	0	0	0
LK-9227145	Gonagamuwa	Gonagamuwa	GND	479	13	2	0	0	0	1
LK-9227150	Kithulgala North	Kithulgala North	GND	499	8	0	0	0	0	2
LK-9227155	Kalukohuthenna	Kalukohuthenna	GND	485	3	0	0	0	0	3
LK-9227160	Kithulgala South	Kithulgala South	GND	445	9	0	0	0	0	2
LK-9230	Dehiowita	Dehiovita	DSD	22941	414	3	5	0	3	37
LK-9230005	Kurupetta	Kurupetta	GND	462	14	0	0	0	0	0
LK-9230010	Daigala	Daigala	GND	219	10	0	0	0	0	0
LK-9230015	Eluwana	Eluwana	GND	393	3	0	0	0	0	2
LK-9230020	Magammana	Magammana	GND	492	4	0	0	0	0	0
LK-9230025	Kanangama	Kanangama	GND	861	27	1	1	0	0	0
LK-9230030	Walpola	Walpola	GND	1185	18	0	0	0	0	0
LK-9230035	Boralankada	Boralankada	GND	649	11	0	0	0	0	0
LK-9230040	Dikella	Dikella	GND	892	17	0	0	0	0	3
LK-9230045	Kahanavita	Kahanwita	GND	412	4	0	0	0	0	0
LK-9230050	Dehiovita	Dehiovita	GND	964	3	2	0	0	0	1
LK-9230055	Atulugamwela	Atulugamwela	GND	268	1	0	0	0	0	1
LK-9230060	Atulugama	Atulugama	GND	498	11	0	0	0	0	1
LK-9230065	Kelegama	Kelegama	GND	314	11	0	0	0	0	0
LK-9230070	Napawala	Napawala	GND	748	10	0	0	0	0	1
LK-9230075	Uduvila	Uduvila	GND	520	2	0	0	0	1	1
LK-9230080	Epalapitiya	Epalapitiya	GND	836	6	0	0	0	0	2
LK-9230085	Pahala Thaldoowa	Pahala Thaldoowa	GND	1219	10	0	0	0	0	2
LK-9230090	Ihala Thaldoowa	Ihala Thaldoowa	GND	786	6	0	0	0	0	2
LK-9230095	Debegama	Debegama	GND	552	28	0	0	0	0	3
LK-9230100	Thimbiripola	Thimbiripola	GND	913	11	0	1	0	0	0
LK-9230105	Algoda	Algoda	GND	482	8	0	1	0	0	0
LK-9230110	Hinguralakanda East	Hinguralakanda East	GND	303	3	0	0	0	0	0
LK-9230115	Batangala	Batangala	GND	726	25	0	1	0	0	0
LK-9230120	Viharakanda	Viharakanda	GND	379	10	0	0	0	0	0
LK-9230125	Galabalana Kanda	Galabalana Kanda	GND	437	2	0	0	0	0	2
LK-9230130	Maniyangama	Maniyangama	GND	545	10	0	0	0	0	0
LK-9230135	Madola	Madola	GND	1056	0	0	1	0	0	1
LK-9230140	Welangalla	Welangalla	GND	744	13	0	0	0	0	0
LK-9230145	Bomaluwa	Bomaluwa	GND	353	4	0	0	0	0	0
LK-9230150	Rangegama	Rangegama	GND	769	22	0	0	0	0	1
LK-9230155	Panawala	Panawala	GND	607	8	0	0	0	0	0
LK-9230160	Hinguralakanda West	Hinguralakanda West	GND	555	16	0	0	0	0	0
LK-9230165	Pukunuwala	Pukunuwala	GND	464	12	0	0	0	0	0
LK-9230170	Godagampala	Godagampala	GND	465	36	0	0	0	0	0
LK-9230175	Ambalampitiya	Ambalampitiya	GND	441	5	0	0	0	1	2
LK-9230180	Madagammana	Madagammana	GND	217	6	0	0	0	0	0
LK-9230185	Pannila	Pannila	GND	409	14	0	0	0	0	5
LK-9230190	Imbulpitiya	Imbulpitiya	GND	419	5	0	0	0	0	0
LK-9230195	Elavulla	Elavulla	GND	387	8	0	0	0	1	7
LK-9233	Deraniyagala	Deraniyagala	DSD	12744	291	4	12	0	1	28
LK-9233005	Ballahela	Ballahela	GND	190	4	0	1	0	0	0
LK-9233010	Behenella	Behenella	GND	405	6	0	2	0	0	0
LK-9233015	Nilwala	Nilwala	GND	340	8	0	0	0	0	0
LK-9233020	Dodawatta	Dodawatta	GND	591	10	0	1	0	0	0
LK-9233025	Basnagala	Basnagala	GND	579	16	0	0	0	0	1
LK-9233030	Keerihena	Keerihena	GND	246	10	0	0	0	0	0
LK-9233035	Udabage	Udabage	GND	541	11	1	0	0	0	1
LK-9233040	Wattegedara	Wattegedara	GND	1181	10	2	1	0	0	10
LK-9233045	Deraniyagala	Deraniyagala	GND	894	7	0	2	0	1	3
LK-9233050	Lassegama	Lassegama	GND	507	11	0	0	0	0	0
LK-9233055	Anhettigama	Anhettigama	GND	381	8	0	0	0	0	1
LK-9233060	Panakoora	Panakoora	GND	333	6	0	0	0	0	0
LK-9233065	Pandaha	Pandaha	GND	410	11	0	0	0	0	0
LK-9233070	Polgaswatta	Polgaswatta	GND	375	8	0	0	0	0	1
LK-9233075	Maliboda	Maliboda	GND	506	32	0	3	0	0	0
LK-9233080	Poddenikanda	Poddenikanda	GND	643	20	0	0	0	0	0
LK-9233085	Nakkavita	Nakkavita	GND	380	7	0	0	0	0	0
LK-9233090	Miyanavita	Miyanawita	GND	604	13	0	0	0	0	1
LK-9233095	Deraniyagala South	Deraniyagala South	GND	851	16	0	0	0	0	2
LK-9233100	Rasnakkanda	Rasnakkanda	GND	388	7	0	0	0	0	0
LK-9233105	Udapola	Udapola	GND	536	9	0	0	0	0	6
LK-9233110	Demeda	Demeda	GND	254	16	0	0	0	0	0
LK-9233115	Kosgahakanda	Kosgahakanda	GND	650	18	0	0	0	0	0
LK-9233120	Yatiwala	Yatiwala	GND	491	13	0	1	0	0	2
LK-9233125	Magala	Magala	GND	290	6	1	1	0	0	0
LK-9233130	Dikellakanda	Dikellakanda	GND	178	8	0	0	0	0	0
