region_id	region_name	region_ent_type	total_value	male	female
LK	Sri Lanka	country	21781800	10512344	11269456
LK-1	Western	province	6117341	2961374	3155967
LK-2	Central	province	2714045	1298405	1415640
LK-3	Southern	province	2606679	1258830	1347849
LK-6	North Western	province	2586972	1243316	1343656
LK-12	Gampaha	district	2436142	1175469	1260673
EC-02	Gampaha	ed	2436142	1175469	1260673
LK-11	Colombo	district	2375415	1154799	1220616
EC-01	Colombo	ed	2375415	1154799	1220616
LK-9	Sabaragamuwa	province	2015899	978537	1037362
LK-5	Eastern	province	1783214	850607	932607
LK-61	Kurunegala	district	1768156	849072	919084
EC-15	Kurunegala	ed	1768156	849072	919084
LK-21	Kandy	district	1461895	696713	765182
EC-04	Kandy	ed	1461895	696713	765182
LK-7	North Central	province	1407610	686257	721353
LK-8	Uva	province	1399892	683745	716147
LK-13	Kalutara	district	1305784	631106	674678
EC-03	Kalutara	ed	1305784	631106	674678
LK-4	Northern	province	1150148	551273	598875
LK-91	Ratnapura	district	1145423	562459	582964
EC-21	Ratnapura	ed	1145423	562459	582964
LK-31	Galle	district	1097372	527640	569732
EC-07	Galle	ed	1097372	527640	569732
LK-71	Anuradhapura	district	960080	466571	493509
EC-17	Anuradhapura	ed	960080	466571	493509
LK-81	Badulla	district	872307	422818	449489
EC-19	Badulla	ed	872307	422818	449489
LK-92	Kegalle	district	870476	416078	454398
EC-22	Kegalle	ed	870476	416078	454398
LK-32	Matara	district	837889	401980	435909
EC-08	Matara	ed	837889	401980	435909
LK-62	Puttalam	district	818816	394244	424572
EC-16	Puttalam	ed	818816	394244	424572
LK-52	Ampara	district	744551	354018	390533
EC-13	Digamadulla	ed	744551	354018	390533
EC-10	Jaffna	ed	731461	347677	383784
LK-23	Nuwara Eliya	district	725280	346471	378809
EC-06	Nuwara-Eliya	ed	725280	346471	378809
LK-33	Hambantota	district	671418	329210	342208
EC-09	Hambantota	ed	671418	329210	342208
LK-51	Batticaloa	district	595918	278885	317033
LK-41	Jaffna	district	594751	281553	313198
EC-12	Batticaloa	ed	592371	277263	315108
LK-82	Monaragala	district	527585	260927	266658
EC-20	Moneragala	ed	527585	260927	266658
LK-22	Matale	district	526870	255221	271649
EC-05	Matale	ed	526870	255221	271649
LG-11011	Colombo MC	lg	509207	251376	257831
LK-72	Polonnaruwa	district	447530	219686	227844
EC-18	Polonnaruwa	ed	447530	219686	227844
LK-53	Trincomalee	district	442745	217704	225041
EC-14	Trincomalee	ed	442745	217704	225041
EC-06A	Nuwara Eliya Maskeliya	pd	421768	200765	221003
EC-11	Vanni	ed	418491	203494	214997
LG-11031	Homagama PS	lg	298883	145646	153237
LK-1103	Colombo	dsd	292089	145398	146691
EC-12B	Batticaloa	pd	285825	133635	152190
LK-1112	Homagama	dsd	280771	136794	143977
EC-01L	Homagama	pd	280771	136794	143977
LK-1109	Kaduwela	dsd	277918	135711	142207
EC-01J	Kaduwela	pd	277918	135711	142207
LG-11015	Kaduwela MC	lg	277918	135711	142207
LK-1136	Kesbewa	dsd	263541	126461	137080
EC-01N	Kesbewa	pd	263541	126461	137080
EC-16A	Puttalam	pd	261244	127362	133882
EC-13D	Pothuvil	pd	250333	118194	132139
EC-09D	Thissamaharama	pd	249813	124052	125761
EC-13A	Ampara	pd	243149	118987	124162
LK-1206	Katana	dsd	241219	116933	124286
EC-02C	Katana	pd	241219	116933	124286
EC-20C	Wellawaya	pd	232658	115364	117294
EC-04B	Harispattuwa	pd	225347	106755	118592
LK-1233	Mahara	dsd	223060	107736	115324
EC-02J	Mahara	pd	223060	107736	115324
LG-12039	Mahara PS	lg	223060	107736	115324
LK-1127	Thimbirigasyaya	dsd	217118	105978	111140
EC-18C	Polonnaruwa	pd	216159	106435	109724
LK-1106	Kolonnawa	dsd	214070	104663	109407
EC-01H	Kolonnawa	pd	214070	104663	109407
EC-21H	Kolonna	pd	210076	103418	106658
LK-1239	Biyagama	dsd	207155	102168	104987
EC-02L	Biyagama	pd	207155	102168	104987
LG-12032	Biyagama PS	lg	207155	102168	104987
LK-1224	Gampaha	dsd	205610	97910	107700
EC-02H	Gampaha	pd	205610	97910	107700
EC-03B	Bandaragama	pd	205357	99426	105931
LK-1221	Ja Ela	dsd	204806	98114	106692
EC-02I	Ja Ela	pd	204806	98114	106692
LG-11024	Kesbewa UC	lg	204301	98221	106080
LK-1215	Minuwangoda	dsd	198774	95427	103347
EC-02F	Minuwangoda	pd	198774	95427	103347
LK-1227	Attanagalla	dsd	197725	94666	103059
EC-02G	Attanagalla	pd	197725	94666	103059
LG-12031	Attanagalla PS	lg	197725	94666	103059
LK-1121	Maharagama	dsd	196500	93230	103270
EC-01M	Maharagama	pd	196500	93230	103270
LG-11023	Maharagama UC	lg	196500	93230	103270
EC-01K	Avissawella	pd	195142	94944	100198
EC-03C	Horana	pd	192046	92568	99478
LG-12040	Minuwangoda PS	lg	191623	91987	99636
EC-05A	Dambulla	pd	191507	93898	97609
LG-12037	Katana PS	lg	189258	90776	98482
LK-1303	Panadura	dsd	187475	89759	97716
EC-14C	Muttur	pd	185230	92162	93068
LK-1218	Wattala	dsd	182505	88408	94097
EC-02A	Wattala	pd	182505	88408	94097
LG-11012	Dehiwala Mount Lavinia MC	lg	181878	88113	93765
LG-13036	Horana PS	lg	181677	87832	93845
LK-1324	Beruwala	dsd	180820	88567	92253
EC-03G	Beruwala	pd	180820	88567	92253
EC-12A	Kalkudah	pd	178323	84933	93390
LK-1212	Mirigama	dsd	176747	84701	92046
EC-02E	Mirigama	pd	176747	84701	92046
LG-12041	Mirigama PS	lg	176747	84701	92046
LG-12036	Ja- Ela PS	lg	174600	83723	90877
EC-17E	Kalawewa	pd	174222	84262	89960
EC-09C	Tangalle	pd	173240	85292	87948
LK-43	Vavuniya	district	172312	82831	89481
EC-11B	Vavuniya	pd	172312	82831	89481
LK-1230	Dompe	dsd	169877	82380	87497
EC-02K	Dompe	pd	169877	82380	87497
LG-12034	Dompe PS	lg	169877	82380	87497
EC-21B	Ratnapura	pd	169779	83839	85940
LK-1321	Kalutara	dsd	166624	79889	86735
EC-03F	Kalutara	pd	166624	79889	86735
EC-20B	Monaragala	pd	166601	82476	84125
EC-01B	Colombo Central	pd	164742	82734	82008
LG-61038	Kurunegala PS	lg	164382	77880	86502
EC-03A	Panadura	pd	162417	77690	84727
LK-2314	Norwood	dsd	161367	75707	85660
EC-16B	Anamaduwa	pd	160216	78062	82154
LK-1133	Moratuwa	dsd	160199	77580	82619
EC-01O	Moratuwa	pd	160199	77580	82619
LG-11013	Moratuwa MC	lg	160199	77580	82619
LK-9148	Embilipitiya	dsd	160008	78481	81527
EC-15C	Yapahuwa	pd	157522	76527	80995
EC-17C	Anuradhapura East	pd	157259	76169	81090
LK-1209	Divulapitiya	dsd	156957	75924	81033
EC-02D	Divulapitiya	pd	156957	75924	81033
LG-12033	Divulapitiya PS	lg	156957	75924	81033
EC-17D	Anuradhapura West	pd	156039	76852	79187
EC-16C	Chilaw	pd	155382	74507	80875
LG-11033	Kotikawatta-Mullariyawa PS	lg	154645	75450	79195
LG-13039	Panadura PS	lg	154429	74190	80239
LG-12042	Wattala PS	lg	153366	74292	79074
LK-2130	Gangawata Korale	dsd	153329	71662	81667
EC-03E	Mathugama	pd	153154	74194	78960
EC-21D	Balangoda	pd	152466	73241	79225
EC-19A	Mahiyanganaya	pd	149964	74204	75760
EC-04L	Gampola	pd	145430	69236	76194
LG-21035	Medadumbara PS	lg	144874	68523	76351
LG-11034	Seethawaka PS	lg	144791	70374	74417
EC-14B	Trincomalee	pd	144459	70007	74452
LK-2127	Kundasale	dsd	144383	68276	76107
EC-04F	Kundasale	pd	144383	68276	76107
EC-07I	Akmeemana	pd	144026	68635	75391
EC-15I	Kuliyapitiya	pd	143810	68250	75560
EC-15A	Galgamuwa	pd	143531	70116	73415
EC-09A	Mulkirigala	pd	143328	69802	73526
LG-12035	Gampaha PS	lg	142001	68124	73877
EC-21E	Rakwana	pd	139953	68153	71800
LG-12011	Negombo MC	lg	139740	66998	72742
LG-61037	Kuliyapitiya PS	lg	138709	65803	72906
LK-1203	Negombo	dsd	137952	66137	71815
EC-02B	Negombo	pd	137952	66137	71815
EC-15D	Hiriyala	pd	137598	66268	71330
LG-61035	Ibbagamuwa PS	lg	137598	66268	71330
LG-13033	Beruwala PS	lg	136904	66643	70261
EC-13B	Samanthurai	pd	136842	63499	73343
LK-45	Kilinochchi	district	136710	66124	70586
EC-10K	Kilinochchi	pd	136710	66124	70586
LK-6178	Pannala	dsd	135845	64982	70863
EC-15H	Katugampola	pd	135845	64982	70863
LG-61043	Pannala PS	lg	135845	64982	70863
LG-62034	Kalpitiya PS	lg	135585	66507	69078
EC-04M	Nawalapitiya	pd	135233	64674	70559
LK-1236	Kelaniya	dsd	133755	64965	68790
EC-02M	Kelaniya	pd	133755	64965	68790
LK-1309	Horana	dsd	133685	63947	69738
EC-15B	Nikaweratiya	pd	133014	64367	68647
EC-08G	Weligama	pd	132096	63962	68134
EC-21A	Eheliyagoda	pd	132023	64907	67116
LG-91039	Kuruvita PS	lg	131597	65087	66510
EC-01A	Colombo North	pd	130996	64097	66899
EC-15L	Kurunegala	pd	130872	62280	68592
EC-03H	Agalawatta	pd	130707	63156	67551
EC-15M	Mawathagama	pd	130358	62078	68280
LK-2313	Thalawakele	dsd	129531	61832	67699
EC-17A	Medawachchiya	pd	129486	62957	66529
EC-20A	Bibile	pd	128326	63087	65239
EC-12C	Paddiruppu	pd	128223	58695	69528
EC-07F	Baddegama	pd	127896	61839	66057
EC-16E	Wennappuwa	pd	127641	60488	67153
LG-62040	Wennappuwa PS	lg	127641	60488	67153
EC-08A	Deniyaya	pd	127524	62123	65401
EC-07E	Hiniduma	pd	126739	61572	65167
LK-9206	Mawanella	dsd	126026	59753	66273
EC-22E	Mawanella	pd	126026	59753	66273
LG-92036	Mawanella PS	lg	126026	59753	66273
EC-15J	Dambadeniya	pd	125495	60114	65381
LK-1306	Bandaragama	dsd	124133	60177	63956
LG-13032	Bandaragama PS	lg	124133	60177	63956
LK-3242	Matara Four Gravets	dsd	123868	58394	65474
EC-08F	Matara	pd	123868	58394	65474
LK-42	Mannar	district	123756	61047	62709
EC-11A	Mannar	pd	123756	61047	62709
EC-05D	Rattota	pd	123320	58529	64791
EC-17B	Horowpothana	pd	122807	59729	63078
LK-44	Mullaitivu	district	122619	59718	62901
EC-08C	Akuressa	pd	122577	58426	64151
EC-11C	Mullaitivu	pd	122423	59616	62807
LK-1115	Seethawaka	dsd	122128	59493	62635
EC-17G	Kekirawa	pd	121484	59175	62309
EC-15G	Bingiriya	pd	121190	57839	63351
LK-9112	Ratnapura	dsd	121166	59557	61609
LK-2139	Udunuwara	dsd	121018	58322	62696
EC-04K	Udunuwara	pd	121018	58322	62696
LG-21046	Udunuwara PS	lg	121018	58322	62696
EC-08B	Hakmana	pd	120953	58592	62361
EC-21F	Nivithigala	pd	120030	59386	60644
EC-18A	Minneriya	pd	119216	58610	60606
EC-21C	Pelmadulla	pd	118850	58797	60053
LK-9218	Warakapola	dsd	117967	56128	61839
EC-22A	Dedigama	pd	117967	56128	61839
LG-92039	Warakapola PS	lg	117967	56128	61839
EC-04C	Pathadumbara	pd	117246	55607	61639
LK-4309	Vavuniya	dsd	116991	55905	61086
LG-91035	Embilipitiya PS	lg	116910	57411	59499
EC-07D	Bentara Elpitiya	pd	116321	56069	60252
EC-05C	Matale	pd	115434	54932	60502
EC-19H	Bandarawela	pd	114927	56138	58789
EC-03D	Bulathsinhala	pd	114659	55616	59043
EC-16D	Nattandiya	pd	114333	53825	60508
LG-62036	Nattandiya PS	lg	114333	53825	60508
EC-13C	Kalmunai	pd	114227	53338	60889
LG-52011	Kalmunai MC	lg	114227	53338	60889
LG-21045	Udapalatha PS	lg	114049	54859	59190
EC-14A	Seruvila	pd	113056	55535	57521
LK-2136	Yatinuwara	dsd	112642	53808	58834
EC-04J	Yatinuwara	pd	112642	53808	58834
EC-18B	Medirigiriya	pd	112155	54641	57514
EC-07J	Habaraduwa	pd	111506	53817	57689
LG-32042	Weligama PS	lg	110734	53542	57192
LG-51011	Koralai Pattu PS	lg	110461	51270	59191
LG-12038	Kelaniya PS	lg	109252	52226	57026
EC-04H	Senkadagala	pd	109056	50503	58553
LK-3139	Galle 4 Gravets	dsd	108321	52217	56104
EC-07H	Galle	pd	108321	52217	56104
LG-71047	Thalawa PS	lg	108277	52767	55510
EC-06D	Walapane	pd	107709	52096	55613
LG-23035	Walapane PS	lg	107709	52096	55613
EC-15E	Wariyapola	pd	105930	50898	55032
LG-61047	Wariyapola PS	lg	105930	50898	55032
EC-08E	Devinuwara	pd	105742	50577	55165
LK-8130	Welimada	dsd	105510	51300	54210
EC-19G	Welimada	pd	105510	51300	54210
LG-81044	Welimada  PS	lg	105510	51300	54210
EC-08D	Kamburupitiya	pd	105129	49906	55223
EC-09B	Beliatta	pd	105037	50064	54973
EC-15K	Polgahawela	pd	104055	49563	54492
LG-61044	Polgahawela PS	lg	104055	49563	54492
EC-06B	Kothmale	pd	103697	49583	54114
LG-23033	Kothmale PS	lg	103697	49583	54114
LK-2151	Udapalatha	dsd	103181	48900	54281
EC-22H	Ruwanwella	pd	103160	49760	53400
EC-15F	Panduwasnuwara	pd	102976	49605	53371
LG-61042	Panduwasnuwara PS	lg	102976	49605	53371
EC-21G	Kalawana	pd	102246	50718	51528
EC-07G	Ratgama	pd	101080	48633	52447
LG-21011	Kandy MC/ Pathadumbara PS	lg	100877	47815	53062
LK-5315	Town & Gravets	dsd	100270	48331	51939
EC-07B	Ambalangoda	pd	100115	47806	52309
LG-45031	Karachchi PS	lg	99552	47867	51685
EC-17F	Mihinthale	pd	98783	47427	51356
LK-9106	Kuruvita	dsd	97966	48516	49450
LG-91040	Nivithigala PS	lg	97871	48585	49286
LG-13037	Kalutara PS	lg	97410	46907	50503
EC-22G	Yatiyanthota	pd	97057	47075	49982
LK-6203	Kalpitiya	dsd	96995	47804	49191
EC-05B	Laggala	pd	96609	47862	48747
LK-1124	Sri Jayawardanapura Kotte	dsd	96189	45927	50262
EC-01I	Kotte	pd	96189	45927	50262
LG-11014	Sri Jayawardanapura Kotte MC	lg	96189	45927	50262
LK-6163	Rideegama	dsd	95960	46185	49775
EC-15N	Dodangaslanda	pd	95960	46185	49775
LG-61046	Rideegama PS	lg	95960	46185	49775
LK-5118	Manmunai North	dsd	95107	44402	50705
LK-6215	Puttalam	dsd	94777	45989	48788
LK-9212	Kegalle	dsd	94314	44608	49706
EC-22C	Kegalle	pd	94314	44608	49706
LK-5112	Eravur Pattu	dsd	94237	43683	50554
LK-8124	Hali-Ela	dsd	94226	44945	49281
EC-19E	Hali Ela	pd	94226	44945	49281
LG-81035	Hali-Ela  PS	lg	94226	44945	49281
LK-6130	Ibbagamuwa	dsd	94167	45364	48803
LK-2133	Harispattuwa	dsd	94021	44644	49377
LK-9124	Pelmadulla	dsd	93818	46407	47411
LK-1130	Dehiwala	dsd	93815	45175	48640
EC-01F	Dehiwala	pd	93815	45175	48640
LK-2112	Pathadumbara	dsd	93476	44157	49319
EC-07C	Karandeniya	pd	93218	44600	48618
EC-04G	Hewaheta	pd	92543	43967	48576
LG-21041	Pathhewaheta PS	lg	92543	43967	48576
LG-21047	Yatinuwara PS	lg	92494	44118	48376
LG-61041	Nikaweratiya PS	lg	92345	44557	47788
LG-21033	Harispattuwa PS	lg	92272	43810	48462
EC-06C	Hanguranketha	pd	92106	44027	48079
LG-23032	Hanguranketha PS	lg	92106	44027	48079
LK-7215	Thamankaduwa	dsd	92056	44786	47270
LG-33039	Weeraketiya PS	lg	91750	44317	47433
EC-22I	Deraniyagala	pd	91609	44815	46794
LG-91041	Pelmadulla PS	lg	91439	45271	46168
LG-62033	Chilaw PS	lg	91432	43760	47672
LG-61033	Galgamuwa PS	lg	90076	43956	46120
LG-61039	Maho PS	lg	89637	43423	46214
LG-31011	Galle MC	lg	89242	42790	46452
LK-8103	Mahiyanganaya	dsd	89082	44008	45074
LG-81038	Mahiyanganaya PS	lg	89082	44008	45074
LK-6154	Kurunegala	dsd	88999	42611	46388
LK-2312	Nuwara Eliya	dsd	88332	43244	45088
LK-1131	Ratmalana	dsd	88063	42938	45125
EC-01G	Ratmalana	pd	88063	42938	45125
EC-19I	Haputale	pd	87058	42478	44580
LK-9203	Rambukkana	dsd	87055	41309	45746
EC-22D	Rambukkana	pd	87055	41309	45746
LG-92037	Rambukkana PS	lg	87055	41309	45746
LG-62031	Anamaduwa PS	lg	86580	42114	44466
LK-5324	Kinniya	dsd	86504	43372	43132
LK-6127	Polpitigama	dsd	86411	42170	44241
LG-61045	Polpithigama PS	lg	86411	42170	44241
LK-3145	Akmeemana	dsd	86136	41187	44949
LG-31031	Akmeemana PS	lg	86136	41187	44949
LK-1330	Matugama	dsd	86065	41648	44417
LG-13038	Mathugama PS	lg	86065	41648	44417
LK-7212	Dimbulagala	dsd	85907	42635	43272
LG-72031	Dimbulagala PS	lg	85907	42635	43272
LK-9230	Dehiowita	dsd	84967	41523	43444
LG-92032	Dehiovita PS	lg	84967	41523	43444
EC-01D	Colombo East	pd	84677	40297	44380
EC-22B	Galigamuwa	pd	84213	40021	44192
LG-32011	Matara MC	lg	83585	39132	44453
LG-71037	Kekirawa PS	lg	83455	40870	42585
LK-8121	Badulla	dsd	83033	38537	44496
EC-19D	Badulla	pd	83033	38537	44496
LG-41011	Jaffna MC	lg	82940	39323	43617
LK-6172	Kuliyapitiya West	dsd	82587	38801	43786
LK-8127	Uvaparanagama	dsd	82069	39841	42228
EC-19F	Uva Paranagama	pd	82069	39841	42228
LG-81043	Uva Paranagama  PS	lg	82069	39841	42228
EC-19C	Passara	pd	81517	39087	42430
LK-2206	Dambulla	dsd	81239	40580	40659
EC-10E	Kopay	pd	80696	38373	42323
LG-82039	Thanamalvila PS	lg	80614	39757	40857
LK-3315	Ambalantota	dsd	80506	40042	40464
LG-33031	Ambalantota PS	lg	80506	40042	40464
LK-2218	Matale	dsd	80376	38083	42293
LK-3333	Tangalle	dsd	79543	38735	40808
EC-10D	Manipay	pd	78937	37216	41721
LG-31033	Baddegama PS	lg	78658	37890	40768
LK-2203	Galewela	dsd	78639	38162	40477
LG-22033	Galewela PS	lg	78639	38162	40477
LK-9142	Godakawela	dsd	78541	37951	40590
LG-91044	Godakawela PS	lg	78541	37951	40590
EC-04D	Ududumbara	pd	78388	38479	39909
LG-92035	Kegalle PS	lg	78064	37031	41033
LG-32035	Kamburupitiya PS	lg	77122	36482	40640
LG-31036	Bope_Poddala PS	lg	76969	36875	40094
LG-33035	Katuwana PS	lg	76521	37262	39259
LK-7133	Nuwaragam Palatha East	dsd	76138	36940	39198
LK-3239	Weligama	dsd	76136	36967	39169
LK-4118	Valikamam East (Kopay)	dsd	75979	36084	39895
LG-41037	Valikamam East PS	lg	75979	36084	39895
LG-43033	Vavuniya South (Tamil) PS	lg	75458	36528	38930
LK-9118	Balangoda	dsd	74893	36403	38490
LG-31039	Rajgama PS	lg	74864	36063	38801
LG-71041	Nuwaragam Palatha Central PS	lg	74842	36776	38066
LK-4509	Karachchi	dsd	74631	35842	38789
LK-3309	Thissamaharama	dsd	74175	36909	37266
LG-33038	Thissamaharama PS	lg	74175	36909	37266
LK-9103	Eheliyagoda	dsd	74071	36492	37579
LG-91034	Eheliyagoda PS	lg	74071	36492	37579
EC-19B	Viyaluwa	pd	74003	36288	37715
LK-9215	Galigamuwa	dsd	73778	35048	38730
LG-92034	Galigamuwa PS	lg	73778	35048	38730
LK-8221	Wellawaya	dsd	73280	36227	37053
LG-82040	Wellawaya PS	lg	73280	36227	37053
LG-21040	Pathadumbara PS	lg	73142	34609	38533
LK-1118	Padukka	dsd	73014	35451	37563
LK-4133	Nallur	dsd	72884	33568	39316
EC-10I	Nallur	pd	72884	33568	39316
LK-5218	Sammanthurai	dsd	72794	33553	39241
LG-52043	Sammanthurai PS	lg	72794	33553	39241
LK-6218	Mundel	dsd	72570	34947	37623
LK-7206	Medirigiriya	dsd	72482	35670	36812
LG-72035	Medirigiriya PS	lg	72482	35670	36812
LK-2233	Ukuwela	dsd	72313	34176	38137
EC-01C	Borella	pd	72089	36976	35113
LG-33037	Tangalle PS	lg	71976	35061	36915
LK-5327	Muthur	dsd	71881	35544	36337
LG-53036	Muttur PS	lg	71881	35544	36337
LK-7115	Nuwaragam Palatha Central	dsd	71529	35162	36367
LK-6145	Panduwasnuwara West	dsd	71186	34301	36885
LK-2109	Akurana	dsd	71010	33539	37471
LG-21031	Akurana PS	lg	71010	33539	37471
LG-71011	Anuradhapura MC/ Nuwaragam Palatha Central PS	lg	70972	34604	36368
LK-6160	Mawathagama	dsd	70867	33784	37083
LG-61040	Mawathagama PS	lg	70867	33784	37083
LK-7203	Higurakgoda	dsd	70651	34397	36254
LG-72033	Hingurakgoda PS	lg	70651	34397	36254
EC-04A	Galagedara	pd	69917	33667	36250
LG-21043	Thumpane PS	lg	69917	33667	36250
LG-22039	Ukuwela PS	lg	69670	32963	36707
LG-13011	Kalutara MC	lg	69214	32982	36232
LK-9209	Aranayake	dsd	69075	32609	36466
EC-22F	Aranayaka	pd	69075	32609	36466
LG-92031	Aranayaka  PS	lg	69075	32609	36466
LK-3106	Balapitiya	dsd	68150	32452	35698
EC-07A	Balapitiya	pd	68150	32452	35698
LG-31034	Balapitiya PS	lg	68150	32452	35698
LK-4130	Thenmaradchi (Chavakachcheri)	dsd	67782	32108	35674
EC-10H	Chavakachcheri	pd	67782	32108	35674
LK-6187	Polgahawela	dsd	67465	32176	35289
LK-5203	Dehiattakandiya	dsd	67274	33196	34078
LG-52034	Dehiattakandiya PS	lg	67274	33196	34078
LK-3312	Hambantota	dsd	67207	33392	33815
LK-1327	Dodangoda	dsd	67089	32546	34543
LG-13035	Dodangoda PS	lg	67089	32546	34543
LK-6142	Bingiriya	dsd	66724	31869	34855
LG-61032	Bingiriya PS	lg	66724	31869	34855
LK-3112	Elpitiya	dsd	66671	32028	34643
LG-31037	Elpitiya PS	lg	66671	32028	34643
LK-6136	Wariyapola	dsd	66488	31986	34502
LK-9221	Ruwanwella	dsd	65797	31671	34126
LG-92038	Ruwanwella  PS	lg	65797	31671	34126
LK-6184	Alawwa	dsd	65689	31625	34064
LG-61031	Alawwa PS	lg	65689	31625	34064
LK-2157	Pasbagekorale	dsd	65553	30883	34670
LK-1312	Bulathsinhala	dsd	65550	31911	33639
LG-13034	Bulathsinhala PS	lg	65550	31911	33639
LK-6242	Nattandiya	dsd	65500	30820	34680
LK-8133	Bandarawela	dsd	65488	31527	33961
LG-62032	Arachchikattuwa PS	lg	65366	31480	33886
LK-7154	Kekirawa	dsd	65317	31751	33566
LK-2309	Walapane	dsd	65287	31686	33601
LG-23037	Noorwood PS	lg	65205	30669	34536
LK-6245	Wennappuwa	dsd	64768	30482	34286
LG-91042	Ratnapura PS	lg	64720	32103	32617
LG-23031	Ambagamuwa PS	lg	64679	30329	34350
LK-9115	Imbulpe	dsd	64555	30398	34157
LK-2124	Medadumbara	dsd	64539	31415	33124
EC-04E	Teldeniya	pd	64539	31415	33124
LG-23038	Agarapathana PS	lg	64172	30986	33186
LK-6124	Maho	dsd	64122	31117	33005
LK-3109	Karandeniya	dsd	63862	30467	33395
LG-31040	Karandeniya PS	lg	63862	30467	33395
LK-6233	Chilaw	dsd	63639	30199	33440
LG-21036	Medadumbara PS	lg	63625	30960	32665
LG-12012	Gampaha MC	lg	63609	29786	33823
EC-10B	Vaddukoddai	pd	63496	30228	33268
LK-3154	Habaraduwa	dsd	63302	30710	32592
LG-31038	Habaraduwa PS	lg	63302	30710	32592
LK-8212	Siyambalanduwa	dsd	63055	31502	31553
LG-82038	Siyambalanduwa PS	lg	63055	31502	31553
LK-5136	Manmunai South & Eruvil Pattu	dsd	62920	29562	33358
LG-51038	Manmunai South & Eruvil Pattu PS	lg	62920	29562	33358
LK-6248	Dankotuwa	dsd	62873	30006	32867
LG-31032	Ambalangoda PS	lg	62832	30060	32772
LK-9227	Yatiyantota	dsd	62255	30352	31903
LG-92040	Yatiyanthota PS	lg	62255	30352	31903
LK-5212	Uhana	dsd	62216	30167	32049
LG-52045	Uhana PS	lg	62216	30167	32049
LK-6106	Galgamuwa	dsd	61759	30170	31589
LK-2303	Kothmale East	dsd	61742	29574	32168
LG-62038	Puttalam PS	lg	61570	30055	31515
LG-91043	Weligepola PS	lg	61412	30202	31210
LK-6169	Kuliyapitiya East	dsd	61223	29449	31774
LK-7148	Thalawa	dsd	61216	29803	31413
LK-3209	Pasgoda	dsd	61171	29936	31235
LG-32040	Pasgoda PS	lg	61171	29936	31235
LG-91036	Imbulpe PS	lg	61062	28770	32292
LK-3206	Kotapola	dsd	61002	29750	31252
LG-32036	Kotapola PS	lg	61002	29750	31252
LK-8106	Rideemaliyadda	dsd	60882	30196	30686
LG-81041	Rideemaliyadda PS	lg	60882	30196	30686
LK-2145	Pathahewaheta	dsd	60639	29235	31404
LK-8224	Buttala	dsd	60606	30180	30426
LG-82033	Buttala PS	lg	60606	30180	30426
LK-2106	Poojapitiya	dsd	60316	28572	31744
LG-21042	Pujapitiya PS	lg	60316	28572	31744
LK-6181	Narammala	dsd	59806	28489	31317
LG-61049	Narammala PS	lg	59806	28489	31317
LK-3133	Ambalangoda	dsd	59617	28447	31170
LK-6157	Mallawapitiya	dsd	59491	28294	31197
LK-9136	Nivithigala	dsd	59442	29447	29995
LG-11021	Kolonnawa UC	lg	59425	29213	30212
LG-11025	Boralesgamuwa UC	lg	59240	28240	31000
LK-2154	Ganga Ihala Korale	dsd	59145	28610	30535
LG-21032	Ganga Ihala Korale	lg	59145	28610	30535
LK-2306	Hanguranketa	dsd	58931	28087	30844
LG-91011	Ratnapura MC/ Ratnapura PS	lg	58825	28590	30235
LK-3330	Beliatta	dsd	58675	28018	30657
LG-33033	Beliatta PS	lg	58675	28018	30657
LK-1310	Ingiriya	dsd	58361	28621	29740
LG-21034	Kandy Four Graverts &Gangawata Korale PS	lg	58283	26531	31752
LK-3142	Bope-Poddala	dsd	57890	27448	30442
LK-4203	Mannar Town	dsd	57772	28448	29324
LG-44043	Puthukudiyiruppu PS	lg	57681	28010	29671
LK-8215	Monaragala	dsd	56951	28080	28871
LG-82037	Moneragala PS	lg	56951	28080	28871
EC-01E	Colombo West	pd	56703	27272	29431
LK-3248	Dikwella	dsd	56468	27172	29296
LG-32033	Dickwella PS	lg	56468	27172	29296
LG-23034	Nuwara Eliya PS	lg	56356	27688	28668
LK-1318	Millaniya	dsd	56166	27180	28986
LG-13043	Millaniya PS	lg	56166	27180	28986
LK-3221	Welipitiya	dsd	55960	26995	28965
LK-7139	Nochchiyagama	dsd	55471	27099	28372
LG-71040	Nochchiyagama PS	lg	55471	27099	28372
LK-2121	Minipe	dsd	55342	27066	28276
LG-21037	Minipe PS	lg	55342	27066	28276
LK-1339	Walallawita	dsd	55333	26682	28651
LG-13040	Walallawita PS	lg	55333	26682	28651
LG-22032	Dambulla PS	lg	54917	27435	27482
LG-72038	Polonnaruwa PS	lg	54736	26604	28132
EC-10C	Kankesanthurai	pd	54716	26188	28528
LK-6175	Udubaddawa	dsd	54466	25970	28496
LG-61048	Udubaddawa PS	lg	54466	25970	28496
LG-71042	Nuwaragam Palatha East PS	lg	54135	26325	27810
LK-2230	Rattota	dsd	53650	25566	28084
LG-22038	Rattota PS	lg	53650	25566	28084
LK-3218	Akuressa	dsd	53638	25798	27840
LG-32031	Akuressa PS	lg	53638	25798	27840
LG-91033	Balangoda PS	lg	53415	26218	27197
LK-3318	Angunakolapelessa	dsd	53409	26073	27336
LG-33032	Angunakolapelessa PS	lg	53409	26073	27336
LK-5233	Addalaichenai	dsd	53214	24354	28860
LG-52031	Addalachchanai PS	lg	53214	24354	28860
LK-5224	Kalmunai	dsd	52798	24929	27869
LK-2142	Doluwa	dsd	52784	25517	27267
LK-3303	Sooriyawewa	dsd	52709	26096	26613
LG-33040	Sooriyawewa PS	lg	52709	26096	26613
LK-7109	Medawachchiya	dsd	52496	25193	27303
LG-71038	Medawachchiya PS	lg	52496	25193	27303
LK-3324	Katuwana	dsd	52169	25414	26755
LK-4109	Valikamam South West (Sandilipay)	dsd	52121	24726	27395
LG-41040	Valikamam South West PS	lg	52121	24726	27395
LK-3124	Nagoda	dsd	52031	24957	27074
LG-31041	Nagoda PS	lg	52031	24957	27074
LK-7127	Galenbidunuwewa	dsd	51952	25535	26417
LG-71031	Galenbindunuwewa PS	lg	51952	25535	26417
LK-3212	Mulatiyana	dsd	51832	25086	26746
LG-32039	Mulatiyana PS	lg	51832	25086	26746
LG-53011	Trincomalee MC	lg	51774	24809	26965
LG-41031	Chavakachcheri PS	lg	51477	24434	27043
LG-62011	Puttalam MC	lg	51321	24628	26693
LK-1336	Palindanuwara	dsd	51171	24879	26292
LG-13042	Palindanuwara PS	lg	51171	24879	26292
LK-3127	Baddegama	dsd	50956	24515	26441
LK-5321	Kantale	dsd	50840	24912	25928
LG-53032	Kanthale PS	lg	50840	24912	25928
LK-9133	Kalawana	dsd	50753	25109	25644
LG-91037	Kalawana PS	lg	50753	25109	25644
LK-4115	Valikamam South (Uduvil)	dsd	50540	23792	26748
LG-41039	Valikamam South PS	lg	50540	23792	26748
LG-12023	Katunayaka- Seeduwa UC/Katana PS	lg	50173	25296	24877
LK-9151	Kolonna	dsd	50068	24937	25131
LG-91038	Kolonna PS	lg	50068	24937	25131
LK-3103	Bentota	dsd	49650	24041	25609
LG-31035	Benthota PS	lg	49650	24041	25609
LK-8118	Passara	dsd	49636	23888	25748
LG-81040	Passara PS	lg	49636	23888	25748
LK-8136	Ella	dsd	49439	24611	24828
EC-10G	Point Pedro	pd	49399	23279	26120
LK-8233	Sevanagala	dsd	49376	24121	25255
LK-3245	Devinuwara	dsd	49274	23405	25869
LG-32032	Devinuwara PS	lg	49274	23405	25869
LG-51034	Koralai Pattu PS	lg	49112	23432	25680
LK-6236	Madampe	dsd	48994	23581	25413
LK-3203	Pitabaddara	dsd	48867	23765	25102
LG-32043	Pitadeddara PS	lg	48867	23765	25102
LK-6239	Mahawewa	dsd	48833	23005	25828
EC-10F	Udupiddy	pd	48609	22741	25868
LK-7218	Elahera	dsd	48565	24213	24352
LG-72032	Elahera PS	lg	48565	24213	24352
LK-4136	Jaffna	dsd	48543	23413	25130
EC-10J	Jaffna	pd	48543	23413	25130
LG-53040	Trincomalee Town and Gravets  PS	lg	48496	23522	24974
LK-8139	Haputale	dsd	48280	23375	24905
LK-3321	Weeraketiya	dsd	48241	23407	24834
LK-3151	Imaduwa	dsd	48204	23107	25097
LG-31046	Imaduwa PS	lg	48204	23107	25097
LK-3325	Walasmulla	dsd	47869	23330	24539
LK-5215	Ampara	dsd	47868	23103	24765
LG-22011	Matale MC/ Matale PS	lg	47381	22194	25187
LK-8203	Bibile	dsd	47266	22915	24351
LG-82032	Bibila PS	lg	47266	22915	24351
LK-7145	Thambuththegama	dsd	47061	22964	24097
LK-3148	Yakkalamulla	dsd	46687	22656	24031
LG-31045	Yakkalamulla PS	lg	46687	22656	24031
LG-81033	Ella  PS	lg	46640	23268	23372
LK-8218	Badalkumbura	dsd	46595	22894	23701
LG-82031	Badalkumbura PS	lg	46595	22894	23701
LG-23036	Maskeliya PS	lg	46541	21710	24831
EC-04I	Mahanuwara	pd	46153	22004	24149
LK-9224	Bulathkohipitiya	dsd	45237	21696	23541
LG-92041	Bulathkohupitiya PS	lg	45237	21696	23541
LG-81011	Badulla MC	lg	45210	21112	24098
LK-4106	Valikamam West (Chankanai)	dsd	45160	21577	23583
LG-41041	Valikamam West PS	lg	45160	21577	23583
LK-5236	Akkaraipattu	dsd	44979	21075	23904
LK-4112	Valikamam North (Thllippalai)	dsd	44914	21548	23366
LG-41038	Valikamam North PS	lg	44914	21548	23366
LK-7121	Kahatagasdigiliya	dsd	44903	21457	23446
LG-71035	Kahatagasdigiliya PS	lg	44903	21457	23446
LK-5124	Kattankudy	dsd	44794	20439	24355
LG-51021	Kattankudy UC	lg	44794	20439	24355
LK-8209	Medagama	dsd	44614	22055	22559
LG-82036	Medagama PS	lg	44614	22055	22559
LG-23039	Kotagala PS	lg	44189	20706	23483
LK-7130	Mihinthale	dsd	44107	20640	23467
LK-9233	Deraniyagala	dsd	44005	21381	22624
LG-92033	Deraniyagala PS	lg	44005	21381	22624
LG-13021	Beruwala UC	lg	43916	21924	21992
LG-53022	Kinniya UC	lg	43825	21778	22047
LK-9139	Kahawattha	dsd	43708	21532	22176
LG-91045	Kahawatta PS	lg	43708	21532	22176
LK-6224	Anamaduwa	dsd	43526	21161	22365
LK-6133	Ganewatta	dsd	43431	20904	22527
LK-6121	Nikaweratiya	dsd	43402	20876	22526
LK-4127	Vadamaradchi North (Point Pedro)	dsd	43369	20308	23061
LG-91022	Embilipitiya UC	lg	43098	21070	22028
LK-5248	Pottuvil	dsd	42908	20726	22182
LG-52042	Pothuvil  PS	lg	42908	20726	22182
LK-3227	Kaburupitiya	dsd	42816	20232	22584
LK-6230	Arachchikattuwa	dsd	42749	20727	22022
LG-53033	Kinniya PS	lg	42679	21594	21085
LK-2315	Ambagamuwa Korale	dsd	42538	19982	22556
LK-2310	Nildandahinna	dsd	42422	20410	22012
LK-7160	Ipalogama	dsd	41961	19918	22043
LG-71034	Ipalogama PS	lg	41961	19918	22043
LK-2302	Kothmale West	dsd	41955	20009	21946
LG-21021	Gampola UC	lg	41916	19558	22358
LK-6151	Maspotha	dsd	41873	19669	22204
LG-43011	Vavuniya MC/ Vavuniya South (Tamil) PS	lg	41533	19377	22156
LK-3137	Rathgama	dsd	41456	20052	21404
LK-7124	Horowpathana	dsd	41261	20134	21127
LG-71033	Horowpothana PS	lg	41261	20134	21127
LK-4121	Vadamaradchchi South-West (Karaveddy)	dsd	41102	19240	21862
LG-33034	Hambantota PS	lg	40856	20410	20446
LG-44042	Maritimepattu PS	lg	40736	19751	20985
LK-6139	Kobeigane	dsd	40669	19810	20859
LG-61036	Kobeigane PS	lg	40669	19810	20859
LK-5242	Damana	dsd	40325	19809	20516
LG-32038	Matara PS	lg	40283	19262	21021
LG-41036	Vadamaradchi South West PS	lg	40230	18853	21377
LK-5306	Kuchchaweli	dsd	39873	19641	20232
LG-53034	Kuchchaveli PS	lg	39873	19641	20232
LK-7118	Rambewa	dsd	39861	19449	20412
LG-71046	Rambewa PS	lg	39861	19449	20412
LG-21039	Pasbage Korale PS	lg	39826	18724	21102
LG-71039	Mihinthale PS	lg	39683	18511	21172
LK-7209	Lankapura	dsd	39673	18971	20702
LG-72034	Lankapura PS	lg	39673	18971	20702
LG-81036	Haputale  PS	lg	39585	19140	20445
LK-4409	Puthukkudiyiruppu	dsd	39532	19023	20509
LK-7163	Galnewa	dsd	39458	19107	20351
LG-71032	Galnewa PS	lg	39458	19107	20351
LK-6149	Bamunakotuwa	dsd	39442	18912	20530
LK-8142	Haldummulla	dsd	38778	19103	19675
LG-81034	Haldummulla  PS	lg	38778	19103	19675
LK-2103	Tumpane	dsd	38776	18515	20261
LK-5133	Porativu Pattu	dsd	38627	16822	21805
LG-51041	Porativepattu PS	lg	38627	16822	21805
LG-41034	Nallur PS	lg	38487	17658	20829
LK-7166	Palagala	dsd	38469	18736	19733
LG-71044	Palagala PS	lg	38469	18736	19733
LK-9127	Elapatha	dsd	38429	19138	19291
LK-7210	Welikanda	dsd	38196	19014	19182
LG-72037	Welikanda PS	lg	38196	19014	19182
LG-91021	Balangoda UC/ Imbulpe PS	lg	37989	18253	19736
LG-81031	Badulla PS	lg	37823	17425	20398
LG-72011	Polonnaruwa MC	lg	37320	18182	19138
LK-3306	Lunugamwehera	dsd	36923	18366	18557
LG-33036	Lunugamvehera PS	lg	36923	18366	18557
LG-52033	Damana PS	lg	36830	18108	18722
LK-4415	Maritimepattu	dsd	36813	17842	18971
LK-1315	Madurawala	dsd	36723	17764	18959
LG-13041	Madurawala PS	lg	36723	17764	18959
LG-52012	Akkaraipattu MC	lg	36625	17147	19478
LK-6166	Weerabugedara	dsd	36590	17387	19203
LK-1333	Agalawatta	dsd	36589	17536	19053
LG-13031	Agalawatta PS	lg	36589	17536	19053
LK-5127	Manmunai Pattu	dsd	36533	16945	19588
LG-51037	Manmunaipattu PS	lg	36533	16945	19588
LK-8206	Madulla	dsd	36446	18117	18329
LG-82035	Madulla PS	lg	36446	18117	18329
LK-7142	Rajanganaya	dsd	36236	17567	18669
LG-71045	Rajanganaya PS	lg	36236	17567	18669
LK-3224	Malimbada	dsd	36128	17025	19103
LG-32037	Malimbada PS	lg	36128	17025	19103
LK-3115	Niyagama	dsd	35751	17371	18380
LG-31043	Niyagama PS	lg	35751	17371	18380
LG-71048	Nuwaragam Palatha East PS	lg	35723	17491	18232
LG-81012	Bandarawela MC/ Bandarawela  PS	lg	35700	17175	18525
LG-22035	Matale PS	lg	35638	17102	18536
LG-41035	Point Pedro PS	lg	35611	16907	18704
LK-6103	Giribawa	dsd	34929	17094	17835
LG-61034	Giribawa PS	lg	34929	17094	17835
LK-3236	Thihagoda	dsd	34306	16250	18056
LK-9145	Weligepola	dsd	34168	16987	17181
LK-2227	Wilgamuwa	dsd	33715	16747	16968
LG-42031	Mannar PS	lg	33652	16729	16923
LK-5318	Thambalagamuwa	dsd	33636	16508	17128
LG-53039	Thambalagamuwa PS	lg	33636	16508	17128
LK-9109	Kiriella	dsd	33631	16571	17060
LK-3135	Madampagama	dsd	33408	16011	17397
LK-2307	Mathurata	dsd	33175	15940	17235
LG-22040	Wilgamuwa PS	lg	33168	16470	16698
LG-13024	Panadura UC/Panadura PS	lg	33046	15569	17477
LK-3230	Hakmana	dsd	32985	15709	17276
LG-32034	Hakmana PS	lg	32985	15709	17276
LK-5121	Manmunai West	dsd	32831	15905	16926
LG-51040	Manmunai West (Vavunativu) PS	lg	32831	15905	16926
LK-3215	Athuraliya	dsd	32811	15603	17208
LG-32044	Athuraliya PS	lg	32811	15603	17208
LG-81032	Bandarawela  PS	lg	32587	15695	16892
LK-2215	Yatawatta	dsd	32415	15636	16779
LG-22041	Yatawatta PS	lg	32415	15636	16779
LG-11022	Seethawakapura UC	lg	32239	15718	16521
LK-2148	Deltota	dsd	31904	14732	17172
LK-8119	Lunugala	dsd	31881	15199	16682
LG-81045	Lunugala PS	lg	31881	15199	16682
LG-51036	Koralai Pattu West PS	lg	31818	15384	16434
LK-6148	Panduwasnuwara East	dsd	31790	15304	16486
LK-1103015	Modara	gnd	31728	15579	16149
LK-2212	Pallepola	dsd	31629	15156	16473
LG-22037	Pallepola PS	lg	31629	15156	16473
LK-5221	Kalmunai North	dsd	31556	14355	17201
LK-8230	Thanamalwila	dsd	31238	15636	15602
LK-2134	Hatharaliyadda	dsd	31141	15152	15989
LK-7151	Thirappane	dsd	31121	15315	15806
LK-3118	Thawalama	dsd	30989	15109	15880
LG-31044	Thawalama PS	lg	30989	15109	15880
LK-2209	Naula	dsd	30718	15142	15576
LG-22036	Naula PS	lg	30718	15142	15576
LK-5230	Nintavur	dsd	30671	13749	16922
LG-52040	Ninthavur PS	lg	30671	13749	16922
LK-5104	Koralai Pattu Central	dsd	30603	14751	15852
LG-12022	Ja- Ela UC	lg	30206	14391	15815
LK-9130	Ayagama	dsd	29944	14878	15066
LG-91032	Ayagama PS	lg	29944	14878	15066
LK-5225	Sainthamaruthu	dsd	29873	14054	15819
EC-10A	Kayts	pd	29689	14439	15250
LG-23011	Nuwara Eliya MC/ Nuwara Eliya PS	lg	29415	14312	15103
LK-3130	Welivitiya-Divitura	dsd	29356	14133	15223
LG-31047	Welivitiya_Divithura PS	lg	29356	14133	15223
LK-5245	Tirukkovil	dsd	29252	14087	15165
LG-52044	Thirukkovili PS	lg	29252	14087	15165
LG-12026	Wattala - Mabola UC	lg	29139	14116	15023
LK-5109	Koralai Pattu	dsd	28762	14086	14676
LK-6109	Ehetuwewa	dsd	28317	13786	14531
LK-5110	Koralai Pattu South	dsd	28302	13597	14705
LK-7136	Nachchaduwa	dsd	28266	13634	14632
LK-1103010	Mattakkuliya	gnd	28135	13749	14386
LG-51035	Koralai Pattu North PS	lg	28033	13696	14337
LK-6227	Pallama	dsd	27938	13415	14523
LK-3121	Neluwa	dsd	27746	13755	13991
LG-31042	Neluwa PS	lg	27746	13755	13991
LK-3128	Wanduramba	dsd	27702	13375	14327
LG-23021	Hatton - Dickoya UC/ Ambagamuwa PS	lg	27480	12981	14499
LK-9121	Opanayake	dsd	27244	13215	14029
LK-8112	Kandeketiya	dsd	26913	13291	13622
LG-81037	Kandaketiya PS	lg	26913	13291	13622
LG-52021	Ampara UC/ Namaloya PS	lg	26694	12634	14060
LK-5130	Manmunai South West	dsd	26676	12311	14365
LG-51039	Manmunai South-West PS	lg	26676	12311	14365
LK-5115	Eravur Town	dsd	26468	12218	14250
LK-7106	Kebithigollewa	dsd	26432	13144	13288
LG-71036	Kebithigollewa PS	lg	26432	13144	13288
LG-33011	Hambantota MC	lg	26351	12982	13369
LG-22012	Dambulla MC	lg	26322	13145	13177
LK-6209	Karuwalagaswewa	dsd	26225	12961	13264
LG-62035	Karuwalagaswewa PS	lg	26225	12961	13264
LK-3136	Hikkaduwa	dsd	26216	12570	13646
LG-31022	Hikkaduwa UC	lg	26216	12570	13646
LG-61011	Kurunegala MC	lg	25981	12694	13287
LK-4312	Vengalacheddikulam	dsd	25770	12458	13312
LG-43034	Vengalacheddikulam PS	lg	25770	12458	13312
LG-21023	Nawalapitiya UC/Pasbage Korale PS	lg	25727	12159	13568
LK-2115	Panvila	dsd	25650	12295	13355
LG-21038	Panvila PS	lg	25650	12295	13355
LK-6112	Ambanpola	dsd	25515	12306	13209
LK-5103	Koralai Pattu North	dsd	25475	12494	12981
LG-42032	Manthai West PS	lg	25264	12391	12873
LK-4506	Kandavalai	dsd	24921	12025	12896
LK-6118	Rasnayakapura	dsd	24912	12084	12828
LK-5239	Alayadivembu	dsd	24838	11868	12970
LG-52032	Alayadiwembu PS	lg	24838	11868	12970
LG-52039	Namaloya PS	lg	24669	12170	12499
LK-5106	Koralai Pattu West	dsd	24583	11670	12913
LG-12025	Peliyagoda UC	lg	24503	12739	11764
LK-7103	Padaviya	dsd	24493	11888	12605
LG-71043	Padaviya PS	lg	24493	11888	12605
LK-8115	Soranathota	dsd	24407	11780	12627
LG-81042	Soranathota PS	lg	24407	11780	12627
LK-7112	Mahawilachchiya	dsd	24194	12016	12178
LG-42021	Mannar UC	lg	24120	11719	12401
LK-4512	Poonakary	dsd	24113	11927	12186
LG-45033	Poonagari PS	lg	24113	11927	12186
LK-6115	Kotawehera	dsd	24031	11597	12434
LG-23022	Thalawakale-Lindula UC/ Kotagala PS	lg	23731	11384	12347
LK-5209	Mahaoya	dsd	23715	11877	11838
LG-52038	Mahaoya PS	lg	23715	11877	11838
LK-3134	Gonapinuwala	dsd	23271	11032	12239
LK-2118	Ududumbara	dsd	23046	11413	11633
LG-21044	Udadumbara PS	lg	23046	11413	11633
LG-51022	Eravur UC	lg	22921	10596	12325
LK-8109	Meegahakiula	dsd	22683	11217	11466
LG-81039	Meegahaivula PS	lg	22683	11217	11466
LG-42034	Nanattan PS	lg	22577	11100	11477
LK-6221	Mahakumbukkadawala	dsd	21867	10741	11126
LK-5216	Navithanveli	dsd	21856	10053	11803
LG-52047	Navithanveli PS	lg	21856	10053	11803
LG-32021	Weligama UC	lg	21362	10420	10942
LK-1127030	Dematagoda	gnd	21253	10522	10731
LG-62021	Chilaw UC	lg	21201	10020	11181
LK-5206	Padiyathalawa	dsd	20834	10246	10588
LG-52041	Padiyathalawa  PS	lg	20834	10246	10588
LK-3233	Kirinda Puhulwella	dsd	20627	9893	10734
LG-32045	Kirinda Puhulwella PS	lg	20627	9893	10734
LG-21022	Kadugannawa UC/Yatinuwara PS	lg	20148	9690	10458
LG-31021	Ambalangoda UC	lg	20056	9419	10637
LK-3327	Okewela	dsd	19992	9428	10564
LK-6206	Vanathavilluwa	dsd	19991	9758	10233
LG-62039	Vanathawilluwa PS	lg	19991	9758	10233
LK-4212	Nanaddan	dsd	19674	9674	10000
LK-5227	Karaitivu	dsd	19493	9211	10282
LG-52046	Karathivu PS	lg	19493	9211	10282
LK-4206	Manthai West	dsd	18674	9130	9544
LK-8227	Katharagama	dsd	18158	9200	8958
LG-82034	Katharagama PS	lg	18158	9200	8958
LK-4412	Oddusuddan	dsd	18149	8987	9162
LK-4215	Musali	dsd	18143	9108	9035
LG-42033	Musali PS	lg	18143	9108	9035
LK-7157	Palugaswewa	dsd	18138	9119	9019
LK-1127085	Wellawatta North	gnd	18078	8558	9520
LK-5234	Irakkamam	dsd	17671	8435	9236
LG-52048	Irakkamam PS	lg	17671	8435	9236
LK-6212	Nawagattegama	dsd	17571	8648	8923
LG-62037	Nawagattegama PS	lg	17571	8648	8923
LK-1127075	Kirula	gnd	17448	7993	9455
LK-6215040	Puttalam East	gnd	17090	8090	9000
LK-1127035	Wanathamulla	gnd	16869	8336	8533
LG-22034	Laggala-Pallegama PS	lg	16847	8597	8250
LK-4139	Islands South (Velanai)	dsd	16600	8065	8535
LG-41042	Velanai PS	lg	16600	8065	8535
LG-41021	Chavakachcheri UC	lg	16305	7674	8631
LK-2224	Laggala	dsd	16300	8320	7980
LG-21024	Wattegama UC/ Pathadumbara PS	lg	16252	7698	8554
LG-92011	Kegalle MC	lg	16250	7577	8673
LK-1127080	Kirulapone	gnd	16245	7898	8347
LG-51006	Koralai Pattu PS	lg	16116	7964	8152
LK-1127040	Borella North	gnd	16033	9064	6969
LK-5330	Seruvila	dsd	16007	7811	8196
LG-53038	Seruvila PS	lg	16007	7811	8196
LK-2221	Ambanganga	dsd	15876	7653	8223
LG-22031	Ambanganga Korale PS	lg	15876	7653	8223
LG-51007	Koralai Pattu PS	lg	15099	6866	8233
LK-1127095	Pamankada West	gnd	14888	7077	7811
LK-4306	Vavuniya South	dsd	14842	7157	7685
LG-43032	Vavuniya South (Sinhala) PS	lg	14842	7157	7685
LK-4303	Vavuniya North	dsd	14709	7311	7398
LG-43031	Vavuniya North PS	lg	14709	7311	7398
LK-1103075	Grandpass South	gnd	14169	7125	7044
LK-5333	Verugal	dsd	14062	6886	7176
LG-53041	Verugal PS	lg	14062	6886	7176
LK-1106125	Megoda Kolonnawa	gnd	13847	6829	7018
LK-1103030	Aluthmawatha	gnd	13714	6796	6918
LK-4124	Vadamaradchchi East	dsd	13537	6472	7065
LK-1218135	Kerawalapitiya	gnd	13471	6577	6894
LK-4503	Pachchilaipalli	dsd	13045	6330	6715
LG-45032	Pachchillaipalli PS	lg	13045	6330	6715
LK-9119	Kalthota	dsd	13018	6440	6578
LK-1103095	Khettarama	gnd	12763	6299	6464
LK-5303	Padavi Sri Pura	dsd	12081	5918	6163
LG-53037	Padavi Sri Pura PS	lg	12081	5918	6163
LK-5203020	Kadirapura	gnd	12000	5941	6059
LK-1103035	Lunupokuna	gnd	11925	5784	6141
LG-41022	Point Pedro UC	lg	11630	5368	6262
LK-1103070	New Bazaar	gnd	11489	5693	5796
LK-1109080	Korathota	gnd	11442	5534	5908
LK-6215050	Thiladiya	gnd	11411	5538	5873
LK-1221005	Mahawatta	gnd	11367	5350	6017
LK-1124005	Obeysekarapura	gnd	11121	5476	5645
LK-1131025	Katukurunduwatta	gnd	11068	5385	5683
LK-1127090	Wellawatta South	gnd	10863	5197	5666
LK-1127060	Thimbirigasyaya	gnd	10734	5118	5616
LK-1127100	Pamankada East	gnd	10723	5270	5453
LG-41023	Valvettiturai UC/ Vadamaradchi South West PS	lg	10537	4892	5645
LK-1127055	Narahenpita	gnd	10459	5070	5389
LK-5251	Lahugala	dsd	10416	5171	5245
LG-52037	Lahugala PS	lg	10416	5171	5245
LK-4403	Thunukkai	dsd	10410	5038	5372
LG-44044	Thunukkai PS	lg	10410	5038	5372
LG-13022	Horana UC/Horana PS	lg	10369	4736	5633
LK-1103090	Maligawatta East	gnd	10222	4995	5227
LK-1133090	Katubedda	gnd	10194	4916	5278
LK-1103080	Grandpass North	gnd	10181	4990	5191
LK-4418	Welioya	dsd	10065	5029	5036
LK-1218175	Welikadamulla	gnd	9968	4873	5095
LK-4103	Islands North (Kayts)	dsd	9931	4804	5127
LG-41033	Kayts PS	lg	9931	4804	5127
LK-1106050	Wennawatta	gnd	9924	4848	5076
LK-5203015	Dehiattakandiya	gnd	9509	4675	4834
LK-4209	Madhu	dsd	9493	4687	4806
LK-1109150	Thalangama North A	gnd	9482	4583	4899
LK-1127025	Kuppiyawatta East	gnd	9366	4755	4611
LK-1106205	Salamulla	gnd	9322	4534	4788
LK-5312	Morawewa	dsd	9193	4618	4575
LG-53035	Morawewa PS	lg	9193	4618	4575
LK-1103050	Kotahena West	gnd	9186	4371	4815
LK-4104	Karainagar	dsd	9131	4278	4853
LG-41043	Karainagar PS	lg	9131	4278	4853
LK-1103060	Jinthupitiya	gnd	9108	4582	4526
LK-1112005	Jalthara	gnd	9108	4427	4681
LK-2314305	Kirkoswald	gnd	9064	4353	4711
LK-6203155	Karamba	gnd	9032	4401	4631
LK-1103100	Aluthkade East	gnd	8860	4387	4473
LK-3312130	Siribopura	gnd	8751	4247	4504
LK-1218145	Balagala	gnd	8704	4310	4394
LG-81022	Haputale  UC/ Haputale  PS	lg	8695	4235	4460
LK-1106035	Meethotamulla	gnd	8609	4244	4365
LK-6215005	Manalthivu	gnd	8609	4267	4342
LK-1112070	Henawatta	gnd	8592	4200	4392
LK-1109070	Malabe North	gnd	8571	4623	3948
LK-5324115	Faizalnagar	gnd	8515	4270	4245
LK-5309	Gomarankadawala	dsd	8398	4163	4235
LG-53031	Gomarankadawala PS	lg	8398	4163	4235
LG-52036	Akkaraipattu PS	lg	8354	3928	4426
LK-1109190	Pothuarawa	gnd	8330	3993	4337
LG-51010	Koralai Pattu PS	lg	8298	3988	4310
LK-1206265	Amandoluwa	gnd	8273	4190	4083
LK-1130045	Dehiwala East	gnd	8262	3704	4558
LK-1131065	Kandawala	gnd	8105	4044	4061
LK-2127360	Kundasale South	gnd	8100	3865	4235
LK-1131005	Mount Lavinia	gnd	8086	4154	3932
LK-1109155	Walpola	gnd	8085	3959	4126
LK-1109115	Shanthalokagama	gnd	8064	3829	4235
LK-2313145	Waltrim	gnd	7986	3949	4037
LK-1236005	Welegoda	gnd	7965	4046	3919
LK-1130055	Nedimala	gnd	7935	3828	4107
LK-6203115	Norochchola	gnd	7924	3858	4066
LK-8233005	Katupilagama	gnd	7921	3879	4042
LK-2314215	Hatton North	gnd	7918	3728	4190
LK-6215075	Rathmalyaya	gnd	7913	3802	4111
LK-1130075	Kawdana East	gnd	7858	3795	4063
LK-1324230	Maradana	gnd	7856	3883	3973
LK-1206145	Akkara 50	gnd	7836	3728	4108
LK-1121065	Depanama	gnd	7827	3720	4107
LK-1227345	Thihariya East	gnd	7808	3908	3900
LK-1103040	Bloemendhal	gnd	7771	3678	4093
LK-1130030	Hathbodhiya	gnd	7746	3884	3862
LK-1103020	Madampitiya	gnd	7699	3890	3809
LK-1106040	Welewatta	gnd	7692	3802	3890
LK-1109185	Batapotha	gnd	7677	3797	3880
LG-51005	Koralai Pattu PS	lg	7667	3473	4194
LK-4406	Manthai East	dsd	7650	3799	3851
LG-44041	Manthai East PS	lg	7650	3799	3851
LK-1103005	Sammanthranapura	gnd	7640	3864	3776
LK-1131030	Attidiya North	gnd	7626	3698	3928
LG-33021	Tangalle UC	lg	7567	3674	3893
LG-51004	Eravur Pattu PS	lg	7542	3551	3991
LK-5112120	Michnagar	gnd	7542	3551	3991
LK-1131035	Attidiya South	gnd	7533	3669	3864
LK-1121175	Godigamuwa South B	gnd	7487	3529	3958
LK-1239090	Makola North Central	gnd	7485	3560	3925
LK-1218140	Matagoda	gnd	7461	3600	3861
LK-1121185	Wattegedara	gnd	7458	3626	3832
LK-1109060	Mahadeniya	gnd	7434	3652	3782
LK-1103160	Maligakanda	gnd	7395	3816	3579
LK-1121200	Gangodavila South B	gnd	7395	2576	4819
LK-6203110	Alankudawa	gnd	7375	3579	3796
LK-1324285	Mahagoda	gnd	7258	3622	3636
LK-1324245	Kankanamgoda	gnd	7253	3675	3578
LK-1121130	Kottawa South	gnd	7251	3456	3795
LK-2314225	Annfield	gnd	7246	3264	3982
LK-1136290	Batakettara South	gnd	7241	3530	3711
LK-1106165	Rajasinghagama	gnd	7188	3493	3695
LG-12024	Minuwangoda UC	lg	7151	3440	3711
LK-1130050	Udyanaya	gnd	7122	3517	3605
LK-1112165	Watareka South	gnd	7109	3422	3687
LK-1103025	Mahawatta	gnd	7108	3611	3497
LK-1103110	Kochchikade South	gnd	7095	3699	3396
LK-1109195	Hokandara North	gnd	7074	3457	3617
LK-1109220	Hokandara East	gnd	7048	3443	3605
LK-2157085	Bawwagama	gnd	7048	3248	3800
LK-1130040	Dehiwala West	gnd	7046	3380	3666
LK-1239140	Siyambalape South	gnd	7012	3553	3459
LK-1103155	Maligawatta West	gnd	7009	3386	3623
LK-1203050	Dalupotha East	gnd	7004	3310	3694
LK-1103085	Nawagampura	gnd	6983	3512	3471
LK-1127015	Kurunduwatta	gnd	6979	3145	3834
LK-6203030	Mandalakudawa	gnd	6956	3399	3557
LK-9112105	New Town	gnd	6921	3359	3562
LK-1109145	Muttettugoda	gnd	6906	3353	3553
LK-1109125	Malabe East	gnd	6876	3304	3572
LK-4309175	Thonikal	gnd	6874	3248	3626
LK-1106045	Kittampahuwa	gnd	6873	3393	3480
LK-6215035	Pudukudirippuwa	gnd	6850	3361	3489
LK-1131045	Wedikanda	gnd	6843	3220	3623
LK-1203140	Thaladoowa	gnd	6842	3245	3597
LK-1103150	Panchikawatta	gnd	6824	3477	3347
LK-1130005	Sri Saranankara	gnd	6823	3356	3467
LK-1239160	Biyagama North	gnd	6817	3539	3278
LK-1103065	Masangasweediya	gnd	6787	3452	3335
LK-1124010	Welikada West	gnd	6787	2771	4016
LK-1127070	Havelock Town	gnd	6778	3159	3619
LK-2313115	Kotagala	gnd	6771	3072	3699
LK-1124095	Gangodavila South	gnd	6765	3270	3495
LK-7115125	Devanampiyathissapura	gnd	6760	3262	3498
LK-1303050	Keselwatta	gnd	6751	3307	3444
LK-1136285	Kesbewa South	gnd	6748	3281	3467
LK-9148115	Embilipitiya Pallegama	gnd	6740	3336	3404
LK-1203090	Hunupitiya	gnd	6731	3285	3446
LK-1136140	Pelenwatta West	gnd	6712	3195	3517
LK-1121035	Kottawa East	gnd	6707	3166	3541
LK-1127010	Bambalapitiya	gnd	6699	3304	3395
LK-1121080	Thalapathpitiya	gnd	6691	3052	3639
LK-2314250	Norwood	gnd	6681	3093	3588
LK-2314315	Loinon	gnd	6680	3129	3551
LK-9148180	Thunkama	gnd	6679	3233	3446
LK-5315040	Puliyankulam	gnd	6662	3153	3509
LK-2151210	Pussellawa	gnd	6652	3088	3564
LK-1131010	Kawdana West	gnd	6643	3298	3345
LG-51003	Eravur Pattu PS	lg	6628	3168	3460
LK-5112115	Meerakerny	gnd	6628	3168	3460
LK-1136250	Batakettara North	gnd	6612	3202	3410
LK-5124070	New Kattankudy East	gnd	6603	3108	3495
LK-1206175	Andiambalama West	gnd	6582	3219	3363
LK-4309095	Pattanichchoor Puliyankulam	gnd	6580	3138	3442
LK-1206140	Kadirana	gnd	6575	3145	3430
LK-1239200	Gonawala West	gnd	6548	3203	3345
LK-1136100	Erewwala West	gnd	6536	3119	3417
LK-1133095	Molpe	gnd	6533	3223	3310
LK-1109280	Hokandara South	gnd	6532	3158	3374
LK-1121015	Madiwela	gnd	6525	3149	3376
LK-6215105	Pottuvilluwa	gnd	6496	3109	3387
LK-4309080	Maharambaikulam	gnd	6463	3080	3383
LK-9112210	Mihindugama	gnd	6448	3161	3287
LK-2314325	Bagawanthalawa South	gnd	6444	3007	3437
LK-9148085	Panamura	gnd	6419	3164	3255
LK-1136085	Werahera South	gnd	6412	3025	3387
LK-1121030	Kalalgoda	gnd	6377	3103	3274
LK-1239240	Malwana Town	gnd	6375	3214	3161
LK-1109055	Kothalawala	gnd	6371	3142	3229
LK-5318055	Mollipothana	gnd	6353	3157	3196
LK-1130020	Kohuwala	gnd	6333	2997	3336
LK-8221055	Warunagama	gnd	6327	3113	3214
LK-1106005	Wadulla	gnd	6307	3123	3184
LK-1206100	Kadirana North	gnd	6301	2988	3313
LK-1112405	Weniwelkola	gnd	6256	3075	3181
LK-1109205	Athurugiriya	gnd	6252	3041	3211
LK-1103055	Kochchikade North	gnd	6247	3340	2907
LK-7130060	Mihinthale	gnd	6215	2182	4033
LK-2127355	Kundasale North	gnd	6197	3477	2720
LK-1109075	Thunadahena	gnd	6195	3018	3177
LG-51002	Eravur Pattu PS	lg	6190	2923	3267
LK-1239020	Mawaramandiya	gnd	6186	2977	3209
LK-2130240	Thennakumbura	gnd	6186	2957	3229
LK-1131015	Watarappala	gnd	6185	2982	3203
LK-1121010	Mirihana North	gnd	6175	3006	3169
LK-1239125	Sapugaskanda	gnd	6154	3046	3108
LG-51014	Eravur Pattu PS	lg	6153	2914	3239
LK-4506055	Punnaineeravi	gnd	6144	2995	3149
LK-1221245	Podiveekumbura	gnd	6143	2960	3183
LK-1109120	Pore	gnd	6133	3024	3109
LK-2314180	Lethant	gnd	6125	2895	3230
LK-1233265	Kendaliyeddapaluwa West	gnd	6105	3254	2851
LG-51009	Eravur Pattu PS	lg	6092	2882	3210
LK-1103045	Kotahena East	gnd	6090	2775	3315
LK-1236050	Hunupitiya East	gnd	6084	2916	3168
LK-9148125	Yodhagama	gnd	6084	2970	3114
LK-1131050	Vihara	gnd	6077	2919	3158
LK-1124015	Welikada East	gnd	6049	2918	3131
LK-1127005	Kollupitiya	gnd	6016	2929	3087
LK-1130010	Vilawala	gnd	6002	2874	3128
LK-1130035	Galwala	gnd	6001	2943	3058
LK-1206200	Evariwatta	gnd	5998	2982	3016
LK-1221075	Alexendrawatta	gnd	5984	2947	3037
LK-1136325	Halpita	gnd	5982	2833	3149
LK-5318030	Sirajnagar	gnd	5978	3011	2967
LK-8215095	Maduruketiya	gnd	5976	2917	3059
LK-1236015	Nahena	gnd	5950	2920	3030
LK-5321065	Bhathiyagama	gnd	5948	2896	3052
LG-44031	Vavuniya North PS	lg	5946	3018	2928
LK-8233055	Habarugala	gnd	5909	2905	3004
LK-9118025	Thumbagoda	gnd	5908	2827	3081
LK-1109040	Nawagamuwa	gnd	5892	2890	3002
LK-3312120	Hambantota West	gnd	5887	2842	3045
LK-7215190	Kaduruwela South	gnd	5885	2688	3197
LK-1239075	Heiyanthuduwa North	gnd	5872	2801	3071
LK-1221240	Peralanda	gnd	5871	2775	3096
LK-1106010	Sedawatta	gnd	5868	2951	2917
LK-1218070	Pattiyawala	gnd	5865	2847	3018
LK-1233250	Kendaliyeddapaluwa East	gnd	5843	2757	3086
LK-1106150	Malgama	gnd	5827	2778	3049
LK-9124165	Panawenna	gnd	5825	2848	2977
LK-1109130	Malabe West	gnd	5823	2812	3011
LK-1239070	Siyambalape North	gnd	5822	2813	3009
LK-5124025	New Kattankudy North	gnd	5820	2665	3155
LK-1133170	Koralawella North	gnd	5810	2830	2980
LK-1109095	Ranala	gnd	5795	2842	2953
LK-2130195	Palle Peradeniya	gnd	5786	1501	4285
LK-1121090	Udahamulla East	gnd	5770	2822	2948
LK-9148060	Rathkarawwa	gnd	5763	2818	2945
LK-1221200	Polpitimookalana	gnd	5762	2724	3038
LK-1109225	Arangala	gnd	5756	2808	2948
LK-7160065	Kunchikulama	gnd	5752	2665	3087
LK-1112080	Panaluwa	gnd	5750	2857	2893
LK-1239105	Makola North Pahala	gnd	5747	2782	2965
LK-8121065	Badulupitiya	gnd	5738	2698	3040
LK-7210035	Mahindagama	gnd	5727	2886	2841
LK-9148165	Kumbugoda Ara	gnd	5724	2861	2863
LK-1112260	Magammana East	gnd	5704	2737	2967
LK-1112275	Pitipana North	gnd	5693	2614	3079
LK-1121100	Pathiragoda	gnd	5691	2764	2927
LK-2315160	Watawala	gnd	5672	2634	3038
LK-3139200	Thalapitiya	gnd	5669	2735	2934
LK-4309185	Asikulam	gnd	5664	2700	2964
LK-1121020	Thalawathugoda West	gnd	5650	2840	2810
LK-1221025	Gallawatta	gnd	5649	2761	2888
LK-1121085	Pragathipura	gnd	5634	2760	2874
LK-9206125	Hinguloya	gnd	5630	2457	3173
LK-1133080	Lakshapathiya South	gnd	5629	2664	2965
LK-2313110	Kuduoya	gnd	5614	2656	2958
LK-1103145	Keselwatta	gnd	5601	2808	2793
LK-1203040	Daluwakotuwa East	gnd	5600	2708	2892
LK-1206350	Bandarawatta West	gnd	5572	2722	2850
LK-1136185	Mampe North	gnd	5563	2683	2880
LK-1303075	Thotawatta	gnd	5563	2685	2878
LK-1239145	Yatihena	gnd	5562	3000	2562
LK-1221155	Kapuwatta	gnd	5545	2585	2960
LK-1206080	Ihala Kandawala	gnd	5532	2526	3006
LK-1224335	Ganemulla South	gnd	5530	2629	2901
LK-1136315	Makandana West	gnd	5520	2648	2872
LK-2313255	Nagasena	gnd	5517	2724	2793
LK-1136115	Rathmaldeniya	gnd	5514	2577	2937
LK-1239115	Pamunuvila	gnd	5506	2619	2887
LK-6218140	Pulichchakulama	gnd	5506	2672	2834
LK-6215045	Senakudirippuwa	gnd	5502	2633	2869
LK-1221235	Jayasamarugama	gnd	5501	2648	2853
LK-2151225	Doragala	gnd	5493	2651	2842
LK-1239155	Walgama West	gnd	5483	3013	2470
LK-9148120	Embilipitiya New Town	gnd	5481	2639	2842
LK-1112290	Dolahena	gnd	5479	2706	2773
LK-2314295	Venture	gnd	5477	2695	2782
LK-1233210	Udupila North	gnd	5475	2618	2857
LK-1239060	Siyambalape Watta	gnd	5471	2731	2740
LK-1106055	Maha Buthgamuwa B	gnd	5463	2685	2778
LK-9227005	Mattamagoda	gnd	5461	2591	2870
LK-5118215	Nochchimunai	gnd	5453	2420	3033
LK-1239135	Heiyanthuduwa East	gnd	5447	2703	2744
LK-1133035	Borupana	gnd	5440	2670	2770
LK-1106020	Kotuvila	gnd	5435	2681	2754
LK-1130025	Kalubovila	gnd	5420	2627	2793
LK-1131060	Rathmalana East	gnd	5419	2687	2732
LK-1106095	Maha Buthgamuwa C	gnd	5418	2587	2831
LK-1112170	Ovitigama	gnd	5414	2684	2730
LK-9148170	Hingura	gnd	5411	2696	2715
LK-5109030	Kalmadu	gnd	5410	2613	2797
LK-2314190	Hatton East	gnd	5409	2557	2852
LK-1121115	Dambahena	gnd	5407	2577	2830
LK-1112245	Brahmanagama	gnd	5403	2765	2638
LK-1136280	Makandana East	gnd	5392	2536	2856
LK-3139020	Kurunduwatta	gnd	5385	2701	2684
LK-1130070	Karagampitiya	gnd	5376	2567	2809
LK-1133030	Thelawala North	gnd	5371	2758	2613
LK-2309375	Brookside	gnd	5356	2635	2721
LK-1239080	Makola South Ihala	gnd	5355	2533	2822
LK-9115080	Muttettuwegama	gnd	5349	1680	3669
LK-1124045	Ethulkotte	gnd	5346	2591	2755
LK-1121170	Godigamuwa South A	gnd	5343	2547	2796
LK-5203045	Sandunpura	gnd	5342	2640	2702
LK-1112085	Watareka North	gnd	5340	2588	2752
LK-1303160	Malamulla West	gnd	5326	2588	2738
LK-9206085	Muruthawala	gnd	5326	2583	2743
LK-1103105	Aluthkade West	gnd	5318	2695	2623
LK-1136135	Pelenwatta North	gnd	5315	2549	2766
LK-1206115	Sellakanda	gnd	5309	2577	2732
LK-1239190	Gonawala Central	gnd	5297	2576	2721
LK-1121005	Mirihana South	gnd	5295	2551	2744
LK-1106075	Mulleriyawa North	gnd	5271	2679	2592
LK-1136165	Thumbovila North	gnd	5264	2569	2695
LK-1109025	Pahala Bomiriya A	gnd	5259	2598	2661
LK-1203025	Daluwakotuwa	gnd	5257	2540	2717
LK-1112205	Hiripitiya	gnd	5255	2565	2690
LK-1239015	Ihala Biyanvila Central	gnd	5254	2526	2728
LK-7133075	Step 3 Part 3	gnd	5254	2468	2786
LK-5112065	Vantharumoolai East	gnd	5251	2014	3237
LK-1112230	Mattegoda West	gnd	5242	2513	2729
LK-8233035	Sevanagala	gnd	5238	2625	2613
LK-1121025	Thalawathugoda East	gnd	5227	2454	2773
LK-5104045	Semmanodai	gnd	5221	2309	2912
LK-5118045	Sinna Oorani	gnd	5220	2469	2751
LK-1324250	Ambepitiya	gnd	5215	2634	2581
LK-9112060	Hapugasthenna	gnd	5215	2647	2568
LK-1124075	Pagoda	gnd	5206	2513	2693
LK-5124030	New Kattankudy South	gnd	5202	2349	2853
LK-1233245	Sooriyapaluwa North	gnd	5201	2516	2685
LK-1203045	Kattuwa	gnd	5199	2568	2631
LG-51001	Eravur Pattu PS	lg	5193	2458	2735
LK-5203050	Paranagama	gnd	5189	2553	2636
LK-9118085	Mawela	gnd	5186	2532	2654
LK-4309090	Nelukkulam	gnd	5185	2487	2698
LK-2218140	Aluvihare	gnd	5169	2435	2734
LK-1103175	Wekanda	gnd	5154	2557	2597
LK-1121040	Rukmale West	gnd	5154	2416	2738
LK-3139190	Makuluwa	gnd	5153	2406	2747
LK-9118080	Theladiriya	gnd	5142	2535	2607
LK-1206330	Seeduwa	gnd	5139	2515	2624
LK-1121190	Navinna	gnd	5136	2501	2635
LK-8103070	Girandurukotte	gnd	5126	2538	2588
LK-1131040	Piriwena	gnd	5121	2425	2696
LK-2314235	Injuster	gnd	5121	2396	2725
LK-1121155	Kottawa Town	gnd	5118	2435	2683
LK-1136065	Boralesgamuwa East B	gnd	5112	2441	2671
LG-61021	Kuliyapitiya UC/ Kuliyapitiya PS	lg	5101	2447	2654
LK-1131055	Rathmalana West	gnd	5098	2459	2639
LK-2313100	Dimbula	gnd	5093	2269	2824
LK-1218230	Hekitta	gnd	5092	2562	2530
LK-2127400	Ambakotayawatta	gnd	5087	2438	2649
LK-4309200	Pandarikulam	gnd	5082	2329	2753
LK-2314280	Brownswick	gnd	5079	2367	2712
LK-1133060	Uyana South	gnd	5075	2577	2498
LK-3303105	Wediwewa	gnd	5064	2523	2541
LK-1206065	Welihena South	gnd	5063	2389	2674
LK-1127020	Kuppiyawatta West	gnd	5045	2599	2446
LK-1236115	Pattiya North	gnd	5043	2720	2323
LK-1218125	Mattumagala	gnd	5037	2584	2453
LK-9148050	Maduwanwela	gnd	5035	2444	2591
LK-9212085	Golahela	gnd	5030	2297	2733
LK-5215030	Nawagampura	gnd	5022	2399	2623
LK-5324075	Mancholaichenai	gnd	5021	2552	2469
LK-1136310	Dampe	gnd	5017	2496	2521
LK-1124060	Pitakotte West	gnd	5012	2366	2646
LK-1109045	Pahala Bomiriya B	gnd	5010	2460	2550
LK-1203030	Palangathure	gnd	5009	2411	2598
LK-1124070	Nugegoda West	gnd	5008	2340	2668
LK-2314330	Aulton Watta	gnd	5002	2393	2609
LK-1121055	Liyanagoda	gnd	5001	2432	2569
LK-1106060	Kuda Buthgamuwa	gnd	4977	2433	2544
LK-1218085	Elapitiwala	gnd	4976	2515	2461
LK-1233285	Sooriyapaluwa East	gnd	4976	2344	2632
LK-5324005	Munaichenai	gnd	4970	2282	2688
LK-2112180	Madawala Madige	gnd	4968	2339	2629
LK-5306020	Pulmoddai Division No. 1	gnd	4968	2558	2410
LK-1309035	Thalagala North	gnd	4965	2406	2559
LK-7133050	Thammennakulama	gnd	4958	2424	2534
LK-9148200	Padalangala	gnd	4956	2423	2533
LK-1121165	Maharagama Town	gnd	4946	2366	2580
LK-6215030	Mullipuram	gnd	4946	2444	2502
LK-2314285	Gawarawila	gnd	4945	2340	2605
LG-51016	Eravur Pattu PS	lg	4944	2342	2602
LK-6157100	Mallawapitiya	gnd	4943	2371	2572
LK-1127065	Milagiriya	gnd	4939	2413	2526
LK-1106135	Batalandahena	gnd	4933	2378	2555
LK-9218170	Ganithapura	gnd	4930	2422	2508
LK-1106145	Mulleriyawa South	gnd	4929	2424	2505
LK-2314310	Bogawana	gnd	4928	2382	2546
LK-1136275	Honnanthara South	gnd	4927	2296	2631
LK-1136170	Wewala West	gnd	4919	2346	2573
LK-4309120	Echchankulam	gnd	4913	2413	2500
LK-6203060	Kandakuliya	gnd	4902	2375	2527
LK-1236120	Meegahawatta	gnd	4898	2591	2307
LK-5104035	Brynthuraichenai South	gnd	4894	2338	2556
LK-9148105	Kalagedi Ara	gnd	4884	2370	2514
LK-1109005	Welivita	gnd	4883	2401	2482
LK-1136005	Pepiliyana West	gnd	4872	2312	2560
LK-8221040	Wellawaya	gnd	4869	2407	2462
LK-2314170	Welioya	gnd	4859	2227	2632
LK-1124065	Nawala East	gnd	4853	2369	2484
LK-1112315	Siyambalagoda North	gnd	4850	2383	2467
LK-1218220	Telangapatha	gnd	4844	2359	2485
LK-5224025	Chenaikudiyiruppu 01A	gnd	4840	2352	2488
LK-1136105	Erewwala North	gnd	4838	2348	2490
LK-9212040	Meepitiya	gnd	4838	2341	2497
LK-1133005	Angulana North	gnd	4828	2401	2427
LK-4309070	Marukkarampalai	gnd	4825	2334	2491
LK-9148190	Kuttigala	gnd	4810	2327	2483
LK-1112190	Katuwana	gnd	4806	2314	2492
LK-1303065	Wattalpola	gnd	4805	2326	2479
LK-8121100	Rambukpotha	gnd	4793	1821	2972
LK-2142160	Pupuressa	gnd	4787	2342	2445
LK-1239245	Walgama East	gnd	4773	2399	2374
LK-1109030	Ihala Bomiriya	gnd	4769	2289	2480
LK-1133210	Egoda Uyana South	gnd	4767	2396	2371
LK-9230085	Pahala Thaldoowa	gnd	4767	2347	2420
LK-6245035	Meda Lunuvila	gnd	4763	2336	2427
LK-5324120	Kachchakodithivu	gnd	4753	2368	2385
LK-1218155	Palliyawatta North	gnd	4751	2383	2368
LK-9148110	Moraketiya	gnd	4749	2330	2419
LK-1239095	Pahala Biyanvila West	gnd	4748	2294	2454
LK-9136115	Delwala	gnd	4746	2345	2401
LK-5203035	Serupitiya	gnd	4739	2385	2354
LK-9106150	Kuruvita	gnd	4738	2345	2393
LK-1106120	Singhapura	gnd	4731	2277	2454
LK-1109200	Oruwala	gnd	4730	2225	2505
LK-1136245	Hedigama	gnd	4725	2209	2516
LK-1203150	Bolawalana	gnd	4720	2131	2589
LK-1206085	Kaluwarippuwa West	gnd	4716	2241	2475
LK-3139015	Maha Hapugala	gnd	4707	2410	2297
LK-1236020	Eriyawetiya	gnd	4706	2263	2443
LK-3133055	Batapola Central	gnd	4700	2165	2535
LK-8233060	Nugegalayaya	gnd	4692	2249	2443
LK-9148185	Hagala	gnd	4692	2289	2403
LK-5106005	Paper Town	gnd	4691	2313	2378
LK-1206230	Katunayaka South	gnd	4688	2533	2155
LK-2151005	Egoda Kalugamuwa	gnd	4684	2176	2508
LK-5233010	Oluvil 01	gnd	4682	1455	3227
LK-1233355	Ihala Karagahamuna North	gnd	4681	2232	2449
LK-9112185	Weralupe	gnd	4670	2160	2510
LK-1106185	Malpura	gnd	4666	2167	2499
LK-6154145	Kurunegala Town - West	gnd	4649	2459	2190
LK-1206255	Liyanagemulla North	gnd	4642	2415	2227
LK-1221250	Walpola West	gnd	4641	2314	2327
LK-3145020	Ihalagoda East	gnd	4640	2011	2629
LK-1106130	Bopetta	gnd	4635	2269	2366
LK-1218215	Evariwatta	gnd	4635	2220	2415
LK-1218185	Hendala North	gnd	4631	2289	2342
LK-2218190	Muslim Town	gnd	4630	2209	2421
LK-5203005	Rideela	gnd	4626	2276	2350
LK-4312005	Andiyapuliyankulam	gnd	4613	2255	2358
LK-2313015	Watagoda	gnd	4610	2186	2424
LK-4118020	Kopai South	gnd	4607	2134	2473
LK-8121140	Hingurugamuwa	gnd	4593	2127	2466
LK-1136130	Pelenwatta East	gnd	4589	2280	2309
LK-2314260	Brownlow	gnd	4589	2038	2551
LK-4133130	Thirunelvely Centre North	gnd	4589	2172	2417
LK-2314335	Strathspey	gnd	4588	2100	2488
LK-1109285	Athurugiriya South	gnd	4575	2221	2354
LK-5318045	Mollipothana North	gnd	4571	2201	2370
LK-5203010	Bakmeedeniya	gnd	4565	2240	2325
LK-9118030	Kirindigala	gnd	4565	2153	2412
LK-1221215	Walpola East	gnd	4561	2218	2343
LK-5110050	Kiran East	gnd	4560	2194	2366
LK-2130205	Bowala	gnd	4559	2095	2464
LK-1218200	Thimbirigasyaya	gnd	4557	2115	2442
LK-1133200	Egoda Uyana North	gnd	4550	2162	2388
LK-9230030	Walpola	gnd	4538	2259	2279
LK-1109015	Hewagama	gnd	4537	2279	2258
LK-1106030	Orugodawatta	gnd	4533	2266	2267
LK-1115030	Kiriwandala North	gnd	4528	2252	2276
LK-6218015	Weerapura	gnd	4525	2124	2401
LK-4409045	Puthukudiyiruppu West	gnd	4516	2130	2386
LK-5203025	Mawanagama	gnd	4513	2222	2291
LK-1218060	Elehiwatta	gnd	4509	2136	2373
LK-1109235	Kumaragewatta	gnd	4506	2179	2327
LK-5315080	Abayapura	gnd	4504	2112	2392
LK-3245125	Kapugama East	gnd	4493	2153	2340
LK-2314175	Maussakele	gnd	4492	2082	2410
LK-4309150	Koomankulam	gnd	4488	2136	2352
LK-9118095	Gawaranhena	gnd	4484	2139	2345
LG-51012	Eravur Pattu PS	lg	4482	2049	2433
LK-2127290	Kengalla	gnd	4477	1803	2674
LK-2314240	Wanarajah	gnd	4476	2103	2373
LK-5315180	Orr's Hill	gnd	4476	2148	2328
LK-1233300	Kirillawala South	gnd	4471	2148	2323
LK-1203005	Kammalthura	gnd	4469	2252	2217
LK-1124085	Pagoda East	gnd	4464	2165	2299
LK-1109035	Wekewatta	gnd	4459	2223	2236
LK-6203075	Mudalappaliya	gnd	4458	2193	2265
LK-1239210	Bollegala	gnd	4456	2135	2321
LK-1112360	Kithulavila	gnd	4451	2139	2312
LK-1121095	Udahamulla West	gnd	4445	2086	2359
LK-2130080	Poorna Watta West	gnd	4442	2163	2279
LK-1303165	Kiriberiya	gnd	4438	2149	2289
LK-1124025	Welikada North	gnd	4433	2206	2227
LK-2312040	Park	gnd	4433	2232	2201
LK-9218105	Warakapola	gnd	4429	2112	2317
LK-1306020	Newdawa	gnd	4426	2192	2234
LK-1218190	Hendala South	gnd	4411	2136	2275
LK-1203020	Pallansena South	gnd	4395	2117	2278
LK-9142155	Masimbula	gnd	4391	2155	2236
LK-1133010	Kaldemulla	gnd	4390	2121	2269
LK-1218075	Uswetakeiyawa	gnd	4386	2128	2258
LK-5245080	Thirukkovil 4	gnd	4386	2114	2272
LG-51008	Eravur Pattu PS	lg	4382	2022	2360
LK-9136095	Kolombugama	gnd	4375	2209	2166
LK-4512065	Mulankavil	gnd	4374	2176	2198
LK-2313090	Thalawakele	gnd	4371	2108	2263
LK-1324200	Cheenakotuwa	gnd	4363	2233	2130
LK-8121010	Badulla North	gnd	4361	2054	2307
LK-5104010	Thiyavattavan	gnd	4356	2310	2046
LK-1303100	Ambalanduwa	gnd	4351	2146	2205
LK-1206260	Liyanagemulla South	gnd	4349	2187	2162
LK-1239120	Gonawala East	gnd	4346	2099	2247
LK-5324080	Naduuttu	gnd	4341	2242	2099
LK-6169060	Kekunagolla	gnd	4322	2120	2202
LK-8227020	Kandasurindugama	gnd	4322	2166	2156
LK-5324130	Kakkamunai	gnd	4321	2212	2109
LK-9142165	Kottala	gnd	4319	2092	2227
LK-1303045	Diggala	gnd	4318	2121	2197
LK-1109275	Wellangiriya	gnd	4311	2114	2197
LK-1221050	Vishakawatta	gnd	4309	2142	2167
LK-1236180	Mewella	gnd	4307	2120	2187
LK-1218055	Mangulpokuna	gnd	4299	2024	2275
LK-5118025	Thiraimadu	gnd	4299	2084	2215
LK-6218010	Viruthodai	gnd	4297	2115	2182
LK-1221260	Narangodapaluwa East	gnd	4290	2170	2120
LK-3221140	Welipitiya	gnd	4284	2074	2210
LK-2154135	Ulapane South	gnd	4279	2037	2242
LK-1121120	Pannipitiya North	gnd	4277	2058	2219
LK-4409015	Kombavil	gnd	4269	2039	2230
LK-9112180	Kospelavinna	gnd	4269	2136	2133
LK-1233255	Kendaliyeddapaluwa North	gnd	4265	2042	2223
LK-1303115	Hirana West	gnd	4265	2027	2238
LK-9233040	Wattegedara	gnd	4265	2056	2209
LK-2109025	Alawathugoda	gnd	4264	2091	2173
LK-1131020	Wathumulla	gnd	4259	1998	2261
LK-1109010	Raggahawatta	gnd	4257	2076	2181
LK-1112155	Kurunduwatta	gnd	4257	2028	2229
LK-5315195	Manayaveli	gnd	4254	2026	2228
LK-1303330	Maha Wadduwa	gnd	4253	2058	2195
LK-5224040	Pandiruppu 01C	gnd	4251	2034	2217
LK-9148100	Hingura Ara	gnd	4248	2118	2130
LK-1218065	Welisara	gnd	4246	1985	2261
LK-2312205	Pedro	gnd	4244	2087	2157
LK-9212055	Ranwala	gnd	4244	1933	2311
LK-1236175	Pethiyagoda	gnd	4243	2116	2127
LK-1136050	Boralesgamuwa East A	gnd	4241	2017	2224
LK-1236145	Wedamulla	gnd	4240	2076	2164
LK-5203030	Lihiniyagama	gnd	4235	2143	2092
LK-1133125	Moratuwella South	gnd	4233	1985	2248
LK-2314230	Dickoya South	gnd	4233	2026	2207
LK-9103030	Meennana	gnd	4230	2095	2135
LK-5118240	Manjanthoduvai South	gnd	4229	2069	2160
LK-6203100	Ettala	gnd	4229	2142	2087
LK-1236080	Warakanatta	gnd	4226	994	3232
LK-1121145	Makumbura North	gnd	4224	2095	2129
LK-1206190	Dewamottawa	gnd	4223	2063	2160
LK-1303170	Malamulla	gnd	4221	2035	2186
LK-5248090	Kalappukaddu	gnd	4219	1983	2236
LK-1321225	Thekkawatta	gnd	4216	2025	2191
LK-9206080	Mahawatta	gnd	4216	2010	2206
LK-2112170	Udathalavinna Madige	gnd	4212	1961	2251
LK-2314255	Maskeliya	gnd	4212	1996	2216
LK-1221280	Dambuwa	gnd	4211	2006	2205
LK-1133150	Villorawatta West	gnd	4198	2060	2138
LK-1136160	Thumbovila South	gnd	4197	2055	2142
LK-8124095	Dickwella	gnd	4197	1995	2202
LK-5324030	Maharoof Gramam	gnd	4196	2130	2066
LK-1221220	Jayasrigama	gnd	4194	1991	2203
LK-4309085	Kaththarsinnakulam	gnd	4191	2036	2155
LK-5315145	Sumedhankarapura	gnd	4191	2053	2138
LK-2313345	Elbedda	gnd	4189	2030	2159
LK-1130065	Jayathilaka	gnd	4186	1994	2192
LK-1109020	Kaduwela	gnd	4185	2102	2083
LK-1127050	Gothamipura	gnd	4180	1871	2309
LK-1218120	Galudupita	gnd	4180	2042	2138
LK-9230135	Madola	gnd	4178	2031	2147
LK-1121075	Pamunuwa	gnd	4177	2064	2113
LK-3139060	Madawalamulla North	gnd	4176	1927	2249
LK-1124035	Koswatta	gnd	4174	2014	2160
LK-1136255	Kesbewa North	gnd	4172	1975	2197
LK-1233260	Dangahawela	gnd	4171	2016	2155
LK-1309220	Midellamulahena	gnd	4164	1990	2174
LK-1121140	Malapalla East	gnd	4163	1980	2183
LK-4118025	Kopai Centre	gnd	4160	1839	2321
LK-1221275	Ketagewatta	gnd	4159	1953	2206
LK-1303030	Gorakana South	gnd	4155	2035	2120
LK-8215090	Muppane	gnd	4155	2009	2146
LK-2130215	Heeressagala	gnd	4153	2055	2098
LK-1133045	Lakshapathiya North	gnd	4148	1979	2169
LK-3242160	Thalpavila North	gnd	4147	1946	2201
LK-1133040	Thelawala South	gnd	4146	1884	2262
LK-2312245	Perakumpura	gnd	4140	2056	2084
LK-2313005	Bogahawatta	gnd	4137	1934	2203
LK-2157065	Nawalapitiya West	gnd	4132	1912	2220
LK-9124110	Denawaka Pathakada	gnd	4132	2029	2103
LK-2109160	Thelambugahawatta	gnd	4127	1902	2225
LK-7133065	Step 2 Part 2	gnd	4125	2167	1958
LK-3139180	Milidduwa	gnd	4116	2032	2084
LK-3242085	Hittatiya Meda	gnd	4116	1887	2229
LK-1112055	Mullegama South	gnd	4115	1990	2125
LK-1136030	Boralesgamuwa West A	gnd	4109	1990	2119
LK-1136295	Madapatha	gnd	4109	1993	2116
LK-1303265	Moravinna	gnd	4107	1946	2161
LK-1109210	Thaldiyawala	gnd	4102	2122	1980
LK-9139020	Weladura	gnd	4099	1983	2116
LK-1236055	Hunupitiya South	gnd	4096	2012	2084
LK-6242025	Maningala	gnd	4096	1960	2136
LK-1221100	Batagama North	gnd	4093	1915	2178
LK-2206170	Dambulla Town	gnd	4088	2087	2001
LK-2314195	Hatton South	gnd	4079	1924	2155
LK-8227025	Karavile	gnd	4078	2033	2045
LK-1221105	Maeliya	gnd	4075	1906	2169
LK-2313120	Drayton	gnd	4073	1965	2108
LK-1106065	Kelanimulla	gnd	4070	2034	2036
LK-1215300	Galloluwa	gnd	4070	2016	2054
LK-6203065	Palliwasalthure	gnd	4068	1948	2120
LK-1218080	Mahabage	gnd	4064	1980	2084
LK-5306110	Iqbalnagar	gnd	4063	1995	2068
LK-1221205	Batuwatta West	gnd	4060	1927	2133
LK-1206170	Kimbulapitiya Central	gnd	4058	1906	2152
LK-2130200	Uda Bowala	gnd	4051	1949	2102
LK-8142065	Poonagala	gnd	4050	1973	2077
LK-3109125	Anganaketiya	gnd	4043	1894	2149
LK-1106080	Belagama	gnd	4039	1946	2093
LK-6239005	Iranavila West	gnd	4039	1930	2109
LK-8139120	Dambethenna	gnd	4036	2029	2007
LK-9103005	Divurumpitiya	gnd	4036	1933	2103
LK-1106210	Wijayapura	gnd	4034	1947	2087
LK-5315170	Wellaimanal	gnd	4034	1963	2071
LK-1106175	Himbutana East	gnd	4032	1897	2135
LK-1109265	Pahalawela	gnd	4029	2007	2022
LK-1136145	Paligedara	gnd	4026	1944	2082
LK-2313280	Henfold	gnd	4026	1892	2134
LK-9124015	Berenduwa	gnd	4024	2009	2015
LK-2127275	Rajawella North	gnd	4021	1872	2149
LK-1115185	Suduwella	gnd	4017	1947	2070
LK-2312250	Kirimetiya	gnd	4011	1984	2027
LK-2151060	Bothalapitiya	gnd	4008	1866	2142
LK-8227010	Katharagama	gnd	4008	2066	1942
LK-5136100	Kaluwanchikudy South	gnd	4004	1924	2080
LK-9115220	Wegapitiya	gnd	4004	1879	2125
LK-4309205	Vavuniya Town North	gnd	4000	1658	2342
LK-1109135	Thalangama North B	gnd	3997	1888	2109
LK-1136350	Jamburaliya	gnd	3995	1919	2076
LK-2218155	Kaludewala	gnd	3994	1896	2098
LK-2314265	Seethagangula	gnd	3994	1865	2129
LK-1309050	Koralaima	gnd	3993	1940	2053
LK-9106165	Kahengama	gnd	3990	1938	2052
LK-1112200	Niyandagala	gnd	3984	1956	2028
LK-1221255	Narangodapaluwa West	gnd	3982	1911	2071
LK-1236165	Sinharamulla North	gnd	3979	1889	2090
LK-9124060	Welimaluwa	gnd	3979	1930	2049
LK-1112035	Nawalamulla	gnd	3978	1956	2022
LK-5327040	Muthur East	gnd	3976	2009	1967
LK-8121050	Thelbedda Estate	gnd	3972	1925	2047
LK-1133130	Indibedda West	gnd	3971	1961	2010
LK-9136065	Pahala Karavita	gnd	3970	1990	1980
LK-1106085	Kotikawatta East	gnd	3969	1939	2030
LK-1106105	Kuruniyawatta	gnd	3961	1950	2011
LK-6233180	Maikkulama	gnd	3960	1900	2060
LK-1233330	Eldeniya East	gnd	3958	1894	2064
LK-1224095	Aluthgama Bogamuwa North	gnd	3957	1899	2058
LK-1109065	Thalahena North	gnd	3956	1933	2023
LK-1115150	Puwakpitiya South	gnd	3955	1934	2021
LK-1130015	Dutugemunu	gnd	3954	1837	2117
LK-1230530	Dompe	gnd	3952	1899	2053
LK-4118115	Achchelu	gnd	3952	1935	2017
LK-1212005	Nalla	gnd	3949	1877	2072
LK-1112040	Meegasmulla	gnd	3948	2025	1923
LK-1218170	Mabola	gnd	3948	1926	2022
LK-1124090	Gangodavila North	gnd	3943	1801	2142
LG-51013	Eravur Pattu PS	lg	3942	1841	2101
LK-1112305	Kirigampamunuwa	gnd	3940	1913	2027
LK-1306085	Maha Aruggoda	gnd	3939	1876	2063
LK-2115005	Kelebokka	gnd	3937	1859	2078
LK-1206165	Kimbulapitiya South	gnd	3936	1877	2059
LK-5315085	Anpuvalipuram	gnd	3936	1884	2052
LK-3303060	Sooriyawewa Town	gnd	3935	1919	2016
LK-3239085	Kamburugamuwa North	gnd	3930	1879	2051
LK-1112265	Uduwana	gnd	3927	1917	2010
LK-5112050	Iyankerny Tamil	gnd	3927	1859	2068
LK-9148055	Udawalawa Track 02	gnd	3926	1889	2037
LK-2313130	Coombewood	gnd	3920	1903	2017
LK-1203010	Pallansena North	gnd	3919	1826	2093
LK-6215100	Palaviya	gnd	3919	1980	1939
LK-2130305	Ogastawatta	gnd	3911	1913	1998
LK-5324045	Annalnagar	gnd	3911	1997	1914
LK-1324190	Walathara	gnd	3907	1958	1949
LK-5318025	Meeranagar	gnd	3905	1949	1956
LK-5306025	Pulmoddai Division No. 4	gnd	3903	2031	1872
LK-1121070	Polwatta	gnd	3902	1904	1998
LK-1218050	Kunjawatta	gnd	3902	1919	1983
LK-1306095	Batadombathuduwa	gnd	3902	1870	2032
LK-1106180	Himbutana West	gnd	3898	1878	2020
LK-9139005	Yainna	gnd	3898	1924	1974
LK-2313125	Yulefield	gnd	3896	1834	2062
LK-4309195	Vairavapuliyankulam	gnd	3894	1797	2097
LK-1206195	Kovinna	gnd	3893	1952	1941
LK-4118045	Urumpirai South	gnd	3893	1924	1969
LK-5321085	Peraru West	gnd	3893	1873	2020
LK-1106090	Maha Buthgamuwa A	gnd	3891	1843	2048
LK-2314245	Newvalleygama	gnd	3890	1811	2079
LK-3309010	Kirinda	gnd	3887	2151	1736
LK-1221085	Yakkaduwa	gnd	3886	1816	2070
LK-1221185	Uswatta	gnd	3886	1867	2019
LK-3130050	Ampegama	gnd	3885	1868	2017
LK-6203015	Anawasala	gnd	3881	1902	1979
LK-1310095	Nimalagama	gnd	3880	1897	1983
LK-2313340	Albion	gnd	3877	1868	2009
LK-1136040	Rattanapitiya	gnd	3874	1837	2037
LK-2312170	Nuwara Eliya Central	gnd	3873	1914	1959
LK-7145085	Ikiriwewa	gnd	3873	1894	1979
LK-9218100	Ambepussa	gnd	3871	1981	1890
LK-1112240	Mattegoda East	gnd	3870	1899	1971
LK-6151115	Hettigedara	gnd	3868	1809	2059
LK-6154125	Bamunawala	gnd	3865	1807	2058
LK-8139110	Haputhale Town	gnd	3865	1886	1979
LK-1221130	Weligampitiya South	gnd	3863	1848	2015
LK-2157075	Imbulpitiya	gnd	3862	1896	1966
LK-1233380	Pahala Karagahamuna West	gnd	3859	1832	2027
LK-1309040	Thalagala West	gnd	3859	1844	2015
LK-7145065	Thammennagama	gnd	3857	1810	2047
LK-2127390	Aluth Pallekele	gnd	3853	1868	1985
LK-2309515	Ragala Watta	gnd	3846	1913	1933
LK-1221270	Ragama	gnd	3845	1777	2068
LK-9224050	Lewala	gnd	3843	1845	1998
LK-1303220	Eluvila	gnd	3841	1860	1981
LK-1133065	Uyana North	gnd	3840	1914	1926
LK-4136040	Reclamation East	gnd	3840	1869	1971
LK-6218025	Madurankuliya	gnd	3839	1884	1955
LK-1236030	Thalawathuhenpita North	gnd	3837	1742	2095
LK-7130035	Kunchikulama	gnd	3833	1843	1990
LK-1310125	Poruwadanda West	gnd	3832	1914	1918
LK-4509110	Ponnagar	gnd	3828	1935	1893
LK-1221265	Thewatta	gnd	3827	1780	2047
LK-1310130	Poruwadanda East	gnd	3826	1955	1871
LK-7210005	Sinhapura	gnd	3825	2056	1769
LK-1124030	Nawala West	gnd	3824	1838	1986
LK-1224280	Yakkala North	gnd	3823	1752	2071
LK-1239150	Ulahitiwala	gnd	3823	1879	1944
LK-1321375	Pulartan	gnd	3823	1870	1953
LK-7218015	Diyabeduma	gnd	3819	1908	1911
LK-9148090	Konkatuwa	gnd	3814	1901	1913
LK-2151190	Delpitiya	gnd	3805	1810	1995
LK-2312155	Nanuoya	gnd	3801	1844	1957
LK-3312100	Sisilasagama	gnd	3800	1961	1839
LK-1230505	Narampola	gnd	3796	1811	1985
LK-1112250	Deepangoda	gnd	3794	1817	1977
LK-5203040	Sandamadulla	gnd	3792	1845	1947
LK-9106185	Kahengama West	gnd	3792	1854	1938
LK-1233460	Akbar Town	gnd	3791	1826	1965
LK-1309055	Godigamuwa East	gnd	3790	1855	1935
LK-1221090	Nivandama North	gnd	3789	1796	1993
LK-1233290	Sooriyapaluwa South	gnd	3789	1750	2039
LK-1224360	Amunugoda North	gnd	3787	1806	1981
LK-1236065	Wanawasala East	gnd	3784	1993	1791
LK-9148095	Embilipitiya Udagama	gnd	3784	1843	1941
LK-5106040	Mancholai	gnd	3783	1815	1968
LK-8233040	Muthuminigama	gnd	3783	1803	1980
LK-4109025	Anaikottai	gnd	3782	1845	1937
LK-1206105	K.C. De Silva Puraya	gnd	3779	1849	1930
LK-2148020	Udadelthota	gnd	3778	1749	2029
LK-1136070	Neelammahara	gnd	3774	1801	1973
LK-1221210	Batuwatta East	gnd	3774	1796	1978
LK-2314220	Dickoya	gnd	3774	1767	2007
LK-1136155	Bokundara	gnd	3773	1837	1936
LK-1233415	Gongithota	gnd	3768	1836	1932
LK-3239035	Wekada	gnd	3766	1855	1911
LK-1109160	Kalapaluwawa	gnd	3764	1804	1960
LK-1136230	Kolamunna	gnd	3763	1811	1952
LK-1236060	Wanawasala West	gnd	3763	1864	1899
LK-2313020	Hollyrood	gnd	3762	1775	1987
LK-5118055	Karuvappankerny	gnd	3761	1790	1971
LK-8230065	Sittarama	gnd	3760	1894	1866
LK-1133195	Katukurunda South	gnd	3753	1845	1908
LK-8121085	Badulla South	gnd	3753	1702	2051
LK-1130060	Malwatta	gnd	3751	1872	1879
LK-1221125	Wewala	gnd	3751	1782	1969
LK-1112365	Kahathuduwa North	gnd	3749	1867	1882
LK-1236085	Koholvila	gnd	3748	1754	1994
LK-1103135	Hunupitiya	gnd	3745	1909	1836
LK-8121090	Badulla East	gnd	3739	1804	1935
LK-9148130	Modarawana	gnd	3738	1844	1894
LK-3309020	Joolpallama	gnd	3737	1855	1882
LK-9148030	Kolambage Ara	gnd	3734	1817	1917
LK-2313360	Dayagama East	gnd	3732	1802	1930
LK-1136270	Honnanthara North	gnd	3731	1790	1941
LK-1312035	Kongasthenna	gnd	3728	1837	1891
LK-8103075	Bathalayaya	gnd	3728	1845	1883
LK-1109215	Boralugoda	gnd	3726	1798	1928
LK-1206095	Katiyala	gnd	3726	1808	1918
LK-1112320	Kudamaduwa	gnd	3725	1883	1842
LK-1233325	Gonahena West	gnd	3724	1824	1900
LK-1236140	Pattiya West	gnd	3721	1896	1825
LK-9230050	Dehiovita	gnd	3721	1755	1966
LK-7157055	Habarana	gnd	3718	1871	1847
LK-1112120	Homagama West	gnd	3715	1745	1970
LK-1218205	Palliyawatta South	gnd	3714	1743	1971
LK-9148070	Ketagal Ara	gnd	3712	1861	1851
LK-9106095	Millavitiya	gnd	3711	1864	1847
LK-1221060	Thudella West	gnd	3710	1777	1933
LK-5127040	Palamunai	gnd	3708	1835	1873
LK-5118080	Periya Uppodai	gnd	3707	1750	1957
LK-1203055	Dalupotha	gnd	3706	1759	1947
LK-1224350	Galahitiyawa South	gnd	3706	1796	1910
LK-1221080	Bandigoda	gnd	3705	1783	1922
LK-1324215	Marakkalahawatta	gnd	3702	1863	1839
LK-5327095	Neithalnagar	gnd	3702	1841	1861
LK-8121095	Hindagoda	gnd	3702	1767	1935
LK-2313330	Glasgow	gnd	3700	1763	1937
LK-1112375	Kahathuduwa South	gnd	3699	1805	1894
LK-1136025	Bellanvila	gnd	3699	1806	1893
LK-1212705	Kureekotuwa	gnd	3698	1774	1924
LK-1324205	Akkaragoda	gnd	3698	1874	1824
LK-1303295	Pinwatta	gnd	3697	1691	2006
LK-3139245	Katugoda	gnd	3697	1809	1888
LK-2109105	Udaweliketiya	gnd	3694	1749	1945
LK-1321405	Nagoda South	gnd	3690	1781	1909
LK-2314165	Rosella	gnd	3689	1662	2027
LK-4133105	Sangiliyan Thoppu	gnd	3688	1727	1961
LK-8227015	Detagamuwa	gnd	3688	1893	1795
LK-8121070	Badulla Central	gnd	3687	1616	2071
LK-2312080	Kalapura	gnd	3683	1832	1851
LK-4203140	Eluthur	gnd	3683	1790	1893
LK-1221230	Nagoda	gnd	3681	1756	1925
LK-1327175	Dodangoda West	gnd	3680	1717	1963
LK-2314275	Mocha	gnd	3680	1675	2005
LK-9106180	Kithulpe	gnd	3680	1837	1843
LK-1309075	Palannoruwa	gnd	3678	1714	1964
LK-3312055	Galwewa	gnd	3678	1808	1870
LK-6215025	Marikkar Street	gnd	3678	1777	1901
LK-9221165	Ruwanwella	gnd	3677	1747	1930
LK-5215015	Karangawa	gnd	3676	1816	1860
LK-1124050	Pitakotte East	gnd	3672	1775	1897
LK-8103125	Wewgampaha	gnd	3672	1813	1859
LK-9112085	Malangama	gnd	3672	1799	1873
LK-6157055	Thorayaya	gnd	3671	1760	1911
LK-1112345	Kiriwattuduwa South	gnd	3669	1791	1878
LK-9151075	Maduwanwela Peranigama	gnd	3663	1805	1858
LK-5112070	Vantharumoolai West	gnd	3662	1694	1968
LK-9148145	Jadura	gnd	3661	1843	1818
LK-1321395	Nagoda West	gnd	3657	1630	2027
LK-8233030	Kiri Ibbanwewa	gnd	3657	1750	1907
LK-1121180	Godigamuwa North	gnd	3655	1805	1850
LK-1136200	Nampamunuwa	gnd	3654	1756	1898
LK-1112125	Homagama South	gnd	3653	1770	1883
LK-7133080	Step 2 Part 1	gnd	3646	1696	1950
LK-2313085	Bearwell	gnd	3643	1748	1895
LK-1112285	Pitipana South	gnd	3639	1756	1883
LK-8133175	Nayabedda Estate	gnd	3639	1765	1874
LK-9148035	Sankhapala	gnd	3639	1763	1876
LK-3239060	Aluth Weediya	gnd	3636	1801	1835
LK-9218045	Nangalla	gnd	3635	1694	1941
LK-1236070	Dippitigoda	gnd	3634	1827	1807
LK-1310070	Maha Ingiriya	gnd	3630	1756	1874
LK-7139065	Mudithagama	gnd	3629	1704	1925
LK-7142010	Track 16,17	gnd	3628	1732	1896
LK-1306080	Kuda Aruggoda East	gnd	3627	1743	1884
LK-1133075	Rawathawatta East	gnd	3624	1712	1912
LK-9148160	Thorakolayaya	gnd	3624	1799	1825
LK-1221285	Rampitiya	gnd	3622	1739	1883
LK-2109115	Dodangolla	gnd	3621	1656	1965
LK-5112030	Mavadivembu 1	gnd	3621	1713	1908
LK-1239050	Kanduboda East	gnd	3619	1706	1913
LK-1136095	Niwanthidiya	gnd	3617	1696	1921
LK-2130155	Nagasthenna	gnd	3617	1613	2004
LK-2230115	Viharagama	gnd	3617	1687	1930
LK-3242205	Welegoda East	gnd	3616	1660	1956
LK-1112150	Godagama South	gnd	3613	1747	1866
LK-1136190	Makuludoowa	gnd	3613	1691	1922
LK-1136365	Kahapola	gnd	3613	1782	1831
LK-9148065	Gangeyaya	gnd	3612	1796	1816
LK-1321350	Maha Heenatiyangala	gnd	3611	1724	1887
LK-8130220	Karagasthenna	gnd	3611	1785	1826
LK-1239055	Kanduboda West	gnd	3609	1778	1831
LK-5218180	Sennelgramam 02	gnd	3608	1689	1919
LK-3303080	Andarawewa	gnd	3606	1824	1782
LK-7139090	Nochchiyagama	gnd	3606	1727	1879
LK-4309075	Thandikulam	gnd	3605	1685	1920
LK-1203065	Kudapaduwa North	gnd	3603	1787	1816
LK-1124080	Nugegoda	gnd	3602	1706	1896
LK-4309170	Kandapuram	gnd	3595	1692	1903
LK-1203100	Udayarthoppuwa	gnd	3592	1645	1947
LK-2309510	Rathnayakapura	gnd	3592	1769	1823
LK-5327075	Periyapalam	gnd	3592	1823	1769
LK-1224270	Gampaha Aluthgama East	gnd	3591	1680	1911
LK-4118110	Puttur East	gnd	3590	1729	1861
LK-9206145	Kiringadeniya	gnd	3590	1729	1861
LK-6178255	Elabadagama East	gnd	3588	1714	1874
LK-1239010	Ihala Biyanvila North	gnd	3584	1689	1895
LK-9106045	Pussella	gnd	3580	1735	1845
LK-5118225	Navatkudah East	gnd	3579	1616	1963
LK-9206170	Kongamuwa	gnd	3578	1709	1869
LK-9106035	Thalavitiya	gnd	3570	1703	1867
LK-1124055	Pitakotte	gnd	3567	1768	1799
LK-4309110	Salambaikkulam	gnd	3566	1702	1864
LK-9109070	Matuwagala	gnd	3565	1777	1788
LK-2136395	Pilapitiya	gnd	3560	1743	1817
LK-5218250	Valathapitty 01	gnd	3560	1717	1843
LK-2130275	Gurudeniya East	gnd	3559	1668	1891
LK-1306135	Alubomulla West	gnd	3557	1703	1854
LK-5324035	Maharuf Nagar	gnd	3557	1797	1760
LK-1306050	Kothalawala	gnd	3552	1737	1815
LK-4509065	Konavil	gnd	3551	1812	1739
LK-1203180	Thalahena	gnd	3548	1724	1824
LK-2313275	Hallbrook	gnd	3548	1683	1865
LK-5224075	Kalmunai 01B	gnd	3546	1678	1868
LK-1203075	Wellaweediya	gnd	3545	1747	1798
LK-1106220	Madinnagoda	gnd	3541	1823	1718
LK-1221095	Nivandama South	gnd	3541	1775	1766
LK-9206160	Kappagoda	gnd	3539	1647	1892
LK-1236010	Hunupitiya North	gnd	3534	1726	1808
LK-2218150	Parawatta	gnd	3534	1652	1882
LK-8233065	Mahagama	gnd	3534	1717	1817
LK-3242135	Weragampita	gnd	3533	1691	1842
LK-1239175	Mabima East	gnd	3532	1752	1780
LK-1112130	Galavilawatta North	gnd	3527	1681	1846
LK-2130030	Nittawela	gnd	3524	1647	1877
LK-1127045	Borella South	gnd	3523	1700	1823
LK-1221140	Indiminna	gnd	3514	1670	1844
LK-9227015	Kabulumulla	gnd	3514	1709	1805
LK-1303310	Thalpitiya South	gnd	3511	1681	1830
LK-2312045	Concordia	gnd	3506	1756	1750
LK-4118085	Puttur West	gnd	3506	1759	1747
LK-1136150	Kaliyammahara	gnd	3500	1656	1844
LK-1121205	Jambugasmulla	gnd	3499	1559	1940
LK-1133145	Villorawatta East	gnd	3498	1677	1821
LK-1227500	Pahala Thihariya	gnd	3496	1697	1799
LK-1206050	Ethgala	gnd	3495	1690	1805
LK-1133155	Indibedda East	gnd	3493	1740	1753
LK-9115230	Oluganthota	gnd	3493	1628	1865
LK-1203155	Kurana West	gnd	3492	1668	1824
LK-1215130	Medemulla South	gnd	3489	1645	1844
LK-4309180	Samalankulam	gnd	3488	1729	1759
LK-2112110	Galadeniya	gnd	3487	1782	1705
LK-3312135	Koholankala	gnd	3485	1723	1762
LK-1218110	Heenkenda	gnd	3484	1649	1835
LK-2303395	Dunsinane	gnd	3478	1632	1846
LK-8233070	Habarattawela	gnd	3478	1722	1756
LK-5324040	Ayiliyady	gnd	3476	1784	1692
LK-1109270	Wickramasinghapura	gnd	3475	1673	1802
LK-1224210	Bollatha South	gnd	3475	1690	1785
LK-1206185	Andiambalama East	gnd	3473	1695	1778
LK-1239065	Daranagama	gnd	3473	1679	1794
LK-9124170	Borala	gnd	3470	1753	1717
LK-2313105	Stonycliff	gnd	3469	1670	1799
LK-1236040	Kendahena	gnd	3467	1650	1817
LK-3112200	Igala Thalawa	gnd	3466	1620	1846
LK-1324290	Maligahena	gnd	3465	1702	1763
LK-2313260	Eildonhall	gnd	3465	1660	1805
LK-6157105	Millawa	gnd	3465	1628	1837
LK-2314270	Moray	gnd	3464	1661	1803
LK-1112045	Habarakada North	gnd	3463	1673	1790
LK-1233295	Rammuthugala	gnd	3463	1673	1790
LK-9109010	Deheragoda	gnd	3458	1672	1786
LK-1112180	Kiriberiyakele	gnd	3454	1631	1823
LK-5118040	Kokkuvil	gnd	3452	1557	1895
LK-1121195	Wijerama	gnd	3451	1610	1841
LK-9112205	Ratnapura Town North	gnd	3450	1712	1738
LK-5110065	Santhiveli	gnd	3449	1615	1834
LK-7133125	Step 3 Part 2	gnd	3449	1635	1814
LK-2310620	St. Magret	gnd	3448	1639	1809
LK-1224385	Rathupaswala	gnd	3447	1692	1755
LK-1133135	Moratumulla East	gnd	3446	1682	1764
LK-1330180	Welipenna West	gnd	3446	1668	1778
LK-1303060	Henamulla	gnd	3445	1658	1787
LK-5221020	Periyaneelavanai  02	gnd	3445	1604	1841
LK-5321100	Agbopura	gnd	3444	1641	1803
LK-1224395	Belummahara	gnd	3443	1632	1811
LK-1239165	Biyagama West	gnd	3442	1701	1741
LK-6218050	Mukkuthoduwawa	gnd	3440	1700	1740
LK-4409075	Udayarkattu South	gnd	3437	1696	1741
LK-5112020	Sittandy 1	gnd	3436	1603	1833
LK-9109075	Dodampe West	gnd	3434	1676	1758
LK-1218210	Kurunduhena	gnd	3433	1649	1784
LK-5321110	Rajawewa	gnd	3432	1720	1712
LK-1109165	Kotuwegoda	gnd	3427	1689	1738
LK-1206150	Kadirana South	gnd	3425	1678	1747
LK-2127370	Balagolla East	gnd	3425	1575	1850
LK-2313135	Lindula	gnd	3425	1664	1761
LK-1239085	Makola North Ihala	gnd	3422	1618	1804
LK-6154150	Iluppugedara	gnd	3422	1730	1692
LK-6233070	Wattakkaliya	gnd	3421	1644	1777
LK-1136075	Katuwawala North	gnd	3420	1637	1783
LK-1136045	Egodawatta	gnd	3419	1661	1758
LK-5327080	Jayanagar	gnd	3416	1774	1642
LK-5315110	Thirukkadaloor	gnd	3415	1624	1791
LK-1309090	Thalagala South	gnd	3414	1663	1751
LK-1321305	Kithulawa	gnd	3411	1704	1707
LK-1203175	Pitipana South - West	gnd	3407	1663	1744
LK-1133105	Kadalana	gnd	3402	1600	1802
LK-1106230	Dodamgahahena	gnd	3401	1674	1727
LK-6154100	Kurunegala Town - North East	gnd	3401	1618	1783
LK-2127380	Diyabubula	gnd	3398	1608	1790
LK-1239025	Meegahawatta West	gnd	3396	1636	1760
LK-1133140	Moratumulla West	gnd	3395	1624	1771
LK-6218005	Puludiviyal	gnd	3395	1641	1754
LK-1224225	Galahitiyawa North	gnd	3392	1643	1749
LK-1112195	Galavilawatta South	gnd	3391	1604	1787
LK-5112135	Mylampavely	gnd	3391	1611	1780
LK-9148175	Halmillaketiya	gnd	3390	1620	1770
LK-1221195	Batagama South	gnd	3389	1596	1793
LK-8224015	Unawatuna	gnd	3389	1694	1695
LK-2157055	Nawalapitiya South	gnd	3386	1618	1768
LK-8224105	Pelwatta	gnd	3383	1664	1719
LK-1303055	Sarikkamulla	gnd	3379	1628	1751
LK-4115110	Erlalai South	gnd	3379	1605	1774
LK-1224415	Pahala Imbulgoda West	gnd	3377	1618	1759
LK-1318020	Welikala	gnd	3376	1646	1730
LK-3139095	Dangedara East	gnd	3373	1681	1692
LK-2224025	Akarahediya	gnd	3371	1713	1658
LK-8221115	Thelulla Colony	gnd	3370	1662	1708
LK-8103160	Mapakadawewa	gnd	3367	1657	1710
LK-2302310	Ketabulawa	gnd	3366	1684	1682
LK-7133085	Step 2 Part 4	gnd	3366	1614	1752
LK-1112075	Meegoda North	gnd	3362	1677	1685
LK-3127010	Halpathota Central	gnd	3361	1656	1705
LK-1112175	Kandanawatta	gnd	3360	1635	1725
LK-3109195	Kurundugaha Hethekma	gnd	3360	1634	1726
LK-9112230	Mudduwa East	gnd	3360	1583	1777
LK-5115020	Eravur 03A	gnd	3357	1563	1794
LK-4133170	Kokuvil East	gnd	3354	1487	1867
LK-1224505	Embaraluwa South 2	gnd	3352	1632	1720
LK-1133050	Lakshapathiya Central	gnd	3350	1621	1729
LK-1239220	Biyagama South	gnd	3349	1727	1622
LK-1209595	Assennawatta East	gnd	3345	1577	1768
LK-1233140	Vilimbula South	gnd	3343	1657	1686
LK-8124065	Bogahamaditta	gnd	3340	1592	1748
LK-5236055	Akkaraipattu 13	gnd	3339	1574	1765
LK-9233045	Deraniyagala	gnd	3339	1584	1755
LK-5115015	Eravur 03	gnd	3337	1643	1694
LK-9142175	Rakwana North	gnd	3337	1526	1811
LK-9148020	Udawalawa	gnd	3337	1600	1737
LK-1124040	Ethulkotte West	gnd	3336	1584	1752
LK-3112145	Batuwanhena	gnd	3336	1622	1714
LK-9139080	Endana	gnd	3335	1664	1671
LK-1121105	Maharagama East	gnd	3334	1564	1770
LK-1103125	Galle Face	gnd	3330	1712	1618
LK-1206360	Raddoluwa South	gnd	3330	1575	1755
LK-1324380	Dharga Town	gnd	3328	1666	1662
LK-1233315	Gonahena North	gnd	3327	1579	1748
LK-7118110	Ikirigollewa	gnd	3326	1673	1653
LK-9148045	Adaluwa	gnd	3326	1592	1734
LK-1109085	Nawagamuwa South	gnd	3325	1569	1756
LK-5104030	Brynthuraichenai North	gnd	3325	1604	1721
LK-3151210	Atanikitha	gnd	3324	1621	1703
LK-1112100	Panagoda West	gnd	3319	1613	1706
LK-7133135	Wanniyankulama Kotasa 1	gnd	3317	1619	1698
LK-6169145	Horombawa	gnd	3316	1591	1725
LK-1324220	Polkotuwa	gnd	3315	1623	1692
LK-1236125	Peliyagodawatta	gnd	3314	1714	1600
LK-4309135	Sekkadipulavu	gnd	3314	1619	1695
LK-4118055	Urelu	gnd	3313	1543	1770
LK-3303065	Viharagala	gnd	3312	1596	1716
LK-9230100	Thimbiripola	gnd	3312	1564	1748
LK-3139070	Deddugoda North	gnd	3310	1571	1739
LK-5236025	Akkaraipattu 06	gnd	3307	1573	1734
LK-5327045	Naduthivu	gnd	3307	1610	1697
LK-5109025	Kalkudah	gnd	3304	1915	1389
LK-2312030	Bangalahatha	gnd	3302	1632	1670
LK-1203035	Ettukala	gnd	3299	1603	1696
LK-1133190	Katukurunda North	gnd	3293	1587	1706
LK-1306225	Madupitiya	gnd	3293	1571	1722
LK-5127120	Arayampathy East	gnd	3292	1549	1743
LK-5324085	Naduthivu	gnd	3292	1727	1565
LK-1303260	Kaludewala East	gnd	3289	1540	1749
LK-3139025	Welipitimodara	gnd	3289	1570	1719
LK-1236105	Himbutuwelgoda	gnd	3287	1638	1649
LK-1212640	Kithanawatta	gnd	3286	1595	1691
LK-1324130	Maggona East	gnd	3285	1590	1695
LK-1233360	Mahara Nugegoda South	gnd	3284	1580	1704
LK-1330090	Yatadolawatta East	gnd	3284	1589	1695
LK-3137015	Panvila Pahalagoda	gnd	3284	1605	1679
LK-4106075	Moolai	gnd	3283	1566	1717
LK-4130035	Navatkuli West	gnd	3282	1623	1659
LK-5324070	Kurinchakerny	gnd	3282	1707	1575
LK-1239110	Makola South Pahala	gnd	3281	1582	1699
LK-9230040	Dikella	gnd	3281	1653	1628
LK-1321075	Moronthuduwa South	gnd	3278	1574	1704
LK-1324325	Welipitiya	gnd	3277	1583	1694
LK-1309060	Halapitiya	gnd	3275	1588	1687
LK-5109020	Peththalai	gnd	3275	1531	1744
LK-5248035	Rasak Moulana Nagar	gnd	3275	1594	1681
LK-4133110	Thirunelvely West	gnd	3273	1132	2141
LK-1112255	Magammana West	gnd	3271	1588	1683
LK-5112110	Iyankerny Muslim	gnd	3271	1398	1873
LK-3242105	Wewahamandoowa	gnd	3267	1573	1694
LK-5224115	Kalmunai 01C	gnd	3267	1521	1746
LK-5315130	Linganagar	gnd	3264	1479	1785
LK-1112270	Prasannapura	gnd	3262	1596	1666
LK-3303030	Suravirugama	gnd	3262	1613	1649
LK-1239225	Biyagama East	gnd	3260	1608	1652
LK-8230010	Kotavehera Mankada	gnd	3259	1605	1654
LK-1209535	Dagonna South	gnd	3258	1550	1708
LK-5106010	Oddamavadi 01 North	gnd	3258	1537	1721
LK-9139065	Kalalella	gnd	3258	1646	1612
LK-1309025	Ihala Millewa South	gnd	3257	1549	1708
LK-8133065	Bandarawela West	gnd	3256	1523	1733
LK-9142055	Madampe North	gnd	3256	1541	1715
LK-1112300	Diyagama West	gnd	3254	1743	1511
LK-1206210	Kurana Katunayaka West	gnd	3254	1624	1630
LK-1303080	Werawatta	gnd	3254	1576	1678
LK-7206225	Yudhaganawa	gnd	3254	1646	1608
LK-1115285	Koodaluvila	gnd	3253	1590	1663
LK-9136010	Noragalla	gnd	3253	1603	1650
LK-9151070	Kolonna	gnd	3253	1573	1680
LK-9206045	Gondiwala	gnd	3247	1507	1740
LK-1206040	Katana West	gnd	3246	1556	1690
LK-1203165	Siriwardana Pedesa	gnd	3245	1513	1732
LK-6145115	Madige Midiyala	gnd	3245	1510	1735
LK-1106115	Dahampura	gnd	3242	1559	1683
LK-7133070	Pothanegama	gnd	3239	1553	1686
LK-5315140	Poompuhar	gnd	3235	1571	1664
LK-5324150	Soorangal	gnd	3234	1641	1593
LK-3139185	Ettiligoda South	gnd	3233	1474	1759
LK-9139030	Uda Hawpe	gnd	3232	1603	1629
LK-6169070	Siyambalagaskotuwa	gnd	3231	1602	1629
LK-1221030	Ekala	gnd	3228	1629	1599
LK-1321040	Habaralagahalanda	gnd	3228	1560	1668
LK-5215005	Dambethalawa	gnd	3226	1583	1643
LK-9106020	Meneripitiya	gnd	3226	1553	1673
LK-1109110	Welipillewa	gnd	3225	1545	1680
LK-9124075	Marapana	gnd	3225	1589	1636
LK-3315175	Uhapitagoda	gnd	3220	1576	1644
LK-8130020	Boragas	gnd	3219	1581	1638
LK-2130070	Mapanawathura	gnd	3218	1524	1694
LK-1236090	Dalugamgoda	gnd	3217	1485	1732
LK-1239035	Kammalwatta	gnd	3215	1591	1624
LK-6236190	Uraliyagara	gnd	3215	1553	1662
LK-5330040	Navatkernikadu	gnd	3213	1590	1623
LK-9124185	Poronuwa	gnd	3213	1607	1606
LK-2218230	Maligathenna	gnd	3212	1546	1666
LK-6233010	Deduruoya	gnd	3212	1562	1650
LK-5106035	Meeravodai Muslim East	gnd	3211	1452	1759
LK-5112105	Chenkalady-1	gnd	3210	1479	1731
LK-1206090	Kondagammulla	gnd	3208	1525	1683
LK-9136050	Yakdehiwatta	gnd	3208	1552	1656
LK-1236110	Pattiya East	gnd	3207	1651	1556
LK-4509015	Ambalnagar	gnd	3207	1566	1641
LK-1327170	Dodangoda West - North West	gnd	3203	1526	1677
LK-2112075	Wattegama North	gnd	3203	1480	1723
LK-1112145	Pitipana Town	gnd	3202	1764	1438
LK-4309115	Sasthrikoolankulam	gnd	3202	1587	1615
LK-1133185	Koralawella South	gnd	3201	1533	1668
LK-2303055	Hellboda	gnd	3200	1536	1664
LK-5318050	Galmetiyawa South	gnd	3199	1583	1616
LK-2313355	Weverly	gnd	3198	1541	1657
LK-8124070	Mahawattagama	gnd	3198	1518	1680
LK-1233195	Naranwala	gnd	3197	1538	1659
LK-1224330	Mahena	gnd	3196	1560	1636
LK-8133110	Inikambedda	gnd	3195	1527	1668
LK-2310600	Delmar	gnd	3194	1546	1648
LK-9106170	Pathagama	gnd	3190	1598	1592
LK-1103130	Slave Island	gnd	3189	1619	1570
LK-1106070	Ambathale	gnd	3189	1620	1569
LK-9203205	Hurimaluwa	gnd	3189	1484	1705
LK-4512085	Pallikuda	gnd	3188	1585	1603
LK-5321040	Jayanthipura	gnd	3183	1601	1582
LK-1206325	Raddoluwa West	gnd	3182	1568	1614
LK-2130280	Maligathenna	gnd	3181	1498	1683
LK-8121030	Sirimalgoda	gnd	3180	1509	1671
LK-1324235	Hettiyakanda	gnd	3177	1586	1591
LK-7133115	Mahapaladikulama	gnd	3177	1513	1664
LK-1133180	Koralawella West	gnd	3176	1558	1618
LK-3303045	Hathporuwa	gnd	3176	1538	1638
LK-7133120	Step 3 Part 1	gnd	3176	1463	1713
LK-9124115	Rilhena	gnd	3176	1595	1581
LK-2151065	Gampola East	gnd	3175	1508	1667
LK-1218180	Wattala	gnd	3174	1506	1668
LK-1233440	Pinnameda	gnd	3168	1477	1691
LK-1236025	Kiribathgoda	gnd	3167	1454	1713
LK-2312150	Summerset	gnd	3165	1593	1572
LK-1133110	Rawathawatta West	gnd	3164	1455	1709
LK-1324365	Warapitiya	gnd	3163	1468	1695
LK-2112220	Gunnepana Madige	gnd	3161	1470	1691
LK-4142	Delft	dsd	3158	1570	1588
LG-41032	Delft PS	lg	3158	1570	1588
LK-1121060	Kottawa North	gnd	3155	1487	1668
LK-1215295	Galloluwa East	gnd	3151	1597	1554
LK-6206080	Vattakandal	gnd	3146	1531	1615
LK-1303095	Walana North	gnd	3145	1508	1637
LK-4136045	Reclamation West	gnd	3145	1519	1626
LK-9112195	Muwagama	gnd	3145	1451	1694
LK-1230130	Meddegama	gnd	3143	1494	1649
LK-1239180	Mabima West	gnd	3143	1553	1590
LK-2303410	Pundaluoya South	gnd	3143	1461	1682
LK-8221130	Balaharuwa	gnd	3143	1613	1530
LK-4203040	Pesalai South	gnd	3140	1565	1575
LK-2148030	Suduwella	gnd	3138	1498	1640
LK-1118075	Galagedara East	gnd	3136	1526	1610
LK-1236130	Peliyagoda Gangabada	gnd	3134	1576	1558
LK-1115070	Ihala Kosgama North	gnd	3130	1490	1640
LK-1112340	Kahathuduwa West	gnd	3126	1521	1605
LK-5236135	Town Division 05	gnd	3124	1481	1643
LK-6233100	Ichchampitiya	gnd	3124	1407	1717
LK-1209415	Halpe 2	gnd	3123	1536	1587
LK-8212160	Dombagahawela	gnd	3123	1555	1568
LK-1112400	Palagama	gnd	3122	1557	1565
LK-6203130	Mampuriya	gnd	3121	1542	1579
LK-1203170	Pitipana South - East	gnd	3119	1495	1624
LK-4409065	Thevipuram	gnd	3118	1503	1615
LK-1103140	Suduwella	gnd	3117	1569	1548
LK-1203095	Angurukaramulla	gnd	3117	1492	1625
LK-9103115	Bulugahapitiya	gnd	3116	1496	1620
LK-5215035	Senanayakepura	gnd	3115	1546	1569
LK-1106140	Kotikawatta West	gnd	3112	1459	1653
LK-8119075	Madulsima	gnd	3110	1513	1597
LK-1303135	Bekkegama	gnd	3109	1467	1642
LK-1306015	Senapura	gnd	3108	1518	1590
LK-9136045	Nivithigala	gnd	3108	1492	1616
LK-1309110	Kidelpitiya	gnd	3107	1541	1566
LK-9124025	Kuttapitiya	gnd	3106	1561	1545
LK-2313095	Devon	gnd	3103	1447	1656
LK-1321265	Ethanamadala	gnd	3102	1486	1616
LK-9142005	Kotakethana	gnd	3102	1485	1617
LK-5110070	Palaiyadithona	gnd	3101	1468	1633
LK-9115045	Maddegama	gnd	3101	1464	1637
LK-9230025	Kanangama	gnd	3101	1527	1574
LK-1324025	Malegoda	gnd	3095	1490	1605
LK-5203060	Nawa Medagama	gnd	3095	1525	1570
LK-1136205	Mavittara North	gnd	3093	1483	1610
LK-9230070	Napawala	gnd	3087	1546	1541
LK-1336215	Thiniyawala	gnd	3086	1481	1605
LK-6203095	Thigali	gnd	3086	1492	1594
LK-1206020	Thoppuwa	gnd	3085	1470	1615
LK-1303145	Walana	gnd	3085	1471	1614
LK-1239030	Meegahawatta East	gnd	3084	1508	1576
LK-6178265	Elabadagama West	gnd	3083	1489	1594
LK-9227040	Parussella	gnd	3082	1468	1614
LK-1227210	Ellakkala West	gnd	3081	1462	1619
LK-3303050	Weniwel Ara	gnd	3081	1518	1563
LK-1233225	Webada West	gnd	3079	1460	1619
LK-6151160	Aswedduma	gnd	3079	1453	1626
LK-1224365	Ihala Yagoda South	gnd	3078	1493	1585
LK-2130320	Mahakanda	gnd	3077	1330	1747
LK-9124145	Pelmadullagama	gnd	3077	1537	1540
LK-6169040	Arakyala	gnd	3076	1432	1644
LK-5124075	Kattankudy Division 6 South	gnd	3075	1324	1751
LK-9106015	Pathberiya	gnd	3075	1513	1562
LK-5215040	Jayawardhanapura	gnd	3074	1523	1551
LK-1303040	Paratta	gnd	3073	1529	1544
LK-3312040	Keliyapura	gnd	3071	1546	1525
LK-5118130	Thandavanveli	gnd	3070	1431	1639
LK-1236160	Kelaniya	gnd	3067	1570	1497
LK-5127115	Selvanagar East	gnd	3067	1471	1596
LK-1218195	Nayakakanda South	gnd	3065	1373	1692
LK-2206080	Nikawatawana	gnd	3062	1522	1540
LK-1221010	Dandugama	gnd	3060	1494	1566
LK-7115145	Jayanthi Gramaya	gnd	3060	1268	1792
LK-9221090	Kannattota	gnd	3058	1427	1631
LK-2130315	Hindagala	gnd	3057	1381	1676
LK-6242075	Mudukatuwa South	gnd	3057	1418	1639
LK-4312030	Sooduventhapulavu	gnd	3056	1539	1517
LK-9112100	Ketaliyampalla	gnd	3056	1496	1560
LK-3206090	Thenipita	gnd	3055	1422	1633
LK-9206195	Uyanwatta	gnd	3055	1405	1650
LK-9136015	Dombagammana	gnd	3053	1505	1548
LK-2206195	Rathmalgaha Ela	gnd	3050	1505	1545
LK-5118160	Kallady Veloor	gnd	3048	1448	1600
LK-1112355	Moonamale - Yakahaluwa	gnd	3046	1518	1528
LK-1133085	Kuduwamulla	gnd	3046	1507	1539
LK-5315125	Sivapuri	gnd	3046	1459	1587
LK-1106155	Udumulla North	gnd	3045	1493	1552
LK-2313325	Sandrinham	gnd	3044	1447	1597
LK-1203060	Kudapaduwa	gnd	3040	1435	1605
LK-1321345	Kurunduwatta	gnd	3040	1507	1533
LK-3133045	Thilakapura	gnd	3040	1453	1587
LK-8121135	Udawela	gnd	3036	1400	1636
LK-9124090	Pottakanda	gnd	3035	1532	1503
LK-8215045	Hulandawa	gnd	3030	1505	1525
LK-9230080	Epalapitiya	gnd	3030	1443	1587
LK-1218130	Kerangapokuna	gnd	3026	1433	1593
LK-3133040	Thalgasgoda	gnd	3023	1428	1595
LK-5218145	Kallarichchel 02	gnd	3023	1370	1653
LK-1136220	Mampe West	gnd	3020	1494	1526
LK-3142075	Niladeniya	gnd	3020	1560	1460
LK-1112110	Habarakada Watta	gnd	3014	1413	1601
LK-3242235	Walgama	gnd	3013	1489	1524
LK-1303285	Dibbedda North	gnd	3012	1434	1578
LK-8215085	Viharamulla	gnd	3012	1494	1518
LK-3206120	Morawaka	gnd	3010	1442	1568
LK-9106155	Walandura	gnd	3008	1833	1175
LK-2306430	Hope	gnd	3006	1428	1578
LK-6218135	Udappuwa	gnd	3006	1418	1588
LK-9148135	Sudugala	gnd	3006	1492	1514
LK-9221095	Gonaramba	gnd	3005	1510	1495
LK-1206320	Raddoluwa North	gnd	3002	1406	1596
LK-6215055	Puttalam South	gnd	3002	1407	1595
LK-3312105	Manajjawa	gnd	2998	1487	1511
LK-5124020	Kattankudy Division 2 North	gnd	2998	1494	1504
LK-8121075	Badulla West	gnd	2998	1346	1652
LK-2109120	Akurana	gnd	2997	1430	1567
LK-2314320	Kotiyagala	gnd	2997	1419	1578
LK-1206370	Kotugoda	gnd	2996	1457	1539
LK-9233095	Deraniyagala South	gnd	2995	1407	1588
LK-7212210	Warapitiya	gnd	2994	1552	1442
LK-3303035	Samajasewapura	gnd	2993	1523	1470
LK-1103165	Maradana	gnd	2992	1564	1428
LK-1203120	Pitipana North	gnd	2992	1460	1532
LK-5248040	Sarvodayapuram	gnd	2992	1431	1561
LK-1224475	Weliweriya West	gnd	2989	1442	1547
LK-1109230	Evarihena	gnd	2988	1432	1556
LK-1112060	Habarakada South	gnd	2988	1461	1527
LK-3309135	Thissapura	gnd	2988	1614	1374
LK-7130050	Kurundankulama	gnd	2987	1456	1531
LK-9136070	Uda Karavita	gnd	2986	1493	1493
LK-1109140	Thalahena South	gnd	2984	1446	1538
LK-2312055	Kandapola Central	gnd	2984	1459	1525
LK-5203055	Ihalagama	gnd	2984	1445	1539
LK-7215210	Polonnaruwa Town	gnd	2984	1371	1613
LK-8103095	Beligalla	gnd	2984	1504	1480
LK-9148155	Mulendiyawala	gnd	2984	1455	1529
LK-4109020	Uyarappulam	gnd	2983	1408	1575
LK-9124105	Dewalegama	gnd	2983	1452	1531
LK-1112185	Mawathgama	gnd	2982	1503	1479
LK-9103140	Mahingoda	gnd	2979	1458	1521
LK-1215140	Yatiyana	gnd	2977	1474	1503
LK-7142015	Veheragala	gnd	2977	1457	1520
LK-8221090	Veherayaya Colony	gnd	2975	1445	1530
LK-9124160	Kapuhenthota	gnd	2974	1427	1547
LK-2130310	Uda Peradeniya	gnd	2973	1498	1475
LK-2157020	Dandubediruppa	gnd	2973	1399	1574
LK-1239040	Delgoda	gnd	2970	1447	1523
LK-9148140	Walalgoda	gnd	2970	1526	1444
LK-3145215	Haliwala	gnd	2969	1456	1513
LK-1321285	Kuda Heenatiyangala	gnd	2967	1464	1503
LK-3306045	Lunugamvehera New Town	gnd	2966	1429	1537
LK-2312220	Sandathenna	gnd	2961	1489	1472
LK-2218200	Gongawela	gnd	2960	1382	1578
LK-2313025	Great Western	gnd	2960	1409	1551
LK-1121125	Kottawa West	gnd	2959	1386	1573
LK-5104040	Mavadichenai	gnd	2959	1408	1551
LK-1233200	Udupila East	gnd	2958	1437	1521
LK-3139110	Galwadugoda	gnd	2957	1351	1606
LK-2112175	Meegamawatta	gnd	2955	1412	1543
LK-2313320	Dayagama West	gnd	2955	1437	1518
LK-1206030	Katana North	gnd	2953	1410	1543
LK-5315105	Murugapuri	gnd	2952	1404	1548
LK-7209125	Alhilalpura	gnd	2952	1357	1595
LK-3318225	Yakagala	gnd	2951	1446	1505
LK-6154095	Bamunugedara	gnd	2951	1391	1560
LK-1324295	Moragalla	gnd	2950	1526	1424
LK-2313270	Balmoral	gnd	2949	1413	1536
LK-4309190	Rambaikulam	gnd	2949	1339	1610
LK-9227020	Garagoda Pahala	gnd	2949	1409	1540
LK-1218040	Paranambalama	gnd	2948	1488	1460
LK-7215130	Sirisangabo Pedesa	gnd	2948	1429	1519
LK-2157125	Westhole	gnd	2947	1382	1565
LK-1209315	Kaluwarippuwa East - Dakuna	gnd	2946	1497	1449
LK-8103055	Millattawa	gnd	2945	1434	1511
LK-9124180	Kattange	gnd	2944	1450	1494
LK-1233305	Webada East	gnd	2943	1401	1542
LK-2151200	Galatha	gnd	2943	1485	1458
LK-4203110	Emilnagar	gnd	2943	1452	1491
LK-6218150	Tharakudivilluwa	gnd	2943	1453	1490
LK-6203120	Paniyadiya	gnd	2941	1424	1517
LK-1224490	Weliweriya North	gnd	2940	1405	1535
LK-2312240	Ruwaneliya	gnd	2940	1417	1523
LK-5103005	Kathiraveli	gnd	2940	1436	1504
LK-9218120	Tholangamuwa	gnd	2939	1402	1537
LK-8133045	Watagamuwa	gnd	2937	1311	1626
LK-9227030	Yatiyanthota	gnd	2937	1385	1552
LK-7212140	Kalukele	gnd	2936	1444	1492
LK-1136020	Divulpitiya West	gnd	2935	1411	1524
LK-6178025	Eriyagolla	gnd	2934	1415	1519
LK-5109050	Kinnaiyady	gnd	2933	1447	1486
LK-5321095	Kantale Town	gnd	2932	1398	1534
LK-7145070	Nallachchiya	gnd	2931	1395	1536
LK-1206155	Kimbulapitiya West	gnd	2930	1413	1517
LK-3242170	Veherahena	gnd	2930	1398	1532
LK-2312065	Bambarakele	gnd	2929	1437	1492
LK-1109050	Welihinda	gnd	2928	1454	1474
LK-6154175	Theliyagonna	gnd	2927	1417	1510
LK-1136355	Polhena	gnd	2924	1459	1465
LK-9142205	Balavinna East	gnd	2922	1372	1550
LK-1224255	Bendiyamulla West	gnd	2921	1347	1574
LK-1330240	Thalgasgoda	gnd	2921	1410	1511
LK-8121005	Pitawelagama	gnd	2920	1376	1544
LK-9109080	Dodampe	gnd	2919	1454	1465
LK-2303375	Labukele	gnd	2918	1456	1462
LK-1306075	Alubomulla East	gnd	2917	1419	1498
LK-4509010	Ambalkulam	gnd	2916	1382	1534
LK-9212120	Dikella	gnd	2916	1389	1527
LK-1109090	Batewela	gnd	2915	1411	1504
LK-9127050	Elapatha	gnd	2914	1468	1446
LK-1203070	Kudapaduwa South	gnd	2911	1387	1524
LK-8133070	Bandarawela East	gnd	2911	1385	1526
LK-3134075	Arachchikanda	gnd	2910	1385	1525
LK-1136120	Mahalwarawa	gnd	2909	1407	1502
LK-3112155	Igala East	gnd	2909	1403	1506
LK-4509100	Barathipuram	gnd	2909	1399	1510
LK-1321100	Nugagoda	gnd	2908	1413	1495
LK-1115145	Aradhana Kanda	gnd	2907	1371	1536
LK-6160135	Mawathagama	gnd	2907	1373	1534
LK-9106030	Bodhimaluwa	gnd	2906	1450	1456
LK-2313265	Rahanwatta	gnd	2903	1415	1488
LK-2115025	Thawalanthenna	gnd	2901	1447	1454
LK-3221190	Denipitiya East	gnd	2899	1393	1506
LK-1306220	Diganathuduwa	gnd	2898	1363	1535
LK-5110060	Korakallimadu	gnd	2898	1380	1518
LK-1133100	Moratumulla North	gnd	2893	1397	1496
LK-1227080	Kalalpitiya	gnd	2893	1412	1481
LK-8103045	Pahala Rathkinda	gnd	2893	1432	1461
LK-1309030	Thalagala East	gnd	2892	1398	1494
LK-3106010	Nanathota Palatha	gnd	2891	1386	1505
LK-5315060	Andankulam	gnd	2891	1464	1427
LK-6239015	Thoduwawa North	gnd	2891	1388	1503
LK-9112095	Kahangama	gnd	2890	1449	1441
LK-1206335	Mookalangamuwa West	gnd	2889	1333	1556
LK-2303065	Frotoft	gnd	2889	1464	1425
LK-6149030	Kelimune	gnd	2889	1398	1491
LK-7206160	Medirigiriya	gnd	2888	1412	1476
LK-8136020	Demodara	gnd	2888	1396	1492
LK-5104025	Valaichchenai 5 Muslim South	gnd	2886	1356	1530
LK-6230075	Karukupane	gnd	2886	1415	1471
LK-5106030	Meeravodai Muslim West	gnd	2885	1398	1487
LK-9151100	Ullinduwawa	gnd	2882	1424	1458
LK-7154035	Maradankadawala	gnd	2881	1422	1459
LK-5224085	Kalmunai 01	gnd	2880	1360	1520
LK-9112220	Godigamuwa	gnd	2879	1425	1454
LK-1221170	Rilavulla	gnd	2876	1328	1548
LK-5225045	Sainthamaruthu 09	gnd	2875	1352	1523
LK-8103135	Elewela	gnd	2873	1364	1509
LK-8221140	Kithulkote	gnd	2873	1449	1424
LK-2130260	Wewathenna	gnd	2871	1343	1528
LK-1133115	Idama	gnd	2870	1288	1582
LK-2157060	Nawalapitiya North	gnd	2868	1404	1464
LK-6203025	Wanni Mundalama	gnd	2868	1460	1408
LK-1309010	Pahala Millewa North	gnd	2866	1438	1428
LK-4106045	Vadducoddai South	gnd	2862	1370	1492
LK-2314185	Shanon	gnd	2860	1341	1519
LK-3206020	Kandilpana	gnd	2859	1442	1417
LK-5212090	Verenketagoda	gnd	2859	1388	1471
LK-8233010	Habaraluwewa	gnd	2859	1368	1491
LK-9133075	Wewelkandura	gnd	2859	1406	1453
LK-1239215	Pattivila South	gnd	2858	1423	1435
LK-1118090	Padukka	gnd	2857	1336	1521
LK-2307575	Gonapitiya	gnd	2856	1409	1447
LK-8103090	Galporuyaya	gnd	2855	1415	1440
LK-2127170	Pallegunnepana South	gnd	2853	1081	1772
LK-1236045	Egoda Eriyawetiya	gnd	2852	1462	1390
LK-5239110	Alayadivembu	gnd	2851	1382	1469
LK-7142035	Track 15	gnd	2850	1420	1430
LK-7206005	Wedikachchiya	gnd	2850	1459	1391
LK-1233335	Eldeniya West	gnd	2849	1356	1493
LK-1215020	Nilpanagoda	gnd	2848	1349	1499
LK-7154160	Maha Kekirawa	gnd	2848	1396	1452
LK-1224120	Keselwathugoda North	gnd	2846	1411	1435
LK-3315115	Eraminiyaya	gnd	2846	1916	930
LK-9106050	Devipahala	gnd	2843	1450	1393
LK-9112190	Dewalegawa	gnd	2843	1416	1427
LK-9136100	Doloswalakanda	gnd	2843	1387	1456
LK-2154020	Herakola	gnd	2842	1411	1431
LK-5306115	Periyakulam	gnd	2842	1025	1817
LK-1215245	Walpitamulla	gnd	2841	1336	1505
LK-2303480	Medakumbura North	gnd	2841	1281	1560
LK-9112115	Malwala	gnd	2841	1429	1412
LK-9221170	Wendala	gnd	2840	1359	1481
LK-2130005	Mavilmada	gnd	2839	1356	1483
LK-3242125	Weliweriya East	gnd	2839	1265	1574
LK-1309165	Kumbuka West	gnd	2837	1366	1471
LK-2130300	Bowalawatta	gnd	2837	1358	1479
LK-2315100	Ginigathhena	gnd	2837	1396	1441
LK-7133040	Thammennapura	gnd	2835	1364	1471
LK-1206215	Kurana Katunayaka North	gnd	2833	1358	1475
LK-1224410	Pahala Imbulgoda South	gnd	2833	1393	1440
LK-1224310	Henarathgoda	gnd	2832	1302	1530
LK-1106200	Gothatuwa	gnd	2831	1369	1462
LK-9106120	Pahala Kuruvita	gnd	2831	1382	1449
LK-2127115	Menikhinna	gnd	2829	1368	1461
LK-8221020	Sudupanawela	gnd	2829	1362	1467
LK-1112210	Mambulgoda	gnd	2828	1317	1511
LK-2157090	Kendopitiya	gnd	2828	1324	1504
LK-1206110	Thimbirigaskatuwa	gnd	2827	1320	1507
LK-3242300	Rassandeniya	gnd	2827	1381	1446
LK-8221145	Uva Kudaoya	gnd	2827	1422	1405
LK-1203085	Periyamulla	gnd	2825	1363	1462
LK-1303225	Wekada East	gnd	2824	1401	1423
LK-9103035	Bopetta Didda	gnd	2824	1427	1397
LK-5112160	Vepavedduwan	gnd	2823	1335	1488
LK-1221135	Thumpeliya	gnd	2821	1347	1474
LK-1303275	Nallooruwa	gnd	2821	1324	1497
LK-1236185	Sinharamulla	gnd	2820	1352	1468
LK-2303400	Sheen	gnd	2820	1312	1508
LK-1221120	Indivitiya	gnd	2818	1333	1485
LK-2127285	Ihalawela	gnd	2818	1319	1499
LK-5248015	Sinna Puthukkudiyiruppu	gnd	2818	1285	1533
LK-5324015	Mancholai	gnd	2818	1428	1390
LK-5124060	Kattankudy Division 6	gnd	2816	1221	1595
LK-8136120	Heeloya	gnd	2815	1337	1478
LK-7209030	Jayapura	gnd	2814	1308	1506
LK-5218175	Sennelgramam 01	gnd	2812	1160	1652
LK-9106145	Delgamuwa	gnd	2812	1371	1441
LK-1115205	Hanwella Town	gnd	2809	1412	1397
LK-1218100	Kurukulawa North	gnd	2809	1295	1514
LK-9148080	Ranchamadama	gnd	2809	1418	1391
LK-7115160	Saliya Mawatha	gnd	2808	1386	1422
LK-1227340	Thihariyagama	gnd	2807	1445	1362
LK-1306125	Mahavila	gnd	2807	1398	1409
LK-2157145	Hydree	gnd	2806	1355	1451
LK-4118150	Achchuveli South	gnd	2806	1333	1473
LK-8130120	Dambavinna	gnd	2802	1373	1429
LK-2130230	Ampitiya North	gnd	2801	1394	1407
LK-6154245	Madithiyawala	gnd	2800	1337	1463
LK-8136115	Palleperuwa	gnd	2799	1343	1456
LK-1318030	Lenawara	gnd	2798	1362	1436
LK-6242070	Mudukatuwa North	gnd	2797	1286	1511
LK-9224120	Ampagala	gnd	2797	1366	1431
LK-4509070	Krishnapuram	gnd	2795	1360	1435
LK-9230115	Batangala	gnd	2794	1375	1419
LK-1215370	Marapola	gnd	2793	1330	1463
LK-2127395	Wijaya Sri Gama	gnd	2791	1323	1468
LK-8121130	Glen Alpin Estate	gnd	2791	1316	1475
LK-1206120	Katuwapitiya	gnd	2790	1325	1465
LK-1303355	Molligoda North	gnd	2790	1301	1489
LK-2309575	Senarathpura	gnd	2790	1342	1448
LK-9112235	Samagipura	gnd	2789	1369	1420
LK-1206025	Bambukuliya	gnd	2788	1330	1458
LK-2142050	Palledelthota	gnd	2788	1290	1498
LK-2154025	Wallahagoda	gnd	2787	1337	1450
LK-4309145	Rejendrankulam	gnd	2785	1304	1481
LK-9230090	Ihala Thaldoowa	gnd	2785	1327	1458
LK-1324125	Munhena	gnd	2784	1330	1454
LK-7215200	Weera Pedesa	gnd	2784	1342	1442
LK-9106190	Kosgoda	gnd	2784	1327	1457
LK-3242150	Kekanadura South	gnd	2783	1387	1396
LK-1330095	Yatadolawatta West	gnd	2782	1350	1432
LK-1227470	Kamburagalla	gnd	2781	1298	1483
LK-3209075	Urubokka	gnd	2780	1366	1414
LK-5306085	Kumburupiddy East	gnd	2780	1402	1378
LK-2203040	Dewahoowa Colony 1	gnd	2779	1379	1400
LK-2314205	Ruwanpura	gnd	2777	1319	1458
LK-5136110	Eruvil East	gnd	2776	1270	1506
LK-1321185	Dediyawala	gnd	2775	1363	1412
LK-4133005	Ariyalai South West	gnd	2775	1323	1452
LK-1221225	Hapugoda East	gnd	2774	1338	1436
LK-1215495	Wathumulla	gnd	2770	1308	1462
LK-1321095	Deldoowa	gnd	2770	1356	1414
LK-1115130	Kiriwandala South	gnd	2768	1338	1430
LK-2151180	Paradeka	gnd	2768	1317	1451
LK-1136175	Wewala East	gnd	2767	1327	1440
LK-3309025	Weerahela	gnd	2767	1376	1391
LK-8142025	Viharagala	gnd	2767	1327	1440
LK-8221120	Ethiliwewa	gnd	2767	1368	1399
LK-4130070	Kovilkudyiruppu	gnd	2764	1336	1428
LK-8230005	Kandiyapitawewa	gnd	2762	1360	1402
LK-1233425	Gongithota West	gnd	2761	1322	1439
LK-1321050	Pohoddaramulla East	gnd	2760	1319	1441
LK-1303315	Pallimankada	gnd	2759	1302	1457
LK-3139160	Kandewatta	gnd	2758	1267	1491
LK-5321080	Peraru East	gnd	2758	1352	1406
LK-9124080	Pahala Hakamuwa	gnd	2757	1350	1407
LK-2154035	Gampolawela	gnd	2756	1338	1418
LK-1136235	Suwarapola East	gnd	2755	1304	1451
LK-8130010	Hulankapolla	gnd	2754	1362	1392
LK-8142020	Beragala	gnd	2754	1306	1448
LK-5315160	Kawattikuda	gnd	2752	1365	1387
LK-2218095	Palapathwala	gnd	2751	1254	1497
LK-2309390	Maha Uva	gnd	2751	1335	1416
LK-6227065	Nandimithrapura	gnd	2751	1325	1426
LK-7148035	Karagahawewa	gnd	2746	1299	1447
LK-8103130	Dehigolla	gnd	2746	1350	1396
LK-9112120	Durekkanda	gnd	2746	1412	1334
LK-1324340	Malewana	gnd	2745	1336	1409
LK-8230040	Sooriyaara	gnd	2745	1378	1367
LK-3109170	Diviyagahawela	gnd	2744	1316	1428
LK-1321410	Weniwelketiya	gnd	2743	1301	1442
LK-8121080	Katupelella	gnd	2743	1310	1433
LK-8133030	Diganathenna	gnd	2743	1362	1381
LK-9148075	Nindagam Pelessa	gnd	2743	1336	1407
LK-1115045	Seethagama	gnd	2742	1318	1424
LK-5236050	Akkaraipattu 14	gnd	2740	1276	1464
LK-2109100	Kasawatta	gnd	2739	1266	1473
LK-2313315	Lippakelle	gnd	2739	1311	1428
LK-9139055	Atakalanpanna	gnd	2738	1334	1404
LK-4118005	Irupalai South	gnd	2737	1343	1394
LK-1239005	Pahala Biyanvila East	gnd	2736	1309	1427
LK-2130055	Aruppala West	gnd	2736	1272	1464
LK-9230150	Rangegama	gnd	2735	1340	1395
LK-1124020	Rajagiriya	gnd	2734	1372	1362
LK-1136180	Thumbovila West	gnd	2734	1304	1430
LK-7215235	Ganangolla	gnd	2733	1319	1414
LK-3242260	Pamburana	gnd	2731	1281	1450
LK-7145005	Kongollewa	gnd	2731	1321	1410
LK-8130105	Dayaraba Watta	gnd	2731	1333	1398
LK-6139125	Pannawa	gnd	2730	1291	1439
LK-6230150	Weerakumandaluwa	gnd	2729	1316	1413
LK-6130360	Bakmeegolla	gnd	2728	1270	1458
LK-7212120	Aralaganvila West	gnd	2727	1335	1392
LK-1303235	Wekada West	gnd	2725	1328	1397
LK-2130180	Getambe	gnd	2725	1324	1401
LK-3239055	Hetti Weediya	gnd	2724	1284	1440
LK-8106015	Welampele	gnd	2722	1379	1343
LK-1236155	Polhena	gnd	2721	1294	1427
LK-1133205	Egoda Uyana Central	gnd	2720	1385	1335
LK-1224175	Horagolla North	gnd	2720	1273	1447
LK-8103100	Dambana	gnd	2719	1421	1298
LK-1106170	Udumulla South	gnd	2718	1315	1403
LK-7115150	Theppankulama	gnd	2718	1322	1396
LK-1206285	Heenatiyana West	gnd	2717	1307	1410
LK-1227380	Walpola	gnd	2717	1264	1453
LK-3142155	Watareka East	gnd	2717	1257	1460
LK-5218225	Malayadikiramam 02	gnd	2717	1246	1471
LK-8124155	Imbulgoda	gnd	2716	1307	1409
LK-1221145	Dolahena	gnd	2714	1274	1440
LK-6248095	Meda Haldanduwana	gnd	2714	1274	1440
LK-7130065	Ruwangama	gnd	2714	1267	1447
LK-1112025	Batawala	gnd	2713	1312	1401
LK-6242155	Meda Kottaramulla	gnd	2713	1286	1427
LK-2130090	Bahirawa Kanda	gnd	2710	1259	1451
LK-8103150	Dambarawa	gnd	2710	1338	1372
LK-1112310	Mattegoda Central 'B'	gnd	2709	1263	1446
LK-3127060	Baddegama South	gnd	2708	1250	1458
LK-2309385	Binganthalawa	gnd	2707	1289	1418
LK-9106115	Theppanawa Ihalagama	gnd	2707	1312	1395
LK-2303250	Palagolla	gnd	2706	1344	1362
LK-1309230	Aramanagolla	gnd	2703	1284	1419
LK-2151100	Illawathura	gnd	2702	1186	1516
LK-7109150	Katuwela	gnd	2702	1316	1386
LK-9124125	Pelmadulla Town	gnd	2701	1340	1361
LK-2151245	Mawathura	gnd	2700	1302	1398
LK-2233180	Meedeniya	gnd	2699	1243	1456
LK-3106195	Andadola	gnd	2699	1292	1407
LK-8221080	Andawelayaya	gnd	2698	1345	1353
LK-1136055	Boralesgamuwa West B	gnd	2697	1266	1431
LK-5306095	Irakkandy	gnd	2697	1378	1319
LK-5327035	Thaqwanagar	gnd	2696	1418	1278
LK-3309090	Mahasenpura	gnd	2695	1404	1291
LK-1321195	Mahawaskaduwa South	gnd	2694	1299	1395
LK-9230140	Welangalla	gnd	2694	1359	1335
LK-9106040	Pohorabawa	gnd	2693	1324	1369
LK-1303120	Hirana	gnd	2692	1305	1387
LK-1136110	Erewwala East	gnd	2691	1349	1342
LK-7203075	Moragaswewa	gnd	2691	1296	1395
LK-7218125	Maluweyaya	gnd	2691	1338	1353
LK-1239205	Thalwatta	gnd	2690	1323	1367
LK-4118035	Urumpirai West	gnd	2689	1254	1435
LK-1309005	Kotigamgoda	gnd	2688	1254	1434
LK-1218160	Elakanda	gnd	2687	1302	1385
LK-9215125	Bisowela	gnd	2687	1252	1435
LK-4509130	Selvanagar	gnd	2686	1285	1401
LK-5315100	Jinnanagar	gnd	2686	1307	1379
LK-7133110	Kawarakkulama	gnd	2686	1327	1359
LK-1212700	Maligathenna	gnd	2685	1342	1343
LK-3245155	Devinuwara North	gnd	2685	1300	1385
LK-4118015	Kalviyankadu	gnd	2685	1268	1417
LK-5203065	Wewmedagama	gnd	2685	1306	1379
LK-3242220	Walgama North	gnd	2684	1275	1409
LK-8103165	Pangaragammana	gnd	2684	1310	1374
LK-6178275	Makandura Ihala	gnd	2682	1317	1365
LK-1303290	Narampitiya	gnd	2681	1295	1386
LK-7115075	Mankadawala	gnd	2681	1343	1338
LK-1309210	Gurugoda	gnd	2680	1253	1427
LK-1306250	Atulugama East	gnd	2679	1396	1283
LK-8221060	Anapallama	gnd	2677	1340	1337
LK-1303230	Wekada North	gnd	2675	1251	1424
LK-3221180	Denipitiya Central	gnd	2675	1284	1391
LK-4133155	Kondavil North East	gnd	2675	1269	1406
LK-5233090	Addalachchenai 08	gnd	2674	1259	1415
LK-6172090	Thabbomulla	gnd	2674	985	1689
LK-8230015	Aluthwewa	gnd	2674	1356	1318
LK-3135035	Galagoda East	gnd	2672	1297	1375
LK-6181100	Halwella	gnd	2672	1299	1373
LK-1121135	Malapalla West	gnd	2671	1321	1350
LK-1215415	Weediyawatta West	gnd	2670	1288	1382
LK-6203050	Kurinjipitiya North	gnd	2670	1312	1358
LK-9112035	Kudawa	gnd	2670	1295	1375
LK-2203045	Bulanawewa	gnd	2668	1298	1370
LK-1206245	Madawala	gnd	2667	1316	1351
LK-1306285	Korawala	gnd	2667	1406	1261
LK-9206115	Hingula	gnd	2667	1269	1398
LK-1218115	Thuduwegedara	gnd	2666	1261	1405
LK-8224025	Dikyaya	gnd	2665	1302	1363
LK-3303040	Weeriyagama	gnd	2664	1328	1336
LK-1206290	Heenatiyana South	gnd	2663	1313	1350
LK-5112035	Kaluwankerny 1	gnd	2660	1132	1528
LK-8133035	Ambegoda	gnd	2659	1317	1342
LK-1239170	Heiyanthuduwa South	gnd	2658	1303	1355
LK-2309580	St. Leonard	gnd	2658	1271	1387
LK-3209150	Pasgoda	gnd	2658	1281	1377
LK-3309015	Uddhakandara	gnd	2658	1340	1318
LK-1324135	Akkaramale	gnd	2657	1333	1324
LK-8133040	Wewathenna	gnd	2657	1317	1340
LK-9121045	Opanayaka	gnd	2657	1255	1402
LK-6203150	Thethapola	gnd	2656	1565	1091
LK-2154030	Maligapurana	gnd	2655	1242	1413
LK-1224325	Ihala Yagoda North	gnd	2654	1295	1359
LK-3137110	Kapumulugoda	gnd	2654	1295	1359
LK-3145155	Pinnadoowa	gnd	2654	1242	1412
LK-6127220	Nikawehera	gnd	2654	1271	1383
LK-9218175	Ethnawala	gnd	2652	1248	1404
LK-3112205	Ella	gnd	2651	1318	1333
LK-3148015	Nakiyadeniya	gnd	2649	1302	1347
LK-8103140	Mahiyanganaya Town	gnd	2649	1313	1336
LK-7121035	Thurukkuragama	gnd	2647	1230	1417
LK-3139040	Piyadigama	gnd	2645	1253	1392
LK-3145195	Bambaragoda	gnd	2644	1275	1369
LK-8103050	Hobariyawa	gnd	2644	1328	1316
LK-5233055	Palamuna 01	gnd	2643	1235	1408
LK-1109250	Asiri Uyana	gnd	2642	1280	1362
LK-8139075	Panketiya	gnd	2642	1301	1341
LK-6218020	Welusumanapura	gnd	2640	1291	1349
LK-1118170	Beruketiya	gnd	2639	1287	1352
LK-1324055	Weragala	gnd	2639	1323	1316
LK-1233400	Dalupitiya South	gnd	2638	1261	1377
LK-9109065	Idangoda	gnd	2637	1305	1332
LK-5330055	Serunuwara	gnd	2636	1289	1347
LK-8121025	Andeniya	gnd	2636	1260	1376
LK-1306030	Alothiyawa	gnd	2635	1251	1384
LK-9224065	Nevismiyar Ihala	gnd	2634	1268	1366
LK-1212015	Loluwagoda	gnd	2633	1313	1320
LK-3318195	Jandura	gnd	2633	1307	1326
LK-4109090	Pandatheruppu	gnd	2632	1229	1403
LK-2109095	Bulugohothenna	gnd	2629	1223	1406
LK-1236150	Galborella	gnd	2628	1252	1376
LK-2151230	Kekulanda	gnd	2628	1304	1324
LK-4509090	Mayavanoor	gnd	2628	1244	1384
LK-5327105	Kaddaiparichchan South	gnd	2628	1312	1316
LK-9221075	Imbulana	gnd	2628	1257	1371
LK-9224115	Panapitiya	gnd	2627	1217	1410
LK-1224195	Bollatha North	gnd	2626	1310	1316
LK-2127345	Galmaduwa	gnd	2626	1266	1360
LK-1327165	Dodangoda West - North	gnd	2625	1289	1336
LK-9203300	Imbulgasdeniya	gnd	2625	1211	1414
LK-8212130	Madugama	gnd	2623	1305	1318
LK-8224060	Maligavila	gnd	2623	1308	1315
LK-1227120	Pattalagedara	gnd	2622	1102	1520
LK-1306005	Kidelpitiya West	gnd	2622	1252	1370
LK-1309275	Narthanagala	gnd	2622	1198	1424
LK-4409055	Suthanthirapuram	gnd	2620	1341	1279
LK-1306025	Aluthgama	gnd	2619	1258	1361
LK-1306290	Bogahawatta	gnd	2619	1309	1310
LK-1324370	Dharga Town East	gnd	2619	1288	1331
LK-3206085	Kalugalahena	gnd	2618	1256	1362
LK-8124135	Mugunumatha West	gnd	2616	1225	1391
LK-5327085	Alimnagar	gnd	2615	1241	1374
LK-8215110	Hulandawa South	gnd	2614	1306	1308
LK-1218105	Kurukulawa South	gnd	2613	1261	1352
LK-1233430	Enderamulla South	gnd	2613	1300	1313
LK-6203070	Musalpitiya	gnd	2612	1275	1337
LK-1233270	Mahara Nugegoda North	gnd	2611	1258	1353
LK-7130040	Henewatta	gnd	2608	1243	1365
LK-8221065	Pubuduwewa	gnd	2608	1283	1325
LK-8230020	Hambegamuwa	gnd	2608	1293	1315
LK-9142135	Balavinna West	gnd	2608	1290	1318
LK-4506035	Paranthan Town	gnd	2607	1273	1334
LK-5234040	Irakkamam 03	gnd	2607	1274	1333
LK-3139075	Deddugoda South	gnd	2606	1311	1295
LK-2206185	Pohoranwewa	gnd	2604	1257	1347
LK-8224095	Puhulkotuwa	gnd	2604	1274	1330
LK-1318010	Bellanthudawa	gnd	2603	1233	1370
LK-9139010	Nugawela West	gnd	2603	1256	1347
LK-1303215	Walapala	gnd	2602	1212	1390
LK-3124240	Aluthwatta	gnd	2602	1290	1312
LK-6203090	Palakudawa	gnd	2601	1249	1352
LK-6218035	Kadayamotte	gnd	2601	1306	1295
LK-7166105	Giranegama	gnd	2601	1293	1308
LK-8124210	Morethota	gnd	2601	1268	1333
LK-2151195	Nawadevita	gnd	2600	1223	1377
LK-4115075	Chunnakam Town South	gnd	2600	1216	1384
LK-9103040	Thoranakada	gnd	2600	1286	1314
LK-1118125	Udumulla	gnd	2598	1250	1348
LK-4115030	Sanguvely	gnd	2597	1231	1366
LK-8106090	Uva Thissapura	gnd	2597	1296	1301
LK-1203160	Kurana East	gnd	2596	1191	1405
LK-5121120	Kaanchirankudah	gnd	2595	1275	1320
LK-6142180	Ihala Kadigamuwa	gnd	2594	1266	1328
LK-9145145	Galpaya	gnd	2594	1289	1305
LK-4136105	Fort	gnd	2593	1532	1061
LK-6218030	Kanamulla North	gnd	2593	1274	1319
LK-6187420	Oruliyadda	gnd	2591	1207	1384
LK-2309365	High Forest	gnd	2589	1295	1294
LK-5212055	Mayadunna	gnd	2589	1209	1380
LK-2154055	Malwattagama	gnd	2588	1251	1337
LK-1327115	Bombuwala South - Central	gnd	2587	1261	1326
LK-5118185	Puliyantivu South	gnd	2587	1169	1418
LK-5242030	Karalewa	gnd	2587	1253	1334
LK-8215105	Horombuwa	gnd	2587	1305	1282
LK-9133035	Thapassarakanda	gnd	2586	1265	1321
LK-9206110	Batawala	gnd	2584	1243	1341
LK-5103055	Punanai East	gnd	2583	1280	1303
LK-5118105	Iruthayapuram West	gnd	2583	1172	1411
LK-5315045	Varodayanagar	gnd	2583	1246	1337
LK-1236075	Weweldoowa	gnd	2582	1246	1336
LK-5109035	Kannagipuram	gnd	2582	1197	1385
LK-6160230	Paragahadeniya	gnd	2582	1272	1310
LK-1233230	Kirillawala North	gnd	2581	1222	1359
LK-4106030	Arali South	gnd	2581	1264	1317
LK-9221100	Doranuwa	gnd	2581	1244	1337
LK-8224020	Yudaganawa	gnd	2579	1269	1310
LK-2157040	Balanthota North	gnd	2578	1217	1361
LK-2315030	Sellipigama	gnd	2577	1184	1393
LK-1109100	Dedigamuwa	gnd	2576	1253	1323
LK-5321090	Kantale Town South	gnd	2575	1263	1312
LK-9106005	Amuhenkanda	gnd	2575	1279	1296
LK-4512070	Nachchikuda	gnd	2574	1264	1310
LK-1230620	Kimbulvilawatta	gnd	2572	1256	1316
LK-2233295	Marukona	gnd	2572	1152	1420
LK-1218015	Delathura West	gnd	2571	1249	1322
LK-1309105	Uduwa North	gnd	2571	1261	1310
LK-1218225	Galwetiya	gnd	2570	1232	1338
LK-2112115	Udathalavinna	gnd	2570	1213	1357
LK-2115070	Panvila	gnd	2570	1208	1362
LK-1133015	Soysapura North	gnd	2569	1157	1412
LK-1233410	Pinnameda West	gnd	2569	1242	1327
LK-8215100	Kumbukkana	gnd	2569	1310	1259
LK-3206025	Viharahena	gnd	2568	1235	1333
LK-6178320	Makandura Pahala	gnd	2568	991	1577
LK-9148015	Panahaduwa	gnd	2567	1272	1295
LK-5233035	Oluvil 02	gnd	2564	1216	1348
LK-1112390	Ambalangoda	gnd	2563	1221	1342
LK-1206395	Ambalammulla	gnd	2563	1277	1286
LK-4409095	Visuvamadu West	gnd	2563	1180	1383
LK-1112225	Siddamulla South	gnd	2562	1199	1363
LK-3206105	Kotapola North	gnd	2562	1227	1335
LK-6242165	Ihala Kottaramulla	gnd	2562	1240	1322
LK-1106195	Kajugahawatta	gnd	2561	1234	1327
LK-2312140	Rathnagiriya	gnd	2561	1244	1317
LK-1321010	Maha Gonadoowa	gnd	2560	1237	1323
LK-6242020	Dunkannawa	gnd	2560	1226	1334
LK-7215105	Nishshankamallapura	gnd	2560	1240	1320
LK-3106125	Pathegangoda	gnd	2559	1219	1340
LK-6242065	Weerahena West	gnd	2559	1165	1394
LK-9151005	Buluthota	gnd	2559	1329	1230
LK-9151055	Poddana	gnd	2559	1281	1278
LK-1133025	Dahampura	gnd	2558	1183	1375
LK-1206130	Mahahunupitiya East	gnd	2558	1245	1313
LK-3109095	Magala South	gnd	2558	1209	1349
LK-5104005	Punanai East 	gnd	2558	1202	1356
LK-1221045	Ekala Kurunduwatta	gnd	2557	1239	1318
LK-6130335	Udawela	gnd	2557	1201	1356
LK-8103170	Dambagolla	gnd	2557	1274	1283
LK-9224045	Wegalla	gnd	2557	1241	1316
LK-1233450	Enderamulla West	gnd	2556	1235	1321
LK-8130005	Alakolagala	gnd	2556	1342	1214
LK-2115045	Madulkele	gnd	2555	1199	1356
LK-1112370	Kahathuduwa East	gnd	2554	1240	1314
LK-9106195	Galukagama	gnd	2554	1290	1264
LK-8103010	Divulapelessa	gnd	2551	1255	1296
LK-4203105	Moor Street	gnd	2549	1211	1338
LK-1133055	Angulana South	gnd	2548	1290	1258
LK-2306295	Poramadulla	gnd	2548	1245	1303
LK-7212010	Manampitiya East	gnd	2548	1273	1275
LK-1206365	Lansiyawadiya	gnd	2547	1240	1307
LK-4118030	Kopai North	gnd	2547	1238	1309
LK-8103020	Theldeniyaya	gnd	2547	1265	1282
LK-1221070	Kanuwana	gnd	2546	1255	1291
LK-3145280	Nugadoowa	gnd	2546	1247	1299
LK-3224085	Kirimetimulla South	gnd	2545	1182	1363
LK-1221160	Kalaeliya	gnd	2544	1209	1335
LK-1227260	Thihariya North	gnd	2544	1257	1287
LK-2154115	Udagama	gnd	2543	1199	1344
LK-8124115	Gawela	gnd	2543	1228	1315
LK-8139020	Ranjallawa	gnd	2542	1238	1304
LK-6233205	Weralabada	gnd	2540	1211	1329
LK-9206350	Dumbuluwawa	gnd	2540	1217	1323
LK-4109030	Navali North	gnd	2539	1201	1338
LK-6227060	Wetiya	gnd	2539	1210	1329
LK-2127280	Ahaspokuna South	gnd	2538	1233	1305
LK-8124190	Wewelhinna	gnd	2538	1184	1354
LK-2233150	Dehipitiya	gnd	2537	1105	1432
LK-4506010	Kalmadunagar	gnd	2537	1219	1318
LK-1112350	Kiriwattuduwa North	gnd	2535	1205	1330
LK-1321360	Alubogahalanda	gnd	2534	1197	1337
LK-3109105	Unagaswela	gnd	2534	1220	1314
LK-8224080	Konketiya	gnd	2534	1275	1259
LK-1239195	Galedanda	gnd	2533	1227	1306
LK-3139120	Bope West	gnd	2533	1249	1284
LK-7115130	Abhayawewa	gnd	2533	1250	1283
LK-1115120	Miriswatta	gnd	2532	1186	1346
LK-1233155	Henegama	gnd	2532	1220	1312
LK-1233340	Puwakwetiya	gnd	2531	1237	1294
LK-1309190	Uduwa South	gnd	2531	1185	1346
LK-7115185	Pandulagama	gnd	2531	1255	1276
LK-9106125	Kandangoda South	gnd	2531	1284	1247
LK-9112245	Mudduwa	gnd	2531	1194	1337
LK-5109055	Karuwakerni	gnd	2530	1233	1297
LK-1309180	Meemana	gnd	2529	1237	1292
LK-1233445	Nathuduwa	gnd	2528	1232	1296
LK-1315020	Elawella	gnd	2528	1235	1293
LK-7106010	Kanugahawewa	gnd	2528	1302	1226
LK-8118075	Pelgahathenna	gnd	2528	1190	1338
LK-9124175	Morathota	gnd	2527	1209	1318
LK-9127070	Gangulvitiya	gnd	2527	1216	1311
LK-9112130	Gallella	gnd	2525	1238	1287
LK-1303360	Molligoda South	gnd	2524	1231	1293
LK-3103030	Dope	gnd	2523	1230	1293
LK-9218180	Dummaladeniya	gnd	2523	1191	1332
LK-8130025	Vidurupola	gnd	2522	1259	1263
LK-3106165	Seenigoda	gnd	2520	1189	1331
LK-2233200	Ukuwela	gnd	2519	1132	1387
LK-2233230	Paragahawela	gnd	2519	1272	1247
LK-9148025	Thimbolketiya	gnd	2519	1210	1309
LK-9227045	Jayavinda Gama	gnd	2519	1248	1271
LK-2130210	Mulgampala	gnd	2518	1173	1345
LK-3242190	Uyanwatta North	gnd	2518	1140	1378
LK-1303035	Paratta West	gnd	2517	1237	1280
LK-8139115	Pitarathmale	gnd	2517	1267	1250
LK-1115055	Ukwatta	gnd	2515	1246	1269
LK-1321205	Vilegoda North	gnd	2515	945	1570
LK-2151115	Aregoda	gnd	2514	1158	1356
LK-1206135	Pahala Kadirana	gnd	2513	1203	1310
LK-4127105	Point Pedro East	gnd	2513	1139	1374
LK-6218125	Andimunai	gnd	2513	1140	1373
LK-2313010	Mount Vernon	gnd	2512	1206	1306
LK-4118050	Urumpirai East	gnd	2512	1176	1336
LK-8130320	Maligathenna	gnd	2512	1230	1282
LK-1118080	Galagedara North	gnd	2511	1225	1286
LK-7218100	Elahera	gnd	2510	1266	1244
LK-4115020	Uduvil Centre North	gnd	2509	1120	1389
LK-7106090	Kebithigollewa	gnd	2509	1248	1261
LK-8106070	Serana	gnd	2509	1214	1295
LK-1112330	Siyambalagoda South	gnd	2508	1221	1287
LK-6203055	Kurinjipitiya South	gnd	2508	1195	1313
LK-6218085	Kottanthievu	gnd	2508	1239	1269
LK-9103120	Yakudagoda	gnd	2508	1193	1315
LK-1106160	Maligagodella	gnd	2507	1198	1309
LK-2109080	Hureegolla	gnd	2507	1126	1381
LK-1112220	Siddamulla North	gnd	2506	1170	1336
LK-1118160	Horakandawala	gnd	2506	1233	1273
LK-1203125	Pitipana Central	gnd	2506	1228	1278
LK-2312035	Toppass	gnd	2505	1241	1264
LK-3221170	Maduragoda	gnd	2504	1234	1270
LK-3242115	Isadeen Town	gnd	2504	1240	1264
LK-1115100	Salawa	gnd	2503	1191	1312
LK-1203105	Wellaweediya South	gnd	2502	1182	1320
LK-9218115	Mahena	gnd	2502	1178	1324
LK-6118095	Nammuwawa	gnd	2501	1216	1285
LK-6166135	Kanumale	gnd	2501	1185	1316
LK-6178260	Elabadagama North	gnd	2501	1210	1291
LK-7133060	Step 2 Part 3	gnd	2500	1168	1332
LK-9142170	Rakwana South	gnd	2500	1204	1296
LK-1203015	Kochchikade	gnd	2499	1206	1293
LK-2112240	Kahalla	gnd	2499	1167	1332
LK-1310090	Ingiriya North	gnd	2498	1210	1288
LK-4203070	Puthukudiyiruppu	gnd	2498	1259	1239
LK-6142170	Kaduruwewa	gnd	2498	1238	1260
LK-9109055	Yatipawwa	gnd	2498	1206	1292
LK-3242130	Walpala	gnd	2497	1140	1357
LK-2314290	Mahanelu	gnd	2496	1193	1303
LK-6136230	Wariyapola	gnd	2496	1223	1273
LK-6206030	Karathivu North	gnd	2496	1185	1311
LK-1106215	Gajabapura	gnd	2495	1268	1227
LK-3303055	Aliolu Ara	gnd	2495	1219	1276
LK-5218170	Vilinayadi 01	gnd	2495	1140	1355
LK-4312065	Sinnasippikulam	gnd	2494	1168	1326
LK-1239235	Yabaraluwa South	gnd	2492	1317	1175
LK-2148075	Gonangoda	gnd	2492	1085	1407
LK-5118155	Kallady	gnd	2492	1192	1300
LK-5230115	Ninthavur 09	gnd	2492	1114	1378
LK-1324020	Hirigalgodella	gnd	2489	1227	1262
LK-2133145	Nugawela	gnd	2487	1207	1280
LK-4309140	Pampaimadu	gnd	2487	1151	1336
LK-8103145	Poojanagaraya	gnd	2487	1215	1272
LK-4409040	Puthukudiyiruppu East	gnd	2486	1167	1319
LK-6157085	Hewana	gnd	2485	1191	1294
LK-4109060	Manipay West	gnd	2484	1172	1312
LK-7218050	Ikiriwewa	gnd	2484	1239	1245
LK-6154130	Malkaduwawa	gnd	2483	1142	1341
LK-9148150	Diyapota	gnd	2483	1205	1278
LK-1227315	Sapugasthenna	gnd	2482	1178	1304
LK-7212275	Siripura	gnd	2482	1236	1246
LK-1330135	Badugama	gnd	2481	1178	1303
LK-1309170	Pokunuvita	gnd	2479	1183	1296
LK-6218045	Palasola	gnd	2478	1218	1260
LK-3309165	Viharamahadevipura	gnd	2477	1186	1291
LK-1309100	Kahatapitiya	gnd	2476	1206	1270
LK-2130245	Ampitiya Pallegama	gnd	2476	1172	1304
LK-5318005	Galmetiyawa North	gnd	2475	1227	1248
LK-9127075	Niriella	gnd	2475	1234	1241
LK-1218030	Bopitiya	gnd	2474	1167	1307
LK-1306090	Kuda Aruggoda West	gnd	2474	1185	1289
LK-3303075	Mahawelikada Ara	gnd	2474	1182	1292
LK-6178330	Hendiyagala	gnd	2474	1153	1321
LK-1112325	Sangharama	gnd	2473	1188	1285
LK-5106025	Oddamavadi 03	gnd	2473	1153	1320
LK-5212195	Uhana	gnd	2473	1204	1269
LK-9218095	Mangedara	gnd	2473	1161	1312
LK-2209100	Naula	gnd	2472	1225	1247
LK-8121015	Medapathana	gnd	2472	1189	1283
LK-2154015	Galpaya	gnd	2471	1175	1296
LK-5112025	Mavadivembu 2	gnd	2471	1169	1302
LK-8218070	Alupotha	gnd	2471	1177	1294
LK-1212110	Hakurukumbura	gnd	2469	1187	1282
LK-7139175	Rankethgama	gnd	2466	1228	1238
LK-1327095	Bombuwala North - West	gnd	2464	1214	1250
LK-3312110	Samodagama	gnd	2464	1247	1217
LK-9139050	Nambuluwa	gnd	2464	1207	1257
LK-1203130	Muttakkarai	gnd	2463	1190	1273
LK-1303140	Walana South	gnd	2463	1124	1339
LK-5115035	Eravur 02C	gnd	2463	1156	1307
LK-2112070	Wattegama	gnd	2462	1168	1294
LK-9224030	Alawathura	gnd	2462	1191	1271
LK-6178380	Thalammehera	gnd	2459	1165	1294
LK-4136030	Eachchamoddai	gnd	2458	1093	1365
LK-6154120	Heraliyawala	gnd	2458	1024	1434
LK-6181160	Kivulgalla	gnd	2457	1147	1310
LK-1112090	Meegoda South	gnd	2456	1235	1221
LK-8133055	Kebillewela North	gnd	2456	1166	1290
LK-9136055	Wathupitiya	gnd	2456	1233	1223
LK-2109085	Neerella	gnd	2455	1122	1333
LK-4309100	Vavuniya Town	gnd	2455	1312	1143
LK-6187245	Bandawa	gnd	2455	1143	1312
LK-2136440	Kiribathkumbura West	gnd	2454	1154	1300
LK-2121025	Wewere	gnd	2453	1221	1232
LK-5230070	Ninthavur 05	gnd	2453	1114	1339
LK-8209150	Polgahapitiya	gnd	2453	1219	1234
LK-8121120	Wewessa	gnd	2452	1209	1243
LK-7206070	New Town	gnd	2451	1189	1262
LK-1109240	Jayawadanagama	gnd	2450	1132	1318
LK-3303085	Namadagaswewa	gnd	2450	1193	1257
LK-1203115	Doowa	gnd	2449	1145	1304
LK-1303070	Miriyawatta	gnd	2449	1164	1285
LK-5324110	Idiman	gnd	2448	1228	1220
LK-8121020	Kailagoda	gnd	2448	1161	1287
LK-8139090	Glenanore	gnd	2448	1177	1271
LK-7145060	Veheragala	gnd	2447	1173	1274
LK-8103155	Senanigama	gnd	2447	1150	1297
LK-1112020	Atigala East	gnd	2446	1195	1251
LK-3242080	Hittatiya East	gnd	2446	1160	1286
LK-1310010	Arakavila	gnd	2445	1164	1281
LK-6233065	Thimbilla	gnd	2445	1197	1248
LK-1112140	Homagama East	gnd	2443	1183	1260
LK-2109165	Waragashinna	gnd	2442	1259	1183
LK-5112015	Sittandy 4	gnd	2441	1169	1272
LK-1212545	Webadamulla	gnd	2440	1165	1275
LK-1221055	Thudella North	gnd	2439	1162	1277
LK-4133055	Vannarponnai N.W. (West)	gnd	2439	1160	1279
LK-4118155	Achchuveli West	gnd	2438	1132	1306
LK-2142090	Gampolawatta	gnd	2437	1164	1273
LK-5315135	Mudcove	gnd	2437	1184	1253
LK-9209170	Vilpola	gnd	2437	1127	1310
LK-4509190	Uthayanagar West	gnd	2436	1176	1260
LK-5321105	Batukachchiya	gnd	2436	1191	1245
LK-9218135	Mampita	gnd	2435	1170	1265
LK-1233235	Kirillawala	gnd	2434	1163	1271
LK-1321355	Wattamulla	gnd	2433	1158	1275
LK-1233350	Ihala Karagahamuna East	gnd	2430	1159	1271
LK-7215275	Kalahagala	gnd	2430	1206	1224
LK-8133025	Ettalapitiya	gnd	2429	1155	1274
LK-4118065	Neervely North	gnd	2427	1136	1291
LK-7136010	Shrawasthipura	gnd	2425	1152	1273
LK-7139060	Kusumpura	gnd	2425	1180	1245
LK-1209500	Kelepitimulla	gnd	2424	1121	1303
LK-1330060	Mathugama East	gnd	2424	1132	1292
LK-4509005	Akkarayankulam	gnd	2422	1167	1255
LK-8224030	Udagama	gnd	2422	1190	1232
LK-7218120	Atharagallewa	gnd	2421	1217	1204
LK-1136320	Nivungama	gnd	2419	1165	1254
LK-9209220	Thalgaspitiya Muslimgama	gnd	2419	1088	1331
LK-2112185	Madawala	gnd	2417	1148	1269
LK-6215010	Sirambiadiya	gnd	2417	1208	1209
LK-6218110	Kattakaduwa	gnd	2417	1153	1264
LK-1233405	Dalupitiya West	gnd	2416	1158	1258
LK-5215050	Mihindupura	gnd	2416	1170	1246
LK-8124060	Anthuduwawela	gnd	2416	1171	1245
LK-1209125	Halpe 1	gnd	2415	1144	1271
LK-3333220	Danketiya	gnd	2414	1192	1222
LK-1227240	Maduwegedara	gnd	2413	1155	1258
LK-1309160	Kumbuka North	gnd	2411	1159	1252
LK-2206160	Athuparayaya	gnd	2411	1189	1222
LK-5118150	Thiruchendhoor	gnd	2411	1113	1298
LK-1233375	Pahala Karagahamuna East	gnd	2410	1155	1255
LK-1321190	Kuda Waskaduwa South	gnd	2410	1124	1286
LK-1133165	Moratuwella West	gnd	2409	1185	1224
LK-1318170	Uduwara North	gnd	2409	1132	1277
LK-3242325	Eliyakanda South	gnd	2408	1060	1348
LK-9221110	Morawatta	gnd	2408	1131	1277
LK-1233365	Neligama	gnd	2407	1103	1304
LK-8224035	Mahagodayaya	gnd	2407	1183	1224
LK-9227010	Galpatha	gnd	2407	1177	1230
LK-9130030	Galathura	gnd	2404	1173	1231
LK-9206210	Mawela	gnd	2404	1175	1229
LK-1112280	Suwapubudugama	gnd	2403	1189	1214
LK-9212035	Puwakdeniya	gnd	2402	1157	1245
LK-1327190	Dodangoda East - South	gnd	2401	1126	1275
LK-5112060	Palachcholai	gnd	2401	939	1462
LK-9148005	Pallebedda	gnd	2401	1162	1239
LK-1233275	Mahara Nugegoda West	gnd	2400	1167	1233
LK-4115045	Inuvil North East	gnd	2400	1074	1326
LK-5112045	Thalavai	gnd	2400	1180	1220
LK-6154255	Mathawa	gnd	2400	1143	1257
LK-2112095	Yatirawana	gnd	2399	1134	1265
LK-5324065	Kuddikarachchi	gnd	2399	1176	1223
LK-1227385	Haggalla	gnd	2398	1145	1253
LK-2310615	Udapussellawa South	gnd	2397	1176	1221
LK-8221075	Buduruwagala	gnd	2397	1185	1212
LK-5118015	Amirthakali	gnd	2396	1120	1276
LK-9215175	Arandara	gnd	2395	1155	1240
LK-2203185	Ranwediyawa	gnd	2394	1129	1265
LK-1206235	Walanagoda	gnd	2393	1205	1188
LK-1224485	Weliweriya East	gnd	2393	1113	1280
LK-5136105	Onthachimadam North	gnd	2393	1160	1233
LK-8221095	Veherayaya	gnd	2391	1184	1207
LK-1233395	Kirimetiyagara	gnd	2390	1154	1236
LK-8224145	Rahathangama	gnd	2390	1257	1133
LK-1109105	Embilladeniya	gnd	2389	1139	1250
LK-8106045	Dehigama	gnd	2389	1213	1176
LK-8215055	Monaragala	gnd	2389	1120	1269
LK-3127215	Adurathvila	gnd	2388	1186	1202
LK-1215145	Peellawatta	gnd	2387	1139	1248
LK-1236095	Nungamugoda	gnd	2387	1194	1193
LK-6154185	Kurunegala Town - South	gnd	2386	972	1414
LK-5327100	Palanagar	gnd	2385	1190	1195
LK-7127140	Janasirigama	gnd	2385	1171	1214
LK-2139315	Davulagala	gnd	2384	1119	1265
LK-6175080	Siyambalagasruppa West	gnd	2383	1171	1212
LK-1310065	Raigam Watta	gnd	2380	1185	1195
LK-1136300	Delthara West	gnd	2379	1179	1200
LK-9124065	Gallinna	gnd	2379	1136	1243
LK-4112070	Kollankaladdy	gnd	2377	1122	1255
LK-7121090	Kahatagasdigiliya West	gnd	2376	1085	1291
LK-3242090	Godagama	gnd	2375	1147	1228
LK-9112265	Kolandagala	gnd	2375	1140	1235
LK-1106015	Halmulla	gnd	2374	1175	1199
LK-1239130	Heiyanthuduwa West	gnd	2374	1205	1169
LK-1330140	Ovitigala	gnd	2374	1123	1251
LK-1239100	Pahala Biyanvila Central	gnd	2372	1112	1260
LK-2142040	Nillamba	gnd	2372	1137	1235
LK-1206275	Kuswala	gnd	2371	1112	1259
LK-1212070	Walbothale	gnd	2371	1137	1234
LK-1206125	Mahahunupitiya West	gnd	2369	1148	1221
LK-1221165	Nedurupitiya	gnd	2368	1155	1213
LK-2130170	Welata	gnd	2368	1032	1336
LK-1224295	Pepolgasdeniya	gnd	2367	1098	1269
LK-1224470	Embaraluwa North 1	gnd	2367	1172	1195
LK-1227255	Malwatta	gnd	2367	1098	1269
LK-8103115	Thalangamuwa	gnd	2367	1178	1189
LK-3239130	Walliwala East	gnd	2366	1167	1199
LK-8133075	Thanthiriya	gnd	2366	1106	1260
LK-2312310	Pattipola	gnd	2365	1163	1202
LK-1121050	Rukmale East B	gnd	2364	1121	1243
LK-1306065	Gammanpila	gnd	2364	1120	1244
LK-1310105	Maputugala	gnd	2364	1140	1224
LK-3315045	Rote	gnd	2364	1193	1171
LK-1206160	Kimbulapitiya North	gnd	2363	1126	1237
LK-1215160	Yatiyana East	gnd	2363	1147	1216
LK-1303305	Thalpitiya North	gnd	2363	1175	1188
LK-5236020	Paddiyadipiddy	gnd	2363	1132	1231
LK-1224405	Ihala Imbulgoda South	gnd	2362	1146	1216
LK-1324115	Doowegoda	gnd	2362	1175	1187
LK-4109110	Mathagal East	gnd	2362	1122	1240
LK-6175110	Bunnehepola	gnd	2362	1131	1231
LK-7139125	Halmillakulama	gnd	2362	1176	1186
LK-1206240	Kalahapitiya	gnd	2361	1156	1205
LK-8142055	Koslanda	gnd	2361	1180	1181
LK-2109130	Kurugoda	gnd	2360	1236	1124
LK-3133065	Batapola North	gnd	2360	1136	1224
LK-1324375	Ganga Addara	gnd	2358	1139	1219
LK-2133300	Rathmale	gnd	2358	1147	1211
LK-8221070	Neluwagala	gnd	2358	1166	1192
LK-9224020	Puspane	gnd	2357	1156	1201
LK-9142180	Yahalawela	gnd	2356	1163	1193
LK-4118010	Irupalai East	gnd	2355	1080	1275
LK-6160200	Ihala Weligepola	gnd	2354	1091	1263
LK-1224390	Galloluwa	gnd	2353	1161	1192
LK-1303255	Kaludewala	gnd	2353	1109	1244
LK-6178385	Badabedda	gnd	2353	1109	1244
LK-6203040	Pudukudirippuwa	gnd	2353	1160	1193
LK-7212270	Mudungama	gnd	2353	1155	1198
LK-1112030	Walpita	gnd	2352	1151	1201
LK-9112070	Gileemale South	gnd	2352	1205	1147
LK-9124045	Sannasgama	gnd	2352	1156	1196
LK-1115110	Pahala Kosgama East	gnd	2350	1194	1156
LK-1324095	Diyalagoda	gnd	2349	1118	1231
LK-2112215	Pihilladeniya	gnd	2349	1090	1259
LK-7215025	Laksha Uyana	gnd	2349	1256	1093
LK-1218005	Pamunugama	gnd	2348	1075	1273
LK-4106090	Chulipuram East	gnd	2348	1148	1200
LK-6203140	Nirmalapura	gnd	2348	1177	1171
LK-1330055	Wettewa	gnd	2346	1154	1192
LK-3139050	Bope East	gnd	2345	1164	1181
LK-3239065	Polwatta	gnd	2344	1124	1220
LK-1306215	Imbulliha	gnd	2343	1107	1236
LK-2151070	Mount Temple	gnd	2343	1117	1226
LK-7148095	Ihala Siyambalewa	gnd	2343	1169	1174
LK-8103080	Haddattawa	gnd	2342	1173	1169
LK-9148195	Julangete	gnd	2342	1154	1188
LK-9106085	Kiragala	gnd	2341	1162	1179
LK-2224005	Maoya	gnd	2340	1147	1193
LK-3303070	Beddewewa	gnd	2339	1160	1179
LK-9109020	Ellawala Pahalagama	gnd	2339	1148	1191
LK-9133130	Kathlana	gnd	2339	1158	1181
LK-2312060	Hawaeliya East	gnd	2338	1093	1245
LK-8209025	Godigamuwa	gnd	2338	1177	1161
LK-7148075	Palugaswewa	gnd	2337	1176	1161
LK-9118160	Polwathugoda	gnd	2337	1125	1212
LK-9206305	Ginihappitiya East	gnd	2337	1109	1228
LK-3133125	Batapola East	gnd	2336	1140	1196
LK-5103030	Ooriyankattu	gnd	2336	1143	1193
LK-2203165	Nabadagahawatta	gnd	2335	1154	1181
LK-7212160	Ellewewa	gnd	2335	1151	1184
LK-1109175	Udumulla	gnd	2334	1094	1240
LK-1203080	Wellaweediya East	gnd	2334	1108	1226
LK-6127130	Pothuvila	gnd	2334	1150	1184
LK-1203145	Udayarthoppuwa South	gnd	2332	1093	1239
LK-3315195	Hungama	gnd	2332	1158	1174
LK-5242155	Wadinagala	gnd	2331	1146	1185
LK-1112135	Homagama Town	gnd	2330	1136	1194
LK-2112015	Ihala Yatawara	gnd	2330	1101	1229
LK-3139145	Kumbalwella South	gnd	2330	1124	1206
LK-4509120	Ramanathapuram	gnd	2330	1081	1249
LK-1330045	Mathugama North	gnd	2329	1149	1180
LK-2112245	Kalugalawatta	gnd	2329	1092	1237
LK-8215050	Magandanamulla	gnd	2329	1129	1200
LK-1133020	Soysapura South	gnd	2328	1077	1251
LK-9121050	Hunuwala North	gnd	2328	1123	1205
LK-5110075	Thevapuram	gnd	2327	1055	1272
LK-1327185	Dodangoda West - South	gnd	2324	1133	1191
LK-5245095	Vinayahapuram 3	gnd	2324	1112	1212
LK-6172050	Kabalewa	gnd	2324	1084	1240
LK-9106010	Pathberiya West	gnd	2324	1083	1241
LK-2109175	Uggala	gnd	2322	1099	1223
LK-5212085	Walagampura	gnd	2322	1129	1193
LK-5321060	Vendrasanpura Unit 14	gnd	2322	1139	1183
LK-2139495	Welamboda	gnd	2321	1113	1208
LK-2154150	Rakshawa	gnd	2321	1141	1180
LK-5103025	Vakarai North	gnd	2320	1105	1215
LK-2233225	Manaboda	gnd	2319	1074	1245
LK-1224340	Ganemulla North	gnd	2318	1124	1194
LK-7109155	Medawachchiya West	gnd	2318	1148	1170
LK-7209130	Thambala	gnd	2318	1051	1267
LK-9127025	Karangoda	gnd	2317	1173	1144
LK-1224440	Kossinna West 2	gnd	2316	1073	1243
LK-1233180	Kirikitta West	gnd	2316	1134	1182
LK-4118040	Urumpirai North	gnd	2316	1089	1227
LK-5124065	New Kattankudy West	gnd	2316	1063	1253
LK-9206335	Wadiyathenna	gnd	2316	1135	1181
LK-1203110	Muttakkarai North	gnd	2315	1240	1075
LK-1324400	Seenawatta	gnd	2315	1123	1192
LK-2142085	Atuwewatta	gnd	2315	1088	1227
LK-9136075	Pinkanda	gnd	2315	1147	1168
LK-4109100	Sillalai North	gnd	2314	1115	1199
LK-8224110	Mahasenpura	gnd	2314	1122	1192
LK-1233240	Kirillawala West	gnd	2313	1130	1183
LK-2303245	Wedamulla	gnd	2313	1144	1169
LK-9112045	Bambarabotuwa	gnd	2313	1118	1195
LK-6106075	Meegalewa	gnd	2311	1149	1162
LK-3242185	Uyanwatta	gnd	2310	1068	1242
LK-8136010	Halpe	gnd	2310	1184	1126
LK-5218195	Malayadikiramam 01	gnd	2309	1043	1266
LK-8203165	Kanulwela	gnd	2309	1069	1240
LK-1215535	Batapotha	gnd	2308	1130	1178
LK-3315205	Bataatha South	gnd	2307	1111	1196
LK-1306120	Wanduramulla East	gnd	2306	1072	1234
LK-1321130	Kuda Waskaduwa North	gnd	2305	1109	1196
LK-1115165	Weragolla North	gnd	2304	1087	1217
LK-1233205	Udupila South	gnd	2304	1145	1159
LK-1321325	Mahawatta	gnd	2304	1071	1233
LK-2313285	Thangakele	gnd	2304	1082	1222
LK-7215220	Sinha Udagama	gnd	2304	1126	1178
LK-1230510	Kalukondayawa West	gnd	2303	1143	1160
LK-1224480	Nedungamuwa	gnd	2302	1098	1204
LK-3333045	Ranna East	gnd	2302	1151	1151
LK-9221115	Mahalla	gnd	2302	1108	1194
LK-2109055	Malwanahinna	gnd	2301	1043	1258
LK-9227120	Meegasthenna	gnd	2301	1145	1156
LK-1312100	Galahena	gnd	2300	1138	1162
LK-2115015	Mahapathana	gnd	2300	1075	1225
LK-2130185	Pahala Eriyagama	gnd	2300	1156	1144
LK-2203025	Thalakiriyagama	gnd	2300	1129	1171
LK-5233095	Addalachchenai 06	gnd	2300	1075	1225
LK-8233015	Samagipura	gnd	2300	1130	1170
LK-9112260	Thiriwanketiya	gnd	2300	1130	1170
LK-1312060	Egaloya	gnd	2298	1105	1193
LK-4118105	Avarangal West	gnd	2298	1055	1243
LK-3333130	Netolpitiya South	gnd	2297	1106	1191
LK-9224095	Kendawa	gnd	2297	1100	1197
LK-5324145	Sinna Kinniya	gnd	2295	1149	1146
LK-7163020	Karuwalagaswewa	gnd	2295	1101	1194
LK-5312005	Peniketiyawa	gnd	2294	1128	1166
LK-6236160	Maraggalagama	gnd	2294	1090	1204
LK-8230025	Hambegamuwa Colony	gnd	2294	1111	1183
LK-1124100	Gangodavila East	gnd	2293	1084	1209
LK-1324265	Kalavila	gnd	2293	1101	1192
LK-9136110	Horanekarakanda	gnd	2293	1147	1146
LK-1206295	Heenatiyana East	gnd	2292	1133	1159
LK-5327110	Pallikudiyiruppu	gnd	2292	1133	1159
LK-1115335	Mawathagama West	gnd	2291	1106	1185
LK-3139125	Siyambalagahawatta	gnd	2291	1149	1142
LK-8121060	Hegoda	gnd	2291	1043	1248
LK-9124035	Godagama	gnd	2291	1146	1145
LK-1327210	Dodangoda East - Central	gnd	2290	1117	1173
LK-1324040	Pinidiyamulla	gnd	2287	1140	1147
LK-9124095	Niralgama	gnd	2287	1158	1129
LK-3309220	Andaragasyaya	gnd	2286	1176	1110
LK-6178310	Irabadagama	gnd	2286	1086	1200
LK-8133155	Liyangahawela Watta	gnd	2286	1123	1163
LK-1306180	Raigama North	gnd	2285	1083	1202
LK-3206070	Pallegama South	gnd	2284	1089	1195
LK-6218075	Palliwasalpaduwa	gnd	2284	1129	1155
LK-1336120	Baduraliya	gnd	2283	1105	1178
LK-5248105	Hidayapuram 1	gnd	2283	1137	1146
LK-5324140	Samavachchathivu	gnd	2283	1167	1116
LK-9230035	Boralankada	gnd	2283	1162	1121
LK-1230360	Pananwala	gnd	2282	1088	1194
LK-1306235	Bandaragama West	gnd	2282	1099	1183
LK-5233065	Palamuna 04	gnd	2282	1166	1116
LK-1212400	Pahala Bokalagama	gnd	2281	1092	1189
LK-4118125	Pattameni	gnd	2281	1098	1183
LK-6233175	Sawarana	gnd	2281	1097	1184
LK-7212035	Wijayabapura	gnd	2281	1106	1175
LK-8133115	Karagahawela	gnd	2281	1078	1203
LK-1239230	Yabaraluwa North	gnd	2280	1207	1073
LK-1321240	Kalutara North	gnd	2280	1076	1204
LK-1309250	Henegama	gnd	2279	1075	1204
LK-5212170	Galahitiyagoda	gnd	2278	1070	1208
LK-9127100	Hangamuwa	gnd	2278	1146	1132
LK-4127015	Kerudavil South	gnd	2275	1076	1199
LK-2124380	Nithulemada	gnd	2274	1064	1210
LK-7218095	Damanayaya	gnd	2274	1110	1164
LK-4127120	Katkovalam	gnd	2273	1077	1196
LK-1106100	Wellampitiya	gnd	2272	1079	1193
LK-1324320	Alakadupitiya	gnd	2272	1065	1207
LK-2133295	Inigala	gnd	2272	1054	1218
LK-3139100	Dangedara West	gnd	2272	1080	1192
LK-5103020	Palchenai	gnd	2272	1114	1158
LK-8221035	Dimbulamure	gnd	2272	1098	1174
LK-1221190	Hapugoda Central	gnd	2271	1112	1159
LK-9127020	Haldola	gnd	2271	1137	1134
LG-51017	Eravur Pattu PS	lg	2270	1137	1133
LK-1118100	Arukwatta South	gnd	2270	1095	1175
LK-1324240	Massalgoda	gnd	2269	1102	1167
LK-3106205	Wathugedara	gnd	2269	997	1272
LK-2130165	Suduhumpala West	gnd	2268	1045	1223
LK-9124150	Ihala Bopitiya	gnd	2267	1133	1134
LK-5215055	Saddhathissapura	gnd	2266	961	1305
LK-7103040	Sudarshanagama	gnd	2266	1102	1164
LK-1306240	Yatiyana	gnd	2265	1108	1157
LK-4109015	Savatkaddu	gnd	2265	1098	1167
LK-5225015	Sainthamaruthu 03	gnd	2265	1073	1192
LK-6230020	Wijayakatupatha Elen Megoda	gnd	2265	1039	1226
LK-6248205	Morukkuliya	gnd	2263	1106	1157
LK-8124200	Hapuwalakumbura	gnd	2263	1104	1159
LK-3134055	Gonapeenuwala Central	gnd	2262	1054	1208
LK-1224070	Gampaha Aluthgama North	gnd	2261	1068	1193
LK-4506045	Piramanthanaru	gnd	2261	1055	1206
LK-6130275	Ipalawa	gnd	2261	1064	1197
LK-7133035	Keerikkulama	gnd	2261	1144	1117
LK-8215040	Hidikivula	gnd	2261	1101	1160
LK-2151165	Dunukeulla	gnd	2260	1102	1158
LK-4309160	Velikulam	gnd	2260	1068	1192
LK-1303105	Galthude North	gnd	2259	1077	1182
LK-1206280	Ganepola	gnd	2258	1090	1168
LK-1239185	Pattivila North	gnd	2258	1220	1038
LK-4203015	Thalaimannar Pier East	gnd	2258	1140	1118
LK-6184195	Alawwa South	gnd	2258	1088	1170
LK-1218025	Bopitiyathuduwa	gnd	2257	1109	1148
LK-1330025	Welimanana	gnd	2257	1088	1169
LK-2109035	Mawathupola	gnd	2257	1029	1228
LK-8215060	Aliyawatta	gnd	2257	1093	1164
LK-8221045	Yalabowa	gnd	2257	1108	1149
LK-6172095	Meegahakotuwa	gnd	2256	1009	1247
LK-1118180	Horagala East	gnd	2255	1108	1147
LK-7215170	Gallalla East	gnd	2255	1102	1153
LK-2157140	Wewegama	gnd	2254	1119	1135
LK-4509140	Skandapuram	gnd	2254	1080	1174
LK-2227110	Hettipola	gnd	2253	1132	1121
LK-1306210	Mahabellana	gnd	2252	1069	1183
LK-2136460	Ilukwatta	gnd	2251	1078	1173
LK-2142005	Galoya	gnd	2251	1067	1184
LK-3203145	Dankoluwa	gnd	2251	1100	1151
LK-5333010	Ilangaithurai Mugathuvaram	gnd	2251	1092	1159
LK-7139115	Nelawagama	gnd	2251	1109	1142
LK-1315035	Bellapitiya East	gnd	2249	1061	1188
LK-8130275	Boralanda	gnd	2248	1045	1203
LK-9103105	Kendangamuwa Ihalagama	gnd	2247	1059	1188
LK-4203130	Thalvupadu	gnd	2246	1140	1106
LK-5209045	Samagipura	gnd	2246	1099	1147
LK-7206090	Ambagaswewa	gnd	2246	1055	1191
LK-9212075	Beragala	gnd	2246	1050	1196
LK-1133175	Koralawella East	gnd	2245	1059	1186
LK-5224005	Periyaneelavanai 01B	gnd	2245	1027	1218
LK-6233075	Weralabada South	gnd	2245	1129	1116
LK-2133305	Hamangoda North	gnd	2244	1070	1174
LK-5118020	Punnachcholai	gnd	2243	1057	1186
LK-9118155	Ellewatta	gnd	2243	1095	1148
LK-2157070	Nawalapitiya East	gnd	2242	1053	1189
LK-3248125	Dodampahala East	gnd	2242	1141	1101
LK-8127340	Daragala	gnd	2242	1069	1173
LK-9136005	Pathakada	gnd	2242	1107	1135
LK-1115105	Pahala Kosgama West	gnd	2241	1074	1167
LK-5306065	Jayanagar	gnd	2241	1126	1115
LK-8106020	Keselpotha North	gnd	2241	1091	1150
LK-2127090	Gonawala North	gnd	2240	1109	1131
LK-8130070	Dimuthugama	gnd	2240	1085	1155
LK-2206125	Kandalama	gnd	2239	1056	1183
LK-9106075	Sudagala	gnd	2239	1121	1118
LK-8215025	Weliyaya	gnd	2238	1071	1167
LK-9233115	Kosgahakanda	gnd	2238	1088	1150
LK-5227085	Karaitheevu 12	gnd	2237	1069	1168
LK-6172205	Galahitiyawa	gnd	2237	1055	1182
LK-7133030	Kuda Nelumkulama	gnd	2237	1077	1160
LK-1118110	Angampitiya	gnd	2236	1088	1148
LK-1336075	Maragahadeniya	gnd	2236	1129	1107
LK-5315200	Sonagavadi	gnd	2236	1037	1199
LK-8203135	Rathupasketiya	gnd	2235	1100	1135
LK-1310135	Wagawatta	gnd	2234	1156	1078
LK-1215195	Helakandana	gnd	2233	1072	1161
LK-1218095	Horape	gnd	2233	1047	1186
LK-3139170	Madapathala	gnd	2233	1062	1171
LK-5218165	Udanga 02	gnd	2233	787	1446
LK-1310120	Rathmalgoda West	gnd	2232	1085	1147
LK-7210020	Katuwanvila East	gnd	2231	1033	1198
LK-3109035	Yatagala	gnd	2230	1049	1181
LK-3109165	Egodawela	gnd	2230	1081	1149
LK-5215095	Polwaga Janapadaya	gnd	2230	1123	1107
LK-7163130	Walaswewa	gnd	2230	1075	1155
LK-9118125	Kirimetithenna	gnd	2229	1090	1139
LK-9212060	Paranagampola	gnd	2229	1041	1188
LK-2151010	Udovita	gnd	2228	1077	1151
LK-4136125	Navanthurai North	gnd	2228	1063	1165
LK-5121090	Puthumandapaththadi	gnd	2228	1067	1161
LK-1224180	Thibbotugoda	gnd	2227	1044	1183
LK-1324035	Payagala North	gnd	2227	1047	1180
LK-7133045	Wannithammennawa	gnd	2226	1127	1099
LK-9136060	Horangala	gnd	2226	1116	1110
LK-1230100	Palupelpita	gnd	2225	1076	1149
LK-1330065	Mathugama South	gnd	2225	1050	1175
LK-5315025	Sampalthivu	gnd	2225	1063	1162
LK-9142125	Bambaragasthenna	gnd	2225	1104	1121
LK-9230155	Panawala	gnd	2225	1043	1182
LK-2133370	Polwatta	gnd	2223	1048	1175
LK-1209610	Weragodamulla	gnd	2222	1068	1154
LK-6248035	Kahatavila Part	gnd	2222	1095	1127
LK-2151090	Gampola West	gnd	2221	1039	1182
LK-5315095	Selvanayahapuram	gnd	2221	1064	1157
LK-7133095	Wanniyankulama Kotasa 5	gnd	2221	1041	1180
LK-7154155	Olombewa	gnd	2221	1104	1117
LK-1224455	Parakandeniya	gnd	2220	1048	1172
LK-2303420	Kosgaha Pathana	gnd	2220	1077	1143
LK-4309050	Kallikulam	gnd	2220	1156	1064
LK-8124255	Maligathenna	gnd	2220	1048	1172
LK-7206035	Senarathpura	gnd	2219	1093	1126
LK-1324050	Palayangoda	gnd	2218	1054	1164
LK-9133120	Rambuka	gnd	2218	1097	1121
LK-5104015	Valaichchenai 5 Muslim	gnd	2217	1170	1047
LK-9124155	Halpawala	gnd	2216	1106	1110
LK-1136210	Mampe East	gnd	2215	1013	1202
LK-5233140	Addalachchenai 15	gnd	2215	1037	1178
LK-1112115	Homagama North	gnd	2214	1071	1143
LK-1218165	Nayakakanda North	gnd	2212	1075	1137
LK-1227495	Thihariya South	gnd	2212	1078	1134
LK-2151050	Ilangawatta	gnd	2212	1037	1175
LK-5224145	Kalmunai 03A	gnd	2212	1031	1181
LK-2115020	Kosgama	gnd	2211	1090	1121
LK-6248075	Mellawa	gnd	2211	1051	1160
LK-5225010	Sainthamaruthu 02	gnd	2210	1038	1172
LK-8139030	Kahagolla	gnd	2210	1110	1100
LK-9112250	Batugedara	gnd	2210	1110	1100
LK-9133020	Kukulegama North	gnd	2210	1077	1133
LK-9151095	Boraluwageaina	gnd	2210	1102	1108
LK-1212455	Hansagiriya	gnd	2209	1052	1157
LK-1233185	Ahugammana	gnd	2209	1144	1065
LK-8124165	Kandana	gnd	2209	1033	1176
LK-1224065	Ihalagama East	gnd	2208	1045	1163
LK-1330185	Welipenna East - North	gnd	2208	1023	1185
LK-4133075	Kantharmadam North East	gnd	2208	1012	1196
LK-4509185	Uthayanagar East	gnd	2208	1108	1100
LK-2109110	Palleweliketiya	gnd	2206	984	1222
LK-1209295	Induragara North	gnd	2205	1064	1141
LK-3139085	Welipatha	gnd	2205	1019	1186
LK-3309045	Pannagamuwa	gnd	2205	1081	1124
LK-4133060	Vannarponnai N.E. (North)	gnd	2205	1027	1178
LK-7148055	Kurunduwewa	gnd	2205	1076	1129
LK-9142085	Galahitiya	gnd	2205	1085	1120
LK-1306010	Kidelpitiya East	gnd	2204	1024	1180
LK-5225085	Sainthamaruthu 16	gnd	2204	1024	1180
LK-5324135	Rahumaniyanagar	gnd	2204	1083	1121
LK-2306520	Muloya	gnd	2203	1052	1151
LK-5209060	Dambadeniya	gnd	2203	1082	1121
LK-1106190	Gothatuwa New Town	gnd	2202	1053	1149
LK-2112235	Nawayalathenna	gnd	2202	1005	1197
LK-5225080	Sainthamaruthu 15	gnd	2202	1032	1170
LK-2314300	Tillary	gnd	2201	1017	1184
LK-5312010	Mahadivulwewa	gnd	2201	1104	1097
LK-1330040	Mathugama West	gnd	2200	1058	1142
LK-8130085	Divithotawela	gnd	2200	1029	1171
LK-2106325	Mullegama South	gnd	2199	1049	1150
LK-4139020	Allaipiddy	gnd	2199	1074	1125
LK-9218130	Morawaka	gnd	2199	1071	1128
LK-2203105	Beliyakanda	gnd	2198	1041	1157
LK-3154150	Harumalgoda East	gnd	2198	1063	1135
LK-6209015	Saliyawewa	gnd	2198	1115	1083
LK-1233310	Gonahena East	gnd	2197	1065	1132
LK-1330070	Naravila	gnd	2196	1100	1096
LK-3239090	Kotavila South	gnd	2196	1020	1176
LK-7103025	Parakramapura	gnd	2196	1048	1148
LK-9233080	Poddenikanda	gnd	2196	1091	1105
LK-6130365	Kumbalanga	gnd	2195	1065	1130
LK-1215375	Vigoda	gnd	2194	1035	1159
LK-3118055	Hiniduma North	gnd	2194	1076	1118
LK-6142125	Mookalanhena	gnd	2194	756	1438
LK-1318005	Gungamuwa	gnd	2192	1069	1123
LK-3151170	Dikkumbura	gnd	2192	1039	1153
LK-5315030	Salli	gnd	2192	1057	1135
LK-1215440	Yagodamulla North	gnd	2191	1079	1112
LK-2109170	Kurudugahaela	gnd	2191	1000	1191
LK-9218020	Kodapaluwa	gnd	2191	1010	1181
LK-1324280	Hettimulla	gnd	2190	1063	1127
LK-3124125	Homadola	gnd	2190	1119	1071
LK-5327135	Allainagar East	gnd	2190	1048	1142
LK-2157010	Warakawa	gnd	2189	1028	1161
LK-8103110	Wewatta	gnd	2189	1155	1034
LK-8112030	Baduluoya East	gnd	2189	1140	1049
LK-8139100	Magiripura	gnd	2188	1048	1140
LK-1106225	Elhena	gnd	2187	1054	1133
LK-2151015	Kirinda	gnd	2187	1006	1181
LK-2233185	Nagolla	gnd	2187	1059	1128
LK-3303090	Mahapelessa	gnd	2187	1142	1045
LK-5104020	Valaichchenai 4 Muslim	gnd	2187	1054	1133
LK-5218160	Udanga 01	gnd	2187	1019	1168
LK-1233280	Mahara Nugegoda East	gnd	2185	1032	1153
LK-1309260	Horana North	gnd	2185	1088	1097
LK-2157120	Kadiyanlena	gnd	2185	1011	1174
LK-5118030	Saththurukondan	gnd	2185	1024	1161
LK-5218200	Malayadikiramam 03	gnd	2185	1027	1158
LK-5315165	Nachchikuda	gnd	2185	1084	1101
LK-6178010	Nabirittankadawara	gnd	2185	1062	1123
LK-2309270	Kurunduoya	gnd	2184	1066	1118
LK-8215080	Hulandawa Left	gnd	2184	1091	1093
LK-9115240	Karadiyamulla	gnd	2184	1050	1134
LK-1218090	Horapethuduwa	gnd	2183	1029	1154
LK-1233215	Webada South	gnd	2183	1044	1139
LK-1303300	Pinwatta West	gnd	2183	1026	1157
LK-3124005	Thalgaswala	gnd	2183	1041	1142
LK-7203120	Ulkatupotha	gnd	2183	1007	1176
LK-1224265	Bendiyamulla East	gnd	2182	1024	1158
LK-5112005	Sittandy 3	gnd	2182	1051	1131
LK-1233015	Kinigama	gnd	2181	1062	1119
LK-4115055	Thavady South	gnd	2180	1060	1120
LK-7215175	Manikkampattiya	gnd	2180	1072	1108
LK-6169055	Pothuhera	gnd	2179	1058	1121
LK-8130210	Kotakithula	gnd	2179	1032	1147
LK-1324175	Kadurugasmulla	gnd	2178	1067	1111
LK-6172130	Thummodara	gnd	2177	964	1213
LK-9103220	Hindurangala	gnd	2177	1040	1137
LK-9130090	Udugala	gnd	2177	1082	1095
LK-8103005	Rotalawela	gnd	2176	1069	1107
LK-3137055	Rejjipura	gnd	2175	1068	1107
LK-2124340	Karalliyadda	gnd	2174	1009	1165
LK-6184270	Abbowa	gnd	2174	1085	1089
LK-3315055	Ridiyagama	gnd	2173	1118	1055
LK-1233390	Dalupitiya East	gnd	2172	1076	1096
LK-4106065	Tholpuram West	gnd	2172	1046	1126
LK-5112140	Arumugathan Kudiyiruppu 2	gnd	2172	1030	1142
LK-8103120	Sorabora	gnd	2172	1052	1120
LK-2151095	Polkumbura	gnd	2171	1016	1155
LK-9136080	Halkandaliya	gnd	2171	1072	1099
LK-9218325	Uduwaka	gnd	2171	1049	1122
LK-3218170	Yakabedda	gnd	2170	1015	1155
LK-9148040	Miriswelpatha	gnd	2170	1094	1076
LK-5103010	Ammanthanaveli	gnd	2169	1088	1081
LK-5225005	Sainthamaruthu 01	gnd	2169	971	1198
LK-9133030	Kalawana West	gnd	2169	1084	1085
LK-1227635	Kahatovita West	gnd	2168	1001	1167
LK-1309080	Olaboduwa South	gnd	2168	1036	1132
LK-2136470	Kadawathgama	gnd	2168	1064	1104
LK-3242230	Madiha West	gnd	2168	1030	1138
LK-9106110	Theppanawa	gnd	2168	1066	1102
LK-1215255	Balabowa West	gnd	2167	1080	1087
LK-3142200	Karapitiya	gnd	2167	1001	1166
LK-3206050	Pallegama North	gnd	2167	1063	1104
LK-1330110	Keeranthidiya	gnd	2165	1071	1094
LK-7148040	Ihala Thalawa	gnd	2165	1020	1145
LK-7215230	Udawela	gnd	2165	1092	1073
LK-9106160	Nadukaradeniya	gnd	2165	1010	1155
LK-9118140	Balangoda	gnd	2165	1092	1073
LK-6175170	Bibiladeniya	gnd	2164	1028	1136
LK-1224380	Godagedara	gnd	2163	1069	1094
LK-5212030	Rajagalathenna North	gnd	2163	1046	1117
LK-5327120	Paddalipuram	gnd	2163	1074	1089
LK-7148195	Katiyawa Track 06	gnd	2163	1025	1138
LK-9112090	Amuthagoda	gnd	2163	1014	1149
LK-9206175	Beligammana	gnd	2163	1054	1109
LK-5124085	Kattankudy Division 5	gnd	2162	959	1203
LK-5224030	Pandiruppu 01	gnd	2162	1036	1126
LK-7133100	Wanniyankulama Kotasa 6	gnd	2162	1030	1132
LK-1309150	Kumbuka East	gnd	2161	1016	1145
LK-5315065	Singhapura	gnd	2161	1070	1091
LK-6227055	Madawakkulama	gnd	2161	1076	1085
LK-1230330	Punchi Mandawala	gnd	2159	1043	1116
LK-3145165	Walahanduwa	gnd	2159	1031	1128
LK-6136260	Werapola	gnd	2159	1028	1131
LK-9112255	Angammana	gnd	2158	1063	1095
LK-2154110	Ulapane North	gnd	2157	1050	1107
LK-5327140	Allainagar West	gnd	2157	1077	1080
LK-7127195	Yakalla	gnd	2157	1055	1102
LK-9142185	Bibilegama West	gnd	2157	1091	1066
LK-9212005	Siyambalapitiya	gnd	2156	1048	1108
LK-1112015	Atigala West	gnd	2155	1030	1125
LK-3130005	Ethkandura	gnd	2155	1026	1129
LK-7103070	Bogahawewa	gnd	2155	1079	1076
LK-1321315	Etavila	gnd	2154	1036	1118
LK-9230095	Debegama	gnd	2154	1048	1106
LK-1115280	Jayaweeragoda	gnd	2153	1067	1086
LK-1321340	Wettumakada	gnd	2153	1059	1094
LK-8130255	Guruthalawa	gnd	2153	1091	1062
LK-1233385	Kopiwatta	gnd	2152	1016	1136
LK-1303340	Kuda Wadduwa	gnd	2152	1002	1150
LK-6239120	Ihala Mahawewa	gnd	2152	1037	1115
LK-1215490	Doranagoda South	gnd	2151	1016	1135
LK-1303325	Wadduwa East	gnd	2151	992	1159
LK-5136145	Mahiloor East	gnd	2151	990	1161
LK-8121045	Kendagolla	gnd	2151	1016	1135
LK-2127350	Nattarampotha	gnd	2150	982	1168
LK-5215025	Thissapura	gnd	2150	1015	1135
LK-8224075	Pahalagama	gnd	2150	1085	1065
LK-1321055	Pothupitiya East	gnd	2149	1026	1123
LK-5130035	Mahiladitivu South	gnd	2149	992	1157
LK-6230130	Rajakadaluwa	gnd	2149	1048	1101
LK-8103015	Aluyatawela	gnd	2148	1097	1051
LK-1106110	Kolonnawa	gnd	2147	1082	1065
LK-1321215	Wijerathnawatta	gnd	2146	1116	1030
LK-2112210	Leemagahadeniya	gnd	2146	991	1155
LK-3242255	Polhena	gnd	2146	1044	1102
LK-9112175	Meehitiya	gnd	2146	1055	1091
LK-1327050	Thebuwana East	gnd	2145	1070	1075
LK-2109125	Delgasthenna	gnd	2145	990	1155
LK-5106015	Oddamavadi 01 South	gnd	2145	1016	1129
LK-2218160	Mandandawela	gnd	2144	990	1154
LK-7212265	Rankethgama	gnd	2144	1060	1084
LK-2206120	Pelvehera	gnd	2143	1074	1069
LK-2218120	Kirigalpotta	gnd	2143	963	1180
LK-7127030	Kokawewa	gnd	2143	1051	1092
LK-3112150	Igala	gnd	2142	1030	1112
LK-5136015	Cheddipalayam North	gnd	2142	1044	1098
LK-8127235	Ambagasdowa	gnd	2142	990	1152
LK-8130065	Ambagahakumbura	gnd	2142	1035	1107
LK-9218215	Kukulpane	gnd	2142	1026	1116
LK-2130110	Katukele	gnd	2141	1013	1128
LK-3106145	Galmangoda	gnd	2141	1006	1135
LK-4118080	Siruppiddy West	gnd	2141	1040	1101
LK-5112150	Kumaraveliyar Kiramam	gnd	2141	988	1153
LK-7133015	Mahakalattewa	gnd	2141	1048	1093
LK-9206165	Nankurugama	gnd	2141	1016	1125
LK-5121050	Ayiththiyamalai North	gnd	2139	983	1156
LK-7218060	Nikapitiya	gnd	2139	1034	1105
LK-1303025	Gorakana	gnd	2138	1027	1111
LK-2312300	Meepilimana	gnd	2138	1036	1102
LK-7154120	Pothanegama	gnd	2138	1057	1081
LK-7215110	Ethumalpitiya	gnd	2138	1129	1009
LK-9212080	Kegalle Town	gnd	2138	1006	1132
LK-3221145	Palalla	gnd	2137	1024	1113
LK-5106020	Oddamavadi 02	gnd	2137	986	1151
LK-1136015	Divulpitiya East	gnd	2136	1037	1099
LK-5212270	Himidurawa	gnd	2135	1027	1108
LK-2127270	Kumbukkandura North	gnd	2134	990	1144
LK-3209215	Mawarala	gnd	2133	1012	1121
LK-4112005	Mallakam South	gnd	2133	1036	1097
LK-1118055	Uggalla	gnd	2132	1030	1102
LK-1233435	Enderamulla East	gnd	2132	984	1148
LK-3139080	Maitipe	gnd	2132	998	1134
LK-9103180	Karandana North	gnd	2132	1055	1077
LK-1209210	Kotadeniyawa	gnd	2131	1022	1109
LK-1215570	Opatha	gnd	2131	1144	987
LK-1309300	Wewala East	gnd	2131	1030	1101
LK-6175135	Mahaagara	gnd	2131	995	1136
LK-6178225	Maharagama	gnd	2130	1010	1120
LK-7115180	Isurumuniya	gnd	2130	1093	1037
LK-1103170	Ibbanwala	gnd	2129	1117	1012
LK-7148015	Moragoda	gnd	2129	1064	1065
LK-1109180	Battaramulla North	gnd	2128	968	1160
LK-1115170	Hingurala	gnd	2128	1063	1065
LK-1227640	Ogodapola North	gnd	2128	1023	1105
LK-1309295	Mahena	gnd	2128	1018	1110
LK-1336040	Pelenda West	gnd	2128	1048	1080
LK-4309155	Kovilkulam	gnd	2128	978	1150
LK-8124240	Neluwa	gnd	2128	1016	1112
LK-8221010	Randeniya	gnd	2128	1050	1078
LK-9206055	Ambulugala	gnd	2128	1007	1121
LK-2127175	Pallegunnepana North	gnd	2127	1000	1127
LK-4136010	Columbuthurai East	gnd	2127	1055	1072
LK-1133160	Moratuwella North	gnd	2126	1031	1095
LK-2313335	Braemore	gnd	2126	984	1142
LK-7127010	Ellawewa	gnd	2126	1053	1073
LK-7218110	Bakamoona	gnd	2126	1038	1088
LK-1224100	Aluthgama Bogamuwa South	gnd	2124	993	1131
LK-2136415	Gannoruwa East	gnd	2124	1028	1096
LK-1321290	Ilukwatta	gnd	2123	1028	1095
LK-6245135	Bandirippuwa East	gnd	2123	980	1143
LK-9121075	Akarella	gnd	2123	1046	1077
LK-1224130	Gampaha Aluthgama West	gnd	2122	991	1131
LK-1224355	Kossinna East	gnd	2122	1013	1109
LK-1233345	Ihala Karagahamuna South	gnd	2122	1030	1092
LK-1306155	Veedagama West	gnd	2122	1009	1113
LK-3242210	Welegoda West	gnd	2122	978	1144
LK-3309035	Ellagala	gnd	2121	1031	1090
LK-6175035	Kekunawala	gnd	2121	1014	1107
LK-8224040	Gaminipura	gnd	2121	1060	1061
LK-1227375	Wathupitiwala	gnd	2120	1010	1110
LK-5303005	Seva Janapadaya	gnd	2120	1018	1102
LK-5306015	Pulmoddai Division No. 2	gnd	2120	1103	1017
LK-8136150	Ballaketuwa	gnd	2120	1045	1075
LK-7127105	Ilukbadayagama	gnd	2119	1036	1083
LK-8103035	Belaganwewa	gnd	2119	1049	1070
LK-1321085	Kalapugama West	gnd	2118	1033	1085
LK-3151205	Indurannavila	gnd	2118	1045	1073
LK-4109065	Sandilipay North	gnd	2118	991	1127
LK-5216040	Chalambaikerny 04	gnd	2118	955	1163
LK-8139070	Umankandura	gnd	2118	985	1133
LK-5110080	Murakkottanchenai	gnd	2117	964	1153
LK-6248090	Haldanduwana West	gnd	2117	994	1123
LK-1209305	Kadawala North	gnd	2116	1020	1096
LK-1215520	Asgiriwalpola South	gnd	2116	1001	1115
LK-1306175	Raigama East	gnd	2115	1013	1102
LK-7212005	Manampitiya	gnd	2115	1041	1074
LK-2106075	Galhinna	gnd	2114	978	1136
LK-5109045	Sungankerny	gnd	2114	1033	1081
LK-6178375	Maholawa	gnd	2114	982	1132
LK-7209120	Rifaipura	gnd	2114	934	1180
LK-1215400	Pahala Udugampola East	gnd	2113	1035	1078
LK-2203115	Walaswewa	gnd	2113	1021	1092
LK-3242245	Walgama South	gnd	2113	980	1133
LK-7139160	Amunukole	gnd	2113	1055	1058
LK-1115180	Mawalgama	gnd	2112	1042	1070
LK-6157080	Mehiella North	gnd	2112	1011	1101
LK-9215220	Atala	gnd	2112	1011	1101
LK-4136135	Moor Street North	gnd	2111	1098	1013
LK-4309130	Poovarasankulam	gnd	2111	1001	1110
LK-9133005	Kodippilikanda	gnd	2111	1035	1076
LK-3312015	Thammennawa	gnd	2110	1028	1082
LK-8215035	Nakkala	gnd	2110	1054	1056
LK-1215135	Boragodawatta North	gnd	2109	1009	1100
LK-5112125	Savukkady	gnd	2109	988	1121
LK-7112075	Oyamaduwa	gnd	2109	1041	1068
LK-5236015	Pallikudiyiruppu 02	gnd	2108	1006	1102
LK-7136070	Nachchadoowa New Town	gnd	2108	990	1118
LK-1215050	Mabodala West	gnd	2107	1037	1070
LK-3137040	Bopagoda	gnd	2106	1012	1094
LK-3315010	Barawakumbuka	gnd	2106	1035	1071
LK-6224115	Thammennagama	gnd	2106	989	1117
LK-9215055	Panakawa	gnd	2105	989	1116
LK-2130065	Mahaiyawa	gnd	2104	1036	1068
LK-3145135	Amukotuwa	gnd	2104	1035	1069
LK-3248180	Batheegama Central	gnd	2104	1012	1092
LK-7160160	Walawwegama	gnd	2104	1006	1098
LK-8221050	Nugayaya	gnd	2104	1029	1075
LK-9206260	Werake	gnd	2104	1010	1094
LK-6175060	Pahala Yagamwela	gnd	2103	922	1181
LK-8124105	Samagipura	gnd	2103	969	1134
LK-8127265	Galahagama	gnd	2103	1040	1063
LK-1215040	Bodhipihituwala	gnd	2102	1039	1063
LK-2151215	Wahugapitiya	gnd	2102	987	1115
LK-9130035	Sinhalagoda	gnd	2101	1074	1027
LK-5315075	Palaiyoottu	gnd	2100	1054	1046
LK-8106075	Arawatta	gnd	2100	1031	1069
LK-8215070	Bohitiya	gnd	2100	1042	1058
LK-8224055	Ulugala	gnd	2100	1083	1017
LK-1303125	Thanthirimulla East	gnd	2099	964	1135
LK-6215110	Attavilluwa Central	gnd	2099	1030	1069
LK-7106070	Kurulugama	gnd	2099	1013	1086
LK-8139060	Pahala Kadurugamuwa	gnd	2099	1017	1082
LK-2302150	Mallanda	gnd	2098	982	1116
LK-3227085	Ullala East	gnd	2098	1003	1095
LK-4115015	Uduvil Centre	gnd	2098	962	1136
LK-4118060	Neervely South	gnd	2098	999	1099
LK-7115095	Katukeliyawa	gnd	2098	1047	1051
LK-1109245	Aruppitiya	gnd	2097	1021	1076
LK-5242010	Muwangala	gnd	2097	1027	1070
LK-5248020	Victor Estate 2	gnd	2097	1046	1051
LK-9215150	Naberiyawa	gnd	2097	995	1102
LK-1227355	Kattota	gnd	2096	1011	1085
LK-2145140	Ratemulla	gnd	2096	1024	1072
LK-4409070	Udayarkattu North	gnd	2096	1011	1085
LK-4509035	Jeyanthinagar	gnd	2096	898	1198
LK-5215010	Samapura	gnd	2096	812	1284
LK-7103030	Track B	gnd	2096	980	1116
LK-9106025	Parakaduwa	gnd	2096	1006	1090
LK-6178190	Koodalupotta	gnd	2095	1058	1037
LK-7212235	Alawakumbura	gnd	2095	1076	1019
LK-2154140	Pitakanda	gnd	2094	1005	1089
LK-1306265	Atulugama West	gnd	2093	1054	1039
LK-1333050	Yatiyana West	gnd	2092	993	1099
LK-2233110	Wariyapola Watta	gnd	2092	992	1100
LK-5242020	Uksiripura	gnd	2092	1028	1064
LK-5245065	Vinayahapuram 4	gnd	2090	1013	1077
LK-8221110	Mahaaragama	gnd	2089	1070	1019
LK-2148005	Perawatta West	gnd	2088	932	1156
LK-6157045	Maraluwawa	gnd	2088	931	1157
LK-6163210	Rambadagalla	gnd	2087	955	1132
LK-2312175	Hawaeliya North	gnd	2086	990	1096
LK-3312095	Godawaya	gnd	2086	1050	1036
LK-6130295	Thalgodapitiya	gnd	2086	997	1089
LK-6178195	Bammanna	gnd	2086	1011	1075
LK-7218005	Ihakuluwewa	gnd	2086	1067	1019
LK-8224135	Waguruwela	gnd	2086	1052	1034
LK-1136195	Gorakapitiya	gnd	2085	1004	1081
LK-1336115	Kamburawala	gnd	2085	1003	1082
LK-2127255	Ahaspokuna North	gnd	2085	1022	1063
LK-3209100	Heegoda	gnd	2085	1017	1068
LK-6178345	Nalawalana	gnd	2085	982	1103
LK-7163050	Midellewa	gnd	2085	1016	1069
LK-1212720	Ellalamulla	gnd	2084	1039	1045
LK-4136065	Jaffna Town West	gnd	2084	948	1136
LK-1224425	Parakandeniya North 1	gnd	2083	1015	1068
LK-2139505	Maveekumbura North	gnd	2082	1092	990
LK-3221185	Denipitiya West	gnd	2082	987	1095
LK-2306320	Rikillagaskada	gnd	2081	1008	1073
LK-3306055	Kendagasmankada	gnd	2081	1032	1049
LK-1230400	Pattiyagama	gnd	2080	1032	1048
LK-5209080	Pollebedda	gnd	2080	1080	1000
LK-6154240	Nailiya	gnd	2080	994	1086
LK-8130185	Nawela	gnd	2080	1022	1058
LK-9103205	Nugadanda	gnd	2080	1156	924
LK-2130265	Ulpathakumbura	gnd	2078	1027	1051
LK-2154050	Pellapitiya North	gnd	2078	1036	1042
LK-3242010	Kekanadura East	gnd	2078	969	1109
LK-4112045	Alaveddy West	gnd	2078	998	1080
LK-8121110	Viyadiguna	gnd	2078	945	1133
LK-9227125	Pelellegama	gnd	2078	1032	1046
LK-5327070	Shafinagar	gnd	2076	1045	1031
LK-2112225	Polgolla	gnd	2075	954	1121
LK-9118090	Welage	gnd	2075	1013	1062
LK-9124010	Bopetta	gnd	2075	1038	1037
LK-3130075	Galahenkanda	gnd	2074	984	1090
LK-7212080	Pelatiyawa	gnd	2074	1046	1028
LK-9124040	Dombagasvinna	gnd	2074	1014	1060
LK-9218035	Thulhiriya	gnd	2074	1003	1071
LK-1227625	Kurawalana	gnd	2073	999	1074
LK-9206070	Dehimaduwa	gnd	2072	961	1111
LK-8103040	Ulhitiya	gnd	2071	966	1105
LK-5209025	Unuwathura Bubula	gnd	2070	1032	1038
LK-8106085	Senevigama	gnd	2070	987	1083
LK-6157115	Doratiyawa	gnd	2069	1029	1040
LK-7142080	Maha Thimbirikalla	gnd	2069	1002	1067
LK-1112295	Diyagama East	gnd	2068	1025	1043
LK-2151105	Angammana East	gnd	2068	967	1101
LK-6218040	Nallandaluwa	gnd	2068	968	1100
LK-2314210	Hatton West	gnd	2067	979	1088
LK-3242200	Kadeweediya West	gnd	2067	941	1126
LK-7212165	Ihala Ellewewa	gnd	2067	1060	1007
LK-1121110	Maharagama West	gnd	2066	992	1074
LK-1121160	Pannipitiya South	gnd	2066	998	1068
LK-3106135	Brahmanawatta North	gnd	2066	971	1095
LK-6245025	Lunuvila East	gnd	2066	992	1074
LK-7139120	Pahala Halmillewa	gnd	2066	988	1078
LK-1310110	Pelpitigoda	gnd	2065	1007	1058
LK-1318135	Punsiripura	gnd	2065	1040	1025
LK-7212260	Meewathpura	gnd	2065	982	1083
LK-8130150	Ambewela	gnd	2065	1044	1021
LK-1206180	Walpola	gnd	2064	1002	1062
LK-1136125	Bangalawatta	gnd	2063	978	1085
LK-8230070	Seenukkuwa	gnd	2063	1035	1028
LK-1321180	Uggalbada West	gnd	2062	982	1080
LK-3109140	Karandeniya North	gnd	2062	983	1079
LK-5118195	Puthunagar	gnd	2062	973	1089
LK-8227005	Sella Katharagama	gnd	2062	1042	1020
LK-9206015	Keppetipola	gnd	2062	969	1093
LK-6178355	Pahala Galayaya	gnd	2061	983	1078
LK-9127010	Dambuluwana	gnd	2061	1037	1024
LK-4106125	Chankanai Centre	gnd	2060	965	1095
LK-6203135	Nawakkaduwa	gnd	2060	989	1071
LK-2136270	Sooriyagoda	gnd	2059	984	1075
LK-9233090	Miyanavita	gnd	2059	970	1089
LK-1324160	Magalkanda South	gnd	2058	995	1063
LK-6142185	Ihala Koswatta	gnd	2058	966	1092
LK-7212225	Sandagalathenna	gnd	2058	1033	1025
LK-2130010	Siyambalagasthenna	gnd	2057	1019	1038
LK-1109170	Subhoothipura	gnd	2056	1027	1029
LK-1115240	Lahirugama	gnd	2056	982	1074
LK-5234060	Varipathanchenai 02	gnd	2056	963	1093
LK-6239145	Panangoda	gnd	2056	1004	1052
LK-7133140	Wanniyankulama Kotasa 2	gnd	2056	1022	1034
LK-8121145	Kanupelella	gnd	2056	962	1094
LK-1303180	Etambagoda	gnd	2055	923	1132
LK-3130070	Divithura South	gnd	2055	980	1075
LK-5121015	Karaveddi	gnd	2055	964	1091
LK-9103010	Hewainna	gnd	2054	989	1065
LK-6130135	Kendawala	gnd	2053	1027	1026
LK-1118035	Siyambalawa	gnd	2052	999	1053
LK-2127315	Mahawatta North	gnd	2052	939	1113
LK-4212015	Vankalai East	gnd	2052	996	1056
LK-1224240	Pahala Yagoda	gnd	2051	982	1069
LK-6136280	Malwana	gnd	2051	991	1060
LK-1215590	Siyambalapitiya	gnd	2050	963	1087
LK-1224260	Kidagammulla	gnd	2050	938	1112
LK-2309585	Ragala	gnd	2050	992	1058
LK-1136215	Bodhirajapura	gnd	2049	997	1052
LK-3224065	Thelijjavila	gnd	2049	959	1090
LK-1224450	Parakandeniya North 2	gnd	2048	985	1063
LK-5103045	Panichchankerni	gnd	2048	979	1069
LK-9109005	Ellawala	gnd	2048	1022	1026
LK-9130075	Ayagama	gnd	2048	998	1050
LK-1321025	Mawala	gnd	2047	974	1073
LK-1336045	Pelenda	gnd	2047	979	1068
LK-5327025	Kadarkaraichenai	gnd	2047	1022	1025
LK-7206045	Kavuduluwewa	gnd	2047	1034	1013
LK-8230055	Bodagama	gnd	2047	1016	1031
LK-5112040	Kaluwankerny 2	gnd	2046	985	1061
LK-8115105	Rideepana	gnd	2046	943	1103
LK-9221040	Lewangama South	gnd	2046	977	1069
LK-1112335	Rilawala	gnd	2045	977	1068
LK-1215030	Horampella North	gnd	2045	986	1059
LK-2142015	Wariyagala	gnd	2045	990	1055
LK-1115010	Kanampella West	gnd	2044	988	1056
LK-4312075	Periyapuliyalankulam	gnd	2044	975	1069
LK-6178410	Bopitiya	gnd	2044	926	1118
LK-6130355	Galketigama	gnd	2042	1014	1028
LK-7212050	Dimbulagala	gnd	2042	1006	1036
LK-9148010	Thittawelpotha	gnd	2042	971	1071
LK-1206035	Katana East	gnd	2041	1015	1026
LK-2151125	Kudamake	gnd	2041	943	1098
LK-5233050	Palamuna 02	gnd	2041	1093	948
LK-5327150	Palathoppur	gnd	2041	981	1060
LK-6178365	Pannala	gnd	2041	950	1091
LK-8118055	Medawelagama	gnd	2040	992	1048
LK-1221110	Ja-Ela	gnd	2039	995	1044
LK-2130060	Watapuluwa West	gnd	2039	928	1111
LK-4133070	Kantharmadam North West	gnd	2039	812	1227
LK-5333045	Verugal Mugathuvaram	gnd	2039	1016	1023
LK-7103075	Padaviya	gnd	2039	945	1094
LK-8106140	Andaulpatha	gnd	2039	970	1069
LK-6248085	Pahala Bujjampola	gnd	2037	984	1053
LK-3309115	Gangasiripura	gnd	2035	958	1077
LK-9127095	Magurugoda	gnd	2035	1007	1028
LK-9151045	Ereporuwa	gnd	2035	1027	1008
LK-4312070	Neriyakulam	gnd	2034	963	1071
LK-5121060	Pavatkodichenai	gnd	2034	988	1046
LK-8103085	Meegahahena	gnd	2034	1021	1013
LK-2130130	Thalwatta	gnd	2033	1001	1032
LK-4509075	Malaiyalapuram	gnd	2033	991	1042
LK-1206340	Mookalangamuwa East	gnd	2032	1013	1019
LK-1224060	Ihalagama West	gnd	2032	945	1087
LK-8127295	Kumarapattiya	gnd	2032	979	1053
LK-8130030	Gavarammana	gnd	2032	977	1055
LK-1224345	Galahitiyawa East	gnd	2031	954	1077
LK-1224500	Embaraluwa South 1	gnd	2031	971	1060
LK-3224095	Malimbada West	gnd	2031	984	1047
LK-7112070	Navodagama	gnd	2031	1004	1027
LK-7160070	Hiripitiyagama	gnd	2031	964	1067
LK-1118115	Weragala	gnd	2030	978	1052
LK-1136265	Mavittara South	gnd	2030	952	1078
LK-3209095	Mekiliyathenna	gnd	2030	971	1059
LK-2139060	Ihala Koorukuttala	gnd	2029	1003	1026
LK-6149120	Hanhamunawa	gnd	2029	978	1051
LK-7124100	Horowpothana	gnd	2029	1042	987
LK-3209145	Dampahala East	gnd	2028	1029	999
LK-7136025	Aluthwewa	gnd	2028	980	1048
LK-8109005	Karametiya	gnd	2028	1018	1010
LK-8118135	Meedumpitiya	gnd	2028	972	1056
LK-8130175	Nedungamuwa	gnd	2028	939	1089
LK-4109010	Suthumalai South	gnd	2027	936	1091
LK-9221155	Mapitigama	gnd	2027	985	1042
LK-4309125	Kalmadu	gnd	2025	995	1030
LK-3221130	Watagedaramulla	gnd	2024	980	1044
LK-4112055	Ilavalai North West	gnd	2024	980	1044
LK-9151010	Ranhotikanda	gnd	2024	994	1030
LK-3128065	Mabotuwana	gnd	2023	1000	1023
LK-4412050	Mankulam	gnd	2023	1011	1012
LK-5236120	Pallikudiyiruppu 01	gnd	2023	902	1121
LK-7148165	Katiyawa Track 01	gnd	2023	967	1056
LK-8221025	Kotikambokka	gnd	2023	982	1041
LK-3221060	Udukawa South	gnd	2022	996	1026
LK-5127110	Selvanagar	gnd	2022	886	1136
LK-6163140	Lihiniwehera	gnd	2022	946	1076
LK-1136260	Kesbewa East	gnd	2021	960	1061
LK-3309030	Vijithapura	gnd	2021	990	1031
LK-5212265	Palam Kandavura	gnd	2021	958	1063
LK-8106120	Rideemaliyadda South	gnd	2021	993	1028
LK-6218060	Kanamulla South	gnd	2020	944	1076
LK-2233285	Kureewela	gnd	2019	943	1076
LK-3133170	Meetiyagoda	gnd	2019	959	1060
LK-9233020	Dodawatta	gnd	2019	1001	1018
LK-1230525	Ganegoda	gnd	2018	1007	1011
LK-2154045	Thembiligala	gnd	2018	985	1033
LK-2312180	Hawaeliya West	gnd	2018	920	1098
LK-3133130	Polhunnawa	gnd	2018	1010	1008
LK-7115140	Bandara Puliyankulama	gnd	2018	1061	957
LK-1303020	Horethuduwa South	gnd	2017	976	1041
LK-2130160	Suduhumpala East	gnd	2017	979	1038
LK-7206110	Damsopura	gnd	2017	1009	1008
LK-9221085	Pethangoda	gnd	2016	993	1023
LK-1321065	Maharekma	gnd	2015	1002	1013
LK-3309155	Gotabhayapura	gnd	2015	1005	1010
LK-1233320	Gonahena South	gnd	2014	960	1054
LK-4106035	Arali East	gnd	2014	958	1056
LK-6139085	Welpothuwewa	gnd	2014	929	1085
LK-1215170	Boragodawatta South	gnd	2013	957	1056
LK-6178335	Sandalankawa	gnd	2013	963	1050
LK-9127055	Pallegedara	gnd	2013	1030	983
LK-2303070	Ramboda	gnd	2012	934	1078
LK-6181210	Dambadeniya South	gnd	2012	948	1064
LK-7218040	Attanakadawala North	gnd	2012	1003	1009
LK-1306260	Galgemandiya	gnd	2011	1062	949
LK-5124015	Kattankudy Division 2	gnd	2011	925	1086
LK-5306100	Gopalapuram	gnd	2011	967	1044
LK-6233110	Thittakade	gnd	2011	935	1076
LK-9124070	Maudella	gnd	2011	1027	984
LK-3145235	Batadoowa	gnd	2010	926	1084
LK-5215105	Wavinna South	gnd	2010	960	1050
LK-7206125	Ihalagama	gnd	2010	953	1057
LK-1209385	Kudagammana	gnd	2009	992	1017
LK-1230610	Pahala Mapitigama	gnd	2009	988	1021
LK-1321255	Vidyasara	gnd	2009	930	1079
LK-4512035	Kariyalainagapaduvan	gnd	2009	1004	1005
LK-2136305	Kandangama North	gnd	2008	970	1038
LK-3312075	Arawanamulla	gnd	2008	961	1047
LK-6184200	Alawwa North	gnd	2008	925	1083
LK-7218055	Kahatagahapitiya	gnd	2008	1004	1004
LK-1312110	Bulathsinhala	gnd	2007	978	1029
LK-7160005	Dikwewa Senapura	gnd	2007	975	1032
LK-3315270	Wanduruppa	gnd	2006	933	1073
LK-4118130	Thampalai-Kathiripay	gnd	2006	949	1057
LK-5133160	Paalamunai	gnd	2006	892	1114
LK-7210040	Mangulpokuna	gnd	2006	1015	991
LK-1324075	Mahagammedda	gnd	2005	928	1077
LK-6151085	Rathkarawwa	gnd	2004	973	1031
LK-9133080	Hangarangala	gnd	2004	999	1005
LK-3315095	Mamadala South	gnd	2003	991	1012
LK-5136025	Mankadu	gnd	2003	932	1071
LK-5209065	Kekirihena	gnd	2003	984	1019
LK-6133080	Neeraviya	gnd	2003	988	1015
LK-7154205	Nidigama	gnd	2003	963	1040
LK-3112095	Ketandola Udovita	gnd	2002	953	1049
LK-6163120	Korossa	gnd	2002	985	1017
LK-8118125	Ambathenna West	gnd	2002	974	1028
LK-1224435	Katuwalamulla North	gnd	2001	923	1078
LK-1310150	Ingiriya West	gnd	2001	971	1030
LK-3203060	Kiriwelkele North	gnd	2001	994	1007
LK-4118075	Siruppiddy East	gnd	2001	968	1033
LK-4109050	Manipay East	gnd	2000	942	1058
LK-7163030	Helabodugama	gnd	2000	977	1023
LK-1306070	Medagama	gnd	1999	926	1073
LK-2121140	Pallewatta	gnd	1999	969	1030
LK-2154080	Patithalawa	gnd	1999	1000	999
LK-6178165	Daraluwa	gnd	1999	968	1031
LK-7154265	Kandalama East	gnd	1999	989	1010
LK-8224120	Kukurampola	gnd	1999	967	1032
LK-4133165	Kokuvil North East	gnd	1998	937	1061
LK-8118065	Nikebedda	gnd	1998	960	1038
LK-8130165	Kalubululanda	gnd	1998	969	1029
LK-1224305	Yakkala South	gnd	1997	922	1075
LK-1336030	Galahitiya	gnd	1997	963	1034
LK-2302140	Kaludemada	gnd	1997	880	1117
LK-2302155	Ruwanpura	gnd	1997	968	1029
LK-3248115	Dickwella North	gnd	1997	986	1011
LK-8136005	Piyarapandowa	gnd	1997	1009	988
LK-7142025	Track 09 - 10	gnd	1996	985	1011
LK-1115060	Agra Pedesa	gnd	1995	991	1004
LK-1133070	Rawathawatta South	gnd	1995	938	1057
LK-4509210	Vivekanandanagar	gnd	1995	953	1042
LK-5112095	Kommathurai East	gnd	1995	905	1090
LK-6181070	Narammala	gnd	1995	964	1031
LK-9215010	Godapola	gnd	1995	949	1046
LK-9227050	Welihelathenna	gnd	1995	999	996
LK-2206260	Walgamwewa	gnd	1994	965	1029
LK-7203055	Samapura	gnd	1994	988	1006
LK-1303085	Pallimulla	gnd	1993	1015	978
LK-6218080	Perukkuvattan	gnd	1993	956	1037
LK-8221085	Siripuragama	gnd	1993	999	994
LK-1224430	Kossinna West 1	gnd	1992	953	1039
LK-3109130	Borakanda	gnd	1992	926	1066
LK-6242060	Meda Nattandiya	gnd	1992	947	1045
LK-3151100	Polhena	gnd	1991	950	1041
LK-8127290	Rathamba	gnd	1991	952	1039
LK-8209110	Thimbiriya	gnd	1991	996	995
LK-1215350	Ihala Udugampala	gnd	1990	934	1056
LK-2157050	Karahandungala	gnd	1990	888	1102
LK-6248025	Pothuwatawana	gnd	1990	976	1014
LK-7115120	Vihara Palugama	gnd	1990	979	1011
LK-9133025	Samanpura	gnd	1990	977	1013
LK-9203310	Kehelwathugoda	gnd	1990	950	1040
LK-2112025	Doragamuwa	gnd	1989	944	1045
LK-6130045	Panliyadda	gnd	1989	968	1021
LK-7215270	Ambanganga	gnd	1989	1007	982
LK-5118165	Kallady Uppodai	gnd	1988	974	1014
LK-8124195	Uduwara	gnd	1988	973	1015
LK-1215110	Mahagama	gnd	1987	959	1028
LK-4115025	Uduvil North	gnd	1987	951	1036
LK-5212200	Uhana Thissapura East	gnd	1987	936	1051
LK-1239045	Athurumulla	gnd	1986	952	1034
LK-3142085	Beraliyadola	gnd	1986	957	1029
LK-3145180	Pilana	gnd	1986	948	1038
LK-6127125	Pallekele	gnd	1986	967	1019
LK-7121085	Kahatagasdigiliya East	gnd	1986	931	1055
LK-9227075	Seepoth	gnd	1986	997	989
LK-2218130	Dorakumbura	gnd	1985	946	1039
LK-3248215	Pathegama South	gnd	1985	919	1066
LK-6242090	Meda Mavila	gnd	1985	944	1041
LK-7154210	Maha Elagamuwa	gnd	1985	953	1032
LK-8106080	Uva Gemunupura	gnd	1985	971	1014
LK-8209115	Medagama	gnd	1985	945	1040
LK-5233070	Palamuna 05	gnd	1984	887	1097
LK-5234045	Varipathanchenai 03	gnd	1984	984	1000
LK-9221160	Moraliya	gnd	1984	1004	980
LK-1136225	Mampe South	gnd	1983	938	1045
LK-1136330	Horathuduwa	gnd	1983	950	1033
LK-1309070	Godigamuwa West	gnd	1983	956	1027
LK-2130035	Watapuluwa	gnd	1983	933	1050
LK-8136030	Gawarawela	gnd	1983	1002	981
LK-2154070	Wetakedeniya	gnd	1982	901	1081
LK-8224085	Medagama	gnd	1982	1017	965
LK-8127255	Medawela	gnd	1981	934	1047
LK-8130260	Mahathenna	gnd	1981	954	1027
LK-9139040	Madalagama Colony	gnd	1981	983	998
LK-1309065	Welmilla	gnd	1980	955	1025
LK-2130235	Ampitiya Udagama North	gnd	1980	949	1031
LK-2136225	Danthure	gnd	1980	930	1050
LK-2302135	Hapugasthalawa	gnd	1980	980	1000
LK-3333265	Kadurupokuna South	gnd	1980	977	1003
LK-6248220	Etiyawala South	gnd	1980	958	1022
LK-7136005	Kimbulakada	gnd	1980	970	1010
LK-7166090	Ranawa	gnd	1980	983	997
LK-3109120	Mandakanda	gnd	1979	938	1041
LK-4112080	Tellippalai East	gnd	1979	980	999
LK-7163090	Malbaligala	gnd	1979	945	1034
LK-8230030	Kahakurullan Pelessa	gnd	1979	1039	940
LK-1324120	Kendagahavila	gnd	1978	979	999
LK-6230045	Ilakkattuwa	gnd	1978	973	1005
LK-3103185	Miriswatta	gnd	1977	935	1042
LK-7109125	Yakawewa	gnd	1977	868	1109
LK-7212200	Aluthoya	gnd	1977	962	1015
LK-9127030	Samangama	gnd	1977	992	985
LK-9130005	Dumbara	gnd	1977	1015	962
LK-9203435	Molagoda	gnd	1977	971	1006
LK-9230160	Hinguralakanda West	gnd	1977	982	995
LK-1309135	Maha Uduwa	gnd	1976	963	1013
LK-3242240	Walgama Meda	gnd	1976	925	1051
LK-5112165	Karadiyanaru	gnd	1976	907	1069
LK-5130040	Kokkadicholai	gnd	1976	893	1083
LK-5315210	Villundy	gnd	1976	1009	967
LK-1230520	Galwalagoda	gnd	1975	940	1035
LK-2133410	Haloluwa	gnd	1975	964	1011
LK-6127205	Halmillawewa	gnd	1975	986	989
LK-6242175	Thummodara West	gnd	1975	947	1028
LK-7218070	Segala	gnd	1975	963	1012
LK-1133120	Uswatta	gnd	1974	948	1026
LK-1206225	Katunayaka North	gnd	1973	981	992
LK-1215120	Minuwangoda East	gnd	1973	952	1021
LK-1230385	Ihala Lunugama	gnd	1973	990	983
LK-1321035	Melegama South	gnd	1973	943	1030
LK-6227075	Pallama	gnd	1973	930	1043
LK-6154140	Malkaduwawa North	gnd	1972	948	1024
LK-8233050	Indikolapelessa	gnd	1972	968	1004
LK-9136020	Erabadda	gnd	1972	982	990
LK-1215335	Mathammana	gnd	1971	919	1052
LK-5136020	Cheddipalayam South	gnd	1971	906	1065
LK-6178425	Wellewa	gnd	1971	914	1057
LK-9115145	Kanathiriyanwala	gnd	1971	952	1019
LK-9127080	Palawela	gnd	1970	977	993
LK-1306130	Pamunugama	gnd	1969	914	1055
LK-2127250	Malpana	gnd	1969	929	1040
LK-3127130	Ginimellagaha South	gnd	1969	908	1061
LK-3137075	Ganegoda	gnd	1969	977	992
LK-5221005	Periyaneelavanai  01B	gnd	1969	888	1081
LK-1306245	Wevita	gnd	1968	923	1045
LK-2124350	Hijrapura	gnd	1966	876	1090
LK-3212120	Deiyandara	gnd	1966	928	1038
LK-9124130	Udathula	gnd	1966	1004	962
LK-2230200	Ulpothapitiya	gnd	1965	935	1030
LK-1233020	Maharagama	gnd	1964	963	1001
LK-3333040	Kattakaduwa South	gnd	1964	973	991
LK-4121010	Karanavai West	gnd	1964	909	1055
LK-8218145	Dewathura	gnd	1964	985	979
LK-3139210	Weliwatta	gnd	1963	969	994
LK-9142095	Malwatta	gnd	1962	897	1065
LK-9227135	Ganepalla	gnd	1962	937	1025
LK-1112160	Gehenuwala	gnd	1961	919	1042
LK-1115035	Kudagama	gnd	1961	939	1022
LK-1324005	Kuda Payagala North	gnd	1960	934	1026
LK-3224125	Akurugoda South	gnd	1960	946	1014
LK-3242305	Wewa Ihalagoda	gnd	1960	922	1038
LK-5239085	Kolavil 02	gnd	1960	970	990
LK-7133090	Wanniyankulama Kotasa 4	gnd	1960	932	1028
LK-7206020	Meegaswewa	gnd	1960	961	999
LK-9112145	Gurubevilagama	gnd	1960	996	964
LK-5321005	Vendrasanpura Unit 16	gnd	1959	958	1001
LK-2130150	Deiyannewela	gnd	1958	920	1038
LK-1233005	Kimbulgoda	gnd	1957	907	1050
LK-2130025	Wattaranthenna	gnd	1957	922	1035
LK-3242100	Kanattagoda North	gnd	1957	962	995
LK-4136005	Nedunkulam	gnd	1957	958	999
LK-7127075	Galenbindunuwewa	gnd	1957	983	974
LK-8127245	Uma Ela	gnd	1957	952	1005
LK-1236100	Dalugama	gnd	1956	931	1025
LK-1330130	Henegama	gnd	1956	969	987
LK-3239005	Midigama North	gnd	1956	946	1010
LK-7103005	Buddhangala	gnd	1956	964	992
LK-9212070	Ambanpitiya	gnd	1956	922	1034
LK-2130125	Lewella	gnd	1955	948	1007
LK-3306035	Padavigama	gnd	1955	1020	935
LK-7145045	Konwewa	gnd	1955	954	1001
LK-3215125	Thibbotuwawa	gnd	1954	966	988
LK-7124135	Morakewa	gnd	1954	972	982
LK-7148100	Eppawala	gnd	1954	951	1003
LK-9230075	Uduvila	gnd	1954	971	983
LK-1215550	Nedagamuwa West	gnd	1953	934	1019
LK-2310235	Nildandaheenna	gnd	1953	942	1011
LK-6130350	Madigedethilianga	gnd	1953	954	999
LK-8130075	Welimada Town	gnd	1953	968	985
LK-2133360	Gohagoda	gnd	1952	931	1021
LK-8124220	Etampitiya	gnd	1952	944	1008
LK-4106015	Sangarathai	gnd	1951	947	1004
LK-1303270	Nallooruwa North	gnd	1950	934	1016
LK-8130040	Puranwela	gnd	1950	943	1007
LK-8124130	Hinnarangolla	gnd	1948	911	1037
LK-1303350	Molligoda	gnd	1947	929	1018
LK-3142145	Thunhiripana	gnd	1947	958	989
LK-5118035	Panichchaiyady	gnd	1947	906	1041
LK-7148080	Ketakale	gnd	1947	949	998
LK-1230590	Palugama	gnd	1946	943	1003
LK-4130090	Kalvayal	gnd	1946	931	1015
LK-6236195	Mellawagara	gnd	1946	938	1008
LK-8215125	Thenagallanda	gnd	1946	978	968
LK-1209550	Bomugammana North	gnd	1945	940	1005
LK-1227215	Maimbula	gnd	1945	933	1012
LK-3333140	Kahandawa	gnd	1945	924	1021
LK-8124090	Medapitigama	gnd	1945	897	1048
LK-8124160	Imbulgoda	gnd	1945	954	991
LK-3139155	Osanagoda	gnd	1944	980	964
LK-7215030	Sevagama	gnd	1944	947	997
LK-2154130	Sinhapura	gnd	1943	934	1009
LK-5230050	Ninthavur 04	gnd	1943	819	1124
LK-6142045	Kiniyama West	gnd	1943	968	975
LK-1333055	Gorokgoda	gnd	1942	927	1015
LK-5225070	Sainthamaruthu 17	gnd	1942	950	992
LK-7145110	Thammennawa	gnd	1942	934	1008
LK-8124040	Udakohovila	gnd	1942	964	978
LK-9118005	Egoda Waleboda	gnd	1942	986	956
LK-1321400	Kajudoowawatta	gnd	1941	899	1042
LK-7215225	Pothgul Pedesa	gnd	1940	968	972
LK-1115330	Thunnana West	gnd	1939	964	975
LK-3135025	Idanthota	gnd	1939	918	1021
LK-2133265	Uguressapitiya	gnd	1938	914	1024
LK-5321020	Wanela East	gnd	1938	985	953
LK-4106080	Chulipuram West	gnd	1937	922	1015
LK-6181010	Kadahapola	gnd	1937	932	1005
LK-8221015	Siyambalagunaya	gnd	1937	952	985
LK-1224055	Medagama II	gnd	1936	908	1028
LK-1321380	Uswatta	gnd	1935	873	1062
LK-1330115	Pussalamulla	gnd	1935	943	992
LK-2130100	Aniwatta East	gnd	1935	887	1048
LK-5136115	Eruvil South	gnd	1935	908	1027
LK-8212240	Kotiyagala	gnd	1935	983	952
LK-1306230	Mahawatta	gnd	1934	932	1002
LK-3333125	Netolpitiya North	gnd	1934	967	967
LK-6130270	Kandulawa	gnd	1934	947	987
LK-8133105	Kinigama	gnd	1934	950	984
LK-9218250	Pitadeniya	gnd	1934	909	1025
LK-2206145	Wewala Wewa	gnd	1933	978	955
LK-1321090	Ariyagama	gnd	1932	966	966
LK-5212175	Mahakandiya	gnd	1932	964	968
LK-8106005	Orubendiwewa	gnd	1932	973	959
LK-9139090	Miyanavita West	gnd	1932	936	996
LK-1233370	Pahala Karagahamuna North	gnd	1931	939	992
LK-2106090	Batagolladeniya	gnd	1931	862	1069
LK-3227135	Karagoda Uyangoda 1 Atha East	gnd	1931	903	1028
LK-6157095	Mehiella South	gnd	1931	938	993
LK-7154245	Madatugama	gnd	1931	964	967
LK-8212230	Wattegama	gnd	1931	973	958
LK-3242195	Kadeweediya East	gnd	1930	905	1025
LK-7203030	Yodha Ela	gnd	1929	958	971
LK-8130180	Medagedaragama	gnd	1929	913	1016
LK-3227125	Seewelgama	gnd	1928	920	1008
LK-3303025	Weliwewa	gnd	1928	946	982
LK-5242070	Koknahara	gnd	1928	956	972
LK-6136250	Wewagedara	gnd	1928	1021	907
LK-6227005	Dewala Handiya	gnd	1928	928	1000
LK-1115125	Aluth Ambalama	gnd	1927	908	1019
LK-2151075	Keerapane	gnd	1927	900	1027
LK-4109070	Sandilipay Centre	gnd	1927	923	1004
LK-4509025	Anandapuram	gnd	1927	860	1067
LK-1215525	Asgiriwalpola West	gnd	1926	909	1017
LK-1224370	Mudungoda South	gnd	1926	899	1027
LK-2112165	Pallethalavinna	gnd	1926	898	1028
LK-7112015	Nelumvila	gnd	1926	952	974
LK-2218180	Malwatta	gnd	1925	885	1040
LK-2127120	Hurikaduwa North	gnd	1924	911	1013
LK-3312050	Bellagaswewa	gnd	1924	1028	896
LK-5118060	Mamangam	gnd	1924	910	1014
LK-9112040	Dehenakanda	gnd	1924	938	986
LK-1203185	Dungalpitiya	gnd	1923	877	1046
LK-3209035	Pattigala	gnd	1923	903	1020
LK-8233045	Bahirawa	gnd	1923	959	964
LK-9218025	Opatha	gnd	1922	912	1010
LK-2203070	Kumbukgolla	gnd	1919	921	998
LK-5124010	Kattankudy Division 1 South	gnd	1919	876	1043
LK-7206145	Gajabapura	gnd	1919	935	984
LK-7215205	Pulathisi Pedesa	gnd	1919	964	955
LK-2139455	Ketakumbura	gnd	1918	1327	591
LK-9142015	Hapurudeniya	gnd	1918	828	1090
LK-1115275	Pahathgama	gnd	1917	931	986
LK-1215505	Asgiriya South	gnd	1917	939	978
LK-1310080	Urugala East	gnd	1917	941	976
LK-3312115	Mirijjavila	gnd	1917	991	926
LK-3215070	Godapitiya	gnd	1916	884	1032
LK-4203055	Siruthoppu	gnd	1916	959	957
LK-8127215	Lunuwatta	gnd	1916	911	1005
LK-9136085	Sidurupitiya	gnd	1916	915	1001
LK-9142065	Madampe South	gnd	1916	969	947
LK-3142180	Kithulampitiya	gnd	1915	876	1039
LK-4127060	Polikandy East	gnd	1915	902	1013
LK-7115100	Pusiyankulama	gnd	1915	970	945
LK-7160130	Puliyankulama	gnd	1915	903	1012
LK-1215250	Balabowa	gnd	1914	941	973
LK-2112100	Meegammana	gnd	1914	912	1002
LK-2313350	Agarapathana	gnd	1914	985	929
LK-4121060	Imayanan East	gnd	1914	881	1033
LK-7206140	Diyasenpura	gnd	1914	930	984
LK-2145130	Uduwela Udagama West	gnd	1913	937	976
LK-3315120	Ihalagama	gnd	1913	935	978
LK-5124080	Kattankudy Division 6 West	gnd	1913	880	1033
LK-9209080	Narangammana	gnd	1913	906	1007
LK-1327150	Wadugama	gnd	1912	911	1001
LK-2151205	Pallegama	gnd	1912	916	996
LK-6203080	Thalavila East	gnd	1912	939	973
LK-3133070	Kobeithuduwa	gnd	1911	946	965
LK-3206080	Deniyaya	gnd	1911	922	989
LK-4409035	Manthuvil	gnd	1911	944	967
LK-9142010	Dimbulwala	gnd	1911	952	959
LK-1212580	Maligathenna Central	gnd	1910	901	1009
LK-2154125	Ethgala East	gnd	1910	913	997
LK-5112145	Arumugathan Kudiyiruppu 1	gnd	1909	905	1004
LK-7130100	Katukeliyawa	gnd	1909	1044	865
LK-4106025	Arali Centre	gnd	1908	913	995
LK-4112010	Mallakam Centre	gnd	1908	901	1007
LK-7130055	Kannattiya	gnd	1908	951	957
LK-8119135	Maduwatta	gnd	1907	874	1033
LK-1309020	Ihala Millewa North	gnd	1906	920	986
LK-6248210	Metikotuwa	gnd	1906	920	986
LK-9206190	Kekirigoda	gnd	1906	911	995
LK-1233030	Pilikuttuwa	gnd	1905	921	984
LK-3137020	Imbula	gnd	1905	915	990
LK-1106025	Veheragoda	gnd	1904	933	971
LK-2154145	Udahenthenna	gnd	1904	936	968
LK-2206190	Yapagama	gnd	1904	950	954
LK-9151065	Buthkanda	gnd	1904	960	944
LK-1115225	Kadugoda South	gnd	1903	912	991
LK-3209045	Beralapanathara North	gnd	1903	937	966
LK-6154075	Budanapitiya	gnd	1903	928	975
LK-3206150	Lindagawahena	gnd	1902	925	977
LK-1224420	Amunugoda South	gnd	1901	929	972
LK-1309245	Kanewala	gnd	1901	910	991
LK-1324070	Pothuvila East	gnd	1901	908	993
LK-7206055	Bisobandara	gnd	1901	939	962
LK-9118075	Mahawalathenna	gnd	1901	921	980
LK-9142070	Horamula	gnd	1901	948	953
LK-1212145	Bothale Pahalagama East	gnd	1900	923	977
LK-7124095	Maradankadawala	gnd	1900	923	977
LK-1115025	Eswatta North	gnd	1899	925	974
LK-3242035	Kekanadura Central	gnd	1899	875	1024
LK-5224140	Kalmunai 03	gnd	1899	874	1025
LK-9206235	Rukulagama	gnd	1899	915	984
LK-1215205	Dewalapola	gnd	1897	858	1039
LK-1233190	Naranwala South	gnd	1897	934	963
LK-5245020	Thambiluvil 1 East	gnd	1897	887	1010
LK-9233105	Udapola	gnd	1897	933	964
LK-1227335	Kalagedihena	gnd	1896	902	994
LK-1306035	Walgama North	gnd	1896	932	964
LK-1321135	Kuda Waskaduwa East	gnd	1896	918	978
LK-6227030	Kammanadaluwa	gnd	1896	892	1004
LK-7203090	Samagipura	gnd	1896	933	963
LK-1315040	Walpita	gnd	1895	952	943
LK-5233045	Oluvil 07	gnd	1895	901	994
LK-6130370	Nembilikumbura	gnd	1895	921	974
LK-6178205	Mahingamuwa	gnd	1895	907	988
LK-2127365	Balagolla West	gnd	1894	850	1044
LK-6172080	Ihala Weerambuwa	gnd	1894	887	1007
LK-7145025	Maha Bellankadawala	gnd	1894	958	936
LK-9212210	Malavita	gnd	1893	906	987
LK-1309095	Pannila	gnd	1892	884	1008
LK-3324065	Middeniya East	gnd	1892	915	977
LK-1224230	Horagolla South	gnd	1891	910	981
LK-1310015	Kandanapitiya	gnd	1891	931	960
LK-1321145	Usgodella	gnd	1891	905	986
LK-5112155	Pankudahvely	gnd	1891	909	982
LK-5324100	Poovarasanthivu	gnd	1891	978	913
LK-9115185	Aluthnuwara	gnd	1891	908	983
LK-1321245	Deshasthra Kalutara	gnd	1890	881	1009
LK-3318200	Helekada	gnd	1890	921	969
LK-4118145	Achchuveli North	gnd	1890	866	1024
LK-8106065	Keselpotha South	gnd	1890	961	929
LK-8118155	Meeriyabedda	gnd	1890	923	967
LK-1233045	Warapalana	gnd	1889	896	993
LK-3239080	Kotavila North	gnd	1889	844	1045
LK-9206075	Habbunkaduwa	gnd	1889	892	997
LK-1233135	Vilimbula North	gnd	1887	894	993
LK-6133060	Thambagalla	gnd	1887	913	974
LK-9151145	Kempane	gnd	1887	940	947
LK-3221025	Poramba Kananke South	gnd	1886	907	979
LK-7115135	Pethispura	gnd	1886	926	960
LK-1209370	Hunumulla	gnd	1885	910	975
LK-3248170	Wattegama South	gnd	1885	908	977
LK-4127090	Alvai North	gnd	1885	909	976
LK-9142160	Rakwana Town	gnd	1885	880	1005
LK-3245150	Gandara West	gnd	1883	895	988
LK-5233145	Addalachchenai 16	gnd	1883	884	999
LK-9215120	Dematanpitiya	gnd	1883	922	961
LK-1206070	Pahala Kandawala	gnd	1882	880	1002
LK-1318070	Dikhena	gnd	1881	931	950
LK-2112250	Galewatta	gnd	1880	845	1035
LK-3142040	Magadeniya	gnd	1880	919	961
LK-5230020	Ninthavur 01	gnd	1880	835	1045
LK-7148025	Nawa Hanguranketha	gnd	1880	933	947
LK-8212210	Thissapura	gnd	1880	945	935
LK-5136080	Kaluwanchikudy North 1	gnd	1879	858	1021
LK-5239080	Navatkadu	gnd	1879	887	992
LK-3127220	Pituwalgoda	gnd	1878	930	948
LK-3315020	Liyangasthota	gnd	1878	961	917
LK-7139180	Ottappuwa	gnd	1877	925	952
LK-8218080	Badalkumbura	gnd	1877	950	927
LK-9230130	Maniyangama	gnd	1877	907	970
LK-9227140	Theligama	gnd	1876	934	942
LK-1215540	Nedagamuwa North	gnd	1875	874	1001
LK-3142070	Wakwella	gnd	1875	891	984
LK-6172140	Henegedara	gnd	1875	890	985
LK-9151060	Ittakanda	gnd	1875	975	900
LK-1203135	Muttakkarai East	gnd	1874	851	1023
LK-1233090	Uruwala East	gnd	1874	916	958
LK-1309305	Horana East	gnd	1874	688	1186
LK-1312090	Govinna South	gnd	1874	909	965
LK-1321390	Kalamulla North	gnd	1874	894	980
LK-6230160	Mukkandaluwa	gnd	1874	896	978
LK-9109025	Mudunkotuwa	gnd	1874	934	940
LK-9118110	Bowatta	gnd	1874	936	938
LK-1209130	Kaluwarippuwa East - Uthura	gnd	1873	906	967
LK-1306055	Veedagama East	gnd	1873	941	932
LK-9212110	Paragammana	gnd	1873	889	984
LK-5248030	Victor Estate 1	gnd	1872	896	976
LK-8103175	Medayaya	gnd	1872	939	933
LK-9233025	Basnagala	gnd	1872	893	979
LK-1330170	Horawala West	gnd	1871	874	997
LK-8127210	Unapana	gnd	1871	899	972
LK-8130035	Palugama Town	gnd	1871	894	977
LK-9103110	Moragala	gnd	1871	935	936
LK-1221115	Weligampitiya North	gnd	1870	906	964
LK-3206035	Ihalagama	gnd	1870	889	981
LK-3325255	Walasmulla West	gnd	1870	896	974
LK-4121055	Imayanan	gnd	1870	888	982
LK-5216050	Chalambaikerny 01	gnd	1870	859	1011
LK-1212115	Mugurugampala	gnd	1869	893	976
LK-2148025	Galaha	gnd	1869	841	1028
LK-2218195	Oya Pahala	gnd	1869	860	1009
LK-4509200	Vaddakachchi	gnd	1868	912	956
LK-5303050	Jayanthiwewa	gnd	1868	925	943
LK-8118180	Kanawerella East	gnd	1868	891	977
LK-8221005	Kurugama	gnd	1868	909	959
LK-2130115	Ihala Katukele	gnd	1867	862	1005
LK-3312140	Pallemalala	gnd	1867	900	967
LK-6121105	Budumuttawa	gnd	1867	890	977
LK-1209355	Doonagaha South	gnd	1866	879	987
LK-2151140	Amunupuraya	gnd	1866	865	1001
LK-2206070	Mailattawa	gnd	1866	926	940
LK-5315190	Arasadi	gnd	1866	866	1000
LK-6142010	Getulawa	gnd	1866	897	969
LK-2109145	Dunuvila North	gnd	1865	889	976
LK-5109015	Puthukudiyiruppu	gnd	1865	863	1002
LK-9106100	Miyanadeniya	gnd	1865	922	943
LK-9124055	Lellopitiya	gnd	1865	910	955
LK-1303090	Gorakapola	gnd	1864	854	1010
LK-5218135	Block 'J' East 01	gnd	1864	873	991
LK-7209110	Bauddhartha Gama	gnd	1864	907	957
LK-1118165	Dampe	gnd	1863	934	929
LK-1303155	Punchideniya	gnd	1863	880	983
LK-3315030	Murawesihena	gnd	1863	934	929
LK-3333215	Polommaruwa North	gnd	1863	908	955
LK-6160130	Ilukewela North	gnd	1863	834	1029
LK-9227060	Dombepola	gnd	1863	924	939
LK-4415180	Mulliyawalai West	gnd	1862	889	973
LK-2133270	Senarathgama South	gnd	1861	858	1003
LK-2142130	Masgolla	gnd	1861	912	949
LK-3154135	Katukurunda	gnd	1861	892	969
LK-3239115	Galbokka East	gnd	1861	905	956
LK-3242155	Parawahera South	gnd	1861	874	987
LK-7115200	Ulukkulama	gnd	1861	940	921
LK-8127330	Kotawera Udagama	gnd	1861	911	950
LK-9233035	Udabage	gnd	1861	909	952
LK-6151125	Kalahogedara	gnd	1860	871	989
LK-4130205	Kodikamam South	gnd	1859	888	971
LK-6149160	Demataluwa	gnd	1858	893	965
LK-6154110	Gangoda	gnd	1858	873	985
LK-1215405	Pahala Udugampola North	gnd	1857	876	981
LK-1303110	Galthude	gnd	1857	888	969
LK-2136410	Kendakaduwa	gnd	1857	876	981
LK-3112190	Kudagala Kadirandola	gnd	1857	904	953
LK-1309130	Kuda Uduwa	gnd	1856	893	963
LK-6142155	Wellarawa	gnd	1856	884	972
LK-7203110	R.B. 01	gnd	1856	896	960
LK-8109070	Akurukaduwa	gnd	1856	958	898
LK-8212225	Vilaoya	gnd	1856	893	963
LK-9209145	Nikapitiya	gnd	1856	885	971
LK-6178325	Panwalakumbura	gnd	1855	851	1004
LK-7109005	Prabodhagama	gnd	1855	856	999
LK-8136035	Beddewela	gnd	1855	917	938
LK-9103155	Kendangamuwa Pahalagama	gnd	1855	908	947
LK-1112065	Panagoda Town	gnd	1854	895	959
LK-1224290	Yakkala West	gnd	1854	840	1014
LK-6103080	Solewewa	gnd	1854	899	955
LK-7206170	Divulankadawala	gnd	1854	897	957
LK-9103190	Nedurana	gnd	1854	950	904
LK-9112075	Pagoda	gnd	1854	927	927
LK-1233220	Webada North	gnd	1853	900	953
LK-2157015	Weligodawatta	gnd	1853	834	1019
LK-7212115	Aralaganwila East	gnd	1853	880	973
LK-8133150	Creig Watta	gnd	1853	906	947
LK-8139015	Erenawela	gnd	1853	843	1010
LK-4106040	Arali North	gnd	1852	907	945
LK-9215095	Kobbewala	gnd	1852	860	992
LK-1112235	Mattegoda Central 'A'	gnd	1851	863	988
LK-1233095	Uruwala West	gnd	1851	895	956
LK-3309110	Senapura	gnd	1851	879	972
LK-5212065	Bandaradoowa	gnd	1851	907	944
LK-1206375	Kasagahawatta	gnd	1850	860	990
LK-2136260	Gannoruwa Central	gnd	1850	879	971
LK-3137010	Mawadavila	gnd	1849	889	960
LK-4115010	Uduvil South East	gnd	1849	818	1031
LK-7148020	Kumbukgahawewa	gnd	1849	868	981
LK-9215100	Galigamuwa	gnd	1849	862	987
LK-3242215	Mathotagama	gnd	1848	937	911
LK-9112240	Ethoya	gnd	1848	919	929
LK-1215450	Uggalboda West	gnd	1846	912	934
LK-1215500	Asgiriya North	gnd	1846	845	1001
LK-2315015	Bulathgama	gnd	1845	888	957
LK-3333050	Ranna West	gnd	1845	878	967
LK-3333150	Nidahasgama East	gnd	1845	923	922
LK-7109030	Ethakada	gnd	1845	912	933
LK-7160030	Sangattewa	gnd	1845	900	945
LK-7166100	Anakatawewa	gnd	1845	928	917
LK-1212585	Wandurawa	gnd	1844	868	976
LK-4112165	Vasavilan East	gnd	1844	899	945
LK-6130025	Polkatuwa	gnd	1844	902	942
LK-1112385	Wethara	gnd	1843	880	963
LK-1327120	Bombuwala South - East	gnd	1843	898	945
LK-3239030	Walana	gnd	1843	864	979
LK-1115050	Avissawella	gnd	1842	900	942
LK-1215025	Arangawa	gnd	1842	898	944
LK-3209060	Kirilipana	gnd	1841	947	894
LK-4133045	Iyanar Kovilady	gnd	1841	865	976
LK-6151080	Maspotha	gnd	1841	860	981
LK-7160150	Kusalanagama	gnd	1841	815	1026
LK-1233075	Amunukumbura	gnd	1840	877	963
LK-2112145	Molagodayawatta	gnd	1840	890	950
LK-3239200	Kapparathota North	gnd	1840	901	939
LK-7145095	Thambuttegama	gnd	1840	892	948
LK-1310155	Urugala West	gnd	1839	887	952
LK-6130330	Pannala	gnd	1839	869	970
LK-1309200	Meewanapalana West	gnd	1838	889	949
LK-3133075	Godahena	gnd	1838	866	972
LK-7148090	Eliyadivulwewa	gnd	1838	883	955
LK-7206065	Abhayapuragama	gnd	1838	909	929
LK-8224070	Buruthagolla	gnd	1838	915	923
LK-5121020	Vilavedduwan	gnd	1837	911	926
LK-6169155	Kosgolla	gnd	1837	861	976
LK-8103060	Viranegama	gnd	1837	860	977
LK-9203275	Koorempola	gnd	1837	865	972
LK-2127225	Dodamgolla	gnd	1836	865	971
LK-2136445	Embilmeegama South	gnd	1836	883	953
LK-3227055	Sapugoda	gnd	1836	874	962
LK-3248105	Walasgala East	gnd	1836	860	976
LK-3303095	Bediganthota	gnd	1836	913	923
LK-7215240	Nishshankamalla Pedesa	gnd	1836	857	979
LK-8136110	Dowa	gnd	1836	890	946
LK-9106140	Ekneligoda	gnd	1836	906	930
LK-1206010	Manaveriya	gnd	1835	845	990
LK-2106085	Palliya Kotuwa	gnd	1835	915	920
LK-3312005	Elalla	gnd	1835	914	921
LK-4112040	Alaveddy South	gnd	1835	918	917
LK-5306010	Pulmoddai Division No. 3	gnd	1835	947	888
LK-7121125	Maha Messalewa	gnd	1835	843	992
LK-8130080	Landegama	gnd	1835	875	960
LK-1209515	Aluthepola West	gnd	1834	887	947
LK-5110055	Kiran West	gnd	1834	883	951
LK-8109040	Roberiya	gnd	1834	866	968
LK-8215030	Rattanapitiya	gnd	1834	910	924
LK-2139415	Nawa Peradeniya	gnd	1833	859	974
LK-4512095	Ponnaveli	gnd	1833	932	901
LK-8119110	Mahadowa	gnd	1833	860	973
LK-3128105	Ihala Keembiya South	gnd	1832	887	945
LK-9203295	Marukwathura	gnd	1832	869	963
LK-9221070	Nivunhella	gnd	1832	836	996
LK-1309270	Dikhenagama	gnd	1831	856	975
LK-2314200	Panmur	gnd	1831	903	928
LK-6142145	Aluthgama	gnd	1831	895	936
LK-9151080	Nandanagama	gnd	1831	939	892
LK-1230605	Malwana	gnd	1830	868	962
LK-2127235	Hurikaduwa East	gnd	1830	910	920
LK-9103215	Karandana South	gnd	1830	915	915
LK-7163040	Bulnewa	gnd	1829	884	945
LK-4512040	Kiranchi	gnd	1828	909	919
LK-9121020	Meegahawela	gnd	1828	867	961
LK-5224100	Natpiddimunai Td 01	gnd	1827	882	945
LK-6181230	Athuruwala	gnd	1827	870	957
LK-8203145	Bibila	gnd	1827	897	930
LK-1209140	Kongodamulla West	gnd	1826	923	903
LK-3206065	Kolawenigama	gnd	1826	878	948
LK-6151130	Maveedalupotha	gnd	1826	856	970
LK-6163070	Balawattala	gnd	1826	909	917
LK-1212735	Meevitiya	gnd	1825	855	970
LK-1215480	Dombawala	gnd	1825	884	941
LK-4109040	Navali South	gnd	1825	886	939
LK-1209150	Kongodamulla East	gnd	1824	874	950
LK-1215465	Kehelbaddara East	gnd	1824	859	965
LK-1230320	Meniklanda	gnd	1824	911	913
LK-1330020	Panthiya	gnd	1824	898	926
LK-3109115	Thalgahawatta	gnd	1824	904	920
LK-3154100	Meepe	gnd	1824	890	934
LK-5321045	Rajaela Unit 04	gnd	1824	901	923
LK-6130345	Henegedara	gnd	1824	885	939
LK-6215065	Puttalam North	gnd	1824	888	936
LK-7127095	Getalawa	gnd	1824	877	947
LK-1115175	Kadugoda North	gnd	1823	863	960
LK-3242055	Navimana South	gnd	1823	864	959
LK-4133015	Ariyalai North West	gnd	1823	877	946
LK-8119105	Kottalbedda	gnd	1823	814	1009
LK-8127100	Alagolla	gnd	1823	858	965
LK-9233050	Lassegama	gnd	1823	886	937
LK-2139515	Watadeniya	gnd	1822	881	941
LK-3109090	Angulugalla	gnd	1822	867	955
LK-7206085	Bisobandaragama	gnd	1822	894	928
LK-7218010	Katukeliyawa	gnd	1822	894	928
LK-9215005	Helamada	gnd	1822	870	952
LK-1115005	Bollathawa	gnd	1821	865	956
LK-1115065	Eswatta South	gnd	1821	880	941
LK-1212310	Elhena	gnd	1821	863	958
LK-1224320	Moragoda 2	gnd	1821	860	961
LK-2157005	Pallegama	gnd	1821	873	948
LK-3145005	Thalgasyaya	gnd	1821	853	968
LK-7133005	Nuwara Wewa	gnd	1821	907	914
LK-9139100	Kiranodagama	gnd	1821	868	953
LK-9224040	Haloluwa	gnd	1821	892	929
LK-4127095	Point Pedro	gnd	1820	861	959
LK-1321125	Kuda Waskaduwa West	gnd	1819	867	952
LK-1324165	Akkara Asoowa	gnd	1819	897	922
LK-1318065	Paragasthota	gnd	1818	909	909
LK-7145010	Kelegama	gnd	1818	891	927
LK-2230090	Lonvil	gnd	1817	840	977
LK-4130160	Meesalai West	gnd	1817	861	956
LK-4133135	Kondavil North West	gnd	1817	877	940
LK-4133160	Kondavil South East	gnd	1817	853	964
LK-6136225	Ginipendegama	gnd	1817	903	914
LK-6154090	Alakoladeniya	gnd	1817	870	947
LK-8109080	Thaldena	gnd	1817	870	947
LK-9215015	Batuwatta	gnd	1817	851	966
LK-7130045	Nuwarawewa	gnd	1816	886	930
LK-4130155	Meesalai East	gnd	1815	858	957
LK-6130340	Kirindigalla	gnd	1815	881	934
LK-1209320	Miriswatta	gnd	1814	882	932
LK-1227180	Pinnagolla	gnd	1814	863	951
LK-6157015	Pillawa	gnd	1814	881	933
LK-9230105	Algoda	gnd	1814	917	897
LK-1206015	Udangawa	gnd	1813	855	958
LK-1230135	Udagama	gnd	1813	886	927
LK-3112030	Indipalegoda	gnd	1813	910	903
LK-9215240	Ampe	gnd	1813	877	936
LK-1209205	Waradala	gnd	1812	846	966
LK-1224445	Katuwalamulla South	gnd	1812	876	936
LK-2130140	Malwatta	gnd	1812	849	963
LK-3218150	Iluppella	gnd	1812	872	940
LK-6127145	Polpithigama	gnd	1812	876	936
LK-7142040	Gemunupura	gnd	1812	876	936
LK-6230100	Bandarahena	gnd	1811	882	929
LK-8106185	Kuruvithenna	gnd	1811	902	909
LK-8136105	Udukumbalwela	gnd	1811	885	926
LK-3142130	Godakanda	gnd	1810	838	972
LK-3209020	Kekundeniya	gnd	1810	871	939
LK-9106130	Wathuyaya	gnd	1810	885	925
LK-1324060	Katukurundugahalanda East	gnd	1809	913	896
LK-1324105	Halkandavila	gnd	1809	907	902
LK-4130200	Kodikamam Centre	gnd	1809	854	955
LK-8115120	Kirioruwa	gnd	1809	823	986
LK-5239095	Panankadu	gnd	1808	843	965
LK-3135165	Malawenna	gnd	1807	873	934
LK-4127075	Alvai North West	gnd	1807	826	981
LK-5136075	Kaluthawalai 4 Santhipuram	gnd	1807	836	971
LK-6169065	Dehigama	gnd	1807	912	895
LK-1209565	Divulapitiya	gnd	1806	857	949
LK-3154050	Wellethota	gnd	1806	887	919
LK-5218185	Block 'J' East 03	gnd	1806	785	1021
LK-6178315	Wetakeyawa	gnd	1806	877	929
LK-9124030	Ganegama	gnd	1806	888	918
LK-9212095	Karandupotha	gnd	1806	851	955
LK-1224155	Oruthota South	gnd	1805	838	967
LK-1336155	Hedigalla	gnd	1805	885	920
LK-3239180	Mirissa Udupila	gnd	1805	916	889
LK-4403020	Aninchiyankulam	gnd	1805	875	930
LK-7103060	Kumbukwewa	gnd	1805	889	916
LK-2121015	Thotillagas Ella	gnd	1804	832	972
LK-2151130	Godagama	gnd	1804	852	952
LK-3145190	Melegoda	gnd	1804	868	936
LK-5121010	Mahilavedduvaan	gnd	1804	853	951
LK-5218140	Block 'J' West 02	gnd	1804	845	959
LK-9206050	Uthuwankanda	gnd	1804	825	979
LK-1327090	Gamagoda West	gnd	1803	883	920
LK-2127100	Heepitiya	gnd	1803	835	968
LK-6163150	Rambukandana	gnd	1803	847	956
LK-1233455	Nathuduwa West	gnd	1802	880	922
LK-3106025	Boraluketiya	gnd	1802	901	901
LK-3112140	Nawadagala	gnd	1802	848	954
LK-3215050	Thalahagama East	gnd	1802	875	927
LK-5112130	Thannamunai	gnd	1802	847	955
LK-5233135	Addalachchenai 04	gnd	1802	815	987
LK-6160070	Madawa	gnd	1802	872	930
LK-9118190	Pallekanda	gnd	1802	898	904
LK-3103195	Mahagoda	gnd	1801	877	924
LK-5112100	Chenkalady-2	gnd	1801	853	948
LK-6106070	Padavigama	gnd	1801	871	930
LK-6184175	Koholana	gnd	1801	875	926
LK-1209120	Pahala Madampella	gnd	1800	859	941
LK-1212320	Hiriwala	gnd	1800	823	977
LK-1227535	Udugoda West	gnd	1800	839	961
LK-3330250	Kudaheella North	gnd	1800	843	957
LK-7210080	Sandunpitiya	gnd	1800	874	926
LK-9221190	Medagoda	gnd	1800	888	912
LK-1203190	Settappaduwa	gnd	1799	852	947
LK-1327160	Dodangoda East - North	gnd	1799	868	931
LK-2139145	Meewathura	gnd	1799	815	984
LK-8124270	Mahathenna	gnd	1799	853	946
LK-8215005	Tenwatta	gnd	1799	891	908
LK-2130085	Asgiriya	gnd	1798	901	897
LK-2139445	Eladetta East	gnd	1798	873	925
LK-5321055	Vendrasanpura Unit 15	gnd	1798	879	919
LK-5333040	Anaithivu	gnd	1798	891	907
LK-7206180	Thissa Amuna	gnd	1798	861	937
LK-9145130	Bambaragala	gnd	1798	928	870
LK-9206345	Palliporuwa	gnd	1798	841	957
LK-3145080	Ihalagoda South	gnd	1797	868	929
LK-3239215	Thal Aramba North	gnd	1797	851	946
LK-3321170	Medamulana	gnd	1797	872	925
LK-7203085	Bathgampattuwa	gnd	1797	867	930
LK-9218310	Algama	gnd	1797	846	951
LK-2130175	Aniwatta West	gnd	1796	810	986
LK-3112225	Eramulla	gnd	1796	866	930
LK-8106025	Ikiriyagoda	gnd	1796	897	899
LK-8133060	Gediyaroda	gnd	1796	847	949
LK-9103085	Vilegoda	gnd	1796	879	917
LK-9133070	Kalawana East	gnd	1796	882	914
LK-3115085	Amaragama	gnd	1795	876	919
LK-3148160	Kottawa West	gnd	1795	885	910
LK-5136050	Kaluthawalai 1	gnd	1795	902	893
LK-8106115	Pethiyagoda	gnd	1795	914	881
LK-8224010	Horabokka	gnd	1795	883	912
LK-9221020	Kadigamuwa	gnd	1795	872	923
LK-9230060	Atulugama	gnd	1795	846	949
LK-3245105	Kapugama North	gnd	1794	854	940
LK-4121030	Uduppiddy North	gnd	1793	829	964
LK-6166070	Piduruwella	gnd	1793	834	959
LK-8203085	Wegama South	gnd	1793	854	939
LK-9133040	Koswatta	gnd	1793	856	937
LK-9221055	Daluwalana	gnd	1793	871	922
LK-1318130	Imbulahena	gnd	1792	876	916
LK-2233140	Elwala	gnd	1792	846	946
LK-3309005	Kawanthissapura	gnd	1792	879	913
LK-5224120	Kalmunai 01E	gnd	1792	831	961
LK-9139075	Gabbela	gnd	1792	870	922
LK-1330035	Yattovita	gnd	1791	832	959
LK-1118195	Malagala	gnd	1790	828	962
LK-4112090	Thurkkapuram	gnd	1790	815	975
LK-9221065	Dannoruwa	gnd	1790	880	910
LK-4109135	Illavalai	gnd	1789	861	928
LK-6172100	Kuliyapitiya Town	gnd	1789	928	861
LK-7148060	Meegassegama	gnd	1789	883	906
LK-9212045	Olagankanda	gnd	1789	865	924
LK-1206060	Welihena North	gnd	1788	861	927
LK-1327200	Puhambugoda East	gnd	1788	866	922
LK-8133080	Udaperuwa	gnd	1788	875	913
LK-1306115	Pinwala West	gnd	1787	874	913
LK-1339040	Meegahathenna	gnd	1787	841	946
LK-7206120	Thalakolawewa	gnd	1787	889	898
LK-1224190	Kudabollatha	gnd	1786	854	932
LK-2218185	Vihara Road	gnd	1786	811	975
LK-5315155	Kappalthurai	gnd	1786	883	903
LK-6169125	Barigoda	gnd	1786	835	951
LK-6233120	Kokkavila	gnd	1786	798	988
LK-8212115	Sri Wijithapura	gnd	1786	877	909
LK-9221185	Palle Kanugala	gnd	1786	879	907
LK-1215115	Wegowwa South	gnd	1784	870	914
LK-1303150	Udahamulla	gnd	1784	807	977
LK-1306060	Walgama South	gnd	1784	900	884
LK-1324390	Kaluwamodara West	gnd	1784	845	939
LK-3315240	Ekkassa	gnd	1784	847	937
LK-4409080	Vallipunam	gnd	1784	856	928
LK-6136165	Mamunuwa	gnd	1784	832	952
LK-6169150	Molligoda	gnd	1784	848	936
LK-2218260	Kotuwegedara South	gnd	1783	878	905
LK-4203125	Thoddaveli	gnd	1783	876	907
LK-8124150	Medagama	gnd	1783	866	917
LK-2227155	Bathgampala	gnd	1782	886	896
LK-3151200	Panugalgoda	gnd	1782	861	921
LK-7215160	Kaduruwela East	gnd	1782	892	890
LK-8121040	Hinnarangolla	gnd	1782	852	930
LK-2127260	Gonawala South	gnd	1781	850	931
LK-3321250	Weeraketiya East	gnd	1781	904	877
LK-4106070	Ponnalai	gnd	1781	867	914
LK-5248095	Jalaldeen Square	gnd	1781	887	894
LK-7103010	Elikimbulagala	gnd	1781	874	907
LK-8133100	Makulella	gnd	1781	870	911
LK-3133030	Keraminiya	gnd	1780	833	947
LK-6133135	Thittawelgala	gnd	1779	858	921
LK-7103015	Abhayapura	gnd	1779	851	928
LK-3139135	Dadalla West	gnd	1778	871	907
LK-5230100	Ninthavur 08	gnd	1778	807	971
LK-2209175	Arangala	gnd	1777	865	912
LK-8218205	Katugahagalge	gnd	1777	865	912
LK-3242295	Meddawatta	gnd	1776	766	1010
LK-6187400	Polgahawela South	gnd	1776	845	931
LK-4109085	Vadaliyadaippu	gnd	1775	847	928
LK-9124120	Pahala Bopitiya	gnd	1775	884	891
LG-51018	Eravur Pattu PS	lg	1774	859	915
LK-1203195	Kepungoda	gnd	1774	840	934
LK-3128110	Ihala Keembiya	gnd	1774	869	905
LK-5112195	Gemunupura	gnd	1774	859	915
LK-6130130	Ragedara	gnd	1774	848	926
LK-6160025	Galapitamulla	gnd	1774	863	911
LK-8136135	Karandagolla	gnd	1774	894	880
LK-4109125	Periyavillan	gnd	1773	841	932
LK-6239020	Meda Thoduwawa	gnd	1773	808	965
LK-3139235	Magalla	gnd	1772	825	947
LK-3312070	Udaberagama	gnd	1772	894	878
LK-3312090	Walawa	gnd	1772	876	896
LK-3315015	Thaligala	gnd	1772	857	915
LK-8136025	Navulla	gnd	1772	905	867
LK-9212020	Kolongalla	gnd	1772	832	940
LK-3151070	Hawpe	gnd	1771	845	926
LK-4106115	Chankanai West	gnd	1771	827	944
LK-7130080	Pothana	gnd	1771	861	910
LK-8124280	Kurukude	gnd	1771	868	903
LK-8224090	Pettagamwela	gnd	1771	885	886
LK-9206030	Dunugama Maliyadda	gnd	1771	858	913
LK-2206215	Kalogaha Ela	gnd	1770	893	877
LK-2312160	Windicorner	gnd	1770	840	930
LK-7115060	Poowarsankulama	gnd	1770	868	902
LK-5212185	Velikahagolla	gnd	1769	869	900
LK-2130285	Gurudeniya Dambawela	gnd	1768	860	908
LK-2206180	Haluapullana Wewa	gnd	1768	873	895
LK-7145090	Musalpitiya	gnd	1768	870	898
LK-8118095	Gonagala East	gnd	1768	848	920
LK-1230285	Pepiliyawala	gnd	1767	836	931
LK-4115065	Thavady North	gnd	1767	874	893
LK-5118190	Thiruperunthurai	gnd	1767	869	898
LK-7136020	Shrawasthiwatta	gnd	1767	862	905
LK-1309120	Dambara	gnd	1766	860	906
LK-6154190	Veherabenda	gnd	1766	833	933
LK-1112215	Kithulhena	gnd	1765	853	912
LK-1136060	Werahera North	gnd	1765	822	943
LK-1230390	Meegahawatta	gnd	1765	863	902
LK-2121200	Handaganawa	gnd	1765	838	927
LK-4136130	Moor Street South	gnd	1765	904	861
LK-3136125	Modara Patuwatha	gnd	1764	831	933
LK-8127260	Perawella	gnd	1764	862	902
LK-1118215	Ihala Bope	gnd	1763	876	887
LK-1221020	Kudahakapola North	gnd	1763	821	942
LK-3248195	Bambarenda South	gnd	1763	876	887
LK-5233080	Addalachchenai 09	gnd	1763	796	967
LK-6142020	Ihala Konkandawala	gnd	1763	846	917
LK-8224140	Gonagan Ara	gnd	1763	884	879
LK-1209055	Pethigoda	gnd	1762	842	920
LK-1215585	Maduruvita	gnd	1762	850	912
LK-2302015	Pahala Gorakaoya	gnd	1762	767	995
LK-4133035	Ariyalai Centre	gnd	1762	805	957
LK-6203125	Narakkalliya	gnd	1762	859	903
LK-7163015	Otunupelandigama	gnd	1762	865	897
LK-7212025	Medagama	gnd	1762	875	887
LK-9224055	Bulathkohupitiya	gnd	1762	816	946
LK-1209110	Akaragama West	gnd	1761	848	913
LK-5127005	Kirankulam North	gnd	1761	818	943
LK-5209055	Kelavinna	gnd	1761	897	864
LK-5315185	Thillainagar	gnd	1761	851	910
LK-9112055	Balakotunna	gnd	1761	868	893
LK-1230450	Kumarimulla	gnd	1760	876	884
LK-2136435	Edanduwawa West	gnd	1760	876	884
LK-2312215	Seethaeliya	gnd	1760	820	940
LK-6130050	Nabeta	gnd	1760	851	909
LK-6149100	Walaliya	gnd	1760	860	900
LK-7203245	Wijayarajawewa	gnd	1760	866	894
LK-2136400	Kiribathkumbura East	gnd	1759	850	909
LK-6106195	Mahagalgamuwa	gnd	1759	839	920
LK-7154055	Ganewalpola	gnd	1759	829	930
LK-8103025	Hebarawa	gnd	1759	877	882
LK-5127035	Puthukudiyiruppu North	gnd	1758	758	1000
LK-6242195	Nebadagahayaya	gnd	1758	814	944
LK-9136030	Wanniyawatta	gnd	1758	829	929
LK-1206045	Maha Ethgala	gnd	1757	875	882
LK-3224080	Akurugoda East	gnd	1757	845	912
LK-3330220	Sitinamaluwa East	gnd	1757	829	928
LK-5315175	Chinabay	gnd	1757	867	890
LK-7139145	Navakkulama	gnd	1757	867	890
LK-9127035	Kehelovitigama	gnd	1757	875	882
LK-1227010	Eluwapitiya	gnd	1756	845	911
LK-8212135	Kivulayaya	gnd	1756	880	876
LK-9218295	Palamure	gnd	1756	823	933
LK-3327015	Kanumuldeniya West	gnd	1754	837	917
LK-4133010	Ariyalai East	gnd	1754	843	911
LK-6242055	Ihala Nattandiya	gnd	1754	838	916
LK-8130290	Rahangala	gnd	1754	842	912
LK-1136090	Katuwawala South	gnd	1753	857	896
LK-1215420	Welhena	gnd	1753	852	901
LK-1227630	Kahatovita	gnd	1752	843	909
LK-3135175	Udumulla	gnd	1752	817	935
LK-3137050	Ranapanadeniya	gnd	1752	833	919
LK-3142195	Hirimburagama	gnd	1752	841	911
LK-3242320	Meddawatta South	gnd	1752	431	1321
LK-5115025	Eravur 02	gnd	1752	818	934
LK-6130230	Siyambalawehera	gnd	1752	828	924
LK-8133050	Bindunuwewa	gnd	1752	868	884
LK-1112010	Henpita	gnd	1751	894	857
LK-2130250	Meddegama	gnd	1751	844	907
LK-3315155	Bolana South	gnd	1751	857	894
LK-4127055	Polikandy West	gnd	1751	826	925
LK-4127080	Alvai North Centre	gnd	1751	852	899
LK-5225065	Sainthamaruthu 12	gnd	1751	851	900
LK-5248065	Pasarichchenai	gnd	1751	862	889
LK-5333035	Verugal	gnd	1751	842	909
LK-7148150	Adhiranigama	gnd	1751	882	869
LK-7154125	Kuda Kekirawa	gnd	1751	848	903
LK-8119045	Udapanguwa	gnd	1751	837	914
LK-1136080	Vishwakalawa	gnd	1750	832	918
LK-2206280	Etha Bendiwewa	gnd	1750	864	886
LK-4115145	Kuppilan South	gnd	1750	826	924
LK-4133125	Thirunelvely North East	gnd	1750	784	966
LK-5115045	Eravur 01B	gnd	1750	792	958
LK-6142115	Bowatta	gnd	1750	840	910
LK-6242035	Ihala Thabbowa	gnd	1750	802	948
LK-7127135	Kumbukwewa	gnd	1750	882	868
LK-1215410	Pahala Udugampola West	gnd	1749	817	932
LK-1227200	Nambadaluwa East	gnd	1749	824	925
LK-1309085	Olaboduwa East	gnd	1749	833	916
LK-2133285	Yatiwawala	gnd	1749	834	915
LK-3134090	Dodamkahavila	gnd	1749	818	931
LK-6178180	Werahera	gnd	1749	895	854
LK-6184215	Humbuluwa West	gnd	1749	811	938
LK-7127080	Karuwalagaswewa	gnd	1749	873	876
LK-7218020	Konduruwawa	gnd	1749	946	803
LK-9136040	Thuttiripitiya	gnd	1749	892	857
LK-2206100	Welihena	gnd	1748	854	894
LK-6136115	Werella	gnd	1748	833	915
LK-6181225	Riligala	gnd	1748	854	894
LK-1218010	Maha Pamunugama	gnd	1747	837	910
LK-1309215	Munagama East	gnd	1747	844	903
LK-5227005	Mavadipalli West	gnd	1747	821	926
LK-9112125	Galabada	gnd	1747	855	892
LK-1215275	Hendimahara	gnd	1746	809	937
LK-2151145	Wattehena	gnd	1746	874	872
LK-7115020	Aluthgama	gnd	1746	859	887
LK-7133145	Sucharithagama	gnd	1746	847	899
LK-3242075	Sudarshi Place	gnd	1745	813	932
LK-3306020	Ranawarnawa	gnd	1745	899	846
LK-4203145	Southbar	gnd	1745	905	840
LK-7145080	Thelhiriyawa	gnd	1745	869	876
LK-9151050	Wijeriya	gnd	1745	850	895
LK-9233075	Maliboda	gnd	1745	814	931
LK-2130255	Ampitiya Udagama South	gnd	1744	843	901
LK-2203225	Divulgaskotuwa	gnd	1744	829	915
LK-3109030	Uragasmanhandiya South	gnd	1744	815	929
LK-3318075	Pahalagama	gnd	1744	868	876
LK-5127075	Kankeyanodai South	gnd	1744	812	932
LK-6118080	Rasnayakapura	gnd	1744	851	893
LK-6151100	Siyambalangamuwa	gnd	1744	821	923
LK-6163450	Mahawela	gnd	1744	855	889
LK-7212015	Dalukana	gnd	1744	862	882
LK-8218105	Therappahuwa	gnd	1744	853	891
LK-1115265	Diddeniya North	gnd	1743	836	907
LK-1215150	Unnaruwa	gnd	1743	855	888
LK-1310145	Dombagaskanda	gnd	1743	862	881
LK-2151110	Angammana West	gnd	1743	801	942
LK-5227015	Maligaikadu West	gnd	1743	831	912
LK-7215185	Nelumvila	gnd	1743	855	888
LK-9209155	Dippitiya	gnd	1743	811	932
LK-1321320	Akkaragoda	gnd	1742	845	897
LK-4133175	Kokuvil South East	gnd	1742	786	956
LK-7124030	Anaolondewa	gnd	1742	822	920
LK-9130055	Pitakanda	gnd	1742	854	888
LK-9151110	Habbeliara	gnd	1742	854	888
LK-1321250	Deshasthra Kalutara West	gnd	1741	840	901
LK-2130075	Poorna Watta East	gnd	1741	856	885
LK-5216090	Annamalai 02	gnd	1741	777	964
LK-9103100	Asgangula North	gnd	1741	861	880
LK-9106080	Ekneligoda North	gnd	1741	890	851
LK-1327100	Bombuwala North - Central	gnd	1740	830	910
LK-2121175	Bulathwelkandura	gnd	1740	854	886
LK-9130020	Madabaddara	gnd	1740	855	885
LK-4115140	Evinai	gnd	1739	850	889
LK-6145315	Karagahagedara	gnd	1739	801	938
LK-6172040	Deegalla	gnd	1739	832	907
LK-1224045	Akaravita	gnd	1738	827	911
LK-3106130	Weliwathugoda	gnd	1738	888	850
LK-6209060	Weerapura	gnd	1738	877	861
LK-1209285	Thammita	gnd	1737	837	900
LK-6175200	Dunakadeniya South	gnd	1737	813	924
LK-9151125	Dapane	gnd	1737	838	899
LK-1209085	Katukenda	gnd	1736	818	918
LK-1209270	Heeralugedara	gnd	1736	843	893
LK-2130020	Senkadagala	gnd	1736	838	898
LK-6236030	Manakkulama	gnd	1736	812	924
LK-7215005	Shanthipura	gnd	1736	854	882
LK-7209065	Gemunupura	gnd	1735	828	907
LK-3145240	Kaduruduwa	gnd	1734	837	897
LK-3312080	Pahala Beragama	gnd	1734	876	858
LK-7109130	Thammenna Elawaka	gnd	1734	818	916
LK-7139140	Pahamunegama	gnd	1734	850	884
LK-1339260	Gorakadoowa	gnd	1733	823	910
LK-9218140	Nelumdeniya	gnd	1733	783	950
LK-1212665	Weerasooriyakanda	gnd	1732	861	871
LK-1224135	Bendiyamulla North	gnd	1732	788	944
LK-2109045	Delgasgoda	gnd	1732	850	882
LK-7136030	Amane	gnd	1732	831	901
LK-7139025	Bogahawewa	gnd	1732	838	894
LK-8103065	Aluttarama	gnd	1732	819	913
LK-1118020	Waga East	gnd	1731	839	892
LK-1212480	Makkanigoda North	gnd	1731	829	902
LK-9212145	Ewunugalla	gnd	1731	812	919
LK-1230050	Millathe Ihala	gnd	1730	840	890
LK-3106095	Pathirajagama	gnd	1730	843	887
LK-3154020	Unawatuna East	gnd	1730	830	900
LK-2112140	Ambathenna	gnd	1729	841	888
LK-5236030	Akkaraipattu 05	gnd	1729	833	896
LK-1224005	Makevita North	gnd	1728	848	880
LK-1233420	Appugewatta	gnd	1728	831	897
LK-3134060	Woodland Watta	gnd	1728	796	932
LK-3148110	Magedara East	gnd	1728	856	872
LK-3203105	Derangala	gnd	1728	818	910
LK-6149135	Henegedara	gnd	1728	816	912
LK-9119005	Diyavinna	gnd	1728	865	863
LK-1109260	Rajamalwatta	gnd	1727	905	822
LK-3309100	Medawelena	gnd	1727	835	892
LK-5230045	Ninthavur 03	gnd	1727	810	917
LK-6181245	Kudagammana	gnd	1727	632	1095
LK-7139085	Ralapanawa Colony	gnd	1727	835	892
LK-7203015	Rotawewa	gnd	1727	869	858
LK-9230165	Pukunuwala	gnd	1727	871	856
LK-9233120	Yatiwala	gnd	1727	866	861
LK-3109005	Walinguruketiya	gnd	1726	803	923
LK-3133010	Patabendimulla	gnd	1726	788	938
LK-3315075	Koggalla	gnd	1726	851	875
LK-5242145	Thottama	gnd	1726	819	907
LK-6145205	Kurundukumbura	gnd	1726	837	889
LK-8106210	Diyakombala	gnd	1726	855	871
LK-1215365	Korase Meda	gnd	1725	829	896
LK-1227655	Udatuttiripitiya	gnd	1725	805	920
LK-3215045	Wenagama	gnd	1725	820	905
LK-8136125	Kithalella	gnd	1725	864	861
LK-9215035	Dewalegama	gnd	1725	820	905
LK-9221080	Siyambalawala	gnd	1725	822	903
LK-1215305	Kalahugoda	gnd	1724	814	910
LK-2127125	Hurikaduwa West	gnd	1724	808	916
LK-3133160	Diddeliya	gnd	1724	868	856
LK-6160005	Kongaswala	gnd	1724	824	900
LK-9206185	Idampitiya	gnd	1724	773	951
LK-1324195	Pannila	gnd	1723	860	863
LK-6178125	Nedalagamuwa South	gnd	1723	842	881
LK-6224175	Mudalakkuliya	gnd	1723	837	886
LK-2142150	Hunugala	gnd	1722	854	868
LK-3318025	Kendaketiya	gnd	1722	811	911
LK-5115040	Eravur 02A	gnd	1722	752	970
LK-6178250	Horawadunna	gnd	1722	834	888
LK-8112125	Bokanoruwa	gnd	1722	849	873
LK-9227150	Kithulgala North	gnd	1722	831	891
LK-1215460	Kehelbaddara West	gnd	1721	812	909
LK-3324010	Medakanda	gnd	1721	882	839
LK-4106120	Chankanai South	gnd	1721	829	892
LK-6106145	Monnankulama	gnd	1721	787	934
LK-9206100	Ganethenna	gnd	1721	772	949
LK-1224020	Gonagaha II	gnd	1720	823	897
LK-6181045	Polgahayaya	gnd	1720	821	899
LK-8130270	Galedanda	gnd	1720	812	908
LK-1209525	Katuwellegama South	gnd	1719	850	869
LK-2133185	Ranawana East	gnd	1719	817	902
LK-3154160	Koggala Athireka II	gnd	1719	823	896
LK-3209025	Ketawala	gnd	1719	845	874
LK-6142120	Panawewa	gnd	1719	849	870
LK-6163215	Nahalla	gnd	1719	821	898
LK-8133090	Weheragalathenna	gnd	1719	809	910
LK-9118115	Vikiliya	gnd	1719	890	829
LK-9218190	Godawela	gnd	1719	787	932
LK-9227145	Gonagamuwa	gnd	1719	845	874
LK-3148145	Beranagoda	gnd	1718	840	878
LK-5324095	Periyathumunai	gnd	1718	859	859
LK-6169075	Ambahenwewa	gnd	1718	818	900
LK-7215195	Perakum Pedesa	gnd	1718	815	903
LK-1312065	Kobawaka South	gnd	1717	833	884
LK-2124345	Ambagahalanda	gnd	1717	820	897
LK-3106080	Middaramulla	gnd	1717	871	846
LK-7109175	Sangilikanadarawa	gnd	1717	823	894
LK-8212180	Pahatha Arawa	gnd	1717	893	824
LK-1221015	Dehiyagatha North	gnd	1716	830	886
LK-3103055	Dedduwa	gnd	1716	804	912
LK-3248120	Dodampahala North	gnd	1716	827	889
LK-5218055	Karuwaddukal 03	gnd	1716	775	941
LK-5306105	Veloor	gnd	1716	841	875
LK-9112225	Ratnapura Town	gnd	1716	894	822
LK-9151140	Omalpe	gnd	1716	845	871
LK-3142080	Hapugala	gnd	1715	872	843
LK-1227595	Bopagama	gnd	1714	863	851
LK-3325190	Ethpitiya	gnd	1714	851	863
LK-6136075	Ethawa	gnd	1714	814	900
LK-7142005	Track 13,18	gnd	1714	851	863
LK-8230060	Kivul Ara	gnd	1714	846	868
LK-4203150	Savatkaddu	gnd	1713	865	848
LK-9151085	Ambagahayaya	gnd	1713	850	863
LK-4112015	Mallakam North	gnd	1712	802	910
LK-4133140	Kondavil South West	gnd	1712	776	936
LK-7145015	Pahalagama	gnd	1712	818	894
LK-9218005	Waddeniya	gnd	1712	845	867
LK-7148160	Katiyawa Track 09	gnd	1711	811	900
LK-7203005	Sinhagama	gnd	1711	848	863
LK-8118175	Kanawerella	gnd	1711	842	869
LK-9119035	Welipathayaya	gnd	1711	865	846
LK-1315005	Ilimba	gnd	1710	822	888
LK-2312185	Bulu Ela	gnd	1710	807	903
LK-3151195	Andugoda	gnd	1710	795	915
LK-7109135	Puleliya	gnd	1710	832	878
LK-9127015	Raddella	gnd	1710	822	888
LK-1321230	Jawatta	gnd	1709	837	872
LK-2109090	Melchena	gnd	1709	793	916
LK-9209055	Ruwandeniya	gnd	1709	811	898
LK-9227130	Hakbellawaka	gnd	1709	830	879
LK-1118145	Kurugala	gnd	1708	838	870
LK-1136340	Batuwandara North	gnd	1708	809	899
LK-1224495	Weliweriya South	gnd	1708	811	897
LK-1230140	Vihara Kumbura	gnd	1708	864	844
LK-6145120	Midiyala	gnd	1708	826	882
LK-1215455	Uggalboda	gnd	1707	799	908
LK-9145125	Hatangala	gnd	1707	869	838
LK-1233025	Siwralumulla	gnd	1706	828	878
LK-1309125	Handupelpola	gnd	1706	836	870
LK-4127110	Thumpalai	gnd	1706	800	906
LK-4309165	Moonrumurippu	gnd	1706	825	881
LK-5133070	Thikkodai	gnd	1706	767	939
LK-6130300	Ibbagamuwa	gnd	1706	784	922
LK-9230170	Godagampala	gnd	1706	840	866
LK-1215230	Naiwala North	gnd	1705	777	928
LK-3206180	Pelawatta	gnd	1705	851	854
LK-7109025	Heerallugama	gnd	1705	818	887
LK-4136090	Aththiyadi	gnd	1704	798	906
LK-6218115	Sinnapaduwa	gnd	1704	799	905
LK-7139080	Andarawewa	gnd	1704	848	856
LK-7163105	Kala - Medawachchiya	gnd	1704	863	841
LK-9230005	Kurupetta	gnd	1704	861	843
LK-1227245	Yatiyana	gnd	1703	801	902
LK-3324175	Katuwana	gnd	1703	802	901
LK-5215070	Paragahakele West	gnd	1703	846	857
LK-6154045	Wellawa	gnd	1703	805	898
LK-4133050	Vannarponnai N.W. (North)	gnd	1702	825	877
LK-6209095	Thabbowa South	gnd	1702	835	867
LK-9230020	Magammana	gnd	1702	808	894
LK-1236170	Pilapitiya	gnd	1701	797	904
LK-3145150	Ankokkawala	gnd	1701	798	903
LK-6154170	Kurunegala Town - East	gnd	1701	795	906
LK-7212180	Divuldamana	gnd	1701	840	861
LK-8130280	Wangiyakumbura	gnd	1701	818	883
LK-9215140	Renapana	gnd	1701	815	886
LK-1224105	Mahipalagoda	gnd	1700	827	873
LK-2127300	Dambarawa	gnd	1700	817	883
LK-2157100	Balanthota South	gnd	1700	795	905
LK-7142105	Kalundegama	gnd	1700	803	897
LK-8203065	Nagala	gnd	1700	800	900
LK-1230225	Nandarama Pedesa	gnd	1699	841	858
LK-7209035	Nelumpura	gnd	1699	768	931
LK-8209015	Bendiyawa	gnd	1699	862	837
LK-1306190	Bandaragama East	gnd	1698	823	875
LK-9218270	Maha Pallegama	gnd	1698	821	877
LK-1118010	Pinnawala South	gnd	1697	824	873
LK-6130150	Karandagolla	gnd	1697	785	912
LK-7127165	Galwaduwagama	gnd	1697	828	869
LK-9106070	Lassakanda	gnd	1697	840	857
LK-2302460	Queensberry	gnd	1696	782	914
LK-2306225	Dodamkumbura	gnd	1696	793	903
LK-6160115	Delgolla Watta North	gnd	1696	808	888
LK-5236065	Akkaraipattu 11	gnd	1695	873	822
LK-2121170	Weragama	gnd	1694	806	888
LK-2133260	Kulugammana	gnd	1694	792	902
LK-2233115	Wariyapola	gnd	1694	819	875
LK-3333235	Indipokunagoda North	gnd	1694	816	878
LK-5245050	Thirukkovil 3	gnd	1694	810	884
LK-8139010	Kahattewela	gnd	1694	793	901
LK-9121055	Hallinna	gnd	1694	822	872
LK-5136095	Eruvil North	gnd	1693	796	897
LK-8130225	Alugolla	gnd	1693	809	884
LK-8206175	Ellekona	gnd	1693	837	856
LK-9224060	Rangalla	gnd	1693	791	902
LK-1318015	Kelesgamuwa	gnd	1692	833	859
LK-2136135	Walgampaya	gnd	1692	813	879
LK-3242275	Thotamuna	gnd	1692	809	883
LK-7106110	Kiriketuwewa	gnd	1692	838	854
LK-8142015	Haldummulla	gnd	1692	807	885
LK-9103080	Udumatta	gnd	1692	808	884
LK-1118175	Horagala West	gnd	1691	830	861
LK-2136110	Dehianga South	gnd	1691	796	895
LK-4136120	Navanthurai South	gnd	1691	764	927
LK-5218190	Block 'J' East 02	gnd	1691	820	871
LK-7115070	Parasangaswewa	gnd	1691	839	852
LK-1115235	Digana	gnd	1690	822	868
LK-1215005	Medemulla North	gnd	1690	792	898
LK-1330120	Kolehekada	gnd	1690	859	831
LK-2218220	Hulangamuwa North	gnd	1690	778	912
LK-3103110	Ethungagoda	gnd	1690	838	852
LK-3227120	Mapalana Mangin Pahala	gnd	1690	624	1066
LK-3315040	Handunkatuwa	gnd	1690	836	854
LK-6239205	Maranda North	gnd	1690	820	870
LK-7109050	Kidawarankulama	gnd	1690	786	904
LK-7139070	Ralapanawagama	gnd	1690	809	881
LK-8130200	Mirahawatta	gnd	1690	794	896
LK-1118120	Angamuwa	gnd	1689	845	844
LK-1206380	Udammita North	gnd	1689	769	920
LK-2139400	Pethiyagoda East	gnd	1689	789	900
LK-2206035	Inamaluwa	gnd	1689	817	872
LK-2303050	Deltagemunupura	gnd	1689	846	843
LK-4109055	Manipay South	gnd	1689	810	879
LK-4130075	Sangathanai	gnd	1689	761	928
LK-8106150	Abhayapura	gnd	1689	836	853
LK-9103025	Walavita	gnd	1689	826	863
LK-1218035	Pulluhena	gnd	1688	751	937
LK-1218045	Nugape	gnd	1688	925	763
LK-2136455	Pilimathalawa	gnd	1688	816	872
LK-3203080	Weliwa	gnd	1688	778	910
LK-7115175	Wessagiriya	gnd	1688	1078	610
LK-7160100	Kallanchiyagama	gnd	1688	790	898
LK-9142060	Kavuduwawa	gnd	1688	782	906
LK-9142120	Niyangama	gnd	1688	796	892
LK-3324125	Meemanakoladeniya	gnd	1687	814	873
LK-6209055	Aluthgama	gnd	1687	832	855
LK-9106090	Kandangoda	gnd	1687	833	854
LK-4106005	Vadducoddai East	gnd	1686	782	904
LK-2142075	Inguruwatta	gnd	1685	783	902
LK-2206225	Moragollewa	gnd	1685	911	774
LK-7206135	Bisouyana	gnd	1685	837	848
LK-8224125	Kumarapura	gnd	1685	894	791
LK-9221050	Waharaka	gnd	1685	784	901
LK-1224125	Indigolla	gnd	1684	782	902
LK-4212125	Valkkaipettankandal	gnd	1684	850	834
LK-5224070	Kalmunai 01D	gnd	1684	972	712
LK-6148165	Gonnawa	gnd	1684	837	847
LK-7115195	Mahabulankulama	gnd	1684	797	887
LK-7218065	Sarubima	gnd	1684	856	828
LK-3112230	Pinikahana	gnd	1683	829	854
LK-3130035	Divithura East	gnd	1683	752	931
LK-4106110	Chankanai East	gnd	1683	787	896
LK-4130020	Kaithady South	gnd	1683	795	888
LK-5215085	Namalthalawa	gnd	1683	832	851
LK-6151140	Thiththawella	gnd	1683	786	897
LK-9230175	Ambalampitiya	gnd	1683	802	881
LK-3112050	Digala Nagahathenna	gnd	1682	808	874
LK-8212080	Yakkadurawa	gnd	1682	829	853
LK-9227155	Kalukohuthenna	gnd	1682	801	881
LK-1212575	Maligathenna Pahala	gnd	1681	816	865
LK-2130270	Gurudeniya West	gnd	1681	796	885
LK-5130080	Kadukkamunai	gnd	1681	789	892
LK-6218120	Poonapitiya	gnd	1681	778	903
LK-7148120	Kiriamunukole	gnd	1681	819	862
LK-9136090	Doloswala	gnd	1681	838	843
LK-1209590	Horagasmulla	gnd	1680	814	866
LK-1212060	Kahandawa	gnd	1680	813	867
LK-1330145	Sandasirigama	gnd	1680	799	881
LK-2218010	Madawala Ulpatha	gnd	1680	835	845
LK-8203035	Bokagonna	gnd	1680	825	855
LK-1324170	Bubulalanda	gnd	1679	830	849
LK-3248065	Bambarenda North	gnd	1679	824	855
LK-5324105	Kinniya	gnd	1679	792	887
LK-6103165	Madige	gnd	1679	841	838
LK-1227305	Kandaoluwawa	gnd	1678	833	845
LK-1309045	Olaboduwa North	gnd	1678	825	853
LK-5221050	Pandiruppu 02_x000D_	gnd	1678	731	947
LK-6106005	Medagama West	gnd	1678	820	858
LK-7109160	Medawachchiya East	gnd	1678	809	869
LK-4136140	New Moor Street	gnd	1677	831	846
LK-8203125	Badullagammana	gnd	1677	796	881
LK-3218010	Lenama North	gnd	1676	828	848
LK-4109095	Piranpattai	gnd	1676	809	867
LK-4124065	Uduththurai	gnd	1676	799	877
LK-4203100	Pallimunai East	gnd	1676	787	889
LK-1136305	Delthara East	gnd	1675	818	857
LK-1330100	Aluthgamgoda	gnd	1675	844	831
LK-3206140	Kotapola South	gnd	1675	804	871
LK-8203155	Dodamgolla	gnd	1675	826	849
LK-5236075	Town Division 03	gnd	1674	785	889
LK-6172280	Narangalla	gnd	1674	853	821
LK-7203105	Akkara 70	gnd	1674	831	843
LK-9218225	Dorawaka Pallebage	gnd	1674	790	884
LK-1309140	Kananvila North	gnd	1673	799	874
LK-2224015	Dewaladeniya	gnd	1673	861	812
LK-3242140	Ruwan Ella	gnd	1673	798	875
LK-4415050	Kallappadu South	gnd	1673	833	840
LK-6157060	Kuda Kowana	gnd	1673	832	841
LK-5248010	Sinna Ullai	gnd	1672	916	756
LK-6184275	Paramaulla	gnd	1672	805	867
LK-7109105	Ekirikanda	gnd	1672	808	864
LK-1209030	Godigamuwa East	gnd	1671	826	845
LK-2218015	Thalagasyaya	gnd	1671	849	822
LK-5115060	Eravur 06A	gnd	1671	754	917
LK-5225055	Sainthamaruthu 11	gnd	1671	797	874
LK-6163365	Hadiramulla	gnd	1671	777	894
LK-1321335	Kalapuwa	gnd	1670	778	892
LK-2109015	Vilana Pallegama	gnd	1670	814	856
LK-6121115	Nikaweratiya North	gnd	1670	838	832
LK-6154165	Gettuwana	gnd	1670	816	854
LK-6175055	Divurumpola	gnd	1669	849	820
LK-7215215	Thopawewa	gnd	1669	819	850
LK-8133020	Kirioruwa	gnd	1669	802	867
LK-2215025	Mathale North	gnd	1668	804	864
LK-4121005	Karanavai South	gnd	1668	770	898
LK-4121025	Uduppiddy	gnd	1668	801	867
LK-4127145	Puloly South West	gnd	1668	784	884
LK-5239075	Kolavil 03	gnd	1668	775	893
LK-5239090	Kolavil 01	gnd	1668	820	848
LK-8212055	Barawaya	gnd	1668	846	822
LK-1224015	Mabima	gnd	1667	806	861
LK-5115050	Eravur 01	gnd	1667	775	892
LK-2133125	Viguhumpola	gnd	1666	790	876
LK-1303280	Dibbedda	gnd	1665	787	878
LK-3106185	Balapitiya	gnd	1665	779	886
LK-3118005	Ela Ihala	gnd	1665	832	833
LK-5115055	Eravur 01A	gnd	1665	759	906
LK-6112030	Ambanpola North	gnd	1664	775	889
LK-6148050	Gallehepitiya	gnd	1664	776	888
LK-7154075	Kollankuttigama	gnd	1664	825	839
LK-9127060	Kotamulla	gnd	1664	826	838
LK-1224465	Embaraluwa North 2	gnd	1663	786	877
LK-1306170	Raigama West	gnd	1663	827	836
LK-2130045	Watapuluwa South	gnd	1663	767	896
LK-8115110	Kohovila	gnd	1663	815	848
LK-3206075	Deniyaya West	gnd	1662	789	873
LK-6178400	Mellawalana	gnd	1662	816	846
LK-6206025	Serakkuliya	gnd	1662	823	839
LK-6227035	Wilpatha West	gnd	1662	785	877
LK-8127165	Sapugolla	gnd	1662	816	846
LK-9118070	Imbulamura	gnd	1662	814	848
LK-5327155	Jinna Nagar	gnd	1661	838	823
LK-7212075	Maguldamana	gnd	1661	804	857
LK-9106055	Endiriyanwala	gnd	1661	830	831
LK-1215010	Nilpanagoda West	gnd	1660	781	879
LK-9115050	Pidaligannawela	gnd	1660	814	846
LK-9215135	Atugoda	gnd	1660	804	856
LK-1215235	Naiwala East	gnd	1659	773	886
LK-7115015	Gambirigaswewa	gnd	1659	769	890
LK-1333030	Kekulandala South	gnd	1658	796	862
LK-2127155	Udagunnepana North	gnd	1658	775	883
LK-5233125	Addalachchenai 14	gnd	1658	672	986
LK-6245045	Wennappuwa North	gnd	1658	755	903
LK-9209160	Habalakkawa	gnd	1658	793	865
LK-1215475	Asgiriwalpola North	gnd	1657	769	888
LK-3109040	Uragasmanhandiya East	gnd	1657	802	855
LK-5209070	Kudaharasgala	gnd	1657	830	827
LK-5318060	Mollipothana East	gnd	1657	786	871
LK-7127175	Ihala Galkulama	gnd	1657	812	845
LK-7154025	Ihala Puliyankulama	gnd	1657	814	843
LK-7154235	Bandarapothana	gnd	1657	767	890
LK-9212165	Bulugahadeniya	gnd	1657	797	860
LK-2127195	Lewellagama	gnd	1656	785	871
LK-3221105	Warakapitiya North	gnd	1656	813	843
LK-6169100	Kureekotuwa	gnd	1656	733	923
LK-8218200	Lunugala Colony	gnd	1656	808	848
LK-1230410	Ranwala	gnd	1655	828	827
LK-6175100	Palugamuwa	gnd	1655	752	903
LK-7130070	Namalwewa	gnd	1655	806	849
LK-8119020	Wewabedda	gnd	1655	782	873
LK-1215270	Ganihimulla	gnd	1654	812	842
LK-3103020	Kommala	gnd	1654	816	838
LK-3121130	Ihala Gigummaduwa	gnd	1654	816	838
LK-5327090	Anaichenai	gnd	1654	810	844
LK-6218145	Karathanvilluwa	gnd	1654	776	878
LK-8124230	Dehivinna	gnd	1654	795	859
LK-9124050	Dippitigala	gnd	1654	794	860
LK-9203445	Mangalagama	gnd	1654	807	847
LK-1206355	Dambaduraya	gnd	1653	774	879
LK-3127150	Ganegama South	gnd	1653	800	853
LK-6215085	Kaladiya	gnd	1653	848	805
LK-8127300	Balagala	gnd	1653	806	847
LK-9206090	Randiwala	gnd	1653	786	867
LK-1209350	Batepola	gnd	1652	760	892
LK-1215280	Kalawana	gnd	1652	812	840
LK-2309380	High Forest	gnd	1652	816	836
LK-7133055	Step 1 Part 2	gnd	1652	845	807
LK-7136045	Hidogama	gnd	1652	839	813
LK-8218140	Miyanakadura	gnd	1652	785	867
LK-5327005	Sampoor West	gnd	1651	785	866
LK-6245110	Ulhitiyawa South	gnd	1651	741	910
LK-2145065	Haragama	gnd	1650	772	878
LK-2215130	Dangan Place	gnd	1650	781	869
LK-5133175	Sangarpuram	gnd	1650	721	929
LK-6149025	Mahakeliya	gnd	1650	769	881
LK-3139140	Walawwatta	gnd	1649	776	873
LK-5218040	Sammanthurai 02	gnd	1649	782	867
LK-5324055	Ehutharnagar	gnd	1649	815	834
LK-3315050	Hedavinna	gnd	1648	834	814
LK-4215075	Kondachchi	gnd	1648	808	840
LK-5121025	Naavatkaadu	gnd	1648	796	852
LK-2218125	Dunkalawatta	gnd	1647	765	882
LK-5245075	Vinayahapuram 2	gnd	1647	801	846
LK-7133025	Nelumkanniya	gnd	1647	824	823
LK-8142070	Divulgasmulla	gnd	1647	826	821
LK-9142040	Ridivita	gnd	1647	813	834
LK-1230615	Morahena	gnd	1646	796	850
LK-2145005	Uduwelawatta Colony	gnd	1646	768	878
LK-5227010	Mavadipalli East	gnd	1646	744	902
LK-7145115	Mudungoda	gnd	1646	819	827
LK-1309175	Batuvita South	gnd	1645	805	840
LK-3218210	Henegama West	gnd	1645	757	888
LK-6121065	Hewenpelessa	gnd	1645	816	829
LK-6154235	Vilbawa	gnd	1645	787	858
LK-7160025	Gonapathirawa	gnd	1645	792	853
LK-9227035	Mahavila	gnd	1645	814	831
LK-1227690	Koskandawala	gnd	1644	791	853
LK-1312085	Dewamulla	gnd	1644	806	838
LK-5321075	Peraru Unit 02	gnd	1644	770	874
LK-1227145	Magalegoda South	gnd	1643	768	875
LK-2206090	Bellanneoya	gnd	1643	838	805
LK-3133100	Maha Ambalangoda	gnd	1643	743	900
LK-3224105	Malimbada East	gnd	1643	778	865
LK-4133090	Nallur North	gnd	1643	764	879
LK-5136070	Kaluthawalai 4	gnd	1643	725	918
LK-5239050	Akkaraipattu 7/4	gnd	1643	802	841
LK-5315035	Uppuveli	gnd	1643	777	866
LK-6227010	Wilpatha East	gnd	1643	778	865
LK-2133180	Ranawana West	gnd	1642	766	876
LK-2203180	Kospotha	gnd	1642	822	820
LK-7215085	Palugasdamana 02 Ela	gnd	1642	797	845
LK-8136095	Hettipola	gnd	1642	842	800
LK-2151135	Jayamalapura	gnd	1641	744	897
LK-9212065	Uraulla	gnd	1641	789	852
LK-2130095	Nuwara Dodamwala	gnd	1640	807	833
LK-3309055	Mahindapura	gnd	1640	827	813
LK-4112020	Alaveddy North	gnd	1640	833	807
LK-4136075	Chundikuli South	gnd	1640	800	840
LK-4503080	Thambagamam	gnd	1640	806	834
LK-6245070	Meda Ulhitiyawa	gnd	1640	764	876
LK-8224045	Okkampitiya	gnd	1640	798	842
LK-9227160	Kithulgala South	gnd	1640	813	827
LK-1206220	Kurana Katunayaka South	gnd	1639	831	808
LK-3333145	Nidahasgama West	gnd	1639	801	838
LK-5234050	Irakkamam 05	gnd	1639	804	835
LK-1136345	Batuwandara South	gnd	1638	788	850
LK-3133080	Poramba	gnd	1638	790	848
LK-7203205	Unagalavehera West	gnd	1638	807	831
LK-1306145	Kamburugoda West	gnd	1637	794	843
LK-2233145	Pahalawela	gnd	1637	783	854
LK-7133105	Gnanikulama	gnd	1637	773	864
LK-1215165	Kopiwatta	gnd	1636	782	854
LK-3128080	Meda Keembiya	gnd	1636	768	868
LK-4130010	Kaithady East	gnd	1636	780	856
LK-5209035	Thepelpola	gnd	1636	833	803
LK-3239140	Gurubebila	gnd	1635	822	813
LK-3306120	Rambukwewa	gnd	1635	837	798
LK-5303045	Sripura	gnd	1635	765	870
LK-1115115	Ihala Kosgama South	gnd	1634	769	865
LK-4127125	Puloly North	gnd	1634	724	910
LK-6184100	Waduwawa	gnd	1634	838	796
LK-7215250	Kotaleeya	gnd	1634	642	992
LK-9221120	Gonagala North	gnd	1634	811	823
LK-1230495	Namaluwa	gnd	1633	784	849
LK-8103105	Kukulapola	gnd	1633	825	808
LK-8130130	Idamegama	gnd	1633	793	840
LK-1209075	Mellawagedara	gnd	1632	792	840
LK-2136170	Ihala Alagalla	gnd	1632	815	817
LK-4115135	Punnalaikadduvan North	gnd	1632	772	860
LK-4118095	Nawatkiri	gnd	1632	783	849
LK-4509115	Puthumurippu	gnd	1632	825	807
LK-8127280	Ketagoda	gnd	1632	802	830
LK-1227135	Wataddara West	gnd	1631	784	847
LK-3109145	Randenigama	gnd	1631	759	872
LK-3248140	Dodampahala South	gnd	1631	799	832
LK-7203035	Yatiyalpathana	gnd	1631	774	857
LK-1227710	Aruppassa	gnd	1630	780	850
LK-6139035	Vithikuliya	gnd	1630	801	829
LK-6142150	Ihala Kalugama	gnd	1630	795	835
LK-6242185	Ihala Katuneriya	gnd	1630	745	885
LK-2121030	Dehemigama	gnd	1629	831	798
LK-3106225	Walagedara	gnd	1629	829	800
LK-5112055	Kommathurai North	gnd	1629	733	896
LK-5315070	Kovilady	gnd	1629	792	837
LK-9112065	Rathgama	gnd	1629	798	831
LK-2142060	Legumdeniya	gnd	1628	802	826
LK-3206040	Bateyaya	gnd	1628	780	848
LK-3221115	Warakapitiya South	gnd	1628	784	844
LK-5233015	Oluvil 04	gnd	1628	771	857
LK-5315020	Eluppaikulam	gnd	1628	759	869
LK-6151110	Pellandeniya	gnd	1628	794	834
LK-8224050	Galtemmandiya	gnd	1628	829	799
LK-1115140	Seethawaka	gnd	1627	785	842
LK-1115215	Niripola	gnd	1627	816	811
LK-2303075	Sangilipalama	gnd	1627	771	856
LK-3133150	Udakerewa	gnd	1627	804	823
LK-3318120	Guruwala	gnd	1627	826	801
LK-9212010	Pussella	gnd	1627	760	867
LK-2136420	Uda Eriyagama East	gnd	1626	763	863
LK-2142025	Ganegoda	gnd	1626	763	863
LK-3245180	Devinuwara Wawwa	gnd	1626	788	838
LK-6130060	Neerammulla	gnd	1626	783	843
LK-6224055	Alankulama	gnd	1626	778	848
LK-6230120	Elivitiya	gnd	1626	805	821
LK-8212205	Siripura	gnd	1626	814	812
LK-1230655	Mahawalawatta	gnd	1625	801	824
LK-1324350	Nakandalagoda	gnd	1625	796	829
LK-7206200	Kahambiliyawa	gnd	1625	810	815
LK-8209140	Bakinigahawela	gnd	1625	748	877
LK-9112005	Gileemale North	gnd	1625	813	812
LK-9212180	Minuwangamuwa	gnd	1625	782	843
LK-2203095	Aluthwewa	gnd	1624	783	841
LK-7210055	Nawasenapura	gnd	1624	770	854
LK-3245165	Devinuwara Nugegoda	gnd	1623	732	891
LK-6172245	Ihala Kalugamuwa	gnd	1623	759	864
LK-8121035	Damanwara	gnd	1623	735	888
LK-8136045	Pupula	gnd	1623	833	790
LK-8221135	Debaraara	gnd	1623	800	823
LK-2218165	Bogahakotuwa	gnd	1622	782	840
LK-2233170	Nagahathenna	gnd	1622	776	846
LK-3124160	Keppitiyagoda	gnd	1622	787	835
LK-3224110	Malimbada North	gnd	1622	734	888
LK-5136155	Koddaikallar North	gnd	1622	767	855
LK-6242200	Lansigama	gnd	1622	754	868
LK-7124110	Mukkarawewa	gnd	1622	769	853
LK-9218345	Kivuldeniya	gnd	1622	757	865
LK-2136450	Govindala	gnd	1621	792	829
LK-2142045	Nawa Nillamba	gnd	1621	789	832
LK-3221055	Udukawa North	gnd	1621	762	859
LK-4512075	Nallur	gnd	1621	816	805
LK-7112035	Randoowa	gnd	1621	776	845
LK-7212135	Pahala Ellewewa	gnd	1621	845	776
LK-8139085	Haputhalegama	gnd	1621	807	814
LK-1212590	Galgamuwa West	gnd	1620	763	857
LK-3221120	Meeruppa	gnd	1620	762	858
LK-6178115	Paragammana	gnd	1620	791	829
LK-9215230	Kurunegoda	gnd	1620	748	872
LK-2136055	Dehianga North	gnd	1619	752	867
LK-3227080	Kamburupitiya	gnd	1619	774	845
LK-3309170	Yodhakandiya	gnd	1619	803	816
LK-4121070	Karanavai North West	gnd	1619	766	853
LK-5333020	Poonagar	gnd	1619	793	826
LK-6127385	Thambuwa	gnd	1619	846	773
LK-9206120	Owatta	gnd	1619	781	838
LK-1212010	Giriullagama	gnd	1618	742	876
LK-1224245	Oruthota North	gnd	1618	757	861
LK-3318170	Udayala	gnd	1618	793	825
LK-8218090	Pussellawa	gnd	1618	793	825
LK-4203060	Periyakarisal	gnd	1617	817	800
LK-7139135	Dombawalagama	gnd	1617	812	805
LK-9206315	Madulbowa	gnd	1617	770	847
LK-1115160	Egodagama	gnd	1616	799	817
LK-1333085	Yatiyana East	gnd	1616	767	849
LK-6178120	Nedalagamuwa North	gnd	1616	799	817
LK-5118170	Puliyantivu East	gnd	1614	814	800
LK-8224115	Kumaragama	gnd	1614	804	810
LK-9206205	Molligoda	gnd	1613	754	859
LK-9215105	Ballapana Udabage	gnd	1613	749	864
LK-1221180	Kandana West	gnd	1612	744	868
LK-1230260	Kurunduhena	gnd	1612	822	790
LK-2127005	Dunuhappawa	gnd	1612	774	838
LK-3109070	Lenagal Palatha	gnd	1612	779	833
LK-5130050	Kokkadicholai South	gnd	1612	732	880
LK-6154250	Thorawathura	gnd	1612	787	825
LK-7133010	Step1 Part 1	gnd	1612	798	814
LK-7210120	Mahawewa	gnd	1612	810	802
LK-9206105	Makadawara	gnd	1612	744	868
LK-1230665	Samanabedda	gnd	1611	766	845
LK-6181005	Pahamune	gnd	1611	724	887
LK-8130045	Girambe	gnd	1611	779	832
LK-9115235	Rathmalavinna	gnd	1611	741	870
LK-1224400	Ihala Imbulgoda North	gnd	1610	765	845
LK-1324100	Kapugoda	gnd	1610	834	776
LK-5251055	Panama North	gnd	1610	783	827
LK-1330105	Navuttuduwa	gnd	1609	754	855
LK-1333110	Kithulgoda	gnd	1609	790	819
LK-3203155	Kaduruwana	gnd	1609	795	814
LK-3218160	Poramba	gnd	1609	792	817
LK-3239210	Bandaramulla	gnd	1609	826	783
LK-4415030	Chilawattai	gnd	1609	745	864
LK-6136120	Naramana	gnd	1609	771	838
LK-8119080	Sumudugama	gnd	1609	767	842
LK-8133120	Obadella	gnd	1609	792	817
LK-3218120	Higgoda	gnd	1608	747	861
LK-4312060	Muthaliyarkulam	gnd	1608	776	832
LK-9118165	Durakanda	gnd	1608	775	833
LK-1230365	Egoda Pelahela	gnd	1607	798	809
LK-1303210	Walapala Pattiya	gnd	1607	778	829
LK-4506065	Tharmapuram East	gnd	1607	766	841
LK-7109070	Isinbessagama	gnd	1607	766	841
LK-8206170	Dambagalla	gnd	1607	781	826
LK-8212010	Buddama	gnd	1607	823	784
LK-9215060	Edurapotha East	gnd	1607	759	848
LK-1215340	Weediyawatta East	gnd	1606	754	852
LK-3248080	Bambarenda Central	gnd	1606	764	842
LK-6154220	Rathgalla	gnd	1606	807	799
LK-7112045	Mannaram Junction	gnd	1606	808	798
LK-7115050	Karambewa	gnd	1606	811	795
LK-2315040	Ambagamuwa South	gnd	1605	715	890
LK-3109185	Galagoda Atta	gnd	1605	751	854
LK-3142210	Kapuhempala	gnd	1605	755	850
LK-9133060	Davugalagama	gnd	1605	796	809
LK-1115075	Thawalgoda	gnd	1604	755	849
LK-2203035	Dandubendiruppa	gnd	1604	804	800
LK-3106005	Doowemodara	gnd	1604	773	831
LK-3209135	Dampahala West	gnd	1604	743	861
LK-5245015	Thambiluvil 1 West	gnd	1604	774	830
LK-3106210	Paragahathota	gnd	1603	736	867
LK-3109050	Hipankanda	gnd	1603	823	780
LK-6151070	Kidapola	gnd	1603	745	858
LK-6224135	Thalakolawewa	gnd	1603	758	845
LK-1118095	Arukwatta North	gnd	1602	755	847
LK-1227190	Horagollagama	gnd	1602	753	849
LK-1321235	Botnikwatta	gnd	1602	733	869
LK-3318105	Binkama	gnd	1602	783	819
LK-4418035	Nikawewa Left	gnd	1602	806	796
LK-6178065	Mummana	gnd	1602	752	850
LK-6248200	Godella	gnd	1602	774	828
LK-7148115	Medagama	gnd	1602	729	873
LK-7163010	Obadayagama	gnd	1602	752	850
LK-2203125	Damunumulla	gnd	1601	760	841
LK-7212020	Kudawewa	gnd	1601	803	798
LK-8221105	Handapanagala	gnd	1601	804	797
LK-9103020	Getahetta	gnd	1601	780	821
LK-1112380	Undurugoda	gnd	1600	763	837
LK-1227020	Hiripitiya North	gnd	1600	765	835
LK-1233175	Kirikitta East	gnd	1600	784	816
LK-1312250	Weyangalla West	gnd	1600	757	843
LK-8139025	Bingethenna	gnd	1600	738	862
LK-3212195	Ransegoda North	gnd	1599	760	839
LK-5224090	Natpiddimunai Td 03	gnd	1599	782	817
LK-5234010	Varipathanchenai 01	gnd	1599	746	853
LK-2306515	Rookwood Estate	gnd	1598	757	841
LK-3137005	Thotavila	gnd	1598	778	820
LK-5236060	Akkaraipattu 12	gnd	1598	745	853
LK-6157090	Uyandana	gnd	1598	746	852
LK-6245030	Sirigampala South	gnd	1597	775	822
LK-1230490	Parangoda	gnd	1596	776	820
LK-3130010	Old Colony	gnd	1596	797	799
LK-3142150	Abeysundarawatta	gnd	1596	766	830
LK-3245030	Uda Aparekka	gnd	1596	767	829
LK-4112030	Alaveddy East	gnd	1596	770	826
LK-4121080	Karaveddy West	gnd	1596	747	849
LK-6248100	Katukenda East	gnd	1596	791	805
LK-1218150	Dikovita	gnd	1595	785	810
LK-4115035	Inuvil South West	gnd	1595	769	826
LK-5133010	Vammiyadiyoottu	gnd	1595	692	903
LK-5218220	Malayadikiramam 04	gnd	1595	728	867
LK-7136085	Thuruvila	gnd	1595	776	819
LK-9115140	Atawakwela	gnd	1595	752	843
LK-2127220	Hathamuna	gnd	1594	759	835
LK-3245120	Kapugama Central	gnd	1594	782	812
LK-3333055	Vigamuwa	gnd	1594	781	813
LK-8124015	Jangulla	gnd	1594	718	876
LK-8124205	Kirinda	gnd	1594	775	819
LK-1215155	Yatiyana Central	gnd	1593	772	821
LK-1327220	Eladoowa	gnd	1593	803	790
LK-2151175	Ihalagama	gnd	1593	770	823
LK-2233190	Thawalankoya	gnd	1593	720	873
LK-2309520	Manthreethenna	gnd	1593	782	811
LK-6166130	Ranjanagama	gnd	1593	747	846
LK-7109065	Poonewa	gnd	1593	765	828
LK-8109015	Aggalaulpatha	gnd	1593	761	832
LK-9209075	Godigamuwa	gnd	1593	739	854
LK-1118155	Madulawa North	gnd	1592	768	824
LK-1230580	Malinda East	gnd	1592	770	822
LK-1303010	Horethuduwa	gnd	1592	802	790
LK-1318120	Boralessa	gnd	1592	761	831
LK-3154120	Harumalgoda West	gnd	1592	765	827
LK-7109045	Maha Kumbukgollewa	gnd	1592	745	847
LK-7127055	Upuldeniya	gnd	1592	783	809
LK-1306270	Bamunumulla (Muslim)	gnd	1591	766	825
LK-1209325	Dagonna North	gnd	1590	780	810
LK-1233160	Etikehelgalla East	gnd	1590	782	808
LK-6218070	Sameeragama	gnd	1590	744	846
LK-2142065	Orayanwatta	gnd	1589	817	772
LK-5212190	Dematamalpelessa	gnd	1589	788	801
LK-7148170	Endagala	gnd	1589	764	825
LK-1209365	Palliyapitiya East	gnd	1588	792	796
LK-2133020	Medawala	gnd	1588	752	836
LK-3242025	Parawahera North	gnd	1588	777	811
LK-3315230	Lunama South	gnd	1588	761	827
LK-1215210	Wadumulla	gnd	1587	759	828
LK-7209095	Pulasthigama	gnd	1587	777	810
LK-8209020	Kotabowa	gnd	1587	778	809
LK-1209175	Kehelella South	gnd	1586	762	824
LK-1209330	Dagonna East	gnd	1586	761	825
LK-2115055	Angammana	gnd	1586	767	819
LK-6133195	Kirindiwelmada/ Galagedara	gnd	1586	745	841
LK-8106040	Ekiriyankumbura	gnd	1586	793	793
LK-8136015	Kirinda	gnd	1586	774	812
LK-5130115	Kachchakodi	gnd	1585	807	778
LK-5315055	Mankaiyoottu	gnd	1585	763	822
LK-6178100	Erepola	gnd	1585	755	830
LK-7142020	Yaya 12	gnd	1585	779	806
LK-8127205	Metiwalalanda	gnd	1585	765	820
LK-9133010	Jathuwangoda	gnd	1585	785	800
LK-3137145	Boossa	gnd	1584	766	818
LK-3209140	Hulankanda	gnd	1584	760	824
LK-5227025	Maligaikadu East	gnd	1584	757	827
LK-6145030	Konwewa	gnd	1584	789	795
LK-6230015	Buruthakele	gnd	1584	736	848
LK-7124075	Kivulekada	gnd	1584	726	858
LK-9230125	Galabalana Kanda	gnd	1584	766	818
LK-5215075	Ambagahawella	gnd	1583	796	787
LK-8206080	Kolladeniya	gnd	1583	786	797
LK-1212280	Gaspe	gnd	1582	750	832
LK-1306110	Pinwala East	gnd	1582	779	803
LK-5242040	Diviyagala	gnd	1582	782	800
LK-6178290	Indivinna	gnd	1582	739	843
LK-6248040	Kahatavila West	gnd	1582	740	842
LK-8224100	Veheragala	gnd	1582	756	826
LK-6160225	Singhapura	gnd	1581	747	834
LK-3145075	Ihalagoda Colony	gnd	1580	789	791
LK-3154205	Korahedigoda	gnd	1580	780	800
LK-6248170	Motemulla	gnd	1580	780	800
LK-1206310	Raddolugama South	gnd	1579	701	878
LK-3145160	Manavila	gnd	1579	726	853
LK-3309085	Sandagiripura	gnd	1579	769	810
LK-5233085	Addalachchenai 10	gnd	1579	688	891
LK-8109010	Balagolla	gnd	1579	759	820
LK-8124075	Dematawelhinna	gnd	1579	728	851
LK-9206130	Rankothdiwala	gnd	1579	734	845
LK-1212465	Wellevilamulla	gnd	1578	575	1003
LK-6127120	Kumbukulawa	gnd	1578	766	812
LK-7130025	Maradankulama	gnd	1578	770	808
LK-8130050	Divurumgama	gnd	1578	752	826
LK-1221040	Kudahakapola South	gnd	1577	779	798
LK-1333080	Wandurabba	gnd	1577	745	832
LK-1312095	Retiyala	gnd	1576	784	792
LK-2109005	Rambuke Ela	gnd	1576	727	849
LK-2312070	Nuwaraeliya West	gnd	1576	788	788
LK-3106200	Petiwatta	gnd	1576	736	840
LK-4506020	Korakkankattu	gnd	1576	763	813
LK-5112170	Marappalam	gnd	1576	769	807
LK-7163055	Ihala Kalankuttiya	gnd	1576	793	783
LK-1215595	Madelgamuwa West	gnd	1575	778	797
LK-3127165	Ginimellagaha West	gnd	1575	789	786
LK-3315105	Ethbatuwa	gnd	1575	785	790
LK-4136085	Maruthady	gnd	1575	702	873
LK-6127180	Galtenwewa	gnd	1575	740	835
LK-6178095	Narangoda North	gnd	1575	773	802
LK-6245215	Kammala	gnd	1575	861	714
LK-7148065	Kiralogama	gnd	1575	776	799
LK-4115085	Chunnakam Town Centre	gnd	1574	757	817
LK-1206270	Thempala	gnd	1573	820	753
LK-6121190	Nikaweratiya South	gnd	1573	756	817
LK-6163145	Wewegedara	gnd	1573	739	834
LK-6169115	Thalliyadda	gnd	1573	759	814
LK-8118110	Passara Town North	gnd	1573	780	793
LK-8121055	Ilukthenna	gnd	1573	768	805
LK-3103160	Kahawegammedda	gnd	1572	745	827
LK-4509060	Kilinochchi Town	gnd	1572	754	818
LK-5227020	Maligaikadu Central	gnd	1572	734	838
LK-5327115	Chenaiyoor	gnd	1572	773	799
LK-9221005	Dunumala	gnd	1572	731	841
LK-1115255	Kahahena	gnd	1571	736	835
LK-2203050	Pahala Diggala	gnd	1571	791	780
LK-3206170	Horagala West	gnd	1571	772	799
LK-4136070	Jaffna Town East	gnd	1571	719	852
LK-6121185	Millagoda	gnd	1571	754	817
LK-9118100	Horaketiya	gnd	1571	745	826
LK-1209060	Alugolla	gnd	1570	806	764
LK-2154105	Pellapitiya South	gnd	1570	756	814
LK-3133085	Vilegoda	gnd	1570	738	832
LK-3133090	Paniyandoowa	gnd	1570	721	849
LK-3215100	Vilpita East 11	gnd	1570	560	1010
LK-9206200	Aluthnuwara	gnd	1570	737	833
LK-1209145	Kongodamulla South	gnd	1569	772	797
LK-3109200	Jayabima	gnd	1569	739	830
LK-3134010	Manampita	gnd	1569	759	810
LK-3137150	Kadurupe	gnd	1569	755	814
LK-3218050	Dediyagala	gnd	1569	769	800
LK-6160220	Bandaragala	gnd	1569	742	827
LK-6178370	Kekillapitiya	gnd	1569	771	798
LK-1212675	Udugama	gnd	1568	732	836
LK-1215390	Doranagoda North	gnd	1568	730	838
LK-8130015	Silmiyapura	gnd	1568	756	812
LK-8221125	Thelulla	gnd	1568	784	784
LK-9218285	Dorawaka Udabage	gnd	1568	755	813
LK-2130225	Ampitiya South	gnd	1567	676	891
LK-2206115	Bulagala	gnd	1567	781	786
LK-6157125	Hewapola	gnd	1567	756	811
LK-6178055	Katugampala	gnd	1567	748	819
LK-6178420	Mattegama	gnd	1567	721	846
LK-7163075	Pitiye Yaya	gnd	1567	781	786
LK-9218265	Menikkadawara	gnd	1567	751	816
LK-1212570	Uthuwanbogahawatta	gnd	1566	716	850
LK-3239045	Midigama West	gnd	1566	747	819
LK-4136050	Gurunagar East	gnd	1566	730	836
LK-5230110	Ninthavur 22	gnd	1566	704	862
LK-7160035	Kadiyangalla	gnd	1566	777	789
LK-7212170	Mahadamana	gnd	1566	768	798
LK-1227350	Kalotuwawa	gnd	1565	731	834
LK-1309015	Pahala Millewa South	gnd	1565	776	789
LK-2109010	Vilana Udagama	gnd	1565	773	792
LK-2154095	Gemunupura	gnd	1565	765	800
LK-3130045	Divithura	gnd	1565	762	803
LK-5136225	Thuraineelavanai South 01	gnd	1565	763	802
LK-5224080	Kalmunai 01A	gnd	1565	735	830
LK-6166155	Dehikumbura	gnd	1565	757	808
LK-7103020	Maithreepura	gnd	1565	773	792
LK-7203200	Jayanthipura	gnd	1565	745	820
LK-8212015	Waragama	gnd	1565	783	782
LK-9136105	Pebotuwa	gnd	1565	790	775
LK-9203240	Kadigamuwa	gnd	1565	713	852
LK-1309155	Kumbuka South	gnd	1564	760	804
LK-2127080	Maluwegama	gnd	1564	753	811
LK-2307635	Deegalahinna	gnd	1564	781	783
LK-3145060	Ihala Hiyare	gnd	1564	760	804
LK-3315170	Rotawala	gnd	1564	753	811
LK-4203085	Erukkalampiddy East	gnd	1564	772	792
LK-6160250	Mawathagama South	gnd	1564	739	825
LK-6178305	Gonulla West	gnd	1564	710	854
LK-7121070	Sampathgama	gnd	1564	730	834
LK-9215090	Ballapana Pathabage	gnd	1564	745	819
LK-2157035	Uda Rambukpitiya	gnd	1563	753	810
LK-3124215	Yatalamatta	gnd	1563	730	833
LK-8127305	Downside	gnd	1563	760	803
LK-9136035	Watapotha	gnd	1563	791	772
LK-9206300	Ginihappitiya West	gnd	1563	727	836
LK-1227390	Ellakkala	gnd	1562	748	814
LK-1321015	Kuda Gonadoowa	gnd	1562	759	803
LK-2157025	Penithuduwa	gnd	1562	712	850
LK-3242070	Thudawa South	gnd	1562	745	817
LK-4130170	Meesalai North	gnd	1562	735	827
LK-9127040	Weragama	gnd	1562	778	784
LK-2312225	Kelegala	gnd	1560	776	784
LK-3203110	Thennahena	gnd	1560	739	821
LK-9118010	Welekumbura	gnd	1560	733	827
LK-9133090	Delgoda East	gnd	1560	781	779
LK-9139035	Yatagare	gnd	1560	764	796
LK-9230185	Pannila	gnd	1560	755	805
LK-3315110	Mulana	gnd	1559	758	801
LK-6224005	Kottukachchiya Colony 2	gnd	1559	743	816
LK-8130295	Hinnarangolla	gnd	1559	721	838
LK-9127065	Amuwala	gnd	1559	760	799
LK-9136025	Kiribathgala	gnd	1559	797	762
LK-1327195	Sapugahawatta	gnd	1558	762	796
LK-3218225	Nimalawa	gnd	1558	746	812
LK-3303015	Meegaha Jadura	gnd	1558	788	770
LK-9203270	Mottappuliya	gnd	1558	728	830
LK-1224010	Makevita South	gnd	1557	759	798
LK-1312010	Kobawaka North	gnd	1557	746	811
LK-1321220	Uggalbada East	gnd	1557	737	820
LK-1330215	Warakatholla	gnd	1557	760	797
LK-2115050	Hathale	gnd	1556	800	756
LK-6245125	Meda Dummaladeniya	gnd	1556	718	838
LK-9218230	Yaddehimulla	gnd	1556	731	825
LK-1115210	Ihala Hanwella North	gnd	1555	741	814
LK-6106065	Ganangamuwa	gnd	1555	725	830
LK-6130075	Unit 3	gnd	1555	765	790
LK-6133090	Santhanagama	gnd	1555	728	827
LK-2112085	Eriyagasthenna	gnd	1554	754	800
LK-3115140	Niyagama	gnd	1554	751	803
LK-3312045	Gonnoruwa	gnd	1554	795	759
LK-4509175	Urithirapuram North	gnd	1554	778	776
LK-5115075	Eravur 05	gnd	1554	710	844
LK-7142050	Thumbullegama	gnd	1554	754	800
LK-2139575	Uda Aludeniya	gnd	1553	755	798
LK-2230035	Rattota	gnd	1553	716	837
LK-3218060	Ehelape	gnd	1553	715	838
LK-7218035	Madudamana	gnd	1553	777	776
LK-8139080	Hela Kadurugamuwa	gnd	1553	752	801
LK-6178080	Kavudumunna	gnd	1552	742	810
LK-7121110	Mekichchawa	gnd	1552	769	783
LK-1215605	Thammita	gnd	1551	716	835
LK-7115025	Galpottegama	gnd	1551	789	762
LK-7118015	Kadurugasdamana	gnd	1551	745	806
LK-7154190	Horapola	gnd	1551	720	831
LK-7203190	Girithale Colony	gnd	1551	766	785
LK-7215180	Gallella West	gnd	1551	752	799
LK-1227540	Mathalana East	gnd	1550	734	816
LK-3148035	Moraketiya	gnd	1550	775	775
LK-7206115	Aluthwewa	gnd	1550	793	757
LK-2142020	Megoda Kalugamuwa	gnd	1549	734	815
LK-2145295	Udamailapitiya South	gnd	1549	775	774
LK-2203005	Wetakoluwewa	gnd	1548	759	789
LK-3306025	Dewramvehera	gnd	1548	790	758
LK-5103015	Puchchakkerni	gnd	1548	782	766
LK-6127295	Welipitiya	gnd	1548	731	817
LK-6145145	Kadawalagedara	gnd	1548	739	809
LK-6248045	Meda Kirimetiyana	gnd	1548	714	834
LK-7115090	Perimiyankulama	gnd	1548	736	812
LK-7206215	Veheragala	gnd	1548	770	778
LK-8224130	Yatiyallathota	gnd	1548	766	782
LK-9233065	Pandaha	gnd	1548	806	742
LK-1212240	Halugama	gnd	1547	740	807
LK-3209205	Gomila	gnd	1547	759	788
LK-4109035	Navali East	gnd	1547	733	814
LK-5233130	Addalachchenai 13	gnd	1547	727	820
LK-7112020	Sandamaleliya	gnd	1547	787	760
LK-7209085	Abhayapura	gnd	1547	768	779
LK-8142075	Gampaha	gnd	1547	764	783
LK-9203390	Yodhagama	gnd	1547	756	791
LK-1115135	Kotahera	gnd	1546	773	773
LK-2121075	Kindigoda South	gnd	1546	779	767
LK-3124250	Yatalamatta West	gnd	1546	733	813
LK-9227090	Malwatta	gnd	1546	761	785
LK-7218130	Orubendi Siyambalawa	gnd	1545	766	779
LK-1310030	Kurana South	gnd	1544	770	774
LK-3333135	Wadigala	gnd	1544	738	806
LK-4136115	Koddady	gnd	1544	737	807
LK-6157110	Kolapelalikanda	gnd	1544	746	798
LK-6212020	Kirimetiyawa	gnd	1544	743	801
LK-8209100	Mellagama	gnd	1544	810	734
LK-9130010	Ketepola	gnd	1544	774	770
LK-1312165	Bulathsinhala West	gnd	1543	753	790
LK-3109010	Uragasmanhandiya North	gnd	1543	725	818
LK-3224050	Kadukanna	gnd	1543	689	854
LK-3239225	Kamburugamuwa South	gnd	1543	750	793
LK-4115120	Erlalai North	gnd	1543	738	805
LK-6224170	Sangattikulama	gnd	1543	762	781
LK-8130125	Kabillegama	gnd	1543	782	761
LK-9212175	Hettimulla	gnd	1543	701	842
LK-1215015	Nilpanagoda East	gnd	1542	736	806
LK-2127385	Rajawella South	gnd	1542	745	797
LK-3312020	Badagiriya	gnd	1542	776	766
LK-4106085	Chulipuram Centre	gnd	1542	747	795
LK-6139010	Makeliyawa	gnd	1542	752	790
LK-6178020	Pethigodagedara	gnd	1542	749	793
LK-6187290	Denagamuwa	gnd	1542	736	806
LK-6224145	Peramakuttuwa	gnd	1542	769	773
LK-3242110	Hittatiya West	gnd	1541	711	830
LK-4106095	Pannagam	gnd	1541	732	809
LK-4133150	Kondavil Centre East	gnd	1541	747	794
LK-7115190	Pahalagama	gnd	1541	756	785
LK-7203010	Galoya	gnd	1541	727	814
LK-1227525	Bonegala	gnd	1540	717	823
LK-2233105	Kohombiliwela	gnd	1540	722	818
LK-3137130	Kedala	gnd	1540	807	733
LK-3333245	Kadurupokuna East	gnd	1540	735	805
LK-6157025	Narampola	gnd	1540	739	801
LK-6224020	Kottukachchiya	gnd	1540	774	766
LK-1209495	Urapana	gnd	1539	732	807
LK-1230075	Bogahawatta	gnd	1539	727	812
LK-4312055	Unit 2. Pavatkulam	gnd	1539	737	802
LK-5118220	Navatkudah	gnd	1539	685	854
LK-5206040	Padiyathalawa	gnd	1539	795	744
LK-6133140	Nikadalupotha	gnd	1539	734	805
LK-7133130	Wanniyankulama Kotasa 3	gnd	1539	758	781
LK-1327070	Serupita East	gnd	1538	723	815
LK-5209085	Aranthalawa	gnd	1538	809	729
LK-7215050	Kalinga Ela	gnd	1538	766	772
LK-7215125	Samudragama	gnd	1538	744	794
LK-7215245	Mahaweli Pedesa	gnd	1538	693	845
LK-9206005	Weganthale	gnd	1538	703	835
LK-1215425	Weliya	gnd	1537	746	791
LK-2106320	Kahawatta South	gnd	1537	743	794
LK-2315105	Dehigasthenna	gnd	1537	726	811
LK-5212060	Nawagiriyawa	gnd	1537	757	780
LK-5215080	Ambamalthalawa	gnd	1537	754	783
LK-1118065	Pitumpe North	gnd	1536	747	789
LK-3106015	Pelegas Palatha	gnd	1536	743	793
LK-4109005	Suthumalai North	gnd	1536	723	813
LK-7109010	Paranahalmillewa	gnd	1536	731	805
LK-7163060	Pahala Kalankuttiya	gnd	1536	766	770
LK-8142050	Kotabakma	gnd	1536	775	761
LK-8215010	Guruhela	gnd	1536	770	766
LK-1230080	Rambutanwatta	gnd	1535	731	804
LK-3128005	Weihena	gnd	1535	717	818
LK-3206015	Kiriweldola	gnd	1535	736	799
LK-4104010	Karainagar North East	gnd	1535	710	825
LK-6233240	Ambakandavila	gnd	1535	789	746
LK-8133085	Egodagama	gnd	1535	726	809
LK-9206040	Kondeniya	gnd	1535	738	797
LK-1121150	Makumbura South	gnd	1534	735	799
LK-1318050	Millaniya	gnd	1534	692	842
LK-2218225	Diyabubula	gnd	1534	756	778
LK-2221060	Pussella	gnd	1534	717	817
LK-3142165	Mampitiya	gnd	1534	726	808
LK-6142160	Bakmeeruppa	gnd	1534	762	772
LK-8209050	Nannapurawa	gnd	1534	747	787
LK-8215115	Marawa	gnd	1534	764	770
LK-1339035	Moragala	gnd	1533	740	793
LK-5315205	Arunagirinagar	gnd	1533	711	822
LK-6166120	Uhumeeya	gnd	1533	745	788
LK-6221020	Kivula Youth Project	gnd	1533	763	770
LK-1206390	Udammita South	gnd	1532	717	815
LK-1230650	Samanabedda North	gnd	1532	776	756
LK-1233165	Etikehelgalla West	gnd	1532	754	778
LK-5230010	Ninthavur 11	gnd	1532	641	891
LK-2136280	Moladanda	gnd	1531	725	806
LK-2157030	Pahala Rambukpitiya	gnd	1531	711	820
LK-5327185	Jinna Nagar	gnd	1531	741	790
LK-6154205	Wehera West	gnd	1531	730	801
LK-6224090	Thonigala	gnd	1531	741	790
LK-2145020	Monarangala	gnd	1530	760	770
LK-2306025	Adikarigama	gnd	1530	740	790
LK-6130220	Ambanpola	gnd	1530	736	794
LK-8115125	Kandegedara Town	gnd	1530	723	807
LK-8118145	Tholabowatta	gnd	1530	756	774
LK-4203160	Uppukulam North	gnd	1529	732	797
LK-1136335	Morenda	gnd	1528	759	769
LK-4130175	Allarai	gnd	1528	739	789
LK-5215090	Namaloya II	gnd	1528	786	742
LK-8130310	Pitapola	gnd	1528	769	759
LK-9218290	Weragoda	gnd	1528	713	815
LK-3154240	Meliyagoda	gnd	1527	739	788
LK-6136175	Madatuwa	gnd	1527	735	792
LK-7121080	Mahawewa	gnd	1527	770	757
LK-1215435	Pattanduwana West	gnd	1526	732	794
LK-1333045	Helamba	gnd	1526	742	784
LK-2203110	Puwakpitiya	gnd	1526	751	775
LK-3221015	Poramba Kananke North	gnd	1526	773	753
LK-4412130	Thirumurukandi	gnd	1526	792	734
LK-5306120	Vallaiyoothu	gnd	1526	747	779
LK-6127335	Rambe	gnd	1526	709	817
LK-6154115	Vilgoda	gnd	1526	730	796
LK-1115250	Welikanna	gnd	1525	726	799
LK-2133075	Rajapihilla	gnd	1525	729	796
LK-5118125	Barathipuram	gnd	1525	678	847
LK-6142205	Konkadawala	gnd	1525	738	787
LK-7148030	Hirigollegama	gnd	1525	750	775
LK-8130245	Kandepuhulpola	gnd	1525	752	773
LK-1215485	Pedipola	gnd	1524	743	781
LK-1221150	Hapugoda West	gnd	1524	713	811
LK-2315035	Ambagamuwa East	gnd	1524	723	801
LK-3133135	Nawagama	gnd	1524	754	770
LK-3203070	Kodikaragoda West	gnd	1524	729	795
LK-6248185	Dankotuwa East	gnd	1524	722	802
LK-1112050	Mullegama North	gnd	1523	717	806
LK-1230015	Wathurugama	gnd	1523	717	806
LK-9142115	Warayaya	gnd	1523	726	797
LK-1215470	Pahala Udugampola South	gnd	1522	740	782
LK-2136405	Dehideniya East	gnd	1522	718	804
LK-2142055	Gurukele	gnd	1522	734	788
LK-2218025	Rajjammana	gnd	1522	743	779
LK-2310625	Udapussellawa North	gnd	1522	735	787
LK-4306060	Avusathapitiya	gnd	1522	737	785
LK-5225035	Sainthamaruthu 07	gnd	1522	736	786
LK-6175185	Horathepola	gnd	1522	734	788
LK-9203175	Padavigampala	gnd	1522	762	760
LK-2127165	Gabadagama North	gnd	1521	715	806
LK-3215020	Dematapassa	gnd	1521	736	785
LK-3248135	Dodampahala West	gnd	1521	755	766
LK-3324280	Walgammulla	gnd	1521	767	754
LK-6218055	Kandathoduwawa	gnd	1521	739	782
LK-1221065	Thudella South	gnd	1520	701	819
LK-1315030	Mahena South	gnd	1520	735	785
LK-1321060	Mawala South	gnd	1520	715	805
LK-1321435	Ethagama East	gnd	1520	741	779
LK-3142105	Labudoowa	gnd	1520	666	854
LK-4121015	Karanavai	gnd	1520	720	800
LK-9227025	Garagoda Ihala	gnd	1520	700	820
LK-2203140	Hombawa	gnd	1519	739	780
LK-3133035	Polwatta	gnd	1519	713	806
LK-6130305	Dehelgamuwa	gnd	1519	730	789
LK-9142190	Bibilegama East	gnd	1519	742	777
LK-1233010	Pituwalgoda	gnd	1518	724	794
LK-6227040	Thamarakkulama	gnd	1518	712	806
LK-6242085	Pahala Mavila	gnd	1518	717	801
LK-7127145	Kurunegala Colony	gnd	1518	730	788
LK-8124140	Mugunumatha East	gnd	1518	748	770
LK-8139035	Dodamwatta	gnd	1518	732	786
LK-9112215	Mahawala	gnd	1518	742	776
LK-1227015	Hiripitiya West	gnd	1517	714	803
LK-3309065	Ekamuthugama	gnd	1517	736	781
LK-5321035	Sooriyapura	gnd	1517	757	760
LK-2124250	Udispattuwa	gnd	1516	747	769
LK-2127135	Pilawala North	gnd	1516	700	816
LK-2130050	Aruppala East	gnd	1516	720	796
LK-2154075	Uduwella	gnd	1516	734	782
LK-4130140	Chandrapuram	gnd	1516	715	801
LK-5215065	Paragahakele East	gnd	1516	715	801
LK-7209140	Weerapura	gnd	1516	727	789
LK-8130300	Udakendagolla	gnd	1516	734	782
LK-1309195	Kirigalahena	gnd	1515	737	778
LK-3106140	Brahmanawatta South	gnd	1515	712	803
LK-4409090	Visuvamadu East	gnd	1515	725	790
LK-6172270	Inguruwatta	gnd	1515	717	798
LK-9119050	Kongahamankada	gnd	1515	742	773
LK-9133155	Pothupitiya North	gnd	1515	734	781
LK-1224375	Mudungoda North	gnd	1514	733	781
LK-3139220	Kaluwella	gnd	1514	853	661
LK-5218235	Vilinayadi 03	gnd	1514	701	813
LK-8109075	Meegahakivula	gnd	1514	739	775
LK-2136090	Gannoruwa West	gnd	1513	699	814
LK-2227170	Nugagolla	gnd	1513	701	812
LK-3115005	Pitigala North	gnd	1513	736	777
LK-3212065	Beragama North	gnd	1513	742	771
LK-4309055	Nochchimoddai	gnd	1513	735	778
LK-6206055	Vanathavilluwa South	gnd	1513	752	761
LK-8127240	Pannalagama	gnd	1513	760	753
LK-2121145	Hasalaka Nagaraya	gnd	1512	746	766
LK-2127295	Nithulethenna	gnd	1512	711	801
LK-2136230	Siyambalagoda	gnd	1512	708	804
LK-6160260	Mee/Udagama	gnd	1512	725	787
LK-9133115	Thanabela	gnd	1512	774	738
LK-1315145	Warakagoda South	gnd	1511	723	788
LK-5318015	Puthukudiyirippu	gnd	1511	717	794
LK-6142090	Karandanayagama	gnd	1511	745	766
LK-1315105	Anguruwathota	gnd	1510	754	756
LK-2115040	Arattana	gnd	1510	691	819
LK-3206155	Kosmodara	gnd	1510	777	733
LK-5212035	Gonagolla	gnd	1510	712	798
LK-7206195	Perakumpura	gnd	1510	738	772
LK-9212050	Wewaladeniya	gnd	1510	714	796
LK-3112135	Elpitiya Central	gnd	1509	713	796
LK-4115005	Uduvil South West	gnd	1509	693	816
LK-5121110	Iluppadichenai	gnd	1509	773	736
LK-6127275	Maeliya North	gnd	1509	750	759
LK-9109045	Epitawala	gnd	1509	751	758
LK-3135170	Kalupe	gnd	1508	740	768
LK-3224145	Sulthanagoda South	gnd	1508	709	799
LK-4109075	Sandilipay West	gnd	1508	720	788
LK-4121050	Samarabahu	gnd	1508	690	818
LK-5206035	Kirawana	gnd	1508	733	775
LK-6178150	Kandepola	gnd	1508	741	767
LK-6242045	Pahala Thabbowa	gnd	1508	734	774
LK-3127185	Walpita North	gnd	1507	723	784
LK-3212190	Rathkekulawa	gnd	1507	730	777
LK-6127340	Maeliya South	gnd	1507	737	770
LK-2139055	Pahala Koorukuttala	gnd	1506	694	812
LK-3209130	Bengamuwa East	gnd	1506	738	768
LK-7163120	Negama	gnd	1506	667	839
LK-7203060	Kimbulawala	gnd	1506	709	797
LK-9215190	Damunupola	gnd	1506	712	794
LK-3333280	Seenimodara West	gnd	1505	739	766
LK-6145160	Hettipola	gnd	1505	708	797
LK-6172010	Pahala Elathalawa	gnd	1505	737	768
LK-2312195	Jayalanka	gnd	1504	739	765
LK-3212240	Pitawalgamuwa	gnd	1504	708	796
LK-3239075	Kotavila West	gnd	1504	713	791
LK-3242290	Eliyakanda North	gnd	1504	810	694
LK-5321030	Pansalgodella	gnd	1504	750	754
LK-9151030	Kumburugamuwa	gnd	1504	768	736
LK-1312125	Delmella	gnd	1503	734	769
LK-3309205	Wijayapura	gnd	1503	747	756
LK-3330290	Kudaheella South	gnd	1503	745	758
LK-4133190	Kokuvil Centre East	gnd	1503	698	805
LK-7203250	Agbopura	gnd	1503	767	736
LK-7212095	Rathmalthenna	gnd	1503	757	746
LK-1206315	Raddolugama South A	gnd	1502	662	840
LK-1212360	Danovita	gnd	1502	723	779
LK-2121125	Keenapelessa	gnd	1502	691	811
LK-3209125	Bengamuwa West	gnd	1502	698	804
LK-3333165	Wella Odaya	gnd	1502	755	747
LK-6154135	Malkaduwawa South	gnd	1502	718	784
LK-6163160	Rideegama	gnd	1502	757	745
LK-7109020	Puhudivula	gnd	1502	757	745
LK-7154135	Malawa	gnd	1502	735	767
LK-1209005	Andimulla	gnd	1501	718	783
LK-1212330	Pamunuwatta	gnd	1501	720	781
LK-3112080	Elpitiya North	gnd	1501	743	758
LK-4130185	Kachchai	gnd	1501	738	763
LK-4133065	Vannarponnai N.E. (South)	gnd	1501	692	809
LK-8136080	Ella	gnd	1501	800	701
LK-1230005	Maryland Colony	gnd	1500	739	761
LK-2133190	Uduwawala East	gnd	1500	702	798
LK-2206270	Pannampitiya	gnd	1500	720	780
LK-3206030	Adaradeniya	gnd	1500	745	755
LK-3212075	Beragama West	gnd	1500	727	773
LK-5218105	Sammanthurai 03	gnd	1500	712	788
LK-6103100	Gurulupitigama	gnd	1500	721	779
LK-6169035	Nettipolagedara	gnd	1500	710	790
LK-2121070	Udawela	gnd	1499	758	741
LK-2136095	Dehigama East	gnd	1499	729	770
LK-3109110	Madakumbura	gnd	1499	699	800
LK-3128100	Meda Keembiya East	gnd	1499	704	795
LK-7121115	Ranpathvila	gnd	1499	689	810
LK-9115035	Pinnawala	gnd	1499	758	741
LK-9218390	Welhella	gnd	1499	754	745
LK-1336110	Lathpandura	gnd	1498	690	808
LK-4418015	Ehetugaswewa	gnd	1498	705	793
LK-6149040	Kadiharaya	gnd	1498	728	770
LK-7142085	Angamuwa	gnd	1498	710	788
LK-8112025	Mahathenna	gnd	1498	730	768
LK-1136035	Boralesgamuwa West C	gnd	1497	635	862
LK-2151040	Hapugaspitiya	gnd	1497	721	776
LK-2206230	Kapuwatta	gnd	1497	753	744
LK-6127175	Koruwawa	gnd	1497	739	758
LK-6136270	Vilakatupotha	gnd	1497	694	803
LK-1324255	Pinhena	gnd	1496	712	784
LK-5248085	Komarie 01	gnd	1496	742	754
LK-7148175	Kelesiyambalewa	gnd	1496	752	744
LK-8118045	Gerandiella	gnd	1496	681	815
LK-1333010	Pimbura	gnd	1495	714	781
LK-3124235	Udugama Central	gnd	1495	737	758
LK-6178350	Medirivila	gnd	1495	788	707
LK-7203160	Raja Ela	gnd	1495	724	771
LK-3245080	Thalalla South	gnd	1494	701	793
LK-4136015	Columbuthurai West	gnd	1494	712	782
LK-4215085	Palaikuli	gnd	1494	738	756
LK-6149020	Walpola	gnd	1494	712	782
LK-6157180	Indulgodakanda	gnd	1494	679	815
LK-6227050	Katupotha	gnd	1494	727	767
LK-7130125	Wellaragama	gnd	1494	745	749
LK-7154050	Maminiya Rambewa	gnd	1494	737	757
LK-7166085	Aluth Kadadugama	gnd	1494	674	820
LK-7206185	Kusumpokuna	gnd	1494	741	753
LK-8119030	Arawakumbura	gnd	1494	733	761
LK-9209110	Debathgama Udabage	gnd	1494	683	811
LK-3318160	Heenbunna	gnd	1493	743	750
LK-8221100	Randenigodayaya	gnd	1493	709	784
LK-9209045	Ussapitiya	gnd	1493	686	807
LK-1230455	Ovitigama	gnd	1492	697	795
LK-1315050	Peramunagama	gnd	1492	720	772
LK-2121135	Hasalaka	gnd	1492	729	763
LK-3245135	Thalalla	gnd	1492	700	792
LK-5248100	Hidayapuram 2	gnd	1492	698	794
LK-6172045	Ihala Embawa	gnd	1492	700	792
LK-7133020	Thariyankulama	gnd	1492	756	736
LK-8133130	Kebillewela South	gnd	1492	729	763
LK-1230230	Mandawala North	gnd	1491	714	777
LK-8127105	Voldemar	gnd	1491	716	775
LK-1303245	Uyankele	gnd	1490	678	812
LK-2206095	Rathmalkatuwa	gnd	1490	734	756
LK-4415230	Vattapalai	gnd	1490	703	787
LK-6103020	Perakumpura	gnd	1490	724	766
LK-1324270	Malewangoda	gnd	1489	719	770
LK-3109100	Pehembiyakanda	gnd	1489	719	770
LK-3321175	Yakgasmulla	gnd	1489	723	766
LK-7118150	Rambewa	gnd	1489	699	790
LK-9203170	Wahawa	gnd	1489	730	759
LK-9206230	Heenatipana	gnd	1489	697	792
LK-9230045	Kahanavita	gnd	1489	739	750
LK-9230190	Imbulpitiya	gnd	1489	743	746
LK-1118085	Galagedara South	gnd	1488	744	744
LK-2112155	Egodagama	gnd	1488	727	761
LK-2127205	Deekirimadawala	gnd	1488	672	816
LK-6154200	Wehera East	gnd	1488	676	812
LK-6172060	Ilukhena	gnd	1488	696	792
LK-8109020	Karandagahamada	gnd	1488	734	754
LK-1310085	Ingiriya East	gnd	1487	713	774
LK-2148070	Karagaskada North	gnd	1487	717	770
LK-3230080	Ellewela West	gnd	1487	702	785
LK-6181015	Penthenigoda	gnd	1487	724	763
LK-9103170	Mitipola	gnd	1487	736	751
LK-9139045	Panapitiya North	gnd	1487	736	751
LK-1227140	Magalegoda	gnd	1486	709	777
LK-1310060	Batugampala	gnd	1486	739	747
LK-1324015	Pambe	gnd	1486	731	755
LK-3209070	Keeripitiya East	gnd	1486	758	728
LK-3330270	Nayakawatta	gnd	1486	702	784
LK-6178015	Udugama	gnd	1486	695	791
LK-8203140	Lindakumbura	gnd	1486	701	785
LK-8218055	Waradola	gnd	1486	724	762
LK-2139345	Kooradeniya	gnd	1485	751	734
LK-5127010	Kirankulam South	gnd	1485	679	806
LK-5236140	Town Division 04	gnd	1485	663	822
LK-6236155	Galahitiyawa	gnd	1485	712	773
LK-8124055	Pattipola	gnd	1485	729	756
LK-2136075	Yahalathenna	gnd	1484	695	789
LK-3154235	Kahawathugoda	gnd	1484	692	792
LK-6130280	Polgolla	gnd	1484	697	787
LK-9133135	Gangalagamuwa	gnd	1484	729	755
LK-2145215	Pathamailapitiya South	gnd	1483	713	770
LK-3212200	Ransegoda South	gnd	1483	750	733
LK-3230020	Badabadda	gnd	1483	695	788
LK-5218155	Kallarichchel 03	gnd	1483	644	839
LK-7130075	Bogahayaya	gnd	1483	735	748
LK-1212120	Vilwatta	gnd	1482	727	755
LK-2136430	Edanduwawa East	gnd	1482	690	792
LK-3115115	Maraggoda	gnd	1482	727	755
LK-3333225	Medaketiya	gnd	1482	718	764
LK-5110010	Vahaneri	gnd	1482	703	779
LK-5306035	Senthoor	gnd	1482	760	722
LK-9215145	Bambaragama	gnd	1482	689	793
LK-9218165	Thumbaliyadda	gnd	1482	698	784
LK-1324275	Padagoda	gnd	1481	713	768
LK-2121190	Lunumadalaketiya	gnd	1481	750	731
LK-3136115	Handaudumulla	gnd	1481	701	780
LK-6145155	Kotambapitiya	gnd	1481	700	781
LK-7154100	Maradankadawala Road	gnd	1481	700	781
LK-9212125	Buluruppa	gnd	1481	682	799
LK-1212045	Kandangamuwa	gnd	1480	708	772
LK-2133275	Kondadeniya	gnd	1480	730	750
LK-3309060	Gemunupura	gnd	1480	707	773
LK-6160080	Kahandawelipotha	gnd	1480	695	785
LK-6163155	Warakawehera	gnd	1480	712	768
LK-1224140	Medagama IV	gnd	1479	666	813
LK-1224215	Bulugahagoda West	gnd	1479	722	757
LK-2139470	Batupitiya	gnd	1479	695	784
LK-1206250	Muthuwadiya	gnd	1478	767	711
LK-1212470	Udawela	gnd	1478	687	791
LK-1336080	Lathpandura East	gnd	1478	742	736
LK-3112075	Atakohota	gnd	1478	674	804
LK-2127140	Amunugama North	gnd	1477	681	796
LK-3239110	Pelena West	gnd	1477	755	722
LK-4409020	Mallikaithivu	gnd	1477	691	786
LK-6106140	Pahala Palukandewa	gnd	1477	728	749
LK-6145130	Hammaliya	gnd	1477	704	773
LK-7203125	Bopura	gnd	1477	725	752
LK-1136010	Pepiliyana East	gnd	1476	688	788
LK-3221100	Jayawickramapura	gnd	1476	727	749
LK-4118140	Valalai	gnd	1476	705	771
LK-6184125	Nugawela	gnd	1476	722	754
LK-1212065	Kandalama	gnd	1475	712	763
LK-3239025	Kohunugamuwa	gnd	1475	697	778
LK-6184225	Keppitiwalana	gnd	1475	690	785
LK-6233115	Mugunuwatawana	gnd	1475	675	800
LK-7218075	Kottapitiya South	gnd	1475	712	763
LK-3118070	Malgalla	gnd	1474	699	775
LK-3218065	Dolamawatha	gnd	1474	709	765
LK-7127035	Dutuwewa Paranagama	gnd	1474	767	707
LK-8106010	Sangabopura	gnd	1474	727	747
LK-1327110	Bombuwala South - West	gnd	1473	724	749
LK-1339055	Kumbadoowa	gnd	1473	697	776
LK-2127215	Galapitaambe	gnd	1473	697	776
LK-7209100	Kegalugama	gnd	1473	713	760
LK-9118045	Aldora	gnd	1473	702	771
LK-1309225	Ovitiyagala	gnd	1472	709	763
LK-2315045	Rampadeniya	gnd	1472	743	729
LK-3221040	Penetiyana West	gnd	1472	728	744
LK-6121110	Galapitiyagama	gnd	1472	689	783
LK-8130170	Mavithikumbura	gnd	1472	721	751
LK-2133120	Kurundugolla	gnd	1471	724	747
LK-1321425	Kalamulla South	gnd	1470	700	770
LK-3224040	Horagoda West	gnd	1470	686	784
LK-6236205	Pothuvila	gnd	1470	682	788
LK-9215200	Pothukoladeniya	gnd	1470	728	742
LK-1227115	Pattalagedara East	gnd	1469	708	761
LK-2142110	Gothatuwela	gnd	1469	715	754
LK-5242065	Dewalahinda	gnd	1469	700	769
LK-8209085	Ellekona	gnd	1469	717	752
LK-9145045	Udaranwala	gnd	1469	739	730
LK-1227330	Halgampitiya	gnd	1468	706	762
LK-3115020	Kaluarachchigoda	gnd	1468	717	751
LK-3206115	Beliattakumbura	gnd	1468	710	758
LK-3206145	Usamalagoda	gnd	1468	723	745
LK-6178185	Bowatta	gnd	1468	722	746
LK-1136240	Suwarapola West	gnd	1467	700	767
LK-2203160	Dambawatawana	gnd	1467	709	758
LK-2206165	Pahala Wewa	gnd	1467	723	744
LK-2315130	Kottellena	gnd	1467	677	790
LK-6172180	Unaleeya	gnd	1467	673	794
LK-1321105	Pothupitiya South	gnd	1466	735	731
LK-1324180	Bandanagoda	gnd	1466	717	749
LK-1324385	Kaluwamodara East	gnd	1466	644	822
LK-2230240	Kandenuwara East	gnd	1466	688	778
LK-5245060	Thirukkovil 2	gnd	1466	686	780
LK-6136155	Kithulwehera	gnd	1466	722	744
LK-6163290	Haliyamulla	gnd	1466	687	779
LK-6245075	Wennappuwa West	gnd	1466	639	827
LK-7215120	Kadawalawewa	gnd	1466	720	746
LK-2203200	Dambagolla	gnd	1465	759	706
LK-4115105	Erlalai South West	gnd	1465	693	772
LK-5218095	Maddakalaputharavai 02	gnd	1465	686	779
LK-6175155	Dunakadeniya North	gnd	1465	687	778
LK-7124065	Nikawewa	gnd	1465	660	805
LK-8106125	Rideemaliyadda North	gnd	1465	709	756
LK-1327035	Pahala Nebada	gnd	1464	723	741
LK-2307530	Godigamuwa	gnd	1464	716	748
LK-4115095	Kantharodai	gnd	1464	706	758
LK-4136080	Chundikuli North	gnd	1464	720	744
LK-6149125	Nawagatta	gnd	1464	689	775
LK-6178145	Muthugalayagama	gnd	1464	719	745
LK-6184265	Thumbulla	gnd	1464	710	754
LK-3145200	Anangoda	gnd	1463	700	763
LK-5218050	Karuwaddukal 01	gnd	1463	671	792
LK-6115105	Kotavehera	gnd	1463	708	755
LK-6127325	Madahapola	gnd	1463	727	736
LK-7148110	Nallamudawa	gnd	1463	701	762
LK-8118160	Puhulwatta	gnd	1463	677	786
LK-9206295	Waduwawala	gnd	1463	714	749
LK-9215085	Yattogoda	gnd	1463	660	803
LK-1303130	Thanthirimulla	gnd	1462	662	800
LK-1324010	Mehimulla	gnd	1462	714	748
LK-3135105	Kahawa	gnd	1462	661	801
LK-3309075	Debarawewa	gnd	1462	690	772
LK-5221025	Chenaikudiyiruppu 01A	gnd	1462	660	802
LK-8209055	Dahamgama	gnd	1462	710	752
LK-2112005	Yatawara	gnd	1461	658	803
LK-2145220	Pathamailapitiya North	gnd	1461	694	767
LK-2203195	Danduyaya	gnd	1461	754	707
LK-3133115	Batapola South	gnd	1461	700	761
LK-5215060	Kotavehera	gnd	1461	725	736
LK-6175165	Meegahapelessa	gnd	1461	699	762
LK-9209285	Rahala	gnd	1461	707	754
LK-5118095	Iruthayapuram East	gnd	1460	678	782
LK-7145105	Makulewa	gnd	1460	712	748
LK-9206150	Weligalla	gnd	1460	711	749
LK-1109255	Battaramulla South	gnd	1459	692	767
LK-1115085	Akaravita	gnd	1459	705	754
LK-5327130	Iqbal Nagar	gnd	1459	710	749
LK-6181265	Marandagolla	gnd	1459	702	757
LK-1112095	Godagama North	gnd	1458	727	731
LK-1230070	Kirindiwela	gnd	1458	696	762
LK-1233060	Maligathenna	gnd	1458	712	746
LK-1321080	Kalapugama	gnd	1458	729	729
LK-2136080	Pelawa Ihala Meda	gnd	1458	724	734
LK-3130060	Nugethota	gnd	1458	690	768
LK-8127250	Karagahaulpatha	gnd	1458	709	749
LK-9212155	Kavudugama	gnd	1458	666	792
LK-1321330	Kalutara South A	gnd	1457	710	747
LK-3221135	Moonamalpe	gnd	1457	694	763
LK-3330215	Sitinamaluwa North	gnd	1457	686	771
LK-7203145	Hathamuna	gnd	1457	685	772
LK-1321270	Palathota	gnd	1456	669	787
LK-1327065	Gamagoda East	gnd	1456	688	768
LK-2230020	Kaikawala	gnd	1456	668	788
LK-3325215	Yahalmulla	gnd	1456	713	743
LK-4133200	Kokuvil Centre West	gnd	1456	701	755
LK-5136140	Mahiloor South West	gnd	1456	710	746
LK-6154230	Akaragana South	gnd	1456	646	810
LK-7130120	Maradankalla	gnd	1456	704	752
LK-9224070	Uduwa	gnd	1456	707	749
LK-1227300	Bemmulla	gnd	1455	700	755
LK-2302305	Thelissagala	gnd	1455	702	753
LK-3321090	Meegas Ara	gnd	1455	711	744
LK-6224140	Anamaduwa	gnd	1455	683	772
LK-8218075	Wasipaha	gnd	1455	700	755
LK-1212685	Delgahamedilla	gnd	1454	757	697
LK-5136135	Mahiloor West	gnd	1454	668	786
LK-9206025	Makehelwala	gnd	1454	679	775
LK-9224090	Udapotha	gnd	1454	679	775
LK-1303005	Horethuduwa North	gnd	1453	687	766
LK-2233175	Warakamura	gnd	1453	672	781
LK-6172150	Mookalanyaya	gnd	1453	714	739
LK-6181175	Maravita	gnd	1453	702	751
LK-7139170	Pahala Kedithokkuwa	gnd	1453	750	703
LK-9118130	Dehigasthalawa	gnd	1453	709	744
LK-9218300	Bopitiya	gnd	1453	713	740
LK-2151055	Kahatapitiya	gnd	1452	683	769
LK-5118115	Gnanasooriyam Square	gnd	1452	686	766
LK-6242050	Weerahena East	gnd	1452	712	740
LK-9221060	Wahakula	gnd	1452	667	785
LK-1330075	Bopitiya West	gnd	1451	707	744
LK-2109070	Rathukoho	gnd	1451	660	791
LK-3118090	Thalangalla East	gnd	1451	712	739
LK-3134045	Thilakagama	gnd	1451	703	748
LK-5233115	Addalachchenai 07	gnd	1451	681	770
LK-6248195	Gonavila South	gnd	1451	667	784
LK-9115215	Naluwela	gnd	1451	678	773
LK-4127135	Puloly Centre	gnd	1450	646	804
LK-4133100	Nallur South	gnd	1450	668	782
LK-6215060	Parana Jumma Palli	gnd	1450	683	767
LK-7115155	Thannayamkulama	gnd	1450	715	735
LK-7215155	Kaduruwela West	gnd	1450	870	580
LK-1212370	Weweldeniya Pahalagama West	gnd	1449	700	749
LK-2303060	Karagasthalawa	gnd	1449	716	733
LK-4109080	Masiapiddy	gnd	1449	661	788
LK-4130195	Kodikamam North	gnd	1449	706	743
LK-6239165	Halpanvila East	gnd	1449	669	780
LK-7212090	Bogaswewa	gnd	1449	734	715
LK-8139040	Diyathalawa	gnd	1449	706	743
LK-1321415	Gallassa	gnd	1448	721	727
LK-2139050	Alanduwaka	gnd	1448	716	732
LK-3115125	Porawagama South	gnd	1448	717	731
LK-6172020	Koshena	gnd	1448	680	768
LK-6245090	Lunuvila South	gnd	1448	680	768
LK-7118105	Gonewa	gnd	1448	742	706
LK-8136085	Madhuragama	gnd	1448	721	727
LK-9218210	Niwatuwa	gnd	1448	666	782
LK-1336130	Midalana	gnd	1447	675	772
LK-8103030	Ginnoruwa	gnd	1447	707	740
LK-2312075	Shanthipura	gnd	1446	672	774
LK-3112035	Dikhena	gnd	1446	713	733
LK-5130010	Munaikkadu North	gnd	1446	667	779
LK-6154195	Henamulla	gnd	1446	669	777
LK-2203065	Yatigalpotta	gnd	1445	684	761
LK-5215020	Gemunupura	gnd	1445	670	775
LK-6149130	Mirihampitiya	gnd	1445	693	752
LK-2203155	Palu Hombawa	gnd	1444	692	752
LK-6127305	Keralankadawala	gnd	1444	718	726
LK-1118150	Madulawa South	gnd	1443	699	744
LK-1330125	Kotagedara	gnd	1443	740	703
LK-7118125	Pallankulama	gnd	1443	684	759
LK-7206220	Mahasenpura	gnd	1443	698	745
LK-1115155	Puwakpitiya	gnd	1442	654	788
LK-1324300	Mullapitiya	gnd	1442	706	736
LK-3148115	Ella Ihala	gnd	1442	712	730
LK-4104015	Karainagar East	gnd	1442	679	763
LK-8124260	Perahettiya	gnd	1442	666	776
LK-9209215	Duldeniya	gnd	1442	679	763
LK-1118190	Miriyagalla	gnd	1441	679	762
LK-3239190	Mirissa South 2	gnd	1441	706	735
LK-6230090	Arachchikattuwa West	gnd	1441	677	764
LK-8124275	Malitta	gnd	1441	690	751
LK-9203425	Kumbaloluwa	gnd	1441	672	769
LK-9206135	Mawanella	gnd	1441	663	778
LK-9221145	Amithirigala South	gnd	1441	698	743
LK-3103115	Gonagalapura	gnd	1440	701	739
LK-4124080	Mulliyan	gnd	1440	700	740
LK-5236115	Akkaraipattu 21	gnd	1440	673	767
LK-5239035	Vachchikudah	gnd	1440	680	760
LK-6169015	Polpitiya	gnd	1440	683	757
LK-3137035	Devinigoda	gnd	1439	668	771
LK-4109130	Marisankoodal	gnd	1439	700	739
LK-5112085	Koduwamadu	gnd	1439	670	769
LK-6233210	Welihena	gnd	1439	694	745
LK-7166110	Dambulu Halmilla Wewa	gnd	1439	720	719
LK-8209095	Monarawana	gnd	1439	678	761
LK-1118070	Pitumpe South	gnd	1438	705	733
LK-3139150	Mahamodara	gnd	1438	662	776
LK-3139205	Kongaha	gnd	1438	704	734
LK-4115060	Thavady East	gnd	1438	685	753
LK-5251060	Panama South	gnd	1438	719	719
LK-6118075	Kanagullewa	gnd	1438	710	728
LK-6187180	Parabevila	gnd	1438	703	735
LK-7118030	Wahamalgollewa Track 05	gnd	1438	711	727
LK-7206010	Jayathugama	gnd	1438	729	709
LK-3239135	Pitidoowa	gnd	1437	711	726
LK-4203165	Pallimunai West	gnd	1437	695	742
LK-5136210	Thuraineelavanai North	gnd	1437	673	764
LK-5233060	Palamuna 03	gnd	1437	708	729
LK-6248145	Pahala Mohottimulla	gnd	1437	701	736
LK-7106085	Gonumeriyawa	gnd	1437	708	729
LK-7163045	Thorane Gama	gnd	1437	730	707
LK-9112050	Alupola	gnd	1437	691	746
LK-1312190	Demodarawatta	gnd	1436	702	734
LK-3230070	Narawelpita North	gnd	1436	706	730
LK-3315200	Bataatha North	gnd	1436	682	754
LK-9142025	Buluwana	gnd	1436	711	725
LK-9209125	Moragammana	gnd	1436	669	767
LK-3148150	Yakkalamulla	gnd	1435	690	745
LK-4109045	Manipay North	gnd	1435	664	771
LK-2157095	Aluthgama	gnd	1434	658	776
LK-5215045	Indrasarapura	gnd	1434	722	712
LK-2230120	Kaineka	gnd	1433	711	722
LK-3128095	Nattewela	gnd	1433	676	757
LK-4121155	Alvai	gnd	1433	702	731
LK-4415125	Mamoolai	gnd	1433	705	728
LK-7154225	Murungahitikanda	gnd	1433	710	723
LK-2203265	Elamalpotha	gnd	1432	687	745
LK-6127395	Baddegama	gnd	1432	691	741
LK-6136055	Deegithawa	gnd	1432	675	757
LK-6172275	Diyadora Ihala Watta	gnd	1432	703	729
LK-6245155	Meda Nainamadama	gnd	1432	657	775
LK-9142050	Hiramadagama	gnd	1432	696	736
LK-2303475	Dunukedeniya	gnd	1431	667	764
LK-3154145	Godawatta	gnd	1431	698	733
LK-5225050	Sainthamaruthu 10	gnd	1431	666	765
LK-8112045	Kivulegedara	gnd	1431	715	716
LK-8115065	Idamegama	gnd	1431	686	745
LK-8127310	Kendagolla	gnd	1431	714	717
LK-1209520	Thotillagahawatta	gnd	1430	708	722
LK-1230010	Indurugalla	gnd	1430	701	729
LK-2112230	Balanagala	gnd	1430	659	771
LK-3109020	Meegaspitiya	gnd	1430	711	719
LK-3145305	Metaramba	gnd	1430	673	757
LK-3212085	Makandura West	gnd	1430	692	738
LK-6172110	Pahala Embawa	gnd	1430	649	781
LK-6224060	Merungoda	gnd	1430	690	740
LK-7142090	04 1/2 Kanuwa	gnd	1430	697	733
LK-7203215	Chandanapokuna	gnd	1430	695	735
LK-9103015	Kalatuwawa East	gnd	1430	707	723
LK-9230120	Viharakanda	gnd	1430	707	723
LK-1224110	Morenna	gnd	1429	660	769
LK-3227110	Ullala West	gnd	1429	705	724
LK-6178155	Hundirapola	gnd	1429	680	749
LK-1209115	Akaragama North	gnd	1428	681	747
LK-1324335	Kadiyawatta	gnd	1428	516	912
LK-4133020	Ariyalai Center West	gnd	1428	610	818
LK-5218075	Sammanthurai 09	gnd	1428	646	782
LK-6248125	Dankotuwa West	gnd	1428	694	734
LK-8136100	Millagama	gnd	1428	725	703
LK-9227065	Amanawala	gnd	1428	721	707
LK-2142115	Millagahamula	gnd	1427	705	722
LK-5242125	Thimbirigolla	gnd	1427	708	719
LK-6236120	Heen Agara	gnd	1427	679	748
LK-7209075	Debarella	gnd	1427	684	743
LK-9224025	Kabagamuwa	gnd	1427	670	757
LK-9233010	Behenella	gnd	1427	714	713
LK-1230110	Radawana South	gnd	1426	685	741
LK-8127055	Gampaha	gnd	1426	695	731
LK-2154155	Miyanagolla	gnd	1425	704	721
LK-3130040	Polgahavila	gnd	1425	666	759
LK-9121030	Pelendakanda	gnd	1425	683	742
LK-6230115	Kumarakattuwa	gnd	1424	711	713
LK-3133165	Eranavila	gnd	1423	669	754
LK-6163170	Thelambugalla	gnd	1423	692	731
LK-1312245	Ihala Kudaligama	gnd	1422	711	711
LK-1339255	Pelawatta West South	gnd	1422	685	737
LK-5225020	Sainthamaruthu 04	gnd	1422	665	757
LK-6154270	Kudumbuwa	gnd	1422	705	717
LK-7112030	Ethdathkalla	gnd	1422	712	710
LK-7145075	Galviharawewa	gnd	1422	722	700
LK-8119050	Lunugala Town	gnd	1422	666	756
LK-9206155	Dodanthale	gnd	1422	688	734
LK-9209130	Gevilipitiya Town	gnd	1422	667	755
LK-1333005	Girikola	gnd	1421	687	734
LK-3106235	Wadumulla	gnd	1421	654	767
LK-3121120	Medagama	gnd	1421	682	739
LK-3133140	Nindana	gnd	1421	684	737
LK-3209005	Batandura South	gnd	1421	706	715
LK-6130120	Diyathure	gnd	1421	755	666
LK-6245095	Bandirippuwa North	gnd	1421	675	746
LK-3135055	Usmudulawa	gnd	1420	650	770
LK-9215045	Kandegedara	gnd	1420	680	740
LK-1233170	Kirikitta North	gnd	1419	689	730
LK-2136050	Gurugama	gnd	1419	683	736
LK-2215030	Kavudupelella	gnd	1419	649	770
LK-3312150	Siriyagama	gnd	1419	728	691
LK-5218060	Karuwaddukal 02	gnd	1419	670	749
LK-5224020	Periyaneelavanai 02	gnd	1419	675	744
LK-6224105	Siyambalagashena	gnd	1419	674	745
LK-8218100	Yakurawa	gnd	1419	672	747
LK-1336060	Morapitiya North	gnd	1418	688	730
LK-4509085	Mavadiyamman	gnd	1418	688	730
LK-1312080	Pahala Naragala	gnd	1417	668	749
LK-3221175	Kapuwatta	gnd	1417	708	709
LK-3248150	Dickwella Central	gnd	1417	673	744
LK-3321230	Buddhiyagama East	gnd	1417	688	729
LK-1209040	Badalgama	gnd	1416	777	639
LK-2121230	Minipe	gnd	1416	665	751
LK-3227025	Eriyathota	gnd	1416	701	715
LK-5133165	Thampalawattai	gnd	1416	631	785
LK-6230140	Kottapitiya	gnd	1416	733	683
LK-9218070	Egalla	gnd	1416	684	732
LK-1309290	Halthotiyawatta	gnd	1415	654	761
LK-2203175	Pathkolagolla	gnd	1415	674	741
LK-8136155	Namunukula	gnd	1415	707	708
LK-9103045	Ganegoda	gnd	1415	698	717
LK-1333070	Kekulandala North	gnd	1414	662	752
LK-2130135	Boowelikada	gnd	1414	694	720
LK-3312060	Siyambalagasvila South	gnd	1414	702	712
LK-7142070	Naigala	gnd	1414	691	723
LK-7218030	Radavigeoya	gnd	1414	698	716
LK-9142080	Alpitiya	gnd	1414	675	739
LK-3315235	Nonagama	gnd	1413	691	722
LK-5233005	Deegawapie 01	gnd	1413	691	722
LK-7206075	Diggalpura	gnd	1413	700	713
LK-9203090	Deliwala	gnd	1413	676	737
LK-1227505	Thihariya West	gnd	1412	653	759
LK-3209030	Ginnaliya North	gnd	1412	673	739
LK-3218145	Bopitiya	gnd	1412	691	721
LK-6106060	Bandaragama	gnd	1412	708	704
LK-6142225	Udawela	gnd	1412	650	762
LK-6169175	Ihala Muruthenge	gnd	1412	719	693
LK-1324090	Munasinghagoda	gnd	1411	715	696
LK-8130115	Yalpathwela	gnd	1411	649	762
LK-9218090	Gasnawa	gnd	1411	643	768
LK-2203280	Hewanwela	gnd	1410	656	754
LK-3230130	Lalpe	gnd	1410	701	709
LK-3303010	Mahagalwewa	gnd	1410	709	701
LK-5216095	Navithanveli 01	gnd	1410	636	774
LK-7118010	Medagama	gnd	1410	717	693
LK-7121015	Kudapattiya	gnd	1410	655	755
LK-7145035	Delnegama	gnd	1410	716	694
LK-8212165	Liyangolla	gnd	1410	694	716
LK-9127090	Digana	gnd	1410	708	702
LK-1306185	Kolamediriya North	gnd	1409	705	704
LK-2112205	Napana	gnd	1409	685	724
LK-2151045	Unambuwa	gnd	1409	635	774
LK-5118075	Thamaraikerny	gnd	1409	638	771
LK-6136265	Horombuwa	gnd	1409	660	749
LK-9206060	Attanagoda	gnd	1409	660	749
LK-9227095	Kirikohuthenna	gnd	1409	684	725
LK-1118050	Waga West	gnd	1408	676	732
LK-1230340	Putupagala	gnd	1408	682	726
LK-2127245	Galamuna	gnd	1408	635	773
LK-2145085	Bootawatta North	gnd	1408	701	707
LK-2303045	Nawa Kadadora	gnd	1408	694	714
LK-3203030	Dangala East	gnd	1408	694	714
LK-3218140	Pahala Maliduwa	gnd	1408	668	740
LK-3309210	Konwelena	gnd	1408	702	706
LK-5234055	Irakkamam 04	gnd	1408	648	760
LK-6124315	Gajaneggama	gnd	1408	680	728
LK-6175045	Kappangamuwa	gnd	1408	649	759
LK-6178220	Meddepola Pahala	gnd	1408	678	730
LK-6187025	Pothuhera West	gnd	1408	681	727
LK-4133040	Ariyalai Centre South	gnd	1407	711	696
LK-5130055	Pandariyaveli	gnd	1407	653	754
LK-9212115	Waldeniya	gnd	1407	655	752
LK-3130065	Agaliya	gnd	1406	680	726
LK-6139135	Bamunugama	gnd	1406	680	726
LK-9130025	Pahala Galathura	gnd	1406	699	707
LK-1227205	Ranpokunagama A Zone	gnd	1405	637	768
LK-1330085	Thambaretiya	gnd	1405	676	729
LK-2121205	Batumulla	gnd	1405	687	718
LK-3203200	Puwakbadovita	gnd	1405	712	693
LK-9151105	Pupulaketiya	gnd	1405	687	718
LK-3242270	Kadeweediya South	gnd	1404	731	673
LK-3315025	Wetiya	gnd	1404	651	753
LK-4415040	Keekkirapuram	gnd	1404	706	698
LK-7130085	Seeppukulama	gnd	1404	674	730
LK-8212040	Pallewela	gnd	1404	711	693
LK-1115195	Walawwatta	gnd	1403	737	666
LK-1206345	Bandarawatta East	gnd	1403	697	706
LK-1330010	Iddagoda East	gnd	1403	684	719
LK-2127375	Aswalapitiya	gnd	1403	691	712
LK-3145130	Halgasmulla	gnd	1403	697	706
LK-3206060	Poddana	gnd	1403	721	682
LK-3224120	Galpamuna	gnd	1403	673	730
LK-3245095	Thalalla Central	gnd	1403	643	760
LK-8115085	Ketakellagama	gnd	1403	668	735
LK-9230015	Eluwana	gnd	1403	663	740
LK-2151155	Udagama	gnd	1402	707	695
LK-6178085	Hamangalla	gnd	1402	679	723
LK-7139075	Adampane	gnd	1402	675	727
LK-7209115	Lankapura	gnd	1402	675	727
LK-7218085	Gangeyaya	gnd	1401	721	680
LK-9142145	Mawathalanda	gnd	1401	680	721
LK-1227570	Wanduramulla	gnd	1400	664	736
LK-3215055	Uggashena	gnd	1400	680	720
LK-3309145	Rubberwatta	gnd	1400	705	695
LK-3312030	Joolgamuwa	gnd	1400	707	693
LK-5245055	Thirukkovil 1	gnd	1400	652	748
LK-8124175	Springvalley Estate	gnd	1400	682	718
LK-9212130	Ekiriyagala	gnd	1400	642	758
LK-9215170	Boyagoda	gnd	1400	669	731
LK-3145285	Batadoowa West	gnd	1399	671	728
LK-4203075	Erukkalampiddy West	gnd	1399	711	688
LK-6245100	Bandirippuwa West	gnd	1399	657	742
LK-7139095	Dunudambuwewa	gnd	1399	681	718
LK-1336205	Batagodavila	gnd	1398	710	688
LK-2221010	Gammaduwa	gnd	1398	629	769
LK-3133060	Kondagala	gnd	1398	644	754
LK-3133110	Batapola West	gnd	1398	671	727
LK-4130145	Sarasalai South	gnd	1398	648	750
LK-5242015	Galmaduwa	gnd	1398	674	724
LK-9118065	Godakumbura	gnd	1398	694	704
LK-9212295	Undugoda	gnd	1398	669	729
LK-1118135	Pahala Padukka	gnd	1397	648	749
LK-2312290	Magoda	gnd	1397	687	710
LK-3209015	Thalapalakanda	gnd	1397	661	736
LK-6103145	Aliyawetunuwewa	gnd	1397	685	712
LK-7121170	Divulwewa	gnd	1397	700	697
LK-7124125	Walahaviddawewa	gnd	1397	678	719
LK-7203040	Rankothgama	gnd	1397	686	711
LK-9133085	Wathurawa	gnd	1397	707	690
LK-9212160	Makoora	gnd	1397	666	731
LK-9221140	Amithirigala North	gnd	1397	692	705
LK-1209220	Diyagampala	gnd	1396	641	755
LK-3330200	Puwakdandawa East	gnd	1396	630	766
LK-1230375	Madurawa	gnd	1395	671	724
LK-3145205	Hinidumgoda	gnd	1395	659	736
LK-3212145	Batadola	gnd	1395	668	727
LK-3242175	Makavita	gnd	1395	678	717
LK-4130225	Ketpeli	gnd	1395	668	727
LK-6242150	Morakele South	gnd	1395	673	722
LK-1324145	Idiriligoda	gnd	1394	655	739
LK-2112130	Kendaliyadda	gnd	1394	665	729
LK-3109190	Ihala Kiripedda	gnd	1394	672	722
LK-3128075	Deiyandara	gnd	1394	654	740
LK-4206015	Paliaru	gnd	1394	715	679
LK-8209035	Aiwela	gnd	1394	698	696
LK-9203325	Hiriwadunna	gnd	1394	662	732
LK-1233145	Aramangoda	gnd	1393	683	710
LK-2136235	Parakatawella	gnd	1393	663	730
LK-5124035	Kattankudy Division 3 East	gnd	1393	667	726
LK-8212140	Kodayana	gnd	1393	670	723
LK-9206095	Uda Makadawara	gnd	1393	693	700
LK-9215080	Palapoluwa	gnd	1393	667	726
LK-2121090	Dambepitiya	gnd	1392	676	716
LK-5112175	Kithul	gnd	1392	666	726
LK-6130095	Ganegoda	gnd	1392	662	730
LK-6178360	Ihala Galayaya	gnd	1392	694	698
LK-8127220	Pallewela	gnd	1392	670	722
LK-1215315	Polwatta East	gnd	1391	660	731
LK-1324315	Galhena	gnd	1391	656	735
LK-3203100	Kiriwelkele South	gnd	1391	648	743
LK-6203005	Duechbay	gnd	1391	716	675
LK-6218090	Mangalaeliya	gnd	1391	683	708
LK-6245115	Kadawatha	gnd	1391	672	719
LK-7136075	Palayakulama	gnd	1391	693	698
LK-8209165	Rattanadeniya	gnd	1391	705	686
LK-1333075	Dapiligoda	gnd	1390	680	710
LK-3128040	Kokawala	gnd	1390	683	707
LK-9124140	Denawaka Udakada	gnd	1390	665	725
LK-9206140	Mawana	gnd	1390	655	735
LK-1227555	Hunupola	gnd	1389	697	692
LK-3145050	Kadurugashena	gnd	1389	672	717
LK-5234015	Irakkamam 02	gnd	1389	675	714
LK-6130255	Periyakadunelawa	gnd	1389	661	728
LK-9145135	Pussathota	gnd	1389	665	724
LK-1303345	Wadduwa South	gnd	1388	680	708
LK-2139320	Aravuwawala	gnd	1388	664	724
LK-3139105	Bataganvila	gnd	1388	630	758
LK-3145145	Thalahitiyawa	gnd	1388	684	704
LK-4127155	Puloly East	gnd	1388	644	744
LK-6127350	Kalugalla	gnd	1388	672	716
LK-6242030	Sandanangama	gnd	1388	655	733
LK-7166080	Katukeliyawa	gnd	1388	650	738
LK-8218165	Muthukeliyawa	gnd	1388	709	679
LK-1115095	Kalu Aggala	gnd	1387	704	683
LK-1115325	Kudakanda	gnd	1387	669	718
LK-1339190	Pelawatta West North	gnd	1387	662	725
LK-3242120	Weliweriya West	gnd	1387	632	755
LK-6172240	Weralugama	gnd	1387	662	725
LK-6209035	Palugassegama	gnd	1387	678	709
LK-6248155	Sendiriyamulla	gnd	1387	685	702
LK-7109085	Moragoda	gnd	1387	655	732
LK-8106110	Mahalunuka	gnd	1387	686	701
LK-1224115	Weediyawatta	gnd	1386	628	758
LK-1227005	Eluwapitiya West	gnd	1386	649	737
LK-1227610	Bopetta South	gnd	1386	682	704
LK-2127180	Sirimalwatta West	gnd	1386	623	763
LK-2127325	Mahawatta South	gnd	1386	646	740
LK-3106020	Wathurawela	gnd	1386	679	707
LK-6106275	Wadugama	gnd	1386	658	728
LK-6136095	Bayawa	gnd	1386	680	706
LK-6236240	Mahabaddegama	gnd	1386	744	642
LK-1333040	Udawela	gnd	1385	670	715
LK-2133130	Hiriyalagammana	gnd	1385	665	720
LK-3106085	Bogahapitiya	gnd	1385	674	711
LK-6224030	Uriyawa	gnd	1385	673	712
LK-6248050	Kirimetiyana North	gnd	1385	633	752
LK-7109120	Kuda Kumbukgollewa	gnd	1385	671	714
LK-7212155	Bandanagala	gnd	1385	693	692
LK-8218085	Maligathenna	gnd	1385	659	726
LK-2133135	Thittapajjala	gnd	1384	671	713
LK-3248095	Wattegama North	gnd	1384	653	731
LK-4309105	Omanthai	gnd	1384	667	717
LK-7212195	Pimburattewa East	gnd	1384	687	697
LK-1218020	Delathura East	gnd	1383	657	726
LK-2203135	Nilagama	gnd	1383	671	712
LK-2206025	Thalkote	gnd	1383	702	681
LK-7206175	Nelumpokuna	gnd	1383	671	712
LK-9130060	Pallekada	gnd	1383	706	677
LK-1212090	Bothale Pahalagama North	gnd	1382	697	685
LK-1230265	Baduwatta	gnd	1382	666	716
LK-2233350	Hunnasgiriyawatta	gnd	1382	688	694
LK-3212070	Gombaddala South	gnd	1382	674	708
LK-5233020	Oluvil 06	gnd	1382	678	704
LK-7109015	Lolugaswewa	gnd	1382	673	709
LK-9142195	Thambagamuwa West	gnd	1382	668	714
LK-4203185	Panankaddikoddu West	gnd	1381	665	716
LK-5248125	Pothuvil 01/Unit III	gnd	1381	658	723
LK-7212250	Kekuluwela	gnd	1381	677	704
LK-9139070	Panapitiya South	gnd	1381	686	695
LK-9151120	Koppakanda	gnd	1381	685	696
LK-9230195	Elavulla	gnd	1381	673	708
LK-1209530	Palugahawela	gnd	1380	670	710
LK-1227705	Paranagama East	gnd	1380	666	714
LK-3333115	Marakolliya	gnd	1380	684	696
LK-4130105	Nunavil West	gnd	1380	646	734
LK-6242005	Pahala Nattandiya	gnd	1380	697	683
LK-7112060	Pemaduwa	gnd	1380	669	711
LK-7145040	Kuda Bellankadawala	gnd	1380	680	700
LK-7166030	Gam Sabha Halmilla Wewa	gnd	1380	663	717
LK-8127335	Kotawera Pahalagama	gnd	1380	672	708
LK-9218375	Weragala	gnd	1380	635	745
LK-3112130	Elpitiya South	gnd	1379	634	745
LK-3221010	Nivithiwelbokka	gnd	1379	659	720
LK-3315085	Bolana North	gnd	1379	677	702
LK-5230075	Ninthavur 06	gnd	1379	605	774
LK-9109030	Akurana	gnd	1379	657	722
LK-9124020	Narangoda	gnd	1379	721	658
LK-3142160	Pelawatta	gnd	1378	653	725
LK-4106060	Tholpuram East	gnd	1378	642	736
LK-6133170	Moragolla	gnd	1378	677	701
LK-7112010	Thanthirimale	gnd	1378	693	685
LK-9224130	Kiriporuwa	gnd	1378	677	701
LK-3306140	Weeravila	gnd	1377	659	718
LK-5230095	Ninthavur 07	gnd	1377	617	760
LK-8130140	Keppetipola	gnd	1377	686	691
LK-1306100	Miriswatta	gnd	1376	648	728
LK-6142215	Kurundupotha	gnd	1376	650	726
LK-6169050	Medelpola	gnd	1376	693	683
LK-7203100	Pasiyawewa	gnd	1376	678	698
LK-9106060	Erathna	gnd	1376	685	691
LK-2112060	Walpaladeniya	gnd	1375	651	724
LK-6106120	Kohombankulama	gnd	1375	681	694
LK-7115040	Elayapattuwa	gnd	1375	653	722
LK-1321175	Rannungala	gnd	1374	678	696
LK-3315275	Thawaluvila	gnd	1374	661	713
LK-1209615	Aluthepola East	gnd	1373	669	704
LK-1212345	Madabavita	gnd	1373	646	727
LK-5221015	Periyaneelavanai  01	gnd	1373	591	782
LK-6160105	Maralanda	gnd	1373	670	703
LK-7154195	Dambewatana	gnd	1373	653	720
LK-8124035	Ketawala	gnd	1373	644	729
LK-1330150	Badugama New Colony	gnd	1372	712	660
LK-2121020	Palugolla	gnd	1372	684	688
LK-4509145	Thirunagar North	gnd	1372	604	768
LK-7157015	Madawala	gnd	1372	792	580
LK-7160155	Palugaswewa Farm	gnd	1372	649	723
LK-7203065	Ulpathwewa	gnd	1372	683	689
LK-7203265	Thambalawewa	gnd	1372	654	718
LK-1321275	Welapura	gnd	1371	650	721
LK-2145015	Wathuliyedda	gnd	1371	704	667
LK-2230145	Galekoluwa	gnd	1371	664	707
LK-4133195	Kokuvil South West	gnd	1371	654	717
LK-6166105	Kalugamuwa	gnd	1371	665	706
LK-6172115	Pahala Piduma	gnd	1371	617	754
LK-6230005	Battaluoya	gnd	1371	646	725
LK-6239110	Mattakotuwella	gnd	1371	674	697
LK-8130160	Thennakonwela	gnd	1371	675	696
LK-1327085	Adhikarigoda	gnd	1370	688	682
LK-3133020	Kaluwadumulla	gnd	1370	683	687
LK-3142190	Navinna	gnd	1370	650	720
LK-3154140	Harumalgoda Central	gnd	1370	633	737
LK-3239050	Midigama East	gnd	1370	673	697
LK-5324020	Malinthurai	gnd	1370	631	739
LK-6175210	Ilippugamuwa	gnd	1370	654	716
LK-6203105	Andankanniya	gnd	1370	665	705
LK-7142055	Randenigama	gnd	1370	659	711
LK-1321115	Pothupitiya West	gnd	1369	654	715
LK-3236035	Medauyangoda	gnd	1369	653	716
LK-3333240	Polommaruwa South	gnd	1369	659	710
LK-5242130	Ambalanoya	gnd	1369	683	686
LK-6142190	Nithalawa	gnd	1369	652	717
LK-7210125	Karapola	gnd	1369	621	748
LK-9103160	Paleegala	gnd	1369	674	695
LK-9212195	Wathura	gnd	1369	650	719
LK-1118105	Ganegoda	gnd	1368	683	685
LK-2230270	Hangarankanda	gnd	1368	634	734
LK-3333260	Pallikkudawa Rural	gnd	1368	729	639
LK-7109140	Viralmurippuwa	gnd	1368	658	710
LK-3318215	Achariyagama	gnd	1367	642	725
LK-5215110	Namaloya I	gnd	1367	679	688
LK-7163005	Namalgamuwa	gnd	1367	644	723
LK-9139025	Bungiriya	gnd	1367	675	692
LK-1339130	Loolbadduwa	gnd	1366	663	703
LK-3112210	Ella Thanabaddegama	gnd	1366	613	753
LK-8203090	Mallehewa	gnd	1366	664	702
LK-9145120	Badullegama	gnd	1366	677	689
LK-9218245	Dedigama	gnd	1366	612	754
LK-1215430	Pattanduwana	gnd	1365	690	675
LK-3245025	Uda Aparekka East	gnd	1365	639	726
LK-4203170	Uppukulam South	gnd	1365	665	700
LK-5127015	Kirankulam	gnd	1365	632	733
LK-5206075	Kehelulla	gnd	1365	662	703
LK-6133145	Hiripitiya	gnd	1365	658	707
LK-6172070	Pallewela	gnd	1365	643	722
LK-6224110	Thattewa	gnd	1365	704	661
LK-6236110	Sembukattiya	gnd	1365	664	701
LK-9215115	Asideniya	gnd	1365	644	721
LK-2233325	Raithalawela	gnd	1364	668	696
LK-3203125	Kosnilgoda	gnd	1364	628	736
LK-3215030	Welihena	gnd	1364	654	710
LK-3315035	Mahajandura	gnd	1364	712	652
LK-3324120	Thalwatta	gnd	1364	654	710
LK-7154260	Kithulhitiyawa	gnd	1364	656	708
LK-7166155	Kalugala	gnd	1364	670	694
LK-1224205	Bollatha West	gnd	1363	648	715
LK-1230055	Pingamuwa	gnd	1363	637	726
LK-2218235	Nagolla	gnd	1363	621	742
LK-5218090	Sammanthurai TD 03	gnd	1363	646	717
LK-5221095	Natpiddimunai (T.P ) 02	gnd	1363	640	723
LK-6154225	Boyagane	gnd	1363	649	714
LK-9218015	Weniwellakaduwa	gnd	1363	666	697
LK-1312150	Bulathsinhala East	gnd	1362	659	703
LK-2142010	Haloya	gnd	1362	671	691
LK-3212170	Makandura East	gnd	1362	664	698
LK-9139015	Nugawela East	gnd	1362	692	670
LK-3145055	Hiyare East	gnd	1361	680	681
LK-3245005	Kadawedduwa West	gnd	1361	633	728
LK-5110085	Thihiliveddai	gnd	1361	665	696
LK-5315120	Peruntheru	gnd	1361	650	711
LK-6248180	Pahala Dummalakotuwa	gnd	1361	626	735
LK-8130265	Hingurugamuwa	gnd	1361	651	710
LK-3133105	Batadoowa	gnd	1360	681	679
LK-3154230	Meegahagoda	gnd	1360	668	692
LK-3306110	Agbopura	gnd	1360	677	683
LK-4104030	Karainagar West	gnd	1360	655	705
LK-5224035	Pandiruppu 01B	gnd	1360	645	715
LK-5303035	Samanpura	gnd	1360	688	672
LK-6172185	Kithalawa	gnd	1360	644	716
LK-6245105	Wennappuwa South	gnd	1360	607	753
LK-7115065	Paniyankadawala	gnd	1360	684	676
LK-7118140	Katupuliyankulama	gnd	1360	654	706
LK-8109065	Komarika	gnd	1360	654	706
LK-1224050	Pahalagama	gnd	1359	634	725
LK-2121150	Maha Eswedduma	gnd	1359	657	702
LK-6178075	Wettewa	gnd	1359	643	716
LK-7109060	Periyakulama	gnd	1359	692	667
LK-8121105	Malangamuwa	gnd	1359	663	696
LK-9118105	Rajawaka	gnd	1359	646	713
LK-3112245	Wathuruvila	gnd	1358	651	707
LK-3215010	Urumutta	gnd	1358	664	694
LK-3315225	Lunama North	gnd	1358	673	685
LK-4127140	Puloly West	gnd	1358	645	713
LK-6157050	Pahala Gettuwana	gnd	1358	660	698
LK-1212290	Keppitiwalana	gnd	1357	662	695
LK-1215510	Asgiriya	gnd	1357	658	699
LK-1336125	Diggoda	gnd	1357	651	706
LK-2302165	Halgolla	gnd	1357	643	714
LK-3115120	Duwegoda	gnd	1357	681	676
LK-4104020	Karainagar Centre	gnd	1357	642	715
LK-4115100	Erlalai West	gnd	1357	665	692
LK-4133080	Kantharmadam South West	gnd	1357	627	730
LK-5245045	Thambiluvil 2 East	gnd	1357	659	698
LK-6209115	Karuwalagaswewa	gnd	1357	667	690
LK-6245150	Wellamankaraya	gnd	1357	707	650
LK-3134070	Hikkaduwa East	gnd	1356	682	674
LK-3206010	Keeriwalagama	gnd	1356	689	667
LK-3221095	Beraleliya	gnd	1356	665	691
LK-3309185	Rathnelumwalayaya	gnd	1356	675	681
LK-3324095	Middeniya West	gnd	1356	649	707
LK-6130085	Thammita	gnd	1356	628	728
LK-6133100	Hettigama	gnd	1356	633	723
LK-7115110	Ilandagahawewa	gnd	1356	666	690
LK-8212035	Govindupura	gnd	1356	660	696
LK-1318110	Weniwelpitiya	gnd	1355	651	704
LK-8139005	Ellagama	gnd	1355	659	696
LK-2136390	Bulumulla	gnd	1354	640	714
LK-4115090	Chunnakam Town West	gnd	1354	661	693
LK-4509170	Urithirapuram East	gnd	1354	631	723
LK-6154105	Kurunegala Town - North	gnd	1354	688	666
LK-6245005	Kolinjadiya West	gnd	1354	609	745
LK-7139105	Katupathwewa	gnd	1354	653	701
LK-7206155	Mandalagiriya	gnd	1354	662	692
LK-2148065	Karagaskada South	gnd	1353	578	775
LK-2154090	Alugolla	gnd	1353	687	666
LK-3242180	Weradoowa	gnd	1353	674	679
LK-3330105	Kahawatta	gnd	1353	654	699
LK-4415165	Mulliyawalai East	gnd	1353	656	697
LK-7121120	Bethkewa - Thulana	gnd	1353	650	703
LK-7136080	Suhadagama	gnd	1353	674	679
LK-8127115	Kodakumbura	gnd	1353	666	687
LK-9103150	Viyalagoda	gnd	1353	665	688
LK-9203130	Kansalagamuwa	gnd	1353	629	724
LK-3209040	Beralapanathara South	gnd	1352	654	698
LK-3309150	Thissamaharama	gnd	1352	637	715
LK-4127150	Puloly North West	gnd	1352	661	691
LK-6221125	Andigama	gnd	1352	632	720
LK-6239025	Thoduwawa South	gnd	1352	626	726
LK-7206015	Ekamuthugama	gnd	1352	691	661
LK-7206165	Viharagama	gnd	1352	653	699
LK-8212185	Ethimale	gnd	1352	680	672
LK-9121095	Liyanagoda	gnd	1352	651	701
LK-1215515	Asgiriya West	gnd	1351	642	709
LK-1227755	Happitiya	gnd	1351	671	680
LK-1321110	Pothupitiya North	gnd	1351	636	715
LK-6175125	Pahalagama	gnd	1351	650	701
LK-6187380	Meddalanda	gnd	1351	641	710
LK-2303370	Pundaluoya North	gnd	1350	611	739
LK-3145175	Meegoda	gnd	1350	645	705
LK-7212190	Ihalawewa	gnd	1350	634	716
LK-8218115	Madugahapattiya	gnd	1350	677	673
LK-9151090	Kella	gnd	1350	660	690
LK-1212085	Keenadeniya	gnd	1349	648	701
LK-1215240	Naiwala West	gnd	1349	624	725
LK-1318075	Arakagoda	gnd	1349	675	674
LK-1321280	Kalutara South	gnd	1349	647	702
LK-1324210	Karandagoda	gnd	1349	654	695
LK-1339165	Yattapatha	gnd	1349	674	675
LK-2130295	Ketawala	gnd	1349	641	708
LK-3124140	Ukovita	gnd	1349	635	714
LK-3245070	Thalalla North	gnd	1349	617	732
LK-6133070	Nelawa	gnd	1349	666	683
LK-6139155	Halmillakotuwa	gnd	1349	651	698
LK-9115040	Udagama	gnd	1349	693	656
LK-9145090	Thalagaskanda	gnd	1349	683	666
LK-1115295	Diddeniya South	gnd	1348	643	705
LK-1230500	Dekatana	gnd	1348	640	708
LK-2230100	Pallegama	gnd	1348	629	719
LK-3218205	Henegama	gnd	1348	645	703
LK-9112160	Banagoda	gnd	1348	665	683
LK-2136220	Haliyadda	gnd	1347	617	730
LK-9133095	Delgoda West	gnd	1347	683	664
LK-1312240	Pahala Kudaligama	gnd	1346	659	687
LK-4115130	Punnalaikadduvan South	gnd	1346	667	679
LK-5236110	Akkaraipattu 20	gnd	1346	615	731
LK-5327195	Bharathipuram	gnd	1346	655	691
LK-6112090	Udangawa	gnd	1346	661	685
LK-7203175	C.P.Pura	gnd	1346	736	610
LK-1306105	Wanduramulla West	gnd	1345	634	711
LK-1336100	Bellana	gnd	1345	647	698
LK-6124145	Divullewa	gnd	1345	658	687
LK-6136145	Amunugama	gnd	1345	657	688
LK-8124045	Hethekma	gnd	1345	639	706
LK-9224100	Narangala	gnd	1345	675	670
LK-3227015	Gathara East	gnd	1344	616	728
LK-3248155	Dickwella Muslim Yonakapura East	gnd	1344	641	703
LK-4127115	Thumpalai East	gnd	1344	652	692
LK-6115140	Nagala	gnd	1344	660	684
LK-6172230	Madakumburumulla	gnd	1344	647	697
LK-6178050	Batapotha Ela	gnd	1344	644	700
LK-7121135	Konwewa	gnd	1344	659	685
LK-7142045	Track 07	gnd	1344	646	698
LK-9218065	Thalgama	gnd	1344	644	700
LK-9227055	Malalpola	gnd	1344	663	681
LK-6245175	Boralessa East	gnd	1343	612	731
LK-9212225	Alapalawala	gnd	1343	635	708
LK-2142030	Godawela	gnd	1342	635	707
LK-3212165	Bamunugama West	gnd	1342	627	715
LK-3215080	Panadugama	gnd	1342	641	701
LK-3309070	Sandungama	gnd	1342	652	690
LK-4127070	Alvai West	gnd	1342	629	713
LK-5245070	Vinayahapuram 1	gnd	1342	661	681
LK-6160030	Hidagolla	gnd	1342	627	715
LK-6233090	Aluthwatta	gnd	1342	603	739
LK-1224300	Yakkala East	gnd	1341	642	699
LK-3212110	Maduwala	gnd	1341	651	690
LK-6124075	Liyanagama	gnd	1341	653	688
LK-6151010	Gonagama	gnd	1341	642	699
LK-6160285	Watareka	gnd	1341	648	693
LK-6212005	Mahameddewa	gnd	1341	678	663
LK-7142060	Track 04	gnd	1341	649	692
LK-9224080	Pelempitiya	gnd	1341	654	687
LK-9230145	Bomaluwa	gnd	1341	619	722
LK-1215310	Polwatta West	gnd	1340	666	674
LK-1318060	Delkada	gnd	1340	665	675
LK-6121180	Magallegama	gnd	1340	646	694
LK-6130290	Medagedara	gnd	1340	648	692
LK-6136105	Magulagama	gnd	1340	621	719
LK-6178435	Malgamuwa	gnd	1340	677	663
LK-7154255	Kandalama West	gnd	1340	680	660
LK-1230465	Dethemulla	gnd	1339	629	710
LK-3134085	Gonapeenuwala West	gnd	1339	624	715
LK-8206015	Galgamuwa	gnd	1339	697	642
LK-1215055	Mabodala North	gnd	1338	639	699
LK-1303240	Pattiya	gnd	1338	651	687
LK-2106315	Kahawatta North	gnd	1338	657	681
LK-3333310	Pahajjawa	gnd	1338	632	706
LK-4506040	Periyakulam	gnd	1338	639	699
LK-2133090	Arambegama	gnd	1337	652	685
LK-3145250	Galgamuwa	gnd	1337	650	687
LK-3333035	Kattakaduwa North	gnd	1337	664	673
LK-6215020	Nelumwewa	gnd	1337	667	670
LK-7118050	Galkandegama	gnd	1337	675	662
LK-7163070	Lolugaswewa	gnd	1337	674	663
LK-1227665	Weerangula	gnd	1336	627	709
LK-1303175	Kuruppumulla	gnd	1336	636	700
LK-3315090	Jansagama	gnd	1336	648	688
LK-3315255	Puhulyaya	gnd	1336	643	693
LK-1312200	Ihala Welgama	gnd	1335	674	661
LK-2109050	Dippitiya	gnd	1335	649	686
LK-3154125	Lanumodara	gnd	1335	644	691
LK-3239015	Moodugamuwa West	gnd	1335	638	697
LK-3333295	Unakooruwa East	gnd	1335	667	668
LK-4136055	Gurunagar West	gnd	1335	631	704
LK-5234020	Irakkamam 08	gnd	1335	629	706
LK-7115085	Ashokaramaya	gnd	1335	648	687
LK-7115115	Vihara Kallanchiya	gnd	1335	632	703
LK-7127100	Hurulunikawewa Track-04	gnd	1335	631	704
LK-8218010	Karandagama	gnd	1335	666	669
LK-1212210	Thilinagama	gnd	1334	623	711
LK-1215380	Doranagoda East	gnd	1334	611	723
LK-1230335	Waharaka	gnd	1334	642	692
LK-1321200	Mahawaskaduwa North	gnd	1334	652	682
LK-2136290	Arambegama East	gnd	1334	620	714
LK-5109005	Nasivanthivu	gnd	1333	653	680
LK-7166065	Aluth Galkiriyagama	gnd	1333	653	680
LK-8127065	Kerklis	gnd	1333	643	690
LK-8130195	Welikadagama	gnd	1333	660	673
LK-1227130	Wataddara	gnd	1332	633	699
LK-1324030	Kuda Payagala South	gnd	1332	647	685
LK-2112200	Thalkotuwa	gnd	1332	660	672
LK-3218215	Gallala	gnd	1332	639	693
LK-3221030	Wahala Kananke South	gnd	1332	618	714
LK-3324115	Ritigaha Yaya	gnd	1332	623	709
LK-6184210	Humbuluwa East	gnd	1332	634	698
LK-7212240	Kandegama	gnd	1332	672	660
LK-8130230	Bogahakumbura	gnd	1332	641	691
LK-9124135	Warigama	gnd	1332	657	675
LK-1209275	Walpita	gnd	1331	619	712
LK-1230255	Weliketiyawatta	gnd	1331	674	657
LK-2230245	Alwatta	gnd	1331	619	712
LK-2312295	Mihindupura	gnd	1331	649	682
LK-3154210	Ahangama Nakanda	gnd	1331	674	657
LK-3239155	Maha Weediya	gnd	1331	640	691
LK-3239175	Mirissa Udumulla	gnd	1331	646	685
LK-5127045	Thalankudah	gnd	1331	587	744
LK-1215560	Yagodamulla South	gnd	1330	646	684
LK-1227670	Weerangula South	gnd	1330	645	685
LK-2206030	Digampathaha	gnd	1330	668	662
LK-5118145	Kallady Mugaththuwaram	gnd	1330	643	687
LK-5133110	Kovilporativu West	gnd	1330	564	766
LK-5215100	Wavinna North	gnd	1330	670	660
LK-6149165	Kanotuwa	gnd	1330	646	684
LK-6187115	Handugala	gnd	1330	652	678
LK-1339150	Katukele Welmeegoda	gnd	1329	643	686
LK-4118070	Neervely West	gnd	1329	635	694
LK-4121020	Karanavai East	gnd	1329	638	691
LK-6133125	Neriyawa	gnd	1329	627	702
LK-6160020	Etagahawela	gnd	1329	626	703
LK-7136015	Kuda Nelubewa	gnd	1329	616	713
LK-1309285	Wewala West	gnd	1328	619	709
LK-6136045	Minuwangete	gnd	1328	640	688
LK-6160145	Mawathagama North	gnd	1328	610	718
LK-7209080	Somapura	gnd	1328	648	680
LK-8136070	Yahalewela	gnd	1328	640	688
LK-9218110	Mahena Colony	gnd	1328	609	719
LK-1115200	Pahala Hanwella	gnd	1327	652	675
LK-5248050	Kundumadu	gnd	1327	640	687
LK-2230030	Kuruwawa	gnd	1326	620	706
LK-2230225	Punchiseluwakanda	gnd	1326	616	710
LK-3112105	Amugoda	gnd	1326	661	665
LK-3224075	Akurugoda North	gnd	1326	630	696
LK-7124025	Weerasole	gnd	1326	617	709
LK-7145055	Lunuwewa	gnd	1326	643	683
LK-1321120	Meda Pothupitiya	gnd	1325	621	704
LK-3106230	Randombe North	gnd	1325	612	713
LK-3203115	Gorakawela	gnd	1325	647	678
LK-4118090	Puttur North	gnd	1325	628	697
LK-5225075	Sainthamaruthu 14	gnd	1325	611	714
LK-8112120	Galauda	gnd	1325	634	691
LK-9118150	Meddekanda	gnd	1325	606	719
LK-4415105	Kumarapuram	gnd	1324	649	675
LK-9103090	Vilegoda East	gnd	1324	651	673
LK-9127085	Batakada	gnd	1324	662	662
LK-1230195	Pallegama South	gnd	1323	633	690
LK-2127130	Bogaskumbura	gnd	1323	634	689
LK-3239120	Galbokka West	gnd	1323	650	673
LK-3315260	Ambalanthota North	gnd	1323	655	668
LK-9206275	Eraminigammana	gnd	1323	644	679
LK-1227030	Hiripitiya East	gnd	1322	638	684
LK-3136015	Hikkaduwa Central	gnd	1322	628	694
LK-3203020	Dangala West	gnd	1322	666	656
LK-4203115	Tharapuram East	gnd	1322	646	676
LK-9103210	Karandana West	gnd	1322	651	671
LK-1318125	Pelpola	gnd	1321	633	688
LK-2151235	Weliganga	gnd	1321	630	691
LK-2203190	Pahala Bambawa	gnd	1321	628	693
LK-4303090	Kanagarayankulam South	gnd	1321	660	661
LK-5324010	Maniarasankulam	gnd	1321	674	647
LK-6142200	Tharana	gnd	1321	646	675
LK-7148010	Pahala Thalawa	gnd	1321	635	686
LK-3130055	Hamingala	gnd	1320	673	647
LK-3145025	Amalgama	gnd	1320	657	663
LK-7215150	Mahasen Pedesa	gnd	1320	636	684
LK-8133010	Konthahela	gnd	1320	648	672
LK-1227235	Ranpokunagama B Zone	gnd	1319	592	727
LK-3312085	Dehigahalanda	gnd	1319	618	701
LK-5216035	Chalambaikerny 03	gnd	1319	622	697
LK-5218230	Vilinayadi 02	gnd	1319	607	712
LK-6224160	Dharmapalaya	gnd	1319	653	666
LK-8212125	Manabharana	gnd	1319	658	661
LK-1212305	Pelapitigama	gnd	1318	648	670
LK-3106090	Galvehera	gnd	1318	595	723
LK-3127190	Keembiela	gnd	1318	660	658
LK-3145225	Ambalanwatta	gnd	1318	610	708
LK-3318255	Thalamporuwa	gnd	1318	662	656
LK-4121160	Alvai South	gnd	1318	619	699
LK-5327165	Peruveli	gnd	1318	622	696
LK-9124100	Alupotha	gnd	1318	659	659
LK-5327160	Iruthayapuram	gnd	1317	642	675
LK-5327190	Azathnagar	gnd	1317	695	622
LK-6106285	Kattakaduwa	gnd	1317	618	699
LK-6145085	Nikapitiya	gnd	1317	661	656
LK-6233170	Ilippadeniya	gnd	1317	614	703
LK-7142030	Track 11	gnd	1317	621	696
LK-8127270	Medagodagama	gnd	1317	665	652
LK-8203105	Karagahawela West	gnd	1317	651	666
LK-9209085	Lambutuwa	gnd	1317	644	673
LK-2312210	Goredihela	gnd	1316	645	671
LK-3139130	Dadalla East	gnd	1316	662	654
LK-3215035	Hawpe	gnd	1316	660	656
LK-6248005	Bothalegama	gnd	1316	622	694
LK-7139055	Lindawewa	gnd	1316	629	687
LK-9121060	Hunuwala South	gnd	1316	619	697
LK-9215020	Makuddala	gnd	1316	631	685
LK-1212645	Kammalpitiya	gnd	1315	653	662
LK-1224090	Thittalapitigoda	gnd	1315	625	690
LK-1227370	Mathalana West	gnd	1315	608	707
LK-3137025	Katudampe	gnd	1315	649	666
LK-3206055	Pathawala Nadakanda	gnd	1315	659	656
LK-3239040	Denuwala	gnd	1315	652	663
LK-5124040	Kattankudy Division 3	gnd	1315	565	750
LK-5230025	Ninthavur 02	gnd	1315	580	735
LK-5236005	Alim Nagar	gnd	1315	635	680
LK-6139040	Beddegama	gnd	1315	667	648
LK-1330265	Walagedara South	gnd	1314	628	686
LK-2121065	Kindigoda North	gnd	1314	662	652
LK-2203235	Beligamuwa	gnd	1314	628	686
LK-3218020	Maramba North	gnd	1314	642	672
LK-5227060	Karaitheevu 08	gnd	1314	630	684
LK-6233105	Munneshwarama	gnd	1314	618	696
LK-8130055	Palugama Ella	gnd	1314	625	689
LK-3142025	Panvila	gnd	1313	613	700
LK-3151130	Imaduwa	gnd	1313	621	692
LK-4121165	Alvai East	gnd	1313	612	701
LK-8124250	Wepassawela	gnd	1313	630	683
LK-9215130	Imbulgala	gnd	1313	627	686
LK-1336035	Ilukpatha	gnd	1312	657	655
LK-2109150	Dunuvila South	gnd	1312	656	656
LK-3145010	Niyagama	gnd	1312	643	669
LK-7127085	Palugollagama	gnd	1312	652	660
LK-9209205	Getaberi Kanda	gnd	1312	631	681
LK-9218145	Othnapitiya	gnd	1312	626	686
LK-6163420	Metiyampotha	gnd	1311	606	705
LK-6224080	Periyakulama	gnd	1311	641	670
LK-3151075	Angulugaha	gnd	1310	637	673
LK-6181120	Kivulegedara	gnd	1310	619	691
LK-7163025	Usgala Halmillawewa	gnd	1310	657	653
LK-1336180	Kalugala	gnd	1309	636	673
LK-3133120	Dorala	gnd	1309	621	688
LK-5118090	Thissaweerasingam Square	gnd	1309	620	689
LK-7118130	Mahawewa	gnd	1309	631	678
LK-1224160	Kosovita	gnd	1308	609	699
LK-1303250	Pattiya South	gnd	1308	615	693
LK-1327145	Nehinna	gnd	1308	634	674
LK-2154060	Giraulla	gnd	1308	624	684
LK-3136020	Hikkaduwa West	gnd	1308	621	687
LK-3218080	Ketanvila	gnd	1308	626	682
LK-4409060	Theravil	gnd	1308	633	675
LK-6124165	Karambe	gnd	1308	641	667
LK-6224035	Koilandigama	gnd	1308	654	654
LK-7124005	Wahalkada D 2	gnd	1308	630	678
LK-8206020	Inginiyagala	gnd	1308	651	657
LK-9121065	Dandeniya	gnd	1308	658	650
LK-9203210	Eriyawa	gnd	1308	589	719
LK-1227275	Dadagamuwa	gnd	1307	611	696
LK-2127020	Alawathugirigama	gnd	1307	620	687
LK-3324150	Udagomadiya	gnd	1307	658	649
LK-6172025	Pahala Galpola	gnd	1307	637	670
LK-6172175	Wahumuwa	gnd	1307	609	698
LK-6245065	Ulhitiyawa North	gnd	1307	586	721
LK-9127005	Kahawatta	gnd	1307	666	641
LK-9233100	Rasnakkanda	gnd	1307	638	669
LK-1230485	Indolamulla	gnd	1306	622	684
LK-1318155	Mulkadakanda	gnd	1306	625	681
LK-2127265	Kumbukkandura South	gnd	1306	603	703
LK-2151035	Rathmalkaduwa	gnd	1306	614	692
LK-2302455	Kolapathana	gnd	1306	602	704
LK-3148055	Pahala Thellambura	gnd	1306	619	687
LK-3209200	Panakaduwa East	gnd	1306	659	647
LK-3236140	Naimbala 2	gnd	1306	622	684
LK-3309125	Randunu Watta	gnd	1306	654	652
LK-9206245	Lewke	gnd	1306	645	661
LK-2139565	Delgahapitiya	gnd	1305	608	697
LK-3224140	Sulthanagoda East	gnd	1305	617	688
LK-5103075	Kayankerny	gnd	1305	647	658
LK-5218010	Sammanthurai 08	gnd	1305	672	633
LK-6151105	Gurulepola	gnd	1305	596	709
LK-6239180	Thalvila	gnd	1305	600	705
LK-7163125	Verunkulama	gnd	1305	581	724
LK-8118130	Thennuge	gnd	1305	622	683
LK-8139125	Thotalagala	gnd	1305	640	665
LK-8203040	Pitakumbura	gnd	1305	633	672
LK-1236035	Thalawathuhenpita South	gnd	1304	643	661
LK-2103110	Galagedara Madige South	gnd	1304	609	695
LK-3248240	Lunukalapuwa	gnd	1304	602	702
LK-6236215	Galmuruwa South	gnd	1304	644	660
LK-7109115	Kadawathgama	gnd	1304	630	674
LK-7124080	Puhulewewa	gnd	1304	638	666
LK-9215040	Walagama	gnd	1304	588	716
LK-2121115	Mahayaya South	gnd	1303	649	654
LK-5324090	Periya Kinniya	gnd	1303	606	697
LK-1212565	Nungamuwa	gnd	1302	604	698
LK-3315190	Pallegama	gnd	1302	638	664
LK-6248175	Etiyawala North	gnd	1302	615	687
LK-8218130	Ranugalla	gnd	1302	643	659
LK-9133065	Wembiyagoda	gnd	1302	646	656
LK-9212015	Dimbulgamuwa	gnd	1302	604	698
LK-4415070	Keppapulavu	gnd	1301	630	671
LK-5236085	Town Division 02	gnd	1301	606	695
LK-6248105	Meda Katukenda	gnd	1301	639	662
LK-8230035	Mahawewa	gnd	1301	668	633
LK-2109040	Arambepola	gnd	1300	607	693
LK-2112030	Bogahakumbura	gnd	1300	622	678
LK-2206290	Lenadora South	gnd	1300	635	665
LK-6103065	Hasthirajapura	gnd	1300	625	675
LK-6172195	Bohingamuwa	gnd	1300	621	679
LK-7142095	Sirimapura	gnd	1300	632	668
LK-8127155	Paranagama	gnd	1300	637	663
LK-8209155	Kendavinna	gnd	1300	668	632
LK-9209025	Kande Watta	gnd	1300	616	684
LK-2312050	Kandapola	gnd	1299	604	695
LK-3203095	Kudagalahena	gnd	1299	625	674
LK-3218090	Ellewela	gnd	1299	626	673
LK-3309140	Uduvila	gnd	1299	630	669
LK-6124100	Daladagama	gnd	1299	641	658
LK-8203070	Radaliyadda	gnd	1299	635	664
LK-3151095	Pelawatta	gnd	1298	623	675
LK-5103080	Vattavan	gnd	1298	642	656
LK-6145310	Hidiyamulla	gnd	1298	599	699
LK-6242160	Morakele North	gnd	1298	624	674
LK-7103050	Mahasenpura	gnd	1298	633	665
LK-8203045	Hamapola	gnd	1298	631	667
LK-9127045	Dellabada	gnd	1298	624	674
LK-3128085	Pitiharawa	gnd	1297	635	662
LK-4106020	Arali West	gnd	1297	627	670
LK-4121150	Nelliaddy East	gnd	1297	590	707
LK-4509040	Kanagampikaikulam	gnd	1297	601	696
LK-6184260	Nawathalwatta	gnd	1297	597	700
LK-7206080	Wedehapura	gnd	1297	613	684
LK-1227725	Rathambale	gnd	1296	631	665
LK-2233195	Dumbukola	gnd	1296	597	699
LK-5133170	Kaneshapuram	gnd	1296	548	748
LK-7145125	Hureegaswewa	gnd	1296	633	663
LK-2112105	Meegammana West	gnd	1295	594	701
LK-2203010	Dewahoowa Colony 2	gnd	1295	650	645
LK-6172145	Delana	gnd	1295	622	673
LK-6218065	Pubudugama	gnd	1295	618	677
LK-6242010	Mailawa	gnd	1295	602	693
LK-9203260	Pinnawala	gnd	1295	597	698
LK-1312005	Ihala Naragala	gnd	1294	633	661
LK-3142220	Paliwathugoda	gnd	1294	582	712
LK-3248130	Dodampahala Central	gnd	1294	642	652
LK-3318040	Thalawa South	gnd	1294	626	668
LK-5227080	Karaitheevu 11	gnd	1294	595	699
LK-6181055	Dambagirigama East	gnd	1294	639	655
LK-9212135	Deewela Medagama	gnd	1294	611	683
LK-1121045	Rukmale East A	gnd	1293	617	676
LK-2139385	Eladetta West	gnd	1293	624	669
LK-3118040	Thawalama North	gnd	1293	622	671
LK-3154075	Thalpe East	gnd	1293	635	658
LK-5130020	Muthalaikkudah West	gnd	1293	593	700
LK-5236080	Akkaraipattu 10	gnd	1293	591	702
LK-7115105	Mahamankadawala	gnd	1293	635	658
LK-1224085	Boraliyawatha	gnd	1292	643	649
LK-1224285	Galthotamulla	gnd	1292	617	675
LK-2130190	Godagandeniya	gnd	1292	617	675
LK-2134095	Weligodapola	gnd	1292	617	675
LK-2142165	Pitawala	gnd	1292	616	676
LK-2315115	Morahenagama	gnd	1292	614	678
LK-3115030	Karawwa	gnd	1292	654	638
LK-3115080	Weihena	gnd	1292	610	682
LK-3139240	Dewathura	gnd	1292	597	695
LK-7212205	Veheragala	gnd	1292	629	663
LK-1215085	Watinapaha South	gnd	1291	615	676
LK-2227135	Naminigama	gnd	1291	606	685
LK-4506050	Puliyampokkanai	gnd	1291	622	669
LK-7118035	Sangilikanadarawa	gnd	1291	644	647
LK-7157040	Horivila	gnd	1291	615	676
LK-8115040	Pussellawa	gnd	1291	760	531
LK-1215395	Doranagoda West	gnd	1290	608	682
LK-2218205	Sinhala Town	gnd	1290	584	706
LK-2315140	Lakshapana	gnd	1290	602	688
LK-3145120	Pinnadoowa Colony	gnd	1290	622	668
LK-3212105	Seenipella West	gnd	1290	612	678
LK-4115080	Chunnakam Town East	gnd	1290	610	680
LK-6121055	Ihakolagama	gnd	1290	622	668
LK-7112025	Thuppitiyawa	gnd	1290	670	620
LK-1215575	Kotugoda 2	gnd	1289	661	628
LK-1309280	Horana South	gnd	1289	629	660
LK-2121155	Rathnella	gnd	1289	623	666
LK-3209055	Pathavita	gnd	1289	659	630
LK-3218130	Eramudugoda	gnd	1289	635	654
LK-4203135	Pattithoddam	gnd	1289	619	670
LK-4509020	Anaivilunthankulam	gnd	1289	642	647
LK-5234005	Irakkamam 07	gnd	1289	624	665
LK-1115230	Weragolla South	gnd	1288	723	565
LK-3124245	Hangaranwala	gnd	1288	635	653
LK-6130020	Diddeniya	gnd	1288	641	647
LK-6130090	Thihawa	gnd	1288	604	684
LK-7139100	Thimbiriwewa	gnd	1288	627	661
LK-7210115	Sevanapitiya	gnd	1288	645	643
LK-1136360	Regidel Watta	gnd	1287	647	640
LK-2230015	Ihala Owala	gnd	1287	615	672
LK-7209050	Pansalgodella	gnd	1287	609	678
LK-9145050	Weligepola	gnd	1287	628	659
LK-1230270	Mandawala South	gnd	1286	589	697
LK-1339030	Lihiniyawa East	gnd	1286	635	651
LK-3124220	Yatalamatta East	gnd	1286	595	691
LK-3245130	Gandara East	gnd	1286	624	662
LK-5130075	Arasaditivu	gnd	1286	579	707
LK-5239065	Akkaraipattu 8	gnd	1286	605	681
LK-6136170	Padeniya	gnd	1286	605	681
LK-2139450	Hathnagoda	gnd	1285	595	690
LK-3133015	Karittakanda	gnd	1285	571	714
LK-5225040	Sainthamaruthu 08	gnd	1285	588	697
LK-8139130	Galkanda	gnd	1285	617	668
LK-9212200	Meedeniya South	gnd	1285	623	662
LK-1215215	Metikotumulla	gnd	1284	614	670
LK-1230560	Galpothugoda	gnd	1284	631	653
LK-3137125	Hegoda	gnd	1284	627	657
LK-3218045	Weliketiya	gnd	1284	621	663
LK-3325050	Udahagoda	gnd	1284	612	672
LK-7112055	Mahavillachchiya	gnd	1284	632	652
LK-8106095	Gamakumbura North	gnd	1284	620	664
LK-1227700	Paranagama	gnd	1283	621	662
LK-1327215	Puhambugoda West	gnd	1283	618	665
LK-3145210	Kerenvila Colony	gnd	1283	614	669
LK-3324260	Karametiya	gnd	1283	609	674
LK-4412015	Indupuram	gnd	1283	663	620
LK-5209075	Lahugala	gnd	1283	650	633
LK-6154050	Ginikarawa	gnd	1283	602	681
LK-7163035	Kattaragama	gnd	1283	625	658
LK-3242310	Thalpavila South	gnd	1282	608	674
LK-2130290	Lewla	gnd	1281	620	661
LK-4415150	Mullivaikkal East	gnd	1281	604	677
LK-5224105	Chenaikudiyiruppu 01B	gnd	1281	602	679
LK-6169045	Thoranegedara	gnd	1281	605	676
LK-7212280	Selasumgama	gnd	1281	634	647
LK-8124215	Uva Mahawela	gnd	1281	616	665
LK-9215070	Hathnagoda	gnd	1281	621	660
LK-2124225	Madapola	gnd	1280	614	666
LK-2215120	Deevilla North	gnd	1280	618	662
LK-3227070	Godawa	gnd	1280	596	684
LK-3306060	Mahanagapura	gnd	1280	644	636
LK-4112175	Myliddy North	gnd	1280	611	669
LK-6130005	Welgala	gnd	1280	635	645
LK-6169105	Alahitiyawa	gnd	1280	600	680
LK-1215095	Kamaragoda	gnd	1279	603	676
LK-2121060	Dambagahawela	gnd	1279	622	657
LK-2133365	Wegiriya	gnd	1279	597	682
LK-6145110	Palugaswewa	gnd	1279	627	652
LK-7136090	Kaluarachchiyagama	gnd	1279	622	657
LK-1212725	Debahera	gnd	1278	644	634
LK-3154080	Kahawennagama	gnd	1278	615	663
LK-3248110	Wevurukannala	gnd	1278	626	652
LK-3333015	Thalunna	gnd	1278	640	638
LK-3333120	Medagama	gnd	1278	600	678
LK-5103060	Kirimichchai	gnd	1278	601	677
LK-1227605	Meevitigammana	gnd	1277	611	666
LK-1230235	Mawatha	gnd	1277	634	643
LK-4121115	Thunnalai South	gnd	1277	609	668
LK-4133185	Kokuvil West	gnd	1277	602	675
LK-6124300	Panwewa	gnd	1277	608	669
LK-6145105	Nallura	gnd	1277	608	669
LK-6224120	Bammannegama	gnd	1277	618	659
LK-7142100	Panthiyawa	gnd	1277	620	657
LK-2112120	Pallethalavinna Ihala	gnd	1276	567	709
LK-5136200	Periyakallar 03 South	gnd	1276	621	655
LK-6203085	Thalavila West	gnd	1276	647	629
LK-1112395	Heraliyawala	gnd	1275	648	627
LK-2109065	Malgamandeniya	gnd	1275	586	689
LK-2157105	Dekinda	gnd	1275	642	633
LK-3139035	Ginthota East	gnd	1275	625	650
LK-3142125	Galketiya	gnd	1275	612	663
LK-3151015	Kabaragala	gnd	1275	594	681
LK-3325195	Wattehengoda	gnd	1275	587	688
LK-5330060	Mahaweligama	gnd	1275	650	625
LK-6130055	Ussawa	gnd	1275	628	647
LK-6169010	Dalupothagama	gnd	1275	623	652
LK-7145020	Solama	gnd	1275	638	637
LK-8209005	Pothubandhana	gnd	1275	653	622
LK-8209170	Amunekandura	gnd	1275	631	644
LK-1227415	Alawala North	gnd	1274	604	670
LK-1230445	Bangalawatta	gnd	1274	627	647
LK-3203150	Pitabeddara	gnd	1274	595	679
LK-5216025	Central Camp 06	gnd	1274	568	706
LK-6124295	Thalagalla	gnd	1274	663	611
LK-6181050	Ginigathpitiya	gnd	1274	616	658
LK-8224005	Uda Arawa	gnd	1274	603	671
LK-1312145	Karaldekma	gnd	1273	642	631
LK-1324345	Adikarigoda	gnd	1273	600	673
LK-3321245	Agrahera	gnd	1273	606	667
LK-5121115	Koththiyapulai	gnd	1273	608	665
LK-8124285	Warakadanda	gnd	1273	620	653
LK-8206055	Ruwalwela	gnd	1273	621	652
LK-1209455	Wattemulla	gnd	1272	603	669
LK-3112195	Igala Thalawa East	gnd	1272	611	661
LK-5218150	Block 'J' West 01	gnd	1272	578	694
LK-6130320	Hangamuwa	gnd	1272	612	660
LK-6154040	Rangama	gnd	1272	612	660
LK-3130020	Maddevila	gnd	1271	625	646
LK-6145015	Dothella	gnd	1271	586	685
LK-7212150	Nuwaragala	gnd	1271	600	671
LK-8106035	Aralupitiya	gnd	1271	650	621
LK-1215045	Watinapaha	gnd	1270	587	683
LK-1310005	Menerigama	gnd	1270	616	654
LK-3145015	Ambagahavila	gnd	1270	642	628
LK-5303040	Sri Thissapura	gnd	1270	636	634
LK-6136135	Netiya	gnd	1270	598	672
LK-6224155	Wadigamangawa	gnd	1270	610	660
LK-7154140	Neekiniyawa	gnd	1270	591	679
LK-7203195	Henkolawela	gnd	1270	622	648
LK-8139065	Viharakele	gnd	1270	611	659
LK-9118035	Yahalewela	gnd	1270	627	643
LK-9212090	Pallewela	gnd	1270	594	676
LK-1315135	Warakagoda North	gnd	1269	629	640
LK-2139115	Mampitiya	gnd	1269	631	638
LK-2139440	Dehipagoda East	gnd	1269	614	655
LK-3118175	Weerapana South	gnd	1269	614	655
LK-3209155	Bengamuwa South	gnd	1269	634	635
LK-3215060	Vilpita West	gnd	1269	628	641
LK-6142140	Vilattawa Palatha	gnd	1269	607	662
LK-6227090	Thammana	gnd	1269	629	640
LK-1230030	Mailawalana	gnd	1268	623	645
LK-1230060	Pahala Millathe	gnd	1268	634	634
LK-1321150	Panapitiya North	gnd	1268	597	671
LK-3154010	Bonavistawa	gnd	1268	585	683
LK-6160110	Arampola	gnd	1268	614	654
LK-7124160	Puliyankadawala	gnd	1268	659	609
LK-7136035	Maha Nelubewa	gnd	1268	584	684
LK-7154060	Heenukkiriyawa	gnd	1268	620	648
LK-8130205	Udupeella	gnd	1268	597	671
LK-3324060	Middeniya North	gnd	1267	629	638
LK-5330025	Thanganagar	gnd	1267	612	655
LK-6230085	Sengaloya	gnd	1267	604	663
LK-9106175	Theppanawa Pahalagama	gnd	1267	606	661
LK-9215155	Narangoda	gnd	1267	597	670
LK-1230155	Kendagolla	gnd	1266	652	614
LK-2118150	Hunnasgiriya	gnd	1266	597	669
LK-2151085	Sinhapitiya South	gnd	1266	578	688
LK-3230170	Narawelpita West	gnd	1266	628	638
LK-5248135	Pothuvil 02 / Unit 2	gnd	1266	581	685
LK-3124155	Udalamatta North	gnd	1265	599	666
LK-4409010	Iranaippalai	gnd	1265	598	667
LK-6121155	Othota Divullewa	gnd	1265	606	659
LK-6212025	Miyellewa	gnd	1265	616	649
LK-7157080	Kashyapagama	gnd	1265	626	639
LK-8124185	Beddegama	gnd	1265	586	679
LK-1230600	Pahala Dompe	gnd	1264	642	622
LK-2127190	Sirimalwatta Pallegama	gnd	1264	571	693
LK-3154180	Kathaluwa East	gnd	1264	629	635
LK-5245040	Thambiluvil 2 North	gnd	1264	594	670
LK-6142015	Pahala Thalampola	gnd	1264	619	645
LK-7166115	Narangaswewa	gnd	1264	615	649
LK-9224035	Ambuwakka	gnd	1264	569	695
LK-2106135	Rambukewela	gnd	1263	606	657
LK-2203220	Medabedda North	gnd	1263	612	651
LK-3115025	Pitigala	gnd	1263	593	670
LK-3136060	Narigama Wellabada	gnd	1263	623	640
LK-5327050	Thahanagar	gnd	1263	607	656
LK-6145080	Girathalana	gnd	1263	585	678
LK-6178160	Welpalla	gnd	1263	597	666
LK-9121090	Batadura	gnd	1263	608	655
LK-1324225	Paranakade	gnd	1262	624	638
LK-3103180	Kolaniya	gnd	1262	588	674
LK-6175105	Karandavila	gnd	1262	593	669
LK-6175120	Paranagama	gnd	1262	619	643
LK-6248070	Haldanduwana North	gnd	1262	569	693
LK-7121175	Diganhalmillawewa	gnd	1262	556	706
LK-7215040	Monarathenna	gnd	1262	596	666
LK-2136375	Arambegama West	gnd	1261	594	667
LK-2206110	Pallegama	gnd	1261	634	627
LK-3306090	Mihindupura	gnd	1261	612	649
LK-3309130	Molakepoopathana	gnd	1261	624	637
LK-5127050	Manmunai	gnd	1261	607	654
LK-6154180	Udawalpola	gnd	1261	616	645
LK-7127200	Manankattiya	gnd	1261	612	649
LK-7151135	Alisthana	gnd	1261	644	617
LK-7215115	Nikawewa	gnd	1261	578	683
LK-8118020	Dambakote	gnd	1261	623	638
LK-9215025	Weragoda	gnd	1261	620	641
LK-9215110	Mayfield	gnd	1261	589	672
LK-1303320	Wadduwa West	gnd	1260	593	667
LK-2133280	Etamurungagoda	gnd	1260	583	677
LK-2206150	Yakkuragala North	gnd	1260	589	671
LK-3128030	Pahala Lelwala	gnd	1260	600	660
LK-3245060	Naotunna	gnd	1260	584	676
LK-4509135	Sivanagar	gnd	1260	608	652
LK-6224050	Maha Uswewa North	gnd	1260	567	693
LK-7124060	Thimbiriattawala	gnd	1260	605	655
LK-8130135	Erabadda	gnd	1260	617	643
LK-2130015	Pitakanda Gama	gnd	1259	619	640
LK-3128070	Wanduramba South	gnd	1259	612	647
LK-4215040	Veppankulam	gnd	1259	640	619
LK-4415220	Uppumaveli	gnd	1259	584	675
LK-6139030	Wannigama	gnd	1259	593	666
LK-6145025	Mandapola	gnd	1259	573	686
LK-7139155	Jayagama	gnd	1259	616	643
LK-8212095	Pallegama	gnd	1259	631	628
LK-1227320	Thiriwanegama South	gnd	1258	602	656
LK-3148060	Ihala Thellambura	gnd	1258	599	659
LK-4104040	Karainagar South	gnd	1258	574	684
LK-6130040	Omaragolla	gnd	1258	602	656
LK-6175190	Nawasigahawatta	gnd	1258	598	660
LK-7145030	Eriyagama	gnd	1258	635	623
LK-8212145	Nugagahakivula	gnd	1258	657	601
LK-9212140	Deewela Pallegama	gnd	1258	591	667
LK-1327030	Pelapitiyagoda North	gnd	1257	621	636
LK-2112090	Pitiyegedara	gnd	1257	620	637
LK-4130030	Kaithady West	gnd	1257	557	700
LK-7151180	Ihala Ambathale	gnd	1257	627	630
LK-8106155	Dikkendayaya	gnd	1257	621	636
LK-8124235	Niliathugoda	gnd	1257	622	635
LK-9142215	Mahagama West	gnd	1257	618	639
LK-9212025	Diyagama	gnd	1257	600	657
LK-1215545	Nedagamuwa South	gnd	1256	608	648
LK-3127225	Walpita South	gnd	1256	606	650
LK-3230145	Udupeellegoda West	gnd	1256	590	666
LK-4130275	Karambaikkurichchi	gnd	1256	593	663
LK-5221135	Kalmunai  02	gnd	1256	595	661
LK-6184285	Miriheliya	gnd	1256	597	659
LK-6248055	Kirimetiyana West	gnd	1256	584	672
LK-9145080	Urawala	gnd	1256	643	613
LK-1212255	Pohonnaruwa	gnd	1255	624	631
LK-1310045	Handapangoda West	gnd	1255	580	675
LK-2136045	Wathurakumbura	gnd	1255	623	632
LK-2142105	Kahawatta	gnd	1255	619	636
LK-3154155	Koggala Athireka I	gnd	1255	621	634
LK-3242060	Thudawa East	gnd	1255	582	673
LK-4415200	Selvapuram	gnd	1255	603	652
LK-7206210	Sansungama	gnd	1255	619	636
LK-8133135	Mahaulpatha	gnd	1255	580	675
LK-8212215	Ethimale Colony	gnd	1255	611	644
LK-1327055	Thebuwana West	gnd	1254	601	653
LK-3236200	Dematahettigoda	gnd	1254	584	670
LK-8124010	Wegama	gnd	1254	593	661
LK-8142080	Ampitithenna	gnd	1254	561	693
LK-1324085	Pothuvila West	gnd	1253	614	639
LK-2109060	Konakalagala	gnd	1253	593	660
LK-3215120	Balakawala	gnd	1253	596	657
LK-6172325	Katuwattewela	gnd	1253	584	669
LK-7115055	Galkadawala	gnd	1253	613	640
LK-9203330	Bathambure	gnd	1253	563	690
LK-1209510	Henpitagedara	gnd	1252	621	631
LK-2221080	Hunukete	gnd	1252	629	623
LK-3118030	Kudugalpala	gnd	1252	628	624
LK-4112095	Thanthai Selvapuram	gnd	1252	583	669
LK-7124115	Ihala Angunachchiya	gnd	1252	604	648
LK-7203165	Rajaelagama	gnd	1252	612	640
LK-7215095	Palugasdamana South	gnd	1252	592	660
LK-8127230	Kurundugolla	gnd	1252	634	618
LK-8203055	Kokunnewa	gnd	1252	625	627
LK-1224250	Moragoda 1	gnd	1251	583	668
LK-1227660	Mattagoda	gnd	1251	626	625
LK-1312210	Paragoda East	gnd	1251	614	637
LK-1315115	Keselhenawa	gnd	1251	602	649
LK-1324065	Katukurundugahalanda West	gnd	1251	623	628
LK-2145170	Moragolla	gnd	1251	604	647
LK-3239185	Mirissa North	gnd	1251	604	647
LK-5124050	Kattankudy Division 4 West	gnd	1251	561	690
LK-6149105	Kedapath Vehera	gnd	1251	619	632
LK-7166120	Ulpathagama	gnd	1251	588	663
LK-7210095	Welikanda	gnd	1251	665	586
LK-9206310	Ambaruppa	gnd	1251	642	609
LK-2218020	Madawala	gnd	1250	582	668
LK-3239105	Pelena North	gnd	1250	623	627
LK-3330225	Sitinamaluwa South	gnd	1250	611	639
LK-4509195	Uttupulam	gnd	1250	615	635
LK-5136055	Kaluthawalai Central	gnd	1250	595	655
LK-7115010	Asirikgama	gnd	1250	607	643
LK-7148105	Mawathawewa	gnd	1250	608	642
LK-8142195	Mahalanda	gnd	1250	708	542
LK-9121015	Malmeekanda	gnd	1250	608	642
LK-1306280	Epitamulla	gnd	1249	619	630
LK-4203120	Tharapuram West	gnd	1249	612	637
LK-6136245	Elavitigama	gnd	1249	588	661
LK-6178110	Hengawa	gnd	1249	607	642
LK-8133005	Mathetilla	gnd	1249	618	631
LK-1215060	Ihala Vithanamulla	gnd	1248	568	680
LK-1318090	Yalagala	gnd	1248	601	647
LK-3203015	Ambewela	gnd	1248	603	645
LK-5121065	Kurinchamunai	gnd	1248	603	645
LK-5248080	Komarie 02	gnd	1248	614	634
LK-5324125	Kattaiaru	gnd	1248	629	619
LK-6227025	Periyamaduwa	gnd	1248	606	642
LK-7166095	Hinguruwelpitiya	gnd	1248	655	593
LK-8209135	Ilukkumbura	gnd	1248	659	589
LK-9142130	Balavinna North	gnd	1248	614	634
LK-1212440	Borukgamuwa	gnd	1247	586	661
LK-2203255	Palapathwala	gnd	1247	609	638
LK-2315025	Ambagamuwa North	gnd	1247	565	682
LK-3239095	Henwala East	gnd	1247	608	639
LK-5218100	Maddakalaputharavai 01	gnd	1247	568	679
LK-6133065	Pannawa	gnd	1247	598	649
LK-7154105	Maldenipura	gnd	1247	618	629
LK-1303015	Horethuduwa Central	gnd	1246	596	650
LK-3221165	Borala	gnd	1246	589	657
LK-3239145	Walliwala West	gnd	1246	607	639
LK-4133030	Ariyalai Centre North	gnd	1246	601	645
LK-6136025	Ebawalapitiya	gnd	1246	618	628
LK-6136160	Ipalawa	gnd	1246	630	616
LK-6136235	Rathmale	gnd	1246	600	646
LK-7209005	Weli Ela	gnd	1246	600	646
LK-9103125	Kendangamuwa	gnd	1246	650	596
LK-9233085	Nakkavita	gnd	1246	596	650
LK-1310075	Nambapana	gnd	1245	595	650
LK-1330030	Bopitiya East	gnd	1245	625	620
LK-2151080	Sinhapitiya North	gnd	1245	629	616
LK-3151055	Paragoda	gnd	1245	574	671
LK-3230025	Meeella	gnd	1245	596	649
LK-4303085	Puliyankulam North	gnd	1245	641	604
LK-5227065	Karaitheevu 07	gnd	1245	594	651
LK-6103010	Bambare	gnd	1245	587	658
LK-7148185	Ihalagama	gnd	1245	617	628
LK-9133150	Hapugoda	gnd	1245	613	632
LK-2112260	Hamindagoda	gnd	1244	587	657
LK-6203020	Sinnakudirippu	gnd	1244	569	675
LK-7109100	Angunochchiya	gnd	1244	583	661
LK-9121080	Hattella	gnd	1244	622	622
LK-1212605	Kumbaloluwa Ihala	gnd	1243	618	625
LK-1227075	Wedagama	gnd	1243	613	630
LK-3148215	Pahala Walpola	gnd	1243	600	643
LK-3236095	Wellethota	gnd	1243	609	634
LK-4121075	Karanavai Centre	gnd	1243	583	660
LK-5218130	Malwatte 02	gnd	1243	586	657
LK-9133125	Dolekanda	gnd	1243	591	652
LK-9212170	Thalewala	gnd	1243	591	652
LK-2206175	Dambulugama	gnd	1242	609	633
LK-3106075	Ahungalla	gnd	1242	614	628
LK-3206135	Koodaludeniya	gnd	1242	615	627
LK-3325200	Horewela	gnd	1242	607	635
LK-5115070	Eravur 06	gnd	1242	551	691
LK-5118210	Thimilathivu	gnd	1242	573	669
LK-5206005	Galode	gnd	1242	607	635
LK-7112040	Palugaswewa	gnd	1242	615	627
LK-7115035	Maningamuwa	gnd	1242	637	605
LK-7118005	Kolibendawewa	gnd	1242	560	682
LK-8142120	Watagamuwa	gnd	1242	579	663
LK-8212155	Indigasella	gnd	1242	615	627
LK-1233040	Ambagaspitiya	gnd	1241	591	650
LK-1312120	Amaragedara South	gnd	1241	629	612
LK-5133030	Mavetkudah	gnd	1241	561	680
LK-6112015	Belungala	gnd	1241	618	623
LK-1209010	Ambalayaya	gnd	1240	613	627
LK-1227250	Orchardwatta North	gnd	1240	607	633
LK-2303405	Sheengama	gnd	1240	565	675
LK-4121065	Karanavai North	gnd	1240	611	629
LK-7121180	Kelenikawewa	gnd	1240	620	620
LK-8124005	Kokatiyamaluwa	gnd	1240	572	668
LK-3127230	Gonapura	gnd	1239	582	657
LK-3209085	Ginnaliya South	gnd	1239	619	620
LK-5327065	Ralkully	gnd	1239	618	621
LK-7215060	Sinharajapura	gnd	1239	625	614
LK-9227085	Dunukedeniya	gnd	1239	596	643
LK-1115090	Kahatapitiya	gnd	1238	612	626
LK-1209380	Barawavila	gnd	1238	572	666
LK-1227405	Welikadamulla	gnd	1238	597	641
LK-1310100	Eduragala	gnd	1238	614	624
LK-2121100	Mahayaya North	gnd	1238	561	677
LK-5212230	Dadayanthalawa West	gnd	1238	595	643
LK-5242055	Hindakalugama	gnd	1238	615	623
LK-6103105	Warawewa	gnd	1238	609	629
LK-6248065	Pansal Handiya	gnd	1238	599	639
LK-1233125	Amunukumbura South	gnd	1237	603	634
LK-1312055	Bulathsinhala North	gnd	1237	601	636
LK-2218050	Walliwela	gnd	1237	577	660
LK-3139030	Ginthota West	gnd	1237	592	645
LK-3145085	Ihalagoda West	gnd	1237	583	654
LK-3239170	Garanduwa	gnd	1237	602	635
LK-3315165	Palugaha Godella	gnd	1237	610	627
LK-5212025	Rajagalathenna South	gnd	1237	614	623
LK-6124195	Rekogama	gnd	1237	592	645
LK-6245040	Lunuvila West	gnd	1237	615	622
LK-8139055	Welanhinna	gnd	1237	573	664
LK-1310040	Handapangoda East	gnd	1236	558	678
LK-2121035	Himbutuwa	gnd	1236	610	626
LK-3142205	Ambagahawatta	gnd	1236	547	689
LK-3312065	Siyambalagasvila North	gnd	1236	623	613
LK-5236070	Akkaraipattu 01	gnd	1236	562	674
LK-7115030	Maha Ehetuwewa	gnd	1236	648	588
LK-7160085	Galwanguwa	gnd	1236	612	624
LK-7215070	Medamaluwa	gnd	1236	616	620
LK-9112010	Ketawala	gnd	1236	614	622
LK-9206240	Daswatta	gnd	1236	588	648
LK-9224125	Thelkumuduwala	gnd	1236	593	643
LK-1233055	Pasgammana	gnd	1235	607	628
LK-1318150	Batagoda	gnd	1235	586	649
LK-2310570	Galkadapathana	gnd	1235	584	651
LK-3203025	Banagala East	gnd	1235	584	651
LK-3239125	Paranakade	gnd	1235	616	619
LK-5225025	Sainthamaruthu 05	gnd	1235	571	664
LK-5239100	Sinna Panankadu	gnd	1235	576	659
LK-8127315	Yahala Arawa	gnd	1235	595	640
LK-9218275	Kinivita	gnd	1235	602	633
LK-1206385	Alawathupitiya	gnd	1234	573	661
LK-2112055	Aluthgama	gnd	1234	586	648
LK-2233250	Elkaduwa Watta	gnd	1234	599	635
LK-3128050	Wanduramba	gnd	1234	593	641
LK-3248090	Wattegama	gnd	1234	605	629
LK-4136110	Vannarpannai	gnd	1234	581	653
LK-5309035	Kivulakadawala	gnd	1234	587	647
LK-7209105	Thalpotha	gnd	1234	599	635
LK-9142030	Makandura	gnd	1234	607	627
LK-1115220	Brandigampala	gnd	1233	584	649
LK-1209065	Polwatta	gnd	1233	598	635
LK-2139380	Ambarapola	gnd	1233	567	666
LK-2203130	Pattiwela	gnd	1233	609	624
LK-3135015	Dewagoda East	gnd	1233	600	633
LK-6160040	Tharapotha	gnd	1233	602	631
LK-6166145	Ambahera	gnd	1233	593	640
LK-9209005	Deewela Udagama	gnd	1233	573	660
LK-1215445	Yagodamulla	gnd	1232	577	655
LK-1306165	Raigama South	gnd	1232	618	614
LK-2154120	Ethgala West	gnd	1232	592	640
LK-9203105	Kotawella	gnd	1232	557	675
LK-2130145	Bogambara	gnd	1231	507	724
LK-3218070	Kohugoda	gnd	1231	635	596
LK-6106045	Mahagalkadawala	gnd	1231	607	624
LK-6166075	Clovis Watta	gnd	1231	587	644
LK-7103035	Bisokotuwa	gnd	1231	623	608
LK-9103200	Sirisamanpura	gnd	1231	621	610
LK-9118020	Bulathgama	gnd	1231	600	631
LK-9130100	Pimbura	gnd	1231	613	618
LK-3215065	Kanahalagama	gnd	1230	614	616
LK-6106180	Bulnewa	gnd	1230	612	618
LK-6184190	Pahala Walakumbura	gnd	1230	586	644
LK-6245245	Waikkala South	gnd	1230	566	664
LK-8139050	Aluthwela	gnd	1230	581	649
LK-9115160	Pandeniya	gnd	1230	596	634
LK-1209580	Ullalapola West	gnd	1229	594	635
LK-1324155	Magalkanda North	gnd	1229	618	611
LK-2303040	Nawa Morape	gnd	1229	587	642
LK-3203120	Siyambalagoda West	gnd	1229	580	649
LK-3212080	Beragama South	gnd	1229	624	605
LK-5318010	Palampoddaru	gnd	1229	584	645
LK-6166035	Weerambugedara	gnd	1229	603	626
LK-8118100	Kanahela	gnd	1229	583	646
LK-1230105	Kithulakanda	gnd	1228	571	657
LK-1310055	Handapangoda South	gnd	1228	598	630
LK-3130090	Waduwelivitiya North	gnd	1228	604	624
LK-3221125	Uruvitiya	gnd	1228	615	613
LK-3248220	Beliwatta	gnd	1228	564	664
LK-3309160	Rana Keliya	gnd	1228	618	610
LK-7148045	Hinguruwewa	gnd	1228	616	612
LK-9212215	Godigamuwa	gnd	1228	600	628
LK-9218125	Nape	gnd	1228	579	649
LK-1315150	Warakagoda East	gnd	1227	606	621
LK-1327155	Thudugala West	gnd	1227	599	628
LK-2142100	Thundeniya	gnd	1227	609	618
LK-2233330	Kaduwela	gnd	1227	605	622
LK-5127095	Kovilkulam	gnd	1227	591	636
LK-5327145	Thoppur	gnd	1227	621	606
LK-6203145	Daluwa	gnd	1227	572	655
LK-9133015	Meepagama	gnd	1227	596	631
LK-9233055	Anhettigama	gnd	1227	578	649
LK-2124335	Vilamuna	gnd	1226	577	649
LK-2157135	Mapakanda South	gnd	1226	535	691
LK-3218185	Melewwa	gnd	1226	572	654
LK-4130085	Manduvil	gnd	1226	568	658
LK-6178340	Thambakanda	gnd	1226	601	625
LK-7166070	Daniyagama	gnd	1226	583	643
LK-8112005	Mahakele	gnd	1226	605	621
LK-8203080	Wegama	gnd	1226	594	632
LK-3303100	Habarattawala	gnd	1225	614	611
LK-7151145	Wanamal Uyana	gnd	1225	595	630
LK-9209165	Keerapana	gnd	1225	557	668
LK-2112135	Girakaduwa	gnd	1224	582	642
LK-2221085	Metihakka	gnd	1224	578	646
LK-5206060	Moradeniya	gnd	1224	618	606
LK-7154250	Dunumadalawa	gnd	1224	555	669
LK-9212105	Nilmalgoda	gnd	1224	562	662
LK-3115095	Porawagama	gnd	1223	603	620
LK-3148075	Kottawa	gnd	1223	575	648
LK-5218210	Malwatte 01	gnd	1223	584	639
LK-6245230	Aluttota	gnd	1223	569	654
LK-7121095	Kokmaduwa	gnd	1223	595	628
LK-8112050	Kirivehera	gnd	1223	604	619
LK-8233020	Weliara	gnd	1223	603	620
LK-1215185	Pansilgoda	gnd	1222	601	621
LK-1333165	Rathmale East	gnd	1222	604	618
LK-2112255	Abasingama	gnd	1222	553	669
LK-3318065	Amarathungagama	gnd	1222	608	614
LK-4418025	Janakapura	gnd	1222	615	607
LK-5216065	Sorikalmunai 1	gnd	1222	549	673
LK-6169005	Karangamuwa	gnd	1222	575	647
LK-9115205	Welanhinna	gnd	1222	594	628
LK-1118130	Poregedara	gnd	1221	588	633
LK-2133030	Dembaralawa	gnd	1221	561	660
LK-2145135	Uduwela Udagama East	gnd	1221	595	626
LK-3242020	Parawahera East	gnd	1221	594	627
LK-5233150	Addalachchenai 05	gnd	1221	637	584
LK-6106135	Ihala Palukandewa	gnd	1221	601	620
LK-6121160	Halmillewa	gnd	1221	582	639
LK-6142175	Horagasagara	gnd	1221	578	643
LK-7121050	Dachchihalmillawewa	gnd	1221	583	638
LK-7166005	Nelliyagama	gnd	1221	582	639
LK-8119070	Gallulla	gnd	1221	570	651
LK-8218155	Athala	gnd	1221	619	602
LK-1324045	Viharakanda	gnd	1220	606	614
LK-2130120	Mahanuwara	gnd	1220	797	423
LK-2139590	Hondiyadeniya	gnd	1220	578	642
LK-3151160	Ampavila	gnd	1220	607	613
LK-6136030	Mellapotta	gnd	1220	602	618
LK-6233190	Melpura	gnd	1220	553	667
LK-7160040	Ipalogama	gnd	1220	592	628
LK-7203180	Girithale	gnd	1220	566	654
LK-2157045	Weligampola	gnd	1219	609	610
LK-7112005	Dematamalgama	gnd	1219	608	611
LK-8133140	Darahitawanagoda	gnd	1219	584	635
LK-8212200	Perakumpura	gnd	1219	610	609
LK-9145055	Udagangoda	gnd	1219	610	609
LK-1324305	Gammedda	gnd	1218	596	622
LK-3115090	Naranovita	gnd	1218	584	634
LK-3209080	Ginnaliya West	gnd	1218	606	612
LK-3245045	Beddegammedda	gnd	1218	556	662
LK-5224130	Kalmunai 02A	gnd	1218	549	669
LK-5242160	Pannalgama	gnd	1218	595	623
LK-6109150	Gurugoda	gnd	1218	571	647
LK-6139020	Hengamuwa	gnd	1218	582	636
LK-7148140	Galwaduwagama	gnd	1218	589	629
LK-7203225	Yaya 12 Pedesa	gnd	1218	609	609
LK-9115155	Gurubevila	gnd	1218	599	619
LK-9118200	Thalangama	gnd	1218	595	623
LK-9215065	Nawagamuwa	gnd	1218	581	637
LK-2106305	Diwanawatta	gnd	1217	577	640
LK-2142080	Naranvita	gnd	1217	572	645
LK-3221065	Hallala	gnd	1217	576	641
LK-6187375	Polgahawela North	gnd	1217	538	679
LK-7136095	Pahalawewa	gnd	1217	583	634
LK-7206030	Wadigawewa	gnd	1217	590	627
LK-8118165	Maussagolla West	gnd	1217	574	643
LK-9215195	Lahupana	gnd	1217	578	639
LK-1212525	Bataleeya	gnd	1216	584	632
LK-1224275	Keselwathugoda South	gnd	1216	568	648
LK-1318165	Dombagoda	gnd	1216	582	634
LK-3128025	Ihala Lelwala	gnd	1216	573	643
LK-3242315	Gandarawatta	gnd	1216	541	675
LK-6184180	Ihala Walakumbura	gnd	1216	602	614
LK-6224095	Wadatta	gnd	1216	629	587
LK-2136115	Pahala Dodamwala	gnd	1215	596	619
LK-3106110	Makumbura	gnd	1215	577	638
LK-3112185	Pituwala North	gnd	1215	565	650
LK-3151030	Bedipita	gnd	1215	585	630
LK-3306135	Ranasiripura	gnd	1215	614	601
LK-5121030	Eachchantivu	gnd	1215	600	615
LK-5221085	Kalmunai  01	gnd	1215	557	658
LK-6178280	Elivila	gnd	1215	561	654
LK-8221030	Galbokka	gnd	1215	589	626
LK-1310115	Rathmalgoda East	gnd	1214	574	640
LK-3127110	Mahahengoda	gnd	1214	591	623
LK-3206110	Nishshankapura	gnd	1214	585	629
LK-3248165	Dickwella South	gnd	1214	595	619
LK-5136030	Thettativu North	gnd	1214	579	635
LK-5318040	Thampalagauwa	gnd	1214	566	648
LK-6149150	Wedanda	gnd	1214	574	640
LK-8124050	Deegalla	gnd	1214	578	636
LK-8218025	Thalawagama	gnd	1214	595	619
LK-2218215	Hulangamuwa South	gnd	1213	578	635
LK-3106070	Kosgoda	gnd	1213	542	671
LK-3212220	Horapavita North	gnd	1213	554	659
LK-3227115	Mapalana Mangin Ihala	gnd	1213	580	633
LK-6148100	Kanduboda	gnd	1213	593	620
LK-6187325	Epakanda	gnd	1213	583	630
LK-8139045	Jayaminipura	gnd	1213	567	646
LK-5248055	Pothuvil 01/Unit II	gnd	1212	578	634
LK-9112015	Guruluwana	gnd	1212	607	605
LK-9115030	Bolthumbe	gnd	1212	550	662
LK-9221105	Bopetta	gnd	1212	573	639
LK-1212205	Walawwatta	gnd	1211	564	647
LK-1321260	Thotupala	gnd	1211	609	602
LK-1321385	Katukurunda	gnd	1211	545	666
LK-2315010	Pitawala	gnd	1211	580	631
LK-3209185	Ehelakanda	gnd	1211	596	615
LK-3324085	Murungasyaya East	gnd	1211	593	618
LK-9103185	Kiriporuwa	gnd	1211	586	625
LK-9121070	Wallaketiya	gnd	1211	599	612
LK-1312265	Muduna	gnd	1210	602	608
LK-2127210	Hapuwala	gnd	1210	578	632
LK-3121170	Pahala Millawa	gnd	1210	633	577
LK-3148210	Welendawa	gnd	1210	593	617
LK-3327045	Wijayasiripura	gnd	1210	586	624
LK-4418045	Nikawewa South	gnd	1210	605	605
LK-6103175	Sangappalaya	gnd	1210	602	608
LK-7215010	Sinhapura	gnd	1210	594	616
LK-1209420	Parana Halpe West	gnd	1209	577	632
LK-1209475	Balagalla West	gnd	1209	568	641
LK-2203060	Pahala Wewa	gnd	1209	593	616
LK-6127005	Kumbukkadawala	gnd	1209	567	642
LK-7109035	Etaweeragollewa	gnd	1209	571	638
LK-8130250	Helayalkumbura	gnd	1209	587	622
LK-1215530	Madelgamuwa East	gnd	1208	557	651
LK-1306045	Samaranayakapura	gnd	1208	588	620
LK-1336085	Bellana East	gnd	1208	570	638
LK-2139150	Angunawala East	gnd	1208	578	630
LK-6127165	Hathpokuna	gnd	1208	587	621
LK-8215020	Debeddekivula	gnd	1208	572	636
LK-9142090	Kompitiya	gnd	1208	576	632
LK-9218220	Thalliyadda	gnd	1208	594	614
LK-1212450	Weragoda/ Kakkele	gnd	1207	583	624
LK-3209050	Wijayagama	gnd	1207	600	607
LK-5127055	Vedarkudiyiruppu	gnd	1207	539	668
LK-9115085	Puwakgahawela	gnd	1207	570	637
LK-3218190	Paraduwa North	gnd	1206	561	645
LK-3324225	Weerakkuttigoda	gnd	1206	605	601
LK-4215005	Arippu West	gnd	1206	609	597
LK-6149055	Thalgahagama	gnd	1206	610	596
LK-6236150	Karukkuwa	gnd	1206	607	599
LK-7157065	Kelewa	gnd	1206	584	622
LK-9142075	Weralugahamula	gnd	1206	596	610
LK-1324310	Kaluwamodara North	gnd	1205	568	637
LK-2303100	Rajaela	gnd	1205	573	632
LK-3206130	Waralla	gnd	1205	585	620
LK-4130165	Ramavil	gnd	1205	542	663
LK-6239200	Ihala Hattiniya	gnd	1205	557	648
LK-9209020	Uduwewela	gnd	1205	595	610
LK-1233150	Kahatana	gnd	1204	576	628
LK-3154200	Pelessa	gnd	1204	610	594
LK-5230125	Ninthavur 23	gnd	1204	599	605
LK-6163395	Hewenpola	gnd	1204	603	601
LK-8127090	Pitiyakumbura	gnd	1204	564	640
LK-1212710	Hakwadunna	gnd	1203	594	609
LK-1215105	Horampella South	gnd	1203	582	621
LK-3218155	Imbulgoda	gnd	1203	569	634
LK-4112150	Varuthalaivilan	gnd	1203	581	622
LK-4409025	Manikkapuram	gnd	1203	574	629
LK-4509205	Vannerikulam	gnd	1203	576	627
LK-6127215	Angulgamuwa	gnd	1203	539	664
LK-6133110	Nikagolla	gnd	1203	570	633
LK-6178430	Narangamuwa	gnd	1203	557	646
LK-6184325	Bujjomuwa	gnd	1203	576	627
LK-7154095	Railway Town	gnd	1203	576	627
LK-8127095	Bambarapana	gnd	1203	571	632
LK-8136065	Medawela West	gnd	1203	595	608
LK-1315095	Kudayala	gnd	1202	588	614
LK-2136245	Diyapalagoda	gnd	1202	575	627
LK-2157110	Mapakanda North	gnd	1202	571	631
LK-3109055	Siripura	gnd	1202	576	626
LK-3315060	Punchihenayagama	gnd	1202	590	612
LK-6157070	Denagamuwa	gnd	1202	539	663
LK-9203430	Kavudaulla	gnd	1202	560	642
LK-9212190	Wadupola	gnd	1202	585	617
LK-1233120	Puwakpitiya	gnd	1201	576	625
LK-2121225	Muttettuthenna	gnd	1201	629	572
LK-5225060	Sainthamaruthu 13	gnd	1201	580	621
LK-5233075	Addalachchenai 02	gnd	1201	567	634
LK-5242045	Padagoda	gnd	1201	573	628
LK-6112120	Kettapahuwa	gnd	1201	573	628
LK-6245020	Sirigampala North	gnd	1201	578	623
LK-8127170	Ethkandawaka	gnd	1201	577	624
LK-8203175	Kuruwamba	gnd	1201	545	656
LK-1227480	Mathalana	gnd	1200	587	613
LK-1230115	Alliyawatta	gnd	1200	567	633
LK-1321170	Panapitiya South	gnd	1200	570	630
LK-2112160	Millanga	gnd	1200	568	632
LK-2127340	Arangala South	gnd	1200	558	642
LK-5121100	Unnichchai	gnd	1200	585	615
LK-5242050	Pahalalanda	gnd	1200	585	615
LK-7160080	Ganthiriyagama	gnd	1200	601	599
LK-3206100	Nawalahena	gnd	1199	575	624
LK-5127060	Mavilankanthurai	gnd	1199	588	611
LK-5133120	Munaitivu	gnd	1199	477	722
LK-5224010	Periyaneelavanai 01A	gnd	1199	580	619
LK-6236200	Suduwella	gnd	1199	595	604
LK-6242040	Meda Thabbowa	gnd	1199	583	616
LK-7136050	Pawakkulama	gnd	1199	597	602
LK-9151020	Helaudakanda	gnd	1199	607	592
LK-9218380	Pallepelpita	gnd	1199	574	625
LK-9233070	Polgaswatta	gnd	1199	588	611
LK-1212730	Mawathahena	gnd	1198	566	632
LK-1333090	Pinnagoda	gnd	1198	571	627
LK-2151185	Amuhena	gnd	1198	584	614
LK-2154040	Ethgala North	gnd	1198	577	621
LK-2233290	Maberiya	gnd	1198	544	654
LK-5109010	Valachchenai Tamil	gnd	1198	559	639
LK-5315090	Mihindupura	gnd	1198	574	624
LK-6127370	Kalawana	gnd	1198	606	592
LK-6172190	Yakarawatta	gnd	1198	561	637
LK-6233140	Karavitagara East	gnd	1198	579	619
LK-7203115	Pulathisigama	gnd	1198	547	651
LK-9115170	Maddethalawa	gnd	1198	575	623
LK-3137120	Mahahegoda	gnd	1197	576	621
LK-5115065	Eravur 06D	gnd	1197	530	667
LK-6139005	Hathalawa	gnd	1197	581	616
LK-6157030	Ranawana	gnd	1197	577	620
LK-6245185	Nainamadama West	gnd	1197	552	645
LK-7209040	Patunugama	gnd	1197	611	586
LK-8124265	Katugaha	gnd	1197	593	604
LK-9118120	Thotupalathenna	gnd	1197	595	602
LK-1224460	Pahala Imbulgoda East	gnd	1196	574	622
LK-1227125	Hiripitiya South	gnd	1196	559	637
LK-3128055	Gulugahakanda	gnd	1196	598	598
LK-3139045	Bope North	gnd	1196	569	627
LK-5136065	Kaluthawalai 3	gnd	1196	565	631
LK-8121115	Vineethagama	gnd	1196	573	623
LK-9103060	Kalatuwawa West	gnd	1196	592	604
LK-1224235	Neduna	gnd	1195	548	647
LK-2127145	Amunugama South	gnd	1195	581	614
LK-3133145	Lewdoowa	gnd	1195	572	623
LK-4418010	Kalyanapura	gnd	1195	625	570
LK-6142100	Wanduressa	gnd	1195	595	600
LK-6178135	Raddalana	gnd	1195	567	628
LK-1118140	Liyanwala	gnd	1194	567	627
LK-2136255	Karuwalawatta	gnd	1194	567	627
LK-3203195	Wathurakumbura	gnd	1194	584	610
LK-5306070	Cassimnagar	gnd	1194	593	601
LK-7212070	Pahala Yakkure	gnd	1194	601	593
LK-9206270	Thambavita	gnd	1194	576	618
LK-1230440	Poogoda	gnd	1193	608	585
LK-1318055	Raddegoda	gnd	1193	584	609
LK-1339010	Pannila East	gnd	1193	568	625
LK-2106225	Paleepana	gnd	1193	544	649
LK-2136060	Kobbekaduwa	gnd	1193	563	630
LK-6212090	Inginimitiya West	gnd	1193	591	602
LK-9221125	Indurana	gnd	1193	586	607
LK-9221130	Puranpotta	gnd	1193	583	610
LK-1206005	Muruthana	gnd	1192	570	622
LK-9130095	Paragala	gnd	1192	578	614
LK-9215225	Hapudeniya	gnd	1192	552	640
LK-1212490	Millawala	gnd	1191	597	594
LK-1224025	Welikada	gnd	1191	558	633
LK-2218075	Imbulandanda	gnd	1191	580	611
LK-3139010	Ukwatta West	gnd	1191	598	593
LK-5136190	Periyakallar 02 West	gnd	1191	554	637
LK-5324050	Alankerny	gnd	1191	549	642
LK-6145265	Dahanekgedara	gnd	1191	595	596
LK-9115130	Passaramulla	gnd	1191	596	595
LK-9227110	Weeragalla	gnd	1191	607	584
LK-1212610	Kumbaloluwa Pahala	gnd	1190	521	669
LK-2133390	Pallemulla	gnd	1190	520	670
LK-2203120	Galapamula	gnd	1190	570	620
LK-3227190	Palolpitiya	gnd	1190	551	639
LK-3242285	Kotuwegoda North	gnd	1190	575	615
LK-3325105	Pahalawatta	gnd	1190	556	634
LK-4130130	Madduvil North	gnd	1190	562	628
LK-4509125	Rathinapuram	gnd	1190	552	638
LK-6142135	Bingiriya	gnd	1190	560	630
LK-7112050	Kuda Vilachchiya	gnd	1190	584	606
LK-7160135	Vijithapura	gnd	1190	575	615
LK-1212510	Ilukpatha/ Weragoda	gnd	1189	573	616
LK-1230205	Anuragoda	gnd	1189	580	609
LK-1327040	Nebada	gnd	1189	595	594
LK-2133165	Uduwawala West	gnd	1189	559	630
LK-3112170	Ambana	gnd	1189	579	610
LK-5118140	Koddamunai	gnd	1189	523	666
LK-6103060	Weerapokuna	gnd	1189	578	611
LK-6151165	Dematagahapelessa	gnd	1189	571	618
LK-7212065	Pihitiwewa	gnd	1189	606	583
LK-8209010	Yakunnawa	gnd	1189	605	584
LK-9215210	Udugama	gnd	1189	583	606
LK-1215565	Samurdhigama	gnd	1188	593	595
LK-1230595	Degawatta	gnd	1188	602	586
LK-2145285	Meeruppa	gnd	1188	571	617
LK-3112045	Ihala Omatta	gnd	1188	583	605
LK-3135050	Wellabada	gnd	1188	575	613
LK-3333005	Sudarshanagama	gnd	1188	571	617
LK-7157045	Palugaswewa	gnd	1188	583	605
LK-9118040	Batugammana	gnd	1188	582	606
LK-1115080	Muruthagama	gnd	1187	584	603
LK-2136370	Urapola	gnd	1187	565	622
LK-3109065	Halgahawella	gnd	1187	580	607
LK-3151155	Thittagalla East	gnd	1187	589	598
LK-3203180	Diyadawa	gnd	1187	583	604
LK-3315135	Elegoda East	gnd	1187	580	607
LK-4106050	Vadducoddai South West	gnd	1187	574	613
LK-4124055	Maruthankarny	gnd	1187	576	611
LK-5212105	Gonagala	gnd	1187	584	603
LK-5236100	Akkaraipattu 17	gnd	1187	520	667
LK-6139065	Thelahera	gnd	1187	576	611
LK-6178200	Kadirapola	gnd	1187	567	620
LK-6221015	Kivula No. 4-1	gnd	1187	574	613
LK-6224150	Divulwewa	gnd	1187	593	594
LK-7124045	Dutuwewa	gnd	1187	591	596
LK-1215360	Korase	gnd	1186	575	611
LK-1236135	Peliyagoda Gangabada East	gnd	1186	591	595
LK-1324080	Maha Payagala	gnd	1186	536	650
LK-3209090	Ginnaliya East	gnd	1186	580	606
LK-3321290	Bedigama South	gnd	1186	557	629
LK-6124150	Pailigama	gnd	1186	594	592
LK-7206040	Etambaoya	gnd	1186	576	610
LK-7209020	Sungavila	gnd	1186	591	595
LK-1224080	Baduwathugoda	gnd	1185	557	628
LK-1227440	Palkumbura	gnd	1185	541	644
LK-3309040	Anjaligala	gnd	1185	559	626
LK-3315250	Malpettawa	gnd	1185	588	597
LK-6142060	Koshenagara	gnd	1185	561	624
LK-6172215	Dandagamuwa West	gnd	1185	528	657
LK-6239115	Barudelpola	gnd	1185	577	608
LK-7106100	Aiyathigewewa	gnd	1185	592	593
LK-8212190	Guruhela	gnd	1185	595	590
LK-1209340	Katuwellegama North	gnd	1184	570	614
LK-1321005	Mestiya	gnd	1184	576	608
LK-2139130	Hendeniya East	gnd	1184	564	620
LK-3106050	Nape	gnd	1184	553	631
LK-4509105	Periyaparanthan	gnd	1184	598	586
LK-5309025	Kandamalawa	gnd	1184	576	608
LK-6178040	Ingaradavula	gnd	1184	566	618
LK-6178415	Balawala	gnd	1184	591	593
LK-7163095	Hadungama	gnd	1184	558	626
LK-8203130	Kavudella	gnd	1184	580	604
LK-9103195	Erepola	gnd	1184	582	602
LK-9133045	Kukulegama South	gnd	1184	589	595
LK-9212255	Gurullawala	gnd	1184	574	610
LK-2112195	Ketakahala	gnd	1183	559	624
LK-4112025	Alaveddy Centre	gnd	1183	541	642
LK-4130290	Manthuvil East	gnd	1183	562	621
LK-4133025	Ariyalai S. W. (East)	gnd	1183	555	628
LK-6175010	Kovulwewa	gnd	1183	573	610
LK-8106055	Kudalunuka	gnd	1183	567	616
LK-9115225	Morahela	gnd	1183	572	611
LK-3134040	Kirindiela	gnd	1182	554	628
LK-3212135	Dewalegama West	gnd	1182	585	597
LK-3227105	Ullala Masmulla	gnd	1182	583	599
LK-5318020	Pokkuruni	gnd	1182	559	623
LK-6139090	Boraluwewa	gnd	1182	576	606
LK-6148055	Ranorawa	gnd	1182	555	627
LK-6172210	Dandagamuwa East	gnd	1182	556	626
LK-7148190	Keledivulwewa	gnd	1182	575	607
LK-8106160	Pahalaoyagama	gnd	1182	562	620
LK-8115020	Boliyadda	gnd	1182	556	626
LK-1230090	Kannimahara	gnd	1181	554	627
LK-2139420	Karamada South	gnd	1181	539	642
LK-2212035	Thalakiriyawa	gnd	1181	594	587
LK-3203075	Kodikaragoda East	gnd	1181	581	600
LK-5212215	Sandanadapura	gnd	1181	598	583
LK-6112025	Amunugama	gnd	1181	569	612
LK-7215135	Bendiwewa	gnd	1181	622	559
LK-9215030	Jeewana	gnd	1181	560	621
LK-1209345	Kadawala South	gnd	1180	554	626
LK-3209165	Panakaduwa West	gnd	1180	587	593
LK-8206075	Mariarawa	gnd	1180	583	597
LK-1212100	Kurunduwatta	gnd	1179	582	597
LK-2206105	Etawarahena	gnd	1179	542	637
LK-2309490	Harasbedda North	gnd	1179	587	592
LK-3203140	Mahapothuvila	gnd	1179	575	604
LK-3209065	Moragala	gnd	1179	576	603
LK-3209110	Pothdeniya	gnd	1179	590	589
LK-5136165	Mahiloormunai	gnd	1179	589	590
LK-6178215	Konduruwawela	gnd	1179	554	625
LK-1309265	Munagama West	gnd	1178	535	643
LK-1339060	Maddegama	gnd	1178	546	632
LK-3218165	Akuressa	gnd	1178	546	632
LK-4203045	Pesalai North	gnd	1178	550	628
LK-6124140	Nettipalagama	gnd	1178	570	608
LK-6124155	Kattambuwawa	gnd	1178	559	619
LK-6172075	Pahala Weerambuwa	gnd	1178	555	623
LK-7118080	Wewelketiya	gnd	1178	564	614
LK-1215345	Goigama	gnd	1177	586	591
LK-1306040	Rerukana	gnd	1177	544	633
LK-1330210	Walagedara North	gnd	1177	565	612
LK-3115035	Boraluwahena	gnd	1177	579	598
LK-3236175	Nadugala 1	gnd	1177	573	604
LK-5133185	Kaakkachchivaddai	gnd	1177	500	677
LK-6151135	Udabadalawa	gnd	1177	534	643
LK-1233070	Batepola	gnd	1176	601	575
LK-3106220	Kurunduwatta	gnd	1176	573	603
LK-3227060	Lenabatuwa	gnd	1176	578	598
LK-3309200	Nedigamvila	gnd	1176	614	562
LK-3315160	Kudabolana	gnd	1176	574	602
LK-4130095	Nunavil East	gnd	1176	549	627
LK-4303040	Olumadu	gnd	1176	583	593
LK-5118200	Seththukudah	gnd	1176	542	634
LK-6103050	Orugala	gnd	1176	567	609
LK-6133095	Kumbukgete	gnd	1176	564	612
LK-6212080	Rambakanayagama	gnd	1176	564	612
LK-1318190	Pathakada	gnd	1175	544	631
LK-1327025	Pelapitiyagoda	gnd	1175	557	618
LK-3145115	Badungoda	gnd	1175	569	606
LK-4303010	Vedivaithakallu	gnd	1175	586	589
LK-6151155	Kavdawatta	gnd	1175	524	651
LK-8118200	Maussagolla East	gnd	1175	571	604
LK-8209045	Bibilamulla	gnd	1175	560	615
LK-9209050	Waharakgoda	gnd	1175	531	644
LK-9209070	Kariyagama	gnd	1175	547	628
LK-1209435	Kithulwala Ihala	gnd	1174	571	603
LK-2121195	Diyabubula	gnd	1174	586	588
LK-3236045	Yatiyana	gnd	1174	558	616
LK-4409085	Valluvarpuram	gnd	1174	585	589
LK-7157075	Hiriwadunna	gnd	1174	588	586
LK-7209060	Hingurakdamana	gnd	1174	575	599
LK-9221150	Gonagala West	gnd	1174	568	606
LK-1212385	Kal/ Pallewela	gnd	1173	532	641
LK-2127230	Hurikaduwa South	gnd	1173	543	630
LK-3333175	Rekawa West	gnd	1173	579	594
LK-4215070	Koolankulam	gnd	1173	578	595
LK-6127355	Ihala Thelambiyawa	gnd	1173	545	628
LK-9209030	Gal Athara	gnd	1173	548	625
LK-9209065	Devanagala	gnd	1173	563	610
LK-9215255	Aruggammana	gnd	1173	526	647
LK-1209575	Ullalapola East	gnd	1172	550	622
LK-1227740	Lavulupitiya	gnd	1172	570	602
LK-3136040	Nalagasdeniya	gnd	1172	574	598
LK-3333255	Pallikkudawa Urban	gnd	1172	578	594
LK-5218205	Malwatte 03	gnd	1172	560	612
LK-6124110	Atawarala	gnd	1172	552	620
LK-6142070	Pahala Galwewa	gnd	1172	551	621
LK-6160305	Kahapathwala	gnd	1172	568	604
LK-6224165	Uppalawatta	gnd	1172	593	579
LK-6236145	Erunvila	gnd	1172	573	599
LK-7136040	Divulwewa	gnd	1172	570	602
LK-8106165	Bubula	gnd	1172	593	579
LK-8133015	Icelab Watta	gnd	1172	578	594
LK-9206320	Ambalawa	gnd	1172	585	587
LK-1224145	Medagama III	gnd	1171	527	644
LK-1227050	Udammita	gnd	1171	526	645
LK-1321030	Melegama North	gnd	1171	579	592
LK-2127200	Degaldoruwa	gnd	1171	538	633
LK-4133120	Thirunelvely South East	gnd	1171	540	631
LK-5242095	Madana	gnd	1171	610	561
LK-6145227	Rideekanda	gnd	1171	575	596
LK-7209015	Buddhayaya	gnd	1171	548	623
LK-9209150	Thalgamuwa	gnd	1171	545	626
LK-3121080	Happitiya	gnd	1170	578	592
LK-3203065	Rambukana West	gnd	1170	572	598
LK-3215090	Walagepiyadda	gnd	1170	544	626
LK-5118135	Arasadi	gnd	1170	527	643
LK-6124260	Kadambawa	gnd	1170	567	603
LK-6130030	Diggalawatta	gnd	1170	553	617
LK-6142165	Hiruwalpola	gnd	1170	592	578
LK-7127190	Pandikaramaduwa	gnd	1170	580	590
LK-9227115	Nawata	gnd	1170	556	614
LK-1336090	Viharagama	gnd	1169	538	631
LK-2139500	Liyangaha Watta	gnd	1169	551	618
LK-2206235	Kiralagolla	gnd	1169	587	582
LK-3242225	Kanattegoda South	gnd	1169	563	606
LK-3321005	Mulanyaya	gnd	1169	586	583
LK-4106105	Siththankerni	gnd	1169	547	622
LK-4115115	Erlalai East	gnd	1169	536	633
LK-4409050	Sivanagar	gnd	1169	542	627
LK-5136130	Kurumanvely 12	gnd	1169	521	648
LK-5309010	Kalyanapura	gnd	1169	563	606
LK-6172220	Pahala Kalugamuwa	gnd	1169	545	624
LK-6175180	Walpitagama	gnd	1169	522	647
LK-8209090	Dahagoniya	gnd	1169	554	615
LK-3136075	Delgahadoowa	gnd	1168	572	596
LK-4509055	Kannagaipuram	gnd	1168	584	584
LK-6127405	Doraweruwa	gnd	1168	567	601
LK-6145300	Pahala Gomugomuwa	gnd	1168	562	606
LK-6209125	Paleegama	gnd	1168	615	553
LK-6245060	Ulhitiyawa West	gnd	1168	536	632
LK-9218255	Thunthota	gnd	1168	540	628
LK-3215140	Pahala Athuraliya	gnd	1167	557	610
LK-3324255	Ambagahahena	gnd	1167	592	575
LK-4115050	Inuvil West	gnd	1167	541	626
LK-5121070	Paruththichenai	gnd	1167	549	618
LK-5224045	Pandiruppu 01A	gnd	1167	518	649
LK-5236035	Akkaraipattu 04	gnd	1167	553	614
LK-6163370	Ogodapola	gnd	1167	559	608
LK-8136055	Nawela East	gnd	1167	570	597
LK-1306140	Rambukkana North	gnd	1166	565	601
LK-3142175	Kalegana North	gnd	1166	537	629
LK-3306115	Karambawewa	gnd	1166	561	605
LK-4212020	Thomaspuri	gnd	1166	591	575
LK-6145045	Wadumunna	gnd	1166	582	584
LK-6154065	Rikillagamuwa	gnd	1166	578	588
LK-6160125	Welikumbura	gnd	1166	576	590
LK-6227020	Nagavila	gnd	1166	602	564
LK-6242215	Pahala Katuneriya South	gnd	1166	536	630
LK-1118040	Pahala Bope	gnd	1165	536	629
LK-1209090	Akarangaha	gnd	1165	583	582
LK-2112010	Yatawara Kandagama	gnd	1165	551	614
LK-2302030	Kadadora	gnd	1165	577	588
LK-5248060	Pakkiyawatta 2	gnd	1165	529	636
LK-6121005	Thumbulla	gnd	1165	533	632
LK-6121150	Kirindigalla	gnd	1165	577	588
LK-7139130	Dunupothagama	gnd	1165	579	586
LK-8206100	Namaloya Colony	gnd	1165	568	597
LK-2133065	Hapugoda	gnd	1164	543	621
LK-1230630	Udamapitigama South	gnd	1163	573	590
LK-2127060	Delgaslanda	gnd	1163	580	583
LK-3133095	Hirewatta	gnd	1163	546	617
LK-3230010	Denagama North	gnd	1163	552	611
LK-4127100	Point Pedro South	gnd	1163	546	617
LK-5225030	Sainthamaruthu 06	gnd	1163	549	614
LK-7166125	Ellawewa	gnd	1163	557	606
LK-9203340	Kotagama	gnd	1163	553	610
LK-9227100	Neluwathukanda	gnd	1163	593	570
LK-2136365	Kotabogoda	gnd	1162	551	611
LK-3212055	Mulatiyana	gnd	1162	553	609
LK-3218075	Ihala Maliduwa	gnd	1162	564	598
LK-4415015	Ampalavanpokkanai	gnd	1162	597	565
LK-6121060	Karakole	gnd	1162	556	606
LK-6163130	Kothalawalagama	gnd	1162	558	604
LK-6163235	Kavisigamuwa	gnd	1162	577	585
LK-7148145	Ihala Halmillewa	gnd	1162	540	622
LK-7151070	Meewellewa	gnd	1162	576	586
LK-8206090	Alpitiya	gnd	1162	569	593
LK-3142055	Meepawala	gnd	1161	546	615
LK-3142095	Uluvitike	gnd	1161	550	611
LK-3148090	Nabadawa	gnd	1161	609	552
LK-3212090	Beragama East	gnd	1161	558	603
LK-4112035	Ganeshwaram	gnd	1161	569	592
LK-6103025	Solepura	gnd	1161	556	605
LK-6103170	Wannikudawewa	gnd	1161	564	597
LK-6127310	Polgahangoda	gnd	1161	619	542
LK-6248235	Dikwela	gnd	1161	574	587
LK-7127110	Kudagalenbidunuwewa	gnd	1161	567	594
LK-1215100	Kudagoda	gnd	1160	557	603
LK-1215320	Pattanduwana North	gnd	1160	561	599
LK-4306045	Madukanda	gnd	1160	552	608
LK-7163080	Galnewagama	gnd	1160	536	624
LK-9142150	Meddegama	gnd	1160	563	597
LK-9218370	Polgampala	gnd	1160	557	603
LK-1315120	Karannagoda	gnd	1159	577	582
LK-1318045	Deldorawatta	gnd	1159	578	581
LK-2212145	Koholanwala	gnd	1159	535	624
LK-3103250	Delkabalagoda	gnd	1159	575	584
LK-3127155	Ganegama West	gnd	1159	542	617
LK-3130015	Thanabaddegama	gnd	1159	558	601
LK-5245035	Thambiluvil 2 West	gnd	1159	561	598
LK-6121125	Galagedara	gnd	1159	557	602
LK-6139050	Kandattawa	gnd	1159	555	604
LK-7154200	Uduruwa	gnd	1159	561	598
LK-1227090	Napagoda	gnd	1158	563	595
LK-1227175	Dadagamuwa East	gnd	1158	563	595
LK-1315055	Weliketella	gnd	1158	552	606
LK-2142125	Panvilathenna	gnd	1158	577	581
LK-2212220	Dimbulgamuwa	gnd	1158	549	609
LK-2303095	Kothmalgama	gnd	1158	549	609
LK-3309105	Rohanapura	gnd	1158	558	600
LK-3333355	Kudawella South	gnd	1158	549	609
LK-4415170	Mulliyawalai North	gnd	1158	563	595
LK-6106150	Divullewa	gnd	1158	549	609
LK-8112060	Maliyadda	gnd	1158	599	559
LK-8212070	Samanala Bedda	gnd	1158	578	580
LK-9130045	Dumbara Manana	gnd	1158	567	591
LK-1212395	Ihala Bokalagama	gnd	1157	574	583
LK-1215125	Minuwangoda North	gnd	1157	529	628
LK-2212015	Aluthgama	gnd	1157	542	615
LK-3112165	Wallambagala	gnd	1157	555	602
LK-3139195	Pettigalawatta	gnd	1157	529	628
LK-4112050	Ilavalai North	gnd	1157	552	605
LK-5206020	Serankada	gnd	1157	561	596
LK-6127250	Dembatagala	gnd	1157	566	591
LK-6187405	Kuleepitiya South	gnd	1157	551	606
LK-8212100	Maha Kalugolla	gnd	1157	574	583
LK-2145260	Sriyagama	gnd	1156	585	571
LK-3206045	Pussawela	gnd	1156	577	579
LK-3206125	Porupitiya	gnd	1156	563	593
LK-3233095	Kirinda Mangin Ihala Central	gnd	1156	565	591
LK-4121105	Karaveddy East	gnd	1156	540	616
LK-5118050	Jayanthipuram	gnd	1156	521	635
LK-5127025	Puthukudiyiruppu	gnd	1156	476	680
LK-6142095	Kosagama	gnd	1156	559	597
LK-6154155	Kurunegala Town - Central	gnd	1156	574	582
LK-7127025	Perettupalagama	gnd	1156	573	583
LK-8127275	Thelhawadigama	gnd	1156	578	578
LK-1230565	Nikawala	gnd	1155	586	569
LK-1312105	Bulathsinhala South	gnd	1155	567	588
LK-2127305	Pilawala South	gnd	1155	584	571
LK-2133070	Udabokalawela	gnd	1155	569	586
LK-2133420	Warathenna	gnd	1155	540	615
LK-3151180	Kodagoda East	gnd	1155	561	594
LK-5242090	Madawalalanda	gnd	1155	577	578
LK-7127160	Sunanda Mawatha	gnd	1155	562	593
LK-9109060	Ellagawa	gnd	1155	584	571
LK-1324185	Kalavilakanda	gnd	1154	596	558
LK-1339100	Miriswatta	gnd	1154	593	561
LK-2302295	Dombagasthalawa	gnd	1154	524	630
LK-7212130	Bimpokuna	gnd	1154	551	603
LK-8212020	Kotagoda	gnd	1154	574	580
LK-9203200	Meeduma	gnd	1154	543	611
LK-3124120	Udugama North	gnd	1153	578	575
LK-4106010	Vadducoddai North	gnd	1153	527	626
LK-4509150	Thirunagar South	gnd	1153	537	616
LK-6157005	Meddegama West	gnd	1153	536	617
LK-7210085	Susirigama	gnd	1153	536	617
LK-8119085	Attanagolla	gnd	1153	530	623
LK-1230190	Werahera	gnd	1152	543	609
LK-1318025	Thibbotugoda	gnd	1152	545	607
LK-3333330	Kudawella North	gnd	1152	536	616
LK-4118100	Avarangal East	gnd	1152	567	585
LK-4209040	Iranailluppaikulam	gnd	1152	566	586
LK-5216080	Navithanveli 02	gnd	1152	503	649
LK-6142030	Manelembuwa	gnd	1152	544	608
LK-6245235	Sindathriya	gnd	1152	544	608
LK-7106060	Galawewa	gnd	1152	582	570
LK-9133165	Ilumbakanda	gnd	1152	575	577
LK-1321300	Godaparagahahena	gnd	1151	537	614
LK-2233160	Udupihilla	gnd	1151	505	646
LK-3133005	Heppumulla	gnd	1151	553	598
LK-3136105	Hennathota	gnd	1151	548	603
LK-3324090	Murungasyaya West	gnd	1151	585	566
LK-4130240	Mirusuvil North	gnd	1151	561	590
LK-6106200	Galgamuwa Town	gnd	1151	567	584
LK-7121165	Weligollewa	gnd	1151	586	565
LK-9203315	Dunukewala	gnd	1151	542	609
LK-1227515	Mangalathiriya	gnd	1150	554	596
LK-3209105	Keeripitiya West	gnd	1150	554	596
LK-3236025	Batuvita 1	gnd	1150	538	612
LK-6139140	Hirigolla	gnd	1150	538	612
LK-6145165	Dolahamuna	gnd	1150	545	605
LK-6233005	Kurusapaduwa	gnd	1150	567	583
LK-6248140	Haldanduwana South	gnd	1150	538	612
LK-7109170	Helambagaswewa	gnd	1150	544	606
LK-7142065	Track 03	gnd	1150	555	595
LK-1215075	Mabodala East	gnd	1149	537	612
LK-3315070	Godakoggalla	gnd	1149	554	595
LK-3330345	Nakulugamuwa West	gnd	1149	545	604
LK-4112195	Theiyiddy South	gnd	1149	560	589
LK-6151050	Oggamuwa	gnd	1149	512	637
LK-6236135	Kudirippuwa	gnd	1149	536	613
LK-9112025	Sri Palabaddala	gnd	1149	594	555
LK-2139040	Kiriwavula East	gnd	1148	546	602
LK-3321255	Mulgirigala East	gnd	1148	561	587
LK-4103070	Puliyankoodal	gnd	1148	556	592
LK-4130055	Maravanpulo	gnd	1148	530	618
LK-5118180	Puliyantivu West	gnd	1148	533	615
LK-9133110	Kudumeeriya	gnd	1148	575	573
LK-9203150	Eriyagolla	gnd	1148	582	566
LK-2124355	Galambalama	gnd	1147	572	575
LK-3333180	Medilla	gnd	1147	584	563
LK-6136255	Randeniya	gnd	1147	548	599
LK-6172055	Dikhera	gnd	1147	557	590
LK-6233150	Weerakelewatta	gnd	1147	540	607
LK-9145100	Ammaduwa	gnd	1147	563	584
LK-1209160	Ihala Madampella West	gnd	1146	554	592
LK-1212670	Pasyala East	gnd	1146	563	583
LK-1230125	Diyawala	gnd	1146	552	594
LK-1318180	Uduwara East	gnd	1146	544	602
LK-3133050	Thanipolgahalanga	gnd	1146	557	589
LK-3330195	Puwakdandawa North	gnd	1146	561	585
LK-5115005	Ellainagar	gnd	1146	535	611
LK-5118005	Palameenmadu	gnd	1146	558	588
LK-5242075	Moragahapallama	gnd	1146	563	583
LK-6124190	Kekunawa	gnd	1146	576	570
LK-1209390	Pahala Madithiyawala	gnd	1145	558	587
LK-1230475	Wanaluwawa North	gnd	1145	570	575
LK-1327205	Dodangoda East	gnd	1145	549	596
LK-2130220	Hanthana Pedesa	gnd	1145	559	586
LK-2215075	Mediyapola	gnd	1145	545	600
LK-3227175	Kahagala	gnd	1145	540	605
LK-4106100	Panippulam	gnd	1145	543	602
LK-5109060	Meeravodai Tamil	gnd	1145	535	610
LK-7206105	Kumudupura	gnd	1145	577	568
LK-9106105	Ovitigama	gnd	1145	569	576
LK-9212205	Meedeniya North	gnd	1145	522	623
LK-3142100	Holuwagoda	gnd	1144	554	590
LK-5212165	Udagirigama East	gnd	1144	535	609
LK-6133050	Aluthgama	gnd	1144	574	570
LK-6154035	Pahala Waraddana	gnd	1144	558	586
LK-6224085	Paramakandagama	gnd	1144	590	554
LK-9209015	Epalawa Watta	gnd	1144	558	586
LK-2136425	Uda Eriyagama West	gnd	1143	493	650
LK-2315020	Gonawala	gnd	1143	519	624
LK-3230140	Udupeellegoda East	gnd	1143	522	621
LK-3321155	Raluwa	gnd	1143	586	557
LK-6172340	Degammeda	gnd	1143	552	591
LK-6230165	Dematapitiya	gnd	1143	578	565
LK-8203075	Ambagolla	gnd	1143	545	598
LK-1315025	Bellapitiya West	gnd	1142	537	605
LK-2136160	Menikdiwela	gnd	1142	541	601
LK-6184135	Pahala Kalalpitiya	gnd	1142	553	589
LK-6206040	Mangala Pura	gnd	1142	552	590
LK-1309145	Batuvita North	gnd	1141	502	639
LK-2227175	Meewaobe	gnd	1141	538	603
LK-3106255	Randombe South	gnd	1141	516	625
LK-3121155	Dewalegama East	gnd	1141	580	561
LK-4509160	Thiruvaiaru West	gnd	1141	516	625
LK-5224015	Periyaneelavanai 01	gnd	1141	427	714
LK-6163410	Welagedara	gnd	1141	555	586
LK-6169025	Kotadeniyawa	gnd	1141	558	583
LK-6206020	Aluth Eluwankulama	gnd	1141	543	598
LK-7218140	Kirioya	gnd	1141	572	569
LK-9203165	Thaldewa	gnd	1141	547	594
LK-1318160	Adhikarigoda	gnd	1140	546	594
LK-3151090	Welikonda	gnd	1140	547	593
LK-3151135	Hettigoda	gnd	1140	544	596
LK-3248030	Dandeniya North	gnd	1140	535	605
LK-3318085	Dikwewa	gnd	1140	559	581
LK-5124005	Kattankudy Division 1	gnd	1140	529	611
LK-6133040	Uyangalla	gnd	1140	551	589
LK-7130095	Kasamaduwa	gnd	1140	538	602
LK-8127200	Weliulla	gnd	1140	568	572
LK-8127285	Dangamuwa	gnd	1140	569	571
LK-1215175	Minuwangoda West	gnd	1139	549	590
LK-1324405	Aluthgama East	gnd	1139	546	593
LK-3318250	Indigetawela	gnd	1139	567	572
LK-5127065	Kankeyanodai	gnd	1139	523	616
LK-6109155	Eriyawa	gnd	1139	583	556
LK-6124250	Gallewa	gnd	1139	564	575
LK-6133180	Wegolla	gnd	1139	565	574
LK-6163185	Ginihiriya	gnd	1139	532	607
LK-6181195	Pelawatta	gnd	1139	557	582
LK-6206010	Ralmaduwa	gnd	1139	578	561
LK-9115180	Medagedaragoda	gnd	1139	535	604
LK-9221180	Udakanugala	gnd	1139	566	573
LK-1312255	Weyangalla East	gnd	1138	552	586
LK-1330225	Keppetiyagahalanda	gnd	1138	521	617
LK-2302180	Hunugaloya	gnd	1138	537	601
LK-4106055	Vadducoddai West	gnd	1138	540	598
LK-5212150	Kumarigama	gnd	1138	572	566
LK-6112130	Udhagama	gnd	1138	560	578
LK-6230155	Karukkuliya	gnd	1138	542	596
LK-7127090	Aluth Divulwewa	gnd	1138	566	572
LK-8215120	Veheragala	gnd	1138	583	555
LK-1318105	Pethigamuwa South	gnd	1137	564	573
LK-2127240	Hurikaduwa Madige	gnd	1137	573	564
LK-4112065	Pannalai	gnd	1137	550	587
LK-6166095	Huruggamuwa	gnd	1137	549	588
LK-8106195	Pinnagolla	gnd	1137	560	577
LK-2230205	Bandarapola	gnd	1136	529	607
LK-2306300	Labuhena	gnd	1136	520	616
LK-3103085	Haburugala	gnd	1136	526	610
LK-3103130	Kaikawala	gnd	1136	559	577
LK-6151060	Kudagalgamuwa	gnd	1136	524	612
LK-7103065	Ruwanpura	gnd	1136	540	596
LK-7127050	Ulpathgama	gnd	1136	549	587
LK-8118060	Paramahankada	gnd	1136	561	575
LK-2121185	Morayaya	gnd	1135	542	593
LK-3145300	Rathkindagoda	gnd	1135	543	592
LK-7124155	Nabadawewa	gnd	1135	562	573
LK-7145130	Weliyawa	gnd	1135	546	589
LK-8119060	Janathapura	gnd	1135	563	572
LK-9115210	Amupitiya	gnd	1135	555	580
LK-9203345	Kiriwandeniya	gnd	1135	542	593
LK-1227565	Urapola	gnd	1134	541	593
LK-1327105	Bombuwala North - East	gnd	1134	548	586
LK-2151150	Millagaspitiya	gnd	1134	558	576
LK-3115150	Polpelaketiya	gnd	1134	554	580
LK-3325095	Welandagoda	gnd	1134	559	575
LK-5245025	Thambiluvil 1 South	gnd	1134	532	602
LK-6112035	Nelumpathwewa	gnd	1134	567	567
LK-6148190	Hindawa	gnd	1134	567	567
LK-6160195	Ilukewela South	gnd	1134	548	586
LK-9145030	Bopitigoda	gnd	1134	545	589
LK-2112020	Udurawana	gnd	1133	529	604
LK-2302145	Ihala Gorakaoya	gnd	1133	530	603
LK-2310195	Kandeyaya	gnd	1133	558	575
LK-3209210	Puwakgahahena	gnd	1133	557	576
LK-4203005	Talaimannar North	gnd	1133	552	581
LK-6136220	Medagama	gnd	1133	493	640
LK-6139130	Galatabendiwewa	gnd	1133	562	571
LK-6187215	Hondella	gnd	1133	541	592
LK-7209090	Sanghabodhi Gama	gnd	1133	576	557
LK-8106030	Kandubedda	gnd	1133	576	557
LK-9227080	Mahabage	gnd	1133	582	551
LK-1212315	Ganegoda	gnd	1132	539	593
LK-2145160	Haputhale Egodagama	gnd	1132	569	563
LK-2303230	Ambathalawa	gnd	1132	515	617
LK-2315125	Jambuthenna	gnd	1132	512	620
LK-3106190	Berathuduwa	gnd	1132	523	609
LK-3121005	Danawala	gnd	1132	558	574
LK-3321070	Galpottayaya North	gnd	1132	538	594
LK-5133050	Vanninagar	gnd	1132	536	596
LK-6221070	Walpaluwa	gnd	1132	562	570
LK-9115065	Kumburutheniwela	gnd	1132	553	579
LK-9124005	Gonakumbura	gnd	1132	547	585
LK-2133290	Katugasthota	gnd	1131	562	569
LK-2315055	Dagampitiya	gnd	1131	548	583
LK-3118015	Kumburegoda	gnd	1131	562	569
LK-3127170	Ginimellagaha East	gnd	1131	560	571
LK-6127170	Thalpathwewa	gnd	1131	520	611
LK-6236010	Mahagama North	gnd	1131	550	581
LK-9109035	Kiriella	gnd	1131	550	581
LK-1227065	Parana Veyangoda	gnd	1130	527	603
LK-1230550	Wanaluwawa South	gnd	1130	539	591
LK-2218045	Puwakpitiya	gnd	1130	536	594
LK-3218180	Ihala Kiyanduwa	gnd	1130	543	587
LK-3230115	Kebiliyapola South	gnd	1130	549	581
LK-3248050	Wehella	gnd	1130	501	629
LK-5233100	Addalachchenai 01	gnd	1130	509	621
LK-6124065	Hithokadawala	gnd	1130	535	595
LK-8127135	Uduhawara	gnd	1130	548	582
LK-8203015	Bulupitiya	gnd	1130	575	555
LK-1212055	Maladeniya	gnd	1129	549	580
LK-1336065	Morapitiya	gnd	1129	540	589
LK-2157115	Inguruoya North	gnd	1129	547	582
LK-2309370	Mahakudugala	gnd	1129	561	568
LK-2312190	Galpalama	gnd	1129	551	578
LK-3315265	Ambalanthota South	gnd	1129	572	557
LK-4139055	Velanai South	gnd	1129	524	605
LK-5309015	Galkadawala	gnd	1129	563	566
LK-6142235	Padiwela	gnd	1129	528	601
LK-6145295	Kamburapola	gnd	1129	563	566
LK-6160300	Malandeniya	gnd	1129	537	592
LK-6163230	Hunugalkadulla	gnd	1129	523	606
LK-6166045	Yalawa	gnd	1129	531	598
LK-6175160	Udadeniya	gnd	1129	541	588
LK-6178030	Yatattawala	gnd	1129	554	575
LK-6178035	Thelambugammana	gnd	1129	540	589
LK-6236080	Kuda Bingiriya	gnd	1129	537	592
LK-9115125	Imbulpe	gnd	1129	579	550
LK-9218350	Kudapallegama	gnd	1129	537	592
LK-1212560	Kendalanda	gnd	1128	525	603
LK-1333135	Diyapattugama	gnd	1128	564	564
LK-2233210	Kalalpitiya	gnd	1128	542	586
LK-3303020	Ranmuduwewa	gnd	1128	545	583
LK-5212095	Senagama North	gnd	1128	554	574
LK-6142055	Weerapokuna	gnd	1128	531	597
LK-6169130	Ganangamuwa	gnd	1128	528	600
LK-6169140	Udagedara	gnd	1128	553	575
LK-7148070	Kadurugaswewa	gnd	1128	597	531
LK-1306205	Bolgoda	gnd	1127	547	580
LK-2139065	Belungala	gnd	1127	536	591
LK-2206200	Yakkuragala South	gnd	1127	546	581
LK-5224065	Pandiruppu 02A	gnd	1127	507	620
LK-6103075	Damsopura	gnd	1127	526	601
LK-6245085	Wennappuwa East	gnd	1127	495	632
LK-9212150	Dikkohupitiya	gnd	1127	554	573
LK-1212030	Loluwagoda South	gnd	1126	551	575
LK-4133085	Kantharmadam South East	gnd	1126	501	625
LK-6112080	Mediyawa	gnd	1126	516	610
LK-6136210	Pennithawa	gnd	1126	575	551
LK-7151075	Ethungama North	gnd	1126	560	566
LK-8212150	Kotiyagoda	gnd	1126	555	571
LK-9119025	Neluyaya	gnd	1126	570	556
LK-9230065	Kelegama	gnd	1126	547	579
LK-1318095	Labugama	gnd	1125	530	595
LK-2124120	Dunhinna	gnd	1125	564	561
LK-3134050	Henagoda	gnd	1125	542	583
LK-6239230	Maravila South	gnd	1125	538	587
LK-7121195	Nekutunu Wewa	gnd	1125	541	584
LK-7212100	Track 05 Aralaganvila	gnd	1125	538	587
LK-3142065	Opatha	gnd	1124	532	592
LK-3142110	Kurunda Kanda	gnd	1124	560	564
LK-3221160	Vilegoda	gnd	1124	562	562
LK-6130155	Kahatawela	gnd	1124	549	575
LK-6230145	Bangadeniya	gnd	1124	537	587
LK-6242210	Meda Pahala Katuneriya	gnd	1124	489	635
LK-8115090	Kuttiyagolla	gnd	1124	543	581
LK-2139430	Gelioya	gnd	1123	525	598
LK-2157080	Greenwood	gnd	1123	530	593
LK-2209180	Habaragahamada	gnd	1123	554	569
LK-2227115	Naminioya	gnd	1123	560	563
LK-2312230	Kalukele	gnd	1123	548	575
LK-3136025	Hikkaduwa Nagarikaya	gnd	1123	547	576
LK-3212035	Parapamulla East	gnd	1123	542	581
LK-5221090	Natpiddimunai (T.P ) 03	gnd	1123	524	599
LK-7130005	Ukkulankulama	gnd	1123	512	611
LK-1324110	Yovungama	gnd	1122	560	562
LK-1336140	Athwelthota	gnd	1122	538	584
LK-3212015	Ketapalakanda	gnd	1122	543	579
LK-3309050	Dambewelena	gnd	1122	533	589
LK-4133145	Kondavil Centre West	gnd	1122	530	592
LK-7109165	Kanadara Divulwewa	gnd	1122	562	560
LK-7215165	Divulana	gnd	1122	516	606
LK-8209105	Thambana	gnd	1122	547	575
LK-2227065	Lediyangala	gnd	1121	564	557
LK-6178285	Gonulla East	gnd	1121	548	573
LK-6181190	Kasungama	gnd	1121	510	611
LK-7218045	Attanakadawala South	gnd	1121	566	555
LK-8118185	Bibilegama West	gnd	1121	516	605
LK-9212030	Kalugalla	gnd	1121	564	557
LK-9218235	Kohombadeniya	gnd	1121	534	587
LK-2103135	Gunadaha	gnd	1120	509	611
LK-2127150	Udagunnepana South	gnd	1120	520	600
LK-3139065	Madawalamulla South	gnd	1120	520	600
LK-3154265	Dommannegoda	gnd	1120	541	579
LK-4509045	Kanakapuram	gnd	1120	542	578
LK-4509180	Urithirapuram West	gnd	1120	506	614
LK-5206050	Saranagama	gnd	1120	534	586
LK-6139015	Mawathagama	gnd	1120	561	559
LK-6178170	Hunuvila	gnd	1120	553	567
LK-6181185	Metiyagane East	gnd	1120	546	574
LK-6248165	Kaluwachchimulla	gnd	1120	554	566
LK-7154240	Kotagala	gnd	1120	534	586
LK-7203045	Siriketha	gnd	1120	531	589
LK-9115245	Hatharabage	gnd	1120	546	574
LK-1312230	Polegoda West	gnd	1119	518	601
LK-1327130	Wellatha	gnd	1119	538	581
LK-1330275	Lewwanduwa West	gnd	1119	541	578
LK-2133195	Senarathgama North	gnd	1119	491	628
LK-2227120	Dewagiriya	gnd	1119	572	547
LK-3124260	Urala South	gnd	1119	547	572
LK-3239100	Polwathumodara	gnd	1119	532	587
LK-6175070	Gahalagaswala	gnd	1119	543	576
LK-9133140	Panapola	gnd	1119	552	567
LK-9218150	Boorunnawa	gnd	1119	522	597
LK-9221035	Lewangama North	gnd	1119	527	592
LK-1339280	Gulanawatta	gnd	1118	529	589
LK-2139125	Hendeniya West	gnd	1118	537	581
LK-2139435	Dehipagoda West	gnd	1118	543	575
LK-2139615	Appallagoda East	gnd	1118	537	581
LK-3134080	Gonapeenuwala East	gnd	1118	509	609
LK-3154085	Morampitigoda	gnd	1118	540	578
LK-3224015	Maragoda	gnd	1118	541	577
LK-3318205	Aluthwewa	gnd	1118	544	574
LK-4203155	Sinnakadai	gnd	1118	534	584
LK-6109025	Katugampalagama	gnd	1118	572	546
LK-6157170	Bogamuwa	gnd	1118	512	606
LK-7210110	Menikwela	gnd	1118	559	559
LK-8215065	Kolonvinna	gnd	1118	557	561
LK-9203370	Henepola	gnd	1118	529	589
LK-1115245	Mambula	gnd	1117	552	565
LK-3136120	Dodandugoda	gnd	1117	524	593
LK-3224135	Sulthanagoda West	gnd	1117	524	593
LK-3230120	Gangodagama	gnd	1117	548	569
LK-4506070	Tharmapuram West	gnd	1117	534	583
LK-5224110	Chenaikudiyiruppu 01	gnd	1117	499	618
LK-6175075	Siyambalagasruppa East	gnd	1117	546	571
LK-9130105	Nikagoda	gnd	1117	551	566
LK-3227045	Malana	gnd	1116	505	611
LK-3306050	Seenimunna	gnd	1116	543	573
LK-6124105	Ullalapola	gnd	1116	557	559
LK-1227280	Mudagamuwa	gnd	1115	530	585
LK-1324395	Ganegama	gnd	1115	551	564
LK-1330260	Dewagoda	gnd	1115	560	555
LK-2136030	Kotaligoda North	gnd	1115	568	547
LK-3118155	Opatha South	gnd	1115	545	570
LK-4103040	Naranthanai North West	gnd	1115	525	590
LK-5216015	Central Camp 03	gnd	1115	546	569
LK-6227080	Wathupola	gnd	1115	499	616
LK-6248160	Singakkuliya	gnd	1115	509	606
LK-9103095	Eheliyagoda Watta	gnd	1115	517	598
LK-9130080	Udugala North	gnd	1115	553	562
LK-9209175	Galbokka	gnd	1115	523	592
LK-2115060	Udugoda	gnd	1114	530	584
LK-2127065	Lunuketiyamaditta	gnd	1114	479	635
LK-3121060	Mawanana	gnd	1114	543	571
LK-3203090	Thalapekumbura	gnd	1114	545	569
LK-3330255	Mahaheella West	gnd	1114	568	546
LK-4509080	Maruthanagar	gnd	1114	529	585
LK-5136120	Kurumanvely 11 West	gnd	1114	485	629
LK-6178005	Gallehemulla	gnd	1114	513	601
LK-6181115	Dampelessa	gnd	1114	559	555
LK-6181180	Muthugala East	gnd	1114	514	600
LK-1324260	Pinhena Colony	gnd	1113	558	555
LK-2227150	Wanarawa	gnd	1113	542	571
LK-2230025	Nikawella	gnd	1113	558	555
LK-7160020	Mahailuppallama	gnd	1113	548	565
LK-1224170	Makilangamuwa	gnd	1112	529	583
LK-2133355	Udamulla	gnd	1112	517	595
LK-3103245	Maha Uragaha	gnd	1112	557	555
LK-3154070	Attaragoda	gnd	1112	508	604
LK-3154095	Pitidoowa	gnd	1112	513	599
LK-4215065	Chilavathurai	gnd	1112	566	546
LK-6139145	Kobeigane	gnd	1112	540	572
LK-6215095	Attavilluwa	gnd	1112	554	558
LK-6242120	Naravila	gnd	1112	523	589
LK-8127145	Ranhawadigama	gnd	1112	531	581
LK-1206055	Adikkandiya	gnd	1111	508	603
LK-1230515	Kalukondayawa East	gnd	1111	542	569
LK-2112035	Deegahawathura	gnd	1111	548	563
LK-2121165	Waragolla	gnd	1111	538	573
LK-2133310	Hamangoda South	gnd	1111	528	583
LK-2139035	Gadaladeniya North	gnd	1111	522	589
LK-3203085	Rambukana East	gnd	1111	528	583
LK-3312035	Yahangala West	gnd	1111	533	578
LK-4209065	Poomalarnthan	gnd	1111	556	555
LK-8119130	Hopton	gnd	1111	510	601
LK-1227730	Walgammulla	gnd	1110	519	591
LK-1230290	Ganihigama North	gnd	1110	551	559
LK-2148145	Pattiyagama Gabadagama South	gnd	1110	530	580
LK-2209065	Karavilahena	gnd	1110	553	557
LK-3130085	Pathawelivitiya North	gnd	1110	539	571
LK-3239150	Walliwala South	gnd	1110	532	578
LK-4130280	Varani-Iyattalai	gnd	1110	531	579
LK-7145050	Jayasirigama	gnd	1110	544	566
LK-8119065	Batawatta	gnd	1110	535	575
LK-9112155	Hettikanda	gnd	1110	551	559
LK-9218355	Thambadiya	gnd	1110	530	580
LK-9224010	Getiyamulla	gnd	1110	518	592
LK-1212625	Pasyala	gnd	1109	518	591
LK-1224220	Bulugahagoda East	gnd	1109	504	605
LK-3127135	Thilaka Udagama	gnd	1109	529	580
LK-3203055	Alapaladeniya North	gnd	1109	547	562
LK-3309195	Saliyapura	gnd	1109	532	577
LK-6224045	Maha Uswewa South	gnd	1109	543	566
LK-6242100	Pahala Kottaramulla	gnd	1109	523	586
LK-8124080	Welikemulla	gnd	1109	535	574
LK-8206085	Ihawa	gnd	1109	544	565
LK-1206305	Raddolugama North	gnd	1108	510	598
LK-2139550	Pitawalawatta	gnd	1108	515	593
LK-3245075	Thalalla East	gnd	1108	530	578
LK-5130005	Munaikkadu West	gnd	1108	491	617
LK-6178295	Hettirippuwa	gnd	1108	541	567
LK-6230065	Welipelessa	gnd	1108	524	584
LK-7210130	Ginidamana	gnd	1108	555	553
LK-3148165	Thalgampala North	gnd	1107	544	563
LK-5121005	Narippulthoddam	gnd	1107	530	577
LK-6127060	Ihala Thimbiriyawa	gnd	1107	559	548
LK-6178245	Ihala Kotuwella	gnd	1107	484	623
LK-9112030	Mapalana	gnd	1107	552	555
LK-2136250	Mangalagama	gnd	1106	519	587
LK-2203075	Kosgahahinna	gnd	1106	514	592
LK-2315060	Polpitiya	gnd	1106	517	589
LK-3315100	Mamadala North	gnd	1106	537	569
LK-6236090	Walahena	gnd	1106	546	560
LK-7151170	Labunoruwa	gnd	1106	562	544
LK-8133160	Ambadandegama	gnd	1106	550	556
LK-8212120	Siyambalanduwa	gnd	1106	543	563
LK-9209060	Attapitiya	gnd	1106	514	592
LK-1215355	Pethiyagoda South	gnd	1105	526	579
LK-2127035	Wavinna	gnd	1105	524	581
LK-2203020	Ibbankatuwa	gnd	1105	545	560
LK-3212030	Athapattukanda	gnd	1105	553	552
LK-3239160	Pelena South	gnd	1105	587	518
LK-5224135	Kalmunai 02	gnd	1105	504	601
LK-6142195	Kudakalawa	gnd	1105	520	585
LK-6224025	Paliyagama	gnd	1105	515	590
LK-9233060	Panakoora	gnd	1105	563	542
LK-1230480	Thelkekuna	gnd	1104	545	559
LK-1318040	Langana	gnd	1104	524	580
LK-2106160	Dolapihilla South	gnd	1104	514	590
LK-2112045	Mandandawela	gnd	1104	538	566
LK-3109160	Dangahavila	gnd	1104	481	623
LK-3121065	Neluwa	gnd	1104	545	559
LK-6118015	Abokkagama	gnd	1104	510	594
LK-6133115	Thittawella	gnd	1104	516	588
LK-6175130	Ihalagama South	gnd	1104	519	585
LK-6233200	Pitipana South	gnd	1104	530	574
LK-9121010	Metihakwala	gnd	1104	546	558
LK-9203415	Kumbaldiwela	gnd	1104	504	600
LK-1324140	Maggona West	gnd	1103	545	558
LK-2106045	Ankumbura North	gnd	1103	541	562
LK-2233100	Kendagolla	gnd	1103	491	612
LK-3137115	Rathna Udagama	gnd	1103	546	557
LK-5242105	Kethsirigama	gnd	1103	533	570
LK-5333015	Karukkamunai	gnd	1103	550	553
LK-6230125	Diganwewa	gnd	1103	546	557
LK-7136065	Nachchadoowa	gnd	1103	493	610
LK-8203100	Kehel Attawala	gnd	1103	519	584
LK-8206035	Panguwa	gnd	1103	562	541
LK-5136085	Kaluwanchikudy North	gnd	1102	484	618
LK-5236125	Akkaraipattu 19	gnd	1102	515	587
LK-6206075	Samagipura	gnd	1102	540	562
LK-7130015	Mahakanadarawa L.B. Track 02	gnd	1102	520	582
LK-7212145	Navagaha Ela	gnd	1102	541	561
LK-2136380	Embilmeegama North	gnd	1101	513	588
LK-2218250	Kotuwegedara North	gnd	1101	510	591
LK-3115130	Wattahena	gnd	1101	536	565
LK-3145140	Nivithipitigoda	gnd	1101	518	583
LK-3242095	Eduwa - Madurudoowa	gnd	1101	513	588
LK-3248185	Batheegama West	gnd	1101	509	592
LK-3318045	Debokkawa South	gnd	1101	532	569
LK-5206015	Pulungasmulla	gnd	1101	529	572
LK-6130265	Muruthawa	gnd	1101	528	573
LK-6145250	Rathmale	gnd	1101	526	575
LK-6163020	Katiyawa	gnd	1101	554	547
LK-6187385	Morugama	gnd	1101	536	565
LK-7127015	Kataranpuraya	gnd	1101	525	576
LK-8206095	Makulla	gnd	1101	515	586
LK-9124085	Ihala Hakamuwa	gnd	1101	546	555
LK-9218200	Thambugala	gnd	1101	532	569
LK-1309255	Gal Edandugoda	gnd	1100	523	577
LK-1315140	Warakagoda West	gnd	1100	516	584
LK-3148155	Kottawa East	gnd	1100	519	581
LK-7203135	Hinguraka Bandaragama	gnd	1100	519	581
LK-8127175	Kirawanagama	gnd	1100	563	537
LK-2124220	Gangasirigama	gnd	1099	545	554
LK-2151020	Galgediyawa	gnd	1099	507	592
LK-3106245	Kandegoda	gnd	1099	534	565
LK-3115050	Marthupitiya	gnd	1099	529	570
LK-3248200	Bambarenda West	gnd	1099	522	577
LK-3333305	Moraketi Ara West	gnd	1099	523	576
LK-5327210	Kanguvely	gnd	1099	525	574
LK-8215075	Kawdawa	gnd	1099	539	560
LK-9139085	Madalagama	gnd	1099	553	546
LK-9212100	Uda Karadupana	gnd	1099	546	553
LK-1306200	Rambukkana South	gnd	1098	517	581
LK-1321070	Nandoowa	gnd	1098	541	557
LK-3134030	Aluthwala	gnd	1098	531	567
LK-3151065	Hawpe North	gnd	1098	531	567
LK-4312035	Kurukkalputhukkulam	gnd	1098	521	577
LK-5115030	Eravur 02B	gnd	1098	503	595
LK-6142110	Maunawa	gnd	1098	549	549
LK-7154005	Navakkulama	gnd	1098	540	558
LK-7203050	Kumaragama	gnd	1098	522	576
LK-9209115	Debathgama Pallebage	gnd	1098	525	573
LK-1312140	Yatagampitiya	gnd	1097	495	602
LK-2203205	Ihala Bambawa	gnd	1097	537	560
LK-3242165	Nakuttiya	gnd	1097	538	559
LK-6139115	Aralugaswewa	gnd	1097	534	563
LK-6139165	Baladora	gnd	1097	528	569
LK-6187395	Weligodapitiya	gnd	1097	532	565
LK-7121130	Kohombagaskada	gnd	1097	544	553
LK-7206050	Meniksorowwa	gnd	1097	543	554
LK-1227685	Kirikittamulla South	gnd	1096	502	594
LK-2127105	Udagama South	gnd	1096	506	590
LK-3106240	Viharagoda	gnd	1096	512	584
LK-3127115	Pahala Keembiya	gnd	1096	514	582
LK-3233005	Ovitigamuwa South	gnd	1096	525	571
LK-6142085	Hendiyapola	gnd	1096	503	593
LK-6154060	Thalatuwa	gnd	1096	514	582
LK-6184185	Yatigaloluwa	gnd	1096	512	584
LK-6245225	Angampitiya West	gnd	1096	539	557
LK-1312130	Udugalakanda	gnd	1095	551	544
LK-1321420	Kalamulla East	gnd	1095	529	566
LK-3212100	Diddenipotha South	gnd	1095	508	587
LK-5118110	Periya Oorani	gnd	1095	465	630
LK-8212105	Karambagoda	gnd	1095	531	564
LK-9142100	Werahera West	gnd	1095	522	573
LK-2121040	Udattawa North	gnd	1094	549	545
LK-2139540	Thalawathura	gnd	1094	519	575
LK-2218105	Owala Polwatta	gnd	1094	539	555
LK-3206160	Ilukpitiya	gnd	1094	534	560
LK-3236195	Unella	gnd	1094	528	566
LK-5118070	Koolavadi East	gnd	1094	513	581
LK-6130310	Mahamookalanyaya	gnd	1094	519	575
LK-7124070	Welimuwapothana	gnd	1094	533	561
LK-7154165	Kumbukwewa	gnd	1094	543	551
LK-8112010	Baduluoya West	gnd	1094	531	563
LK-2227180	80 Yaya	gnd	1093	550	543
LK-3136130	Dodandoowa	gnd	1093	491	602
LK-3203035	Banagala West	gnd	1093	596	497
LK-3239205	Mirissa South 1	gnd	1093	518	575
LK-5242140	18A. Janapadaya	gnd	1093	539	554
LK-7106130	Wattewewa	gnd	1093	532	561
LK-9109040	Handukanda	gnd	1093	563	530
LK-2133170	Uduwawala North	gnd	1092	505	587
LK-3112110	Kellapatha	gnd	1092	512	580
LK-6136240	Piyumgalla	gnd	1092	535	557
LK-8115045	Pussellakanda	gnd	1092	529	563
LK-9209210	Pannala	gnd	1092	521	571
LK-9218240	Ihala Lenagala	gnd	1092	506	586
LK-9218385	Pahala Lenagala	gnd	1092	504	588
LK-1230355	Helummahara	gnd	1091	527	564
LK-3245115	Gandarawatta South	gnd	1091	547	544
LK-4136095	Chirampiyadi	gnd	1091	505	586
LK-6112060	Ambanpola South	gnd	1091	505	586
LK-6248015	Thulawala	gnd	1091	515	576
LK-7215145	Kuruppu Junction	gnd	1091	532	559
LK-1336190	Ingurudaluwa	gnd	1090	524	566
LK-2142035	Nawa Gurukele	gnd	1090	515	575
LK-2227160	Nagolla	gnd	1090	552	538
LK-5121085	Karaiyakkantivu	gnd	1090	544	546
LK-5236105	Akkaraipattu 18	gnd	1090	472	618
LK-6112055	Ellabadagama	gnd	1090	511	579
LK-8130240	Alawathugoda	gnd	1090	560	530
LK-2206295	Nayakumbura	gnd	1089	574	515
LK-3306040	Punchiappujandura	gnd	1089	548	541
LK-3325065	Uda Julampitiya	gnd	1089	515	574
LK-3330350	Nakulugamuwa North	gnd	1089	502	587
LK-5245100	Sangamangramam	gnd	1089	523	566
LK-6157020	Hengawa	gnd	1089	532	557
LK-6212065	Mullegama	gnd	1089	534	555
LK-6245120	Dummaladeniya West	gnd	1089	514	575
LK-1312070	Ihala Naragala South	gnd	1088	532	556
LK-2106230	Dombagammana	gnd	1088	503	585
LK-2154005	Kohowala	gnd	1088	542	546
LK-2306020	Idamalanda	gnd	1088	519	569
LK-3109150	Mahagoda	gnd	1088	494	594
LK-3136005	Wellawatta	gnd	1088	523	565
LK-3151185	Horadugoda	gnd	1088	515	573
LK-3154225	Danduhela	gnd	1088	525	563
LK-4412080	Palampasi	gnd	1088	514	574
LK-6121035	Pinnapolegama	gnd	1088	511	577
LK-6124070	Thambare	gnd	1088	531	557
LK-6236210	Pallakele	gnd	1088	515	573
LK-7148155	Katiyawa Track 10	gnd	1088	539	549
LK-9145020	Galgodagama	gnd	1088	524	564
LK-1230370	Pelahela	gnd	1087	515	572
LK-3218125	Diyalape	gnd	1087	541	546
LK-9130070	Vithanagama	gnd	1087	529	558
LK-2315080	Homagama	gnd	1086	503	583
LK-3203160	Dehigaspe	gnd	1086	521	565
LK-3218200	Paraduwa South	gnd	1086	533	553
LK-4412065	Oddusuddan	gnd	1086	501	585
LK-5136040	Thettativu South - 02	gnd	1086	513	573
LK-6130235	Daramitipola	gnd	1086	532	554
LK-7203170	Muwanpelessa	gnd	1086	532	554
LK-8119115	Yapamma	gnd	1086	497	589
LK-1215265	Gallegedara	gnd	1085	520	565
LK-3221090	Padili Kokmaduwa	gnd	1085	511	574
LK-4512080	Pallavarayankattu	gnd	1085	533	552
LK-5127020	Kirankulam Central	gnd	1085	543	542
LK-1115190	Gira Imbula	gnd	1084	548	536
LK-1212355	Newgala	gnd	1084	499	585
LK-1303335	Pattieliya	gnd	1084	510	574
LK-2124235	Randeniya	gnd	1084	501	583
LK-5130045	Munaikkadu South	gnd	1084	484	600
LK-6160010	Barandana	gnd	1084	506	578
LK-7212175	Pimburattewa West	gnd	1084	534	550
LK-8124085	Unagolla	gnd	1084	515	569
LK-9203380	Gangoda	gnd	1084	517	567
LK-2203230	Hathadukkuwa	gnd	1083	506	577
LK-3103025	Bodhimaluwa	gnd	1083	537	546
LK-3112015	Omatta	gnd	1083	521	562
LK-3124225	Udalamatta South	gnd	1083	523	560
LK-3148040	Gahalakoladeniya	gnd	1083	521	562
LK-3203190	Elamaldeniya	gnd	1083	542	541
LK-3315180	Miniethiliya	gnd	1083	540	543
LK-3325235	Galahitiya East	gnd	1083	534	549
LK-6139025	Waduressa	gnd	1083	545	538
LK-6163010	Adapola	gnd	1083	524	559
LK-6172085	Kurudelpotha	gnd	1083	506	577
LK-6215080	Thammennagama	gnd	1083	528	555
LK-9103075	Pelpitiya	gnd	1083	548	535
LK-1115015	Kanampella East	gnd	1082	543	539
LK-1321310	Alwiswatta	gnd	1082	504	578
LK-2115030	Gomaraya	gnd	1082	522	560
LK-2133105	Rajasinghagama	gnd	1082	510	572
LK-2133200	Wathuwala	gnd	1082	514	568
LK-4130210	Usan	gnd	1082	523	559
LK-6184155	Henduwawa Colony	gnd	1082	502	580
LK-1230185	Meddegama South	gnd	1081	498	583
LK-2139560	Polgahaanga	gnd	1081	483	598
LK-2203170	Galewela Town	gnd	1081	490	591
LK-3109135	Mahaedanda	gnd	1081	515	566
LK-5130090	Ampilanthurai	gnd	1081	504	577
LK-6145100	Dorabavila	gnd	1081	540	541
LK-7118060	Pihimbiyagollewa	gnd	1081	540	541
LK-8118080	Sapuroda	gnd	1081	502	579
LK-8124225	Pallegama	gnd	1081	529	552
LK-8218040	Madamagama	gnd	1081	526	555
LK-1227270	Katuwasgoda	gnd	1080	513	567
LK-1330190	Dippita	gnd	1080	529	551
LK-3203010	Galabada	gnd	1080	524	556
LK-5233160	Deegawapie 02	gnd	1080	530	550
LK-6169215	Panavitiya	gnd	1080	538	542
LK-9212275	Bossella	gnd	1080	518	562
LK-6148075	Dunupotha	gnd	1079	537	542
LK-6181065	Dambagirigama West	gnd	1079	504	575
LK-8136050	Galtenhena	gnd	1079	547	532
LK-1321370	Rajawatta Parana Kotasa	gnd	1078	525	553
LK-1330235	Andawala	gnd	1078	510	568
LK-2136010	Kirimetiya Watta	gnd	1078	540	538
LK-2148140	Pattiyagama Gabadagama North	gnd	1078	503	575
LK-3106060	Hegalla-Piyagama	gnd	1078	496	582
LK-3112115	Thalagaspe	gnd	1078	504	574
LK-3115015	Hattaka	gnd	1078	543	535
LK-3136080	Katukoliha	gnd	1078	524	554
LK-3309120	Polgahawelena	gnd	1078	534	544
LK-4121100	Karaveddy Centre	gnd	1078	505	573
LK-6224015	Mellankulama	gnd	1078	542	536
LK-6233135	Karavitagara West	gnd	1078	537	541
LK-9142200	Dambavinna	gnd	1078	521	557
LK-1310020	Kottiyawatta	gnd	1077	557	520
LK-5321025	Wanela West	gnd	1077	506	571
LK-1327125	Thudugala East	gnd	1076	544	532
LK-3245185	Devinuwara Pradeepagara Pedesa	gnd	1076	485	591
LK-3324130	Siyambalamuraya	gnd	1076	519	557
LK-5221030	Pandiruppu 01	gnd	1076	479	597
LK-6115020	Kumbukwewa	gnd	1076	523	553
LK-6127030	Kambuwatawana	gnd	1076	536	540
LK-6160215	Wadiyagoda	gnd	1076	495	581
LK-6166010	Medagama	gnd	1076	499	577
LK-6172065	Kumbalwala	gnd	1076	517	559
LK-1209555	Bomugammana South	gnd	1075	512	563
LK-2136125	Udawela Pahalagama	gnd	1075	518	557
LK-2139155	Angunawala West	gnd	1075	545	530
LK-2139220	Aluthkanda	gnd	1075	493	582
LK-2206140	Welangolla	gnd	1075	547	528
LK-3324180	Pangamvilayaya	gnd	1075	524	551
LK-4136035	Thirunagar	gnd	1075	508	567
LK-4212065	Murunkan	gnd	1075	510	565
LK-5224125	Kalmunai 02B	gnd	1075	488	587
LK-6184110	Poramadala	gnd	1075	516	559
LK-7210025	Kudapokuna	gnd	1075	525	550
LK-8109045	Pitamaruwa	gnd	1075	521	554
LK-2203055	Meewalapathaha	gnd	1074	504	570
LK-3112125	Wallambagala North	gnd	1074	512	562
LK-3151060	Wathawana	gnd	1074	490	584
LK-3330090	Nihiluwa East	gnd	1074	510	564
LK-3333190	Godawanagoda	gnd	1074	500	574
LK-5233105	Addalachchenai 11	gnd	1074	510	564
LK-5321010	Ganthalawa Unit 12	gnd	1074	535	539
LK-6124240	Thisnampalagama	gnd	1074	518	556
LK-6142050	Puwakgahakadawala	gnd	1074	531	543
LK-6175065	Ihala Yagamwela	gnd	1074	513	561
LK-6233080	Weralabada North	gnd	1074	505	569
LK-7206100	Nagarapura	gnd	1074	520	554
LK-1215285	Wattegedara	gnd	1073	531	542
LK-2203275	Lenawala	gnd	1073	533	540
LK-3134020	Banwelgodella	gnd	1073	519	554
LK-4121135	Thunnalai West	gnd	1073	482	591
LK-4124010	Kudaththanai	gnd	1073	492	581
LK-5109040	Kumburumulai	gnd	1073	507	566
LK-5206095	Marangala	gnd	1073	556	517
LK-8206050	Thampalawela	gnd	1073	528	545
LK-9130050	Gawaragiriya	gnd	1073	528	545
LK-1330165	Horawala	gnd	1072	541	531
LK-3145090	Akmeemana	gnd	1072	503	569
LK-5230015	Ninthavur 12	gnd	1072	487	585
LK-6127070	Pathirennegama	gnd	1072	501	571
LK-6148115	Angamuwa	gnd	1072	521	551
LK-6149070	Pahala Kolamunna	gnd	1072	521	551
LK-6248150	Ihala Mohottimulla	gnd	1072	524	548
LK-7124035	Kapugollewa	gnd	1072	557	515
LK-7160125	Amunuwetiya	gnd	1072	458	614
LK-9119055	Kalupedigama	gnd	1072	499	573
LK-9145095	Ranwala	gnd	1072	516	556
LK-3218025	Peddapitiya North	gnd	1071	501	570
LK-3239220	Thudella	gnd	1071	534	537
LK-3306155	Dutugemunupura	gnd	1071	556	515
LK-5127030	Puthukudiyiruppu South	gnd	1071	475	596
LK-5242080	Damana	gnd	1071	537	534
LK-6187265	Wellewa	gnd	1071	514	557
LK-6218105	Kudirippuwa	gnd	1071	506	565
LK-9103145	Nakandala	gnd	1071	534	537
LK-1230660	Thittapattara	gnd	1070	544	526
LK-2106025	Pahala Kithulgolla	gnd	1070	516	554
LK-3112025	Himbutugoda	gnd	1070	500	570
LK-3127025	Baddegama North	gnd	1070	520	550
LK-3242005	Deeyagaha East	gnd	1070	529	541
LK-3309215	Magama	gnd	1070	532	538
LK-6136015	Kelegama	gnd	1070	521	549
LK-6181235	Puskoladeniya	gnd	1070	520	550
LK-6239010	Iranavila East	gnd	1070	473	597
LK-1336165	Magura West	gnd	1069	510	559
LK-2154065	Karagala	gnd	1069	538	531
LK-2209220	Hapugasyaya	gnd	1069	521	548
LK-3127020	Baddegama Town	gnd	1069	486	583
LK-3239195	Kapparathota South	gnd	1069	505	564
LK-5221060	Pandiruppu 02C	gnd	1069	486	583
LK-6121100	Kebellewa	gnd	1069	509	560
LK-6124040	Kirimetiyawa	gnd	1069	511	558
LK-6130205	Ihala Gokarella	gnd	1069	511	558
LK-6130285	Udathammita	gnd	1069	545	524
LK-6163415	Paliella	gnd	1069	517	552
LK-6166175	Parakumbura	gnd	1069	515	554
LK-7215080	Palugasdamana 03 Ela	gnd	1069	507	562
LK-9115200	Mamalgaha	gnd	1069	511	558
LK-9209010	Wakirigala	gnd	1069	492	577
LK-9227070	Berannawa	gnd	1069	517	552
LK-1221035	Dehiyagatha South	gnd	1068	546	522
LK-1227465	Welagedara	gnd	1068	516	552
LK-2133140	Thittapajjala North	gnd	1068	515	553
LK-2209170	Pilihudugolla Ihalagama	gnd	1068	510	558
LK-3136110	Pinkanda	gnd	1068	496	572
LK-3230110	Wepathaira South	gnd	1068	512	556
LK-3242040	Deeyagaha West	gnd	1068	526	542
LK-4415010	Alampil South	gnd	1068	517	551
LK-6145225	Yayegedara	gnd	1068	515	553
LK-6184020	Wennoruwa East	gnd	1068	516	552
LK-7106095	Ihala Usgollewa	gnd	1068	532	536
LK-8118085	Palagolla	gnd	1068	521	547
LK-9142020	Panawala	gnd	1068	528	540
LK-9233015	Nilwala	gnd	1068	498	570
LK-1215580	Kotugoda 1	gnd	1067	520	547
LK-2310610	Sooriyagahapathana Pahala	gnd	1067	532	535
LK-3148065	Nevungala	gnd	1067	526	541
LK-4309005	Palamoddai	gnd	1067	538	529
LK-4412055	Muththuaiyankaddukulam	gnd	1067	535	532
LK-6118135	Subhasinghapura	gnd	1067	534	533
LK-6127095	Kiribamunegama	gnd	1067	534	533
LK-6136005	Halmillewa	gnd	1067	526	541
LK-6178070	Wattegedara	gnd	1067	533	534
LK-9118195	Ellepola	gnd	1067	515	552
LK-3148140	Polpagoda	gnd	1066	494	572
LK-6248030	Lihiriyagama	gnd	1066	502	564
LK-7139165	Mihiripura	gnd	1066	531	535
LK-8118105	Pallegama	gnd	1066	495	571
LK-9209185	Kalugala	gnd	1066	508	558
LK-9221030	Lenagala	gnd	1066	524	542
LK-9224110	Punehela	gnd	1066	524	542
LK-3103155	Akadegoda	gnd	1065	512	553
LK-3127045	Ellakanda Wathurawa	gnd	1065	524	541
LK-3142010	Pannamaga	gnd	1065	478	587
LK-6172035	Ihala Elathalawa	gnd	1065	510	555
LK-6178405	Pahala Labbala	gnd	1065	489	576
LK-6233060	Thissogama	gnd	1065	500	565
LK-8127185	Pannalawela	gnd	1065	518	547
LK-1118200	Kahawala	gnd	1064	516	548
LK-1206075	Ethgala South	gnd	1064	499	565
LK-1227290	Pitiyegedara	gnd	1064	507	557
LK-3248175	Batheegama East	gnd	1064	502	562
LK-3325035	Mapitakanda	gnd	1064	518	546
LK-5136150	Onthachimadam South	gnd	1064	463	601
LK-6121075	Nabadewa	gnd	1064	490	574
LK-6139045	Pubbiliya	gnd	1064	542	522
LK-6149080	Nelunkanuwa	gnd	1064	522	542
LK-6212085	Inginimitiya East	gnd	1064	534	530
LK-7109110	Railway Town	gnd	1064	518	546
LK-7157020	Eppawala	gnd	1064	545	519
LK-7157070	Wayaulpatha	gnd	1064	552	512
LK-9203050	Hewadiwela	gnd	1064	632	432
LK-1227325	Thiriwanegama North	gnd	1063	534	529
LK-1230145	Kuttivila	gnd	1063	536	527
LK-2124060	Randiwela	gnd	1063	492	571
LK-2133095	Aladeniya	gnd	1063	525	538
LK-2148010	Perawatta East	gnd	1063	512	551
LK-3145245	Panagamuwa	gnd	1063	527	536
LK-3242330	Kotuwegoda South	gnd	1063	477	586
LK-4104045	Karainagar South West	gnd	1063	507	556
LK-4130040	Navatkuli East	gnd	1063	480	583
LK-4206005	Thevanpiddy	gnd	1063	531	532
LK-4406035	Palinagar	gnd	1063	514	549
LK-6109105	Hiddewa	gnd	1063	522	541
LK-6127330	Uthuruwella	gnd	1063	502	561
LK-7203130	Jayapura	gnd	1063	492	571
LK-9230110	Hinguralakanda East	gnd	1063	519	544
LK-1115340	Mawathagama East	gnd	1062	556	506
LK-2306070	Sangaraja Gama	gnd	1062	494	568
LK-3142170	Kalegana South	gnd	1062	476	586
LK-3321235	Weeraketiya West	gnd	1062	506	556
LK-5136090	Paddiruppu	gnd	1062	518	544
LK-6136200	Habarawa	gnd	1062	506	556
LK-8112095	Beramada	gnd	1062	547	515
LK-9118180	Massenna	gnd	1062	515	547
LK-9203035	Gabbala South	gnd	1062	506	556
LK-9209040	Katugaha	gnd	1062	502	560
LK-1209445	Kithulwala North	gnd	1061	494	567
LK-1230575	Giridara	gnd	1061	527	534
LK-2127110	Maharathenna East	gnd	1061	506	555
LK-2145050	Pussathenna	gnd	1061	500	561
LK-3206185	Paragala	gnd	1061	542	519
LK-3212180	Meepavita	gnd	1061	530	531
LK-5121075	Kannankudah	gnd	1061	520	541
LK-6187410	Serapees Watta	gnd	1061	515	546
LK-7215100	Palugasdamana North	gnd	1061	561	500
LK-1315085	Koodella	gnd	1060	536	524
LK-2133205	Uyanwatta	gnd	1060	481	579
LK-2302025	Nayapana	gnd	1060	497	563
LK-6112065	Kirimetiyawa	gnd	1060	523	537
LK-7124085	Rathmale	gnd	1060	510	550
LK-7215075	Wijayarajapura	gnd	1060	504	556
LK-8218035	Karavila	gnd	1060	542	518
LK-1209585	Wewagedara	gnd	1059	526	533
LK-2136085	Pelawa Pahalagama	gnd	1059	496	563
LK-2206015	Gedigaswalana	gnd	1059	620	439
LK-4127085	Viyaparimulai	gnd	1059	494	565
LK-6103015	Sandagala Palatha	gnd	1059	538	521
LK-6121085	Hathigammana	gnd	1059	501	558
LK-9151130	Dorapane	gnd	1059	537	522
LK-1339270	Thundola	gnd	1058	517	541
LK-2109075	Marahela	gnd	1058	521	537
LK-4124070	Aliyavalai	gnd	1058	493	565
LK-7112065	Kiralpetiyawa	gnd	1058	516	542
LK-7127170	Muriyakadawala	gnd	1058	540	518
LK-1315060	Remuna	gnd	1057	486	571
LK-3127040	Hemmeliya	gnd	1057	501	556
LK-3227020	Beragammulla	gnd	1057	526	531
LK-3325040	Radani Ara	gnd	1057	518	539
LK-6121020	Kandegedara	gnd	1057	493	564
LK-6145150	Panduwasnuwara	gnd	1057	522	535
LK-2106140	Godahena	gnd	1056	489	567
LK-2130105	Katukele West	gnd	1056	460	596
LK-2136385	Ranawana	gnd	1056	517	539
LK-2206085	Kumbukkandanwala	gnd	1056	530	526
LK-3142045	Baswatta	gnd	1056	502	554
LK-3333025	Kadiragoda	gnd	1056	507	549
LK-6139150	Holambalewa	gnd	1056	524	532
LK-6172120	Esseddama	gnd	1056	510	546
LK-6206085	Mailankulama	gnd	1056	495	561
LK-6209010	Moonamalgaswewa	gnd	1056	525	531
LK-7130020	Mahakanadarawa L.B. Track 01	gnd	1056	510	546
LK-7212030	Jayapura	gnd	1056	533	523
LK-9209095	Asmadala	gnd	1056	535	521
LK-1209200	Agalegedara	gnd	1055	507	548
LK-2106290	Batugoda North	gnd	1055	538	517
LK-2136295	Kudaoya	gnd	1055	516	539
LK-3106030	Pathiraja Pedesa	gnd	1055	519	536
LK-3115105	Poddiwala West	gnd	1055	511	544
LK-3315080	Modara Piliwala	gnd	1055	545	510
LK-4130190	Palavi	gnd	1055	517	538
LK-6151120	Wawagedara	gnd	1055	492	563
LK-6172250	Hammalawa	gnd	1055	487	568
LK-7151085	Wannammaduwa	gnd	1055	542	513
LK-1212475	Hapitigama	gnd	1054	487	567
LK-2133035	Bothota	gnd	1054	476	578
LK-3239010	Pathegama	gnd	1054	532	522
LK-4215025	Pandaraveli	gnd	1054	519	535
LK-6109005	Medinnoruwa	gnd	1054	525	529
LK-6130260	Peddawa	gnd	1054	521	533
LK-8206140	Polgahagama	gnd	1054	536	518
LK-9145035	Gangodagama	gnd	1054	509	545
LK-1212050	Henegama	gnd	1053	514	539
LK-4215045	Marudhamadu	gnd	1053	543	510
LK-6133105	Boraluwa	gnd	1053	478	575
LK-6187005	Ahugoda East	gnd	1053	493	560
LK-6236005	Athuwana	gnd	1053	525	528
LK-6242205	Pahala Katuneriya North	gnd	1053	488	565
LK-7206190	Wijayarajapura	gnd	1053	523	530
LK-7215045	Damana Gemunupura	gnd	1053	525	528
LK-9115120	Seelogama	gnd	1053	530	523
LK-9118205	Kumara Gama	gnd	1053	478	575
LK-1209605	Assennawatta West	gnd	1052	512	540
LK-1339045	Mallawachchigoda Gangabada	gnd	1052	536	516
LK-2145040	Kossinna	gnd	1052	470	582
LK-3333290	Unakooruwa West	gnd	1052	526	526
LK-5216060	Sorikalmunai 3	gnd	1052	490	562
LK-5236090	Akkaraipattu 02	gnd	1052	477	575
LK-6136125	Thambarawa	gnd	1052	488	564
LK-6142025	Bandarigalgoda	gnd	1052	511	541
LK-6151005	Wilgamdematawa	gnd	1052	513	539
LK-9145110	Thennahena	gnd	1052	509	543
LK-3324240	Wathukanda	gnd	1051	517	534
LK-4139040	Velanai East	gnd	1051	531	520
LK-5239045	Aligambai	gnd	1051	502	549
LK-6106020	Ethiniwetunugala	gnd	1051	524	527
LK-6139055	Amunukole	gnd	1051	498	553
LK-9206280	Ambadeniya	gnd	1051	513	538
LK-1215600	Thammita West	gnd	1050	506	544
LK-1233100	Buthpitiya South	gnd	1050	493	557
LK-2127160	Gabadagama South	gnd	1050	492	558
LK-6181030	Dangolla	gnd	1050	497	553
LK-6221025	Kivula No. 1	gnd	1050	534	516
LK-8124100	Hali-Ela	gnd	1050	488	562
LK-1230545	Egoda Guruwala	gnd	1049	512	537
LK-1230645	Lansiyahena	gnd	1049	506	543
LK-2139340	Elpitikanda	gnd	1049	504	545
LK-5221105	Chenaikudiyiruppu 01B	gnd	1049	482	567
LK-5248075	Pakkiyawatta 1	gnd	1049	511	538
LK-6163135	Nuwarayaya	gnd	1049	512	537
LK-6206035	Karathivu South	gnd	1049	510	539
LK-7203080	Mahasengama	gnd	1049	550	499
LK-8209040	Senapathiya	gnd	1049	486	563
LK-2124275	Hathiyalwela	gnd	1048	529	519
LK-4130270	Iddaikurichchi	gnd	1048	514	534
LK-5136005	Kurukkalmadam North	gnd	1048	524	524
LK-6106090	Jayalanda	gnd	1048	507	541
LK-6115065	Elagammillawa	gnd	1048	501	547
LK-7109075	Mahadivulwewa	gnd	1048	518	530
LK-7127130	Hurulunikawewa Track-03	gnd	1048	503	545
LK-7215015	Wijayabahupura	gnd	1048	491	557
LK-1312040	Halwathura	gnd	1047	522	525
LK-2127330	Arangala North	gnd	1047	495	552
LK-2203290	Kendangamuwa	gnd	1047	530	517
LK-3136070	Kuda Wewala	gnd	1047	485	562
LK-3139115	Richmond Kanda	gnd	1047	495	552
LK-3148125	Uduwella	gnd	1047	521	526
LK-3218110	Ganhela	gnd	1047	510	537
LK-3306170	Saddhathissapura	gnd	1047	519	528
LK-3324050	Sapugahayaya	gnd	1047	521	526
LK-4112215	Palaly North	gnd	1047	512	535
LK-6118110	Unagolla	gnd	1047	516	531
LK-6181075	Ranawatta	gnd	1047	522	525
LK-7127120	Sivalakulama	gnd	1047	520	527
LK-8218030	Mailagasthenna	gnd	1047	546	501
LK-1209310	Kadawala	gnd	1046	491	555
LK-1312235	Mahagama West	gnd	1046	481	565
LK-2103100	Galagedara West	gnd	1046	491	555
LK-2218100	Kottagoda	gnd	1046	513	533
LK-3103080	Sooriyagama	gnd	1046	503	543
LK-3236065	Thihagoda East	gnd	1046	487	559
LK-3245110	Kapugama West	gnd	1046	512	534
LK-3330170	Mahaheella East	gnd	1046	502	544
LK-4115070	Chunnakam Town North	gnd	1046	461	585
LK-5136160	Koddaikallar West	gnd	1046	494	552
LK-5224060	Pandiruppu 02C	gnd	1046	503	543
LK-6187150	Egalla	gnd	1046	485	561
LK-6187295	Madalagama	gnd	1046	495	551
LK-7124050	Morawewa	gnd	1046	522	524
LK-8118120	Passara Town East	gnd	1046	496	550
LK-9221025	Mahakanda	gnd	1046	504	542
LK-1209070	Polhena	gnd	1045	511	534
LK-2309295	Liyanwala Pahalagama	gnd	1045	458	587
LK-3330080	Nihiluwa West	gnd	1045	505	540
LK-6149075	Wathukana	gnd	1045	500	545
LK-6166140	Godavita	gnd	1045	493	552
LK-6245250	Bolana	gnd	1045	484	561
LK-7118145	Sandamalgama	gnd	1045	526	519
LK-1230350	Demalagama	gnd	1044	496	548
LK-1306295	Kimmanthudawa	gnd	1044	519	525
LK-2106020	Egodamulla South	gnd	1044	487	557
LK-2230235	Kandenuwara West	gnd	1044	495	549
LK-3321185	Buddhiyagama North	gnd	1044	524	520
LK-4115125	Erlalai Centre	gnd	1044	483	561
LK-6124225	Kumbukwewa	gnd	1044	512	532
LK-6154080	Hadirawalana Ihala	gnd	1044	501	543
LK-6206045	Bandaranayakapura	gnd	1044	529	515
LK-6233195	Pitipana North	gnd	1044	491	553
LK-8118070	Udagama	gnd	1044	497	547
LK-1209255	Hettimulla	gnd	1043	496	547
LK-1227590	Sapugasthenna	gnd	1043	502	541
LK-2133060	Attaragama South	gnd	1043	500	543
LK-5136060	Kaluthawalai 2	gnd	1043	471	572
LK-5212210	Udayapura	gnd	1043	510	533
LK-6203035	Periyakudirippu	gnd	1043	509	534
LK-7106005	Halmillawetiya	gnd	1043	502	541
LK-9112080	Embuldeniya	gnd	1043	515	528
LK-9142210	Thambagamuwa East	gnd	1043	505	538
LK-1230045	Mahal Loluwa	gnd	1042	504	538
LK-2106170	Wewala	gnd	1042	493	549
LK-2145300	Galagoda	gnd	1042	481	561
LK-2303255	Niyamgamdora	gnd	1042	470	572
LK-3248145	Dickwella East	gnd	1042	514	528
LK-5333025	Poomarathadichenai	gnd	1042	509	533
LK-6127115	Amunakole	gnd	1042	508	534
LK-6163515	Pussella	gnd	1042	495	547
LK-1212745	Dambutuwa	gnd	1041	510	531
LK-6106095	Padipanchawa	gnd	1041	522	519
LK-6130250	Kiribamuna	gnd	1041	491	550
LK-6163350	Polwatta	gnd	1041	504	537
LK-9103130	Asgangula South	gnd	1041	516	525
LK-9203030	Gabbala North	gnd	1041	491	550
LK-9209140	Pehinipeddara	gnd	1041	481	560
LK-9212185	Udumagama	gnd	1041	492	549
LK-9224105	Urumeewala	gnd	1041	492	549
LK-1336025	Kapugedara	gnd	1040	509	531
LK-2127040	Pallegama	gnd	1040	495	545
LK-3137105	Owakanda	gnd	1040	494	546
LK-6106220	Jayabima	gnd	1040	497	543
LK-6145190	Barampola	gnd	1040	516	524
LK-6163545	Bogamuwa	gnd	1040	493	547
LK-6221095	Mohoriya	gnd	1040	515	525
LK-9209100	Kandamulla	gnd	1040	471	569
LK-2106280	Batagalla North	gnd	1039	498	541
LK-2133255	Yahalathenna Kanda	gnd	1039	507	532
LK-3136100	Gammaduwatta	gnd	1039	497	542
LK-3227075	Pitakatuwana	gnd	1039	494	545
LK-3248210	Pathegama Central	gnd	1039	512	527
LK-3327035	Sumihirigama	gnd	1039	534	505
LK-4415020	Shemmalai	gnd	1039	479	560
LK-5327060	Muthur West	gnd	1039	540	499
LK-6172160	Anukkane	gnd	1039	485	554
LK-9206225	Mahanthegama	gnd	1039	508	531
LK-9221045	Morathota	gnd	1039	495	544
LK-2206040	Nagalawewa	gnd	1038	530	508
LK-3145260	Handugoda	gnd	1038	496	542
LK-3315005	Siyambalakote	gnd	1038	506	532
LK-3324040	Ambagas Ara	gnd	1038	504	534
LK-6106155	Kurundankulama	gnd	1038	469	569
LK-6118070	Thalakolawewa	gnd	1038	531	507
LK-6157065	Kowana	gnd	1038	506	532
LK-6239085	Meda Walahapitiya	gnd	1038	501	537
LK-9119010	Kalthota	gnd	1038	531	507
LK-2218245	Pandivita Welagama	gnd	1037	477	560
LK-3124060	Parana Thanayamgoda Central	gnd	1037	495	542
LK-3333060	Pattiyapola East	gnd	1037	499	538
LK-4403045	Mallavi	gnd	1037	451	586
LK-5321015	Ganthalawa Unit 11	gnd	1037	521	516
LK-6163085	Kotuhena	gnd	1037	500	537
LK-6187360	Tenpana	gnd	1037	519	518
LK-9224005	Kanangamuwa	gnd	1037	501	536
LK-1209100	Lihiniyagammana	gnd	1036	527	509
LK-1339185	Pelawatta	gnd	1036	499	537
LK-3103120	Olaganduwa	gnd	1036	493	543
LK-3148045	Udumalagala	gnd	1036	503	533
LK-3224090	Kirimetimulla North	gnd	1036	486	550
LK-3248075	Rathmale	gnd	1036	496	540
LK-5242110	Galkanda	gnd	1036	494	542
LK-7118045	Thalgahawewa	gnd	1036	497	539
LK-7139035	Ehetuwagama	gnd	1036	503	533
LK-1215260	Pethiyagoda North	gnd	1035	493	542
LK-3233010	Ovitigamuwa North	gnd	1035	492	543
LK-5136180	Periyakallar 01	gnd	1035	467	568
LK-6248010	Kirimetiyana East	gnd	1035	473	562
LK-8218095	Madukotan Arawa	gnd	1035	505	530
LK-2121055	Udattawa	gnd	1034	470	564
LK-2136205	Deldeniya	gnd	1034	480	554
LK-2148035	Greatweliya	gnd	1034	486	548
LK-3128010	Indurupathvila	gnd	1034	498	536
LK-3145095	Ganegoda	gnd	1034	489	545
LK-6157165	Thiragama	gnd	1034	491	543
LK-6169090	Karagahagedara	gnd	1034	536	498
LK-1230460	Parathapakanda	gnd	1033	459	574
LK-2106270	Madadeniya	gnd	1033	486	547
LK-3309190	Gonagamuwa	gnd	1033	523	510
LK-4303080	Puliyankulam South	gnd	1033	521	512
LK-5321070	Rajaela Unit 03	gnd	1033	490	543
LK-5327030	Kaddaiparichchan North	gnd	1033	477	556
LK-6136090	Avulegama	gnd	1033	502	531
LK-2142155	Rajathalawa	gnd	1032	498	534
LK-5212120	Gemunupura	gnd	1032	494	538
LK-6118130	Kadigawa Track 3	gnd	1032	501	531
LK-6172105	Embawa	gnd	1032	504	528
LK-6172155	Kirindawa	gnd	1032	480	552
LK-6209005	Pahala Puliyankulama	gnd	1032	530	502
LK-7151045	Kuttikulama	gnd	1032	508	524
LK-9119060	Thanjanthenna	gnd	1032	495	537
LK-1212075	Pirisyala	gnd	1031	506	525
LK-1227225	Ranpokunagama D Zone	gnd	1031	499	532
LK-1312075	Govinna North	gnd	1031	486	545
LK-1339170	Pahala Hewessa North	gnd	1031	501	530
LK-2133210	Dadahogama	gnd	1031	508	523
LK-2148015	Palugama	gnd	1031	498	533
LK-2218110	Makulgaharuppa	gnd	1031	478	553
LK-3106180	Elathota	gnd	1031	476	555
LK-3145270	Wanchawala	gnd	1031	474	557
LK-4130050	Kaithady Navatkuli	gnd	1031	496	535
LK-5221120	Kalmunai  01E	gnd	1031	464	567
LK-6124130	Mahawa West	gnd	1031	472	559
LK-6169095	Bogahapitiya	gnd	1031	489	542
LK-6184030	Pannala	gnd	1031	490	541
LK-8119040	Alakolagala	gnd	1031	487	544
LK-8127005	Yalagamuwa	gnd	1031	522	509
LK-8206190	Obbegoda	gnd	1031	495	536
LK-8212235	Wijayapura	gnd	1031	515	516
LK-1212505	Kotadeniya	gnd	1030	495	535
LK-2309590	Ekangapura	gnd	1030	499	531
LK-4418020	Kiriibbanwewa	gnd	1030	521	509
LK-5130060	Arasaditivu North	gnd	1030	448	582
LK-5209050	Borapola	gnd	1030	521	509
LK-6127010	Thaladapitiya	gnd	1030	498	532
LK-8127140	Hangunnawa	gnd	1030	523	507
LK-1230275	Anuragoda South	gnd	1029	516	513
LK-2221020	Naguliyadda	gnd	1029	492	537
LK-2233205	Udupitiya	gnd	1029	496	533
LK-6136020	Konotta	gnd	1029	489	540
LK-6136065	Wanduressa	gnd	1029	493	536
LK-6187345	Godigamuwa	gnd	1029	464	565
LK-6245080	Meda Wennappuwa	gnd	1029	467	562
LK-8130190	Pahalayalkumbura	gnd	1029	472	557
LK-1212040	Hapugahagedara	gnd	1028	482	546
LK-1212420	Hanchapola	gnd	1028	502	526
LK-1233130	Balivila	gnd	1028	503	525
LK-2206135	Ihala Ereula	gnd	1028	532	496
LK-2209200	Nalanda	gnd	1028	488	540
LK-4121140	Nelliaddy North	gnd	1028	495	533
LK-5133140	Mandur 1 And 2 South	gnd	1028	467	561
LK-6145005	Kahatavila	gnd	1028	477	551
LK-6157215	Mahagama	gnd	1028	481	547
LK-6178130	Yayamulla	gnd	1028	494	534
LK-7160110	Kagama 5 Ela	gnd	1028	494	534
LK-8218125	Madugasmulla	gnd	1028	497	531
LK-1209230	Dimbuldeniya	gnd	1027	468	559
LK-1212460	Wellevilamulla North	gnd	1027	481	546
LK-1212520	Radawadunna	gnd	1027	499	528
LK-2218170	Harasgama	gnd	1027	487	540
LK-2306455	Rahathungoda	gnd	1027	483	544
LK-5209030	Iddapola	gnd	1027	514	513
LK-6124010	Ihalagama	gnd	1027	496	531
LK-6154055	Pahala Hadirawalana	gnd	1027	498	529
LK-7203020	Rathmale	gnd	1027	511	516
LK-8136060	Nawela West	gnd	1027	500	527
LK-2233320	Ulpathapitiya	gnd	1026	487	539
LK-3130100	Waduwelivitiya	gnd	1026	496	530
LK-3139090	Maligaspe	gnd	1026	488	538
LK-3330305	Palapotha East	gnd	1026	495	531
LK-6130185	Wewalagama	gnd	1026	521	505
LK-7157035	Senadhiriyagama	gnd	1026	506	520
LK-9218315	Madurupitiya	gnd	1026	486	540
LK-2303380	Kudaoya	gnd	1025	514	511
LK-3118020	Habarakada East	gnd	1025	500	525
LK-3154175	Atadahewathugoda	gnd	1025	489	536
LK-4109120	Mathagal West	gnd	1025	500	525
LK-6103120	Ihala Giribawa	gnd	1025	503	522
LK-6175025	Wathuwatta	gnd	1025	532	493
LK-6184165	Medagampola	gnd	1025	507	518
LK-8203060	Morattamulla	gnd	1025	515	510
LK-9112170	Egoda Malwala	gnd	1025	505	520
LK-1230435	Senasungoda	gnd	1024	491	533
LK-2309595	Samagipura	gnd	1024	486	538
LK-3112010	Pahala Omatta	gnd	1024	484	540
LK-3124135	Udugama	gnd	1024	484	540
LK-3218175	Galabadahena	gnd	1024	488	536
LK-3318220	Angunakolapelessa	gnd	1024	497	527
LK-3330180	Kambussawala East	gnd	1024	483	541
LK-4130125	Madduvil Centre	gnd	1024	485	539
LK-6115005	Palugolla Track 10 A	gnd	1024	484	540
LK-6151150	Yanthampalawa	gnd	1024	454	570
LK-6169020	Pothuwewa	gnd	1024	497	527
LK-6209105	Thewanuwara	gnd	1024	503	521
LK-8112035	Kandaketiya	gnd	1024	486	538
LK-8230050	Nikawewa	gnd	1024	550	474
LK-9212270	Higgoda	gnd	1024	492	532
LK-9215245	Hathnapitiya	gnd	1024	486	538
LK-1212595	Galgamuwa East	gnd	1023	484	539
LK-1215200	Peralanda	gnd	1023	469	554
LK-1227750	Dematalanda	gnd	1023	501	522
LK-1309240	Kulupana	gnd	1023	492	531
LK-2303080	Panangammana	gnd	1023	503	520
LK-2306165	Rekitipe	gnd	1023	443	580
LK-2309265	Walapane	gnd	1023	489	534
LK-4212105	Achchankulam	gnd	1023	493	530
LK-5206070	Holike	gnd	1023	517	506
LK-6127075	Saliyagama	gnd	1023	510	513
LK-1212105	Purana Meerigama	gnd	1022	520	502
LK-1321430	Ethagama West	gnd	1022	516	506
LK-1339005	Pannila South	gnd	1022	477	545
LK-1339110	Malambehena	gnd	1022	480	542
LK-2130040	Mahaweli Uyana	gnd	1022	481	541
LK-2203100	Bambaragaswewa	gnd	1022	514	508
LK-3130030	Nambara Atta	gnd	1022	476	546
LK-5212155	Komariya	gnd	1022	478	544
LK-6178395	Elibichchiya	gnd	1022	495	527
LK-2139045	Kiriwavula West	gnd	1021	496	525
LK-3127210	Balagoda	gnd	1021	501	520
LK-6106310	Palukadawala	gnd	1021	504	517
LK-6160100	Henepola	gnd	1021	494	527
LK-6160120	Nawa Pothubowa	gnd	1021	496	525
LK-8127125	Malapolagama	gnd	1021	502	519
LK-9121035	Madola	gnd	1021	473	548
LK-1215290	Ambagahawatta	gnd	1020	479	541
LK-2139545	Muruthagahamula	gnd	1020	482	538
LK-3121040	Mavita East	gnd	1020	518	502
LK-3148020	Nakiyadeniya North	gnd	1020	507	513
LK-3230155	Kongala South	gnd	1020	474	546
LK-5230040	Ninthavur 15	gnd	1020	447	573
LK-6130110	Pitapahamuna	gnd	1020	493	527
LK-6149045	Bamunakotuwa	gnd	1020	505	515
LK-6245010	Kolinjadiya North	gnd	1020	475	545
LK-9130040	Gangodakanda	gnd	1020	520	500
LK-2109030	Balakaduwa	gnd	1019	486	533
LK-2148090	Pattiyagama Pallegama	gnd	1019	459	560
LK-3109175	Kirinuge	gnd	1019	485	534
LK-3215040	Thalahagama West	gnd	1019	468	551
LK-3330155	Eldeniya	gnd	1019	505	514
LK-3333105	Aluthgoda	gnd	1019	484	535
LK-6106055	Kepela	gnd	1019	485	534
LK-6124125	Madurugama	gnd	1019	488	531
LK-6145305	Ihala Gomugomuwa	gnd	1019	490	529
LK-7127155	Hurulu Jayapura	gnd	1019	485	534
LK-7215020	Unagalavehera South	gnd	1019	489	530
LK-2306015	Welikada	gnd	1018	496	522
LK-3209180	Andaluwa	gnd	1018	496	522
LK-4306050	Eramperiyakulama	gnd	1018	478	540
LK-1209180	Kehelella North	gnd	1017	490	527
LK-3127065	Gothatuwa	gnd	1017	491	526
LK-6142040	Kiniyama East	gnd	1017	473	544
LK-7118115	Wahamalgollewa	gnd	1017	498	519
LK-7212125	Weerana	gnd	1017	509	508
LK-9145150	Muttettupola	gnd	1017	518	499
LK-1212260	Indiparape	gnd	1016	494	522
LK-1230555	Giridara West	gnd	1016	476	540
LK-1233080	Malwathuhiripitiya	gnd	1016	494	522
LK-2127050	Udagama North	gnd	1016	499	517
LK-2133225	Ruwanpuraya	gnd	1016	510	506
LK-3112070	Goluwamulla	gnd	1016	506	510
LK-3318035	Thalawa North	gnd	1016	481	535
LK-3321225	Buddhiyagama West	gnd	1016	481	535
LK-4306040	Acres 400	gnd	1016	479	537
LK-6169185	Galgammulla	gnd	1016	488	528
LK-6178390	Kohombapola	gnd	1016	473	543
LK-9133105	Weddagala East	gnd	1016	517	499
LK-9218320	Kandegama	gnd	1016	488	528
LK-1212130	Bothale Pahalagama	gnd	1015	491	524
LK-1227060	Humbutiyawa	gnd	1015	476	539
LK-3118050	Thawalama South	gnd	1015	490	525
LK-3215015	Urumutta South	gnd	1015	502	513
LK-3242250	Madiha East	gnd	1015	505	510
LK-5118230	Navatkudah South	gnd	1015	466	549
LK-5212225	Weeragoda South	gnd	1015	489	526
LK-6121045	Bogollagama	gnd	1015	519	496
LK-7209070	Senanayakapura	gnd	1015	479	536
LK-8206180	Therela	gnd	1015	530	485
LK-9115165	Pagalovita	gnd	1015	499	516
LK-2212020	Demada Oya	gnd	1014	504	510
LK-3148185	Hiriyamalkumbura	gnd	1014	482	532
LK-3218230	Paragahawatta	gnd	1014	503	511
LK-3325240	Koholana	gnd	1014	483	531
LK-6130105	Bandipola	gnd	1014	460	554
LK-6136110	Divulakele	gnd	1014	458	556
LK-6212095	Konkadawala	gnd	1014	495	519
LK-8118015	Kahataruppa	gnd	1014	497	517
LK-8209060	Kalugahawadiya	gnd	1014	500	514
LK-1230395	Yakambe	gnd	1013	482	531
LK-3212050	Neralampitiya	gnd	1013	491	522
LK-3218085	Nawalagoda	gnd	1013	478	535
LK-4136100	Grand Bazaar	gnd	1013	450	563
LK-6136040	Walpaluwa	gnd	1013	468	545
LK-6178090	Narangoda South	gnd	1013	502	511
LK-6245015	Udasirigama	gnd	1013	473	540
LK-1309205	Meewanapalana East	gnd	1012	455	557
LK-4112140	Kadduvan West	gnd	1012	504	508
LK-5303030	Parana Medawachchiya	gnd	1012	512	500
LK-6145200	Ehetumulla	gnd	1012	484	528
LK-6145210	Bogolla	gnd	1012	482	530
LK-6178300	Villiyagama	gnd	1012	475	537
LK-7109055	Anekattiya	gnd	1012	498	514
LK-7148180	Galmaduwa	gnd	1012	474	538
LK-8212005	Nape	gnd	1012	526	486
LK-9215235	Ruggahathenna	gnd	1012	506	506
LK-1212095	Maveehena	gnd	1011	485	526
LK-2136200	Pahala Rathmeewala	gnd	1011	487	524
LK-2154100	Yatapana	gnd	1011	463	548
LK-3209120	Mologgamuwa South	gnd	1011	501	510
LK-5218240	Kallarichchel 01	gnd	1011	463	548
LK-6136205	Ambakadawara	gnd	1011	458	553
LK-6154025	Thalvita	gnd	1011	488	523
LK-6163455	Gallawa	gnd	1011	495	516
LK-1227365	Bogoda	gnd	1010	487	523
LK-2315150	Vidulipura South	gnd	1010	491	519
LK-3245175	Devinuwara East	gnd	1010	477	533
LK-3333155	Kahandamodara	gnd	1010	484	526
LK-5121045	Ayiththiyamalai South	gnd	1010	516	494
LK-5218080	Sammanthurai 07	gnd	1010	460	550
LK-6230080	Wairankattuwa	gnd	1010	529	481
LK-6236050	Thambagalla Watta	gnd	1010	474	536
LK-7206060	Thissapura	gnd	1010	500	510
LK-2112040	Mahakumbura	gnd	1009	461	548
LK-3148005	Nawala	gnd	1009	459	550
LK-3227005	Gathara West	gnd	1009	471	538
LK-7118135	Pandukabhayapura	gnd	1009	497	512
LK-7139110	Pahala Maragahawewa	gnd	1009	466	543
LK-7151110	Selesthimaduwa	gnd	1009	491	518
LK-8112055	Wewathenna	gnd	1009	481	528
LK-1227360	Orchardwatta South	gnd	1008	494	514
LK-1306195	Bandaragama	gnd	1008	481	527
LK-1312115	Bulathsinhala Central	gnd	1008	495	513
LK-3145170	Yakgaha	gnd	1008	484	524
LK-3306160	Jayagama	gnd	1008	483	525
LK-8230045	Usgala	gnd	1008	485	523
LK-1330160	Horawala North	gnd	1007	473	534
LK-2309135	Mulhalkele	gnd	1007	494	513
LK-3154055	Halloluwagoda	gnd	1007	489	518
LK-3325225	Walasmulla Pahala	gnd	1007	486	521
LK-4312040	Kanthasamy Nagar	gnd	1007	464	543
LK-6148070	Rathmalla	gnd	1007	477	530
LK-6160045	Tigola	gnd	1007	481	526
LK-7160145	Kalawewa	gnd	1007	452	555
LK-7166015	Balaluwewa1	gnd	1007	487	520
LK-3315150	Walawewatta East	gnd	1006	502	504
LK-3333275	Kadurupokuna West	gnd	1006	494	512
LK-4215050	Ahathimurippu	gnd	1006	497	509
LK-6178175	Kongoda	gnd	1006	485	521
LK-6221085	Garayakgama	gnd	1006	499	507
LK-8209125	Pitadeniya	gnd	1006	505	501
LK-9145105	Elamalpe	gnd	1006	488	518
LK-1212690	Mottunna West	gnd	1005	480	525
LK-2206250	Puwak Attawala	gnd	1005	508	497
LK-3325075	Palle Julampitiya	gnd	1005	506	499
LK-4306075	Mahamylankulama	gnd	1005	485	520
LK-5236045	Akkaraipattu 15	gnd	1005	473	532
LK-5321050	Rajaela Unit 05	gnd	1005	523	482
LK-6169110	Godagama	gnd	1005	487	518
LK-9215185	Kinigama	gnd	1005	476	529
LK-2106215	Ovissa South	gnd	1004	475	529
LK-2224040	Morathenna	gnd	1004	494	510
LK-3145065	Hiyare South	gnd	1004	500	504
LK-3230005	Denagama East	gnd	1004	480	524
LK-5118175	Puliyantivu Central	gnd	1004	467	537
LK-6187255	Rathmalgoda	gnd	1004	458	546
LK-7166010	Balaluwewa 2	gnd	1004	456	548
LK-1312205	Paragoda West	gnd	1003	507	496
LK-3106250	Bogahawatta	gnd	1003	460	543
LK-3236190	Palatuwa	gnd	1003	467	536
LK-3333065	Pattiyapola South	gnd	1003	487	516
LK-5130110	Thanthamalai	gnd	1003	485	518
LK-6127240	Dagama	gnd	1003	484	519
LK-6142250	Heenpannawa	gnd	1003	482	521
LK-6145185	Hanthihawa	gnd	1003	485	518
LK-6178045	Mohottawa	gnd	1003	495	508
LK-6181110	Welikumbura	gnd	1003	487	516
LK-7139150	Galadivulwewa	gnd	1003	479	524
LK-7215260	Aluthwewa West	gnd	1003	478	525
LK-9145005	Paragahamaditta	gnd	1003	495	508
LK-1212135	Bothale Pahalagama West	gnd	1002	480	522
LK-2139140	Sangabogama	gnd	1002	463	539
LK-3215105	Yahamulla	gnd	1002	485	517
LK-4212025	Naruvilikkulam	gnd	1002	509	493
LK-6163030	Wanduressa	gnd	1002	496	506
LK-7166165	Morotte Gama	gnd	1002	501	501
LK-8106180	Mahagama	gnd	1002	499	503
LK-9115135	Alakolaella	gnd	1002	501	501
LK-9206285	Weragoda	gnd	1002	486	516
LK-5227040	Karaitheevu 01	gnd	1001	444	557
LK-5233110	Addalachchenai 03	gnd	1001	461	540
LK-5312020	Nochchikulama	gnd	1001	519	482
LK-6139100	Beliwewa	gnd	1001	500	501
LK-6148110	Magulagama	gnd	1001	469	532
LK-6175015	Pahala Weerakodiyana	gnd	1001	484	517
LK-6221100	Baranankattuwa	gnd	1001	498	503
LK-7160090	Wedinigama	gnd	1001	475	526
LK-8124030	Panakanniya	gnd	1001	470	531
LK-9206220	Kahawandala	gnd	1001	468	533
LK-1209190	Wekada	gnd	1000	480	520
LK-1212125	Thawalampitiya	gnd	1000	457	543
LK-1215225	Yatagama	gnd	1000	483	517
LK-1312225	Mahagama East	gnd	1000	443	557
LK-5206100	Komana	gnd	1000	493	507
LK-6145280	Akarawatta	gnd	1000	451	549
LK-6175140	Henegedara	gnd	1000	478	522
LK-6233095	Aluthwatta	gnd	1000	463	537
LK-7166150	Parawahagama	gnd	1000	506	494
LK-9121005	Polwattahena	gnd	1000	525	475
LK-9209240	Aranayaka	gnd	1000	486	514
LK-1118185	Beliattavila	gnd	999	499	500
LK-1209095	Kehelella West	gnd	999	485	514
LK-1315070	Kananvila	gnd	999	479	520
LK-2139230	Kovilakanda	gnd	999	473	526
LK-3135080	Akurala	gnd	999	512	487
LK-3136095	Patuwatha	gnd	999	474	525
LK-3218195	Paraduwa East	gnd	999	495	504
LK-3325030	Konkarahena	gnd	999	477	522
LK-6121050	Dalukgolla	gnd	999	486	513
LK-6142005	Molaeliya	gnd	999	473	526
LK-7148085	Rajjallegama	gnd	999	467	532
LK-8112040	Welaoya	gnd	999	490	509
LK-9203355	Udugama Gondewala	gnd	999	476	523
LK-2127025	Galpihilla	gnd	998	462	536
LK-2139025	Boyagama	gnd	998	483	515
LK-2230260	Pahala Hapuvida	gnd	998	480	518
LK-2309395	Werellapathana	gnd	998	486	512
LK-3148180	Thalgampala	gnd	998	461	537
LK-3245160	Devinuwara Central	gnd	998	481	517
LK-6145135	Bandara Koswatta	gnd	998	469	529
LK-7206130	Wijayapura	gnd	998	490	508
LK-8206165	Gonathalawa	gnd	998	486	512
LK-9206340	Hemmathagama	gnd	998	463	535
LK-2230110	Palle Weragama	gnd	997	501	496
LK-3115135	Manampita	gnd	997	460	537
LK-3128045	Panvila	gnd	997	481	516
LK-6184300	Udagankanda	gnd	997	483	514
LK-7151065	Ethungama South	gnd	997	492	505
LK-7210150	Aluthwewa	gnd	997	510	487
LK-8212220	Minipura	gnd	997	499	498
LK-1215330	Burullapitiya	gnd	996	469	527
LK-1227445	Pelpita	gnd	996	460	536
LK-3124185	Keppitiyagoda North	gnd	996	466	530
LK-3203050	Alapaladeniya South	gnd	996	485	511
LK-3333010	Pattiyapola West	gnd	996	468	528
LK-6212070	Welewewa South	gnd	996	477	519
LK-7151080	Aluth Punchikulama	gnd	996	514	482
LK-9115195	Ulupitiya	gnd	996	506	490
LK-9227105	Polpitiya	gnd	996	483	513
LK-2145225	Udamailapitiya North	gnd	995	448	547
LK-2218085	Parana Dombawela	gnd	995	464	531
LK-3135065	Dimbuldoowa	gnd	995	499	496
LK-5248130	Inspector Etham	gnd	995	455	540
LK-6109095	Rathnadivulwewa	gnd	995	470	525
LK-6130035	Gurussa	gnd	995	475	520
LK-6145095	Diggalagedara	gnd	995	475	520
LK-7127060	Himbutugollewa	gnd	995	498	497
LK-8118090	Gonagala West	gnd	995	473	522
LK-9115190	Thotapalla	gnd	995	509	486
LK-9142110	Godakawela	gnd	995	482	513
LK-9218060	Metiyagane	gnd	995	470	525
LK-9224075	Dedugala	gnd	995	480	515
LK-1212415	Muddaragama	gnd	994	465	529
LK-1212530	Bataleeya South	gnd	994	521	473
LK-2227140	Perakanatta	gnd	994	494	500
LK-3103035	Angagoda	gnd	994	489	505
LK-3112060	Goluwamulla North	gnd	994	456	538
LK-3137135	Rupeewala	gnd	994	461	533
LK-3221020	Puhulahena	gnd	994	499	495
LK-4418005	Gajabapura	gnd	994	516	478
LK-4512045	Kollakuruchchi	gnd	994	473	521
LK-6103095	Sangabopura	gnd	994	506	488
LK-6124205	Vilawa	gnd	994	466	528
LK-6172125	Kongahagedara	gnd	994	444	550
LK-7206150	Kavudulugama	gnd	994	465	529
LK-8112115	Thalakumbura	gnd	994	479	515
LK-9139095	Miyanavita East	gnd	994	521	473
LK-1209280	Welagana	gnd	993	466	527
LK-2133215	Mapamadulla	gnd	993	487	506
LK-2139310	Arattana	gnd	993	474	519
LK-3135110	Weragoda	gnd	993	470	523
LK-3315185	Pingama	gnd	993	503	490
LK-3318190	Julamulla	gnd	993	503	490
LK-4103030	Karampon	gnd	993	492	501
LK-8203020	Nilgala	gnd	993	468	525
LK-9203075	Walgama	gnd	993	454	539
LK-3218105	Maramba South	gnd	992	480	512
LK-3233015	Malwathugoda	gnd	992	461	531
LK-7121190	Ellawewa	gnd	992	502	490
LK-1321045	Pohoddaramulla West	gnd	991	473	518
LK-2233135	Katudeniya	gnd	991	476	515
LK-3145185	Pedinnoruwa	gnd	991	471	520
LK-3154190	Kathaluwa Central	gnd	991	452	539
LK-3218100	Peddapitiya South	gnd	991	482	509
LK-9221010	Galapitamada	gnd	991	484	507
LK-1212365	Weweldeniya Pahalagama	gnd	990	464	526
LK-1330080	Diyagala	gnd	990	484	506
LK-3224035	Horagoda East	gnd	990	477	513
LK-6127015	Thalawa	gnd	990	484	506
LK-6163105	Diniminiyathenna	gnd	990	471	519
LK-6172225	Mahimpitiya	gnd	990	479	511
LK-6236115	Uraliya	gnd	990	472	518
LK-7148130	Mediyawa	gnd	990	484	506
LK-7203140	Hinguraka	gnd	990	451	539
LK-8212090	Helamulla	gnd	990	517	473
LK-9206035	Karapane	gnd	990	452	538
LK-9215160	Alawala	gnd	990	494	496
LK-1118030	Waga South	gnd	989	499	490
LK-3124230	Udugama South	gnd	989	457	532
LK-5136220	Thuraineelavanai South	gnd	989	458	531
LK-5234035	Irakkamam 01	gnd	989	471	518
LK-6103110	Pothana	gnd	989	496	493
LK-6172170	Kumbukkotuwa	gnd	989	466	523
LK-7136055	Kaluvila North	gnd	989	463	526
LK-1118045	Halpe	gnd	988	480	508
LK-1209165	Ihala Madampella East	gnd	988	483	505
LK-1321155	Paraduwa	gnd	988	478	510
LK-3145035	Hiyare North	gnd	988	494	494
LK-3203130	Aluwana	gnd	988	478	510
LK-3224045	Horagoda South	gnd	988	468	520
LK-3318130	Gajanayakagama	gnd	988	497	491
LK-6178210	Dodampotta	gnd	988	480	508
LK-7115080	Saliyapura	gnd	988	507	481
LK-7151205	Uttupitiya	gnd	988	469	519
LK-8203110	Udamallehewa	gnd	988	466	522
LK-9203375	Deegana Kanda	gnd	988	481	507
LK-9212280	Ganthuna Pallegama North	gnd	988	470	518
LK-1209360	Doonagaha	gnd	987	484	503
LK-1227285	Bandarabatawala	gnd	987	476	511
LK-1339025	Lihiniyawa West	gnd	987	494	493
LK-2121220	Ambagahapelessa	gnd	987	488	499
LK-4215030	Sinnapullachchi Potkerni	gnd	987	484	503
LK-5133200	Sinnawattai	gnd	987	431	556
LK-6163225	Morathiha	gnd	987	489	498
LK-6233185	Pitipana East	gnd	987	458	529
LK-8203200	Medipitiya	gnd	987	482	505
LK-8209065	Kongolla	gnd	987	483	504
LK-9145010	Ilukkumbura	gnd	987	497	490
LK-2139395	Pethiyagoda West	gnd	986	451	535
LK-3142185	Kahadoowawatta	gnd	986	449	537
LK-3233105	Wathukolakanda East	gnd	986	469	517
LK-6206050	Vanathavilluwa North	gnd	986	459	527
LK-7118190	Mahakanadarawa R. B. Track 01	gnd	986	468	518
LK-8112015	Kandakepoo Ulpotha	gnd	986	485	501
LK-8218110	Punsisigama	gnd	986	470	516
LK-9145075	Palugahawela	gnd	986	508	478
LK-1212285	Banduragoda	gnd	985	481	504
LK-2106165	Weligalla	gnd	985	434	551
LK-2139250	Hiddavulla West	gnd	985	493	492
LK-2221065	Sirangahawatta	gnd	985	454	531
LK-3124210	Urala Pahala	gnd	985	492	493
LK-4112085	Tellippalai	gnd	985	441	544
LK-5242085	Alahena	gnd	985	469	516
LK-6157145	Indulgoda	gnd	985	444	541
LK-7139050	Horuvila	gnd	985	515	470
LK-1310035	Kotigala	gnd	984	482	502
LK-1336150	Batahena	gnd	984	500	484
LK-2106040	Ankumbura South	gnd	984	451	533
LK-2218135	Biridewala	gnd	984	493	491
LK-2233155	Purijjala	gnd	984	466	518
LK-3227140	Karagoda Uyangoda 1 Atha West	gnd	984	479	505
LK-6103135	Hettiarachchigama	gnd	984	491	493
LK-7203220	Nagapokuna	gnd	984	474	510
LK-8136075	Newberg	gnd	984	505	479
LK-9115150	Pallewela	gnd	984	473	511
LK-1209395	Kaluaggala	gnd	983	479	504
LK-1212230	Neligama	gnd	983	454	529
LK-2136285	Giragama	gnd	983	457	526
LK-2142070	Doluwa	gnd	983	470	513
LK-3103170	Kandemulla	gnd	983	480	503
LK-3121140	Ihala Lelwala	gnd	983	485	498
LK-3127095	Ganegama North	gnd	983	484	499
LK-3224130	Akurugoda West	gnd	983	479	504
LK-6139120	Walaswewa	gnd	983	480	503
LK-6184060	Kiriwanapola	gnd	983	479	504
LK-7209045	Munisirigama	gnd	983	492	491
LK-7218025	Attanakadawala West	gnd	983	499	484
LK-8218015	Ella	gnd	983	475	508
LK-9206255	Balawathgama	gnd	983	464	519
LK-2127320	Mahawatta West	gnd	982	442	540
LK-2133100	Hedeniya	gnd	982	483	499
LK-2307640	Elamulla	gnd	982	477	505
LK-3112160	Pelendagoda	gnd	982	485	497
LK-3124145	Gonadeniya South	gnd	982	484	498
LK-3245015	Walbulugahahena	gnd	982	488	494
LK-5124055	Kattankudy Division 4	gnd	982	426	556
LK-5216005	Central Camp 01	gnd	982	441	541
LK-5233120	Addalachchenai 12	gnd	982	444	538
LK-5330030	Kavanthissapura	gnd	982	445	537
LK-6245240	Waikkala North	gnd	982	475	507
LK-8206010	Mullegama	gnd	982	498	484
LK-9103050	Iddamalgoda	gnd	982	477	505
LK-2206240	Wavulambe	gnd	981	476	505
LK-3124095	Nagoda	gnd	981	440	541
LK-4139100	Pungudutivu South	gnd	981	484	497
LK-6109125	Ehetuwewa	gnd	981	456	525
LK-6163045	Koswatta	gnd	981	484	497
LK-6239215	Horagolla North	gnd	981	448	533
LK-7166035	Gonadeniyagama	gnd	981	482	499
LK-3139165	Sanghamittapura	gnd	980	426	554
LK-3224005	Elgiriya	gnd	980	457	523
LK-3230075	Ellewela East	gnd	980	494	486
LK-3312025	Yahangala East	gnd	980	491	489
LK-6106265	Thorawa	gnd	980	490	490
LK-6145125	Hidagahawewa	gnd	980	479	501
LK-6248115	Meda Gonavila	gnd	980	469	511
LK-1224315	Mudungoda West	gnd	979	478	501
LK-1321165	Diyagama	gnd	979	478	501
LK-1336055	Ambegoda	gnd	979	470	509
LK-2106125	Udahingulwala	gnd	979	480	499
LK-2136355	Panabokka	gnd	979	487	492
LK-2203080	Ralalerotawewa	gnd	979	503	476
LK-3145125	Weliketiya	gnd	979	476	503
LK-3206005	Mederipitiya	gnd	979	487	492
LK-3236010	Pahala Vitiyala Central	gnd	979	468	511
LK-5236040	Akkaraipattu 16	gnd	979	448	531
LK-6181270	Epaladeniya	gnd	979	487	492
LK-7148050	Korakahawewa	gnd	979	500	479
LK-7203260	Sudukanda - Nikawewa	gnd	979	490	489
LK-9121040	Udawela	gnd	979	467	512
LK-2109020	Walahena	gnd	978	463	515
LK-3112020	Metiviliya	gnd	978	469	509
LK-3221070	Bathalahena	gnd	978	488	490
LK-5242150	Kumana	gnd	978	498	480
LK-5327020	Sampoor East	gnd	978	478	500
LK-6106305	Kurundewa	gnd	978	498	480
LK-6115040	Mahamithawa	gnd	978	470	508
LK-6130010	Kimbulwana Oya	gnd	978	475	503
LK-6145170	Munihirigama	gnd	978	495	483
LK-6239210	Maranda South	gnd	978	481	497
LK-6242190	Bulugahawewa	gnd	978	440	538
LK-8124125	Neludanda	gnd	978	466	512
LK-9115175	Amuwathugoda	gnd	978	472	506
LK-3106105	Kadiragonna	gnd	977	471	506
LK-5133005	Selvapuram	gnd	977	439	538
LK-5227070	Karaitheevu 10	gnd	977	486	491
LK-6163165	Madithiyawa	gnd	977	466	511
LK-6163565	Niyangama	gnd	977	462	515
LK-8215130	Kahambana	gnd	977	493	484
LK-3221110	Warakapitiya East	gnd	976	470	506
LK-6124235	Pahala Balalla	gnd	976	462	514
LK-6130065	Dewagiriya	gnd	976	484	492
LK-6169210	Deekirikewa	gnd	976	464	512
LK-6230095	Arachchikattuwa East	gnd	976	490	486
LK-1318080	Kennanthudawa	gnd	975	463	512
LK-2136105	Dehigama North	gnd	975	467	508
LK-2139030	Gangoda South	gnd	975	471	504
LK-2230230	Thambalagala	gnd	975	418	557
LK-3103090	Thunduwa West	gnd	975	474	501
LK-3112255	Kahadoowa South	gnd	975	479	496
LK-3137045	Kandegoda	gnd	975	496	479
LK-5103070	Mankerny South	gnd	975	469	506
LK-6109010	Mahawelithenna	gnd	975	472	503
LK-8127050	Ilukwela	gnd	975	437	538
LK-6142210	Hamannapahuwa	gnd	974	466	508
LK-6154030	Waraddana	gnd	974	456	518
LK-6175195	Kootharippuwa	gnd	974	491	483
LK-6187010	Amunugama	gnd	974	462	512
LK-7166130	Andiyagala	gnd	974	471	503
LK-1209490	Pinnakele South	gnd	973	496	477
LK-1321020	Moronthuduwa North	gnd	973	471	502
LK-3212115	Seenipella East	gnd	973	478	495
LK-3236090	Narangala	gnd	973	485	488
LK-5236130	Town Division 01	gnd	973	461	512
LK-7154185	Unagollewa	gnd	973	448	525
LK-8118040	Madugasthalawa South	gnd	973	497	476
LK-3124205	Urala North	gnd	972	479	493
LK-3318185	Daha Amuna	gnd	972	486	486
LK-4509155	Thiruvaiaru	gnd	972	504	468
LK-6175005	Ihala Weerakodiyana	gnd	972	447	525
LK-7115165	Shuddha Nagaraya	gnd	972	306	666
LK-7215140	Galthambarawa	gnd	972	463	509
LK-9203140	Walalgoda	gnd	972	467	505
LK-1209400	Kuleegedara	gnd	971	481	490
LK-2136465	Madarangoda	gnd	971	470	501
LK-3109045	Mabingoda	gnd	971	477	494
LK-3151215	Thittagalla West	gnd	971	463	508
LK-3227180	Kahagala South	gnd	971	470	501
LK-3245100	Delgalla	gnd	971	450	521
LK-5118100	Iruthayapuram Central	gnd	971	438	533
LK-6127195	Thalakolawewa	gnd	971	458	513
LK-6172290	Kongolla	gnd	971	468	503
LK-6218155	Angunavila	gnd	971	470	501
LK-9203160	Weligamuwa	gnd	971	461	510
LK-2230195	Godapola	gnd	970	471	499
LK-2303085	Katukithula	gnd	970	453	517
LK-2309255	Egodakanda	gnd	970	454	516
LK-3230065	Narawelpita East	gnd	970	494	476
LK-3230135	Gammedapitiya	gnd	970	452	518
LK-3315145	Walawewatta West	gnd	970	465	505
LK-3318055	Uswewa	gnd	970	479	491
LK-5315050	Peeliyady	gnd	970	466	504
LK-6121135	Divullegoda	gnd	970	472	498
LK-6142075	Urapotta	gnd	970	489	481
LK-6242170	Thummodara East	gnd	970	451	519
LK-1227615	Bopetta	gnd	969	446	523
LK-1233050	Kandumulla	gnd	969	485	484
LK-2230085	Wanaraniya	gnd	969	467	502
LK-5233155	Addalachchenai 17	gnd	969	475	494
LK-6109020	Bongama	gnd	969	488	481
LK-6127260	Bakmeewewa	gnd	969	478	491
LK-6127400	Hangamuwa	gnd	969	490	479
LK-7106065	Thittagonewa	gnd	969	498	471
LK-8212195	Gemunupura	gnd	969	475	494
LK-2151220	Pussellawagama	gnd	968	471	497
LK-2206205	Kalundewa Aluthgama	gnd	968	476	492
LK-2233095	Dombagasdeniya	gnd	968	479	489
LK-3135190	Thotagamuwa	gnd	968	470	498
LK-3309175	Welipothewala	gnd	968	474	494
LK-3315140	Beminiyanvila	gnd	968	471	497
LK-4112100	Maviddapuram	gnd	968	454	514
LK-4503075	Soranpattu	gnd	968	488	480
LK-5133115	Kovilporativu	gnd	968	408	560
LK-5242100	Eggaloya	gnd	968	471	497
LK-6124090	Ipalogama	gnd	968	473	495
LK-6133205	Kanawa	gnd	968	467	501
LK-7139045	Hunuvilagama	gnd	968	473	495
LK-2127085	Wepathana	gnd	967	467	500
LK-2315085	Hambakanda	gnd	967	478	489
LK-3115110	Poddiwala East	gnd	967	470	497
LK-3121145	Panagoda	gnd	967	468	499
LK-5124045	Kattankudy Division 3 West	gnd	967	418	549
LK-6127230	Hakwatunawa	gnd	967	456	511
LK-7166140	Ipulwehera	gnd	967	467	500
LK-1227220	Ranpokunagama	gnd	966	449	517
LK-1230250	Keragala	gnd	966	480	486
LK-2133040	Attaragama East	gnd	966	453	513
LK-6106245	Nallachchiya	gnd	966	483	483
LK-6145050	Akurana	gnd	966	489	477
LK-7145100	Thispanepura	gnd	966	475	491
LK-8127225	Busdulla	gnd	966	487	479
LK-8203010	Karandugala	gnd	966	458	508
LK-1227530	Meewala West	gnd	965	464	501
LK-2133110	Palkumbura	gnd	965	434	531
LK-2206285	Lenadora North	gnd	965	457	508
LK-2209235	Andawala	gnd	965	486	479
LK-3215025	Divithura	gnd	965	474	491
LK-4130285	Thavalai-Iyattalai	gnd	965	418	547
LK-5221110	Chenaikudiyiruppu 01	gnd	965	428	537
LK-6121170	Kumbukwewa	gnd	965	466	499
LK-7215255	Aluthwewa East	gnd	965	465	500
LK-1215385	Korase East	gnd	964	453	511
LK-1306255	Panape	gnd	964	474	490
LK-3221050	Wellana	gnd	964	485	479
LK-3333185	Walgameliya	gnd	964	469	495
LK-4127130	Puloly North East	gnd	964	437	527
LK-6230010	Mahamaeliya	gnd	964	464	500
LK-6236225	Mugunuwatawana	gnd	964	458	506
LK-9209235	Hakurugammana	gnd	964	438	526
LK-1209440	Kithulwala Pahala	gnd	963	481	482
LK-2139160	Yalegoda East	gnd	963	449	514
LK-2139295	Godapola East	gnd	963	464	499
LK-2212115	Ambokka	gnd	963	457	506
LK-3118165	Weerapana North	gnd	963	462	501
LK-3224010	Pahala Kiyaduwa	gnd	963	437	526
LK-4212150	Katkidanthakulam	gnd	963	470	493
LK-5133100	Vellaveli	gnd	963	414	549
LK-5216020	Central Camp 05	gnd	963	456	507
LK-7112080	Helambawewa	gnd	963	494	469
LK-7210015	Katuwanvila West	gnd	963	450	513
LK-2139405	Palle Aludeniya	gnd	962	448	514
LK-2312235	Magasthota	gnd	962	487	475
LK-3318070	Sooriyapokuna	gnd	962	481	481
LK-4118120	Vatharavattai	gnd	962	471	491
LK-4136020	Passaiyoor East	gnd	962	444	518
LK-6109075	Ihala Digana	gnd	962	460	502
LK-6157150	Konpala	gnd	962	442	520
LK-6172030	Ihala Galpola	gnd	962	456	506
LK-7215265	Parakrama Samudraya	gnd	962	465	497
LK-8218065	Kotamuduna	gnd	962	426	536
LK-8218185	Hingurukaduwa	gnd	962	475	487
LK-1212175	Bothale Ihalagama	gnd	961	476	485
LK-1230535	Iddamaldeniya	gnd	961	464	497
LK-1309235	Werullahena	gnd	961	454	507
LK-2206050	Kimbissa	gnd	961	503	458
LK-2227100	Veheragala	gnd	961	488	473
LK-2302185	Godamaditta	gnd	961	463	498
LK-6142255	Pahala Kadigamuwa	gnd	961	456	505
LK-9203225	Madawala	gnd	961	456	505
LK-1212235	Lindara	gnd	960	451	509
LK-1312015	Diwalakada	gnd	960	475	485
LK-2106005	Egodamulla North	gnd	960	473	487
LK-2136065	Ihala Kobbekaduwa	gnd	960	441	519
LK-2209215	Ududeniya	gnd	960	481	479
LK-2227070	Karawgahawewa	gnd	960	481	479
LK-2307330	Uda Makuruppa	gnd	960	437	523
LK-3212215	Horapavita South	gnd	960	460	500
LK-9203395	Pitiyegama	gnd	960	432	528
LK-1227675	Koskandawala North	gnd	959	479	480
LK-2309300	Medakandura	gnd	959	437	522
LK-3109075	Magala North	gnd	959	462	497
LK-3142140	Bokaramullagoda	gnd	959	443	516
LK-3148190	Polpagoda West	gnd	959	440	519
LK-3236020	Polathugoda	gnd	959	471	488
LK-3324230	Ranasingoda	gnd	959	479	480
LK-4112075	Naguleswaram	gnd	959	461	498
LK-4130260	Varani North	gnd	959	487	472
LK-4215035	Periyapullachchi Potkerni	gnd	959	481	478
LK-6148125	Moragane	gnd	959	456	503
LK-6157205	Wattegedara	gnd	959	464	495
LK-6175095	Kattimahana	gnd	959	447	512
LK-6221120	Galkuliya East	gnd	959	469	490
LK-1339090	Halwala	gnd	958	479	479
LK-2203240	Medabedda South	gnd	958	466	492
LK-2218060	Dombawela	gnd	958	459	499
LK-3135070	Andurangoda	gnd	958	463	495
LK-3233085	Puhulwella West	gnd	958	465	493
LK-3239240	Thal Aramba South	gnd	958	456	502
LK-3325080	Pahala Obada	gnd	958	442	516
LK-5118065	Koolavadi	gnd	958	473	485
LK-6151095	Dahigamuwa	gnd	958	439	519
LK-9212230	Nilapalagammana	gnd	958	452	506
LK-1209290	Palliyapitiya West	gnd	957	465	492
LK-1330255	Meegama	gnd	957	457	500
LK-1333150	Kevitiyagala	gnd	957	457	500
LK-4506025	Kumarapuram	gnd	957	448	509
LK-6221005	Kivula No. 4-2	gnd	957	454	503
LK-9151025	Heneggegoda	gnd	957	487	470
LK-1224040	Kirindivita	gnd	956	460	496
LK-3137065	Maliduwa	gnd	956	454	502
LK-6172265	Diyadora	gnd	956	469	487
LK-6245170	Boralessa North	gnd	956	459	497
LK-9215050	Edurapotha West	gnd	956	444	512
LK-1227055	Humbutiyawa West	gnd	955	446	509
LK-1227425	Alawala South	gnd	955	465	490
LK-1233065	Batepola North	gnd	955	464	491
LK-1333125	Kalupahana	gnd	955	457	498
LK-2145055	Pinnagolla	gnd	955	466	489
LK-2230010	Pahala Owala	gnd	955	464	491
LK-2230095	Maradurawala	gnd	955	483	472
LK-2233165	Halangoda	gnd	955	462	493
LK-3148030	Wathogala	gnd	955	456	499
LK-3154005	Yaddehimulla	gnd	955	615	340
LK-3325070	Julampitiya	gnd	955	485	470
LK-6121205	Pahala Galapitiyagama	gnd	955	468	487
LK-6145240	Jayasiripura	gnd	955	471	484
LK-7151090	Thirappane Kadaweediya	gnd	955	442	513
LK-1206205	Air Force Camp	gnd	954	486	468
LK-1230625	Udamapitigama	gnd	954	471	483
LK-2106115	Siyapathgama	gnd	954	448	506
LK-2124365	Ellepola	gnd	954	425	529
LK-3115055	Godamuna South	gnd	954	466	488
LK-3127235	Horagampita Central	gnd	954	447	507
LK-3321270	Mulgirigala South	gnd	954	458	496
LK-5230120	Ninthavur 10	gnd	954	461	493
LK-6160240	Kotikapala	gnd	954	479	475
LK-8106105	Nagadeepa	gnd	954	483	471
LK-1230240	Parakadamulla	gnd	953	458	495
LK-2203295	Madipola	gnd	953	448	505
LK-2206245	Embulambe	gnd	953	464	489
LK-2218070	Eriyagolla	gnd	953	479	474
LK-2307495	Bodhimalkada	gnd	953	474	479
LK-3115160	Horangalla Thalawa	gnd	953	469	484
LK-3124110	Ukovita North	gnd	953	475	478
LK-3145220	Ettiligoda North	gnd	953	443	510
LK-5333050	Uppooral	gnd	953	472	481
LK-6124060	Thumbullegama	gnd	953	470	483
LK-6124115	Digana	gnd	953	446	507
LK-6175115	Ihalagama North	gnd	953	444	509
LK-7203025	Paluwaddana	gnd	953	480	473
LK-8127120	Koradekumbura	gnd	953	484	469
LK-9218160	Delgamuwa	gnd	953	436	517
LK-1212655	Imbulgasovita	gnd	952	474	478
LK-2106105	Wewala North	gnd	952	494	458
LK-3127050	Baddegama East	gnd	952	468	484
LK-3227100	Karaputugala South	gnd	952	463	489
LK-3230165	Kongala West	gnd	952	425	527
LK-3236085	Kithalagama Central	gnd	952	456	496
LK-3318050	Debokkawa North	gnd	952	453	499
LK-4206180	Palaiperumalkaddu	gnd	952	480	472
LK-5248110	Kanagarkiramam	gnd	952	484	468
LK-7121140	Ambagahawewa	gnd	952	474	478
LK-2206010	Avudangawa	gnd	951	560	391
LK-4124060	Vaththirayan	gnd	951	460	491
LK-6145060	Udagama	gnd	951	450	501
LK-6163110	Minirangama	gnd	951	453	498
LK-6181155	Godakooruwa	gnd	951	453	498
LK-7160060	Ihala Kagama	gnd	951	459	492
LK-8115080	Ambagasdowa	gnd	951	466	485
LK-8215015	Batugammana	gnd	951	476	475
LK-1212540	Mallehewa	gnd	950	458	492
LK-3209115	Mologgamuwa North	gnd	950	468	482
LK-3230160	Kongala Central	gnd	950	450	500
LK-5224095	Natpiddimunai Td 02	gnd	950	485	465
LK-6136060	Karagaswewa	gnd	950	447	503
LK-6148045	Kolambagama	gnd	950	480	470
LK-6233085	Egodawatta	gnd	950	459	491
LK-1306160	Gelanigama	gnd	949	459	490
LK-2103280	Idamegama	gnd	949	444	505
LK-2106310	Mullegama North	gnd	949	424	525
LK-3118025	Habarakada West	gnd	949	476	473
LK-3221005	Wahala Kananke North	gnd	949	423	526
LK-4506015	Kandawalai	gnd	949	460	489
LK-5127085	Rajadurai Gramam	gnd	949	447	502
LK-6106215	Karuwalagaswewa	gnd	949	457	492
LK-6127200	Elagamuwa	gnd	949	462	487
LK-6145090	Othegama	gnd	949	480	469
LK-6187120	Bevilgamuwa East	gnd	949	453	496
LK-6221110	Mahasembukuliya	gnd	949	464	485
LK-9118145	Jahinkanda	gnd	949	429	520
LK-2106175	Bokkawala	gnd	948	471	477
LK-2203210	Siyambalagahawela	gnd	948	471	477
LK-2227185	Sonutta	gnd	948	482	466
LK-3145265	Kalahe	gnd	948	449	499
LK-3236005	Pahala Vitiyala West	gnd	948	419	529
LK-3239165	Henwala West	gnd	948	458	490
LK-6121175	Elawaka	gnd	948	462	486
LK-6124030	Yaddigama	gnd	948	445	503
LK-9212220	Hapuvita Pallegama	gnd	948	462	486
LK-9212285	Bogala	gnd	948	432	516
LK-1209460	Ihala Madithiyawala	gnd	947	455	492
LK-2203150	Weragalawatta	gnd	947	445	502
LK-3215075	Maragoda	gnd	947	419	528
LK-5136045	Thettativu South - 01	gnd	947	441	506
LK-5224055	Pandiruppu 02B	gnd	947	438	509
LK-6106190	Kokwewa	gnd	947	469	478
LK-6157010	Udagama	gnd	947	429	518
LK-6236185	Ihalagama	gnd	947	423	524
LK-8106200	Arawa	gnd	947	466	481
LK-9109085	Holeepitiya	gnd	947	458	489
LK-9215165	Holombuwa	gnd	947	470	477
LK-9218155	Iipangamuwa	gnd	947	447	500
LK-9233125	Magala	gnd	947	478	469
LK-1330175	Welipenna East - South	gnd	946	447	499
LK-2136325	Amunupura	gnd	946	446	500
LK-2230005	Ikirigolla	gnd	946	468	478
LK-3321150	Medagama	gnd	946	452	494
LK-5112010	Sittandy 2	gnd	946	419	527
LK-9230055	Atulugamwela	gnd	946	466	480
LK-2136265	Dehideniya West	gnd	945	440	505
LK-2315005	Kalugala	gnd	945	451	494
LK-3236030	Batuvita 2	gnd	945	441	504
LK-4415155	Mullivaikkal West	gnd	945	456	489
LK-4418040	Ethawetunawewa	gnd	945	466	479
LK-5218035	Sammanthurai 01	gnd	945	448	497
LK-5330075	Sirimangalapura	gnd	945	453	492
LK-6145320	Epaladeniya	gnd	945	456	489
LK-6184090	Kandegedara North	gnd	945	473	472
LK-7121075	Thallattewa	gnd	945	449	496
LK-1227560	Halpandeniya	gnd	944	477	467
LK-1230220	Nedungolla	gnd	944	439	505
LK-3106115	Wathuregama	gnd	944	430	514
LK-6121040	Hulogedara	gnd	944	454	490
LK-6175205	Kumbukgahamulla	gnd	944	433	511
LK-6181220	Udawelawatta	gnd	944	454	490
LK-6215015	Sella Kandal	gnd	944	481	463
LK-6239055	Galamuna	gnd	944	451	493
LK-7139040	Thalgaswewa	gnd	944	452	492
LK-8212030	Newgala	gnd	944	480	464
LK-1227450	Walaliyadda	gnd	943	461	482
LK-1336105	Yakupitiya	gnd	943	466	477
LK-2121080	Ulpathagama	gnd	943	445	498
LK-2151240	Kalugalhinna	gnd	943	460	483
LK-3239070	Nidangala	gnd	943	441	502
LK-4139150	Nainativu South	gnd	943	443	500
LK-4412135	Vithyapuram	gnd	943	483	460
LK-6124255	Galewewa	gnd	943	453	490
LK-7203230	Chethiyagirigama	gnd	943	463	480
LK-1206300	Raddolugama North A	gnd	942	446	496
LK-1209020	Otharawadiya	gnd	942	451	491
LK-2139305	Meewaladeniya	gnd	942	419	523
LK-2230060	Dambagolla	gnd	942	428	514
LK-2306130	Udawatta Kumbura	gnd	942	440	502
LK-5136185	Periyakallar 01 South	gnd	942	425	517
LK-6127025	Bulnewa	gnd	942	443	499
LK-9112110	Ellegedara	gnd	942	459	483
LK-9212235	Eregama	gnd	942	448	494
LK-9215180	Kiridana	gnd	942	445	497
LK-1118205	Yatawathura	gnd	941	470	471
LK-2121120	Thorapitiya	gnd	941	458	483
LK-2133045	Attaragama	gnd	941	441	500
LK-3112055	Opatha	gnd	941	445	496
LK-3139175	Pokunawatta	gnd	941	468	473
LK-3318150	Attanayala West	gnd	941	445	496
LK-9221015	Walgampatha	gnd	941	443	498
LK-1118005	Pinnawala North	gnd	940	444	496
LK-1209225	Koradaminna	gnd	940	475	465
LK-2127095	Deliwalathenna	gnd	940	462	478
LK-3230085	Narawelpita South	gnd	940	447	493
LK-3325180	Omara East	gnd	940	447	493
LK-6106185	Ulpathagama	gnd	940	465	475
LK-6148085	Thissawa	gnd	940	449	491
LK-6184075	Galgamuwa North	gnd	940	455	485
LK-8203050	Thotillaketiya	gnd	940	456	484
LK-1227160	Wataddara South	gnd	939	451	488
LK-2227090	Bogahawewa	gnd	939	485	454
LK-3236165	Watagedara	gnd	939	437	502
LK-3333285	Seenimodara East	gnd	939	450	489
LK-4139065	Velanai West	gnd	939	467	472
LK-6124335	Palugaswewa	gnd	939	462	477
LK-6145070	Pallegama	gnd	939	452	487
LK-6227070	Wendakaduwa	gnd	939	423	516
LK-9209270	Podape	gnd	939	445	494
LK-2112150	Megodagama	gnd	938	472	466
LK-2227060	Kumbukandana	gnd	938	451	487
LK-4412035	Kathaliyarsamalankulam	gnd	938	442	496
LK-5121040	Vavunativu	gnd	938	453	485
LK-6133045	Kalatuwagama	gnd	938	483	455
LK-6145010	Madaina	gnd	938	460	478
LK-3118170	Weerapana West	gnd	937	438	499
LK-3321180	Udukirivala	gnd	937	453	484
LK-5206030	Hagamwela	gnd	937	457	480
LK-6127375	Welidalla	gnd	937	448	489
LK-7127020	Dutuwewa	gnd	937	477	460
LK-9121085	Hattella Egoda	gnd	937	460	477
LK-1339235	Yagirala	gnd	936	451	485
LK-2133315	Uggalla	gnd	936	453	483
LK-2139170	Alapalawala East	gnd	936	458	478
LK-3327065	Thalahagamwaduwa Ihala	gnd	936	427	509
LK-5242005	Keenawatta	gnd	936	465	471
LK-6139070	Assedduma	gnd	936	477	459
LK-6184280	Galpottepola	gnd	936	455	481
LK-8115055	Dikpitiya	gnd	936	438	498
LK-1212680	Panawala	gnd	935	442	493
LK-2212030	Nilannoruwa	gnd	935	462	473
LK-3103050	Hunganthota Wadumulla	gnd	935	448	487
LK-3324265	Puwakgas Ara	gnd	935	446	489
LK-4306065	Kalukunnammaduwa	gnd	935	446	489
LK-6133165	Othuwela	gnd	935	445	490
LK-7130030	Doramadalawa	gnd	935	463	472
LK-5216100	Annamalai 01	gnd	934	463	471
LK-5248045	Pothuvil 02 / Unit 3	gnd	934	434	500
LK-6151025	Galagedara	gnd	934	435	499
LK-6169200	Etampola	gnd	934	452	482
LK-6245220	Angampitiya East	gnd	934	436	498
LK-7121010	Rathmalgahawewa	gnd	934	440	494
LK-9206010	Yatimahana	gnd	934	458	476
LK-1212350	Madabavita Ihalagama	gnd	933	465	468
LK-1230315	Dangalla North	gnd	933	445	488
LK-3324270	Binthenna	gnd	933	472	461
LK-4412030	Katchilaimadu	gnd	933	448	485
LK-7109145	Walpola	gnd	933	417	516
LK-7109185	Karambankulama	gnd	933	456	477
LK-7160055	Dampelassagama	gnd	933	449	484
LK-7166060	Kirindiwatta	gnd	933	450	483
LK-8124145	Godegama	gnd	933	443	490
LK-8203150	Ambelanda	gnd	933	465	468
LK-9112020	Siripagama	gnd	933	458	475
LK-2136475	Kadugannawa Town	gnd	932	461	471
LK-2310440	Morahela	gnd	932	435	497
LK-3145230	Jambuketiya	gnd	932	435	497
LK-3151105	Kahanda	gnd	932	445	487
LK-6149155	Pallawa Dampitiya	gnd	932	457	475
LK-6163175	Reddagoda	gnd	932	442	490
LK-6184230	Madawala	gnd	932	451	481
LK-8203120	Kotagama	gnd	932	435	497
LK-1118015	Waga North	gnd	931	448	483
LK-2103285	Marawanagoda	gnd	931	468	463
LK-2139255	Hiyarapitiya	gnd	931	425	506
LK-2206055	Egodawewa	gnd	931	468	463
LK-6160090	Pilessa Ihalagama	gnd	931	436	495
LK-6166040	Gonawa	gnd	931	447	484
LK-7203240	Yaya 05 Pedesa	gnd	931	450	481
LK-1339145	Wedawatta	gnd	930	444	486
LK-2309095	Serupitiya	gnd	930	467	463
LK-3236170	Nadugala 2	gnd	930	436	494
LK-6239220	Horagolla South	gnd	930	451	479
LK-9203305	Ambuwangala	gnd	930	428	502
LK-9209290	Randiligama	gnd	930	453	477
LK-1227735	Ruwanpura	gnd	929	466	463
LK-1339215	Karapagala	gnd	929	462	467
LK-2109140	Pangollamada	gnd	929	419	510
LK-2139390	Ihala Pethiyagoda	gnd	929	447	482
LK-2209095	Penalaboda	gnd	929	460	469
LK-3127005	Wavulagala	gnd	929	428	501
LK-3135060	Wenamulla	gnd	929	425	504
LK-3324215	Horavinna	gnd	929	463	466
LK-3327025	Udadeniya	gnd	929	436	493
LK-5133180	Palachcholai	gnd	929	392	537
LK-5312015	Mahadiulwewa Stage 2	gnd	929	470	459
LK-6106280	Konwewa	gnd	929	475	454
LK-6124120	Moonamalegama	gnd	929	453	476
LK-6139170	Midellawa	gnd	929	450	479
LK-6154210	Akaragana North	gnd	929	472	457
LK-9209230	Thelleka	gnd	929	441	488
LK-1227545	Udugoda	gnd	928	455	473
LK-1233105	Neelamahara North	gnd	928	476	452
LK-1310025	Kurana North	gnd	928	466	462
LK-4112060	Vithakapuram	gnd	928	437	491
LK-6130195	Aragama	gnd	928	442	486
LK-6215090	Bodhirajapura	gnd	928	443	485
LK-7112085	Dunumadalawa	gnd	928	455	473
LK-7121060	Kumbukgollewa	gnd	928	465	463
LK-8127150	Idamegama	gnd	928	464	464
LK-1215035	Galkanda	gnd	927	434	493
LK-2134040	Ilpemada	gnd	927	482	445
LK-2306060	Yati Hanguranketha	gnd	927	451	476
LK-3330060	Dammulla East	gnd	927	422	505
LK-6187335	Delgolla	gnd	927	457	470
LK-6218130	Udappuwa	gnd	927	397	530
LK-6239190	Pahala Hattiniya	gnd	927	420	507
LK-7124010	Wahalkada D 1	gnd	927	439	488
LK-8127195	Udaperuwa	gnd	927	452	475
LK-8206070	Ritigahawatta	gnd	927	456	471
LK-8206160	Magandaoya Colony	gnd	927	456	471
LK-1230570	Kapugoda	gnd	926	435	491
LK-2212010	Nilannoruwa Colony	gnd	926	437	489
LK-4309035	Mahilankulam	gnd	926	464	462
LK-6139160	Kattapitiya	gnd	926	438	488
LK-6248230	Yogiyana	gnd	926	417	509
LK-8209120	Elhena	gnd	926	463	463
LK-9209135	Gevilipitiya Gama	gnd	926	434	492
LK-3103165	Warakamulla	gnd	925	466	459
LK-3115075	Mattaka	gnd	925	433	492
LK-5248115	Hijra Nagar	gnd	925	465	460
LK-6175145	Kanubichchiya	gnd	925	446	479
LK-7148005	Daladapura	gnd	925	473	452
LK-8203180	Hewelwela	gnd	925	458	467
LK-1118220	Gurulana	gnd	924	466	458
LK-1336010	Kelinkanda	gnd	924	464	460
LK-2306170	Hapuwala	gnd	924	459	465
LK-4124005	Manatkadu	gnd	924	434	490
LK-5133135	Kovilporativu South	gnd	924	380	544
LK-5315150	Muththunagar	gnd	924	483	441
LK-6136180	Pattalegedara	gnd	924	444	480
LK-7139010	Ittikulama	gnd	924	439	485
LK-8115060	Ledgerwatta	gnd	924	415	509
LK-9203405	Kivulpana	gnd	924	444	480
LK-9209255	Ganthuna Udagama	gnd	924	481	443
LK-9215215	Nadeniya	gnd	924	455	469
LK-2139570	Weligalla	gnd	923	425	498
LK-2203085	Moragolla	gnd	923	433	490
LK-6233125	Puliyankadawara	gnd	923	428	495
LK-8218190	Keliwessa	gnd	923	456	467
LK-9218075	Kumbalgama	gnd	923	428	495
LK-1227485	Meewala	gnd	922	435	487
LK-1315075	Mahayala West	gnd	922	444	478
LK-2139010	Gangoda North	gnd	922	432	490
LK-2212195	Paldeniya	gnd	922	454	468
LK-3124065	Parana Thanayamgoda Pahala	gnd	922	445	477
LK-3318230	Gurunnehege Ara	gnd	922	457	465
LK-4203050	Pesalai West	gnd	922	448	474
LK-5221140	Kalmunai  03	gnd	922	450	472
LK-6236015	Mahagama South	gnd	922	460	462
LK-1221175	Kandana East	gnd	921	443	478
LK-1339225	Gammana West	gnd	921	447	474
LK-2133175	Pallebokalawela	gnd	921	433	488
LK-2154010	Polmalagama	gnd	921	447	474
LK-2227035	Aliwanguwa	gnd	921	458	463
LK-3330050	Beligalla North	gnd	921	441	480
LK-3330235	Medagoda	gnd	921	432	489
LK-6127290	Thalwehera	gnd	921	478	443
LK-6187370	Ganegoda South	gnd	921	440	481
LK-6239080	Ihala Walahapitiya	gnd	921	426	495
LK-9118015	Wijanathkumbura	gnd	921	450	471
LK-9233110	Demeda	gnd	921	454	467
LK-1209135	Kongodamulla North	gnd	920	415	505
LK-1212435	Borukgamuwa West	gnd	920	451	469
LK-2127010	Naranpanawa West	gnd	920	425	495
LK-2139460	Boowelikada	gnd	920	429	491
LK-2302020	Dambagalla	gnd	920	423	497
LK-3248015	Urugamuwa East	gnd	920	456	464
LK-6118115	Kongaswalayagama	gnd	920	453	467
LK-6133185	Makulwewa	gnd	920	443	477
LK-6139080	Kahatagaswewa	gnd	920	431	489
LK-6169085	Andigedara	gnd	920	434	486
LK-6224065	Labugala	gnd	920	465	455
LK-9203440	Waragoda	gnd	920	435	485
LK-2124255	Ranmulla	gnd	919	457	462
LK-2230210	Muwandeniya	gnd	919	434	485
LK-3154115	Annasiwathugoda	gnd	919	417	502
LK-3318015	Rathmalwala	gnd	919	446	473
LK-4203235	Puthukkamam	gnd	919	440	479
LK-6181125	Polwattegedara	gnd	919	461	458
LK-6184320	Bowala	gnd	919	418	501
LK-6187350	Udukedeniya	gnd	919	434	485
LK-7218090	Kottapitiya North	gnd	919	443	476
LK-9118135	Balangoda Town	gnd	919	438	481
LK-9145140	Madawalalanda	gnd	919	455	464
LK-2307645	Udawela	gnd	918	466	452
LK-3106035	Polathu Palatha	gnd	918	459	459
LK-3330285	Miriswatta	gnd	918	445	473
LK-5209040	Mahaoya	gnd	918	445	473
LK-5303025	Singhapura	gnd	918	452	466
LK-5327175	Paddithidal	gnd	918	431	487
LK-6148120	Anukkanhena	gnd	918	450	468
LK-6184015	Wennoruwa West	gnd	918	435	483
LK-6248135	Ihala Dummalakotuwa	gnd	918	437	481
LK-7109095	Kirigalwewa	gnd	918	421	497
LK-7127045	21 Colony West	gnd	918	441	477
LK-9145085	Kottimbulwala	gnd	918	470	448
LK-2124385	Udathenna	gnd	917	444	473
LK-2303090	Helsirigama	gnd	917	427	490
LK-3121125	Pahala Gigummaduwa	gnd	917	452	465
LK-3209195	Rotumba West	gnd	917	462	455
LK-3321140	Degampotha	gnd	917	431	486
LK-4403070	Therankandal	gnd	917	455	462
LK-6148060	Katumuluwa	gnd	917	451	466
LK-2139490	Ambagasthenna	gnd	916	426	490
LK-3233100	Kirinda Mangin Ihala East	gnd	916	440	476
LK-6157195	Katupitiya South	gnd	916	444	472
LK-6175030	Habarawewa	gnd	916	429	487
LK-9212290	Thiyambarahena	gnd	916	424	492
LK-1115270	Ihala Hanwella South	gnd	915	433	482
LK-1339095	Pannila	gnd	915	445	470
LK-2109135	Deegala	gnd	915	461	454
LK-2218035	Hathamunagala	gnd	915	461	454
LK-2302130	Harangala	gnd	915	434	481
LK-3109085	Diyapitagallana	gnd	915	434	481
LK-3154220	Ahangamgoda	gnd	915	436	479
LK-6145140	Hathapola	gnd	915	440	475
LK-7130010	Mahakanadarawa L.B. Track 03	gnd	915	461	454
LK-7203070	Minihirigama	gnd	915	462	453
LK-7212060	Damanewewa	gnd	915	450	465
LK-2127030	Makkanigama	gnd	914	437	477
LK-2206045	Pothana	gnd	914	464	450
LK-3203005	Kalubovitiyana	gnd	914	441	473
LK-3203045	Edandukitha East	gnd	914	461	453
LK-3224115	Malimbada South	gnd	914	413	501
LK-5110045	Poolakadu	gnd	914	469	445
LK-6127040	Pohorawatta	gnd	914	477	437
LK-6149015	Pahala Imiyangoda	gnd	914	420	494
LK-6236100	Pambala South	gnd	914	425	489
LK-7124150	Parangiyawadiya	gnd	914	444	470
LK-9218305	Algama Ihalagama	gnd	914	441	473
LK-1339065	Bogodakanda	gnd	913	445	468
LK-2133160	Embulpuraya	gnd	913	435	478
LK-2139300	Kamburadeniya	gnd	913	454	459
LK-3324160	Dangalakanda	gnd	913	428	485
LK-3325260	Walasmulla South	gnd	913	460	453
LK-3330030	Nugewela	gnd	913	411	502
LK-3333020	Andupelena	gnd	913	446	467
LK-6139095	Maulla	gnd	913	471	442
LK-6163180	Pallehorombuwa	gnd	913	440	473
LK-7212215	Gal Eliya	gnd	913	478	435
LK-8203160	Dehiattawela	gnd	913	433	480
LK-2121160	Gurulupotha	gnd	912	485	427
LK-2124425	Puwakgahadiwela	gnd	912	464	448
LK-3103125	Yalegama	gnd	912	423	489
LK-3239020	Moodugamuwa East	gnd	912	442	470
LK-5127090	Arayampathy South	gnd	912	418	494
LK-5221130	Kalmunai  02A	gnd	912	429	483
LK-5251015	Hulannuge	gnd	912	469	443
LK-6106125	Ihala Nanneriya	gnd	912	452	460
LK-7130115	Ihalagama	gnd	912	439	473
LK-7210140	Nelumwewa	gnd	912	439	473
LK-1227620	Nagoda	gnd	911	428	483
LK-1227695	Opathella	gnd	911	439	472
LK-2133335	Mahathenna	gnd	911	442	469
LK-2136210	Walgowwagoda	gnd	911	429	482
LK-2145330	Ududeniya Madige	gnd	911	414	497
LK-3118065	Hiniduma South	gnd	911	445	466
LK-3127145	Ganegama East	gnd	911	442	469
LK-3233090	Kirinda Mangin Ihala South	gnd	911	457	454
LK-3318155	Wakamulla	gnd	911	431	480
LK-5112185	Koppavely	gnd	911	452	459
LK-5124090	Kattankudy Division 5 South	gnd	911	409	502
LK-5133130	Periyaporativu	gnd	911	403	508
LK-6106030	Medagama East	gnd	911	459	452
LK-6121025	Hulugalla	gnd	911	412	499
LK-7118025	Katukeliyawa	gnd	911	432	479
LK-8118030	Thalagahagedara	gnd	911	440	471
LK-8139095	Horadorowwa	gnd	911	440	471
LK-9218040	Parakramagama	gnd	911	441	470
LK-1227155	Pattigoda	gnd	910	434	476
LK-4212140	Parikarikandal	gnd	910	443	467
LK-7118155	Nabadagaswewa	gnd	910	469	441
LK-7142075	Thissapura	gnd	910	428	482
LK-7212040	Veheragama	gnd	910	442	468
LK-8121125	Welibissa	gnd	910	390	520
LK-8212045	Ambagahapitiya	gnd	910	450	460
LK-2106155	Dolapihilla North	gnd	909	460	449
LK-2133050	Gonigoda-Palkumbura	gnd	909	451	458
LK-2134035	Polwatta Ihalagama	gnd	909	450	459
LK-2142145	Ududeniya	gnd	909	450	459
LK-2315050	Millagahamula	gnd	909	429	480
LK-3121050	Ebalagedara North	gnd	909	436	473
LK-3124255	Urala Central	gnd	909	446	463
LK-3137140	Dolikanda	gnd	909	436	473
LK-3142035	Walawatta	gnd	909	436	473
LK-3327115	Okewela	gnd	909	419	490
LK-6118060	Udahenegama	gnd	909	456	453
LK-6169135	Bihalpola	gnd	909	442	467
LK-7118170	Peenagama	gnd	909	421	488
LK-7124180	Dekethipothana	gnd	909	439	470
LK-8106190	Deekirigolla	gnd	909	473	436
LK-9130015	Dethabadakanda	gnd	909	455	454
LK-1209105	Akaragama East	gnd	908	438	470
LK-2218145	Dikkiriya	gnd	908	429	479
LK-2218175	Kandegedara	gnd	908	443	465
LK-3106045	Mahapitiya	gnd	908	427	481
LK-3127195	Kohombanadeniya	gnd	908	437	471
LK-3227010	Gathara North	gnd	908	431	477
LK-4124045	Chempiyanpattu North	gnd	908	423	485
LK-6181255	Handapangala	gnd	908	428	480
LK-6224125	Kothalakemiyawa	gnd	908	446	462
LK-8115070	Soranathota	gnd	908	442	466
LK-2133380	Banwelgolla	gnd	907	453	454
LK-2151030	Bowala	gnd	907	436	471
LK-3109155	Karandeniya South	gnd	907	434	473
LK-3135140	Thelwatta	gnd	907	434	473
LK-3324015	Hingurakanda	gnd	907	444	463
LK-4303030	Nedunkerny South	gnd	907	462	445
LK-6163305	Delvita	gnd	907	441	466
LK-7218135	Kumaraella	gnd	907	451	456
LK-9203120	Parape South	gnd	907	415	492
LK-1118230	Dambora	gnd	906	459	447
LK-1339105	Ittapana North	gnd	906	427	479
LK-2233255	Elkaduwa	gnd	906	410	496
LK-5136170	Koddaikallar East	gnd	906	434	472
LK-6103005	Jayanthipura	gnd	906	443	463
LK-6130325	Wadupola	gnd	906	434	472
LK-6163535	Kanadeniyawala	gnd	906	424	482
LK-6206060	Wijayapura West	gnd	906	441	465
LK-6209130	Egodapitiya	gnd	906	456	450
LK-6236055	Medagama	gnd	906	418	488
LK-7166055	Hinguruwewa	gnd	906	445	461
LK-8115100	Kosgolla	gnd	906	441	465
LK-8209080	Nugamura	gnd	906	425	481
LK-1209485	Pinnakele	gnd	905	451	454
LK-1212715	Kureekotuwa Pahala	gnd	905	415	490
LK-1230585	Malinda	gnd	905	446	459
LK-2124280	Mangoda	gnd	905	440	465
LK-2133150	Batuambe	gnd	905	454	451
LK-3242015	Kokawala	gnd	905	420	485
LK-3248190	Bambarenda East	gnd	905	429	476
LK-6124230	Balalla	gnd	905	449	456
LK-6127235	Rawa Ela	gnd	905	436	469
LK-6127410	Deegama	gnd	905	439	466
LK-6227015	Siyambalagaswewa	gnd	905	433	472
LK-7154010	Moragoda	gnd	905	444	461
LK-7203255	Katukeliyawa	gnd	905	440	465
LK-7209010	Mahakirimetiya	gnd	905	452	453
LK-1227095	Nittambuwa South	gnd	904	472	432
LK-1321210	Malwatta	gnd	904	449	455
LK-3106040	Katuvila	gnd	904	445	459
LK-3137090	Gammeddegoda	gnd	904	443	461
LK-3142120	Thotagoda	gnd	904	430	474
LK-4121120	Thunnalai East	gnd	904	426	478
LK-4130065	Chavakachcheri Town	gnd	904	423	481
LK-4306005	Periya Ulukkulama	gnd	904	427	477
LK-4309210	Velankulam	gnd	904	458	446
LK-6115060	Galkadawala	gnd	904	438	466
LK-6127045	Moragollagama	gnd	904	437	467
LK-6172165	Beminigalla	gnd	904	416	488
LK-7118160	Mahakanadarawa R. B. Track 02	gnd	904	433	471
LK-8109090	Ketawatta	gnd	904	456	448
LK-8136040	Pupula West	gnd	904	456	448
LK-9206215	Warakapana	gnd	904	442	462
LK-9218340	Alpitiya	gnd	904	404	500
LK-1215190	Wegowwa East	gnd	903	415	488
LK-3106150	Wandadoowa	gnd	903	442	461
LK-3124105	Gonadeniya	gnd	903	431	472
LK-6109090	Ethinimale	gnd	903	447	456
LK-7210100	Kadawathmaduwa	gnd	903	453	450
LK-7212245	Kanichchagala	gnd	903	463	440
LK-8118115	Passara Town South	gnd	903	432	471
LK-9142045	Maragala	gnd	903	448	455
LK-9221175	Mahadeniya	gnd	903	423	480
LK-1230635	Palugama West	gnd	902	428	474
LK-2215095	Rathalawewa	gnd	902	429	473
LK-3324080	Dambethalawa	gnd	902	447	455
LK-7124145	Thirappankadawala	gnd	902	445	457
LK-8209030	Senpathigama	gnd	902	442	460
LK-1336195	Bollunna	gnd	901	449	452
LK-2212185	Pallepola South	gnd	901	417	484
LK-2312200	Kandapola East	gnd	901	439	462
LK-3148070	Nevungala South	gnd	901	424	477
LK-3248100	Walasgala West	gnd	901	449	452
LK-3315125	Deniya	gnd	901	439	462
LK-6224010	Kottukachchiya Colony 1	gnd	901	412	489
LK-6245205	Bolawatta	gnd	901	453	448
LK-8106175	Kandegama	gnd	901	463	438
LK-9106065	Adavikanda	gnd	901	449	452
LK-1209185	Delwagura	gnd	900	431	469
LK-1212550	Weragoda	gnd	900	435	465
LK-2106150	Watagoda	gnd	900	440	460
LK-2209150	Rajawela	gnd	900	434	466
LK-2212040	Kirioruwa	gnd	900	433	467
LK-2306200	Diya - Udagama	gnd	900	446	454
LK-4103065	Karampon West	gnd	900	427	473
LK-5110090	Koraveli	gnd	900	477	423
LK-5212255	Ruhunugama	gnd	900	442	458
LK-6118100	Niraliyadda	gnd	900	425	475
LK-6127360	Ambagaswewa	gnd	900	440	460
LK-6148160	Weliwehera	gnd	900	435	465
LK-6212060	Welewewa North	gnd	900	447	453
LK-7121055	Maha Hammillawewa	gnd	900	438	462
LK-2203285	Wegodapola	gnd	899	414	485
LK-2227190	Uduwelwala	gnd	899	470	429
LK-2315075	Kehelwarawa	gnd	899	397	502
LK-3139055	Kumbalwella North	gnd	899	415	484
LK-6103085	Pathane Wewa	gnd	899	420	479
LK-7210105	Bo-Atta	gnd	899	456	443
LK-8118140	Kudugala Pathana	gnd	899	432	467
LK-8209175	Keenagoda	gnd	899	462	437
LK-9133050	Pitigalakanda	gnd	899	439	460
LK-1212410	Gaspe South	gnd	898	440	458
LK-1330205	Galmatta	gnd	898	438	460
LK-2136100	Dehigama South	gnd	898	433	465
LK-5206045	Thalapitaoya Left	gnd	898	440	458
LK-6160235	Delpaddana	gnd	898	446	452
LK-6163260	Karandagolla	gnd	898	433	465
LK-6184305	Wewala	gnd	898	445	453
LK-6230035	Anavilundawa	gnd	898	431	467
LK-6236220	Henapola	gnd	898	453	445
LK-7218115	Sirikaduyaya	gnd	898	445	453
LK-8119120	Peessagama	gnd	898	470	428
LK-1212270	Imbulanwala	gnd	897	402	495
LK-1215555	Arachchiwatta	gnd	897	436	461
LK-1227085	Nawagamuwa	gnd	897	451	446
LK-3325155	Agalabada	gnd	897	429	468
LK-4306070	Nedunkulam	gnd	897	444	453
LK-9218010	Kalugala	gnd	897	429	468
LK-1209260	Haloluwa	gnd	896	418	478
LK-1212535	Bolana	gnd	896	428	468
LK-2106095	Watagalathenna	gnd	896	410	486
LK-2206220	Thittawelgolla	gnd	896	433	463
LK-3321190	Keppitiyawa North	gnd	896	434	462
LK-6121195	Viharagama	gnd	896	437	459
LK-6136150	Goluwawa	gnd	896	424	472
LK-6245165	Boralessa West	gnd	896	427	469
LK-1339230	Gorakadoowa	gnd	895	414	481
LK-3236160	Attudawa West	gnd	895	407	488
LK-5251045	Shasthrawela	gnd	895	456	439
LK-6127255	Galketiyagama	gnd	895	442	453
LK-6139105	Bakunawala	gnd	895	455	440
LK-6172335	Wewagama	gnd	895	431	464
LK-6248060	Kirimetiyana South	gnd	895	427	468
LK-7121045	Maha Galkandegama	gnd	895	427	468
LK-9224135	Ambamalla	gnd	895	424	471
LK-2151160	Hunukotugama	gnd	894	430	464
LK-2315110	Keleweldeniya	gnd	894	413	481
LK-3227165	Ihala Vitiyala East	gnd	894	432	462
LK-5327205	Mengamam	gnd	894	449	445
LK-6160015	Wewagedara	gnd	894	394	500
LK-6181240	Delikanu Anga	gnd	894	448	446
LK-7121150	Mee - Kumbukwewa	gnd	894	428	466
LK-8203095	Karagahawela East	gnd	894	443	451
LK-2148055	Bopitiya Nagaraya	gnd	893	401	492
LK-3118045	Thawalama Mookalana	gnd	893	444	449
LK-3151085	Dorape	gnd	893	420	473
LK-5309050	Bakmeegama	gnd	893	445	448
LK-6103035	Thimbiripokuna	gnd	893	425	468
LK-6118020	Kanuketiya	gnd	893	460	433
LK-8130145	Hewanakumbura	gnd	893	431	462
LK-1224030	Gonagaha I	gnd	892	428	464
LK-2136130	Munwathugoda	gnd	892	413	479
LK-2215050	Galagama	gnd	892	444	448
LK-3148175	Udubettawa West	gnd	892	443	449
LK-3230030	Pananwela East	gnd	892	426	466
LK-3321125	Wekandawala South	gnd	892	431	461
LK-3325085	Bowala North	gnd	892	452	440
LK-3325210	Medagamgoda	gnd	892	434	458
LK-4206155	Sornapuri	gnd	892	414	478
LK-9115005	Rawanakanda	gnd	892	445	447
LK-1209570	Balagalla East	gnd	891	449	442
LK-1215065	Nalapaha	gnd	891	436	455
LK-3212045	Galetumba	gnd	891	447	444
LK-3321065	Kuda Bibula North	gnd	891	417	474
LK-6106290	Ganedivulwewa	gnd	891	414	477
LK-6109160	Hunugallewa	gnd	891	418	473
LK-6184240	Nebadawathura	gnd	891	387	504
LK-6218100	Mundalama	gnd	891	411	480
LK-6245180	Boralessa South	gnd	891	418	473
LK-7160095	Narangallegama	gnd	891	409	482
LK-8218060	Ankada	gnd	891	451	440
LK-9206065	Panagamuwa	gnd	891	420	471
LK-2139375	Embekka	gnd	890	429	461
LK-2233310	Nugapitiya	gnd	890	421	469
LK-3112005	Avittawa	gnd	890	429	461
LK-3209010	Batandura North	gnd	890	435	455
LK-3236145	Bandattara 2	gnd	890	428	462
LK-3324055	Hellala	gnd	890	424	466
LK-4303095	Kanagarayankulam North	gnd	890	425	465
LK-5121080	Mandapathadi	gnd	890	440	450
LK-6106130	Ihalagama	gnd	890	420	470
LK-7118040	Diviyaudabendawewa	gnd	890	429	461
LK-7124175	Kalpe	gnd	890	421	469
LK-7215035	Wewethenna	gnd	890	444	446
LK-3148080	Thellambura South	gnd	889	423	466
LK-3245140	Gandara South	gnd	889	431	458
LK-3306005	Maha Aluth Gam Ara	gnd	889	449	440
LK-4121045	Valvetty Centre	gnd	889	432	457
LK-6130210	Medagampola	gnd	889	433	456
LK-6163340	Eriyagolla	gnd	889	418	471
LK-6175215	Kumara Udawela	gnd	889	440	449
LK-6181200	Pothupitiya	gnd	889	438	451
LK-6187355	Panaliya North	gnd	889	422	467
LK-7148125	Kadigawa	gnd	889	435	454
LK-7151050	Puliyankulama	gnd	889	442	447
LK-1333060	Beragama	gnd	888	415	473
LK-3227130	Ihala Vitiyala North	gnd	888	397	491
LK-3325245	Walasmulla East	gnd	888	438	450
LK-6157200	Ihala Thalampitiya	gnd	888	409	479
LK-9151015	Yakmaditta	gnd	888	429	459
LK-1212140	Bothale Medagama	gnd	887	391	496
LK-2145335	Unuvinna East	gnd	887	421	466
LK-3242065	Thudawa North	gnd	887	420	467
LK-4509050	Ganeshapuram	gnd	887	393	494
LK-6112005	Kasikote West	gnd	887	443	444
LK-6181060	Medagoda	gnd	887	426	461
LK-6242095	Ihala Mavila	gnd	887	408	479
LK-7103045	Balayawewa	gnd	887	424	463
LK-7121005	Kirigallewa	gnd	887	420	467
LK-8233025	Punchiwewa	gnd	887	443	444
LK-9203335	Kottana Watta	gnd	887	442	445
LK-9209280	Arama	gnd	887	436	451
LK-2224010	Kandepitawala	gnd	886	470	416
LK-2309260	Kandegama	gnd	886	421	465
LK-3103065	Galbada	gnd	886	416	470
LK-3236180	Bandattara 1	gnd	886	416	470
LK-3245195	Devinuwara Welegoda	gnd	886	413	473
LK-3248045	Urugamuwa	gnd	886	434	452
LK-4130015	Kaithady Centre	gnd	886	409	477
LK-5133145	Mandur Kottamunai	gnd	886	398	488
LK-5206055	Pallegama	gnd	886	403	483
LK-5206085	Kolamanthalawa	gnd	886	451	435
LK-6154015	Seruwawa	gnd	886	450	436
LK-1209155	Ihala Madampella North	gnd	885	438	447
LK-1312185	Mahagama North	gnd	885	414	471
LK-2106070	Kovilamuduna	gnd	885	363	522
LK-2139595	Wegiriya West	gnd	885	424	461
LK-3327050	Morakandegoda	gnd	885	427	458
LK-3330210	Sitinamaluwa West	gnd	885	423	462
LK-5212275	Abhayapura	gnd	885	425	460
LK-6133085	Waduwawa	gnd	885	401	484
LK-7212105	Gomathiyaya	gnd	885	446	439
LK-8142060	Mahakanda	gnd	885	429	456
LK-2142095	Wewathenna	gnd	884	441	443
LK-2227075	Radunnewewa	gnd	884	437	447
LK-3151125	Deegoda Athireka 01	gnd	884	412	472
LK-3154185	Welhengoda	gnd	884	409	475
LK-3306030	Bogahawewa	gnd	884	466	418
LK-3330275	Ambala North	gnd	884	460	424
LK-6133160	Malagamuwa	gnd	884	435	449
LK-6178140	Waguruwela	gnd	884	430	454
LK-6184055	Ihala Wettewa	gnd	884	440	444
LK-8124170	Bulathwatta	gnd	884	423	461
LK-2142135	Thumpelawaka	gnd	883	447	436
LK-3212025	Ketiyape North	gnd	883	448	435
LK-3212175	Ransegoda East	gnd	883	420	463
LK-3318115	Dandenigama	gnd	883	425	458
LK-5130030	Mahiladitivu	gnd	883	408	475
LK-5221045	Pandiruppu 01A	gnd	883	404	479
LK-8203185	Mudiyala	gnd	883	447	436
LK-9112140	Kempanawatta	gnd	883	436	447
LK-9119040	Kuragala	gnd	883	441	442
LK-9209105	Kumarapura	gnd	883	414	469
LK-2124390	Medamahanuwara	gnd	882	427	455
LK-3135005	Urawatta	gnd	882	425	457
LK-3142050	Addaragoda	gnd	882	413	469
LK-3325060	Galwadiya	gnd	882	444	438
LK-3333335	Kudawella Central	gnd	882	435	447
LK-5315115	Pattanatheru	gnd	882	455	427
LK-6106100	Buduruwakanda	gnd	882	475	407
LK-6230135	Kusala	gnd	882	423	459
LK-1227110	Kolawatta	gnd	881	411	470
LK-1339285	Kankotawatta	gnd	881	430	451
LK-2136005	Alagalla Watta	gnd	881	395	486
LK-2136340	Weralugolla	gnd	881	423	458
LK-2139175	Alapalawala West	gnd	881	451	430
LK-3154045	Heenatigala South	gnd	881	444	437
LK-3236070	Thihagoda	gnd	881	398	483
LK-4130080	Chavakachcheri North	gnd	881	413	468
LK-5221100	Natpiddimunai (T.P ) 01	gnd	881	397	484
LK-6124270	Medagama	gnd	881	420	461
LK-6133200	Seeradunna	gnd	881	419	462
LK-7151040	Pairimaduwa	gnd	881	435	446
LK-7215055	Onegama	gnd	881	431	450
LK-9203110	Kanugolla	gnd	881	430	451
LK-3103135	Habakkala	gnd	880	406	474
LK-3112235	Kahadoowa	gnd	880	434	446
LK-3128090	Thiruwanaketiya	gnd	880	446	434
LK-4115150	Kuppilan North	gnd	880	414	466
LK-6166115	Bulupitiya	gnd	880	429	451
LK-6233130	Punchi Vilattawa	gnd	880	412	468
LK-6239135	Ihala Koswadiya	gnd	880	372	508
LK-2148085	Wetakepotha	gnd	879	416	463
LK-3148050	Ihala Nakiyadeniya	gnd	879	429	450
LK-3248060	Dandeniya South	gnd	879	436	443
LK-6142065	Ihala Galwewa	gnd	879	411	468
LK-7124140	Nanumillawewa	gnd	879	434	445
LK-1312260	Mahagama South	gnd	878	447	431
LK-1315015	Kandana South	gnd	878	416	462
LK-2306450	Madumana	gnd	878	443	435
LK-3154105	Bogahamulugoda	gnd	878	423	455
LK-3245200	Devinuwara Sinhasana Pedesa	gnd	878	411	467
LK-3330130	Galwewa	gnd	878	429	449
LK-6118065	Rambewa	gnd	878	446	432
LK-7212055	Yakkure	gnd	878	437	441
LK-9203125	Kossinna	gnd	878	419	459
LK-1209025	Godigamuwa West	gnd	877	455	422
LK-1212035	Madurupitiya	gnd	877	447	430
LK-2103200	Naranwala	gnd	877	412	465
LK-2151025	Ranawala	gnd	877	424	453
LK-3115045	Godamuna North	gnd	877	423	454
LK-3121015	Batuwangala West	gnd	877	430	447
LK-3239230	Kamburugamuwa West	gnd	877	420	457
LK-4130135	Madduvil East	gnd	877	405	472
LK-4503020	Iyakkachchi	gnd	877	466	411
LK-5133035	Vipulananthapuram	gnd	877	369	508
LK-5224050	Pandiruppu 02	gnd	877	394	483
LK-6233245	Kakkapalliya	gnd	877	389	488
LK-6242140	Meegahawela	gnd	877	420	457
LK-7127065	Mailagaswewa	gnd	877	457	420
LK-1318145	Galpatha East	gnd	876	423	453
LK-6109035	Weliyawa	gnd	876	414	462
LK-6169120	Konduruwapola	gnd	876	404	472
LK-8112020	Hevandana	gnd	876	424	452
LK-1212650	Radawadunna Central	gnd	875	415	460
LK-2218240	Pandivita	gnd	875	400	475
LK-3233025	Kirinda Mangin Pahala	gnd	875	402	473
LK-6106035	Senarathgama	gnd	875	415	460
LK-6245145	Dummaladeniya South	gnd	875	418	457
LK-2212090	Walmoruwa	gnd	874	432	442
LK-2218005	Narangamuwa	gnd	874	395	479
LK-3154285	Thaldoowa	gnd	874	422	452
LK-3212020	Gammedagama	gnd	874	424	450
LK-3306080	Mattala	gnd	874	439	435
LK-3327070	Nathuwala	gnd	874	411	463
LK-5221010	Periyaneelavanai  01A	gnd	874	396	478
LK-6124325	Katuwannawa	gnd	874	398	476
LK-6209025	Saliyawewa C	gnd	874	418	456
LK-7210070	Madurangala	gnd	874	431	443
LG-51015	Eravur Pattu PS	lg	873	464	409
LK-1310140	Kekulaliya	gnd	873	463	410
LK-2112190	Walala	gnd	873	384	489
LK-3227065	Bibulewela	gnd	873	427	446
LK-3248035	Urugamuwa South	gnd	873	404	469
LK-3248040	Rannawala	gnd	873	414	459
LK-4503085	Tharmakeny	gnd	873	416	457
LK-5112075	Eralakkulam	gnd	873	464	409
LK-6127390	Henawa	gnd	873	442	431
LK-6149065	Panakaduwa	gnd	873	430	443
LK-6149090	Panagamuwa	gnd	873	414	459
LK-7127125	Gomarankalla	gnd	873	421	452
LK-1212215	Vijayarajadahana	gnd	872	395	477
LK-3233065	Hettiyawala East	gnd	872	441	431
LK-4121040	Valvetty	gnd	872	387	485
LK-4127030	Valvettithurai North West	gnd	872	384	488
LK-4215060	Saveriyarpuram	gnd	872	437	435
LK-5206080	Miriswatta	gnd	872	409	463
LK-6124135	Mahawa East	gnd	872	428	444
LK-6236140	Karukkuwatawana	gnd	872	406	466
LK-2106240	Marathugoda North	gnd	871	412	459
LK-2124230	Kandegama	gnd	871	431	440
LK-3245205	Devinuwara South	gnd	871	430	441
LK-6127150	Mal Asna	gnd	871	415	456
LK-6233215	Merawala	gnd	871	409	462
LK-6239030	Mattakotuwa	gnd	871	424	447
LK-6245190	Nainamadama East	gnd	871	352	519
LK-8119125	Rendapola	gnd	871	438	433
LK-9206020	Ihala Kotte	gnd	871	434	437
LK-1209265	Kelegedara	gnd	870	445	425
LK-2133015	Ihagama	gnd	870	418	452
LK-2145175	Haputhale Pallegama	gnd	870	417	453
LK-3103010	Sinharoopagama	gnd	870	421	449
LK-3103230	Ihala Malawala	gnd	870	406	464
LK-3109180	Kiripedda	gnd	870	383	487
LK-5136175	Koddaikallar South	gnd	870	409	461
LK-5233025	Oluvil 05	gnd	870	381	489
LK-6115010	Palugolla Track 10 B	gnd	870	434	436
LK-6175175	Ammanamulla	gnd	870	444	426
LK-6227045	Serukele	gnd	870	427	443
LK-9109015	Kanuggalla	gnd	870	435	435
LK-1212390	Raddalgoda	gnd	869	421	448
LK-2139530	Daskara	gnd	869	437	432
LK-3115100	Kimbulawala	gnd	869	425	444
LK-3124130	Udugama East	gnd	869	395	474
LK-3145030	Ketandola	gnd	869	411	458
LK-3212150	Kithsiripura	gnd	869	406	463
LK-3233040	Hettiyawala North	gnd	869	406	463
LK-3325145	Egodabedda	gnd	869	411	458
LK-4121110	Kaddaively	gnd	869	390	479
LK-6106240	Wewaranawetiya	gnd	869	432	437
LK-6148065	Maveehena	gnd	869	413	456
LK-7203210	Unagalavehera East	gnd	869	431	438
LK-8127180	Beraliyapola	gnd	869	426	443
LK-9145070	Handagirigoda	gnd	869	464	405
LK-9206180	Edanduwawa	gnd	869	418	451
LK-1339265	Miriswatta	gnd	868	415	453
LK-3154130	Liyanagoda	gnd	868	442	426
LK-3154245	Piyadigama West	gnd	868	397	471
LK-4306100	Agbopura	gnd	868	423	445
LK-6109100	Nithogama	gnd	868	415	453
LK-6239095	Maligawatta	gnd	868	404	464
LK-1312135	Niggaha	gnd	867	431	436
LK-3142135	Bangalawatta	gnd	867	398	469
LK-3148130	Karagoda	gnd	867	425	442
LK-3154255	Karandugoda	gnd	867	401	466
LK-3325005	Rammala	gnd	867	441	426
LK-5212205	Uhana Thissapura West	gnd	867	436	431
LK-5248005	Sangamankanda	gnd	867	427	440
LK-6124280	Rathmale	gnd	867	408	459
LK-6127100	Madagalla	gnd	867	422	445
LK-6160050	Arampola Watta North	gnd	867	415	452
LK-6163075	Udattapola Pahala	gnd	867	401	466
LK-7154030	Kelepuliyankulama	gnd	867	432	435
LK-8206130	Kottagala	gnd	867	421	446
LK-8212175	Kimbulawela	gnd	867	410	457
LK-9212300	Belihulwana	gnd	867	420	447
LK-1212185	Halugama Ihala	gnd	866	416	450
LK-1215180	Meda Minuwangoda	gnd	866	462	404
LK-2136275	Malgammana	gnd	866	411	455
LK-2148045	Maussawa	gnd	866	400	466
LK-3203165	Kotagala	gnd	866	413	453
LK-5133150	Mandur 3	gnd	866	361	505
LK-6106270	Nahettikulama	gnd	866	445	421
LK-6127280	Agare	gnd	866	432	434
LK-9145015	Panana	gnd	866	426	440
LK-9203280	Halpitiya	gnd	866	392	474
LK-1209600	Hapuwalana North	gnd	865	400	465
LK-1321295	Vilegoda South	gnd	865	423	442
LK-2127185	Sirimalwatta East	gnd	865	411	454
LK-2209230	Senagama	gnd	865	446	419
LK-2221055	Pallethenna	gnd	865	414	451
LK-2230070	Weralugasthenna	gnd	865	426	439
LK-3154290	Ahangama East	gnd	865	406	459
LK-3203185	Ihala Ainagama	gnd	865	408	457
LK-5136125	Kurumanvely 11 East	gnd	865	411	454
LK-6160170	Mee/Pallegama West	gnd	865	404	461
LK-6160310	Hettipola	gnd	865	408	457
LK-6163015	Udakendawala	gnd	865	426	439
LK-6163245	Hunupolagedara	gnd	865	412	453
LK-7215090	Palugasdamana 01 Ela	gnd	865	408	457
LK-8206030	Bandarawadiya	gnd	865	435	430
LK-3124080	Gammeddegoda	gnd	864	418	446
LK-3212235	Pallawela	gnd	864	426	438
LK-4203035	Thullukudiyiruppu	gnd	864	462	402
LK-5221035	Pandiruppu 01B	gnd	864	372	492
LK-5309005	Gomarankadawala	gnd	864	446	418
LK-5324025	Majeed Nagar	gnd	864	450	414
LK-6124055	Makaduwawa	gnd	864	438	426
LK-6124320	Pothuwewa	gnd	864	418	446
LK-6160085	Maswewa	gnd	864	410	454
LK-6236165	Irattakulama North	gnd	864	413	451
LK-7145120	Helambawewa	gnd	864	422	442
LK-7151095	Thirappanegama	gnd	864	415	449
LK-8124245	Kudumahuwela	gnd	864	402	462
LK-8130095	Dikkapitiya	gnd	864	426	438
LK-9112200	Ratnapura Town West	gnd	864	409	455
LK-9206250	Kumbalgama	gnd	864	416	448
LK-1115290	Thunnana East	gnd	863	432	431
LK-1227265	Katuwasgoda West	gnd	863	413	450
LK-1227580	Deenapamunuwa	gnd	863	420	443
LK-1230120	Diyawala North	gnd	863	441	422
LK-1230305	Polhena	gnd	863	424	439
LK-1327015	Bolossagama	gnd	863	410	453
LK-2133085	Ulladupitiya West	gnd	863	377	486
LK-4506075	Umaiyalpuram	gnd	863	420	443
LK-5333030	Echchalampattu	gnd	863	422	441
LK-6127135	Rekevula	gnd	863	414	449
LK-6130160	Neketta	gnd	863	407	456
LK-6151015	Rekawa	gnd	863	407	456
LK-6166160	Poogalla	gnd	863	411	452
LK-7154085	Ihalagama	gnd	863	446	417
LK-8203170	Ethanawatta	gnd	863	431	432
LK-8206110	Pagura	gnd	863	417	446
LK-1330155	Horawala East	gnd	862	407	455
LK-1339160	Mandagala	gnd	862	405	457
LK-3245145	Gandara Central	gnd	862	414	448
LK-3306105	Senapura	gnd	862	416	446
LK-3321045	Debokkawa West	gnd	862	414	448
LK-3324165	Rukmalpitiya	gnd	862	404	458
LK-4139140	Nainativu North	gnd	862	419	443
LK-6106260	Katuwewa	gnd	862	435	427
LK-6148195	Kanoyaya	gnd	862	419	443
LK-8115075	Yatilellagama	gnd	862	420	442
LK-2139100	Deliwala	gnd	861	402	459
LK-2139485	Rangoda	gnd	861	408	453
LK-2227040	Viharagama	gnd	861	440	421
LK-2306055	Pussalamankada	gnd	861	400	461
LK-3109080	Kaluwalagoda	gnd	861	413	448
LK-3124025	Mapalagama	gnd	861	389	472
LK-3212160	Belpamulla	gnd	861	434	427
LK-6118125	Kadigawa Track 1	gnd	861	413	448
LK-6154215	Wanduragala	gnd	861	413	448
LK-6227085	Puliyankulama	gnd	861	433	428
LK-7109180	Lindawewa	gnd	861	414	447
LK-8130305	Rathkarawwa	gnd	861	422	439
LK-2139120	Rajagiriya	gnd	860	431	429
LK-3103100	Thotakanatta	gnd	860	406	454
LK-3124085	Gammeddegoda South	gnd	860	412	448
LK-3151045	Kombala	gnd	860	422	438
LK-3203040	Edandukitha West	gnd	860	419	441
LK-3227095	Karaputugala North	gnd	860	416	444
LK-3245035	Palle Aparekka	gnd	860	396	464
LK-3318110	Karagahawala	gnd	860	429	431
LK-5239105	Kannakigramam 02	gnd	860	406	454
LK-6127320	Medakanda	gnd	860	422	438
LK-7154130	Kekirawa Town	gnd	860	409	451
LK-8130060	Welimada Watta	gnd	860	452	408
LK-8142010	Kalupahana	gnd	860	408	452
LK-1324330	Pathirajagoda	gnd	859	406	453
LK-1333025	Evariwatta	gnd	859	421	438
LK-3151190	Ellalagoda	gnd	859	415	444
LK-3221080	Sahabandu Kokmaduwa	gnd	859	392	467
LK-4121145	Nelliaddy	gnd	859	406	453
LK-4306085	Mahakachchakodiya	gnd	859	414	445
LK-6130215	Kandegedara	gnd	859	412	447
LK-6166080	Madawala South	gnd	859	402	457
LK-9142035	Ematiyagoda	gnd	859	427	432
LK-1318035	Halthota	gnd	858	427	431
LK-4509165	Thondamannagar	gnd	858	369	489
LK-5112090	Kommathurai West	gnd	858	411	447
LK-5218085	Sammanthurai 04	gnd	858	394	464
LK-6163040	Kanugolla	gnd	858	379	479
LK-6187280	Aragoda	gnd	858	404	454
LK-2121110	Welgala	gnd	857	402	455
LK-3127140	Pilagoda	gnd	857	400	457
LK-3145255	Divulana Colony	gnd	857	406	451
LK-3333100	Vitharandeniya South	gnd	857	412	445
LK-4109115	Mathagal South	gnd	857	394	463
LK-6118120	Divullewa	gnd	857	396	461
LK-6124340	Mirihanpitigama	gnd	857	422	435
LK-6148170	Bodhimulla	gnd	857	418	439
LK-7106035	D 05 Wahalkada	gnd	857	430	427
LK-1212160	Balathawa	gnd	856	411	445
LK-3321060	Pahala Gonadeniya	gnd	856	410	446
LK-4136025	Passaiyoor West	gnd	856	371	485
LK-5221070	Kalmunai  01D	gnd	856	386	470
LK-6163055	Wegama	gnd	856	428	428
LK-7151100	Sembukulama	gnd	856	410	446
LK-2103265	Niyangoda	gnd	855	405	450
LK-3206095	Mugunumulla	gnd	855	448	407
LK-4118135	Iddaikkadu	gnd	855	408	447
LK-4215010	Arippu East	gnd	855	406	449
LK-5251040	Panama West	gnd	855	415	440
LK-6118045	Ottukulama	gnd	855	413	442
LK-6124050	Karuwalagahawatta	gnd	855	416	439
LK-6181205	Muthugala West	gnd	855	404	451
LK-9145115	Kalatuwakanda	gnd	855	420	435
LK-1227310	Raniswala	gnd	854	419	435
LK-1333155	Polgampala	gnd	854	402	452
LK-3309080	Kachcheriyagama	gnd	854	430	424
LK-3324250	Galpothukanda	gnd	854	422	432
LK-3325015	Warapitiya	gnd	854	424	430
LK-4309060	Paranaddakal	gnd	854	414	440
LK-5218125	Sammanthurai 12	gnd	854	388	466
LK-6109145	Atharagalla	gnd	854	398	456
LK-6112125	Rolawa	gnd	854	403	451
LK-6187230	Dewalepola	gnd	854	399	455
LK-7160120	Akkara 500	gnd	854	385	469
LK-1227150	Heendeniya	gnd	853	394	459
LK-1336015	Kelinkanda Colony	gnd	853	438	415
LK-2303350	Kirindiwela	gnd	853	413	440
LK-3103145	Etawalawatta East	gnd	853	419	434
LK-3124030	Aluth Thanayamgoda Pahala	gnd	853	397	456
LK-3124115	Udugama West	gnd	853	409	444
LK-3227160	Ihala Vitiyala South	gnd	853	413	440
LK-3242050	Pahalagoda	gnd	853	419	434
LK-3315065	Poliyarwatta	gnd	852	402	450
LK-6106010	Walagambapura	gnd	852	436	416
LK-6142035	Pahala Kiniyama	gnd	852	408	444
LK-6145285	Malwanegedara	gnd	852	417	435
LK-3330205	Aranwela West	gnd	851	397	454
LK-6142240	Kelegedara	gnd	851	411	440
LK-6163265	Ambakote	gnd	851	409	442
LK-6212030	Thammennawetiya	gnd	851	420	431
LK-9106135	Udakada	gnd	851	411	440
LK-9133160	Pothupitiya South	gnd	851	420	431
LK-9151135	Morawadiya	gnd	851	412	439
LK-9203220	Diyasunnatha	gnd	851	386	465
LK-9209225	Thalgaspitiya	gnd	851	399	452
LK-3248020	Urugamuwa Central	gnd	850	395	455
LK-4415115	Kumulamunai East	gnd	850	400	450
LK-4503035	Kovilvayal	gnd	850	421	429
LK-6106170	Walaswewa	gnd	850	418	432
LK-6139075	Leekolawewa	gnd	850	428	422
LK-7139030	Ambagahawewa	gnd	850	429	421
LK-7212085	Mahaulpatha	gnd	850	436	414
LK-8142005	Weerakongama	gnd	850	418	432
LK-8218050	Maiyokka Watta	gnd	850	421	429
LK-9215075	Peherambe	gnd	850	410	440
LK-1318140	Galpatha West	gnd	849	384	465
LK-2221005	Kumbaloluwa	gnd	849	432	417
LK-3151175	Kodagoda South	gnd	849	389	460
LK-3224030	Dampella	gnd	849	413	436
LK-3318180	Bogamuwa	gnd	849	424	425
LK-3330125	Karambaketiya	gnd	849	403	446
LK-6181090	Ambagammana	gnd	849	416	433
LK-6209075	Kumbukwewa	gnd	849	405	444
LK-9151115	Walakada	gnd	849	442	407
LK-1212295	Gaspe Pahalagama	gnd	848	430	418
LK-2112065	Puwakgahadeniya	gnd	848	406	442
LK-2139105	Pamunuwa West	gnd	848	428	420
LK-2303440	Madakumbura	gnd	848	399	449
LK-3212140	Dewalegama East	gnd	848	421	427
LK-3215115	Ihala Athuraliya	gnd	848	421	427
LK-3325135	Handugala	gnd	848	404	444
LK-4503015	Ittavil	gnd	848	414	434
LK-5110015	Maruththanai	gnd	848	432	416
LK-6127185	Balagolla	gnd	848	408	440
LK-6160245	Kotikapola Ihalagama	gnd	848	393	455
LK-6160275	Dunukewatta	gnd	848	417	431
LK-6166085	Mudunna	gnd	848	394	454
LK-6166100	Ginipenda	gnd	848	413	435
LK-6221075	Kakupandiyawa	gnd	848	426	422
LK-2139075	Mathgamuwa	gnd	847	404	443
LK-5115010	Eravur 04	gnd	847	377	470
LK-5221080	Kalmunai  01A	gnd	847	375	472
LK-6124035	Bamunugama	gnd	847	420	427
LK-9212265	Mabopitiya	gnd	847	385	462
LK-1230085	Etambagahawatta	gnd	846	400	446
LK-2124375	Senarathwela	gnd	846	386	460
LK-3325265	Daluwakgoda	gnd	846	408	438
LK-5327125	Nalloor	gnd	846	429	417
LK-6136010	Thennakongama	gnd	846	413	433
LK-6145195	Hettigama	gnd	846	418	428
LK-6145226	Moragolla	gnd	846	421	425
LK-6163560	Ikiriwatta	gnd	846	426	420
LK-6169165	Nakkawatta	gnd	846	378	468
LK-7157050	Kuda Rambawewa	gnd	846	402	444
LK-8133095	Bambaragama	gnd	846	421	425
LK-9209245	Udagama	gnd	846	383	463
LK-2227080	Maraka	gnd	845	428	417
LK-2230140	Bogambara	gnd	845	424	421
LK-3151040	Ihala Kombala	gnd	845	414	431
LK-3212005	Gombaddala North	gnd	845	423	422
LK-5133125	Paddaapuram	gnd	845	353	492
LK-5218005	Veeramunai 04	gnd	845	505	340
LK-1230165	Kirimetiyawatta	gnd	844	390	454
LK-2309125	Kumbalgamuwa	gnd	844	393	451
LK-3151035	Puswelkada	gnd	844	406	438
LK-3227090	Thumbe	gnd	844	408	436
LK-3230105	Muruthamuraya East	gnd	844	378	466
LK-3233070	Hettiyawala South	gnd	844	387	457
LK-3330325	Galagama North	gnd	844	415	429
LK-6124175	Embogama	gnd	844	407	437
LK-6239160	Puhulhena	gnd	844	397	447
LK-9115025	Bellankanda	gnd	844	415	429
LK-9203365	Yatiwaldeniya	gnd	844	400	444
LK-9215205	Pindeniya	gnd	844	393	451
LK-5130065	Paddippalai	gnd	843	371	472
LK-6103030	Halmillagala	gnd	843	417	426
LK-6106050	Usgala Siyambalangamuwa	gnd	843	409	434
LK-6175040	Kandayaya	gnd	843	397	446
LK-1230640	Welgama	gnd	842	418	424
LK-2145165	Haputhale Udagama	gnd	842	397	445
LK-3233115	Walakanda West	gnd	842	410	432
LK-4306090	Pudubulankulama	gnd	842	410	432
LK-6130190	Deeyawa	gnd	842	404	438
LK-6145175	Kevitiya	gnd	842	420	422
LK-6184040	Wadawa	gnd	842	401	441
LK-7210060	Muthugala	gnd	842	424	418
LK-1327140	Wattahena	gnd	841	416	425
LK-2106220	Kiralagama	gnd	841	400	441
LK-2124400	Rajagala	gnd	841	406	435
LK-6109065	Mudiyannegama	gnd	841	428	413
LK-6145230	Tekewa	gnd	841	412	429
LK-6154020	Pubbowa	gnd	841	397	444
LK-6154265	Pahala Thalampitiya	gnd	841	419	422
LK-6160140	Delgolla Watta South	gnd	841	397	444
LK-6221010	Dangahawala	gnd	841	399	442
LK-7203235	Weeragama	gnd	841	386	455
LK-2124260	Maharawela	gnd	840	421	419
LK-2133405	Yatihalagala Pallegama	gnd	840	393	447
LK-3325165	Muruthawela Ihala	gnd	840	436	404
LK-3330120	Aranwela North	gnd	840	422	418
LK-5330080	Somapura	gnd	840	406	434
LK-6109175	Nabadewa	gnd	840	411	429
LK-6121095	Heelogama	gnd	840	393	447
LK-6245200	Mirissankotuwa South	gnd	840	411	429
LK-8212085	Galamuna	gnd	840	432	408
LK-1333105	Ridirekhagama	gnd	839	418	421
LK-2307540	Marthuwela	gnd	839	412	427
LK-2309145	Wathumulla	gnd	839	399	440
LK-3124175	Udawelivitithalawa	gnd	839	419	420
LK-4209060	Maluvarayarkaddayadampan	gnd	839	401	438
LK-5212220	Weeragoda North	gnd	839	403	436
LK-6106230	Mahananneriya North	gnd	839	409	430
LK-6127160	Niyandawanaya	gnd	839	421	418
LK-6245260	Thopputhota	gnd	839	398	441
LK-7148135	Katiyawa Track 02	gnd	839	407	432
LK-8142185	Kolongasthenna	gnd	839	411	428
LK-1209375	Hapugahagama	gnd	838	392	446
LK-2124025	Kotaganga	gnd	838	423	415
LK-2218255	Koombiyangoda	gnd	838	367	471
LK-3121035	Batuwangala	gnd	838	406	432
LK-3212225	Bamunugama East	gnd	838	426	412
LK-5136195	Periyakallar 02	gnd	838	397	441
LK-6112095	Waragammana	gnd	838	397	441
LK-6230040	Suruvila	gnd	838	405	433
LK-7118090	Konakumbukwewa	gnd	838	386	452
LK-1339050	Bothalawa	gnd	837	399	438
LK-3121110	Pannimulla	gnd	837	414	423
LK-3325100	Batagassa	gnd	837	422	415
LK-8118035	Welgolla	gnd	837	406	431
LK-9118175	Ampitiyawatta	gnd	837	436	401
LK-1212500	Weweldeniya Ihalagama	gnd	836	406	430
LK-1327005	Koholana North	gnd	836	407	429
LK-2139335	Manikkawa	gnd	836	395	441
LK-2312165	Nuwaraeliya	gnd	836	411	425
LK-3325220	Walasmulla Ihala	gnd	836	384	452
LK-5251025	Lahugala	gnd	836	411	425
LK-6106110	Molewa	gnd	836	394	442
LK-6124180	Thalambuwa	gnd	836	386	450
LK-6178270	Mookalana	gnd	836	435	401
LK-8112070	Mudagamuwa	gnd	836	399	437
LK-1209235	Paragoda North	gnd	835	392	443
LK-1312175	Diyakaduwa West	gnd	835	394	441
LK-1339125	Ittapana East	gnd	835	395	440
LK-2106205	Diddeniya	gnd	835	378	457
LK-2106245	Marathugoda South	gnd	835	401	434
LK-3209190	Galketikanda	gnd	835	404	431
LK-4309040	Maruthankulam	gnd	835	419	416
LK-4406040	Pandiyankulam	gnd	835	412	423
LK-4503050	Muhavil	gnd	835	396	439
LK-6184070	Welikare	gnd	835	415	420
LK-9119045	Molamura	gnd	835	431	404
LK-1318195	Panagoda	gnd	834	397	437
LK-2145060	Singharagama	gnd	834	406	428
LK-2209075	Bibila	gnd	834	393	441
LK-2230105	Koswana North	gnd	834	409	425
LK-3124170	Udawelivitithalawa East	gnd	834	405	429
LK-3324235	Obadagahadeniya	gnd	834	391	443
LK-4139015	Mandaitivu South	gnd	834	391	443
LK-6121120	Thimbiriyawa	gnd	834	389	445
LK-6136100	Muwanwellegedara	gnd	834	396	438
LK-6184255	Wedeniya	gnd	834	369	465
LK-6233040	Maha Vilattawa	gnd	834	404	430
LK-7109080	Kidagalegama	gnd	834	403	431
LK-7203155	Bubula	gnd	834	417	417
LK-9212250	Hungampola	gnd	834	407	427
LK-1209170	Ihalagama	gnd	833	395	438
LK-2127045	Maharathenna West	gnd	833	408	425
LK-3118135	Opatha West	gnd	833	420	413
LK-3318010	Dabarella North	gnd	833	397	436
LK-5206090	Dorakumbura	gnd	833	428	405
LK-6124245	Heenukwewa	gnd	833	394	439
LK-3324195	Ulahitiyawa East	gnd	832	403	429
LK-4215090	Karadikkuli	gnd	832	421	411
LK-4306020	Maradanmaduwa	gnd	832	379	453
LK-6124025	Konwewa	gnd	832	404	428
LK-6133005	Digankonwewa	gnd	832	409	423
LK-6133055	Seerangoda	gnd	832	403	429
LK-1209430	Gurullagama	gnd	831	407	424
LK-1312170	Diyakaduwa East	gnd	831	403	428
LK-1324410	Aluthgama West	gnd	831	385	446
LK-3333170	Rekawa East	gnd	831	437	394
LK-4415140	Mullaitivu South	gnd	831	397	434
LK-5330010	Samagipura	gnd	831	396	435
LK-6127225	Kosgaha Ela	gnd	831	412	419
LK-6151065	Gane Kolaniya	gnd	831	412	419
LK-6154085	Mahakandegama	gnd	831	396	435
LK-6160210	Waraddana	gnd	831	392	439
LK-2124105	Makuldeniya	gnd	830	402	428
LK-2306140	Hanguranketha	gnd	830	411	419
LK-3151140	Deegoda	gnd	830	390	440
LK-3154025	Maharamba	gnd	830	409	421
LK-5206010	Palathuruwella	gnd	830	387	443
LK-6115075	Kudarawaliya	gnd	830	395	435
LK-6136195	Kahagolla	gnd	830	413	417
LK-6187365	Kuleepitiya North	gnd	830	423	407
LK-7118055	Balahondawewa	gnd	830	408	422
LK-8112090	Bogahakumbura	gnd	830	421	409
LK-9145025	Kongasthenna	gnd	830	391	439
LK-1327135	Ihala Nebada	gnd	829	399	430
LK-2136140	Bathgoda	gnd	829	398	431
LK-2139070	Lagamuwa	gnd	829	386	443
LK-2227010	Thunhiriyawewa	gnd	829	385	444
LK-3212185	Mudaligedara	gnd	829	397	432
LK-6187415	Panaliya South	gnd	829	391	438
LK-6209050	Medagama	gnd	829	385	444
LK-8112110	Thetilla	gnd	829	411	418
LK-9115010	Gallenakanda	gnd	829	411	418
LK-1209560	Pinnalanda	gnd	828	390	438
LK-2309525	Pandithaya Kumbura	gnd	828	436	392
LK-4130250	Kudamiyan	gnd	828	393	435
LK-6127300	Morotta	gnd	828	390	438
LK-6181140	Weragala	gnd	828	419	409
LK-8124110	Udagama	gnd	828	397	431
LK-8130090	Puhulpola	gnd	828	401	427
LK-8212110	Ruhunu Danawwa	gnd	828	428	400
LK-1303185	Pattiya North	gnd	827	393	434
LK-6124275	Gala Ambagaswewa	gnd	827	406	421
LK-6163190	Palleyaya	gnd	827	394	433
LK-1339175	Pahala Hewessa South	gnd	826	408	418
LK-2139535	Wegiriya East	gnd	826	409	417
LK-3115070	Bambarawana	gnd	826	390	436
LK-4409030	Mannakandal	gnd	826	408	418
LK-6236075	Nankadawara	gnd	826	398	428
LK-6242235	Dhammikagama	gnd	826	381	445
LK-9115115	Karagasthalawa	gnd	826	412	414
LK-1209540	Hapuwalana South	gnd	825	391	434
LK-1212695	Mottunna	gnd	825	390	435
LK-2136300	Kurunduwatta	gnd	825	397	428
LK-3135045	Kuleegoda East	gnd	825	393	432
LK-3212230	Radawela East	gnd	825	400	425
LK-3318145	Attanayala East	gnd	825	383	442
LK-7121065	Pandarellewa	gnd	825	390	435
LK-9218050	Ragalkanda	gnd	825	372	453
LK-1339085	Pareigama North	gnd	824	419	405
LK-2124440	Bambaragahadeniya	gnd	824	406	418
LK-2136150	Doluwa West	gnd	824	396	428
LK-2139410	Karamada North	gnd	824	393	431
LK-2145095	Ankelipitiya	gnd	824	374	450
LK-3106170	Heenatiya South	gnd	824	384	440
LK-3139250	Dewata	gnd	824	383	441
LK-3151010	Mayakaduwa	gnd	824	401	423
LK-3248205	Belideniya	gnd	824	387	437
LK-4209005	Palampiddy	gnd	824	403	421
LK-6127105	Galagedaragama	gnd	824	407	417
LK-7106040	D 04 Wahalkada	gnd	824	405	419
LK-7124190	Diyatittawewa	gnd	824	407	417
LK-7160045	Manewa	gnd	824	400	424
LK-1212620	Dumunnegedara	gnd	823	396	427
LK-2133415	Kumburegedara	gnd	823	370	453
LK-4406005	Ampalpuram	gnd	823	398	425
LK-7121030	Gonumeruwewa	gnd	823	379	444
LK-8119090	Sooriyagoda	gnd	823	425	398
LK-8212170	Beraliyapola	gnd	823	405	418
LK-9203245	Halagiriya	gnd	823	378	445
LK-1227045	Thalgasmote East	gnd	822	391	431
LK-1312215	Molkawa	gnd	822	395	427
LK-2139080	Urulewatta	gnd	822	388	434
LK-3230100	Muruthamuraya West	gnd	822	405	417
LK-4112105	Maviddapuram South	gnd	822	410	412
LK-5136215	Thuraineelavanai North 01	gnd	822	403	419
LK-5327180	Palathadichenai	gnd	822	399	423
LK-6115090	Dehennegama	gnd	822	415	407
LK-6133210	Pothuvila	gnd	822	387	435
LK-6239170	Meda Hattiniya	gnd	822	391	431
LK-3306150	Beralihela	gnd	821	404	417
LK-6115070	Yakadapatha	gnd	821	406	415
LK-6130200	Nindapella	gnd	821	404	417
LK-6209070	Ipalogama	gnd	821	401	420
LK-7124105	Medawachchi Handiya	gnd	821	415	406
LK-8136140	Govussa	gnd	821	403	418
LK-1230325	Pelpita	gnd	820	396	424
LK-1315110	Madurawala West	gnd	820	380	440
LK-1333015	Omatta	gnd	820	373	447
LK-2121130	Mahagalaheenna	gnd	820	397	423
LK-2212140	Ambokudena	gnd	820	388	432
LK-3133175	Metiwala	gnd	820	387	433
LK-3330245	Kudaheella East	gnd	820	387	433
LK-6166060	Sandagala North	gnd	820	382	438
LK-6206065	Wijayapura East	gnd	820	411	409
LK-7127180	Hurulumeegahapattiya	gnd	820	394	426
LK-8212075	Muthukandiya	gnd	820	384	436
LK-1215080	Mabodala South	gnd	819	388	431
LK-2230125	Uda Weragama	gnd	819	382	437
LK-3325120	Dehigahahena	gnd	819	424	395
LK-5218070	Sammanthurai 10	gnd	819	394	425
LK-6112110	Walaliya	gnd	819	368	451
LK-6145040	Madulla	gnd	819	385	434
LK-6154260	Attanapitiya	gnd	819	389	430
LK-6230050	Pankulawa	gnd	819	381	438
LK-6233035	Weerapandiyana	gnd	819	398	421
LK-8206185	Iluklanda	gnd	819	397	422
LK-2106195	Waldeniya	gnd	818	395	423
LK-2233220	Bowatta	gnd	818	376	442
LK-2315135	Waggama	gnd	818	361	457
LK-3112175	Ambana North	gnd	818	382	436
LK-3242280	Fort	gnd	818	466	352
LK-4206020	Anthoniyarpuram	gnd	818	408	410
LK-5221065	Pandiruppu 02A	gnd	818	377	441
LK-9212240	Athurupana	gnd	818	398	420
LK-1230470	Pahala Lunugama	gnd	817	385	432
LK-1327180	Dodangoda West - Central	gnd	817	401	416
LK-1339180	Pelawatta East	gnd	817	403	414
LK-3154195	Alawathuthisgoda	gnd	817	417	400
LK-4121085	Karaveddy North	gnd	817	380	437
LK-6121080	Diyagama	gnd	817	386	431
LK-6133175	Hunupola	gnd	817	388	429
LK-6148150	Adukkane	gnd	817	395	422
LK-6151035	Hanwella	gnd	817	387	430
LK-7163065	Siyambalewa	gnd	817	386	431
LK-3103060	Athuruwella	gnd	816	396	420
LK-3333195	Wagegoda	gnd	816	393	423
LK-5133015	Thumpankerni (Y.F.S.)	gnd	816	373	443
LK-6124045	Bakmeegahawatta	gnd	816	387	429
LK-6136035	Wanduressa Welgala	gnd	816	409	407
LK-6160280	Kalugamuwa	gnd	816	387	429
LK-6160295	Kahapathwala North	gnd	816	409	407
LK-7212045	Millana	gnd	816	393	423
LK-8130100	Koskanuwegama	gnd	816	393	423
LK-8142095	Kirawanagama	gnd	816	426	390
LK-1339135	Pareigama South	gnd	815	387	428
LK-2103275	Henegama Palkumbura	gnd	815	383	432
LK-2306155	Ambaliyadda	gnd	815	403	412
LK-3103015	Yathramulla	gnd	815	398	417
LK-3148100	Ihala Karagoda	gnd	815	397	418
LK-3242145	Kekanadura West	gnd	815	411	404
LK-3315215	Kivula South	gnd	815	392	423
LK-6106025	Thissapura	gnd	815	375	440
LK-6124185	Kumbukwewa	gnd	815	380	435
LK-6233015	Manuwangama West	gnd	815	381	434
LK-6233030	Parappanmulla	gnd	815	389	426
LK-7130105	Kattaduwagama	gnd	815	410	405
LK-2103295	Kuragama	gnd	814	379	435
LK-2136040	Udawela Pallemaditta	gnd	814	395	419
LK-2302170	Harangala South	gnd	814	411	403
LK-3135075	Galdoowa	gnd	814	408	406
LK-3151110	Kahanda Athireka 1	gnd	814	405	409
LK-6130100	Lenawa	gnd	814	387	427
LK-6166055	Sandagala South	gnd	814	416	398
LK-6245130	Dummaladeniya North	gnd	814	365	449
LK-7109090	Unagaswewa	gnd	814	394	420
LK-8127325	Hangiliella	gnd	814	387	427
LK-1336020	Walakada	gnd	813	405	408
LK-2136345	Pahala Mudaliwatta	gnd	813	381	432
LK-3142115	Kurunda	gnd	813	401	412
LK-3212205	Ransegoda West	gnd	813	390	423
LK-3233050	Karathota	gnd	813	409	404
LK-3245040	Agarawala	gnd	813	393	420
LK-6103055	Mahasenpura	gnd	813	391	422
LK-6145275	Doratiyagedara	gnd	813	386	427
LK-7151160	Kattamurichchana	gnd	813	390	423
LK-7212230	Ulpathwewa	gnd	813	407	406
LK-8112100	Godunna	gnd	813	416	397
LK-8130215	Malpotha	gnd	813	398	415
LK-8206125	Udumulla	gnd	813	393	420
LK-1321140	Kapuhena	gnd	812	396	416
LK-3154090	Uragasgoda	gnd	812	386	426
LK-4112130	Palai Veemankamam South	gnd	812	385	427
LK-4115040	Inuvil East	gnd	812	354	458
LK-6242135	Koswatta North	gnd	812	384	428
LK-6242145	Koswatta South	gnd	812	393	419
LK-7154080	Mudaperumagama	gnd	812	414	398
LK-8130235	Bibiligamuwa	gnd	812	388	424
LK-9103070	Napawala	gnd	812	417	395
LK-9139060	Pahamunupanna	gnd	812	366	446
LK-9203055	Nattambura	gnd	812	391	421
LK-1212020	Delwala South	gnd	811	390	421
LK-1230025	Bandaranayakapura East	gnd	811	388	423
LK-2109155	Palle Deegala	gnd	811	387	424
LK-2112050	Paranagama	gnd	811	390	421
LK-5212040	Galapitagala West	gnd	811	396	415
LK-6127035	Galgiriyawa	gnd	811	416	395
LK-6148020	Medagama	gnd	811	384	427
LK-6184145	Kendagolla	gnd	811	381	430
LK-6212045	Kuruluwewa	gnd	811	402	409
LK-7106020	Bellankadawala	gnd	811	395	416
LK-2307340	Bogamuwa	gnd	810	396	414
LK-3137085	Palliyapitiya	gnd	810	374	436
LK-6242230	Dematapitiya	gnd	810	378	432
LK-3227050	Magamure	gnd	809	365	444
LK-3306100	Singhapura	gnd	809	395	414
LK-5221040	Pandiruppu 01C	gnd	809	352	457
LK-5230060	Ninthavur 17	gnd	809	355	454
LK-6127190	Siyambalawewa	gnd	809	389	420
LK-6148030	Wilbagedara	gnd	809	403	406
LK-6233220	Inigodawela	gnd	809	373	436
LK-9218030	Paspolakanda	gnd	809	386	423
LK-2118065	Dumbaragama	gnd	808	387	421
LK-2133395	Haloluwa Pallegama	gnd	808	391	417
LK-2203260	Dembawa	gnd	808	403	405
LK-2209085	Mailpitiya	gnd	808	377	431
LK-2307370	Udalumada	gnd	808	377	431
LK-3127015	Halpathota	gnd	808	385	423
LK-3230090	Beruwela	gnd	808	371	437
LK-4109105	Sillalai South	gnd	808	373	435
LK-6160055	Arampola Watta South	gnd	808	395	413
LK-6163445	Malbe	gnd	808	394	414
LK-6178240	Ihala Labbala	gnd	808	376	432
LK-6218095	Nawadankulama	gnd	808	401	407
LK-8127045	Dimbulana	gnd	808	392	416
LK-9209275	Deiyanwala	gnd	808	373	435
LK-3151115	Godaudamandiya	gnd	807	387	420
LK-6127020	Siyambalangamuwa	gnd	807	389	418
LK-6142220	Madulupitiya	gnd	807	383	424
LK-6148040	Palavitiya	gnd	807	373	434
LK-6149050	Moonamale	gnd	807	374	433
LK-6245160	Hanathotupola	gnd	807	368	439
LK-8127190	Rahupola	gnd	807	391	416
LK-2121180	Weraganthota	gnd	806	377	429
LK-2121210	Udayagala	gnd	806	396	410
LK-2139275	Handessa	gnd	806	389	417
LK-2139365	Siyambalagoda	gnd	806	401	405
LK-3103105	Elakaka	gnd	806	390	416
LK-6106165	Siyambalewa	gnd	806	414	392
LK-6187060	Wadakada	gnd	806	410	396
LK-6187300	Godawela	gnd	806	392	414
LK-3330190	Beliatta Town	gnd	805	358	447
LK-4127005	Thondamanaru South	gnd	805	401	404
LK-4503090	Vempodukeny	gnd	805	396	409
LK-6136275	Embawa	gnd	805	391	414
LK-9112150	Batewela	gnd	805	414	391
LK-1215070	Pahala Vithanamulla	gnd	804	401	403
LK-1330220	Nugagahalanda	gnd	804	408	396
LK-2124285	Rambukpotha	gnd	804	397	407
LK-2145035	Hippola	gnd	804	398	406
LK-2306150	Arattana	gnd	804	376	428
LK-2310200	Madulla North	gnd	804	386	418
LK-3306075	Ittanwekada	gnd	804	410	394
LK-3321105	Abakolawewa North	gnd	804	417	387
LK-5306090	Nilaveli	gnd	804	369	435
LK-6115050	Divullepitiya	gnd	804	383	421
LK-6163480	Pihimbuwa	gnd	804	402	402
LK-1230150	Thalgaswatta	gnd	803	398	405
LK-2134235	Alagalla Ihala	gnd	803	397	406
LK-2136215	Kavudupana	gnd	803	392	411
LK-3139230	Fort	gnd	803	396	407
LK-3227150	Karagoda Uyangoda 2 East	gnd	803	389	414
LK-4103010	Analaitivu South	gnd	803	404	399
LK-4303075	Nainamadu	gnd	803	393	410
LK-6121140	Siyambalewa	gnd	803	397	406
LK-6178060	Hamanagoda	gnd	803	379	424
LK-6233235	Olidaluwa	gnd	803	380	423
LK-7124015	Maradanmaduwa	gnd	803	400	403
LK-8209130	Kinnarabowa	gnd	803	408	395
LK-1227100	Nittambuwa North	gnd	802	370	432
LK-1321160	Dodammulla	gnd	802	406	396
LK-3133180	Walakada	gnd	802	383	419
LK-3233055	Naradda	gnd	802	385	417
LK-3236130	Uduwa East	gnd	802	385	417
LK-6239130	Meda Koswadiya	gnd	802	388	414
LK-9112135	Amunuthenna	gnd	802	383	419
LK-1209250	Nawana West	gnd	801	388	413
LK-2134185	Lechchimimenila	gnd	801	382	419
LK-3148220	Ihala Walpala	gnd	801	386	415
LK-3224055	Welandagoda	gnd	801	377	424
LK-3227170	Akurugoda	gnd	801	386	415
LK-3330335	Galagama South	gnd	801	410	391
LK-4121035	Uduppiddy South	gnd	801	386	415
LK-6157120	Messagammana	gnd	801	380	421
LK-6163115	Alakolamada	gnd	801	371	430
LK-6163525	Gonigoda	gnd	801	400	401
LK-6169080	Bogamulla	gnd	801	400	401
LK-6248080	Ihala Bujjampola	gnd	801	413	388
LK-7166075	Undurawa Halmilla Wewa	gnd	801	409	392
LK-8109025	Polgaha Arawa	gnd	801	413	388
LK-1230420	Udugama	gnd	800	390	410
LK-1333035	Halovita	gnd	800	390	410
LK-2218210	Dodamdeniya	gnd	800	375	425
LK-2306195	Kottala	gnd	800	375	425
LK-2315145	Kiriwaneliya	gnd	800	379	421
LK-3245090	Naotunna South	gnd	800	387	413
LK-5103035	Kaddumurivu	gnd	800	391	409
LK-5130025	Muthalaikkudah	gnd	800	375	425
LK-5239060	Akkaraipattu 7	gnd	800	381	419
LK-6124200	Imbulgodayagama	gnd	800	384	416
LK-6145215	Bamunumulla	gnd	800	394	406
LK-7154145	Mailagaswewa	gnd	800	386	414
LK-9133100	Weddagala West	gnd	800	401	399
LK-1103120	Fort	gnd	799	470	329
LK-1336145	Diganna	gnd	799	386	413
LK-2103065	Namaltenna	gnd	799	397	402
LK-2136350	Mudaliwatta	gnd	799	384	415
LK-2215015	Selagama East	gnd	799	400	399
LK-2315065	Minuwandeniya	gnd	799	406	393
LK-6106205	Aluthherathgama	gnd	799	390	409
LK-6124265	Metiyakgama	gnd	799	396	403
LK-1312045	Amaragedara North	gnd	798	385	413
LK-4415215	Thanneerudru West	gnd	798	391	407
LK-5230030	Ninthavur 13	gnd	798	356	442
LK-6109015	Andarawewa	gnd	798	383	415
LK-6169030	Thelahera	gnd	798	392	406
LK-8112075	Dikkumbura	gnd	798	404	394
LK-5230055	Ninthavur 16	gnd	797	354	443
LK-6157040	Meddegama East	gnd	797	375	422
LK-6209045	Thambapanniya	gnd	797	381	416
LK-6209090	Murukkuwatawana	gnd	797	371	426
LK-1227070	Kongasdeniya	gnd	796	375	421
LK-2124245	Gabbela	gnd	796	403	393
LK-3325110	Pathegama	gnd	796	396	400
LK-3327075	Kandebedda	gnd	796	385	411
LK-4133180	Kokuvil North West	gnd	796	389	407
LK-5312025	Morawewa South	gnd	796	395	401
LK-6109085	Galapitadigana	gnd	796	409	387
LK-6166015	Pathinwatta	gnd	796	366	430
LK-6184150	Boyawalana	gnd	796	384	412
LK-6184295	Udakekulawala	gnd	796	370	426
LK-9233030	Keerihena	gnd	796	383	413
LK-1115040	Weralupitiya	gnd	795	418	377
LK-2203030	Thennakonpura	gnd	795	399	396
LK-2230185	Epitamulla	gnd	795	400	395
LK-2315090	Samansirigama	gnd	795	355	440
LK-3309095	Shuddha Nagaraya	gnd	795	394	401
LK-4409005	Anandapuram	gnd	795	400	395
LK-5130095	Ampilanthurai West	gnd	795	358	437
LK-6136215	Hettigedara	gnd	795	381	414
LK-6154070	Dematagolla	gnd	795	378	417
LK-7154070	Olukarada	gnd	795	373	422
LK-8109060	Kalugahakandura	gnd	795	404	391
LK-9145060	Belimaliyadda	gnd	795	380	415
LK-9212260	Moradana	gnd	795	381	414
LK-1209425	Parana Halpe East	gnd	794	380	414
LK-3103095	Thunduwa East	gnd	794	398	396
LK-4509095	Pannankandy	gnd	794	387	407
LK-5121055	Nediyamadu	gnd	794	386	408
LK-5133020	Kalumunthanveli	gnd	794	367	427
LK-6139060	Kithagama	gnd	794	394	400
LK-6145020	Ganegama	gnd	794	379	415
LK-6163060	Gopallawa	gnd	794	391	403
LK-6209065	Dangaswewa	gnd	794	404	390
LK-9133145	Kudawa	gnd	794	420	374
LK-2134210	Dehideniya Madige	gnd	793	364	429
LK-2306235	Rathmetiya	gnd	793	371	422
LK-3227145	Karagoda Uyangoda 2 West	gnd	793	369	424
LK-3242265	Noope	gnd	793	372	421
LK-6127065	Mamunugama	gnd	793	389	404
LK-6148105	Henegedara	gnd	793	392	401
LK-6163065	Rathvita	gnd	793	394	399
LK-6224040	07 Gammanaya	gnd	793	368	425
LK-7127150	Nuwaragam Colony	gnd	793	383	410
LK-8206040	Thalkotayaya	gnd	793	385	408
LK-2106130	Pahala Hingulwala	gnd	792	380	412
LK-3134035	Mahagangoda	gnd	792	379	413
LK-3324030	Kohomporuwa	gnd	792	372	420
LK-1209545	Hapuwalana	gnd	791	378	413
LK-1227585	Yatawaka	gnd	791	399	392
LK-2121085	Ambagolla	gnd	791	388	403
LK-3106175	Mahakarawa	gnd	791	386	405
LK-3212010	Kudapana	gnd	791	376	415
LK-3330265	Getamanna South	gnd	791	371	420
LK-3330300	Mihindupura	gnd	791	401	390
LK-5234030	Irakkamam 06	gnd	791	358	433
LK-6221040	Dangaswewa	gnd	791	417	374
LK-6242225	Meegahawewa	gnd	791	379	412
LK-6245210	Rangammulla	gnd	791	369	422
LK-7106120	Thimbiriwewa	gnd	791	384	407
LK-7160075	Aswedduma	gnd	791	380	411
LK-8206105	Aratugaswela	gnd	791	397	394
LK-9209200	Narangala	gnd	791	393	398
LK-1230280	Walpola	gnd	790	370	420
LK-3112180	Pituwala South	gnd	790	371	419
LK-3218095	Minipogoda	gnd	790	390	400
LK-3325185	Omara West	gnd	790	367	423
LK-6130240	Hiddana	gnd	790	370	420
LK-8119100	Pallekiruwa	gnd	790	390	400
LK-2103090	Palukopi Watta	gnd	789	377	412
LK-2115035	Beddegama	gnd	789	380	409
LK-3318140	Dimbulgoda	gnd	789	376	413
LK-6184080	Galgamuwa South	gnd	789	385	404
LK-6239070	Yatakalana	gnd	789	379	410
LK-8109100	Hunuketapitiya	gnd	789	400	389
LK-9130065	Ellahena	gnd	789	384	405
LK-9218195	Penihela	gnd	789	375	414
LK-1212025	Delwala	gnd	788	361	427
LK-1230175	Kiriwana	gnd	788	373	415
LK-1230180	Meddegama North	gnd	788	379	409
LK-3145110	Badungoda Colony	gnd	788	389	399
LK-3324110	Welipitiya West	gnd	788	378	410
LK-4127010	Thondamanaru North	gnd	788	371	417
LK-4203245	Parappankandal	gnd	788	396	392
LK-5251030	Dewalagoda	gnd	788	392	396
LK-6178230	Meddepola Ihala	gnd	788	378	410
LK-2148060	Medakekila	gnd	787	338	449
LK-3135040	Galagoda West	gnd	787	391	396
LK-3135180	Medagoda	gnd	787	390	397
LK-3145070	Etambagasmulla	gnd	787	382	405
LK-4312045	Unit 5 & 6. Pavatkulam	gnd	787	371	416
LK-6169180	Pahala Muruthenge	gnd	787	379	408
LK-6233165	Mungandaluwa West	gnd	787	362	425
LK-9103175	Mapota	gnd	787	394	393
LK-1212325	Handurumulla	gnd	786	384	402
LK-2112080	Gunembill	gnd	786	398	388
LK-2127055	Ihala Gonagama	gnd	786	381	405
LK-2307220	Moragolla	gnd	786	367	419
LK-3230015	Denagama West	gnd	786	354	432
LK-3318210	Kankanamgama	gnd	786	399	387
LK-3321040	Ihala Gonadeniya	gnd	786	384	402
LK-6181035	Meewewa/ Bemmullegedara	gnd	786	360	426
LK-8206045	Deliwa	gnd	786	410	376
LK-9209090	Wattegedara	gnd	786	390	396
LK-9209120	Hathgampala	gnd	786	354	432
LK-9212245	Rotuwa	gnd	786	363	423
LK-1230160	Udawela	gnd	785	391	394
LK-1330005	Iddagoda West	gnd	785	383	402
LK-6163095	Nithulpitiya	gnd	785	370	415
LK-6184005	Vilgamuwa	gnd	785	382	403
LK-6230055	Ihala Attanganaya	gnd	785	379	406
LK-8212050	Meeyagala	gnd	785	407	378
LK-9206330	Kehelpannala East	gnd	785	369	416
LK-1227745	Galboda	gnd	784	387	397
LK-2306160	Dampola	gnd	784	366	418
LK-3121010	Mavita West	gnd	784	391	393
LK-6106080	Lassanagama	gnd	784	392	392
LK-9209035	Gammannagoda	gnd	784	383	401
LK-9218055	Heliyagoda	gnd	784	388	396
LK-9218085	Pinnagoda Kanda	gnd	784	373	411
LK-1333065	Agalawatta	gnd	783	368	415
LK-2309505	Palalpathana	gnd	783	376	407
LK-3321240	Mandaduwa	gnd	783	361	422
LK-6112040	Maha Divulwewa	gnd	783	408	375
LK-6166180	Algama	gnd	783	367	416
LK-1212155	Thalagama	gnd	782	381	401
LK-2303110	Mawela West	gnd	782	380	402
LK-2310435	Madulla South	gnd	782	377	405
LK-3215130	Athuraliya West	gnd	782	353	429
LK-3325090	Bowala West	gnd	782	400	382
LK-3325115	Thalapathkanda	gnd	782	394	388
LK-3330135	Godawela	gnd	782	381	401
LK-3106155	Heenatiya North	gnd	781	380	401
LK-3212210	Koramburuwana	gnd	781	381	400
LK-3236100	Kithalagama West	gnd	781	389	392
LK-5242035	Hingurana	gnd	781	375	406
LK-6148025	Kosdeniya	gnd	781	367	414
LK-6209080	Rambawewa	gnd	781	412	369
LK-2103115	Galagedara	gnd	780	337	443
LK-3124150	Udalamatta East	gnd	780	369	411
LK-3154040	Thalpe South	gnd	780	372	408
LK-3325025	Haggitha Kanda North	gnd	780	364	416
LK-3330095	Waharakgoda North	gnd	780	374	406
LK-6112050	Uda Divulwewa	gnd	780	390	390
LK-6124290	Nagollagama	gnd	780	383	397
LK-6169170	Hewanellagara	gnd	780	368	412
LK-7118185	Kudagama	gnd	780	392	388
LK-7151010	Galkulama	gnd	780	381	399
LK-2139015	Werellamana	gnd	779	381	398
LK-2139285	Piligalla East	gnd	779	376	403
LK-2139510	Maveekumbura South	gnd	779	369	410
LK-2230220	Neluwakanda	gnd	779	355	424
LK-3221045	Penetiyana East	gnd	779	370	409
LK-3221075	Kokmaduwa North	gnd	779	375	404
LK-3324020	Uda Alupothdeniya	gnd	779	392	387
LK-5230035	Ninthavur 14	gnd	779	355	424
LK-6145065	Karandawa	gnd	779	372	407
LK-6245255	Thambaravila	gnd	779	358	421
LK-1212080	Kamarangawa	gnd	778	391	387
LK-2112125	Moonamale	gnd	778	346	432
LK-2139195	Hiddavulla East	gnd	778	377	401
LK-3145295	Yatagama	gnd	778	402	376
LK-3330150	Getamanna North	gnd	778	378	400
LK-5251050	Panama Central	gnd	778	388	390
LK-6130315	Bogamuwa	gnd	778	366	412
LK-6149060	Ganthiriyawa	gnd	778	349	429
LK-8106205	Dikyaya	gnd	778	397	381
LK-9224015	Higgoda	gnd	778	368	410
LK-1212630	Pasyala West	gnd	777	367	410
LK-1227105	Nittambuwa East	gnd	777	368	409
LK-1227455	Haggalla East	gnd	777	371	406
LK-2106015	Dehiwatta	gnd	777	363	414
LK-2139425	Nawa Elpitiya North	gnd	777	355	422
LK-2307315	Denike	gnd	777	358	419
LK-3151050	Imaduwa Athireka 1	gnd	777	370	407
LK-3248225	Suduwella	gnd	777	377	400
LK-3321115	Morayaya South	gnd	777	401	376
LK-6157220	Belgoda	gnd	777	365	412
LK-7154170	Rathmallewa	gnd	777	370	407
LK-8127010	Ritikumbura	gnd	777	369	408
LK-1212245	Siyambalagoda	gnd	776	382	394
LK-3312125	Hambantota East	gnd	776	386	390
LK-5303020	Lassanagama	gnd	776	381	395
LK-6148175	Nindawela	gnd	776	369	407
LK-7121020	Mahakumbukwewa	gnd	776	374	402
LK-7151200	Sandapagama	gnd	776	384	392
LK-8203190	Yalkumbura	gnd	776	381	395
LK-9230010	Daigala	gnd	776	370	406
LK-1209300	Induragara South	gnd	775	377	398
LK-2106330	Kaluwana South	gnd	775	363	412
LK-2145210	Bolepa	gnd	775	382	393
LK-2151120	Kurukude	gnd	775	367	408
LK-2306175	Dolugala	gnd	775	384	391
LK-5212050	Kothmale	gnd	775	377	398
LK-5239040	Kannakigramam 01	gnd	775	381	394
LK-6142105	Pahala Koswatta	gnd	775	376	399
LK-6184105	Lewdeniya	gnd	775	375	400
LK-9109050	Munasinhapura	gnd	775	379	396
LK-1118060	Wewelpanawa	gnd	774	385	389
LK-1212405	Kukulnape	gnd	774	355	419
LK-1212615	Dumunnegedara South	gnd	774	370	404
LK-1227650	Kahambilihena	gnd	774	372	402
LK-1230540	Guruwala	gnd	774	356	418
LK-2124070	Duckwariya	gnd	774	359	415
LK-6115080	Moragolla	gnd	774	371	403
LK-6136185	Mirihanegama	gnd	774	390	384
LK-6172300	Deeyawala	gnd	774	372	402
LK-7118100	Kallanchiya	gnd	774	383	391
LK-8203115	Egoda Kotagama	gnd	774	399	375
LK-2124310	Meegahamaditta	gnd	773	377	396
LK-2136070	Pelawa Ihalagama	gnd	773	357	416
LK-2136155	Kotaligoda South	gnd	773	371	402
LK-3124190	Budapanagama	gnd	773	383	390
LK-3127105	Boralukada	gnd	773	353	420
LK-3154165	Koggala	gnd	773	426	347
LK-6106115	Nochchiya	gnd	773	379	394
LK-6112085	Dethawa	gnd	773	393	380
LK-8142165	Kosgama	gnd	773	399	374
LK-9203230	Godagandeniya	gnd	773	359	414
LK-1230430	Udakanampella	gnd	772	374	398
LK-2203015	Makulugaswewa	gnd	772	365	407
LK-3224100	Katuwangoda	gnd	772	368	404
LK-3233080	Puhulwella East	gnd	772	362	410
LK-3245065	Naotunna North	gnd	772	355	417
LK-3333360	Kudawella West	gnd	772	368	404
LK-5245010	Thambiluvil 1	gnd	772	387	385
LK-6112140	Wanduressa	gnd	772	362	410
LK-6163315	Pallekanda	gnd	772	379	393
LK-7166135	Maneruwa	gnd	772	371	401
LK-7206205	Akbarpura	gnd	772	398	374
LK-7212220	Weeralanda	gnd	772	399	373
LK-8127070	Malwattegama	gnd	772	370	402
LK-8218045	Wekumbura	gnd	772	374	398
LK-1330280	Lewwanduwa East	gnd	771	362	409
LK-2115010	Watakele	gnd	771	354	417
LK-2145155	Ethulgama South	gnd	771	355	416
LK-3103205	Mahavila West	gnd	771	390	381
LK-3139225	Cheena Koratuwa	gnd	771	375	396
LK-3154275	Ahangama Central	gnd	771	361	410
LK-4415080	Kokkilai West	gnd	771	395	376
LK-6148035	Hanwella	gnd	771	362	409
LK-7154215	Pallehingura	gnd	771	390	381
LK-8133170	Liyangahawela	gnd	771	378	393
LK-8206025	Baduluwela	gnd	771	400	371
LK-9119015	Uggalkalthota Left Bank South	gnd	771	357	414
LK-2103045	Haddapitiya	gnd	770	368	402
LK-2121215	Asamodagamyaya	gnd	770	393	377
LK-2134100	Hatharaliyadda	gnd	770	373	397
LK-2230075	Madakumbura	gnd	770	374	396
LK-3145275	Attaragoda	gnd	770	376	394
LK-3330115	Agulmaduwa	gnd	770	336	434
LK-3333320	Ihalagoda	gnd	770	388	382
LK-4130295	Manthuvil West	gnd	770	378	392
LK-6157035	Kahatapitiya	gnd	770	376	394
LK-1209505	Sayakkaramulla	gnd	769	373	396
LK-2106285	Bamunupola	gnd	769	362	407
LK-2233085	Enasalmada	gnd	769	370	399
LK-3154065	Dodampe	gnd	769	348	421
LK-3330315	Dedduwawala East	gnd	769	378	391
LK-4142015	Delft Centre West	gnd	769	356	413
LK-6115145	Ithewa	gnd	769	367	402
LK-6166090	Hanwella	gnd	769	383	386
LK-8109055	Ellanda	gnd	769	409	360
LK-9203290	Naranbedda West	gnd	769	347	422
LK-1309185	Kananvila South	gnd	768	375	393
LK-2115065	Pitawala	gnd	768	373	395
LK-2139185	Rabbegamuwa North	gnd	768	388	380
LK-3124020	Aluth Thanayamgoda Pahala West	gnd	768	376	392
LK-3330010	Udugalmotegama	gnd	768	385	383
LK-6148145	Galagedara	gnd	768	339	429
LK-6163360	Pitiyegedara	gnd	768	353	415
LK-1212660	Radawadunna Pahala	gnd	767	350	417
LK-2206060	Palutawa	gnd	767	385	382
LK-2215085	Nikagolla North	gnd	767	377	390
LK-3330240	Beliatta South	gnd	767	337	430
LK-6109130	Nakolagane	gnd	767	386	381
LK-6124215	Konwewa	gnd	767	382	385
LK-6149115	Bogoda	gnd	767	377	390
LK-6163025	Udahena	gnd	767	381	386
LK-6172315	Eluwapola	gnd	767	371	396
LK-6239150	Sagaragama	gnd	767	366	401
LK-7115045	Diganegama	gnd	767	390	377
LK-8127080	Thuppitiya	gnd	767	385	382
LK-9218365	Malmaduwa	gnd	767	370	397
LK-3127240	Horagampita	gnd	766	393	373
LK-3209175	Napathella	gnd	766	377	389
LK-3239235	Thal Aramba East	gnd	766	367	399
LK-5212070	Lathugala	gnd	766	388	378
LK-6130140	Mahagama	gnd	766	368	398
LK-7151155	Pethis Rambewa	gnd	766	400	366
LK-1212515	Hedidenikanda	gnd	765	353	412
LK-2215005	Udagama West	gnd	765	362	403
LK-2306245	Diggalpotta	gnd	765	364	401
LK-3136135	Uduhalpitiya	gnd	765	349	416
LK-4127175	Thunnalai North	gnd	765	351	414
LK-6187155	Gallenamulla	gnd	765	378	387
LK-7157030	Kumbukwewa	gnd	765	381	384
LK-2106265	Alagoda	gnd	764	357	407
LK-2139520	Viharagama	gnd	764	371	393
LK-6109115	Ihala Embogama	gnd	764	342	422
LK-6130080	Hipawwa	gnd	764	361	403
LK-6187310	Mawatta	gnd	764	371	393
LK-7124170	Wadigawewa	gnd	764	370	394
LK-7166175	Budugehinna	gnd	764	360	404
LK-8136145	Ilukpelessa	gnd	764	396	368
LK-9218080	Akwatta	gnd	764	358	406
LK-2209015	Serudandapola	gnd	763	390	373
LK-3145045	Welihena	gnd	763	364	399
LK-4127160	Puloly South	gnd	763	349	414
LK-5212010	Nugelanda North	gnd	763	361	402
LK-5236095	Akkaraipattu 03	gnd	763	378	385
LK-6103115	Pahala Giribawa	gnd	763	381	382
LK-6103150	Thambutta	gnd	763	373	390
LK-6145075	Divulwewa	gnd	763	352	411
LK-6184035	Nungamuwa Pahala	gnd	763	379	384
LK-6230105	Adippala	gnd	763	373	390
LK-1324360	Kotapitiya	gnd	762	354	408
LK-3112065	Goluwamulla West	gnd	762	381	381
LK-3212040	Ketiyape South	gnd	762	358	404
LK-4206010	Vellankulam	gnd	762	357	405
LK-4312100	Kangankulam	gnd	762	363	399
LK-6209110	Pawattamaduwa	gnd	762	382	380
LK-6221055	Karuwalabedda	gnd	762	359	403
LK-6221060	Maha Kumbukkadawala	gnd	762	388	374
LK-8119010	Metigahathenna	gnd	762	362	400
LK-1327225	Galpottavila	gnd	761	403	358
LK-2139260	Heeyawala	gnd	761	374	387
LK-2142120	Pabadeniya	gnd	761	383	378
LK-3112090	Poojagallena	gnd	761	372	389
LK-3315245	Welipatanvila	gnd	761	369	392
LK-5206065	Thalapitaoya South	gnd	761	367	394
LK-6163530	Meeliyadda	gnd	761	363	398
LK-7154180	Korasagalla	gnd	761	368	393
LK-7157010	Maha Rambawewa	gnd	761	384	377
LK-1227715	Madakotuwa West	gnd	760	357	403
LK-2124240	Pallebage	gnd	760	351	409
LK-2139525	Ganhatha	gnd	760	390	370
LK-3227035	Narandeniya East	gnd	760	371	389
LK-3324105	Welipitiya	gnd	760	350	410
LK-6121130	Randenigama	gnd	760	360	400
LK-6124210	Kumbukwewa	gnd	760	371	389
LK-6124285	Dampitigama	gnd	760	373	387
LK-6145035	Rambewa	gnd	760	385	375
LK-6148185	Wetehepitiya	gnd	760	365	395
LK-6181025	Meewewa	gnd	760	371	389
LK-6184140	Henduwawa	gnd	760	375	385
LK-6239045	Ihala Kudawewa	gnd	760	340	420
LK-2206255	Kalundewa Paranagama	gnd	759	368	391
LK-3327040	Rajapuragoda	gnd	759	366	393
LK-5212260	Buddhangala	gnd	759	377	382
LK-6109140	Yaddessawa	gnd	759	368	391
LK-2218115	Udugama	gnd	758	382	376
LK-3233030	Kirinda Mangin Ihala North	gnd	758	357	401
LK-3321120	Kemegala	gnd	758	383	375
LK-4415190	Neeravippiddy West	gnd	758	381	377
LK-6163285	Kandegedara	gnd	758	352	406
LK-7115005	Helambagaswewa	gnd	758	377	381
LK-2106210	Ovissa North	gnd	757	362	395
LK-3327100	Wawwa	gnd	757	351	406
LK-6121070	Kivulegama	gnd	757	364	393
LK-6124020	Moragaswewa	gnd	757	382	375
LK-6142245	Thorabichchiya	gnd	757	391	366
LK-6187020	Pothuhera East	gnd	757	362	395
LK-6224100	Viharagama	gnd	757	348	409
LK-7139005	Kukulkatuwa	gnd	757	382	375
LK-1339075	Uthumgama	gnd	756	379	377
LK-2139165	Yalegoda West	gnd	756	366	390
LK-2233060	Ovilikanda	gnd	756	359	397
LK-2307655	Malsara Nuwara	gnd	756	381	375
LK-3151150	Ihala Mawella	gnd	756	351	405
LK-4124075	Vettilaikerny	gnd	756	350	406
LK-4312085	Mugaththankulam	gnd	756	391	365
LK-5216010	Central Camp 02	gnd	756	341	415
LK-6115045	Aluthgama	gnd	756	372	384
LK-6163080	Ihala Udattapola	gnd	756	373	383
LK-6212015	Maha Andarawewa	gnd	756	365	391
LK-7106125	Handagala Kirimetiyawa	gnd	756	359	397
LK-2315070	Hitigama	gnd	755	353	402
LK-6230060	Ambakele	gnd	755	365	390
LK-7124130	Gammahegewewa	gnd	755	382	373
LK-9142105	Werahera East	gnd	755	361	394
LK-9230180	Madagammana	gnd	755	372	383
LK-1327075	Serupita West	gnd	754	364	390
LK-1339300	Thotaha	gnd	754	351	403
LK-2206075	Pol Attawa	gnd	754	375	379
LK-3103040	Warahena	gnd	754	385	369
LK-5212015	Nugelanda South	gnd	754	380	374
LK-1212265	Kosetadeniya	gnd	753	358	395
LK-1215325	Ellangala	gnd	753	347	406
LK-2103005	Meegahahena South	gnd	753	364	389
LK-2124360	Maberiyathenna	gnd	753	356	397
LK-2139265	Imbuldeniya	gnd	753	347	406
LK-2139280	Piligalla West	gnd	753	386	367
LK-3154295	Goviyapana	gnd	753	351	402
LK-3224060	Uninduwela	gnd	753	351	402
LK-4303070	Sinnadampan	gnd	753	387	366
LK-6121210	Tharanagolla	gnd	753	364	389
LK-6175090	Thunthota	gnd	753	348	405
LK-7166020	Pahalagama	gnd	753	367	386
LK-7212185	Nidanwala	gnd	753	386	367
LK-1318085	Mawathgama	gnd	752	385	367
LK-2133340	Bulathgolla	gnd	752	336	416
LK-2134230	Alagalla Pahalagama	gnd	752	361	391
LK-4312015	Periyakaddu	gnd	752	383	369
LK-6136190	Nabadawewa	gnd	752	375	377
LK-6148180	Wijaya Udagama	gnd	752	357	395
LK-6169160	Mahagama	gnd	752	358	394
LK-6221105	Karungalichole	gnd	752	368	384
LK-7118180	Rotawewa	gnd	752	352	400
LK-9203400	Deldeniya	gnd	752	370	382
LK-2151170	Wanahapuwa	gnd	751	379	372
LK-2203270	Yatiwehera	gnd	751	354	397
LK-2218040	Ankanda	gnd	751	402	349
LK-7210090	Monarathenna	gnd	751	367	384
LK-9112165	Heenberenduwa	gnd	751	388	363
LK-1315100	Pahala Karannagoda	gnd	750	369	381
LK-2212100	Akuramboda	gnd	750	356	394
LK-3333270	Kadurupokuna North	gnd	750	368	382
LK-4303060	Paranthan	gnd	750	374	376
LK-6124160	Deheneggama	gnd	750	362	388
LK-6187285	Sunilagama	gnd	750	366	384
LK-7160115	2 Ela - Kagama	gnd	750	346	404
LK-8142035	Nikapotha East	gnd	750	389	361
LK-1212495	Weweldeniya Ihalagama West	gnd	749	374	375
LK-1327020	Remunagoda North	gnd	749	381	368
LK-2230160	Bambarakiriella	gnd	749	345	404
LK-2230190	Wetasyaya	gnd	749	355	394
LK-2306255	Kosgaha Debala	gnd	749	370	379
LK-3127030	Nayapamula	gnd	749	355	394
LK-5218030	Sammanthurai TD 02	gnd	749	344	405
LK-6187105	Kureepotta	gnd	749	352	397
LK-1336070	Midalana West	gnd	748	368	380
LK-2133375	Madapathagama	gnd	748	370	378
LK-3154035	Unawatuna Central	gnd	748	361	387
LK-3318080	Kohombagaswewa	gnd	748	347	401
LK-6160065	Pothubowa	gnd	748	361	387
LK-1230300	Meethirigala	gnd	747	391	356
LK-2139620	Appallagoda West	gnd	747	371	376
LK-2145235	Marassana	gnd	747	363	384
LK-2227085	Malgammana	gnd	747	375	372
LK-2230170	Udagama	gnd	747	364	383
LK-5212250	Kumudugama	gnd	747	364	383
LK-6106300	Madadombe	gnd	747	364	383
LK-6184065	Kandegedara South	gnd	747	359	388
LK-6245050	Kolinjadiya East	gnd	747	323	424
LK-7163100	Musnawa	gnd	747	369	378
LK-8119005	Ekiriya	gnd	747	383	364
LK-1212425	Hirikuluwa	gnd	746	423	323
LK-2139290	Godapola West	gnd	746	335	411
LK-3230040	Kohuliyadda	gnd	746	364	382
LK-6109060	Pothanegama	gnd	746	356	390
LK-6124080	Uduweriya	gnd	746	378	368
LK-6133010	Weragala	gnd	746	357	389
LK-1227185	Egoda Nittambuwa	gnd	745	350	395
LK-1233035	Yongammulla	gnd	745	367	378
LK-1315090	Madurawala East	gnd	745	363	382
LK-2139005	Gangoda	gnd	745	375	370
LK-3128020	Kumbalamalahena	gnd	745	339	406
LK-6245140	Dummaladeniya East	gnd	745	378	367
LK-7151185	Alagollewa	gnd	745	361	384
LK-9209260	Ganthuna Medagama	gnd	745	375	370
LK-2212110	Millawana Ihalagama	gnd	744	365	379
LK-2224020	Kaluganga	gnd	744	387	357
LK-3124100	Kurupanawa	gnd	744	347	397
LK-3136055	Pannamgoda	gnd	744	381	363
LK-5133025	Ganthipuram	gnd	744	312	432
LK-6187185	Koradoluwa	gnd	744	359	385
LK-7163115	Kallanchiya	gnd	744	354	390
LK-1227035	Thalgasmote West	gnd	743	343	400
LK-1330285	Madawala	gnd	743	360	383
LK-2145110	Ethulgama North	gnd	743	369	374
LK-3135030	Kuleegoda West	gnd	743	329	414
LK-3324220	Hediwatta	gnd	743	351	392
LK-4136060	Small Bazaar	gnd	743	371	372
LK-4303045	Mamadu	gnd	743	367	376
LK-4503065	Pulopalai	gnd	743	335	408
LK-6133015	Thimbiriwewa	gnd	743	357	386
LK-6133150	Hindawewa	gnd	743	360	383
LK-6181040	Puwakgahakotuwa	gnd	743	355	388
LK-1215220	Essella	gnd	742	378	364
LK-2106030	Alawatta	gnd	742	363	379
LK-2306035	Bogahalanda	gnd	742	347	395
LK-4203020	Thalaimannar	gnd	742	370	372
LK-6184205	Kebellavita	gnd	742	363	379
LK-8118010	Palawatta	gnd	742	379	363
LK-1312160	Pahala Welgama	gnd	741	350	391
LK-2103210	Paranagama	gnd	741	357	384
LK-2139180	Walgama	gnd	741	351	390
LK-2233240	Hunuketawala	gnd	741	372	369
LK-2307325	Alawattegama	gnd	741	359	382
LK-3148120	Magedara	gnd	741	364	377
LK-3154060	Handugoda	gnd	741	363	378
LK-5133045	Palugaamam II	gnd	741	316	425
LK-6124330	Walpaluwa	gnd	741	382	359
LK-8118170	Kanawerella West	gnd	741	353	388
LK-9209295	Yodhagama	gnd	741	356	385
LK-1230040	Thimbirigama	gnd	740	371	369
LK-1339155	Ranepuragoda	gnd	740	355	385
LK-2124165	Heeloya	gnd	740	368	372
LK-2221035	Ranmuthugama	gnd	740	385	355
LK-2306065	Delgahapitiya	gnd	740	368	372
LK-3236040	Akkara Panaha	gnd	740	342	398
LK-3248010	Bodarakanda	gnd	740	362	378
LK-6187170	Thalawattegedara	gnd	740	349	391
LK-7166160	Pelbendiyawa	gnd	740	362	378
LK-1209080	Diklanda	gnd	739	358	381
LK-1212430	Pathagama	gnd	739	349	390
LK-2103120	Galagedara Madige	gnd	739	336	403
LK-2124300	Doraliyadda South	gnd	739	378	361
LK-2133320	Udadoolwala	gnd	739	350	389
LK-3118145	Eppala	gnd	739	368	371
LK-3142090	Silvagewatta	gnd	739	373	366
LK-5121105	Panchenai	gnd	739	370	369
LK-6118085	Kallanchiya	gnd	739	357	382
LK-6154010	Seeradunna	gnd	739	366	373
LK-8142045	Ranasinghegama	gnd	739	371	368
LK-1212225	Neligama Central	gnd	738	343	395
LK-2103320	Hiyadala Walpola	gnd	738	348	390
LK-2136120	Ihala Dodamwala	gnd	738	350	388
LK-2145010	Galthenna	gnd	738	363	375
LK-3154110	Happawana	gnd	738	362	376
LK-3230125	Pottewela	gnd	738	354	384
LK-3233035	Hettiyawala West	gnd	738	346	392
LK-5136205	Periyakallar 03	gnd	738	335	403
LK-6157190	Katupitiya North	gnd	738	343	395
LK-6181145	Rangallepola	gnd	738	367	371
LK-6184160	Ihala Kalalpitiya	gnd	738	356	382
LK-6187050	Hiripathwella	gnd	738	352	386
LK-8212065	Kalugollayaya	gnd	738	366	372
LK-9203285	Naranbedda East	gnd	738	339	399
LK-1209215	Erabadda	gnd	737	384	353
LK-1224075	Karanekamulla	gnd	737	367	370
LK-1330200	Henpita	gnd	737	370	367
LK-2306205	Uda Galauda	gnd	737	340	397
LK-3130095	Pathawelivitiya	gnd	737	364	373
LK-6118140	Magurankadawala	gnd	737	337	400
LK-6127140	Bogolla	gnd	737	371	366
LK-6248225	Jankurawela	gnd	737	371	366
LK-2133235	Karanduwawala Ihala	gnd	736	325	411
LK-3127100	Sandarawala	gnd	736	340	396
LK-4133115	Thirunelvely Centre South	gnd	736	344	392
LK-6181250	Riloluwa	gnd	736	334	402
LK-7109040	Kadawath Rambewa	gnd	736	357	379
LK-7210145	Rideepokuna	gnd	736	352	384
LK-1227575	Deenapamunuwa West	gnd	735	346	389
LK-1315130	Katuhena	gnd	735	349	386
LK-5212075	Bokkabedda	gnd	735	363	372
LK-6145255	Nagollagoda	gnd	735	353	382
LK-8106130	Uraniya	gnd	735	376	359
LK-9118185	Pettigala	gnd	735	345	390
LK-9203040	Mahagama	gnd	735	330	405
LK-2103085	Ethamulla	gnd	734	344	390
LK-2139580	Palkumbura	gnd	734	358	376
LK-3106215	Wathugedara South	gnd	734	339	395
LK-3148170	Udubettawa	gnd	734	362	372
LK-5216030	Central Camp 04	gnd	734	349	385
LK-6127155	Meegaswewa	gnd	734	357	377
LK-6139175	Hindagahawewa	gnd	734	377	357
LK-7206095	Jayagampura	gnd	734	359	375
LK-8142160	We Eliya	gnd	734	377	357
LK-2103075	Kumburegama	gnd	733	358	375
LK-2134015	Aludeniya South	gnd	733	363	370
LK-2209210	Meegolla	gnd	733	363	370
LK-2212155	Ehelepola	gnd	733	351	382
LK-3124015	Malamura	gnd	733	345	388
LK-3124200	Unanvitiya East	gnd	733	356	377
LK-3318240	Netalaporuwa	gnd	733	357	376
LK-6109050	Kathnoruwa	gnd	733	364	369
LK-6145270	Ebogedara	gnd	733	350	383
LK-7118070	Ambagahawewa	gnd	733	381	352
LK-7203185	Girithale Puranagama	gnd	733	341	392
LK-2106065	Ankumbura Udagama	gnd	732	331	401
LK-2124010	Thunisgala	gnd	732	360	372
LK-2227055	Gemburuoya	gnd	732	376	356
LK-2310550	Kurupanawela	gnd	732	324	408
LK-5216075	Chavalakade	gnd	732	340	392
LK-6112010	Kasikote East	gnd	732	357	375
LK-2310050	Ellakumbura	gnd	731	356	375
LK-3133155	Domanvila	gnd	731	358	373
LK-4206025	Illupaikadavai	gnd	731	369	362
LK-6103045	Kokmaduwa	gnd	731	353	378
LK-6127110	Hathigamuwa	gnd	731	361	370
LK-6157130	Manel Oluwa	gnd	731	346	385
LK-6166150	Galabadagama	gnd	731	341	390
LK-6175020	Rantetiyawa	gnd	731	363	368
LK-9130085	Kolambewa	gnd	731	370	361
LK-9203250	Muwapitiya	gnd	731	331	400
LK-1212740	Ketakalapitiya	gnd	730	346	384
LK-1227460	Diyakade	gnd	730	365	365
LK-1318100	Pethigamuwa North	gnd	730	363	367
LK-1333145	Harankahapatha	gnd	730	358	372
LK-1333160	Polgampala East	gnd	730	364	366
LK-2206005	Siyambala Wewa	gnd	730	371	359
LK-2212025	Mananwatta	gnd	730	349	381
LK-2230045	Dankanda	gnd	730	358	372
LK-2233235	Udathenna	gnd	730	322	408
LK-3128060	Thalawa	gnd	730	363	367
LK-3137080	Rathgama Hegoda	gnd	730	346	384
LK-6115030	Kelegama	gnd	730	347	383
LK-8127075	Medipokuna	gnd	730	364	366
LK-1312270	Gamagewatta	gnd	729	356	373
LK-2312305	Ambewela	gnd	729	362	367
LK-3103190	Viyandoowa	gnd	729	360	369
LK-3137160	Pitiwella North	gnd	729	335	394
LK-3236120	Kapudoowa East	gnd	729	335	394
LK-3318135	Medagoda	gnd	729	365	364
LK-3321265	Mulgirigala West	gnd	729	343	386
LK-3327090	Kanumuldeniya South	gnd	729	339	390
LK-4412060	Muthuvinayagapuram	gnd	729	358	371
LK-5315015	Kanniya	gnd	729	351	378
LK-6163405	Akkara Panaha	gnd	729	364	365
LK-6187015	Gammana	gnd	729	347	382
LK-8112080	Hapathgamuwa	gnd	729	334	395
LK-2212135	Ekamuthugama	gnd	728	331	397
LK-2306100	Galauda North	gnd	728	360	368
LK-3148135	Pahala Karagoda	gnd	728	356	372
LK-3325160	Bowala South	gnd	728	355	373
LK-5118205	Veechchukalmunai	gnd	728	322	406
LK-6127345	Dekanduwala	gnd	728	354	374
LK-7154175	Medagama	gnd	728	356	372
LK-7206025	Palliyagodella	gnd	728	339	389
LK-8106060	Aluketiyawa	gnd	728	335	393
LK-1115320	Pelpola	gnd	727	348	379
LK-1230210	Weralugampala	gnd	727	350	377
LK-3333090	Ethgalamulla	gnd	727	353	374
LK-5248120	Pothuvil 01/Unit I	gnd	727	337	390
LK-6160325	Metibokka	gnd	727	360	367
LK-6248190	Dankotuwa South	gnd	727	332	395
LK-7106045	Kahatagollewa	gnd	727	344	383
LK-7154150	Karukkankulama	gnd	727	359	368
LK-9203060	Kudagama North	gnd	727	425	302
LK-1212445	Pallewela	gnd	726	336	390
LK-2136320	Ketakumbura	gnd	726	344	382
LK-2230055	Polwattakanda	gnd	726	344	382
LK-3148105	Magedara North	gnd	726	351	375
LK-3206175	Uvaragala	gnd	726	358	368
LK-3321050	Debokkawa East	gnd	726	390	336
LK-3327055	Kadigamuwa East	gnd	726	357	369
LK-7118120	Wahamalgollewa Track 03	gnd	726	343	383
LK-2106035	Uda Kithulgolla	gnd	725	339	386
LK-2306180	Deliwala	gnd	725	356	369
LK-6163250	Kuthurumahana	gnd	725	343	382
LK-6209040	Ihala Puliyankulama	gnd	725	349	376
LK-7218080	Somils	gnd	725	361	364
LK-9118060	Damahana	gnd	725	358	367
LK-2124290	Namandagala	gnd	724	362	362
LK-3148095	Yatamalagala	gnd	724	356	368
LK-4415135	Mathavalasingankulam	gnd	724	360	364
LK-4503030	Kilaly	gnd	724	360	364
LK-5230105	Ninthavur 21	gnd	724	305	419
LK-6103160	Mailewa	gnd	724	339	385
LK-6130170	Pudukkulama	gnd	724	349	375
LK-6145235	Rittadeniya	gnd	724	352	372
LK-1227475	Mathalana North	gnd	723	363	360
LK-1227600	Bopagama East	gnd	723	333	390
LK-2121235	Kolonyaya	gnd	723	371	352
LK-2124205	Nugepathana	gnd	723	354	369
LK-2139585	Lunugama	gnd	723	326	397
LK-2212125	Maningamuwa East	gnd	723	334	389
LK-3218135	Manikgoda	gnd	723	351	372
LK-3324070	Kudagoda West	gnd	723	364	359
LK-5130070	Kuluvinamadu	gnd	723	348	375
LK-6184085	Pangolla	gnd	723	344	379
LK-7118020	Siyambalagaswewa	gnd	723	353	370
LK-1339290	Ihala Hewessa	gnd	722	368	354
LK-2124150	Amupitiya	gnd	722	356	366
LK-2306460	Enasal Arawa	gnd	722	352	370
LK-5218020	Sammanthurai TD 01	gnd	722	316	406
LK-6163500	Thalgaspitiya	gnd	722	326	396
LK-6175150	Polgaha Agara	gnd	722	361	361
LK-7121105	Samadhigama	gnd	722	341	381
LK-7130090	Thammennawa	gnd	722	357	365
LK-2136035	Udawela Nadithalawa	gnd	721	346	375
LK-2145150	Ethulgama West	gnd	721	366	355
LK-2227020	Rattotayaya	gnd	721	358	363
LK-2302300	Katugolla	gnd	721	351	370
LK-3112240	Thibbotuwawa	gnd	721	358	363
LK-3330280	Ambala West	gnd	721	342	379
LK-6124170	Kandubadagama	gnd	721	354	367
LK-6133030	Pothuwagonna	gnd	721	349	372
LK-6245055	Kolinjadiya South	gnd	721	335	386
LK-8124120	Pahamunuthota	gnd	721	331	390
LK-2124065	Bobebila	gnd	720	350	370
LK-2124330	Wellethota	gnd	720	350	370
LK-2206065	Sigiriya	gnd	720	384	336
LK-2212005	Janakagama	gnd	720	298	422
LK-2302010	Polwathura	gnd	720	353	367
LK-3230050	Wepathaira North	gnd	720	344	376
LK-3333205	Siyambalagoda	gnd	720	354	366
LK-4506030	Murasumoddai	gnd	720	352	368
LK-6151030	Minhettiya	gnd	720	341	379
LK-8224065	Minipuragama	gnd	720	361	359
LK-9103135	Mahara	gnd	720	358	362
LK-9142140	Kapuhenthenna	gnd	720	357	363
LK-2203090	Pibidunugama	gnd	719	374	345
LK-4206055	Kayanagar	gnd	719	337	382
LK-6163090	Kelemulla	gnd	719	330	389
LK-9209190	Kehelwatta	gnd	719	353	366
LK-2127015	Kandekumbura	gnd	718	341	377
LK-2145360	Kahambiliyawa	gnd	718	367	351
LK-3221150	Jamburegoda West	gnd	718	319	399
LK-4103005	Analaitivu North	gnd	718	362	356
LK-5212180	Kahatagasyaya	gnd	718	370	348
LK-7127005	Konwewa	gnd	718	347	371
LK-9203195	Yatagama	gnd	718	320	398
LK-1333115	Kithulgoda South	gnd	717	339	378
LK-2103190	Uduwa	gnd	717	354	363
LK-2106260	Maruddana	gnd	717	340	377
LK-2133345	Yatihalagala Udagama	gnd	717	352	365
LK-2134080	Damunupola	gnd	717	348	369
LK-4130150	Sarasalai North	gnd	717	338	379
LK-5221115	Kalmunai  01C	gnd	717	338	379
LK-6115115	Maha Kirinda B	gnd	717	345	372
LK-3115065	Usbim Colony	gnd	716	353	363
LK-4309065	Puthukkulam	gnd	716	342	374
LK-8206120	Magandana	gnd	716	360	356
LK-2118295	Bambarabedda East	gnd	715	342	373
LK-2124415	Mahadoraliyadda	gnd	715	374	341
LK-3154015	Unawatuna West	gnd	715	337	378
LK-4103020	Paruthiyadaippu	gnd	715	341	374
LK-6127210	Imihaminegama	gnd	715	354	361
LK-6160150	Mee/ Pallegama East	gnd	715	338	377
LK-6172295	Ihala Ennaruwa	gnd	715	336	379
LK-6184235	Othara Kiruwampola	gnd	715	342	373
LK-9203215	Rambukkana Town	gnd	715	339	376
LK-1209015	Bolagala	gnd	714	367	347
LK-1306150	Kamburugoda East	gnd	714	322	392
LK-2203245	Wahakotte	gnd	714	313	401
LK-3118010	Ela Ihala North	gnd	714	344	370
LK-3215085	Thibbotuwawa North	gnd	714	329	385
LK-3321280	Bedigama North	gnd	714	323	391
LK-3325055	Weedikanda	gnd	714	351	363
LK-6149005	Erihabe	gnd	714	347	367
LK-6209085	Pahariya	gnd	714	371	343
LK-7151015	Gnanikkulama	gnd	714	338	376
LK-8133125	Beddekumbura	gnd	714	324	390
LK-8206150	Neelawa Bedda	gnd	714	349	365
LK-8212060	Kooragammana	gnd	714	351	363
LK-2121105	08 Ela	gnd	713	343	370
LK-2133055	Gonigoda	gnd	713	335	378
LK-2133230	Kurunduwatta	gnd	713	327	386
LK-2145340	Unuvinna West	gnd	713	346	367
LK-3142015	Mulana West	gnd	713	338	375
LK-5216055	Chalambaikerny 02	gnd	713	340	373
LK-5218045	Sammanthurai 05	gnd	713	323	390
LK-6142130	Murukandiya	gnd	713	330	383
LK-6145220	Meegaspitiya	gnd	713	336	377
LK-6163195	Kahahena	gnd	713	339	374
LK-6175085	Dummalasooriya	gnd	713	351	362
LK-6187190	Walagammulla	gnd	713	366	347
LK-6242015	Pilakatumulla	gnd	713	353	360
LK-6248020	Hundirapola	gnd	713	331	382
LK-7121200	Kanadara Rathmale	gnd	713	320	393
LK-1230020	Bandaranayakapura West	gnd	712	337	375
LK-1312180	Bogahawatta	gnd	712	334	378
LK-2127070	Naranpanawa East	gnd	712	318	394
LK-2309290	Unagolla	gnd	712	359	353
LK-3315220	Kivula North	gnd	712	335	377
LK-3325045	Namaneliya	gnd	712	344	368
LK-6121015	Olupeliyawa	gnd	712	325	387
LK-6181165	Eriyagolla	gnd	712	343	369
LK-6230070	Nalladarankattuwa	gnd	712	356	356
LK-6233160	Mungandaluwa East	gnd	712	328	384
LK-7166050	Wambatuwewa	gnd	712	345	367
LK-8209075	Kohukumbura	gnd	712	368	344
LK-1339240	Katudora	gnd	711	321	390
LK-2230065	Medawatta	gnd	711	322	389
LK-2309355	Ukuthule East	gnd	711	337	374
LK-2315095	Theeniyagala	gnd	711	339	372
LK-3324275	Bookandayaya	gnd	711	351	360
LK-6127085	Herathgama	gnd	711	360	351
LK-6157210	Koralegedara	gnd	711	348	363
LK-6233025	Nariyagama North	gnd	711	333	378
LK-8142125	Walhaputhenna	gnd	711	335	376
LK-9142220	Mahagama East	gnd	711	355	356
LK-1230310	Ganihigama South	gnd	710	332	378
LK-2148040	Bawlanawatta Janapadaya	gnd	710	350	360
LK-2212065	Millawana Pahalagama	gnd	710	362	348
LK-2218065	Kawatayamuna	gnd	710	335	375
LK-3245085	Naotunna Central	gnd	710	341	369
LK-3330110	Kosgahagoda	gnd	710	347	363
LK-6118050	Leekolapitiya	gnd	710	341	369
LK-7166145	Gambirigaswewa	gnd	710	340	370
LK-8209160	Alana	gnd	710	360	350
LK-9218335	Ebidigala	gnd	710	350	360
LK-2310155	Arampitiya	gnd	709	375	334
LK-3242030	Kekanadura North	gnd	709	353	356
LK-4209045	Periya-Pandivirichchan East	gnd	709	330	379
LK-6118025	Ambale	gnd	709	358	351
LK-2139135	Penideniya	gnd	708	340	368
LK-2139235	Walagedara South	gnd	708	338	370
LK-2145270	Medagama Pallegama	gnd	708	353	355
LK-2303390	Kikiliyamana	gnd	708	316	392
LK-3128015	Polgahavila	gnd	708	360	348
LK-3248160	Dickwella Muslim Yonakapura West	gnd	708	333	375
LK-6106105	Kallanchiya	gnd	708	354	354
LK-6160320	Udakottamulla	gnd	708	333	375
LK-6166020	Bamunugedara	gnd	708	333	375
LK-6239225	Maravila Town	gnd	708	276	432
LK-2136195	Udarathmeewala	gnd	707	342	365
LK-2139215	Udagama	gnd	707	343	364
LK-2230265	Uda Hapuvida	gnd	707	352	355
LK-3203170	Siyambalagoda East	gnd	707	355	352
LK-3321220	Keppitiyawa South	gnd	707	348	359
LK-3330025	Pallattara East	gnd	707	340	367
LK-4130100	Nunavil Centre	gnd	707	328	379
LK-6115015	Paalu Uswewa	gnd	707	349	358
LK-6163495	Siyambalangamuwa	gnd	707	342	365
LK-6230110	Andanan Kattuwa	gnd	707	344	363
LK-7124165	Vilewewa	gnd	707	346	361
LK-8127085	Panagoda	gnd	707	327	380
LK-9151035	Dambemada	gnd	707	350	357
LK-1118025	Thummodara	gnd	706	348	358
LK-1227645	Ogodapola	gnd	706	341	365
LK-1312020	Meegahakumbura	gnd	706	334	372
LK-3203135	Paradupalla	gnd	706	357	349
LK-3236150	Watagedara East	gnd	706	330	376
LK-3312010	Ketenwewa	gnd	706	364	342
LK-3324005	Karivilakanda	gnd	706	367	339
LK-3330230	Pahalagoda	gnd	706	328	378
LK-6106160	Kelegama	gnd	706	355	351
LK-6163440	Nelaulla	gnd	706	348	358
LK-6184310	Pallekekulawala	gnd	706	339	367
LK-6239065	Hewana	gnd	706	329	377
LK-8124025	Bogoda	gnd	706	328	378
LK-8206155	Kahagolla	gnd	706	360	346
LK-9103055	Huladduwa	gnd	706	341	365
LK-1118225	Udagama	gnd	705	334	371
LK-2124305	Wegala	gnd	705	360	345
LK-3112250	Rekadahena	gnd	705	338	367
LK-3130025	Miriswatta	gnd	705	365	340
LK-3148205	Rathamalaketiya	gnd	705	341	364
LK-5209010	Tempitiya	gnd	705	336	369
LK-6112075	Serugoda	gnd	705	349	356
LK-6115095	Ihala Weeradadana	gnd	705	319	386
LK-7106115	Gonahathdenawa	gnd	705	349	356
LK-7166170	Dematagollagama	gnd	705	342	363
LK-1336160	Magura East	gnd	704	352	352
LK-2103270	Niyambepola	gnd	704	326	378
LK-4127045	Valvettithurai South West	gnd	704	310	394
LK-5327200	Kiliveddi	gnd	704	317	387
LK-6124085	Maningamuwa	gnd	704	351	353
LK-6130245	Godagama	gnd	704	333	371
LK-6163390	Buluwala	gnd	704	341	363
LK-6239175	Halpanvila West	gnd	704	334	370
LK-8112065	Pallewela	gnd	704	353	351
LK-1306275	Bamunumulla	gnd	703	339	364
LK-2139555	Nawa Elpitiya South	gnd	703	354	349
LK-2215070	Yatawatta	gnd	703	325	378
LK-3121030	Ehelapitiya	gnd	703	360	343
LK-3145100	Ganegoda West	gnd	703	324	379
LK-3318060	Metigathwala	gnd	703	354	349
LK-3325020	Keredeniya	gnd	703	338	365
LK-4512060	Madduvilnadu West	gnd	703	328	375
LK-1330270	Kurudippita	gnd	702	325	377
LK-1333170	Rathmale	gnd	702	318	384
LK-2127310	Mahawatta East	gnd	702	334	368
LK-2136175	Godigamuwa	gnd	702	355	347
LK-3324170	Gallindamulla	gnd	702	353	349
LK-4303100	Mannakulam	gnd	702	336	366
LK-6133120	Jahapagama	gnd	702	328	374
LK-6149095	Panadare	gnd	702	352	350
LK-6187340	Gorokgahapotta	gnd	702	339	363
LK-7203095	Minneriya	gnd	702	343	359
LK-1115315	Pagngnagula	gnd	701	339	362
LK-2306030	Karalliyadda	gnd	701	344	357
LK-2306345	Dimbulkumbura	gnd	701	321	380
LK-3103070	Galagama	gnd	701	333	368
LK-3324185	Ulahitiyawa West	gnd	701	330	371
LK-6145260	Ambagahagedara	gnd	701	366	335
LK-7106080	Ethalvidda Wewa	gnd	701	353	348
LK-9119020	Medabedda	gnd	701	333	368
LK-1118210	Mahingala	gnd	700	339	361
LK-2307480	Wilwala	gnd	700	314	386
LK-3148200	Badungala	gnd	700	330	370
LK-3236015	Pahala Vitiyala East	gnd	700	334	366
LK-3333070	Vitharandeniya North	gnd	700	334	366
LK-4206170	Vaddakandal	gnd	700	336	364
LK-5248025	Vaddively	gnd	700	349	351
LK-6130015	Nelliya	gnd	700	334	366
LK-8127110	Thawalampola	gnd	700	336	364
LK-1339205	Gulavita South	gnd	699	348	351
LK-2233070	Thenna	gnd	699	337	362
LK-2306010	Ambewela	gnd	699	340	359
LK-3325010	Saputhanthirikanda	gnd	699	345	354
LK-6163325	Kiribathgalla	gnd	699	354	345
LK-6178105	Madigepola	gnd	699	342	357
LK-6184330	Kendahena	gnd	699	329	370
LK-7154110	Mankadawala	gnd	699	314	385
LK-8118005	Demodara	gnd	699	358	341
LK-9203145	Kiriwallapitiya	gnd	699	323	376
LK-1303190	Bazaar North	gnd	698	299	399
LK-1333130	Kevitiyagala North	gnd	698	338	360
LK-1339195	Makalandawa	gnd	698	338	360
LK-2124210	Watapana	gnd	698	344	354
LK-2145240	Medadeniya	gnd	698	322	376
LK-2307475	Rathukurusa Janapadaya	gnd	698	334	364
LK-3136085	Thiranagama	gnd	698	341	357
LK-3212125	Parapamulla West	gnd	698	342	356
LK-3212155	Radawela West	gnd	698	329	369
LK-3218115	Asmagoda	gnd	698	317	381
LK-3230055	Wepathaira West	gnd	698	328	370
LK-3333110	Palathuduwa	gnd	698	341	357
LK-4130245	Mirusuvil South	gnd	698	329	369
LK-6172330	Edandewela	gnd	698	326	372
LK-3124040	Aluth Thanayamgoda Ihala	gnd	697	333	364
LK-3127035	Kotagoda	gnd	697	320	377
LK-3236115	Kapudoowa	gnd	697	311	386
LK-6136080	Welawa	gnd	697	312	385
LK-6175050	Kahadenigama	gnd	697	320	377
LK-7154115	Medawewa	gnd	697	343	354
LK-2124430	Ambale	gnd	696	348	348
LK-3218220	Nimalawa East	gnd	696	345	351
LK-2142140	Mulgama	gnd	695	328	367
LK-2306275	Kithulpe	gnd	695	344	351
LK-3218035	Lenama South	gnd	695	346	349
LK-3321035	Kaluwagahayaya	gnd	695	325	370
LK-3321165	Kinchigune East	gnd	695	339	356
LK-6169205	Rathneheruwa	gnd	695	349	346
LK-6184130	Maharachchimulla	gnd	695	346	349
LK-6184250	Kanameewala	gnd	695	352	343
LK-9215250	Karagala	gnd	695	334	361
LK-9218360	Elamaldeniya	gnd	695	337	358
LK-3245010	Kadawedduwa East	gnd	694	334	360
LK-3321015	Heellage Ayna	gnd	694	350	344
LK-6166190	Sevendana	gnd	694	300	394
LK-6178235	Siyambalawalana	gnd	694	330	364
LK-6184025	Damunupola	gnd	694	334	360
LK-2103165	Barandara	gnd	693	346	347
LK-3142215	Kerenvila	gnd	693	331	362
LK-3227155	Ihala Vitiyala West	gnd	693	315	378
LK-6149140	Dampitiya	gnd	693	320	373
LK-6187145	Kebilittawala	gnd	693	335	358
LK-6187390	Galbadagama	gnd	693	345	348
LK-7151105	Wellamudawa	gnd	693	326	367
LK-9133055	Wewagama	gnd	693	350	343
LK-1212380	Palmada	gnd	692	370	322
LK-2145090	Thalathuoya East	gnd	692	328	364
LK-3148085	Yakkalamulla East	gnd	692	348	344
LK-3324210	Araboda	gnd	692	323	369
LK-3327020	Kanumuldeniya East	gnd	692	320	372
LK-5212100	Senagama South	gnd	692	338	354
LK-6236180	Pattiyagama	gnd	692	323	369
LK-8118050	Maligathenna	gnd	692	323	369
LK-1115260	Neluwattuduwa	gnd	691	333	358
LK-1115310	Koswatta	gnd	691	338	353
LK-1224035	Ambanvita	gnd	691	318	373
LK-1230345	Walaramba	gnd	691	315	376
LK-1339080	Kuda Mathugama	gnd	691	335	356
LK-2310190	Yatimadura	gnd	691	342	349
LK-4203200	Thiruketheeswaram	gnd	691	354	337
LK-8142145	Harankahawa	gnd	691	334	357
LK-1315165	Ihalagoda	gnd	690	349	341
LK-2124445	Meegahalanda	gnd	690	335	355
LK-2206020	Pidurangala	gnd	690	347	343
LK-2209105	Meegaha Ela	gnd	690	339	351
LK-3124010	Marakanda	gnd	690	330	360
LK-3124090	Nagoda Ihala	gnd	690	302	388
LK-3330355	Wevudatta	gnd	690	329	361
LK-4309015	Panrikkeithakulam	gnd	690	337	353
LK-5212125	Siyambalawewa	gnd	690	329	361
LK-6133075	Makulmade	gnd	690	318	372
LK-6172200	Haggamuwa	gnd	690	320	370
LK-6172320	Kandegedara	gnd	690	345	345
LK-1336170	Addaragoda	gnd	689	340	349
LK-2103290	Adungama Palkumbura	gnd	689	315	374
LK-3112120	Thalagaspe West	gnd	689	323	366
LK-3118130	Opatha North	gnd	689	332	357
LK-6136070	Karandawetiya	gnd	689	336	353
LK-6212055	Kelewewa	gnd	689	357	332
LK-9209250	Ambalakanda	gnd	689	320	369
LK-3115170	Niyagama South	gnd	688	323	365
LK-4203080	Erukkalampiddy North	gnd	688	348	340
LK-6103040	Serasumgala	gnd	688	334	354
LK-6151090	Mapegamuwa	gnd	688	326	362
LK-2212120	Maningamuwa West	gnd	687	330	357
LK-3206165	Horagala East	gnd	687	335	352
LK-6221115	Galkuliya West	gnd	687	325	362
LK-6239155	Egodagoda	gnd	687	310	377
LK-7163150	Siyambalangamuwa South	gnd	687	327	360
LK-9115055	Ihalagalagama	gnd	687	342	345
LK-1209195	Kalumada	gnd	686	341	345
LK-1330015	Hiriketiya	gnd	686	319	367
LK-2127335	Karattamada	gnd	686	319	367
LK-2136360	Kandangama South	gnd	686	325	361
LK-3103240	Kuda Uragaha	gnd	686	318	368
LK-4309010	Maruthamadhu	gnd	686	354	332
LK-7215065	Pudur	gnd	686	314	372
LK-1327060	Remunagoda South	gnd	685	329	356
LK-2134025	Amboruwa	gnd	685	324	361
LK-2145125	Uduwela Pallegama South	gnd	685	355	330
LK-2206265	Kandalama	gnd	685	325	360
LK-2303240	Rambodagama	gnd	685	359	326
LK-6112105	Bakmeewewa	gnd	685	329	356
LK-6149180	Divulgaspitiya	gnd	685	327	358
LK-6169225	Saliyala	gnd	685	331	354
LK-2106055	Pallegama Pahala	gnd	684	314	370
LK-2206155	Vilhatha	gnd	684	338	346
LK-2230150	Welangahawatta	gnd	684	323	361
LK-2233300	Gurulawela South	gnd	684	323	361
LK-3118100	Malhathawa	gnd	684	321	363
LK-3327085	Kahatellagoda	gnd	684	314	370
LK-6124310	Ambagaswewa	gnd	684	320	364
LK-6142230	Meladeniya	gnd	684	320	364
LK-6181105	Rammuthugala	gnd	684	314	370
LK-6221035	Rathmalgaswewa	gnd	684	345	339
LK-6236035	Dematapitiya	gnd	684	334	350
LK-9203385	Beddawala	gnd	684	321	363
LK-1230415	Wedagama	gnd	683	348	335
LK-2139350	Ambanwala	gnd	683	331	352
LK-6121165	Katagamuwa	gnd	683	344	339
LK-7218105	Heeratiya	gnd	683	319	364
LK-2106300	Batugoda South	gnd	682	344	338
LK-2139110	Pamunuwa East	gnd	682	334	348
LK-2139325	Rangama	gnd	682	333	349
LK-2227045	Handungamuwa	gnd	682	334	348
LK-3103200	Pilekumbura	gnd	682	334	348
LK-3106120	Wellabada	gnd	682	309	373
LK-3230095	Muruthamuraya	gnd	682	308	374
LK-3325130	Mathuwakanda	gnd	682	325	357
LK-3330145	Ambagasdeniya	gnd	682	311	371
LK-5112180	Rugam	gnd	682	332	350
LK-5251010	Hulannuge West	gnd	682	345	337
LK-9218330	Hallawa	gnd	682	333	349
LK-2302265	Kalapitiya East	gnd	681	334	347
LK-3103255	Hipanwatta	gnd	681	334	347
LK-3318095	Kalawelwala	gnd	681	318	363
LK-3330160	Getamanna West	gnd	681	334	347
LK-6242105	Paluwelgala North	gnd	681	321	360
LK-7151150	Manakkulama	gnd	681	324	357
LK-2212150	Udurampelessa	gnd	680	322	358
LK-2303435	Halpola	gnd	680	347	333
LK-3209160	Denkandaliya	gnd	680	330	350
LK-6163435	Medagama	gnd	680	316	364
LK-6184120	Hinnarapola	gnd	680	342	338
LK-6242220	Meda Katuneriya	gnd	680	290	390
LK-8206115	Galbokka	gnd	680	344	336
LK-2139020	Thalawatta	gnd	679	306	373
LK-2309305	Galabada	gnd	679	337	342
LK-3115165	Horangalla (Akulavila)	gnd	679	333	346
LK-3121135	Lelwala	gnd	679	337	342
LK-3127080	Keradewala	gnd	679	323	356
LK-3236155	Attudawa	gnd	679	324	355
LK-5133210	Anaikaddiyaveli	gnd	679	306	373
LK-7136060	Madawalagama	gnd	679	339	340
LK-2139270	Naranwala	gnd	678	311	367
LK-3306065	Muwanwewa	gnd	678	329	349
LK-3324205	Mellaketigoda	gnd	678	329	349
LK-4412125	Thaddayarmalai	gnd	678	331	347
LK-5130100	Katchenai	gnd	678	298	380
LK-6127245	Indigolla	gnd	678	324	354
LK-6187160	Udapola	gnd	678	325	353
LK-7209055	Galamuna	gnd	678	341	337
LK-1303200	Bazaar West	gnd	677	318	359
LK-1339245	Magurumasvila	gnd	677	320	357
LK-2310170	Kalaganwatta	gnd	677	330	347
LK-3145290	Thalpegoda	gnd	677	331	346
LK-4121095	Maththoni	gnd	677	305	372
LK-5112190	Periyapullumalai	gnd	677	353	324
LK-5212160	Udagirigama West	gnd	677	328	349
LK-5212245	Wijayapura West	gnd	677	327	350
LK-5251020	Perani Lahugala	gnd	677	329	348
LK-6184095	Divulgahakotuwa	gnd	677	341	336
LK-6184315	Yattalgoda	gnd	677	335	342
LK-6221045	Kawayankulama	gnd	677	331	346
LK-7151120	Paindikulama	gnd	677	330	347
LK-2103095	Damunugasthenna	gnd	676	317	359
LK-2136185	Gondeniya	gnd	676	327	349
LK-3118140	Koralegama	gnd	676	323	353
LK-3145310	Thalpe North	gnd	676	322	354
LK-3324155	Bengamukanda	gnd	676	344	332
LK-3327005	Kanumuldeniya North	gnd	676	305	371
LK-5330005	Neelapola	gnd	676	343	333
LK-6163555	Paragoda	gnd	676	337	339
LK-2118135	Kirigankumbura	gnd	675	342	333
LK-2133005	Amuwathdeniya	gnd	675	325	350
LK-2209115	Koombiyangahaela	gnd	675	346	329
LK-2309090	Pannala	gnd	675	330	345
LK-5327170	Malligaithivu	gnd	675	297	378
LK-6130180	Doluwa	gnd	675	320	355
LK-6212035	Samurdhigama	gnd	675	323	352
LK-6221080	Punavitiya	gnd	675	334	341
LK-6233230	Maradankulama	gnd	675	328	347
LK-8203030	Ussagala	gnd	675	341	334
LK-3109025	Mendorawala	gnd	674	328	346
LK-5127070	Ollikulam	gnd	674	324	350
LK-5216045	Chalambaikerny 05	gnd	674	306	368
LK-5218065	Sammanthurai 11	gnd	674	311	363
LK-6163505	Jakaduwa	gnd	674	322	352
LK-6166065	Damunugala	gnd	674	324	350
LK-6172235	Thalahitimulla	gnd	674	314	360
LK-6233145	Dambakele	gnd	674	342	332
LK-6236245	Thaniwellagama	gnd	674	322	352
LK-8106145	Gamakumbura South	gnd	674	332	342
LK-8136090	Idamegama	gnd	674	330	344
LK-2230040	Bodhikotuwa	gnd	673	321	352
LK-3330320	Dedduwawala	gnd	673	333	340
LK-6124220	Heenuggala	gnd	673	327	346
LK-7154065	Embulgaswewa	gnd	673	339	334
LK-2212190	Kinigama	gnd	672	332	340
LK-2303235	Malhewa	gnd	672	335	337
LK-3103075	Mullegoda	gnd	672	321	351
LK-3136045	Millagoda	gnd	672	335	337
LK-3321285	Bedigama East	gnd	672	319	353
LK-6112135	Nekathi Kumbukwewa	gnd	672	318	354
LK-6172135	Ihala Piduma	gnd	672	306	366
LK-7106055	Kunchuttuwa	gnd	672	348	324
LK-9203420	Galpala	gnd	672	313	359
LK-1224165	Rathmalavita	gnd	671	326	345
LK-2139240	Nikahetiya	gnd	671	323	348
LK-4121090	Karaveddy South	gnd	671	292	379
LK-4406030	Oddaruththakulam	gnd	671	331	340
LK-4512030	Jeyapuram South	gnd	671	321	350
LK-6115100	Monnekulama	gnd	671	309	362
LK-6127050	Galahitiyagama	gnd	671	324	347
LK-6127090	Dambe	gnd	671	326	345
LK-6148095	Dematawa	gnd	671	333	338
LK-6239060	Medagoda	gnd	671	300	371
LK-7166045	Ambagaswewa	gnd	671	329	342
LK-2309280	Madumana	gnd	670	295	375
LK-3106055	Kudagodagama	gnd	670	312	358
LK-3233075	Wavulanbokka	gnd	670	324	346
LK-5209020	Bedirekka	gnd	670	331	339
LK-6212050	Tharanagahawewa	gnd	670	340	330
LK-7163085	Galnewa Town	gnd	670	323	347
LK-1227295	Daraluwa	gnd	669	314	355
LK-2145255	Letiyagolla	gnd	669	322	347
LK-3142060	Penideniya	gnd	669	317	352
LK-3224020	Kekunawela	gnd	669	313	356
LK-6169220	Dethawa	gnd	669	308	361
LK-6187110	Arambepola	gnd	669	305	364
LK-6209020	Ranawarapitiya	gnd	669	323	346
LK-2133245	Owathenna	gnd	668	335	333
LK-2307485	Dehipe	gnd	668	297	371
LK-6181095	Yakkavita	gnd	668	319	349
LK-8130155	Himbiliyagolla	gnd	668	320	348
LK-3233125	Wathukolakanda North	gnd	667	309	358
LK-5121095	Ganthinagar	gnd	667	323	344
LK-6236095	Pambala	gnd	667	310	357
LK-8106135	Kotathalawa	gnd	667	340	327
LK-9203180	Puwakmote	gnd	667	306	361
LK-1209240	Paragoda South	gnd	666	310	356
LK-2106145	Kahatagasthenna	gnd	666	300	366
LK-2145030	Godompitiya	gnd	666	313	353
LK-3121075	Maddegama East	gnd	666	324	342
LK-3139005	Ukwatta East	gnd	666	326	340
LK-6149035	Nathagane	gnd	666	302	364
LK-7127040	21 Colony East	gnd	666	327	339
LK-1312220	Galahitiya	gnd	665	328	337
LK-2306440	Handawalapitiya	gnd	665	292	373
LK-3321195	Ittademaliya East	gnd	665	300	365
LK-3324140	Siyarapitiya	gnd	665	313	352
LK-4130180	Vellampokkady	gnd	665	296	369
LK-4130235	Eluthumadduval North	gnd	665	316	349
LK-6157155	Dembepola	gnd	665	327	338
LK-6236170	Irattakulama South	gnd	665	305	360
LK-2136015	Pahala Yatigammana	gnd	664	324	340
LK-2233270	Wehigala	gnd	664	331	333
LK-3135160	Seenigama East	gnd	664	335	329
LK-4206140	Alkaddiveli	gnd	664	315	349
LK-6106295	Wegedara	gnd	664	343	321
LK-6149010	Panawa	gnd	664	320	344
LK-6154005	Kalatuwa Pelessa	gnd	664	304	360
LK-6187225	Barahelagamuwa	gnd	664	304	360
LK-7154040	Thoruwewa	gnd	664	318	346
LK-1315155	Nahalla	gnd	663	297	366
LK-3212095	Diddenipotha East	gnd	663	320	343
LK-4124025	Ampan	gnd	663	318	345
LK-9115070	Belihuloya	gnd	663	337	326
LK-1230200	Pallegama	gnd	662	327	335
LK-2215180	Idangama	gnd	662	314	348
LK-3233020	Galkanda	gnd	662	305	357
LK-3236055	Komangoda 2	gnd	662	313	349
LK-3248055	Wehella North	gnd	662	320	342
LK-4312025	Piramanalankulam	gnd	662	336	326
LK-6121090	Kaluwennewa	gnd	662	317	345
LK-6239105	Veehena	gnd	662	310	352
LK-2103205	Hikgodawalpola	gnd	661	345	316
LK-2224045	Wellewala	gnd	661	333	328
LK-2310025	Ambagahathenna	gnd	661	293	368
LK-8127030	Ellanda	gnd	661	282	379
LK-8218120	Kalagahakivula	gnd	661	325	336
LK-1209450	Kaluaggala Pahalagama	gnd	660	301	359
LK-1327080	Koholana South	gnd	660	313	347
LK-2139085	Warakagoda	gnd	660	320	340
LK-2145315	Bawlana	gnd	660	317	343
LK-6236235	Nelumpokuna	gnd	660	312	348
LK-1333140	Kurupita	gnd	659	302	357
LK-2310215	Kosgolla	gnd	659	328	331
LK-4412115	Thachchadampan	gnd	659	331	328
LK-5221055	Pandiruppu 02B	gnd	659	281	378
LK-6239235	Maravila Wella	gnd	659	316	343
LK-8203195	Thanayamgama	gnd	659	313	346
LK-3142020	Mulana East	gnd	658	320	338
LK-3315130	Elegoda West	gnd	658	322	336
LK-5230080	Ninthavur 19	gnd	658	301	357
LK-6124095	Thammitagama	gnd	658	315	343
LK-6133130	Arankele	gnd	658	325	333
LK-6187220	Imbulgoda	gnd	658	314	344
LK-8206145	Alugalge	gnd	658	356	302
LK-2136335	Balana	gnd	657	303	354
LK-2145265	Medagama Udagama	gnd	657	322	335
LK-2148095	Kiriwanaketiya	gnd	657	316	341
LK-3330070	Pattiyawela	gnd	657	302	355
LK-4130255	Navatkadu	gnd	657	284	373
LK-6130070	Katupotha	gnd	657	324	333
LK-1336185	Athale	gnd	656	317	339
LK-2215215	Unaweruwa	gnd	656	305	351
LK-3121165	Ihala Millawa	gnd	656	321	335
LK-3321025	Okandayaya North	gnd	656	334	322
LK-4206165	Kaththankulam	gnd	656	330	326
LK-5133085	Paalaiyadivaddai	gnd	656	274	382
LK-6103070	Thammitagama	gnd	656	330	326
LK-6151145	Udadigana	gnd	656	303	353
LK-6160270	Gonagala	gnd	656	299	357
LK-8115030	Egodawela	gnd	656	332	324
LK-1315125	Ihala Karannagoda	gnd	655	316	339
LK-2134070	Kalotuwawa	gnd	655	331	324
LK-2227015	Palupitiya	gnd	655	329	326
LK-3212130	Parapamulla South	gnd	655	308	347
LK-3230150	Kongala East	gnd	655	314	341
LK-6166025	Gallehera	gnd	655	306	349
LK-1230065	Millathe	gnd	654	294	360
LK-1230095	Radawana North	gnd	654	308	346
LK-1312030	Bothale Gamgoda	gnd	654	310	344
LK-2134170	Meegasthenna	gnd	654	306	348
LK-2136310	Mamudawala	gnd	654	318	336
LK-2145190	Bootawatta South	gnd	654	320	334
LK-3121090	Warukandeniya	gnd	654	330	324
LK-3154030	Dalawella	gnd	654	335	319
LK-3218030	Idikatudeniya	gnd	654	304	350
LK-3324200	Adalugoda	gnd	654	315	339
LK-6148080	Beddegama	gnd	654	320	334
LK-1230380	Kajugaswatta	gnd	653	322	331
LK-2209225	Lihinipitiya	gnd	653	326	327
LK-3221035	Nalawana	gnd	653	303	350
LK-3230060	Kandegoda	gnd	653	311	342
LK-3248070	Pohosathugoda	gnd	653	311	342
LK-3325150	Kekiriobada	gnd	653	329	324
LK-5133095	Vivekananthapuram	gnd	653	277	376
LK-6187305	Kotambule	gnd	653	302	351
LK-7163135	Kandegama	gnd	653	316	337
LK-2145025	Nehiniwela	gnd	652	309	343
LK-3145315	Nagahawatta	gnd	652	303	349
LK-4506080	Uriyan	gnd	652	329	323
LK-6133190	Thanthirigama	gnd	652	310	342
LK-6181170	Metiyagane West	gnd	652	310	342
LK-7121025	Palippothana	gnd	652	302	350
LK-2215115	Muruthawatta	gnd	651	300	351
LK-2233335	Pujagoda	gnd	651	321	330
LK-4512010	Cheddiakurichchi	gnd	651	314	337
LK-5133190	Kannapuram East	gnd	651	290	361
LK-6163035	Meepitiya	gnd	651	302	349
LK-6181260	Paranagama	gnd	651	300	351
LK-6236040	Thambagalla West	gnd	651	312	339
LK-3124265	Urala East	gnd	650	315	335
LK-3154170	Kathaluwa West	gnd	650	322	328
LK-3321020	Kudagal Ara	gnd	650	320	330
LK-1336135	Morapitiya South	gnd	649	313	336
LK-1339115	Ittapana West	gnd	649	308	341
LK-2127075	Kuruambemuduna	gnd	649	315	334
LK-2233305	Guralawela North	gnd	649	305	344
LK-3134005	Karuwalabedda	gnd	649	320	329
LK-3324245	Kongasthenna	gnd	649	275	374
LK-4121125	Thunnalai	gnd	649	294	355
LK-6136085	Rabukana	gnd	649	297	352
LK-6212010	Moragahawewa	gnd	649	333	316
LK-1227510	Bogamuwa	gnd	648	311	337
LK-2145080	Doolmure	gnd	648	279	369
LK-3212060	Diddenipotha North	gnd	648	298	350
LK-3325170	Muruthawela Pahala	gnd	648	304	344
LK-8206135	Gangoda Arawa	gnd	648	316	332
LK-2121240	Bembiya	gnd	647	357	290
LK-2124325	Udawela	gnd	647	318	329
LK-2303360	Medakanda	gnd	647	336	311
LK-3121095	Lankagama	gnd	647	321	326
LK-4130230	Eluthumadduval South	gnd	647	324	323
LK-6112115	Palapathwala	gnd	647	318	329
LK-8119140	Millabedda	gnd	647	286	361
LK-3106160	Mahaladoowa	gnd	646	324	322
LK-4312050	Unit 4. Pavatkulam	gnd	646	311	335
LK-6187330	Ganegoda North	gnd	646	308	338
LK-2103170	Kaluwana	gnd	645	307	338
LK-3333340	Kudawella East	gnd	645	304	341
LK-4406055	Selvapuram	gnd	645	315	330
LK-5242165	Bakmitiyawa	gnd	645	333	312
LK-6124005	Kohombakadawala	gnd	645	318	327
LK-6127270	Wanduressa	gnd	645	321	324
LK-6245195	Mirissankotuwa North	gnd	645	309	336
LK-7106075	Sinhalaetaweerawewa	gnd	645	324	321
LK-1230245	Nakandapola	gnd	644	308	336
LK-2139090	Hepana	gnd	644	307	337
LK-3227195	Urapola West	gnd	644	314	330
LK-4130110	Kaithady Nunavil	gnd	644	330	314
LK-5130015	Munaikkadu East	gnd	644	292	352
LK-6224075	Thalgaswewa	gnd	644	318	326
LK-8142130	Uvathenna	gnd	644	318	326
LK-1324150	Kuda Magalkanda	gnd	643	320	323
LK-3306180	Saliyapura	gnd	643	333	310
LK-3318020	Kailawelpotawa	gnd	643	306	337
LK-5136035	Thettativu South	gnd	643	318	325
LK-5333005	Ilangaithurai	gnd	643	299	344
LK-6181215	Dambadeniya North	gnd	643	307	336
LK-8142140	Seelathenna	gnd	643	294	349
LK-9218185	Puhulegama	gnd	643	297	346
LK-2212160	Pallepola North	gnd	642	331	311
LK-2307615	Hunukotuwa	gnd	642	309	333
LK-3115060	Liyanagamakanda	gnd	642	315	327
LK-3127055	Yahaladoowa	gnd	642	306	336
LK-4206060	Pallamadhu	gnd	642	312	330
LK-6163345	Gurumada	gnd	642	284	358
LK-6184050	Dehelgamuwa	gnd	642	308	334
LK-7118085	Ihala Kolongaswewa	gnd	642	312	330
LK-7121160	Punchi Halmillewa	gnd	642	308	334
LK-1212485	Pahalawela	gnd	641	283	358
LK-1312050	Bothale	gnd	641	317	324
LK-2307360	Kaluattanagolla	gnd	641	313	328
LK-3112085	Elpitiya East	gnd	641	324	317
LK-5110005	Punanai West	gnd	641	324	317
LK-7121145	Panwella	gnd	641	324	317
LK-9203135	Heenabowa	gnd	641	317	324
LK-1209335	Halgahawelawatta	gnd	640	308	332
LK-1224200	Wewel Agara	gnd	640	320	320
LK-1227400	Godagama	gnd	640	309	331
LK-3233060	Kumbalgoda	gnd	640	318	322
LK-4509030	Civic Centre	gnd	640	294	346
LK-5130105	Mavadimunmaari	gnd	640	323	317
LK-5230005	Ninthavur 24	gnd	640	272	368
LK-6160075	Kanduboda	gnd	640	310	330
LK-6239125	Pahala Koswadiya	gnd	640	290	350
LK-1227430	Nikahetikanda	gnd	639	308	331
LK-2212085	Medalanda	gnd	639	306	333
LK-2306090	Udawatta East	gnd	639	291	348
LK-5306075	Kumburupiddy South	gnd	639	307	332
LK-6115125	Hidogama	gnd	639	309	330
LK-6163425	Gonadeniya	gnd	639	305	334
LK-7127070	Ihalagama	gnd	639	312	327
LK-8124180	Springvalley	gnd	639	276	363
LK-1339250	Walallavita East	gnd	638	329	309
LK-2118175	Udapitawala	gnd	638	313	325
LK-2309360	Alakolawewa	gnd	638	305	333
LK-4312080	Cheddikulam	gnd	638	283	355
LK-6184170	Maldeniya	gnd	638	307	331
LK-6184290	Pallemorugama	gnd	638	306	332
LK-7124020	Pahala Divulwewa	gnd	638	320	318
LK-3209170	Rotumba East	gnd	637	317	320
LK-3227185	Urapola East	gnd	637	300	337
LK-4212115	Rasamadhu	gnd	637	320	317
LK-5230090	Ninthavur 20	gnd	637	299	338
LK-6139110	Alahenegama	gnd	637	303	334
LK-3248025	Urugamuwa West	gnd	636	305	331
LK-4130025	Kaithady South East	gnd	636	293	343
LK-6145228	Thengodagedara	gnd	636	305	331
LK-2145250	Godamunna East	gnd	635	294	341
LK-2148050	Wanahapuwa	gnd	635	260	375
LK-2215010	Selagama	gnd	635	313	322
LK-3327095	Kadigamuwa West	gnd	635	282	353
LK-4212060	Chemmantheevu	gnd	635	311	324
LK-6145180	Pepolegama	gnd	635	295	340
LK-6163510	Balagala	gnd	635	301	334
LK-7124185	Dematawewa	gnd	635	326	309
LK-1115300	Elamalawala	gnd	634	320	314
LK-1212170	Pottekanda	gnd	634	293	341
LK-2103060	Kandanhena East	gnd	634	312	322
LK-2134225	Kandemeeya	gnd	634	297	337
LK-2307550	Mathurata	gnd	634	297	337
LK-5212135	Rajagama South	gnd	634	297	337
LK-6106235	Mahananneriya South	gnd	634	316	318
LK-6109120	Maha Embogama	gnd	634	310	324
LK-6115055	Meewellewa	gnd	634	298	336
LK-6221090	Daluwegama	gnd	634	327	307
LK-2139190	Rabbegamuwa South	gnd	633	306	327
LK-2145195	Godamunna West	gnd	633	318	315
LK-2212215	Thembilideniya North	gnd	633	286	347
LK-3103140	Etawalawatta West	gnd	633	315	318
LK-3112215	Mahawela Abhayapura	gnd	633	319	314
LK-4103055	Naranthanai South	gnd	633	297	336
LK-5218110	Veeramunai 03	gnd	633	279	354
LK-5230065	Ninthavur 18	gnd	633	284	349
LK-6109055	Wedinigama	gnd	633	314	319
LK-1318205	Mahadurupitiya	gnd	632	318	314
LK-4306095	Pirappanmaduwa	gnd	632	322	310
LK-1315010	Kandana North	gnd	631	309	322
LK-4139025	Mankumpan	gnd	631	301	330
LK-1230295	Watawala	gnd	630	301	329
LK-2118290	Devinnegama	gnd	630	286	344
LK-2233215	Balakaduwa	gnd	630	315	315
LK-2310460	Palugama	gnd	630	301	329
LK-3103045	Kahagalla	gnd	630	310	320
LK-3124045	Ketagoda South	gnd	630	289	341
LK-3128035	Kirindalahena	gnd	630	319	311
LK-3315210	Hathagala	gnd	630	315	315
LK-6166170	Thammita	gnd	630	303	327
LK-8118025	Madugasthalawa North	gnd	630	314	316
LK-9203100	Ihala Walpola	gnd	630	290	340
LK-2230165	Alakolamada	gnd	629	316	313
LK-2307310	Welampagoda	gnd	629	301	328
LK-3306095	Abhayapura	gnd	629	311	318
LK-6133035	Kuda Uyangalla	gnd	629	320	309
LK-9206355	Kehelpannala West	gnd	629	314	315
LK-1327010	Ukwatta	gnd	628	282	346
LK-4203065	Olaithoduwai	gnd	628	321	307
LK-5212045	Galapitagala East	gnd	628	307	321
LK-6109045	Vikadenigama	gnd	628	315	313
LK-8106100	Kuralewela	gnd	628	307	321
LK-9115075	Yakdehiwela	gnd	628	326	302
LK-1115020	Manakada	gnd	627	292	335
LK-2157130	Inguruoya South	gnd	627	259	368
LK-3154280	Digaredda	gnd	627	311	316
LK-5212235	Dadayanthalawa East	gnd	627	295	332
LK-8142110	Soragune	gnd	627	317	310
LK-2103255	Kandekumbura	gnd	626	285	341
LK-2221075	Narangolla	gnd	626	309	317
LK-2227130	Guruwelayaya	gnd	626	295	331
LK-2306185	Madanwala	gnd	626	315	311
LK-3115010	Uhanovita	gnd	626	299	327
LK-3121105	Miyanawathura	gnd	626	315	311
LK-3121115	Ihala Maddegama	gnd	626	315	311
LK-6172260	Pitadeniya	gnd	626	285	341
LK-1227520	Pilankada	gnd	625	299	326
LK-2139480	Pilapitiya	gnd	625	303	322
LK-3227040	Narandeniya West	gnd	625	277	348
LK-4112160	Kurumbasiddy East	gnd	625	293	332
LK-4130115	Thenmadduvil	gnd	625	285	340
LK-6163355	Panagamuwa	gnd	625	309	316
LK-7118095	Kedewa	gnd	625	300	325
LK-2103195	Medagoda Ihala	gnd	624	281	343
LK-2139210	Walagedara North	gnd	624	308	316
LK-2233015	Pathingolla	gnd	624	301	323
LK-2303215	Gomburuoya	gnd	624	294	330
LK-2309140	Manelwala	gnd	624	292	332
LK-4209050	Periya-Pandivirichchan West	gnd	624	314	310
LK-6136140	Thissawa	gnd	624	302	322
LK-6157175	Werawella	gnd	624	288	336
LK-6160205	Akade	gnd	624	301	323
LK-2133115	Narangoda	gnd	623	293	330
LK-3118125	Dammala	gnd	623	307	316
LK-4130215	Karampaham	gnd	623	292	331
LK-6230025	Pahala Attanganaya	gnd	623	293	330
LK-9233005	Ballahela	gnd	623	295	328
LK-1212180	Andagalakanda	gnd	622	300	322
LK-3321295	Kuda Bedigama	gnd	622	280	342
LK-4306080	Mamaduwa	gnd	622	308	314
LK-5133090	Nellikkadu	gnd	622	265	357
LK-5239010	Akkaraipattu 09	gnd	622	297	325
LK-7151165	Kandupagama	gnd	622	318	304
LK-8118205	Dambewela	gnd	622	304	318
LK-8127025	Kohilegama	gnd	622	305	317
LK-2215110	Galaliyadda	gnd	621	299	322
LK-3325140	Kebellaketiya	gnd	621	316	305
LK-7121185	Nelugollakada	gnd	621	293	328
LK-9218205	Thalgahadeniya	gnd	621	294	327
LK-2145365	Neelawala	gnd	620	275	345
LK-2209060	Dodamattawela	gnd	620	321	299
LK-2212175	Rusigama Ihalagama	gnd	620	304	316
LK-2233340	Pahala Wehigala	gnd	620	314	306
LK-4206105	Kannady	gnd	620	303	317
LK-5110040	Perillaveli	gnd	620	339	281
LK-5227035	Karaitheevu 02	gnd	620	303	317
LK-7210135	Borawewa	gnd	620	317	303
LK-8133145	Doolgolla	gnd	620	314	306
LK-1227550	Pannila	gnd	619	300	319
LK-2302335	Methagama	gnd	619	306	313
LK-3318030	Dabarella South	gnd	619	294	325
LK-3327010	Olu Ara	gnd	619	278	341
LK-8142105	Amilagama	gnd	619	310	309
LK-3121150	Dewalegama West	gnd	618	308	310
LK-3127070	Majuwana	gnd	618	287	331
LK-3133025	Okanda	gnd	618	312	306
LK-6106210	Mottapettewa	gnd	618	285	333
LK-8109085	Kohana	gnd	618	296	322
LK-8127015	Wethalawa	gnd	618	287	331
LK-2133080	Ulladupitiya East	gnd	617	283	334
LK-2309005	Serasunthenna	gnd	617	323	294
LK-3127085	Madoldoowa	gnd	617	303	314
LK-3135010	Dewagoda West	gnd	617	297	320
LK-3154215	Kalapuwa	gnd	617	286	331
LK-6109030	Mahakathnoruwa	gnd	617	305	312
LK-6130225	Meddeketiya	gnd	617	288	329
LK-6184220	Imbulgoda	gnd	617	291	326
LK-6248110	Gonavila North	gnd	617	273	344
LK-1303205	Bazaar	gnd	616	286	330
LK-2106255	Gallella	gnd	616	288	328
LK-2124320	Rambukwella	gnd	616	306	310
LK-2133155	Endaruthenna	gnd	616	279	337
LK-2212180	Rusigama Pahalagama	gnd	616	303	313
LK-2218080	Golahenwatta	gnd	616	291	325
LK-2221095	Cloda	gnd	616	305	311
LK-3218015	Hulandawa	gnd	616	306	310
LK-6103130	Ihala Maradankadawala	gnd	616	315	301
LK-6112100	Borawewa	gnd	616	284	332
LK-6181130	Karalappala	gnd	616	287	329
LK-1312025	Yahalawatta	gnd	615	315	300
LK-1339200	Makalandawa South	gnd	615	277	338
LK-2106335	Kaluwana North	gnd	615	288	327
LK-2134105	Kanakkarapola North	gnd	615	291	324
LK-2233125	Nawarathnagoda	gnd	615	304	311
LK-4403030	Iyankankulam	gnd	615	320	295
LK-5127130	Arayampathy 1	gnd	615	255	360
LK-5209015	Poolawala	gnd	615	288	327
LK-6166165	Udugama	gnd	615	277	338
LK-6169195	Wakkunuwala	gnd	615	297	318
LK-1339120	Ittapana South	gnd	614	290	324
LK-2203215	Pihilyaya	gnd	614	288	326
LK-3236080	Kithalagama East 3	gnd	614	288	326
LK-5242115	Pallanoya	gnd	614	303	311
LK-6115120	Girilla	gnd	614	291	323
LK-6236065	Rathmal Agara	gnd	614	291	323
LK-9121025	Kendaketiya	gnd	614	300	314
LK-2134265	Kolugala	gnd	613	301	312
LK-2209195	Alugolla	gnd	613	299	314
LK-2302470	Weerapura	gnd	613	310	303
LK-2310545	Maliyadda	gnd	613	295	318
LK-3151165	Malalgodapitiya	gnd	613	297	316
LK-3309180	Halmillawa	gnd	613	290	323
LK-3318175	Medayala	gnd	613	289	324
LK-3318245	Hakuruwela	gnd	613	290	323
LK-8109095	Morahela	gnd	613	321	292
LK-2136145	Doluwa East	gnd	612	285	327
LK-4203190	Panankaddikoddu East	gnd	612	275	337
LK-7212255	Maldeniya	gnd	612	306	306
LK-8218150	Naranwatta	gnd	612	304	308
LK-4103050	Naranthanai	gnd	611	287	324
LK-5133065	Suravanayadiyoottu	gnd	611	275	336
LK-6109110	Kaduruwewa	gnd	611	309	302
LK-6115025	Digannewa	gnd	611	305	306
LK-6157160	Bodhigama	gnd	611	290	321
LK-6187240	Divulkumbura	gnd	611	300	311
LK-8142100	Manthenna	gnd	611	298	313
LK-3333030	Gotaimbaragama	gnd	610	278	332
LK-4503055	Mullaiyadi	gnd	610	278	332
LK-5133055	Veeranchenai	gnd	610	265	345
LK-5227050	Karaitheevu 05	gnd	610	276	334
LK-6121200	Danduwawa	gnd	610	307	303
LK-6187235	Ihala Udapola	gnd	610	277	333
LK-6209030	Saliyawewa B	gnd	610	278	332
LK-2221030	Imbulgolla	gnd	609	294	315
LK-3136035	Wavulagoda East	gnd	609	285	324
LK-4127170	Vallipuram	gnd	609	294	315
LK-4212145	Sirukkandal	gnd	609	293	316
LK-6233045	Kanattawa	gnd	609	300	309
LK-6112020	Abakolawewa North	gnd	608	302	306
LK-6203045	Kandakuliya Kudawa	gnd	608	334	274
LK-9203190	Thismalpola	gnd	608	286	322
LK-1312195	Thennahena	gnd	607	311	296
LK-2233275	Rathwatta	gnd	607	295	312
LK-2307210	Illagolla	gnd	607	296	311
LK-2310165	Udawela	gnd	607	294	313
LK-3109060	Beligaswella	gnd	607	309	298
LK-3327110	Modarawana South	gnd	607	293	314
LK-4133095	Nallur Rajathani	gnd	607	285	322
LK-6184045	Nungamuwa Ihala	gnd	607	301	306
LK-1212190	Kindiwala	gnd	606	300	306
LK-1212250	Lindara Pahala	gnd	606	299	307
LK-1312155	Damparadugoda	gnd	606	289	317
LK-2103030	Rokhill	gnd	606	285	321
LK-2221090	Aluthwela	gnd	606	293	313
LK-8142090	Moraketiya	gnd	606	303	303
LK-9119030	Uggalkalthota Left Bank Left	gnd	606	311	295
LK-4212005	Vankalai North	gnd	605	301	304
LK-4306055	Alagalla	gnd	605	286	319
LK-4512025	Jeyapuram North	gnd	605	296	309
LK-5303015	Kavanthissapura	gnd	605	286	319
LK-6248130	Dankotuwa North	gnd	605	275	330
LK-1227410	Karasnagala	gnd	604	293	311
LK-2224035	Dasgiriya	gnd	604	326	278
LK-3118105	Panangala West	gnd	604	296	308
LK-4142020	Delft Centre	gnd	604	297	307
LK-5330020	Dehiwatta	gnd	604	294	310
LK-6172310	Ketawalegedara	gnd	604	301	303
LK-6242125	Kuddetiyawa	gnd	604	268	336
LK-9115095	Halpe	gnd	604	304	300
LK-1315045	Werawatta	gnd	603	302	301
LK-2209010	Nikula	gnd	603	303	300
LK-2306145	Damunumeya North	gnd	603	274	329
LK-3203175	Wanasinkanda	gnd	603	315	288
LK-2139205	Wattappola	gnd	602	269	333
LK-2309350	Wetakepatha	gnd	602	289	313
LK-3142005	Poddala	gnd	602	257	345
LK-3148195	Kaludiyawala	gnd	602	281	321
LK-3321095	Kuda Bibula South	gnd	602	296	306
LK-5221125	Kalmunai  02B	gnd	602	286	316
LK-6106040	Kumbukwewa	gnd	602	296	306
LK-8136160	Dodamgolla	gnd	602	299	303
LK-1227040	Thalgasmote	gnd	601	284	317
LK-2133350	Pahala Doolwala	gnd	601	275	326
LK-8142115	Kithulgahaarawa	gnd	601	292	309
LK-8218160	Eththalamulla	gnd	601	291	310
LK-9209180	Elangipitiya	gnd	601	263	338
LK-2103250	Dehideniya	gnd	600	299	301
LK-2230050	Kirimetiya	gnd	600	306	294
LK-3145105	Kirindagoda	gnd	600	290	310
LK-6130115	Medamulla	gnd	600	289	311
LK-6145245	Pihimbiya	gnd	600	281	319
LK-6166125	Wewelpola	gnd	600	292	308
LK-9206325	Balathgamuwa	gnd	600	279	321
LK-2307570	Gonakele	gnd	599	294	305
LK-2106185	Henegama	gnd	598	288	310
LK-2139095	Gadaladeniya South	gnd	598	272	326
LK-2315155	Vidulipura North	gnd	598	286	312
LK-4127050	Valvettithurai South East	gnd	598	277	321
LK-4209035	Kakkayankulam West	gnd	598	285	313
LK-6221030	Kivulagoda Govi Janapadaya	gnd	598	280	318
LK-7154045	Maminiyawa	gnd	598	288	310
LK-2230135	Koswana South	gnd	597	286	311
LK-2302285	Rojersangama South	gnd	597	277	320
LK-4121170	Aththai	gnd	597	267	330
LK-6242130	Yakdessawa	gnd	597	260	337
LK-7210045	Ruhunuketha	gnd	597	307	290
LK-9206290	Kooragala	gnd	597	285	312
LK-2139600	Kotagaloluwa	gnd	596	299	297
LK-2212060	Kobbevehera	gnd	596	268	328
LK-3115040	Bangamukanda	gnd	596	279	317
LK-3148025	Wattehena	gnd	596	297	299
LK-4203090	Erukkalampiddy South	gnd	596	293	303
LK-9145065	Handagiriya	gnd	596	297	299
LK-9203020	Maligathenna	gnd	596	292	304
LK-9203115	Parape North	gnd	596	275	321
LK-2124050	Werapitiya	gnd	595	294	301
LK-2134250	Pattapola Pahalagama	gnd	595	304	291
LK-2145200	Narangasthenna	gnd	595	301	294
LK-5103050	Mathurankernikulam	gnd	595	309	286
LK-5330035	Seruvila	gnd	595	298	297
LK-6163270	Kosgollepola	gnd	595	288	307
LK-1209405	Nawana East	gnd	594	268	326
LK-1212635	Muruthawala	gnd	594	271	323
LK-1315160	Pahalagoda	gnd	594	285	309
LK-2209110	Bowathenna Watta	gnd	594	298	296
LK-2302345	Katarandana	gnd	594	293	301
LK-2310470	Karandagolla	gnd	594	278	316
LK-3330340	Galagama East	gnd	594	271	323
LK-4406020	Moonrumurippu	gnd	594	303	291
LK-6103090	Abhayapura	gnd	594	304	290
LK-8218170	Meegahayaya	gnd	594	313	281
LK-3321210	Athubode West	gnd	593	270	323
LK-5118235	Manjanthoduvai North	gnd	593	272	321
LK-5130085	Ampilanthurai North	gnd	593	251	342
LK-6181150	Nakalagamuwa	gnd	593	282	311
LK-7210030	Muthuwella	gnd	593	304	289
LK-9203360	Pattampitiya	gnd	593	272	321
LK-1230405	Dangalla	gnd	592	276	316
LK-2103180	Kinigama East	gnd	592	285	307
LK-2134215	Pelena Pahalagama	gnd	592	282	310
LK-2309275	Liyanwela Ihalagama	gnd	592	266	326
LK-3124070	Gonalagoda East	gnd	592	292	300
LK-3333075	Thenagama South	gnd	592	282	310
LK-4415065	Karunaddukerny	gnd	592	294	298
LK-6151040	Maragama	gnd	592	295	297
LK-6160255	Meddegamgoda	gnd	592	293	299
LK-6233050	Nariyagama South	gnd	592	278	314
LK-2215135	Alokagama	gnd	591	297	294
LK-2221100	Gurubebila	gnd	591	298	293
LK-3312145	Bundala	gnd	591	290	301
LK-3327030	Kurunduwatta	gnd	591	254	337
LK-4412070	Olumadu	gnd	591	292	299
LK-6236130	Galmuruwa North	gnd	591	291	300
LK-7154015	Mahadivulwewa	gnd	591	297	294
LK-7163145	Kandulugamuwa	gnd	591	302	289
LK-2118140	Udadumbara	gnd	590	294	296
LK-2203145	Silwathgama	gnd	590	281	309
LK-2209240	Opalgala	gnd	590	282	308
LK-2230130	Meda Weragama	gnd	590	275	315
LK-3121045	Koswatta	gnd	590	277	313
LK-3306130	Samanpura	gnd	590	299	291
LK-4209085	Mathakiramam	gnd	590	295	295
LK-9121100	Galkanda	gnd	590	283	307
LK-2221025	Kosgolla	gnd	589	276	313
LK-2310205	Thunhitiyawa	gnd	589	291	298
LK-3118085	Dammala Colony	gnd	589	312	277
LK-4103015	Eluvaitivu	gnd	589	292	297
LK-6106085	Track 4 Usgala	gnd	589	280	309
LK-9203320	Waduwadeniya	gnd	589	285	304
LK-1227170	Danvilana	gnd	588	289	299
LK-3233120	Walakanda East	gnd	588	287	301
LK-3236050	Kottawatta	gnd	588	298	290
LK-4127065	Polikandy South	gnd	588	294	294
LK-6124305	Balagollagama	gnd	588	273	315
LK-6127285	Makulpotha	gnd	588	284	304
LK-6149145	Ethanawatta	gnd	588	281	307
LK-1103115	Pettah	gnd	587	528	59
LK-3103215	Moragoda	gnd	587	287	300
LK-3236135	Galbada	gnd	587	273	314
LK-4127165	Manthikai	gnd	587	287	300
LK-5239015	Akkaraipattu 8/3	gnd	587	285	302
LK-6118090	Kuruvikulama	gnd	587	280	307
LK-7160015	Senapuragama	gnd	587	293	294
LK-2209155	Ganimayaya	gnd	586	291	295
LK-3303005	Ihala Kumbukwewa	gnd	586	303	283
LK-5218120	Veeramunai 01	gnd	586	290	296
LK-6187035	Ahugoda West	gnd	586	280	306
LK-1212195	Halugama Pahala	gnd	585	287	298
LK-2134270	Kolugala Pahalagama	gnd	585	309	276
LK-2227165	Moragaha Ulpatha	gnd	585	306	279
LK-3245170	Devinuwara West	gnd	585	257	328
LK-3333210	Nalagama West	gnd	585	292	293
LK-4139075	Saravanai West	gnd	585	282	303
LK-4212130	Pontheevukandal	gnd	585	286	299
LK-5234025	Irakkamam 09	gnd	585	259	326
LK-6248215	Thamarakuliya	gnd	585	289	296
LK-7124040	Wagollakada	gnd	585	293	292
LK-2124140	Putuhapuwa	gnd	584	295	289
LK-2124185	Nilgala	gnd	584	289	295
LK-2124410	Moragahamula	gnd	584	279	305
LK-2310230	Dabbare	gnd	584	292	292
LK-3233110	Walakanda South	gnd	584	289	295
LK-6109135	Veheragodayaya	gnd	584	268	316
LK-6187040	Mahapitiya	gnd	584	280	304
LK-8212025	Weragoda	gnd	584	311	273
LK-8218135	Ethpattiya	gnd	584	288	296
LK-1333120	Kuda Kalupahana	gnd	583	295	288
LK-2124130	Giddawa	gnd	583	300	283
LK-2145115	Uduwela Pallegama East	gnd	583	270	313
LK-2215155	Ambanpola	gnd	583	284	299
LK-3248230	Kottagoda	gnd	583	278	305
LK-4303025	Katkulam	gnd	583	270	313
LK-5121035	Mankikaddu	gnd	583	268	315
LK-5306050	Kuchchaveli	gnd	583	290	293
LK-5330065	Lingapuram	gnd	583	273	310
LK-9115020	Waleboda North	gnd	583	288	295
LK-9118170	Rassagala	gnd	583	288	295
LK-9151040	Welewathugoda	gnd	583	287	296
LK-1330250	Ladduwa	gnd	582	264	318
LK-1339140	Gulavita North	gnd	582	274	308
LK-2145100	Batagalla	gnd	582	274	308
LK-3103210	Mahavila East	gnd	582	276	306
LK-3121070	Pahala Maddegama	gnd	582	292	290
LK-3325175	Galahitiya North	gnd	582	277	305
LK-6145055	Yodhayakanda	gnd	582	296	286
LK-1227165	Hiripitiya Pahala	gnd	581	266	315
LK-2106050	Uggala Janapadaya	gnd	581	301	280
LK-2221050	Palle Eswedduma	gnd	581	278	303
LK-3103220	Ranthotuvila	gnd	581	281	300
LK-3233045	Boraluketiya	gnd	581	282	299
LK-5242025	Helagampura	gnd	581	283	298
LK-6115035	Digannewatta	gnd	581	278	303
LK-8118150	Ambathenna	gnd	581	284	297
LK-9203155	Werellapatha	gnd	581	280	301
LK-1230035	Mailawalana South	gnd	580	262	318
LK-2307610	Goodwood	gnd	580	289	291
LK-3127090	Bataketiya	gnd	580	273	307
LK-3236185	Elambathalagoda	gnd	580	278	302
LK-6230030	Wijayakatupatha Elen Egoda	gnd	580	286	294
LK-8218175	Bogahapelessa	gnd	580	301	279
LK-9203410	Minwana	gnd	580	290	290
LK-9209195	Dampelgoda	gnd	580	278	302
LK-2139200	Ganguldeniya	gnd	579	274	305
LK-2310535	Mathetilla	gnd	579	277	302
LK-3137070	Palanthriyagoda	gnd	579	277	302
LK-4415045	Kallappadu North	gnd	579	289	290
LK-5118120	Vettukkadu	gnd	579	257	322
LK-5206025	Unapana	gnd	579	299	280
LK-5245105	Thandiyadi	gnd	579	282	297
LK-6148130	Kanapothuhera	gnd	579	267	312
LK-6163200	Udahorombuwa	gnd	579	289	290
LK-6236020	Kongasyaya	gnd	579	275	304
LK-8106050	Morana	gnd	579	305	274
LK-1224185	Midellavita	gnd	578	285	293
LK-2133400	Bogahakanda	gnd	578	281	297
LK-2302125	Thispane Kanda	gnd	578	292	286
LK-3137100	Gammeddegoda-Rajgama	gnd	578	264	314
LK-3321130	Thelambuyaya	gnd	578	281	297
LK-2136240	Imbulmalgama	gnd	577	268	309
LK-2306120	Udakanda	gnd	577	275	302
LK-3118115	Panangala East	gnd	577	290	287
LK-3318005	Kariyamaditta	gnd	577	273	304
LK-6172305	Udihitimulla	gnd	577	278	299
LK-6187130	Thiyador Watta	gnd	577	285	292
LK-7151030	Uttimaduwa	gnd	577	276	301
LK-1212275	Uduulla	gnd	576	274	302
LK-2145105	Ethulgama East	gnd	576	275	301
LK-2212050	Nagahapola	gnd	576	291	285
LK-2212070	Millawana Medagama	gnd	576	265	311
LK-4415060	Kanukerny West	gnd	576	281	295
LK-6157075	Yaggapitiya	gnd	576	301	275
LK-6163485	Maspotha	gnd	576	267	309
LK-6187100	Mandawela	gnd	576	257	319
LK-8115025	Pathanegedara	gnd	576	282	294
LK-9118055	Mulgama	gnd	576	305	271
LK-2306125	Udawatta West	gnd	575	262	313
LK-3137030	Karawegoda	gnd	575	273	302
LK-3215135	Athuraliya East	gnd	575	291	284
LK-1339070	Halwalakele Malwathukanda	gnd	574	272	302
LK-2134045	Polwatta	gnd	574	276	298
LK-2215190	Ethipallawala	gnd	574	281	293
LK-2221045	Thibbatukanatha	gnd	574	283	291
LK-2302175	Kirimetiyawa	gnd	574	267	307
LK-4503060	Pallai Town	gnd	574	275	299
LK-6160095	Pilessa Pahalagama	gnd	574	289	285
LK-6233155	Karavita	gnd	574	261	313
LK-2139355	Werawala East	gnd	573	262	311
LK-2212075	Kandewatta	gnd	573	282	291
LK-2233245	Leliambe	gnd	573	284	289
LK-2306270	Bowala	gnd	573	268	305
LK-6118035	Galpanawa	gnd	573	257	316
LK-6157140	Walpolakanda South	gnd	573	245	328
LK-2106190	Molagoda	gnd	572	270	302
LK-2227025	Dunuvilapitiya	gnd	572	293	279
LK-6127265	Welangolla	gnd	572	287	285
LK-6163255	Dedurunadeegama	gnd	572	269	303
LK-6236125	Kachchakaduwa	gnd	572	273	299
LK-1230215	Nedungolla South	gnd	571	267	304
LK-1318185	Uduwara South	gnd	571	279	292
LK-2133330	Seewaleekanda	gnd	571	278	293
LK-3245020	Aparekka North	gnd	571	298	273
LK-6160315	Boyagoda	gnd	571	266	305
LK-2124155	Godamunna	gnd	570	277	293
LK-2233055	Horagahapitiya	gnd	570	275	295
LK-2233345	Talingamada	gnd	570	279	291
LK-2307490	Deniyagama	gnd	570	276	294
LK-3151025	Hatangala	gnd	570	284	286
LK-3248085	Wehella South	gnd	570	272	298
LK-3325125	Veedipola	gnd	570	275	295
LK-6136050	Nelliya	gnd	570	276	294
LK-6181080	Senanayaka Colony	gnd	570	274	296
LK-2145045	Thalathuoya West	gnd	569	258	311
LK-6239100	Meda Mahawewa	gnd	569	254	315
LK-7160050	Heenukwegama	gnd	569	276	293
LK-2133385	Narangaskumbura	gnd	568	271	297
LK-3306085	Pahala Mattala	gnd	568	280	288
LK-4303035	Nedunkerny North	gnd	568	295	273
LK-5218015	Sammanthurai 06	gnd	568	264	304
LK-6121145	Wasiwewa	gnd	568	294	274
LK-6151055	Thisnampola	gnd	568	279	289
LK-6163400	Kongoda	gnd	568	285	283
LK-9115100	Nittamaluwa	gnd	568	280	288
LK-1209410	Nariyamulla	gnd	567	271	296
LK-2212130	Koswatta	gnd	567	284	283
LK-3127180	Thelikada	gnd	567	276	291
LK-3151080	Rangoda	gnd	567	255	312
LK-3330035	Ihala Beligalla East	gnd	567	275	292
LK-4206075	Vidathaltheevu West	gnd	567	288	279
LK-6121030	Mawathagama	gnd	567	271	296
LK-6142260	Pahala Mandakondana	gnd	567	272	295
LK-6187030	Ahugoda Meda	gnd	567	253	314
LK-1318115	Millagaspola	gnd	566	260	306
LK-2134065	Godathale	gnd	566	272	294
LK-2145310	Hewavissa West	gnd	566	271	295
LK-2145350	Bopitiya	gnd	566	266	300
LK-3151020	Danduwana	gnd	566	272	294
LK-6163330	Bambaragahakanda	gnd	566	259	307
LK-6172285	Wadugedara	gnd	566	280	286
LK-8112130	Narangala	gnd	566	267	299
LK-2106250	Ambaruppa	gnd	565	263	302
LK-3118150	Gallandala	gnd	565	267	298
LK-4203025	Talaimannar South	gnd	565	270	295
LK-4415110	Kumulamunai Centre	gnd	565	257	308
LK-5133105	Punnakkulam	gnd	565	244	321
LK-5212080	Kohombana	gnd	565	260	305
LK-6148135	Kanogama	gnd	565	252	313
LK-6149175	Homathagama	gnd	565	259	306
LK-1227395	Godagama West	gnd	564	264	300
LK-2145120	Uduwela Pallegama West	gnd	564	284	280
LK-2145180	Nugaliyadda Ihala	gnd	564	286	278
LK-2307500	Welapahala	gnd	564	269	295
LK-2309130	Kumbalgamuwa East	gnd	564	263	301
LK-5309030	Medawachchiya	gnd	564	265	299
LK-6160160	Rathneggama	gnd	564	257	307
LK-6160290	Katugampalagedara	gnd	564	274	290
LK-9224085	Neluwakkana	gnd	564	282	282
LK-2136315	Maligathenna	gnd	563	277	286
LK-2306080	Ganga Udagama	gnd	563	271	292
LK-3103150	Dombagahawatta	gnd	563	263	300
LK-3330185	Beliatta West	gnd	563	284	279
LK-4415035	Chilawattai South	gnd	563	287	276
LK-6115110	Maha Kirinda A	gnd	563	263	300
LK-6239075	Muttibendivila	gnd	563	297	266
LK-6248120	Katukenda West	gnd	563	270	293
LK-9115015	Kattadikanda	gnd	563	287	276
LK-2154085	Kelly Group	gnd	562	290	272
LK-3124050	Ketagoda North	gnd	562	282	280
LK-3321030	Okandayaya West	gnd	562	271	291
LK-5216070	Sorikalmunai 2	gnd	562	268	294
LK-6163550	Kurukeppitiya	gnd	562	292	270
LK-6166185	Kaduruwella	gnd	562	277	285
LK-2103305	Poholiyadda	gnd	561	287	274
LK-2124370	Wewegama	gnd	561	279	282
LK-2133250	Yahalathenna West	gnd	561	282	279
LK-2212045	Kosgolla	gnd	561	279	282
LK-4139110	Pungudutivu Centre North	gnd	561	284	277
LK-5133155	Mandur 1 And 2 North	gnd	561	234	327
LK-5239020	Akkaraipattu 8/2	gnd	561	270	291
LK-5239055	Akkaraipattu 7/3	gnd	561	269	292
LK-6166050	Madawala North	gnd	561	251	310
LK-7118075	Thamarahalmillewa	gnd	561	269	292
LK-2103160	Kannadeniya	gnd	560	268	292
LK-2139245	Panabokka	gnd	560	261	299
LK-2209070	Bobella	gnd	560	273	287
LK-3118080	Halvitigala Colony 2	gnd	560	268	292
LK-3215110	Namburukanda	gnd	560	289	271
LK-6109165	Thimbiriyawa	gnd	560	285	275
LK-2103130	Udalagama	gnd	559	241	318
LK-2303385	Samaneliya	gnd	559	278	281
LK-2306240	Hapugasdeniya	gnd	559	248	311
LK-3151145	Kalugalagoda	gnd	559	275	284
LK-3318100	Meda Ara	gnd	559	273	286
LK-3324045	Labuhengoda	gnd	559	262	297
LK-4212120	Pallankoddai	gnd	559	302	257
LK-5136010	Kurukkalmadam South	gnd	559	256	303
LK-6106015	Gemunupura	gnd	559	280	279
LK-6163220	Olagama	gnd	559	253	306
LK-7121100	Moragahawela	gnd	559	251	308
LK-2106010	Ihalamulla	gnd	558	243	315
LK-8136130	Rawanaella	gnd	558	297	261
LK-9115110	Kinchigune	gnd	558	265	293
LK-1227420	Etha Udakanda	gnd	557	270	287
LK-2309310	Ambagaspitiya	gnd	557	255	302
LK-3121055	Embalegedara South	gnd	557	285	272
LK-3236110	Naimbala 1	gnd	557	256	301
LK-4109140	Mullanai	gnd	557	222	335
LK-6118105	Ambagammana	gnd	557	253	304
LK-6163100	Kandupalatha	gnd	557	273	284
LK-8115010	Budugekanda	gnd	557	278	279
LK-2306190	Damunumeya	gnd	556	273	283
LK-3134065	Berathuduwa	gnd	556	251	305
LK-3136010	Nakanda	gnd	556	280	276
LK-3154250	Wadugegoda	gnd	556	278	278
LK-3330165	Getamanna East	gnd	556	268	288
LK-4203175	Periyakadai	gnd	556	261	295
LK-5127125	Arayampathy North	gnd	556	276	280
LK-6239090	Pahala Kudawewa	gnd	556	250	306
LK-7130110	Kahapathvilagama	gnd	556	263	293
LK-1315065	Mahayala East	gnd	555	260	295
LK-2134020	Alakolamaditta	gnd	555	289	266
LK-3121020	Kosmulla	gnd	555	277	278
LK-3136090	Thiranagama Wellabada	gnd	555	275	280
LK-6109170	Walathwewa	gnd	555	266	289
LK-7106050	Thammennawa	gnd	555	278	277
LK-9233130	Dikellakanda	gnd	555	292	263
LK-2103015	Galabawa	gnd	554	271	283
LK-2134120	Welivita Ihala North	gnd	554	268	286
LK-2134245	Pattapola Ihala	gnd	554	284	270
LK-3321055	Wekandawala North	gnd	554	269	285
LK-6187260	Kollura	gnd	554	273	281
LK-9103165	Miyanakolathenna	gnd	554	275	279
LK-2148110	Murapola East	gnd	553	263	290
LK-2302280	Weerasekarapura	gnd	553	241	312
LK-2310220	Udamadura	gnd	553	278	275
LK-3327060	Thalahagamwaduwa Pahala	gnd	553	264	289
LK-6181085	Kottapitiya	gnd	553	272	281
LK-1330195	Lewwanduwa North	gnd	552	259	293
LK-3112220	Pituwala West	gnd	552	245	307
LK-3115145	Niyagama West	gnd	552	262	290
LK-3124195	Unanvitiya	gnd	552	262	290
LK-3151005	Pituwalahena	gnd	552	270	282
LK-6127055	Nikawewa	gnd	552	259	293
LK-6127315	Paragaha Ela	gnd	552	265	287
LK-6236060	Panirendawa	gnd	552	283	269
LK-2215140	Walpola	gnd	551	268	283
LK-2310465	Kotambe	gnd	551	272	279
LK-3118180	Weerapana East	gnd	551	264	287
LK-3330140	Panamulla	gnd	551	269	282
LK-4403080	Thunukkai	gnd	551	264	287
LK-5330070	Ariyamankerni	gnd	551	269	282
LK-6118030	Udunowa	gnd	551	253	298
LK-6160180	Mee/Wambugamgoda	gnd	551	242	309
LK-6239040	Adapparagama	gnd	551	261	290
LK-8209145	Pubbara	gnd	551	256	295
LK-1212220	Neligama Ihala	gnd	550	264	286
LK-1212340	Arukgoda	gnd	550	259	291
LK-1233110	Neelamahara South	gnd	550	269	281
LK-1336005	Kosgulana	gnd	550	274	276
LK-1339210	Udugama	gnd	550	255	295
LK-3215095	Vilpita East 1	gnd	550	255	295
LK-4206160	Palikuli	gnd	550	267	283
LK-4303055	Marailuppai	gnd	550	260	290
LK-5309045	Mailawewa	gnd	550	296	254
LK-6160185	Mawathagama West	gnd	550	239	311
LK-6236070	Rathnagiriya	gnd	550	268	282
LK-1336175	Penigala	gnd	549	265	284
LK-2134155	Walpalagolla South	gnd	549	286	263
LK-3236060	Komangoda 1	gnd	549	271	278
LK-4503040	Masar	gnd	549	265	284
LK-6224130	Gallewa	gnd	549	256	293
LK-7151190	Muriyakadawala	gnd	549	253	296
LK-8127020	Maspanna	gnd	549	256	293
LK-1230170	Hiswella	gnd	548	264	284
LK-2103175	Kinigama West	gnd	548	279	269
LK-2106180	Harankahawa	gnd	548	251	297
LK-2145290	Kethigannawela	gnd	548	250	298
LK-3118160	Opatha East	gnd	548	276	272
LK-3124180	Udawelivitiya West	gnd	548	245	303
LK-6187075	Lihinigiriya	gnd	548	251	297
LK-1321365	Rajawatta Aluth Kotasa	gnd	547	275	272
LK-2134160	Welivita Pahalagama	gnd	547	283	264
LK-3330295	Ovilana	gnd	547	265	282
LK-6127365	Thalamalgama	gnd	547	267	280
LK-6187065	Habarawa	gnd	547	266	281
LK-2136020	Yatigammana	gnd	546	246	300
LK-2212205	Ariyagama	gnd	546	254	292
LK-3330015	Pallattara West	gnd	546	259	287
LK-6106225	Palugolla	gnd	546	271	275
LK-6187270	Polpitiya South	gnd	546	251	295
LK-7154220	Nelbegama	gnd	546	276	270
LK-1212375	Henepola	gnd	545	259	286
LK-5127080	Arayampathy 3	gnd	545	243	302
LK-5236010	Easankanichcheemai	gnd	545	253	292
LK-6151045	Wegolla	gnd	545	258	287
LK-2139465	Dodamdeniya	gnd	544	262	282
LK-2307470	Ehelamalpe	gnd	544	237	307
LK-6115135	Nawana	gnd	544	264	280
LK-8109050	Wewathenna	gnd	544	278	266
LK-3321300	Medagoda	gnd	543	251	292
LK-4415005	Alampil North	gnd	543	277	266
LK-4512090	Paramankirai	gnd	543	267	276
LK-6112070	Abakolawewa South	gnd	543	240	303
LK-6236105	Hareendragama	gnd	543	271	272
LK-2145205	Godalawela	gnd	542	267	275
LK-2148120	Nawaneliya	gnd	542	246	296
LK-3330045	Ihala Beligalla West	gnd	542	262	280
LK-4127020	Kerudavil North	gnd	542	240	302
LK-4209015	Parasankulam	gnd	542	272	270
LK-5103065	Mankerny Central	gnd	542	271	271
LK-6184245	Galdeniya	gnd	542	262	280
LK-7209025	Jayabima	gnd	542	278	264
LK-8115115	Kithulwattagama	gnd	542	250	292
LK-2309075	Thennehenwala	gnd	541	264	277
LK-3118060	Hiniduma West	gnd	541	256	285
LK-3221155	Ibbawala	gnd	541	251	290
LK-3230035	Pananwela West	gnd	541	250	291
LK-3306125	Keerthipura	gnd	541	248	293
LK-3321160	Kinchigune South	gnd	541	276	265
LK-6148140	Kandegedara	gnd	541	250	291
LK-6160190	Samodagama	gnd	541	273	268
LK-3333250	Indipokunagoda South	gnd	540	229	311
LK-5212005	Piyangala	gnd	540	269	271
LK-5212240	Wijayapura East	gnd	540	253	287
LK-7154230	Baravila	gnd	540	273	267
LK-8218180	Dambagahawela	gnd	540	271	269
LK-9145040	Medaganoya	gnd	540	281	259
LK-2106060	Welgala	gnd	539	273	266
LK-2145325	Kiriwanagoda	gnd	539	261	278
LK-2307650	Mandaram Nuwara	gnd	539	269	270
LK-2309340	Ukuthule	gnd	539	235	304
LK-3324100	Welipitiya East	gnd	539	259	280
LK-6181020	Ganegoda	gnd	539	254	285
LK-8203025	Kanawegalla	gnd	539	258	281
LK-2133010	Doranegama	gnd	538	256	282
LK-2134050	Dunkumbura	gnd	538	259	279
LK-4303050	Kulavisuddan	gnd	538	258	280
LK-9203350	Netiyapana	gnd	538	266	272
LK-2124455	Thennalanda	gnd	537	260	277
LK-2134010	Aludeniya North	gnd	537	255	282
LK-2233090	Thibbatuwawa	gnd	537	267	270
LK-2307365	Wadawala	gnd	537	256	281
LK-3109015	Galpottawala	gnd	537	278	259
LK-6206070	Karadipuwal	gnd	537	271	266
LK-8106170	Ritigahaarawa	gnd	537	273	264
LK-2303355	Kumbaloluwa	gnd	536	229	307
LK-3318125	Weeragaswewa	gnd	536	257	279
LK-4142025	Delft Centre East	gnd	536	265	271
LK-6109040	Makulewa	gnd	536	253	283
LK-6160035	Udanagama	gnd	536	258	278
LK-6163125	Dodamgasalanada	gnd	536	256	280
LK-7212110	Arunapura	gnd	536	267	269
LK-8218005	Gedavila	gnd	536	270	266
LK-2139225	Sadikkawatta	gnd	535	247	288
LK-2230155	Horagolla	gnd	535	257	278
LK-6163540	Ganegoda	gnd	535	249	286
LK-6184010	Vilgamuwa Watta	gnd	535	269	266
LK-6236025	Ponnankanniya	gnd	535	267	268
LK-1230425	Udakanampella South	gnd	534	249	285
LK-2106235	Uggahakumbura	gnd	534	252	282
LK-2206210	Angunawel Pelessa	gnd	534	261	273
LK-2215170	Gammulla	gnd	534	255	279
LK-2306265	Medagama	gnd	534	252	282
LK-3136050	Wewala	gnd	534	274	260
LK-3333095	Uduvilagoda	gnd	534	257	277
LK-4142030	Delft East	gnd	534	280	254
LK-6118005	Koralayagama	gnd	534	250	284
LK-2106100	Morankanda	gnd	533	259	274
LK-2310405	Goradiyagolla	gnd	533	246	287
LK-3218005	Diganahena	gnd	533	252	281
LK-4104005	Karainagar North	gnd	533	253	280
LK-5216085	Annamalai 03	gnd	533	244	289
LK-1209035	Balawala	gnd	532	293	239
LK-2124405	Wathuliyadda	gnd	532	260	272
LK-2134135	Eramuduliyadda	gnd	532	243	289
LK-2139475	Bambaradeniya	gnd	532	256	276
LK-2309320	Landupita	gnd	532	253	279
LK-2310035	Mallagama	gnd	532	274	258
LK-5245085	Kanchirankudah	gnd	532	270	262
LK-5312030	Morawewa North	gnd	532	283	249
LK-1212600	Kumbaloluwa	gnd	531	252	279
LK-2209080	Murutholuwa	gnd	531	271	260
LK-2302325	Udagama	gnd	531	277	254
LK-3127205	Thelikada Nagaraya	gnd	531	249	282
LK-3321075	Galpottayaya South	gnd	531	249	282
LK-5127135	Arayampathy West	gnd	531	217	314
LK-6121010	Wanduressa	gnd	531	263	268
LK-6160350	Uggalpaya	gnd	531	252	279
LK-6166110	Yanthampola	gnd	531	241	290
LK-2215145	Maligathenna	gnd	530	252	278
LK-2309315	Munwatta	gnd	530	255	275
LK-5212130	Rajagama North	gnd	530	247	283
LK-2134125	Welivita Ihalagama	gnd	529	233	296
LK-3135100	Uduwaragoda South	gnd	529	256	273
LK-4121130	Thunnalai Centre	gnd	529	258	271
LK-4130120	Madduvil Nunavil	gnd	529	246	283
LK-6112045	Ranoruwa	gnd	529	267	262
LK-9203185	Udugama	gnd	529	239	290
LK-9209265	Jambugasmada	gnd	529	254	275
LK-2215220	Madadeniya	gnd	528	267	261
LK-3142030	Narawala	gnd	528	267	261
LK-4403090	Yogapuram Centre	gnd	528	238	290
LK-4415185	Neeravippiddy East	gnd	528	266	262
LK-6109080	Nithalawa	gnd	528	262	266
LK-6127380	Ponnilawa	gnd	528	268	260
LK-2124295	Metideniya	gnd	527	259	268
LK-2307355	Pallewela	gnd	527	265	262
LK-2307630	Ketahira	gnd	527	264	263
LK-3145040	Kandahena	gnd	527	244	283
LK-6133025	Divulwewa	gnd	527	280	247
LK-3227030	Ganegama	gnd	526	266	260
LK-3236125	Uduwa West	gnd	526	238	288
LK-3321080	Malhewage Ayna	gnd	526	250	276
LK-4112125	Palai Veemankamam North	gnd	526	268	258
LK-1212150	Thalagama East	gnd	525	234	291
LK-1330245	Indigasthuduwa	gnd	525	245	280
LK-5218115	Veeramunai 02	gnd	525	257	268
LK-6106250	Madawachchiya	gnd	525	251	274
LK-9203005	Dombemada East	gnd	525	285	240
LK-2124085	Hakmana	gnd	524	277	247
LK-2307350	Bodhiwela	gnd	524	262	262
LK-2307620	Medawela	gnd	524	260	264
LK-3103225	Malawala	gnd	524	257	267
LK-3112040	Delpona	gnd	524	244	280
LK-3127075	Weweldeniya	gnd	524	260	264
LK-3134015	Dangaragaha Udumulla	gnd	524	256	268
LK-4203180	Pettah	gnd	524	263	261
LK-6221050	Jayarajapura	gnd	524	255	269
LK-1333100	Mulatiyana	gnd	523	234	289
LK-2103040	Bonakot	gnd	523	249	274
LK-2136025	Thismada	gnd	523	229	294
LK-3330040	Wadiya	gnd	523	225	298
LK-4212045	Periyakaddaikadu	gnd	523	253	270
LK-7154090	Shasthrawelliya	gnd	523	231	292
LK-2307505	Uda Padiyapelella	gnd	522	241	281
LK-4139145	Nainativu Centre	gnd	522	246	276
LK-6115155	Hulawa	gnd	522	248	274
LK-6169190	Ranasgalla	gnd	522	242	280
LK-6242115	Paluwelgala South	gnd	522	236	286
LK-1215090	Wankepumulla	gnd	521	261	260
LK-1318175	Uduwara West	gnd	521	238	283
LK-3135095	Uduwaragoda North	gnd	521	239	282
LK-4215080	Kokkupadayan	gnd	521	270	251
LK-5218255	Malwatte 04	gnd	521	229	292
LK-5306030	Thiriyaya	gnd	521	258	263
LK-6109070	Divulgane	gnd	521	241	280
LK-6130175	Manapaya	gnd	521	258	263
LK-6160335	Eriminna	gnd	521	239	282
LK-8139105	Kolathenna	gnd	521	258	263
LK-9203065	Kudagama South	gnd	521	255	266
LK-2209020	Haduwa	gnd	520	249	271
LK-2306385	Agappala	gnd	520	252	268
LK-2310225	Ambanella	gnd	520	252	268
LK-3325230	Galahitiya South	gnd	520	255	265
LK-6115150	Dodamgollegama	gnd	520	257	263
LK-6163460	Mirissala	gnd	520	245	275
LK-6187095	Mawathagama	gnd	520	259	261
LK-9103065	Uduwaka	gnd	520	253	267
LK-1310050	Kekuladola	gnd	519	235	284
LK-2212200	Dodamgasyaya	gnd	519	244	275
LK-2230255	Dombagoda	gnd	519	248	271
LK-3321200	Ittademaliya West	gnd	519	231	288
LK-5233030	Oluvil 03	gnd	519	238	281
LK-6239140	Pahala Walahapitiya	gnd	519	252	267
LK-2106295	Batagalla South	gnd	518	252	266
LK-2124095	Rangala	gnd	518	245	273
LK-3121100	Dellawa	gnd	518	251	267
LK-4406015	Kollavilankulam	gnd	518	255	263
LK-5133195	Vilanthoddam	gnd	518	199	319
LK-5227045	Karaitheevu 06	gnd	518	243	275
LK-6157185	Morathenna	gnd	518	262	256
LK-3224070	Nape	gnd	517	249	268
LK-4412090	Panikkankulam	gnd	517	261	256
LK-4415055	Kanukerny East	gnd	517	234	283
LK-5303010	Gemunupura	gnd	517	255	262
LK-1115305	Ilukovita	gnd	516	260	256
LK-2212170	Galahitiyagama	gnd	516	255	261
LK-2302035	Kotagepitiya North	gnd	516	242	274
LK-2307595	Ampitigoda	gnd	516	224	292
LK-3135145	Pereliya North	gnd	516	234	282
LK-3148010	Thellambura North	gnd	516	255	261
LK-3224025	Kadduwa	gnd	516	240	276
LK-6115130	Sirisethagama	gnd	516	256	260
LK-6236045	Thambagalla	gnd	516	246	270
LK-8218020	Pallegama	gnd	516	256	260
LK-9209305	Selawa West	gnd	516	254	262
LK-3324075	Kudagoda East	gnd	515	265	250
LK-4415175	Mulliyawalai South	gnd	515	246	269
LK-6187140	Imbulana	gnd	515	237	278
LK-1309115	Gorokgoda	gnd	514	236	278
LK-2134165	Handabowa	gnd	514	243	271
LK-2134220	Pelena	gnd	514	265	249
LK-2148105	Murapola West	gnd	514	240	274
LK-2215080	Nikagolla	gnd	514	233	281
LK-2306425	Kirimetiya	gnd	514	251	263
LK-3124055	Parana Thanayamgoda	gnd	514	222	292
LK-6215070	Periyapalli Kudiyiruppuwa	gnd	514	251	263
LK-6106255	Peddegama	gnd	513	246	267
LK-6203010	Palliyawatta	gnd	513	357	156
LK-2103230	Kuragama North	gnd	512	249	263
LK-2145355	Pothgoda	gnd	512	249	263
LK-3325205	Pissubedda	gnd	512	248	264
LK-5309040	Pulikandikulama	gnd	512	259	253
LK-5312040	Namalwatta	gnd	512	260	252
LK-6130145	Puswellegama	gnd	512	253	259
LK-2233080	Ovilla	gnd	511	235	276
LK-2306115	Galauda South	gnd	511	246	265
LK-6160060	Ellagonna	gnd	511	244	267
LK-6172005	Katuwella	gnd	511	231	280
LK-7118175	Meemalwewa	gnd	511	269	242
LK-7151125	Walagambahuwa	gnd	511	253	258
LK-2103140	Medagoda Pahala	gnd	510	227	283
LK-2302340	Maldeniya	gnd	510	253	257
LK-3127200	Kasideniya	gnd	510	250	260
LK-5227030	Karaitheevu 03	gnd	510	246	264
LK-6172015	Mawela	gnd	510	250	260
LK-1233115	Aramangoda North	gnd	509	252	257
LK-2215125	Deevilla	gnd	509	260	249
LK-2215165	Deevilla South	gnd	509	249	260
LK-3327130	Yatigala Pahala	gnd	509	253	256
LK-4124015	Kudaththanai Karaiyoor	gnd	509	247	262
LK-6142080	Brahmanayagama	gnd	509	246	263
LK-6239035	Pahala Mahawewa	gnd	509	236	273
LK-8115015	Pallekanda	gnd	509	256	253
LK-2103010	Meegahahena	gnd	508	255	253
LK-3321275	Bedigama West	gnd	508	252	256
LK-7127205	Wannamkulama	gnd	508	239	269
LK-8127060	Wewegama	gnd	508	236	272
LK-2310180	Udamadura North	gnd	507	245	262
LK-5321115	Seenipura	gnd	507	263	244
LK-7127185	Nuwaraeli Colony	gnd	507	249	258
LK-8127320	Ulugala	gnd	507	245	262
LK-9221135	Batuvita	gnd	507	222	285
LK-3124075	Gonalagoda	gnd	506	234	272
LK-5127100	Arayampathy Central	gnd	506	223	283
LK-7151005	Karuwalagaswewa	gnd	506	264	242
LK-7210075	Malinda	gnd	506	249	257
LK-2230180	Gansarapola	gnd	505	243	262
LK-2307110	Happawara	gnd	505	244	261
LK-2309495	Mahapathana	gnd	505	253	252
LK-8127040	Hathkinda	gnd	505	247	258
LK-9206265	Embilmeewala	gnd	505	251	254
LK-1339295	Walallavita South	gnd	504	242	262
LK-4130005	Kaithady North	gnd	504	238	266
LK-5230085	Ninthavur 25	gnd	504	228	276
LK-2233130	Eriyagolla	gnd	503	237	266
LK-3154270	Piyadigama East	gnd	503	253	250
LK-3330055	Beligalla South	gnd	503	229	274
LK-7121155	Tikkanpothana	gnd	503	243	260
LK-1209045	Delpakadawara	gnd	502	244	258
LK-2203250	Galgodayaya	gnd	502	237	265
LK-3333325	Nakulugamuwa South	gnd	502	238	264
LK-4206125	Adampan	gnd	502	232	270
LK-2134275	Kithuldora	gnd	501	237	264
LK-6160330	Kossinna	gnd	501	243	258
LK-7124055	Thawalanhalmillewa	gnd	501	234	267
LK-7151195	Amunichchiya	gnd	501	254	247
LK-2118300	Bambarabedda West	gnd	500	239	261
LK-2215090	Dikkumbura West	gnd	500	248	252
LK-2303105	Mawela East	gnd	500	253	247
LK-3103175	Galthuduwa	gnd	500	221	279
LK-3327105	Modarawana North	gnd	500	233	267
LK-4127025	Kerudavil East	gnd	500	247	253
LK-4503025	Kachcharveli	gnd	500	254	246
LK-5239030	Akkaraipattu 7/2	gnd	500	224	276
LK-1339220	Gammana East	gnd	499	221	278
LK-5324060	Echchanthivu	gnd	499	217	282
LK-6233020	Manuwangama East	gnd	499	233	266
LK-7106105	Bandaraulpatha	gnd	499	251	248
LK-8112105	Wasanagama	gnd	499	249	250
LK-2136165	Pottepitiya	gnd	498	255	243
LK-2224055	Leloya	gnd	498	247	251
LK-2306420	Daraoya	gnd	498	230	268
LK-4209055	Madhu	gnd	498	262	236
LK-6148090	Nelibewa	gnd	498	254	244
LK-6209100	Thabbowa North	gnd	498	238	260
LK-1209470	Rassapana	gnd	497	235	262
LK-2118070	Pallewela	gnd	497	240	257
LK-9209300	Selawa East	gnd	497	222	275
LK-3248005	Urugamuwa North	gnd	496	236	260
LK-4415195	Putharikuda	gnd	496	195	301
LK-6163475	Kosgolla	gnd	496	253	243
LK-7203150	Hingurakgoda	gnd	496	236	260
LK-2124180	Poddalgoda	gnd	495	234	261
LK-2215175	Mottuwela	gnd	495	221	274
LK-2303225	Delunthalamada	gnd	495	237	258
LK-1212555	Midellawala	gnd	494	233	261
LK-1227680	Kirikittamulla	gnd	494	241	253
LK-2230175	Pitakanda	gnd	494	251	243
LK-3330330	Galagama West	gnd	494	215	279
LK-4130220	Vidaththalpalai	gnd	494	240	254
LK-5110035	Kudumpimalai	gnd	494	252	242
LK-6163300	Kithulwala	gnd	494	240	254
LK-2306230	Walalawela	gnd	493	211	282
LK-4212090	Razoolputhuveli	gnd	493	248	245
LK-4403035	Kalvilan	gnd	493	255	238
LK-8112085	Bopitiya	gnd	493	238	255
LK-9139105	Pannila	gnd	493	265	228
LK-4503045	Muhamalai	gnd	492	214	278
LK-5218215	Malkampiddy	gnd	492	246	246
LK-8130110	Ketakella	gnd	492	232	260
LK-9203095	Hangawela	gnd	492	233	259
LK-2124125	Maneluwa	gnd	491	247	244
LK-2221015	Kalugalthenna	gnd	491	234	257
LK-2310030	Helagama	gnd	491	245	246
LK-3121160	Millawa West	gnd	491	255	236
LK-8127035	Kindigoda	gnd	491	244	247
LK-1336050	Bampara	gnd	490	245	245
LK-2215100	Dikkumbura	gnd	490	249	241
LK-5312045	Kithuluthuwa	gnd	490	252	238
LK-6145290	Moonamaldeniya	gnd	490	247	243
LK-2124145	Udabage	gnd	489	229	260
LK-2209050	Maragamuwa	gnd	489	243	246
LK-2306250	Unanthenna	gnd	489	216	273
LK-4130045	Kovilakandy	gnd	489	242	247
LK-4206115	Maligaithidal	gnd	489	242	247
LK-6184115	Galatharaya	gnd	489	225	264
LK-2139360	Werawala West	gnd	488	230	258
LK-4215055	Puthuveli	gnd	488	259	229
LK-5242135	Veheragala	gnd	488	255	233
LK-8142085	Kelipanawela	gnd	488	254	234
LK-2118155	Kiripattiya	gnd	487	233	254
LK-2145320	Oluwawatta	gnd	487	244	243
LK-2230215	Palleyaya	gnd	487	226	261
LK-3324135	Udawelmulla	gnd	487	233	254
LK-6239050	Puruduwella	gnd	487	233	254
LK-2124030	Bulathwatta	gnd	486	237	249
LK-2215105	Wattegedara	gnd	486	236	250
LK-2302445	Beramana	gnd	486	249	237
LK-4209030	Kalmadu	gnd	486	239	247
LK-7157005	Maithrigama	gnd	486	236	250
LK-1303195	Sagara Place	gnd	485	269	216
LK-2136190	Madiligama	gnd	485	219	266
LK-2215045	Delgolla	gnd	485	236	249
LK-4124030	Nagarkovil East	gnd	485	242	243
LK-6127080	Serugasyaya	gnd	485	228	257
LK-6151075	Demalussa	gnd	485	231	254
LK-8127130	Welamedagama	gnd	485	242	243
LK-8209070	Diviyapola	gnd	485	230	255
LK-1339015	Uragoda West	gnd	484	225	259
LK-2118120	Oyathenna	gnd	484	246	238
LK-2145280	Elikewela	gnd	484	217	267
LK-2233360	Imbulpitiya	gnd	484	246	238
LK-2306005	Hingurukaduwa	gnd	484	243	241
LK-5251035	Pansalgoda	gnd	484	236	248
LK-6166030	Kadadunna	gnd	484	225	259
LK-9218280	Hapugoda	gnd	484	229	255
LK-2118225	Nugethenna West	gnd	483	243	240
LK-2145305	Hewavissa East	gnd	483	217	266
LK-2209055	Haduwela	gnd	483	236	247
LK-2212080	Mahayayawatta	gnd	483	222	261
LK-2215225	Mathalapitiya	gnd	483	235	248
LK-5133060	Thumpankerni	gnd	483	199	284
LK-8142150	Medawela	gnd	483	239	244
LK-8206005	Nelliyadda	gnd	483	243	240
LK-1212165	Makoora	gnd	482	231	251
LK-4403025	Barathinagar	gnd	482	238	244
LK-4406010	Karumpulliyan	gnd	482	254	228
LK-5133215	Raanamadu	gnd	482	227	255
LK-2118245	Kalalgamuwa	gnd	481	235	246
LK-2215160	Lakshahena	gnd	481	255	226
LK-3135115	Delmar Colony	gnd	481	230	251
LK-3321085	Kandamaditta	gnd	481	234	247
LK-3333315	Mahawela	gnd	481	213	268
LK-4139050	Velanai East Centre	gnd	481	237	244
LK-1333020	Omatta East	gnd	480	221	259
LK-1318215	Yatawara North	gnd	479	243	236
LK-2136180	Motana Dekinda	gnd	479	237	242
LK-2145230	Damunugolla	gnd	479	238	241
LK-2209205	Wambatuyaya	gnd	479	234	245
LK-4103035	Karampon East	gnd	479	221	258
LK-2106275	Warakadeniya	gnd	478	233	245
LK-2133240	Karanduwawala Pahala	gnd	478	233	245
LK-2233040	Katuattamada	gnd	478	225	253
LK-2302450	Beramana North	gnd	478	230	248
LK-3333080	Thenagama North	gnd	478	222	256
LK-4212010	Vankalai West	gnd	478	218	260
LK-2124315	Rambukwella - East	gnd	477	237	240
LK-2148135	Pattiyagama Udagama	gnd	477	223	254
LK-2302290	Rojersangama North	gnd	477	219	258
LK-2310455	Pallewela	gnd	477	230	247
LK-3215005	Kehelwala	gnd	477	238	239
LK-3242045	Navimana North	gnd	477	213	264
LK-4212035	Ilahadipiddy	gnd	477	232	245
LK-6151020	Pimburuwellegama	gnd	477	226	251
LK-8218195	Moratuwagama	gnd	477	231	246
LK-9115250	Thunkinda	gnd	477	243	234
LK-2103080	Ban Anga	gnd	476	228	248
LK-2134260	Andiyathenna	gnd	476	243	233
LK-2145070	Kapuliyadda East	gnd	476	227	249
LK-2212095	Moragaspitiya	gnd	476	230	246
LK-2307535	Manakola	gnd	476	235	241
LK-3130080	Kuttiyawatta	gnd	476	228	248
LK-3321205	Ittademaliya South	gnd	476	221	255
LK-4215100	Marichchukkaddi	gnd	476	258	218
LK-6118010	Malpanawa	gnd	476	223	253
LK-8115095	Angoda	gnd	476	229	247
LK-2103185	Ponnila	gnd	475	235	240
LK-3112100	Sittaragoda	gnd	475	229	246
LK-2118105	Andideniya	gnd	474	250	224
LK-2215260	Dullewa East	gnd	474	242	232
LK-2303425	Karagahayatathenna	gnd	474	224	250
LK-6115085	Kuda Mithawa	gnd	474	232	242
LK-2303220	Wewahinna	gnd	473	215	258
LK-3127120	Mahalapitiya	gnd	473	243	230
LK-7151115	Idigahawewa	gnd	473	231	242
LK-8133165	Beddearawa	gnd	473	223	250
LK-2224135	Guruwela	gnd	472	247	225
LK-2230250	Warapitiya	gnd	472	233	239
LK-3127175	Dodangoda	gnd	472	224	248
LK-6187250	Hathalispahuwa	gnd	472	231	241
LK-6233225	Ihala Olidaluwa	gnd	472	228	244
LK-1324355	Danwattagoda	gnd	471	229	242
LK-2206275	Welamitiyawa	gnd	471	235	236
LK-2215200	Aluthgama	gnd	471	224	247
LK-3321215	Athubode East	gnd	471	228	243
LK-6212075	Gedarawewa	gnd	471	232	239
LK-6224070	Karambewa	gnd	471	225	246
LK-6163005	Paragaswewa	gnd	470	228	242
LK-2233120	Pananthadiya	gnd	469	238	231
LK-3306165	Parakramapura	gnd	469	229	240
LK-4215020	Poonochchikulam	gnd	469	243	226
LK-9115060	Viharawela	gnd	469	243	226
LK-2215270	Daluwela	gnd	468	237	231
LK-2224030	Hattota Amuna	gnd	468	234	234
LK-2227125	Piduruella	gnd	468	222	246
LK-5221075	Kalmunai  01B	gnd	468	217	251
LK-8124020	Landewela	gnd	468	230	238
LK-1209465	Hangawatta	gnd	467	240	227
LK-2103260	Diyapalagoda	gnd	467	234	233
LK-2124195	Embalagama	gnd	467	227	240
LK-2306085	Malulla	gnd	467	215	252
LK-3137155	Pitiwella South	gnd	467	222	245
LK-4412040	Koolamurippu	gnd	467	231	236
LK-7157025	Galapitagala	gnd	467	235	232
LK-2118280	Madugalla South	gnd	466	238	228
LK-2212105	Dewarammulla	gnd	466	211	255
LK-2310445	Meepanawa	gnd	466	218	248
LK-3318165	Makuladeniya	gnd	466	228	238
LK-5103040	Vakarai Central	gnd	466	237	229
LK-6221065	Sembukuliya	gnd	466	223	243
LK-9203070	Medagaladeniya	gnd	466	225	241
LK-2309085	Deliwala North	gnd	465	241	224
LK-3324145	Kehelwatta	gnd	465	222	243
LK-4203230	Uyilankulam	gnd	465	239	226
LK-5212020	Bakkiella	gnd	465	225	240
LK-7151055	Mawathawewa	gnd	465	228	237
LK-2306400	Bambaragama West	gnd	464	219	245
LK-2310605	Sooriyagahapathana Ihala	gnd	464	199	265
LK-2315120	Hangarapitiya	gnd	464	198	266
LK-3236105	Kithalagama East 1	gnd	464	228	236
LK-4124085	Pokkaruppu	gnd	464	232	232
LK-6163465	Dunumawa	gnd	464	230	234
LK-7210050	Malvila	gnd	464	240	224
LK-4209025	Kakkayankulam East	gnd	463	233	230
LK-5133205	Maalaiyarkaddu	gnd	463	225	238
LK-6106175	Porottukadawala	gnd	463	201	262
LK-7124120	Rasnakawewa	gnd	463	225	238
LK-7151020	Perimiyankulama	gnd	463	226	237
LK-9203265	Daluggala	gnd	463	214	249
LK-3137095	Gammeddegoda East	gnd	462	206	256
LK-3306175	Saddhathissapura New Town	gnd	462	229	233
LK-4103025	Kayts	gnd	462	220	242
LK-2106200	Medagoda	gnd	461	217	244
LK-5251005	Kandahindagama	gnd	461	228	233
LK-2134055	Nikathenna	gnd	460	231	229
LK-2218030	Moragahamada	gnd	460	236	224
LK-2307605	Metibembiya	gnd	460	222	238
LK-3245055	Pathegama North	gnd	460	210	250
LK-2124450	Sandasiri Dunuvila	gnd	459	228	231
LK-3127125	Warakapitikanda	gnd	459	228	231
LK-3134095	Kaluwagaha Colony	gnd	459	208	251
LK-3135155	Seenigama	gnd	459	232	227
LK-6236085	Indigasvila	gnd	459	227	232
LK-1212335	Lindara Ihala	gnd	458	209	249
LK-1330050	Gurudola	gnd	458	231	227
LK-2134090	Welagama	gnd	458	228	230
LK-2145275	Kandewela	gnd	458	229	229
LK-2309285	Ilukpelessa	gnd	458	199	259
LK-2124265	Kurukohogama	gnd	457	226	231
LK-2309485	Morabedda	gnd	457	229	228
LK-3118075	Halvitigala Colony 1	gnd	457	213	244
LK-4127040	Valvettithurai North East	gnd	457	209	248
LK-6157135	Walpolakanda North	gnd	457	211	246
LK-6187090	Maningamuwa	gnd	457	220	237
LK-9203085	Dambulla	gnd	457	219	238
LK-1227435	Karasnagala South	gnd	456	227	229
LK-2118060	Kalugaloya	gnd	456	229	227
LK-2206130	Pahala Erevula	gnd	456	267	189
LK-2230080	Maussagolla	gnd	456	233	223
LK-2306445	Karamidula	gnd	456	220	236
LK-3218040	Udupitiya	gnd	456	233	223
LK-4412045	Manavalanpaddamurippu	gnd	456	231	225
LK-7127115	Thammennagama	gnd	456	224	232
LK-2134140	Muruddeniya	gnd	455	226	229
LK-4415160	Mulliyawalai Centre	gnd	455	220	235
LK-5324155	Upparu	gnd	455	232	223
LK-1212200	Meerigama	gnd	454	221	233
LK-2118075	Udawela	gnd	454	223	231
LK-2306465	Kawatayamana	gnd	454	201	253
LK-2310210	Wewathenna	gnd	454	201	253
LK-4130060	Thanankilappu	gnd	454	205	249
LK-2103220	Pavulpawa	gnd	453	215	238
LK-2134285	Aluthgama Ihala	gnd	453	216	237
LK-2148100	Kolambissa West	gnd	453	208	245
LK-2212055	Bomeruwa	gnd	453	235	218
LK-6187135	Dembegoda	gnd	453	221	232
LK-2134175	Kanakkarapola South	gnd	452	216	236
LK-2310015	Hegasulla	gnd	452	233	219
LK-5306055	Iranaikerni	gnd	452	221	231
LK-2310565	Ambaliyadda	gnd	451	209	242
LK-3135135	Daluwathumulla	gnd	451	225	226
LK-5245030	Sagamam	gnd	451	227	224
LK-2103025	Ambagahahena	gnd	450	217	233
LK-2103150	Gangodapitiya	gnd	450	213	237
LK-2307545	Idampitiya	gnd	450	204	246
LK-4139005	Mandaitivu East	gnd	450	219	231
LK-5306080	Kumburupiddy North	gnd	450	215	235
LK-6149110	Rukattane	gnd	450	202	248
LK-6209120	Kuda Medawachchiya	gnd	450	210	240
LK-2118195	Mediwaka	gnd	449	218	231
LK-2124075	Rangala Aluthwatta	gnd	449	220	229
LK-2224050	Weliwaranagolla	gnd	449	219	230
LK-2302005	Doruwadeniya	gnd	449	203	246
LK-3218055	Vilagama	gnd	449	210	239
LK-1336095	Kapugama	gnd	448	191	257
LK-2209040	Pubbiliya	gnd	448	225	223
LK-3333345	Mawella South	gnd	448	209	239
LK-5245005	Thambiluvil 2	gnd	448	227	221
LK-1233085	Buthpitiya North	gnd	447	213	234
LK-5327055	Muthur Central	gnd	447	213	234
LK-2145345	Ududeniya	gnd	446	224	222
LK-6187315	Weeragala	gnd	446	221	225
LK-6239185	Modarawella	gnd	446	220	226
LK-2145075	Kapuliyadda West	gnd	445	223	222
LK-3330065	Dammulla West	gnd	445	210	235
LK-4112205	Palaly South	gnd	445	200	245
LK-4415075	Kokkilai East	gnd	445	226	219
LK-7157060	Demuththewa	gnd	445	219	226
LK-2124190	Madeniyawaka	gnd	444	217	227
LK-2306135	Pallemaluwa	gnd	444	228	216
LK-6163240	Doranepola	gnd	444	202	242
LK-7118065	Galweeragollewa	gnd	444	195	249
LK-9203015	Udanvita	gnd	444	218	226
LK-1315080	Hallankanda	gnd	443	215	228
LK-1327045	Nebada West	gnd	443	217	226
LK-5227055	Karaitheevu 04	gnd	443	220	223
LK-7166040	Meewewa	gnd	443	216	227
LK-9203045	Halwatta	gnd	443	204	239
LK-2133025	Angoda	gnd	442	197	245
LK-4403005	Alankulam	gnd	442	208	234
LK-6187080	Medalassa Kalugamuwa	gnd	442	213	229
LK-2215195	Aluthgama North	gnd	441	215	226
LK-2309500	Harasbedda South	gnd	441	219	222
LK-3333200	Nalagama East	gnd	441	214	227
LK-6124015	Pahalagama	gnd	441	217	224
LK-2134150	Walpalagolla East	gnd	440	228	212
LK-2221070	Kavudagammana	gnd	440	212	228
LK-2106080	Galkanda	gnd	439	202	237
LK-2134280	Aluthgama Pahala	gnd	439	222	217
LK-3136030	Wavulagoda West	gnd	439	217	222
LK-4124035	Nagarkovil West	gnd	439	224	215
LK-5212115	Veheragama West	gnd	438	213	225
LK-8119035	Udakiruwa	gnd	438	211	227
LK-2103125	Pethigewela	gnd	437	208	229
LK-2233365	Rangama	gnd	437	190	247
LK-4212030	Vanchiyankulam	gnd	437	206	231
LK-4309020	Arumugathanputhukulam	gnd	437	231	206
LK-1227720	Madakotuwa	gnd	436	212	224
LK-2233260	Udangamuwa	gnd	436	212	224
LK-3306145	Weligatta	gnd	436	164	272
LK-3321260	Mulgirigala North	gnd	436	222	214
LK-4142005	Delft West	gnd	436	222	214
LK-8142135	Marangahawela	gnd	436	207	229
LK-2209185	Elhena	gnd	435	206	229
LK-3321110	Morayaya North	gnd	435	217	218
LK-4112180	Theiyiddy East	gnd	435	211	224
LK-2209160	Moragahamada	gnd	434	222	212
LK-2233075	Muwagala	gnd	434	205	229
LK-2303415	Kadadorapitiya	gnd	434	194	240
LK-9136120	Panahetagala	gnd	434	215	219
LK-9203025	Alugolla	gnd	434	198	236
LK-2124435	Meeriyagolla	gnd	433	197	236
LK-3327120	Heenatihathamuna	gnd	433	194	239
LK-4403010	Amaithipuram	gnd	433	207	226
LK-6103140	Gampola	gnd	433	233	200
LK-9203255	Beligodapitiya	gnd	433	185	248
LK-2106110	Udahena	gnd	432	192	240
LK-2124395	Bomure	gnd	432	203	229
LK-3135185	Werellana	gnd	432	205	227
LK-4124020	Potpathi	gnd	432	200	232
LK-5227075	Karaitheevu 09	gnd	432	218	214
LK-7154020	Keeriyagaswewa	gnd	432	217	215
LK-8130315	Ohiya Estate	gnd	432	220	212
LK-3330310	Palapotha West	gnd	431	195	236
LK-4415120	Kumulamunai West	gnd	431	199	232
LK-5239025	Akkaraipattu 7/1	gnd	431	187	244
LK-6172255	Galagedara	gnd	431	203	228
LK-8127160	Mudanawa	gnd	431	210	221
LK-8206060	Watawanagama	gnd	431	218	213
LK-2309330	Padiyapelella	gnd	430	216	214
LK-4206085	Vidathaltheevu East	gnd	430	213	217
LK-7106030	D 06 Wahalkada	gnd	430	237	193
LK-7151060	Periyakulama	gnd	430	206	224
LK-9115105	Kumbalgama	gnd	430	208	222
LK-1318220	Begamuwa Thalahitiya	gnd	429	202	227
LK-4112110	Kankesanthurai West	gnd	429	212	217
LK-4124050	Chempiyanpattu South	gnd	429	205	224
LK-4212100	Umanagari	gnd	429	209	220
LK-6148155	Udugampalagedara	gnd	429	219	210
LK-6163310	Goraka Ela	gnd	429	217	212
LK-6166005	Lokahettiya	gnd	429	204	225
LK-2136330	Moragolla Mahakanda	gnd	428	219	209
LK-4139135	Pungudutivu West	gnd	428	213	215
LK-4415090	Kokuthoduvai North	gnd	428	218	210
LK-2145245	Welegama	gnd	427	198	229
LK-2310045	Galketiwela	gnd	427	208	219
LK-4206135	Karunkandal Vannakulam	gnd	427	198	229
LK-4412085	Pandaravanni	gnd	427	210	217
LK-4512050	Kowtharimunai	gnd	427	216	211
LK-7139015	Ranorawa	gnd	427	213	214
LK-7166025	Karavilagala	gnd	427	216	211
LK-2148125	Kotagepitiya	gnd	426	207	219
LK-3318090	Abesekaragama	gnd	426	209	217
LK-4403075	Thirunagar	gnd	426	217	209
LK-7160105	Aluth Dambewatana	gnd	426	199	227
LK-3137060	Medawala	gnd	425	205	220
LK-8119025	Janathapura North	gnd	425	198	227
LK-1212300	Galgana	gnd	424	205	219
LK-2306290	Ekiriya	gnd	424	198	226
LK-3135130	Godagama North	gnd	424	192	232
LK-3327080	Godawenna	gnd	424	204	220
LK-5306040	Kaddukulam	gnd	424	220	204
LK-6160345	Kandehena	gnd	424	209	215
LK-6233055	Urudayandaluwa	gnd	424	188	236
LG-21025	Medadumbara PS	lg	423	208	215
LK-2124100	Weladaramba	gnd	423	208	215
LK-2307305	Udawela Pathana	gnd	423	201	222
LK-2310400	Thibbatugoda South	gnd	423	197	226
LK-5118010	Navalady	gnd	423	213	210
LK-1330230	Bondupitiya	gnd	422	202	220
LK-2103055	Gallenawatta	gnd	422	199	223
LK-2148115	Kolambissa East	gnd	422	209	213
LK-2212210	Polwatta	gnd	422	204	218
LK-2306395	Bambaragama East	gnd	422	215	207
LK-6187070	Embalawatta	gnd	422	194	228
LK-2134205	Ambawa	gnd	421	216	205
LK-2215255	Dullewa	gnd	421	209	212
LK-2306095	Hilpenkandura	gnd	421	204	217
LK-3103005	Pahurumulla	gnd	421	242	179
LK-4206130	Nedunkandal	gnd	421	201	220
LK-4206150	Karunkandal	gnd	421	200	221
LK-5239005	Akkaraipattu 8/1	gnd	421	204	217
LK-6160265	Gonagaldeniya	gnd	421	210	211
LK-6242110	Kachchirawa	gnd	421	199	222
LK-4503010	Arasarkeni	gnd	420	199	221
LK-8115050	Moragolla	gnd	420	199	221
LK-2209165	Pilihudugolla Pahalagama	gnd	419	192	227
LK-3248235	Godauda	gnd	419	211	208
LK-5242060	Kalugolla	gnd	419	213	206
LK-6181135	Embalapola	gnd	419	197	222
LK-9203080	Udagaladeniya	gnd	419	185	234
LK-2215020	Thembilideniya	gnd	418	215	203
LK-3118110	Panangala North	gnd	418	209	209
LK-3245190	Devinuwara	gnd	418	209	209
LK-4203095	Erukkalampiddy Centre	gnd	418	204	214
LK-6103155	Thammennawa	gnd	418	198	220
LK-9203010	Dombemada West	gnd	418	216	202
LK-2118170	Gangoda	gnd	417	223	194
LK-2227145	Wilgamuwa	gnd	417	203	214
LK-3221085	Jamburegoda East	gnd	417	195	222
LK-3330100	Waharakgoda South	gnd	417	212	205
LK-6163470	Galbindinaela	gnd	417	208	209
LK-6212040	Amunuwewa	gnd	417	197	220
LK-2118240	Minuwangamuwa	gnd	416	198	218
LK-2145145	Pooliyadda	gnd	416	198	218
LK-2307625	Labuhenwala	gnd	416	208	208
LK-3330005	Maligathenna	gnd	416	187	229
LK-4206090	Pappamoddai	gnd	416	203	213
LK-4306035	Acres 20,40,60	gnd	416	202	214
LK-3330075	Tharaperiya	gnd	415	213	202
LK-4406050	Poovarasankulam	gnd	415	196	219
LK-4503070	Pulopalai West	gnd	415	187	228
LK-5212110	Veheragama East	gnd	415	204	211
LK-2124160	Katugoda	gnd	414	196	218
LK-2306375	Bulugahapitiya	gnd	414	187	227
LK-1209480	Parana Handiya	gnd	413	205	208
LK-2224175	Ranamuregama	gnd	413	204	209
LK-2103225	Kirindiwelpola	gnd	412	203	209
LK-5248070	Pothuvil Town	gnd	412	187	225
LK-8206065	Gangodagama	gnd	412	217	195
LK-6103125	Weragala	gnd	411	220	191
LK-6187175	Kolambalamulla	gnd	411	191	220
LK-6239195	Maravila North	gnd	411	197	214
LK-3230045	Kebiliyapola North	gnd	410	185	225
LK-3330260	Mahaheella North	gnd	410	191	219
LK-2218090	Ellepola	gnd	409	199	210
LK-2303430	Bogahawela	gnd	409	192	217
LK-5110020	Uthuchchenai	gnd	409	202	207
LK-6236230	Pookulama	gnd	409	183	226
LK-2124170	Kandekumbura	gnd	408	209	199
LK-2124270	Kiribattalawa	gnd	408	196	212
LK-2233355	Karagahahinna	gnd	408	194	214
LK-4203030	Kaddukarankudiyiruppu	gnd	408	193	215
LK-9212305	Ganthuna Pallegama South	gnd	408	196	212
LK-9218260	Imbulovita	gnd	408	194	214
LK-1318210	Delgoda	gnd	407	217	190
LK-2310475	Udagama	gnd	407	209	198
LK-3324190	Ulahitiyawa	gnd	407	198	209
LK-4139035	Velanai North East	gnd	407	207	200
LK-4406070	Vannivilankulam	gnd	407	208	199
LK-6236175	Egodayagama	gnd	407	186	221
LK-2118145	Nawanagala	gnd	406	207	199
LK-2215055	Nagolla	gnd	406	192	214
LK-2302275	Kalapitiya West	gnd	406	184	222
LK-2310185	Galkadawela	gnd	406	202	204
LK-4130300	Manthuvil North	gnd	406	192	214
LK-4206120	Veddayarmurrippu	gnd	406	195	211
LK-1227025	Hiripitiya Central	gnd	405	186	219
LK-2310425	Dambagolla	gnd	405	204	201
LK-4212050	Aththikkuli	gnd	405	204	201
LK-4412120	Thanduvan	gnd	405	199	206
LK-6130165	Godarathmale	gnd	405	202	203
LK-2134005	Paragoda	gnd	404	188	216
LK-2134255	Welivita Pahalagama South	gnd	404	202	202
LK-2215210	Walawela	gnd	404	204	200
LK-2215230	Mathalapitiya South	gnd	403	196	207
LK-2218055	Galwadukumbura	gnd	403	196	207
LK-2309100	Mailagasthenna	gnd	403	205	198
LK-5315005	Wilgama	gnd	403	202	201
LK-6149085	Weudagama	gnd	403	192	211
LK-1339020	Uragoda East	gnd	402	197	205
LK-2124215	Ambalagala	gnd	402	203	199
LK-3321135	Siyambalaheddewa	gnd	402	190	212
LK-7118165	Kapiriggama	gnd	402	197	205
LK-8118190	Wewekele	gnd	402	182	220
LK-2310055	Muganagahapitiya	gnd	401	189	212
LK-3127160	Lelkada	gnd	401	192	209
LK-3245050	Pathegama East	gnd	401	188	213
LK-4406025	Naddankandal	gnd	401	199	202
LK-8142180	Welanvita	gnd	401	221	180
LK-2139330	Wathupola	gnd	400	195	205
LK-2233315	Kandemada	gnd	400	180	220
LK-5133040	Palugaamam I	gnd	400	167	233
LK-6163320	Kalugahathenna	gnd	400	192	208
LK-8119055	Janathapura South	gnd	400	187	213
LK-2118270	Madugalla Udagammedda	gnd	399	200	199
LK-3321010	Handapangalageaina	gnd	399	201	198
LK-3330020	Pallattara South	gnd	399	184	215
LK-4212085	Puthirarkandan	gnd	399	192	207
LK-8142170	Ranwanguhawa	gnd	399	207	192
LK-2139610	Dihitideniya	gnd	398	197	201
LK-4206045	Periyamadhu East	gnd	398	189	209
LK-7151130	Mahakanumulla	gnd	398	194	204
LK-2145185	Nugaliyadda Pahala	gnd	397	206	191
LK-2306105	Endiribedda	gnd	397	204	193
LK-2310430	Demataarawa	gnd	397	180	217
LK-6187125	Bevilgamuwa West	gnd	397	183	214
LK-7151035	Dematawewa	gnd	397	201	196
LK-2103235	Nikathenna	gnd	396	200	196
LK-4212110	Moddaikadai	gnd	396	178	218
LK-6187275	Nahakotamada	gnd	395	196	199
LK-8203005	Uravula	gnd	395	201	194
LK-2227030	Medakanda	gnd	394	200	194
LK-2233020	Wademada	gnd	394	187	207
LK-2307215	Rammalakandura	gnd	394	194	200
LK-2121095	Welgahawadiya	gnd	393	172	221
LK-2227050	Topwalapitiya	gnd	393	201	192
LK-2233265	Kendagollamada	gnd	393	198	195
LK-3327125	Pallewawwa	gnd	393	185	208
LK-8109035	Watagommana	gnd	393	211	182
LK-2134110	Mawathagama	gnd	392	186	206
LK-2134200	Dedunupitiya Ihalagama	gnd	391	189	202
LK-2306410	Gannewa Udagama	gnd	391	181	210
LK-3154260	Kalahegoda	gnd	391	190	201
LK-4112170	Vasavilan West	gnd	391	181	210
LK-1339275	Weerakanda	gnd	390	199	191
LK-6163335	Kithulgolla	gnd	390	196	194
LK-2302270	Kottunugoda	gnd	389	179	210
LK-3318235	Kotawaya	gnd	389	186	203
LK-2309345	Yatiwella	gnd	388	190	198
LK-2215275	Ethipola	gnd	387	183	204
LK-2233050	Alawathuwala	gnd	387	172	215
LK-2233280	Weligala	gnd	387	185	202
LK-6118040	Halambe	gnd	387	207	180
LK-6160165	Yatiwala	gnd	387	179	208
LK-2124115	Giddawa-Waradiwela	gnd	386	191	195
LK-2215245	Asgiri Dorakumbura East	gnd	386	186	200
LK-2233035	Pallekumbura	gnd	386	176	210
LK-3151120	Mawella	gnd	386	190	196
LK-2302210	Wethalawa	gnd	385	198	187
LK-2310415	Purankumbura	gnd	385	156	229
LK-2134145	Walpalagolla North	gnd	383	181	202
LK-6187200	Polpitiya North	gnd	383	181	202
LK-2103215	Wettewa	gnd	381	169	212
LK-2106120	Pathirada	gnd	381	177	204
LK-2134240	Mudagammana	gnd	381	181	200
LK-2309335	Napatawela	gnd	381	184	197
LK-3306015	Veheragala	gnd	381	206	175
LK-9118050	Watawala	gnd	381	191	190
LK-4403065	Thenniyankulam	gnd	380	186	194
LK-6187320	Yogamuwakanda	gnd	380	184	196
LK-2124175	Retiyagama	gnd	379	184	195
LK-2306435	Wetesthenna	gnd	379	193	186
LK-2309065	Ketakandura	gnd	379	191	188
LK-3118120	Thalangalla	gnd	379	164	215
LK-4103045	Naranthanai North	gnd	379	186	193
LK-5118085	Dutch Bar	gnd	379	184	195
LK-5330050	Mahindapura	gnd	379	186	193
LK-2103315	Pallekotuwa	gnd	378	179	199
LK-2215265	Thalgahagoda	gnd	378	182	196
LK-3330085	Indiketiyagoda	gnd	378	185	193
LK-4512015	Gnanimadam	gnd	378	179	199
LK-1227195	Nambadaluwa West	gnd	377	176	201
LK-2134030	Galdola	gnd	377	181	196
LK-2310560	Wathulanda West	gnd	377	177	200
LK-4512055	Madduvilnadu East	gnd	377	183	194
LK-2103325	Minigamuwa	gnd	376	181	195
LK-2118180	Mahawala	gnd	376	195	181
LK-2118260	Hapukanda East	gnd	376	189	187
LK-2215235	Rathninda	gnd	376	178	198
LK-2118110	Dambagahapitiya	gnd	375	185	190
LK-2133220	Malagammana	gnd	375	178	197
LK-2302160	Werella Pathana	gnd	375	179	196
LK-2307590	Wellagiriya	gnd	375	160	215
LK-2309080	Deliwela South	gnd	375	184	191
LK-3106100	Madoowa	gnd	375	200	175
LK-5245110	Thangavelauthapuram	gnd	375	193	182
LK-2307335	Palle Makuruppa	gnd	374	170	204
LK-5133075	Navagrinagar	gnd	374	171	203
LK-2118045	Udailuka	gnd	373	182	191
LK-2133325	Kurundugahamada	gnd	373	177	196
LK-2233045	Panwatta	gnd	373	176	197
LK-3118095	Thalangalla West	gnd	373	175	198
LK-3327135	Yatigala Ihala	gnd	373	174	199
LK-4127035	Valvettithurai North Centre	gnd	373	164	209
LK-2233030	Watagoda	gnd	372	174	198
LK-4139030	Velanai North	gnd	372	193	179
LK-2118030	Geradigala	gnd	371	188	183
LK-2302320	Rawanagoda West	gnd	371	185	186
LK-3103235	Kotuwabendahena	gnd	371	182	189
LK-4215095	Mullikulam	gnd	370	195	175
LK-5221145	Kalmunai  03A	gnd	370	166	204
LK-6160340	Uda Iguruwatta	gnd	370	180	190
LK-6163295	Welikanda	gnd	370	182	188
LK-6187085	Yatihena	gnd	370	175	195
LK-2103155	Pubbiliya	gnd	369	182	187
LK-2306405	Malanwatta	gnd	369	165	204
LK-4312090	Unit 9 & 10. Pavatkulam	gnd	369	167	202
LK-4403040	Koddaikaddiyakulam	gnd	369	180	189
LK-4418030	Nawagajabapura	gnd	369	170	199
LK-6187055	Ginneriya	gnd	369	178	191
LK-9115090	Budunwela	gnd	368	174	194
LK-2215035	Mahawela	gnd	367	159	208
LK-2303205	Mawela Kanda	gnd	367	185	182
LK-5127105	Arayampathy 2	gnd	367	173	194
LK-2134195	Rangamuwa	gnd	366	172	194
LK-2310530	Roopaha	gnd	366	186	180
LK-3333300	Moraketi Ara East	gnd	366	165	201
LK-4415205	Thannimurippu	gnd	366	177	189
LK-6163050	Dodangahakotuwa	gnd	366	173	193
LK-6163520	Pusselikanda	gnd	366	194	172
LK-8142155	Welibissa	gnd	366	166	200
LK-2134130	Sivurupitiya	gnd	365	170	195
LK-4206175	Palaiyadiputhukulam	gnd	365	180	185
LK-3330175	Kambussawala West	gnd	364	181	183
LK-5218025	Sammanthurai TD 04	gnd	364	192	172
LK-8115005	Idamepanguwa	gnd	364	164	200
LK-3136065	Narigama	gnd	363	174	189
LK-2212165	Monaravila	gnd	362	168	194
LK-5318035	Kovil Kudiyiruppu	gnd	362	168	194
LK-2139605	Deldeniya	gnd	361	175	186
LK-2310245	Watambe	gnd	361	169	192
LK-3124035	Aluth Thanayamgoda Ihala South	gnd	361	161	200
LK-2103020	Kobbegala	gnd	360	197	163
LK-4112135	Kadduvan	gnd	360	171	189
LK-6136130	Pothuwewa	gnd	360	179	181
LK-2118215	Denapitiya	gnd	359	171	188
LK-4212135	Kalimoddai Puliyankulam	gnd	359	183	176
LK-6242080	Mudukatuwa East	gnd	359	161	198
LK-2233005	Galaudahena	gnd	358	176	182
LK-4403055	Pugalenthinagar	gnd	358	163	195
LK-3333160	Gurupokuna	gnd	357	181	176
LK-4139060	Velanai West Centre	gnd	355	185	170
LK-2209090	Wewattawa	gnd	354	158	196
LK-2306380	Wegama	gnd	354	173	181
LK-2307585	Dunukebedda	gnd	354	165	189
LK-2310175	Theripehe	gnd	354	169	185
LK-4412020	Kanagarathinapuram	gnd	354	172	182
LK-2118160	Halyala	gnd	353	177	176
LK-4206050	Periyamadhu West	gnd	353	176	177
LK-6242180	Nakele	gnd	353	170	183
LK-2306075	Mudunapita	gnd	352	166	186
LK-3135020	Deldoowa	gnd	352	162	190
LK-3236075	Kithalagama East 2	gnd	352	176	176
LK-3321145	Kinchigune West	gnd	352	160	192
LK-4312095	Kristhavakulam	gnd	352	182	170
LK-7210010	Kandakaduwa	gnd	352	165	187
LK-1336210	Boralugoda	gnd	351	171	180
LK-2134075	Dedunupitiya Pahalagama	gnd	351	155	196
LK-2215280	Ethipola West	gnd	351	165	186
LK-6149170	Siwallawagedara	gnd	351	156	195
LK-8118195	Bibilegama East	gnd	351	167	184
LK-2215040	Mahawela West	gnd	350	176	174
LK-2224140	Kivulawadiya	gnd	350	174	176
LK-4403095	Yogapuram East	gnd	350	174	176
LK-6160175	Mee/Medagamgoda	gnd	350	167	183
LK-2118035	Moonamalpelessa	gnd	349	174	175
LK-4412005	Ampakamam	gnd	349	164	185
LK-2310160	Yombuwelthenna	gnd	348	162	186
LK-2103050	Delgasyaya	gnd	347	167	180
LK-2118125	Thalagune	gnd	347	160	187
LK-5110030	Vadamunai	gnd	347	175	172
LK-1227230	Ranpokunagama C Zone	gnd	346	161	185
LK-2307560	Merrygoll	gnd	346	147	199
LK-7106025	Punchimudagama	gnd	346	174	172
LK-2302120	Ranwanthalawa	gnd	345	166	179
LK-2124015	Gonawala	gnd	344	158	186
LK-4406075	Vinayagapuram	gnd	344	172	172
LK-5233040	Palamuna 06	gnd	344	167	177
LK-2310410	Denambure	gnd	343	154	189
LK-2134060	Narangaspitiya	gnd	342	165	177
LK-2209035	Helambagahawatta	gnd	342	167	175
LK-2306045	Maliyadda	gnd	341	166	175
LK-4412025	Karuvelankandal	gnd	341	177	164
LK-4403100	Yogapuram West	gnd	340	166	174
LK-1333095	Bodhiyakanda	gnd	339	154	185
LK-6133155	Nelumpathgama	gnd	339	164	175
LK-7124090	Welangahaulpatha	gnd	339	174	165
LK-2118090	Kobonilla	gnd	338	173	165
LK-2215185	Udasgiriya	gnd	338	159	179
LK-2224180	Narangamuwa	gnd	338	189	149
LK-4112200	Myliddythurai North	gnd	338	145	193
LK-7106015	Herathhalmillewa	gnd	338	166	172
LK-2134190	Yaggala	gnd	337	148	189
LK-4203215	Mathoddam	gnd	337	157	180
LK-3321100	Abakolawewa South	gnd	336	178	158
LK-4203220	Kallikattaikadu	gnd	336	153	183
LK-4303020	Paddikudiyiruppu	gnd	336	166	170
LK-5130120	Panichchiyadimunmari	gnd	336	170	166
LK-3115155	Horangalla West	gnd	335	170	165
LK-4206110	Minnukkan	gnd	334	171	163
LK-3106065	Godapitiya	gnd	333	164	169
LK-4309030	Maligai	gnd	333	165	168
LK-2118205	Rambukwella East	gnd	332	171	161
LK-2124035	Galabadawatta	gnd	332	158	174
LK-3118035	Batahena	gnd	332	159	173
LK-3135120	Harannagala	gnd	332	161	171
LK-3306070	Weeravil Ara	gnd	332	172	160
LK-3134025	Eriyagahamulla	gnd	331	142	189
LK-3306010	Angunakolawewa	gnd	331	164	167
LK-4415085	Kokuthoduvai Centre	gnd	331	163	168
LK-8142030	Nikapotha West	gnd	330	169	161
LK-4203240	Uyirtharasankulam	gnd	329	164	165
LK-7151140	Dayagama	gnd	329	164	165
LK-1209245	Moragalkanda	gnd	328	161	167
LK-2209025	Bambaragahawatta	gnd	328	155	173
LK-2306280	Makempe	gnd	328	157	171
LK-4139070	Saravanai East	gnd	328	155	173
LK-6163380	Gonamada	gnd	328	172	156
LK-2134085	Pallepola	gnd	327	152	175
LK-2215250	Polwatta	gnd	326	147	179
LK-2302260	Hedunuwewa	gnd	326	150	176
LK-2310040	Dulana	gnd	326	164	162
LK-4309025	Semamadhu	gnd	326	154	172
LK-6187205	Poojapitiya	gnd	326	155	171
LK-4206070	Vidathaltheevu North	gnd	325	157	168
LK-7151025	Wannamkulama	gnd	325	151	174
LK-2118275	Madugalla North	gnd	324	158	166
LK-4212095	Nanattan	gnd	324	157	167
LK-4412110	Puliyankulam	gnd	324	155	169
LK-1209050	Siringapathawatta	gnd	323	162	161
LK-8119015	Galwelagama	gnd	323	157	166
LK-8142040	Lemasthota	gnd	323	153	170
LK-2103245	Thahalpitiya	gnd	322	145	177
LK-2121045	Pallegaladebokka	gnd	322	167	155
LK-2310540	Embulampaha	gnd	322	145	177
LK-4415025	Shemmalai East	gnd	322	159	163
LK-4503005	Allipalai	gnd	322	160	162
LK-2124055	Werathenna	gnd	321	161	160
LK-4212080	Chundikkuli	gnd	321	151	170
LK-5112080	Mylavedduvan	gnd	321	173	148
LK-2215065	Urulewatta	gnd	320	155	165
LK-2103240	Etambegoda	gnd	319	158	161
LK-2148130	Wadiyagoda	gnd	319	163	156
LK-4139105	Pungudutivu North	gnd	319	147	172
LK-5330045	Sumedhankarapura	gnd	319	157	162
LK-6160155	Bulathwatta	gnd	319	159	160
LK-6187195	Kendahena	gnd	319	148	171
LK-2124135	Weliketiya	gnd	318	158	160
LK-4130265	Maaseri	gnd	318	152	166
LK-2118005	Meemure	gnd	317	162	155
LK-2134115	Imbulethenna	gnd	317	153	164
LK-2209120	Millagahamula Thenna	gnd	317	155	162
LK-2309120	Wewakele	gnd	317	155	162
LK-2103105	Udapitiya	gnd	316	146	170
LK-4206030	Kalliyadi	gnd	314	149	165
LK-6163205	Jankure	gnd	314	157	157
LK-6187165	Kaluhendiwala	gnd	314	160	154
LK-4403085	Uyilankulam	gnd	313	163	150
LK-8109030	Polwatta	gnd	313	149	164
LK-5330015	Sivapuram	gnd	311	150	161
LK-2124040	Nagolla	gnd	310	163	147
LK-4139010	Mandaitivu West	gnd	310	145	165
LK-4139095	Pungudutivu East South	gnd	310	150	160
LK-2118165	Mendiriya	gnd	309	144	165
LK-4215015	Methanveli	gnd	309	156	153
LK-5306060	Veerancholai	gnd	309	145	164
LK-4312010	Periyathampanai	gnd	308	155	153
LK-6118055	Agara Uda	gnd	308	137	171
LK-2309115	Ihala Pannala	gnd	307	155	152
LK-3135125	Godagama South	gnd	307	151	156
LK-4112190	Theiyiddy North	gnd	307	144	163
LK-4206065	Kovilkulam	gnd	307	144	163
LK-4306030	Awaranthulawa	gnd	307	152	155
LK-4209080	Periyamurippu	gnd	306	154	152
LK-6187210	Polambe	gnd	306	146	160
LK-8119095	Weragoda	gnd	306	154	152
LK-2103070	Alawattegama	gnd	305	148	157
LK-2302190	Wataddara	gnd	305	146	159
LK-3135090	Akurala South	gnd	305	138	167
LK-4139045	Velanai South East	gnd	304	136	168
LK-4212070	Cheddiyar Mahankaddai Adampan	gnd	303	149	154
LK-7103055	Urewa	gnd	303	163	140
LK-3333085	Thalapitiyagama	gnd	302	160	142
LK-2103300	Udahenepola	gnd	301	153	148
LK-5327010	Koonitivu	gnd	301	147	154
LK-2118315	Dewahandiya West	gnd	300	142	158
LK-2124200	Siridigana	gnd	300	136	164
LK-6163280	Gabadagama	gnd	300	129	171
LK-2227105	Himbiliyakada	gnd	299	138	161
LK-2310010	Morangathenna	gnd	299	149	150
LK-3324025	Alupothdeniya Pahala	gnd	299	152	147
LK-5309020	Pamburugaswewa	gnd	299	163	136
LK-2227095	Aliyawala	gnd	298	139	159
LK-2310420	Hegama	gnd	297	143	154
LK-4206145	Andankulam	gnd	297	147	150
LK-4303065	Anandar Pulliyankulam	gnd	297	158	139
LK-2124045	Galkotuwa	gnd	295	161	134
LK-2310555	Wathulanda East	gnd	295	128	167
LK-4104035	Karainagar South East	gnd	295	134	161
LK-5133080	Kannapuram	gnd	295	132	163
LK-2303195	Maswela	gnd	294	155	139
LK-2306390	Bambaragama	gnd	294	151	143
LK-4139085	Pungudutivu East	gnd	294	141	153
LK-4212155	Issaimalaithalvu	gnd	294	141	153
LK-4412095	Peraru	gnd	294	145	149
LK-2118040	Kalugala	gnd	293	136	157
LK-2224070	Gangalapuwakpitiya	gnd	293	157	136
LK-6160355	Halwahala	gnd	293	144	149
LK-2310480	Kumbukwela	gnd	292	143	149
LK-5242120	Kivulegama	gnd	292	147	145
LK-7160010	Galagedara Gama	gnd	291	141	150
LK-7121040	Maha Kiribbewa	gnd	290	153	137
LK-2124110	Waradiwela	gnd	289	143	146
LK-2309325	Wetekegama	gnd	289	133	156
LK-4104025	Karainagar North West	gnd	288	124	164
LK-2118115	Poppitiya	gnd	287	139	148
LK-5327015	Navarathnapuram	gnd	287	127	160
LK-2103145	Opalla	gnd	283	143	140
LK-2118080	Kandegama	gnd	283	132	151
LK-2118310	Kalawala	gnd	283	144	139
LK-2306260	Warapitiya	gnd	283	128	155
LK-4112210	Palaly East	gnd	283	140	143
LK-3139215	Minuwangoda	gnd	281	140	141
LK-2124460	Udagammedda	gnd	279	144	135
LK-2302315	Wijayabahu Kanda	gnd	279	135	144
LK-3325250	Walasmulla North	gnd	279	144	135
LK-4142010	Delft South	gnd	279	150	129
LK-3124165	Udawelivitiya	gnd	278	127	151
LK-2139370	Meddegoda	gnd	277	133	144
LK-2221040	Raithalawa	gnd	277	141	136
LK-4112145	Thenmylai	gnd	277	138	139
LK-2215205	Pamunuwa	gnd	275	133	142
LK-2302465	Beramana South	gnd	275	149	126
LK-4112120	Kankesanthurai South	gnd	275	131	144
LK-1227490	Kittammahara	gnd	274	116	158
LK-2310240	Rambuke	gnd	274	123	151
LK-2310250	Thibbatugoda	gnd	274	133	141
LK-3324035	Gangulandeniya	gnd	274	131	143
LK-4415225	Vannankulam	gnd	274	131	143
LK-4506060	Thattuwankotty	gnd	274	137	137
LK-6157225	Belgodakanda	gnd	274	133	141
LK-5209005	Bogamuyaya	gnd	273	146	127
LK-2224185	Lakegala	gnd	272	136	136
LK-2307600	Wewathenna	gnd	272	124	148
LK-2310020	Bolagandawela	gnd	272	130	142
LK-6163375	Ranthetikanda	gnd	272	141	131
LK-2121010	Dungolla	gnd	271	129	142
LK-4209020	Vilathikulam	gnd	271	138	133
LK-7151175	Pahala Ambathale	gnd	271	138	133
LK-9203235	Kempitiya	gnd	271	131	140
LK-6163385	Buluwalakanda	gnd	270	144	126
LK-2124470	Meda Gammedda	gnd	269	144	125
LK-2209190	Diyankaduwa	gnd	267	136	131
LK-2303365	Egodawela	gnd	267	131	136
LK-7163110	Kumbukwewa	gnd	267	128	139
LK-2124465	Welapahala	gnd	266	140	126
LK-2224145	Halminiya	gnd	266	140	126
LK-4212040	Ilanthaimoddai	gnd	266	138	128
LK-3333230	Kotuwegoda	gnd	265	141	124
LK-4309045	Ilamaruthankulam	gnd	265	128	137
LK-4209075	Pannavedduvan	gnd	262	129	133
LK-4403015	Ambalaperumalkulam	gnd	262	127	135
LK-2118020	Pusseela	gnd	261	134	127
LK-2118130	Gedaramada	gnd	261	134	127
LK-2118220	Nugethenna East	gnd	261	124	137
LK-2134180	Avulbodale	gnd	261	128	133
LK-4206040	Koorai	gnd	261	133	128
LK-7160140	Amanakkattuwa	gnd	261	138	123
LK-2118100	Hanwella	gnd	260	138	122
LK-2227005	Kumbukoya	gnd	260	137	123
LK-4303015	Maruthoddai	gnd	260	127	133
LK-5312050	Morawewa Pankulama	gnd	260	122	138
LK-3121085	Madugeta	gnd	258	128	130
LK-2118230	Kevulgama	gnd	257	132	125
LK-2103035	Akkarawatta	gnd	256	113	143
LK-2209005	Ussattawa	gnd	252	131	121
LK-8115035	Wattekele	gnd	249	122	127
LK-2227195	Sulugune	gnd	248	139	109
LK-2118085	Wadawalakanda	gnd	247	118	129
LK-8142190	Bambara Pokuna	gnd	246	140	106
LK-2118010	Kumbukgolla	gnd	245	129	116
LK-4312020	Kannaddy	gnd	245	118	127
LK-3121025	Thambalagama	gnd	242	124	118
LK-4203205	Nagathalvu	gnd	242	112	130
LK-5245090	Kanchikudicharu	gnd	242	122	120
LK-2302330	Rawanagoda East	gnd	240	114	126
LK-4415210	Thanneerudru East	gnd	240	122	118
LK-6187045	Dewategedara	gnd	239	112	127
LK-2118190	Godakumbura	gnd	238	127	111
LK-4139120	Pungudutivu Centre West	gnd	238	113	125
LK-6130125	Megodadiyathure	gnd	238	121	117
LK-2124080	Ferndail	gnd	237	122	115
LK-2310060	Hapugahapitiya	gnd	237	123	114
LK-4139115	Pungudutivu South West	gnd	236	111	125
LK-2118255	Dewahandiya East	gnd	235	119	116
LK-5218245	Valathapitty 02	gnd	235	113	122
LK-6133020	Kekulawala	gnd	235	113	122
LK-1318200	Yatawara South	gnd	234	120	114
LK-2306285	Puranagama	gnd	234	105	129
LK-4206095	Parappukadanthan West	gnd	232	111	121
LK-2148080	Kandegama	gnd	231	104	127
LK-3135150	Pereliya South	gnd	231	115	116
LK-5239070	Sinnamugathuwaram	gnd	231	122	109
LK-2118185	Pitawala Udagammedda	gnd	230	120	110
LK-2209250	Moragolla	gnd	228	109	119
LK-7163140	Kandulegama	gnd	228	112	116
LK-2209030	Dambagolla	gnd	225	113	112
LK-2209145	Kongahawela	gnd	224	117	107
LK-4103075	Suruvil	gnd	223	112	111
LK-2124005	Elliyadda	gnd	222	111	111
LK-2309105	Andawala	gnd	221	118	103
LK-2118250	Pitawala	gnd	220	113	107
LK-2209245	Ambana	gnd	220	116	104
LK-2215060	Udagama	gnd	220	107	113
LK-2118055	Udakumbura	gnd	219	116	103
LK-3135085	Akurala North	gnd	219	99	120
LK-4139125	Pungudutivu Centre East	gnd	219	110	109
LK-4412075	Othiyamalai	gnd	219	114	105
LK-2118235	Ganegala	gnd	218	114	104
LK-2118050	Padupola	gnd	216	100	116
LK-4412010	Ganeshapuram	gnd	216	104	112
LK-4512005	Alankeni	gnd	213	107	106
LK-2307555	Udagama	gnd	210	104	106
LK-4403060	Puththuvedduvan	gnd	210	103	107
LK-2302115	Kotagepitiya South	gnd	209	102	107
LK-2307580	Bomellagoda	gnd	209	102	107
LK-5212140	Suhadagama North	gnd	207	105	102
LK-8142175	Akkara Seeya	gnd	207	112	95
LK-2118210	Rambukwella West	gnd	205	108	97
LK-4415095	Kokuthoduvai South	gnd	196	102	94
LK-6154160	Kurunegala Town - Bazaar	gnd	196	136	60
LK-2233025	Wattegedara	gnd	195	102	93
LK-2307525	Rathyaya	gnd	194	88	106
LK-4415100	Kovilkudiyiruppu	gnd	194	94	100
LK-2233065	Kirimetiyawa	gnd	193	89	104
LK-5212145	Suhadagama South	gnd	192	101	91
LK-2215240	Asgiri Dorakumbura	gnd	190	93	97
LK-2309110	Naranthalawa	gnd	189	92	97
LK-1224150	Medagama I	gnd	188	92	96
LK-4212075	Iraddaikkulam	gnd	188	101	87
LK-4306015	Rankethgama	gnd	188	92	96
LK-2215150	Aluthwatta	gnd	187	88	99
LK-4203210	Neelasenai	gnd	186	90	96
LK-4406060	Siraddikulam	gnd	186	102	84
LK-4412100	Periyaithimadu	gnd	186	92	94
LK-4415130	Manalkudiyiruppu	gnd	184	89	95
LK-2233010	Makulemada	gnd	182	83	99
LK-2118200	Karandagolla	gnd	180	91	89
LK-2306040	Hakuruthale	gnd	179	84	95
LK-5312035	Awvainagar	gnd	178	85	93
LK-2307565	Ketayapathana	gnd	177	78	99
LK-4139130	Pungudutivu North West	gnd	175	94	81
LK-6206015	Parana Eluwankulama	gnd	175	88	87
LK-2124020	Thangappuwa	gnd	173	95	78
LK-2224080	Pitawala	gnd	172	97	75
LK-6163430	Medakanda	gnd	172	80	92
LK-2306050	Mirahampe	gnd	167	76	91
LK-2118265	Hapukanda West	gnd	166	81	85
LK-4306025	Pavakkulam South Bank, Track 07	gnd	166	89	77
LK-2306415	Gedereiyawa	gnd	165	72	93
LK-2103335	Thennewela	gnd	163	83	80
LK-2118095	Pallekanda	gnd	163	86	77
LK-4103060	Karampon South East	gnd	163	82	81
LK-2310450	Roopaha East	gnd	160	79	81
LK-5306045	Kallampattu	gnd	160	75	85
LK-1112105	Panagoda East	gnd	157	75	82
LK-6163275	Kandepola	gnd	156	82	74
LK-5306005	Thennamaranvadiya	gnd	153	68	85
LK-6163490	Erepolakanda	gnd	152	71	81
LK-2224090	Ilukkumbura	gnd	147	71	76
LK-4406065	Sivapuram	gnd	147	77	70
LK-7209135	Onegama Muslimgama	gnd	146	75	71
LK-2309070	Batagolla	gnd	145	65	80
LK-2224130	Galgedawala	gnd	144	76	68
LK-3333350	Mawella North	gnd	144	76	68
LK-2103330	Minigamuwa Ihala	gnd	143	70	73
LK-2124090	Burnside	gnd	141	70	71
LK-4124040	Nagarkovil South	gnd	140	76	64
LK-8130285	Ohiya	gnd	134	83	51
LK-2224165	Rathninda	gnd	133	70	63
LK-4206100	Parappukadanthan East	gnd	133	64	69
LK-2118305	Pitigoda	gnd	132	68	64
LK-2103310	Hiyadala	gnd	130	60	70
LK-4112115	Kankesanthurai Centre	gnd	129	53	76
LK-4415145	Mullaitivu Town	gnd	125	73	52
LK-4112155	Kurumbasiddy	gnd	123	56	67
LK-4203225	Vannamottai	gnd	123	59	64
LK-2224160	Meda Ela	gnd	122	60	62
LK-2224095	Mahalakotuwa	gnd	121	67	54
LK-2118285	Pamunethenna	gnd	120	64	56
LK-4406045	Ponnagar/Kuttymulai	gnd	119	63	56
LK-4209010	Keerisuddan	gnd	117	65	52
LK-2118015	Kaikawala	gnd	116	60	56
LK-2224085	Kahagala	gnd	116	62	54
LK-2309150	Kendagolla	gnd	112	51	61
LK-7139020	Mahalindawewa	gnd	110	56	54
LK-2209255	Galboda	gnd	108	62	46
LK-2224170	Etanwala	gnd	107	55	52
LK-4209070	Thekkam	gnd	101	45	56
LK-4403050	Palayamurikandy	gnd	99	48	51
LK-2121050	Udagaladebokka	gnd	93	46	47
LK-4139080	Pungudutivu North East	gnd	89	34	55
LK-7115170	Thisawewa	gnd	86	40	46
LK-1336200	Kalukandawa	gnd	85	47	38
LK-4206035	Aththimoddai	gnd	85	47	38
LK-2121005	Galamuduna	gnd	79	38	41
LK-2302200	Nawangama	gnd	79	39	40
LK-4303005	Unchalkaddy	gnd	79	42	37
LK-2224060	Pottatawela	gnd	78	46	32
LK-4212055	Kanchithalvu	gnd	77	39	38
LK-6206005	Pukkulama	gnd	77	50	27
LK-4121175	Kapputhu	gnd	63	30	33
LK-2118025	Karambaketiya	gnd	60	32	28
LK-4203195	Periyanavatkulam	gnd	53	30	23
LK-2224065	Dammanthenna	gnd	52	33	19
LK-4412105	Periyakulam	gnd	50	31	19
LK-4203010	Thalaimannar Pier West	gnd	49	27	22
LK-4139090	Pungudutivu South East	gnd	48	29	19
LK-4306010	Poomaduwa	gnd	48	32	16
LK-4512020	Iranaithivu	gnd	39	24	15
LK-2307510	Okandagala	gnd	34	17	17
LK-4206080	Vidathaltheevu Central	gnd	28	16	12
LK-4506005	Elephant Pass	gnd	28	13	15
LK-2209045	Thalagoda	gnd	27	21	6
LK-2224075	Divulgas Pathana	gnd	6	5	1
LK-4124090	Chundikulam	gnd	3	1	2
LK-5315010	Welveri	gnd	1	1	0
LK-4112185	Myliddythurai South	gnd	0	0	0
LK-4112220	Palaly North West	gnd	0	0	0
LK-4112225	Palaly West	gnd	0	0	0
LK-5110025	Kallichchai	gnd	0	0	0
LK-7210065	Alinchipothana	gnd	0	0	0
