region_id	region_name	region_name_in_data	region_ent_type	sinhalese	sri_lanka_tamil	indian_malaiyaga_tamil	sri_lanka_moor_muslim	burgher	malay	sri_lanka_chetty	bharatha	veddha
EC-01	Colombo		ED	1807945	243613	14412	284667	9885	7456	49	338	0
EC-01A	Colombo North		PD	36228	62057	3294	28204	571	315	13	141	0
EC-01B	Colombo Central		PD	32574	35133	1210	92813	822	1323	0	158	0
EC-01C	Borella		PD	38800	14637	454	17263	499	318	10	0	0
EC-01D	Colombo East		PD	46815	26187	752	9631	607	385	0	0	0
EC-01E	Colombo West		PD	20423	21390	983	12842	390	279	0	11	0
EC-01F	Dehiwala		PD	47752	15859	1019	27538	891	290	26	0	0
EC-01G	Ratmalana		PD	64024	9006	798	13283	523	252	0	0	0
EC-01H	Kolonnawa		PD	127854	18285	543	64699	787	1466	0	0	0
EC-01I	Kotte		PD	81556	6689	454	6012	744	319	0	10	0
EC-01J	Kaduwela		PD	267158	5248	188	2572	1108	970	0	18	0
EC-01K	Avissawella		PD	176076	12655	3817	1840	0	13	0	0	0
EC-01L	Homagama		PD	275057	3001	126	919	310	368	0	0	0
EC-01M	Maharagama		PD	188590	3760	357	1721	1075	655	0	0	0
EC-01N	Kesbewa		PD	255180	3869	175	1955	1198	356	0	0	0
EC-01O	Moratuwa		PD	149858	5837	242	3375	360	147	0	0	0
EC-02	Gampaha		ED	2188512	96007	5392	121910	5607	8476	1704	205	0
EC-02A	Wattala		PD	124365	40981	1671	12830	1400	726	33	0	0
EC-02B	Negombo		PD	101250	11799	791	23203	366	86	26	0	0
EC-02C	Katana		PD	218375	13305	986	5201	281	698	1610	12	0
EC-02D	Divulapitiya		PD	155173	1005	61	41	52	0	0	0	0
EC-02E	Mirigama		PD	166648	730	12	8507	0	0	0	135	0
EC-02F	Minuwangoda		PD	190169	873	67	6664	70	75	0	0	0
EC-02G	Attanagalla		PD	167492	1103	168	27478	58	445	0	0	0
EC-02H	Gampaha		PD	203639	879	71	90	91	73	0	0	0
EC-02I	Ja Ela		PD	191159	8687	583	813	2110	881	23	22	0
EC-02J	Mahara		PD	209413	2447	177	6732	430	3183	0	0	0
EC-02K	Dompe		PD	166320	447	13	2377	10	23	0	0	0
EC-02L	Biyagama		PD	186859	3182	289	15748	206	469	0	0	0
EC-02M	Kelaniya		PD	107650	10569	503	12226	533	1817	12	36	0
EC-03	Kalutara		ED	1119086	40060	6467	135756	233	194	0	10	0
EC-03A	Panadura		PD	128909	1037	71	31690	60	141	0	0	0
EC-03B	Bandaragama		PD	187618	1713	224	14909	39	37	0	0	0
EC-03C	Horana		PD	182999	7767	548	40	46	0	0	10	0
EC-03D	Bulathsinhala		PD	100875	8438	2558	2472	0	0	0	0	0
EC-03E	Mathugama		PD	134967	12853	1545	3418	14	0	0	0	0
EC-03F	Kalutara		PD	149874	1814	189	14170	50	0	0	0	0
EC-03G	Beruwala		PD	109942	1782	195	68423	13	16	0	0	0
EC-03H	Agalawatta		PD	123902	4656	1137	634	11	0	0	0	0
EC-04	Kandy		ED	1077219	121452	37373	219175	1124	637	0	0	0
EC-04A	Galagedara		PD	64499	674	37	4416	10	16	0	0	0
EC-04B	Harispattuwa		PD	148522	6530	811	68707	88	0	0	0	0
EC-04C	Pathadumbara		PD	76284	11195	6286	23017	38	64	0	0	0
EC-04D	Ududumbara		PD	76169	1013	722	315	0	0	0	0	0
EC-04E	Teldeniya		PD	48059	10527	900	4796	0	0	0	0	0
EC-04F	Kundasale		PD	117091	15987	2055	8560	169	60	0	0	0
EC-04G	Hewaheta		PD	67517	12328	3157	9207	32	20	0	0	0
EC-04H	Senkadagala		PD	85979	9644	1200	11467	234	88	0	0	0
EC-04I	Mahanuwara		PD	30340	7277	470	7524	322	52	0	0	0
EC-04J	Yatinuwara		PD	101638	2352	234	7987	0	0	0	0	0
EC-04K	Udunuwara		PD	86641	2121	599	31058	60	27	0	0	0
EC-04L	Gampola		PD	88245	19463	9739	27321	68	179	0	0	0
EC-04M	Nawalapitiya		PD	86235	22341	11163	14800	103	131	0	0	0
EC-05	Matale		ED	424776	41572	7431	51158	207	158	0	0	0
EC-05A	Dambulla		PD	173482	2755	68	14624	24	0	0	0	0
EC-05B	Laggala		PD	90386	4843	665	487	0	0	0	0	0
EC-05C	Matale		PD	78893	16096	2158	17726	79	63	0	0	0
EC-05D	Rattota		PD	82015	17878	4540	18321	104	95	0	0	0
EC-06	Nuwara-Eliya		ED	281904	59900	362152	18948	1064	157	0	0	0
EC-06A	Nuwara Eliya Maskeliya		PD	80582	31086	298050	10365	1011	157	0	0	0
EC-06B	Kothmale		PD	54470	17975	23199	7785	53	0	0	0	0
EC-06C	Hanguranketha		PD	80124	3873	7871	36	0	0	0	0	0
EC-06D	Walapane		PD	66728	6966	33032	762	0	0	0	0	0
EC-07	Galle		ED	1030354	16245	2394	45316	14	11	0	0	0
EC-07A	Balapitiya		PD	66863	50	0	1068	0	0	0	0	0
EC-07B	Ambalangoda		PD	99685	107	34	0	0	0	0	0	0
EC-07C	Karandeniya		PD	90886	1520	41	577	0	0	0	0	0
EC-07D	Bentara Elpitiya		PD	113325	1346	265	1026	0	0	0	0	0
EC-07E	Hiniduma		PD	121006	5053	470	0	0	0	0	0	0
EC-07F	Baddegama		PD	120444	5959	1234	0	0	0	0	0	0
EC-07G	Ratgama		PD	100513	204	0	20	0	0	0	0	0
EC-07H	Galle		PD	68564	598	37	38746	14	11	0	0	0
EC-07I	Akmeemana		PD	138042	1332	280	3869	0	0	0	0	0
EC-07J	Habaraduwa		PD	111026	76	33	10	0	0	0	0	0
EC-08	Matara		ED	788795	10231	7762	29214	90	0	0	0	0
EC-08A	Deniyaya		PD	114253	5630	7338	37	32	0	0	0	0
EC-08B	Hakmana		PD	117776	1738	225	1006	0	0	0	0	0
EC-08C	Akuressa		PD	117543	2238	143	2399	0	0	0	0	0
EC-08D	Kamburupitiya		PD	104135	70	0	671	26	0	0	0	0
EC-08E	Devinuwara		PD	101617	95	0	3813	0	0	0	0	0
EC-08F	Matara		PD	118659	251	20	4586	32	0	0	0	0
EC-08G	Weligama		PD	114812	209	36	16702	0	0	0	0	0
EC-09	Hambantota		ED	651274	1518	31	13615	23	3871	0	0	0
EC-09A	Mulkirigala		PD	142183	12	0	971	0	0	0	0	0
EC-09B	Beliatta		PD	104606	34	0	266	0	0	0	0	0
EC-09C	Tangalle		PD	171939	182	0	807	10	0	0	0	0
EC-09D	Thissamaharama		PD	232546	1290	31	11571	13	3871	0	0	0
EC-10	Jaffna		ED	4121	719511	900	4880	14	0	0	0	0
EC-10A	Kayts		PD	14	29338	0	237	0	0	0	0	0
EC-10B	Vaddukoddai		PD	10	63329	10	14	0	0	0	0	0
EC-10C	Kankesanthurai		PD	51	54491	16	0	0	0	0	0	0
EC-10D	Manipay		PD	11	78605	11	107	0	0	0	0	0
EC-10E	Kopay		PD	10	80312	52	108	14	0	0	0	0
EC-10F	Udupiddy		PD	13	48481	0	0	0	0	0	0	0
EC-10G	Point Pedro		PD	41	49227	0	0	0	0	0	0	0
EC-10H	Chavakachcheri		PD	131	67328	65	79	0	0	0	0	0
EC-10I	Nallur		PD	1737	70328	105	472	0	0	0	0	0
EC-10J	Jaffna		PD	588	45049	58	2672	0	0	0	0	0
EC-10K	Kilinochchi		PD	1515	133023	583	1191	0	0	0	0	0
EC-11	Vanni		ED	29902	333149	1826	52271	11	0	0	0	0
EC-11A	Mannar		PD	501	89975	150	32681	0	0	0	0	0
EC-11B	Vavuniya		PD	18431	135108	1539	16566	11	0	0	0	0
EC-11C	Mullaitivu		PD	10970	107870	137	3024	0	0	0	0	0
EC-12	Batticaloa		ED	6034	424635	529	160135	2739	0	0	0	68
EC-12A	Kalkudah		PD	1633	118918	201	56796	257	0	0	0	30
EC-12B	Batticaloa		PD	2782	176344	318	103074	2373	0	0	0	38
EC-12C	Paddiruppu		PD	1607	126186	10	0	41	0	0	0	0
EC-13	Digamadulla		ED	276076	125330	254	339137	992	100	0	0	830
EC-13A	Ampara		PD	241287	262	0	248	12	100	0	0	830
EC-13B	Samanthurai		PD	1602	23125	20	111566	216	0	0	0	0
EC-13C	Kalmunai		PD	145	27545	33	85633	486	0	0	0	0
EC-13D	Pothuvil		PD	33042	74398	201	141690	278	0	0	0	0
EC-14	Trincomalee		ED	108428	127925	438	203883	772	267	0	0	0
EC-14A	Seruvila		PD	78593	19785	0	14351	51	0	0	0	0
EC-14B	Trincomalee		PD	24065	77904	415	40909	565	267	0	0	0
EC-14C	Muttur		PD	5770	30236	23	148623	156	0	0	0	0
EC-15	Kurunegala		ED	1601886	19475	1028	139988	40	497	0	0	0
EC-15A	Galgamuwa		PD	134587	583	0	7871	0	0	0	0	0
EC-15B	Nikaweratiya		PD	120597	350	0	11723	0	0	0	0	0
EC-15C	Yapahuwa		PD	152807	318	0	3987	0	62	0	0	0
EC-15D	Hiriyala		PD	125791	1048	12	10418	12	0	0	0	0
EC-15E	Wariyapola		PD	103500	247	22	1863	0	0	0	0	0
EC-15F	Panduwasnuwara		PD	91169	659	55	10781	0	0	0	0	0
EC-15G	Bingiriya		PD	111311	919	111	8458	0	0	0	0	0
EC-15H	Katugampola		PD	124730	1402	22	9228	0	13	0	0	0
EC-15I	Kuliyapitiya		PD	118895	1200	51	23204	0	30	0	0	0
EC-15J	Dambadeniya		PD	120979	348	48	3785	0	0	0	0	0
EC-15K	Polgahawela		PD	95312	1663	27	6609	0	34	0	0	0
EC-15L	Kurunegala		PD	115011	3705	68	11302	28	276	0	0	0
EC-15M	Mawathagama		PD	106629	4120	601	18494	0	82	0	0	0
EC-15N	Dodangaslanda		PD	80568	2913	11	12265	0	0	0	0	0
EC-16	Puttalam		ED	591736	47797	661	174047	1479	434	0	0	0
EC-16A	Puttalam		PD	78204	31475	341	148771	1344	372	0	0	0
EC-16B	Anamaduwa		PD	147976	2794	0	8883	62	0	0	0	0
EC-16C	Chilaw		PD	138481	7977	171	8158	16	52	0	0	0
EC-16D	Nattandiya		PD	103480	2506	52	7820	57	10	0	0	0
EC-16E	Wennappuwa		PD	123595	3045	97	415	0	0	0	0	0
EC-17	Anuradhapura		ED	869982	4133	160	82973	45	56	0	0	0
EC-17A	Medawachchiya		PD	118990	189	0	10082	0	0	0	0	0
EC-17B	Horowpothana		PD	98462	250	10	23876	0	0	0	0	0
EC-17C	Anuradhapura East		PD	150801	396	0	5732	10	0	0	0	0
EC-17D	Anuradhapura West		PD	144770	1194	79	9669	16	0	0	0	0
EC-17E	Kalawewa		PD	164909	155	19	8078	0	0	0	0	0
EC-17F	Mihinthale		PD	85732	374	52	12335	0	56	0	0	0
EC-17G	Kekirawa		PD	106318	1575	0	13201	19	0	0	0	0
EC-18	Polonnaruwa		ED	402775	7014	13	36684	12	0	0	0	221
EC-18A	Minneriya		PD	118214	181	0	550	0	0	0	0	0
EC-18B	Medirigiriya		PD	98008	11	0	13996	0	0	0	0	0
EC-18C	Polonnaruwa		PD	186553	6822	13	22138	12	0	0	0	221
EC-19	Badulla		ED	640617	81249	95344	51764	548	499	0	0	168
EC-19A	Mahiyanganaya		PD	147123	107	31	2317	0	0	0	0	168
EC-19B	Viyaluwa		PD	66085	1077	5824	825	0	0	0	0	0
EC-19C	Passara		PD	40158	15381	21974	3684	77	35	0	0	0
EC-19D	Badulla		PD	57434	5653	10962	8404	132	293	0	0	0
EC-19E	Hali Ela		PD	60374	17744	11394	4283	105	95	0	0	0
EC-19F	Uva Paranagama		PD	69488	5796	4068	2438	122	0	0	0	0
EC-19G	Welimada		PD	73138	8495	4026	19485	35	0	0	0	0
EC-19H	Bandarawela		PD	80338	12686	15621	5805	77	76	0	0	0
EC-19I	Haputale		PD	46479	14310	21444	4523	0	0	0	0	0
EC-20	Moneragala		ED	499366	14286	1125	11921	0	0	0	0	0
EC-20A	Bibile		PD	119101	1022	11	7964	0	0	0	0	0
EC-20B	Monaragala		PD	151314	11464	1088	2440	0	0	0	0	0
EC-20C	Wellawaya		PD	228951	1800	26	1517	0	0	0	0	0
EC-21	Ratnapura		ED	1003515	90748	23566	25420	219	0	0	0	0
EC-21A	Eheliyagoda		PD	119946	4772	1898	5087	0	0	0	0	0
EC-21B	Ratnapura		PD	148510	12286	874	7748	72	0	0	0	0
EC-21C	Pelmadulla		PD	95984	17264	4765	653	0	0	0	0	0
EC-21D	Balangoda		PD	124152	16262	4615	7021	82	0	0	0	0
EC-21E	Rakwana		PD	119710	13529	3513	2894	55	0	0	0	0
EC-21F	Nivithigala		PD	101676	12032	4157	1957	10	0	0	0	0
EC-21G	Kalawana		PD	88416	10156	3472	60	0	0	0	0	0
EC-21H	Kolonna		PD	205121	4447	272	0	0	0	0	0	0
EC-22	Kegalle		ED	736385	39724	20829	71510	41	25	0	0	0
EC-22A	Dedigama		PD	106360	3576	79	7647	0	0	0	0	0
EC-22B	Galigamuwa		PD	79394	3020	528	1121	0	0	0	0	0
EC-22C	Kegalle		PD	90458	2255	128	1193	10	25	0	0	0
EC-22D	Rambukkana		PD	82564	846	14	3389	0	0	0	0	0
EC-22E	Mawanella		PD	82919	1180	109	41553	12	0	0	0	0
EC-22F	Aranayaka		PD	62092	1319	76	5453	0	0	0	0	0
EC-22G	Yatiyanthota		PD	73390	10050	10381	3100	0	0	0	0	0
EC-22H	Ruwanwella		PD	86142	6576	2089	7990	0	0	0	0	0
EC-22I	Deraniyagala		PD	73066	10902	7425	64	19	0	0	0	0
LG-11011	Colombo MC		LG	174840	159404	6693	160753	2889	2620	23	310	0
LG-11012	Dehiwala Mount Lavinia MC		LG	111776	24865	1817	40821	1414	542	26	0	0
LG-11013	Moratuwa MC		LG	149858	5837	242	3375	360	147	0	0	0
LG-11014	Sri Jayawardanapura Kotte MC		LG	81556	6689	454	6012	744	319	0	10	0
LG-11015	Kaduwela MC		LG	267158	5248	188	2572	1108	970	0	18	0
LG-11021	Kolonnawa UC		LG	22731	14033	207	21610	372	373	0	0	0
LG-11022	Seethawakapura UC		LG	21680	7235	2857	415	0	0	0	0	0
LG-11023	Maharagama UC		LG	188590	3760	357	1721	1075	655	0	0	0
LG-11024	Kesbewa UC		LG	200026	2272	55	543	616	220	0	0	0
LG-11025	Boralesgamuwa UC		LG	55154	1597	120	1412	582	136	0	0	0
LG-11031	Homagama PS		LG	292872	3214	137	919	310	368	0	0	0
LG-11033	Kotikawatta-Mullariyawa PS		LG	105123	4252	336	43089	415	1093	0	0	0
LG-11034	Seethawaka PS		LG	136581	5207	949	1425	0	13	0	0	0
LG-12011	Negombo MC		LG	102579	12174	837	23217	366	86	37	0	0
LG-12012	Gampaha MC		LG	62944	284	33	72	30	14	0	0	0
LG-12022	Ja- Ela UC		LG	27819	1881	173	36	179	13	0	0	0
LG-12023	Katunayaka- Seeduwa UC/Katana PS		LG	47052	2312	256	248	56	14	92	12	0
LG-12024	Minuwangoda UC		LG	6535	171	12	408	0	0	0	0	0
LG-12025	Peliyagoda UC		LG	18045	4147	123	1993	117	0	0	0	0
LG-12026	Wattala - Mabola UC		LG	11595	8826	258	8179	121	132	0	0	0
LG-12031	Attanagalla PS		LG	167492	1103	168	27478	58	445	0	0	0
LG-12032	Biyagama PS		LG	186859	3182	289	15748	206	469	0	0	0
LG-12033	Divulapitiya PS		LG	155173	1005	61	41	52	0	0	0	0
LG-12034	Dompe PS		LG	166320	447	13	2377	10	23	0	0	0
LG-12035	Gampaha PS		LG	140695	595	38	18	61	59	0	0	0
LG-12036	Ja- Ela PS		LG	163340	6806	410	777	1931	868	23	22	0
LG-12037	Katana PS		LG	169994	10618	684	4939	225	684	1507	0	0
LG-12038	Kelaniya PS		LG	89605	6422	380	10233	416	1817	12	36	0
LG-12039	Mahara PS		LG	209413	2447	177	6732	430	3183	0	0	0
LG-12040	Minuwangoda PS		LG	183634	702	55	6256	70	75	0	0	0
LG-12041	Mirigama PS		LG	166648	730	12	8507	0	0	0	135	0
LG-12042	Wattala PS		LG	112770	32155	1413	4651	1279	594	33	0	0
LG-13011	Kalutara MC		LG	53233	1418	189	14159	12	0	0	0	0
LG-13021	Beruwala UC		LG	5949	498	67	37329	0	0	0	0	0
LG-13022	Horana UC/Horana PS		LG	9468	751	126	0	0	0	0	0	0
LG-13024	Panadura UC/Panadura PS		LG	32481	258	0	112	0	28	0	0	0
LG-13031	Agalawatta PS		LG	35609	780	0	71	0	0	0	0	0
LG-13032	Bandaragama PS		LG	108346	338	16	14882	18	37	0	0	0
LG-13033	Beruwala PS		LG	103993	1284	128	31094	13	16	0	0	0
LG-13034	Bulathsinhala PS		LG	55309	5426	2244	2401	0	0	0	0	0
LG-13035	Dodangoda PS		LG	59928	6285	705	0	0	0	0	0	0
LG-13036	Horana PS		LG	173531	7016	422	40	46	0	0	10	0
LG-13037	Kalutara PS		LG	96641	396	0	11	38	0	0	0	0
LG-13038	Mathugama PS		LG	75039	6568	840	3418	14	0	0	0	0
LG-13039	Panadura PS		LG	121271	903	71	31605	60	113	0	0	0
LG-13040	Walallawita PS		LG	53522	779	859	12	0	0	0	0	0
LG-13041	Madurawala PS		LG	33633	2671	314	0	0	0	0	0	0
LG-13042	Palindanuwara PS		LG	46704	3438	278	622	11	0	0	0	0
LG-13043	Millaniya PS		LG	54429	1251	208	0	21	0	0	0	0
LG-21011	Kandy MC/ Pathadumbara PS		LG	69604	12242	1091	16906	504	150	0	0	0
LG-21021	Gampola UC		LG	21858	3348	637	15800	0	142	0	0	0
LG-21022	Kadugannawa UC/Yatinuwara PS		LG	18323	391	10	1334	0	0	0	0	0
LG-21023	Nawalapitiya UC/Pasbage Korale PS		LG	9900	7282	1542	6764	48	92	0	0	0
LG-21024	Wattegama UC/ Pathadumbara PS		LG	14280	1363	170	364	0	0	0	0	0
LG-21025	Medadumbara PS		LG	423	0	0	0	0	0	0	0	0
LG-21031	Akurana PS		LG	19403	3745	146	47584	0	0	0	0	0
LG-21032	Ganga Ihala Korale		LG	47963	5324	1044	4695	0	16	0	0	0
LG-21033	Harispattuwa PS		LG	79997	1657	193	10011	43	0	0	0	0
LG-21034	Kandy Four Graverts &Gangawata Korale PS		LG	49688	4868	579	2834	69	0	0	0	0
LG-21035	Medadumbara PS		LG	117582	15987	2055	8560	169	60	0	0	0
LG-21036	Medadumbara PS		LG	47145	10527	900	4796	0	0	0	0	0
LG-21037	Minipe PS		LG	55043	0	0	205	0	0	0	0	0
LG-21038	Panvila PS		LG	9764	8955	5894	954	15	27	0	0	0
LG-21039	Pasbage Korale PS		LG	21689	6458	8150	3330	15	23	0	0	0
LG-21040	Pathadumbara PS		LG	50411	759	222	21467	23	27	0	0	0
LG-21041	Pathhewaheta PS		LG	67517	12328	3157	9207	32	20	0	0	0
LG-21042	Pujapitiya PS		LG	47978	1057	472	10595	28	0	0	0	0
LG-21043	Thumpane PS		LG	64499	674	37	4416	10	16	0	0	0
LG-21044	Udadumbara PS		LG	21126	1013	722	110	0	0	0	0	0
LG-21045	Udapalatha PS		LG	73070	19392	9529	11532	108	37	0	0	0
LG-21046	Udunuwara PS		LG	86641	2121	599	31058	60	27	0	0	0
LG-21047	Yatinuwara PS		LG	83315	1961	224	6653	0	0	0	0	0
LG-22011	Matale MC/ Matale PS		LG	22801	10163	312	13868	68	49	0	0	0
LG-22012	Dambulla MC		LG	25515	584	16	129	0	0	0	0	0
LG-22031	Ambanganga Korale PS		LG	11919	3215	614	61	0	0	0	0	0
LG-22032	Dambulla PS		LG	52386	89	0	2281	0	0	0	0	0
LG-22033	Galewela PS		LG	66155	1143	25	11083	24	0	0	0	0
LG-22034	Laggala-Pallegama PS		LG	16799	16	0	0	0	0	0	0	0
LG-22035	Matale PS		LG	29213	3846	649	1758	11	14	0	0	0
LG-22036	Naula PS		LG	28540	1612	51	426	0	0	0	0	0
LG-22037	Pallepola PS		LG	29426	939	27	1131	0	0	0	0	0
LG-22038	Rattota PS		LG	38510	11165	1586	2159	30	56	0	0	0
LG-22039	Ukuwela PS		LG	43505	6713	2954	16162	74	39	0	0	0
LG-22040	Wilgamuwa PS		LG	33128	0	0	0	0	0	0	0	0
LG-22041	Yatawatta PS		LG	26879	2087	1197	2100	0	0	0	0	0
LG-23011	Nuwara Eliya MC/ Nuwara Eliya PS		LG	12919	7234	6691	2419	50	51	0	0	0
LG-23021	Hatton - Dickoya UC/ Ambagamuwa PS		LG	3777	1264	19274	2977	120	56	0	0	0
LG-23022	Thalawakale-Lindula UC/ Kotagala PS		LG	3045	2039	18218	374	35	0	0	0	0
LG-23031	Ambagamuwa PS		LG	34090	3290	26812	269	76	0	0	0	0
LG-23032	Hanguranketha PS		LG	80124	3873	7871	36	0	0	0	0	0
LG-23033	Kothmale PS		LG	54470	17975	23199	7785	53	0	0	0	0
LG-23034	Nuwara Eliya PS		LG	16071	9000	29140	1894	181	0	0	0	0
LG-23035	Walapane PS		LG	66728	6966	33032	762	0	0	0	0	0
LG-23036	Maskeliya PS		LG	2577	736	42607	481	73	0	0	0	0
LG-23037	Noorwood PS		LG	1691	3122	59197	1085	52	31	0	0	0
LG-23038	Agarapathana PS		LG	3384	2902	57162	512	122	0	0	0	0
LG-23039	Kotagala PS		LG	3028	1499	38949	354	302	19	0	0	0
LG-31011	Galle MC		LG	60960	552	27	27358	14	11	0	0	0
LG-31021	Ambalangoda UC		LG	19986	11	0	0	0	0	0	0	0
LG-31022	Hikkaduwa UC		LG	25926	88	0	0	0	0	0	0	0
LG-31031	Akmeemana PS		LG	82527	1078	10	2258	0	0	0	0	0
LG-31032	Ambalangoda PS		LG	62588	24	34	0	0	0	0	0	0
LG-31033	Baddegama PS		LG	76027	2402	57	0	0	0	0	0	0
LG-31034	Balapitiya PS		LG	66863	50	0	1068	0	0	0	0	0
LG-31035	Benthota PS		LG	48407	11	0	1026	0	0	0	0	0
LG-31036	Bope_Poddala PS		LG	63119	300	280	12999	0	0	0	0	0
LG-31037	Elpitiya PS		LG	64918	1335	265	0	0	0	0	0	0
LG-31038	Habaraduwa PS		LG	63018	10	0	10	0	0	0	0	0
LG-31039	Rajgama PS		LG	74587	116	0	20	0	0	0	0	0
LG-31040	Karandeniya PS		LG	62810	346	0	577	0	0	0	0	0
LG-31041	Nagoda PS		LG	47957	3524	471	0	0	0	0	0	0
LG-31042	Neluwa PS		LG	26094	1373	220	0	0	0	0	0	0
LG-31043	Niyagama PS		LG	35359	267	76	0	0	0	0	0	0
LG-31044	Thawalama PS		LG	29222	1572	126	0	0	0	0	0	0
LG-31045	Yakkalamulla PS		LG	43902	1946	754	0	0	0	0	0	0
LG-31046	Imaduwa PS		LG	48008	66	33	0	0	0	0	0	0
LG-31047	Welivitiya_Divithura PS		LG	28076	1174	41	0	0	0	0	0	0
LG-32011	Matara MC		LG	78452	251	20	4586	32	0	0	0	0
LG-32021	Weligama UC		LG	12600	106	12	8591	0	0	0	0	0
LG-32031	Akuressa PS		LG	51916	1493	78	0	0	0	0	0	0
LG-32032	Devinuwara PS		LG	48394	67	0	723	0	0	0	0	0
LG-32033	Dickwella PS		LG	53223	28	0	3090	0	0	0	0	0
LG-32034	Hakmana PS		LG	31922	10	0	1006	0	0	0	0	0
LG-32035	Kamburupitiya PS		LG	76800	70	0	20	26	0	0	0	0
LG-32036	Kotapola PS		LG	51042	2841	6948	37	32	0	0	0	0
LG-32037	Malimbada PS		LG	35512	18	0	559	0	0	0	0	0
LG-32038	Matara PS		LG	40207	0	0	0	0	0	0	0	0
LG-32039	Mulatiyana PS		LG	51505	268	0	0	0	0	0	0	0
LG-32040	Pasgoda PS		LG	58983	1782	264	0	0	0	0	0	0
LG-32042	Weligama PS		LG	102212	103	24	8111	0	0	0	0	0
LG-32043	Pitadeddara PS		LG	45951	2467	351	0	0	0	0	0	0
LG-32044	Athuraliya PS		LG	30115	727	65	1840	0	0	0	0	0
LG-32045	Kirinda Puhulwella PS		LG	19961	0	0	651	0	0	0	0	0
LG-33011	Hambantota MC		LG	15137	745	17	8433	13	1940	0	0	0
LG-33021	Tangalle UC		LG	6753	70	0	735	0	0	0	0	0
LG-33031	Ambalantota PS		LG	78331	229	0	1565	0	239	0	0	0
LG-33032	Angunakolapelessa PS		LG	53363	0	0	0	0	0	0	0	0
LG-33033	Beliatta PS		LG	58564	34	0	0	0	0	0	0	0
LG-33034	Hambantota PS		LG	39814	90	14	444	0	398	0	0	0
LG-33035	Katuwana PS		LG	76447	0	0	0	0	0	0	0	0
LG-33036	Lunugamvehera PS		LG	36217	31	0	567	0	34	0	0	0
LG-33037	Tangalle PS		LG	71515	14	0	248	10	0	0	0	0
LG-33038	Thissamaharama PS		LG	71848	293	0	634	0	1260	0	0	0
LG-33039	Weeraketiya PS		LG	90639	12	0	989	0	0	0	0	0
LG-33040	Sooriyawewa PS		LG	52646	0	0	0	0	0	0	0	0
LG-41011	Jaffna MC		LG	961	78827	58	2769	0	0	0	0	0
LG-41021	Chavakachcheri UC		LG	10	16176	14	47	0	0	0	0	0
LG-41022	Point Pedro UC		LG	0	11586	0	0	0	0	0	0	0
LG-41023	Valvettiturai UC/ Vadamaradchi South West PS		LG	0	10518	0	0	0	0	0	0	0
LG-41031	Chavakachcheri PS		LG	121	51152	51	32	0	0	0	0	0
LG-41032	Delft PS		LG	0	3153	0	0	0	0	0	0	0
LG-41033	Kayts PS		LG	14	9894	0	0	0	0	0	0	0
LG-41034	Nallur PS		LG	1364	36550	105	375	0	0	0	0	0
LG-41035	Point Pedro PS		LG	41	35493	0	0	0	0	0	0	0
LG-41036	Vadamaradchi South West PS		LG	13	40111	0	0	0	0	0	0	0
LG-41037	Valikamam East PS		LG	0	75620	52	108	14	0	0	0	0
LG-41038	Valikamam North PS		LG	51	44715	16	0	0	0	0	0	0
LG-41039	Valikamam South PS		LG	21	50258	11	107	0	0	0	0	0
LG-41040	Valikamam South West PS		LG	0	51990	0	14	0	0	0	0	0
LG-41041	Valikamam West PS		LG	10	45044	10	0	0	0	0	0	0
LG-41042	Velanai PS		LG	0	16291	0	237	0	0	0	0	0
LG-41043	Karainagar PS		LG	0	9110	0	0	0	0	0	0	0
LG-42021	Mannar UC		LG	128	21958	0	1960	0	0	0	0	0
LG-42031	Mannar PS		LG	67	21098	36	12347	0	0	0	0	0
LG-42032	Manthai West PS		LG	11	21675	10	3472	0	0	0	0	0
LG-42033	Musali PS		LG	99	4442	0	13537	0	0	0	0	0
LG-42034	Nanattan PS		LG	196	20802	104	1365	0	0	0	0	0
LG-43011	Vavuniya MC/ Vavuniya South (Tamil) PS		LG	1177	36373	479	3451	0	0	0	0	0
LG-43031	Vavuniya North PS		LG	1145	13309	172	0	0	0	0	0	0
LG-43032	Vavuniya South (Sinhala) PS		LG	13968	581	0	0	0	0	0	0	0
LG-43033	Vavuniya South (Tamil) PS		LG	2106	67924	675	4604	11	0	0	0	0
LG-43034	Vengalacheddikulam PS		LG	35	16921	213	8511	0	0	0	0	0
LG-44031	Vavuniya North PS		LG	5872	53	0	0	0	0	0	0	0
LG-44041	Manthai East PS		LG	26	7534	51	0	0	0	0	0	0
LG-44042	Maritimepattu PS		LG	4781	32810	45	2951	0	0	0	0	0
LG-44043	Puthukudiyiruppu PS		LG	261	57155	41	54	0	0	0	0	0
LG-44044	Thunukkai PS		LG	30	10318	0	19	0	0	0	0	0
LG-45031	Karachchi PS		LG	1498	97225	257	326	0	0	0	0	0
LG-45032	Pachchillaipalli PS		LG	0	12681	307	0	0	0	0	0	0
LG-45033	Poonagari PS		LG	17	23117	19	865	0	0	0	0	0
LG-51001	Eravur Pattu PS		LG	0	5109	12	0	44	0	0	0	0
LG-51002	Eravur Pattu PS		LG	11	5111	0	1020	10	0	0	0	0
LG-51003	Eravur Pattu PS		LG	13	58	23	6533	0	0	0	0	0
LG-51004	Eravur Pattu PS		LG	14	0	0	7514	0	0	0	0	0
LG-51005	Koralai Pattu PS		LG	0	4317	0	3290	35	0	0	0	0
LG-51006	Koralai Pattu PS		LG	675	14598	13	790	14	0	0	0	0
LG-51007	Koralai Pattu PS		LG	281	14662	0	58	18	0	0	0	0
LG-51008	Eravur Pattu PS		LG	0	4373	0	0	0	0	0	0	0
LG-51009	Eravur Pattu PS		LG	0	6082	0	0	0	0	0	0	0
LG-51010	Koralai Pattu PS		LG	90	8170	0	0	14	0	0	0	0
LG-51011	Koralai Pattu PS		LG	1178	99297	332	6838	2422	0	0	0	0
LG-51012	Eravur Pattu PS		LG	0	4431	36	0	0	0	0	0	0
LG-51013	Eravur Pattu PS		LG	0	3922	0	0	0	0	0	0	0
LG-51014	Eravur Pattu PS		LG	0	6136	0	0	0	0	0	0	0
LG-51015	Eravur Pattu PS		LG	0	870	0	0	0	0	0	0	0
LG-51016	Eravur Pattu PS		LG	0	4853	0	68	0	0	0	0	0
LG-51017	Eravur Pattu PS		LG	28	2164	0	73	0	0	0	0	0
LG-51018	Eravur Pattu PS		LG	1773	0	0	0	0	0	0	0	0
LG-51021	Kattankudy UC		LG	23	0	0	44692	0	0	0	0	0
LG-51022	Eravur UC		LG	0	16	0	22822	0	0	0	0	0
LG-51034	Koralai Pattu PS		LG	62	25344	0	23604	0	0	0	0	0
LG-51035	Koralai Pattu North PS		LG	163	24582	0	3169	12	0	0	0	30
LG-51036	Koralai Pattu West PS		LG	31	3262	26	28356	61	0	0	0	0
LG-51037	Manmunaipattu PS		LG	73	25225	77	11030	0	0	0	0	0
LG-51038	Manmunai South & Eruvil Pattu PS		LG	65	62604	0	0	41	0	0	0	0
LG-51039	Manmunai South-West PS		LG	1347	25298	0	0	0	0	0	0	0
LG-51040	Manmunai West (Vavunativu) PS		LG	0	32680	0	13	0	0	0	0	38
LG-51041	Porativepattu PS		LG	195	38284	10	0	0	0	0	0	0
LG-52011	Kalmunai MC		LG	145	27545	33	85633	486	0	0	0	0
LG-52012	Akkaraipattu MC		LG	36	115	17	36389	0	0	0	0	0
LG-52021	Ampara UC/ Namaloya PS		LG	26170	166	0	142	12	100	0	0	0
LG-52031	Addalachchanai PS		LG	3417	698	115	48854	0	0	0	0	0
LG-52032	Alayadiwembu PS		LG	168	24252	24	44	152	0	0	0	0
LG-52033	Damana PS		LG	36619	0	0	160	0	0	0	0	0
LG-52034	Dehiattakandiya PS		LG	66325	71	0	63	0	0	0	0	741
LG-52036	Akkaraipattu PS		LG	41	25	0	8273	0	0	0	0	0
LG-52037	Lahugala PS		LG	9732	661	0	0	0	0	0	0	0
LG-52038	Mahaoya PS		LG	23572	0	0	0	0	0	0	0	89
LG-52039	Namaloya PS		LG	24643	0	0	0	0	0	0	0	0
LG-52040	Ninthavur PS		LG	0	968	26	29586	0	0	0	0	0
LG-52041	Padiyathalawa  PS		LG	20731	25	0	43	0	0	0	0	0
LG-52042	Pothuvil  PS		LG	765	7573	0	34436	43	0	0	0	0
LG-52043	Sammanthurai PS		LG	519	8846	20	63040	216	0	0	0	0
LG-52044	Thirukkovili PS		LG	21	29141	19	0	0	0	0	0	0
LG-52045	Uhana PS		LG	62130	0	0	0	0	0	0	0	0
LG-52046	Karathivu PS		LG	0	11080	0	8279	83	0	0	0	0
LG-52047	Navithanveli PS		LG	78	13779	0	7940	0	0	0	0	0
LG-52048	Irakkamam PS		LG	964	385	0	16255	0	0	0	0	0
LG-53011	Trincomalee MC		LG	10117	32864	43	8304	241	96	0	0	0
LG-53022	Kinniya UC		LG	55	2392	12	41272	0	0	0	0	0
LG-53031	Gomarankadawala PS		LG	8349	35	0	0	0	0	0	0	0
LG-53032	Kanthale PS		LG	40173	1535	0	8977	51	0	0	0	0
LG-53033	Kinniya PS		LG	0	119	11	42460	0	0	0	0	0
LG-53034	Kuchchaveli PS		LG	1804	11913	121	25896	40	0	0	0	0
LG-53035	Morawewa PS		LG	6413	1201	0	1536	0	0	0	0	0
LG-53036	Muttur PS		LG	267	25901	0	45367	156	0	0	0	0
LG-53037	Padavi Sri Pura PS		LG	12064	0	0	0	0	0	0	0	0
LG-53038	Seruvila PS		LG	9824	2916	0	3211	0	0	0	0	0
LG-53039	Thambalagamuwa PS		LG	7496	5853	0	20216	0	0	0	0	0
LG-53040	Trincomalee Town and Gravets  PS		LG	11820	29221	251	6644	284	171	0	0	0
LG-53041	Verugal PS		LG	46	13975	0	0	0	0	0	0	0
LG-61011	Kurunegala MC		LG	19483	1914	30	4346	0	114	0	0	0
LG-61021	Kuliyapitiya UC/ Kuliyapitiya PS		LG	4053	464	28	523	0	15	0	0	0
LG-61031	Alawwa PS		LG	65444	77	48	0	0	0	0	0	0
LG-61032	Bingiriya PS		LG	63853	353	73	2232	0	0	0	0	0
LG-61033	Galgamuwa PS		LG	84240	572	0	4866	0	0	0	0	0
LG-61034	Giribawa PS		LG	31868	0	0	3005	0	0	0	0	0
LG-61035	Ibbagamuwa PS		LG	125791	1048	12	10418	12	0	0	0	0
LG-61036	Kobeigane PS		LG	35249	31	0	5280	0	0	0	0	0
LG-61037	Kuliyapitiya PS		LG	114842	736	23	22681	0	15	0	0	0
LG-61038	Kurunegala PS		LG	143648	2901	193	16764	28	244	0	0	0
LG-61039	Maho PS		LG	85113	264	0	3987	0	62	0	0	0
LG-61040	Mawathagama PS		LG	58509	3010	446	8686	0	0	0	0	0
LG-61041	Nikaweratiya PS		LG	85348	319	0	6443	0	0	0	0	0
LG-61042	Panduwasnuwara PS		LG	91169	659	55	10781	0	0	0	0	0
LG-61043	Pannala PS		LG	124730	1402	22	9228	0	13	0	0	0
LG-61044	Polgahawela PS		LG	95312	1663	27	6609	0	34	0	0	0
LG-61045	Polpithigama PS		LG	86173	65	0	0	0	0	0	0	0
LG-61046	Rideegama PS		LG	80568	2913	11	12265	0	0	0	0	0
LG-61047	Wariyapola PS		LG	103500	247	22	1863	0	0	0	0	0
LG-61048	Udubaddawa PS		LG	47458	566	38	6226	0	0	0	0	0
LG-61049	Narammala PS		LG	55535	271	0	3785	0	0	0	0	0
LG-62011	Puttalam MC		LG	8990	4051	65	37706	95	305	0	0	0
LG-62021	Chilaw UC		LG	17786	1662	25	1615	0	52	0	0	0
LG-62031	Anamaduwa PS		LG	79213	1155	0	5952	0	0	0	0	0
LG-62032	Arachchikattuwa PS		LG	50233	8874	28	6021	79	0	0	0	0
LG-62033	Chilaw PS		LG	80142	4346	146	6410	16	0	0	0	0
LG-62034	Kalpitiya PS		LG	44244	16339	189	73638	913	43	0	0	0
LG-62035	Karuwalagaswewa PS		LG	25977	89	0	0	48	0	0	0	0
LG-62036	Nattandiya PS		LG	103480	2506	52	7820	57	10	0	0	0
LG-62037	Nawagattegama PS		LG	17504	18	0	0	0	0	0	0	0
LG-62038	Puttalam PS		LG	29435	4417	59	27243	27	24	0	0	0
LG-62039	Vanathawilluwa PS		LG	11137	1295	0	7227	244	0	0	0	0
LG-62040	Wennappuwa PS		LG	123595	3045	97	415	0	0	0	0	0
LG-71011	Anuradhapura MC/ Nuwaragam Palatha Central PS		LG	64100	1196	79	5428	26	0	0	0	0
LG-71031	Galenbindunuwewa PS		LG	50079	25	0	1775	0	0	0	0	0
LG-71032	Galnewa PS		LG	36635	83	0	2691	0	0	0	0	0
LG-71033	Horowpothana PS		LG	28997	75	0	12105	0	0	0	0	0
LG-71034	Ipalogama PS		LG	35434	54	19	6164	0	0	0	0	0
LG-71035	Kahatagasdigiliya PS		LG	34252	150	10	10410	0	0	0	0	0
LG-71036	Kebithigollewa PS		LG	23758	10	0	2630	0	0	0	0	0
LG-71037	Kekirawa PS		LG	68889	1536	29	12692	19	0	0	0	0
LG-71038	Medawachchiya PS		LG	48765	165	0	3464	0	0	0	0	0
LG-71039	Mihinthale PS		LG	36927	357	23	2252	0	56	0	0	0
LG-71040	Nochchiyagama PS		LG	52819	181	0	2375	0	0	0	0	0
LG-71041	Nuwaragam Palatha Central PS		LG	70799	56	0	3822	0	0	0	0	0
LG-71042	Nuwaragam Palatha East PS		LG	53606	10	0	413	0	0	0	0	0
LG-71043	Padaviya PS		LG	24458	0	0	0	0	0	0	0	0
LG-71044	Palagala PS		LG	32544	75	0	5770	0	0	0	0	0
LG-71045	Rajanganaya PS		LG	36195	11	0	0	0	0	0	0	0
LG-71046	Rambewa PS		LG	34559	14	0	5194	0	0	0	0	0
LG-71047	Thalawa PS		LG	106825	67	0	563	0	0	0	0	0
LG-71048	Nuwaragam Palatha East PS		LG	30341	68	0	5225	0	0	0	0	0
LG-72011	Polonnaruwa MC		LG	29520	247	0	7436	12	0	0	0	0
LG-72031	Dimbulagala PS		LG	82969	2584	0	0	0	0	0	0	221
LG-72032	Elahera PS		LG	48381	76	0	0	0	0	0	0	0
LG-72033	Hingurakgoda PS		LG	69833	105	0	550	0	0	0	0	0
LG-72034	Lankapura PS		LG	27079	11	0	12525	0	0	0	0	0
LG-72035	Medirigiriya PS		LG	70929	0	0	1471	0	0	0	0	0
LG-72037	Welikanda PS		LG	28232	3269	0	6622	0	0	0	0	0
LG-72038	Polonnaruwa PS		LG	45832	722	13	8080	0	0	0	0	0
LG-81011	Badulla MC		LG	32771	3520	1294	7187	105	258	0	0	0
LG-81012	Bandarawela MC/ Bandarawela  PS		LG	26864	3625	1343	3626	77	54	0	0	0
LG-81022	Haputale  UC/ Haputale  PS		LG	1119	1665	4368	1530	0	0	0	0	0
LG-81031	Badulla PS		LG	24663	2133	9668	1217	27	35	0	0	0
LG-81032	Bandarawela  PS		LG	22590	1391	7615	905	0	0	0	0	0
LG-81033	Ella  PS		LG	30884	7670	6663	1274	0	22	0	0	0
LG-81034	Haldummulla  PS		LG	21590	6648	9961	460	0	0	0	0	0
LG-81035	Hali-Ela  PS		LG	60374	17744	11394	4283	105	95	0	0	0
LG-81036	Haputale  PS		LG	23770	5997	7115	2533	0	0	0	0	0
LG-81037	Kandaketiya PS		LG	25477	316	481	584	0	0	0	0	0
LG-81038	Mahiyanganaya PS		LG	86448	14	0	2317	0	0	0	0	168
LG-81039	Meegahaivula PS		LG	20859	209	1547	0	0	0	0	0	0
LG-81040	Passara PS		LG	27268	6828	12755	2562	77	35	0	0	0
LG-81041	Rideemaliyadda PS		LG	60675	93	31	0	0	0	0	0	0
LG-81042	Soranathota PS		LG	19749	552	3796	241	0	0	0	0	0
LG-81043	Uva Paranagama  PS		LG	69488	5796	4068	2438	122	0	0	0	0
LG-81044	Welimada  PS		LG	73138	8495	4026	19485	35	0	0	0	0
LG-81045	Lunugala PS		LG	12890	8553	9219	1122	0	0	0	0	0
LG-82031	Badalkumbura PS		LG	39646	4235	452	2149	0	0	0	0	0
LG-82032	Bibila PS		LG	44947	999	11	1200	0	0	0	0	0
LG-82033	Buttala PS		LG	59686	420	0	392	0	0	0	0	0
LG-82034	Katharagama PS		LG	17345	744	0	35	0	0	0	0	0
LG-82035	Madulla PS		LG	36395	0	0	0	0	0	0	0	0
LG-82036	Medagama PS		LG	37759	23	0	6764	0	0	0	0	0
LG-82037	Moneragala PS		LG	48766	7218	624	265	0	0	0	0	0
LG-82038	Siyambalanduwa PS		LG	62902	11	12	26	0	0	0	0	0
LG-82039	Thanamalvila PS		LG	80477	31	0	0	0	0	0	0	0
LG-82040	Wellawaya PS		LG	71443	605	26	1090	0	0	0	0	0
LG-91011	Ratnapura MC/ Ratnapura PS		LG	46039	5313	443	6901	36	0	0	0	0
LG-91021	Balangoda UC/ Imbulpe PS		LG	24087	5986	1664	6123	82	0	0	0	0
LG-91022	Embilipitiya UC		LG	43024	12	0	0	0	0	0	0	0
LG-91032	Ayagama PS		LG	26188	2504	1209	0	0	0	0	0	0
LG-91033	Balangoda PS		LG	45993	4837	1588	850	0	0	0	0	0
LG-91034	Eheliyagoda PS		LG	66476	2454	1085	3845	0	0	0	0	0
LG-91035	Embilipitiya PS		LG	116708	73	0	0	0	0	0	0	0
LG-91036	Imbulpe PS		LG	54072	5439	1363	48	0	0	0	0	0
LG-91037	Kalawana PS		LG	44601	4027	2055	0	0	0	0	0	0
LG-91038	Kolonna PS		LG	45389	4362	272	0	0	0	0	0	0
LG-91039	Kuruvita PS		LG	122465	5821	995	2042	36	0	0	0	0
LG-91040	Nivithigala PS		LG	85893	9963	1362	517	10	0	0	0	0
LG-91041	Pelmadulla PS		LG	78253	9352	3106	588	0	0	0	0	0
LG-91042	Ratnapura PS		LG	51207	11382	1908	112	0	0	0	0	0
LG-91043	Weligepola PS		LG	58922	1921	231	226	0	0	0	0	0
LG-91044	Godakawela PS		LG	60788	11608	3282	2668	55	0	0	0	0
LG-91045	Kahawatta PS		LG	33410	5694	3003	1500	0	0	0	0	0
LG-92011	Kegalle MC		LG	15026	600	31	524	0	25	0	0	0
LG-92031	Aranayaka  PS		LG	62092	1319	76	5453	0	0	0	0	0
LG-92032	Dehiovita PS		LG	68007	7557	5477	3812	0	0	0	0	0
LG-92033	Deraniyagala PS		LG	34656	6607	2636	15	19	0	0	0	0
LG-92034	Galigamuwa PS		LG	69747	2591	194	1121	0	0	0	0	0
LG-92035	Kegalle PS		LG	75432	1655	97	669	10	0	0	0	0
LG-92036	Mawanella PS		LG	82919	1180	109	41553	12	0	0	0	0
LG-92037	Rambukkana PS		LG	82564	846	14	3389	0	0	0	0	0
LG-92038	Ruwanwella  PS		LG	56545	3314	1401	4227	0	0	0	0	0
LG-92039	Warakapola PS		LG	106360	3576	79	7647	0	0	0	0	0
LG-92040	Yatiyanthota PS		LG	45611	6306	7187	3046	0	0	0	0	0
LG-92041	Bulathkohupitiya PS		LG	37426	4173	3528	54	0	0	0	0	0
LK	Sri Lanka	Sri Lanka	COUNTRY	16140688	2665574	590087	2274372	25159	22838	1753	553	1287
LK-11	Colombo	Colombo	DISTRICT	1807945	243613	14412	284667	9885	7456	49	338	0
LK-1103	Colombo	Colombo	DSD	64504	96647	4466	122247	1381	1708	13	299	0
LK-1103005	Sammanthranapura	Sammanthranapura	GND	3234	2485	32	1865	16	0	0	0	0
LK-1103010	Mattakkuliya	Mattakkuliya	GND	7454	11566	596	8214	189	50	13	0	0
LK-1103015	Modara	Modara	GND	8253	14043	396	8712	147	132	0	25	0
LK-1103020	Madampitiya	Madampitiya	GND	2156	2171	438	2893	0	34	0	0	0
LK-1103025	Mahawatta	Mahawatta	GND	3079	1728	29	2237	17	0	0	0	0
LK-1103030	Aluthmawatha	Aluthmawatha	GND	3525	7103	762	2142	107	56	0	0	0
LK-1103035	Lunupokuna	Lunupokuna	GND	4123	7010	464	277	15	28	0	0	0
LK-1103040	Bloemendhal	Bloemendhal	GND	2117	3934	317	1199	66	15	0	116	0
LK-1103045	Kotahena East	Kotahena East	GND	840	4873	127	211	14	0	0	0	0
LK-1103050	Kotahena West	Kotahena West	GND	1447	7144	133	454	0	0	0	0	0
LK-1103055	Kochchikade North	Kochchikade North	GND	400	5272	25	536	0	0	0	0	0
LK-1103060	Jinthupitiya	Jinthupitiya	GND	692	5884	438	1979	37	0	0	70	0
LK-1103065	Masangasweediya	Masangasweediya	GND	344	2194	107	4068	10	43	0	12	0
LK-1103070	New Bazaar	New Bazaar	GND	997	2233	33	8106	65	41	0	0	0
LK-1103075	Grandpass South	Grandpass South	GND	4727	2497	60	6737	111	31	0	0	0
LK-1103080	Grandpass North	Grandpass North	GND	1647	1520	30	6921	29	26	0	0	0
LK-1103085	Nawagampura	Nawagampura	GND	1816	3510	37	1602	16	0	0	0	0
LK-1103090	Maligawatta East	Maligawatta East	GND	2023	599	23	7170	164	239	0	0	0
LK-1103095	Khettarama	Khettarama	GND	958	1184	22	10405	60	120	0	0	0
LK-1103100	Aluthkade East	Aluthkade East	GND	353	826	45	7600	23	0	0	0	0
LK-1103105	Aluthkade West	Aluthkade West	GND	371	464	28	4406	24	23	0	0	0
LK-1103110	Kochchikade South	Kochchikade South	GND	869	1371	53	4722	64	14	0	0	0
LK-1103115	Pettah	Pettah	GND	168	297	0	116	0	0	0	0	0
LK-1103120	Fort	Fort	GND	482	171	0	124	11	0	0	0	0
LK-1103125	Galle Face	Galle Face	GND	552	361	38	2225	20	88	0	0	0
LK-1103130	Slave Island	Kompagngnaweediya	GND	684	372	20	1795	0	304	0	0	0
LK-1103135	Hunupitiya	Hunupitiya	GND	1045	567	44	2006	0	80	0	0	0
LK-1103140	Suduwella	Suduwella	GND	852	602	12	1636	10	0	0	0	0
LK-1103145	Keselwatta	Keselwatta	GND	1757	867	16	2893	55	13	0	0	0
LK-1103150	Panchikawatta	Panchikawatta	GND	1334	1078	25	4364	0	13	0	0	0
LK-1103155	Maligawatta West	Maligawatta West	GND	1591	1083	20	4245	36	30	0	0	0
LK-1103160	Maligakanda	Maligakanda	GND	1392	275	22	5648	0	44	0	0	0
LK-1103165	Maradana	Maradana	GND	1042	451	0	1491	0	0	0	0	0
LK-1103170	Ibbanwala	Ibbanwala	GND	1118	229	38	157	75	14	0	76	0
LK-1103175	Wekanda	Wekanda	GND	1062	683	36	3091	0	270	0	0	0
LK-1106	Kolonnawa	Kolonnawa	DSD	127854	18285	543	64699	787	1466	0	0	0
LK-1106005	Wadulla	Wadulla	GND	1633	3689	47	873	32	23	0	0	0
LK-1106010	Sedawatta	Sedawatta	GND	2366	2757	27	698	19	0	0	0	0
LK-1106015	Halmulla	Halmulla	GND	2014	151	0	197	0	0	0	0	0
LK-1106020	Kotuvila	Kotuvila	GND	4088	409	0	902	22	0	0	0	0
LK-1106025	Veheragoda	Veheragoda	GND	965	776	0	147	0	0	0	0	0
LK-1106030	Orugodawatta	Orugodawatta	GND	1051	2450	0	1001	17	0	0	0	0
LK-1106035	Meethotamulla	Meethotamulla	GND	3387	1467	21	3498	150	82	0	0	0
LK-1106040	Welewatta	Welewatta	GND	2552	353	27	4668	73	19	0	0	0
LK-1106045	Kittampahuwa	Kittampahuwa	GND	2742	196	35	3773	0	116	0	0	0
LK-1106050	Wennawatta	Wennawatta	GND	3749	334	26	5645	20	117	0	0	0
LK-1106055	Maha Buthgamuwa B	Maha Buthgamuwa B	GND	2775	197	0	2460	0	15	0	0	0
LK-1106060	Kuda Buthgamuwa	Kuda Buthgamuwa	GND	3986	148	0	800	16	19	0	0	0
LK-1106065	Kelanimulla	Kelanimulla	GND	3811	77	15	77	18	72	0	0	0
LK-1106070	Ambathale	Ambathale	GND	3040	97	0	42	0	0	0	0	0
LK-1106075	Mulleriyawa North	Mulleriyawa North	GND	4842	201	30	146	0	43	0	0	0
LK-1106080	Belagama	Belagama	GND	3565	141	0	219	30	77	0	0	0
LK-1106085	Kotikawatta East	Kotikawatta East	GND	3401	88	19	377	16	67	0	0	0
LK-1106090	Maha Buthgamuwa A	Maha Buthgamuwa A	GND	1977	98	16	1734	0	60	0	0	0
LK-1106095	Maha Buthgamuwa C	Maha Buthgamuwa C	GND	1997	105	27	3199	10	80	0	0	0
LK-1106100	Wellampitiya	Wellampitiya	GND	566	30	0	1631	0	32	0	0	0
LK-1106105	Kuruniyawatta	Kuruniyawatta	GND	1758	477	19	1663	32	12	0	0	0
LK-1106110	Kolonnawa	Kolonnawa	GND	873	88	13	1146	0	17	0	0	0
LK-1106115	Dahampura	Dahampura	GND	1183	256	43	1713	24	22	0	0	0
LK-1106120	Singhapura	Singhapura	GND	2715	462	12	1493	23	25	0	0	0
LK-1106125	Megoda Kolonnawa	Megoda Kolonnawa	GND	2061	286	76	11292	13	114	0	0	0
LK-1106130	Bopetta	Bopetta	GND	1390	97	13	3090	0	27	0	0	0
LK-1106135	Batalandahena	Batalandahena	GND	2424	41	0	2335	24	101	0	0	0
LK-1106140	Kotikawatta West	Kotikawatta West	GND	2973	43	10	81	0	0	0	0	0
LK-1106145	Mulleriyawa South	Mulleriyawa South	GND	4714	69	20	103	15	0	0	0	0
LK-1106150	Malgama	Malgama	GND	5662	55	0	80	17	0	0	0	0
LK-1106155	Udumulla North	Udumulla North	GND	2985	23	0	29	0	0	0	0	0
LK-1106160	Maligagodella	Maligagodella	GND	2419	38	0	25	11	0	0	0	0
LK-1106165	Rajasinghagama	Rajasinghagama	GND	6847	156	0	111	32	27	0	0	0
LK-1106170	Udumulla South	Udumulla South	GND	2631	44	0	33	0	0	0	0	0
LK-1106175	Himbutana East	Himbutana East	GND	3951	26	0	24	20	0	0	0	0
LK-1106180	Himbutana West	Himbutana West	GND	3749	30	11	60	0	25	0	0	0
LK-1106185	Malpura	Malpura	GND	4187	283	0	153	23	0	0	0	0
LK-1106190	Gothatuwa New Town	Gothatuwa New Town	GND	2022	46	0	78	0	39	0	0	0
LK-1106195	Kajugahawatta	Kajugahawatta	GND	2116	76	0	358	0	0	0	0	0
LK-1106200	Gothatuwa	Gothatuwa	GND	2078	66	0	660	0	17	0	0	0
LK-1106205	Salamulla	Salamulla	GND	3707	1447	25	3988	28	115	0	0	0
LK-1106210	Wijayapura	Wijayapura	GND	1402	60	0	2489	32	45	0	0	0
LK-1106215	Gajabapura	Gajabapura	GND	1125	74	0	1270	15	0	0	0	0
LK-1106220	Madinnagoda	Madinnagoda	GND	3337	78	0	81	21	15	0	0	0
LK-1106225	Elhena	Elhena	GND	1895	79	0	178	10	22	0	0	0
LK-1106230	Dodamgahahena	Dodamgahahena	GND	3143	121	11	79	24	21	0	0	0
LK-1109	Kaduwela	Kaduwela	DSD	267158	5248	188	2572	1108	970	0	18	0
LK-1109005	Welivita	Welivita	GND	4565	72	12	80	110	43	0	0	0
LK-1109010	Raggahawatta	Raggahawatta	GND	4127	41	0	71	0	11	0	0	0
LK-1109015	Hewagama	Hewagama	GND	4460	41	0	0	17	0	0	0	0
LK-1109020	Kaduwela	Kaduwela	GND	4093	68	0	10	0	0	0	0	0
LK-1109025	Pahala Bomiriya A	Pahala Bomiriya	GND	5069	163	0	0	11	0	0	0	0
LK-1109030	Ihala Bomiriya	Ihala Bomiriya	GND	4687	36	0	11	0	15	0	0	0
LK-1109035	Wekewatta	Wekewatta	GND	4348	98	0	10	0	0	0	0	0
LK-1109040	Nawagamuwa	Nawagamuwa	GND	5819	56	15	0	0	0	0	0	0
LK-1109045	Pahala Bomiriya B	Pahala Bomiriya B	GND	4885	90	0	0	0	0	0	18	0
LK-1109050	Welihinda	Welihinda	GND	2861	36	0	0	0	24	0	0	0
LK-1109055	Kothalawala	Kothalawala	GND	6202	90	0	16	23	32	0	0	0
LK-1109060	Mahadeniya	Mahadeniya	GND	7185	96	0	61	34	48	0	0	0
LK-1109065	Thalahena North	Thalahena North	GND	3876	42	0	24	0	0	0	0	0
LK-1109070	Malabe North	Malabe North	GND	8289	151	0	80	28	10	0	0	0
LK-1109075	Thunadahena	Thunadahena	GND	5993	68	0	81	15	15	0	0	0
LK-1109080	Korathota	Korathota	GND	11282	83	0	52	16	0	0	0	0
LK-1109085	Nawagamuwa South	Nawagamuwa South	GND	3275	33	0	10	0	0	0	0	0
LK-1109090	Batewela	Batewela	GND	2869	46	0	0	0	0	0	0	0
LK-1109095	Ranala	Ranala	GND	5654	112	12	0	0	0	0	0	0
LK-1109100	Dedigamuwa	Dedigamuwa	GND	2554	16	0	0	0	0	0	0	0
LK-1109105	Embilladeniya	Embilladeniya	GND	2359	25	0	0	0	0	0	0	0
LK-1109110	Welipillewa	Welipillewa	GND	3193	21	0	0	0	0	0	0	0
LK-1109115	Shanthalokagama	Shanthalokagama	GND	7497	139	24	181	87	118	0	0	0
LK-1109120	Pore	Pore	GND	5993	63	0	48	15	12	0	0	0
LK-1109125	Malabe East	Malabe East	GND	6652	86	0	38	76	16	0	0	0
LK-1109130	Malabe West	Malabe West	GND	5703	74	0	24	0	0	0	0	0
LK-1109135	Thalangama North B	Thalangama North B	GND	3847	63	0	39	18	0	0	0	0
LK-1109140	Thalahena South	Thalahena South	GND	2891	58	0	21	13	0	0	0	0
LK-1109145	Muttettugoda	Muttettugoda	GND	6602	165	0	64	44	15	0	0	0
LK-1109150	Thalangama North A	Thalangama North A	GND	9139	150	14	136	35	0	0	0	0
LK-1109155	Walpola	Walpola	GND	7839	134	14	67	18	12	0	0	0
LK-1109160	Kalapaluwawa	Kalapaluwawa	GND	3510	97	10	92	17	37	0	0	0
LK-1109165	Kotuwegoda	Kotuwegoda	GND	2483	683	20	117	51	27	0	0	0
LK-1109170	Subhoothipura	Subhoothipura	GND	1807	112	11	99	0	14	0	0	0
LK-1109175	Udumulla	Udumulla	GND	2137	51	0	84	25	26	0	0	0
LK-1109180	Battaramulla North	Battaramulla North	GND	2023	42	0	33	0	0	0	0	0
LK-1109185	Batapotha	Batapotha	GND	7387	168	0	50	32	13	0	0	0
LK-1109190	Pothuarawa	Pothuarawa	GND	8103	117	0	46	30	27	0	0	0
LK-1109195	Hokandara North	Hokandara North	GND	6826	175	20	16	14	16	0	0	0
LK-1109200	Oruwala	Oruwala	GND	4558	68	0	40	15	42	0	0	0
LK-1109205	Athurugiriya	Athurugiriya	GND	6160	48	0	21	0	15	0	0	0
LK-1109210	Thaldiyawala	Thaldiyawala	GND	3992	75	0	16	12	0	0	0	0
LK-1109215	Boralugoda	Boralugoda	GND	3673	19	0	16	13	0	0	0	0
LK-1109220	Hokandara East	Hokandara East	GND	6818	126	0	30	46	21	0	0	0
LK-1109225	Arangala	Arangala	GND	5579	114	0	32	15	0	0	0	0
LK-1109230	Evarihena	Evarihena	GND	2882	51	0	17	20	13	0	0	0
LK-1109235	Kumaragewatta	Kumaragewatta	GND	4331	61	10	39	12	27	0	0	0
LK-1109240	Jayawadanagama	Jayawadanagama	GND	1777	94	15	369	15	179	0	0	0
LK-1109245	Aruppitiya	Aruppitiya	GND	2055	16	0	15	0	0	0	0	0
LK-1109250	Asiri Uyana	Asiri Uyana	GND	2467	62	0	20	21	49	0	0	0
LK-1109255	Battaramulla South	Battaramulla South	GND	1367	53	0	10	11	12	0	0	0
LK-1109260	Rajamalwatta	Rajamalwatta	GND	1609	73	0	22	17	0	0	0	0
LK-1109265	Pahalawela	Pahalawela	GND	3739	118	0	86	68	16	0	0	0
LK-1109270	Wickramasinghapura	Wickramasinghapura	GND	3084	150	11	140	33	54	0	0	0
LK-1109275	Wellangiriya	Wellangiriya	GND	4066	148	0	38	39	0	0	0	0
LK-1109280	Hokandara South	Hokandara South	GND	6420	59	0	0	32	11	0	0	0
LK-1109285	Athurugiriya South	Athurugiriya South	GND	4497	52	0	0	10	0	0	0	0
LK-1112	Homagama	Homagama	DSD	275057	3001	126	919	310	368	0	0	0
LK-1112005	Jalthara	Jalthara	GND	8958	100	15	21	0	0	0	0	0
LK-1112010	Henpita	Henpita	GND	1716	27	0	0	0	0	0	0	0
LK-1112015	Atigala West	Atigala West	GND	2110	22	0	0	0	0	0	0	0
LK-1112020	Atigala East	Atigala East	GND	2398	22	14	0	0	0	0	0	0
LK-1112025	Batawala	Batawala	GND	2689	23	0	0	0	0	0	0	0
LK-1112030	Walpita	Walpita	GND	2327	13	0	0	0	0	0	0	0
LK-1112035	Nawalamulla	Nawalamulla	GND	3945	18	0	0	0	0	0	0	0
LK-1112040	Meegasmulla	Meegasmulla	GND	3771	154	0	14	0	0	0	0	0
LK-1112045	Habarakada North	Habarakada North	GND	3426	21	0	0	0	0	0	0	0
LK-1112050	Mullegama North	Mullegama North	GND	1507	0	0	0	0	0	0	0	0
LK-1112055	Mullegama South	Mullegama South	GND	4072	33	0	0	0	0	0	0	0
LK-1112060	Habarakada South	Habarakada South	GND	2917	39	0	19	0	0	0	0	0
LK-1112065	Panagoda Town	Panagoda Town	GND	1837	13	0	0	0	0	0	0	0
LK-1112070	Henawatta	Henawatta	GND	8417	127	0	13	19	0	0	0	0
LK-1112075	Meegoda North	Meegoda North	GND	3298	36	0	0	0	0	0	0	0
LK-1112080	Panaluwa	Panaluwa	GND	5654	55	14	18	0	0	0	0	0
LK-1112085	Watareka North	Watareka North	GND	5287	27	0	0	0	17	0	0	0
LK-1112090	Meegoda South	Meegoda South	GND	2427	0	0	0	0	0	0	0	0
LK-1112095	Godagama North	Godagama North	GND	1428	20	0	0	0	0	0	0	0
LK-1112100	Panagoda West	Panagoda West	GND	3285	17	0	0	0	0	0	0	0
LK-1112105	Panagoda East	Panagoda East	GND	157	0	0	0	0	0	0	0	0
LK-1112110	Habarakada Watta	Habarakada Watta	GND	2969	29	0	0	0	0	0	0	0
LK-1112115	Homagama North	Homagama North	GND	2176	19	0	0	0	0	0	0	0
LK-1112120	Homagama West	Homagama West	GND	3651	46	0	0	0	0	0	0	0
LK-1112125	Homagama South	Homagama South	GND	3624	10	0	0	0	10	0	0	0
LK-1112130	Galavilawatta North	Galavilawatta North	GND	3432	49	0	10	23	0	0	0	0
LK-1112135	Homagama Town	Homagama Town	GND	2272	28	0	18	0	10	0	0	0
LK-1112140	Homagama East	Homagama East	GND	2403	28	0	0	0	0	0	0	0
LK-1112145	Pitipana Town	Pitipana Town	GND	3084	27	0	10	0	28	0	0	0
LK-1112150	Godagama South	Godagama South	GND	3576	25	0	0	0	0	0	0	0
LK-1112155	Kurunduwatta	Kurunduwatta	GND	4201	45	0	0	0	0	0	0	0
LK-1112160	Gehenuwala	Gehenuwala	GND	1941	13	0	0	0	0	0	0	0
LK-1112165	Watareka South	Watareka South	GND	7016	50	0	21	0	11	0	0	0
LK-1112170	Ovitigama	Ovitigama	GND	5374	38	0	0	0	0	0	0	0
LK-1112175	Kandanawatta	Kandanawatta	GND	3298	56	0	0	0	0	0	0	0
LK-1112180	Kiriberiyakele	Kiriberiyakele	GND	3408	31	0	0	0	0	0	0	0
LK-1112185	Mawathgama	Mawathgama	GND	2959	21	0	0	0	0	0	0	0
LK-1112190	Katuwana	Katuwana	GND	4661	95	0	0	20	0	0	0	0
LK-1112195	Galavilawatta South	Galavilawatta South	GND	3325	42	0	0	0	10	0	0	0
LK-1112200	Niyandagala	Niyandagala	GND	3908	58	0	0	0	0	0	0	0
LK-1112205	Hiripitiya	Hiripitiya	GND	5175	56	0	0	11	0	0	0	0
LK-1112210	Mambulgoda	Mambulgoda	GND	2744	64	0	0	0	0	0	0	0
LK-1112215	Kithulhena	Kithulhena	GND	1721	29	0	0	0	0	0	0	0
LK-1112220	Siddamulla North	Siddamulla North	GND	2419	35	0	23	17	0	0	0	0
LK-1112225	Siddamulla South	Siddamulla South	GND	2507	18	0	0	0	29	0	0	0
LK-1112230	Mattegoda West	Mattegoda West	GND	5014	87	0	75	42	23	0	0	0
LK-1112235	Mattegoda Central 'A'	Mattegoda Central 'A'	GND	1618	17	0	124	42	46	0	0	0
LK-1112240	Mattegoda East	Mattegoda East	GND	3659	69	0	87	26	27	0	0	0
LK-1112245	Brahmanagama	Brahmanagama	GND	5289	79	10	0	13	0	0	0	0
LK-1112250	Deepangoda	Deepangoda	GND	3749	15	12	0	0	0	0	0	0
LK-1112255	Magammana West	Magammana West	GND	3218	24	21	0	0	0	0	0	0
LK-1112260	Magammana East	Magammana East	GND	5633	42	0	0	0	0	0	0	0
LK-1112265	Uduwana	Uduwana	GND	3868	46	0	0	0	0	0	0	0
LK-1112270	Prasannapura	Prasannapura	GND	3244	0	0	0	0	0	0	0	0
LK-1112275	Pitipana North	Pitipana North	GND	5362	142	0	160	13	0	0	0	0
LK-1112280	Suwapubudugama	Suwapubudugama	GND	2390	12	0	0	0	0	0	0	0
LK-1112285	Pitipana South	Pitipana South	GND	3604	22	0	0	0	0	0	0	0
LK-1112290	Dolahena	Dolahena	GND	5396	48	0	0	10	15	0	0	0
LK-1112295	Diyagama East	Diyagama East	GND	2057	0	0	0	0	0	0	0	0
LK-1112300	Diyagama West	Diyagama West	GND	3108	60	0	76	0	0	0	0	0
LK-1112305	Kirigampamunuwa	Kirigampamunuwa	GND	3829	51	0	31	0	25	0	0	0
LK-1112310	Mattegoda Central 'B'	Mattegoda Central 'B'	GND	2461	27	0	76	46	94	0	0	0
LK-1112315	Siyambalagoda North	Siyambalagoda North	GND	4746	38	0	35	11	12	0	0	0
LK-1112320	Kudamaduwa	Kudamaduwa	GND	3594	30	0	53	17	11	0	0	0
LK-1112325	Sangharama	Sangharama	GND	2440	19	0	0	0	0	0	0	0
LK-1112330	Siyambalagoda South	Siyambalagoda South	GND	2461	27	0	0	0	0	0	0	0
LK-1112335	Rilawala	Rilawala	GND	2020	17	0	0	0	0	0	0	0
LK-1112340	Kahathuduwa West	Kahathuduwa West	GND	3077	37	0	12	0	0	0	0	0
LK-1112345	Kiriwattuduwa South	Kiriwattuduwa South	GND	3625	28	0	0	0	0	0	0	0
LK-1112350	Kiriwattuduwa North	Kiriwattuduwa North	GND	2512	11	0	0	0	0	0	0	0
LK-1112355	Moonamale - Yakahaluwa	Moonamale - Yakahaluwa	GND	2999	28	12	0	0	0	0	0	0
LK-1112360	Kithulavila	Kithulavila	GND	4329	94	14	0	0	0	0	0	0
LK-1112365	Kahathuduwa North	Kahathuduwa North	GND	3702	26	0	0	0	0	0	0	0
LK-1112370	Kahathuduwa East	Kahathuduwa East	GND	2516	16	0	13	0	0	0	0	0
LK-1112375	Kahathuduwa South	Kahathuduwa South	GND	3683	13	0	0	0	0	0	0	0
LK-1112380	Undurugoda	Undurugoda	GND	1576	18	0	0	0	0	0	0	0
LK-1112385	Wethara	Wethara	GND	1824	19	0	0	0	0	0	0	0
LK-1112390	Ambalangoda	Ambalangoda	GND	2514	40	0	0	0	0	0	0	0
LK-1112395	Heraliyawala	Heraliyawala	GND	1260	0	0	0	0	0	0	0	0
LK-1112400	Palagama	Palagama	GND	3075	41	0	0	0	0	0	0	0
LK-1112405	Weniwelkola	weniwelkola	GND	6135	79	14	10	0	0	0	0	0
LK-1115	Seethawaka	Seethawaka	DSD	106192	11215	3559	733	0	0	0	0	0
LK-1115005	Bollathawa	Bollathawa	GND	1809	0	0	0	0	0	0	0	0
LK-1115010	Kanampella West	Kanampella West	GND	2021	22	0	0	0	0	0	0	0
LK-1115015	Kanampella East	Kanampella East	GND	917	165	0	0	0	0	0	0	0
LK-1115020	Manakada	Manakada	GND	616	11	0	0	0	0	0	0	0
LK-1115025	Eswatta North	Eswatta North	GND	1890	0	0	0	0	0	0	0	0
LK-1115030	Kiriwandala North	Kiriwandala North	GND	1373	2806	324	19	0	0	0	0	0
LK-1115035	Kudagama	Kudagama	GND	1696	253	0	10	0	0	0	0	0
LK-1115040	Weralupitiya	Weralupitiya	GND	760	29	0	0	0	0	0	0	0
LK-1115045	Seethagama	Seethagama	GND	2187	494	21	36	0	0	0	0	0
LK-1115050	Avissawella	Avissawella	GND	1309	417	0	115	0	0	0	0	0
LK-1115055	Ukwatta	Ukwatta	GND	1643	798	17	55	0	0	0	0	0
LK-1115060	Agra Pedesa	Agra Pedesa	GND	1699	223	37	28	0	0	0	0	0
LK-1115065	Eswatta South	Eswatta South	GND	1803	17	0	0	0	0	0	0	0
LK-1115070	Ihala Kosgama North	Ihala Kosgama North	GND	3016	91	11	0	0	0	0	0	0
LK-1115075	Thawalgoda	Thawalgoda	GND	1586	0	0	0	0	0	0	0	0
LK-1115080	Muruthagama	Muruthagama	GND	1172	0	0	0	0	0	0	0	0
LK-1115085	Akaravita	Akaravita	GND	1447	11	0	0	0	0	0	0	0
LK-1115090	Kahatapitiya	Kahatapitiya	GND	1232	0	0	0	0	0	0	0	0
LK-1115095	Kalu Aggala	Kalu Aggala	GND	983	395	0	0	0	0	0	0	0
LK-1115100	Salawa	Salawa	GND	2385	99	16	0	0	0	0	0	0
LK-1115105	Pahala Kosgama West	Pahala Kosgama west	GND	2210	31	0	0	0	0	0	0	0
LK-1115110	Pahala Kosgama East	Pahala Kosgama East	GND	2268	72	0	0	0	0	0	0	0
LK-1115115	Ihala Kosgama South	Ihala Kosgama South	GND	1514	108	0	0	0	0	0	0	0
LK-1115120	Miriswatta	Miriswatta	GND	2472	33	0	0	0	0	0	0	0
LK-1115125	Aluth Ambalama	Aluth Ambalama	GND	1886	32	0	0	0	0	0	0	0
LK-1115130	Kiriwandala South	Kiriwandala South	GND	1649	158	925	33	0	0	0	0	0
LK-1115135	Kotahera	Kotahera	GND	1457	49	18	15	0	0	0	0	0
LK-1115140	Seethawaka	Seethawaka	GND	1512	93	0	20	0	0	0	0	0
LK-1115145	Aradhana Kanda	Aradhana Kanda	GND	2479	396	27	0	0	0	0	0	0
LK-1115150	Puwakpitiya South	Puwakpitiya South	GND	1742	784	1394	29	0	0	0	0	0
LK-1115155	Puwakpitiya	Puwakpitiya	GND	924	406	57	55	0	0	0	0	0
LK-1115160	Egodagama	Egodagama	GND	1250	329	37	0	0	0	0	0	0
LK-1115165	Weragolla North	Weragolla North	GND	1536	602	158	0	0	0	0	0	0
LK-1115170	Hingurala	Hingurala	GND	1994	128	0	0	0	0	0	0	0
LK-1115175	Kadugoda North	Kadugoda North	GND	1787	16	20	0	0	0	0	0	0
LK-1115180	Mawalgama	Mawalgama	GND	2089	15	0	0	0	0	0	0	0
LK-1115185	Suduwella	Suduwella	GND	3827	167	11	11	0	0	0	0	0
LK-1115190	Gira Imbula	Gira Imbula	GND	1079	0	0	0	0	0	0	0	0
LK-1115195	Walawwatta	Walawwatta	GND	1390	13	0	0	0	0	0	0	0
LK-1115200	Pahala Hanwella	Pahala Hanwella	GND	1303	19	0	0	0	0	0	0	0
LK-1115205	Hanwella Town	Hanwella Town	GND	2394	98	0	307	0	0	0	0	0
LK-1115210	Ihala Hanwella North	Ihala Hanwella North	GND	1511	22	0	0	0	0	0	0	0
LK-1115215	Niripola	Niripola	GND	1602	0	11	0	0	0	0	0	0
LK-1115220	Brandigampala	Brandigampala	GND	1216	0	0	0	0	0	0	0	0
LK-1115225	Kadugoda South	Kadugoda South	GND	1889	14	0	0	0	0	0	0	0
LK-1115230	Weragolla South	Weragolla South	GND	482	788	0	0	0	0	0	0	0
LK-1115235	Digana	Digana	GND	1654	25	11	0	0	0	0	0	0
LK-1115240	Lahirugama	Lahirugama	GND	1549	72	432	0	0	0	0	0	0
LK-1115245	Mambula	Mambula	GND	1108	0	0	0	0	0	0	0	0
LK-1115250	Welikanna	Welikanna	GND	1511	14	0	0	0	0	0	0	0
LK-1115255	Kahahena	Kahahena	GND	1561	0	0	0	0	0	0	0	0
LK-1115260	Neluwattuduwa	Neluwattuduwa	GND	688	0	0	0	0	0	0	0	0
LK-1115265	Diddeniya North	Diddeniya North	GND	1728	0	0	0	0	0	0	0	0
LK-1115270	Ihala Hanwella South	Ihala Hanwella South	GND	898	11	0	0	0	0	0	0	0
LK-1115275	Pahathgama	Pahathgama	GND	1890	17	0	0	0	0	0	0	0
LK-1115280	Jayaweeragoda	Jayaweeragoda	GND	2125	14	0	0	0	0	0	0	0
LK-1115285	Koodaluvila	Koodaluvila	GND	3198	34	17	0	0	0	0	0	0
LK-1115290	Thunnana East	Thunnana East	GND	700	148	15	0	0	0	0	0	0
LK-1115295	Diddeniya South	Diddeniya South	GND	1340	0	0	0	0	0	0	0	0
LK-1115300	Elamalawala	Elamalawala	GND	630	0	0	0	0	0	0	0	0
LK-1115305	Ilukovita	Ilukovita	GND	243	272	0	0	0	0	0	0	0
LK-1115310	Koswatta	Koswatta	GND	686	0	0	0	0	0	0	0	0
LK-1115315	Pagngnagula	Pagngnagula	GND	397	303	0	0	0	0	0	0	0
LK-1115320	Pelpola	Pelpola	GND	710	13	0	0	0	0	0	0	0
LK-1115325	Kudakanda	Kudakanda	GND	1362	20	0	0	0	0	0	0	0
LK-1115330	Thunnana West	Thunnana West	GND	1925	14	0	0	0	0	0	0	0
LK-1115335	Mawathagama West	Mawathagama West	GND	2277	0	0	0	0	0	0	0	0
LK-1115340	Mawathagama East	Mawathagama East	GND	1006	54	0	0	0	0	0	0	0
LK-1118	Padukka	Padukka	DSD	69884	1440	258	1107	0	13	0	0	0
LK-1118005	Pinnawala North	Pinnawala North	GND	936	0	0	0	0	0	0	0	0
LK-1118010	Pinnawala South	Pinnawala South	GND	1677	13	0	0	0	0	0	0	0
LK-1118015	Waga North	Waga North	GND	923	0	0	0	0	0	0	0	0
LK-1118020	Waga East	Waga East	GND	1690	40	0	0	0	0	0	0	0
LK-1118025	Thummodara	Thummodara	GND	511	107	82	0	0	0	0	0	0
LK-1118030	Waga South	Waga South	GND	891	51	46	0	0	0	0	0	0
LK-1118035	Siyambalawa	Siyambalawa	GND	2025	25	0	0	0	0	0	0	0
LK-1118040	Pahala Bope	Pahala Bope	GND	1151	0	0	0	0	0	0	0	0
LK-1118045	Halpe	Halpe	GND	828	160	0	0	0	0	0	0	0
LK-1118050	Waga West	Waga West	GND	1398	0	0	0	0	0	0	0	0
LK-1118055	Uggalla	Uggalla	GND	2108	0	11	0	0	0	0	0	0
LK-1118060	Wewelpanawa	Wewelpanawa	GND	746	23	0	0	0	0	0	0	0
LK-1118065	Pitumpe North	Pitumpe North	GND	1522	0	0	0	0	0	0	0	0
LK-1118070	Pitumpe South	Pitumpe South	GND	1408	0	0	21	0	0	0	0	0
LK-1118075	Galagedara East	Galagedara East	GND	2326	49	0	754	0	0	0	0	0
LK-1118080	Galagedara North	Galagedara North	GND	2300	30	0	176	0	0	0	0	0
LK-1118085	Galagedara South	Galagedara South	GND	1310	32	26	112	0	0	0	0	0
LK-1118090	Padukka	Padukka	GND	2796	40	10	0	0	0	0	0	0
LK-1118095	Arukwatta North	Arukwatta North	GND	1542	34	0	23	0	0	0	0	0
LK-1118100	Arukwatta South	Arukwatta South	GND	2243	26	0	0	0	0	0	0	0
LK-1118105	Ganegoda	Ganegoda	GND	1356	11	0	0	0	0	0	0	0
LK-1118110	Angampitiya	Angampitiya	GND	2200	27	0	0	0	0	0	0	0
LK-1118115	Weragala	Weragala	GND	1840	98	72	10	0	0	0	0	0
LK-1118120	Angamuwa	Angamuwa	GND	1654	25	0	0	0	0	0	0	0
LK-1118125	Udumulla	Udumulla	GND	2558	26	0	0	0	0	0	0	0
LK-1118130	Poregedara	Poregedara	GND	1214	0	0	0	0	0	0	0	0
LK-1118135	Pahala Padukka	Pahala Padukka	GND	1368	17	0	11	0	0	0	0	0
LK-1118140	Liyanwala	Liyanwala	GND	1174	11	0	0	0	0	0	0	0
LK-1118145	Kurugala	Kurugala	GND	1685	16	0	0	0	0	0	0	0
LK-1118150	Madulawa South	Madulawa South	GND	1420	15	0	0	0	0	0	0	0
LK-1118155	Madulawa North	Madulawa North	GND	1562	17	11	0	0	0	0	0	0
LK-1118160	Horakandawala	Horakandawala	GND	2486	16	0	0	0	0	0	0	0
LK-1118165	Dampe	Dampe	GND	1840	14	0	0	0	0	0	0	0
LK-1118170	Beruketiya	Beruketiya	GND	2592	32	0	0	0	0	0	0	0
LK-1118175	Horagala West	Horagala West	GND	1657	33	0	0	0	0	0	0	0
LK-1118180	Horagala East	Horagala East	GND	2185	59	0	0	0	0	0	0	0
LK-1118185	Beliattavila	Beliattavila	GND	990	0	0	0	0	0	0	0	0
LK-1118190	Miriyagalla	Miriyagalla	GND	1415	22	0	0	0	0	0	0	0
LK-1118195	Malagala	Malagala	GND	1767	16	0	0	0	0	0	0	0
LK-1118200	Kahawala	Kahawala	GND	1035	16	0	0	0	0	0	0	0
LK-1118205	Yatawathura	Yatawathura	GND	920	20	0	0	0	0	0	0	0
LK-1118210	Mahingala	Mahingala	GND	613	87	0	0	0	0	0	0	0
LK-1118215	Ihala Bope	Ihala Bope	GND	1707	27	0	0	0	13	0	0	0
LK-1118220	Gurulana	Gurulana	GND	897	18	0	0	0	0	0	0	0
LK-1118225	Udagama	Udagama	GND	699	0	0	0	0	0	0	0	0
LK-1118230	Dambora	Dambora	GND	719	187	0	0	0	0	0	0	0
LK-1121	Maharagama	Maharagama	DSD	188590	3760	357	1721	1075	655	0	0	0
LK-1121005	Mirihana South	Mirihana South	GND	4967	175	53	27	53	18	0	0	0
LK-1121010	Mirihana North	Mirihana North	GND	5870	213	11	34	17	28	0	0	0
LK-1121015	Madiwela	Madiwela	GND	6201	179	12	45	47	23	0	0	0
LK-1121020	Thalawathugoda West	Thalawathugoda West	GND	5385	156	10	51	13	34	0	0	0
LK-1121025	Thalawathugoda East	Thalawathugoda East	GND	5040	90	0	26	45	10	0	0	0
LK-1121030	Kalalgoda	Kalalgoda	GND	6189	97	12	32	31	13	0	0	0
LK-1121035	Kottawa East	Kottawa East	GND	6616	27	0	0	32	28	0	0	0
LK-1121040	Rukmale West	Rukmale West	GND	5089	24	0	0	10	11	0	0	0
LK-1121045	Rukmale East A	Rukmale East A	GND	1283	0	0	0	0	0	0	0	0
LK-1121050	Rukmale East B	Rukmale East B	GND	2172	27	0	35	74	53	0	0	0
LK-1121055	Liyanagoda	Liyanagoda	GND	4928	33	0	25	0	0	0	0	0
LK-1121060	Kottawa North	Kottawa North	GND	3009	48	0	31	52	0	0	0	0
LK-1121065	Depanama	Depanama	GND	7604	102	15	32	55	14	0	0	0
LK-1121070	Polwatta	Polwatta	GND	3751	60	17	15	47	10	0	0	0
LK-1121075	Pamunuwa	Pamunuwa	GND	4050	70	10	24	17	0	0	0	0
LK-1121080	Thalapathpitiya	Thalapathpitiya	GND	6377	134	21	47	72	37	0	0	0
LK-1121085	Pragathipura	Pragathipura	GND	5476	69	10	59	10	0	0	0	0
LK-1121090	Udahamulla East	Udahamulla East	GND	5524	112	17	24	62	27	0	0	0
LK-1121095	Udahamulla West	Udahamulla West	GND	4207	67	0	76	60	26	0	0	0
LK-1121100	Pathiragoda	Pathiragoda	GND	5478	111	0	26	30	42	0	0	0
LK-1121105	Maharagama East	Maharagama East	GND	3153	64	0	87	19	0	0	0	0
LK-1121110	Maharagama West	Maharagama West	GND	1840	40	0	162	12	0	0	0	0
LK-1121115	Dambahena	Dambahena	GND	4958	126	10	255	41	0	0	0	0
LK-1121120	Pannipitiya North	Pannipitiya North	GND	4158	51	0	27	27	11	0	0	0
LK-1121125	Kottawa West	Kottawa West	GND	2881	42	15	0	10	0	0	0	0
LK-1121130	Kottawa South	Kottawa South	GND	7070	112	11	23	12	23	0	0	0
LK-1121135	Malapalla West	Malapalla West	GND	2626	33	0	0	0	0	0	0	0
LK-1121140	Malapalla East	Malapalla East	GND	4085	41	0	13	0	13	0	0	0
LK-1121145	Makumbura North	Makumbura North	GND	4073	105	0	10	17	11	0	0	0
LK-1121150	Makumbura South	Makumbura South	GND	1493	34	0	0	0	0	0	0	0
LK-1121155	Kottawa Town	Kottawa Town	GND	4964	84	23	26	0	0	0	0	0
LK-1121160	Pannipitiya South	Pannipitiya South	GND	1995	36	0	0	18	0	0	0	0
LK-1121165	Maharagama Town	Maharagama Town	GND	4734	83	0	100	14	0	0	0	0
LK-1121170	Godigamuwa South A	Godigamuwa South	GND	5106	139	16	22	18	40	0	0	0
LK-1121175	Godigamuwa South B	Godigamuwa South B	GND	7149	238	15	26	15	42	0	0	0
LK-1121180	Godigamuwa North	Godigamuwa North	GND	3483	92	0	35	14	28	0	0	0
LK-1121185	Wattegedara	Wattegedara	GND	7123	160	0	96	31	37	0	0	0
LK-1121190	Navinna	Navinna	GND	4966	104	18	12	15	21	0	0	0
LK-1121195	Wijerama	Wijerama	GND	3356	59	0	23	0	0	0	0	0
LK-1121200	Gangodavila South B	Gangodavila South B	GND	7069	177	43	72	19	11	0	0	0
LK-1121205	Jambugasmulla	Jambugasmulla	GND	3092	146	18	123	66	44	0	0	0
LK-1124	Sri Jayawardanapura Kotte	Sri Jayawardanapura Kotte	DSD	81556	6689	454	6012	744	319	0	10	0
LK-1124005	Obeysekarapura	Obesekarapura	GND	6514	2311	189	2001	17	70	0	0	0
LK-1124010	Welikada West	Welikada West	GND	5677	393	35	627	19	18	0	0	0
LK-1124015	Welikada East	Welikada East	GND	5060	416	31	463	30	27	0	0	0
LK-1124020	Rajagiriya	Rajagiriya	GND	1457	163	0	1064	12	19	0	0	0
LK-1124025	Welikada North	Welikada North	GND	3428	648	29	230	34	0	0	0	0
LK-1124030	Nawala West	Nawala West	GND	3400	218	19	93	57	24	0	0	0
LK-1124035	Koswatta	Koswatta	GND	3546	156	0	381	31	33	0	10	0
LK-1124040	Ethulkotte West	Ethulkotte West	GND	3060	130	0	95	27	12	0	0	0
LK-1124045	Ethulkotte	Ethulkotte	GND	4881	287	0	82	67	12	0	0	0
LK-1124050	Pitakotte East	Pitakotte East	GND	3450	103	18	36	61	0	0	0	0
LK-1124055	Pitakotte	Pitakotte	GND	3257	136	0	117	49	0	0	0	0
LK-1124060	Pitakotte West	Pitakotte West	GND	4490	344	21	74	69	0	0	0	0
LK-1124065	Nawala East	Nawala East	GND	4318	263	26	182	37	0	0	0	0
LK-1124070	Nugegoda West	Nugegoda West	GND	4694	169	0	114	24	0	0	0	0
LK-1124075	Pagoda	Pagoda	GND	4804	176	24	107	84	0	0	0	0
LK-1124080	Nugegoda	Nugegoda	GND	3192	230	26	109	0	0	0	0	0
LK-1124085	Pagoda East	Pagoda East	GND	4155	164	0	54	40	28	0	0	0
LK-1124090	Gangodavila North	Gangodavila North	GND	3594	192	0	67	29	52	0	0	0
LK-1124095	Gangodavila South	Gangodavila South	GND	6409	137	36	75	46	24	0	0	0
LK-1124100	Gangodavila East	Gangodavila East	GND	2170	53	0	41	11	0	0	0	0
LK-1127	Thimbirigasyaya	Thimbirigasyaya	DSD	110336	62757	2227	38506	1508	912	10	11	0
LK-1127005	Kollupitiya	Kollupitiya	GND	2972	1230	142	1524	28	65	0	0	0
LK-1127010	Bambalapitiya	Bambalapitiya	GND	3196	1437	66	1831	64	45	0	0	0
LK-1127015	Kurunduwatta	Kurunduwatta	GND	4850	904	76	995	32	18	0	0	0
LK-1127020	Kuppiyawatta West	Kuppiyawatta West	GND	3028	482	17	1472	12	33	0	0	0
LK-1127025	Kuppiyawatta East	Kuppiyawatta East	GND	4102	1275	57	3838	27	49	10	0	0
LK-1127030	Dematagoda	Dematagoda	GND	7439	5710	202	7638	158	102	0	0	0
LK-1127035	Wanathamulla	Wanathamulla	GND	8279	5314	59	2961	191	55	0	0	0
LK-1127040	Borella North	Borella North	GND	13439	1407	91	887	85	66	0	0	0
LK-1127045	Borella South	Borella South	GND	2513	449	28	467	26	13	0	0	0
LK-1127050	Gothamipura	Gothamipura	GND	3109	528	41	461	16	13	0	0	0
LK-1127055	Narahenpita	Narahenpita	GND	7636	1545	55	1055	68	60	0	0	0
LK-1127060	Thimbirigasyaya	Thimbirigasyaya	GND	5695	2819	81	1991	57	45	0	0	0
LK-1127065	Milagiriya	Milagiriya	GND	2081	1749	68	922	71	0	0	0	0
LK-1127070	Havelock Town	Havelock Town	GND	3081	2329	114	1112	71	17	0	11	0
LK-1127075	Kirula	Kirula	GND	11740	4320	71	989	117	94	0	0	0
LK-1127080	Kirulapone	Kirulapone	GND	8912	5445	94	1516	122	109	0	0	0
LK-1127085	Wellawatta North	Wellawatta North	GND	5779	8111	375	3575	84	49	0	0	0
LK-1127090	Wellawatta South	Wellawatta South	GND	2762	6173	180	1653	52	15	0	0	0
LK-1127095	Pamankada West	Pamankada West	GND	4211	8472	340	1661	155	30	0	0	0
LK-1127100	Pamankada East	Pamankada East	GND	5512	3058	70	1958	72	34	0	0	0
LK-1130	Dehiwala	Dehiwala	DSD	47752	15859	1019	27538	891	290	26	0	0
LK-1130005	Sri Saranankara	Sri Saranankara	GND	2825	1878	58	1937	98	0	0	0	0
LK-1130010	Vilawala	Vilawala	GND	3628	1007	195	1106	40	15	0	0	0
LK-1130015	Dutugemunu	Dutugemunu	GND	3100	237	15	498	72	12	0	0	0
LK-1130020	Kohuwala	Kohuwala	GND	5211	359	29	627	60	33	0	0	0
LK-1130025	Kalubovila	Kalubovila	GND	3223	388	22	1750	12	18	0	0	0
LK-1130030	Hathbodhiya	Hathbodhiya	GND	2894	1128	108	3503	51	27	0	0	0
LK-1130035	Galwala	Galwala	GND	1549	1075	40	3269	25	25	10	0	0
LK-1130040	Dehiwala West	Dehiwala West	GND	1185	3506	100	2014	100	30	0	0	0
LK-1130045	Dehiwala East	Dehiwala East	GND	3597	1803	242	2498	41	14	16	0	0
LK-1130050	Udyanaya	Udyanaya	GND	4209	501	15	2305	62	20	0	0	0
LK-1130055	Nedimala	Nedimala	GND	5172	804	65	1711	106	55	0	0	0
LK-1130060	Malwatta	Malwatta	GND	1631	587	33	1437	34	24	0	0	0
LK-1130065	Jayathilaka	Jayathilaka	GND	1894	1179	29	1010	0	0	0	0	0
LK-1130070	Karagampitiya	Karagampitiya	GND	2873	701	39	1696	37	17	0	0	0
LK-1130075	Kawdana East	Kawdana East	GND	4761	706	29	2177	153	0	0	0	0
LK-1131	Ratmalana	Ratmalana	DSD	64024	9006	798	13283	523	252	0	0	0
LK-1131005	Mount Lavinia	Mount Lavinia	GND	5083	1173	311	1334	81	41	0	0	0
LK-1131010	Kawdana West	Kawdana West	GND	3099	706	38	2763	14	14	0	0	0
LK-1131015	Watarappala	Watarappala	GND	3173	687	18	2190	67	46	0	0	0
LK-1131020	Wathumulla	Wathumulla	GND	2459	744	34	979	27	0	0	0	0
LK-1131025	Katukurunduwatta	Katukurunduwatta	GND	6782	2259	92	1838	41	38	0	0	0
LK-1131030	Attidiya North	Attidiya North	GND	6413	273	73	754	91	16	0	0	0
LK-1131035	Attidiya South	Attidiya South	GND	6480	441	40	491	51	12	0	0	0
LK-1131040	Piriwena	Piriwena	GND	4101	438	68	465	29	11	0	0	0
LK-1131045	Wedikanda	Wedikanda	GND	5096	692	35	928	35	43	0	0	0
LK-1131050	Vihara	Vihara	GND	4770	427	22	809	30	19	0	0	0
LK-1131055	Rathmalana West	Ratmalana West	GND	4621	336	10	104	22	0	0	0	0
LK-1131060	Rathmalana East	Ratmalana East	GND	4827	317	0	244	16	12	0	0	0
LK-1131065	Kandawala	Kandawala	GND	7120	513	57	384	19	0	0	0	0
LK-1133	Moratuwa	Moratuwa	DSD	149858	5837	242	3375	360	147	0	0	0
LK-1133005	Angulana North	Angulana North	GND	4711	69	18	14	0	10	0	0	0
LK-1133010	Kaldemulla	Kaldemulla	GND	3854	282	15	187	31	15	0	0	0
LK-1133015	Soysapura North	Soysapura North	GND	1187	1155	43	124	36	20	0	0	0
LK-1133020	Soysapura South	Soysapura South	GND	1341	759	22	169	13	23	0	0	0
LK-1133025	Dahampura	Dahampura	GND	2395	95	0	53	10	0	0	0	0
LK-1133030	Thelawala North	Thelawala North	GND	4884	314	14	120	32	0	0	0	0
LK-1133035	Borupana	Borupana	GND	4667	496	24	231	0	16	0	0	0
LK-1133040	Thelawala South	Thelawala South	GND	3881	150	0	97	0	0	0	0	0
LK-1133045	Lakshapathiya North	Lakshapathiya North	GND	3759	228	0	97	33	21	0	0	0
LK-1133050	Lakshapathiya Central	Lakshapathiya Central	GND	3215	82	11	27	0	0	0	0	0
LK-1133055	Angulana South	Angulana South	GND	2488	29	0	27	0	0	0	0	0
LK-1133060	Uyana South	Uyana South	GND	4846	132	14	42	33	0	0	0	0
LK-1133065	Uyana North	Uyana North	GND	3743	61	0	0	15	0	0	0	0
LK-1133070	Rawathawatta South	Rawathawatta South	GND	1948	38	0	0	0	0	0	0	0
LK-1133075	Rawathawatta East	Rawathawatta East	GND	3144	250	12	187	23	0	0	0	0
LK-1133080	Lakshapathiya South	Lakshapathiya South	GND	5407	138	0	44	24	10	0	0	0
LK-1133085	Kuduwamulla	Kuduwamulla	GND	2944	63	0	15	13	0	0	0	0
LK-1133090	Katubedda	Katubedda	GND	9607	432	19	101	12	20	0	0	0
LK-1133095	Molpe	Molpe	GND	6311	156	0	58	0	0	0	0	0
LK-1133100	Moratumulla North	Moratumulla North	GND	2854	22	0	0	0	0	0	0	0
LK-1133105	Kadalana	Kadalana	GND	3333	50	0	0	10	0	0	0	0
LK-1133110	Rawathawatta West	Rawathawatta West	GND	3035	73	14	0	25	0	0	0	0
LK-1133115	Idama	Idama	GND	2752	86	0	15	0	0	0	0	0
LK-1133120	Uswatta	Uswatta	GND	1747	35	0	170	15	0	0	0	0
LK-1133125	Moratuwella South	Moratuwella South	GND	4055	102	0	30	24	12	0	0	0
LK-1133130	Indibedda West	Indibedda West	GND	3955	0	0	0	0	0	0	0	0
LK-1133135	Moratumulla East	Moratumulla East	GND	3427	13	0	0	0	0	0	0	0
LK-1133140	Moratumulla West	Moratumulla West	GND	3322	67	0	0	0	0	0	0	0
LK-1133145	Villorawatta East	Villorawatta East	GND	3454	25	0	0	0	0	0	0	0
LK-1133150	Villorawatta West	Villorawatta West	GND	4176	13	0	0	0	0	0	0	0
LK-1133155	Indibedda East	Indibedda East	GND	3474	13	0	0	0	0	0	0	0
LK-1133160	Moratuwella North	Moratuwella North	GND	1965	81	13	54	11	0	0	0	0
LK-1133165	Moratuwella West	Moratuwella West	GND	2379	17	0	13	0	0	0	0	0
LK-1133170	Koralawella North	Koralawella North	GND	5736	68	0	0	0	0	0	0	0
LK-1133175	Koralawella East	Koralawella Eest	GND	2192	40	0	0	0	0	0	0	0
LK-1133180	Koralawella West	Koralawella West	GND	3153	20	0	0	0	0	0	0	0
LK-1133185	Koralawella South	Koralawella South	GND	3173	24	0	0	0	0	0	0	0
LK-1133190	Katukurunda North	Katukurunda North	GND	3247	23	10	0	0	0	0	0	0
LK-1133195	Katukurunda South	Katukurunda South	GND	3704	30	0	0	0	0	0	0	0
LK-1133200	Egoda Uyana North	Egoda Uyana North	GND	4515	20	0	15	0	0	0	0	0
LK-1133205	Egoda Uyana Central	Egoda Uyana Central	GND	2593	68	0	44	0	0	0	0	0
LK-1133210	Egoda Uyana South	Egoda Uyana South	GND	3285	18	13	1441	0	0	0	0	0
LK-1136	Kesbewa	Kesbewa	DSD	255180	3869	175	1955	1198	356	0	0	0
LK-1136005	Pepiliyana West	Pepiliyana West	GND	4203	194	24	321	108	15	0	0	0
LK-1136010	Pepiliyana East	Pepiliyana East	GND	1405	38	11	16	0	0	0	0	0
LK-1136015	Divulpitiya East	Divulpitiya East	GND	2018	45	0	51	0	12	0	0	0
LK-1136020	Divulpitiya West	Divulpitiya West	GND	2757	92	0	31	30	15	0	0	0
LK-1136025	Bellanvila	Bellanvila	GND	3159	172	0	251	78	0	0	0	0
LK-1136030	Boralesgamuwa West A	Boralesgamuwa West A	GND	3663	155	0	200	71	11	0	0	0
LK-1136035	Boralesgamuwa West C	Boralesgamuwa West C	GND	1355	69	0	64	0	0	0	0	0
LK-1136040	Rattanapitiya	Rattanapitiya	GND	3666	98	15	65	24	0	0	0	0
LK-1136045	Egodawatta	Egodawatta	GND	3136	164	10	83	11	15	0	0	0
LK-1136050	Boralesgamuwa East A	Boralesgamuwa East A	GND	4066	43	35	51	26	15	0	0	0
LK-1136055	Boralesgamuwa West B	Boralesgamuwa West B	GND	2493	79	0	41	78	0	0	0	0
LK-1136060	Werahera North	Werahera North	GND	1680	29	0	34	17	0	0	0	0
LK-1136065	Boralesgamuwa East B	Boralesgamuwa East B	GND	4853	93	0	95	31	31	0	0	0
LK-1136070	Neelammahara	Neelammahara	GND	3655	62	0	31	14	0	0	0	0
LK-1136075	Katuwawala North	Katuwawala North	GND	3310	58	0	11	24	0	0	0	0
LK-1136080	Vishwakalawa	Vishwakalawa	GND	1725	11	0	0	0	0	0	0	0
LK-1136085	Werahera South	Werahera South	GND	6074	116	25	50	55	22	0	0	0
LK-1136090	Katuwawala South	Katuwawala South	GND	1688	42	0	0	15	0	0	0	0
LK-1136095	Niwanthidiya	Niwanthidiya	GND	3539	38	0	11	12	16	0	0	0
LK-1136100	Erewwala West	Erewwala West	GND	6390	39	0	66	28	12	0	0	0
LK-1136105	Erewwala North	Erewwala North	GND	4701	65	0	28	22	0	0	0	0
LK-1136110	Erewwala East	Erewwala East	GND	2641	33	0	0	0	0	0	0	0
LK-1136115	Rathmaldeniya	Rathmaldeniya	GND	5341	79	20	0	40	24	0	0	0
LK-1136120	Mahalwarawa	Mahalwarawa	GND	2858	31	0	0	0	0	0	0	0
LK-1136125	Bangalawatta	Bangalawatta	GND	2009	15	0	11	0	24	0	0	0
LK-1136130	Pelenwatta East	Pelenwatta East	GND	4527	37	0	0	0	11	0	0	0
LK-1136135	Pelenwatta North	Pelenwatta North	GND	5227	59	0	10	0	13	0	0	0
LK-1136140	Pelenwatta West	Pelenwatta West	GND	6585	45	0	30	21	28	0	0	0
LK-1136145	Paligedara	Paligedara	GND	3891	76	0	35	10	0	0	0	0
LK-1136150	Kaliyammahara	Kaliyammahara	GND	3448	21	0	20	0	0	0	0	0
LK-1136155	Bokundara	Bokundara	GND	3635	58	15	15	44	0	0	0	0
LK-1136160	Thumbovila South	Thumbovila South	GND	4044	90	0	16	34	0	0	0	0
LK-1136165	Thumbovila North	Thumbovila North	GND	5069	146	10	20	10	0	0	0	0
LK-1136170	Wewala West	Wewala West	GND	4799	72	0	0	33	0	0	0	0
LK-1136175	Wewala East	Wewala East	GND	2699	37	0	18	0	0	0	0	0
LK-1136180	Thumbovila West	Thumbovila West	GND	2596	107	0	0	12	0	0	0	0
LK-1136185	Mampe North	Mampe North	GND	5439	57	0	33	10	21	0	0	0
LK-1136190	Makuludoowa	Makuludoowa	GND	3541	31	0	14	16	11	0	0	0
LK-1136195	Gorakapitiya	Gorakapitiya	GND	2052	0	0	19	0	0	0	0	0
LK-1136200	Nampamunuwa	Nampamunuwa	GND	3613	35	0	0	0	0	0	0	0
LK-1136205	Mavittara North	Mavittara North	GND	3056	16	0	0	14	0	0	0	0
LK-1136210	Mampe East	Mampe East	GND	2187	12	0	0	0	0	0	0	0
LK-1136215	Bodhirajapura	Bodhirajapura	GND	1973	48	0	17	0	0	0	0	0
LK-1136220	Mampe West	Mampe West	GND	2959	42	0	0	0	0	0	0	0
LK-1136225	Mampe South	Mampe South	GND	1937	38	0	0	0	0	0	0	0
LK-1136230	Kolamunna	Kolamunna	GND	3689	39	0	21	0	0	0	0	0
LK-1136235	Suwarapola East	Suwarapola East	GND	2673	57	0	10	0	0	0	0	0
LK-1136240	Suwarapola West	Suwarapola West	GND	1413	41	0	0	0	0	0	0	0
LK-1136245	Hedigama	Hedigama	GND	4642	41	10	16	13	0	0	0	0
LK-1136250	Batakettara North	Batakettara North	GND	6471	66	0	18	41	12	0	0	0
LK-1136255	Kesbewa North	Kesbewa North	GND	4090	41	0	11	15	0	0	0	0
LK-1136260	Kesbewa East	Kesbewa East	GND	1981	27	0	0	0	0	0	0	0
LK-1136265	Mavittara South	Mavittara South	GND	1974	29	0	0	17	0	0	0	0
LK-1136270	Honnanthara North	Honnanthara North	GND	3682	36	0	0	0	0	0	0	0
LK-1136275	Honnanthara South	Honnanthara South	GND	4895	16	0	0	13	0	0	0	0
LK-1136280	Makandana East	Makandana East	GND	5318	36	0	0	15	13	0	0	0
LK-1136285	Kesbewa South	Kesbewa South	GND	6570	58	0	37	51	24	0	0	0
LK-1136290	Batakettara South	Batakettara South	GND	7072	90	0	20	50	0	0	0	0
LK-1136295	Madapatha	Madapatha	GND	3954	124	0	0	20	0	0	0	0
LK-1136300	Delthara West	Delthara West	GND	2349	18	0	0	0	0	0	0	0
LK-1136305	Delthara East	Delthara East	GND	1656	16	0	0	0	0	0	0	0
LK-1136310	Dampe	Dampe	GND	4912	49	0	11	29	0	0	0	0
LK-1136315	Makandana West	Makandana west	GND	5402	48	0	22	26	11	0	0	0
LK-1136320	Nivungama	Nivungama	GND	2411	0	0	0	0	0	0	0	0
LK-1136325	Halpita	Halpita	GND	5920	41	0	0	0	0	0	0	0
LK-1136330	Horathuduwa	Horathuduwa	GND	1928	40	0	0	0	0	0	0	0
LK-1136335	Morenda	Morenda	GND	1521	0	0	0	0	0	0	0	0
LK-1136340	Batuwandara North	Batuwandara North	GND	1696	0	0	0	0	0	0	0	0
LK-1136345	Batuwandara South	Batuwandara South	GND	1615	0	0	10	0	0	0	0	0
LK-1136350	Jamburaliya	Jamburaliya	GND	3949	20	0	10	10	0	0	0	0
LK-1136355	Polhena	Polhena	GND	2872	30	0	11	10	0	0	0	0
LK-1136360	Regidel Watta	Regidel watta	GND	1285	0	0	0	0	0	0	0	0
LK-1136365	Kahapola	Kahapola	GND	3578	19	0	0	0	0	0	0	0
LK-12	Gampaha	Gampaha	DISTRICT	2188512	96007	5392	121910	5607	8476	1704	205	0
LK-1203	Negombo	Negombo	DSD	101250	11799	791	23203	366	86	26	0	0
LK-1203005	Kammalthura	Kammalthura	GND	1393	112	0	2776	183	0	0	0	0
LK-1203010	Pallansena North	Pallansena North	GND	2680	666	23	523	12	0	0	0	0
LK-1203015	Kochchikade	Kochchikade	GND	2108	235	0	141	0	0	0	0	0
LK-1203020	Pallansena South	Pallansena South	GND	1538	251	12	2591	0	0	0	0	0
LK-1203025	Daluwakotuwa	Daluwakotuwa	GND	2407	57	60	2689	10	0	26	0	0
LK-1203030	Palangathure	Palangathure	GND	3945	112	16	921	0	0	0	0	0
LK-1203035	Ettukala	Ettukala	GND	2482	636	18	118	0	0	0	0	0
LK-1203040	Daluwakotuwa East	Daluwakotuwa East	GND	4953	439	25	153	25	0	0	0	0
LK-1203045	Kattuwa	Kattuwa	GND	3559	1257	59	302	0	0	0	0	0
LK-1203050	Dalupotha East	Dalupatha East	GND	5430	737	78	721	19	0	0	0	0
LK-1203055	Dalupotha	Dalupatha	GND	2038	361	60	1203	14	28	0	0	0
LK-1203060	Kudapaduwa	Kudapaduwa	GND	1184	307	0	1545	0	0	0	0	0
LK-1203065	Kudapaduwa North	Kudapaduwa North	GND	3071	457	26	39	0	0	0	0	0
LK-1203070	Kudapaduwa South	Kudapaduwa South	GND	2182	509	27	161	0	0	0	0	0
LK-1203075	Wellaweediya	Wellaweediya	GND	3038	476	25	0	0	0	0	0	0
LK-1203080	Wellaweediya East	Wellaweediya East	GND	1773	460	26	74	0	0	0	0	0
LK-1203085	Periyamulla	Periyamulla	GND	1186	307	33	1232	19	38	0	0	0
LK-1203090	Hunupitiya	Hunupitiya	GND	301	166	28	6229	0	0	0	0	0
LK-1203095	Angurukaramulla	Angurukaramulla	GND	2312	85	0	681	0	10	0	0	0
LK-1203100	Udayarthoppuwa	Udayarthoppuwa	GND	2831	385	58	303	0	0	0	0	0
LK-1203105	Wellaweediya South	Wellaweediya South	GND	769	1189	101	418	0	10	0	0	0
LK-1203110	Muttakkarai North	Munnakkaraya North	GND	1605	431	16	244	0	0	0	0	0
LK-1203115	Doowa	Doowa	GND	2420	28	0	0	0	0	0	0	0
LK-1203120	Pitipana North	Pitipana North	GND	2932	52	0	0	0	0	0	0	0
LK-1203125	Pitipana Central	Pitipana Central	GND	2466	16	22	0	0	0	0	0	0
LK-1203130	Muttakkarai	Munnakkaraya	GND	2352	97	11	0	0	0	0	0	0
LK-1203135	Muttakkarai East	Munnakkaraya East	GND	1778	91	0	0	0	0	0	0	0
LK-1203140	Thaladoowa	Thaladoowa	GND	5554	1171	13	87	14	0	0	0	0
LK-1203145	Udayarthoppuwa South	Udayarthoppuwa South	GND	2126	160	0	25	0	0	0	0	0
LK-1203150	Bolawalana	Bolawalana	GND	4437	177	28	13	39	0	0	0	0
LK-1203155	Kurana West	Kurana West	GND	3373	76	10	14	15	0	0	0	0
LK-1203160	Kurana East	Kurana East	GND	2504	62	0	0	16	0	0	0	0
LK-1203165	Siriwardana Pedesa	Siriwardana Pedesa	GND	3192	49	0	0	0	0	0	0	0
LK-1203170	Pitipana South - East	Pitipana South - East	GND	3066	42	0	0	0	0	0	0	0
LK-1203175	Pitipana South - West	Pitipana South - West	GND	3320	80	0	0	0	0	0	0	0
LK-1203180	Thalahena	Thalahena	GND	3484	39	16	0	0	0	0	0	0
LK-1203185	Dungalpitiya	Dungalpitiya	GND	1904	11	0	0	0	0	0	0	0
LK-1203190	Settappaduwa	Settappaduwa	GND	1785	13	0	0	0	0	0	0	0
LK-1203195	Kepungoda	Kepungoda	GND	1772	0	0	0	0	0	0	0	0
LK-1206	Katana	Katana	DSD	218375	13305	986	5201	281	698	1610	12	0
LK-1206005	Muruthana	Muruthana	GND	1101	77	0	0	0	0	0	0	0
LK-1206010	Manaveriya	Manaveriya	GND	1346	414	17	27	0	0	15	0	0
LK-1206015	Udangawa	Udangawa	GND	765	945	85	0	0	0	16	0	0
LK-1206020	Thoppuwa	Thoppuwa	GND	1083	1476	135	13	0	0	372	0	0
LK-1206025	Bambukuliya	Bambukuliya	GND	1560	925	19	0	0	0	276	0	0
LK-1206030	Katana North	Katana North	GND	2573	336	13	0	0	0	25	0	0
LK-1206035	Katana East	Katana East	GND	2007	19	0	0	0	0	0	0	0
LK-1206040	Katana West	Katana West	GND	3178	50	10	0	0	0	0	0	0
LK-1206045	Maha Ethgala	Maha Ethgala	GND	1588	75	0	0	0	0	81	0	0
LK-1206050	Ethgala	Ethgala	GND	2307	862	43	15	0	0	264	0	0
LK-1206055	Adikkandiya	Adikkandiya	GND	528	565	12	0	0	0	0	0	0
LK-1206060	Welihena North	Welihena North	GND	1329	375	46	14	0	0	11	0	0
LK-1206065	Welihena South	Welihena South	GND	4038	762	86	67	16	0	91	0	0
LK-1206070	Pahala Kandawala	Pahala Kandawala	GND	1802	73	0	0	0	0	0	0	0
LK-1206075	Ethgala South	Ethgala South	GND	717	69	0	0	0	0	277	0	0
LK-1206080	Ihala Kandawala	Ihala Kandawala	GND	5329	152	25	0	0	0	0	0	0
LK-1206085	Kaluwarippuwa West	Kaluwarippuwa West	GND	4631	62	0	0	10	0	0	0	0
LK-1206090	Kondagammulla	Kondagammulla	GND	3171	32	0	0	0	0	0	0	0
LK-1206095	Katiyala	Katiyala	GND	3664	36	10	0	0	0	0	0	0
LK-1206100	Kadirana North	Kadirana North	GND	6027	165	31	57	0	13	0	0	0
LK-1206105	K.C. De Silva Puraya	K.C. De Silva Puraya	GND	3762	12	0	0	0	0	0	0	0
LK-1206110	Thimbirigaskatuwa	Thimbirigaskatuwa	GND	2761	40	13	0	0	0	0	0	0
LK-1206115	Sellakanda	Sellakanda	GND	1800	269	33	3159	0	23	0	0	0
LK-1206120	Katuwapitiya	Katuwapitiya	GND	2197	77	0	499	0	0	0	0	0
LK-1206125	Mahahunupitiya West	Mahahunupitiya West	GND	2150	110	0	88	10	10	0	0	0
LK-1206130	Mahahunupitiya East	Mahahunupitiya East	GND	2465	70	0	0	0	0	0	0	0
LK-1206135	Pahala Kadirana	Pahala Kadirana	GND	2428	81	0	0	0	0	0	0	0
LK-1206140	Kadirana	Kadirana	GND	6352	114	20	49	30	0	0	0	0
LK-1206145	Akkara 50	Akkara 50	GND	7523	232	0	28	23	12	0	0	0
LK-1206150	Kadirana South	Kadirana South	GND	3252	164	0	0	0	0	0	0	0
LK-1206155	Kimbulapitiya West	Kimbulapitiya West	GND	2865	42	16	0	0	0	0	0	0
LK-1206160	Kimbulapitiya North	Kimbulapitiya North	GND	2289	70	0	0	0	0	0	0	0
LK-1206165	Kimbulapitiya South	Kimbulapitiya South	GND	3909	19	0	0	0	0	0	0	0
LK-1206170	Kimbulapitiya Central	Kimbulapitiya Central	GND	4000	24	0	17	0	0	0	0	0
LK-1206175	Andiambalama West	Andiambalama West	GND	6386	149	27	13	0	0	0	0	0
LK-1206180	Walpola	Walpola	GND	2040	17	0	0	0	0	0	0	0
LK-1206185	Andiambalama East	Andiambalama East	GND	3415	32	0	17	0	0	0	0	0
LK-1206190	Dewamottawa	Dewamottawa	GND	3849	332	19	0	0	0	13	0	0
LK-1206195	Kovinna	Kovinna	GND	3728	47	0	118	0	0	0	0	0
LK-1206200	Evariwatta	Evariwatta	GND	4735	1015	100	62	0	0	82	0	0
LK-1206205	Air Force Camp	Air Force Camp	GND	952	0	0	0	0	0	0	0	0
LK-1206210	Kurana Katunayaka West	Kurana Katunayaka Central	GND	3123	77	22	0	26	0	0	0	0
LK-1206215	Kurana Katunayaka North	Kurana Katunayaka North	GND	2759	55	0	0	12	0	0	0	0
LK-1206220	Kurana Katunayaka South	Kurana Katunayaka South	GND	1601	18	0	11	0	0	0	0	0
LK-1206225	Katunayaka North	Katunayaka North	GND	1913	33	15	0	0	0	0	0	0
LK-1206230	Katunayaka South	Katunayaka South	GND	4507	110	39	23	0	0	0	0	0
LK-1206235	Walanagoda	Walanagoda	GND	2136	213	38	0	0	0	0	0	0
LK-1206240	Kalahapitiya	Kalahapitiya	GND	2301	23	0	16	0	0	0	0	0
LK-1206245	Madawala	Madawala	GND	2605	48	0	0	0	0	0	0	0
LK-1206250	Muthuwadiya	Muthuwadiya	GND	1406	67	0	0	0	0	0	0	0
LK-1206255	Liyanagemulla North	Liyanagemulla North	GND	4453	131	0	33	0	0	0	0	0
LK-1206260	Liyanagemulla South	Liyanagemulla South	GND	4110	155	0	51	0	14	0	0	0
LK-1206265	Amandoluwa	Amandoluwa	GND	7839	369	25	25	0	0	0	0	0
LK-1206270	Thempala	Thempala	GND	1523	24	0	16	0	0	0	0	0
LK-1206275	Kuswala	Kuswala	GND	1968	34	0	137	0	228	0	0	0
LK-1206280	Ganepola	Ganepola	GND	2157	23	0	44	0	24	0	0	0
LK-1206285	Heenatiyana West	Heenatiyana West	GND	2691	17	0	0	0	0	0	0	0
LK-1206290	Heenatiyana South	Heenatiyana South	GND	2656	0	0	0	0	0	0	0	0
LK-1206295	Heenatiyana East	Heenatiyana East	GND	2280	0	0	0	0	0	0	0	0
LK-1206300	Raddolugama North A	Raddolugama North A	GND	756	50	11	50	23	51	0	0	0
LK-1206305	Raddolugama North	Raddolugama North	GND	814	56	10	85	22	113	0	0	0
LK-1206310	Raddolugama South	Raddolugama South	GND	1197	89	0	151	14	123	0	0	0
LK-1206315	Raddolugama South A	Raddolugama South A	GND	1248	63	0	149	21	15	0	0	0
LK-1206320	Raddoluwa North	Raddoluwa North	GND	2888	32	0	39	0	29	0	0	0
LK-1206325	Raddoluwa West	Raddoluwa West	GND	3073	54	0	38	10	0	0	0	0
LK-1206330	Seeduwa	Seeduwa	GND	4906	188	0	0	12	0	20	0	0
LK-1206335	Mookalangamuwa West	Mookalangamuwa West	GND	2788	79	0	12	0	0	0	0	0
LK-1206340	Mookalangamuwa East	Mookalangamuwa East	GND	1940	87	0	0	0	0	0	0	0
LK-1206345	Bandarawatta East	Bandarawatta East	GND	1356	24	0	13	0	0	0	0	0
LK-1206350	Bandarawatta West	Bandarawatta West	GND	5350	146	25	20	18	0	10	0	0
LK-1206355	Dambaduraya	Dambaduraya	GND	1618	21	11	0	0	0	0	0	0
LK-1206360	Raddoluwa South	Raddoluwa South	GND	3184	96	0	16	10	14	0	0	0
LK-1206365	Lansiyawadiya	Lansiyawadiya	GND	2470	27	0	0	24	18	0	0	0
LK-1206370	Kotugoda	Kotugoda	GND	2601	306	0	19	0	0	57	0	0
LK-1206375	Kasagahawatta	Kasagahawatta	GND	1790	39	0	0	0	11	0	0	0
LK-1206380	Udammita North	Udammita North	GND	1655	19	0	0	0	0	0	0	0
LK-1206385	Alawathupitiya	Alawathupitiya	GND	1208	21	0	0	0	0	0	0	0
LK-1206390	Udammita South	Udammita South	GND	1489	33	0	0	0	0	0	0	0
LK-1206395	Ambalammulla	Ambalammulla	GND	2414	92	30	10	0	0	0	12	0
LK-1209	Divulapitiya	Divulapitiya	DSD	155173	1005	61	41	52	0	0	0	0
LK-1209005	Andimulla	Andimulla	GND	1492	0	0	0	0	0	0	0	0
LK-1209010	Ambalayaya	Ambalayaya	GND	1226	13	0	0	0	0	0	0	0
LK-1209015	Bolagala	Bolagala	GND	712	0	0	0	0	0	0	0	0
LK-1209020	Otharawadiya	Otharawadiya	GND	932	0	0	0	0	0	0	0	0
LK-1209025	Godigamuwa West	Godigamuwa West	GND	875	0	0	0	0	0	0	0	0
LK-1209030	Godigamuwa East	Godigamuwa East	GND	1641	14	0	0	0	0	0	0	0
LK-1209035	Balawala	Balawala	GND	512	14	0	0	0	0	0	0	0
LK-1209040	Badalgama	Badalgama	GND	1368	36	10	0	0	0	0	0	0
LK-1209045	Delpakadawara	Delpakadawara	GND	481	20	0	0	0	0	0	0	0
LK-1209050	Siringapathawatta	Siringapathawatta	GND	262	61	0	0	0	0	0	0	0
LK-1209055	Pethigoda	Pethigoda	GND	1756	0	0	0	0	0	0	0	0
LK-1209060	Alugolla	Alugolla	GND	1497	55	17	0	0	0	0	0	0
LK-1209065	Polwatta	Polwatta	GND	1215	0	0	11	0	0	0	0	0
LK-1209070	Polhena	Polhena	GND	1043	0	0	0	0	0	0	0	0
LK-1209075	Mellawagedara	Mellawagedara	GND	1610	21	0	0	0	0	0	0	0
LK-1209080	Diklanda	Diklanda	GND	713	22	0	0	0	0	0	0	0
LK-1209085	Katukenda	Katukenda	GND	1664	65	0	0	0	0	0	0	0
LK-1209090	Akarangaha	Akarangaha	GND	1156	0	0	0	0	0	0	0	0
LK-1209095	Kehelella West	Kehelella West	GND	995	0	0	0	0	0	0	0	0
LK-1209100	Lihiniyagammana	Lihiniyagammana	GND	1025	11	0	0	0	0	0	0	0
LK-1209105	Akaragama East	Akaragama East	GND	904	0	0	0	0	0	0	0	0
LK-1209110	Akaragama West	Akaragama West	GND	1752	0	0	0	0	0	0	0	0
LK-1209115	Akaragama North	Akaragama North	GND	1417	11	0	0	0	0	0	0	0
LK-1209120	Pahala Madampella	Pahala Madampella	GND	1779	16	0	0	0	0	0	0	0
LK-1209125	Halpe 1	Halpe	GND	2376	25	0	0	0	0	0	0	0
LK-1209130	Kaluwarippuwa East - Uthura	Kaluwarippuwa East - Uthura	GND	1776	85	0	0	0	0	0	0	0
LK-1209135	Kongodamulla North	Kongodamulla North	GND	908	0	0	0	0	0	0	0	0
LK-1209140	Kongodamulla West	Kongodamulla West	GND	1809	15	0	0	0	0	0	0	0
LK-1209145	Kongodamulla South	Kongodamulla South	GND	1508	48	0	0	0	0	0	0	0
LK-1209150	Kongodamulla East	Kongodamulla East	GND	1807	14	0	0	0	0	0	0	0
LK-1209155	Ihala Madampella North	Ihala Madampella North	GND	869	16	0	0	0	0	0	0	0
LK-1209160	Ihala Madampella West	Ihala Madampella West	GND	1143	0	0	0	0	0	0	0	0
LK-1209165	Ihala Madampella East	Ihala Madampella East	GND	988	0	0	0	0	0	0	0	0
LK-1209170	Ihalagama	Ihalagama	GND	830	0	0	0	0	0	0	0	0
LK-1209175	Kehelella South	Kehelella South	GND	1583	0	0	0	0	0	0	0	0
LK-1209180	Kehelella North	Kehelella North	GND	1012	0	0	0	0	0	0	0	0
LK-1209185	Delwagura	Delwagura	GND	898	0	0	0	0	0	0	0	0
LK-1209190	Wekada	Wekada	GND	986	0	0	0	0	0	0	0	0
LK-1209195	Kalumada	Kalumada	GND	686	0	0	0	0	0	0	0	0
LK-1209200	Agalegedara	Agalegedara	GND	1051	0	0	0	0	0	0	0	0
LK-1209205	Waradala	Waradala	GND	1805	0	0	0	0	0	0	0	0
LK-1209210	Kotadeniyawa	Kotadeniyawa	GND	2112	16	0	0	0	0	0	0	0
LK-1209215	Erabadda	Erabadda	GND	726	0	0	0	0	0	0	0	0
LK-1209220	Diyagampala	Diyagampala	GND	1395	0	0	0	0	0	0	0	0
LK-1209225	Koradaminna	Koradaminna	GND	935	0	0	0	0	0	0	0	0
LK-1209230	Dimbuldeniya	Dimbuldeniya	GND	1023	0	0	0	0	0	0	0	0
LK-1209235	Paragoda North	Paragoda North	GND	835	0	0	0	0	0	0	0	0
LK-1209240	Paragoda South	Paragoda South	GND	665	0	0	0	0	0	0	0	0
LK-1209245	Moragalkanda	Moragalkanda	GND	328	0	0	0	0	0	0	0	0
LK-1209250	Nawana West	Nawana West	GND	801	0	0	0	0	0	0	0	0
LK-1209255	Hettimulla	Hettimulla	GND	1042	0	0	0	0	0	0	0	0
LK-1209260	Haloluwa	Haloluwa	GND	893	0	0	0	0	0	0	0	0
LK-1209265	Kelegedara	Kelegedara	GND	835	0	0	0	0	0	0	0	0
LK-1209270	Heeralugedara	Heeralugedara	GND	1718	17	0	0	0	0	0	0	0
LK-1209275	Walpita	Walpita	GND	1277	23	0	30	0	0	0	0	0
LK-1209280	Welagana	Welagana	GND	984	0	0	0	0	0	0	0	0
LK-1209285	Thammita	Thammita	GND	1724	13	0	0	0	0	0	0	0
LK-1209290	Palliyapitiya West	Palliyapitiya West	GND	952	0	0	0	0	0	0	0	0
LK-1209295	Induragara North	Induragara North	GND	2199	0	0	0	0	0	0	0	0
LK-1209300	Induragara South	Induragara South	GND	774	0	0	0	0	0	0	0	0
LK-1209305	Kadawala North	Kadawala North	GND	2072	24	0	0	14	0	0	0	0
LK-1209310	Kadawala	Kadawala	GND	1031	14	0	0	0	0	0	0	0
LK-1209315	Kaluwarippuwa East - Dakuna	Kaluwarippuwa East - Dakuna	GND	2788	118	21	0	0	0	0	0	0
LK-1209320	Miriswatta	Miriswatta	GND	1763	43	0	0	0	0	0	0	0
LK-1209325	Dagonna North	Dagonna North	GND	1583	0	0	0	0	0	0	0	0
LK-1209330	Dagonna East	Dagonna East	GND	1582	0	0	0	0	0	0	0	0
LK-1209335	Halgahawelawatta	Halgahawelawatta	GND	638	0	0	0	0	0	0	0	0
LK-1209340	Katuwellegama North	Katuwellegama North	GND	1176	0	0	0	0	0	0	0	0
LK-1209345	Kadawala South	Kadawala South	GND	1169	0	0	0	0	0	0	0	0
LK-1209350	Batepola	Batepola	GND	1643	0	0	0	0	0	0	0	0
LK-1209355	Doonagaha South	Doonagaha South	GND	1859	0	0	0	0	0	0	0	0
LK-1209360	Doonagaha	Doonagaha	GND	979	0	0	0	0	0	0	0	0
LK-1209365	Palliyapitiya East	Palliyapitiya East	GND	1587	0	0	0	0	0	0	0	0
LK-1209370	Hunumulla	Hunumulla	GND	1881	0	0	0	0	0	0	0	0
LK-1209375	Hapugahagama	Hapugahagama	GND	835	0	0	0	0	0	0	0	0
LK-1209380	Barawavila	Barawavila	GND	1238	0	0	0	0	0	0	0	0
LK-1209385	Kudagammana	Kudagammana	GND	1975	0	0	0	21	0	0	0	0
LK-1209390	Pahala Madithiyawala	Pahala Madithiyawala	GND	1143	0	0	0	0	0	0	0	0
LK-1209395	Kaluaggala	Kaluaggala	GND	982	0	0	0	0	0	0	0	0
LK-1209400	Kuleegedara	Kuleegedara	GND	971	0	0	0	0	0	0	0	0
LK-1209405	Nawana East	Nawana East	GND	592	0	0	0	0	0	0	0	0
LK-1209410	Nariyamulla	Nariyamulla	GND	565	0	0	0	0	0	0	0	0
LK-1209415	Halpe 2	Halpe	GND	3098	0	0	0	17	0	0	0	0
LK-1209420	Parana Halpe West	Parana Halpe West	GND	1201	0	0	0	0	0	0	0	0
LK-1209425	Parana Halpe East	Parana Halpe East	GND	786	0	0	0	0	0	0	0	0
LK-1209430	Gurullagama	Gurullagama	GND	811	18	0	0	0	0	0	0	0
LK-1209435	Kithulwala Ihala	Kithulwala Ihala	GND	1174	0	0	0	0	0	0	0	0
LK-1209440	Kithulwala Pahala	Kithulwala Pahala	GND	959	0	0	0	0	0	0	0	0
LK-1209445	Kithulwala North	Kithulwala North	GND	1056	0	0	0	0	0	0	0	0
LK-1209450	Kaluaggala Pahalagama	Kaluaggala Pahalagama	GND	658	0	0	0	0	0	0	0	0
LK-1209455	Wattemulla	Wattemulla	GND	1272	0	0	0	0	0	0	0	0
LK-1209460	Ihala Madithiyawala	Ihala Madithiyawala	GND	947	0	0	0	0	0	0	0	0
LK-1209465	Hangawatta	Hangawatta	GND	467	0	0	0	0	0	0	0	0
LK-1209470	Rassapana	Rassapana	GND	497	0	0	0	0	0	0	0	0
LK-1209475	Balagalla West	Balagalla West	GND	1193	10	0	0	0	0	0	0	0
LK-1209480	Parana Handiya	Parana Handiya	GND	406	0	0	0	0	0	0	0	0
LK-1209485	Pinnakele	Pinnakele	GND	897	0	0	0	0	0	0	0	0
LK-1209490	Pinnakele South	Pinnakele South	GND	972	0	0	0	0	0	0	0	0
LK-1209495	Urapana	Urapana	GND	1528	10	0	0	0	0	0	0	0
LK-1209500	Kelepitimulla	Kelepitimulla	GND	2399	17	0	0	0	0	0	0	0
LK-1209505	Sayakkaramulla	Sayakkaramulla	GND	757	0	0	0	0	0	0	0	0
LK-1209510	Henpitagedara	Henpitagedara	GND	1234	17	0	0	0	0	0	0	0
LK-1209515	Aluthepola West	Aluthepola West	GND	1833	0	0	0	0	0	0	0	0
LK-1209520	Thotillagahawatta	Thotillagahawatta	GND	1428	0	0	0	0	0	0	0	0
LK-1209525	Katuwellegama South	Katuwellegama South	GND	1692	10	13	0	0	0	0	0	0
LK-1209530	Palugahawela	Palugahawela	GND	1376	0	0	0	0	0	0	0	0
LK-1209535	Dagonna South	Dagonna South	GND	3219	29	0	0	0	0	0	0	0
LK-1209540	Hapuwalana South	Hapuwalana South	GND	817	0	0	0	0	0	0	0	0
LK-1209545	Hapuwalana	Hapuwalana	GND	787	0	0	0	0	0	0	0	0
LK-1209550	Bomugammana North	Bomugammana North	GND	1916	27	0	0	0	0	0	0	0
LK-1209555	Bomugammana South	Bomugammana South	GND	1055	0	0	0	0	0	0	0	0
LK-1209560	Pinnalanda	Pinnalanda	GND	821	0	0	0	0	0	0	0	0
LK-1209565	Divulapitiya	Divulapitiya	GND	1801	0	0	0	0	0	0	0	0
LK-1209570	Balagalla East	Balagalla East	GND	880	0	0	0	0	0	0	0	0
LK-1209575	Ullalapola East	Ullalapola East	GND	1171	0	0	0	0	0	0	0	0
LK-1209580	Ullalapola West	Ullalapola West	GND	1228	0	0	0	0	0	0	0	0
LK-1209585	Wewagedara	Wewagedara	GND	1047	0	0	0	0	0	0	0	0
LK-1209590	Horagasmulla	Horagasmulla	GND	1672	0	0	0	0	0	0	0	0
LK-1209595	Assennawatta East	Assennawatta East	GND	3315	13	0	0	0	0	0	0	0
LK-1209600	Hapuwalana North	Hapuwalana North	GND	856	0	0	0	0	0	0	0	0
LK-1209605	Assennawatta West	Assennawatta West	GND	1051	0	0	0	0	0	0	0	0
LK-1209610	Weragodamulla	Weragodamulla	GND	2217	0	0	0	0	0	0	0	0
LK-1209615	Aluthepola East	Aluthepola East	GND	1347	24	0	0	0	0	0	0	0
LK-1212	Mirigama	Mirigama	DSD	166648	730	12	8507	0	0	0	135	0
LK-1212005	Nalla	Nalla	GND	3936	0	0	0	0	0	0	0	0
LK-1212010	Giriullagama	Giriullagama	GND	1604	12	0	0	0	0	0	0	0
LK-1212015	Loluwagoda	Loluwagoda	GND	2593	23	0	16	0	0	0	0	0
LK-1212020	Delwala South	Delwala South	GND	800	0	0	0	0	0	0	0	0
LK-1212025	Delwala	Delwala	GND	788	0	0	0	0	0	0	0	0
LK-1212030	Loluwagoda South	Loluwagoda South	GND	1122	0	0	0	0	0	0	0	0
LK-1212035	Madurupitiya	Madurupitiya	GND	863	13	0	0	0	0	0	0	0
LK-1212040	Hapugahagedara	Hapugahagedara	GND	1026	0	0	0	0	0	0	0	0
LK-1212045	Kandangamuwa	Kandangamuwa	GND	1459	19	0	0	0	0	0	0	0
LK-1212050	Henegama	Henegama	GND	1048	0	0	0	0	0	0	0	0
LK-1212055	Maladeniya	Maladeniya	GND	1126	0	0	0	0	0	0	0	0
LK-1212060	Kahandawa	Kahandawa	GND	1674	0	0	0	0	0	0	0	0
LK-1212065	Kandalama	Kandalama	GND	1461	13	0	0	0	0	0	0	0
LK-1212070	Walbothale	Walbothale	GND	2360	0	0	0	0	0	0	0	0
LK-1212075	Pirisyala	Pirisyala	GND	1029	0	0	0	0	0	0	0	0
LK-1212080	Kamarangawa	Kamarangawa	GND	777	0	0	0	0	0	0	0	0
LK-1212085	Keenadeniya	Keenadeniya	GND	1336	11	0	0	0	0	0	0	0
LK-1212090	Bothale Pahalagama North	Bothale Pahalagama North	GND	1379	0	0	0	0	0	0	0	0
LK-1212095	Maveehena	Maveehena	GND	998	11	0	0	0	0	0	0	0
LK-1212100	Kurunduwatta	Kurunduwatta	GND	1166	0	0	0	0	0	0	0	0
LK-1212105	Purana Meerigama	Purana Mirigama	GND	1002	19	0	0	0	0	0	0	0
LK-1212110	Hakurukumbura	Hakurukumbura	GND	2453	15	0	0	0	0	0	0	0
LK-1212115	Mugurugampala	Mugurugampala	GND	1867	0	0	0	0	0	0	0	0
LK-1212120	Vilwatta	Vilwatta	GND	1471	0	0	0	0	0	0	0	0
LK-1212125	Thawalampitiya	Thawalampitiya	GND	978	12	0	0	0	0	0	0	0
LK-1212130	Bothale Pahalagama	Bothale Pahalagama	GND	1013	0	0	0	0	0	0	0	0
LK-1212135	Bothale Pahalagama West	Bothale Pahalagama West	GND	1002	0	0	0	0	0	0	0	0
LK-1212140	Bothale Medagama	Bothale Medagama	GND	885	0	0	0	0	0	0	0	0
LK-1212145	Bothale Pahalagama East	Bothale Pahalagama East	GND	1891	0	0	0	0	0	0	0	0
LK-1212150	Thalagama East	Thalagama East	GND	523	0	0	0	0	0	0	0	0
LK-1212155	Thalagama	Thalagama	GND	777	0	0	0	0	0	0	0	0
LK-1212160	Balathawa	Balathawa	GND	852	0	0	0	0	0	0	0	0
LK-1212165	Makoora	Makoora	GND	480	0	0	0	0	0	0	0	0
LK-1212170	Pottekanda	Pottekanda	GND	634	0	0	0	0	0	0	0	0
LK-1212175	Bothale Ihalagama	Bothale Ihalagama	GND	959	0	0	0	0	0	0	0	0
LK-1212180	Andagalakanda	Andagalakanda	GND	622	0	0	0	0	0	0	0	0
LK-1212185	Halugama Ihala	Halugama Ihala	GND	865	0	0	0	0	0	0	0	0
LK-1212190	Kindiwala	Kindiwala	GND	605	0	0	0	0	0	0	0	0
LK-1212195	Halugama Pahala	Halugama Pahala	GND	585	0	0	0	0	0	0	0	0
LK-1212200	Meerigama	Mirigama	GND	445	0	0	0	0	0	0	0	0
LK-1212205	Walawwatta	Walawwatta	GND	1208	0	0	0	0	0	0	0	0
LK-1212210	Thilinagama	Thilinagama	GND	1311	22	0	0	0	0	0	0	0
LK-1212215	Vijayarajadahana	Vijayarajadahana	GND	860	0	0	0	0	0	0	0	0
LK-1212220	Neligama Ihala	Neligama Ihala	GND	548	0	0	0	0	0	0	0	0
LK-1212225	Neligama Central	Neligama Central	GND	737	0	0	0	0	0	0	0	0
LK-1212230	Neligama	Neligama	GND	978	0	0	0	0	0	0	0	0
LK-1212235	Lindara	Lindara	GND	960	0	0	0	0	0	0	0	0
LK-1212240	Halugama	Halugama	GND	1541	0	0	0	0	0	0	0	0
LK-1212245	Siyambalagoda	Siyambalagoda	GND	768	0	0	0	0	0	0	0	0
LK-1212250	Lindara Pahala	Lindara Pahala	GND	606	0	0	0	0	0	0	0	0
LK-1212255	Pohonnaruwa	Pohonnaruwa	GND	1251	0	0	0	0	0	0	0	0
LK-1212260	Indiparape	Indiparape	GND	1007	0	0	0	0	0	0	0	0
LK-1212265	Kosetadeniya	Kosetadeniya	GND	752	0	0	0	0	0	0	0	0
LK-1212270	Imbulanwala	Imbulanwala	GND	896	0	0	0	0	0	0	0	0
LK-1212275	Uduulla	Uduulla	GND	573	0	0	0	0	0	0	0	0
LK-1212280	Gaspe	Gaspe	GND	1576	0	0	0	0	0	0	0	0
LK-1212285	Banduragoda	Banduragoda	GND	973	12	0	0	0	0	0	0	0
LK-1212290	Keppitiwalana	Keppitiwalana	GND	1347	10	0	0	0	0	0	0	0
LK-1212295	Gaspe Pahalagama	Gaspe Pahalagama	GND	843	0	0	0	0	0	0	0	0
LK-1212300	Galgana	Galgana	GND	418	0	0	0	0	0	0	0	0
LK-1212305	Pelapitigama	Pelapitigama	GND	1315	0	0	0	0	0	0	0	0
LK-1212310	Elhena	Elhena	GND	1816	0	0	0	0	0	0	0	0
LK-1212315	Ganegoda	Ganegoda	GND	1129	0	0	0	0	0	0	0	0
LK-1212320	Hiriwala	Hiriwala	GND	1789	0	0	0	0	0	0	0	0
LK-1212325	Handurumulla	Handurumulla	GND	786	0	0	0	0	0	0	0	0
LK-1212330	Pamunuwatta	Pamunuwatta	GND	1496	0	0	0	0	0	0	0	0
LK-1212335	Lindara Ihala	Lindara Ihala	GND	457	0	0	0	0	0	0	0	0
LK-1212340	Arukgoda	Arukgoda	GND	549	0	0	0	0	0	0	0	0
LK-1212345	Madabavita	Madabavita	GND	1369	0	0	0	0	0	0	0	0
LK-1212350	Madabavita Ihalagama	Madabavita Ihalagama	GND	928	0	0	0	0	0	0	0	0
LK-1212355	Newgala	Newgala	GND	1074	0	0	0	0	0	0	0	0
LK-1212360	Danovita	Danovita	GND	1453	27	0	22	0	0	0	0	0
LK-1212365	Weweldeniya Pahalagama	Weweldeniya Pahalagama	GND	954	0	0	32	0	0	0	0	0
LK-1212370	Weweldeniya Pahalagama West	Weweldeniya Pahalagama West	GND	1449	0	0	0	0	0	0	0	0
LK-1212375	Henepola	Henepola	GND	545	0	0	0	0	0	0	0	0
LK-1212380	Palmada	Palmada	GND	689	0	0	0	0	0	0	0	0
LK-1212385	Kal/ Pallewela	Kal/Pallewela	GND	1171	0	0	0	0	0	0	0	0
LK-1212390	Raddalgoda	Raddalgoda	GND	863	0	0	0	0	0	0	0	0
LK-1212395	Ihala Bokalagama	Ihala Bokalagama	GND	1142	0	0	0	0	0	0	0	0
LK-1212400	Pahala Bokalagama	Pahala Bokalagama	GND	2272	0	0	0	0	0	0	0	0
LK-1212405	Kukulnape	Kukulnape	GND	773	0	0	0	0	0	0	0	0
LK-1212410	Gaspe South	Gaspe South	GND	892	0	0	0	0	0	0	0	0
LK-1212415	Muddaragama	Muddaragama	GND	989	0	0	0	0	0	0	0	0
LK-1212420	Hanchapola	Hanchapola	GND	1020	0	0	0	0	0	0	0	0
LK-1212425	Hirikuluwa	Hirikuluwa	GND	609	0	0	0	0	0	0	135	0
LK-1212430	Pathagama	Pathagama	GND	738	0	0	0	0	0	0	0	0
LK-1212435	Borukgamuwa West	Borukgamuwa West	GND	916	0	0	0	0	0	0	0	0
LK-1212440	Borukgamuwa	Borukgamuwa	GND	1217	24	0	0	0	0	0	0	0
LK-1212445	Pallewela	Pallewela	GND	725	0	0	0	0	0	0	0	0
LK-1212450	Weragoda/ Kakkele	Weragoda/Kakkele	GND	1203	0	0	0	0	0	0	0	0
LK-1212455	Hansagiriya	Hansagiriya	GND	388	0	0	1815	0	0	0	0	0
LK-1212460	Wellevilamulla North	Wellevilamulla North	GND	911	13	0	96	0	0	0	0	0
LK-1212465	Wellevilamulla	Wellevilamulla	GND	88	23	0	1461	0	0	0	0	0
LK-1212470	Udawela	Udawela	GND	1345	17	0	116	0	0	0	0	0
LK-1212475	Hapitigama	Hapitigama	GND	1038	0	0	0	0	0	0	0	0
LK-1212480	Makkanigoda North	Makkanigoda North	GND	1713	10	0	0	0	0	0	0	0
LK-1212485	Pahalawela	Pahalawela	GND	640	0	0	0	0	0	0	0	0
LK-1212490	Millawala	Millawala	GND	1188	0	0	0	0	0	0	0	0
LK-1212495	Weweldeniya Ihalagama West	Weweldeniya Ihalagama West	GND	542	13	0	191	0	0	0	0	0
LK-1212500	Weweldeniya Ihalagama	Weweldeniya Ihalagama	GND	744	0	0	90	0	0	0	0	0
LK-1212505	Kotadeniya	Kotadeniya	GND	1029	0	0	0	0	0	0	0	0
LK-1212510	Ilukpatha/ Weragoda	Ilukpatha/Weragoda	GND	1180	0	0	0	0	0	0	0	0
LK-1212515	Hedidenikanda	Hedidenikanda	GND	638	58	0	67	0	0	0	0	0
LK-1212520	Radawadunna	Radawadunna	GND	1017	0	0	0	0	0	0	0	0
LK-1212525	Bataleeya	Bataleeya	GND	1215	0	0	0	0	0	0	0	0
LK-1212530	Bataleeya South	Bataleeya South	GND	991	0	0	0	0	0	0	0	0
LK-1212535	Bolana	Bolana	GND	894	0	0	0	0	0	0	0	0
LK-1212540	Mallehewa	Mallehewa	GND	941	0	0	0	0	0	0	0	0
LK-1212545	Webadamulla	Webadamulla	GND	1535	23	12	863	0	0	0	0	0
LK-1212550	Weragoda	Weragoda	GND	900	0	0	0	0	0	0	0	0
LK-1212555	Midellawala	Midellawala	GND	493	0	0	0	0	0	0	0	0
LK-1212560	Kendalanda	Kendalanda	GND	1124	0	0	0	0	0	0	0	0
LK-1212565	Nungamuwa	Nungamuwa	GND	1291	0	0	0	0	0	0	0	0
LK-1212570	Uthuwanbogahawatta	Uthuwanbogahawatta	GND	1561	0	0	0	0	0	0	0	0
LK-1212575	Maligathenna Pahala	Maligathenna Pahala	GND	1675	0	0	0	0	0	0	0	0
LK-1212580	Maligathenna Central	Maligathenna Central	GND	1897	0	0	0	0	0	0	0	0
LK-1212585	Wandurawa	Wandurawa	GND	1824	12	0	0	0	0	0	0	0
LK-1212590	Galgamuwa West	Galgamuwa West	GND	1620	0	0	0	0	0	0	0	0
LK-1212595	Galgamuwa East	Galgamuwa East	GND	1023	0	0	0	0	0	0	0	0
LK-1212600	Kumbaloluwa	Kumbaloluwa	GND	527	0	0	0	0	0	0	0	0
LK-1212605	Kumbaloluwa Ihala	Kumbaloluwa Ihala	GND	1240	0	0	0	0	0	0	0	0
LK-1212610	Kumbaloluwa Pahala	Kumbaloluwa Pahala	GND	1165	0	0	23	0	0	0	0	0
LK-1212615	Dumunnegedara South	Dumunnegedara South	GND	771	0	0	0	0	0	0	0	0
LK-1212620	Dumunnegedara	Dumunnegedara	GND	823	0	0	0	0	0	0	0	0
LK-1212625	Pasyala	Pasyala	GND	1074	10	0	21	0	0	0	0	0
LK-1212630	Pasyala West	Pasyala West	GND	754	0	0	16	0	0	0	0	0
LK-1212635	Muruthawala	Muruthawala	GND	580	0	0	0	0	0	0	0	0
LK-1212640	Kithanawatta	Kithanawatta	GND	900	49	0	2335	0	0	0	0	0
LK-1212645	Kammalpitiya	Kammalpitiya	GND	1091	0	0	215	0	0	0	0	0
LK-1212650	Radawadunna Central	Radawadunna Central	GND	869	0	0	0	0	0	0	0	0
LK-1212655	Imbulgasovita	Imbulgasovita	GND	949	0	0	0	0	0	0	0	0
LK-1212660	Radawadunna Pahala	Radawadunna Pahala	GND	767	0	0	0	0	0	0	0	0
LK-1212665	Weerasooriyakanda	Weerasooriyakanda	GND	1644	78	0	0	0	0	0	0	0
LK-1212670	Pasyala East	Pasyala East	GND	947	13	0	177	0	0	0	0	0
LK-1212675	Udugama	Udugama	GND	1560	0	0	0	0	0	0	0	0
LK-1212680	Panawala	Panawala	GND	925	0	0	0	0	0	0	0	0
LK-1212685	Delgahamedilla	Delgahamedilla	GND	1378	0	0	0	0	0	0	0	0
LK-1212690	Mottunna West	Mottunna West	GND	1003	0	0	0	0	0	0	0	0
LK-1212695	Mottunna	Mottunna	GND	806	0	0	0	0	0	0	0	0
LK-1212700	Maligathenna	Maligathenna	GND	2663	19	0	0	0	0	0	0	0
LK-1212705	Kureekotuwa	Kureekotuwa	GND	3587	88	0	12	0	0	0	0	0
LK-1212710	Hakwadunna	Hakwadunna	GND	1202	0	0	0	0	0	0	0	0
LK-1212715	Kureekotuwa Pahala	Kureekotuwa Pahala	GND	891	14	0	0	0	0	0	0	0
LK-1212720	Ellalamulla	Ellalamulla	GND	1442	22	0	612	0	0	0	0	0
LK-1212725	Debahera	Debahera	GND	1211	12	0	51	0	0	0	0	0
LK-1212730	Mawathahena	Mawathahena	GND	1198	0	0	0	0	0	0	0	0
LK-1212735	Meevitiya	Meevitiya	GND	1535	13	0	276	0	0	0	0	0
LK-1212740	Ketakalapitiya	Ketakalapitiya	GND	730	0	0	0	0	0	0	0	0
LK-1212745	Dambutuwa	Dambutuwa	GND	1036	0	0	0	0	0	0	0	0
LK-1215	Minuwangoda	Minuwangoda	DSD	190169	873	67	6664	70	75	0	0	0
LK-1215005	Medemulla North	Medemulla North	GND	1686	0	0	0	0	0	0	0	0
LK-1215010	Nilpanagoda West	Nilpanagoda West	GND	1647	11	0	0	0	0	0	0	0
LK-1215015	Nilpanagoda East	Nilpanagoda East	GND	1509	10	0	18	0	0	0	0	0
LK-1215020	Nilpanagoda	Nilpanagoda	GND	2819	18	0	0	0	0	0	0	0
LK-1215025	Arangawa	Arangawa	GND	1841	0	0	0	0	0	0	0	0
LK-1215030	Horampella North	Horampella North	GND	2042	0	0	0	0	0	0	0	0
LK-1215035	Galkanda	Galkanda	GND	919	0	0	0	0	0	0	0	0
LK-1215040	Bodhipihituwala	Bodhipihituwala	GND	2094	0	0	0	0	0	0	0	0
LK-1215045	Watinapaha	Watinapaha	GND	1264	0	0	0	0	0	0	0	0
LK-1215050	Mabodala West	Mabodala West	GND	2073	14	0	14	0	0	0	0	0
LK-1215055	Mabodala North	Mabodala North	GND	1305	25	0	0	0	0	0	0	0
LK-1215060	Ihala Vithanamulla	Ihala Vithanamulla	GND	1243	0	0	0	0	0	0	0	0
LK-1215065	Nalapaha	Nalapaha	GND	887	0	0	0	0	0	0	0	0
LK-1215070	Pahala Vithanamulla	Pahala Vithanamulla	GND	800	0	0	0	0	0	0	0	0
LK-1215075	Mabodala East	Mabodala East	GND	1140	0	0	0	0	0	0	0	0
LK-1215080	Mabodala South	Mabodala South	GND	814	0	0	0	0	0	0	0	0
LK-1215085	Watinapaha South	Watinapaha South	GND	1284	0	0	0	0	0	0	0	0
LK-1215090	Wankepumulla	Wankepumulla	GND	519	0	0	0	0	0	0	0	0
LK-1215095	Kamaragoda	Kamaragoda	GND	1274	0	0	0	0	0	0	0	0
LK-1215100	Kudagoda	Kudagoda	GND	1160	0	0	0	0	0	0	0	0
LK-1215105	Horampella South	Horampella South	GND	1187	0	0	0	14	0	0	0	0
LK-1215110	Mahagama	Mahagama	GND	1954	0	0	19	0	0	0	0	0
LK-1215115	Wegowwa South	Wegowwa South	GND	1761	11	0	0	0	0	0	0	0
LK-1215120	Minuwangoda East	Minuwangoda East	GND	1957	12	0	0	0	0	0	0	0
LK-1215125	Minuwangoda North	Minuwangoda North	GND	1109	20	0	28	0	0	0	0	0
LK-1215130	Medemulla South	Medemulla South	GND	3449	16	0	10	0	0	0	0	0
LK-1215135	Boragodawatta North	Boragodawatta North	GND	1991	18	0	95	0	0	0	0	0
LK-1215140	Yatiyana	Yatiyana	GND	2968	0	0	0	0	0	0	0	0
LK-1215145	Peellawatta	Peellawatta	GND	2365	16	0	0	0	0	0	0	0
LK-1215150	Unnaruwa	Unnaruwa	GND	1733	0	0	0	0	0	0	0	0
LK-1215155	Yatiyana Central	Yatiyana Central	GND	1574	0	0	0	0	0	0	0	0
LK-1215160	Yatiyana East	Yatiyana East	GND	2295	0	0	24	0	34	0	0	0
LK-1215165	Kopiwatta	Kopiwatta	GND	1043	0	0	582	0	0	0	0	0
LK-1215170	Boragodawatta South	Boragodawatta South	GND	1960	17	0	24	0	0	0	0	0
LK-1215175	Minuwangoda West	Minuwangoda West	GND	1101	0	0	27	0	0	0	0	0
LK-1215180	Meda Minuwangoda	Meda Minuwangoda	GND	619	31	12	200	0	0	0	0	0
LK-1215185	Pansilgoda	Pansilgoda	GND	1219	0	0	0	0	0	0	0	0
LK-1215190	Wegowwa East	Wegowwa East	GND	899	0	0	0	0	0	0	0	0
LK-1215195	Helakandana	Helakandana	GND	2225	0	0	0	0	0	0	0	0
LK-1215200	Peralanda	Peralanda	GND	1017	0	0	0	0	0	0	0	0
LK-1215205	Dewalapola	Dewalapola	GND	1889	0	0	0	0	0	0	0	0
LK-1215210	Wadumulla	Wadumulla	GND	1579	0	0	0	0	0	0	0	0
LK-1215215	Metikotumulla	Metikotumulla	GND	1272	11	0	0	0	0	0	0	0
LK-1215220	Essella	Essella	GND	734	0	0	0	0	0	0	0	0
LK-1215225	Yatagama	Yatagama	GND	998	0	0	0	0	0	0	0	0
LK-1215230	Naiwala North	Naiwala North	GND	1671	26	0	0	0	0	0	0	0
LK-1215235	Naiwala East	Naiwala East	GND	1639	0	0	10	0	0	0	0	0
LK-1215240	Naiwala West	Naiwala West	GND	1315	18	0	0	0	10	0	0	0
LK-1215245	Walpitamulla	Walpitamulla	GND	2827	0	0	0	0	0	0	0	0
LK-1215250	Balabowa	Balabowa	GND	1874	33	0	0	0	0	0	0	0
LK-1215255	Balabowa West	Balabowa West	GND	2155	10	0	0	0	0	0	0	0
LK-1215260	Pethiyagoda North	Pethiyagoda North	GND	1025	0	0	0	0	0	0	0	0
LK-1215265	Gallegedara	Gallegedara	GND	1082	0	0	0	0	0	0	0	0
LK-1215270	Ganihimulla	Ganihimulla	GND	1634	18	0	0	0	0	0	0	0
LK-1215275	Hendimahara	Hendimahara	GND	1739	0	0	0	0	0	0	0	0
LK-1215280	Kalawana	Kalawana	GND	1637	10	0	0	0	0	0	0	0
LK-1215285	Wattegedara	Wattegedara	GND	1055	0	0	0	0	0	0	0	0
LK-1215290	Ambagahawatta	Ambagahawatta	GND	845	30	0	142	0	0	0	0	0
LK-1215295	Galloluwa East	Galloluwa East	GND	809	0	0	2313	0	20	0	0	0
LK-1215300	Galloluwa	Galloluwa	GND	1117	11	20	2911	0	11	0	0	0
LK-1215305	Kalahugoda	Kalahugoda	GND	1693	20	0	0	0	0	0	0	0
LK-1215310	Polwatta West	Polwatta west	GND	1257	21	0	53	0	0	0	0	0
LK-1215315	Polwatta East	Polwatta East	GND	1361	17	0	12	0	0	0	0	0
LK-1215320	Pattanduwana North	Pattanduwana North	GND	1018	33	0	107	0	0	0	0	0
LK-1215325	Ellangala	Ellangala	GND	737	0	0	12	0	0	0	0	0
LK-1215330	Burullapitiya	Burullapitiya	GND	904	78	0	11	0	0	0	0	0
LK-1215335	Mathammana	Mathammana	GND	1941	10	10	0	0	0	0	0	0
LK-1215340	Weediyawatta East	Weediyawatta East	GND	1592	0	0	0	12	0	0	0	0
LK-1215345	Goigama	Goigama	GND	1171	0	0	0	0	0	0	0	0
LK-1215350	Ihala Udugampala	Ihala Udugampala	GND	1960	13	0	0	0	0	0	0	0
LK-1215355	Pethiyagoda South	Pethiyagoda South	GND	1103	0	0	0	0	0	0	0	0
LK-1215360	Korase	Korase	GND	1185	0	0	0	0	0	0	0	0
LK-1215365	Korase Meda	Korase Meda	GND	1719	0	0	0	0	0	0	0	0
LK-1215370	Marapola	Marapola	GND	2747	30	11	0	0	0	0	0	0
LK-1215375	Vigoda	Vigoda	GND	2185	0	0	0	0	0	0	0	0
LK-1215380	Doranagoda East	Doranagoda East	GND	1329	0	0	0	0	0	0	0	0
LK-1215385	Korase East	Korase East	GND	964	0	0	0	0	0	0	0	0
LK-1215390	Doranagoda North	Doranagoda North	GND	1553	11	0	0	0	0	0	0	0
LK-1215395	Doranagoda West	Doranagoda West	GND	1284	0	0	0	0	0	0	0	0
LK-1215400	Pahala Udugampola East	Pahala Udugampola East	GND	2075	36	0	0	0	0	0	0	0
LK-1215405	Pahala Udugampola North	Pahala Udugampola North	GND	1835	17	0	0	0	0	0	0	0
LK-1215410	Pahala Udugampola West	Pahala Udugampola West	GND	1737	0	0	0	0	0	0	0	0
LK-1215415	Weediyawatta West	Weediyawatta West	GND	2659	0	0	0	0	0	0	0	0
LK-1215420	Welhena	Welhena	GND	1749	0	0	0	0	0	0	0	0
LK-1215425	Weliya	Weliya	GND	1520	0	0	15	0	0	0	0	0
LK-1215430	Pattanduwana	Pattanduwana	GND	1341	0	14	0	0	0	0	0	0
LK-1215435	Pattanduwana West	Pattanduwana West	GND	1515	0	0	0	0	0	0	0	0
LK-1215440	Yagodamulla North	Yagodamulla North	GND	2178	0	0	0	0	0	0	0	0
LK-1215445	Yagodamulla	Yagodamulla	GND	1223	0	0	0	0	0	0	0	0
LK-1215450	Uggalboda West	Uggalboda West	GND	1845	0	0	0	0	0	0	0	0
LK-1215455	Uggalboda	Uggalboda	GND	1691	16	0	0	0	0	0	0	0
LK-1215460	Kehelbaddara West	Kehelbaddara West	GND	1710	0	0	0	0	0	0	0	0
LK-1215465	Kehelbaddara East	Kehelbaddara East	GND	1805	14	0	0	0	0	0	0	0
LK-1215470	Pahala Udugampola South	Pahala Udugampola South	GND	1490	13	0	0	0	0	0	0	0
LK-1215475	Asgiriwalpola North	Asgiriwalpola North	GND	1632	0	0	0	17	0	0	0	0
LK-1215480	Dombawala	Dombawala	GND	1803	12	0	0	0	0	0	0	0
LK-1215485	Pedipola	Pedipola	GND	1513	0	0	0	0	0	0	0	0
LK-1215490	Doranagoda South	Doranagoda South	GND	2143	0	0	0	0	0	0	0	0
LK-1215495	Wathumulla	Wathumulla	GND	2736	13	0	0	0	0	0	0	0
LK-1215500	Asgiriya North	Asgiriya North	GND	1826	16	0	0	0	0	0	0	0
LK-1215505	Asgiriya South	Asgiriya South	GND	1912	0	0	0	0	0	0	0	0
LK-1215510	Asgiriya	Asgiriya	GND	1342	0	0	0	0	0	0	0	0
LK-1215515	Asgiriya West	Asgiriya West	GND	1342	0	0	0	0	0	0	0	0
LK-1215520	Asgiriwalpola South	Asgiriwalpola South	GND	2107	0	0	0	0	0	0	0	0
LK-1215525	Asgiriwalpola West	Asgiriwalpola West	GND	1908	0	0	14	0	0	0	0	0
LK-1215530	Madelgamuwa East	Madelgamuwa East	GND	1197	0	0	0	0	0	0	0	0
LK-1215535	Batapotha	Batapotha	GND	2293	10	0	0	0	0	0	0	0
LK-1215540	Nedagamuwa North	Nedagamuwa North	GND	1839	19	0	0	12	0	0	0	0
LK-1215545	Nedagamuwa South	Nedagamuwa South	GND	1247	0	0	0	0	0	0	0	0
LK-1215550	Nedagamuwa West	Nedagamuwa West	GND	1927	15	0	10	0	0	0	0	0
LK-1215555	Arachchiwatta	Arachchiwatta	GND	884	11	0	0	0	0	0	0	0
LK-1215560	Yagodamulla South	Yagodamulla South	GND	1304	0	0	0	0	0	0	0	0
LK-1215565	Samurdhigama	Samurdhigama	GND	1180	0	0	0	0	0	0	0	0
LK-1215570	Opatha	Opatha	GND	2081	19	0	13	0	0	0	0	0
LK-1215575	Kotugoda 2	Kotugoda 2	GND	1258	15	0	0	0	0	0	0	0
LK-1215580	Kotugoda 1	Kotugoda 1	GND	1055	11	0	0	0	0	0	0	0
LK-1215585	Maduruvita	Maduruvita	GND	1738	0	0	0	15	0	0	0	0
LK-1215590	Siyambalapitiya	Siyambalapitiya	GND	2025	17	0	0	0	0	0	0	0
LK-1215595	Madelgamuwa West	Madelgamuwa West	GND	1569	0	0	0	0	0	0	0	0
LK-1215600	Thammita West	Thammita West	GND	1047	0	0	0	0	0	0	0	0
LK-1215605	Thammita	Thammita	GND	1543	0	0	0	0	0	0	0	0
LK-1218	Wattala	Wattala	DSD	124365	40981	1671	12830	1400	726	33	0	0
LK-1218005	Pamunugama	Pamunugama	GND	2314	25	0	0	0	0	0	0	0
LK-1218010	Maha Pamunugama	Maha Pamunugama	GND	1719	25	0	0	0	0	0	0	0
LK-1218015	Delathura West	Delathura West	GND	2512	52	0	0	0	0	0	0	0
LK-1218020	Delathura East	Delathura East	GND	1352	25	0	0	0	0	0	0	0
LK-1218025	Bopitiyathuduwa	Bopitiyathuduwa	GND	2253	0	0	0	0	0	0	0	0
LK-1218030	Bopitiya	Bopitiya	GND	2225	227	0	0	10	0	0	0	0
LK-1218035	Pulluhena	Pulluhena	GND	1667	0	0	0	0	0	0	0	0
LK-1218040	Paranambalama	Paranambalama	GND	2754	106	36	17	27	0	0	0	0
LK-1218045	Nugape	Nugape	GND	1450	121	45	0	0	0	0	0	0
LK-1218050	Kunjawatta	Kunjawatta	GND	3269	532	24	38	0	23	0	0	0
LK-1218055	Mangulpokuna	Mangulpokuna	GND	3894	248	25	27	65	24	10	0	0
LK-1218060	Elehiwatta	Elehiwatta	GND	3623	459	19	212	106	52	0	0	0
LK-1218065	Welisara	Welisara	GND	3746	329	0	54	76	37	0	0	0
LK-1218070	Pattiyawala	Pattiyawala	GND	4627	1093	0	87	20	27	0	0	0
LK-1218075	Uswetakeiyawa	Uswetakeiyawa	GND	4077	265	0	18	0	0	0	0	0
LK-1218080	Mahabage	Mahabage	GND	3267	352	29	173	97	134	0	0	0
LK-1218085	Elapitiwala	Elapitiwala	GND	4716	155	0	31	33	38	0	0	0
LK-1218090	Horapethuduwa	Horapethuduwa	GND	2150	15	0	0	0	0	0	0	0
LK-1218095	Horape	Horape	GND	2162	32	0	0	17	12	0	0	0
LK-1218100	Kurukulawa North	Kurukulawa North	GND	2720	38	0	0	27	21	0	0	0
LK-1218105	Kurukulawa South	Kurukulawa South	GND	2485	75	0	16	20	0	0	0	0
LK-1218110	Heenkenda	Heenkenda	GND	3357	73	0	17	0	23	0	0	0
LK-1218115	Thuduwegedara	Thuduwegedara	GND	2618	21	0	0	0	11	0	0	0
LK-1218120	Galudupita	Galudupita	GND	3754	267	0	148	0	0	0	0	0
LK-1218125	Mattumagala	Mattumagala	GND	3680	630	25	648	11	34	0	0	0
LK-1218130	Kerangapokuna	Kerangapokuna	GND	1427	391	0	1142	13	45	0	0	0
LK-1218135	Kerawalapitiya	Kerawalapitiya	GND	6712	5180	78	1312	134	46	0	0	0
LK-1218140	Matagoda	Matagoda	GND	4080	2971	178	40	182	0	0	0	0
LK-1218145	Balagala	Balagala	GND	6455	2075	14	75	64	19	0	0	0
LK-1218150	Dikovita	Dikovita	GND	1484	104	0	0	0	0	0	0	0
LK-1218155	Palliyawatta North	Palliyawatta North	GND	3031	1568	46	40	63	0	0	0	0
LK-1218160	Elakanda	Elakanda	GND	1309	1097	226	0	44	0	0	0	0
LK-1218165	Nayakakanda North	Nayakakanda North	GND	1359	727	31	0	63	0	23	0	0
LK-1218170	Mabola	Mabola	GND	1220	567	33	2093	10	25	0	0	0
LK-1218175	Welikadamulla	Welikadamulla	GND	2756	1537	89	5483	33	67	0	0	0
LK-1218180	Wattala	Wattala	GND	1738	1187	20	184	0	29	0	0	0
LK-1218185	Hendala North	Hendala North	GND	2470	1875	21	242	14	0	0	0	0
LK-1218190	Hendala South	Hendala South	GND	2132	2115	38	71	34	11	0	0	0
LK-1218195	Nayakakanda South	Nayakakanda South	GND	1471	1326	92	93	56	10	0	0	0
LK-1218200	Thimbirigasyaya	Thimbirigasyaya	GND	2135	2022	346	20	33	0	0	0	0
LK-1218205	Palliyawatta South	Palliyawatta South	GND	2374	1221	44	51	12	12	0	0	0
LK-1218210	Kurunduhena	Kurunduhena	GND	1669	1634	39	34	30	15	0	0	0
LK-1218215	Evariwatta	Evariwatta	GND	2127	2237	45	161	50	11	0	0	0
LK-1218220	Telangapatha	Telangapatha	GND	2684	1892	47	201	17	0	0	0	0
LK-1218225	Galwetiya	Galwetiya	GND	1070	1406	24	57	11	0	0	0	0
LK-1218230	Hekitta	Hekitta	GND	2271	2684	57	45	28	0	0	0	0
LK-1221	Ja Ela	Ja-Ela	DSD	191159	8687	583	813	2110	881	23	22	0
LK-1221005	Mahawatta	Mahawatta	GND	10156	682	49	119	170	158	0	0	0
LK-1221010	Dandugama	Dandugama	GND	2979	71	0	0	0	0	0	0	0
LK-1221015	Dehiyagatha North	Dehiyagatha North	GND	1671	36	0	0	0	0	0	0	0
LK-1221020	Kudahakapola North	Kudahakapola North	GND	1740	19	0	0	0	0	0	0	0
LK-1221025	Gallawatta	Gallawatta	GND	5150	362	22	29	22	61	0	0	0
LK-1221030	Ekala	Ekala	GND	3140	76	0	0	0	0	0	0	0
LK-1221035	Dehiyagatha South	Dehiyagatha South	GND	1057	11	0	0	0	0	0	0	0
LK-1221040	Kudahakapola South	Kudahakapola South	GND	1540	27	0	0	0	0	0	0	0
LK-1221045	Ekala Kurunduwatta	Ekala Kurunduwatta	GND	2421	75	14	0	0	13	0	22	0
LK-1221050	Vishakawatta	Vishakawatta	GND	4093	172	13	0	17	0	0	0	0
LK-1221055	Thudella North	Thudella North	GND	2331	67	24	0	0	0	0	0	0
LK-1221060	Thudella West	Thudella West	GND	3266	385	34	13	0	0	0	0	0
LK-1221065	Thudella South	Thudella South	GND	1467	36	0	0	0	0	0	0	0
LK-1221070	Kanuwana	Kanuwana	GND	2239	256	35	0	0	0	0	0	0
LK-1221075	Alexendrawatta	Alexendrawatta	GND	5433	458	36	24	25	0	0	0	0
LK-1221080	Bandigoda	Bandigoda	GND	3518	137	0	11	22	0	0	0	0
LK-1221085	Yakkaduwa	Yakkaduwa	GND	3856	23	0	0	0	0	0	0	0
LK-1221090	Nivandama North	Nivandama North	GND	3767	16	0	0	0	0	0	0	0
LK-1221095	Nivandama South	Nivandama South	GND	3438	67	0	0	16	11	0	0	0
LK-1221100	Batagama North	Batagama North	GND	3784	184	17	17	78	0	0	0	0
LK-1221105	Maeliya	Maeliya	GND	3793	195	0	0	52	13	0	0	0
LK-1221110	Ja-Ela	Ja-Ela	GND	1783	191	23	0	31	0	0	0	0
LK-1221115	Weligampitiya North	Weligampitiya North	GND	1756	54	39	0	15	0	0	0	0
LK-1221120	Indivitiya	Indivitiya	GND	2601	177	0	0	34	0	0	0	0
LK-1221125	Wewala	Wewala	GND	3563	166	0	0	12	0	0	0	0
LK-1221130	Weligampitiya South	Weligampitiya South	GND	3637	186	13	10	0	0	0	0	0
LK-1221135	Thumpeliya	Thumpeliya	GND	2598	166	0	19	19	15	0	0	0
LK-1221140	Indiminna	Indiminna	GND	3281	152	25	17	20	16	0	0	0
LK-1221145	Dolahena	Dolahena	GND	2588	85	0	0	31	0	0	0	0
LK-1221150	Hapugoda West	Hapugoda West	GND	1382	81	12	0	45	0	0	0	0
LK-1221155	Kapuwatta	Kapuwatta	GND	5052	360	19	13	87	13	0	0	0
LK-1221160	Kalaeliya	Kalaeliya	GND	2455	70	10	0	0	0	0	0	0
LK-1221165	Nedurupitiya	Nedurupitiya	GND	2211	88	17	0	45	0	0	0	0
LK-1221170	Rilavulla	Rilavulla	GND	2546	218	17	0	66	20	0	0	0
LK-1221175	Kandana East	Kandana East	GND	836	74	0	0	10	0	0	0	0
LK-1221180	Kandana West	Kandana West	GND	1295	208	19	0	54	0	23	0	0
LK-1221185	Uswatta	Uswatta	GND	3606	166	0	22	79	0	0	0	0
LK-1221190	Hapugoda Central	Hapugoda Central	GND	2164	66	0	0	32	0	0	0	0
LK-1221195	Batagama South	Batagama South	GND	3260	70	0	0	45	0	0	0	0
LK-1221200	Polpitimookalana	Polpitimookalana	GND	5568	106	16	21	38	11	0	0	0
LK-1221205	Batuwatta West	Batuwatta West	GND	3999	33	10	0	0	0	0	0	0
LK-1221210	Batuwatta East	Batuwatta East	GND	3708	46	0	0	0	0	0	0	0
LK-1221215	Walpola East	Walpola East	GND	4383	98	0	19	14	46	0	0	0
LK-1221220	Jayasrigama	Jayasrigama	GND	3831	165	13	29	135	19	0	0	0
LK-1221225	Hapugoda East	Hapugoda East	GND	2608	93	0	0	47	0	0	0	0
LK-1221230	Nagoda	Nagoda	GND	3272	271	12	27	94	0	0	0	0
LK-1221235	Jayasamarugama	Jayasamarugama	GND	5036	245	21	50	126	15	0	0	0
LK-1221240	Peralanda	Peralanda	GND	5477	212	28	21	116	16	0	0	0
LK-1221245	Podiveekumbura	Podiveekumbura	GND	5553	338	0	72	119	55	0	0	0
LK-1221250	Walpola West	Walpola West	GND	4525	68	0	18	24	0	0	0	0
LK-1221255	Narangodapaluwa West	Narangodapaluwa West	GND	3914	33	0	11	21	0	0	0	0
LK-1221260	Narangodapaluwa East	Narangodapaluwa East	GND	3994	94	0	83	87	29	0	0	0
LK-1221265	Thewatta	Thewatta	GND	3398	225	19	23	109	43	0	0	0
LK-1221270	Ragama	Ragama	GND	3536	160	26	12	45	66	0	0	0
LK-1221275	Ketagewatta	Ketagewatta	GND	3856	94	0	97	35	70	0	0	0
LK-1221280	Dambuwa	Dambuwa	GND	3833	175	0	17	41	138	0	0	0
LK-1221285	Rampitiya	Rampitiya	GND	3215	298	0	19	32	53	0	0	0
LK-1224	Gampaha	Gampaha	DSD	203639	879	71	90	91	73	0	0	0
LK-1224005	Makevita North	Makevita North	GND	1689	31	0	0	0	0	0	0	0
LK-1224010	Makevita South	Makevita South	GND	1536	18	0	0	0	0	0	0	0
LK-1224015	Mabima	Mabima	GND	1659	0	0	0	0	0	0	0	0
LK-1224020	Gonagaha II	Gonagaha II	GND	1706	12	0	0	0	0	0	0	0
LK-1224025	Welikada	Welikada	GND	1171	0	0	0	0	0	0	0	0
LK-1224030	Gonagaha I	Gonagaha i	GND	885	0	0	0	0	0	0	0	0
LK-1224035	Ambanvita	Ambanvita	GND	690	0	0	0	0	0	0	0	0
LK-1224040	Kirindivita	Kirindivita	GND	934	21	0	0	0	0	0	0	0
LK-1224045	Akaravita	Akaravita	GND	1726	0	0	0	0	0	0	0	0
LK-1224050	Pahalagama	Pahalagama	GND	1340	13	0	0	0	0	0	0	0
LK-1224055	Medagama II	Medagama ii	GND	1903	13	16	0	0	0	0	0	0
LK-1224060	Ihalagama West	Ihalagama West	GND	2015	13	0	0	0	0	0	0	0
LK-1224065	Ihalagama East	Ihalagama East	GND	2202	0	0	0	0	0	0	0	0
LK-1224070	Gampaha Aluthgama North	Gampaha Aluthgama North	GND	2255	0	0	0	0	0	0	0	0
LK-1224075	Karanekamulla	Karanekamulla	GND	736	0	0	0	0	0	0	0	0
LK-1224080	Baduwathugoda	Baduwathugoda	GND	1168	11	0	0	0	0	0	0	0
LK-1224085	Boraliyawatha	Boraliyawatha	GND	1283	0	0	0	0	0	0	0	0
LK-1224090	Thittalapitigoda	Thittalapitigoda	GND	1309	0	0	0	0	0	0	0	0
LK-1224095	Aluthgama Bogamuwa North	Aluthgama Bogamuwa North	GND	3905	14	0	11	10	14	0	0	0
LK-1224100	Aluthgama Bogamuwa South	Aluthgama Bogamuwa South	GND	2094	10	0	11	0	0	0	0	0
LK-1224105	Mahipalagoda	Mahipalagoda	GND	1673	19	0	0	0	0	0	0	0
LK-1224110	Morenna	Morenna	GND	1424	0	0	0	0	0	0	0	0
LK-1224115	Weediyawatta	Weediyawatta	GND	1374	11	0	0	0	0	0	0	0
LK-1224120	Keselwathugoda North	Keselwathugoda North	GND	2827	13	0	0	0	0	0	0	0
LK-1224125	Indigolla	Indigolla	GND	1674	0	0	0	0	0	0	0	0
LK-1224130	Gampaha Aluthgama West	Gampaha Aluthgama West	GND	2117	0	0	0	0	0	0	0	0
LK-1224135	Bendiyamulla North	Bendiyamulla North	GND	1699	11	0	17	0	0	0	0	0
LK-1224140	Medagama IV	Medagama iv	GND	1438	40	0	0	0	0	0	0	0
LK-1224145	Medagama III	Medagama iii	GND	1156	15	0	0	0	0	0	0	0
LK-1224150	Medagama I	Medagama i	GND	185	0	0	0	0	0	0	0	0
LK-1224155	Oruthota South	Oruthota South	GND	1791	0	0	0	0	0	0	0	0
LK-1224160	Kosovita	Kosovita	GND	1305	0	0	0	0	0	0	0	0
LK-1224165	Rathmalavita	Rathmalavita	GND	668	0	0	0	0	0	0	0	0
LK-1224170	Makilangamuwa	Makilangamuwa	GND	1100	0	0	0	0	0	0	0	0
LK-1224175	Horagolla North	Horagolla North	GND	2700	18	0	0	0	0	0	0	0
LK-1224180	Thibbotugoda	Thibbotugoda	GND	2213	0	0	0	0	0	0	0	0
LK-1224185	Midellavita	Midellavita	GND	569	0	0	0	0	0	0	0	0
LK-1224190	Kudabollatha	Kudabollatha	GND	1781	0	0	0	0	0	0	0	0
LK-1224195	Bollatha North	Bollatha North	GND	2536	57	25	0	0	0	0	0	0
LK-1224200	Wewel Agara	Wewel Agara	GND	629	10	0	0	0	0	0	0	0
LK-1224205	Bollatha West	Bollatha West	GND	1363	0	0	0	0	0	0	0	0
LK-1224210	Bollatha South	Bollatha South	GND	3368	61	13	18	0	0	0	0	0
LK-1224215	Bulugahagoda West	Bulugahagoda West	GND	1461	13	0	0	0	0	0	0	0
LK-1224220	Bulugahagoda East	Bulugahagoda East	GND	1097	10	0	0	0	0	0	0	0
LK-1224225	Galahitiyawa North	Galahitiyawa North	GND	3360	21	0	0	0	0	0	0	0
LK-1224230	Horagolla South	Horagolla South	GND	1850	20	0	0	0	0	0	0	0
LK-1224235	Neduna	Neduna	GND	1190	0	0	0	0	0	0	0	0
LK-1224240	Pahala Yagoda	Pahala Yagoda	GND	2049	0	0	0	0	0	0	0	0
LK-1224245	Oruthota North	Oruthota North	GND	1614	0	0	0	0	0	0	0	0
LK-1224250	Moragoda 1	Moragoda 1	GND	1249	0	0	0	0	0	0	0	0
LK-1224255	Bendiyamulla West	Bendiyamulla West	GND	2891	16	0	0	0	0	0	0	0
LK-1224260	Kidagammulla	Kidagammulla	GND	2028	17	0	0	0	0	0	0	0
LK-1224265	Bendiyamulla East	Bendiyamulla East	GND	2166	0	0	0	0	0	0	0	0
LK-1224270	Gampaha Aluthgama East	Gampaha Aluthgama East	GND	3569	0	0	0	0	0	0	0	0
LK-1224275	Keselwathugoda South	Keselwathugoda South	GND	1211	0	0	0	0	0	0	0	0
LK-1224280	Yakkala North	Yakkala North	GND	3747	27	17	22	0	0	0	0	0
LK-1224285	Galthotamulla	Galthotamulla	GND	1259	27	0	0	0	0	0	0	0
LK-1224290	Yakkala West	Yakkala West	GND	1826	0	0	11	0	0	0	0	0
LK-1224295	Pepolgasdeniya	Pepolgasdeniya	GND	2359	0	0	0	0	0	0	0	0
LK-1224300	Yakkala East	Yakkala East	GND	1328	0	0	0	10	0	0	0	0
LK-1224305	Yakkala South	Yakkala South	GND	1977	0	0	0	0	0	0	0	0
LK-1224310	Henarathgoda	Henarathgoda	GND	2806	14	0	0	10	0	0	0	0
LK-1224315	Mudungoda West	Mudungoda West	GND	975	0	0	0	0	0	0	0	0
LK-1224320	Moragoda 2	Moragoda 2	GND	1792	17	0	0	0	0	0	0	0
LK-1224325	Ihala Yagoda North	Ihala Yagoda North	GND	2618	17	0	0	0	10	0	0	0
LK-1224330	Mahena	Mahena	GND	3180	0	0	0	0	0	0	0	0
LK-1224335	Ganemulla South	Ganemulla South	GND	5489	20	0	0	0	10	0	0	0
LK-1224340	Ganemulla North	Ganemulla North	GND	2289	19	0	0	0	0	0	0	0
LK-1224345	Galahitiyawa East	Galahitiyawa East	GND	2005	0	0	0	18	0	0	0	0
LK-1224350	Galahitiyawa South	Galahitiyawa South	GND	3691	11	0	0	0	0	0	0	0
LK-1224355	Kossinna East	Kossinna East	GND	2093	0	0	0	0	0	0	0	0
LK-1224360	Amunugoda North	Amunugoda North	GND	3730	0	0	0	43	0	0	0	0
LK-1224365	Ihala Yagoda South	Ihala Yagoda South	GND	3044	27	0	0	0	0	0	0	0
LK-1224370	Mudungoda South	Mudungoda South	GND	1920	0	0	0	0	0	0	0	0
LK-1224375	Mudungoda North	Mudungoda North	GND	1510	0	0	0	0	0	0	0	0
LK-1224380	Godagedara	Godagedara	GND	2157	0	0	0	0	0	0	0	0
LK-1224385	Rathupaswala	Rathupaswala	GND	3426	19	0	0	0	0	0	0	0
LK-1224390	Galloluwa	Galloluwa	GND	2346	0	0	0	0	0	0	0	0
LK-1224395	Belummahara	Belummahara	GND	3411	18	0	0	0	0	0	0	0
LK-1224400	Ihala Imbulgoda North	Ihala Imbulgoda North	GND	1597	0	0	0	0	0	0	0	0
LK-1224405	Ihala Imbulgoda South	Ihala Imbulgoda South	GND	2355	0	0	0	0	0	0	0	0
LK-1224410	Pahala Imbulgoda South	Pahala Imbulgoda South	GND	2799	11	0	0	0	18	0	0	0
LK-1224415	Pahala Imbulgoda West	Pahala Imbulgoda West	GND	3352	14	0	0	0	0	0	0	0
LK-1224420	Amunugoda South	Amunugoda South	GND	1891	0	0	0	0	0	0	0	0
LK-1224425	Parakandeniya North 1	Parakandeniya North 1	GND	2077	0	0	0	0	0	0	0	0
LK-1224430	Kossinna West 1	Kossinna West 1	GND	1970	20	0	0	0	0	0	0	0
LK-1224435	Katuwalamulla North	Katuwalamulla North	GND	1993	0	0	0	0	0	0	0	0
LK-1224440	Kossinna West 2	Kossinna West 2	GND	2309	0	0	0	0	0	0	0	0
LK-1224445	Katuwalamulla South	Katuwalamulla South	GND	1792	11	0	0	0	0	0	0	0
LK-1224450	Parakandeniya North 2	Parakandeniya North 2	GND	2038	0	0	0	0	0	0	0	0
LK-1224455	Parakandeniya	Parakandeniya	GND	2169	23	0	0	0	21	0	0	0
LK-1224460	Pahala Imbulgoda East	Pahala Imbulgoda East	GND	1190	0	0	0	0	0	0	0	0
LK-1224465	Embaraluwa North 2	Embaraluwa North 2	GND	1645	10	0	0	0	0	0	0	0
LK-1224470	Embaraluwa North 1	Embaraluwa North 1	GND	2350	0	0	0	0	0	0	0	0
LK-1224475	Weliweriya West	Weliweriya West	GND	2985	0	0	0	0	0	0	0	0
LK-1224480	Nedungamuwa	Nedungamuwa	GND	2282	19	0	0	0	0	0	0	0
LK-1224485	Weliweriya East	Weliweriya East	GND	2376	15	0	0	0	0	0	0	0
LK-1224490	Weliweriya North	Weliweriya North	GND	2928	0	0	0	0	0	0	0	0
LK-1224495	Weliweriya South	Weliweriya South	GND	1698	0	0	0	0	0	0	0	0
LK-1224500	Embaraluwa South 1	Embaraluwa South 1	GND	2016	13	0	0	0	0	0	0	0
LK-1224505	Embaraluwa South 2	Embaraluwa South 2	GND	3318	19	0	0	0	0	0	0	0
LK-1227	Attanagalla	Attanagalla	DSD	167492	1103	168	27478	58	445	0	0	0
LK-1227005	Eluwapitiya West	Eluwapitiya West	GND	1367	0	0	0	0	14	0	0	0
LK-1227010	Eluwapitiya	Eluwapitiya	GND	1731	0	0	0	13	0	0	0	0
LK-1227015	Hiripitiya West	Hiripitiya West	GND	1501	0	0	0	0	0	0	0	0
LK-1227020	Hiripitiya North	Hiripitiya North	GND	1560	31	0	0	0	0	0	0	0
LK-1227025	Hiripitiya Central	Hiripitiya Central	GND	379	10	0	0	0	0	0	0	0
LK-1227030	Hiripitiya East	Hiripitiya East	GND	1290	15	0	12	0	0	0	0	0
LK-1227035	Thalgasmote West	Thalgasmote West	GND	738	0	0	0	0	0	0	0	0
LK-1227040	Thalgasmote	Thalgasmote	GND	571	0	0	13	0	11	0	0	0
LK-1227045	Thalgasmote East	Thalgasmote East	GND	813	0	0	0	0	0	0	0	0
LK-1227050	Udammita	Udammita	GND	1168	0	0	0	0	0	0	0	0
LK-1227055	Humbutiyawa West	Humbutiyawa West	GND	949	0	0	0	0	0	0	0	0
LK-1227060	Humbutiyawa	Humbutiyawa	GND	1014	0	0	0	0	0	0	0	0
LK-1227065	Parana Veyangoda	Parana Veyangoda	GND	1123	0	0	0	0	0	0	0	0
LK-1227070	Kongasdeniya	Kongasdeniya	GND	788	0	0	0	0	0	0	0	0
LK-1227075	Wedagama	Wedagama	GND	1239	0	0	0	0	0	0	0	0
LK-1227080	Kalalpitiya	Kalalpitiya	GND	2875	12	0	0	0	0	0	0	0
LK-1227085	Nawagamuwa	Nawagamuwa	GND	889	0	0	0	0	0	0	0	0
LK-1227090	Napagoda	Napagoda	GND	1154	0	0	0	0	0	0	0	0
LK-1227095	Nittambuwa South	Nittambuwa South	GND	858	32	0	10	0	0	0	0	0
LK-1227100	Nittambuwa North	Nittambuwa North	GND	795	0	0	0	0	0	0	0	0
LK-1227105	Nittambuwa East	Nittambuwa East	GND	762	11	0	0	0	0	0	0	0
LK-1227110	Kolawatta	Kolawatta	GND	870	0	0	0	0	10	0	0	0
LK-1227115	Pattalagedara East	Pattalagedara East	GND	1456	0	0	0	0	0	0	0	0
LK-1227120	Pattalagedara	Pattalagedara	GND	2577	0	12	23	0	0	0	0	0
LK-1227125	Hiripitiya South	Hiripitiya South	GND	939	216	0	41	0	0	0	0	0
LK-1227130	Wataddara	Wataddara	GND	1310	0	0	0	0	0	0	0	0
LK-1227135	Wataddara West	Wataddara West	GND	1608	0	0	0	0	0	0	0	0
LK-1227140	Magalegoda	Magalegoda	GND	1472	12	0	0	0	0	0	0	0
LK-1227145	Magalegoda South	Magalegoda South	GND	1636	0	0	0	0	0	0	0	0
LK-1227150	Heendeniya	Heendeniya	GND	846	0	0	0	0	0	0	0	0
LK-1227155	Pattigoda	Pattigoda	GND	908	0	0	0	0	0	0	0	0
LK-1227160	Wataddara South	Wataddara South	GND	926	0	0	0	0	0	0	0	0
LK-1227165	Hiripitiya Pahala	Hiripitiya Pahala	GND	570	0	0	0	0	0	0	0	0
LK-1227170	Danvilana	Danvilana	GND	586	0	0	0	0	0	0	0	0
LK-1227175	Dadagamuwa East	Dadagamuwa East	GND	1084	0	0	13	0	58	0	0	0
LK-1227180	Pinnagolla	Pinnagolla	GND	1800	0	0	0	0	0	0	0	0
LK-1227185	Egoda Nittambuwa	Egoda Nittambuwa	GND	739	0	0	0	0	0	0	0	0
LK-1227190	Horagollagama	Horagollagama	GND	1555	10	0	32	0	0	0	0	0
LK-1227195	Nambadaluwa West	Nambadaluwa West	GND	365	0	0	0	0	0	0	0	0
LK-1227200	Nambadaluwa East	Nambadaluwa East	GND	1712	0	0	0	0	11	0	0	0
LK-1227205	Ranpokunagama A Zone	Ranpokunagama A Zone	GND	1264	0	0	71	0	54	0	0	0
LK-1227210	Ellakkala West	Ellakkala West	GND	2845	44	18	157	0	0	0	0	0
LK-1227215	Maimbula	Maimbula	GND	1932	12	0	0	0	0	0	0	0
LK-1227220	Ranpokunagama	Ranpokunagama	GND	898	21	0	27	13	0	0	0	0
LK-1227225	Ranpokunagama D Zone	Ranpokunagama D Zone	GND	980	0	0	14	0	26	0	0	0
LK-1227230	Ranpokunagama C Zone	Ranpokunagama C Zone	GND	286	0	0	33	0	24	0	0	0
LK-1227235	Ranpokunagama B Zone	Ranpokunagama B Zone	GND	1084	17	0	82	17	119	0	0	0
LK-1227240	Maduwegedara	Maduwegedara	GND	2351	44	13	0	0	0	0	0	0
LK-1227245	Yatiyana	Yatiyana	GND	1686	0	0	0	0	0	0	0	0
LK-1227250	Orchardwatta North	Orchardwatta North	GND	456	35	0	742	0	0	0	0	0
LK-1227255	Malwatta	Malwatta	GND	2196	24	0	123	15	0	0	0	0
LK-1227260	Thihariya North	Thihariya North	GND	554	10	11	1963	0	0	0	0	0
LK-1227265	Katuwasgoda West	Katuwasgoda West	GND	846	0	0	0	0	0	0	0	0
LK-1227270	Katuwasgoda	Katuwasgoda	GND	1071	0	0	0	0	0	0	0	0
LK-1227275	Dadagamuwa	Dadagamuwa	GND	1290	0	0	0	0	0	0	0	0
LK-1227280	Mudagamuwa	Mudagamuwa	GND	1104	0	0	0	0	0	0	0	0
LK-1227285	Bandarabatawala	Bandarabatawala	GND	980	0	0	0	0	0	0	0	0
LK-1227290	Pitiyegedara	Pitiyegedara	GND	1061	0	0	0	0	0	0	0	0
LK-1227295	Daraluwa	Daraluwa	GND	667	0	0	0	0	0	0	0	0
LK-1227300	Bemmulla	Bemmulla	GND	1445	0	0	0	0	0	0	0	0
LK-1227305	Kandaoluwawa	Kandaoluwawa	GND	1664	10	0	0	0	0	0	0	0
LK-1227310	Raniswala	Raniswala	GND	846	0	0	0	0	0	0	0	0
LK-1227315	Sapugasthenna	Sapugasthenna	GND	2442	0	13	0	0	14	0	0	0
LK-1227320	Thiriwanegama South	Thiriwanegama South	GND	1253	0	0	0	0	0	0	0	0
LK-1227325	Thiriwanegama North	Thiriwanegama North	GND	1060	0	0	0	0	0	0	0	0
LK-1227330	Halgampitiya	Halgampitiya	GND	1449	0	0	0	0	0	0	0	0
LK-1227335	Kalagedihena	Kalagedihena	GND	1886	0	0	0	0	0	0	0	0
LK-1227340	Thihariyagama	Thihariyagama	GND	847	37	0	1898	0	13	0	0	0
LK-1227345	Thihariya East	Thihariya East	GND	186	18	10	7553	0	30	0	0	0
LK-1227350	Kalotuwawa	Kalotuwawa	GND	1206	0	0	354	0	0	0	0	0
LK-1227355	Kattota	Kattota	GND	1305	43	0	737	0	0	0	0	0
LK-1227360	Orchardwatta South	Orchardwatta South	GND	990	11	0	0	0	0	0	0	0
LK-1227365	Bogoda	Bogoda	GND	907	0	0	92	0	0	0	0	0
LK-1227370	Mathalana West	Mathalana West	GND	1214	37	59	0	0	0	0	0	0
LK-1227375	Wathupitiwala	Wathupitiwala	GND	2048	43	0	0	0	10	0	0	0
LK-1227380	Walpola	Walpola	GND	2668	31	13	0	0	0	0	0	0
LK-1227385	Haggalla	Haggalla	GND	2383	0	0	0	0	0	0	0	0
LK-1227390	Ellakkala	Ellakkala	GND	1547	0	0	0	0	0	0	0	0
LK-1227395	Godagama West	Godagama West	GND	560	0	0	0	0	0	0	0	0
LK-1227400	Godagama	Godagama	GND	635	0	0	0	0	0	0	0	0
LK-1227405	Welikadamulla	Welikadamulla	GND	1233	0	0	0	0	0	0	0	0
LK-1227410	Karasnagala	Karasnagala	GND	600	0	0	0	0	0	0	0	0
LK-1227415	Alawala North	Alawala North	GND	1271	0	0	0	0	0	0	0	0
LK-1227420	Etha Udakanda	Etha Udakanda	GND	556	0	0	0	0	0	0	0	0
LK-1227425	Alawala South	Alawala South	GND	951	0	0	0	0	0	0	0	0
LK-1227430	Nikahetikanda	Nikahetikanda	GND	637	0	0	0	0	0	0	0	0
LK-1227435	Karasnagala South	Karasnagala South	GND	455	0	0	0	0	0	0	0	0
LK-1227440	Palkumbura	Palkumbura	GND	1173	12	0	0	0	0	0	0	0
LK-1227445	Pelpita	Pelpita	GND	980	15	0	0	0	0	0	0	0
LK-1227450	Walaliyadda	Walaliyadda	GND	941	0	0	0	0	0	0	0	0
LK-1227455	Haggalla East	Haggalla East	GND	773	0	0	0	0	0	0	0	0
LK-1227460	Diyakade	Diyakade	GND	730	0	0	0	0	0	0	0	0
LK-1227465	Welagedara	Welagedara	GND	1065	0	0	0	0	0	0	0	0
LK-1227470	Kamburagalla	Kamburagalla	GND	2762	0	0	0	0	0	0	0	0
LK-1227475	Mathalana North	Mathalana North	GND	720	0	0	0	0	0	0	0	0
LK-1227480	Mathalana	Mathalana	GND	1188	12	0	0	0	0	0	0	0
LK-1227485	Meewala	Meewala	GND	770	0	0	152	0	0	0	0	0
LK-1227490	Kittammahara	Kittammahara	GND	274	0	0	0	0	0	0	0	0
LK-1227495	Thihariya South	Thihariya South	GND	284	24	0	1898	0	0	0	0	0
LK-1227500	Pahala Thihariya	Pahala Thihariya	GND	1290	77	19	2108	0	0	0	0	0
LK-1227505	Thihariya West	Thihariya West	GND	1004	49	0	358	0	0	0	0	0
LK-1227510	Bogamuwa	Bogamuwa	GND	647	0	0	0	0	0	0	0	0
LK-1227515	Mangalathiriya	Mangalathiriya	GND	1145	0	0	0	0	0	0	0	0
LK-1227520	Pilankada	Pilankada	GND	621	0	0	0	0	0	0	0	0
LK-1227525	Bonegala	Bonegala	GND	1540	0	0	0	0	0	0	0	0
LK-1227530	Meewala West	Meewala West	GND	950	0	0	13	0	0	0	0	0
LK-1227535	Udugoda West	Udugoda West	GND	106	0	0	1658	0	32	0	0	0
LK-1227540	Mathalana East	Mathalana East	GND	1196	16	0	319	0	19	0	0	0
LK-1227545	Udugoda	Udugoda	GND	903	0	0	18	0	0	0	0	0
LK-1227550	Pannila	Pannila	GND	617	0	0	0	0	0	0	0	0
LK-1227555	Hunupola	Hunupola	GND	1136	0	0	233	0	0	0	0	0
LK-1227560	Halpandeniya	Halpandeniya	GND	934	0	0	0	0	0	0	0	0
LK-1227565	Urapola	Urapola	GND	1129	0	0	0	0	0	0	0	0
LK-1227570	Wanduramulla	Wanduramulla	GND	1390	0	0	0	0	0	0	0	0
LK-1227575	Deenapamunuwa West	Deenapamunuwa West	GND	735	0	0	0	0	0	0	0	0
LK-1227580	Deenapamunuwa	Deenapamunuwa	GND	842	14	0	0	0	0	0	0	0
LK-1227585	Yatawaka	Yatawaka	GND	773	15	0	0	0	0	0	0	0
LK-1227590	Sapugasthenna	Sapugasthenna	GND	1022	18	0	0	0	0	0	0	0
LK-1227595	Bopagama	Bopagama	GND	1673	30	0	0	0	0	0	0	0
LK-1227600	Bopagama East	Bopagama East	GND	715	0	0	0	0	0	0	0	0
LK-1227605	Meevitigammana	Meevitigammana	GND	1264	11	0	0	0	0	0	0	0
LK-1227610	Bopetta South	Bopetta South	GND	1383	0	0	0	0	0	0	0	0
LK-1227615	Bopetta	Bopetta	GND	956	0	0	0	0	0	0	0	0
LK-1227620	Nagoda	Nagoda	GND	907	0	0	0	0	0	0	0	0
LK-1227625	Kurawalana	Kurawalana	GND	1181	14	0	874	0	0	0	0	0
LK-1227630	Kahatovita	Kahatovita	GND	0	0	0	1749	0	0	0	0	0
LK-1227635	Kahatovita West	Kahatovita West	GND	16	0	0	2149	0	0	0	0	0
LK-1227640	Ogodapola North	Ogodapola North	GND	238	0	0	1882	0	0	0	0	0
LK-1227645	Ogodapola	Ogodapola	GND	704	0	0	0	0	0	0	0	0
LK-1227650	Kahambilihena	Kahambilihena	GND	768	0	0	0	0	0	0	0	0
LK-1227655	Udatuttiripitiya	Udatuttiripitiya	GND	1721	0	0	0	0	0	0	0	0
LK-1227660	Mattagoda	Mattagoda	GND	1245	0	0	0	0	0	0	0	0
LK-1227665	Weerangula	Weerangula	GND	1332	0	0	0	0	0	0	0	0
LK-1227670	Weerangula South	Weerangula South	GND	1328	0	0	0	0	0	0	0	0
LK-1227675	Koskandawala North	Koskandawala North	GND	948	0	0	0	0	0	0	0	0
LK-1227680	Kirikittamulla	Kirikittamulla	GND	494	0	0	0	0	0	0	0	0
LK-1227685	Kirikittamulla South	Kirikittamulla South	GND	1090	0	0	0	0	0	0	0	0
LK-1227690	Koskandawala	Koskandawala	GND	1641	0	0	0	0	0	0	0	0
LK-1227695	Opathella	Opathella	GND	909	0	0	0	0	0	0	0	0
LK-1227700	Paranagama	Paranagama	GND	1202	0	0	77	0	0	0	0	0
LK-1227705	Paranagama East	Paranagama East	GND	1377	0	0	0	0	0	0	0	0
LK-1227710	Aruppassa	Aruppassa	GND	1614	0	0	0	0	0	0	0	0
LK-1227715	Madakotuwa West	Madakotuwa West	GND	759	0	0	0	0	0	0	0	0
LK-1227720	Madakotuwa	Madakotuwa	GND	433	0	0	0	0	0	0	0	0
LK-1227725	Rathambale	Rathambale	GND	1296	0	0	0	0	0	0	0	0
LK-1227730	Walgammulla	Walgammulla	GND	1103	0	0	0	0	0	0	0	0
LK-1227735	Ruwanpura	Ruwanpura	GND	929	0	0	0	0	0	0	0	0
LK-1227740	Lavulupitiya	Lavulupitiya	GND	1170	0	0	0	0	0	0	0	0
LK-1227745	Galboda	Galboda	GND	783	0	0	0	0	0	0	0	0
LK-1227750	Dematalanda	Dematalanda	GND	1015	0	0	0	0	0	0	0	0
LK-1227755	Happitiya	Happitiya	GND	1340	10	0	0	0	0	0	0	0
LK-1230	Dompe	Dompe	DSD	166320	447	13	2377	10	23	0	0	0
LK-1230005	Maryland Colony	Maryland Colony	GND	1494	0	0	0	0	0	0	0	0
LK-1230010	Indurugalla	Indurugalla	GND	1423	0	0	0	0	0	0	0	0
LK-1230015	Wathurugama	Wathurugama	GND	1523	0	0	0	0	0	0	0	0
LK-1230020	Bandaranayakapura West	Bandaranayakapura West	GND	711	0	0	0	0	0	0	0	0
LK-1230025	Bandaranayakapura East	Bandaranayakapura East	GND	809	0	0	0	0	0	0	0	0
LK-1230030	Mailawalana	Mailawalana	GND	1253	12	0	0	0	0	0	0	0
LK-1230035	Mailawalana South	Mailawalana South	GND	573	0	0	0	0	0	0	0	0
LK-1230040	Thimbirigama	Thimbirigama	GND	739	0	0	0	0	0	0	0	0
LK-1230045	Mahal Loluwa	Mahal Loluwa	GND	1041	0	0	0	0	0	0	0	0
LK-1230050	Millathe Ihala	Millathe Ihala	GND	1728	0	0	0	0	0	0	0	0
LK-1230055	Pingamuwa	Pingamuwa	GND	1359	0	0	0	0	0	0	0	0
LK-1230060	Pahala Millathe	Pahala Millathe	GND	1262	0	0	0	0	0	0	0	0
LK-1230065	Millathe	Millathe	GND	652	0	0	0	0	0	0	0	0
LK-1230070	Kirindiwela	Kirindiwela	GND	1450	0	0	0	0	0	0	0	0
LK-1230075	Bogahawatta	Bogahawatta	GND	1537	0	0	0	0	0	0	0	0
LK-1230080	Rambutanwatta	Rambutanwatta	GND	1524	0	0	0	0	0	0	0	0
LK-1230085	Etambagahawatta	Etambagahawatta	GND	844	0	0	0	0	0	0	0	0
LK-1230090	Kannimahara	Kannimahara	GND	1175	0	0	0	0	0	0	0	0
LK-1230095	Radawana North	Radawana North	GND	650	0	0	0	0	0	0	0	0
LK-1230100	Palupelpita	Palupelpita	GND	2222	0	0	0	0	0	0	0	0
LK-1230105	Kithulakanda	Kithulakanda	GND	1223	0	0	0	0	0	0	0	0
LK-1230110	Radawana South	Radawana South	GND	1418	0	0	0	0	0	0	0	0
LK-1230115	Alliyawatta	Alliyawatta	GND	1199	0	0	0	0	0	0	0	0
LK-1230120	Diyawala North	Diyawala North	GND	862	0	0	0	0	0	0	0	0
LK-1230125	Diyawala	Diyawala	GND	1144	0	0	0	0	0	0	0	0
LK-1230130	Meddegama	Meddegama	GND	3136	0	0	0	0	0	0	0	0
LK-1230135	Udagama	Udagama	GND	1807	0	0	0	0	0	0	0	0
LK-1230140	Vihara Kumbura	Vihara Kumbura	GND	1697	0	0	0	0	0	0	0	0
LK-1230145	Kuttivila	Kuttivila	GND	1060	0	0	0	0	0	0	0	0
LK-1230150	Thalgaswatta	Thalgaswatta	GND	803	0	0	0	0	0	0	0	0
LK-1230155	Kendagolla	Kendagolla	GND	1264	0	0	0	0	0	0	0	0
LK-1230160	Udawela	Udawela	GND	783	0	0	0	0	0	0	0	0
LK-1230165	Kirimetiyawatta	Kirimetiyawatta	GND	838	0	0	0	0	0	0	0	0
LK-1230170	Hiswella	Hiswella	GND	545	0	0	0	0	0	0	0	0
LK-1230175	Kiriwana	Kiriwana	GND	778	0	0	0	0	0	0	0	0
LK-1230180	Meddegama North	Meddegama North	GND	788	0	0	0	0	0	0	0	0
LK-1230185	Meddegama South	Meddegama South	GND	1078	0	0	0	0	0	0	0	0
LK-1230190	Werahera	Werahera	GND	1146	0	0	0	0	0	0	0	0
LK-1230195	Pallegama South	Pallegama South	GND	1316	0	0	0	0	0	0	0	0
LK-1230200	Pallegama	Pallegama	GND	656	0	0	0	0	0	0	0	0
LK-1230205	Anuragoda	Anuragoda	GND	1173	0	0	0	0	0	0	0	0
LK-1230210	Weralugampala	Weralugampala	GND	720	0	0	0	0	0	0	0	0
LK-1230215	Nedungolla South	Nedungolla South	GND	571	0	0	0	0	0	0	0	0
LK-1230220	Nedungolla	Nedungolla	GND	943	0	0	0	0	0	0	0	0
LK-1230225	Nandarama Pedesa	Nandarama Pedesa	GND	1696	0	0	0	0	0	0	0	0
LK-1230230	Mandawala North	Mandawala North	GND	1478	0	0	0	0	0	0	0	0
LK-1230235	Mawatha	Mawatha	GND	1267	10	0	0	0	0	0	0	0
LK-1230240	Parakadamulla	Parakadamulla	GND	943	0	0	0	0	0	0	0	0
LK-1230245	Nakandapola	Nakandapola	GND	644	0	0	0	0	0	0	0	0
LK-1230250	Keragala	Keragala	GND	963	0	0	0	0	0	0	0	0
LK-1230255	Weliketiyawatta	Weliketiyawatta	GND	1312	10	0	0	0	0	0	0	0
LK-1230260	Kurunduhena	Kurunduhena	GND	1598	10	0	0	0	0	0	0	0
LK-1230265	Baduwatta	Baduwatta	GND	1380	0	0	0	0	0	0	0	0
LK-1230270	Mandawala South	Mandawala South	GND	1278	0	0	0	0	0	0	0	0
LK-1230275	Anuragoda South	Anuragoda South	GND	1024	0	0	0	0	0	0	0	0
LK-1230280	Walpola	Walpola	GND	787	0	0	0	0	0	0	0	0
LK-1230285	Pepiliyawala	Pepiliyawala	GND	1763	0	0	0	0	0	0	0	0
LK-1230290	Ganihigama North	Ganihigama North	GND	1104	0	0	0	0	0	0	0	0
LK-1230295	Watawala	Watawala	GND	622	0	0	0	0	0	0	0	0
LK-1230300	Meethirigala	Meethirigala	GND	745	0	0	0	0	0	0	0	0
LK-1230305	Polhena	Polhena	GND	861	0	0	0	0	0	0	0	0
LK-1230310	Ganihigama South	Ganihigama South	GND	710	0	0	0	0	0	0	0	0
LK-1230315	Dangalla North	Dangalla North	GND	926	0	0	0	0	0	0	0	0
LK-1230320	Meniklanda	Meniklanda	GND	1820	0	0	0	0	0	0	0	0
LK-1230325	Pelpita	Pelpita	GND	817	0	0	0	0	0	0	0	0
LK-1230330	Punchi Mandawala	Punchi Mandawala	GND	2147	0	0	0	0	0	0	0	0
LK-1230335	Waharaka	Waharaka	GND	1318	0	0	0	0	0	0	0	0
LK-1230340	Putupagala	Putupagala	GND	1388	17	0	0	0	0	0	0	0
LK-1230345	Walaramba	Walaramba	GND	690	0	0	0	0	0	0	0	0
LK-1230350	Demalagama	Demalagama	GND	1042	0	0	0	0	0	0	0	0
LK-1230355	Helummahara	Helummahara	GND	1089	0	0	0	0	0	0	0	0
LK-1230360	Pananwala	Pananwala	GND	2226	39	13	0	0	0	0	0	0
LK-1230365	Egoda Pelahela	Egoda Pelahela	GND	1575	25	0	0	0	0	0	0	0
LK-1230370	Pelahela	Pelahela	GND	1084	0	0	0	0	0	0	0	0
LK-1230375	Madurawa	Madurawa	GND	1393	0	0	0	0	0	0	0	0
LK-1230380	Kajugaswatta	Kajugaswatta	GND	643	10	0	0	0	0	0	0	0
LK-1230385	Ihala Lunugama	Ihala Lunugama	GND	1948	24	0	0	0	0	0	0	0
LK-1230390	Meegahawatta	Meegahawatta	GND	1761	0	0	0	0	0	0	0	0
LK-1230395	Yakambe	Yakambe	GND	1008	0	0	0	0	0	0	0	0
LK-1230400	Pattiyagama	Pattiyagama	GND	2049	23	0	0	0	0	0	0	0
LK-1230405	Dangalla	Dangalla	GND	589	0	0	0	0	0	0	0	0
LK-1230410	Ranwala	Ranwala	GND	1638	0	0	0	0	0	0	0	0
LK-1230415	Wedagama	Wedagama	GND	666	13	0	0	0	0	0	0	0
LK-1230420	Udugama	Udugama	GND	799	0	0	0	0	0	0	0	0
LK-1230425	Udakanampella South	Udakanampella South	GND	530	0	0	0	0	0	0	0	0
LK-1230430	Udakanampella	Udakanampella	GND	768	0	0	0	0	0	0	0	0
LK-1230435	Senasungoda	Senasungoda	GND	1022	0	0	0	0	0	0	0	0
LK-1230440	Poogoda	Poogoda	GND	1069	0	0	116	0	0	0	0	0
LK-1230445	Bangalawatta	Bangalawatta	GND	1236	10	0	27	0	0	0	0	0
LK-1230450	Kumarimulla	Kumarimulla	GND	309	0	0	1422	0	23	0	0	0
LK-1230455	Ovitigama	Ovitigama	GND	1132	11	0	349	0	0	0	0	0
LK-1230460	Parathapakanda	Parathapakanda	GND	1027	0	0	0	0	0	0	0	0
LK-1230465	Dethemulla	Dethemulla	GND	1337	0	0	0	0	0	0	0	0
LK-1230470	Pahala Lunugama	Pahala Lunugama	GND	817	0	0	0	0	0	0	0	0
LK-1230475	Wanaluwawa North	Wanaluwawa North	GND	1140	0	0	0	0	0	0	0	0
LK-1230480	Thelkekuna	Thelkekuna	GND	1095	0	0	0	0	0	0	0	0
LK-1230485	Indolamulla	Indolamulla	GND	1297	0	0	0	0	0	0	0	0
LK-1230490	Parangoda	Parangoda	GND	1583	0	0	0	0	0	0	0	0
LK-1230495	Namaluwa	Namaluwa	GND	1618	0	0	0	0	0	0	0	0
LK-1230500	Dekatana	Dekatana	GND	1330	16	0	0	0	0	0	0	0
LK-1230505	Narampola	Narampola	GND	3323	50	0	409	0	0	0	0	0
LK-1230510	Kalukondayawa West	Kalukondayawa West	GND	2258	30	0	10	0	0	0	0	0
LK-1230515	Kalukondayawa East	Kalukondayawa East	GND	1083	19	0	0	0	0	0	0	0
LK-1230520	Galwalagoda	Galwalagoda	GND	1966	0	0	0	0	0	0	0	0
LK-1230525	Ganegoda	Ganegoda	GND	2014	0	0	0	0	0	0	0	0
LK-1230530	Dompe	Dompe	GND	3938	13	0	0	0	0	0	0	0
LK-1230535	Iddamaldeniya	Iddamaldeniya	GND	959	0	0	0	0	0	0	0	0
LK-1230540	Guruwala	Guruwala	GND	760	0	0	0	0	0	0	0	0
LK-1230545	Egoda Guruwala	Egoda Guruwala	GND	1048	0	0	0	0	0	0	0	0
LK-1230550	Wanaluwawa South	Wanaluwawa South	GND	1128	0	0	0	0	0	0	0	0
LK-1230555	Giridara West	Giridara West	GND	1012	0	0	0	0	0	0	0	0
LK-1230560	Galpothugoda	Galpothugoda	GND	1282	0	0	0	0	0	0	0	0
LK-1230565	Nikawala	Nikawala	GND	1146	0	0	0	0	0	0	0	0
LK-1230570	Kapugoda	Kapugoda	GND	918	0	0	0	0	0	0	0	0
LK-1230575	Giridara	Giridara	GND	1056	0	0	0	0	0	0	0	0
LK-1230580	Malinda East	Malinda East	GND	1584	0	0	0	0	0	0	0	0
LK-1230585	Malinda	Malinda	GND	897	0	0	0	0	0	0	0	0
LK-1230590	Palugama	Palugama	GND	1935	0	0	0	0	0	0	0	0
LK-1230595	Degawatta	Degawatta	GND	1178	0	0	0	0	0	0	0	0
LK-1230600	Pahala Dompe	Pahala Dompe	GND	1253	0	0	0	0	0	0	0	0
LK-1230605	Malwana	Malwana	GND	1752	40	0	28	0	0	0	0	0
LK-1230610	Pahala Mapitigama	Pahala Mapitigama	GND	1991	0	0	0	0	0	0	0	0
LK-1230615	Morahena	Morahena	GND	1618	0	0	16	0	0	0	0	0
LK-1230620	Kimbulvilawatta	Kimbulvilawatta	GND	2567	0	0	0	0	0	0	0	0
LK-1230625	Udamapitigama	Udamapitigama	GND	934	12	0	0	0	0	0	0	0
LK-1230630	Udamapitigama South	Udamapitigama South	GND	1150	10	0	0	0	0	0	0	0
LK-1230635	Palugama West	Palugama West	GND	900	0	0	0	0	0	0	0	0
LK-1230640	Welgama	Welgama	GND	831	0	0	0	10	0	0	0	0
LK-1230645	Lansiyahena	Lansiyahena	GND	1024	20	0	0	0	0	0	0	0
LK-1230650	Samanabedda North	Samanabedda North	GND	1518	11	0	0	0	0	0	0	0
LK-1230655	Mahawalawatta	Mahawalawatta	GND	1609	12	0	0	0	0	0	0	0
LK-1230660	Thittapattara	Thittapattara	GND	1065	0	0	0	0	0	0	0	0
LK-1230665	Samanabedda	Samanabedda	GND	1605	0	0	0	0	0	0	0	0
LK-1233	Mahara	Mahara	DSD	209413	2447	177	6732	430	3183	0	0	0
LK-1233005	Kimbulgoda	Kimbulgoda	GND	1944	0	0	0	0	0	0	0	0
LK-1233010	Pituwalgoda	Pituwalgoda	GND	1515	0	0	0	0	0	0	0	0
LK-1233015	Kinigama	Kinigama	GND	2161	17	0	0	0	0	0	0	0
LK-1233020	Maharagama	Maharagama	GND	1953	0	0	0	0	0	0	0	0
LK-1233025	Siwralumulla	Siwralumulla	GND	1699	0	0	0	0	0	0	0	0
LK-1233030	Pilikuttuwa	Pilikuttuwa	GND	1892	0	0	0	0	0	0	0	0
LK-1233035	Yongammulla	Yongammulla	GND	737	0	0	0	0	0	0	0	0
LK-1233040	Ambagaspitiya	Ambagaspitiya	GND	1237	0	0	0	0	0	0	0	0
LK-1233045	Warapalana	Warapalana	GND	1885	0	0	0	0	0	0	0	0
LK-1233050	Kandumulla	Kandumulla	GND	967	0	0	0	0	0	0	0	0
LK-1233055	Pasgammana	Pasgammana	GND	1235	0	0	0	0	0	0	0	0
LK-1233060	Maligathenna	Maligathenna	GND	1456	0	0	0	0	0	0	0	0
LK-1233065	Batepola North	Batepola North	GND	954	0	0	0	0	0	0	0	0
LK-1233070	Batepola	Batepola	GND	1175	0	0	0	0	0	0	0	0
LK-1233075	Amunukumbura	Amunukumbura	GND	1834	0	0	0	0	0	0	0	0
LK-1233080	Malwathuhiripitiya	Malwathuhiripitiya	GND	1015	0	0	0	0	0	0	0	0
LK-1233085	Buthpitiya North	Buthpitiya North	GND	442	0	0	0	0	0	0	0	0
LK-1233090	Uruwala East	Uruwala East	GND	1868	0	0	0	0	0	0	0	0
LK-1233095	Uruwala West	Uruwala West	GND	1838	0	0	0	0	0	0	0	0
LK-1233100	Buthpitiya South	Buthpitiya South	GND	1046	0	0	0	0	0	0	0	0
LK-1233105	Neelamahara North	Neelamahara North	GND	924	0	0	0	0	0	0	0	0
LK-1233110	Neelamahara South	Neelamahara South	GND	548	0	0	0	0	0	0	0	0
LK-1233115	Aramangoda North	Aramangoda North	GND	509	0	0	0	0	0	0	0	0
LK-1233120	Puwakpitiya	Puwakpitiya	GND	1192	0	0	0	0	0	0	0	0
LK-1233125	Amunukumbura South	Amunukumbura South	GND	1232	0	0	0	0	0	0	0	0
LK-1233130	Balivila	Balivila	GND	1026	0	0	0	0	0	0	0	0
LK-1233135	Vilimbula North	Vilimbula North	GND	1869	0	0	0	10	0	0	0	0
LK-1233140	Vilimbula South	Vilimbula South	GND	3309	0	0	0	0	21	0	0	0
LK-1233145	Aramangoda	Aramangoda	GND	1393	0	0	0	0	0	0	0	0
LK-1233150	Kahatana	Kahatana	GND	1202	0	0	0	0	0	0	0	0
LK-1233155	Henegama	Henegama	GND	2522	0	0	0	0	0	0	0	0
LK-1233160	Etikehelgalla East	Etikehelgalla East	GND	1590	0	0	0	0	0	0	0	0
LK-1233165	Etikehelgalla West	Etikehelgalla West	GND	1525	0	0	0	0	0	0	0	0
LK-1233170	Kirikitta North	Kirikitta North	GND	1396	19	0	0	0	0	0	0	0
LK-1233175	Kirikitta East	Kirikitta East	GND	1586	10	0	0	0	0	0	0	0
LK-1233180	Kirikitta West	Kirikitta West	GND	2302	0	0	0	0	0	0	0	0
LK-1233185	Ahugammana	Ahugammana	GND	2198	0	0	0	0	0	0	0	0
LK-1233190	Naranwala South	Naranwala South	GND	1871	15	0	0	0	0	0	0	0
LK-1233195	Naranwala	Naranwala	GND	3151	31	0	0	10	0	0	0	0
LK-1233200	Udupila East	Udupila East	GND	2933	17	0	0	0	0	0	0	0
LK-1233205	Udupila South	Udupila South	GND	2221	75	0	0	0	0	0	0	0
LK-1233210	Udupila North	Udupila North	GND	5431	26	0	0	0	0	0	0	0
LK-1233215	Webada South	Webada South	GND	2151	22	0	0	0	0	0	0	0
LK-1233220	Webada North	Webada North	GND	1838	0	0	0	0	0	0	0	0
LK-1233225	Webada West	Webada West	GND	3068	0	0	0	0	0	0	0	0
LK-1233230	Kirillawala North	Kirillawala North	GND	2540	18	0	0	14	0	0	0	0
LK-1233235	Kirillawala	Kirillawala	GND	2400	18	0	10	0	0	0	0	0
LK-1233240	Kirillawala West	Kirillawala West	GND	2274	11	0	24	0	0	0	0	0
LK-1233245	Sooriyapaluwa North	Sooriyapaluwa North	GND	5156	13	0	0	20	0	0	0	0
LK-1233250	Kendaliyeddapaluwa East	Kendaliyeddapaluwa East	GND	5765	45	0	0	16	0	0	0	0
LK-1233255	Kendaliyeddapaluwa North	Kendaliyeddapaluwa North	GND	4227	0	0	12	13	0	0	0	0
LK-1233260	Dangahawela	Dangahawela	GND	4129	18	0	15	0	0	0	0	0
LK-1233265	Kendaliyeddapaluwa West	Kendaliyeddapaluwa West	GND	5680	209	13	134	26	43	0	0	0
LK-1233270	Mahara Nugegoda North	Mahara Nugegoda North	GND	2545	16	0	36	0	10	0	0	0
LK-1233275	Mahara Nugegoda West	Mahara Nugegoda West	GND	2369	0	0	0	0	20	0	0	0
LK-1233280	Mahara Nugegoda East	Mahara Nugegoda East	GND	2123	15	25	11	10	0	0	0	0
LK-1233285	Sooriyapaluwa East	Sooriyapaluwa East	GND	4869	31	16	18	0	27	0	0	0
LK-1233290	Sooriyapaluwa South	Sooriyapaluwa South	GND	3745	18	0	0	11	0	0	0	0
LK-1233295	Rammuthugala	Rammuthugala	GND	3399	41	0	0	0	0	0	0	0
LK-1233300	Kirillawala South	Kirillawala South	GND	4445	12	0	0	10	0	0	0	0
LK-1233305	Webada East	Webada East	GND	2918	10	0	0	0	0	0	0	0
LK-1233310	Gonahena East	Gonahena East	GND	2171	15	0	0	0	0	0	0	0
LK-1233315	Gonahena North	Gonahena North	GND	3285	30	0	10	0	0	0	0	0
LK-1233320	Gonahena South	Gonahena South	GND	1999	10	0	0	0	0	0	0	0
LK-1233325	Gonahena West	Gonahena West	GND	3693	12	0	10	0	0	0	0	0
LK-1233330	Eldeniya East	Eldeniya East	GND	3881	29	0	21	11	13	0	0	0
LK-1233335	Eldeniya West	Eldeniya West	GND	2811	18	0	0	0	0	0	0	0
LK-1233340	Puwakwetiya	Puwakwetiya	GND	2517	0	0	0	0	0	0	0	0
LK-1233345	Ihala Karagahamuna South	Ihala Karagahamuna South	GND	1939	147	17	13	0	0	0	0	0
LK-1233350	Ihala Karagahamuna East	Ihala Karagahamuna East	GND	2392	17	0	0	0	11	0	0	0
LK-1233355	Ihala Karagahamuna North	Ihala Karagahamuna North	GND	4630	30	0	17	0	0	0	0	0
LK-1233360	Mahara Nugegoda South	Mahara Nugegoda South	GND	3215	20	0	13	15	14	0	0	0
LK-1233365	Neligama	Neligama	GND	2359	15	0	17	11	0	0	0	0
LK-1233370	Pahala Karagahamuna North	Pahala Karagahamuna North	GND	1905	0	0	0	13	0	0	0	0
LK-1233375	Pahala Karagahamuna East	Pahala Karagahamuna East	GND	2349	18	14	16	10	0	0	0	0
LK-1233380	Pahala Karagahamuna West	Pahala Karagahamuna West	GND	3747	34	0	16	17	41	0	0	0
LK-1233385	Kopiwatta	Kopiwatta	GND	2128	15	0	0	0	0	0	0	0
LK-1233390	Dalupitiya East	Dalupitiya East	GND	2109	45	0	0	0	0	0	0	0
LK-1233395	Kirimetiyagara	Kirimetiyagara	GND	2302	34	0	20	14	19	0	0	0
LK-1233400	Dalupitiya South	Dalupitiya South	GND	2540	42	0	21	17	17	0	0	0
LK-1233405	Dalupitiya West	Dalupitiya West	GND	2143	88	0	105	11	61	0	0	0
LK-1233410	Pinnameda West	Pinnameda West	GND	1816	122	11	307	49	263	0	0	0
LK-1233415	Gongithota	Gongithota	GND	3045	158	27	316	28	192	0	0	0
LK-1233420	Appugewatta	Appugewatta	GND	1385	197	32	106	0	0	0	0	0
LK-1233425	Gongithota West	Gongithota West	GND	2171	147	11	294	0	134	0	0	0
LK-1233430	Enderamulla South	Enderamulla South	GND	1976	65	0	329	13	221	0	0	0
LK-1233435	Enderamulla East	Enderamulla East	GND	617	29	11	1216	0	258	0	0	0
LK-1233440	Pinnameda	Pinnameda	GND	1818	163	0	522	16	641	0	0	0
LK-1233445	Nathuduwa	Nathuduwa	GND	2247	40	0	131	15	90	0	0	0
LK-1233450	Enderamulla West	Enderamulla West	GND	1577	108	0	465	33	363	0	0	0
LK-1233455	Nathuduwa West	Nathuduwa West	GND	1690	50	0	30	0	20	0	0	0
LK-1233460	Akbar Town	Akbar Town	GND	532	42	0	2477	17	704	0	0	0
LK-1236	Kelaniya	Kelaniya	DSD	107650	10569	503	12226	533	1817	12	36	0
LK-1236005	Welegoda	Welegoda	GND	2079	1805	70	3456	10	539	0	0	0
LK-1236010	Hunupitiya North	Hunupitiya North	GND	854	382	0	2042	0	255	0	0	0
LK-1236015	Nahena	Nahena	GND	3955	282	57	1319	38	298	0	0	0
LK-1236020	Eriyawetiya	Eriyawetiya	GND	4584	45	0	27	19	16	0	0	0
LK-1236025	Kiribathgoda	Kiribathgoda	GND	3111	23	0	0	11	0	0	0	0
LK-1236030	Thalawathuhenpita North	Thalawathuhenpita North	GND	3777	25	0	21	0	0	0	0	0
LK-1236035	Thalawathuhenpita South	Thalawathuhenpita South	GND	1277	15	0	0	0	0	0	0	0
LK-1236040	Kendahena	Kendahena	GND	3371	49	0	13	0	16	0	0	0
LK-1236045	Egoda Eriyawetiya	Egoda Eriyawetiya	GND	2787	32	0	0	13	11	0	0	0
LK-1236050	Hunupitiya East	Hunupitiya East	GND	3778	676	31	1302	41	247	0	0	0
LK-1236055	Hunupitiya South	Hunupitiya South	GND	1524	703	87	1396	26	344	0	0	0
LK-1236060	Wanawasala West	Wanawasala West	GND	2775	779	37	124	13	22	12	0	0
LK-1236065	Wanawasala East	Wanawasala East	GND	3264	244	58	138	38	40	0	0	0
LK-1236070	Dippitigoda	Dippitigoda	GND	3384	160	0	74	0	0	0	0	0
LK-1236075	Weweldoowa	Weweldoowa	GND	2504	32	10	0	20	0	0	0	0
LK-1236080	Warakanatta	Warakanatta	GND	4046	81	10	72	0	0	0	0	0
LK-1236085	Koholvila	Koholvila	GND	3655	60	0	11	12	0	0	0	0
LK-1236090	Dalugamgoda	Dalugamgoda	GND	3108	38	0	35	0	0	0	12	0
LK-1236095	Nungamugoda	Nungamugoda	GND	2333	27	0	12	15	0	0	0	0
LK-1236100	Dalugama	Dalugama	GND	1898	45	0	0	0	0	0	0	0
LK-1236105	Himbutuwelgoda	Himbutuwelgoda	GND	3078	143	0	25	24	0	0	0	0
LK-1236110	Pattiya East	Pattiya East	GND	2975	132	0	57	30	0	0	0	0
LK-1236115	Pattiya North	Pattiya North	GND	3959	859	87	118	0	0	0	0	0
LK-1236120	Meegahawatta	Meegahawatta	GND	3208	1124	11	508	28	0	0	0	0
LK-1236125	Peliyagodawatta	Peliyagodawatta	GND	1751	666	14	824	47	0	0	0	0
LK-1236130	Peliyagoda Gangabada	Peliyagoda Gangabada	GND	1844	932	11	332	12	0	0	0	0
LK-1236135	Peliyagoda Gangabada East	Peliyagoda Gangabada East	GND	933	195	0	56	0	0	0	0	0
LK-1236140	Pattiya West	Pattiya West	GND	3375	239	0	98	0	0	0	0	0
LK-1236145	Wedamulla	Wedamulla	GND	4084	102	0	29	12	0	0	0	0
LK-1236150	Galborella	Galborella	GND	2591	31	0	0	0	0	0	0	0
LK-1236155	Polhena	Polhena	GND	2669	14	0	12	0	17	0	0	0
LK-1236160	Kelaniya	Kelaniya	GND	2963	68	0	15	11	0	0	0	0
LK-1236165	Sinharamulla North	Sinharamulla North	GND	3783	166	0	10	12	0	0	0	0
LK-1236170	Pilapitiya	Pilapitiya	GND	1670	15	0	0	0	0	0	0	0
LK-1236175	Pethiyagoda	Pethiyagoda	GND	3955	165	0	54	61	0	0	0	0
LK-1236180	Mewella	Mewella	GND	4042	150	0	32	40	12	0	24	0
LK-1236185	Sinharamulla	Sinharamulla	GND	2706	65	20	14	0	0	0	0	0
LK-1239	Biyagama	Biyagama	DSD	186859	3182	289	15748	206	469	0	0	0
LK-1239005	Pahala Biyanvila East	Pahala Biyanvila East	GND	2696	23	0	15	0	0	0	0	0
LK-1239010	Ihala Biyanvila North	Ihala Biyanvila North	GND	3521	34	0	0	0	20	0	0	0
LK-1239015	Ihala Biyanvila Central	Ihala Biyanvila Central	GND	5230	18	0	0	0	0	0	0	0
LK-1239020	Mawaramandiya	Mawaramandiya	GND	6088	43	0	24	13	13	0	0	0
LK-1239025	Meegahawatta West	Meegahawatta West	GND	3340	37	0	0	0	14	0	0	0
LK-1239030	Meegahawatta East	Meegahawatta East	GND	3017	55	0	10	0	0	0	0	0
LK-1239035	Kammalwatta	Kammalwatta	GND	3159	21	16	15	0	0	0	0	0
LK-1239040	Delgoda	Delgoda	GND	2941	22	0	0	0	0	0	0	0
LK-1239045	Athurumulla	Athurumulla	GND	1967	18	0	0	0	0	0	0	0
LK-1239050	Kanduboda East	Kanduboda East	GND	3561	11	0	0	16	11	0	0	0
LK-1239055	Kanduboda West	Kanduboda West	GND	3379	66	13	144	0	0	0	0	0
LK-1239060	Siyambalape Watta	Siyambalape Watta	GND	5072	112	24	263	0	0	0	0	0
LK-1239065	Daranagama	Daranagama	GND	3391	50	19	0	0	0	0	0	0
LK-1239070	Siyambalape North	Siyambalape North	GND	5758	23	0	0	16	14	0	0	0
LK-1239075	Heiyanthuduwa North	Heiyanthuduwa North	GND	5732	78	0	21	0	30	0	0	0
LK-1239080	Makola South Ihala	Makola South Ihala	GND	5281	31	0	24	0	0	0	0	0
LK-1239085	Makola North Ihala	Makola North Ihala	GND	3395	12	0	0	0	0	0	0	0
LK-1239090	Makola North Central	Makola North Central	GND	7384	29	14	38	0	11	0	0	0
LK-1239095	Pahala Biyanvila West	Pahala Biyanvila West	GND	4691	31	0	14	0	0	0	0	0
LK-1239100	Pahala Biyanvila Central	Pahala Biyanvila Central	GND	2302	45	0	10	12	0	0	0	0
LK-1239105	Makola North Pahala	Makola North Pahala	GND	4752	55	0	761	39	131	0	0	0
LK-1239110	Makola South Pahala	Makola South Pahala	GND	3056	25	15	126	0	52	0	0	0
LK-1239115	Pamunuvila	Pamunuvila	GND	5384	39	0	36	21	22	0	0	0
LK-1239120	Gonawala East	Gonawala East	GND	4203	63	13	24	22	20	0	0	0
LK-1239125	Sapugaskanda	Sapugaskanda	GND	6045	61	17	26	0	0	0	0	0
LK-1239130	Heiyanthuduwa West	Heiyanthuduwa West	GND	2334	28	0	0	0	0	0	0	0
LK-1239135	Heiyanthuduwa East	Heiyanthuduwa East	GND	5379	28	12	11	0	0	0	0	0
LK-1239140	Siyambalape South	Siyambalape South	GND	6874	89	0	31	0	12	0	0	0
LK-1239145	Yatihena	Yatihena	GND	3667	282	13	1597	0	0	0	0	0
LK-1239150	Ulahitiwala	Ulahitiwala	GND	376	28	29	3382	0	0	0	0	0
LK-1239155	Walgama West	Walgama West	GND	4215	293	23	935	13	0	0	0	0
LK-1239160	Biyagama North	Biyagama North	GND	6583	170	20	31	0	0	0	0	0
LK-1239165	Biyagama West	Biyagama West	GND	3354	68	0	0	15	0	0	0	0
LK-1239170	Heiyanthuduwa South	Heiyanthuduwa South	GND	2625	19	0	0	0	0	0	0	0
LK-1239175	Mabima East	Mabima East	GND	3491	29	0	0	0	0	0	0	0
LK-1239180	Mabima West	Mabima West	GND	3112	14	0	12	0	0	0	0	0
LK-1239185	Pattivila North	Pattivila North	GND	2138	88	15	17	0	0	0	0	0
LK-1239190	Gonawala Central	Gonawala Central	GND	5185	62	0	25	0	10	0	0	0
LK-1239195	Galedanda	Galedanda	GND	2488	21	0	0	16	0	0	0	0
LK-1239200	Gonawala West	Gonawala West	GND	5915	142	0	351	23	109	0	0	0
LK-1239205	Thalwatta	Thalwatta	GND	2604	74	0	0	0	0	0	0	0
LK-1239210	Bollegala	Bollegala	GND	4381	47	0	13	0	0	0	0	0
LK-1239215	Pattivila South	Pattivila South	GND	2740	28	19	68	0	0	0	0	0
LK-1239220	Biyagama South	Biyagama South	GND	3245	83	0	10	0	0	0	0	0
LK-1239225	Biyagama East	Biyagama East	GND	3190	63	0	0	0	0	0	0	0
LK-1239230	Yabaraluwa North	Yabaraluwa North	GND	2130	136	0	0	0	0	0	0	0
LK-1239235	Yabaraluwa South	Yabaraluwa South	GND	2227	237	0	25	0	0	0	0	0
LK-1239240	Malwana Town	Malwana Town	GND	132	56	0	6177	0	0	0	0	0
LK-1239245	Walgama East	Walgama East	GND	3129	95	27	1512	0	0	0	0	0
LK-13	Kalutara	Kalutara	DISTRICT	1119086	40060	6467	135756	233	194	0	10	0
LK-1303	Panadura	Panadura	DSD	153752	1161	71	31717	60	141	0	0	0
LK-1303005	Horethuduwa North	Horethuduwa North	GND	1383	16	0	41	12	0	0	0	0
LK-1303010	Horethuduwa	Horethuduwa	GND	1565	12	0	14	0	0	0	0	0
LK-1303015	Horethuduwa Central	Horethuduwa Central	GND	1096	13	0	132	0	0	0	0	0
LK-1303020	Horethuduwa South	Horethuduwa South	GND	800	31	19	1164	0	0	0	0	0
LK-1303025	Gorakana	Gorakana	GND	1965	67	0	86	11	0	0	0	0
LK-1303030	Gorakana South	Gorakana South	GND	2610	24	0	1509	0	0	0	0	0
LK-1303035	Paratta West	Paratta West	GND	2434	11	0	62	0	0	0	0	0
LK-1303040	Paratta	Paratta	GND	3038	11	0	10	0	0	0	0	0
LK-1303045	Diggala	Diggala	GND	4189	29	0	98	0	0	0	0	0
LK-1303050	Keselwatta	Keselwatta	GND	1842	68	13	4786	0	17	0	0	0
LK-1303055	Sarikkamulla	Sarikkamulla	GND	1675	27	12	1619	23	18	0	0	0
LK-1303060	Henamulla	Henamulla	GND	185	32	0	3219	0	0	0	0	0
LK-1303065	Wattalpola	Wattalpola	GND	1730	30	0	3025	0	11	0	0	0
LK-1303070	Miriyawatta	Miriyawatta	GND	2115	15	0	319	0	0	0	0	0
LK-1303075	Thotawatta	Thotawatta	GND	13	0	0	5538	0	0	0	0	0
LK-1303080	Werawatta	Werawatta	GND	775	17	0	2444	0	10	0	0	0
LK-1303085	Pallimulla	Pallimulla	GND	1088	34	13	840	0	15	0	0	0
LK-1303090	Gorakapola	Gorakapola	GND	1817	11	0	23	0	12	0	0	0
LK-1303095	Walana North	Walana North	GND	3106	0	0	0	0	16	0	0	0
LK-1303100	Ambalanduwa	Ambalanduwa	GND	180	37	0	4124	0	0	0	0	0
LK-1303105	Galthude North	Galthude North	GND	2241	15	0	0	0	0	0	0	0
LK-1303110	Galthude	Galthude	GND	1834	15	0	0	0	0	0	0	0
LK-1303115	Hirana West	Hirana West	GND	4250	0	0	0	0	0	0	0	0
LK-1303120	Hirana	Hirana	GND	2674	10	0	0	0	0	0	0	0
LK-1303125	Thanthirimulla East	Thanthirimulla East	GND	2070	20	0	0	0	0	0	0	0
LK-1303130	Thanthirimulla	Thanthirimulla	GND	1454	0	0	0	0	0	0	0	0
LK-1303135	Bekkegama	Bekkegama	GND	3090	0	0	0	0	0	0	0	0
LK-1303140	Walana South	Walana South	GND	2434	13	0	0	0	0	0	0	0
LK-1303145	Walana	Walana	GND	3024	33	0	22	0	0	0	0	0
LK-1303150	Udahamulla	Udahamulla	GND	1758	15	0	0	0	0	0	0	0
LK-1303155	Punchideniya	Punchideniya	GND	1849	11	0	0	0	0	0	0	0
LK-1303160	Malamulla West	Malamulla West	GND	5283	25	0	11	0	0	0	0	0
LK-1303165	Kiriberiya	Kiriberiya	GND	4394	29	0	0	0	0	0	0	0
LK-1303170	Malamulla	Malamulla	GND	4167	30	0	16	0	0	0	0	0
LK-1303175	Kuruppumulla	Kuruppumulla	GND	1324	0	0	0	0	0	0	0	0
LK-1303180	Etambagoda	Etambagoda	GND	2017	20	0	0	0	0	0	0	0
LK-1303185	Pattiya North	Pattiya North	GND	766	28	0	29	0	0	0	0	0
LK-1303190	Bazaar North	Bazaar North	GND	677	0	0	17	0	0	0	0	0
LK-1303195	Sagara Place	Sagara Place	GND	475	0	0	0	0	0	0	0	0
LK-1303200	Bazaar West	Bazaar West	GND	659	0	0	0	0	0	0	0	0
LK-1303205	Bazaar	Bazaar	GND	577	14	0	24	0	0	0	0	0
LK-1303210	Walapala Pattiya	Walapala Pattiya	GND	1589	0	0	0	0	0	0	0	0
LK-1303215	Walapala	Walapala	GND	2593	0	0	0	0	0	0	0	0
LK-1303220	Eluvila	Eluvila	GND	1512	59	14	2241	0	14	0	0	0
LK-1303225	Wekada East	Wekada East	GND	2780	18	0	25	0	0	0	0	0
LK-1303230	Wekada North	Wekada North	GND	2637	17	0	20	0	0	0	0	0
LK-1303235	Wekada West	Wekada West	GND	2669	52	0	0	0	0	0	0	0
LK-1303240	Pattiya	Pattiya	GND	1320	11	0	0	0	0	0	0	0
LK-1303245	Uyankele	Uyankele	GND	1475	10	0	0	0	0	0	0	0
LK-1303250	Pattiya South	Pattiya South	GND	1295	0	0	0	0	0	0	0	0
LK-1303255	Kaludewala	Kaludewala	GND	2330	15	0	0	0	0	0	0	0
LK-1303260	Kaludewala East	Kaludewala East	GND	3030	0	0	246	0	0	0	0	0
LK-1303265	Moravinna	Moravinna	GND	4038	26	0	0	0	28	0	0	0
LK-1303270	Nallooruwa North	Nallooruwa North	GND	1933	15	0	0	0	0	0	0	0
LK-1303275	Nallooruwa	Nallooruwa	GND	2794	17	0	0	0	0	0	0	0
LK-1303280	Dibbedda	Dibbedda	GND	1662	0	0	0	0	0	0	0	0
LK-1303285	Dibbedda North	Dibbedda North	GND	2984	15	0	0	0	0	0	0	0
LK-1303290	Narampitiya	Narampitiya	GND	2664	13	0	0	0	0	0	0	0
LK-1303295	Pinwatta	Pinwatta	GND	3677	15	0	0	0	0	0	0	0
LK-1303300	Pinwatta West	Pinwatta West	GND	2152	11	0	13	0	0	0	0	0
LK-1303305	Thalpitiya North	Thalpitiya North	GND	2354	0	0	0	0	0	0	0	0
LK-1303310	Thalpitiya South	Thalpitiya South	GND	3495	12	0	0	0	0	0	0	0
LK-1303315	Pallimankada	Pallimankada	GND	2733	12	0	0	0	0	0	0	0
LK-1303320	Wadduwa West	Wadduwa West	GND	1248	10	0	0	0	0	0	0	0
LK-1303325	Wadduwa East	Wadduwa East	GND	2109	24	0	0	14	0	0	0	0
LK-1303330	Maha Wadduwa	Maha Wadduwa	GND	4217	32	0	0	0	0	0	0	0
LK-1303335	Pattieliya	Pattieliya	GND	1083	0	0	0	0	0	0	0	0
LK-1303340	Kuda Wadduwa	Kuda Wadduwa	GND	2136	14	0	0	0	0	0	0	0
LK-1303345	Wadduwa South	Wadduwa South	GND	1380	0	0	0	0	0	0	0	0
LK-1303350	Molligoda	Molligoda	GND	1942	0	0	0	0	0	0	0	0
LK-1303355	Molligoda North	Molligoda North	GND	2785	0	0	0	0	0	0	0	0
LK-1303360	Molligoda South	Molligoda South	GND	2513	0	0	0	0	0	0	0	0
LK-1306	Bandaragama	Bandaragama	DSD	108346	338	16	14882	18	37	0	0	0
LK-1306005	Kidelpitiya West	Kidelpitiya West	GND	2607	10	0	0	0	0	0	0	0
LK-1306010	Kidelpitiya East	Kidelpitiya East	GND	2196	0	0	0	0	0	0	0	0
LK-1306015	Senapura	Senapura	GND	3070	16	0	0	0	0	0	0	0
LK-1306020	Newdawa	Newdawa	GND	4394	19	0	0	0	0	0	0	0
LK-1306025	Aluthgama	Aluthgama	GND	2596	15	0	0	0	0	0	0	0
LK-1306030	Alothiyawa	Alothiyawa	GND	2620	0	0	0	0	0	0	0	0
LK-1306035	Walgama North	Walgama North	GND	1889	0	0	0	0	0	0	0	0
LK-1306040	Rerukana	Rerukana	GND	1176	0	0	0	0	0	0	0	0
LK-1306045	Samaranayakapura	Samaranayakapura	GND	1205	0	0	0	0	0	0	0	0
LK-1306050	Kothalawala	Kothalawala	GND	3530	12	0	0	0	0	0	0	0
LK-1306055	Veedagama East	Veedagama East	GND	1869	0	0	0	0	0	0	0	0
LK-1306060	Walgama South	Walgama South	GND	1781	0	0	0	0	0	0	0	0
LK-1306065	Gammanpila	Gammanpila	GND	2328	22	0	0	0	0	0	0	0
LK-1306070	Medagama	Medagama	GND	1989	0	0	0	0	0	0	0	0
LK-1306075	Alubomulla East	Alubomulla East	GND	2904	0	0	0	0	0	0	0	0
LK-1306080	Kuda Aruggoda East	Kuda Aruggoda East	GND	3605	15	0	0	0	0	0	0	0
LK-1306085	Maha Aruggoda	Maha Aruggoda	GND	3909	10	0	0	0	10	0	0	0
LK-1306090	Kuda Aruggoda West	Kuda Aruggoda West	GND	2441	17	0	0	0	0	0	0	0
LK-1306095	Batadombathuduwa	Batadombathuduwa	GND	3874	0	0	0	0	0	0	0	0
LK-1306100	Miriswatta	Miriswatta	GND	1368	0	0	0	0	0	0	0	0
LK-1306105	Wanduramulla West	Wanduramulla West	GND	1313	14	0	11	0	0	0	0	0
LK-1306110	Pinwala East	Pinwala East	GND	1412	0	0	154	0	14	0	0	0
LK-1306115	Pinwala West	Pinwala West	GND	1766	0	0	0	0	0	0	0	0
LK-1306120	Wanduramulla East	Wanduramulla East	GND	2261	20	0	0	0	13	0	0	0
LK-1306125	Mahavila	Mahavila	GND	2503	16	0	280	0	0	0	0	0
LK-1306130	Pamunugama	Pamunugama	GND	1957	0	0	0	0	0	0	0	0
LK-1306135	Alubomulla West	Alubomulla West	GND	3537	11	0	0	0	0	0	0	0
LK-1306140	Rambukkana North	Rambukkana North	GND	1155	0	0	0	0	0	0	0	0
LK-1306145	Kamburugoda West	Kamburugoda West	GND	1634	0	0	0	0	0	0	0	0
LK-1306150	Kamburugoda East	Kamburugoda East	GND	713	0	0	0	0	0	0	0	0
LK-1306155	Veedagama West	Veedagama West	GND	2068	46	0	0	0	0	0	0	0
LK-1306160	Gelanigama	Gelanigama	GND	941	0	0	0	0	0	0	0	0
LK-1306165	Raigama South	Raigama South	GND	1231	0	0	0	0	0	0	0	0
LK-1306170	Raigama West	Raigama West	GND	1638	18	0	0	0	0	0	0	0
LK-1306175	Raigama East	Raigama East	GND	2089	0	16	0	0	0	0	0	0
LK-1306180	Raigama North	Raigama North	GND	2230	20	0	16	18	0	0	0	0
LK-1306185	Kolamediriya North	Kolamediriya North	GND	1297	23	0	89	0	0	0	0	0
LK-1306190	Bandaragama East	Bandaragama East	GND	1693	0	0	0	0	0	0	0	0
LK-1306195	Bandaragama	Bandaragama	GND	1005	0	0	0	0	0	0	0	0
LK-1306200	Rambukkana South	Rambukkana South	GND	1083	0	0	0	0	0	0	0	0
LK-1306205	Bolgoda	Bolgoda	GND	1119	0	0	0	0	0	0	0	0
LK-1306210	Mahabellana	Mahabellana	GND	2235	0	0	0	0	0	0	0	0
LK-1306215	Imbulliha	Imbulliha	GND	2333	0	0	0	0	0	0	0	0
LK-1306220	Diganathuduwa	Diganathuduwa	GND	2874	11	0	0	0	0	0	0	0
LK-1306225	Madupitiya	Madupitiya	GND	3272	0	0	0	0	0	0	0	0
LK-1306230	Mahawatta	Mahawatta	GND	1928	0	0	0	0	0	0	0	0
LK-1306235	Bandaragama West	Bandaragama West	GND	2278	0	0	0	0	0	0	0	0
LK-1306240	Yatiyana	Yatiyana	GND	2261	0	0	0	0	0	0	0	0
LK-1306245	Wevita	Wevita	GND	1960	0	0	0	0	0	0	0	0
LK-1306250	Atulugama East	Atulugama East	GND	48	0	0	2621	0	0	0	0	0
LK-1306255	Panape	Panape	GND	950	12	0	0	0	0	0	0	0
LK-1306260	Galgemandiya	Galgemandiya	GND	60	0	0	1939	0	0	0	0	0
LK-1306265	Atulugama West	Atulugama West	GND	44	11	0	2038	0	0	0	0	0
LK-1306270	Bamunumulla (Muslim)	Bamunumulla (Muslim)	GND	17	0	0	1565	0	0	0	0	0
LK-1306275	Bamunumulla	Bamunumulla	GND	668	0	0	35	0	0	0	0	0
LK-1306280	Epitamulla	Epitamulla	GND	352	0	0	889	0	0	0	0	0
LK-1306285	Korawala	Korawala	GND	21	0	0	2645	0	0	0	0	0
LK-1306290	Bogahawatta	Bogahawatta	GND	12	0	0	2600	0	0	0	0	0
LK-1306295	Kimmanthudawa	Kimmanthudawa	GND	1037	0	0	0	0	0	0	0	0
LK-1309	Horana	Horana	DSD	130812	2050	255	30	46	0	0	0	0
LK-1309005	Kotigamgoda	Kotigamgoda	GND	2655	26	0	0	0	0	0	0	0
LK-1309010	Pahala Millewa North	Pahala Millewa North	GND	2666	178	19	0	0	0	0	0	0
LK-1309015	Pahala Millewa South	Pahala Millewa South	GND	1559	0	0	0	0	0	0	0	0
LK-1309020	Ihala Millewa North	Ihala Millewa North	GND	1877	21	0	0	0	0	0	0	0
LK-1309025	Ihala Millewa South	Ihala Millewa South	GND	3191	60	0	0	0	0	0	0	0
LK-1309030	Thalagala East	Thalagala East	GND	2700	170	0	0	0	0	0	0	0
LK-1309035	Thalagala North	Thalagala North	GND	4853	96	0	0	0	0	0	0	0
LK-1309040	Thalagala West	Thalagala West	GND	3822	20	0	0	0	0	0	0	0
LK-1309045	Olaboduwa North	Olaboduwa North	GND	1646	32	0	0	0	0	0	0	0
LK-1309050	Koralaima	Koralaima	GND	3906	58	0	0	16	0	0	0	0
LK-1309055	Godigamuwa East	Godigamuwa East	GND	3760	11	0	0	16	0	0	0	0
LK-1309060	Halapitiya	Halapitiya	GND	3250	0	0	0	0	0	0	0	0
LK-1309065	Welmilla	Welmilla	GND	1960	16	0	0	0	0	0	0	0
LK-1309070	Godigamuwa West	Godigamuwa West	GND	1968	15	0	0	0	0	0	0	0
LK-1309075	Palannoruwa	Palannoruwa	GND	3644	20	0	0	0	0	0	0	0
LK-1309080	Olaboduwa South	Olaboduwa South	GND	2154	12	0	0	0	0	0	0	0
LK-1309085	Olaboduwa East	Olaboduwa East	GND	1730	10	0	0	0	0	0	0	0
LK-1309090	Thalagala South	Thalagala South	GND	3372	30	0	0	0	0	0	0	0
LK-1309095	Pannila	Pannila	GND	1866	0	0	10	0	0	0	0	0
LK-1309100	Kahatapitiya	Kahatapitiya	GND	2450	0	0	0	0	0	0	0	0
LK-1309105	Uduwa North	Uduwa North	GND	2535	14	0	0	14	0	0	0	0
LK-1309110	Kidelpitiya	Kidelpitiya	GND	3036	41	18	0	0	0	0	0	0
LK-1309115	Gorokgoda	Gorokgoda	GND	514	0	0	0	0	0	0	0	0
LK-1309120	Dambara	Dambara	GND	1758	0	0	0	0	0	0	0	0
LK-1309125	Handupelpola	Handupelpola	GND	1665	34	0	0	0	0	0	0	0
LK-1309130	Kuda Uduwa	Kuda Uduwa	GND	1850	0	0	0	0	0	0	0	0
LK-1309135	Maha Uduwa	Maha Uduwa	GND	1963	0	0	0	0	0	0	0	0
LK-1309140	Kananvila North	Kananvila North	GND	1656	14	0	0	0	0	0	0	0
LK-1309145	Batuvita North	Batuvita North	GND	1138	0	0	0	0	0	0	0	0
LK-1309150	Kumbuka East	Kumbuka East	GND	2139	0	0	0	0	0	0	0	0
LK-1309155	Kumbuka South	Kumbuka South	GND	1549	0	0	0	0	0	0	0	0
LK-1309160	Kumbuka North	Kumbuka North	GND	2368	28	10	0	0	0	0	0	0
LK-1309165	Kumbuka West	Kumbuka West	GND	2817	18	0	0	0	0	0	0	0
LK-1309170	Pokunuvita	Pokunuvita	GND	2447	25	0	0	0	0	0	0	0
LK-1309175	Batuvita South	Batuvita South	GND	1627	14	0	0	0	0	0	0	0
LK-1309180	Meemana	Meemana	GND	2517	0	0	0	0	0	0	0	0
LK-1309185	Kananvila South	Kananvila South	GND	758	0	0	0	0	0	0	0	0
LK-1309190	Uduwa South	Uduwa South	GND	2508	13	0	0	0	0	0	0	0
LK-1309195	Kirigalahena	Kirigalahena	GND	1499	0	10	0	0	0	0	0	0
LK-1309200	Meewanapalana West	Meewanapalana West	GND	1828	10	0	0	0	0	0	0	0
LK-1309205	Meewanapalana East	Meewanapalana East	GND	1010	0	0	0	0	0	0	0	0
LK-1309210	Gurugoda	Gurugoda	GND	2636	28	0	0	0	0	0	0	0
LK-1309215	Munagama East	Munagama East	GND	1701	26	0	0	0	0	0	0	0
LK-1309220	Midellamulahena	Midellamulahena	GND	4063	79	12	0	0	0	0	0	0
LK-1309225	Ovitiyagala	Ovitiyagala	GND	1447	25	0	0	0	0	0	0	0
LK-1309230	Aramanagolla	Aramanagolla	GND	2632	57	0	0	0	0	0	0	0
LK-1309235	Werullahena	Werallahena	GND	954	0	0	0	0	0	0	0	0
LK-1309240	Kulupana	Kulupana	GND	1019	0	0	0	0	0	0	0	0
LK-1309245	Kanewala	Kanewala	GND	1888	0	0	0	0	0	0	0	0
LK-1309250	Henegama	Henegama	GND	2273	0	0	0	0	0	0	0	0
LK-1309255	Gal Edandugoda	Gal Edandugoda	GND	1063	17	20	0	0	0	0	0	0
LK-1309260	Horana North	Horana North	GND	1709	367	106	0	0	0	0	0	0
LK-1309265	Munagama West	Munagama West	GND	1150	26	0	0	0	0	0	0	0
LK-1309270	Dikhenagama	Dikhenagama	GND	1777	41	12	0	0	0	0	0	0
LK-1309275	Narthanagala	Narthanagala	GND	2597	20	0	0	0	0	0	0	0
LK-1309280	Horana South	Horana South	GND	1087	192	0	0	0	0	0	0	0
LK-1309285	Wewala West	Wewala West	GND	1200	124	0	0	0	0	0	0	0
LK-1309290	Halthotiyawatta	Halthotiyawatta	GND	1404	10	0	0	0	0	0	0	0
LK-1309295	Mahena	Mahena	GND	2054	24	48	0	0	0	0	0	0
LK-1309300	Wewala East	Wewala East	GND	2092	13	0	20	0	0	0	0	0
LK-1309305	Horana East	Horana East	GND	1855	15	0	0	0	0	0	0	0
LK-1310	Ingiriya	Ingiriya	DSD	52187	5717	293	10	0	0	0	10	0
LK-1310005	Menerigama	Menerigama	GND	1234	0	33	0	0	0	0	0	0
LK-1310010	Arakavila	Arakavila	GND	2436	0	0	0	0	0	0	0	0
LK-1310015	Kandanapitiya	Kandanapitiya	GND	1887	0	0	0	0	0	0	0	0
LK-1310020	Kottiyawatta	Kottiyawatta	GND	1063	0	10	0	0	0	0	0	0
LK-1310025	Kurana North	Kurana North	GND	923	0	0	0	0	0	0	0	0
LK-1310030	Kurana South	Kurana South	GND	1526	18	0	0	0	0	0	0	0
LK-1310035	Kotigala	Kotigala	GND	969	15	0	0	0	0	0	0	0
LK-1310040	Handapangoda East	Handapangoda East	GND	1227	0	0	0	0	0	0	0	0
LK-1310045	Handapangoda West	Handapangoda West	GND	1235	0	18	0	0	0	0	0	0
LK-1310050	Kekuladola	Kekuladola	GND	518	0	0	0	0	0	0	0	0
LK-1310055	Handapangoda South	Handapangoda South	GND	1216	12	0	0	0	0	0	0	0
LK-1310060	Batugampala	Batugampala	GND	1483	0	0	0	0	0	0	0	0
LK-1310065	Raigam Watta	Rayigamwatta	GND	242	2126	11	0	0	0	0	0	0
LK-1310070	Maha Ingiriya	Maha Ingiriya	GND	3021	603	0	0	0	0	0	0	0
LK-1310075	Nambapana	Nambapana	GND	1213	32	0	0	0	0	0	0	0
LK-1310080	Urugala East	Urugala East	GND	1907	0	0	0	0	0	0	0	0
LK-1310085	Ingiriya East	Ingiriya East	GND	1474	12	0	0	0	0	0	0	0
LK-1310090	Ingiriya North	Ingiriya North	GND	2444	51	0	0	0	0	0	0	0
LK-1310095	Nimalagama	Nimalagama	GND	3195	625	43	10	0	0	0	0	0
LK-1310100	Eduragala	Eduragala	GND	692	546	0	0	0	0	0	0	0
LK-1310105	Maputugala	Maputugala	GND	2297	14	53	0	0	0	0	0	0
LK-1310110	Pelpitigoda	Pelpitigoda	GND	2063	0	0	0	0	0	0	0	0
LK-1310115	Rathmalgoda East	Rathmalgoda East	GND	1191	23	0	0	0	0	0	0	0
LK-1310120	Rathmalgoda West	Rathmalgoda West	GND	2189	20	22	0	0	0	0	0	0
LK-1310125	Poruwadanda West	Poruwadanda West	GND	2764	1004	52	0	0	0	0	0	0
LK-1310130	Poruwadanda East	Poruwadanda East	GND	3703	69	27	0	0	0	0	0	0
LK-1310135	Wagawatta	Wagawatta	GND	1728	491	0	0	0	0	0	10	0
LK-1310140	Kekulaliya	Kekulaliya	GND	862	0	0	0	0	0	0	0	0
LK-1310145	Dombagaskanda	Dombagaskanda	GND	1736	0	0	0	0	0	0	0	0
LK-1310150	Ingiriya West	Ingiriya West	GND	1948	27	24	0	0	0	0	0	0
LK-1310155	Urugala West	Urugala West	GND	1801	29	0	0	0	0	0	0	0
LK-1312	Bulathsinhala	Bulathsinhala	DSD	55309	5426	2244	2401	0	0	0	0	0
LK-1312005	Ihala Naragala	Ihala Naragala	GND	1292	0	0	0	0	0	0	0	0
LK-1312010	Kobawaka North	Kobawaka North	GND	1551	0	0	0	0	0	0	0	0
LK-1312015	Diwalakada	Diwalakada	GND	960	0	0	0	0	0	0	0	0
LK-1312020	Meegahakumbura	Meegahakumbura	GND	699	0	0	0	0	0	0	0	0
LK-1312025	Yahalawatta	Yahalawatta	GND	612	0	0	0	0	0	0	0	0
LK-1312030	Bothale Gamgoda	Bothale Gamgoda	GND	654	0	0	0	0	0	0	0	0
LK-1312035	Kongasthenna	Kongasthenna	GND	1819	1393	510	0	0	0	0	0	0
LK-1312040	Halwathura	Halwathura	GND	751	33	260	0	0	0	0	0	0
LK-1312045	Amaragedara North	Amaragedara North	GND	794	0	0	0	0	0	0	0	0
LK-1312050	Bothale	Bothale	GND	624	12	0	0	0	0	0	0	0
LK-1312055	Bulathsinhala North	Bulathsinhala North	GND	1231	0	0	0	0	0	0	0	0
LK-1312060	Egaloya	Egaloya	GND	1912	376	0	0	0	0	0	0	0
LK-1312065	Kobawaka South	Kobawaka South	GND	1293	424	0	0	0	0	0	0	0
LK-1312070	Ihala Naragala South	Ihala Naragala South	GND	1081	0	0	0	0	0	0	0	0
LK-1312075	Govinna North	Govinna North	GND	1025	0	0	0	0	0	0	0	0
LK-1312080	Pahala Naragala	Pahala Naragala	GND	1401	15	0	0	0	0	0	0	0
LK-1312085	Dewamulla	Dewamulla	GND	1474	169	0	0	0	0	0	0	0
LK-1312090	Govinna South	Govinna South	GND	1753	121	0	0	0	0	0	0	0
LK-1312095	Retiyala	Retiyala	GND	1260	166	148	0	0	0	0	0	0
LK-1312100	Galahena	Galahena	GND	1572	727	0	0	0	0	0	0	0
LK-1312105	Bulathsinhala South	Bulathsinhala South	GND	906	240	0	0	0	0	0	0	0
LK-1312110	Bulathsinhala	Bulathsinhala	GND	1578	99	326	0	0	0	0	0	0
LK-1312115	Bulathsinhala Central	Bulathsinhala Central	GND	988	19	0	0	0	0	0	0	0
LK-1312120	Amaragedara South	Amaragedara South	GND	1240	0	0	0	0	0	0	0	0
LK-1312125	Delmella	Delmella	GND	1495	0	0	0	0	0	0	0	0
LK-1312130	Udugalakanda	Udugalakanda	GND	1089	0	0	0	0	0	0	0	0
LK-1312135	Niggaha	Niggaha	GND	864	0	0	0	0	0	0	0	0
LK-1312140	Yatagampitiya	Yatagampitiya	GND	1089	0	0	0	0	0	0	0	0
LK-1312145	Karaldekma	Karaldekma	GND	982	23	268	0	0	0	0	0	0
LK-1312150	Bulathsinhala East	Bulathsinhala East	GND	1170	192	0	0	0	0	0	0	0
LK-1312155	Damparadugoda	Damparadugoda	GND	451	123	29	0	0	0	0	0	0
LK-1312160	Pahala Welgama	Pahala Welgama	GND	443	297	0	0	0	0	0	0	0
LK-1312165	Bulathsinhala West	Bulathsinhala West	GND	949	591	0	0	0	0	0	0	0
LK-1312170	Diyakaduwa East	Diyakaduwa East	GND	830	0	0	0	0	0	0	0	0
LK-1312175	Diyakaduwa West	Diyakaduwa West	GND	833	0	0	0	0	0	0	0	0
LK-1312180	Bogahawatta	Bogahawatta	GND	712	0	0	0	0	0	0	0	0
LK-1312185	Mahagama North	Mahagama North	GND	884	0	0	0	0	0	0	0	0
LK-1312190	Demodarawatta	Demodarawatta	GND	1312	0	123	0	0	0	0	0	0
LK-1312195	Thennahena	Thennahena	GND	234	296	77	0	0	0	0	0	0
LK-1312200	Ihala Welgama	Ihala Welgama	GND	1225	110	0	0	0	0	0	0	0
LK-1312205	Paragoda West	Paragoda West	GND	1002	0	0	0	0	0	0	0	0
LK-1312210	Paragoda East	Paragoda East	GND	1249	0	0	0	0	0	0	0	0
LK-1312215	Molkawa	Molkawa	GND	820	0	0	0	0	0	0	0	0
LK-1312220	Galahitiya	Galahitiya	GND	664	0	0	0	0	0	0	0	0
LK-1312225	Mahagama East	Mahagama East	GND	993	0	0	0	0	0	0	0	0
LK-1312230	Polegoda West	Polegoda West	GND	1118	0	0	0	0	0	0	0	0
LK-1312235	Mahagama West	Mahagama West	GND	944	0	0	102	0	0	0	0	0
LK-1312240	Pahala Kudaligama	Pahala Kudaligama	GND	1297	0	0	45	0	0	0	0	0
LK-1312245	Ihala Kudaligama	Ihala Kudaligama	GND	931	0	485	0	0	0	0	0	0
LK-1312250	Weyangalla West	Weyangalla West	GND	461	0	0	1129	0	0	0	0	0
LK-1312255	Weyangalla East	Weyangalla East	GND	11	0	0	1125	0	0	0	0	0
LK-1312260	Mahagama South	Mahagama South	GND	873	0	0	0	0	0	0	0	0
LK-1312265	Muduna	Muduna	GND	1187	0	18	0	0	0	0	0	0
LK-1312270	Gamagewatta	Gamagewatta	GND	727	0	0	0	0	0	0	0	0
LK-1315	Madurawala	Madurawala	DSD	33633	2671	314	0	0	0	0	0	0
LK-1315005	Ilimba	Ilimba	GND	1612	96	0	0	0	0	0	0	0
LK-1315010	Kandana North	Kandana North	GND	609	12	0	0	0	0	0	0	0
LK-1315015	Kandana South	Kandana South	GND	811	67	0	0	0	0	0	0	0
LK-1315020	Elawella	Elawella	GND	2503	24	0	0	0	0	0	0	0
LK-1315025	Bellapitiya West	Bellapitiya West	GND	1142	0	0	0	0	0	0	0	0
LK-1315030	Mahena South	Mahena South	GND	1498	22	0	0	0	0	0	0	0
LK-1315035	Bellapitiya East	Bellapitiya East	GND	2225	22	0	0	0	0	0	0	0
LK-1315040	Walpita	Walpita	GND	1884	10	0	0	0	0	0	0	0
LK-1315045	Werawatta	Werawatta	GND	599	0	0	0	0	0	0	0	0
LK-1315050	Peramunagama	Peramunagama	GND	1491	0	0	0	0	0	0	0	0
LK-1315055	Weliketella	Weliketella	GND	1143	0	0	0	0	0	0	0	0
LK-1315060	Remuna	Remuna	GND	1050	0	0	0	0	0	0	0	0
LK-1315065	Mahayala East	Mahayala East	GND	553	0	0	0	0	0	0	0	0
LK-1315070	Kananvila	Kananvila	GND	986	13	0	0	0	0	0	0	0
LK-1315075	Mahayala West	Mahayala West	GND	921	0	0	0	0	0	0	0	0
LK-1315080	Hallankanda	Hallankanda	GND	442	0	0	0	0	0	0	0	0
LK-1315085	Koodella	Koodella	GND	1055	0	0	0	0	0	0	0	0
LK-1315090	Madurawala East	Madurawala East	GND	738	0	0	0	0	0	0	0	0
LK-1315095	Kudayala	Kudayala	GND	1199	0	0	0	0	0	0	0	0
LK-1315100	Pahala Karannagoda	Pahala Karannagoda	GND	740	0	0	0	0	0	0	0	0
LK-1315105	Anguruwathota	Anguruwathota	GND	959	551	0	0	0	0	0	0	0
LK-1315110	Madurawala West	Madurawala West	GND	795	24	0	0	0	0	0	0	0
LK-1315115	Keselhenawa	Keselhenawa	GND	1243	0	0	0	0	0	0	0	0
LK-1315120	Karannagoda	Karannagoda	GND	751	90	314	0	0	0	0	0	0
LK-1315125	Ihala Karannagoda	Ihala Karannagoda	GND	650	0	0	0	0	0	0	0	0
LK-1315130	Katuhena	Katuhena	GND	734	0	0	0	0	0	0	0	0
LK-1315135	Warakagoda North	Warakagoda North	GND	1253	16	0	0	0	0	0	0	0
LK-1315140	Warakagoda West	Warakagoda West	GND	1094	0	0	0	0	0	0	0	0
LK-1315145	Warakagoda South	Warakagoda South	GND	722	785	0	0	0	0	0	0	0
LK-1315150	Warakagoda East	Warakagoda East	GND	660	567	0	0	0	0	0	0	0
LK-1315155	Nahalla	Nahalla	GND	663	0	0	0	0	0	0	0	0
LK-1315160	Pahalagoda	Pahalagoda	GND	590	0	0	0	0	0	0	0	0
LK-1315165	Ihalagoda	Ihalagoda	GND	318	372	0	0	0	0	0	0	0
LK-1318	Millaniya	Millaniya	DSD	54429	1251	208	0	21	0	0	0	0
LK-1318005	Gungamuwa	Gungamuwa	GND	2175	0	0	0	0	0	0	0	0
LK-1318010	Bellanthudawa	Bellanthudawa	GND	2583	0	0	0	0	0	0	0	0
LK-1318015	Kelesgamuwa	Kelesgamuwa	GND	1681	0	0	0	0	0	0	0	0
LK-1318020	Welikala	Welikala	GND	3336	15	0	0	10	0	0	0	0
LK-1318025	Thibbotugoda	Thibbotugoda	GND	1123	29	0	0	0	0	0	0	0
LK-1318030	Lenawara	Lenawara	GND	2767	20	0	0	0	0	0	0	0
LK-1318035	Halthota	Halthota	GND	809	0	0	0	0	0	0	0	0
LK-1318040	Langana	Langana	GND	1095	0	0	0	0	0	0	0	0
LK-1318045	Deldorawatta	Deldorawatta	GND	1028	115	15	0	0	0	0	0	0
LK-1318050	Millaniya	Millaniya	GND	1527	0	0	0	0	0	0	0	0
LK-1318055	Raddegoda	Raddegoda	GND	1180	0	0	0	0	0	0	0	0
LK-1318060	Delkada	Delkada	GND	1337	0	0	0	0	0	0	0	0
LK-1318065	Paragasthota	Paragasthota	GND	1806	0	0	0	0	0	0	0	0
LK-1318070	Dikhena	Dikhena	GND	1846	22	0	0	11	0	0	0	0
LK-1318075	Arakagoda	Arakagoda	GND	1338	0	0	0	0	0	0	0	0
LK-1318080	Kennanthudawa	Kennanthudawa	GND	969	0	0	0	0	0	0	0	0
LK-1318085	Mawathgama	Mawathgama	GND	747	0	0	0	0	0	0	0	0
LK-1318090	Yalagala	Yalagala	GND	1248	0	0	0	0	0	0	0	0
LK-1318095	Labugama	Labugama	GND	1073	27	25	0	0	0	0	0	0
LK-1318100	Pethigamuwa North	Pethigamuwa North	GND	729	0	0	0	0	0	0	0	0
LK-1318105	Pethigamuwa South	Pethigamuwa South	GND	1131	0	0	0	0	0	0	0	0
LK-1318110	Weniwelpitiya	Weniwelpitiya	GND	1352	0	0	0	0	0	0	0	0
LK-1318115	Millagaspola	Millagaspola	GND	566	0	0	0	0	0	0	0	0
LK-1318120	Boralessa	Boralessa	GND	1235	296	60	0	0	0	0	0	0
LK-1318125	Pelpola	Pelpola	GND	1317	0	0	0	0	0	0	0	0
LK-1318130	Imbulahena	Imbulahena	GND	1787	0	0	0	0	0	0	0	0
LK-1318135	Punsiripura	Punsiripura	GND	2045	13	0	0	0	0	0	0	0
LK-1318140	Galpatha West	Galpatha West	GND	848	0	0	0	0	0	0	0	0
LK-1318145	Galpatha East	Galpatha East	GND	871	0	0	0	0	0	0	0	0
LK-1318150	Batagoda	Batagoda	GND	1229	0	0	0	0	0	0	0	0
LK-1318155	Mulkadakanda	Mulkadakanda	GND	1276	30	0	0	0	0	0	0	0
LK-1318160	Adhikarigoda	Adhikarigoda	GND	1130	10	0	0	0	0	0	0	0
LK-1318165	Dombagoda	Dombagoda	GND	1216	0	0	0	0	0	0	0	0
LK-1318170	Uduwara North	Uduwara North	GND	2067	334	0	0	0	0	0	0	0
LK-1318175	Uduwara West	Uduwara West	GND	521	0	0	0	0	0	0	0	0
LK-1318180	Uduwara East	Uduwara East	GND	791	340	15	0	0	0	0	0	0
LK-1318185	Uduwara South	Uduwara South	GND	565	0	0	0	0	0	0	0	0
LK-1318190	Pathakada	Pathakada	GND	1078	0	93	0	0	0	0	0	0
LK-1318195	Panagoda	Panagoda	GND	829	0	0	0	0	0	0	0	0
LK-1318200	Yatawara South	Yatawara South	GND	234	0	0	0	0	0	0	0	0
LK-1318205	Mahadurupitiya	Mahadurupitiya	GND	632	0	0	0	0	0	0	0	0
LK-1318210	Delgoda	Delgoda	GND	407	0	0	0	0	0	0	0	0
LK-1318215	Yatawara North	Yatawara North	GND	478	0	0	0	0	0	0	0	0
LK-1318220	Begamuwa Thalahitiya	Begamuwa Thalahitiya	GND	427	0	0	0	0	0	0	0	0
LK-1321	Kalutara	Kalutara	DSD	149874	1814	189	14170	50	0	0	0	0
LK-1321005	Mestiya	Mestiya	GND	1178	0	0	0	0	0	0	0	0
LK-1321010	Maha Gonadoowa	Maha Gonadoowa	GND	2544	11	0	0	0	0	0	0	0
LK-1321015	Kuda Gonadoowa	Kuda Gonadoowa	GND	1560	0	0	0	0	0	0	0	0
LK-1321020	Moronthuduwa North	Moronthuduwa North	GND	971	0	0	0	0	0	0	0	0
LK-1321025	Mawala	Mawala	GND	2031	0	0	0	14	0	0	0	0
LK-1321030	Melegama North	Melegama North	GND	1161	0	0	0	0	0	0	0	0
LK-1321035	Melegama South	Melegama South	GND	1957	10	0	0	0	0	0	0	0
LK-1321040	Habaralagahalanda	Habaralagahalanda	GND	3208	0	0	0	0	0	0	0	0
LK-1321045	Pohoddaramulla West	Pohoddaramulla West	GND	983	0	0	0	0	0	0	0	0
LK-1321050	Pohoddaramulla East	Pohoddaramulla East	GND	2740	11	0	0	0	0	0	0	0
LK-1321055	Pothupitiya East	Pothupitiya East	GND	2143	0	0	0	0	0	0	0	0
LK-1321060	Mawala South	Mawala South	GND	1510	10	0	0	0	0	0	0	0
LK-1321065	Maharekma	Maharekma	GND	1997	13	0	0	0	0	0	0	0
LK-1321070	Nandoowa	Nandoowa	GND	1097	0	0	0	0	0	0	0	0
LK-1321075	Moronthuduwa South	Moronthuduwa South	GND	3265	0	0	0	0	0	0	0	0
LK-1321080	Kalapugama	Kalapugama	GND	1443	12	0	0	0	0	0	0	0
LK-1321085	Kalapugama West	Kalapugama West	GND	2107	0	0	0	0	0	0	0	0
LK-1321090	Ariyagama	Ariyagama	GND	1926	0	0	0	0	0	0	0	0
LK-1321095	Deldoowa	Deldoowa	GND	2760	0	0	0	0	0	0	0	0
LK-1321100	Nugagoda	Nugagoda	GND	2900	0	0	0	0	0	0	0	0
LK-1321105	Pothupitiya South	Pothupitiya South	GND	1462	0	0	0	0	0	0	0	0
LK-1321110	Pothupitiya North	Pothupitiya North	GND	1345	0	0	0	0	0	0	0	0
LK-1321115	Pothupitiya West	Pothupitiya West	GND	1368	0	0	0	0	0	0	0	0
LK-1321120	Meda Pothupitiya	Meda Pothupitiya	GND	1321	0	0	0	0	0	0	0	0
LK-1321125	Kuda Waskaduwa West	Kuda Waskaduwa West	GND	1814	0	0	0	0	0	0	0	0
LK-1321130	Kuda Waskaduwa North	Kuda Waskaduwa North	GND	2302	0	0	0	0	0	0	0	0
LK-1321135	Kuda Waskaduwa East	Kuda Waskaduwa East	GND	1884	0	0	0	0	0	0	0	0
LK-1321140	Kapuhena	Kapuhena	GND	808	0	0	0	0	0	0	0	0
LK-1321145	Usgodella	Usgodella	GND	1889	0	0	0	0	0	0	0	0
LK-1321150	Panapitiya North	Panapitiya North	GND	1265	0	0	0	0	0	0	0	0
LK-1321155	Paraduwa	Paraduwa	GND	985	0	0	0	0	0	0	0	0
LK-1321160	Dodammulla	Dodammulla	GND	799	0	0	0	0	0	0	0	0
LK-1321165	Diyagama	Diyagama	GND	974	0	0	0	0	0	0	0	0
LK-1321170	Panapitiya South	Panapitiya South	GND	1195	0	0	0	0	0	0	0	0
LK-1321175	Rannungala	Rannungala	GND	1374	0	0	0	0	0	0	0	0
LK-1321180	Uggalbada West	Uggalbada West	GND	2056	0	0	0	0	0	0	0	0
LK-1321185	Dediyawala	Dediyawala	GND	2765	0	0	0	0	0	0	0	0
LK-1321190	Kuda Waskaduwa South	Kuda Waskaduwa South	GND	2400	0	0	0	0	0	0	0	0
LK-1321195	Mahawaskaduwa South	Mahawaskaduwa South	GND	2677	0	0	0	0	0	0	0	0
LK-1321200	Mahawaskaduwa North	Mahawaskaduwa North	GND	1333	0	0	0	0	0	0	0	0
LK-1321205	Vilegoda North	Vilegoda North	GND	2486	0	0	0	24	0	0	0	0
LK-1321210	Malwatta	Malwatta	GND	895	0	0	0	0	0	0	0	0
LK-1321215	Wijerathnawatta	Wijerathnawatta	GND	2096	16	0	0	0	0	0	0	0
LK-1321220	Uggalbada East	Uggalbada East	GND	1556	0	0	0	0	0	0	0	0
LK-1321225	Thekkawatta	Thekkawatta	GND	4147	58	0	0	0	0	0	0	0
LK-1321230	Jawatta	Jawatta	GND	1706	0	0	0	0	0	0	0	0
LK-1321235	Botnikwatta	Botnikwatta	GND	1563	36	0	0	0	0	0	0	0
LK-1321240	Kalutara North	Kalutara North	GND	2225	45	0	0	0	0	0	0	0
LK-1321245	Deshasthra Kalutara	Deshasthra Kalutara	GND	1879	11	0	0	0	0	0	0	0
LK-1321250	Deshasthra Kalutara West	Deshasthra Kalutara West	GND	1720	15	0	0	0	0	0	0	0
LK-1321255	Vidyasara	Vidyasara	GND	1983	13	0	0	0	0	0	0	0
LK-1321260	Thotupala	Thotupala	GND	1208	0	0	0	0	0	0	0	0
LK-1321265	Ethanamadala	Ethanamadala	GND	3081	17	0	0	0	0	0	0	0
LK-1321270	Palathota	Palathota	GND	1441	14	0	0	0	0	0	0	0
LK-1321275	Welapura	Welapura	GND	1278	14	0	78	0	0	0	0	0
LK-1321280	Kalutara South	Kalutara South	GND	1189	16	0	143	0	0	0	0	0
LK-1321285	Kuda Heenatiyangala	Kuda Heenatiyangala	GND	263	75	0	2613	0	0	0	0	0
LK-1321290	Ilukwatta	Ilukwatta	GND	2100	0	0	0	0	0	0	0	0
LK-1321295	Vilegoda South	Vilegoda South	GND	848	15	0	0	0	0	0	0	0
LK-1321300	Godaparagahahena	Godaparagahahena	GND	1135	14	0	0	0	0	0	0	0
LK-1321305	Kithulawa	Kithulawa	GND	3283	114	0	11	0	0	0	0	0
LK-1321310	Alwiswatta	Alwiswatta	GND	1079	0	0	0	0	0	0	0	0
LK-1321315	Etavila	Etavila	GND	2092	62	0	0	0	0	0	0	0
LK-1321320	Akkaragoda	Akkaragoda	GND	0	0	0	1738	0	0	0	0	0
LK-1321325	Mahawatta	Mahawatta	GND	399	16	136	1746	0	0	0	0	0
LK-1321330	Kalutara South A	Kalutara South A	GND	110	11	0	1313	12	0	0	0	0
LK-1321335	Kalapuwa	Kalapuwa	GND	1379	21	0	264	0	0	0	0	0
LK-1321340	Wettumakada	Wettumakada	GND	149	19	0	1980	0	0	0	0	0
LK-1321345	Kurunduwatta	Kurunduwatta	GND	434	82	0	2520	0	0	0	0	0
LK-1321350	Maha Heenatiyangala	Maha Heenatiyangala	GND	1653	601	22	1335	0	0	0	0	0
LK-1321355	Wattamulla	Wattamulla	GND	1886	150	11	385	0	0	0	0	0
LK-1321360	Alubogahalanda	Alubogahalanda	GND	2438	71	20	0	0	0	0	0	0
LK-1321365	Rajawatta Aluth Kotasa	Rajawatta Aluth Kotasa	GND	529	15	0	0	0	0	0	0	0
LK-1321370	Rajawatta Parana Kotasa	Rajawatta Parana Kotasa	GND	1075	0	0	0	0	0	0	0	0
LK-1321375	Pulartan	Pulartan	GND	3716	98	0	0	0	0	0	0	0
LK-1321380	Uswatta	Uswatta	GND	1896	30	0	0	0	0	0	0	0
LK-1321385	Katukurunda	Katukurunda	GND	1149	16	0	44	0	0	0	0	0
LK-1321390	Kalamulla North	Kalamulla North	GND	1850	17	0	0	0	0	0	0	0
LK-1321395	Nagoda West	Nagoda West	GND	3645	0	0	0	0	0	0	0	0
LK-1321400	Kajudoowawatta	Kajudoowawatta	GND	1939	0	0	0	0	0	0	0	0
LK-1321405	Nagoda South	Nagoda South	GND	3644	41	0	0	0	0	0	0	0
LK-1321410	Weniwelketiya	Weniwelketiya	GND	2726	14	0	0	0	0	0	0	0
LK-1321415	Gallassa	Gallassa	GND	1447	0	0	0	0	0	0	0	0
LK-1321420	Kalamulla East	Kalamulla East	GND	1088	0	0	0	0	0	0	0	0
LK-1321425	Kalamulla South	Kalamulla South	GND	1460	0	0	0	0	0	0	0	0
LK-1321430	Ethagama West	Ethagama West	GND	1007	0	0	0	0	0	0	0	0
LK-1321435	Ethagama East	Ethagama East	GND	1505	10	0	0	0	0	0	0	0
LK-1324	Beruwala	Beruwala	DSD	109942	1782	195	68423	13	16	0	0	0
LK-1324005	Kuda Payagala North	Kuda Payagala North	GND	1933	26	0	0	0	0	0	0	0
LK-1324010	Mehimulla	Mehimulla	GND	1460	0	0	0	0	0	0	0	0
LK-1324015	Pambe	Pambe	GND	1485	0	0	0	0	0	0	0	0
LK-1324020	Hirigalgodella	Hirigalgodella	GND	2479	0	0	0	0	0	0	0	0
LK-1324025	Malegoda	Malegoda	GND	3053	41	0	0	0	0	0	0	0
LK-1324030	Kuda Payagala South	Kuda Payagala South	GND	1318	13	0	0	0	0	0	0	0
LK-1324035	Payagala North	Payagala North	GND	2210	11	0	0	0	0	0	0	0
LK-1324040	Pinidiyamulla	Pinidiyamulla	GND	2274	11	0	0	0	0	0	0	0
LK-1324045	Viharakanda	Viharakanda	GND	1213	0	0	0	0	0	0	0	0
LK-1324050	Palayangoda	Palayangoda	GND	2202	12	0	0	0	0	0	0	0
LK-1324055	Weragala	Weragala	GND	2632	0	0	0	0	0	0	0	0
LK-1324060	Katukurundugahalanda East	Katukurundugahalanda East	GND	1806	0	0	0	0	0	0	0	0
LK-1324065	Katukurundugahalanda West	Katukurundugahalanda West	GND	1243	0	0	0	0	0	0	0	0
LK-1324070	Pothuvila East	Pothuvila East	GND	1893	0	0	0	0	0	0	0	0
LK-1324075	Mahagammedda	Mahagammedda	GND	1994	10	0	0	0	0	0	0	0
LK-1324080	Maha Payagala	Maha Payagala	GND	1176	0	0	0	0	0	0	0	0
LK-1324085	Pothuvila West	Pothuvila West	GND	1239	0	0	0	0	0	0	0	0
LK-1324090	Munasinghagoda	Munasinghagoda	GND	1387	22	0	0	0	0	0	0	0
LK-1324095	Diyalagoda	Diyalagoda	GND	2141	11	0	194	0	0	0	0	0
LK-1324100	Kapugoda	Kapugoda	GND	1524	64	18	0	0	0	0	0	0
LK-1324105	Halkandavila	Halkandavila	GND	1806	0	0	0	0	0	0	0	0
LK-1324110	Yovungama	Yovungama	GND	1107	15	0	0	0	0	0	0	0
LK-1324115	Doowegoda	Doowegoda	GND	2341	20	0	0	0	0	0	0	0
LK-1324120	Kendagahavila	Kendagahavila	GND	1951	27	0	0	0	0	0	0	0
LK-1324125	Munhena	Munhena	GND	2770	11	0	0	0	0	0	0	0
LK-1324130	Maggona East	Maggona East	GND	2814	0	0	465	0	0	0	0	0
LK-1324135	Akkaramale	Akkaramale	GND	1150	13	0	1486	0	0	0	0	0
LK-1324140	Maggona West	Maggona West	GND	784	0	0	312	0	0	0	0	0
LK-1324145	Idiriligoda	Idiriligoda	GND	34	0	0	1356	0	0	0	0	0
LK-1324150	Kuda Magalkanda	Kuda Magalkanda	GND	522	0	0	115	0	0	0	0	0
LK-1324155	Magalkanda North	Magalkanda North	GND	1229	0	0	0	0	0	0	0	0
LK-1324160	Magalkanda South	Magalkanda South	GND	2012	33	0	13	0	0	0	0	0
LK-1324165	Akkara Asoowa	Akkara Asoowa	GND	1808	11	0	0	0	0	0	0	0
LK-1324170	Bubulalanda	Bubulalanda	GND	1648	30	0	0	0	0	0	0	0
LK-1324175	Kadurugasmulla	Kadurugasmulla	GND	2154	24	0	0	0	0	0	0	0
LK-1324180	Bandanagoda	Bandanagoda	GND	1458	0	0	0	0	0	0	0	0
LK-1324185	Kalavilakanda	Kalavilakanda	GND	1154	0	0	0	0	0	0	0	0
LK-1324190	Walathara	Walathara	GND	3481	78	0	347	0	0	0	0	0
LK-1324195	Pannila	Pannila	GND	494	112	0	1116	0	0	0	0	0
LK-1324200	Cheenakotuwa	Cheenakotuwa	GND	61	0	11	4283	0	0	0	0	0
LK-1324205	Akkaragoda	Akkaragoda	GND	75	0	0	3617	0	0	0	0	0
LK-1324210	Karandagoda	Karandagoda	GND	1054	0	0	285	0	0	0	0	0
LK-1324215	Marakkalahawatta	Marakkalahawatta	GND	1503	0	0	2188	0	0	0	0	0
LK-1324220	Polkotuwa	Polkotuwa	GND	1362	21	11	1919	0	0	0	0	0
LK-1324225	Paranakade	Paranakade	GND	790	0	0	467	0	0	0	0	0
LK-1324230	Maradana	Maradana	GND	173	17	29	7634	0	0	0	0	0
LK-1324235	Hettiyakanda	Hettiyakanda	GND	166	0	0	3003	0	0	0	0	0
LK-1324240	Massalgoda	Massalgoda	GND	690	220	0	1349	0	0	0	0	0
LK-1324245	Kankanamgoda	Kankanamgoda	GND	1799	197	0	5250	0	0	0	0	0
LK-1324250	Ambepitiya	Ambepitiya	GND	2360	124	52	2669	0	0	0	0	0
LK-1324255	Pinhena	Pinhena	GND	1491	0	0	0	0	0	0	0	0
LK-1324260	Pinhena Colony	Pinhena Colony	GND	1113	0	0	0	0	0	0	0	0
LK-1324265	Kalavila	Kalavila	GND	2258	23	0	0	0	0	0	0	0
LK-1324270	Malewangoda	Malewangoda	GND	1479	0	0	0	0	0	0	0	0
LK-1324275	Padagoda	Padagoda	GND	1472	0	0	0	0	0	0	0	0
LK-1324280	Hettimulla	Hettimulla	GND	2121	24	0	34	0	0	0	0	0
LK-1324285	Mahagoda	Mahagoda	GND	249	43	0	6952	0	0	0	0	0
LK-1324290	Maligahena	Maligahena	GND	584	0	16	2855	0	0	0	0	0
LK-1324295	Moragalla	Moragalla	GND	2922	14	0	0	0	0	0	0	0
LK-1324300	Mullapitiya	Mullapitiya	GND	1435	0	0	0	0	0	0	0	0
LK-1324305	Gammedda	Gammedda	GND	1208	0	0	0	0	0	0	0	0
LK-1324310	Kaluwamodara North	Kaluwamodara North	GND	1061	19	0	116	0	0	0	0	0
LK-1324315	Galhena	Galhena	GND	1179	17	0	189	0	0	0	0	0
LK-1324320	Alakadupitiya	Alakadupitiya	GND	0	0	0	2269	0	0	0	0	0
LK-1324325	Welipitiya	Welipitiya	GND	195	0	10	3068	0	0	0	0	0
LK-1324330	Pathirajagoda	Pathirajagoda	GND	328	0	0	524	0	0	0	0	0
LK-1324335	Kadiyawatta	Kadiyawatta	GND	0	134	48	1242	0	0	0	0	0
LK-1324340	Malewana	Malewana	GND	689	88	0	1956	0	0	0	0	0
LK-1324345	Adikarigoda	Adhikarigoda	GND	152	54	0	1065	0	0	0	0	0
LK-1324350	Nakandalagoda	Nakandalagoda	GND	1411	26	0	184	0	0	0	0	0
LK-1324355	Danwattagoda	Danwattagoda	GND	467	0	0	0	0	0	0	0	0
LK-1324360	Kotapitiya	Kotapitiya	GND	754	0	0	0	0	0	0	0	0
LK-1324365	Warapitiya	Warapitiya	GND	2653	32	0	474	0	0	0	0	0
LK-1324370	Dharga Town East	Dharga Town East	GND	26	0	0	2588	0	0	0	0	0
LK-1324375	Ganga Addara	Ganga Addara	GND	0	0	0	2346	0	0	0	0	0
LK-1324380	Dharga Town	Dharga Town	GND	95	0	0	3232	0	0	0	0	0
LK-1324385	Kaluwamodara East	Kaluwamodara East	GND	1460	0	0	0	0	0	0	0	0
LK-1324390	Kaluwamodara West	Kaluwamodara West	GND	1770	11	0	0	0	0	0	0	0
LK-1324395	Ganegama	Ganegama	GND	1024	90	0	0	0	0	0	0	0
LK-1324400	Seenawatta	Seenawatta	GND	991	33	0	1261	13	16	0	0	0
LK-1324405	Aluthgama East	Aluthgama East	GND	1121	0	0	0	0	0	0	0	0
LK-1324410	Aluthgama West	Aluthgama West	GND	822	0	0	0	0	0	0	0	0
LK-1327	Dodangoda	Dodangoda	DSD	59928	6285	705	0	0	0	0	0	0
LK-1327005	Koholana North	Koholana North	GND	833	0	0	0	0	0	0	0	0
LK-1327010	Ukwatta	Ukwatta	GND	627	0	0	0	0	0	0	0	0
LK-1327015	Bolossagama	Bolossagama	GND	861	0	0	0	0	0	0	0	0
LK-1327020	Remunagoda North	Remunagoda North	GND	748	0	0	0	0	0	0	0	0
LK-1327025	Pelapitiyagoda	Pelapitiyagoda	GND	1070	105	0	0	0	0	0	0	0
LK-1327030	Pelapitiyagoda North	Pelapitiyagoda North	GND	1198	44	15	0	0	0	0	0	0
LK-1327035	Pahala Nebada	Pahala Nebada	GND	1203	243	17	0	0	0	0	0	0
LK-1327040	Nebada	Nebada	GND	1038	146	0	0	0	0	0	0	0
LK-1327045	Nebada West	Nebada West	GND	431	0	0	0	0	0	0	0	0
LK-1327050	Thebuwana East	Thebuwana East	GND	973	1162	0	0	0	0	0	0	0
LK-1327055	Thebuwana West	Thebuwana West	GND	799	455	0	0	0	0	0	0	0
LK-1327060	Remunagoda South	Remunagoda South	GND	685	0	0	0	0	0	0	0	0
LK-1327065	Gamagoda East	Gamagoda East	GND	1374	79	0	0	0	0	0	0	0
LK-1327070	Serupita East	Serupita East	GND	1528	0	0	0	0	0	0	0	0
LK-1327075	Serupita West	Serupita West	GND	752	0	0	0	0	0	0	0	0
LK-1327080	Koholana South	Koholana South	GND	657	0	0	0	0	0	0	0	0
LK-1327085	Adhikarigoda	Adhikarigoda	GND	1368	0	0	0	0	0	0	0	0
LK-1327090	Gamagoda West	Gamagoda West	GND	1686	110	0	0	0	0	0	0	0
LK-1327095	Bombuwala North - West	Bombuwala North-West	GND	2408	51	0	0	0	0	0	0	0
LK-1327100	Bombuwala North - Central	Bombuwala North-Central	GND	1717	23	0	0	0	0	0	0	0
LK-1327105	Bombuwala North - East	Bombuwala North-East	GND	1019	115	0	0	0	0	0	0	0
LK-1327110	Bombuwala South - West	Bombuwala South-West	GND	1468	0	0	0	0	0	0	0	0
LK-1327115	Bombuwala South - Central	Bombuwala South-Central	GND	2571	16	0	0	0	0	0	0	0
LK-1327120	Bombuwala South - East	Bombuwala South-East	GND	1737	106	0	0	0	0	0	0	0
LK-1327125	Thudugala East	Thudugala East	GND	695	379	0	0	0	0	0	0	0
LK-1327130	Wellatha	Wellatha	GND	660	0	457	0	0	0	0	0	0
LK-1327135	Ihala Nebada	Ihala Nebada	GND	357	460	0	0	0	0	0	0	0
LK-1327140	Wattahena	Wattahena	GND	436	400	0	0	0	0	0	0	0
LK-1327145	Nehinna	Nehinna	GND	1085	221	0	0	0	0	0	0	0
LK-1327150	Wadugama	Wadugama	GND	1732	172	0	0	0	0	0	0	0
LK-1327155	Thudugala West	Thudugala West	GND	1195	29	0	0	0	0	0	0	0
LK-1327160	Dodangoda East - North	Dodangoda East-North	GND	1798	0	0	0	0	0	0	0	0
LK-1327165	Dodangoda West - North	Dodangoda West-North	GND	2612	11	0	0	0	0	0	0	0
LK-1327170	Dodangoda West - North West	Dodangoda West-North West	GND	3183	14	0	0	0	0	0	0	0
LK-1327175	Dodangoda West	Dodangoda West	GND	3362	96	216	0	0	0	0	0	0
LK-1327180	Dodangoda West - Central	Dodangoda West-Central	GND	772	44	0	0	0	0	0	0	0
LK-1327185	Dodangoda West - South	Dodangoda West-South	GND	2304	11	0	0	0	0	0	0	0
LK-1327190	Dodangoda East - South	Dodangoda East-South	GND	2151	243	0	0	0	0	0	0	0
LK-1327195	Sapugahawatta	Sapugahawatta	GND	1303	245	0	0	0	0	0	0	0
LK-1327200	Puhambugoda East	Puhambugoda East	GND	1389	395	0	0	0	0	0	0	0
LK-1327205	Dodangoda East	Dodangoda East	GND	1141	0	0	0	0	0	0	0	0
LK-1327210	Dodangoda East - Central	Dodangoda East-Central	GND	2087	197	0	0	0	0	0	0	0
LK-1327215	Puhambugoda West	Puhambugoda West	GND	1261	19	0	0	0	0	0	0	0
LK-1327220	Eladoowa	Eladoowa	GND	895	694	0	0	0	0	0	0	0
LK-1327225	Galpottavila	Galpottavila	GND	759	0	0	0	0	0	0	0	0
LK-1330	Matugama	Mathugama	DSD	75039	6568	840	3418	14	0	0	0	0
LK-1330005	Iddagoda West	Iddagoda West	GND	271	510	0	0	0	0	0	0	0
LK-1330010	Iddagoda East	Iddagoda East	GND	1170	207	12	14	0	0	0	0	0
LK-1330015	Hiriketiya	Hiriketiya	GND	674	10	0	0	0	0	0	0	0
LK-1330020	Panthiya	Panthiya	GND	1122	106	596	0	0	0	0	0	0
LK-1330025	Welimanana	Welimanana	GND	2241	12	0	0	0	0	0	0	0
LK-1330030	Bopitiya East	Bopitiya East	GND	1224	21	0	0	0	0	0	0	0
LK-1330035	Yattovita	Yattovita	GND	1765	0	20	0	0	0	0	0	0
LK-1330040	Mathugama West	Mathugama West	GND	2171	23	0	0	0	0	0	0	0
LK-1330045	Mathugama North	Mathugama North	GND	2278	40	0	0	0	0	0	0	0
LK-1330050	Gurudola	Gurudola	GND	447	11	0	0	0	0	0	0	0
LK-1330055	Wettewa	Wettewa	GND	2311	29	0	0	0	0	0	0	0
LK-1330060	Mathugama East	Mathugama East	GND	2289	130	0	0	0	0	0	0	0
LK-1330065	Mathugama South	Mathugama South	GND	2105	117	0	0	0	0	0	0	0
LK-1330070	Naravila	Naravila	GND	2177	19	0	0	0	0	0	0	0
LK-1330075	Bopitiya West	Bopitiya West	GND	1412	39	0	0	0	0	0	0	0
LK-1330080	Diyagala	Diyagala	GND	988	0	0	0	0	0	0	0	0
LK-1330085	Thambaretiya	Thambaretiya	GND	1399	0	0	0	0	0	0	0	0
LK-1330090	Yatadolawatta East	Yatadolawatta East	GND	2691	558	28	0	0	0	0	0	0
LK-1330095	Yatadolawatta West	Yatadolawatta West	GND	2147	609	20	0	0	0	0	0	0
LK-1330100	Aluthgamgoda	Aluthgamgoda	GND	1268	406	0	0	0	0	0	0	0
LK-1330105	Navuttuduwa	Navuttuduwa	GND	1598	11	0	0	0	0	0	0	0
LK-1330110	Keeranthidiya	Keeranthidiya	GND	1671	493	0	0	0	0	0	0	0
LK-1330115	Pussalamulla	Pussalamulla	GND	1930	0	0	0	0	0	0	0	0
LK-1330120	Kolehekada	Kolehekada	GND	1184	505	0	0	0	0	0	0	0
LK-1330125	Kotagedara	Kotagedara	GND	1184	258	0	0	0	0	0	0	0
LK-1330130	Henegama	Henegama	GND	1381	426	11	138	0	0	0	0	0
LK-1330135	Badugama	Badugama	GND	2339	121	0	16	0	0	0	0	0
LK-1330140	Ovitigala	Ovitigala	GND	2366	0	0	0	0	0	0	0	0
LK-1330145	Sandasirigama	Sandasirigama	GND	1679	0	0	0	0	0	0	0	0
LK-1330150	Badugama New Colony	Badugama New Colony	GND	829	542	0	0	0	0	0	0	0
LK-1330155	Horawala East	Horawala East	GND	858	0	0	0	0	0	0	0	0
LK-1330160	Horawala North	Horawala North	GND	943	64	0	0	0	0	0	0	0
LK-1330165	Horawala	Horawala	GND	1054	0	0	0	0	0	0	0	0
LK-1330170	Horawala West	Horawala West	GND	1792	77	0	0	0	0	0	0	0
LK-1330175	Welipenna East - South	Welipenna East South	GND	0	44	28	867	0	0	0	0	0
LK-1330180	Welipenna West	Welipenna West	GND	2288	625	15	503	14	0	0	0	0
LK-1330185	Welipenna East - North	Welipenna East-North	GND	28	248	42	1880	0	0	0	0	0
LK-1330190	Dippita	Dippita	GND	1074	0	0	0	0	0	0	0	0
LK-1330195	Lewwanduwa North	Lewwanduwa North	GND	552	0	0	0	0	0	0	0	0
LK-1330200	Henpita	Henpita	GND	730	0	0	0	0	0	0	0	0
LK-1330205	Galmatta	Galmatta	GND	723	106	68	0	0	0	0	0	0
LK-1330210	Walagedara North	Walagedara North	GND	1165	12	0	0	0	0	0	0	0
LK-1330215	Warakatholla	Warakatholla	GND	1528	25	0	0	0	0	0	0	0
LK-1330220	Nugagahalanda	Nugagahalanda	GND	794	10	0	0	0	0	0	0	0
LK-1330225	Keppetiyagahalanda	Keppetiyagahalanda	GND	1136	0	0	0	0	0	0	0	0
LK-1330230	Bondupitiya	Bondupitiya	GND	420	0	0	0	0	0	0	0	0
LK-1330235	Andawala	Andawala	GND	1071	0	0	0	0	0	0	0	0
LK-1330240	Thalgasgoda	Thalgasgoda	GND	2888	22	0	0	0	0	0	0	0
LK-1330245	Indigasthuduwa	Indigasthuduwa	GND	509	15	0	0	0	0	0	0	0
LK-1330250	Ladduwa	Ladduwa	GND	582	0	0	0	0	0	0	0	0
LK-1330255	Meegama	Meegama	GND	957	0	0	0	0	0	0	0	0
LK-1330260	Dewagoda	Dewagoda	GND	1115	0	0	0	0	0	0	0	0
LK-1330265	Walagedara South	Walagedara South	GND	1311	0	0	0	0	0	0	0	0
LK-1330270	Kurudippita	Kurudippita	GND	698	0	0	0	0	0	0	0	0
LK-1330275	Lewwanduwa West	Lewwanduwa West	GND	1028	89	0	0	0	0	0	0	0
LK-1330280	Lewwanduwa East	Lewwanduwa East	GND	756	13	0	0	0	0	0	0	0
LK-1330285	Madawala	Madawala	GND	728	15	0	0	0	0	0	0	0
LK-1333	Agalawatta	Agalawatta	DSD	35609	780	0	71	0	0	0	0	0
LK-1333005	Girikola	Girikola	GND	1342	0	0	71	0	0	0	0	0
LK-1333010	Pimbura	Pimbura	GND	1480	13	0	0	0	0	0	0	0
LK-1333015	Omatta	Omatta	GND	812	0	0	0	0	0	0	0	0
LK-1333020	Omatta East	Omatta East	GND	472	0	0	0	0	0	0	0	0
LK-1333025	Evariwatta	Evariwatta	GND	855	0	0	0	0	0	0	0	0
LK-1333030	Kekulandala South	Kekulandala South	GND	1419	235	0	0	0	0	0	0	0
LK-1333035	Halovita	Halovita	GND	800	0	0	0	0	0	0	0	0
LK-1333040	Udawela	Udawela	GND	1332	53	0	0	0	0	0	0	0
LK-1333045	Helamba	Helamba	GND	1486	40	0	0	0	0	0	0	0
LK-1333050	Yatiyana West	Yatiyana West	GND	2064	25	0	0	0	0	0	0	0
LK-1333055	Gorokgoda	Gorokgoda	GND	1935	0	0	0	0	0	0	0	0
LK-1333060	Beragama	Beragama	GND	879	0	0	0	0	0	0	0	0
LK-1333065	Agalawatta	Agalawatta	GND	772	0	0	0	0	0	0	0	0
LK-1333070	Kekulandala North	Kekulandala North	GND	1370	44	0	0	0	0	0	0	0
LK-1333075	Dapiligoda	Dapiligoda	GND	1390	0	0	0	0	0	0	0	0
LK-1333080	Wandurabba	Wandurabba	GND	1569	0	0	0	0	0	0	0	0
LK-1333085	Yatiyana East	Yatiyana East	GND	1608	0	0	0	0	0	0	0	0
LK-1333090	Pinnagoda	Pinnagoda	GND	1190	0	0	0	0	0	0	0	0
LK-1333095	Bodhiyakanda	Bodhiyakanda	GND	338	0	0	0	0	0	0	0	0
LK-1333100	Mulatiyana	Mulatiyana	GND	523	0	0	0	0	0	0	0	0
LK-1333105	Ridirekhagama	Ridirekhagama	GND	560	279	0	0	0	0	0	0	0
LK-1333110	Kithulgoda	Kithulgoda	GND	1608	0	0	0	0	0	0	0	0
LK-1333115	Kithulgoda South	Kithulgoda South	GND	687	29	0	0	0	0	0	0	0
LK-1333120	Kuda Kalupahana	Kuda Kalupahana	GND	570	0	0	0	0	0	0	0	0
LK-1333125	Kalupahana	Kalupahana	GND	955	0	0	0	0	0	0	0	0
LK-1333130	Kevitiyagala North	Kevitiyagala North	GND	682	0	0	0	0	0	0	0	0
LK-1333135	Diyapattugama	Diyapattugama	GND	1126	0	0	0	0	0	0	0	0
LK-1333140	Kurupita	Kurupita	GND	659	0	0	0	0	0	0	0	0
LK-1333145	Harankahapatha	Harankahapatha	GND	729	0	0	0	0	0	0	0	0
LK-1333150	Kevitiyagala	Kevitiyagala	GND	938	18	0	0	0	0	0	0	0
LK-1333155	Polgampala	Polgampala	GND	820	34	0	0	0	0	0	0	0
LK-1333160	Polgampala East	Polgampala East	GND	728	0	0	0	0	0	0	0	0
LK-1333165	Rathmale East	Rathmale East	GND	1220	0	0	0	0	0	0	0	0
LK-1333170	Rathmale	Rathmale	GND	691	10	0	0	0	0	0	0	0
LK-1336	Palindanuwara	Palindanuwara	DSD	46704	3438	278	622	11	0	0	0	0
LK-1336005	Kosgulana	Kosgulana	GND	550	0	0	0	0	0	0	0	0
LK-1336010	Kelinkanda	Kelinkanda	GND	916	0	0	0	0	0	0	0	0
LK-1336015	Kelinkanda Colony	Kelinkanda Colony	GND	808	37	0	0	0	0	0	0	0
LK-1336020	Walakada	Walakada	GND	801	12	0	0	0	0	0	0	0
LK-1336025	Kapugedara	Kapugedara	GND	1032	0	0	0	0	0	0	0	0
LK-1336030	Galahitiya	Galahitiya	GND	1382	586	24	0	0	0	0	0	0
LK-1336035	Ilukpatha	Ilukpatha	GND	1212	97	0	0	0	0	0	0	0
LK-1336040	Pelenda West	Pelenda West	GND	1703	252	160	13	0	0	0	0	0
LK-1336045	Pelenda	Pelenda	GND	1381	45	0	609	11	0	0	0	0
LK-1336050	Bampara	Bampara	GND	480	10	0	0	0	0	0	0	0
LK-1336055	Ambegoda	Ambegoda	GND	927	30	21	0	0	0	0	0	0
LK-1336060	Morapitiya North	Morapitiya North	GND	1385	29	0	0	0	0	0	0	0
LK-1336065	Morapitiya	Morapitiya	GND	1123	0	0	0	0	0	0	0	0
LK-1336070	Midalana West	Midalana West	GND	748	0	0	0	0	0	0	0	0
LK-1336075	Maragahadeniya	Maragahadeniya	GND	1357	876	0	0	0	0	0	0	0
LK-1336080	Lathpandura East	Lathpandura East	GND	943	535	0	0	0	0	0	0	0
LK-1336085	Bellana East	Bellana East	GND	902	306	0	0	0	0	0	0	0
LK-1336090	Viharagama	Viharagama	GND	1149	11	0	0	0	0	0	0	0
LK-1336095	Kapugama	Kapugama	GND	444	0	0	0	0	0	0	0	0
LK-1336100	Bellana	Bellana	GND	1338	0	0	0	0	0	0	0	0
LK-1336105	Yakupitiya	Yakupitiya	GND	937	0	0	0	0	0	0	0	0
LK-1336110	Lathpandura	Lathpandura	GND	1483	15	0	0	0	0	0	0	0
LK-1336115	Kamburawala	Kamburawala	GND	2079	0	0	0	0	0	0	0	0
LK-1336120	Baduraliya	Baduraliya	GND	2253	30	0	0	0	0	0	0	0
LK-1336125	Diggoda	Diggoda	GND	1331	25	0	0	0	0	0	0	0
LK-1336130	Midalana	Midalana	GND	1438	0	0	0	0	0	0	0	0
LK-1336135	Morapitiya South	Morapitiya South	GND	648	0	0	0	0	0	0	0	0
LK-1336140	Athwelthota	Athwelthota	GND	1070	52	0	0	0	0	0	0	0
LK-1336145	Diganna	Diganna	GND	784	15	0	0	0	0	0	0	0
LK-1336150	Batahena	Batahena	GND	851	131	0	0	0	0	0	0	0
LK-1336155	Hedigalla	Hedigalla	GND	1730	67	0	0	0	0	0	0	0
LK-1336160	Magura East	Magura East	GND	654	14	36	0	0	0	0	0	0
LK-1336165	Magura West	Magura West	GND	1055	13	0	0	0	0	0	0	0
LK-1336170	Addaragoda	Addaragoda	GND	612	75	0	0	0	0	0	0	0
LK-1336175	Penigala	Penigala	GND	527	22	0	0	0	0	0	0	0
LK-1336180	Kalugala	Kalugala	GND	1236	36	37	0	0	0	0	0	0
LK-1336185	Athale	Athale	GND	655	0	0	0	0	0	0	0	0
LK-1336190	Ingurudaluwa	Ingurudaluwa	GND	1073	17	0	0	0	0	0	0	0
LK-1336195	Bollunna	Bollunna	GND	899	0	0	0	0	0	0	0	0
LK-1336200	Kalukandawa	Kalukandawa	GND	85	0	0	0	0	0	0	0	0
LK-1336205	Batagodavila	Batagodavila	GND	1369	27	0	0	0	0	0	0	0
LK-1336210	Boralugoda	Boralugoda	GND	344	0	0	0	0	0	0	0	0
LK-1336215	Thiniyawala	Thiniyawala	GND	3010	73	0	0	0	0	0	0	0
LK-1339	Walallawita	Walallavita	DSD	53522	779	859	12	0	0	0	0	0
LK-1339005	Pannila South	Pannila South	GND	848	144	28	0	0	0	0	0	0
LK-1339010	Pannila East	Pannila East	GND	1001	11	181	0	0	0	0	0	0
LK-1339015	Uragoda West	Uragoda West	GND	482	0	0	0	0	0	0	0	0
LK-1339020	Uragoda East	Uragoda East	GND	402	0	0	0	0	0	0	0	0
LK-1339025	Lihiniyawa West	Lihiniyawa West	GND	940	43	0	0	0	0	0	0	0
LK-1339030	Lihiniyawa East	Lihiniyawa East	GND	1232	54	0	0	0	0	0	0	0
LK-1339035	Moragala	Moragala	GND	1512	19	0	0	0	0	0	0	0
LK-1339040	Meegahathenna	Meegahathenna	GND	1746	34	0	0	0	0	0	0	0
LK-1339045	Mallawachchigoda Gangabada	Mallawachchigoda Gangabada	GND	1028	24	0	0	0	0	0	0	0
LK-1339050	Bothalawa	Bothalawa	GND	831	0	0	0	0	0	0	0	0
LK-1339055	Kumbadoowa	Kumbadoowa	GND	1447	21	0	0	0	0	0	0	0
LK-1339060	Maddegama	Maddegama	GND	1165	0	0	0	0	0	0	0	0
LK-1339065	Bogodakanda	Bogodakanda	GND	874	39	0	0	0	0	0	0	0
LK-1339070	Halwalakele Malwathukanda	Halwalakele Malwathukanda	GND	416	146	0	12	0	0	0	0	0
LK-1339075	Uthumgama	Uthumgama	GND	751	0	0	0	0	0	0	0	0
LK-1339080	Kuda Mathugama	Kuda Mathugama	GND	690	0	0	0	0	0	0	0	0
LK-1339085	Pareigama North	Pareigama North	GND	824	0	0	0	0	0	0	0	0
LK-1339090	Halwala	Halwala	GND	956	0	0	0	0	0	0	0	0
LK-1339095	Pannila	Pannila	GND	915	0	0	0	0	0	0	0	0
LK-1339100	Miriswatta	Miriswatta	GND	481	22	650	0	0	0	0	0	0
LK-1339105	Ittapana North	Ittapana North	GND	899	0	0	0	0	0	0	0	0
LK-1339110	Malambehena	Malambehena	GND	1022	0	0	0	0	0	0	0	0
LK-1339115	Ittapana West	Ittapana West	GND	646	0	0	0	0	0	0	0	0
LK-1339120	Ittapana South	Ittapana South	GND	613	0	0	0	0	0	0	0	0
LK-1339125	Ittapana East	Ittapana East	GND	824	0	0	0	0	0	0	0	0
LK-1339130	Loolbadduwa	Loolbadduwa	GND	1364	0	0	0	0	0	0	0	0
LK-1339135	Pareigama South	Pareigama South	GND	814	0	0	0	0	0	0	0	0
LK-1339140	Gulavita North	Gulavita North	GND	577	0	0	0	0	0	0	0	0
LK-1339145	Wedawatta	Wedawatta	GND	926	0	0	0	0	0	0	0	0
LK-1339150	Katukele Welmeegoda	Katukele Welmeegoda	GND	1299	23	0	0	0	0	0	0	0
LK-1339155	Ranepuragoda	Ranepuragoda	GND	736	0	0	0	0	0	0	0	0
LK-1339160	Mandagala	Mandagala	GND	856	0	0	0	0	0	0	0	0
LK-1339165	Yattapatha	Yattapatha	GND	1329	20	0	0	0	0	0	0	0
LK-1339170	Pahala Hewessa North	Pahala Hewessa North	GND	1025	0	0	0	0	0	0	0	0
LK-1339175	Pahala Hewessa South	Pahala Hewessa South	GND	813	12	0	0	0	0	0	0	0
LK-1339180	Pelawatta East	Pelawatta East	GND	809	0	0	0	0	0	0	0	0
LK-1339185	Pelawatta	Pelawatta	GND	1014	22	0	0	0	0	0	0	0
LK-1339190	Pelawatta West North	Pelawatta West North	GND	1382	0	0	0	0	0	0	0	0
LK-1339195	Makalandawa	Makalandawa	GND	694	0	0	0	0	0	0	0	0
LK-1339200	Makalandawa South	Makalandawa South	GND	613	0	0	0	0	0	0	0	0
LK-1339205	Gulavita South	Gulavita South	GND	698	0	0	0	0	0	0	0	0
LK-1339210	Udugama	Udugama	GND	550	0	0	0	0	0	0	0	0
LK-1339215	Karapagala	Karapagala	GND	929	0	0	0	0	0	0	0	0
LK-1339220	Gammana East	Gammana East	GND	499	0	0	0	0	0	0	0	0
LK-1339225	Gammana West	Gammana West	GND	920	0	0	0	0	0	0	0	0
LK-1339230	Gorakadoowa	Gorakadoowa	GND	894	0	0	0	0	0	0	0	0
LK-1339235	Yagirala	Yagirala	GND	936	0	0	0	0	0	0	0	0
LK-1339240	Katudora	Katudora	GND	708	0	0	0	0	0	0	0	0
LK-1339245	Magurumasvila	Magurumasvila	GND	677	0	0	0	0	0	0	0	0
LK-1339250	Walallavita East	Walallavita East	GND	638	0	0	0	0	0	0	0	0
LK-1339255	Pelawatta West South	Pelawatta West South	GND	1419	0	0	0	0	0	0	0	0
LK-1339260	Gorakadoowa	Gorakadoowa	GND	1725	0	0	0	0	0	0	0	0
LK-1339265	Miriswatta	Miriswatta	GND	866	0	0	0	0	0	0	0	0
LK-1339270	Thundola	Thundola	GND	932	126	0	0	0	0	0	0	0
LK-1339275	Weerakanda	Weerakanda	GND	390	0	0	0	0	0	0	0	0
LK-1339280	Gulanawatta	Gulanawatta	GND	1113	0	0	0	0	0	0	0	0
LK-1339285	Kankotawatta	Kankotawatta	GND	875	0	0	0	0	0	0	0	0
LK-1339290	Ihala Hewessa	Ihala Hewessa	GND	702	19	0	0	0	0	0	0	0
LK-1339295	Walallavita South	Walallavita South	GND	504	0	0	0	0	0	0	0	0
LK-1339300	Thotaha	Thotaha	GND	751	0	0	0	0	0	0	0	0
LK-21	Kandy	Kandy	DISTRICT	1077219	121452	37373	219175	1124	637	0	0	0
LK-2103	Tumpane	Thumpane	DSD	35415	184	37	2935	10	16	0	0	0
LK-2103005	Meegahahena South	Meegahahena South	GND	607	0	0	134	0	0	0	0	0
LK-2103010	Meegahahena	Meegahahena	GND	501	0	0	0	0	0	0	0	0
LK-2103015	Galabawa	Galabawa	GND	554	0	0	0	0	0	0	0	0
LK-2103020	Kobbegala	Kobbegala	GND	360	0	0	0	0	0	0	0	0
LK-2103025	Ambagahahena	Ambagahahena	GND	450	0	0	0	0	0	0	0	0
LK-2103030	Rokhill	Rokhill	GND	591	0	0	12	0	0	0	0	0
LK-2103035	Akkarawatta	Akkarawatta	GND	256	0	0	0	0	0	0	0	0
LK-2103040	Bonakot	Bonakot	GND	41	35	0	430	10	0	0	0	0
LK-2103045	Haddapitiya	Haddapitiya	GND	761	0	0	0	0	0	0	0	0
LK-2103050	Delgasyaya	Delgasyaya	GND	338	0	0	0	0	0	0	0	0
LK-2103055	Gallenawatta	Gallenawatta	GND	421	0	0	0	0	0	0	0	0
LK-2103060	Kandanhena East	Kandanhena East	GND	634	0	0	0	0	0	0	0	0
LK-2103065	Namaltenna	Namaltenna	GND	794	0	0	0	0	0	0	0	0
LK-2103070	Alawattegama	Alawattegama	GND	300	0	0	0	0	0	0	0	0
LK-2103075	Kumburegama	Kumburegama	GND	732	0	0	0	0	0	0	0	0
LK-2103080	Ban Anga	Ban Anga	GND	474	0	0	0	0	0	0	0	0
LK-2103085	Ethamulla	Ethamulla	GND	733	0	0	0	0	0	0	0	0
LK-2103090	Palukopi Watta	Palukopi Watta	GND	789	0	0	0	0	0	0	0	0
LK-2103095	Damunugasthenna	Damunugasthenna	GND	620	55	0	0	0	0	0	0	0
LK-2103100	Galagedara West	Galagedara West	GND	864	0	0	170	0	0	0	0	0
LK-2103105	Udapitiya	Udapitiya	GND	310	0	0	0	0	0	0	0	0
LK-2103110	Galagedara Madige South	Galagedara Madige South	GND	21	15	0	1257	0	0	0	0	0
LK-2103115	Galagedara	Galagedara	GND	646	0	0	127	0	0	0	0	0
LK-2103120	Galagedara Madige	Galagedara Madige	GND	39	0	0	694	0	0	0	0	0
LK-2103125	Pethigewela	Pethigewela	GND	437	0	0	0	0	0	0	0	0
LK-2103130	Udalagama	Udalagama	GND	442	0	0	111	0	0	0	0	0
LK-2103135	Gunadaha	Gunadaha	GND	1071	21	25	0	0	0	0	0	0
LK-2103140	Medagoda Pahala	Medagoda Pahala	GND	509	0	0	0	0	0	0	0	0
LK-2103145	Opalla	Opalla	GND	283	0	0	0	0	0	0	0	0
LK-2103150	Gangodapitiya	Gangodapitiya	GND	446	0	0	0	0	0	0	0	0
LK-2103155	Pubbiliya	Pubbiliya	GND	364	0	0	0	0	0	0	0	0
LK-2103160	Kannadeniya	Kannadeniya	GND	560	0	0	0	0	0	0	0	0
LK-2103165	Barandara	Barandara	GND	692	0	0	0	0	0	0	0	0
LK-2103170	Kaluwana	Kaluwana	GND	645	0	0	0	0	0	0	0	0
LK-2103175	Kinigama West	Kinigama West	GND	548	0	0	0	0	0	0	0	0
LK-2103180	Kinigama East	Kinigama East	GND	592	0	0	0	0	0	0	0	0
LK-2103185	Ponnila	Pottila	GND	472	0	0	0	0	0	0	0	0
LK-2103190	Uduwa	Uduwa	GND	717	0	0	0	0	0	0	0	0
LK-2103195	Medagoda Ihala	Medagoda Ihala	GND	582	42	0	0	0	0	0	0	0
LK-2103200	Naranwala	Naranwala	GND	877	0	0	0	0	0	0	0	0
LK-2103205	Hikgodawalpola	Hithgodawalpola	GND	648	0	12	0	0	0	0	0	0
LK-2103210	Paranagama	Paranagama	GND	741	0	0	0	0	0	0	0	0
LK-2103215	Wettewa	Wettewa	GND	381	0	0	0	0	0	0	0	0
LK-2103220	Pavulpawa	Pavulpawa	GND	437	16	0	0	0	0	0	0	0
LK-2103225	Kirindiwelpola	Kirindiwelpola	GND	407	0	0	0	0	0	0	0	0
LK-2103230	Kuragama North	Kuragama North	GND	512	0	0	0	0	0	0	0	0
LK-2103235	Nikathenna	Nikathenna	GND	394	0	0	0	0	0	0	0	0
LK-2103240	Etambegoda	Etambegoda	GND	319	0	0	0	0	0	0	0	0
LK-2103245	Thahalpitiya	Thahalpitiya	GND	321	0	0	0	0	0	0	0	0
LK-2103250	Dehideniya	Dehideniya	GND	594	0	0	0	0	0	0	0	0
LK-2103255	Kandekumbura	Kandekumbura	GND	622	0	0	0	0	0	0	0	0
LK-2103260	Diyapalagoda	Diyapalagoda	GND	466	0	0	0	0	0	0	0	0
LK-2103265	Niyangoda	Niyangoda	GND	851	0	0	0	0	0	0	0	0
LK-2103270	Niyambepola	Niyambepola	GND	704	0	0	0	0	0	0	0	0
LK-2103275	Henegama Palkumbura	Henegama Palkumbura	GND	814	0	0	0	0	0	0	0	0
LK-2103280	Idamegama	Idamegama	GND	943	0	0	0	0	0	0	0	0
LK-2103285	Marawanagoda	Marawanagoda	GND	930	0	0	0	0	0	0	0	0
LK-2103290	Adungama Palkumbura	Adungama Palkumbura	GND	663	0	0	0	0	16	0	0	0
LK-2103295	Kuragama	Kuragama	GND	814	0	0	0	0	0	0	0	0
LK-2103300	Udahenepola	Udahenepola	GND	301	0	0	0	0	0	0	0	0
LK-2103305	Poholiyadda	Poholiyadda	GND	555	0	0	0	0	0	0	0	0
LK-2103310	Hiyadala	Hiyadala	GND	130	0	0	0	0	0	0	0	0
LK-2103315	Pallekotuwa	Pallekotuwa	GND	377	0	0	0	0	0	0	0	0
LK-2103320	Hiyadala Walpola	Hiyadala Walpola	GND	737	0	0	0	0	0	0	0	0
LK-2103325	Minigamuwa	Minigamuwa	GND	375	0	0	0	0	0	0	0	0
LK-2103330	Minigamuwa Ihala	Minigamuwa Ihala	GND	143	0	0	0	0	0	0	0	0
LK-2103335	Thennewela	Thennewela	GND	163	0	0	0	0	0	0	0	0
LK-2106	Poojapitiya	Pujapitiya	DSD	47978	1057	472	10595	28	0	0	0	0
LK-2106005	Egodamulla North	Egodamulla North	GND	718	0	240	0	0	0	0	0	0
LK-2106010	Ihalamulla	Ihalamulla	GND	556	0	0	0	0	0	0	0	0
LK-2106015	Dehiwatta	Dehiwatta	GND	764	13	0	0	0	0	0	0	0
LK-2106020	Egodamulla South	Egodamulla South	GND	896	0	119	0	28	0	0	0	0
LK-2106025	Pahala Kithulgolla	Pahala Kithulgolla	GND	1036	34	0	0	0	0	0	0	0
LK-2106030	Alawatta	Alawatta	GND	703	0	0	33	0	0	0	0	0
LK-2106035	Uda Kithulgolla	Uda Kithulgolla	GND	725	0	0	0	0	0	0	0	0
LK-2106040	Ankumbura South	Ankumbura South	GND	961	16	0	0	0	0	0	0	0
LK-2106045	Ankumbura North	Ankumbura North	GND	955	143	0	0	0	0	0	0	0
LK-2106050	Uggala Janapadaya	Uggala Janapadaya	GND	202	232	95	52	0	0	0	0	0
LK-2106055	Pallegama Pahala	Pallegama Pahala	GND	684	0	0	0	0	0	0	0	0
LK-2106060	Welgala	Welgala	GND	539	0	0	0	0	0	0	0	0
LK-2106065	Ankumbura Udagama	Ankumbura Udagama	GND	705	13	0	12	0	0	0	0	0
LK-2106070	Kovilamuduna	Kovilamuduna	GND	0	66	0	810	0	0	0	0	0
LK-2106075	Galhinna	Galhinna	GND	39	29	0	2044	0	0	0	0	0
LK-2106080	Galkanda	Galkanda	GND	437	0	0	0	0	0	0	0	0
LK-2106085	Palliya Kotuwa	Palliya Kotuwa	GND	0	30	0	1799	0	0	0	0	0
LK-2106090	Batagolladeniya	Batagolladeniya	GND	21	10	18	1882	0	0	0	0	0
LK-2106095	Watagalathenna	Watagalathenna	GND	718	0	0	176	0	0	0	0	0
LK-2106100	Morankanda	Morankanda	GND	530	0	0	0	0	0	0	0	0
LK-2106105	Wewala North	Wewala North	GND	937	12	0	0	0	0	0	0	0
LK-2106110	Udahena	Udahena	GND	431	0	0	0	0	0	0	0	0
LK-2106115	Siyapathgama	Siyapathgama	GND	945	0	0	0	0	0	0	0	0
LK-2106120	Pathirada	Pathirada	GND	376	0	0	0	0	0	0	0	0
LK-2106125	Udahingulwala	Udahingulwala	GND	894	85	0	0	0	0	0	0	0
LK-2106130	Pahala Hingulwala	Pahala Hingulwala	GND	792	0	0	0	0	0	0	0	0
LK-2106135	Rambukewela	Rambukewela	GND	1256	0	0	0	0	0	0	0	0
LK-2106140	Godahena	Godahena	GND	1033	0	0	21	0	0	0	0	0
LK-2106145	Kahatagasthenna	Kahatagasthenna	GND	665	0	0	0	0	0	0	0	0
LK-2106150	Watagoda	Watagoda	GND	896	0	0	0	0	0	0	0	0
LK-2106155	Dolapihilla North	Dolapihilla North	GND	907	0	0	0	0	0	0	0	0
LK-2106160	Dolapihilla South	Dolapihilla South	GND	1104	0	0	0	0	0	0	0	0
LK-2106165	Weligalla	Weligalla	GND	976	0	0	0	0	0	0	0	0
LK-2106170	Wewala	Wewala	GND	1040	0	0	0	0	0	0	0	0
LK-2106175	Bokkawala	Bokkawala	GND	944	0	0	0	0	0	0	0	0
LK-2106180	Harankahawa	Harankahawa	GND	538	0	0	0	0	0	0	0	0
LK-2106185	Henegama	Henegama	GND	598	0	0	0	0	0	0	0	0
LK-2106190	Molagoda	Molagoda	GND	572	0	0	0	0	0	0	0	0
LK-2106195	Waldeniya	Waldeniya	GND	804	13	0	0	0	0	0	0	0
LK-2106200	Medagoda	Medagoda	GND	460	0	0	0	0	0	0	0	0
LK-2106205	Diddeniya	Diddeniya	GND	834	0	0	0	0	0	0	0	0
LK-2106210	Ovissa North	Ovissa North	GND	708	0	0	41	0	0	0	0	0
LK-2106215	Ovissa South	Ovissa South	GND	831	22	0	149	0	0	0	0	0
LK-2106220	Kiralagama	Kiralagama	GND	723	16	0	97	0	0	0	0	0
LK-2106225	Paleepana	Paleepana	GND	1190	0	0	0	0	0	0	0	0
LK-2106230	Dombagammana	Dombagammana	GND	1088	0	0	0	0	0	0	0	0
LK-2106235	Uggahakumbura	Uggahakumbura	GND	534	0	0	0	0	0	0	0	0
LK-2106240	Marathugoda North	Marathugoda North	GND	870	0	0	0	0	0	0	0	0
LK-2106245	Marathugoda South	Marathugoda South	GND	834	0	0	0	0	0	0	0	0
LK-2106250	Ambaruppa	Ambaruppa	GND	564	0	0	0	0	0	0	0	0
LK-2106255	Gallella	Gallella	GND	612	0	0	0	0	0	0	0	0
LK-2106260	Maruddana	Maruddana	GND	717	0	0	0	0	0	0	0	0
LK-2106265	Alagoda	Alagoda	GND	760	0	0	0	0	0	0	0	0
LK-2106270	Madadeniya	Madadeniya	GND	1033	0	0	0	0	0	0	0	0
LK-2106275	Warakadeniya	Warakadeniya	GND	478	0	0	0	0	0	0	0	0
LK-2106280	Batagalla North	Batagalla North	GND	1038	0	0	0	0	0	0	0	0
LK-2106285	Bamunupola	Bamunupola	GND	384	22	0	363	0	0	0	0	0
LK-2106290	Batugoda North	Batugoda North	GND	1052	0	0	0	0	0	0	0	0
LK-2106295	Batagalla South	Batagalla South	GND	516	0	0	0	0	0	0	0	0
LK-2106300	Batugoda South	Batugoda South	GND	681	0	0	0	0	0	0	0	0
LK-2106305	Diwanawatta	Diwanawatta	GND	886	26	0	298	0	0	0	0	0
LK-2106310	Mullegama North	Mullegama North	GND	176	56	0	713	0	0	0	0	0
LK-2106315	Kahawatta North	Kahawatta North	GND	465	65	0	802	0	0	0	0	0
LK-2106320	Kahawatta South	Kahawatta South	GND	700	71	0	763	0	0	0	0	0
LK-2106325	Mullegama South	Mullegama South	GND	1566	83	0	540	0	0	0	0	0
LK-2106330	Kaluwana South	Kaluwana South	GND	771	0	0	0	0	0	0	0	0
LK-2106335	Kaluwana North	Kaluwana North	GND	610	0	0	0	0	0	0	0	0
LK-2109	Akurana	Akurana	DSD	19403	3745	146	47584	0	0	0	0	0
LK-2109005	Rambuke Ela	Rambuke Ela	GND	538	133	34	871	0	0	0	0	0
LK-2109010	Vilana Udagama	Vilana Udagama	GND	1277	277	0	0	0	0	0	0	0
LK-2109015	Vilana Pallegama	Vilana Pallegama	GND	1439	231	0	0	0	0	0	0	0
LK-2109020	Walahena	Walahena	GND	518	36	0	424	0	0	0	0	0
LK-2109025	Alawathugoda	Alawathugoda	GND	2733	1292	0	228	0	0	0	0	0
LK-2109030	Balakaduwa	Balakaduwa	GND	698	288	0	33	0	0	0	0	0
LK-2109035	Mawathupola	Mawathupola	GND	1170	24	40	1022	0	0	0	0	0
LK-2109040	Arambepola	Arambepola	GND	889	31	0	380	0	0	0	0	0
LK-2109045	Delgasgoda	Delgasgoda	GND	1128	563	0	41	0	0	0	0	0
LK-2109050	Dippitiya	Dippitiya	GND	1212	40	0	83	0	0	0	0	0
LK-2109055	Malwanahinna	Malwanahinna	GND	14	52	0	2234	0	0	0	0	0
LK-2109060	Konakalagala	Konakalagala	GND	1121	10	0	122	0	0	0	0	0
LK-2109065	Malgamandeniya	Malgamandeniya	GND	226	274	0	775	0	0	0	0	0
LK-2109070	Rathukoho	Rathukoho	GND	143	14	0	1292	0	0	0	0	0
LK-2109075	Marahela	Marahela	GND	1046	0	0	0	0	0	0	0	0
LK-2109080	Hureegolla	Hureegolla	GND	30	28	19	2428	0	0	0	0	0
LK-2109085	Neerella	Neerella	GND	16	18	0	2411	0	0	0	0	0
LK-2109090	Melchena	Melchena	GND	0	65	0	1633	0	0	0	0	0
LK-2109095	Bulugohothenna	Bulugohothenna	GND	0	17	21	2583	0	0	0	0	0
LK-2109100	Kasawatta	Kasawatta	GND	18	13	0	2702	0	0	0	0	0
LK-2109105	Udaweliketiya	Udaweliketiya	GND	25	12	17	3639	0	0	0	0	0
LK-2109110	Palleweliketiya	Palleweliketiya	GND	0	29	0	2168	0	0	0	0	0
LK-2109115	Dodangolla	Dodangolla	GND	24	0	0	3585	0	0	0	0	0
LK-2109120	Akurana	Akurana	GND	21	10	0	2963	0	0	0	0	0
LK-2109125	Delgasthenna	Delgasthenna	GND	0	39	0	2104	0	0	0	0	0
LK-2109130	Kurugoda	Kurugoda	GND	40	0	0	2311	0	0	0	0	0
LK-2109135	Deegala	Deegala	GND	770	22	0	122	0	0	0	0	0
LK-2109140	Pangollamada	Pangollamada	GND	34	0	0	890	0	0	0	0	0
LK-2109145	Dunuvila North	Dunuvila North	GND	1861	0	0	0	0	0	0	0	0
LK-2109150	Dunuvila South	Dunuvila South	GND	1309	0	0	0	0	0	0	0	0
LK-2109155	Palle Deegala	Palle Deegala	GND	811	0	0	0	0	0	0	0	0
LK-2109160	Thelambugahawatta	Thelambugahawatta	GND	51	139	15	3922	0	0	0	0	0
LK-2109165	Waragashinna	Waragashinna	GND	20	0	0	2418	0	0	0	0	0
LK-2109170	Kurudugahaela	Kurudugahaela	GND	37	69	0	2084	0	0	0	0	0
LK-2109175	Uggala	Uggala	GND	184	19	0	2116	0	0	0	0	0
LK-2112	Pathadumbara	Pathadumbara	DSD	67351	2354	392	22986	23	37	0	0	0
LK-2112005	Yatawara	Yatawara	GND	1448	13	0	0	0	0	0	0	0
LK-2112010	Yatawara Kandagama	Yatawara Kandagama	GND	829	140	185	0	11	0	0	0	0
LK-2112015	Ihala Yatawara	Ihala Yatawara	GND	2056	257	0	0	0	0	0	0	0
LK-2112020	Udurawana	Udurawana	GND	1101	27	0	0	0	0	0	0	0
LK-2112025	Doragamuwa	Doragamuwa	GND	1979	0	0	0	0	0	0	0	0
LK-2112030	Bogahakumbura	Bogahakumbura	GND	1292	0	0	0	0	0	0	0	0
LK-2112035	Deegahawathura	Deegahawathura	GND	1084	0	0	23	0	0	0	0	0
LK-2112040	Mahakumbura	Mahakumbura	GND	1009	0	0	0	0	0	0	0	0
LK-2112045	Mandandawela	Mandandawela	GND	1103	0	0	0	0	0	0	0	0
LK-2112050	Paranagama	Paranagama	GND	809	0	0	0	0	0	0	0	0
LK-2112055	Aluthgama	Aluthgama	GND	1234	0	0	0	0	0	0	0	0
LK-2112060	Walpaladeniya	Walpaladeniya	GND	1350	18	0	0	0	0	0	0	0
LK-2112065	Puwakgahadeniya	Puwakgahadeniya	GND	848	0	0	0	0	0	0	0	0
LK-2112070	Wattegama	Wattegama	GND	1748	455	50	204	0	0	0	0	0
LK-2112075	Wattegama North	Wattegama North	GND	2407	530	120	140	0	0	0	0	0
LK-2112080	Gunembill	Gunembil	GND	758	28	0	0	0	0	0	0	0
LK-2112085	Eriyagasthenna	Eriyagasthenna	GND	1526	23	0	0	0	0	0	0	0
LK-2112090	Pitiyegedara	Pitiyegedara	GND	1207	17	0	20	0	0	0	0	0
LK-2112095	Yatirawana	Yatirawana	GND	2336	54	0	0	0	0	0	0	0
LK-2112100	Meegammana	Meegammana	GND	1899	0	0	0	0	0	0	0	0
LK-2112105	Meegammana West	Meegammana West	GND	1190	0	0	100	0	0	0	0	0
LK-2112110	Galadeniya	Galadeniya	GND	109	27	0	3346	0	0	0	0	0
LK-2112115	Udathalavinna	Udathalavinna	GND	1966	24	0	568	0	0	0	0	0
LK-2112120	Pallethalavinna Ihala	Pallethalavinna Ihala	GND	1267	0	0	0	0	0	0	0	0
LK-2112125	Moonamale	Moonamale	GND	778	0	0	0	0	0	0	0	0
LK-2112130	Kendaliyadda	Kendaliyadda	GND	1381	10	0	0	0	0	0	0	0
LK-2112135	Girakaduwa	Girakaduwa	GND	881	11	0	328	0	0	0	0	0
LK-2112140	Ambathenna	Ambathenna	GND	1698	12	10	0	0	0	0	0	0
LK-2112145	Molagodayawatta	Molagodayawatta	GND	1706	103	0	19	0	0	0	0	0
LK-2112150	Megodagama	Megodagama	GND	913	10	0	0	0	0	0	0	0
LK-2112155	Egodagama	Egodagama	GND	1455	18	0	0	0	0	0	0	0
LK-2112160	Millanga	Millanga	GND	1189	0	0	0	0	0	0	0	0
LK-2112165	Pallethalavinna	Pallethalavinna	GND	1923	0	0	0	0	0	0	0	0
LK-2112170	Udathalavinna Madige	Udathalavinna Madige	GND	386	12	0	3803	0	0	0	0	0
LK-2112175	Meegamawatta	Meegamawatta	GND	2654	11	0	290	0	0	0	0	0
LK-2112180	Madawala Madige	Madawala Madige	GND	74	13	0	4878	0	0	0	0	0
LK-2112185	Madawala	Madawala	GND	1305	17	27	1067	0	0	0	0	0
LK-2112190	Walala	Walala	GND	872	0	0	0	0	0	0	0	0
LK-2112195	Ketakahala	Ketakahala	GND	1169	0	0	0	0	0	0	0	0
LK-2112200	Thalkotuwa	Thalkotuwa	GND	1319	10	0	0	0	0	0	0	0
LK-2112205	Napana	Napana	GND	1403	0	0	0	0	0	0	0	0
LK-2112210	Leemagahadeniya	Leemagahadeniya	GND	1373	19	0	749	0	0	0	0	0
LK-2112215	Pihilladeniya	Pihilladeniya	GND	89	0	0	2249	0	0	0	0	0
LK-2112220	Gunnepana Madige	Gunnepana Madige	GND	151	25	0	2980	0	0	0	0	0
LK-2112225	Polgolla	Polgolla	GND	2025	19	0	28	0	0	0	0	0
LK-2112230	Balanagala	Balanagala	GND	1352	36	0	24	0	13	0	0	0
LK-2112235	Nawayalathenna	Nawayalathenna	GND	1829	118	0	232	0	10	0	0	0
LK-2112240	Kahalla	Kahalla	GND	1874	82	0	521	12	0	0	0	0
LK-2112245	Kalugalawatta	Kalugalawatta	GND	2075	82	0	145	0	14	0	0	0
LK-2112250	Galewatta	Galewatta	GND	831	114	0	923	0	0	0	0	0
LK-2112255	Abasingama	Abasingama	GND	868	19	0	333	0	0	0	0	0
LK-2112260	Hamindagoda	Hamindagoda	GND	1223	0	0	16	0	0	0	0	0
LK-2115	Panvila	Panvila	DSD	9764	8955	5894	954	15	27	0	0	0
LK-2115005	Kelebokka	Kelebokka	GND	121	1810	1931	74	0	0	0	0	0
LK-2115010	Watakele	Watakele	GND	333	141	297	0	0	0	0	0	0
LK-2115015	Mahapathana	Mahapathana	GND	810	1307	20	163	0	0	0	0	0
LK-2115020	Kosgama	Kosgama	GND	581	826	528	249	0	27	0	0	0
LK-2115025	Thawalanthenna	Thawalanthenna	GND	551	1703	600	42	0	0	0	0	0
LK-2115030	Gomaraya	Gomaraya	GND	566	487	0	21	0	0	0	0	0
LK-2115035	Beddegama	Beddegama	GND	729	56	0	0	0	0	0	0	0
LK-2115040	Arattana	Arattana	GND	1157	198	14	141	0	0	0	0	0
LK-2115045	Madulkele	Madulkele	GND	589	999	922	44	0	0	0	0	0
LK-2115050	Hathale	Hathale	GND	343	201	996	16	0	0	0	0	0
LK-2115055	Angammana	Angammana	GND	1200	245	117	0	15	0	0	0	0
LK-2115060	Udugoda	Udugoda	GND	1109	0	0	0	0	0	0	0	0
LK-2115065	Pitawala	Pitawala	GND	757	11	0	0	0	0	0	0	0
LK-2115070	Panvila	Panvila	GND	918	971	469	204	0	0	0	0	0
LK-2118	Ududumbara	Udadumbara	DSD	21126	1013	722	110	0	0	0	0	0
LK-2118005	Meemure	Meemure	GND	317	0	0	0	0	0	0	0	0
LK-2118010	Kumbukgolla	Kumbukgolla	GND	176	69	0	0	0	0	0	0	0
LK-2118015	Kaikawala	Kaikawala	GND	116	0	0	0	0	0	0	0	0
LK-2118020	Pusseela	Pusseela	GND	259	0	0	0	0	0	0	0	0
LK-2118025	Karambaketiya	Karambaketiya	GND	0	51	0	0	0	0	0	0	0
LK-2118030	Geradigala	Gerandigala	GND	341	30	0	0	0	0	0	0	0
LK-2118035	Moonamalpelessa	Moonamalpelessa	GND	346	0	0	0	0	0	0	0	0
LK-2118040	Kalugala	Kalugala	GND	293	0	0	0	0	0	0	0	0
LK-2118045	Udailuka	Udailuka	GND	373	0	0	0	0	0	0	0	0
LK-2118050	Padupola	Padupola	GND	216	0	0	0	0	0	0	0	0
LK-2118055	Udakumbura	Udakumbura	GND	219	0	0	0	0	0	0	0	0
LK-2118060	Kalugaloya	Kalugaloya	GND	456	0	0	0	0	0	0	0	0
LK-2118065	Dumbaragama	Dumbaragama	GND	794	0	0	13	0	0	0	0	0
LK-2118070	Pallewela	Pallewela	GND	491	0	0	0	0	0	0	0	0
LK-2118075	Udawela	Udawela	GND	454	0	0	0	0	0	0	0	0
LK-2118080	Kandegama	Kandegama	GND	283	0	0	0	0	0	0	0	0
LK-2118085	Wadawalakanda	Wadawalakanda	GND	243	0	0	0	0	0	0	0	0
LK-2118090	Kobonilla	Kobonilla	GND	68	0	267	0	0	0	0	0	0
LK-2118095	Pallekanda	Pallekanda	GND	161	0	0	0	0	0	0	0	0
LK-2118100	Hanwella	Hanwella	GND	259	0	0	0	0	0	0	0	0
LK-2118105	Andideniya	Andideniya	GND	474	0	0	0	0	0	0	0	0
LK-2118110	Dambagahapitiya	Dambagahapitiya	GND	372	0	0	0	0	0	0	0	0
LK-2118115	Poppitiya	Poppitiya	GND	287	0	0	0	0	0	0	0	0
LK-2118120	Oyathenna	Oyathenna	GND	484	0	0	0	0	0	0	0	0
LK-2118125	Thalagune	Thalagune	GND	347	0	0	0	0	0	0	0	0
LK-2118130	Gedaramada	Gedaramada	GND	261	0	0	0	0	0	0	0	0
LK-2118135	Kirigankumbura	Kirigankumbura	GND	653	22	0	0	0	0	0	0	0
LK-2118140	Udadumbara	Udadumbara	GND	585	0	0	0	0	0	0	0	0
LK-2118145	Nawanagala	Nawanagala	GND	58	0	345	0	0	0	0	0	0
LK-2118150	Hunnasgiriya	Hunnasgiriya	GND	605	499	110	52	0	0	0	0	0
LK-2118155	Kiripattiya	Kiripattiya	GND	486	0	0	0	0	0	0	0	0
LK-2118160	Halyala	Halyala	GND	350	0	0	0	0	0	0	0	0
LK-2118165	Mendiriya	Mendiriya	GND	307	0	0	0	0	0	0	0	0
LK-2118170	Gangoda	Gangoda	GND	414	0	0	0	0	0	0	0	0
LK-2118175	Udapitawala	Udapitawala	GND	614	24	0	0	0	0	0	0	0
LK-2118180	Mahawala	Mahawala	GND	376	0	0	0	0	0	0	0	0
LK-2118185	Pitawala Udagammedda	Pitawala Udagammedda	GND	230	0	0	0	0	0	0	0	0
LK-2118190	Godakumbura	Godakumbura	GND	238	0	0	0	0	0	0	0	0
LK-2118195	Mediwaka	Mediwaka	GND	397	0	0	45	0	0	0	0	0
LK-2118200	Karandagolla	Karandagolla	GND	180	0	0	0	0	0	0	0	0
LK-2118205	Rambukwella East	Rambukwella East	GND	332	0	0	0	0	0	0	0	0
LK-2118210	Rambukwella West	Rambukwella West	GND	205	0	0	0	0	0	0	0	0
LK-2118215	Denapitiya	Denapitiya	GND	307	50	0	0	0	0	0	0	0
LK-2118220	Nugethenna East	Nugethenna East	GND	259	0	0	0	0	0	0	0	0
LK-2118225	Nugethenna West	Nugethenna West	GND	295	180	0	0	0	0	0	0	0
LK-2118230	Kevulgama	Kevulgama	GND	257	0	0	0	0	0	0	0	0
LK-2118235	Ganegala	Ganegala	GND	217	0	0	0	0	0	0	0	0
LK-2118240	Minuwangamuwa	Minuwangamuwa	GND	416	0	0	0	0	0	0	0	0
LK-2118245	Kalalgamuwa	Kalalgamuwa	GND	481	0	0	0	0	0	0	0	0
LK-2118250	Pitawala	Pitawala	GND	220	0	0	0	0	0	0	0	0
LK-2118255	Dewahandiya East	Dewahandiya East	GND	235	0	0	0	0	0	0	0	0
LK-2118260	Hapukanda East	Hapukanda East	GND	376	0	0	0	0	0	0	0	0
LK-2118265	Hapukanda West	Hapukanda West	GND	166	0	0	0	0	0	0	0	0
LK-2118270	Madugalla Udagammedda	Madugalla Udagammedda	GND	399	0	0	0	0	0	0	0	0
LK-2118275	Madugalla North	Madugalla North	GND	324	0	0	0	0	0	0	0	0
LK-2118280	Madugalla South	Madugalla South	GND	466	0	0	0	0	0	0	0	0
LK-2118285	Pamunethenna	Pamunethenna	GND	120	0	0	0	0	0	0	0	0
LK-2118290	Devinnegama	Devinnegama	GND	542	88	0	0	0	0	0	0	0
LK-2118295	Bambarabedda East	Bambarabedda East	GND	712	0	0	0	0	0	0	0	0
LK-2118300	Bambarabedda West	Bambarabedda West	GND	499	0	0	0	0	0	0	0	0
LK-2118305	Pitigoda	Pitigoda	GND	132	0	0	0	0	0	0	0	0
LK-2118310	Kalawala	Kalawala	GND	283	0	0	0	0	0	0	0	0
LK-2118315	Dewahandiya West	Dewahandiya West	GND	300	0	0	0	0	0	0	0	0
LK-2121	Minipe	Minipe	DSD	55043	0	0	205	0	0	0	0	0
LK-2121005	Galamuduna	Galamuduna	GND	79	0	0	0	0	0	0	0	0
LK-2121010	Dungolla	Dungolla	GND	269	0	0	0	0	0	0	0	0
LK-2121015	Thotillagas Ella	Thotillagas Ella	GND	1797	0	0	0	0	0	0	0	0
LK-2121020	Palugolla	Palugolla	GND	1371	0	0	0	0	0	0	0	0
LK-2121025	Wewere	Wewere	GND	2444	0	0	0	0	0	0	0	0
LK-2121030	Dehemigama	Dehemigama	GND	1576	0	0	52	0	0	0	0	0
LK-2121035	Himbutuwa	Himbutuwa	GND	1235	0	0	0	0	0	0	0	0
LK-2121040	Udattawa North	Udattawa North	GND	1091	0	0	0	0	0	0	0	0
LK-2121045	Pallegaladebokka	Pallegaladebokka	GND	319	0	0	0	0	0	0	0	0
LK-2121050	Udagaladebokka	Udagaladebokka	GND	93	0	0	0	0	0	0	0	0
LK-2121055	Udattawa	Udattawa	GND	1034	0	0	0	0	0	0	0	0
LK-2121060	Dambagahawela	Dambagahawela	GND	1278	0	0	0	0	0	0	0	0
LK-2121065	Kindigoda North	Kindigoda North	GND	1314	0	0	0	0	0	0	0	0
LK-2121070	Udawela	Udawela	GND	1432	0	0	66	0	0	0	0	0
LK-2121075	Kindigoda South	Kindigoda South	GND	1511	0	0	35	0	0	0	0	0
LK-2121080	Ulpathagama	Ulpathagama	GND	928	0	0	10	0	0	0	0	0
LK-2121085	Ambagolla	Ambagolla	GND	790	0	0	0	0	0	0	0	0
LK-2121090	Dambepitiya	Dambepitiya	GND	1391	0	0	0	0	0	0	0	0
LK-2121095	Welgahawadiya	Welgahawadiya	GND	392	0	0	0	0	0	0	0	0
LK-2121100	Mahayaya North	Mahayaya North	GND	1237	0	0	0	0	0	0	0	0
LK-2121105	08 Ela	08 Ela	GND	713	0	0	0	0	0	0	0	0
LK-2121110	Welgala	Welgala	GND	852	0	0	0	0	0	0	0	0
LK-2121115	Mahayaya South	Mahayaya South	GND	1302	0	0	0	0	0	0	0	0
LK-2121120	Thorapitiya	Thorapitiya	GND	935	0	0	0	0	0	0	0	0
LK-2121125	Keenapelessa	Keenapelessa	GND	1501	0	0	0	0	0	0	0	0
LK-2121130	Mahagalaheenna	Mahagalaheenna	GND	819	0	0	0	0	0	0	0	0
LK-2121135	Hasalaka	Hasalaka	GND	1488	0	0	0	0	0	0	0	0
LK-2121140	Pallewatta	Pallewatta	GND	1988	0	0	0	0	0	0	0	0
LK-2121145	Hasalaka Nagaraya	Hasalaka Nagaraya	GND	1510	0	0	0	0	0	0	0	0
LK-2121150	Maha Eswedduma	Maha Eswedduma	GND	1356	0	0	0	0	0	0	0	0
LK-2121155	Rathnella	Rathnella	GND	1259	0	0	30	0	0	0	0	0
LK-2121160	Gurulupotha	Gurulupotha	GND	907	0	0	0	0	0	0	0	0
LK-2121165	Waragolla	Waragolla	GND	1111	0	0	0	0	0	0	0	0
LK-2121170	Weragama	Weragama	GND	1693	0	0	0	0	0	0	0	0
LK-2121175	Bulathwelkandura	Bulathwelkandura	GND	1739	0	0	0	0	0	0	0	0
LK-2121180	Weraganthota	Weraganthota	GND	794	0	0	12	0	0	0	0	0
LK-2121185	Morayaya	Morayaya	GND	1134	0	0	0	0	0	0	0	0
LK-2121190	Lunumadalaketiya	Lunumadalaketiya	GND	1481	0	0	0	0	0	0	0	0
LK-2121195	Diyabubula	Diyabubula	GND	1169	0	0	0	0	0	0	0	0
LK-2121200	Handaganawa	Handaganawa	GND	1764	0	0	0	0	0	0	0	0
LK-2121205	Batumulla	Batumulla	GND	1405	0	0	0	0	0	0	0	0
LK-2121210	Udayagala	Udayagala	GND	806	0	0	0	0	0	0	0	0
LK-2121215	Asamodagamyaya	Asamodagamyaya	GND	768	0	0	0	0	0	0	0	0
LK-2121220	Ambagahapelessa	Ambagahapelessa	GND	986	0	0	0	0	0	0	0	0
LK-2121225	Muttettuthenna	Muttettuthenna	GND	1201	0	0	0	0	0	0	0	0
LK-2121230	Minipe	Minipe	GND	1415	0	0	0	0	0	0	0	0
LK-2121235	Kolonyaya	Kolonyaya	GND	723	0	0	0	0	0	0	0	0
LK-2121240	Bembiya	Bembiya	GND	643	0	0	0	0	0	0	0	0
LK-2124	Medadumbara	Medadumbara	DSD	48059	10527	900	4796	0	0	0	0	0
LK-2124005	Elliyadda	Elliyadda	GND	176	46	0	0	0	0	0	0	0
LK-2124010	Thunisgala	Thunisgala	GND	151	563	0	18	0	0	0	0	0
LK-2124015	Gonawala	Gonawala	GND	34	310	0	0	0	0	0	0	0
LK-2124020	Thangappuwa	Thangappuwa	GND	0	169	0	0	0	0	0	0	0
LK-2124025	Kotaganga	Kotaganga	GND	74	764	0	0	0	0	0	0	0
LK-2124030	Bulathwatta	Bulathwatta	GND	274	0	212	0	0	0	0	0	0
LK-2124035	Galabadawatta	Galabadawatta	GND	332	0	0	0	0	0	0	0	0
LK-2124040	Nagolla	Nagolla	GND	310	0	0	0	0	0	0	0	0
LK-2124045	Galkotuwa	Galkotuwa	GND	291	0	0	0	0	0	0	0	0
LK-2124050	Werapitiya	Werapitiya	GND	563	32	0	0	0	0	0	0	0
LK-2124055	Werathenna	Werathenna	GND	321	0	0	0	0	0	0	0	0
LK-2124060	Randiwela	Randiwela	GND	501	545	14	0	0	0	0	0	0
LK-2124065	Bobebila	Bobebila	GND	576	142	0	0	0	0	0	0	0
LK-2124070	Duckwariya	Duckwariya	GND	38	726	0	10	0	0	0	0	0
LK-2124075	Rangala Aluthwatta	Rangala Aluthwatta	GND	39	409	0	0	0	0	0	0	0
LK-2124080	Ferndail	Ferndail	GND	44	193	0	0	0	0	0	0	0
LK-2124085	Hakmana	Hakmana	GND	393	125	0	0	0	0	0	0	0
LK-2124090	Burnside	Burnside	GND	0	0	130	0	0	0	0	0	0
LK-2124095	Rangala	Rangala	GND	25	433	59	0	0	0	0	0	0
LK-2124100	Weladaramba	Weladaramba	GND	423	0	0	0	0	0	0	0	0
LK-2124105	Makuldeniya	Makuldeniya	GND	342	481	0	0	0	0	0	0	0
LK-2124110	Waradiwela	Waradiwela	GND	289	0	0	0	0	0	0	0	0
LK-2124115	Giddawa-Waradiwela	Giddawa-Waradiwela	GND	368	12	0	0	0	0	0	0	0
LK-2124120	Dunhinna	Dunhinna	GND	1092	32	0	0	0	0	0	0	0
LK-2124125	Maneluwa	Maneluwa	GND	491	0	0	0	0	0	0	0	0
LK-2124130	Giddawa	Giddawa	GND	582	0	0	0	0	0	0	0	0
LK-2124135	Weliketiya	Weliketiya	GND	318	0	0	0	0	0	0	0	0
LK-2124140	Putuhapuwa	Putuhapuwa	GND	584	0	0	0	0	0	0	0	0
LK-2124145	Udabage	Udabage	GND	485	0	0	0	0	0	0	0	0
LK-2124150	Amupitiya	Amupitiya	GND	452	270	0	0	0	0	0	0	0
LK-2124155	Godamunna	Godamunna	GND	563	0	0	0	0	0	0	0	0
LK-2124160	Katugoda	Katugoda	GND	414	0	0	0	0	0	0	0	0
LK-2124165	Heeloya	Heeloya	GND	709	29	0	0	0	0	0	0	0
LK-2124170	Kandekumbura	Kandekumbura	GND	345	62	0	0	0	0	0	0	0
LK-2124175	Retiyagama	Retiyagama	GND	333	11	31	0	0	0	0	0	0
LK-2124180	Poddalgoda	Poddalgoda	GND	467	0	0	27	0	0	0	0	0
LK-2124185	Nilgala	Nilgala	GND	584	0	0	0	0	0	0	0	0
LK-2124190	Madeniyawaka	Madeniyawaka	GND	409	0	0	26	0	0	0	0	0
LK-2124195	Embalagama	Embalagama	GND	466	0	0	0	0	0	0	0	0
LK-2124200	Siridigana	Siridigana	GND	292	0	0	0	0	0	0	0	0
LK-2124205	Nugepathana	Nugepathana	GND	721	0	0	0	0	0	0	0	0
LK-2124210	Watapana	Watapana	GND	697	0	0	0	0	0	0	0	0
LK-2124215	Ambalagala	Ambalagala	GND	401	0	0	0	0	0	0	0	0
LK-2124220	Gangasirigama	Gangasirigama	GND	1094	0	0	0	0	0	0	0	0
LK-2124225	Madapola	Madapola	GND	1265	15	0	0	0	0	0	0	0
LK-2124230	Kandegama	Kandegama	GND	815	48	0	0	0	0	0	0	0
LK-2124235	Randeniya	Randeniya	GND	1023	52	0	0	0	0	0	0	0
LK-2124240	Pallebage	Pallebage	GND	553	31	0	172	0	0	0	0	0
LK-2124245	Gabbela	Gabbela	GND	763	0	0	28	0	0	0	0	0
LK-2124250	Udispattuwa	Udispattuwa	GND	1195	72	29	220	0	0	0	0	0
LK-2124255	Ranmulla	Ranmulla	GND	916	0	0	0	0	0	0	0	0
LK-2124260	Maharawela	Maharawela	GND	825	0	0	15	0	0	0	0	0
LK-2124265	Kurukohogama	Kurukohogama	GND	456	0	0	0	0	0	0	0	0
LK-2124270	Kiribattalawa	Kiribattalawa	GND	406	0	0	0	0	0	0	0	0
LK-2124275	Hathiyalwela	Hathiyalwela	GND	126	921	0	0	0	0	0	0	0
LK-2124280	Mangoda	Mangoda	GND	701	204	0	0	0	0	0	0	0
LK-2124285	Rambukpotha	Rambukpotha	GND	448	356	0	0	0	0	0	0	0
LK-2124290	Namandagala	Namandagala	GND	683	40	0	0	0	0	0	0	0
LK-2124295	Metideniya	Metideniya	GND	527	0	0	0	0	0	0	0	0
LK-2124300	Doraliyadda South	Doraliyadda South	GND	738	0	0	0	0	0	0	0	0
LK-2124305	Wegala	Wegala	GND	688	16	0	0	0	0	0	0	0
LK-2124310	Meegahamaditta	Meegahamaditta	GND	773	0	0	0	0	0	0	0	0
LK-2124315	Rambukwella - East	Rambukwella East	GND	452	24	0	0	0	0	0	0	0
LK-2124320	Rambukwella	Rambukwella	GND	606	0	0	0	0	0	0	0	0
LK-2124325	Udawela	Udawela	GND	642	0	0	0	0	0	0	0	0
LK-2124330	Wellethota	Wellethota	GND	711	0	0	0	0	0	0	0	0
LK-2124335	Vilamuna	Vilamuna	GND	1206	18	0	0	0	0	0	0	0
LK-2124340	Karalliyadda	Karalliyadda	GND	2120	35	15	0	0	0	0	0	0
LK-2124345	Ambagahalanda	Ambagahalanda	GND	54	33	0	1629	0	0	0	0	0
LK-2124350	Hijrapura	Hijrapura	GND	0	142	0	1812	0	0	0	0	0
LK-2124355	Galambalama	Galambalama	GND	353	282	0	509	0	0	0	0	0
LK-2124360	Maberiyathenna	Maberiyathenna	GND	150	564	17	0	0	0	0	0	0
LK-2124365	Ellepola	Ellepola	GND	575	171	0	207	0	0	0	0	0
LK-2124370	Wewegama	Wewegama	GND	458	38	63	0	0	0	0	0	0
LK-2124375	Senarathwela	Senarathwela	GND	505	339	0	0	0	0	0	0	0
LK-2124380	Nithulemada	Nithulemada	GND	1283	987	0	0	0	0	0	0	0
LK-2124385	Udathenna	Udathenna	GND	916	0	0	0	0	0	0	0	0
LK-2124390	Medamahanuwara	Medamahanuwara	GND	838	0	22	13	0	0	0	0	0
LK-2124395	Bomure	Bomure	GND	417	15	0	0	0	0	0	0	0
LK-2124400	Rajagala	Rajagala	GND	92	745	0	0	0	0	0	0	0
LK-2124405	Wathuliyadda	Wathuliyadda	GND	518	10	0	0	0	0	0	0	0
LK-2124410	Moragahamula	Moragahamula	GND	562	15	0	0	0	0	0	0	0
LK-2124415	Mahadoraliyadda	Mahadoraliyadda	GND	705	0	0	0	0	0	0	0	0
LK-2124425	Puwakgahadiwela	Puwakgahadiwela	GND	866	0	0	44	0	0	0	0	0
LK-2124430	Ambale	Ambale	GND	618	0	10	66	0	0	0	0	0
LK-2124435	Meeriyagolla	Meeriyagolla	GND	206	0	223	0	0	0	0	0	0
LK-2124440	Bambaragahadeniya	Bambaragahadeniya	GND	744	0	75	0	0	0	0	0	0
LK-2124445	Meegahalanda	Meegahalanda	GND	688	0	0	0	0	0	0	0	0
LK-2124450	Sandasiri Dunuvila	Sandasiri Dunuvila	GND	459	0	0	0	0	0	0	0	0
LK-2124455	Thennalanda	Thennalanda	GND	537	0	0	0	0	0	0	0	0
LK-2124460	Udagammedda	Udagammedda	GND	279	0	0	0	0	0	0	0	0
LK-2124465	Welapahala	Welapahala	GND	266	0	0	0	0	0	0	0	0
LK-2124470	Meda Gammedda	Meda Gammedda	GND	269	0	0	0	0	0	0	0	0
LK-2127	Kundasale	Kundasale	DSD	117091	15987	2055	8560	169	60	0	0	0
LK-2127005	Dunuhappawa	Dunuhappawa	GND	1165	358	13	45	30	0	0	0	0
LK-2127010	Naranpanawa West	Naranpanawa West	GND	918	0	0	0	0	0	0	0	0
LK-2127015	Kandekumbura	Kandekumbura	GND	650	54	14	0	0	0	0	0	0
LK-2127020	Alawathugirigama	Alawathugirigama	GND	1162	10	133	0	0	0	0	0	0
LK-2127025	Galpihilla	Galpihilla	GND	764	219	15	0	0	0	0	0	0
LK-2127030	Makkanigama	Makkanigama	GND	902	10	0	0	0	0	0	0	0
LK-2127035	Wavinna	Wavinna	GND	1079	13	0	0	0	0	0	0	0
LK-2127040	Pallegama	Pallegama	GND	1028	12	0	0	0	0	0	0	0
LK-2127045	Maharathenna West	Maharathenna West	GND	829	0	0	0	0	0	0	0	0
LK-2127050	Udagama North	Udagama North	GND	1015	0	0	0	0	0	0	0	0
LK-2127055	Ihala Gonagama	Ihala Gonagama	GND	784	0	0	0	0	0	0	0	0
LK-2127060	Delgaslanda	Delgaslanda	GND	1163	0	0	0	0	0	0	0	0
LK-2127065	Lunuketiyamaditta	Lunuketiyamaditta	GND	1112	0	0	0	0	0	0	0	0
LK-2127070	Naranpanawa East	Naranpanawa East	GND	708	0	0	0	0	0	0	0	0
LK-2127075	Kuruambemuduna	Kuruambemuduna	GND	643	0	0	0	0	0	0	0	0
LK-2127080	Maluwegama	Maluwegama	GND	1527	17	0	0	0	0	0	0	0
LK-2127085	Wepathana	Wepathana	GND	957	0	0	0	0	0	0	0	0
LK-2127090	Gonawala North	Gonawala North	GND	1664	471	72	30	0	0	0	0	0
LK-2127095	Deliwalathenna	Deliwalathenna	GND	939	0	0	0	0	0	0	0	0
LK-2127100	Heepitiya	Heepitiya	GND	1793	0	0	0	0	0	0	0	0
LK-2127105	Udagama South	Udagama South	GND	1096	0	0	0	0	0	0	0	0
LK-2127110	Maharathenna East	Maharathenna East	GND	1060	0	0	0	0	0	0	0	0
LK-2127115	Menikhinna	Menikhinna	GND	2749	0	0	70	0	0	0	0	0
LK-2127120	Hurikaduwa North	Hurikaduwa North	GND	1919	0	0	0	0	0	0	0	0
LK-2127125	Hurikaduwa West	Hurikaduwa West	GND	1721	0	0	0	0	0	0	0	0
LK-2127130	Bogaskumbura	Bogaskumbura	GND	1320	0	0	0	0	0	0	0	0
LK-2127135	Pilawala North	Pilawala North	GND	1477	0	0	36	0	0	0	0	0
LK-2127140	Amunugama North	Amunugama North	GND	1446	14	0	13	0	0	0	0	0
LK-2127145	Amunugama South	Amunugama South	GND	1176	14	0	0	0	0	0	0	0
LK-2127150	Udagunnepana South	Udagunnepana South	GND	1044	55	0	19	0	0	0	0	0
LK-2127155	Udagunnepana North	Udagunnepana North	GND	1433	13	0	201	0	0	0	0	0
LK-2127160	Gabadagama South	Gabadagama South	GND	558	0	0	486	0	0	0	0	0
LK-2127165	Gabadagama North	Gabadagama North	GND	1422	0	0	91	0	0	0	0	0
LK-2127170	Pallegunnepana South	Pallegunnepana South	GND	2782	35	0	32	0	0	0	0	0
LK-2127175	Pallegunnepana North	Pallegunnepana North	GND	2089	0	0	0	25	0	0	0	0
LK-2127180	Sirimalwatta West	Sirimalwatta West	GND	1363	18	0	0	0	0	0	0	0
LK-2127185	Sirimalwatta East	Sirimalwatta East	GND	857	0	0	0	0	0	0	0	0
LK-2127190	Sirimalwatta Pallegama	Sirimalwatta Pallegama	GND	1246	0	0	10	0	0	0	0	0
LK-2127195	Lewellagama	Lewellagama	GND	1633	0	0	20	0	0	0	0	0
LK-2127200	Degaldoruwa	Degaldoruwa	GND	1165	0	0	0	0	0	0	0	0
LK-2127205	Deekirimadawala	Deekirimadawala	GND	1382	13	0	90	0	0	0	0	0
LK-2127210	Hapuwala	Hapuwala	GND	1141	0	0	62	0	0	0	0	0
LK-2127215	Galapitaambe	Galapitaambe	GND	1439	30	0	0	0	0	0	0	0
LK-2127220	Hathamuna	Hathamuna	GND	1589	0	0	0	0	0	0	0	0
LK-2127225	Dodamgolla	Dodamgolla	GND	1829	0	0	0	0	0	0	0	0
LK-2127230	Hurikaduwa South	Hurikaduwa South	GND	1165	0	0	0	0	0	0	0	0
LK-2127235	Hurikaduwa East	Hurikaduwa East	GND	1771	57	0	0	0	0	0	0	0
LK-2127240	Hurikaduwa Madige	Hurikaduwa Madige	GND	1099	26	11	0	0	0	0	0	0
LK-2127245	Galamuna	Galamuna	GND	1335	69	0	0	0	0	0	0	0
LK-2127250	Malpana	Malpana	GND	1922	26	12	0	0	0	0	0	0
LK-2127255	Ahaspokuna North	Ahaspokuna North	GND	2054	28	0	0	0	0	0	0	0
LK-2127260	Gonawala South	Gonawala South	GND	995	323	0	455	0	0	0	0	0
LK-2127265	Kumbukkandura South	Kumbukkandura South	GND	0	20	0	1280	0	0	0	0	0
LK-2127270	Kumbukkandura North	Kumbukkandura North	GND	11	61	0	2057	0	0	0	0	0
LK-2127275	Rajawella North	Rajawella North	GND	3146	443	37	392	0	0	0	0	0
LK-2127280	Ahaspokuna South	Ahaspokuna South	GND	2376	74	0	78	0	0	0	0	0
LK-2127285	Ihalawela	Ihalawela	GND	1652	699	58	400	0	0	0	0	0
LK-2127290	Kengalla	Kengalla	GND	3496	618	80	243	36	0	0	0	0
LK-2127295	Nithulethenna	Nithulethenna	GND	1495	10	0	0	0	0	0	0	0
LK-2127300	Dambarawa	Dambarawa	GND	1687	0	0	0	0	0	0	0	0
LK-2127305	Pilawala South	Pilawala South	GND	1130	0	0	20	0	0	0	0	0
LK-2127310	Mahawatta East	Mahawatta East	GND	697	0	0	0	0	0	0	0	0
LK-2127315	Mahawatta North	Mahawatta North	GND	2007	29	10	0	0	0	0	0	0
LK-2127320	Mahawatta West	Mahawatta West	GND	944	30	0	0	0	0	0	0	0
LK-2127325	Mahawatta South	Mahawatta South	GND	1366	10	0	0	0	0	0	0	0
LK-2127330	Arangala North	Arangala North	GND	1006	36	0	0	0	0	0	0	0
LK-2127335	Karattamada	Karattamada	GND	671	0	0	0	0	0	0	0	0
LK-2127340	Arangala South	Arangala South	GND	1092	101	0	0	0	0	0	0	0
LK-2127345	Galmaduwa	Galmaduwa	GND	2498	105	0	0	12	0	0	0	0
LK-2127350	Nattarampotha	Nattarampotha	GND	1884	205	13	23	14	0	0	0	0
LK-2127355	Kundasale North	Kundasale North	GND	5192	681	92	175	10	40	0	0	0
LK-2127360	Kundasale South	Kundasale South	GND	4662	3255	45	93	29	0	0	0	0
LK-2127365	Balagolla West	Balagolla West	GND	1264	434	87	96	13	0	0	0	0
LK-2127370	Balagolla East	Balagolla East	GND	1336	1054	87	935	0	10	0	0	0
LK-2127375	Aswalapitiya	Aswalapitiya	GND	1025	178	0	193	0	0	0	0	0
LK-2127380	Diyabubula	Diyabubula	GND	2621	483	28	259	0	0	0	0	0
LK-2127385	Rajawella South	Rajawella South	GND	1482	52	0	0	0	0	0	0	0
LK-2127390	Aluth Pallekele	Aluth Pallekele	GND	1594	1820	38	390	0	10	0	0	0
LK-2127395	Wijaya Sri Gama	Wijaya Sri Gama	GND	1620	777	117	266	0	0	0	0	0
LK-2127400	Ambakotayawatta	Ambakotayawatta	GND	1058	2927	1093	0	0	0	0	0	0
LK-2130	Gangawata Korale	Kandy Four Gravets & Gangawata Korale	DSD	115488	16807	1670	18068	556	140	0	0	0
LK-2130005	Mavilmada	Mavilmada	GND	2287	138	0	393	11	0	0	0	0
LK-2130010	Siyambalagasthenna	Siyambalagasthenna	GND	800	104	0	1130	17	0	0	0	0
LK-2130015	Pitakanda Gama	Pitakanda Gama	GND	882	82	0	280	0	0	0	0	0
LK-2130020	Senkadagala	Senkadagala	GND	526	98	0	1104	0	0	0	0	0
LK-2130025	Wattaranthenna	Wattaranthenna	GND	1620	113	12	195	14	0	0	0	0
LK-2130030	Nittawela	Nittawela	GND	1640	570	0	1296	0	0	0	0	0
LK-2130035	Watapuluwa	Watapuluwa	GND	1925	43	0	14	0	0	0	0	0
LK-2130040	Mahaweli Uyana	Mahaweli Uyana	GND	928	46	0	25	15	0	0	0	0
LK-2130045	Watapuluwa South	Watapuluwa South	GND	1247	108	0	294	0	10	0	0	0
LK-2130050	Aruppala East	Aruppala East	GND	1130	118	19	245	0	0	0	0	0
LK-2130055	Aruppala West	Aruppala West	GND	2466	99	24	134	0	0	0	0	0
LK-2130060	Watapuluwa West	Watapuluwa West	GND	1786	130	0	113	0	0	0	0	0
LK-2130065	Mahaiyawa	Mahaiyawa	GND	1173	225	19	675	0	0	0	0	0
LK-2130070	Mapanawathura	Mapanawathura	GND	1879	631	48	635	19	0	0	0	0
LK-2130075	Poorna Watta East	Poorna Watta East	GND	913	267	0	541	0	10	0	0	0
LK-2130080	Poorna Watta West	Poorna Watta West	GND	663	2491	118	1016	153	0	0	0	0
LK-2130085	Asgiriya	Asgiriya	GND	1694	47	0	43	10	0	0	0	0
LK-2130090	Bahirawa Kanda	Bahirawa Kanda	GND	2250	165	0	267	25	0	0	0	0
LK-2130095	Nuwara Dodamwala	Nuwara Dodamwala	GND	1571	33	0	19	0	0	0	0	0
LK-2130100	Aniwatta East	Aniwatta East	GND	1243	396	116	173	0	0	0	0	0
LK-2130105	Katukele West	Katukele West	GND	480	141	35	381	0	12	0	0	0
LK-2130110	Katukele	Katukele	GND	1023	594	48	439	19	0	0	0	0
LK-2130115	Ihala Katukele	Ihala Katukele	GND	877	269	19	693	0	0	0	0	0
LK-2130120	Mahanuwara	Mahanuwara	GND	657	244	25	283	11	0	0	0	0
LK-2130125	Lewella	Lewella	GND	1837	42	0	43	23	0	0	0	0
LK-2130130	Thalwatta	Thalwatta	GND	1946	28	0	56	0	0	0	0	0
LK-2130135	Boowelikada	Boowelikada	GND	1301	16	0	59	21	16	0	0	0
LK-2130140	Malwatta	Malwatta	GND	1626	105	45	28	0	0	0	0	0
LK-2130145	Bogambara	Bogambara	GND	1137	52	0	39	0	0	0	0	0
LK-2130150	Deiyannewela	Deiyannewela	GND	1109	391	11	442	0	0	0	0	0
LK-2130155	Nagasthenna	Nagasthenna	GND	2482	570	19	523	13	10	0	0	0
LK-2130160	Suduhumpala East	Suduhumpala East	GND	1128	538	11	303	27	10	0	0	0
LK-2130165	Suduhumpala West	Suduhumpala West	GND	1583	157	0	482	34	0	0	0	0
LK-2130170	Welata	Welata	GND	1662	228	0	455	0	0	0	0	0
LK-2130175	Aniwatta West	Aniwatta West	GND	1547	134	0	84	11	0	0	0	0
LK-2130180	Getambe	Gatambe	GND	2503	117	0	81	0	20	0	0	0
LK-2130185	Pahala Eriyagama	Pahala Eriyagama	GND	2200	34	0	48	13	0	0	0	0
LK-2130190	Godagandeniya	Godagandeniya	GND	1211	30	0	49	0	0	0	0	0
LK-2130195	Palle Peradeniya	Palle Peradeniya	GND	4688	639	49	400	0	0	0	0	0
LK-2130200	Uda Bowala	Uda Bowala	GND	2949	198	84	808	0	0	0	0	0
LK-2130205	Bowala	Bowala	GND	3801	129	0	563	20	41	0	0	0
LK-2130210	Mulgampala	Mulgampala	GND	1674	204	0	556	44	11	0	0	0
LK-2130215	Heeressagala	Heeressagala	GND	1804	1625	438	275	0	0	0	0	0
LK-2130220	Hanthana Pedesa	Hanthana Pedesa	GND	931	183	0	28	0	0	0	0	0
LK-2130225	Ampitiya South	Ampitiya South	GND	1465	75	0	15	0	0	0	0	0
LK-2130230	Ampitiya North	Ampitiya North	GND	2586	178	0	34	0	0	0	0	0
LK-2130235	Ampitiya Udagama North	Ampitiya Udagama North	GND	1320	591	36	17	14	0	0	0	0
LK-2130240	Thennakumbura	Thennakumbura	GND	3981	479	19	1698	0	0	0	0	0
LK-2130245	Ampitiya Pallegama	Ampitiya Pallegama	GND	2327	109	0	0	0	0	0	0	0
LK-2130250	Meddegama	Meddegama	GND	1696	42	0	0	0	0	0	0	0
LK-2130255	Ampitiya Udagama South	Ampitiya Udagama South	GND	1699	32	0	0	0	0	0	0	0
LK-2130260	Wewathenna	Wewathenna	GND	2684	112	0	59	0	0	0	0	0
LK-2130265	Ulpathakumbura	Ulpathakumbura	GND	1801	229	0	41	0	0	0	0	0
LK-2130270	Gurudeniya West	Gurudeniya West	GND	1593	55	15	0	0	0	0	0	0
LK-2130275	Gurudeniya East	Gurudeniya East	GND	3095	387	22	51	0	0	0	0	0
LK-2130280	Maligathenna	Maligathenna	GND	2765	337	0	64	0	0	0	0	0
LK-2130285	Gurudeniya Dambawela	Gurudeniya Dambawela	GND	1764	0	0	0	0	0	0	0	0
LK-2130290	Lewla	Lewla	GND	1170	83	0	23	0	0	0	0	0
LK-2130295	Ketawala	Ketawala	GND	1246	39	22	40	0	0	0	0	0
LK-2130300	Bowalawatta	Bowalawatta	GND	2560	113	26	119	0	0	0	0	0
LK-2130305	Ogastawatta	Ogastawatta	GND	3389	334	19	158	0	0	0	0	0
LK-2130310	Uda Peradeniya	Uda Peradeniya	GND	2519	433	0	0	0	0	0	0	0
LK-2130315	Hindagala	Hindagala	GND	2563	419	0	16	42	0	0	0	0
LK-2130320	Mahakanda	Mahakanda	GND	2486	188	371	23	0	0	0	0	0
LK-2133	Harispattuwa	Harispattuwa	DSD	81141	1728	193	10528	60	0	0	0	0
LK-2133005	Amuwathdeniya	Amuwathdeniya	GND	675	0	0	0	0	0	0	0	0
LK-2133010	Doranegama	Doranegama	GND	538	0	0	0	0	0	0	0	0
LK-2133015	Ihagama	Ihagama	GND	869	0	0	0	0	0	0	0	0
LK-2133020	Medawala	Medawala	GND	1574	14	0	0	0	0	0	0	0
LK-2133025	Angoda	Angoda	GND	441	0	0	0	0	0	0	0	0
LK-2133030	Dembaralawa	Dembaralawa	GND	1221	0	0	0	0	0	0	0	0
LK-2133035	Bothota	Bothota	GND	1054	0	0	0	0	0	0	0	0
LK-2133040	Attaragama East	Attaragama East	GND	961	0	0	0	0	0	0	0	0
LK-2133045	Attaragama	Attaragama	GND	940	0	0	0	0	0	0	0	0
LK-2133050	Gonigoda-Palkumbura	Gonigoda-Palkumbura	GND	908	0	0	0	0	0	0	0	0
LK-2133055	Gonigoda	Gonigoda	GND	713	0	0	0	0	0	0	0	0
LK-2133060	Attaragama South	Attaragama South	GND	1042	0	0	0	0	0	0	0	0
LK-2133065	Hapugoda	Hapugoda	GND	1158	0	0	0	0	0	0	0	0
LK-2133070	Udabokalawela	Udabokalawela	GND	1148	0	0	0	0	0	0	0	0
LK-2133075	Rajapihilla	Rajapihilla	GND	1488	19	0	18	0	0	0	0	0
LK-2133080	Ulladupitiya East	Ulladupitiya East	GND	608	0	0	0	0	0	0	0	0
LK-2133085	Ulladupitiya West	Ulladupitiya West	GND	863	0	0	0	0	0	0	0	0
LK-2133090	Arambegama	Arambegama	GND	1325	0	0	0	0	0	0	0	0
LK-2133095	Aladeniya	Aladeniya	GND	1045	0	0	13	0	0	0	0	0
LK-2133100	Hedeniya	Hedeniya	GND	970	0	0	0	0	0	0	0	0
LK-2133105	Rajasinghagama	Rajasinghagama	GND	878	155	0	48	0	0	0	0	0
LK-2133110	Palkumbura	Palkumbura	GND	149	252	0	562	0	0	0	0	0
LK-2133115	Narangoda	Narangoda	GND	619	0	0	0	0	0	0	0	0
LK-2133120	Kurundugolla	Kurundugolla	GND	74	0	0	1393	0	0	0	0	0
LK-2133125	Viguhumpola	Viguhumpola	GND	1381	159	0	125	0	0	0	0	0
LK-2133130	Hiriyalagammana	Hiriyalagammana	GND	1377	0	0	0	0	0	0	0	0
LK-2133135	Thittapajjala	Thittapajjala	GND	1374	0	0	0	0	0	0	0	0
LK-2133140	Thittapajjala North	Thittapajjala North	GND	1064	0	0	0	0	0	0	0	0
LK-2133145	Nugawela	Nugawela	GND	2474	0	0	0	0	0	0	0	0
LK-2133150	Batuambe	Batuambe	GND	904	0	0	0	0	0	0	0	0
LK-2133155	Endaruthenna	Endaruthenna	GND	64	0	0	549	0	0	0	0	0
LK-2133160	Embulpuraya	Embulpuraya	GND	909	0	0	0	0	0	0	0	0
LK-2133165	Uduwawala West	Uduwawala West	GND	1123	0	0	62	0	0	0	0	0
LK-2133170	Uduwawala North	Uduwawala North	GND	1049	30	0	0	0	0	0	0	0
LK-2133175	Pallebokalawela	Pallebokalawela	GND	916	0	0	0	0	0	0	0	0
LK-2133180	Ranawana West	Ranawana West	GND	1562	59	0	10	10	0	0	0	0
LK-2133185	Ranawana East	Ranawana East	GND	1544	58	0	108	0	0	0	0	0
LK-2133190	Uduwawala East	Uduwawala East	GND	1474	17	0	0	0	0	0	0	0
LK-2133195	Senarathgama North	Senarathgama North	GND	942	16	0	157	0	0	0	0	0
LK-2133200	Wathuwala	Wathuwala	GND	806	17	0	249	0	0	0	0	0
LK-2133205	Uyanwatta	Uyanwatta	GND	974	0	0	76	0	0	0	0	0
LK-2133210	Dadahogama	Dadahogama	GND	1024	0	0	0	0	0	0	0	0
LK-2133215	Mapamadulla	Mapamadulla	GND	992	0	0	0	0	0	0	0	0
LK-2133220	Malagammana	Malagammana	GND	375	0	0	0	0	0	0	0	0
LK-2133225	Ruwanpuraya	Ruwanpuraya	GND	1012	0	0	0	0	0	0	0	0
LK-2133230	Kurunduwatta	Kurunduwatta	GND	701	11	0	0	0	0	0	0	0
LK-2133235	Karanduwawala Ihala	Karanduwawala Ihala	GND	610	17	0	109	0	0	0	0	0
LK-2133240	Karanduwawala Pahala	Karanduwawala Pahala	GND	473	0	0	0	0	0	0	0	0
LK-2133245	Owathenna	Owathenna	GND	659	0	0	0	0	0	0	0	0
LK-2133250	Yahalathenna West	Yahalathenna West	GND	406	32	0	122	0	0	0	0	0
LK-2133255	Yahalathenna Kanda	Yahalathenna Kanda	GND	979	55	0	0	0	0	0	0	0
LK-2133260	Kulugammana	Kulugammana	GND	1641	0	0	52	0	0	0	0	0
LK-2133265	Uguressapitiya	Uguressapitiya	GND	59	21	0	1855	0	0	0	0	0
LK-2133270	Senarathgama South	Senarathgama South	GND	1615	53	0	189	0	0	0	0	0
LK-2133275	Kondadeniya	Kondadeniya	GND	1438	0	0	31	0	0	0	0	0
LK-2133280	Etamurungagoda	Etamurungagoda	GND	1151	52	0	55	0	0	0	0	0
LK-2133285	Yatiwawala	Yatiwawala	GND	1144	71	0	517	17	0	0	0	0
LK-2133290	Katugasthota	Katugasthota	GND	446	186	0	498	0	0	0	0	0
LK-2133295	Inigala	Inigala	GND	239	24	11	1990	0	0	0	0	0
LK-2133300	Rathmale	Rathmale	GND	1732	20	17	569	18	0	0	0	0
LK-2133305	Hamangoda North	Hamangoda North	GND	2206	24	0	10	0	0	0	0	0
LK-2133310	Hamangoda South	Hamangoda South	GND	1093	0	0	14	0	0	0	0	0
LK-2133315	Uggalla	Uggalla	GND	28	10	0	888	0	0	0	0	0
LK-2133320	Udadoolwala	Udadoolwala	GND	739	0	0	0	0	0	0	0	0
LK-2133325	Kurundugahamada	Kurundugahamada	GND	373	0	0	0	0	0	0	0	0
LK-2133330	Seewaleekanda	Seewaleekanda	GND	571	0	0	0	0	0	0	0	0
LK-2133335	Mahathenna	Mahathenna	GND	707	0	165	35	0	0	0	0	0
LK-2133340	Bulathgolla	Bulathgolla	GND	751	0	0	0	0	0	0	0	0
LK-2133345	Yatihalagala Udagama	Yatihalagala Udagama	GND	717	0	0	0	0	0	0	0	0
LK-2133350	Pahala Doolwala	Pahala Doolwala	GND	596	0	0	0	0	0	0	0	0
LK-2133355	Udamulla	Udamulla	GND	1090	0	0	0	15	0	0	0	0
LK-2133360	Gohagoda	Gohagoda	GND	1884	41	0	23	0	0	0	0	0
LK-2133365	Wegiriya	Wegiriya	GND	1206	51	0	10	0	0	0	0	0
LK-2133370	Polwatta	Polwatta	GND	1836	184	0	191	0	0	0	0	0
LK-2133375	Madapathagama	Madapathagama	GND	720	19	0	0	0	0	0	0	0
LK-2133380	Banwelgolla	Banwelgolla	GND	895	12	0	0	0	0	0	0	0
LK-2133385	Narangaskumbura	Narangaskumbura	GND	560	0	0	0	0	0	0	0	0
LK-2133390	Pallemulla	Pallemulla	GND	1163	18	0	0	0	0	0	0	0
LK-2133395	Haloluwa Pallegama	Haloluwa Pallegama	GND	804	0	0	0	0	0	0	0	0
LK-2133400	Bogahakanda	Bogahakanda	GND	578	0	0	0	0	0	0	0	0
LK-2133405	Yatihalagala Pallegama	Yatihalagala Pallegama	GND	839	0	0	0	0	0	0	0	0
LK-2133410	Haloluwa	Haloluwa	GND	1930	31	0	0	0	0	0	0	0
LK-2133415	Kumburegedara	Kumburegedara	GND	822	0	0	0	0	0	0	0	0
LK-2133420	Warathenna	Warathenna	GND	1139	0	0	0	0	0	0	0	0
LK-2134	Hatharaliyadda	Hatharaliyadda	DSD	29084	490	0	1481	0	0	0	0	0
LK-2134005	Paragoda	Paragoda	GND	404	0	0	0	0	0	0	0	0
LK-2134010	Aludeniya North	Aludeniya North	GND	536	0	0	0	0	0	0	0	0
LK-2134015	Aludeniya South	Aludeniya South	GND	733	0	0	0	0	0	0	0	0
LK-2134020	Alakolamaditta	Alakolamaditta	GND	555	0	0	0	0	0	0	0	0
LK-2134025	Amboruwa	Amboruwa	GND	684	0	0	0	0	0	0	0	0
LK-2134030	Galdola	Galdola	GND	376	0	0	0	0	0	0	0	0
LK-2134035	Polwatta Ihalagama	Polwatta Ihalagama	GND	827	75	0	0	0	0	0	0	0
LK-2134040	Ilpemada	Ilpemada	GND	927	0	0	0	0	0	0	0	0
LK-2134045	Polwatta	Polwatta	GND	572	0	0	0	0	0	0	0	0
LK-2134050	Dunkumbura	Dunkumbura	GND	537	0	0	0	0	0	0	0	0
LK-2134055	Nikathenna	Nikathenna	GND	460	0	0	0	0	0	0	0	0
LK-2134060	Narangaspitiya	Narangaspitiya	GND	270	71	0	0	0	0	0	0	0
LK-2134065	Godathale	Godathale	GND	566	0	0	0	0	0	0	0	0
LK-2134070	Kalotuwawa	Kalotuwawa	GND	577	75	0	0	0	0	0	0	0
LK-2134075	Dedunupitiya Pahalagama	Dedunupitiya Pahalagama	GND	350	0	0	0	0	0	0	0	0
LK-2134080	Damunupola	Damunupola	GND	716	0	0	0	0	0	0	0	0
LK-2134085	Pallepola	Pallepola	GND	327	0	0	0	0	0	0	0	0
LK-2134090	Welagama	Welagama	GND	452	0	0	0	0	0	0	0	0
LK-2134095	Weligodapola	Weligodapola	GND	1108	14	0	170	0	0	0	0	0
LK-2134100	Hatharaliyadda	Hatharaliyadda	GND	765	0	0	0	0	0	0	0	0
LK-2134105	Kanakkarapola North	Kanakkarapola North	GND	614	0	0	0	0	0	0	0	0
LK-2134110	Mawathagama	Mawathagama	GND	391	0	0	0	0	0	0	0	0
LK-2134115	Imbulethenna	Imbulethenna	GND	316	0	0	0	0	0	0	0	0
LK-2134120	Welivita Ihala North	Welivita Ihala North	GND	554	0	0	0	0	0	0	0	0
LK-2134125	Welivita Ihalagama	Welivita Ihalagama	GND	529	0	0	0	0	0	0	0	0
LK-2134130	Sivurupitiya	Sivurupitiya	GND	363	0	0	0	0	0	0	0	0
LK-2134135	Eramuduliyadda	Eramuduliyadda	GND	529	0	0	0	0	0	0	0	0
LK-2134140	Muruddeniya	Muruddeniya	GND	453	0	0	0	0	0	0	0	0
LK-2134145	Walpalagolla North	Walpalagolla North	GND	375	0	0	0	0	0	0	0	0
LK-2134150	Walpalagolla East	Walpalagolla East	GND	249	191	0	0	0	0	0	0	0
LK-2134155	Walpalagolla South	Walpalagolla South	GND	549	0	0	0	0	0	0	0	0
LK-2134160	Welivita Pahalagama	Welivita Pahalagama	GND	547	0	0	0	0	0	0	0	0
LK-2134165	Handabowa	Handabowa	GND	513	0	0	0	0	0	0	0	0
LK-2134170	Meegasthenna	Meegasthenna	GND	652	0	0	0	0	0	0	0	0
LK-2134175	Kanakkarapola South	Kanakkarapola South	GND	452	0	0	0	0	0	0	0	0
LK-2134180	Avulbodale	Avulbodale	GND	260	0	0	0	0	0	0	0	0
LK-2134185	Lechchimimenila	Lechchimimenila	GND	271	13	0	516	0	0	0	0	0
LK-2134190	Yaggala	Yaggala	GND	295	0	0	37	0	0	0	0	0
LK-2134195	Rangamuwa	Rangamuwa	GND	361	0	0	0	0	0	0	0	0
LK-2134200	Dedunupitiya Ihalagama	Dedunupitiya Ihalagama	GND	387	0	0	0	0	0	0	0	0
LK-2134205	Ambawa	Ambawa	GND	416	0	0	0	0	0	0	0	0
LK-2134210	Dehideniya Madige	Dehideniya Madige	GND	15	20	0	758	0	0	0	0	0
LK-2134215	Pelena Pahalagama	Pelena Pahalagama	GND	592	0	0	0	0	0	0	0	0
LK-2134220	Pelena	Pelena	GND	514	0	0	0	0	0	0	0	0
LK-2134225	Kandemeeya	Kandemeeya	GND	632	0	0	0	0	0	0	0	0
LK-2134230	Alagalla Pahalagama	Alagalla Pahalagama	GND	752	0	0	0	0	0	0	0	0
LK-2134235	Alagalla Ihala	Alagalla Ihala	GND	803	0	0	0	0	0	0	0	0
LK-2134240	Mudagammana	Mudagammana	GND	380	0	0	0	0	0	0	0	0
LK-2134245	Pattapola Ihala	Pattapola Ihala	GND	534	18	0	0	0	0	0	0	0
LK-2134250	Pattapola Pahalagama	Pattapola Pahalagama	GND	582	13	0	0	0	0	0	0	0
LK-2134255	Welivita Pahalagama South	Welivita Pahalagama South	GND	403	0	0	0	0	0	0	0	0
LK-2134260	Andiyathenna	Andiyathenna	GND	472	0	0	0	0	0	0	0	0
LK-2134265	Kolugala	Kolugala	GND	612	0	0	0	0	0	0	0	0
LK-2134270	Kolugala Pahalagama	Kolugala Pahalagama	GND	585	0	0	0	0	0	0	0	0
LK-2134275	Kithuldora	Kithuldora	GND	499	0	0	0	0	0	0	0	0
LK-2134280	Aluthgama Pahala	Aluthgama Pahala	GND	438	0	0	0	0	0	0	0	0
LK-2134285	Aluthgama Ihala	Aluthgama Ihala	GND	453	0	0	0	0	0	0	0	0
LK-2136	Yatinuwara	Yatinuwara	DSD	101638	2352	234	7987	0	0	0	0	0
LK-2136005	Alagalla Watta	Alagalla Watta	GND	456	419	0	0	0	0	0	0	0
LK-2136010	Kirimetiya Watta	Kirimetiya Watta	GND	534	399	142	0	0	0	0	0	0
LK-2136015	Pahala Yatigammana	Pahala Yatigammana	GND	648	0	10	0	0	0	0	0	0
LK-2136020	Yatigammana	Yatigammana	GND	545	0	0	0	0	0	0	0	0
LK-2136025	Thismada	Thismada	GND	523	0	0	0	0	0	0	0	0
LK-2136030	Kotaligoda North	Kotaligoda North	GND	1101	13	0	0	0	0	0	0	0
LK-2136035	Udawela Nadithalawa	Udawela Nadithalawa	GND	721	0	0	0	0	0	0	0	0
LK-2136040	Udawela Pallemaditta	Udawela Pallemaditta	GND	813	0	0	0	0	0	0	0	0
LK-2136045	Wathurakumbura	Wathurakumbura	GND	1242	0	10	0	0	0	0	0	0
LK-2136050	Gurugama	Gurugama	GND	1169	223	0	27	0	0	0	0	0
LK-2136055	Dehianga North	Dehianga North	GND	36	45	0	1534	0	0	0	0	0
LK-2136060	Kobbekaduwa	Kobbekaduwa	GND	1152	41	0	0	0	0	0	0	0
LK-2136065	Ihala Kobbekaduwa	Ihala Kobbekaduwa	GND	885	0	0	71	0	0	0	0	0
LK-2136070	Pelawa Ihalagama	Pelawa Ihalagama	GND	751	0	0	18	0	0	0	0	0
LK-2136075	Yahalathenna	Yahalathenna	GND	81	108	0	1293	0	0	0	0	0
LK-2136080	Pelawa Ihala Meda	Pelawa Ihala Meda	GND	1422	23	12	0	0	0	0	0	0
LK-2136085	Pelawa Pahalagama	Pelawa Pahalagama	GND	1044	0	10	0	0	0	0	0	0
LK-2136090	Gannoruwa West	Gannoruwa West	GND	1504	0	0	0	0	0	0	0	0
LK-2136095	Dehigama East	Dehigama East	GND	1089	21	23	365	0	0	0	0	0
LK-2136100	Dehigama South	Dehigama South	GND	838	0	0	56	0	0	0	0	0
LK-2136105	Dehigama North	Dehigama North	GND	251	27	0	695	0	0	0	0	0
LK-2136110	Dehianga South	Dehianga South	GND	0	47	0	1632	0	0	0	0	0
LK-2136115	Pahala Dodamwala	Pahala Dodamwala	GND	1206	0	0	0	0	0	0	0	0
LK-2136120	Ihala Dodamwala	Ihala Dodamwala	GND	737	0	0	0	0	0	0	0	0
LK-2136125	Udawela Pahalagama	Udawela Pahalagama	GND	1066	0	0	0	0	0	0	0	0
LK-2136130	Munwathugoda	Munwathugoda	GND	365	0	0	521	0	0	0	0	0
LK-2136135	Walgampaya	Walgampaya	GND	1438	0	0	251	0	0	0	0	0
LK-2136140	Bathgoda	Bathgoda	GND	824	0	0	0	0	0	0	0	0
LK-2136145	Doluwa East	Doluwa East	GND	592	20	0	0	0	0	0	0	0
LK-2136150	Doluwa West	Doluwa West	GND	822	0	0	0	0	0	0	0	0
LK-2136155	Kotaligoda South	Kotaligoda South	GND	772	0	0	0	0	0	0	0	0
LK-2136160	Menikdiwela	Menikdiwela	GND	1119	16	0	0	0	0	0	0	0
LK-2136165	Pottepitiya	Pottepitiya	GND	478	20	0	0	0	0	0	0	0
LK-2136170	Ihala Alagalla	Ihala Alagalla	GND	1496	136	0	0	0	0	0	0	0
LK-2136175	Godigamuwa	Godigamuwa	GND	701	0	0	0	0	0	0	0	0
LK-2136180	Motana Dekinda	Motana Dekinda	GND	478	0	0	0	0	0	0	0	0
LK-2136185	Gondeniya	Gondeniya	GND	675	0	0	0	0	0	0	0	0
LK-2136190	Madiligama	Madiligama	GND	483	0	0	0	0	0	0	0	0
LK-2136195	Udarathmeewala	Udarathmeewala	GND	707	0	0	0	0	0	0	0	0
LK-2136200	Pahala Rathmeewala	Pahala Rathmeewala	GND	1007	0	0	0	0	0	0	0	0
LK-2136205	Deldeniya	Deldeniya	GND	1033	0	0	0	0	0	0	0	0
LK-2136210	Walgowwagoda	Walgowwagoda	GND	909	0	0	0	0	0	0	0	0
LK-2136215	Kavudupana	Kavudupana	GND	802	0	0	0	0	0	0	0	0
LK-2136220	Haliyadda	Haliyadda	GND	1344	0	0	0	0	0	0	0	0
LK-2136225	Danthure	Danthure	GND	1977	0	0	0	0	0	0	0	0
LK-2136230	Siyambalagoda	Siyambalagoda	GND	1503	0	0	0	0	0	0	0	0
LK-2136235	Parakatawella	Parakatawella	GND	1377	16	0	0	0	0	0	0	0
LK-2136240	Imbulmalgama	Imbulmalgama	GND	575	0	0	0	0	0	0	0	0
LK-2136245	Diyapalagoda	Diyapalagoda	GND	1110	0	0	91	0	0	0	0	0
LK-2136250	Mangalagama	Mangalagama	GND	1099	0	0	0	0	0	0	0	0
LK-2136255	Karuwalawatta	Karuwalawatta	GND	1192	0	0	0	0	0	0	0	0
LK-2136260	Gannoruwa Central	Gannoruwa Central	GND	1838	12	0	0	0	0	0	0	0
LK-2136265	Dehideniya West	Dehideniya West	GND	935	0	0	0	0	0	0	0	0
LK-2136270	Sooriyagoda	Sooriyagoda	GND	2049	0	0	0	0	0	0	0	0
LK-2136275	Malgammana	Malgammana	GND	862	0	0	0	0	0	0	0	0
LK-2136280	Moladanda	Moladanda	GND	1525	0	0	0	0	0	0	0	0
LK-2136285	Giragama	Giragama	GND	976	0	0	0	0	0	0	0	0
LK-2136290	Arambegama East	Arambegama East	GND	1327	0	0	0	0	0	0	0	0
LK-2136295	Kudaoya	Kudaoya	GND	1052	0	0	0	0	0	0	0	0
LK-2136300	Kurunduwatta	Kurunduwatta	GND	823	0	0	0	0	0	0	0	0
LK-2136305	Kandangama North	Kandangama North	GND	1999	0	0	0	0	0	0	0	0
LK-2136310	Mamudawala	Mamudawala	GND	653	0	0	0	0	0	0	0	0
LK-2136315	Maligathenna	Maligathenna	GND	561	0	0	0	0	0	0	0	0
LK-2136320	Ketakumbura	Ketakumbura	GND	723	0	0	0	0	0	0	0	0
LK-2136325	Amunupura	Amunupura	GND	936	0	0	0	0	0	0	0	0
LK-2136330	Moragolla Mahakanda	Moragolla Mahakanda	GND	428	0	0	0	0	0	0	0	0
LK-2136335	Balana	Balana	GND	656	0	0	0	0	0	0	0	0
LK-2136340	Weralugolla	Weralugolla	GND	881	0	0	0	0	0	0	0	0
LK-2136345	Pahala Mudaliwatta	Pahala Mudaliwatta	GND	727	69	17	0	0	0	0	0	0
LK-2136350	Mudaliwatta	Mudaliwatta	GND	699	62	0	29	0	0	0	0	0
LK-2136355	Panabokka	Panabokka	GND	963	13	0	0	0	0	0	0	0
LK-2136360	Kandangama South	Kandangama South	GND	633	0	0	51	0	0	0	0	0
LK-2136365	Kotabogoda	Kotabogoda	GND	1144	13	0	0	0	0	0	0	0
LK-2136370	Urapola	Urapola	GND	925	11	0	249	0	0	0	0	0
LK-2136375	Arambegama West	Arambegama West	GND	1236	0	10	0	0	0	0	0	0
LK-2136380	Embilmeegama North	Embilmeegama North	GND	1080	12	0	0	0	0	0	0	0
LK-2136385	Ranawana	Ranawana	GND	1055	0	0	0	0	0	0	0	0
LK-2136390	Bulumulla	Bulumulla	GND	1338	15	0	0	0	0	0	0	0
LK-2136395	Pilapitiya	Pilapitiya	GND	3547	0	0	0	0	0	0	0	0
LK-2136400	Kiribathkumbura East	Kiribathkumbura East	GND	1736	17	0	0	0	0	0	0	0
LK-2136405	Dehideniya East	Dehideniya East	GND	1516	0	0	0	0	0	0	0	0
LK-2136410	Kendakaduwa	Kendakaduwa	GND	1834	17	0	0	0	0	0	0	0
LK-2136415	Gannoruwa East	Gannoruwa East	GND	2090	30	0	0	0	0	0	0	0
LK-2136420	Uda Eriyagama East	Uda Eriyagama East	GND	1371	137	0	81	0	0	0	0	0
LK-2136425	Uda Eriyagama West	Uda Eriyagama West	GND	1103	18	0	0	0	0	0	0	0
LK-2136430	Edanduwawa East	Edanduwawa East	GND	1459	12	0	0	0	0	0	0	0
LK-2136435	Edanduwawa West	Edanduwawa West	GND	1734	16	0	0	0	0	0	0	0
LK-2136440	Kiribathkumbura West	Kiribathkumbura West	GND	2386	44	0	18	0	0	0	0	0
LK-2136445	Embilmeegama South	Embilmeegama South	GND	1829	0	0	0	0	0	0	0	0
LK-2136450	Govindala	Govindala	GND	1615	0	0	0	0	0	0	0	0
LK-2136455	Pilimathalawa	Pilimathalawa	GND	1616	27	0	45	0	0	0	0	0
LK-2136460	Ilukwatta	Ilukwatta	GND	2015	10	0	224	0	0	0	0	0
LK-2136465	Madarangoda	Madarangoda	GND	908	10	0	44	0	0	0	0	0
LK-2136470	Kadawathgama	Kadawathgama	GND	1476	196	0	487	0	0	0	0	0
LK-2136475	Kadugannawa Town	Kadugannawa Town	GND	687	37	0	205	0	0	0	0	0
LK-2139	Udunuwara	Udunuwara	DSD	86641	2121	599	31058	60	27	0	0	0
LK-2139005	Gangoda	Gangoda	GND	741	0	0	0	0	0	0	0	0
LK-2139010	Gangoda North	Gangoda North	GND	896	0	0	10	11	0	0	0	0
LK-2139015	Werellamana	Werellamana	GND	775	0	0	0	0	0	0	0	0
LK-2139020	Thalawatta	Thalawatta	GND	668	0	0	10	0	0	0	0	0
LK-2139025	Boyagama	Boyagama	GND	991	0	0	0	0	0	0	0	0
LK-2139030	Gangoda South	Gangoda South	GND	964	0	0	0	0	0	0	0	0
LK-2139035	Gadaladeniya North	Gadaladeniya North	GND	1105	0	0	0	0	0	0	0	0
LK-2139040	Kiriwavula East	Kiriwavula East	GND	1147	0	0	0	0	0	0	0	0
LK-2139045	Kiriwavula West	Kiriwavula West	GND	963	13	0	45	0	0	0	0	0
LK-2139050	Alanduwaka	Alanduwaka	GND	880	14	0	551	0	0	0	0	0
LK-2139055	Pahala Koorukuttala	Pahala Koorukuttala	GND	1077	0	0	410	0	0	0	0	0
LK-2139060	Ihala Koorukuttala	Ihala Koorukuttala	GND	198	13	0	1816	0	0	0	0	0
LK-2139065	Belungala	Belungala	GND	685	120	0	311	11	0	0	0	0
LK-2139070	Lagamuwa	Lagamuwa	GND	675	0	0	145	0	0	0	0	0
LK-2139075	Mathgamuwa	Mathgamuwa	GND	842	0	0	0	0	0	0	0	0
LK-2139080	Urulewatta	Urulewatta	GND	763	0	0	52	0	0	0	0	0
LK-2139085	Warakagoda	Warakagoda	GND	660	0	0	0	0	0	0	0	0
LK-2139090	Hepana	Hepana	GND	643	0	0	0	0	0	0	0	0
LK-2139095	Gadaladeniya South	Gadaladeniya South	GND	597	0	0	0	0	0	0	0	0
LK-2139100	Deliwala	Deliwala	GND	861	0	0	0	0	0	0	0	0
LK-2139105	Pamunuwa West	Pamunuwa West	GND	846	0	0	0	0	0	0	0	0
LK-2139110	Pamunuwa East	Pamunuwa East	GND	681	0	0	0	0	0	0	0	0
LK-2139115	Mampitiya	Mampitiya	GND	1114	22	14	119	0	0	0	0	0
LK-2139120	Rajagiriya	Rajagiriya	GND	828	17	0	12	0	0	0	0	0
LK-2139125	Hendeniya West	Hendeniya West	GND	745	79	0	281	0	0	0	0	0
LK-2139130	Hendeniya East	Hendeniya East	GND	679	13	0	469	0	13	0	0	0
LK-2139135	Penideniya	Penideniya	GND	424	51	0	219	13	0	0	0	0
LK-2139140	Sangabogama	Sangabogama	GND	947	16	0	0	25	0	0	0	0
LK-2139145	Meewathura	Meewathura	GND	1631	101	17	48	0	0	0	0	0
LK-2139150	Angunawala East	Angunawala East	GND	1139	13	0	56	0	0	0	0	0
LK-2139155	Angunawala West	Angunawala West	GND	1026	25	0	22	0	0	0	0	0
LK-2139160	Yalegoda East	Yalegoda East	GND	941	12	0	0	0	0	0	0	0
LK-2139165	Yalegoda West	Yalegoda West	GND	752	0	0	0	0	0	0	0	0
LK-2139170	Alapalawala East	Alapalawala East	GND	789	147	0	0	0	0	0	0	0
LK-2139175	Alapalawala West	Alapalawala west	GND	876	0	0	0	0	0	0	0	0
LK-2139180	Walgama	Walgama	GND	736	0	0	0	0	0	0	0	0
LK-2139185	Rabbegamuwa North	Rabbegamuwa North	GND	767	0	0	0	0	0	0	0	0
LK-2139190	Rabbegamuwa South	Rabbegamuwa South	GND	631	0	0	0	0	0	0	0	0
LK-2139195	Hiddavulla East	Hiddavulla East	GND	776	0	0	0	0	0	0	0	0
LK-2139200	Ganguldeniya	Ganguldeniya	GND	579	0	0	0	0	0	0	0	0
LK-2139205	Wattappola	Wattappola	GND	585	17	0	0	0	0	0	0	0
LK-2139210	Walagedara North	Walagedara North	GND	622	0	0	0	0	0	0	0	0
LK-2139215	Udagama	Udagama	GND	707	0	0	0	0	0	0	0	0
LK-2139220	Aluthkanda	Aluthkanda	GND	1071	0	0	0	0	0	0	0	0
LK-2139225	Sadikkawatta	Sadikkawatta	GND	534	0	0	0	0	0	0	0	0
LK-2139230	Kovilakanda	Kovilakanda	GND	919	78	0	0	0	0	0	0	0
LK-2139235	Walagedara South	Walagedara South	GND	707	0	0	0	0	0	0	0	0
LK-2139240	Nikahetiya	Nikahetiya	GND	664	0	0	0	0	0	0	0	0
LK-2139245	Panabokka	Panabokka	GND	556	0	0	0	0	0	0	0	0
LK-2139250	Hiddavulla West	Hiddavulla West	GND	982	0	0	0	0	0	0	0	0
LK-2139255	Hiyarapitiya	Hiyarapitiya	GND	919	0	0	0	0	0	0	0	0
LK-2139260	Heeyawala	Heeyawala	GND	755	0	0	0	0	0	0	0	0
LK-2139265	Imbuldeniya	Imbuldeniya	GND	677	69	0	0	0	0	0	0	0
LK-2139270	Naranwala	Naranwala	GND	675	0	0	0	0	0	0	0	0
LK-2139275	Handessa	Handessa	GND	803	0	0	0	0	0	0	0	0
LK-2139280	Piligalla West	Piligalla West	GND	748	0	0	0	0	0	0	0	0
LK-2139285	Piligalla East	Piligalla East	GND	779	0	0	0	0	0	0	0	0
LK-2139290	Godapola West	Godapola West	GND	719	15	0	0	0	0	0	0	0
LK-2139295	Godapola East	Godapola East	GND	952	11	0	0	0	0	0	0	0
LK-2139300	Kamburadeniya	Kamburadeniya	GND	911	0	0	0	0	0	0	0	0
LK-2139305	Meewaladeniya	Meewaladeniya	GND	673	0	0	268	0	0	0	0	0
LK-2139310	Arattana	Arattana	GND	941	0	0	48	0	0	0	0	0
LK-2139315	Davulagala	Davulagala	GND	420	0	0	1959	0	0	0	0	0
LK-2139320	Aravuwawala	Aravuwawala	GND	810	18	0	560	0	0	0	0	0
LK-2139325	Rangama	Rangama	GND	680	0	0	0	0	0	0	0	0
LK-2139330	Wathupola	Wathupola	GND	398	0	0	0	0	0	0	0	0
LK-2139335	Manikkawa	Manikkawa	GND	724	105	0	0	0	0	0	0	0
LK-2139340	Elpitikanda	Elpitikanda	GND	999	36	13	0	0	0	0	0	0
LK-2139345	Kooradeniya	Kooradeniya	GND	883	16	0	585	0	0	0	0	0
LK-2139350	Ambanwala	Ambanwala	GND	677	0	0	0	0	0	0	0	0
LK-2139355	Werawala East	Werawala east	GND	568	0	0	0	0	0	0	0	0
LK-2139360	Werawala West	Werawala West	GND	488	0	0	0	0	0	0	0	0
LK-2139365	Siyambalagoda	Siyambalagoda	GND	800	0	0	0	0	0	0	0	0
LK-2139370	Meddegoda	Meddegoda	GND	270	0	0	0	0	0	0	0	0
LK-2139375	Embekka	Embekka	GND	291	0	0	590	0	0	0	0	0
LK-2139380	Ambarapola	Ambarapola	GND	33	28	0	1167	0	0	0	0	0
LK-2139385	Eladetta West	Eladetta West	GND	962	12	0	319	0	0	0	0	0
LK-2139390	Ihala Pethiyagoda	Ihala Pethiyagoda	GND	332	0	0	590	0	0	0	0	0
LK-2139395	Pethiyagoda West	Pethiyagoda West	GND	178	0	0	803	0	0	0	0	0
LK-2139400	Pethiyagoda East	Pethiyagoda East	GND	957	0	0	727	0	0	0	0	0
LK-2139405	Palle Aludeniya	Palle Aludeniya	GND	911	0	0	47	0	0	0	0	0
LK-2139410	Karamada North	Karamada North	GND	815	0	0	0	0	0	0	0	0
LK-2139415	Nawa Peradeniya	Nawa Peradeniya	GND	1206	15	0	611	0	0	0	0	0
LK-2139420	Karamada South	Karamada South	GND	1092	12	0	71	0	0	0	0	0
LK-2139425	Nawa Elpitiya North	Nawa Elpitiya North	GND	217	0	0	560	0	0	0	0	0
LK-2139430	Gelioya	Gelioya	GND	899	0	0	219	0	0	0	0	0
LK-2139435	Dehipagoda West	Dehipagoda West	GND	449	0	0	663	0	0	0	0	0
LK-2139440	Dehipagoda East	Dehipagoda East	GND	297	0	0	962	0	0	0	0	0
LK-2139445	Eladetta East	Eladetta East	GND	262	0	0	1529	0	0	0	0	0
LK-2139450	Hathnagoda	Hathnagoda	GND	133	0	0	1146	0	0	0	0	0
LK-2139455	Ketakumbura	Ketakumbura	GND	176	0	0	1735	0	0	0	0	0
LK-2139460	Boowelikada	Boowelikada	GND	0	0	15	898	0	0	0	0	0
LK-2139465	Dodamdeniya	Dodamdeniya	GND	503	0	11	30	0	0	0	0	0
LK-2139470	Batupitiya	Batupitiya	GND	28	0	0	1450	0	0	0	0	0
LK-2139475	Bambaradeniya	Bambaradeniya	GND	530	0	0	0	0	0	0	0	0
LK-2139480	Pilapitiya	Pilapitiya	GND	397	0	0	214	0	14	0	0	0
LK-2139485	Rangoda	Rangoda	GND	849	0	0	12	0	0	0	0	0
LK-2139490	Ambagasthenna	Ambagasthenna	GND	0	0	0	911	0	0	0	0	0
LK-2139495	Welamboda	Welamboda	GND	25	12	0	2279	0	0	0	0	0
LK-2139500	Liyangaha Watta	Liyangaha Watta	GND	42	51	0	1076	0	0	0	0	0
LK-2139505	Maveekumbura North	Maveekumbura North	GND	966	840	267	0	0	0	0	0	0
LK-2139510	Maveekumbura South	Maveekumbura South	GND	476	41	262	0	0	0	0	0	0
LK-2139515	Watadeniya	Watadeniya	GND	0	15	0	1803	0	0	0	0	0
LK-2139520	Viharagama	Viharagama	GND	374	0	0	375	0	0	0	0	0
LK-2139525	Ganhatha	Ganhatha	GND	753	0	0	0	0	0	0	0	0
LK-2139530	Daskara	Daskara	GND	573	0	0	286	0	0	0	0	0
LK-2139535	Wegiriya East	Wegiriya East	GND	825	0	0	0	0	0	0	0	0
LK-2139540	Thalawathura	Thalawathura	GND	887	0	0	204	0	0	0	0	0
LK-2139545	Muruthagahamula	Muruthagahamula	GND	494	0	0	522	0	0	0	0	0
LK-2139550	Pitawalawatta	Pitawalawatta	GND	1102	0	0	0	0	0	0	0	0
LK-2139555	Nawa Elpitiya South	Nawa Elpitiya South	GND	438	0	0	262	0	0	0	0	0
LK-2139560	Polgahaanga	Polgahaanga	GND	1068	0	0	0	0	0	0	0	0
LK-2139565	Delgahapitiya	Delgahapitiya	GND	1294	0	0	0	0	0	0	0	0
LK-2139570	Weligalla	Weligalla	GND	882	41	0	0	0	0	0	0	0
LK-2139575	Uda Aludeniya	Uda Aludeniya	GND	1547	0	0	0	0	0	0	0	0
LK-2139580	Palkumbura	Palkumbura	GND	729	0	0	0	0	0	0	0	0
LK-2139585	Lunugama	Lunugama	GND	721	0	0	0	0	0	0	0	0
LK-2139590	Hondiyadeniya	Hondiyadeniya	GND	1214	0	0	0	0	0	0	0	0
LK-2139595	Wegiriya West	Wegiriya West	GND	883	0	0	0	0	0	0	0	0
LK-2139600	Kotagaloluwa	Kotagaloluwa	GND	596	0	0	0	0	0	0	0	0
LK-2139605	Deldeniya	Deldeniya	GND	360	0	0	0	0	0	0	0	0
LK-2139610	Dihitideniya	Dihitideniya	GND	398	0	0	0	0	0	0	0	0
LK-2139615	Appallagoda East	Appallagoda East	GND	637	0	0	473	0	0	0	0	0
LK-2139620	Appallagoda West	Appallagoda West	GND	186	33	0	528	0	0	0	0	0
LK-2142	Doluwa	Doluwa	DSD	39501	8164	2168	2715	68	0	0	0	0
LK-2142005	Galoya	Galoya	GND	1535	701	0	0	0	0	0	0	0
LK-2142010	Haloya	Haloya	GND	965	360	24	11	0	0	0	0	0
LK-2142015	Wariyagala	Wariyagala	GND	1528	497	0	0	0	0	0	0	0
LK-2142020	Megoda Kalugamuwa	Megoda Kalugamuwa	GND	1534	11	0	0	0	0	0	0	0
LK-2142025	Ganegoda	Ganegoda	GND	1620	0	0	0	0	0	0	0	0
LK-2142030	Godawela	Godawela	GND	1332	0	0	0	0	0	0	0	0
LK-2142035	Nawa Gurukele	Nawa Gurukele	GND	1086	0	0	0	0	0	0	0	0
LK-2142040	Nillamba	Nillamba	GND	1848	205	309	0	0	0	0	0	0
LK-2142045	Nawa Nillamba	Nawa Nillamba	GND	461	1138	0	14	0	0	0	0	0
LK-2142050	Palledelthota	Palledelthota	GND	1809	938	0	39	0	0	0	0	0
LK-2142055	Gurukele	Gurukele	GND	1031	491	0	0	0	0	0	0	0
LK-2142060	Legumdeniya	Lagumdeniya	GND	1606	22	0	0	0	0	0	0	0
LK-2142065	Orayanwatta	Orayanwatta	GND	1577	10	0	0	0	0	0	0	0
LK-2142070	Doluwa	Doluwa	GND	974	0	0	0	0	0	0	0	0
LK-2142075	Inguruwatta	Inguruwatta	GND	1676	0	0	0	0	0	0	0	0
LK-2142080	Naranvita	Naranvita	GND	1209	0	0	0	0	0	0	0	0
LK-2142085	Atuwewatta	Atuwewatta	GND	1002	24	10	1276	0	0	0	0	0
LK-2142090	Gampolawatta	Gampolawatta	GND	1130	23	0	1276	0	0	0	0	0
LK-2142095	Wewathenna	Wewathenna	GND	848	0	0	31	0	0	0	0	0
LK-2142100	Thundeniya	Thundeniya	GND	1221	0	0	0	0	0	0	0	0
LK-2142105	Kahawatta	Kahawatta	GND	1254	0	0	0	0	0	0	0	0
LK-2142110	Gothatuwela	Gothatuwela	GND	1448	19	0	0	0	0	0	0	0
LK-2142115	Millagahamula	Millagahamula	GND	1407	0	11	0	0	0	0	0	0
LK-2142120	Pabadeniya	Pambadeniya	GND	757	0	0	0	0	0	0	0	0
LK-2142125	Panvilathenna	Panvilathenna	GND	1108	34	0	0	15	0	0	0	0
LK-2142130	Masgolla	Masgolla	GND	1850	0	0	0	0	0	0	0	0
LK-2142135	Thumpelawaka	Thumpelawaka	GND	667	212	0	0	0	0	0	0	0
LK-2142140	Mulgama	Mulgama	GND	414	281	0	0	0	0	0	0	0
LK-2142145	Ududeniya	Ududeniya	GND	427	482	0	0	0	0	0	0	0
LK-2142150	Hunugala	Hunugala	GND	1470	0	198	0	53	0	0	0	0
LK-2142155	Rajathalawa	Rajathalawa	GND	898	132	0	0	0	0	0	0	0
LK-2142160	Pupuressa	Pupuressa	GND	1549	2461	738	37	0	0	0	0	0
LK-2142165	Pitawala	Pitawala	GND	260	123	878	31	0	0	0	0	0
LK-2145	Pathahewaheta	Pathahewaheta	DSD	54752	3919	450	1321	0	0	0	0	0
LK-2145005	Uduwelawatta Colony	Uduwelawatta Colony	GND	961	646	22	17	0	0	0	0	0
LK-2145010	Galthenna	Galthenna	GND	738	0	0	0	0	0	0	0	0
LK-2145015	Wathuliyedda	Wathuliyedda	GND	1369	0	0	0	0	0	0	0	0
LK-2145020	Monarangala	Monarangala	GND	1530	0	0	0	0	0	0	0	0
LK-2145025	Nehiniwela	Nehiniwela	GND	652	0	0	0	0	0	0	0	0
LK-2145030	Godompitiya	Godompitiya	GND	665	0	0	0	0	0	0	0	0
LK-2145035	Hippola	Hippola	GND	800	0	0	0	0	0	0	0	0
LK-2145040	Kossinna	Kossinna	GND	1033	13	0	0	0	0	0	0	0
LK-2145045	Thalathuoya West	Thalathuoya West	GND	541	28	0	0	0	0	0	0	0
LK-2145050	Pussathenna	Pussathenna	GND	793	129	93	44	0	0	0	0	0
LK-2145055	Pinnagolla	Pinnagolla	GND	760	185	0	0	0	0	0	0	0
LK-2145060	Singharagama	Singharagama	GND	548	234	48	0	0	0	0	0	0
LK-2145065	Haragama	Haragama	GND	1556	84	0	0	0	0	0	0	0
LK-2145070	Kapuliyadda East	Kapuliyadda East	GND	475	0	0	0	0	0	0	0	0
LK-2145075	Kapuliyadda West	Kapuliyadda West	GND	442	0	0	0	0	0	0	0	0
LK-2145080	Doolmure	Doolmure	GND	614	25	0	0	0	0	0	0	0
LK-2145085	Bootawatta North	Bootawatta North	GND	1233	169	0	0	0	0	0	0	0
LK-2145090	Thalathuoya East	Thalathuoya East	GND	533	93	59	0	0	0	0	0	0
LK-2145095	Ankelipitiya	Ankelipitiya	GND	772	51	0	0	0	0	0	0	0
LK-2145100	Batagalla	Batagalla	GND	582	0	0	0	0	0	0	0	0
LK-2145105	Ethulgama East	Ethulgama East	GND	575	0	0	0	0	0	0	0	0
LK-2145110	Ethulgama North	Ethulgama North	GND	741	0	0	0	0	0	0	0	0
LK-2145115	Uduwela Pallegama East	Uduwela Pallegama East	GND	582	0	0	0	0	0	0	0	0
LK-2145120	Uduwela Pallegama West	Uduwela Pallegama West	GND	563	0	0	0	0	0	0	0	0
LK-2145125	Uduwela Pallegama South	Uduwela Pallegama South	GND	679	0	0	0	0	0	0	0	0
LK-2145130	Uduwela Udagama West	Uduwela Udagama West	GND	1178	710	0	24	0	0	0	0	0
LK-2145135	Uduwela Udagama East	Uduwela Udagama East	GND	1144	58	19	0	0	0	0	0	0
LK-2145140	Ratemulla	Ratemulla	GND	1712	190	179	15	0	0	0	0	0
LK-2145145	Pooliyadda	Pooliyadda	GND	400	0	11	0	0	0	0	0	0
LK-2145150	Ethulgama West	Ethulgama West	GND	720	0	0	0	0	0	0	0	0
LK-2145155	Ethulgama South	Ethulgama South	GND	769	0	0	0	0	0	0	0	0
LK-2145160	Haputhale Egodagama	Haputhale Egodagama	GND	1130	0	0	0	0	0	0	0	0
LK-2145165	Haputhale Udagama	Haputhale Udagama	GND	842	0	0	0	0	0	0	0	0
LK-2145170	Moragolla	Moragolla	GND	1251	0	0	0	0	0	0	0	0
LK-2145175	Haputhale Pallegama	Haputhale Pallegama	GND	869	0	0	0	0	0	0	0	0
LK-2145180	Nugaliyadda Ihala	Nugaliyadda Ihala	GND	564	0	0	0	0	0	0	0	0
LK-2145185	Nugaliyadda Pahala	Nugaliyadda Pahala	GND	395	0	0	0	0	0	0	0	0
LK-2145190	Bootawatta South	Bootawatta South	GND	648	0	0	0	0	0	0	0	0
LK-2145195	Godamunna West	Godamunna West	GND	633	0	0	0	0	0	0	0	0
LK-2145200	Narangasthenna	Narangasthenna	GND	594	0	0	0	0	0	0	0	0
LK-2145205	Godalawela	Godalawela	GND	541	0	0	0	0	0	0	0	0
LK-2145210	Bolepa	Bolepa	GND	767	0	0	0	0	0	0	0	0
LK-2145215	Pathamailapitiya South	Pathamailapitiya South	GND	1406	75	0	0	0	0	0	0	0
LK-2145220	Pathamailapitiya North	Pathamailapitiya North	GND	1449	0	0	0	0	0	0	0	0
LK-2145225	Udamailapitiya North	Udamailapitiya North	GND	963	30	0	0	0	0	0	0	0
LK-2145230	Damunugolla	Damunugolla	GND	479	0	0	0	0	0	0	0	0
LK-2145235	Marassana	Marassana	GND	742	0	0	0	0	0	0	0	0
LK-2145240	Medadeniya	Medadeniya	GND	698	0	0	0	0	0	0	0	0
LK-2145245	Welegama	Welegama	GND	426	0	0	0	0	0	0	0	0
LK-2145250	Godamunna East	Godamunna East	GND	630	0	0	0	0	0	0	0	0
LK-2145255	Letiyagolla	Letiyagolla	GND	635	27	0	0	0	0	0	0	0
LK-2145260	Sriyagama	Sriyagama	GND	679	471	0	0	0	0	0	0	0
LK-2145265	Medagama Udagama	Medagama Udagama	GND	641	15	0	0	0	0	0	0	0
LK-2145270	Medagama Pallegama	Medagama Pallegama	GND	708	0	0	0	0	0	0	0	0
LK-2145275	Kandewela	Kandewela	GND	458	0	0	0	0	0	0	0	0
LK-2145280	Elikewela	Elikewela	GND	484	0	0	0	0	0	0	0	0
LK-2145285	Meeruppa	Meeruppa	GND	1177	11	0	0	0	0	0	0	0
LK-2145290	Kethigannawela	Kethigannawela	GND	398	148	0	0	0	0	0	0	0
LK-2145295	Udamailapitiya South	Udamailapitiya South	GND	1189	357	0	0	0	0	0	0	0
LK-2145300	Galagoda	Galagoda	GND	842	56	0	141	0	0	0	0	0
LK-2145305	Hewavissa East	Hewavissa East	GND	482	0	0	0	0	0	0	0	0
LK-2145310	Hewavissa West	Hewavissa West	GND	564	0	0	0	0	0	0	0	0
LK-2145315	Bawlana	Bawlana	GND	657	0	0	0	0	0	0	0	0
LK-2145320	Oluwawatta	Oluwawatta	GND	475	0	0	0	0	0	0	0	0
LK-2145325	Kiriwanagoda	Kiriwanagoda	GND	403	0	0	130	0	0	0	0	0
LK-2145330	Ududeniya Madige	Ududeniya Madige	GND	28	10	0	872	0	0	0	0	0
LK-2145335	Unuvinna East	Unuvinna East	GND	788	93	0	0	0	0	0	0	0
LK-2145340	Unuvinna West	Unuvinna West	GND	658	11	0	43	0	0	0	0	0
LK-2145345	Ududeniya	Ududeniya	GND	411	0	0	35	0	0	0	0	0
LK-2145350	Bopitiya	Bopitiya	GND	558	0	0	0	0	0	0	0	0
LK-2145355	Pothgoda	Pothgoda	GND	493	0	19	0	0	0	0	0	0
LK-2145360	Kahambiliyawa	Kahambiliyawa	GND	718	0	0	0	0	0	0	0	0
LK-2145365	Neelawala	Neelawala	GND	619	0	0	0	0	0	0	0	0
LK-2148	Deltota	Deltota	DSD	12765	8409	2707	7886	32	20	0	0	0
LK-2148005	Perawatta West	Perawatta West	GND	338	873	868	0	0	0	0	0	0
LK-2148010	Perawatta East	Perawatta East	GND	668	357	37	0	0	0	0	0	0
LK-2148015	Palugama	Palugama	GND	941	88	0	0	0	0	0	0	0
LK-2148020	Udadelthota	Udadelthota	GND	1502	1763	391	107	13	0	0	0	0
LK-2148025	Galaha	Galaha	GND	308	643	34	867	0	0	0	0	0
LK-2148030	Suduwella	Suduwella	GND	758	1958	73	347	0	0	0	0	0
LK-2148035	Greatweliya	Greatweliya	GND	65	624	46	299	0	0	0	0	0
LK-2148040	Bawlanawatta Janapadaya	Bawlanawatta Janapadaya	GND	298	412	0	0	0	0	0	0	0
LK-2148045	Maussawa	Maussawa	GND	709	154	0	0	0	0	0	0	0
LK-2148050	Wanahapuwa	Wanahapuwa	GND	11	0	0	619	0	0	0	0	0
LK-2148055	Bopitiya Nagaraya	Bopitiya Nagaraya	GND	304	411	0	175	0	0	0	0	0
LK-2148060	Medakekila	Medakekila	GND	68	13	0	702	0	0	0	0	0
LK-2148065	Karagaskada South	Karagaskada South	GND	46	0	0	1300	0	0	0	0	0
LK-2148070	Karagaskada North	Karagaskada North	GND	423	143	38	862	0	20	0	0	0
LK-2148075	Gonangoda	Gonangoda	GND	673	107	1195	516	0	0	0	0	0
LK-2148080	Kandegama	Kandegama	GND	230	0	0	0	0	0	0	0	0
LK-2148085	Wetakepotha	Wetakepotha	GND	0	0	0	864	0	0	0	0	0
LK-2148090	Pattiyagama Pallegama	Pattiyagama Pallegama	GND	137	0	0	881	0	0	0	0	0
LK-2148095	Kiriwanaketiya	Kiriwanaketiya	GND	657	0	0	0	0	0	0	0	0
LK-2148100	Kolambissa West	Kolambissa West	GND	453	0	0	0	0	0	0	0	0
LK-2148105	Murapola West	Murapola West	GND	513	0	0	0	0	0	0	0	0
LK-2148110	Murapola East	Murapola East	GND	552	0	0	0	0	0	0	0	0
LK-2148115	Kolambissa East	Kolambissa East	GND	420	0	0	0	0	0	0	0	0
LK-2148120	Nawaneliya	Nawaneliya	GND	542	0	0	0	0	0	0	0	0
LK-2148125	Kotagepitiya	Kotagepitiya	GND	426	0	0	0	0	0	0	0	0
LK-2148130	Wadiyagoda	Wadiyagoda	GND	313	0	0	0	0	0	0	0	0
LK-2148135	Pattiyagama Udagama	Pattiyagama Udagama	GND	129	0	0	347	0	0	0	0	0
LK-2148140	Pattiyagama Gabadagama North	Pattiyagama Gabadagama North	GND	640	427	11	0	0	0	0	0	0
LK-2148145	Pattiyagama Gabadagama South	Pattiyagama Gabadagama South	GND	641	436	14	0	19	0	0	0	0
LK-2151	Udapalatha	Udapalatha	DSD	55427	14576	7998	24617	40	179	0	0	0
LK-2151005	Egoda Kalugamuwa	Egoda Kalugamuwa	GND	488	10	0	4182	0	0	0	0	0
LK-2151010	Udovita	Udovita	GND	1599	160	11	448	0	0	0	0	0
LK-2151015	Kirinda	Kirinda	GND	2160	0	0	18	0	0	0	0	0
LK-2151020	Galgediyawa	Galgediyawa	GND	1099	0	0	0	0	0	0	0	0
LK-2151025	Ranawala	Ranawala	GND	869	0	0	0	0	0	0	0	0
LK-2151030	Bowala	Bowala	GND	884	19	0	0	0	0	0	0	0
LK-2151035	Rathmalkaduwa	Rathmalkaduwa	GND	1147	135	0	0	0	14	0	0	0
LK-2151040	Hapugaspitiya	Hapugaspitiya	GND	1253	191	13	33	0	0	0	0	0
LK-2151045	Unambuwa	Unambuwa	GND	960	16	97	322	0	14	0	0	0
LK-2151050	Ilangawatta	Ilangawatta	GND	119	11	0	2074	0	0	0	0	0
LK-2151055	Kahatapitiya	Kahatapitiya	GND	940	31	0	480	0	0	0	0	0
LK-2151060	Bothalapitiya	Bothalapitiya	GND	291	129	0	3508	0	76	0	0	0
LK-2151065	Gampola East	Gampola East	GND	206	74	15	2876	0	0	0	0	0
LK-2151070	Mount Temple	Mount Temple	GND	1913	199	0	213	0	0	0	0	0
LK-2151075	Keerapane	Keerapane	GND	792	17	382	719	0	10	0	0	0
LK-2151080	Sinhapitiya North	Sinhapitiya North	GND	949	291	0	0	0	0	0	0	0
LK-2151085	Sinhapitiya South	Sinhapitiya South	GND	1081	101	0	66	0	16	0	0	0
LK-2151090	Gampola West	Gampola West	GND	721	461	27	1010	0	0	0	0	0
LK-2151095	Polkumbura	Polkumbura	GND	520	729	11	899	0	0	0	0	0
LK-2151100	Illawathura	Illawathura	GND	224	234	62	2181	0	0	0	0	0
LK-2151105	Angammana East	Angammana East	GND	1783	34	0	250	0	0	0	0	0
LK-2151110	Angammana West	Angammana West	GND	1323	184	84	151	0	0	0	0	0
LK-2151115	Aregoda	Aregoda	GND	870	32	11	1599	0	0	0	0	0
LK-2151120	Kurukude	Kurukude	GND	536	0	0	218	0	0	0	0	0
LK-2151125	Kudamake	Kudamake	GND	1247	304	0	458	0	26	0	0	0
LK-2151130	Godagama	Godagama	GND	1454	107	34	202	0	0	0	0	0
LK-2151135	Jayamalapura	Jayamalapura	GND	1003	126	0	504	0	0	0	0	0
LK-2151140	Amunupuraya	Amunupuraya	GND	1758	100	0	0	0	0	0	0	0
LK-2151145	Wattehena	Wattehena	GND	1696	35	10	0	0	0	0	0	0
LK-2151150	Millagaspitiya	Millagaspitiya	GND	1133	0	0	0	0	0	0	0	0
LK-2151155	Udagama	Udagama	GND	1400	0	0	0	0	0	0	0	0
LK-2151160	Hunukotugama	Hunukotugama	GND	894	0	0	0	0	0	0	0	0
LK-2151165	Dunukeulla	Dunukeulla	GND	1002	44	1210	0	0	0	0	0	0
LK-2151170	Wanahapuwa	Wanahapuwa	GND	495	256	0	0	0	0	0	0	0
LK-2151175	Ihalagama	Ihalagama	GND	1592	0	0	0	0	0	0	0	0
LK-2151180	Paradeka	Paradeka	GND	952	1810	0	0	0	0	0	0	0
LK-2151185	Amuhena	Amuhena	GND	1188	0	0	0	0	0	0	0	0
LK-2151190	Delpitiya	Delpitiya	GND	2095	200	15	1475	0	13	0	0	0
LK-2151195	Nawadevita	Nawadevita	GND	2093	349	0	136	0	10	0	0	0
LK-2151200	Galatha	Galatha	GND	1622	1163	26	0	40	0	0	0	0
LK-2151205	Pallegama	Pallegama	GND	772	858	272	0	0	0	0	0	0
LK-2151210	Pussellawa	Pussellawa	GND	1995	3225	1077	346	0	0	0	0	0
LK-2151215	Wahugapitiya	Wahugapitiya	GND	735	312	850	202	0	0	0	0	0
LK-2151220	Pussellawagama	Pussellawagama	GND	694	12	262	0	0	0	0	0	0
LK-2151225	Doragala	Doragala	GND	1819	503	3128	36	0	0	0	0	0
LK-2151230	Kekulanda	Kekulanda	GND	954	1674	0	0	0	0	0	0	0
LK-2151235	Weliganga	Weliganga	GND	1318	0	0	0	0	0	0	0	0
LK-2151240	Kalugalhinna	Kalugalhinna	GND	604	337	0	0	0	0	0	0	0
LK-2151245	Mawathura	Mawathura	GND	2185	103	401	11	0	0	0	0	0
LK-2154	Ganga Ihala Korale	Ganga Ihala Korale	DSD	47963	5324	1044	4695	0	16	0	0	0
LK-2154005	Kohowala	Kohowala	GND	1088	0	0	0	0	0	0	0	0
LK-2154010	Polmalagama	Polmalagama	GND	921	0	0	0	0	0	0	0	0
LK-2154015	Galpaya	Galpaya	GND	2285	107	72	0	0	0	0	0	0
LK-2154020	Herakola	Herakola	GND	2793	43	0	0	0	0	0	0	0
LK-2154025	Wallahagoda	Wallahagoda	GND	2226	187	14	355	0	0	0	0	0
LK-2154030	Maligapurana	Maligapurana	GND	1172	350	10	1123	0	0	0	0	0
LK-2154035	Gampolawela	Gampolawela	GND	2232	54	0	454	0	0	0	0	0
LK-2154040	Ethgala North	Ethgala North	GND	1123	17	15	34	0	0	0	0	0
LK-2154045	Thembiligala	Thembiligala	GND	2000	0	16	0	0	0	0	0	0
LK-2154050	Pellapitiya North	Pellapitiya North	GND	2022	56	0	0	0	0	0	0	0
LK-2154055	Malwattagama	Malwattagama	GND	2553	31	0	0	0	0	0	0	0
LK-2154060	Giraulla	Giraulla	GND	1308	0	0	0	0	0	0	0	0
LK-2154065	Karagala	Karagala	GND	1068	0	0	0	0	0	0	0	0
LK-2154070	Wetakedeniya	Wetakedeniya	GND	1980	0	0	0	0	0	0	0	0
LK-2154075	Uduwella	Uduwella	GND	1490	23	0	0	0	0	0	0	0
LK-2154080	Patithalawa	Patithalawa	GND	1549	296	154	0	0	0	0	0	0
LK-2154085	Kelly Group	Kelly Group	GND	433	128	0	0	0	0	0	0	0
LK-2154090	Alugolla	Alugolla	GND	951	399	0	0	0	0	0	0	0
LK-2154095	Gemunupura	Gemunupura	GND	1565	0	0	0	0	0	0	0	0
LK-2154100	Yatapana	Yatapana	GND	933	78	0	0	0	0	0	0	0
LK-2154105	Pellapitiya South	Pellapitiya South	GND	1205	364	0	0	0	0	0	0	0
LK-2154110	Ulapane North	Ulapane North	GND	1795	300	0	54	0	0	0	0	0
LK-2154115	Udagama	Udagama	GND	2411	50	72	10	0	0	0	0	0
LK-2154120	Ethgala West	Ethgala West	GND	1220	0	0	0	0	0	0	0	0
LK-2154125	Ethgala East	Ethgala East	GND	1893	13	0	0	0	0	0	0	0
LK-2154130	Sinhapura	Sinhapura	GND	1854	70	0	11	0	0	0	0	0
LK-2154135	Ulapane South	Ulapane South	GND	1424	168	16	2654	0	16	0	0	0
LK-2154140	Pitakanda	Pitakanda	GND	1393	696	0	0	0	0	0	0	0
LK-2154145	Udahenthenna	Udahenthenna	GND	1317	10	577	0	0	0	0	0	0
LK-2154150	Rakshawa	Rakshawa	GND	1004	1280	33	0	0	0	0	0	0
LK-2154155	Miyanagolla	Miyanagolla	GND	755	604	65	0	0	0	0	0	0
LK-2157	Pasbagekorale	Pasbage Korale	DSD	31589	13740	9692	10094	63	115	0	0	0
LK-2157005	Pallegama	Pallegama	GND	1735	14	11	60	0	0	0	0	0
LK-2157010	Warakawa	Warakawa	GND	2012	134	0	12	0	0	0	0	0
LK-2157015	Weligodawatta	Weligodawatta	GND	1722	93	20	0	15	0	0	0	0
LK-2157020	Dandubediruppa	Dandubediruppa	GND	1924	199	835	12	0	0	0	0	0
LK-2157025	Penithuduwa	Penithuduwa	GND	1023	339	110	85	0	0	0	0	0
LK-2157030	Pahala Rambukpitiya	Pahala Rambukpitiya	GND	1494	14	15	0	0	0	0	0	0
LK-2157035	Uda Rambukpitiya	Uda Rambukpitiya	GND	648	228	683	0	0	0	0	0	0
LK-2157040	Balanthota North	Balanthota North	GND	1366	77	490	644	0	0	0	0	0
LK-2157045	Weligampola	Weligampola	GND	1202	0	11	0	0	0	0	0	0
LK-2157050	Karahandungala	Karahandungala	GND	450	255	0	1278	0	0	0	0	0
LK-2157055	Nawalapitiya South	Nawalapitiya South	GND	1613	850	0	915	0	0	0	0	0
LK-2157060	Nawalapitiya North	Nawalapitiya North	GND	249	177	265	2165	0	11	0	0	0
LK-2157065	Nawalapitiya West	Nawalapitiya West	GND	568	1298	254	1984	0	19	0	0	0
LK-2157070	Nawalapitiya East	Nawalapitiya East	GND	1060	707	21	447	0	0	0	0	0
LK-2157075	Imbulpitiya	Imbulpitiya	GND	1723	1872	240	13	14	0	0	0	0
LK-2157080	Greenwood	Greenwood	GND	204	913	0	0	0	0	0	0	0
LK-2157085	Bawwagama	Bawwagama	GND	2675	2244	762	1228	34	62	0	0	0
LK-2157090	Kendopitiya	Kendopitiya	GND	1640	452	457	256	0	11	0	0	0
LK-2157095	Aluthgama	Aluthgama	GND	1396	22	0	13	0	0	0	0	0
LK-2157100	Balanthota South	Balanthota South	GND	1468	14	0	216	0	0	0	0	0
LK-2157105	Dekinda	Dekinda	GND	1262	0	0	0	0	0	0	0	0
LK-2157110	Mapakanda North	Mapakanda North	GND	825	0	0	370	0	0	0	0	0
LK-2157115	Inguruoya North	Inguruoya North	GND	743	330	0	50	0	0	0	0	0
LK-2157120	Kadiyanlena	Kadiyanlena	GND	87	657	1412	28	0	0	0	0	0
LK-2157125	Westhole	Westhole	GND	211	23	2690	0	0	0	0	0	0
LK-2157130	Inguruoya South	Inguruoya South	GND	351	205	0	50	0	12	0	0	0
LK-2157135	Mapakanda South	Mapakanda South	GND	960	0	0	258	0	0	0	0	0
LK-2157140	Wewegama	Wewegama	GND	824	1288	103	10	0	0	0	0	0
LK-2157145	Hydree	Hydree	GND	154	1335	1313	0	0	0	0	0	0
LK-22	Matale	Matale	DISTRICT	424776	41572	7431	51158	207	158	0	0	0
LK-2203	Galewela	Galewela	DSD	66155	1143	25	11083	24	0	0	0	0
LK-2203005	Wetakoluwewa	Wetakoluwewa	GND	1547	0	0	0	0	0	0	0	0
LK-2203010	Dewahoowa Colony 2	Dewahoowa Colony 2	GND	1295	0	0	0	0	0	0	0	0
LK-2203015	Makulugaswewa	Makulugaswewa	GND	615	0	0	155	0	0	0	0	0
LK-2203020	Ibbankatuwa	Ibbankatuwa	GND	1055	50	0	0	0	0	0	0	0
LK-2203025	Thalakiriyagama	Thalakiriyagama	GND	2298	0	0	0	0	0	0	0	0
LK-2203030	Thennakonpura	Thennakonpura	GND	795	0	0	0	0	0	0	0	0
LK-2203035	Dandubendiruppa	Dandubendiruppa	GND	1602	0	0	0	0	0	0	0	0
LK-2203040	Dewahoowa Colony 1	Dewahoowa Colony 1	GND	971	11	0	1789	0	0	0	0	0
LK-2203045	Bulanawewa	Bulanawewa	GND	2609	0	0	57	0	0	0	0	0
LK-2203050	Pahala Diggala	Pahala Diggala	GND	1569	0	0	0	0	0	0	0	0
LK-2203055	Meewalapathaha	Meewalapathaha	GND	1025	49	0	0	0	0	0	0	0
LK-2203060	Pahala Wewa	Pahala Wewa	GND	1198	10	0	0	0	0	0	0	0
LK-2203065	Yatigalpotta	Yatigalpotta	GND	1437	0	0	0	0	0	0	0	0
LK-2203070	Kumbukgolla	Kumbukgolla	GND	1918	0	0	0	0	0	0	0	0
LK-2203075	Kosgahahinna	Kosgahahinna	GND	1100	0	0	0	0	0	0	0	0
LK-2203080	Ralalerotawewa	Ralalerotawewa	GND	976	0	0	0	0	0	0	0	0
LK-2203085	Moragolla	Moragolla	GND	922	0	0	0	0	0	0	0	0
LK-2203090	Pibidunugama	Pibidunugama	GND	702	13	0	0	0	0	0	0	0
LK-2203095	Aluthwewa	Aluthwewa	GND	1622	0	0	0	0	0	0	0	0
LK-2203100	Bambaragaswewa	Bambaragaswewa	GND	1015	0	0	0	0	0	0	0	0
LK-2203105	Beliyakanda	Beliyakanda	GND	2059	0	0	131	0	0	0	0	0
LK-2203110	Puwakpitiya	Silwathgama	GND	1514	12	0	0	0	0	0	0	0
LK-2203115	Walaswewa	Walaswewa	GND	1785	79	0	247	0	0	0	0	0
LK-2203120	Galapamula	Galapamula	GND	1124	25	0	17	24	0	0	0	0
LK-2203125	Damunumulla	Damunumulla	GND	1572	0	0	25	0	0	0	0	0
LK-2203130	Pattiwela	Pattiwela	GND	1085	0	0	136	0	0	0	0	0
LK-2203135	Nilagama	Nilagama	GND	1376	0	0	0	0	0	0	0	0
LK-2203140	Hombawa	Hombawa	GND	1503	0	0	0	0	0	0	0	0
LK-2203145	Silwathgama	Palu Hombawa	GND	563	20	0	0	0	0	0	0	0
LK-2203150	Weragalawatta	Dambawatawana	GND	772	0	10	162	0	0	0	0	0
LK-2203155	Palu Hombawa	Puwakpitiya	GND	911	22	0	510	0	0	0	0	0
LK-2203160	Dambawatawana	Weragalawatta	GND	104	52	0	1300	0	0	0	0	0
LK-2203165	Nabadagahawatta	Nabadagahawatta	GND	26	34	15	2260	0	0	0	0	0
LK-2203170	Galewela Town	Galewela Town	GND	909	84	0	86	0	0	0	0	0
LK-2203175	Pathkolagolla	Pathkolagolla	GND	1405	0	0	0	0	0	0	0	0
LK-2203180	Kospotha	Kospotha	GND	1376	258	0	0	0	0	0	0	0
LK-2203185	Ranwediyawa	Ranwediyawa	GND	841	106	0	1437	0	0	0	0	0
LK-2203190	Pahala Bambawa	Pahala Bambawa	GND	1172	49	0	98	0	0	0	0	0
LK-2203195	Danduyaya	Danduyaya	GND	1156	86	0	217	0	0	0	0	0
LK-2203200	Dambagolla	Dambagolla	GND	1455	0	0	0	0	0	0	0	0
LK-2203205	Ihala Bambawa	Ihala Bambawa	GND	1075	18	0	0	0	0	0	0	0
LK-2203210	Siyambalagahawela	Siyambalagahawela	GND	945	0	0	0	0	0	0	0	0
LK-2203215	Pihilyaya	Pihilyaya	GND	614	0	0	0	0	0	0	0	0
LK-2203220	Medabedda North	Medabedda North	GND	1257	0	0	0	0	0	0	0	0
LK-2203225	Divulgaskotuwa	Divulgaskotuwa	GND	1717	27	0	0	0	0	0	0	0
LK-2203230	Hathadukkuwa	Hathadukkuwa	GND	1006	77	0	0	0	0	0	0	0
LK-2203235	Beligamuwa	Beligamuwa	GND	1281	33	0	0	0	0	0	0	0
LK-2203240	Medabedda South	Medabedda South	GND	958	0	0	0	0	0	0	0	0
LK-2203245	Wahakotte	Wahakotte	GND	678	0	0	35	0	0	0	0	0
LK-2203250	Galgodayaya	Galgodayaya	GND	501	0	0	0	0	0	0	0	0
LK-2203255	Palapathwala	Palapathwala	GND	1247	0	0	0	0	0	0	0	0
LK-2203260	Dembawa	Dembawa	GND	808	0	0	0	0	0	0	0	0
LK-2203265	Elamalpotha	Elamalpotha	GND	305	10	0	1114	0	0	0	0	0
LK-2203270	Yatiwehera	Yatiwehera	GND	702	0	0	49	0	0	0	0	0
LK-2203275	Lenawala	Lenawala	GND	905	0	0	161	0	0	0	0	0
LK-2203280	Hewanwela	Hewanwela	GND	309	18	0	1078	0	0	0	0	0
LK-2203285	Wegodapola	Wegodapola	GND	899	0	0	0	0	0	0	0	0
LK-2203290	Kendangamuwa	Kendangamuwa	GND	1047	0	0	0	0	0	0	0	0
LK-2203295	Madipola	Madipola	GND	922	0	0	19	0	0	0	0	0
LK-2206	Dambulla	Dambulla	DSD	77901	673	16	2410	0	0	0	0	0
LK-2206005	Siyambala Wewa	Siyambala Wewa	GND	728	0	0	0	0	0	0	0	0
LK-2206010	Avudangawa	Avudangawa	GND	946	0	0	0	0	0	0	0	0
LK-2206015	Gedigaswalana	Gedigaswalana	GND	1056	0	0	0	0	0	0	0	0
LK-2206020	Pidurangala	Pidurangala	GND	688	0	0	0	0	0	0	0	0
LK-2206025	Thalkote	Thalkote	GND	1376	0	0	0	0	0	0	0	0
LK-2206030	Digampathaha	Digampathaha	GND	1317	13	0	0	0	0	0	0	0
LK-2206035	Inamaluwa	Inamaluwa	GND	1679	0	0	0	0	0	0	0	0
LK-2206040	Nagalawewa	Nagalawewa	GND	1037	0	0	0	0	0	0	0	0
LK-2206045	Pothana	Pothana	GND	914	0	0	0	0	0	0	0	0
LK-2206050	Kimbissa	Kimbissa	GND	939	0	0	12	0	0	0	0	0
LK-2206055	Egodawewa	Egodawewa	GND	931	0	0	0	0	0	0	0	0
LK-2206060	Palutawa	Palutawa	GND	767	0	0	0	0	0	0	0	0
LK-2206065	Sigiriya	Sigiriya	GND	719	0	0	0	0	0	0	0	0
LK-2206070	Mailattawa	Mailattawa	GND	1864	0	0	0	0	0	0	0	0
LK-2206075	Pol Attawa	Pol Attawa	GND	754	0	0	0	0	0	0	0	0
LK-2206080	Nikawatawana	Nikawatawana	GND	1413	0	0	1639	0	0	0	0	0
LK-2206085	Kumbukkandanwala	Kumbukkandanwala	GND	1049	0	0	0	0	0	0	0	0
LK-2206090	Bellanneoya	Bellanneoya	GND	1618	19	0	0	0	0	0	0	0
LK-2206095	Rathmalkatuwa	Rathmalkatuwa	GND	1064	0	0	422	0	0	0	0	0
LK-2206100	Welihena	Welihena	GND	1741	0	0	0	0	0	0	0	0
LK-2206105	Etawarahena	Etawarahena	GND	1166	11	0	0	0	0	0	0	0
LK-2206110	Pallegama	Pallegama	GND	1260	0	0	0	0	0	0	0	0
LK-2206115	Bulagala	Bulagala	GND	1556	11	0	0	0	0	0	0	0
LK-2206120	Pelvehera	Pelvehera	GND	2125	11	0	0	0	0	0	0	0
LK-2206125	Kandalama	Kandalama	GND	2171	0	0	64	0	0	0	0	0
LK-2206130	Pahala Erevula	Pahala Erevula	GND	456	0	0	0	0	0	0	0	0
LK-2206135	Ihala Ereula	Ihala Ereula	GND	1027	0	0	0	0	0	0	0	0
LK-2206140	Welangolla	Welangolla	GND	1070	0	0	0	0	0	0	0	0
LK-2206145	Wewala Wewa	Wewala Wewa	GND	1798	0	0	133	0	0	0	0	0
LK-2206150	Yakkuragala North	Yakkuragala North	GND	1260	0	0	0	0	0	0	0	0
LK-2206155	Vilhatha	Vilhatha	GND	682	0	0	0	0	0	0	0	0
LK-2206160	Athuparayaya	Athuparayaya	GND	2386	21	0	0	0	0	0	0	0
LK-2206165	Pahala Wewa	Pahala Wewa	GND	1421	35	0	0	0	0	0	0	0
LK-2206170	Dambulla Town	Dambulla Town	GND	3745	254	16	70	0	0	0	0	0
LK-2206175	Dambulugama	Dambulugama	GND	1212	18	0	11	0	0	0	0	0
LK-2206180	Haluapullana Wewa	Haluapullana Wewa	GND	1758	0	0	0	0	0	0	0	0
LK-2206185	Pohoranwewa	Pohoranwewa	GND	2594	0	0	0	0	0	0	0	0
LK-2206190	Yapagama	Yapagama	GND	1874	23	0	0	0	0	0	0	0
LK-2206195	Rathmalgaha Ela	Rathmalgaha Ela	GND	2881	155	0	13	0	0	0	0	0
LK-2206200	Yakkuragala South	Yakkuragala south	GND	1119	0	0	0	0	0	0	0	0
LK-2206205	Kalundewa Aluthgama	Kalundewa Aluthgama	GND	968	0	0	0	0	0	0	0	0
LK-2206210	Angunawel Pelessa	Angunawel pelessa	GND	534	0	0	0	0	0	0	0	0
LK-2206215	Kalogaha Ela	Kalogaha Ela	GND	1767	0	0	0	0	0	0	0	0
LK-2206220	Thittawelgolla	Thittawelgolla	GND	892	0	0	0	0	0	0	0	0
LK-2206225	Moragollewa	Moragollewa	GND	1598	46	0	35	0	0	0	0	0
LK-2206230	Kapuwatta	Kapuwatta	GND	1473	10	0	0	0	0	0	0	0
LK-2206235	Kiralagolla	Kiralagolla	GND	1160	0	0	0	0	0	0	0	0
LK-2206240	Wavulambe	Wavulambe	GND	961	12	0	0	0	0	0	0	0
LK-2206245	Embulambe	Embulambe	GND	950	0	0	0	0	0	0	0	0
LK-2206250	Puwak Attawala	Puwak Attawala	GND	1005	0	0	0	0	0	0	0	0
LK-2206255	Kalundewa Paranagama	Kalundewa Paranagama	GND	759	0	0	0	0	0	0	0	0
LK-2206260	Walgamwewa	Walgamwewa	GND	1988	0	0	0	0	0	0	0	0
LK-2206265	Kandalama	Kiralessa	GND	683	0	0	0	0	0	0	0	0
LK-2206270	Pannampitiya	Pannampitiya	GND	1486	0	0	0	0	0	0	0	0
LK-2206275	Welamitiyawa	Welamitiyawa	GND	466	0	0	0	0	0	0	0	0
LK-2206280	Etha Bendiwewa	Athabandiwewa	GND	1748	0	0	0	0	0	0	0	0
LK-2206285	Lenadora North	Lenadora North	GND	934	20	0	11	0	0	0	0	0
LK-2206290	Lenadora South	Lenadora South	GND	1293	0	0	0	0	0	0	0	0
LK-2206295	Nayakumbura	Nayakumbura	GND	1075	14	0	0	0	0	0	0	0
LK-2209	Naula	Naula	DSD	28540	1612	51	426	0	0	0	0	0
LK-2209005	Ussattawa	Ussattawa	GND	252	0	0	0	0	0	0	0	0
LK-2209010	Nikula	Nikula	GND	602	0	0	0	0	0	0	0	0
LK-2209015	Serudandapola	Serudandapola	GND	749	0	0	0	0	0	0	0	0
LK-2209020	Haduwa	Haduwa	GND	516	0	0	0	0	0	0	0	0
LK-2209025	Bambaragahawatta	Bambaragahawatta	GND	327	0	0	0	0	0	0	0	0
LK-2209030	Dambagolla	Dambagolla	GND	225	0	0	0	0	0	0	0	0
LK-2209035	Helambagahawatta	Helambagahawatta	GND	342	0	0	0	0	0	0	0	0
LK-2209040	Pubbiliya	Pubbiliya	GND	448	0	0	0	0	0	0	0	0
LK-2209045	Thalagoda	Thalagoda	GND	23	0	0	0	0	0	0	0	0
LK-2209050	Maragamuwa	Maragamuwa	GND	488	0	0	0	0	0	0	0	0
LK-2209055	Haduwela	Haduwela	GND	482	0	0	0	0	0	0	0	0
LK-2209060	Dodamattawela	Dodamattawela	GND	613	0	0	0	0	0	0	0	0
LK-2209065	Karavilahena	Karavilahena	GND	1109	0	0	0	0	0	0	0	0
LK-2209070	Bobella	Bobella	GND	555	0	0	0	0	0	0	0	0
LK-2209075	Bibila	Bibila	GND	834	0	0	0	0	0	0	0	0
LK-2209080	Murutholuwa	Murutholuwa	GND	531	0	0	0	0	0	0	0	0
LK-2209085	Mailpitiya	Mailpitiya	GND	803	0	0	0	0	0	0	0	0
LK-2209090	Wewattawa	Wewattawa	GND	353	0	0	0	0	0	0	0	0
LK-2209095	Penalaboda	Penalaboda	GND	801	128	0	0	0	0	0	0	0
LK-2209100	Naula	Naula	GND	2132	191	0	148	0	0	0	0	0
LK-2209105	Meegaha Ela	Meegaha Ela	GND	689	0	0	0	0	0	0	0	0
LK-2209110	Bowathenna Watta	Bowathenna Watta	GND	591	0	0	0	0	0	0	0	0
LK-2209115	Koombiyangahaela	Koombiyangahaela	GND	660	14	0	0	0	0	0	0	0
LK-2209120	Millagahamula Thenna	Millagahamula Thenna	GND	317	0	0	0	0	0	0	0	0
LK-2209145	Kongahawela	Kongahawela	GND	224	0	0	0	0	0	0	0	0
LK-2209150	Rajawela	Rajawela	GND	895	0	0	0	0	0	0	0	0
LK-2209155	Ganimayaya	Gan Imayaya	GND	586	0	0	0	0	0	0	0	0
LK-2209160	Moragahamada	Moragahamada	GND	434	0	0	0	0	0	0	0	0
LK-2209165	Pilihudugolla Pahalagama	Pilihudugolla Pahalagama	GND	418	0	0	0	0	0	0	0	0
LK-2209170	Pilihudugolla Ihalagama	Pilihudugolla Ihalagama	GND	1013	29	26	0	0	0	0	0	0
LK-2209175	Arangala	Arangala	GND	1162	585	25	0	0	0	0	0	0
LK-2209180	Habaragahamada	Habaragahamada	GND	1120	0	0	0	0	0	0	0	0
LK-2209185	Elhena	Elhena	GND	414	20	0	0	0	0	0	0	0
LK-2209190	Diyankaduwa	Diyankaduwa	GND	267	0	0	0	0	0	0	0	0
LK-2209195	Alugolla	Alugolla	GND	609	0	0	0	0	0	0	0	0
LK-2209200	Nalanda	Nalanda	GND	1008	20	0	0	0	0	0	0	0
LK-2209205	Wambatuyaya	Wambatuyaya	GND	479	0	0	0	0	0	0	0	0
LK-2209210	Meegolla	Meegolla	GND	728	0	0	0	0	0	0	0	0
LK-2209215	Ududeniya	Ududeniya	GND	815	144	0	0	0	0	0	0	0
LK-2209220	Hapugasyaya	Hapugasyaya	GND	797	263	0	0	0	0	0	0	0
LK-2209225	Lihinipitiya	Lihinipitiya	GND	623	29	0	0	0	0	0	0	0
LK-2209230	Senagama	Senagama	GND	586	0	0	278	0	0	0	0	0
LK-2209235	Andawala	Andawala	GND	840	124	0	0	0	0	0	0	0
LK-2209240	Opalgala	Opalgala	GND	525	65	0	0	0	0	0	0	0
LK-2209245	Ambana	Ambana	GND	220	0	0	0	0	0	0	0	0
LK-2209250	Moragolla	Moragolla	GND	227	0	0	0	0	0	0	0	0
LK-2209255	Galboda	Galboda	GND	108	0	0	0	0	0	0	0	0
LK-2212	Pallepola	Pallepola	DSD	29426	939	27	1131	0	0	0	0	0
LK-2212005	Janakagama	Janakagama	GND	252	0	0	462	0	0	0	0	0
LK-2212010	Nilannoruwa Colony	Nilannoruwa Colony	GND	916	10	0	0	0	0	0	0	0
LK-2212015	Aluthgama	Aluthgama	GND	761	34	0	362	0	0	0	0	0
LK-2212020	Demada Oya	Demada Oya	GND	1011	0	0	0	0	0	0	0	0
LK-2212025	Mananwatta	Mananwatta	GND	595	0	0	129	0	0	0	0	0
LK-2212030	Nilannoruwa	Nilannoruwa	GND	756	0	0	178	0	0	0	0	0
LK-2212035	Thalakiriyawa	Thalakiriyawa	GND	1175	0	0	0	0	0	0	0	0
LK-2212040	Kirioruwa	Kirioruwa	GND	900	0	0	0	0	0	0	0	0
LK-2212045	Kosgolla	Kosgolla	GND	561	0	0	0	0	0	0	0	0
LK-2212050	Nagahapola	Nagahapola	GND	576	0	0	0	0	0	0	0	0
LK-2212055	Bomeruwa	Bomeruwa	GND	397	56	0	0	0	0	0	0	0
LK-2212060	Kobbevehera	Kobbevehera	GND	596	0	0	0	0	0	0	0	0
LK-2212065	Millawana Pahalagama	Millawana Pahalagama	GND	525	182	0	0	0	0	0	0	0
LK-2212070	Millawana Medagama	Millawana Medagama	GND	576	0	0	0	0	0	0	0	0
LK-2212075	Kandewatta	Kandewatta	GND	573	0	0	0	0	0	0	0	0
LK-2212080	Mahayayawatta	Mahayayawatta	GND	483	0	0	0	0	0	0	0	0
LK-2212085	Medalanda	Medalanda	GND	639	0	0	0	0	0	0	0	0
LK-2212090	Walmoruwa	Walmoruwa	GND	867	0	0	0	0	0	0	0	0
LK-2212095	Moragaspitiya	Moragaspitiya	GND	456	20	0	0	0	0	0	0	0
LK-2212100	Akuramboda	Akuramboda	GND	748	0	0	0	0	0	0	0	0
LK-2212105	Dewarammulla	Dewarammulla	GND	458	0	0	0	0	0	0	0	0
LK-2212110	Millawana Ihalagama	Millawana Ihalagama	GND	744	0	0	0	0	0	0	0	0
LK-2212115	Ambokka	Ambokka	GND	963	0	0	0	0	0	0	0	0
LK-2212120	Maningamuwa West	Maningamuwa West	GND	658	25	0	0	0	0	0	0	0
LK-2212125	Maningamuwa East	Maningamuwa East	GND	717	0	0	0	0	0	0	0	0
LK-2212130	Koswatta	Koswatta	GND	567	0	0	0	0	0	0	0	0
LK-2212135	Ekamuthugama	Ekamuthugama	GND	716	12	0	0	0	0	0	0	0
LK-2212140	Ambokudena	Ambokudena	GND	812	0	0	0	0	0	0	0	0
LK-2212145	Koholanwala	Koholanwala	GND	995	162	0	0	0	0	0	0	0
LK-2212150	Udurampelessa	Udurampelessa	GND	678	0	0	0	0	0	0	0	0
LK-2212155	Ehelepola	Ehelepola	GND	712	21	0	0	0	0	0	0	0
LK-2212160	Pallepola North	Pallepola North	GND	609	26	0	0	0	0	0	0	0
LK-2212165	Monaravila	Monaravila	GND	360	0	0	0	0	0	0	0	0
LK-2212170	Galahitiyagama	Galahitiyagama	GND	516	0	0	0	0	0	0	0	0
LK-2212175	Rusigama Ihalagama	Rusigama Ihalagama	GND	611	0	0	0	0	0	0	0	0
LK-2212180	Rusigama Pahalagama	Rusigama Pahalagama	GND	616	0	0	0	0	0	0	0	0
LK-2212185	Pallepola South	Pallepola South	GND	882	14	0	0	0	0	0	0	0
LK-2212190	Kinigama	Kinigama	GND	670	0	0	0	0	0	0	0	0
LK-2212195	Paldeniya	Paldeniya	GND	889	0	27	0	0	0	0	0	0
LK-2212200	Dodamgasyaya	Dodamgasyaya	GND	519	0	0	0	0	0	0	0	0
LK-2212205	Ariyagama	Ariyagama	GND	543	0	0	0	0	0	0	0	0
LK-2212210	Polwatta	Polwatta	GND	418	0	0	0	0	0	0	0	0
LK-2212215	Thembilideniya North	Thembilideniya North	GND	592	39	0	0	0	0	0	0	0
LK-2212220	Dimbulgamuwa	Dimbulgamuwa	GND	818	338	0	0	0	0	0	0	0
LK-2215	Yatawatta	Yatawatta	DSD	26879	2087	1197	2100	0	0	0	0	0
LK-2215005	Udagama West	Udagama West	GND	156	204	405	0	0	0	0	0	0
LK-2215010	Selagama	Selagama	GND	635	0	0	0	0	0	0	0	0
LK-2215015	Selagama East	Selagama East	GND	791	0	0	0	0	0	0	0	0
LK-2215020	Thembilideniya	Thembilideniya	GND	373	43	0	0	0	0	0	0	0
LK-2215025	Mathale North	Matale North	GND	684	949	29	0	0	0	0	0	0
LK-2215030	Kavudupelella	Kavudupelella	GND	1080	0	322	0	0	0	0	0	0
LK-2215035	Mahawela	Mahawela	GND	284	70	0	0	0	0	0	0	0
LK-2215040	Mahawela West	Mahawela West	GND	350	0	0	0	0	0	0	0	0
LK-2215045	Delgolla	Delgolla	GND	444	16	0	25	0	0	0	0	0
LK-2215050	Galagama	Galagama	GND	756	38	0	97	0	0	0	0	0
LK-2215055	Nagolla	Nagolla	GND	405	0	0	0	0	0	0	0	0
LK-2215060	Udagama	Udagama	GND	220	0	0	0	0	0	0	0	0
LK-2215065	Urulewatta	Urulewatta	GND	320	0	0	0	0	0	0	0	0
LK-2215070	Yatawatta	Yatawatta	GND	695	0	0	0	0	0	0	0	0
LK-2215075	Mediyapola	Mediyapola	GND	834	0	0	303	0	0	0	0	0
LK-2215080	Nikagolla	Nikagolla	GND	0	17	0	496	0	0	0	0	0
LK-2215085	Nikagolla North	Nikagolla North	GND	11	14	0	739	0	0	0	0	0
LK-2215090	Dikkumbura West	Dikkumbura West	GND	475	0	0	25	0	0	0	0	0
LK-2215095	Rathalawewa	Rathalawewa	GND	894	0	0	0	0	0	0	0	0
LK-2215100	Dikkumbura	Dikkumbura	GND	490	0	0	0	0	0	0	0	0
LK-2215105	Wattegedara	Wattegedara	GND	385	101	0	0	0	0	0	0	0
LK-2215110	Galaliyadda	Galaliyadda	GND	621	0	0	0	0	0	0	0	0
LK-2215115	Muruthawatta	Muruthawatta	GND	333	44	0	274	0	0	0	0	0
LK-2215120	Deevilla North	Deevilla North	GND	1273	0	0	0	0	0	0	0	0
LK-2215125	Deevilla	Deevilla	GND	507	0	0	0	0	0	0	0	0
LK-2215130	Dangan Place	Dangan Place	GND	1445	73	0	131	0	0	0	0	0
LK-2215135	Alokagama	Alokagama	GND	591	0	0	0	0	0	0	0	0
LK-2215140	Walpola	Walpola	GND	545	0	0	0	0	0	0	0	0
LK-2215145	Maligathenna	Maligathenna	GND	186	0	342	0	0	0	0	0	0
LK-2215150	Aluthwatta	Aluthwatta	GND	54	128	0	0	0	0	0	0	0
LK-2215155	Ambanpola	Ambanpola	GND	578	0	0	0	0	0	0	0	0
LK-2215160	Lakshahena	Lakshahena	GND	473	0	0	0	0	0	0	0	0
LK-2215165	Deevilla South	Deevilla South	GND	469	40	0	0	0	0	0	0	0
LK-2215170	Gammulla	Gammulla	GND	457	76	0	0	0	0	0	0	0
LK-2215175	Mottuwela	Mottuwela	GND	492	0	0	0	0	0	0	0	0
LK-2215180	Idangama	Idangama	GND	662	0	0	0	0	0	0	0	0
LK-2215185	Udasgiriya	Udasgiriya	GND	338	0	0	0	0	0	0	0	0
LK-2215190	Ethipallawala	Ethipallawala	GND	574	0	0	0	0	0	0	0	0
LK-2215195	Aluthgama North	Aluthgama North	GND	435	0	0	0	0	0	0	0	0
LK-2215200	Aluthgama	Aluthgama	GND	465	0	0	0	0	0	0	0	0
LK-2215205	Pamunuwa	Pamunuwa	GND	274	0	0	0	0	0	0	0	0
LK-2215210	Walawela	Walawela	GND	391	13	0	0	0	0	0	0	0
LK-2215215	Unaweruwa	Unaweruwa	GND	655	0	0	0	0	0	0	0	0
LK-2215220	Madadeniya	Madadeniya	GND	528	0	0	0	0	0	0	0	0
LK-2215225	Mathalapitiya	Mathalapitiya	GND	481	0	0	0	0	0	0	0	0
LK-2215230	Mathalapitiya South	Mathalapitiya South	GND	403	0	0	0	0	0	0	0	0
LK-2215235	Rathninda	Rathninda	GND	375	0	0	0	0	0	0	0	0
LK-2215240	Asgiri Dorakumbura	Asgiri Dorakumbura	GND	190	0	0	0	0	0	0	0	0
LK-2215245	Asgiri Dorakumbura East	Asgiri Dorakumbura East	GND	386	0	0	0	0	0	0	0	0
LK-2215250	Polwatta	Polwatta	GND	317	0	0	0	0	0	0	0	0
LK-2215255	Dullewa	Dullewa	GND	402	17	0	0	0	0	0	0	0
LK-2215260	Dullewa East	Dullewa East	GND	350	18	99	0	0	0	0	0	0
LK-2215265	Thalgahagoda	Thalgahagoda	GND	339	28	0	10	0	0	0	0	0
LK-2215270	Daluwela	Daluwela	GND	270	198	0	0	0	0	0	0	0
LK-2215275	Ethipola	Ethipola	GND	387	0	0	0	0	0	0	0	0
LK-2215280	Ethipola West	Ethipola West	GND	351	0	0	0	0	0	0	0	0
LK-2218	Matale	Matale	DSD	49895	13565	961	15550	79	63	0	0	0
LK-2218005	Narangamuwa	Narangamuwa	GND	767	105	0	0	0	0	0	0	0
LK-2218010	Madawala Ulpatha	Madawala Ulpatha	GND	1258	400	0	14	0	0	0	0	0
LK-2218015	Thalagasyaya	Thalagasyaya	GND	1284	247	0	140	0	0	0	0	0
LK-2218020	Madawala	Madawala	GND	507	14	0	729	0	0	0	0	0
LK-2218025	Rajjammana	Rajjammana	GND	1477	29	0	0	11	0	0	0	0
LK-2218030	Moragahamada	Moragahamada	GND	311	142	0	0	0	0	0	0	0
LK-2218035	Hathamunagala	Hathamunagala	GND	904	11	0	0	0	0	0	0	0
LK-2218040	Ankanda	Ankanda	GND	471	125	145	0	0	0	0	0	0
LK-2218045	Puwakpitiya	Puwakpitiya	GND	809	94	227	0	0	0	0	0	0
LK-2218050	Walliwela	Walliwela	GND	876	222	0	132	0	0	0	0	0
LK-2218055	Galwadukumbura	Galwadukumbura	GND	403	0	0	0	0	0	0	0	0
LK-2218060	Dombawela	Dombawela	GND	946	0	0	0	0	0	0	0	0
LK-2218065	Kawatayamuna	Kawatayamuna	GND	658	46	0	0	0	0	0	0	0
LK-2218070	Eriyagolla	Eriyagolla	GND	768	178	0	0	0	0	0	0	0
LK-2218075	Imbulandanda	Imbulandanda	GND	1005	179	0	0	0	0	0	0	0
LK-2218080	Golahenwatta	Golahenwatta	GND	574	40	0	0	0	0	0	0	0
LK-2218085	Parana Dombawela	Parana Dombawela	GND	907	74	0	0	0	14	0	0	0
LK-2218090	Ellepola	Ellepola	GND	362	47	0	0	0	0	0	0	0
LK-2218095	Palapathwala	Palapathwala	GND	2123	622	0	0	0	0	0	0	0
LK-2218100	Kottagoda	Kottagoda	GND	360	26	0	658	0	0	0	0	0
LK-2218105	Owala Polwatta	Owala Polwatta	GND	1085	0	0	0	0	0	0	0	0
LK-2218110	Makulgaharuppa	Makulgaharuppa	GND	906	114	0	0	0	0	0	0	0
LK-2218115	Udugama	Udugama	GND	733	24	0	0	0	0	0	0	0
LK-2218120	Kirigalpotta	Kirigalpotta	GND	1343	510	277	12	0	0	0	0	0
LK-2218125	Dunkalawatta	Dunkalawatta	GND	1604	19	0	19	0	0	0	0	0
LK-2218130	Dorakumbura	Dorakumbura	GND	1879	71	0	26	0	0	0	0	0
LK-2218135	Biridewala	Biridewala	GND	764	214	0	0	0	0	0	0	0
LK-2218140	Aluvihare	Aluvihare	GND	4064	842	35	227	0	0	0	0	0
LK-2218145	Dikkiriya	Dikkiriya	GND	625	243	0	28	0	0	0	0	0
LK-2218150	Parawatta	Parawatta	GND	819	1707	40	939	19	10	0	0	0
LK-2218155	Kaludewala	Kaludewala	GND	287	2851	66	758	21	0	0	0	0
LK-2218160	Mandandawela	Mandandawela	GND	371	810	33	903	0	25	0	0	0
LK-2218165	Bogahakotuwa	Bogahakotuwa	GND	1204	227	0	190	0	0	0	0	0
LK-2218170	Harasgama	Harasgama	GND	595	192	0	230	0	0	0	0	0
LK-2218175	Kandegedara	Kandegedara	GND	873	27	0	0	0	0	0	0	0
LK-2218180	Malwatta	Malwatta	GND	1496	311	26	73	15	0	0	0	0
LK-2218185	Vihara Road	Vihara Road	GND	950	420	52	350	0	0	0	0	0
LK-2218190	Muslim Town	Muslim Town	GND	128	625	0	3858	0	0	0	0	0
LK-2218195	Oya Pahala	Oya Pahala	GND	82	79	0	1699	0	0	0	0	0
LK-2218200	Gongawela	Gongawela	GND	245	183	20	2504	0	0	0	0	0
LK-2218205	Sinhala Town	Sinhala Town	GND	957	78	21	221	13	0	0	0	0
LK-2218210	Dodamdeniya	Dodamdeniya	GND	783	14	0	0	0	0	0	0	0
LK-2218215	Hulangamuwa South	Hulangamuwa south	GND	1177	15	0	19	0	0	0	0	0
LK-2218220	Hulangamuwa North	Hulangamuwa North	GND	1138	75	0	473	0	0	0	0	0
LK-2218225	Diyabubula	Diyabubula	GND	484	828	19	203	0	0	0	0	0
LK-2218230	Maligathenna	Maligathenna	GND	1821	325	0	1053	0	0	0	0	0
LK-2218235	Nagolla	Nagolla	GND	1169	107	0	73	0	14	0	0	0
LK-2218240	Pandivita	Pandivita	GND	873	0	0	0	0	0	0	0	0
LK-2218245	Pandivita Welagama	Pandivita Welagama	GND	1029	0	0	0	0	0	0	0	0
LK-2218250	Kotuwegedara North	Kotuwegedara North	GND	1084	10	0	0	0	0	0	0	0
LK-2218255	Koombiyangoda	Koombiyangoda	GND	799	20	0	19	0	0	0	0	0
LK-2218260	Kotuwegedara South	Kotuwegedara South	GND	1758	23	0	0	0	0	0	0	0
LK-2221	Ambanganga	Ambanganga Korale	DSD	11919	3215	614	61	0	0	0	0	0
LK-2221005	Kumbaloluwa	Kumbaloluwa	GND	737	109	0	0	0	0	0	0	0
LK-2221010	Gammaduwa	Gammaduwa	GND	164	1225	0	0	0	0	0	0	0
LK-2221015	Kalugalthenna	Kalugalthenna	GND	367	122	0	0	0	0	0	0	0
LK-2221020	Naguliyadda	Naguliyadda	GND	593	425	0	0	0	0	0	0	0
LK-2221025	Kosgolla	Kosgolla	GND	586	0	0	0	0	0	0	0	0
LK-2221030	Imbulgolla	Imbulgolla	GND	596	0	12	0	0	0	0	0	0
LK-2221035	Ranmuthugama	Ranmuthugama	GND	673	67	0	0	0	0	0	0	0
LK-2221040	Raithalawa	Raithalawa	GND	277	0	0	0	0	0	0	0	0
LK-2221045	Thibbatukanatha	Thibbatukanatha	GND	545	29	0	0	0	0	0	0	0
LK-2221050	Palle Eswedduma	Palle Eswedduma	GND	528	53	0	0	0	0	0	0	0
LK-2221055	Pallethenna	Pallethenna	GND	605	257	0	0	0	0	0	0	0
LK-2221060	Pussella	Pussella	GND	950	17	567	0	0	0	0	0	0
LK-2221065	Sirangahawatta	Sirangahawatta	GND	603	357	24	0	0	0	0	0	0
LK-2221070	Kavudagammana	Kavudagammana	GND	368	0	11	61	0	0	0	0	0
LK-2221075	Narangolla	Narangolla	GND	620	0	0	0	0	0	0	0	0
LK-2221080	Hunukete	Hunukete	GND	1054	196	0	0	0	0	0	0	0
LK-2221085	Metihakka	Metihakka	GND	1105	117	0	0	0	0	0	0	0
LK-2221090	Aluthwela	Aluthwela	GND	361	241	0	0	0	0	0	0	0
LK-2221095	Cloda	Cloda	GND	604	0	0	0	0	0	0	0	0
LK-2221100	Gurubebila	Gurubebila	GND	583	0	0	0	0	0	0	0	0
LK-2224	Laggala	Laggala-Pallegama	DSD	16259	16	0	0	0	0	0	0	0
LK-2224005	Maoya	Maoya	GND	2322	16	0	0	0	0	0	0	0
LK-2224010	Kandepitawala	Kandepitawela	GND	885	0	0	0	0	0	0	0	0
LK-2224015	Dewaladeniya	Dewaladeniya	GND	1673	0	0	0	0	0	0	0	0
LK-2224020	Kaluganga	Kaluganga	GND	744	0	0	0	0	0	0	0	0
LK-2224025	Akarahediya	Akarahediya	GND	3369	0	0	0	0	0	0	0	0
LK-2224030	Hattota Amuna	Hattota Amuna	GND	468	0	0	0	0	0	0	0	0
LK-2224035	Dasgiriya	Dasgiriya	GND	604	0	0	0	0	0	0	0	0
LK-2224040	Morathenna	Morathenna	GND	1001	0	0	0	0	0	0	0	0
LK-2224045	Wellewala	Wellewala	GND	660	0	0	0	0	0	0	0	0
LK-2224050	Weliwaranagolla	Weliwaranagolla	GND	449	0	0	0	0	0	0	0	0
LK-2224055	Leloya	Leloya	GND	498	0	0	0	0	0	0	0	0
LK-2224060	Pottatawela	Pottatawela	GND	77	0	0	0	0	0	0	0	0
LK-2224065	Dammanthenna	Dammanthenna	GND	51	0	0	0	0	0	0	0	0
LK-2224070	Gangalapuwakpitiya	Gangalapuwakpitiya	GND	293	0	0	0	0	0	0	0	0
LK-2224075	Divulgas Pathana	Divulgas Pathana	GND	0	0	0	0	0	0	0	0	0
LK-2224080	Pitawala	Pitawala	GND	169	0	0	0	0	0	0	0	0
LK-2224085	Kahagala	Kahagala	GND	116	0	0	0	0	0	0	0	0
LK-2224090	Ilukkumbura	Ilukkumbura	GND	147	0	0	0	0	0	0	0	0
LK-2224095	Mahalakotuwa	Mahalakotuwa	GND	121	0	0	0	0	0	0	0	0
LK-2224130	Galgedawala	Galgedawala	GND	143	0	0	0	0	0	0	0	0
LK-2224135	Guruwela	Guruwela	GND	472	0	0	0	0	0	0	0	0
LK-2224140	Kivulawadiya	Kivulawadiya	GND	350	0	0	0	0	0	0	0	0
LK-2224145	Halminiya	Halminiya	GND	266	0	0	0	0	0	0	0	0
LK-2224160	Meda Ela	Meda Ela	GND	120	0	0	0	0	0	0	0	0
LK-2224165	Rathninda	Rathninda	GND	133	0	0	0	0	0	0	0	0
LK-2224170	Etanwala	Etanwala	GND	107	0	0	0	0	0	0	0	0
LK-2224175	Ranamuregama	Ranamuregama	GND	412	0	0	0	0	0	0	0	0
LK-2224180	Narangamuwa	Narangamuwa	GND	338	0	0	0	0	0	0	0	0
LK-2224185	Lakegala	Lakegala	GND	271	0	0	0	0	0	0	0	0
LK-2227	Wilgamuwa	Wilgamuwa	DSD	33668	0	0	0	0	0	0	0	0
LK-2227005	Kumbukoya	Kumbukoya	GND	260	0	0	0	0	0	0	0	0
LK-2227010	Thunhiriyawewa	Thunhiriyawewa	GND	827	0	0	0	0	0	0	0	0
LK-2227015	Palupitiya	Palupitiya	GND	655	0	0	0	0	0	0	0	0
LK-2227020	Rattotayaya	Rattotayaya	GND	721	0	0	0	0	0	0	0	0
LK-2227025	Dunuvilapitiya	Dunuvilapitiya	GND	572	0	0	0	0	0	0	0	0
LK-2227030	Medakanda	Medakanda	GND	394	0	0	0	0	0	0	0	0
LK-2227035	Aliwanguwa	Aliwanguwa	GND	920	0	0	0	0	0	0	0	0
LK-2227040	Viharagama	Viharagama	GND	861	0	0	0	0	0	0	0	0
LK-2227045	Handungamuwa	Handungamuwa	GND	681	0	0	0	0	0	0	0	0
LK-2227050	Topwalapitiya	Topwalapitiya	GND	393	0	0	0	0	0	0	0	0
LK-2227055	Gemburuoya	Gemburuoya	GND	730	0	0	0	0	0	0	0	0
LK-2227060	Kumbukandana	Kumbukandana	GND	938	0	0	0	0	0	0	0	0
LK-2227065	Lediyangala	Lediyangala	GND	1120	0	0	0	0	0	0	0	0
LK-2227070	Karawgahawewa	Karawgahawewa	GND	960	0	0	0	0	0	0	0	0
LK-2227075	Radunnewewa	Radunnewewa	GND	884	0	0	0	0	0	0	0	0
LK-2227080	Maraka	Maraka	GND	844	0	0	0	0	0	0	0	0
LK-2227085	Malgammana	Malgammana	GND	747	0	0	0	0	0	0	0	0
LK-2227090	Bogahawewa	Bogahawewa	GND	939	0	0	0	0	0	0	0	0
LK-2227095	Aliyawala	Aliyawala	GND	297	0	0	0	0	0	0	0	0
LK-2227100	Veheragala	Veheragala	GND	961	0	0	0	0	0	0	0	0
LK-2227105	Himbiliyakada	Himbiliyakada	GND	297	0	0	0	0	0	0	0	0
LK-2227110	Hettipola	Hettipola	GND	2247	0	0	0	0	0	0	0	0
LK-2227115	Naminioya	Naminioya	GND	1118	0	0	0	0	0	0	0	0
LK-2227120	Dewagiriya	Dewagiriya	GND	1119	0	0	0	0	0	0	0	0
LK-2227125	Piduruella	Piduruella	GND	468	0	0	0	0	0	0	0	0
LK-2227130	Guruwelayaya	Guruwelayaya	GND	622	0	0	0	0	0	0	0	0
LK-2227135	Naminigama	Naminigama	GND	1290	0	0	0	0	0	0	0	0
LK-2227140	Perakanatta	Perakanatta	GND	993	0	0	0	0	0	0	0	0
LK-2227145	Wilgamuwa	Wilgamuwa	GND	416	0	0	0	0	0	0	0	0
LK-2227150	Wanarawa	Wanarawa	GND	1111	0	0	0	0	0	0	0	0
LK-2227155	Bathgampala	Bathgampala	GND	1782	0	0	0	0	0	0	0	0
LK-2227160	Nagolla	Nagolla	GND	1086	0	0	0	0	0	0	0	0
LK-2227165	Moragaha Ulpatha	Moragaha Ulpatha	GND	585	0	0	0	0	0	0	0	0
LK-2227170	Nugagolla	Nugagolla	GND	1510	0	0	0	0	0	0	0	0
LK-2227175	Meewaobe	Meewaobe	GND	1141	0	0	0	0	0	0	0	0
LK-2227180	80 Yaya	80 Yaya	GND	1092	0	0	0	0	0	0	0	0
LK-2227185	Sonutta	Sonutta	GND	946	0	0	0	0	0	0	0	0
LK-2227190	Uduwelwala	Uduwelwala	GND	898	0	0	0	0	0	0	0	0
LK-2227195	Sulugune	Sulugune	GND	243	0	0	0	0	0	0	0	0
LK-2230	Rattota	Rattota	DSD	38510	11165	1586	2159	30	56	0	0	0
LK-2230005	Ikirigolla	Ikirigolla	GND	697	248	0	0	0	0	0	0	0
LK-2230010	Pahala Owala	Pahala Owala	GND	931	23	0	0	0	0	0	0	0
LK-2230015	Ihala Owala	Ihala Owala	GND	999	253	22	0	12	0	0	0	0
LK-2230020	Kaikawala	Kaikawala	GND	1337	43	0	48	0	23	0	0	0
LK-2230025	Nikawella	Nikawella	GND	1093	19	0	0	0	0	0	0	0
LK-2230030	Kuruwawa	Kuruwawa	GND	972	211	0	124	18	0	0	0	0
LK-2230035	Rattota	Rattota	GND	573	656	74	244	0	0	0	0	0
LK-2230040	Bodhikotuwa	Bodhikotuwa	GND	557	31	0	84	0	0	0	0	0
LK-2230045	Dankanda	Dankanda	GND	727	0	0	0	0	0	0	0	0
LK-2230050	Kirimetiya	Kirimetiya	GND	599	0	0	0	0	0	0	0	0
LK-2230055	Polwattakanda	Polwattakanda	GND	694	32	0	0	0	0	0	0	0
LK-2230060	Dambagolla	Dambagolla	GND	515	367	59	0	0	0	0	0	0
LK-2230065	Medawatta	Medawatta	GND	34	671	0	0	0	0	0	0	0
LK-2230070	Weralugasthenna	Weralugasthenna	GND	865	0	0	0	0	0	0	0	0
LK-2230075	Madakumbura	Madakumbura	GND	445	318	0	0	0	0	0	0	0
LK-2230080	Maussagolla	Maussagolla	GND	456	0	0	0	0	0	0	0	0
LK-2230085	Wanaraniya	Wanaraniya	GND	808	58	0	103	0	0	0	0	0
LK-2230090	Lonvil	Lonvil	GND	955	837	20	0	0	0	0	0	0
LK-2230095	Maradurawala	Maradurawala	GND	921	31	0	0	0	0	0	0	0
LK-2230100	Pallegama	Pallegama	GND	1218	45	0	78	0	0	0	0	0
LK-2230105	Koswana North	Koswana North	GND	824	10	0	0	0	0	0	0	0
LK-2230110	Palle Weragama	Palle Weragama	GND	988	0	0	0	0	0	0	0	0
LK-2230115	Viharagama	Viharagama	GND	1480	1641	42	449	0	0	0	0	0
LK-2230120	Kaineka	Kaineka	GND	1356	39	0	28	0	0	0	0	0
LK-2230125	Uda Weragama	Uda Weragama	GND	805	13	0	0	0	0	0	0	0
LK-2230130	Meda Weragama	Meda Weragama	GND	587	0	0	0	0	0	0	0	0
LK-2230135	Koswana South	Koswana South	GND	597	0	0	0	0	0	0	0	0
LK-2230140	Bogambara	Bogambara	GND	840	0	0	0	0	0	0	0	0
LK-2230145	Galekoluwa	Galekoluwa	GND	1127	67	177	0	0	0	0	0	0
LK-2230150	Welangahawatta	Welangahawatta	GND	552	129	0	0	0	0	0	0	0
LK-2230155	Horagolla	Horagolla	GND	373	0	161	0	0	0	0	0	0
LK-2230160	Bambarakiriella	Bambarakiriella	GND	550	199	0	0	0	0	0	0	0
LK-2230165	Alakolamada	Alakolamada	GND	625	0	0	0	0	0	0	0	0
LK-2230170	Udagama	Udagama	GND	455	290	0	0	0	0	0	0	0
LK-2230175	Pitakanda	Pitakanda	GND	492	0	0	0	0	0	0	0	0
LK-2230180	Gansarapola	Gansarapola	GND	483	0	21	0	0	0	0	0	0
LK-2230185	Epitamulla	Epitamulla	GND	723	67	0	0	0	0	0	0	0
LK-2230190	Wetasyaya	Wetasyaya	GND	635	114	0	0	0	0	0	0	0
LK-2230195	Godapola	Godapala	GND	821	140	0	0	0	0	0	0	0
LK-2230200	Ulpothapitiya	Ulpothapitiya	GND	948	109	26	866	0	10	0	0	0
LK-2230205	Bandarapola	Bandarapola	GND	1059	39	0	14	0	23	0	0	0
LK-2230210	Muwandeniya	Muwandeniya	GND	908	11	0	0	0	0	0	0	0
LK-2230215	Palleyaya	Palleyaya	GND	486	0	0	0	0	0	0	0	0
LK-2230220	Neluwakanda	Neluwakanda	GND	777	0	0	0	0	0	0	0	0
LK-2230225	Punchiseluwakanda	Punchiseluwakanda	GND	162	847	316	0	0	0	0	0	0
LK-2230230	Thambalagala	Thambalagala	GND	0	772	185	0	0	0	0	0	0
LK-2230235	Kandenuwara West	Kandenuwara West	GND	330	389	304	21	0	0	0	0	0
LK-2230240	Kandenuwara East	Kandenuwara East	GND	507	692	167	100	0	0	0	0	0
LK-2230245	Alwatta	Alwatta	GND	1151	179	0	0	0	0	0	0	0
LK-2230250	Warapitiya	Warapitiya	GND	452	19	0	0	0	0	0	0	0
LK-2230255	Dombagoda	Dombagoda	GND	309	210	0	0	0	0	0	0	0
LK-2230260	Pahala Hapuvida	Pahala Hapuvida	GND	927	71	0	0	0	0	0	0	0
LK-2230265	Uda Hapuvida	Uda Hapuvida	GND	544	161	0	0	0	0	0	0	0
LK-2230270	Hangarankanda	Hangarankanda	GND	241	1114	12	0	0	0	0	0	0
LK-2233	Ukuwela	Ukuwela	DSD	45624	7157	2954	16238	74	39	0	0	0
LK-2233005	Galaudahena	Galaudahena	GND	217	141	0	0	0	0	0	0	0
LK-2233010	Makulemada	Makulemada	GND	172	10	0	0	0	0	0	0	0
LK-2233015	Pathingolla	Pathingolla	GND	623	0	0	0	0	0	0	0	0
LK-2233020	Wademada	Wademada	GND	394	0	0	0	0	0	0	0	0
LK-2233025	Wattegedara	Wattegedara	GND	195	0	0	0	0	0	0	0	0
LK-2233030	Watagoda	Watagoda	GND	365	0	0	0	0	0	0	0	0
LK-2233035	Pallekumbura	Pallekumbura	GND	384	0	0	0	0	0	0	0	0
LK-2233040	Katuattamada	Katuattamada	GND	471	0	0	0	0	0	0	0	0
LK-2233045	Panwatta	Panwatta	GND	361	12	0	0	0	0	0	0	0
LK-2233050	Alawathuwala	Alawathuwala	GND	387	0	0	0	0	0	0	0	0
LK-2233055	Horagahapitiya	Horagahapitiya	GND	569	0	0	0	0	0	0	0	0
LK-2233060	Ovilikanda	Ovilikanda	GND	523	233	0	0	0	0	0	0	0
LK-2233065	Kirimetiyawa	Kirimetiyawa	GND	191	0	0	0	0	0	0	0	0
LK-2233070	Thenna	Thenna	GND	691	0	0	0	0	0	0	0	0
LK-2233075	Muwagala	Muwagala	GND	384	50	0	0	0	0	0	0	0
LK-2233080	Ovilla	Ovilla	GND	507	0	0	0	0	0	0	0	0
LK-2233085	Enasalmada	Enasalmada	GND	588	13	168	0	0	0	0	0	0
LK-2233090	Thibbatuwawa	Thibbatuwawa	GND	534	0	0	0	0	0	0	0	0
LK-2233095	Dombagasdeniya	Dombagasdeniya	GND	835	132	0	0	0	0	0	0	0
LK-2233100	Kendagolla	Kendagolla	GND	1061	39	0	0	0	0	0	0	0
LK-2233105	Kohombiliwela	Kohombiliwela	GND	1058	405	0	76	0	0	0	0	0
LK-2233110	Wariyapola Watta	Wariyapola Watta	GND	943	839	0	301	0	0	0	0	0
LK-2233115	Wariyapola	Wariyapola	GND	1570	55	0	0	62	0	0	0	0
LK-2233120	Pananthadiya	Pananthadiya	GND	465	0	0	0	0	0	0	0	0
LK-2233125	Nawarathnagoda	Nawarathnagoda	GND	614	0	0	0	0	0	0	0	0
LK-2233130	Eriyagolla	Eriyagolla	GND	503	0	0	0	0	0	0	0	0
LK-2233135	Katudeniya	Katudeniya	GND	985	0	0	0	0	0	0	0	0
LK-2233140	Elwala	Elwala	GND	1705	74	0	0	0	0	0	0	0
LK-2233145	Pahalawela	Pahalawela	GND	1215	33	0	389	0	0	0	0	0
LK-2233150	Dehipitiya	Dehipitiya	GND	327	88	0	2114	0	0	0	0	0
LK-2233155	Purijjala	Purijjala	GND	980	0	0	0	0	0	0	0	0
LK-2233160	Udupihilla	Udupihilla	GND	1124	27	0	0	0	0	0	0	0
LK-2233165	Halangoda	Halangoda	GND	369	496	87	0	0	0	0	0	0
LK-2233170	Nagahathenna	Nagahathenna	GND	1576	31	0	0	0	0	0	0	0
LK-2233175	Warakamura	Warakamura	GND	129	24	0	1290	0	10	0	0	0
LK-2233180	Meedeniya	Meedeniya	GND	334	65	0	2292	0	0	0	0	0
LK-2233185	Nagolla	Nagolla	GND	1852	289	21	25	0	0	0	0	0
LK-2233190	Thawalankoya	Thawalankoya	GND	853	623	0	74	12	29	0	0	0
LK-2233195	Dumbukola	Dumbukola	GND	940	108	35	213	0	0	0	0	0
LK-2233200	Ukuwela	Ukuwela	GND	1400	576	10	528	0	0	0	0	0
LK-2233205	Udupitiya	Udupitiya	GND	974	47	0	0	0	0	0	0	0
LK-2233210	Kalalpitiya	Kalalpitiya	GND	962	18	0	138	0	0	0	0	0
LK-2233215	Balakaduwa	Balakaduwa	GND	417	192	16	0	0	0	0	0	0
LK-2233220	Bowatta	Bowatta	GND	807	0	0	0	0	0	0	0	0
LK-2233225	Manaboda	Manaboda	GND	135	146	0	2035	0	0	0	0	0
LK-2233230	Paragahawela	Paragahawela	GND	62	471	0	1986	0	0	0	0	0
LK-2233235	Udathenna	Udathenna	GND	730	0	0	0	0	0	0	0	0
LK-2233240	Hunuketawala	Hunuketawala	GND	462	278	0	0	0	0	0	0	0
LK-2233245	Leliambe	Leliambe	GND	163	0	403	0	0	0	0	0	0
LK-2233250	Elkaduwa Watta	Elkaduwa Watta	GND	369	334	528	0	0	0	0	0	0
LK-2233255	Elkaduwa	Elkaduwa	GND	781	115	0	10	0	0	0	0	0
LK-2233260	Udangamuwa	Udangamuwa	GND	436	0	0	0	0	0	0	0	0
LK-2233265	Kendagollamada	Kendagollamada	GND	393	0	0	0	0	0	0	0	0
LK-2233270	Wehigala	Wehigala	GND	658	0	0	0	0	0	0	0	0
LK-2233275	Rathwatta	Rathwatta	GND	415	186	0	0	0	0	0	0	0
LK-2233280	Weligala	Weligala	GND	379	0	0	0	0	0	0	0	0
LK-2233285	Kureewela	Kureewela	GND	1069	375	39	536	0	0	0	0	0
LK-2233290	Maberiya	Maberiya	GND	42	40	26	1089	0	0	0	0	0
LK-2233295	Marukona	Marukona	GND	343	175	0	2053	0	0	0	0	0
LK-2233300	Gurulawela South	Gurulawela South	GND	669	13	0	0	0	0	0	0	0
LK-2233305	Guralawela North	Gurulawela North	GND	626	21	0	0	0	0	0	0	0
LK-2233310	Nugapitiya	Nugapitiya	GND	887	0	0	0	0	0	0	0	0
LK-2233315	Kandemada	Kandemada	GND	400	0	0	0	0	0	0	0	0
LK-2233320	Ulpathapitiya	Ulpathapitiya	GND	499	18	349	160	0	0	0	0	0
LK-2233325	Raithalawela	Raithalawela	GND	450	35	32	847	0	0	0	0	0
LK-2233330	Kaduwela	Kaduwela	GND	892	246	0	82	0	0	0	0	0
LK-2233335	Pujagoda	Pujagoda	GND	651	0	0	0	0	0	0	0	0
LK-2233340	Pahala Wehigala	Pahala Wehigala	GND	620	0	0	0	0	0	0	0	0
LK-2233345	Talingamada	Talingamada	GND	566	0	0	0	0	0	0	0	0
LK-2233350	Hunnasgiriyawatta	Hunnasgiriyawatta	GND	58	84	1240	0	0	0	0	0	0
LK-2233355	Karagahahinna	Karagahahinna	GND	403	0	0	0	0	0	0	0	0
LK-2233360	Imbulpitiya	Imbulpitiya	GND	479	0	0	0	0	0	0	0	0
LK-2233365	Rangama	Rangama	GND	433	0	0	0	0	0	0	0	0
LK-23	Nuwara Eliya	Nuwara Eliya	DISTRICT	281904	59900	362152	18948	1064	157	0	0	0
LK-2302	Kothmale West	Kothmale West	DSD	26683	4840	3242	7059	18	0	0	0	0
LK-2302005	Doruwadeniya	Doruwadeniya	GND	440	0	0	0	0	0	0	0	0
LK-2302010	Polwathura	Polwathura	GND	346	0	0	366	0	0	0	0	0
LK-2302015	Pahala Gorakaoya	Pahala Gorakaoya	GND	553	36	0	1169	0	0	0	0	0
LK-2302020	Dambagalla	Dambagolla	GND	288	25	0	606	0	0	0	0	0
LK-2302025	Nayapana	Nayapana	GND	1060	0	0	0	0	0	0	0	0
LK-2302030	Kadadora	Kadadora	GND	1150	0	12	0	0	0	0	0	0
LK-2302035	Kotagepitiya North	Kotagepitiya North	GND	516	0	0	0	0	0	0	0	0
LK-2302115	Kotagepitiya South	Kotagepitiya South	GND	209	0	0	0	0	0	0	0	0
LK-2302120	Ranwanthalawa	Ranwanthalawa	GND	344	0	0	0	0	0	0	0	0
LK-2302125	Thispane Kanda	Thispane Kanda	GND	576	0	0	0	0	0	0	0	0
LK-2302130	Harangala	Harangala	GND	909	0	0	0	0	0	0	0	0
LK-2302135	Hapugasthalawa	Hapugasthalawa	GND	13	35	10	1922	0	0	0	0	0
LK-2302140	Kaludemada	Kaludemada	GND	35	150	0	1812	0	0	0	0	0
LK-2302145	Ihala Gorakaoya	Ihala Gorakaoya	GND	981	96	0	51	0	0	0	0	0
LK-2302150	Mallanda	Mallanda	GND	1185	219	70	605	18	0	0	0	0
LK-2302155	Ruwanpura	Ruwanpura	GND	912	487	374	216	0	0	0	0	0
LK-2302160	Werella Pathana	Werella Pathana	GND	374	0	0	0	0	0	0	0	0
LK-2302165	Halgolla	Halgolla	GND	1269	43	0	45	0	0	0	0	0
LK-2302170	Harangala South	Harangala South	GND	806	0	0	0	0	0	0	0	0
LK-2302175	Kirimetiyawa	Kirimetiyawa	GND	574	0	0	0	0	0	0	0	0
LK-2302180	Hunugaloya	Hunugaloya	GND	1137	0	0	0	0	0	0	0	0
LK-2302185	Godamaditta	Godamaditta	GND	926	35	0	0	0	0	0	0	0
LK-2302190	Wataddara	Wataddara	GND	300	0	0	0	0	0	0	0	0
LK-2302200	Nawangama	Nawangama	GND	77	0	0	0	0	0	0	0	0
LK-2302210	Wethalawa	Wethalawa	GND	385	0	0	0	0	0	0	0	0
LK-2302260	Hedunuwewa	Hedunuwewa	GND	326	0	0	0	0	0	0	0	0
LK-2302265	Kalapitiya East	Kalapitiya East	GND	444	0	0	232	0	0	0	0	0
LK-2302270	Kottunugoda	Kottunugoda	GND	388	0	0	0	0	0	0	0	0
LK-2302275	Kalapitiya West	Kalapitiya West	GND	406	0	0	0	0	0	0	0	0
LK-2302280	Weerasekarapura	Weerasekarapura	GND	518	0	0	35	0	0	0	0	0
LK-2302285	Rojersangama South	Rojersangama South	GND	594	0	0	0	0	0	0	0	0
LK-2302290	Rojersangama North	Rojersangama North	GND	477	0	0	0	0	0	0	0	0
LK-2302295	Dombagasthalawa	Dombagasthalawa	GND	421	134	599	0	0	0	0	0	0
LK-2302300	Katugolla	Katugolla	GND	613	74	30	0	0	0	0	0	0
LK-2302305	Thelissagala	Thelissagala	GND	1321	128	0	0	0	0	0	0	0
LK-2302310	Ketabulawa	Ketabulawa	GND	678	2034	645	0	0	0	0	0	0
LK-2302315	Wijayabahu Kanda	Wijayabahu Kanda	GND	279	0	0	0	0	0	0	0	0
LK-2302320	Rawanagoda West	Rawanagoda West	GND	371	0	0	0	0	0	0	0	0
LK-2302325	Udagama	Udagama	GND	531	0	0	0	0	0	0	0	0
LK-2302330	Rawanagoda East	Rawanagoda East	GND	240	0	0	0	0	0	0	0	0
LK-2302335	Methagama	Methagama	GND	619	0	0	0	0	0	0	0	0
LK-2302340	Maldeniya	Maldeniya	GND	508	0	0	0	0	0	0	0	0
LK-2302345	Katarandana	Katarandana	GND	590	0	0	0	0	0	0	0	0
LK-2302445	Beramana	Beramana	GND	484	0	0	0	0	0	0	0	0
LK-2302450	Beramana North	Beramana North	GND	473	0	0	0	0	0	0	0	0
LK-2302455	Kolapathana	Kolapathana	GND	102	438	761	0	0	0	0	0	0
LK-2302460	Queensberry	Queensberry	GND	48	906	741	0	0	0	0	0	0
LK-2302465	Beramana South	Beramana South	GND	274	0	0	0	0	0	0	0	0
LK-2302470	Weerapura	Weerapura	GND	613	0	0	0	0	0	0	0	0
LK-2303	Kothmale East	Kothmale East	DSD	27787	13135	19957	726	35	0	0	0	0
LK-2303040	Nawa Morape	Nawa Morape	GND	749	479	0	0	0	0	0	0	0
LK-2303045	Nawa Kadadora	Nawa Kadadora	GND	837	11	554	0	0	0	0	0	0
LK-2303050	Deltagemunupura	Deltagemunupura	GND	1061	11	617	0	0	0	0	0	0
LK-2303055	Hellboda	Hellboda	GND	214	2215	733	0	35	0	0	0	0
LK-2303060	Karagasthalawa	Karagasthalawa	GND	383	361	683	22	0	0	0	0	0
LK-2303065	Frotoft	Frotoft	GND	46	600	2242	0	0	0	0	0	0
LK-2303070	Ramboda	Ramboda	GND	801	133	1063	15	0	0	0	0	0
LK-2303075	Sangilipalama	Sangilipalama	GND	1371	186	0	70	0	0	0	0	0
LK-2303080	Panangammana	Panangammana	GND	1009	11	0	0	0	0	0	0	0
LK-2303085	Katukithula	Katukithula	GND	789	54	19	108	0	0	0	0	0
LK-2303090	Helsirigama	Helsirigama	GND	917	0	0	0	0	0	0	0	0
LK-2303095	Kothmalgama	Kothmalgama	GND	998	117	43	0	0	0	0	0	0
LK-2303100	Rajaela	Raja Ela	GND	825	289	74	13	0	0	0	0	0
LK-2303105	Mawela East	Mawela East	GND	500	0	0	0	0	0	0	0	0
LK-2303110	Mawela West	Mawela West	GND	781	0	0	0	0	0	0	0	0
LK-2303195	Maswela	Maswela	GND	294	0	0	0	0	0	0	0	0
LK-2303205	Mawela Kanda	Mawela Kanda	GND	367	0	0	0	0	0	0	0	0
LK-2303215	Gomburuoya	Gomburuoya	GND	624	0	0	0	0	0	0	0	0
LK-2303220	Wewahinna	Wewahinna	GND	473	0	0	0	0	0	0	0	0
LK-2303225	Delunthalamada	Delunthalamada	GND	493	0	0	0	0	0	0	0	0
LK-2303230	Ambathalawa	Ambathalawa	GND	956	168	0	0	0	0	0	0	0
LK-2303235	Malhewa	Malhewa	GND	672	0	0	0	0	0	0	0	0
LK-2303240	Rambodagama	Rambodagama	GND	675	10	0	0	0	0	0	0	0
LK-2303245	Wedamulla	Wedamulla	GND	52	666	1587	0	0	0	0	0	0
LK-2303250	Palagolla	Palagolla	GND	892	1540	239	34	0	0	0	0	0
LK-2303255	Niyamgamdora	Niyamgamdora	GND	822	162	41	16	0	0	0	0	0
LK-2303350	Kirindiwela	Kirindiwela	GND	820	14	11	0	0	0	0	0	0
LK-2303355	Kumbaloluwa	Kumbaloluwa	GND	513	11	0	0	0	0	0	0	0
LK-2303360	Medakanda	Medakanda	GND	342	245	0	57	0	0	0	0	0
LK-2303365	Egodawela	Egodawela	GND	211	12	44	0	0	0	0	0	0
LK-2303370	Pundaluoya North	Pundaluoya North	GND	185	501	631	33	0	0	0	0	0
LK-2303375	Labukele	Labukele	GND	76	1202	1640	0	0	0	0	0	0
LK-2303380	Kudaoya	Kudaoya	GND	992	29	0	0	0	0	0	0	0
LK-2303385	Samaneliya	Samaneliya	GND	520	10	0	27	0	0	0	0	0
LK-2303390	Kikiliyamana	Kikiliyamana	GND	669	31	0	0	0	0	0	0	0
LK-2303395	Dunsinane	Dunsinane	GND	72	65	3340	0	0	0	0	0	0
LK-2303400	Sheen	Sheen	GND	39	233	2518	29	0	0	0	0	0
LK-2303405	Sheengama	Sheengama	GND	941	102	178	19	0	0	0	0	0
LK-2303410	Pundaluoya South	Pundaluoya South	GND	734	521	1606	272	0	0	0	0	0
LK-2303415	Kadadorapitiya	Kadadorapitiya	GND	403	0	31	0	0	0	0	0	0
LK-2303420	Kosgaha Pathana	Kosgaha Pathana	GND	969	258	985	0	0	0	0	0	0
LK-2303425	Karagahayatathenna	Karagahayatathenna	GND	473	0	0	0	0	0	0	0	0
LK-2303430	Bogahawela	Bogahawela	GND	408	0	0	0	0	0	0	0	0
LK-2303435	Halpola	Halpola	GND	678	0	0	0	0	0	0	0	0
LK-2303440	Madakumbura	Madakumbura	GND	615	232	0	0	0	0	0	0	0
LK-2303475	Dunukedeniya	Dunukedeniya	GND	486	330	604	11	0	0	0	0	0
LK-2303480	Medakumbura North	Medakumbura North	GND	40	2326	474	0	0	0	0	0	0
LK-2306	Hanguranketa	Hanguranketha	DSD	51540	1742	5526	0	0	0	0	0	0
LK-2306005	Hingurukaduwa	Hingurukaduwa	GND	484	0	0	0	0	0	0	0	0
LK-2306010	Ambewela	Ambewela	GND	697	0	0	0	0	0	0	0	0
LK-2306015	Welikada	Welikada	GND	1018	0	0	0	0	0	0	0	0
LK-2306020	Idamalanda	Idamalanda	GND	1087	0	0	0	0	0	0	0	0
LK-2306025	Adikarigama	Adikarigama	GND	1525	0	0	0	0	0	0	0	0
LK-2306030	Karalliyadda	Karalliyadda	GND	700	0	0	0	0	0	0	0	0
LK-2306035	Bogahalanda	Bogahalanda	GND	741	0	0	0	0	0	0	0	0
LK-2306040	Hakuruthale	Hakuruthale	GND	178	0	0	0	0	0	0	0	0
LK-2306045	Maliyadda	Maliyadda	GND	341	0	0	0	0	0	0	0	0
LK-2306050	Mirahampe	Mirahampe	GND	167	0	0	0	0	0	0	0	0
LK-2306055	Pussalamankada	Pussalamankada	GND	860	0	0	0	0	0	0	0	0
LK-2306060	Yati Hanguranketha	Yati Hanguranketha	GND	922	0	0	0	0	0	0	0	0
LK-2306065	Delgahapitiya	Delgahapitiya	GND	719	20	0	0	0	0	0	0	0
LK-2306070	Sangaraja Gama	Sangaraja Gama	GND	1056	0	0	0	0	0	0	0	0
LK-2306075	Mudunapita	Mudunapita	GND	351	0	0	0	0	0	0	0	0
LK-2306080	Ganga Udagama	Ganga Udagama	GND	562	0	0	0	0	0	0	0	0
LK-2306085	Malulla	Malulla	GND	467	0	0	0	0	0	0	0	0
LK-2306090	Udawatta East	Udawatta East	GND	639	0	0	0	0	0	0	0	0
LK-2306095	Hilpenkandura	Hilpenkandura	GND	417	0	0	0	0	0	0	0	0
LK-2306100	Galauda North	Galauda North	GND	728	0	0	0	0	0	0	0	0
LK-2306105	Endiribedda	Endiribedda	GND	397	0	0	0	0	0	0	0	0
LK-2306115	Galauda South	Galauda South	GND	511	0	0	0	0	0	0	0	0
LK-2306120	Udakanda	Udakanda	GND	576	0	0	0	0	0	0	0	0
LK-2306125	Udawatta West	Udawatta West	GND	575	0	0	0	0	0	0	0	0
LK-2306130	Udawatta Kumbura	Udawatta Kumbura	GND	884	53	0	0	0	0	0	0	0
LK-2306135	Pallemaluwa	Pallemaluwa	GND	444	0	0	0	0	0	0	0	0
LK-2306140	Hanguranketha	Hanguranketha	GND	750	67	13	0	0	0	0	0	0
LK-2306145	Damunumeya North	Damunumeya North	GND	603	0	0	0	0	0	0	0	0
LK-2306150	Arattana	Arattana	GND	803	0	0	0	0	0	0	0	0
LK-2306155	Ambaliyadda	Ambaliyadda	GND	815	0	0	0	0	0	0	0	0
LK-2306160	Dampola	Dampola	GND	784	0	0	0	0	0	0	0	0
LK-2306165	Rekitipe	Rekitipe	GND	1023	0	0	0	0	0	0	0	0
LK-2306170	Hapuwala	Hapuwala	GND	911	13	0	0	0	0	0	0	0
LK-2306175	Dolugala	Dolugala	GND	775	0	0	0	0	0	0	0	0
LK-2306180	Deliwala	Deliwala	GND	725	0	0	0	0	0	0	0	0
LK-2306185	Madanwala	Madanwala	GND	623	0	0	0	0	0	0	0	0
LK-2306190	Damunumeya	Damunumeya	GND	556	0	0	0	0	0	0	0	0
LK-2306195	Kottala	Kottala	GND	787	12	0	0	0	0	0	0	0
LK-2306200	Diya - Udagama	Diya - Udagama	GND	858	30	11	0	0	0	0	0	0
LK-2306205	Uda Galauda	Uda Galauda	GND	735	0	0	0	0	0	0	0	0
LK-2306225	Dodamkumbura	Dodamkumbura	GND	1690	0	0	0	0	0	0	0	0
LK-2306230	Walalawela	Walalawela	GND	493	0	0	0	0	0	0	0	0
LK-2306235	Rathmetiya	Rathmetiya	GND	780	13	0	0	0	0	0	0	0
LK-2306240	Hapugasdeniya	Hapugasdeniya	GND	559	0	0	0	0	0	0	0	0
LK-2306245	Diggalpotta	Diggalpotta	GND	764	0	0	0	0	0	0	0	0
LK-2306250	Unanthenna	Unanthenna	GND	489	0	0	0	0	0	0	0	0
LK-2306255	Kosgaha Debala	kosgaha Debala	GND	748	0	0	0	0	0	0	0	0
LK-2306260	Warapitiya	Warapitiya	GND	282	0	0	0	0	0	0	0	0
LK-2306265	Medagama	Medagama	GND	533	0	0	0	0	0	0	0	0
LK-2306270	Bowala	Bowala	GND	573	0	0	0	0	0	0	0	0
LK-2306275	Kithulpe	Kithulpe	GND	695	0	0	0	0	0	0	0	0
LK-2306280	Makempe	Makempe	GND	328	0	0	0	0	0	0	0	0
LK-2306285	Puranagama	Puranagama	GND	234	0	0	0	0	0	0	0	0
LK-2306290	Ekiriya	Ekiriya	GND	424	0	0	0	0	0	0	0	0
LK-2306295	Poramadulla	Poramadulla	GND	2352	169	25	0	0	0	0	0	0
LK-2306300	Labuhena	Labuhena	GND	1135	0	0	0	0	0	0	0	0
LK-2306320	Rikillagaskada	Rikillagaskada	GND	2067	10	0	0	0	0	0	0	0
LK-2306345	Dimbulkumbura	Dimbulkumbura	GND	698	0	0	0	0	0	0	0	0
LK-2306375	Bulugahapitiya	Bulugahapitiya	GND	414	0	0	0	0	0	0	0	0
LK-2306380	Wegama	Wegama	GND	354	0	0	0	0	0	0	0	0
LK-2306385	Agappala	Agappala	GND	519	0	0	0	0	0	0	0	0
LK-2306390	Bambaragama	Bambaragama	GND	293	0	0	0	0	0	0	0	0
LK-2306395	Bambaragama East	Bambaragama East	GND	422	0	0	0	0	0	0	0	0
LK-2306400	Bambaragama West	Bambaragama West	GND	463	0	0	0	0	0	0	0	0
LK-2306405	Malanwatta	Malanwatta	GND	369	0	0	0	0	0	0	0	0
LK-2306410	Gannewa Udagama	Gannewa Udagama	GND	391	0	0	0	0	0	0	0	0
LK-2306415	Gedereiyawa	Gedereiyawa	GND	151	0	0	0	0	0	0	0	0
LK-2306420	Daraoya	Daraoya	GND	497	0	0	0	0	0	0	0	0
LK-2306425	Kirimetiya	Kirimetiya	GND	507	0	0	0	0	0	0	0	0
LK-2306430	Hope	Hope	GND	79	947	1974	0	0	0	0	0	0
LK-2306435	Wetesthenna	Wetesthenna	GND	378	0	0	0	0	0	0	0	0
LK-2306440	Handawalapitiya	Handawalapitiya	GND	658	0	0	0	0	0	0	0	0
LK-2306445	Karamidula	Karamidula	GND	454	0	0	0	0	0	0	0	0
LK-2306450	Madumana	Madumana	GND	877	0	0	0	0	0	0	0	0
LK-2306455	Rahathungoda	Rahathungoda	GND	426	93	497	0	0	0	0	0	0
LK-2306460	Enasal Arawa	Enasal Arawa	GND	722	0	0	0	0	0	0	0	0
LK-2306465	Kawatayamana	Kawatayamana	GND	428	23	0	0	0	0	0	0	0
LK-2306515	Rookwood Estate	Rookwood Estate	GND	246	96	1255	0	0	0	0	0	0
LK-2306520	Muloya	Muloya	GND	254	196	1751	0	0	0	0	0	0
LK-2307	Mathurata	Mathurata	DSD	28584	2131	2345	36	0	0	0	0	0
LK-2307110	Happawara	Happawara	GND	504	0	0	0	0	0	0	0	0
LK-2307210	Illagolla	Illagolla	GND	607	0	0	0	0	0	0	0	0
LK-2307215	Rammalakandura	Rammalakandura	GND	393	0	0	0	0	0	0	0	0
LK-2307220	Moragolla	Moragolla	GND	785	0	0	0	0	0	0	0	0
LK-2307305	Udawela Pathana	Udawela Pathana	GND	415	0	0	0	0	0	0	0	0
LK-2307310	Welampagoda	Welampagoda	GND	626	0	0	0	0	0	0	0	0
LK-2307315	Denike	Denike	GND	776	0	0	0	0	0	0	0	0
LK-2307325	Alawattegama	Alawattegama	GND	741	0	0	0	0	0	0	0	0
LK-2307330	Uda Makuruppa	Uda Makuruppa	GND	959	0	0	0	0	0	0	0	0
LK-2307335	Palle Makuruppa	Palle Makuruppa	GND	374	0	0	0	0	0	0	0	0
LK-2307340	Bogamuwa	Bogamuwa	GND	809	0	0	0	0	0	0	0	0
LK-2307350	Bodhiwela	Bodhiwela	GND	523	0	0	0	0	0	0	0	0
LK-2307355	Pallewela	Pallewela	GND	527	0	0	0	0	0	0	0	0
LK-2307360	Kaluattanagolla	Kaluattanagolla	GND	639	0	0	0	0	0	0	0	0
LK-2307365	Wadawala	Wadawala	GND	535	0	0	0	0	0	0	0	0
LK-2307370	Udalumada	Udalumada	GND	808	0	0	0	0	0	0	0	0
LK-2307470	Ehelamalpe	Ehelamalpe	GND	456	87	0	0	0	0	0	0	0
LK-2307475	Rathukurusa Janapadaya	Rathukurusa Janapadaya	GND	664	29	0	0	0	0	0	0	0
LK-2307480	Wilwala	Wilwala	GND	532	0	165	0	0	0	0	0	0
LK-2307485	Dehipe	Dehipe	GND	668	0	0	0	0	0	0	0	0
LK-2307490	Deniyagama	Deniyagama	GND	550	0	18	0	0	0	0	0	0
LK-2307495	Bodhimalkada	Bodhimalkada	GND	947	0	0	0	0	0	0	0	0
LK-2307500	Welapahala	Welapahala	GND	558	0	0	0	0	0	0	0	0
LK-2307505	Uda Padiyapelella	Uda Padiyapelella	GND	483	0	0	36	0	0	0	0	0
LK-2307510	Okandagala	Okandagala	GND	34	0	0	0	0	0	0	0	0
LK-2307525	Rathyaya	Rathyaya	GND	194	0	0	0	0	0	0	0	0
LK-2307530	Godigamuwa	Godigamuwa	GND	1305	152	0	0	0	0	0	0	0
LK-2307535	Manakola	Manakola	GND	475	0	0	0	0	0	0	0	0
LK-2307540	Marthuwela	Marthuwela	GND	839	0	0	0	0	0	0	0	0
LK-2307545	Idampitiya	Idampitiya	GND	448	0	0	0	0	0	0	0	0
LK-2307550	Mathurata	Mathurata	GND	634	0	0	0	0	0	0	0	0
LK-2307555	Udagama	Udagama	GND	210	0	0	0	0	0	0	0	0
LK-2307560	Merrygoll	Merrygold	GND	295	0	51	0	0	0	0	0	0
LK-2307565	Ketayapathana	Ketayapathana	GND	177	0	0	0	0	0	0	0	0
LK-2307570	Gonakele	Gonakele	GND	407	191	0	0	0	0	0	0	0
LK-2307575	Gonapitiya	Gonapitiya	GND	578	163	2111	0	0	0	0	0	0
LK-2307580	Bomellagoda	Bomellagoda	GND	206	0	0	0	0	0	0	0	0
LK-2307585	Dunukebedda	Dunukebedda	GND	352	0	0	0	0	0	0	0	0
LK-2307590	Wellagiriya	Wellagiriya	GND	375	0	0	0	0	0	0	0	0
LK-2307595	Ampitigoda	Ampitigoda	GND	514	0	0	0	0	0	0	0	0
LK-2307600	Wewathenna	Wewathenna	GND	272	0	0	0	0	0	0	0	0
LK-2307605	Metibembiya	Metibembiya	GND	460	0	0	0	0	0	0	0	0
LK-2307610	Goodwood	Goodwood	GND	580	0	0	0	0	0	0	0	0
LK-2307615	Hunukotuwa	Hunukotuwa	GND	642	0	0	0	0	0	0	0	0
LK-2307620	Medawela	Medawela	GND	523	0	0	0	0	0	0	0	0
LK-2307625	Labuhenwala	Labuhenwala	GND	416	0	0	0	0	0	0	0	0
LK-2307630	Ketahira	Ketahira	GND	527	0	0	0	0	0	0	0	0
LK-2307635	Deegalahinna	Deegalahinna	GND	499	1065	0	0	0	0	0	0	0
LK-2307640	Elamulla	Elamulla	GND	789	190	0	0	0	0	0	0	0
LK-2307645	Udawela	Udawela	GND	661	254	0	0	0	0	0	0	0
LK-2307650	Mandaram Nuwara	Mandaram Nuwara	GND	538	0	0	0	0	0	0	0	0
LK-2307655	Malsara Nuwara	Malsara Nuwara	GND	755	0	0	0	0	0	0	0	0
LK-2309	Walapane	Walapane	DSD	34340	5153	25158	514	0	0	0	0	0
LK-2309005	Serasunthenna	Serasunthenna	GND	616	0	0	0	0	0	0	0	0
LK-2309065	Ketakandura	Ketakandura	GND	379	0	0	0	0	0	0	0	0
LK-2309070	Batagolla	Batagolla	GND	141	0	0	0	0	0	0	0	0
LK-2309075	Thennehenwala	Thennehenwala	GND	536	0	0	0	0	0	0	0	0
LK-2309080	Deliwela South	Deliwela South	GND	375	0	0	0	0	0	0	0	0
LK-2309085	Deliwala North	Deliwela North	GND	464	0	0	0	0	0	0	0	0
LK-2309090	Pannala	Pannala	GND	675	0	0	0	0	0	0	0	0
LK-2309095	Serupitiya	Serupitiya	GND	929	0	0	0	0	0	0	0	0
LK-2309100	Mailagasthenna	Mailagasthenna	GND	403	0	0	0	0	0	0	0	0
LK-2309105	Andawala	Andawala	GND	219	0	0	0	0	0	0	0	0
LK-2309110	Naranthalawa	Naranthalawa	GND	188	0	0	0	0	0	0	0	0
LK-2309115	Ihala Pannala	Ihala Pannala	GND	307	0	0	0	0	0	0	0	0
LK-2309120	Wewakele	Wewakele	GND	317	0	0	0	0	0	0	0	0
LK-2309125	Kumbalgamuwa	Kumbalgamuwa	GND	836	0	0	0	0	0	0	0	0
LK-2309130	Kumbalgamuwa East	Kumbalgamuwa East	GND	564	0	0	0	0	0	0	0	0
LK-2309135	Mulhalkele	Mulhalkele	GND	1005	0	0	0	0	0	0	0	0
LK-2309140	Manelwala	Manelwala	GND	624	0	0	0	0	0	0	0	0
LK-2309145	Wathumulla	Wathumulla	GND	790	48	0	0	0	0	0	0	0
LK-2309150	Kendagolla	Kendagolla	GND	112	0	0	0	0	0	0	0	0
LK-2309255	Egodakanda	Egodakanda	GND	953	0	12	0	0	0	0	0	0
LK-2309260	Kandegama	Kandegama	GND	746	130	0	0	0	0	0	0	0
LK-2309265	Walapane	Walapane	GND	914	42	66	0	0	0	0	0	0
LK-2309270	Kurunduoya	Kurunduoya	GND	291	1537	355	0	0	0	0	0	0
LK-2309275	Liyanwela Ihalagama	Liyanwela Ihalagama	GND	592	0	0	0	0	0	0	0	0
LK-2309280	Madumana	Madumana	GND	669	0	0	0	0	0	0	0	0
LK-2309285	Ilukpelessa	Ilukpelessa	GND	457	0	0	0	0	0	0	0	0
LK-2309290	Unagolla	Unagolla	GND	711	0	0	0	0	0	0	0	0
LK-2309295	Liyanwala Pahalagama	Liyanwela Pahalagama	GND	1042	0	0	0	0	0	0	0	0
LK-2309300	Medakandura	Medakandura	GND	656	0	300	0	0	0	0	0	0
LK-2309305	Galabada	Galabada	GND	678	0	0	0	0	0	0	0	0
LK-2309310	Ambagaspitiya	Ambagaspitiya	GND	557	0	0	0	0	0	0	0	0
LK-2309315	Munwatta	Munwatta	GND	528	0	0	0	0	0	0	0	0
LK-2309320	Landupita	Landupita	GND	530	0	0	0	0	0	0	0	0
LK-2309325	Wetekegama	Wetekegama	GND	285	0	0	0	0	0	0	0	0
LK-2309330	Padiyapelella	Padiyapelella	GND	383	0	0	46	0	0	0	0	0
LK-2309335	Napatawela	Napatawela	GND	381	0	0	0	0	0	0	0	0
LK-2309340	Ukuthule	Ukuthule	GND	539	0	0	0	0	0	0	0	0
LK-2309345	Yatiwella	Yatiwella	GND	377	0	0	11	0	0	0	0	0
LK-2309350	Wetakepatha	Wetakepatha	GND	599	0	0	0	0	0	0	0	0
LK-2309355	Ukuthule East	Ukuthule East	GND	401	0	309	0	0	0	0	0	0
LK-2309360	Alakolawewa	Alakolawewa	GND	601	37	0	0	0	0	0	0	0
LK-2309365	High Forest	High Forest Estate	GND	32	11	2544	0	0	0	0	0	0
LK-2309370	Mahakudugala	Mahakudugala	GND	735	35	357	0	0	0	0	0	0
LK-2309375	Brookside	Brookside	GND	688	439	4213	16	0	0	0	0	0
LK-2309380	High Forest	High Forest	GND	85	12	1547	0	0	0	0	0	0
LK-2309385	Binganthalawa	Binganthalawa	GND	666	290	1749	0	0	0	0	0	0
LK-2309390	Maha Uva	Maha Uva	GND	280	879	1585	0	0	0	0	0	0
LK-2309395	Werellapathana	Werellapathana	GND	998	0	0	0	0	0	0	0	0
LK-2309485	Morabedda	Morabedda	GND	457	0	0	0	0	0	0	0	0
LK-2309490	Harasbedda North	Harasbedda North	GND	658	194	321	0	0	0	0	0	0
LK-2309495	Mahapathana	Mahapathana	GND	457	0	47	0	0	0	0	0	0
LK-2309500	Harasbedda South	Harasbedda South	GND	392	44	0	0	0	0	0	0	0
LK-2309505	Palalpathana	Palalpathana	GND	622	12	123	26	0	0	0	0	0
LK-2309510	Rathnayakapura	Rathnayakapura	GND	1006	951	1633	0	0	0	0	0	0
LK-2309515	Ragala Watta	Ragala Watta	GND	654	338	2773	73	0	0	0	0	0
LK-2309520	Manthreethenna	Manthreethenna	GND	1077	0	492	19	0	0	0	0	0
LK-2309525	Pandithaya Kumbura	Pandithaya Kumbura	GND	828	0	0	0	0	0	0	0	0
LK-2309575	Senarathpura	Senarathpura	GND	557	54	2142	36	0	0	0	0	0
LK-2309580	St. Leonard	St. Leonard	GND	88	10	2553	0	0	0	0	0	0
LK-2309585	Ragala	Ragala	GND	877	50	924	199	0	0	0	0	0
LK-2309590	Ekangapura	Ekangapura	GND	205	19	806	0	0	0	0	0	0
LK-2309595	Samagipura	Samagipura	GND	608	21	307	88	0	0	0	0	0
LK-2310	Nildandahinna	Nildandahinna	DSD	32388	1813	7874	248	0	0	0	0	0
LK-2310010	Morangathenna	Morangathenna	GND	299	0	0	0	0	0	0	0	0
LK-2310015	Hegasulla	Hegasulla	GND	450	0	0	0	0	0	0	0	0
LK-2310020	Bolagandawela	Bolagandawela	GND	271	0	0	0	0	0	0	0	0
LK-2310025	Ambagahathenna	Ambagahathenna	GND	660	0	0	0	0	0	0	0	0
LK-2310030	Helagama	Helagama	GND	491	0	0	0	0	0	0	0	0
LK-2310035	Mallagama	Mallagama	GND	531	0	0	0	0	0	0	0	0
LK-2310040	Dulana	Dulana	GND	326	0	0	0	0	0	0	0	0
LK-2310045	Galketiwela	Galketiwela	GND	427	0	0	0	0	0	0	0	0
LK-2310050	Ellakumbura	Ellakumbura	GND	729	0	0	0	0	0	0	0	0
LK-2310055	Muganagahapitiya	Muganagahapitiya	GND	399	0	0	0	0	0	0	0	0
LK-2310060	Hapugahapitiya	Hapugahapitiya	GND	237	0	0	0	0	0	0	0	0
LK-2310155	Arampitiya	Arampitiya	GND	708	0	0	0	0	0	0	0	0
LK-2310160	Yombuwelthenna	Yombuwelthenna	GND	348	0	0	0	0	0	0	0	0
LK-2310165	Udawela	Udawela	GND	607	0	0	0	0	0	0	0	0
LK-2310170	Kalaganwatta	Kalaganwatta	GND	676	0	0	0	0	0	0	0	0
LK-2310175	Theripehe	Theripehe	GND	351	0	0	0	0	0	0	0	0
LK-2310180	Udamadura North	Udamadura North	GND	507	0	0	0	0	0	0	0	0
LK-2310185	Galkadawela	Galkadawela	GND	405	0	0	0	0	0	0	0	0
LK-2310190	Yatimadura	Yatimadura	GND	690	0	0	0	0	0	0	0	0
LK-2310195	Kandeyaya	Kandeyaya	GND	1131	0	0	0	0	0	0	0	0
LK-2310200	Madulla North	Madulla North	GND	804	0	0	0	0	0	0	0	0
LK-2310205	Thunhitiyawa	Thunhitiyawa	GND	588	0	0	0	0	0	0	0	0
LK-2310210	Wewathenna	Wewathenna	GND	453	0	0	0	0	0	0	0	0
LK-2310215	Kosgolla	Kosgolla	GND	657	0	0	0	0	0	0	0	0
LK-2310220	Udamadura	Udamadura	GND	553	0	0	0	0	0	0	0	0
LK-2310225	Ambanella	Ambanella	GND	520	0	0	0	0	0	0	0	0
LK-2310230	Dabbare	Dabbare	GND	584	0	0	0	0	0	0	0	0
LK-2310235	Nildandaheenna	Nildandaheenna	GND	1946	0	0	0	0	0	0	0	0
LK-2310240	Rambuke	Rambuke	GND	274	0	0	0	0	0	0	0	0
LK-2310245	Watambe	Watambe	GND	361	0	0	0	0	0	0	0	0
LK-2310250	Thibbatugoda	Thibbatugoda	GND	274	0	0	0	0	0	0	0	0
LK-2310400	Thibbatugoda South	Thibbatugoda South	GND	422	0	0	0	0	0	0	0	0
LK-2310405	Goradiyagolla	Goradiyagolla	GND	533	0	0	0	0	0	0	0	0
LK-2310410	Denambure	Denambure	GND	343	0	0	0	0	0	0	0	0
LK-2310415	Purankumbura	Purankumbura	GND	384	0	0	0	0	0	0	0	0
LK-2310420	Hegama	Hegama	GND	297	0	0	0	0	0	0	0	0
LK-2310425	Dambagolla	Dambagolla	GND	404	0	0	0	0	0	0	0	0
LK-2310430	Demataarawa	Demataarawa	GND	393	0	0	0	0	0	0	0	0
LK-2310435	Madulla South	Madulla South	GND	781	0	0	0	0	0	0	0	0
LK-2310440	Morahela	Morahela	GND	927	0	0	0	0	0	0	0	0
LK-2310445	Meepanawa	Meepanawa	GND	466	0	0	0	0	0	0	0	0
LK-2310450	Roopaha East	Roopaha East	GND	160	0	0	0	0	0	0	0	0
LK-2310455	Pallewela	Pallewela	GND	477	0	0	0	0	0	0	0	0
LK-2310460	Palugama	Palugama	GND	630	0	0	0	0	0	0	0	0
LK-2310465	Kotambe	Kotambe	GND	551	0	0	0	0	0	0	0	0
LK-2310470	Karandagolla	Karandagolla	GND	594	0	0	0	0	0	0	0	0
LK-2310475	Udagama	Udagama	GND	404	0	0	0	0	0	0	0	0
LK-2310480	Kumbukwela	Kumbukwela	GND	292	0	0	0	0	0	0	0	0
LK-2310530	Roopaha	Roopaha	GND	366	0	0	0	0	0	0	0	0
LK-2310535	Mathetilla	Mathetilla	GND	579	0	0	0	0	0	0	0	0
LK-2310540	Embulampaha	Embulampaha	GND	321	0	0	0	0	0	0	0	0
LK-2310545	Maliyadda	Maliyadda	GND	537	76	0	0	0	0	0	0	0
LK-2310550	Kurupanawela	Kurupanawela	GND	555	0	176	0	0	0	0	0	0
LK-2310555	Wathulanda East	Wathulanda East	GND	292	0	0	0	0	0	0	0	0
LK-2310560	Wathulanda West	Wathulanda West	GND	369	0	0	0	0	0	0	0	0
LK-2310565	Ambaliyadda	Ambaliyadda	GND	451	0	0	0	0	0	0	0	0
LK-2310570	Galkadapathana	Galkadapathana	GND	1094	69	0	70	0	0	0	0	0
LK-2310600	Delmar	Delmar	GND	344	0	2839	0	0	0	0	0	0
LK-2310605	Sooriyagahapathana Ihala	Sooriyagahapathana Ihala	GND	403	43	13	0	0	0	0	0	0
LK-2310610	Sooriyagahapathana Pahala	Sooriyagahapathana Pahala	GND	604	317	0	145	0	0	0	0	0
LK-2310615	Udapussellawa South	Udapussellawa South	GND	283	10	2097	0	0	0	0	0	0
LK-2310620	St. Magret	St. Magret	GND	381	1298	1761	0	0	0	0	0	0
LK-2310625	Udapussellawa North	Udapussellawa North	GND	494	0	988	33	0	0	0	0	0
LK-2312	Nuwara Eliya	Nuwara Eliya	DSD	29758	17136	36666	4343	257	51	0	0	0
LK-2312030	Bangalahatha	Bangalahatha	GND	455	24	2728	95	0	0	0	0	0
LK-2312035	Toppass	Toppass	GND	995	1275	177	53	0	0	0	0	0
LK-2312040	Park	Park	GND	188	184	3869	152	40	0	0	0	0
LK-2312045	Concordia	Concordia	GND	238	214	3034	20	0	0	0	0	0
LK-2312050	Kandapola	Kandapola	GND	418	465	247	161	0	0	0	0	0
LK-2312055	Kandapola Central	Kandapola Central	GND	759	951	1230	29	14	0	0	0	0
LK-2312060	Hawaeliya East	Hawaeliya East	GND	1424	502	168	201	21	22	0	0	0
LK-2312065	Bambarakele	Bambarakele	GND	1012	1203	433	268	0	0	0	0	0
LK-2312070	Nuwaraeliya West	Nuwara Eliya West	GND	425	279	804	56	12	0	0	0	0
LK-2312075	Shanthipura	Shanthipura	GND	1166	181	0	92	0	0	0	0	0
LK-2312080	Kalapura	Kalapura	GND	772	10	2690	210	0	0	0	0	0
LK-2312140	Rathnagiriya	Rathnagiriya	GND	768	902	835	30	26	0	0	0	0
LK-2312150	Summerset	Summerset	GND	106	1317	1727	15	0	0	0	0	0
LK-2312155	Nanuoya	Nanuoya	GND	298	632	2834	36	0	0	0	0	0
LK-2312160	Windicorner	Windicorner	GND	1029	555	14	161	11	0	0	0	0
LK-2312165	Nuwaraeliya	Nuwara Eliya	GND	293	268	160	112	0	0	0	0	0
LK-2312170	Nuwara Eliya Central	Nuwara Eliya Central	GND	1657	1392	324	451	17	29	0	0	0
LK-2312175	Hawaeliya North	Hawaeliya North	GND	960	912	28	185	0	0	0	0	0
LK-2312180	Hawaeliya West	Hawaeliya West	GND	998	638	10	365	0	0	0	0	0
LK-2312185	Bulu Ela	Bulu Ela	GND	1090	169	325	124	0	0	0	0	0
LK-2312190	Galpalama	Galpalama	GND	905	0	213	0	0	0	0	0	0
LK-2312195	Jayalanka	Jayalanka	GND	1203	245	0	44	0	0	0	0	0
LK-2312200	Kandapola East	Kandapola East	GND	663	99	0	134	0	0	0	0	0
LK-2312205	Pedro	Pedro	GND	191	877	3127	49	0	0	0	0	0
LK-2312210	Goredihela	Goredihela	GND	1052	103	95	52	14	0	0	0	0
LK-2312215	Seethaeliya	Seethaeliya	GND	1049	503	0	204	0	0	0	0	0
LK-2312220	Sandathenna	Sandathenna	GND	1034	927	889	109	0	0	0	0	0
LK-2312225	Kelegala	Kelegala	GND	812	223	459	59	0	0	0	0	0
LK-2312230	Kalukele	Kalukele	GND	605	115	363	38	0	0	0	0	0
LK-2312235	Magasthota	Magasthota	GND	788	93	38	37	0	0	0	0	0
LK-2312240	Ruwaneliya	Ruwaneliya	GND	595	119	2097	26	102	0	0	0	0
LK-2312245	Perakumpura	Perakumpura	GND	668	575	2878	19	0	0	0	0	0
LK-2312250	Kirimetiya	Kirimetiya	GND	21	242	3671	69	0	0	0	0	0
LK-2312290	Magoda	Magoda	GND	997	217	0	182	0	0	0	0	0
LK-2312295	Mihindupura	Mihindupura	GND	1112	78	16	124	0	0	0	0	0
LK-2312300	Meepilimana	Meepilimana	GND	1819	123	14	178	0	0	0	0	0
LK-2312305	Ambewela	Ambewela	GND	308	118	214	84	0	0	0	0	0
LK-2312310	Pattipola	Pattipola	GND	885	406	955	119	0	0	0	0	0
LK-2313	Thalawakele	Thalawakelle	DSD	8689	5538	113494	1210	433	19	0	0	0
LK-2313005	Bogahawatta	Bogahawatta	GND	394	183	3543	14	0	0	0	0	0
LK-2313010	Mount Vernon	Mount Vernon	GND	13	26	2469	0	0	0	0	0	0
LK-2313015	Watagoda	Watagoda	GND	314	20	4228	13	35	0	0	0	0
LK-2313020	Hollyrood	Hollyrood	GND	816	23	2841	82	0	0	0	0	0
LK-2313025	Great Western	Great Western	GND	87	0	2821	0	46	0	0	0	0
LK-2313085	Bearwell	Barewell	GND	72	1188	2376	0	0	0	0	0	0
LK-2313090	Thalawakele	Thalawakele	GND	1045	713	2410	198	0	0	0	0	0
LK-2313095	Devon	Devon	GND	220	52	2738	47	44	0	0	0	0
LK-2313100	Dimbula	Dimbula	GND	615	108	4188	129	34	19	0	0	0
LK-2313105	Stonycliff	Stonycliff	GND	72	28	3369	0	0	0	0	0	0
LK-2313110	Kuduoya	Kuduoya	GND	304	36	5197	74	0	0	0	0	0
LK-2313115	Kotagala	Kotagala	GND	493	117	5949	60	152	0	0	0	0
LK-2313120	Drayton	Drayton	GND	19	47	4006	0	0	0	0	0	0
LK-2313125	Yulefield	Yulefield	GND	43	0	3834	0	0	0	0	0	0
LK-2313130	Coombewood	Coombewood	GND	239	95	3555	30	0	0	0	0	0
LK-2313135	Lindula	Lindula	GND	559	0	2808	51	0	0	0	0	0
LK-2313145	Waltrim	Waltrim	GND	256	30	7632	53	15	0	0	0	0
LK-2313255	Nagasena	Nagasena	GND	207	964	4333	13	0	0	0	0	0
LK-2313260	Eildonhall	Eildonhall	GND	52	12	3350	51	0	0	0	0	0
LK-2313265	Rahanwatta	Rahanwatta	GND	60	12	2822	0	0	0	0	0	0
LK-2313270	Balmoral	Balmoral	GND	28	0	2908	0	0	0	0	0	0
LK-2313275	Hallbrook	Hallbrook	GND	586	707	2083	163	0	0	0	0	0
LK-2313280	Henfold	Henfold	GND	95	461	3405	56	0	0	0	0	0
LK-2313285	Thangakele	Thangakele	GND	18	0	2281	0	0	0	0	0	0
LK-2313315	Lippakelle	Lippakelle	GND	13	67	2659	0	0	0	0	0	0
LK-2313320	Dayagama West	Dayagama West	GND	28	195	2674	0	54	0	0	0	0
LK-2313325	Sandrinham	Sandrinham	GND	155	0	2882	0	0	0	0	0	0
LK-2313330	Glasgow	Glasgow	GND	292	408	2980	20	0	0	0	0	0
LK-2313335	Braemore	Braemore	GND	70	0	2049	0	0	0	0	0	0
LK-2313340	Albion	Albian	GND	72	28	3776	0	0	0	0	0	0
LK-2313345	Elbedda	Elbedda	GND	245	18	3716	156	53	0	0	0	0
LK-2313350	Agarapathana	Agarapathana	GND	1129	0	778	0	0	0	0	0	0
LK-2313355	Weverly	Weverly	GND	30	0	3156	0	0	0	0	0	0
LK-2313360	Dayagama East	Dayagama East	GND	48	0	3678	0	0	0	0	0	0
LK-2314	Norwood	Norwood	DSD	9267	6113	140727	4723	321	87	0	0	0
LK-2314165	Rosella	Rosella	GND	176	437	3061	14	0	0	0	0	0
LK-2314170	Welioya	Welioya	GND	75	18	4762	0	0	0	0	0	0
LK-2314175	Maussakele	Maussakele	GND	479	0	3995	0	0	0	0	0	0
LK-2314180	Lethant	Lethant	GND	236	33	5842	11	0	0	0	0	0
LK-2314185	Shanon	Shanon	GND	77	289	2427	67	0	0	0	0	0
LK-2314190	Hatton East	Hatton East	GND	566	214	3497	1120	0	11	0	0	0
LK-2314195	Hatton South	Hatton South	GND	349	450	3162	70	48	0	0	0	0
LK-2314200	Panmur	Panmur	GND	46	0	1694	0	76	0	0	0	0
LK-2314205	Ruwanpura	Ruwanpura	GND	612	214	1863	88	0	0	0	0	0
LK-2314210	Hatton West	Hatton West	GND	742	242	873	181	29	0	0	0	0
LK-2314215	Hatton North	Hatton North	GND	1906	317	4358	1248	43	45	0	0	0
LK-2314220	Dickoya	Dickoya	GND	62	0	3680	23	0	0	0	0	0
LK-2314225	Annfield	Annfield	GND	45	27	7145	29	0	0	0	0	0
LK-2314230	Dickoya South	Dickoya South	GND	152	41	3704	335	0	0	0	0	0
LK-2314235	Injuster	Injustry	GND	52	20	5047	0	0	0	0	0	0
LK-2314240	Wanarajah	Wanarajah	GND	150	26	4230	18	52	0	0	0	0
LK-2314245	Newvalleygama	New Weligama	GND	448	1397	1993	23	0	21	0	0	0
LK-2314250	Norwood	Norwood	GND	399	1074	5116	92	0	0	0	0	0
LK-2314255	Maskeliya	Maskeliya	GND	485	21	3314	342	50	0	0	0	0
LK-2314260	Brownlow	Brownlow	GND	601	549	3293	123	23	0	0	0	0
LK-2314265	Seethagangula	Seethagangula	GND	360	75	3558	0	0	0	0	0	0
LK-2314270	Moray	Moray	GND	50	0	3411	0	0	0	0	0	0
LK-2314275	Mocha	Moca	GND	64	0	3604	0	0	0	0	0	0
LK-2314280	Brownswick	Brownswick	GND	160	0	4910	0	0	0	0	0	0
LK-2314285	Gawarawila	Gawarawila	GND	70	0	4852	16	0	0	0	0	0
LK-2314290	Mahanelu	Mahanelu	GND	44	42	2404	0	0	0	0	0	0
LK-2314295	Venture	Venture	GND	87	457	4929	0	0	0	0	0	0
LK-2314300	Tillary	Tillary	GND	15	0	2132	52	0	0	0	0	0
LK-2314305	Kirkoswald	Kirkoswald	GND	169	32	8762	98	0	0	0	0	0
LK-2314310	Bogawana	Bogawana	GND	69	12	4833	14	0	0	0	0	0
LK-2314315	Loinon	Loinon	GND	59	26	6517	78	0	0	0	0	0
LK-2314320	Kotiyagala	Kotiyagala	GND	19	0	2810	151	0	10	0	0	0
LK-2314325	Bagawanthalawa South	Bagawanthalawa South	GND	179	51	5683	530	0	0	0	0	0
LK-2314330	Aulton Watta	Aulton Watta	GND	59	25	4912	0	0	0	0	0	0
LK-2314335	Strathspey	Strathspey	GND	205	24	4354	0	0	0	0	0	0
LK-2315	Ambagamuwa Korale	Ambagamuwa Koralaya	DSD	32868	2299	7163	89	0	0	0	0	0
LK-2315005	Kalugala	Kalugala	GND	923	17	0	0	0	0	0	0	0
LK-2315010	Pitawala	Pitawala	GND	1198	13	0	0	0	0	0	0	0
LK-2315015	Bulathgama	Bulathgama	GND	1826	15	0	0	0	0	0	0	0
LK-2315020	Gonawala	Gonawala	GND	878	0	262	0	0	0	0	0	0
LK-2315025	Ambagamuwa North	Ambagamuwa North	GND	945	300	0	0	0	0	0	0	0
LK-2315030	Sellipigama	Sellipigama	GND	2568	0	0	0	0	0	0	0	0
LK-2315035	Ambagamuwa East	Ambagamuwa East	GND	882	0	624	0	0	0	0	0	0
LK-2315040	Ambagamuwa South	Ambagamuwa South	GND	1130	65	407	0	0	0	0	0	0
LK-2315045	Rampadeniya	Rampadeniya	GND	834	633	0	0	0	0	0	0	0
LK-2315050	Millagahamula	Millagahamula	GND	887	21	0	0	0	0	0	0	0
LK-2315055	Dagampitiya	Dagampitiya	GND	1130	0	0	0	0	0	0	0	0
LK-2315060	Polpitiya	Polpitiya	GND	1106	0	0	0	0	0	0	0	0
LK-2315065	Minuwandeniya	Minuwandeniya	GND	797	0	0	0	0	0	0	0	0
LK-2315070	Hitigama	Hitigegama	GND	755	0	0	0	0	0	0	0	0
LK-2315075	Kehelwarawa	Kehelwarawa	GND	895	0	0	0	0	0	0	0	0
LK-2315080	Homagama	Homagama	GND	1082	0	0	0	0	0	0	0	0
LK-2315085	Hambakanda	Hebbekanda	GND	965	0	0	0	0	0	0	0	0
LK-2315090	Samansirigama	Samansirigama	GND	793	0	0	0	0	0	0	0	0
LK-2315095	Theeniyagala	Theeniyagala	GND	711	0	0	0	0	0	0	0	0
LK-2315100	Ginigathhena	Ginigathhena	GND	1658	398	770	0	0	0	0	0	0
LK-2315105	Dehigasthenna	Dehigasthenna	GND	1534	0	0	0	0	0	0	0	0
LK-2315110	Keleweldeniya	Kalaweldeniya	GND	889	0	0	0	0	0	0	0	0
LK-2315115	Morahenagama	Morahenagama	GND	1292	0	0	0	0	0	0	0	0
LK-2315120	Hangarapitiya	Hangarapitiya	GND	462	0	0	0	0	0	0	0	0
LK-2315125	Jambuthenna	Jambuthenna	GND	1129	0	0	0	0	0	0	0	0
LK-2315130	Kottellena	Kottellena	GND	500	717	248	0	0	0	0	0	0
LK-2315135	Waggama	Waggama	GND	813	0	0	0	0	0	0	0	0
LK-2315140	Lakshapana	Lakshapana	GND	1289	0	0	0	0	0	0	0	0
LK-2315145	Kiriwaneliya	Kiriwaneliya	GND	771	0	28	0	0	0	0	0	0
LK-2315150	Vidulipura South	Vidulipura South	GND	513	16	479	0	0	0	0	0	0
LK-2315155	Vidulipura North	Vidulipura North	GND	588	0	0	0	0	0	0	0	0
LK-2315160	Watawala	Watawala	GND	1125	104	4345	89	0	0	0	0	0
LK-31	Galle	Galle	DISTRICT	1030354	16245	2394	45316	14	11	0	0	0
LK-3103	Bentota	Bentota	DSD	48407	11	0	1026	0	0	0	0	0
LK-3103005	Pahurumulla	Pahurumulla	GND	409	0	0	0	0	0	0	0	0
LK-3103010	Sinharoopagama	Sinharoopagama	GND	869	0	0	0	0	0	0	0	0
LK-3103015	Yathramulla	Yathramulla	GND	782	0	0	33	0	0	0	0	0
LK-3103020	Kommala	Kommala	GND	1646	0	0	0	0	0	0	0	0
LK-3103025	Bodhimaluwa	Bodhimaluwa	GND	1078	0	0	0	0	0	0	0	0
LK-3103030	Dope	Dope	GND	2513	0	0	0	0	0	0	0	0
LK-3103035	Angagoda	Angagoda	GND	975	0	0	0	0	0	0	0	0
LK-3103040	Warahena	Warahena	GND	737	0	0	0	0	0	0	0	0
LK-3103045	Kahagalla	Kahagalla	GND	627	0	0	0	0	0	0	0	0
LK-3103050	Hunganthota Wadumulla	Hunganthota Wadumulla	GND	929	0	0	0	0	0	0	0	0
LK-3103055	Dedduwa	Dedduwa	GND	1700	11	0	0	0	0	0	0	0
LK-3103060	Athuruwella	Athuruwella	GND	815	0	0	0	0	0	0	0	0
LK-3103065	Galbada	Galbada	GND	876	0	0	0	0	0	0	0	0
LK-3103070	Galagama	Galagama	GND	700	0	0	0	0	0	0	0	0
LK-3103075	Mullegoda	Mullegoda	GND	672	0	0	0	0	0	0	0	0
LK-3103080	Sooriyagama	Sooriyagama	GND	1044	0	0	0	0	0	0	0	0
LK-3103085	Haburugala	Haburugala	GND	1135	0	0	0	0	0	0	0	0
LK-3103090	Thunduwa West	Thunduwa West	GND	745	0	0	225	0	0	0	0	0
LK-3103095	Thunduwa East	Thunduwa East	GND	23	0	0	768	0	0	0	0	0
LK-3103100	Thotakanatta	Thotakanatta	GND	857	0	0	0	0	0	0	0	0
LK-3103105	Elakaka	Elakaka	GND	806	0	0	0	0	0	0	0	0
LK-3103110	Ethungagoda	Ethungagoda	GND	1687	0	0	0	0	0	0	0	0
LK-3103115	Gonagalapura	Gonagalapura	GND	1434	0	0	0	0	0	0	0	0
LK-3103120	Olaganduwa	Olaganduwa	GND	1035	0	0	0	0	0	0	0	0
LK-3103125	Yalegama	Yalegama	GND	906	0	0	0	0	0	0	0	0
LK-3103130	Kaikawala	Kaikawala	GND	1131	0	0	0	0	0	0	0	0
LK-3103135	Habakkala	Habakkala	GND	878	0	0	0	0	0	0	0	0
LK-3103140	Etawalawatta West	Etawalawatta West	GND	633	0	0	0	0	0	0	0	0
LK-3103145	Etawalawatta East	Etawalawatta East	GND	853	0	0	0	0	0	0	0	0
LK-3103150	Dombagahawatta	DombagahaWatta	GND	562	0	0	0	0	0	0	0	0
LK-3103155	Akadegoda	Akadegoda	GND	1062	0	0	0	0	0	0	0	0
LK-3103160	Kahawegammedda	Kahawegammedda	GND	1565	0	0	0	0	0	0	0	0
LK-3103165	Warakamulla	Warakamulla	GND	923	0	0	0	0	0	0	0	0
LK-3103170	Kandemulla	Kandemulla	GND	982	0	0	0	0	0	0	0	0
LK-3103175	Galthuduwa	Galthuduwa	GND	499	0	0	0	0	0	0	0	0
LK-3103180	Kolaniya	Kolaniya	GND	1262	0	0	0	0	0	0	0	0
LK-3103185	Miriswatta	Miriswatta	GND	1967	0	0	0	0	0	0	0	0
LK-3103190	Viyandoowa	Viyandoowa	GND	721	0	0	0	0	0	0	0	0
LK-3103195	Mahagoda	Mahagoda	GND	1798	0	0	0	0	0	0	0	0
LK-3103200	Pilekumbura	Pilekumbura	GND	678	0	0	0	0	0	0	0	0
LK-3103205	Mahavila West	Mahavila West	GND	767	0	0	0	0	0	0	0	0
LK-3103210	Mahavila East	Mahavila East	GND	572	0	0	0	0	0	0	0	0
LK-3103215	Moragoda	Moragoda	GND	585	0	0	0	0	0	0	0	0
LK-3103220	Ranthotuvila	Ranthotuvila	GND	581	0	0	0	0	0	0	0	0
LK-3103225	Malawala	Malawala	GND	524	0	0	0	0	0	0	0	0
LK-3103230	Ihala Malawala	Ihala Malawala	GND	868	0	0	0	0	0	0	0	0
LK-3103235	Kotuwabendahena	Kotuwabendahena	GND	370	0	0	0	0	0	0	0	0
LK-3103240	Kuda Uragaha	Kuda Uragaha	GND	685	0	0	0	0	0	0	0	0
LK-3103245	Maha Uragaha	Maha Uragaha	GND	1106	0	0	0	0	0	0	0	0
LK-3103250	Delkabalagoda	Delkabalagoda	GND	1155	0	0	0	0	0	0	0	0
LK-3103255	Hipanwatta	Hipanwatta	GND	680	0	0	0	0	0	0	0	0
LK-3106	Balapitiya	Balapitiya	DSD	66863	50	0	1068	0	0	0	0	0
LK-3106005	Doowemodara	Doowemodara	GND	1603	0	0	0	0	0	0	0	0
LK-3106010	Nanathota Palatha	Nanathota Palatha	GND	2885	0	0	0	0	0	0	0	0
LK-3106015	Pelegas Palatha	Pelegas Palatha	GND	1531	0	0	0	0	0	0	0	0
LK-3106020	Wathurawela	Wathurawela	GND	1386	0	0	0	0	0	0	0	0
LK-3106025	Boraluketiya	Boraluketiya	GND	1782	12	0	0	0	0	0	0	0
LK-3106030	Pathiraja Pedesa	Pathiraja Pedesa	GND	1048	0	0	0	0	0	0	0	0
LK-3106035	Polathu Palatha	Polathu Palatha	GND	917	0	0	0	0	0	0	0	0
LK-3106040	Katuvila	Katuvila	GND	886	14	0	0	0	0	0	0	0
LK-3106045	Mahapitiya	Mahapitiya	GND	905	0	0	0	0	0	0	0	0
LK-3106050	Nape	Nape	GND	1181	0	0	0	0	0	0	0	0
LK-3106055	Kudagodagama	Kudagodagama	GND	670	0	0	0	0	0	0	0	0
LK-3106060	Hegalla-Piyagama	Hegalla-Piyagama	GND	1075	0	0	0	0	0	0	0	0
LK-3106065	Godapitiya	Godapitiya	GND	333	0	0	0	0	0	0	0	0
LK-3106070	Kosgoda	Kosgoda	GND	1212	0	0	0	0	0	0	0	0
LK-3106075	Ahungalla	Ahungalla	GND	1232	0	0	0	0	0	0	0	0
LK-3106080	Middaramulla	Middaramulla	GND	1705	0	0	0	0	0	0	0	0
LK-3106085	Bogahapitiya	Bogahapitiya	GND	1384	0	0	0	0	0	0	0	0
LK-3106090	Galvehera	Galvehera	GND	1310	0	0	0	0	0	0	0	0
LK-3106095	Pathirajagama	Pathirajagama	GND	1727	0	0	0	0	0	0	0	0
LK-3106100	Madoowa	Madoowa	GND	375	0	0	0	0	0	0	0	0
LK-3106105	Kadiragonna	Kadiragonna	GND	976	0	0	0	0	0	0	0	0
LK-3106110	Makumbura	Makumbura	GND	1214	0	0	0	0	0	0	0	0
LK-3106115	Wathuregama	Wathuregama	GND	939	0	0	0	0	0	0	0	0
LK-3106120	Wellabada	Wellabada	GND	681	0	0	0	0	0	0	0	0
LK-3106125	Pathegangoda	Pathegamgoda	GND	2558	0	0	0	0	0	0	0	0
LK-3106130	Weliwathugoda	Weliwathugoda	GND	1614	0	0	120	0	0	0	0	0
LK-3106135	Brahmanawatta North	Brahmanawatta North	GND	1800	0	0	259	0	0	0	0	0
LK-3106140	Brahmanawatta South	Brahmanawatta South	GND	1480	0	0	23	0	0	0	0	0
LK-3106145	Galmangoda	Galmangoda	GND	1541	12	0	584	0	0	0	0	0
LK-3106150	Wandadoowa	Wandadoowa	GND	902	0	0	0	0	0	0	0	0
LK-3106155	Heenatiya North	Heenatiya North	GND	781	0	0	0	0	0	0	0	0
LK-3106160	Mahaladoowa	Mahaladoowa	GND	641	0	0	0	0	0	0	0	0
LK-3106165	Seenigoda	Seenigoda	GND	2516	0	0	0	0	0	0	0	0
LK-3106170	Heenatiya South	Heenatiya South	GND	824	0	0	0	0	0	0	0	0
LK-3106175	Mahakarawa	Mahakarawa	GND	789	0	0	0	0	0	0	0	0
LK-3106180	Elathota	Elathota	GND	946	0	0	82	0	0	0	0	0
LK-3106185	Balapitiya	Balapitiya	GND	1663	0	0	0	0	0	0	0	0
LK-3106190	Berathuduwa	Berathuduwa	GND	1129	0	0	0	0	0	0	0	0
LK-3106195	Andadola	Andadola	GND	2687	12	0	0	0	0	0	0	0
LK-3106200	Petiwatta	Petiwatta	GND	1575	0	0	0	0	0	0	0	0
LK-3106205	Wathugedara	Wathugedara	GND	2260	0	0	0	0	0	0	0	0
LK-3106210	Paragahathota	Paragahathota	GND	1603	0	0	0	0	0	0	0	0
LK-3106215	Wathugedara South	Wathugedara South	GND	733	0	0	0	0	0	0	0	0
LK-3106220	Kurunduwatta	Kurunduwatta	GND	1173	0	0	0	0	0	0	0	0
LK-3106225	Walagedara	Walagedara	GND	1617	0	0	0	0	0	0	0	0
LK-3106230	Randombe North	Randombe North	GND	1323	0	0	0	0	0	0	0	0
LK-3106235	Wadumulla	Wadumulla	GND	1419	0	0	0	0	0	0	0	0
LK-3106240	Viharagoda	Viharagoda	GND	1093	0	0	0	0	0	0	0	0
LK-3106245	Kandegoda	Kandegoda	GND	1097	0	0	0	0	0	0	0	0
LK-3106250	Bogahawatta	Bogahawatta	GND	1001	0	0	0	0	0	0	0	0
LK-3106255	Randombe South	Randombe South	GND	1141	0	0	0	0	0	0	0	0
LK-3109	Karandeniya	Karandeniya	DSD	62810	346	0	577	0	0	0	0	0
LK-3109005	Walinguruketiya	Walinguruketiya	GND	1712	0	0	0	0	0	0	0	0
LK-3109010	Uragasmanhandiya North	Uragasmanhandiya North	GND	1539	0	0	0	0	0	0	0	0
LK-3109015	Galpottawala	Galpottawala	GND	537	0	0	0	0	0	0	0	0
LK-3109020	Meegaspitiya	Meegaspitiya	GND	1429	0	0	0	0	0	0	0	0
LK-3109025	Mendorawala	Mendorawala	GND	673	0	0	0	0	0	0	0	0
LK-3109030	Uragasmanhandiya South	Uragasmanhandiya South	GND	1741	0	0	0	0	0	0	0	0
LK-3109035	Yatagala	Yatagala	GND	2228	0	0	0	0	0	0	0	0
LK-3109040	Uragasmanhandiya East	Uragasmanhandiya East	GND	1657	0	0	0	0	0	0	0	0
LK-3109045	Mabingoda	Mabingoda	GND	969	0	0	0	0	0	0	0	0
LK-3109050	Hipankanda	Hipankanda	GND	1603	0	0	0	0	0	0	0	0
LK-3109055	Siripura	Siripura	GND	1202	0	0	0	0	0	0	0	0
LK-3109060	Beligaswella	Beligaswella	GND	606	0	0	0	0	0	0	0	0
LK-3109065	Halgahawella	Halgahawella	GND	1182	0	0	0	0	0	0	0	0
LK-3109070	Lenagal Palatha	Lenagal Palatha	GND	1612	0	0	0	0	0	0	0	0
LK-3109075	Magala North	Magala North	GND	953	0	0	0	0	0	0	0	0
LK-3109080	Kaluwalagoda	Kaluwalagoda	GND	861	0	0	0	0	0	0	0	0
LK-3109085	Diyapitagallana	Diyapitagallana	GND	909	0	0	0	0	0	0	0	0
LK-3109090	Angulugalla	Angulugalla	GND	1822	0	0	0	0	0	0	0	0
LK-3109095	Magala South	Magala South	GND	2550	0	0	0	0	0	0	0	0
LK-3109100	Pehembiyakanda	Pehembiyakanda	GND	1483	0	0	0	0	0	0	0	0
LK-3109105	Unagaswela	Unagaswela	GND	1956	0	0	577	0	0	0	0	0
LK-3109110	Madakumbura	Madakumbura	GND	1498	0	0	0	0	0	0	0	0
LK-3109115	Thalgahawatta	Thalgahawatta	GND	1819	0	0	0	0	0	0	0	0
LK-3109120	Mandakanda	Mandakanda	GND	1970	0	0	0	0	0	0	0	0
LK-3109125	Anganaketiya	Anganaketiya	GND	3815	220	0	0	0	0	0	0	0
LK-3109130	Borakanda	Borakanda	GND	1992	0	0	0	0	0	0	0	0
LK-3109135	Mahaedanda	Mahaedanda	GND	1081	0	0	0	0	0	0	0	0
LK-3109140	Karandeniya North	Karandeniya North	GND	2062	0	0	0	0	0	0	0	0
LK-3109145	Randenigama	Randenigama	GND	1617	10	0	0	0	0	0	0	0
LK-3109150	Mahagoda	Mahagoda	GND	1087	0	0	0	0	0	0	0	0
LK-3109155	Karandeniya South	Karandeniya South	GND	907	0	0	0	0	0	0	0	0
LK-3109160	Dangahavila	Dangahavila	GND	1100	0	0	0	0	0	0	0	0
LK-3109165	Egodawela	Egodawela	GND	2226	0	0	0	0	0	0	0	0
LK-3109170	Diviyagahawela	Diviyagahawela	GND	2735	0	0	0	0	0	0	0	0
LK-3109175	Kirinuge	Kirinuge	GND	1019	0	0	0	0	0	0	0	0
LK-3109180	Kiripedda	Kiripedda	GND	869	0	0	0	0	0	0	0	0
LK-3109185	Galagoda Atta	Galagoda Atta	GND	1596	0	0	0	0	0	0	0	0
LK-3109190	Ihala Kiripedda	Ihala Kiripedda	GND	1389	0	0	0	0	0	0	0	0
LK-3109195	Kurundugaha Hethekma	Kurundugaha hethekma	GND	3256	96	0	0	0	0	0	0	0
LK-3109200	Jayabima	Jayabima	GND	1548	20	0	0	0	0	0	0	0
LK-3112	Elpitiya	Elpitiya	DSD	64918	1335	265	0	0	0	0	0	0
LK-3112005	Avittawa	Avittawa	GND	890	0	0	0	0	0	0	0	0
LK-3112010	Pahala Omatta	Pahala Omatta	GND	837	187	0	0	0	0	0	0	0
LK-3112015	Omatta	Omatta	GND	980	103	0	0	0	0	0	0	0
LK-3112020	Metiviliya	Metiviliya	GND	978	0	0	0	0	0	0	0	0
LK-3112025	Himbutugoda	Himbutugoda	GND	1065	0	0	0	0	0	0	0	0
LK-3112030	Indipalegoda	Indipalegoda	GND	1812	0	0	0	0	0	0	0	0
LK-3112035	Dikhena	Dikhena	GND	1436	10	0	0	0	0	0	0	0
LK-3112040	Delpona	Delpona	GND	515	0	0	0	0	0	0	0	0
LK-3112045	Ihala Omatta	Ihala Omatta	GND	1004	0	180	0	0	0	0	0	0
LK-3112050	Digala Nagahathenna	Digala Nagahathenna	GND	1554	125	0	0	0	0	0	0	0
LK-3112055	Opatha	Opatha	GND	938	0	0	0	0	0	0	0	0
LK-3112060	Goluwamulla North	Goluwamulla North	GND	986	0	0	0	0	0	0	0	0
LK-3112065	Goluwamulla West	Goluwamulla West	GND	756	0	0	0	0	0	0	0	0
LK-3112070	Goluwamulla	Goluwamulla	GND	1011	0	0	0	0	0	0	0	0
LK-3112075	Atakohota	Atakohota	GND	1478	0	0	0	0	0	0	0	0
LK-3112080	Elpitiya North	Elpitiya North	GND	1477	22	0	0	0	0	0	0	0
LK-3112085	Elpitiya East	Elpitiya East	GND	640	0	0	0	0	0	0	0	0
LK-3112090	Poojagallena	Poojagallena	GND	761	0	0	0	0	0	0	0	0
LK-3112095	Ketandola Udovita	Ketandola Udovita	GND	1556	405	39	0	0	0	0	0	0
LK-3112100	Sittaragoda	Sittaragoda	GND	475	0	0	0	0	0	0	0	0
LK-3112105	Amugoda	Amugoda	GND	1317	0	0	0	0	0	0	0	0
LK-3112110	Kellapatha	Kellapatha	GND	1085	0	0	0	0	0	0	0	0
LK-3112115	Thalagaspe	Thalagaspe	GND	1074	0	0	0	0	0	0	0	0
LK-3112120	Thalagaspe West	Thalagaspe West	GND	689	0	0	0	0	0	0	0	0
LK-3112125	Wallambagala North	Wallambagala North	GND	1071	0	0	0	0	0	0	0	0
LK-3112130	Elpitiya South	Elpitiya South	GND	1375	0	0	0	0	0	0	0	0
LK-3112135	Elpitiya Central	Elpitiya Central	GND	1509	0	0	0	0	0	0	0	0
LK-3112140	Nawadagala	Nawadagala	GND	1801	0	0	0	0	0	0	0	0
LK-3112145	Batuwanhena	Batuwanhena	GND	3329	0	0	0	0	0	0	0	0
LK-3112150	Igala	Igala	GND	1821	320	0	0	0	0	0	0	0
LK-3112155	Igala East	Igala East	GND	2856	0	46	0	0	0	0	0	0
LK-3112160	Pelendagoda	Pelendagoda	GND	979	0	0	0	0	0	0	0	0
LK-3112165	Wallambagala	Wallambagala	GND	1153	0	0	0	0	0	0	0	0
LK-3112170	Ambana	Ambana	GND	1184	0	0	0	0	0	0	0	0
LK-3112175	Ambana North	Ambana North	GND	818	0	0	0	0	0	0	0	0
LK-3112180	Pituwala South	Pituwala South	GND	784	0	0	0	0	0	0	0	0
LK-3112185	Pituwala North	Pituwala North	GND	1200	13	0	0	0	0	0	0	0
LK-3112190	Kudagala Kadirandola	Kudagala Kadirandola	GND	1835	22	0	0	0	0	0	0	0
LK-3112195	Igala Thalawa East	Igala Thalawa East	GND	1242	29	0	0	0	0	0	0	0
LK-3112200	Igala Thalawa	Igala Thalawa	GND	3437	24	0	0	0	0	0	0	0
LK-3112205	Ella	Ella	GND	2611	32	0	0	0	0	0	0	0
LK-3112210	Ella Thanabaddegama	Ella Thanabaddegama	GND	1362	0	0	0	0	0	0	0	0
LK-3112215	Mahawela Abhayapura	Mahawela Abhayapura	GND	633	0	0	0	0	0	0	0	0
LK-3112220	Pituwala West	Pituwala West	GND	552	0	0	0	0	0	0	0	0
LK-3112225	Eramulla	Eramulla	GND	1752	43	0	0	0	0	0	0	0
LK-3112230	Pinikahana	Pinikahana	GND	1679	0	0	0	0	0	0	0	0
LK-3112235	Kahadoowa	Kahadoowa	GND	880	0	0	0	0	0	0	0	0
LK-3112240	Thibbotuwawa	Thibbotuwawa	GND	721	0	0	0	0	0	0	0	0
LK-3112245	Wathuruvila	Wathuruvila	GND	1347	0	0	0	0	0	0	0	0
LK-3112250	Rekadahena	Rekadahena	GND	699	0	0	0	0	0	0	0	0
LK-3112255	Kahadoowa South	Kahadoowa South	GND	974	0	0	0	0	0	0	0	0
LK-3115	Niyagama	Niyagama	DSD	35359	267	76	0	0	0	0	0	0
LK-3115005	Pitigala North	Pitigala North	GND	1499	0	12	0	0	0	0	0	0
LK-3115010	Uhanovita	Uhanovita	GND	624	0	0	0	0	0	0	0	0
LK-3115015	Hattaka	Hattaka	GND	1078	0	0	0	0	0	0	0	0
LK-3115020	Kaluarachchigoda	Kaluarachchigoda	GND	1364	102	0	0	0	0	0	0	0
LK-3115025	Pitigala	Pitigala	GND	1261	0	0	0	0	0	0	0	0
LK-3115030	Karawwa	Karawwa	GND	1283	0	0	0	0	0	0	0	0
LK-3115035	Boraluwahena	Boraluhena	GND	1099	14	64	0	0	0	0	0	0
LK-3115040	Bangamukanda	Bangamukanda	GND	596	0	0	0	0	0	0	0	0
LK-3115045	Godamuna North	Godamuna North	GND	877	0	0	0	0	0	0	0	0
LK-3115050	Marthupitiya	Marthupitiya	GND	1099	0	0	0	0	0	0	0	0
LK-3115055	Godamuna South	Godamuna South	GND	951	0	0	0	0	0	0	0	0
LK-3115060	Liyanagamakanda	Liyanagamakanda	GND	642	0	0	0	0	0	0	0	0
LK-3115065	Usbim Colony	Usbim Colony	GND	706	10	0	0	0	0	0	0	0
LK-3115070	Bambarawana	Bambarawana	GND	826	0	0	0	0	0	0	0	0
LK-3115075	Mattaka	Mattaka	GND	924	0	0	0	0	0	0	0	0
LK-3115080	Weihena	Weihena	GND	1291	0	0	0	0	0	0	0	0
LK-3115085	Amaragama	Amaragama	GND	1788	0	0	0	0	0	0	0	0
LK-3115090	Naranovita	Naranovita	GND	1218	0	0	0	0	0	0	0	0
LK-3115095	Porawagama	Porawagama	GND	1206	17	0	0	0	0	0	0	0
LK-3115100	Kimbulawala	Kimbulawala	GND	866	0	0	0	0	0	0	0	0
LK-3115105	Poddiwala West	Poddiwala West	GND	1053	0	0	0	0	0	0	0	0
LK-3115110	Poddiwala East	Poddiwala East	GND	962	0	0	0	0	0	0	0	0
LK-3115115	Maraggoda	Maraggoda	GND	1482	0	0	0	0	0	0	0	0
LK-3115120	Duwegoda	Duwegoda	GND	1340	17	0	0	0	0	0	0	0
LK-3115125	Porawagama South	Porawagama South	GND	1446	0	0	0	0	0	0	0	0
LK-3115130	Wattahena	Wattehena	GND	1084	15	0	0	0	0	0	0	0
LK-3115135	Manampita	Manampita	GND	996	0	0	0	0	0	0	0	0
LK-3115140	Niyagama	Niyagama	GND	1461	92	0	0	0	0	0	0	0
LK-3115145	Niyagama West	Niyagama West	GND	550	0	0	0	0	0	0	0	0
LK-3115150	Polpelaketiya	Polpelaketiya	GND	1133	0	0	0	0	0	0	0	0
LK-3115155	Horangalla West	Horangalla West	GND	335	0	0	0	0	0	0	0	0
LK-3115160	Horangalla Thalawa	Horangalla Thalawa	GND	953	0	0	0	0	0	0	0	0
LK-3115165	Horangalla (Akulavila)	Horanggalla (Akulavila)	GND	679	0	0	0	0	0	0	0	0
LK-3115170	Niyagama South	Niyagama South	GND	687	0	0	0	0	0	0	0	0
LK-3118	Thawalama	Thawalama	DSD	29222	1572	126	0	0	0	0	0	0
LK-3118005	Ela Ihala	Ela Ihala	GND	1600	31	34	0	0	0	0	0	0
LK-3118010	Ela Ihala North	Ela Ihala North	GND	703	11	0	0	0	0	0	0	0
LK-3118015	Kumburegoda	Kumburegoda	GND	1098	23	10	0	0	0	0	0	0
LK-3118020	Habarakada East	Habarakada East	GND	1010	14	0	0	0	0	0	0	0
LK-3118025	Habarakada West	Habarakada West	GND	880	69	0	0	0	0	0	0	0
LK-3118030	Kudugalpala	Kudugalpala	GND	1171	75	0	0	0	0	0	0	0
LK-3118035	Batahena	Batahena	GND	307	13	12	0	0	0	0	0	0
LK-3118040	Thawalama North	Thawalama North	GND	1243	38	12	0	0	0	0	0	0
LK-3118045	Thawalama Mookalana	Thawalama Mookalana	GND	865	28	0	0	0	0	0	0	0
LK-3118050	Thawalama South	Thawalama South	GND	994	0	13	0	0	0	0	0	0
LK-3118055	Hiniduma North	Hiniduma North	GND	1950	242	0	0	0	0	0	0	0
LK-3118060	Hiniduma West	Hiniduma West	GND	541	0	0	0	0	0	0	0	0
LK-3118065	Hiniduma South	Hiniduma South	GND	791	106	14	0	0	0	0	0	0
LK-3118070	Malgalla	Malgalla	GND	1428	42	0	0	0	0	0	0	0
LK-3118075	Halvitigala Colony 1	Halvitigala Colony Step 1	GND	453	0	0	0	0	0	0	0	0
LK-3118080	Halvitigala Colony 2	Halvitigala Colony Step 2	GND	530	23	0	0	0	0	0	0	0
LK-3118085	Dammala Colony	Dammala Colony	GND	567	22	0	0	0	0	0	0	0
LK-3118090	Thalangalla East	Thalangalla East	GND	1308	106	31	0	0	0	0	0	0
LK-3118095	Thalangalla West	Thalangalla West	GND	371	0	0	0	0	0	0	0	0
LK-3118100	Malhathawa	Malhathawa	GND	672	12	0	0	0	0	0	0	0
LK-3118105	Panangala West	Panangala West	GND	603	0	0	0	0	0	0	0	0
LK-3118110	Panangala North	Panangala North	GND	417	0	0	0	0	0	0	0	0
LK-3118115	Panangala East	Panangala East	GND	560	11	0	0	0	0	0	0	0
LK-3118120	Thalangalla	Thalangalla	GND	376	0	0	0	0	0	0	0	0
LK-3118125	Dammala	Dammala	GND	569	54	0	0	0	0	0	0	0
LK-3118130	Opatha North	Opatha North	GND	498	191	0	0	0	0	0	0	0
LK-3118135	Opatha West	Opatha West	GND	790	42	0	0	0	0	0	0	0
LK-3118140	Koralegama	Koralegama	GND	667	0	0	0	0	0	0	0	0
LK-3118145	Eppala	Eppala	GND	736	0	0	0	0	0	0	0	0
LK-3118150	Gallandala	Gallandala	GND	565	0	0	0	0	0	0	0	0
LK-3118155	Opatha South	Opatha South	GND	1054	61	0	0	0	0	0	0	0
LK-3118160	Opatha East	Opatha East	GND	462	81	0	0	0	0	0	0	0
LK-3118165	Weerapana North	Weerapana North	GND	886	77	0	0	0	0	0	0	0
LK-3118170	Weerapana West	Weerapana West	GND	868	69	0	0	0	0	0	0	0
LK-3118175	Weerapana South	Weerapana South	GND	1236	33	0	0	0	0	0	0	0
LK-3118180	Weerapana East	Weerapana East	GND	453	98	0	0	0	0	0	0	0
LK-3121	Neluwa	Neluwa	DSD	26094	1373	220	0	0	0	0	0	0
LK-3121005	Danawala	Danawala	GND	1101	31	0	0	0	0	0	0	0
LK-3121010	Mavita West	Mavita West	GND	738	12	34	0	0	0	0	0	0
LK-3121015	Batuwangala West	Batuwangala West	GND	854	23	0	0	0	0	0	0	0
LK-3121020	Kosmulla	Kosmulla	GND	542	11	0	0	0	0	0	0	0
LK-3121025	Thambalagama	Thambalagama	GND	205	37	0	0	0	0	0	0	0
LK-3121030	Ehelapitiya	Ehelapitiya	GND	682	21	0	0	0	0	0	0	0
LK-3121035	Batuwangala	Batuwangala	GND	773	0	62	0	0	0	0	0	0
LK-3121040	Mavita East	Mavita East	GND	999	21	0	0	0	0	0	0	0
LK-3121045	Koswatta	Koswatta	GND	565	25	0	0	0	0	0	0	0
LK-3121050	Ebalagedara North	Embalegedara North	GND	819	87	0	0	0	0	0	0	0
LK-3121055	Embalegedara South	Embalegedara South	GND	500	53	0	0	0	0	0	0	0
LK-3121060	Mawanana	Mawanana	GND	1057	57	0	0	0	0	0	0	0
LK-3121065	Neluwa	Neluwa	GND	1043	52	0	0	0	0	0	0	0
LK-3121070	Pahala Maddegama	Pahala Maddegama	GND	544	35	0	0	0	0	0	0	0
LK-3121075	Maddegama East	Maddegama East	GND	618	47	0	0	0	0	0	0	0
LK-3121080	Happitiya	Happitiya	GND	1121	49	0	0	0	0	0	0	0
LK-3121085	Madugeta	Madugeta	GND	249	0	0	0	0	0	0	0	0
LK-3121090	Warukandeniya	Warukandeniya	GND	651	0	0	0	0	0	0	0	0
LK-3121095	Lankagama	Lankagama	GND	645	0	0	0	0	0	0	0	0
LK-3121100	Dellawa	Dellawa	GND	383	57	78	0	0	0	0	0	0
LK-3121105	Miyanawathura	Miyanawathura	GND	577	48	0	0	0	0	0	0	0
LK-3121110	Pannimulla	Pannimulla	GND	809	28	0	0	0	0	0	0	0
LK-3121115	Ihala Maddegama	Ihala Maddegama	GND	612	13	0	0	0	0	0	0	0
LK-3121120	Medagama	Medagama	GND	1387	34	0	0	0	0	0	0	0
LK-3121125	Pahala Gigummaduwa	Pahala Gigummaduwa	GND	852	64	0	0	0	0	0	0	0
LK-3121130	Ihala Gigummaduwa	Ihala Gigummaduwa	GND	1543	102	0	0	0	0	0	0	0
LK-3121135	Lelwala	Lelwala	GND	622	57	0	0	0	0	0	0	0
LK-3121140	Ihala Lelwala	Ihala Lelwala	GND	797	160	26	0	0	0	0	0	0
LK-3121145	Panagoda	Panagoda	GND	889	78	0	0	0	0	0	0	0
LK-3121150	Dewalegama West	Dewalegama West	GND	597	21	0	0	0	0	0	0	0
LK-3121155	Dewalegama East	Dewalegama East	GND	1063	56	20	0	0	0	0	0	0
LK-3121160	Millawa West	Millawa West	GND	485	0	0	0	0	0	0	0	0
LK-3121165	Ihala Millawa	Ihala Millawa	GND	619	37	0	0	0	0	0	0	0
LK-3121170	Pahala Millawa	Pahala Millawa	GND	1153	57	0	0	0	0	0	0	0
LK-3124	Nagoda	Nagoda	DSD	47957	3524	471	0	0	0	0	0	0
LK-3124005	Thalgaswala	Thalgaswala	GND	1274	905	0	0	0	0	0	0	0
LK-3124010	Marakanda	Marakanda	GND	642	48	0	0	0	0	0	0	0
LK-3124015	Malamura	Malamura	GND	714	19	0	0	0	0	0	0	0
LK-3124020	Aluth Thanayamgoda Pahala West	Aluth Thanayamgoda Pahala West	GND	767	0	0	0	0	0	0	0	0
LK-3124025	Mapalagama	Mapalagama	GND	860	0	0	0	0	0	0	0	0
LK-3124030	Aluth Thanayamgoda Pahala	Aluth Thanayamgoda Pahala	GND	852	0	0	0	0	0	0	0	0
LK-3124035	Aluth Thanayamgoda Ihala South	Aluth Thanayamgoda Ihala South	GND	361	0	0	0	0	0	0	0	0
LK-3124040	Aluth Thanayamgoda Ihala	Aluth Thanayamgoda Ihala	GND	697	0	0	0	0	0	0	0	0
LK-3124045	Ketagoda South	Ketagoda South	GND	630	0	0	0	0	0	0	0	0
LK-3124050	Ketagoda North	Ketagoda North	GND	562	0	0	0	0	0	0	0	0
LK-3124055	Parana Thanayamgoda	Parana Thanayamgoda	GND	467	47	0	0	0	0	0	0	0
LK-3124060	Parana Thanayamgoda Central	Parana Thanayamgoda Central	GND	1037	0	0	0	0	0	0	0	0
LK-3124065	Parana Thanayamgoda Pahala	Parana Thanayamgoda Pahala	GND	890	29	0	0	0	0	0	0	0
LK-3124070	Gonalagoda East	Gonalagoda East	GND	592	0	0	0	0	0	0	0	0
LK-3124075	Gonalagoda	Gonalagoda	GND	506	0	0	0	0	0	0	0	0
LK-3124080	Gammeddegoda	Gammeddegoda	GND	864	0	0	0	0	0	0	0	0
LK-3124085	Gammeddegoda South	Gammeddegoda South	GND	857	0	0	0	0	0	0	0	0
LK-3124090	Nagoda Ihala	Nagoda Ihala	GND	683	0	0	0	0	0	0	0	0
LK-3124095	Nagoda	Nagoda	GND	977	0	0	0	0	0	0	0	0
LK-3124100	Kurupanawa	Kurupanawa	GND	743	0	0	0	0	0	0	0	0
LK-3124105	Gonadeniya	Gonadeniya	GND	886	11	0	0	0	0	0	0	0
LK-3124110	Ukovita North	Ukovita North	GND	871	82	0	0	0	0	0	0	0
LK-3124115	Udugama West	Udugama West	GND	814	25	14	0	0	0	0	0	0
LK-3124120	Udugama North	Udugama North	GND	1094	59	0	0	0	0	0	0	0
LK-3124125	Homadola	Homadola	GND	1003	783	399	0	0	0	0	0	0
LK-3124130	Udugama East	Udugama East	GND	851	12	0	0	0	0	0	0	0
LK-3124135	Udugama	Udugama	GND	869	155	0	0	0	0	0	0	0
LK-3124140	Ukovita	Ukovita	GND	1338	0	0	0	0	0	0	0	0
LK-3124145	Gonadeniya South	Gonadeniya South	GND	956	26	0	0	0	0	0	0	0
LK-3124150	Udalamatta East	Udalamatta East	GND	732	48	0	0	0	0	0	0	0
LK-3124155	Udalamatta North	Udalamatta North	GND	1264	0	0	0	0	0	0	0	0
LK-3124160	Keppitiyagoda	Keppitiyagoda South	GND	1319	303	0	0	0	0	0	0	0
LK-3124165	Udawelivitiya	Udawelivitiya	GND	278	0	0	0	0	0	0	0	0
LK-3124170	Udawelivitithalawa East	Udawelivitithalawa East	GND	834	0	0	0	0	0	0	0	0
LK-3124175	Udawelivitithalawa	Udawelivitithalawa	GND	838	0	0	0	0	0	0	0	0
LK-3124180	Udawelivitiya West	Udawelivitiya West	GND	548	0	0	0	0	0	0	0	0
LK-3124185	Keppitiyagoda North	Keppitiyagoda North	GND	996	0	0	0	0	0	0	0	0
LK-3124190	Budapanagama	Budapanagama	GND	772	0	0	0	0	0	0	0	0
LK-3124195	Unanvitiya	Unanvitiya	GND	524	16	12	0	0	0	0	0	0
LK-3124200	Unanvitiya East	Unanvitiya East	GND	713	20	0	0	0	0	0	0	0
LK-3124205	Urala North	Urala North	GND	668	300	0	0	0	0	0	0	0
LK-3124210	Urala Pahala	Urala Pahala	GND	985	0	0	0	0	0	0	0	0
LK-3124215	Yatalamatta	Yatalamatta	GND	1508	19	36	0	0	0	0	0	0
LK-3124220	Yatalamatta East	Yatalamatta East	GND	1285	0	0	0	0	0	0	0	0
LK-3124225	Udalamatta South	Udalamatta South	GND	1077	0	0	0	0	0	0	0	0
LK-3124230	Udugama South	Udugama South	GND	941	48	0	0	0	0	0	0	0
LK-3124235	Udugama Central	Udugama Central	GND	1490	0	0	0	0	0	0	0	0
LK-3124240	Aluthwatta	Aluthwatta	GND	2279	312	10	0	0	0	0	0	0
LK-3124245	Hangaranwala	Hangaranwala	GND	1161	122	0	0	0	0	0	0	0
LK-3124250	Yatalamatta West	Yatalamatta West	GND	1526	20	0	0	0	0	0	0	0
LK-3124255	Urala Central	Urala Central	GND	866	43	0	0	0	0	0	0	0
LK-3124260	Urala South	Urala South	GND	1046	72	0	0	0	0	0	0	0
LK-3124265	Urala East	Urala East	GND	650	0	0	0	0	0	0	0	0
LK-3127	Baddegama	Baddegama	DSD	49774	989	57	0	0	0	0	0	0
LK-3127005	Wavulagala	Wavulagala	GND	927	0	0	0	0	0	0	0	0
LK-3127010	Halpathota Central	Halpathota Central	GND	3276	72	0	0	0	0	0	0	0
LK-3127015	Halpathota	Halpathota	GND	806	0	0	0	0	0	0	0	0
LK-3127020	Baddegama Town	Baddegama Town	GND	1068	0	0	0	0	0	0	0	0
LK-3127025	Baddegama North	Baddegama North	GND	1062	0	0	0	0	0	0	0	0
LK-3127030	Nayapamula	Nayapamula	GND	743	0	0	0	0	0	0	0	0
LK-3127035	Kotagoda	Kotagoda	GND	691	0	0	0	0	0	0	0	0
LK-3127040	Hemmeliya	Hemmeliya	GND	1029	24	0	0	0	0	0	0	0
LK-3127045	Ellakanda Wathurawa	Ellakanda Wathurawa	GND	950	115	0	0	0	0	0	0	0
LK-3127050	Baddegama East	Baddegama East	GND	926	26	0	0	0	0	0	0	0
LK-3127055	Yahaladoowa	Yahaladoowa	GND	642	0	0	0	0	0	0	0	0
LK-3127060	Baddegama South	Baddegama South	GND	2706	0	0	0	0	0	0	0	0
LK-3127065	Gothatuwa	Gothatuwa	GND	1015	0	0	0	0	0	0	0	0
LK-3127070	Majuwana	Majuwana	GND	618	0	0	0	0	0	0	0	0
LK-3127075	Weweldeniya	Weweldeniya	GND	524	0	0	0	0	0	0	0	0
LK-3127080	Keradewala	Keradewala	GND	679	0	0	0	0	0	0	0	0
LK-3127085	Madoldoowa	Madoldoowa	GND	611	0	0	0	0	0	0	0	0
LK-3127090	Bataketiya	Bataketiya	GND	578	0	0	0	0	0	0	0	0
LK-3127095	Ganegama North	Ganegama North	GND	976	0	0	0	0	0	0	0	0
LK-3127100	Sandarawala	Sandarawala	GND	735	0	0	0	0	0	0	0	0
LK-3127105	Boralukada	Boralukada	GND	773	0	0	0	0	0	0	0	0
LK-3127110	Mahahengoda	Mahahengoda	GND	1210	0	0	0	0	0	0	0	0
LK-3127115	Pahala Keembiya	Mahalapitiya	GND	1096	0	0	0	0	0	0	0	0
LK-3127120	Mahalapitiya	Pilagoda	GND	447	26	0	0	0	0	0	0	0
LK-3127125	Warakapitikanda	Thilaka Udagama	GND	459	0	0	0	0	0	0	0	0
LK-3127130	Ginimellagaha South	Ganegama East	GND	1958	0	0	0	0	0	0	0	0
LK-3127135	Thilaka Udagama	Ganegama South	GND	1089	16	0	0	0	0	0	0	0
LK-3127140	Pilagoda	Ganegama West	GND	841	16	0	0	0	0	0	0	0
LK-3127145	Ganegama East	Lelkada	GND	909	0	0	0	0	0	0	0	0
LK-3127150	Ganegama South	Ginimellagaha West	GND	1650	0	0	0	0	0	0	0	0
LK-3127155	Ganegama West	Ginimellagaha East	GND	1154	0	0	0	0	0	0	0	0
LK-3127160	Lelkada	Dodangoda	GND	401	0	0	0	0	0	0	0	0
LK-3127165	Ginimellagaha West	Keembiela	GND	1570	0	0	0	0	0	0	0	0
LK-3127170	Ginimellagaha East	Kasideniya	GND	1067	64	0	0	0	0	0	0	0
LK-3127175	Dodangoda	Warakapitikanda	GND	472	0	0	0	0	0	0	0	0
LK-3127180	Thelikada	Pahala Keembiya	GND	566	0	0	0	0	0	0	0	0
LK-3127185	Walpita North	Walpita North	GND	1490	0	0	0	0	0	0	0	0
LK-3127190	Keembiela	Thelikada	GND	1313	0	0	0	0	0	0	0	0
LK-3127195	Kohombanadeniya	Ginimellagaha South	GND	905	0	0	0	0	0	0	0	0
LK-3127200	Kasideniya	Pituwalgoda	GND	510	0	0	0	0	0	0	0	0
LK-3127205	Thelikada Nagaraya	Thelikada Nagaraya	GND	530	0	0	0	0	0	0	0	0
LK-3127210	Balagoda	Balagoda	GND	1020	0	0	0	0	0	0	0	0
LK-3127215	Adurathvila	Adurathvila	GND	1964	414	10	0	0	0	0	0	0
LK-3127220	Pituwalgoda	Kohombanadeniya	GND	1615	216	47	0	0	0	0	0	0
LK-3127225	Walpita South	Walpita South	GND	1249	0	0	0	0	0	0	0	0
LK-3127230	Gonapura	Gonapura	GND	1234	0	0	0	0	0	0	0	0
LK-3127235	Horagampita Central	Horagampita Central	GND	954	0	0	0	0	0	0	0	0
LK-3127240	Horagampita	Horagampita	GND	766	0	0	0	0	0	0	0	0
LK-3128	Wanduramba	Wanduramba	DSD	26253	1413	0	0	0	0	0	0	0
LK-3128005	Weihena	Weihena	GND	1508	27	0	0	0	0	0	0	0
LK-3128010	Indurupathvila	Indurupathvila	GND	1020	14	0	0	0	0	0	0	0
LK-3128015	Polgahavila	Polgahavila	GND	708	0	0	0	0	0	0	0	0
LK-3128020	Kumbalamalahena	Kumbalamalahena	GND	720	25	0	0	0	0	0	0	0
LK-3128025	Ihala Lelwala	Ihala Lelwala	GND	1204	12	0	0	0	0	0	0	0
LK-3128030	Pahala Lelwala	Pahala Lelwala	GND	1121	137	0	0	0	0	0	0	0
LK-3128035	Kirindalahena	Kirindalahena	GND	630	0	0	0	0	0	0	0	0
LK-3128040	Kokawala	Kokawala	GND	1210	180	0	0	0	0	0	0	0
LK-3128045	Panvila	Panvila	GND	805	191	0	0	0	0	0	0	0
LK-3128050	Wanduramba	Wanduramba	GND	1181	52	0	0	0	0	0	0	0
LK-3128055	Gulugahakanda	Gulugahakanda	GND	940	250	0	0	0	0	0	0	0
LK-3128060	Thalawa	Thalawa	GND	726	0	0	0	0	0	0	0	0
LK-3128065	Mabotuwana	Mabotuwana	GND	1723	297	0	0	0	0	0	0	0
LK-3128070	Wanduramba South	Wanduramba South	GND	1193	66	0	0	0	0	0	0	0
LK-3128075	Deiyandara	Deiyandara	GND	1363	31	0	0	0	0	0	0	0
LK-3128080	Meda Keembiya	Meda Keembiya	GND	1632	0	0	0	0	0	0	0	0
LK-3128085	Pitiharawa	Pitiharawa	GND	1260	34	0	0	0	0	0	0	0
LK-3128090	Thiruwanaketiya	Thiruwanaketiya	GND	819	59	0	0	0	0	0	0	0
LK-3128095	Nattewela	Nattewela	GND	1414	19	0	0	0	0	0	0	0
LK-3128100	Meda Keembiya East	Meda Keembiya East	GND	1496	0	0	0	0	0	0	0	0
LK-3128105	Ihala Keembiya South	Ihala Keembiya South	GND	1813	19	0	0	0	0	0	0	0
LK-3128110	Ihala Keembiya	Ihala Keembiya	GND	1767	0	0	0	0	0	0	0	0
LK-3130	Welivitiya-Divitura	Welivitiya-Divithura	DSD	28076	1174	41	0	0	0	0	0	0
LK-3130005	Ethkandura	Ethkandura	GND	2000	151	0	0	0	0	0	0	0
LK-3130010	Old Colony	Old Colony	GND	580	1002	0	0	0	0	0	0	0
LK-3130015	Thanabaddegama	Thanabaddegama	GND	1151	0	0	0	0	0	0	0	0
LK-3130020	Maddevila	Maddevila	GND	1271	0	0	0	0	0	0	0	0
LK-3130025	Miriswatta	Miriswaththa	GND	705	0	0	0	0	0	0	0	0
LK-3130030	Nambara Atta	Nambara Atta	GND	1022	0	0	0	0	0	0	0	0
LK-3130035	Divithura East	Divithura East	GND	1683	0	0	0	0	0	0	0	0
LK-3130040	Polgahavila	Polgahavila	GND	1394	0	30	0	0	0	0	0	0
LK-3130045	Divithura	Divithura	GND	1553	0	11	0	0	0	0	0	0
LK-3130050	Ampegama	Ampegama	GND	3878	0	0	0	0	0	0	0	0
LK-3130055	Hamingala	Hamingala	GND	1320	0	0	0	0	0	0	0	0
LK-3130060	Nugethota	Nugethota	GND	1456	0	0	0	0	0	0	0	0
LK-3130065	Agaliya	Agaliya	GND	1401	0	0	0	0	0	0	0	0
LK-3130070	Divithura South	Divithura South	GND	2054	0	0	0	0	0	0	0	0
LK-3130075	Galahenkanda	Galahenkanda	GND	2073	0	0	0	0	0	0	0	0
LK-3130080	Kuttiyawatta	Kuttiyawaththa	GND	474	0	0	0	0	0	0	0	0
LK-3130085	Pathawelivitiya North	Pathaweliwitiya North	GND	1089	21	0	0	0	0	0	0	0
LK-3130090	Waduwelivitiya North	Waduwelivitiya North	GND	1222	0	0	0	0	0	0	0	0
LK-3130095	Pathawelivitiya	Pathaweliwitiya	GND	732	0	0	0	0	0	0	0	0
LK-3130100	Waduwelivitiya	Waduwelivitiya South	GND	1018	0	0	0	0	0	0	0	0
LK-3133	Ambalangoda	Ambalangoda	DSD	59412	11	34	0	0	0	0	0	0
LK-3133005	Heppumulla	Heppumulla	GND	1145	0	0	0	0	0	0	0	0
LK-3133010	Patabendimulla	Patabedimulla	GND	1723	0	0	0	0	0	0	0	0
LK-3133015	Karittakanda	Karittakanda	GND	1281	0	0	0	0	0	0	0	0
LK-3133020	Kaluwadumulla	Kaluwadumulla	GND	1367	0	0	0	0	0	0	0	0
LK-3133025	Okanda	Okanda	GND	617	0	0	0	0	0	0	0	0
LK-3133030	Keraminiya	Keraminiya	GND	1780	0	0	0	0	0	0	0	0
LK-3133035	Polwatta	Polwatta	GND	1517	0	0	0	0	0	0	0	0
LK-3133040	Thalgasgoda	Thalgasgoda	GND	3006	11	0	0	0	0	0	0	0
LK-3133045	Thilakapura	Thilakapura	GND	3028	0	0	0	0	0	0	0	0
LK-3133050	Thanipolgahalanga	Thanipolgahalanga	GND	1140	0	0	0	0	0	0	0	0
LK-3133055	Batapola Central	Batapola Central	GND	4694	0	0	0	0	0	0	0	0
LK-3133060	Kondagala	Kondagala	GND	1395	0	0	0	0	0	0	0	0
LK-3133065	Batapola North	Batapola North	GND	2358	0	0	0	0	0	0	0	0
LK-3133070	Kobeithuduwa	Kobeithuduwa	GND	1867	0	34	0	0	0	0	0	0
LK-3133075	Godahena	Godahena	GND	1831	0	0	0	0	0	0	0	0
LK-3133080	Poramba	Poramba	GND	1637	0	0	0	0	0	0	0	0
LK-3133085	Vilegoda	Vilegoda	GND	1558	0	0	0	0	0	0	0	0
LK-3133090	Paniyandoowa	Paniyandoowa	GND	1565	0	0	0	0	0	0	0	0
LK-3133095	Hirewatta	Hirewatta	GND	1156	0	0	0	0	0	0	0	0
LK-3133100	Maha Ambalangoda	Maha Ambalangoda	GND	1634	0	0	0	0	0	0	0	0
LK-3133105	Batadoowa	Batadoowa	GND	1357	0	0	0	0	0	0	0	0
LK-3133110	Batapola West	Batapola West	GND	1392	0	0	0	0	0	0	0	0
LK-3133115	Batapola South	Batapola South	GND	1456	0	0	0	0	0	0	0	0
LK-3133120	Dorala	Dorala	GND	1304	0	0	0	0	0	0	0	0
LK-3133125	Batapola East	Batapola East	GND	2331	0	0	0	0	0	0	0	0
LK-3133130	Polhunnawa	Polhunnawa	GND	2013	0	0	0	0	0	0	0	0
LK-3133135	Nawagama	Nawagama	GND	1521	0	0	0	0	0	0	0	0
LK-3133140	Nindana	Nindana	GND	1411	0	0	0	0	0	0	0	0
LK-3133145	Lewdoowa	Lewdoowa	GND	1195	0	0	0	0	0	0	0	0
LK-3133150	Udakerewa	Udakerewa	GND	1623	0	0	0	0	0	0	0	0
LK-3133155	Domanvila	Domanvila	GND	731	0	0	0	0	0	0	0	0
LK-3133160	Diddeliya	Diddeliya	GND	1719	0	0	0	0	0	0	0	0
LK-3133165	Eranavila	Eranavila	GND	1421	0	0	0	0	0	0	0	0
LK-3133170	Meetiyagoda	Meetiyagoda	GND	2018	0	0	0	0	0	0	0	0
LK-3133175	Metiwala	Metiwala	GND	819	0	0	0	0	0	0	0	0
LK-3133180	Walakada	Walakada	GND	802	0	0	0	0	0	0	0	0
LK-3134	Gonapinuwala	Gonapeenuwala	DSD	23162	24	0	0	0	0	0	0	0
LK-3134005	Karuwalabedda	Karuwalabedda	GND	647	0	0	0	0	0	0	0	0
LK-3134010	Manampita	Manampita	GND	1569	0	0	0	0	0	0	0	0
LK-3134015	Dangaragaha Udumulla	Dangaragaha Udumulla	GND	524	0	0	0	0	0	0	0	0
LK-3134020	Banwelgodella	Banwelgodella	GND	1073	0	0	0	0	0	0	0	0
LK-3134025	Eriyagahamulla	Iriyagahamulla	GND	328	0	0	0	0	0	0	0	0
LK-3134030	Aluthwala	Aluthwala	GND	1097	0	0	0	0	0	0	0	0
LK-3134035	Mahagangoda	Mahagangoda	GND	790	0	0	0	0	0	0	0	0
LK-3134040	Kirindiela	Kirindiela	GND	1181	0	0	0	0	0	0	0	0
LK-3134045	Thilakagama	Thilakagama	GND	1446	0	0	0	0	0	0	0	0
LK-3134050	Henagoda	Henagoda	GND	1120	0	0	0	0	0	0	0	0
LK-3134055	Gonapeenuwala Central	Gonapeenuwala Central	GND	2241	10	0	0	0	0	0	0	0
LK-3134060	Woodland Watta	Woodland Watta	GND	1724	0	0	0	0	0	0	0	0
LK-3134065	Berathuduwa	Berathuduwa	GND	552	0	0	0	0	0	0	0	0
LK-3134070	Hikkaduwa East	Hikkaduwa East	GND	1339	0	0	0	0	0	0	0	0
LK-3134075	Arachchikanda	Arachchikanda	GND	2890	14	0	0	0	0	0	0	0
LK-3134080	Gonapeenuwala East	Gonapeenuwala East	GND	1114	0	0	0	0	0	0	0	0
LK-3134085	Gonapeenuwala West	Gonapeenuwala West	GND	1327	0	0	0	0	0	0	0	0
LK-3134090	Dodamkahavila	Dodankahavila	GND	1744	0	0	0	0	0	0	0	0
LK-3134095	Kaluwagaha Colony	Kaluwagaha Janapadaya	GND	456	0	0	0	0	0	0	0	0
LK-3135	Madampagama	Madampagama	DSD	33335	0	0	0	0	0	0	0	0
LK-3135005	Urawatta	Urawatta	GND	881	0	0	0	0	0	0	0	0
LK-3135010	Dewagoda West	Dewagoda West	GND	617	0	0	0	0	0	0	0	0
LK-3135015	Dewagoda East	Dewagoda East	GND	1233	0	0	0	0	0	0	0	0
LK-3135020	Deldoowa	Deldoowa	GND	352	0	0	0	0	0	0	0	0
LK-3135025	Idanthota	Idanthota	GND	1933	0	0	0	0	0	0	0	0
LK-3135030	Kuleegoda West	Kuleegoda West	GND	741	0	0	0	0	0	0	0	0
LK-3135035	Galagoda East	Galagoda East	GND	2672	0	0	0	0	0	0	0	0
LK-3135040	Galagoda West	Galagoda West	GND	787	0	0	0	0	0	0	0	0
LK-3135045	Kuleegoda East	Kuleegoda East	GND	825	0	0	0	0	0	0	0	0
LK-3135050	Wellabada	Wellabada	GND	1188	0	0	0	0	0	0	0	0
LK-3135055	Usmudulawa	Usmudulawa	GND	1420	0	0	0	0	0	0	0	0
LK-3135060	Wenamulla	wenamulla	GND	929	0	0	0	0	0	0	0	0
LK-3135065	Dimbuldoowa	Dimbuldoowa	GND	988	0	0	0	0	0	0	0	0
LK-3135070	Andurangoda	Andurangoda	GND	958	0	0	0	0	0	0	0	0
LK-3135075	Galdoowa	Galdoowa	GND	814	0	0	0	0	0	0	0	0
LK-3135080	Akurala	Akurala	GND	994	0	0	0	0	0	0	0	0
LK-3135085	Akurala North	Akurala North	GND	217	0	0	0	0	0	0	0	0
LK-3135090	Akurala South	Akurala South	GND	304	0	0	0	0	0	0	0	0
LK-3135095	Uduwaragoda North	Uduwaragoda North	GND	517	0	0	0	0	0	0	0	0
LK-3135100	Uduwaragoda South	Uduwaragoda South	GND	529	0	0	0	0	0	0	0	0
LK-3135105	Kahawa	Kahawa	GND	1454	0	0	0	0	0	0	0	0
LK-3135110	Weragoda	Weragoda	GND	992	0	0	0	0	0	0	0	0
LK-3135115	Delmar Colony	Delmar Colony	GND	481	0	0	0	0	0	0	0	0
LK-3135120	Harannagala	Harannagala	GND	332	0	0	0	0	0	0	0	0
LK-3135125	Godagama South	Godagama South	GND	307	0	0	0	0	0	0	0	0
LK-3135130	Godagama North	Godagama North	GND	424	0	0	0	0	0	0	0	0
LK-3135135	Daluwathumulla	Daluwathumulla	GND	443	0	0	0	0	0	0	0	0
LK-3135140	Thelwatta	Thelwatta	GND	903	0	0	0	0	0	0	0	0
LK-3135145	Pereliya North	Pereliya North	GND	514	0	0	0	0	0	0	0	0
LK-3135150	Pereliya South	Pereliya South	GND	231	0	0	0	0	0	0	0	0
LK-3135155	Seenigama	Seenigama	GND	459	0	0	0	0	0	0	0	0
LK-3135160	Seenigama East	seenigama East	GND	664	0	0	0	0	0	0	0	0
LK-3135165	Malawenna	Malawenna	GND	1802	0	0	0	0	0	0	0	0
LK-3135170	Kalupe	Kalupe	GND	1508	0	0	0	0	0	0	0	0
LK-3135175	Udumulla	Udumulla	GND	1747	0	0	0	0	0	0	0	0
LK-3135180	Medagoda	Medagoda	GND	784	0	0	0	0	0	0	0	0
LK-3135185	Werellana	Werellana	GND	432	0	0	0	0	0	0	0	0
LK-3135190	Thotagamuwa	Thotagamuwa	GND	959	0	0	0	0	0	0	0	0
LK-3136	Hikkaduwa	Hikkaduwa	DSD	25926	88	0	0	0	0	0	0	0
LK-3136005	Wellawatta	Wellawatta	GND	1086	0	0	0	0	0	0	0	0
LK-3136010	Nakanda	Nakanda	GND	555	0	0	0	0	0	0	0	0
LK-3136015	Hikkaduwa Central	Hikkaduwa Central	GND	1312	0	0	0	0	0	0	0	0
LK-3136020	Hikkaduwa West	Hikkaduwa West	GND	1298	0	0	0	0	0	0	0	0
LK-3136025	Hikkaduwa Nagarikaya	Hikkaduwa Nagarikaya	GND	1023	88	0	0	0	0	0	0	0
LK-3136030	Wavulagoda West	Wavulagoda West	GND	428	0	0	0	0	0	0	0	0
LK-3136035	Wavulagoda East	Wavulagoda East	GND	604	0	0	0	0	0	0	0	0
LK-3136040	Nalagasdeniya	Nalagasdeniya	GND	1164	0	0	0	0	0	0	0	0
LK-3136045	Millagoda	Millagoda	GND	671	0	0	0	0	0	0	0	0
LK-3136050	Wewala	Wewala	GND	518	0	0	0	0	0	0	0	0
LK-3136055	Pannamgoda	Pannamgoda	GND	736	0	0	0	0	0	0	0	0
LK-3136060	Narigama Wellabada	Narigama Wellabada	GND	1238	0	0	0	0	0	0	0	0
LK-3136065	Narigama	Narigama	GND	350	0	0	0	0	0	0	0	0
LK-3136070	Kuda Wewala	Kuda Wewala	GND	1042	0	0	0	0	0	0	0	0
LK-3136075	Delgahadoowa	Delgahadoowa	GND	1166	0	0	0	0	0	0	0	0
LK-3136080	Katukoliha	Katukoliha	GND	1071	0	0	0	0	0	0	0	0
LK-3136085	Thiranagama	Thiranagama	GND	695	0	0	0	0	0	0	0	0
LK-3136090	Thiranagama Wellabada	Thiranagama Wellabada	GND	552	0	0	0	0	0	0	0	0
LK-3136095	Patuwatha	Patuwatha	GND	992	0	0	0	0	0	0	0	0
LK-3136100	Gammaduwatta	Gammaduwatta	GND	1027	0	0	0	0	0	0	0	0
LK-3136105	Hennathota	Hennathota	GND	1145	0	0	0	0	0	0	0	0
LK-3136110	Pinkanda	Pinkanda	GND	1064	0	0	0	0	0	0	0	0
LK-3136115	Handaudumulla	Handaudumulla	GND	1471	0	0	0	0	0	0	0	0
LK-3136120	Dodandugoda	Dodandugoda	GND	1115	0	0	0	0	0	0	0	0
LK-3136125	Modara Patuwatha	Modara Patuwatha	GND	1759	0	0	0	0	0	0	0	0
LK-3136130	Dodandoowa	Dodandoowa	GND	1086	0	0	0	0	0	0	0	0
LK-3136135	Uduhalpitiya	Uduhalpitiya	GND	758	0	0	0	0	0	0	0	0
LK-3137	Rathgama	Rathgama	DSD	41252	116	0	20	0	0	0	0	0
LK-3137005	Thotavila	Thotavila	GND	1575	22	0	0	0	0	0	0	0
LK-3137010	Mawadavila	Mawadavila	GND	1831	16	0	0	0	0	0	0	0
LK-3137015	Panvila Pahalagoda	Panvila Pahalagoda	GND	3249	34	0	0	0	0	0	0	0
LK-3137020	Imbula	Imbula	GND	1905	0	0	0	0	0	0	0	0
LK-3137025	Katudampe	Katudampe	GND	1311	0	0	0	0	0	0	0	0
LK-3137030	Karawegoda	Karawegoda	GND	575	0	0	0	0	0	0	0	0
LK-3137035	Devinigoda	Devinigoda	GND	1439	0	0	0	0	0	0	0	0
LK-3137040	Bopagoda	Bopagoda	GND	2103	0	0	0	0	0	0	0	0
LK-3137045	Kandegoda	Kandegoda	GND	974	0	0	0	0	0	0	0	0
LK-3137050	Ranapanadeniya	Ranapanadeniya	GND	1727	24	0	0	0	0	0	0	0
LK-3137055	Rejjipura	Rejjipura	GND	2174	0	0	0	0	0	0	0	0
LK-3137060	Medawala	Medawala	GND	425	0	0	0	0	0	0	0	0
LK-3137065	Maliduwa	Maliduwa	GND	951	0	0	0	0	0	0	0	0
LK-3137070	Palanthriyagoda	Palanthriyagoda	GND	579	0	0	0	0	0	0	0	0
LK-3137075	Ganegoda	Ganegoda	GND	1969	0	0	0	0	0	0	0	0
LK-3137080	Rathgama Hegoda	Rathgama Hegoda	GND	728	0	0	0	0	0	0	0	0
LK-3137085	Palliyapitiya	Palliyapitiya	GND	809	0	0	0	0	0	0	0	0
LK-3137090	Gammeddegoda	Gammeddegoda	GND	901	0	0	0	0	0	0	0	0
LK-3137095	Gammeddegoda East	Gammeddegoda East	GND	460	0	0	0	0	0	0	0	0
LK-3137100	Gammeddegoda-Rajgama	Gammeddegoda-Rajgama	GND	578	0	0	0	0	0	0	0	0
LK-3137105	Owakanda	Owakanda	GND	1036	0	0	0	0	0	0	0	0
LK-3137110	Kapumulugoda	Kapumulugoda	GND	2653	0	0	0	0	0	0	0	0
LK-3137115	Rathna Udagama	Rathna Udagama	GND	1101	0	0	0	0	0	0	0	0
LK-3137120	Mahahegoda	Mahahegoda	GND	1197	0	0	0	0	0	0	0	0
LK-3137125	Hegoda	Hegoda	GND	1284	0	0	0	0	0	0	0	0
LK-3137130	Kedala	Kedala	GND	1492	20	0	20	0	0	0	0	0
LK-3137135	Rupeewala	Rupeewala	GND	994	0	0	0	0	0	0	0	0
LK-3137140	Dolikanda	Dolikanda	GND	905	0	0	0	0	0	0	0	0
LK-3137145	Boossa	Boossa	GND	1575	0	0	0	0	0	0	0	0
LK-3137150	Kadurupe	Kadurupe	GND	1567	0	0	0	0	0	0	0	0
LK-3137155	Pitiwella South	Pitiwella South	GND	462	0	0	0	0	0	0	0	0
LK-3137160	Pitiwella North	Pitiwella North	GND	723	0	0	0	0	0	0	0	0
LK-3139	Galle 4 Gravets	Galle Four Gravets	DSD	68564	598	37	38746	14	11	0	0	0
LK-3139005	Ukwatta East	Ukwatta East	GND	665	0	0	0	0	0	0	0	0
LK-3139010	Ukwatta West	Ukwatta West	GND	730	0	0	461	0	0	0	0	0
LK-3139015	Maha Hapugala	Maha Hapugala	GND	57	0	10	4636	0	0	0	0	0
LK-3139020	Kurunduwatta	Kurunduwatta	GND	403	0	0	4971	0	0	0	0	0
LK-3139025	Welipitimodara	Welipitimodara	GND	2413	21	0	851	0	0	0	0	0
LK-3139030	Ginthota West	Ginthota West	GND	1064	0	0	167	0	0	0	0	0
LK-3139035	Ginthota East	Ginthota East	GND	1138	0	0	136	0	0	0	0	0
LK-3139040	Piyadigama	Piyadigama	GND	2317	12	0	311	0	0	0	0	0
LK-3139045	Bope North	Bope North	GND	1019	13	0	158	0	0	0	0	0
LK-3139050	Bope East	Bope  East	GND	2339	0	0	0	0	0	0	0	0
LK-3139055	Kumbalwella North	Kumbalwella North	GND	899	0	0	0	0	0	0	0	0
LK-3139060	Madawalamulla North	Madawalamulla North	GND	4149	18	0	0	0	0	0	0	0
LK-3139065	Madawalamulla South	Madawalamulla South	GND	1119	0	0	0	0	0	0	0	0
LK-3139070	Deddugoda North	Deddugoda North	GND	1213	10	0	2078	0	0	0	0	0
LK-3139075	Deddugoda South	Deddugoda South	GND	1587	0	0	1012	0	0	0	0	0
LK-3139080	Maitipe	Maitipe	GND	2116	0	0	0	0	0	0	0	0
LK-3139085	Welipatha	Welipatha	GND	2195	0	0	0	0	0	0	0	0
LK-3139090	Maligaspe	Maligaspe	GND	982	0	0	37	0	0	0	0	0
LK-3139095	Dangedara East	Dangedara East	GND	1573	27	0	1762	0	0	0	0	0
LK-3139100	Dangedara West	Dangedara West	GND	2257	0	0	0	0	0	0	0	0
LK-3139105	Bataganvila	Bataganvila	GND	1378	0	0	0	0	0	0	0	0
LK-3139110	Galwadugoda	Galwadugoda	GND	2946	0	0	0	0	0	0	0	0
LK-3139115	Richmond Kanda	Richmond Kanda	GND	1041	0	0	0	0	0	0	0	0
LK-3139120	Bope West	Bope West	GND	2523	0	0	0	0	0	0	0	0
LK-3139125	Siyambalagahawatta	Siyambalagahawatta	GND	2066	0	0	218	0	0	0	0	0
LK-3139130	Dadalla East	Dadalla East	GND	548	0	0	765	0	0	0	0	0
LK-3139135	Dadalla West	Dadalla West	GND	1705	12	0	55	0	0	0	0	0
LK-3139140	Walawwatta	Walawwatta	GND	1643	0	0	0	0	0	0	0	0
LK-3139145	Kumbalwella South	Kumbalwella South	GND	2326	0	0	0	0	0	0	0	0
LK-3139150	Mahamodara	Mahamodara	GND	932	20	0	473	0	11	0	0	0
LK-3139155	Osanagoda	Osanagoda	GND	314	24	0	1596	0	0	0	0	0
LK-3139160	Kandewatta	Kandewatta	GND	1639	55	0	1050	0	0	0	0	0
LK-3139165	Sanghamittapura	Sanghamittapura	GND	977	0	0	0	0	0	0	0	0
LK-3139170	Madapathala	Madapathala	GND	1879	0	0	346	0	0	0	0	0
LK-3139175	Pokunawatta	Pokunawatta	GND	843	0	0	94	0	0	0	0	0
LK-3139180	Milidduwa	Milidduwa	GND	928	53	0	3121	0	0	0	0	0
LK-3139185	Ettiligoda South	Ettiligoda South	GND	2840	24	0	363	0	0	0	0	0
LK-3139190	Makuluwa	Makuluwa	GND	1863	29	0	3252	0	0	0	0	0
LK-3139195	Pettigalawatta	Pettigalawatta	GND	1113	0	0	42	0	0	0	0	0
LK-3139200	Thalapitiya	Thalapitiya	GND	740	65	15	4835	0	0	0	0	0
LK-3139205	Kongaha	Kongaha	GND	127	0	0	1300	0	0	0	0	0
LK-3139210	Weliwatta	Weliwatta	GND	1893	25	0	37	0	0	0	0	0
LK-3139215	Minuwangoda	Minuwangoda	GND	264	0	0	17	0	0	0	0	0
LK-3139220	Kaluwella	Kaluwella	GND	1213	135	0	144	14	0	0	0	0
LK-3139225	Cheena Koratuwa	Cheena Koratuwa	GND	623	15	0	121	0	0	0	0	0
LK-3139230	Fort	Fort	GND	321	13	12	457	0	0	0	0	0
LK-3139235	Magalla	Magalle	GND	1755	0	0	0	0	0	0	0	0
LK-3139240	Dewathura	Dewathura	GND	1202	0	0	87	0	0	0	0	0
LK-3139245	Katugoda	Katugoda	GND	243	27	0	3416	0	0	0	0	0
LK-3139250	Dewata	Dewata	GND	444	0	0	377	0	0	0	0	0
LK-3142	Bope-Poddala	Bope-Poddala	DSD	55515	254	270	1611	0	0	0	0	0
LK-3142005	Poddala	Poddala	GND	597	0	0	0	0	0	0	0	0
LK-3142010	Pannamaga	Pannamaga	GND	1059	0	0	0	0	0	0	0	0
LK-3142015	Mulana West	Mulana West	GND	713	0	0	0	0	0	0	0	0
LK-3142020	Mulana East	Mulana East	GND	658	0	0	0	0	0	0	0	0
LK-3142025	Panvila	Panvila	GND	1310	0	0	0	0	0	0	0	0
LK-3142030	Narawala	Narawala	GND	255	0	270	0	0	0	0	0	0
LK-3142035	Walawatta	Walawatta	GND	905	0	0	0	0	0	0	0	0
LK-3142040	Magadeniya	Magadeniya	GND	1868	11	0	0	0	0	0	0	0
LK-3142045	Baswatta	Baswatta	GND	1050	0	0	0	0	0	0	0	0
LK-3142050	Addaragoda	Addaragoda	GND	878	0	0	0	0	0	0	0	0
LK-3142055	Meepawala	Meepawala	GND	1160	0	0	0	0	0	0	0	0
LK-3142060	Penideniya	Penideniya	GND	666	0	0	0	0	0	0	0	0
LK-3142065	Opatha	Opatha	GND	1122	0	0	0	0	0	0	0	0
LK-3142070	Wakwella	Wakwella	GND	1869	0	0	0	0	0	0	0	0
LK-3142075	Niladeniya	Niladeniya	GND	2921	49	0	43	0	0	0	0	0
LK-3142080	Hapugala	Hapugala	GND	1696	0	0	12	0	0	0	0	0
LK-3142085	Beraliyadola	Beraliyadola	GND	1928	34	0	11	0	0	0	0	0
LK-3142090	Silvagewatta	Silvagewatta	GND	735	0	0	0	0	0	0	0	0
LK-3142095	Uluvitike	Uluvitike	GND	1157	0	0	0	0	0	0	0	0
LK-3142100	Holuwagoda	Holuwagoda	GND	1134	0	0	0	0	0	0	0	0
LK-3142105	Labudoowa	Labudoowa	GND	1510	0	0	0	0	0	0	0	0
LK-3142110	Kurunda Kanda	Kurunda Kanda	GND	1121	0	0	0	0	0	0	0	0
LK-3142115	Kurunda	Kurunda	GND	813	0	0	0	0	0	0	0	0
LK-3142120	Thotagoda	Thotagoda	GND	901	0	0	0	0	0	0	0	0
LK-3142125	Galketiya	Galketiya	GND	1271	0	0	0	0	0	0	0	0
LK-3142130	Godakanda	Godakanda	GND	1804	0	0	0	0	0	0	0	0
LK-3142135	Bangalawatta	Bangalawatta	GND	865	0	0	0	0	0	0	0	0
LK-3142140	Bokaramullagoda	Bokaramullagoda	GND	941	0	0	14	0	0	0	0	0
LK-3142145	Thunhiripana	Thunhiripana	GND	1470	109	0	357	0	0	0	0	0
LK-3142150	Abeysundarawatta	Abeysundarawatta	GND	1586	0	0	0	0	0	0	0	0
LK-3142155	Watareka East	Watareka  East	GND	2688	21	0	0	0	0	0	0	0
LK-3142160	Pelawatta	Pelawatta	GND	1371	0	0	0	0	0	0	0	0
LK-3142165	Mampitiya	Mampitiya	GND	1530	0	0	0	0	0	0	0	0
LK-3142170	Kalegana South	Kalegana South	GND	1056	0	0	0	0	0	0	0	0
LK-3142175	Kalegana North	Kalegana North	GND	1163	0	0	0	0	0	0	0	0
LK-3142180	Kithulampitiya	Kithulampitiya	GND	1910	0	0	0	0	0	0	0	0
LK-3142185	Kahadoowawatta	Kahaduwawatta	GND	957	0	0	26	0	0	0	0	0
LK-3142190	Navinna	Navinna	GND	245	30	0	1092	0	0	0	0	0
LK-3142195	Hirimburagama	Hirimburagama	GND	1697	0	0	41	0	0	0	0	0
LK-3142200	Karapitiya	Karapitiya	GND	2138	0	0	15	0	0	0	0	0
LK-3142205	Ambagahawatta	Ambagahawatta	GND	1224	0	0	0	0	0	0	0	0
LK-3142210	Kapuhempala	Kapuhempala	GND	1600	0	0	0	0	0	0	0	0
LK-3142215	Kerenvila	Kerenvila	GND	691	0	0	0	0	0	0	0	0
LK-3142220	Paliwathugoda	Paliwathugoda	GND	1282	0	0	0	0	0	0	0	0
LK-3145	Akmeemana	Akmeemana	DSD	82527	1078	10	2258	0	0	0	0	0
LK-3145005	Thalgasyaya	Thalgasyaya	GND	1762	56	0	0	0	0	0	0	0
LK-3145010	Niyagama	Niyagama	GND	1299	13	0	0	0	0	0	0	0
LK-3145015	Ambagahavila	Ambagahavila	GND	1135	125	10	0	0	0	0	0	0
LK-3145020	Ihalagoda East	Ihalagoda East	GND	4535	97	0	0	0	0	0	0	0
LK-3145025	Amalgama	Amalgama	GND	1306	14	0	0	0	0	0	0	0
LK-3145030	Ketandola	Ketandola	GND	848	20	0	0	0	0	0	0	0
LK-3145035	Hiyare North	Hiyare North	GND	988	0	0	0	0	0	0	0	0
LK-3145040	Kandahena	Kandahena	GND	527	0	0	0	0	0	0	0	0
LK-3145045	Welihena	Welihena	GND	751	12	0	0	0	0	0	0	0
LK-3145050	Kadurugashena	Kadurugashena	GND	1313	76	0	0	0	0	0	0	0
LK-3145055	Hiyare East	Hiyare East	GND	1294	66	0	0	0	0	0	0	0
LK-3145060	Ihala Hiyare	Ihala Hiyare	GND	1552	10	0	0	0	0	0	0	0
LK-3145065	Hiyare South	Hiyare South	GND	1002	0	0	0	0	0	0	0	0
LK-3145070	Etambagasmulla	Etambagasmulla	GND	783	0	0	0	0	0	0	0	0
LK-3145075	Ihalagoda Colony	Ihalagoda Colony	GND	1578	0	0	0	0	0	0	0	0
LK-3145080	Ihalagoda South	Ihalagoda South	GND	1773	22	0	0	0	0	0	0	0
LK-3145085	Ihalagoda West	Ihalagoda West	GND	1235	0	0	0	0	0	0	0	0
LK-3145090	Akmeemana	Akmeemana	GND	1061	10	0	0	0	0	0	0	0
LK-3145095	Ganegoda	Ganegoda	GND	1029	0	0	0	0	0	0	0	0
LK-3145100	Ganegoda West	Ganegoda West	GND	703	0	0	0	0	0	0	0	0
LK-3145105	Kirindagoda	Kirindagoda	GND	598	0	0	0	0	0	0	0	0
LK-3145110	Badungoda Colony	Badungoda Colony	GND	788	0	0	0	0	0	0	0	0
LK-3145115	Badungoda	Badungoda	GND	1171	0	0	0	0	0	0	0	0
LK-3145120	Pinnadoowa Colony	Pinnadoowa Colony	GND	1287	0	0	0	0	0	0	0	0
LK-3145125	Weliketiya	Weliketiya	GND	979	0	0	0	0	0	0	0	0
LK-3145130	Halgasmulla	Halgasmulla	GND	1401	0	0	0	0	0	0	0	0
LK-3145135	Amukotuwa	Amukotuwa	GND	2103	0	0	0	0	0	0	0	0
LK-3145140	Nivithipitigoda	Nivithipitigoda	GND	1099	0	0	0	0	0	0	0	0
LK-3145145	Thalahitiyawa	Thalahitiyawa	GND	1378	0	0	0	0	0	0	0	0
LK-3145150	Ankokkawala	Ankokkawala	GND	1607	91	0	0	0	0	0	0	0
LK-3145155	Pinnadoowa	Pinnadoowa	GND	2635	18	0	0	0	0	0	0	0
LK-3145160	Manavila	Manavila	GND	1571	0	0	0	0	0	0	0	0
LK-3145165	Walahanduwa	Walahanduwa	GND	1987	158	0	11	0	0	0	0	0
LK-3145170	Yakgaha	Yakgaha	GND	964	39	0	0	0	0	0	0	0
LK-3145175	Meegoda	Meegoda	GND	1318	28	0	0	0	0	0	0	0
LK-3145180	Pilana	Pilana	GND	1967	0	0	13	0	0	0	0	0
LK-3145185	Pedinnoruwa	Pedinnoruwa	GND	991	0	0	0	0	0	0	0	0
LK-3145190	Melegoda	Melegoda	GND	1802	0	0	0	0	0	0	0	0
LK-3145195	Bambaragoda	Bambaragoda	GND	2490	142	0	0	0	0	0	0	0
LK-3145200	Anangoda	Anangoda	GND	1429	0	0	0	0	0	0	0	0
LK-3145205	Hinidumgoda	Hinidumgoda	GND	1394	0	0	0	0	0	0	0	0
LK-3145210	Kerenvila Colony	Kerenvila Colony	GND	1278	0	0	0	0	0	0	0	0
LK-3145215	Haliwala	Haliwala	GND	2522	0	0	444	0	0	0	0	0
LK-3145220	Ettiligoda North	Ettiligoda North	GND	944	0	0	0	0	0	0	0	0
LK-3145225	Ambalanwatta	Ambalanwatta	GND	1312	0	0	0	0	0	0	0	0
LK-3145230	Jambuketiya	Jambuketiya	GND	912	0	0	19	0	0	0	0	0
LK-3145235	Batadoowa	Batadoowa	GND	2001	0	0	0	0	0	0	0	0
LK-3145240	Kaduruduwa	Kaduruduwa	GND	1725	0	0	0	0	0	0	0	0
LK-3145245	Panagamuwa	Panagamuwa	GND	1061	0	0	0	0	0	0	0	0
LK-3145250	Galgamuwa	Galgamuwa	GND	1331	0	0	0	0	0	0	0	0
LK-3145255	Divulana Colony	Divulana Colony	GND	857	0	0	0	0	0	0	0	0
LK-3145260	Handugoda	Handugoda	GND	1035	0	0	0	0	0	0	0	0
LK-3145265	Kalahe	Kalahe	GND	946	0	0	0	0	0	0	0	0
LK-3145270	Wanchawala	Wanchawala	GND	1027	0	0	0	0	0	0	0	0
LK-3145275	Attaragoda	Attaragoda	GND	769	0	0	0	0	0	0	0	0
LK-3145280	Nugadoowa	Nugadoowa	GND	836	38	0	1663	0	0	0	0	0
LK-3145285	Batadoowa West	Batadoowa West	GND	1245	43	0	108	0	0	0	0	0
LK-3145290	Thalpegoda	Thalpegoda	GND	677	0	0	0	0	0	0	0	0
LK-3145295	Yatagama	Yatagama	GND	770	0	0	0	0	0	0	0	0
LK-3145300	Rathkindagoda	Rathkindagoda	GND	1131	0	0	0	0	0	0	0	0
LK-3145305	Metaramba	Metaramba	GND	1406	0	0	0	0	0	0	0	0
LK-3145310	Thalpe North	Thalpe North	GND	659	0	0	0	0	0	0	0	0
LK-3145315	Nagahawatta	Nagahawatta	GND	650	0	0	0	0	0	0	0	0
LK-3148	Yakkalamulla	Yakkalamulla	DSD	43902	1946	754	0	0	0	0	0	0
LK-3148005	Nawala	Nawala	GND	959	36	13	0	0	0	0	0	0
LK-3148010	Thellambura North	Thellambura North	GND	515	0	0	0	0	0	0	0	0
LK-3148015	Nakiyadeniya	Nakiyadeniya	GND	2136	512	0	0	0	0	0	0	0
LK-3148020	Nakiyadeniya North	Nakiyadeniya North	GND	450	147	419	0	0	0	0	0	0
LK-3148025	Wattehena	Wattehena	GND	595	0	0	0	0	0	0	0	0
LK-3148030	Wathogala	Wathogala	GND	945	0	10	0	0	0	0	0	0
LK-3148035	Moraketiya	Moraketiya	GND	1466	80	0	0	0	0	0	0	0
LK-3148040	Gahalakoladeniya	Gahalakoladeniya	GND	1065	0	10	0	0	0	0	0	0
LK-3148045	Udumalagala	Udumalagala	GND	1035	0	0	0	0	0	0	0	0
LK-3148050	Ihala Nakiyadeniya	Ihala Nakiyadeniya	GND	863	16	0	0	0	0	0	0	0
LK-3148055	Pahala Thellambura	Pahala Thellambura	GND	1301	0	0	0	0	0	0	0	0
LK-3148060	Ihala Thellambura	Ihala Thellambura	GND	1186	55	17	0	0	0	0	0	0
LK-3148065	Nevungala	Nevungala	GND	1038	28	0	0	0	0	0	0	0
LK-3148070	Nevungala South	Nevungala South	GND	854	46	0	0	0	0	0	0	0
LK-3148075	Kottawa	Kottawa	GND	1083	26	113	0	0	0	0	0	0
LK-3148080	Thellambura South	Thellambura South	GND	827	62	0	0	0	0	0	0	0
LK-3148085	Yakkalamulla East	Yakkalamulla East	GND	674	18	0	0	0	0	0	0	0
LK-3148090	Nabadawa	Nabadawa	GND	1144	17	0	0	0	0	0	0	0
LK-3148095	Yatamalagala	Yatamalagala	GND	703	20	0	0	0	0	0	0	0
LK-3148100	Ihala Karagoda	Ihala Karagoda	GND	802	13	0	0	0	0	0	0	0
LK-3148105	Magedara North	Magedara North	GND	708	13	0	0	0	0	0	0	0
LK-3148110	Magedara East	Magedara East	GND	1591	136	0	0	0	0	0	0	0
LK-3148115	Ella Ihala	Ella Ihala	GND	1369	27	46	0	0	0	0	0	0
LK-3148120	Magedara	Magedara	GND	666	69	0	0	0	0	0	0	0
LK-3148125	Uduwella	Uduwella	GND	946	32	69	0	0	0	0	0	0
LK-3148130	Karagoda	Karagoda	GND	841	0	19	0	0	0	0	0	0
LK-3148135	Pahala Karagoda	Pahala Karagoda	GND	705	23	0	0	0	0	0	0	0
LK-3148140	Polpagoda	Polpagoda	GND	1056	10	0	0	0	0	0	0	0
LK-3148145	Beranagoda	Beranagoda	GND	1714	0	0	0	0	0	0	0	0
LK-3148150	Yakkalamulla	Yakkalamulla	GND	1421	10	0	0	0	0	0	0	0
LK-3148155	Kottawa East	Kottawa East	GND	1036	52	12	0	0	0	0	0	0
LK-3148160	Kottawa West	Kottawa West	GND	1751	31	10	0	0	0	0	0	0
LK-3148165	Thalgampala North	Thalgampala North	GND	956	151	0	0	0	0	0	0	0
LK-3148170	Udubettawa	Udubettawa	GND	730	0	0	0	0	0	0	0	0
LK-3148175	Udubettawa West	Udubettawa West	GND	790	102	0	0	0	0	0	0	0
LK-3148180	Thalgampala	Thalgampala	GND	971	27	0	0	0	0	0	0	0
LK-3148185	Hiriyamalkumbura	Hiriyamalkumbura	GND	1008	0	0	0	0	0	0	0	0
LK-3148190	Polpagoda West	Polpagoda West	GND	956	0	0	0	0	0	0	0	0
LK-3148195	Kaludiyawala	Kaludiyawala	GND	602	0	0	0	0	0	0	0	0
LK-3148200	Badungala	Badungala	GND	700	0	0	0	0	0	0	0	0
LK-3148205	Rathamalaketiya	Rathamalaketiya	GND	598	107	0	0	0	0	0	0	0
LK-3148210	Welendawa	Welendawa	GND	1161	33	16	0	0	0	0	0	0
LK-3148215	Pahala Walpola	Pahala Walpola	GND	1231	0	0	0	0	0	0	0	0
LK-3148220	Ihala Walpala	Ihala Walpala	GND	754	47	0	0	0	0	0	0	0
LK-3151	Imaduwa	Imaduwa	DSD	48008	66	33	0	0	0	0	0	0
LK-3151005	Pituwalahena	Pituwalahena	GND	552	0	0	0	0	0	0	0	0
LK-3151010	Mayakaduwa	Mayakaduwa	GND	815	0	0	0	0	0	0	0	0
LK-3151015	Kabaragala	Kabaragala	GND	1273	0	0	0	0	0	0	0	0
LK-3151020	Danduwana	Danduwana	GND	563	0	0	0	0	0	0	0	0
LK-3151025	Hatangala	Hatangala	GND	569	0	0	0	0	0	0	0	0
LK-3151030	Bedipita	Badipita	GND	1193	0	17	0	0	0	0	0	0
LK-3151035	Puswelkada	Puswelkada	GND	843	0	0	0	0	0	0	0	0
LK-3151040	Ihala Kombala	Ihala Kombala	GND	844	0	0	0	0	0	0	0	0
LK-3151045	Kombala	Kombala	GND	857	0	0	0	0	0	0	0	0
LK-3151050	Imaduwa Athireka 1	Imaduwa Athireka	GND	777	0	0	0	0	0	0	0	0
LK-3151055	Paragoda	Paragoda	GND	1245	0	0	0	0	0	0	0	0
LK-3151060	Wathawana	Wathawana	GND	1072	0	0	0	0	0	0	0	0
LK-3151065	Hawpe North	Hawpe North	GND	1082	0	16	0	0	0	0	0	0
LK-3151070	Hawpe	Hawpe	GND	1768	0	0	0	0	0	0	0	0
LK-3151075	Angulugaha	Angulugaha	GND	1306	0	0	0	0	0	0	0	0
LK-3151080	Rangoda	Rangoda	GND	566	0	0	0	0	0	0	0	0
LK-3151085	Dorape	Dorape	GND	891	0	0	0	0	0	0	0	0
LK-3151090	Welikonda	Welikonda	GND	1140	0	0	0	0	0	0	0	0
LK-3151095	Pelawatta	Pelawatta	GND	1296	0	0	0	0	0	0	0	0
LK-3151100	Polhena	Polhena	GND	1988	0	0	0	0	0	0	0	0
LK-3151105	Kahanda	Kahanda	GND	931	0	0	0	0	0	0	0	0
LK-3151110	Kahanda Athireka 1	Kahanda Athireka 1	GND	813	0	0	0	0	0	0	0	0
LK-3151115	Godaudamandiya	Godaudamandiya	GND	801	0	0	0	0	0	0	0	0
LK-3151120	Mawella	Mawella	GND	382	0	0	0	0	0	0	0	0
LK-3151125	Deegoda Athireka 01	Deegoda Athireka 1	GND	849	28	0	0	0	0	0	0	0
LK-3151130	Imaduwa	Imaduwa	GND	1311	0	0	0	0	0	0	0	0
LK-3151135	Hettigoda	Hettigoda	GND	1130	10	0	0	0	0	0	0	0
LK-3151140	Deegoda	Deegoda	GND	827	0	0	0	0	0	0	0	0
LK-3151145	Kalugalagoda	Kalugalagoda	GND	559	0	0	0	0	0	0	0	0
LK-3151150	Ihala Mawella	Ihala Mawella	GND	756	0	0	0	0	0	0	0	0
LK-3151155	Thittagalla East	Thittagalla East	GND	1187	0	0	0	0	0	0	0	0
LK-3151160	Ampavila	Ampavila	GND	1215	0	0	0	0	0	0	0	0
LK-3151165	Malalgodapitiya	MalalgodaPitiya	GND	613	0	0	0	0	0	0	0	0
LK-3151170	Dikkumbura	Dikkumbura	GND	2190	0	0	0	0	0	0	0	0
LK-3151175	Kodagoda South	Kodagoda South	GND	846	0	0	0	0	0	0	0	0
LK-3151180	Kodagoda East	Kodagoda East	GND	1154	0	0	0	0	0	0	0	0
LK-3151185	Horadugoda	Horadugoda	GND	1078	10	0	0	0	0	0	0	0
LK-3151190	Ellalagoda	Ellalagoda	GND	858	0	0	0	0	0	0	0	0
LK-3151195	Andugoda	Andugoda	GND	1699	0	0	0	0	0	0	0	0
LK-3151200	Panugalgoda	Panugalgoda	GND	1779	0	0	0	0	0	0	0	0
LK-3151205	Indurannavila	Indurannavila	GND	2118	0	0	0	0	0	0	0	0
LK-3151210	Atanikitha	Atanikitha	GND	3303	18	0	0	0	0	0	0	0
LK-3151215	Thittagalla West	Thittagalla west	GND	969	0	0	0	0	0	0	0	0
LK-3154	Habaraduwa	Habaraduwa	DSD	63018	10	0	10	0	0	0	0	0
LK-3154005	Yaddehimulla	Yaddehimulla	GND	914	0	0	10	0	0	0	0	0
LK-3154010	Bonavistawa	Bonavistawa	GND	1256	0	0	0	0	0	0	0	0
LK-3154015	Unawatuna West	Unawatuna West	GND	707	0	0	0	0	0	0	0	0
LK-3154020	Unawatuna East	Unawatuna East	GND	1722	0	0	0	0	0	0	0	0
LK-3154025	Maharamba	Maharamba	GND	824	0	0	0	0	0	0	0	0
LK-3154030	Dalawella	Dalawella	GND	651	0	0	0	0	0	0	0	0
LK-3154035	Unawatuna Central	Unawatuna Central	GND	743	0	0	0	0	0	0	0	0
LK-3154040	Thalpe South	Thalpe South	GND	779	0	0	0	0	0	0	0	0
LK-3154045	Heenatigala South	Heenatigala South	GND	875	0	0	0	0	0	0	0	0
LK-3154050	Wellethota	Wellethota	GND	1803	0	0	0	0	0	0	0	0
LK-3154055	Halloluwagoda	Halloluwagoda	GND	1000	0	0	0	0	0	0	0	0
LK-3154060	Handugoda	Handugoda	GND	733	0	0	0	0	0	0	0	0
LK-3154065	Dodampe	Dodampe	GND	762	0	0	0	0	0	0	0	0
LK-3154070	Attaragoda	Attaragoda	GND	1107	0	0	0	0	0	0	0	0
LK-3154075	Thalpe East	Thalpe East	GND	1288	0	0	0	0	0	0	0	0
LK-3154080	Kahawennagama	Kahawennagama	GND	1278	0	0	0	0	0	0	0	0
LK-3154085	Morampitigoda	Morampitigoda	GND	1114	0	0	0	0	0	0	0	0
LK-3154090	Uragasgoda	Uragasgoda	GND	811	0	0	0	0	0	0	0	0
LK-3154095	Pitidoowa	Pitidoowa	GND	1106	0	0	0	0	0	0	0	0
LK-3154100	Meepe	Meepe	GND	1824	0	0	0	0	0	0	0	0
LK-3154105	Bogahamulugoda	Bogahamulugoda	GND	876	0	0	0	0	0	0	0	0
LK-3154110	Happawana	Happawana	GND	738	0	0	0	0	0	0	0	0
LK-3154115	Annasiwathugoda	Annasiwathugoda	GND	919	0	0	0	0	0	0	0	0
LK-3154120	Harumalgoda West	Harumalgoda West	GND	1578	0	0	0	0	0	0	0	0
LK-3154125	Lanumodara	Lanumodara	GND	1335	0	0	0	0	0	0	0	0
LK-3154130	Liyanagoda	Liyanagoda	GND	867	0	0	0	0	0	0	0	0
LK-3154135	Katukurunda	Katukurunda	GND	1855	0	0	0	0	0	0	0	0
LK-3154140	Harumalgoda Central	Harumalgoda Central	GND	1359	0	0	0	0	0	0	0	0
LK-3154145	Godawatta	Godawatta	GND	1420	0	0	0	0	0	0	0	0
LK-3154150	Harumalgoda East	Harumalgoda East	GND	2196	0	0	0	0	0	0	0	0
LK-3154155	Koggala Athireka I	Koggala Athireka 1	GND	1251	0	0	0	0	0	0	0	0
LK-3154160	Koggala Athireka II	Koggala Athireka 2	GND	1712	0	0	0	0	0	0	0	0
LK-3154165	Koggala	Koggala	GND	767	0	0	0	0	0	0	0	0
LK-3154170	Kathaluwa West	Kathaluwa West	GND	650	0	0	0	0	0	0	0	0
LK-3154175	Atadahewathugoda	Atadahewathugoda	GND	1018	0	0	0	0	0	0	0	0
LK-3154180	Kathaluwa East	Kathaluwa East	GND	1262	0	0	0	0	0	0	0	0
LK-3154185	Welhengoda	Welhengoda	GND	884	0	0	0	0	0	0	0	0
LK-3154190	Kathaluwa Central	Kathaluwa Central	GND	989	0	0	0	0	0	0	0	0
LK-3154195	Alawathuthisgoda	Alawathuthisgoda	GND	817	0	0	0	0	0	0	0	0
LK-3154200	Pelessa	Pelessa	GND	1201	0	0	0	0	0	0	0	0
LK-3154205	Korahedigoda	Korahedigoda	GND	1577	0	0	0	0	0	0	0	0
LK-3154210	Ahangama Nakanda	Ahangama Nakanda	GND	1330	0	0	0	0	0	0	0	0
LK-3154215	Kalapuwa	Kalapuwa	GND	607	10	0	0	0	0	0	0	0
LK-3154220	Ahangamgoda	Ahangamgoda	GND	910	0	0	0	0	0	0	0	0
LK-3154225	Danduhela	Danduhela	GND	1088	0	0	0	0	0	0	0	0
LK-3154230	Meegahagoda	Meegahagoda	GND	1356	0	0	0	0	0	0	0	0
LK-3154235	Kahawathugoda	Kahawathugoda	GND	1479	0	0	0	0	0	0	0	0
LK-3154240	Meliyagoda	Meliyagoda	GND	1521	0	0	0	0	0	0	0	0
LK-3154245	Piyadigama West	Piyadigama West	GND	867	0	0	0	0	0	0	0	0
LK-3154250	Wadugegoda	Wadugegoda	GND	555	0	0	0	0	0	0	0	0
LK-3154255	Karandugoda	Karandugoda	GND	865	0	0	0	0	0	0	0	0
LK-3154260	Kalahegoda	Kalahegoda	GND	390	0	0	0	0	0	0	0	0
LK-3154265	Dommannegoda	Dommannegoda	GND	1120	0	0	0	0	0	0	0	0
LK-3154270	Piyadigama East	Piyadigama East	GND	496	0	0	0	0	0	0	0	0
LK-3154275	Ahangama Central	Ahangama Central	GND	769	0	0	0	0	0	0	0	0
LK-3154280	Digaredda	Digaredda	GND	626	0	0	0	0	0	0	0	0
LK-3154285	Thaldoowa	Thaldoowa	GND	865	0	0	0	0	0	0	0	0
LK-3154290	Ahangama East	Ahangama East	GND	863	0	0	0	0	0	0	0	0
LK-3154295	Goviyapana	Goviyapana	GND	743	0	0	0	0	0	0	0	0
LK-32	Matara	Matara	DISTRICT	788795	10231	7762	29214	90	0	0	0	0
LK-3203	Pitabaddara	Pitabeddara	DSD	45951	2467	351	0	0	0	0	0	0
LK-3203005	Kalubovitiyana	Kalubovitiyana	GND	906	0	0	0	0	0	0	0	0
LK-3203010	Galabada	Galabada	GND	1080	0	0	0	0	0	0	0	0
LK-3203015	Ambewela	Ambewela	GND	1226	18	0	0	0	0	0	0	0
LK-3203020	Dangala West	Dangala West	GND	1223	82	16	0	0	0	0	0	0
LK-3203025	Banagala East	Banagala East	GND	1139	84	12	0	0	0	0	0	0
LK-3203030	Dangala East	Dangala East	GND	1279	83	41	0	0	0	0	0	0
LK-3203035	Banagala West	Banagala West	GND	955	138	0	0	0	0	0	0	0
LK-3203040	Edandukitha West	Edandukitha West	GND	801	54	0	0	0	0	0	0	0
LK-3203045	Edandukitha East	Edandukitha East	GND	848	66	0	0	0	0	0	0	0
LK-3203050	Alapaladeniya South	Alapaladeniya South	GND	939	35	22	0	0	0	0	0	0
LK-3203055	Alapaladeniya North	Alapaladeniya North	GND	1028	81	0	0	0	0	0	0	0
LK-3203060	Kiriwelkele North	Kiriwelkele North	GND	1977	24	0	0	0	0	0	0	0
LK-3203065	Rambukana West	Rambukana West	GND	896	152	121	0	0	0	0	0	0
LK-3203070	Kodikaragoda West	Kodikaragoda West	GND	1456	67	0	0	0	0	0	0	0
LK-3203075	Kodikaragoda East	Kodikaragoda East	GND	1140	39	0	0	0	0	0	0	0
LK-3203080	Weliwa	Weliwa	GND	1449	194	45	0	0	0	0	0	0
LK-3203085	Rambukana East	Rambukana East	GND	1095	0	0	0	0	0	0	0	0
LK-3203090	Thalapekumbura	Thalapekumbura	GND	960	153	0	0	0	0	0	0	0
LK-3203095	Kudagalahena	Kudagalahena	GND	1287	12	0	0	0	0	0	0	0
LK-3203100	Kiriwelkele South	Kiriwelkele South	GND	1389	0	0	0	0	0	0	0	0
LK-3203105	Derangala	Derangala	GND	1687	40	0	0	0	0	0	0	0
LK-3203110	Thennahena	Thennahena	GND	1310	245	0	0	0	0	0	0	0
LK-3203115	Gorakawela	Gorakawela	GND	1194	131	0	0	0	0	0	0	0
LK-3203120	Siyambalagoda West	Siyambalagoda West	GND	1228	0	0	0	0	0	0	0	0
LK-3203125	Kosnilgoda	Kosnilgoda	GND	1203	161	0	0	0	0	0	0	0
LK-3203130	Aluwana	Aluwana	GND	981	0	0	0	0	0	0	0	0
LK-3203135	Paradupalla	Paradupalla	GND	687	15	0	0	0	0	0	0	0
LK-3203140	Mahapothuvila	Mahapothuvila	GND	1177	0	0	0	0	0	0	0	0
LK-3203145	Dankoluwa	Dankoluwa	GND	1962	207	82	0	0	0	0	0	0
LK-3203150	Pitabeddara	Pitabeddara	GND	1212	58	0	0	0	0	0	0	0
LK-3203155	Kaduruwana	Kaduruwana	GND	1391	215	0	0	0	0	0	0	0
LK-3203160	Dehigaspe	Dehigaspa	GND	1081	0	0	0	0	0	0	0	0
LK-3203165	Kotagala	Kotagala	GND	834	29	0	0	0	0	0	0	0
LK-3203170	Siyambalagoda East	Siyambalagoda East	GND	707	0	0	0	0	0	0	0	0
LK-3203175	Wanasinkanda	Wanasinkanda	GND	529	74	0	0	0	0	0	0	0
LK-3203180	Diyadawa	Diyadawa	GND	1173	0	12	0	0	0	0	0	0
LK-3203185	Ihala Ainagama	Ihala Ainagama	GND	864	0	0	0	0	0	0	0	0
LK-3203190	Elamaldeniya	Elamaldeniya	GND	1081	0	0	0	0	0	0	0	0
LK-3203195	Wathurakumbura	Wathurakumbura	GND	1181	10	0	0	0	0	0	0	0
LK-3203200	Puwakbadovita	Puwakbadovita	GND	1396	0	0	0	0	0	0	0	0
LK-3206	Kotapola	Kotapola	DSD	51042	2841	6948	37	32	0	0	0	0
LK-3206005	Mederipitiya	Mederipitiya	GND	960	13	0	0	0	0	0	0	0
LK-3206010	Keeriwalagama	Keeriwalagama	GND	1164	129	63	0	0	0	0	0	0
LK-3206015	Kiriweldola	Kiriweldola	GND	1360	152	23	0	0	0	0	0	0
LK-3206020	Kandilpana	Kandilpana	GND	610	311	1882	23	32	0	0	0	0
LK-3206025	Viharahena	Viharahena	GND	1181	72	1313	0	0	0	0	0	0
LK-3206030	Adaradeniya	Adaradeniya	GND	829	61	610	0	0	0	0	0	0
LK-3206035	Ihalagama	Ihalagama	GND	1705	83	82	0	0	0	0	0	0
LK-3206040	Bateyaya	Bateyaya	GND	1518	77	31	0	0	0	0	0	0
LK-3206045	Pussawela	Pussawela	GND	985	18	152	0	0	0	0	0	0
LK-3206050	Pallegama North	Pallegama North	GND	1999	123	44	0	0	0	0	0	0
LK-3206055	Pathawala Nadakanda	Pathawala Nadakanda	GND	1245	0	66	0	0	0	0	0	0
LK-3206060	Poddana	Poddana	GND	1326	0	68	0	0	0	0	0	0
LK-3206065	Kolawenigama	Kolawenigama	GND	1563	30	233	0	0	0	0	0	0
LK-3206070	Pallegama South	Pallegama South	GND	2158	90	36	0	0	0	0	0	0
LK-3206075	Deniyaya West	Deniyaya West	GND	1601	54	0	0	0	0	0	0	0
LK-3206080	Deniyaya	Deniyaya	GND	1801	42	45	14	0	0	0	0	0
LK-3206085	Kalugalahena	Kalugalahena	GND	1297	279	1038	0	0	0	0	0	0
LK-3206090	Thenipita	Thenipita	GND	1892	719	439	0	0	0	0	0	0
LK-3206095	Mugunumulla	Mugunumulla	GND	855	0	0	0	0	0	0	0	0
LK-3206100	Nawalahena	Nawalahena	GND	1198	0	0	0	0	0	0	0	0
LK-3206105	Kotapola North	Kotapola North	GND	2241	47	274	0	0	0	0	0	0
LK-3206110	Nishshankapura	Nishshankapura	GND	956	67	189	0	0	0	0	0	0
LK-3206115	Beliattakumbura	Beliattakumbura	GND	1430	15	23	0	0	0	0	0	0
LK-3206120	Morawaka	Morawaka	GND	2857	64	87	0	0	0	0	0	0
LK-3206125	Porupitiya	Porupitiya	GND	1152	0	0	0	0	0	0	0	0
LK-3206130	Waralla	Waralla	GND	1159	0	46	0	0	0	0	0	0
LK-3206135	Koodaludeniya	Koodaludeniya	GND	1130	85	27	0	0	0	0	0	0
LK-3206140	Kotapola South	Kotapola South	GND	1653	14	0	0	0	0	0	0	0
LK-3206145	Usamalagoda	Usamalagoda	GND	1467	0	0	0	0	0	0	0	0
LK-3206150	Lindagawahena	Lindagawahena	GND	1866	29	0	0	0	0	0	0	0
LK-3206155	Kosmodara	Kosmodara	GND	1321	189	0	0	0	0	0	0	0
LK-3206160	Ilukpitiya	Ilukpitiya	GND	1061	0	31	0	0	0	0	0	0
LK-3206165	Horagala East	Horagala East	GND	679	0	0	0	0	0	0	0	0
LK-3206170	Horagala West	Horagala West	GND	1454	68	48	0	0	0	0	0	0
LK-3206175	Uvaragala	Uvaragala	GND	714	10	0	0	0	0	0	0	0
LK-3206180	Pelawatta	Pelawatta	GND	1621	0	77	0	0	0	0	0	0
LK-3206185	Paragala	Paragala	GND	1034	0	21	0	0	0	0	0	0
LK-3209	Pasgoda	Pasgoda	DSD	58983	1782	264	0	0	0	0	0	0
LK-3209005	Batandura South	Batandura South	GND	1169	213	38	0	0	0	0	0	0
LK-3209010	Batandura North	Batandura North	GND	875	0	10	0	0	0	0	0	0
LK-3209015	Thalapalakanda	Thalapalakanda	GND	1284	86	27	0	0	0	0	0	0
LK-3209020	Kekundeniya	Kekundeniya	GND	1805	0	0	0	0	0	0	0	0
LK-3209025	Ketawala	Ketawala	GND	1718	0	0	0	0	0	0	0	0
LK-3209030	Ginnaliya North	Ginnaliya North	GND	1410	0	0	0	0	0	0	0	0
LK-3209035	Pattigala	Pattigala	GND	1921	0	0	0	0	0	0	0	0
LK-3209040	Beralapanathara South	Beralapanathara South	GND	1113	236	0	0	0	0	0	0	0
LK-3209045	Beralapanathara North	Beralapanathara North	GND	1895	0	0	0	0	0	0	0	0
LK-3209050	Wijayagama	Wijayagama	GND	1190	0	12	0	0	0	0	0	0
LK-3209055	Pathavita	Pathavita	GND	1287	0	0	0	0	0	0	0	0
LK-3209060	Kirilipana	Kirilipana	GND	1256	471	114	0	0	0	0	0	0
LK-3209065	Moragala	Moragala	GND	1179	0	0	0	0	0	0	0	0
LK-3209070	Keeripitiya East	Keeripitiya East	GND	1479	0	0	0	0	0	0	0	0
LK-3209075	Urubokka	Urubokka	GND	2659	116	0	0	0	0	0	0	0
LK-3209080	Ginnaliya West	Ginnaliya West	GND	1218	0	0	0	0	0	0	0	0
LK-3209085	Ginnaliya South	Ginnaliya South	GND	1239	0	0	0	0	0	0	0	0
LK-3209090	Ginnaliya East	Ginnaliya East	GND	1180	0	0	0	0	0	0	0	0
LK-3209095	Mekiliyathenna	Mekiliyathenna	GND	2023	0	0	0	0	0	0	0	0
LK-3209100	Heegoda	Heegoda	GND	2076	0	0	0	0	0	0	0	0
LK-3209105	Keeripitiya West	Keeripitiya West	GND	1148	0	0	0	0	0	0	0	0
LK-3209110	Pothdeniya	Pothdeniya	GND	1173	0	0	0	0	0	0	0	0
LK-3209115	Mologgamuwa North	Mologgamuwa North	GND	949	0	0	0	0	0	0	0	0
LK-3209120	Mologgamuwa South	Mologgamuwa South	GND	1011	0	0	0	0	0	0	0	0
LK-3209125	Bengamuwa West	Bengamuwa West	GND	1498	0	0	0	0	0	0	0	0
LK-3209130	Bengamuwa East	Bengamuwa East	GND	1484	0	13	0	0	0	0	0	0
LK-3209135	Dampahala West	Dampahala West	GND	1581	17	0	0	0	0	0	0	0
LK-3209140	Hulankanda	Hulankanda	GND	1584	0	0	0	0	0	0	0	0
LK-3209145	Dampahala East	Dampahala East	GND	2027	0	0	0	0	0	0	0	0
LK-3209150	Pasgoda	Pasgoda	GND	2651	0	0	0	0	0	0	0	0
LK-3209155	Bengamuwa South	Bengamuwa South	GND	1257	0	0	0	0	0	0	0	0
LK-3209160	Denkandaliya	Denkandaliya	GND	673	0	0	0	0	0	0	0	0
LK-3209165	Panakaduwa West	Panakaduwa West	GND	1157	18	0	0	0	0	0	0	0
LK-3209170	Rotumba East	Rotumba East	GND	636	0	0	0	0	0	0	0	0
LK-3209175	Napathella	Napathella	GND	720	43	0	0	0	0	0	0	0
LK-3209180	Andaluwa	Andaluwa	GND	1017	0	0	0	0	0	0	0	0
LK-3209185	Ehelakanda	Ehelakanda	GND	1178	0	27	0	0	0	0	0	0
LK-3209190	Galketikanda	Galketikanda	GND	835	0	0	0	0	0	0	0	0
LK-3209195	Rotumba West	Rotumba West	GND	917	0	0	0	0	0	0	0	0
LK-3209200	Panakaduwa East	Panakaduwa East	GND	1306	0	0	0	0	0	0	0	0
LK-3209205	Gomila	Gomila	GND	1491	54	0	0	0	0	0	0	0
LK-3209210	Puwakgahahena	Puwakgahahena	GND	1132	0	0	0	0	0	0	0	0
LK-3209215	Mawarala	Mawarala	GND	1582	528	23	0	0	0	0	0	0
LK-3212	Mulatiyana	Mulatiyana	DSD	51505	268	0	0	0	0	0	0	0
LK-3212005	Gombaddala North	Gombaddala North	GND	844	0	0	0	0	0	0	0	0
LK-3212010	Kudapana	Kudapana	GND	791	0	0	0	0	0	0	0	0
LK-3212015	Ketapalakanda	Ketapalakanda	GND	1122	0	0	0	0	0	0	0	0
LK-3212020	Gammedagama	Gammedagama	GND	874	0	0	0	0	0	0	0	0
LK-3212025	Ketiyape North	Ketiyape North	GND	882	0	0	0	0	0	0	0	0
LK-3212030	Athapattukanda	Athapattukanda	GND	1105	0	0	0	0	0	0	0	0
LK-3212035	Parapamulla East	Parapamulla East	GND	1122	0	0	0	0	0	0	0	0
LK-3212040	Ketiyape South	Ketiyape South	GND	761	0	0	0	0	0	0	0	0
LK-3212045	Galetumba	Galetumba	GND	891	0	0	0	0	0	0	0	0
LK-3212050	Neralampitiya	Neralampitiya	GND	1013	0	0	0	0	0	0	0	0
LK-3212055	Mulatiyana	Mulatiyana	GND	1152	0	0	0	0	0	0	0	0
LK-3212060	Diddenipotha North	Diddenipotha North	GND	648	0	0	0	0	0	0	0	0
LK-3212065	Beragama North	Beragama North	GND	1508	0	0	0	0	0	0	0	0
LK-3212070	Gombaddala South	Gombaddala South	GND	1382	0	0	0	0	0	0	0	0
LK-3212075	Beragama West	Beragama West	GND	1494	0	0	0	0	0	0	0	0
LK-3212080	Beragama South	Beragama South	GND	1229	0	0	0	0	0	0	0	0
LK-3212085	Makandura West	Makandura West	GND	1430	0	0	0	0	0	0	0	0
LK-3212090	Beragama East	Beragama East	GND	1161	0	0	0	0	0	0	0	0
LK-3212095	Diddenipotha East	Diddenipotha East	GND	663	0	0	0	0	0	0	0	0
LK-3212100	Diddenipotha South	Diddenipotha South	GND	883	212	0	0	0	0	0	0	0
LK-3212105	Seenipella West	Seenipella West	GND	1289	0	0	0	0	0	0	0	0
LK-3212110	Maduwala	Maduwala	GND	1340	0	0	0	0	0	0	0	0
LK-3212115	Seenipella East	Seenipella East	GND	973	0	0	0	0	0	0	0	0
LK-3212120	Deiyandara	Deiyandara	GND	1965	0	0	0	0	0	0	0	0
LK-3212125	Parapamulla West	Parapamulla West	GND	698	0	0	0	0	0	0	0	0
LK-3212130	Parapamulla South	Parapamulla South	GND	652	0	0	0	0	0	0	0	0
LK-3212135	Dewalegama West	Dewalegama West	GND	1181	0	0	0	0	0	0	0	0
LK-3212140	Dewalegama East	Dewalegama East	GND	847	0	0	0	0	0	0	0	0
LK-3212145	Batadola	Batadola	GND	1381	13	0	0	0	0	0	0	0
LK-3212150	Kithsiripura	Kithsiripura	GND	869	0	0	0	0	0	0	0	0
LK-3212155	Radawela West	Radawela West	GND	698	0	0	0	0	0	0	0	0
LK-3212160	Belpamulla	Belpamulla	GND	860	0	0	0	0	0	0	0	0
LK-3212165	Bamunugama West	Bamunugama West	GND	1332	10	0	0	0	0	0	0	0
LK-3212170	Makandura East	Makandura  East	GND	1357	0	0	0	0	0	0	0	0
LK-3212175	Ransegoda East	Ransegoda East	GND	883	0	0	0	0	0	0	0	0
LK-3212180	Meepavita	Meepavita	GND	1056	0	0	0	0	0	0	0	0
LK-3212185	Mudaligedara	Mudaligedara	GND	829	0	0	0	0	0	0	0	0
LK-3212190	Rathkekulawa	Rathkekulawa	GND	1506	0	0	0	0	0	0	0	0
LK-3212195	Ransegoda North	Ransegoda North	GND	1599	0	0	0	0	0	0	0	0
LK-3212200	Ransegoda South	Ransegoda South	GND	1475	0	0	0	0	0	0	0	0
LK-3212205	Ransegoda West	Ransegoda West	GND	813	0	0	0	0	0	0	0	0
LK-3212210	Koramburuwana	Koramburuwana	GND	746	33	0	0	0	0	0	0	0
LK-3212215	Horapavita South	Horapavita South	GND	959	0	0	0	0	0	0	0	0
LK-3212220	Horapavita North	Horapavita North	GND	1213	0	0	0	0	0	0	0	0
LK-3212225	Bamunugama East	Bamunugama East	GND	838	0	0	0	0	0	0	0	0
LK-3212230	Radawela East	Radawela East	GND	824	0	0	0	0	0	0	0	0
LK-3212235	Pallawela	Pallawela	GND	864	0	0	0	0	0	0	0	0
LK-3212240	Pitawalgamuwa	Pitawalgamuwa	GND	1503	0	0	0	0	0	0	0	0
LK-3215	Athuraliya	Athuraliya	DSD	30115	727	65	1840	0	0	0	0	0
LK-3215005	Kehelwala	Kehelwala	GND	477	0	0	0	0	0	0	0	0
LK-3215010	Urumutta	Urumutta	GND	1343	15	0	0	0	0	0	0	0
LK-3215015	Urumutta South	Urumutta South	GND	1015	0	0	0	0	0	0	0	0
LK-3215020	Dematapassa	Dematapassa	GND	1458	63	0	0	0	0	0	0	0
LK-3215025	Divithura	Divithura	GND	964	0	0	0	0	0	0	0	0
LK-3215030	Welihena	Welihena	GND	1329	10	25	0	0	0	0	0	0
LK-3215035	Hawpe	Hawpe	GND	990	301	0	24	0	0	0	0	0
LK-3215040	Thalahagama West	Thalahagama West	GND	978	40	0	0	0	0	0	0	0
LK-3215045	Wenagama	Wenagama	GND	1684	33	0	0	0	0	0	0	0
LK-3215050	Thalahagama East	Thalahagama East	GND	1802	0	0	0	0	0	0	0	0
LK-3215055	Uggashena	Uggashena	GND	1359	41	0	0	0	0	0	0	0
LK-3215060	Vilpita West	Vilpita West	GND	1263	0	0	0	0	0	0	0	0
LK-3215065	Kanahalagama	Kanahalagama	GND	1138	65	0	27	0	0	0	0	0
LK-3215070	Godapitiya	Godapitiya	GND	123	57	40	1696	0	0	0	0	0
LK-3215075	Maragoda	Maragoda	GND	900	0	0	41	0	0	0	0	0
LK-3215080	Panadugama	Panadugama	GND	1254	46	0	41	0	0	0	0	0
LK-3215085	Thibbotuwawa North	Thibbotuwawa North	GND	712	0	0	0	0	0	0	0	0
LK-3215090	Walagepiyadda	Walagepiyadda	GND	1114	56	0	0	0	0	0	0	0
LK-3215095	Vilpita East 1	Vilpita East 1	GND	547	0	0	0	0	0	0	0	0
LK-3215100	Vilpita East 11	Vilpita East 11	GND	1550	0	0	11	0	0	0	0	0
LK-3215105	Yahamulla	Yahamulla	GND	996	0	0	0	0	0	0	0	0
LK-3215110	Namburukanda	Namburukanda	GND	560	0	0	0	0	0	0	0	0
LK-3215115	Ihala Athuraliya	Ihala Athuraliya	GND	848	0	0	0	0	0	0	0	0
LK-3215120	Balakawala	Balakawala	GND	1245	0	0	0	0	0	0	0	0
LK-3215125	Thibbotuwawa	Thibbotuwawa	GND	1947	0	0	0	0	0	0	0	0
LK-3215130	Athuraliya West	Athuraliya West	GND	779	0	0	0	0	0	0	0	0
LK-3215135	Athuraliya East	Athuraliya East	GND	575	0	0	0	0	0	0	0	0
LK-3215140	Pahala Athuraliya	Pahala Athuraliya	GND	1165	0	0	0	0	0	0	0	0
LK-3218	Akuressa	Akuressa	DSD	51916	1493	78	0	0	0	0	0	0
LK-3218005	Diganahena	Diganahena	GND	532	0	0	0	0	0	0	0	0
LK-3218010	Lenama North	Lenama North	GND	866	798	0	0	0	0	0	0	0
LK-3218015	Hulandawa	Hulandawa	GND	481	134	0	0	0	0	0	0	0
LK-3218020	Maramba North	Maramba North	GND	1257	50	0	0	0	0	0	0	0
LK-3218025	Peddapitiya North	Peddapitiya North	GND	1065	0	0	0	0	0	0	0	0
LK-3218030	Idikatudeniya	Idikatudeniya	GND	627	27	0	0	0	0	0	0	0
LK-3218035	Lenama South	Lenama South	GND	682	12	0	0	0	0	0	0	0
LK-3218040	Udupitiya	Udupitiya	GND	445	11	0	0	0	0	0	0	0
LK-3218045	Weliketiya	Weliketiya	GND	1277	0	0	0	0	0	0	0	0
LK-3218050	Dediyagala	Dediyagala	GND	1536	33	0	0	0	0	0	0	0
LK-3218055	Vilagama	Vilagama	GND	445	0	0	0	0	0	0	0	0
LK-3218060	Ehelape	Ehelape	GND	1522	26	0	0	0	0	0	0	0
LK-3218065	Dolamawatha	Dolamawatha	GND	1474	0	0	0	0	0	0	0	0
LK-3218070	Kohugoda	Kohugoda	GND	1230	0	0	0	0	0	0	0	0
LK-3218075	Ihala Maliduwa	Ihala Maliduwa	GND	1131	25	0	0	0	0	0	0	0
LK-3218080	Ketanvila	Ketanvila	GND	1300	0	0	0	0	0	0	0	0
LK-3218085	Nawalagoda	Nawalagoda	GND	979	31	0	0	0	0	0	0	0
LK-3218090	Ellewela	Ellewela	GND	1285	14	0	0	0	0	0	0	0
LK-3218095	Minipogoda	Minipogoda	GND	781	0	0	0	0	0	0	0	0
LK-3218100	Peddapitiya South	Peddapitiya South	GND	967	11	13	0	0	0	0	0	0
LK-3218105	Maramba South	Maramba South	GND	982	0	0	0	0	0	0	0	0
LK-3218110	Ganhela	Ganhela	GND	1043	0	0	0	0	0	0	0	0
LK-3218115	Asmagoda	Asmagoda	GND	698	0	0	0	0	0	0	0	0
LK-3218120	Higgoda	Higgoda	GND	1602	0	0	0	0	0	0	0	0
LK-3218125	Diyalape	Diyalape	GND	1043	43	0	0	0	0	0	0	0
LK-3218130	Eramudugoda	Eramudugoda	GND	1236	0	51	0	0	0	0	0	0
LK-3218135	Manikgoda	Manikgoda	GND	713	0	0	0	0	0	0	0	0
LK-3218140	Pahala Maliduwa	Pahala Maliduwa	GND	1381	26	0	0	0	0	0	0	0
LK-3218145	Bopitiya	Bopitiya	GND	1371	27	14	0	0	0	0	0	0
LK-3218150	Iluppella	Iluppella	GND	1809	0	0	0	0	0	0	0	0
LK-3218155	Imbulgoda	Imbulgoda	GND	1178	24	0	0	0	0	0	0	0
LK-3218160	Poramba	Poramba	GND	1604	0	0	0	0	0	0	0	0
LK-3218165	Akuressa	Akuressa	GND	1109	69	0	0	0	0	0	0	0
LK-3218170	Yakabedda	Yakabedda	GND	2120	43	0	0	0	0	0	0	0
LK-3218175	Galabadahena	Galabadahena	GND	1002	22	0	0	0	0	0	0	0
LK-3218180	Ihala Kiyanduwa	Ihala Kiyanduwa	GND	1107	23	0	0	0	0	0	0	0
LK-3218185	Melewwa	Melewwa	GND	1218	0	0	0	0	0	0	0	0
LK-3218190	Paraduwa North	Paraduwa North	GND	1200	0	0	0	0	0	0	0	0
LK-3218195	Paraduwa East	Paraduwa East	GND	964	34	0	0	0	0	0	0	0
LK-3218200	Paraduwa South	Paraduwa South	GND	1085	0	0	0	0	0	0	0	0
LK-3218205	Henegama	Henegama	GND	1347	0	0	0	0	0	0	0	0
LK-3218210	Henegama West	Henegama West	GND	1635	10	0	0	0	0	0	0	0
LK-3218215	Gallala	Gallala	GND	1329	0	0	0	0	0	0	0	0
LK-3218220	Nimalawa East	Nimalawa East	GND	695	0	0	0	0	0	0	0	0
LK-3218225	Nimalawa	Nimalawa	GND	1556	0	0	0	0	0	0	0	0
LK-3218230	Paragahawatta	Paragahawatta	GND	1007	0	0	0	0	0	0	0	0
LK-3221	Welipitiya	Welipitiya	DSD	47583	103	24	8111	0	0	0	0	0
LK-3221005	Wahala Kananke North	Wahala Kananke North	GND	932	17	0	0	0	0	0	0	0
LK-3221010	Nivithiwelbokka	Nivithiwelbokka	GND	1377	0	0	0	0	0	0	0	0
LK-3221015	Poramba Kananke North	Poramba Kananke North	GND	1526	0	0	0	0	0	0	0	0
LK-3221020	Puhulahena	Puhulahena	GND	993	0	0	0	0	0	0	0	0
LK-3221025	Poramba Kananke South	Poramba Kananke South	GND	1879	0	0	0	0	0	0	0	0
LK-3221030	Wahala Kananke South	Wahala Kananke South	GND	1327	0	0	0	0	0	0	0	0
LK-3221035	Nalawana	Nalawana	GND	652	0	0	0	0	0	0	0	0
LK-3221040	Penetiyana West	Penetiyana West	GND	1472	0	0	0	0	0	0	0	0
LK-3221045	Penetiyana East	Penetiyana East	GND	774	0	0	0	0	0	0	0	0
LK-3221050	Wellana	Wellana	GND	964	0	0	0	0	0	0	0	0
LK-3221055	Udukawa North	Udukawa North	GND	1616	0	0	0	0	0	0	0	0
LK-3221060	Udukawa South	Udukawa South	GND	2013	0	0	0	0	0	0	0	0
LK-3221065	Hallala	Hallala	GND	1214	0	0	0	0	0	0	0	0
LK-3221070	Bathalahena	Bathalahena	GND	973	0	0	0	0	0	0	0	0
LK-3221075	Kokmaduwa North	Kokmaduwa North	GND	779	0	0	0	0	0	0	0	0
LK-3221080	Sahabandu Kokmaduwa	Sahabandu Kokmaduwa	GND	859	0	0	0	0	0	0	0	0
LK-3221085	Jamburegoda East	Jamburegoda East	GND	417	0	0	0	0	0	0	0	0
LK-3221090	Padili Kokmaduwa	Padili Kokmaduwa	GND	1084	0	0	0	0	0	0	0	0
LK-3221095	Beraleliya	Beraleliya	GND	1355	0	0	0	0	0	0	0	0
LK-3221100	Jayawickramapura	Jayawickramapura	GND	1468	0	0	0	0	0	0	0	0
LK-3221105	Warakapitiya North	Warakapitiya North	GND	1655	0	0	0	0	0	0	0	0
LK-3221110	Warakapitiya East	Warakapitiya East	GND	976	0	0	0	0	0	0	0	0
LK-3221115	Warakapitiya South	Warakapitiya South	GND	1617	0	0	0	0	0	0	0	0
LK-3221120	Meeruppa	Meeruppa	GND	1598	16	0	0	0	0	0	0	0
LK-3221125	Uruvitiya	Uruvitiya	GND	1227	0	0	0	0	0	0	0	0
LK-3221130	Watagedaramulla	Watagedaramulla	GND	1577	12	24	408	0	0	0	0	0
LK-3221135	Moonamalpe	Moonamalpe	GND	833	0	0	617	0	0	0	0	0
LK-3221140	Welipitiya	Welipitiya	GND	626	23	0	3628	0	0	0	0	0
LK-3221145	Palalla	Palalla	GND	2132	0	0	0	0	0	0	0	0
LK-3221150	Jamburegoda West	Jamburegoda West	GND	718	0	0	0	0	0	0	0	0
LK-3221155	Ibbawala	Ibbawala	GND	540	0	0	0	0	0	0	0	0
LK-3221160	Vilegoda	Vilegoda	GND	1116	0	0	0	0	0	0	0	0
LK-3221165	Borala	Borala	GND	1245	0	0	0	0	0	0	0	0
LK-3221170	Maduragoda	Maduragoda	GND	573	10	0	1920	0	0	0	0	0
LK-3221175	Kapuwatta	Kapuwatta	GND	127	0	0	1277	0	0	0	0	0
LK-3221180	Denipitiya Central	Denipitiya Central	GND	2423	25	0	222	0	0	0	0	0
LK-3221185	Denipitiya West	Denipitiya West	GND	2036	0	0	39	0	0	0	0	0
LK-3221190	Denipitiya East	Denipitiya East	GND	2890	0	0	0	0	0	0	0	0
LK-3224	Malimbada	Malimbada	DSD	35512	18	0	559	0	0	0	0	0
LK-3224005	Elgiriya	Elgiriya	GND	978	0	0	0	0	0	0	0	0
LK-3224010	Pahala Kiyaduwa	Pahala Kiyaduwa	GND	963	0	0	0	0	0	0	0	0
LK-3224015	Maragoda	Maragoda	GND	1118	0	0	0	0	0	0	0	0
LK-3224020	Kekunawela	Kekunawela	GND	669	0	0	0	0	0	0	0	0
LK-3224025	Kadduwa	Kadduwa	GND	516	0	0	0	0	0	0	0	0
LK-3224030	Dampella	Dampella	GND	848	0	0	0	0	0	0	0	0
LK-3224035	Horagoda East	Horagoda East	GND	988	0	0	0	0	0	0	0	0
LK-3224040	Horagoda West	Horagoda West	GND	926	0	0	539	0	0	0	0	0
LK-3224045	Horagoda South	Horagoda South	GND	966	0	0	20	0	0	0	0	0
LK-3224050	Kadukanna	Kadukanna	GND	1543	0	0	0	0	0	0	0	0
LK-3224055	Welandagoda	Welandagoda	GND	801	0	0	0	0	0	0	0	0
LK-3224060	Uninduwela	Uninduwela	GND	753	0	0	0	0	0	0	0	0
LK-3224065	Thelijjavila	Thelijjavila	GND	2043	0	0	0	0	0	0	0	0
LK-3224070	Nape	Nape	GND	517	0	0	0	0	0	0	0	0
LK-3224075	Akurugoda North	Akurugoda North	GND	1326	0	0	0	0	0	0	0	0
LK-3224080	Akurugoda East	Akurugoda East	GND	1754	0	0	0	0	0	0	0	0
LK-3224085	Kirimetimulla South	Kirimetimulla South	GND	2542	0	0	0	0	0	0	0	0
LK-3224090	Kirimetimulla North	Kirimetimulla North	GND	1036	0	0	0	0	0	0	0	0
LK-3224095	Malimbada West	Malimbada West	GND	2029	0	0	0	0	0	0	0	0
LK-3224100	Katuwangoda	Katuwangoda	GND	772	0	0	0	0	0	0	0	0
LK-3224105	Malimbada East	Malimbada East	GND	1640	0	0	0	0	0	0	0	0
LK-3224110	Malimbada North	Malimbada North	GND	1621	0	0	0	0	0	0	0	0
LK-3224115	Malimbada South	Malimbada South	GND	912	0	0	0	0	0	0	0	0
LK-3224120	Galpamuna	Galpamuna	GND	1402	0	0	0	0	0	0	0	0
LK-3224125	Akurugoda South	Akurugoda South	GND	1957	0	0	0	0	0	0	0	0
LK-3224130	Akurugoda West	Akurugoda West	GND	982	0	0	0	0	0	0	0	0
LK-3224135	Sulthanagoda West	Sulthanagoda West	GND	1099	18	0	0	0	0	0	0	0
LK-3224140	Sulthanagoda East	Sulthanagoda East	GND	1305	0	0	0	0	0	0	0	0
LK-3224145	Sulthanagoda South	Sulthanagoda South	GND	1506	0	0	0	0	0	0	0	0
LK-3227	Kaburupitiya	Kamburupitiya	DSD	42586	70	0	20	26	0	0	0	0
LK-3227005	Gathara West	Gathara West	GND	1008	0	0	0	0	0	0	0	0
LK-3227010	Gathara North	Gathara North	GND	908	0	0	0	0	0	0	0	0
LK-3227015	Gathara East	Gathara East	GND	1334	0	0	0	0	0	0	0	0
LK-3227020	Beragammulla	Beragammulla	GND	1057	0	0	0	0	0	0	0	0
LK-3227025	Eriyathota	Eriyathota	GND	1388	0	0	0	26	0	0	0	0
LK-3227030	Ganegama	Ganegama	GND	526	0	0	0	0	0	0	0	0
LK-3227035	Narandeniya East	Narandeniya East	GND	760	0	0	0	0	0	0	0	0
LK-3227040	Narandeniya West	Narandeniya West	GND	624	0	0	0	0	0	0	0	0
LK-3227045	Malana	Malana	GND	1111	0	0	0	0	0	0	0	0
LK-3227050	Magamure	Magamure	GND	807	0	0	0	0	0	0	0	0
LK-3227055	Sapugoda	Sapugoda	GND	1827	0	0	0	0	0	0	0	0
LK-3227060	Lenabatuwa	Lenabatuwa	GND	1166	0	0	0	0	0	0	0	0
LK-3227065	Bibulewela	Bibulewela	GND	873	0	0	0	0	0	0	0	0
LK-3227070	Godawa	Godawa	GND	1277	0	0	0	0	0	0	0	0
LK-3227075	Pitakatuwana	Pitakatuwana	GND	1025	0	0	0	0	0	0	0	0
LK-3227080	Kamburupitiya	Kamburupitiya	GND	1617	0	0	0	0	0	0	0	0
LK-3227085	Ullala East	Ullala East	GND	2091	0	0	0	0	0	0	0	0
LK-3227090	Thumbe	Thumbe	GND	844	0	0	0	0	0	0	0	0
LK-3227095	Karaputugala North	Karaputugala North	GND	859	0	0	0	0	0	0	0	0
LK-3227100	Karaputugala South	Karaputugala South	GND	946	0	0	0	0	0	0	0	0
LK-3227105	Ullala Masmulla	Ullala Masmulla	GND	1182	0	0	0	0	0	0	0	0
LK-3227110	Ullala West	Ullala West	GND	1426	0	0	0	0	0	0	0	0
LK-3227115	Mapalana Mangin Ihala	Mapalana Mangin Ihala	GND	1210	0	0	0	0	0	0	0	0
LK-3227120	Mapalana Mangin Pahala	Mapalana Mangin Pahala	GND	1629	48	0	0	0	0	0	0	0
LK-3227125	Seewelgama	Seewelgama	GND	1922	0	0	0	0	0	0	0	0
LK-3227130	Ihala Vitiyala North	Ihala Vitiyala North	GND	887	0	0	0	0	0	0	0	0
LK-3227135	Karagoda Uyangoda 1 Atha East	Karagoda Uyangoda 1 Atha East	GND	1883	22	0	20	0	0	0	0	0
LK-3227140	Karagoda Uyangoda 1 Atha West	Karagoda Uyangoda 1 Atha West	GND	984	0	0	0	0	0	0	0	0
LK-3227145	Karagoda Uyangoda 2 West	Karagoda Uyangoda 2 West	GND	793	0	0	0	0	0	0	0	0
LK-3227150	Karagoda Uyangoda 2 East	Karagoda Uyangoda 2 East	GND	802	0	0	0	0	0	0	0	0
LK-3227155	Ihala Vitiyala West	Ihala Vitiyala West	GND	693	0	0	0	0	0	0	0	0
LK-3227160	Ihala Vitiyala South	Ihala Vitiyala South	GND	851	0	0	0	0	0	0	0	0
LK-3227165	Ihala Vitiyala East	Ihala Vitiyala East	GND	894	0	0	0	0	0	0	0	0
LK-3227170	Akurugoda	Akurugoda	GND	801	0	0	0	0	0	0	0	0
LK-3227175	Kahagala	Kahagala	GND	1144	0	0	0	0	0	0	0	0
LK-3227180	Kahagala South	Kahagala South	GND	968	0	0	0	0	0	0	0	0
LK-3227185	Urapola East	Urapola East	GND	635	0	0	0	0	0	0	0	0
LK-3227190	Palolpitiya	Palolpitiya	GND	1190	0	0	0	0	0	0	0	0
LK-3227195	Urapola West	Urapola West	GND	644	0	0	0	0	0	0	0	0
LK-3230	Hakmana	Hakmana	DSD	31922	10	0	1006	0	0	0	0	0
LK-3230005	Denagama East	Denagama East	GND	1004	0	0	0	0	0	0	0	0
LK-3230010	Denagama North	Denagama North	GND	1152	10	0	0	0	0	0	0	0
LK-3230015	Denagama West	Denagama West	GND	784	0	0	0	0	0	0	0	0
LK-3230020	Badabadda	Badabadda	GND	1152	0	0	328	0	0	0	0	0
LK-3230025	Meeella	Meeella	GND	566	0	0	678	0	0	0	0	0
LK-3230030	Pananwela East	Pananwela East	GND	890	0	0	0	0	0	0	0	0
LK-3230035	Pananwela West	Pananwela west	GND	541	0	0	0	0	0	0	0	0
LK-3230040	Kohuliyadda	Kohuliyadda	GND	746	0	0	0	0	0	0	0	0
LK-3230045	Kebiliyapola North	Kebiliyapola North	GND	409	0	0	0	0	0	0	0	0
LK-3230050	Wepathaira North	Wepathaira North	GND	720	0	0	0	0	0	0	0	0
LK-3230055	Wepathaira West	Wepathaira West	GND	698	0	0	0	0	0	0	0	0
LK-3230060	Kandegoda	Kandegoda	GND	652	0	0	0	0	0	0	0	0
LK-3230065	Narawelpita East	Narawelpita East	GND	968	0	0	0	0	0	0	0	0
LK-3230070	Narawelpita North	Narawelpita North	GND	1435	0	0	0	0	0	0	0	0
LK-3230075	Ellewela East	Ellewela East	GND	975	0	0	0	0	0	0	0	0
LK-3230080	Ellewela West	Ellewela West	GND	1480	0	0	0	0	0	0	0	0
LK-3230085	Narawelpita South	Narawelpita South	GND	938	0	0	0	0	0	0	0	0
LK-3230090	Beruwela	Beruwela	GND	800	0	0	0	0	0	0	0	0
LK-3230095	Muruthamuraya	Muruthamuraya	GND	681	0	0	0	0	0	0	0	0
LK-3230100	Muruthamuraya West	Muruthamuraya West	GND	822	0	0	0	0	0	0	0	0
LK-3230105	Muruthamuraya East	Muruthamuraya East	GND	843	0	0	0	0	0	0	0	0
LK-3230110	Wepathaira South	Wepathaira South	GND	1067	0	0	0	0	0	0	0	0
LK-3230115	Kebiliyapola South	Kebiliyapola South	GND	1129	0	0	0	0	0	0	0	0
LK-3230120	Gangodagama	Gangodagama	GND	1117	0	0	0	0	0	0	0	0
LK-3230125	Pottewela	Pottewela	GND	737	0	0	0	0	0	0	0	0
LK-3230130	Lalpe	Lalpe	GND	1410	0	0	0	0	0	0	0	0
LK-3230135	Gammedapitiya	Gammedapitiya	GND	969	0	0	0	0	0	0	0	0
LK-3230140	Udupeellegoda East	Udupeellegoda East	GND	1139	0	0	0	0	0	0	0	0
LK-3230145	Udupeellegoda West	Udupeellegoda West	GND	1256	0	0	0	0	0	0	0	0
LK-3230150	Kongala East	Kongala East	GND	655	0	0	0	0	0	0	0	0
LK-3230155	Kongala South	Kongala South	GND	1019	0	0	0	0	0	0	0	0
LK-3230160	Kongala Central	Kongala Central	GND	950	0	0	0	0	0	0	0	0
LK-3230165	Kongala West	Kongala West	GND	952	0	0	0	0	0	0	0	0
LK-3230170	Narawelpita West	Narawelpita West	GND	1266	0	0	0	0	0	0	0	0
LK-3233	Kirinda Puhulwella	Kirinda Puhulwella	DSD	19961	0	0	651	0	0	0	0	0
LK-3233005	Ovitigamuwa South	Ovitigamuwa South	GND	1094	0	0	0	0	0	0	0	0
LK-3233010	Ovitigamuwa North	Ovitigamuwa North	GND	1035	0	0	0	0	0	0	0	0
LK-3233015	Malwathugoda	Malwathugoda	GND	990	0	0	0	0	0	0	0	0
LK-3233020	Galkanda	Galkanda	GND	660	0	0	0	0	0	0	0	0
LK-3233025	Kirinda Mangin Pahala	Kirinda Mangin Pahala	GND	239	0	0	634	0	0	0	0	0
LK-3233030	Kirinda Mangin Ihala North	Kirinda Mangin Ihala North	GND	741	0	0	17	0	0	0	0	0
LK-3233035	Hettiyawala West	Hettiyawala West	GND	738	0	0	0	0	0	0	0	0
LK-3233040	Hettiyawala North	Hettiyawala North	GND	868	0	0	0	0	0	0	0	0
LK-3233045	Boraluketiya	Boraluketiya	GND	580	0	0	0	0	0	0	0	0
LK-3233050	Karathota	Karathota	GND	812	0	0	0	0	0	0	0	0
LK-3233055	Naradda	Naradda	GND	802	0	0	0	0	0	0	0	0
LK-3233060	Kumbalgoda	Kumbalgoda	GND	640	0	0	0	0	0	0	0	0
LK-3233065	Hettiyawala East	Hettiyawala East	GND	872	0	0	0	0	0	0	0	0
LK-3233070	Hettiyawala South	Hettiyawala South	GND	843	0	0	0	0	0	0	0	0
LK-3233075	Wavulanbokka	Wavulanbokka	GND	669	0	0	0	0	0	0	0	0
LK-3233080	Puhulwella East	Puhulwella East	GND	772	0	0	0	0	0	0	0	0
LK-3233085	Puhulwella West	Puhulwella West	GND	958	0	0	0	0	0	0	0	0
LK-3233090	Kirinda Mangin Ihala South	Kirinda Mangin Ihala South	GND	911	0	0	0	0	0	0	0	0
LK-3233095	Kirinda Mangin Ihala Central	Kirinda Mangin Ihala Central	GND	1155	0	0	0	0	0	0	0	0
LK-3233100	Kirinda Mangin Ihala East	Kirinda Mangin Ihala East	GND	916	0	0	0	0	0	0	0	0
LK-3233105	Wathukolakanda East	Wathukolakanda East	GND	985	0	0	0	0	0	0	0	0
LK-3233110	Walakanda South	Walakanda South	GND	584	0	0	0	0	0	0	0	0
LK-3233115	Walakanda West	Walakanda West	GND	842	0	0	0	0	0	0	0	0
LK-3233120	Walakanda East	Walakanda East	GND	588	0	0	0	0	0	0	0	0
LK-3233125	Wathukolakanda North	Wathukolakanda North	GND	667	0	0	0	0	0	0	0	0
LK-3236	Thihagoda	Thihagoda	DSD	34214	0	0	0	0	0	0	0	0
LK-3236005	Pahala Vitiyala West	Pahala Vitiyala West	GND	948	0	0	0	0	0	0	0	0
LK-3236010	Pahala Vitiyala Central	Pahala Vitiyala Central	GND	977	0	0	0	0	0	0	0	0
LK-3236015	Pahala Vitiyala East	Pahala Vitiyala East	GND	699	0	0	0	0	0	0	0	0
LK-3236020	Polathugoda	Polathugoda	GND	957	0	0	0	0	0	0	0	0
LK-3236025	Batuvita 1	Batuvita 1	GND	1149	0	0	0	0	0	0	0	0
LK-3236030	Batuvita 2	Batuvita 2	GND	943	0	0	0	0	0	0	0	0
LK-3236035	Medauyangoda	Medauyangoda	GND	1369	0	0	0	0	0	0	0	0
LK-3236040	Akkara Panaha	Akkara Panaha	GND	739	0	0	0	0	0	0	0	0
LK-3236045	Yatiyana	Yatiyana	GND	1165	0	0	0	0	0	0	0	0
LK-3236050	Kottawatta	Kottawatta	GND	588	0	0	0	0	0	0	0	0
LK-3236055	Komangoda 2	Komangoda 2	GND	659	0	0	0	0	0	0	0	0
LK-3236060	Komangoda 1	Komangoda 1	GND	548	0	0	0	0	0	0	0	0
LK-3236065	Thihagoda East	Thihagoda East	GND	1045	0	0	0	0	0	0	0	0
LK-3236070	Thihagoda	Thihagoda	GND	879	0	0	0	0	0	0	0	0
LK-3236075	Kithalagama East 2	Kithalagama East 2	GND	352	0	0	0	0	0	0	0	0
LK-3236080	Kithalagama East 3	Kithalagama East 3	GND	610	0	0	0	0	0	0	0	0
LK-3236085	Kithalagama Central	Kithalagama Central	GND	951	0	0	0	0	0	0	0	0
LK-3236090	Narangala	Narangala	GND	973	0	0	0	0	0	0	0	0
LK-3236095	Wellethota	Wellethota	GND	1237	0	0	0	0	0	0	0	0
LK-3236100	Kithalagama West	Kithalagama West	GND	779	0	0	0	0	0	0	0	0
LK-3236105	Kithalagama East 1	Kithalagama East 1	GND	462	0	0	0	0	0	0	0	0
LK-3236110	Naimbala 1	Naimbala 1	GND	557	0	0	0	0	0	0	0	0
LK-3236115	Kapudoowa	Kapudoowa	GND	697	0	0	0	0	0	0	0	0
LK-3236120	Kapudoowa East	Kapudoowa East	GND	728	0	0	0	0	0	0	0	0
LK-3236125	Uduwa West	Uduwa West	GND	526	0	0	0	0	0	0	0	0
LK-3236130	Uduwa East	Uduwa East	GND	798	0	0	0	0	0	0	0	0
LK-3236135	Galbada	Galbada	GND	587	0	0	0	0	0	0	0	0
LK-3236140	Naimbala 2	Naimbala 2	GND	1301	0	0	0	0	0	0	0	0
LK-3236145	Bandattara 2	Bandattara 2	GND	889	0	0	0	0	0	0	0	0
LK-3236150	Watagedara East	Watagedara East	GND	706	0	0	0	0	0	0	0	0
LK-3236155	Attudawa	Attudawa	GND	679	0	0	0	0	0	0	0	0
LK-3236160	Attudawa West	Attudawa West	GND	894	0	0	0	0	0	0	0	0
LK-3236165	Watagedara	Watagedara	GND	938	0	0	0	0	0	0	0	0
LK-3236170	Nadugala 2	Nadugala 2	GND	926	0	0	0	0	0	0	0	0
LK-3236175	Nadugala 1	Nadugala 1	GND	1160	0	0	0	0	0	0	0	0
LK-3236180	Bandattara 1	Bandattara 1	GND	884	0	0	0	0	0	0	0	0
LK-3236185	Elambathalagoda	Elambathalagoda	GND	578	0	0	0	0	0	0	0	0
LK-3236190	Palatuwa	Palatuwa	GND	994	0	0	0	0	0	0	0	0
LK-3236195	Unella	Unella	GND	1091	0	0	0	0	0	0	0	0
LK-3236200	Dematahettigoda	Dematahettigoda	GND	1252	0	0	0	0	0	0	0	0
LK-3239	Weligama	Weligama	DSD	67229	106	12	8591	0	0	0	0	0
LK-3239005	Midigama North	Midigama North	GND	1945	0	0	0	0	0	0	0	0
LK-3239010	Pathegama	Pathegama	GND	1053	0	0	0	0	0	0	0	0
LK-3239015	Moodugamuwa West	Moodugamuwa West	GND	1334	0	0	0	0	0	0	0	0
LK-3239020	Moodugamuwa East	Moodugamuwa East	GND	911	0	0	0	0	0	0	0	0
LK-3239025	Kohunugamuwa	Kohunugamuwa	GND	1266	0	0	209	0	0	0	0	0
LK-3239030	Walana	Walana	GND	1842	0	0	0	0	0	0	0	0
LK-3239035	Wekada	Wekada	GND	3751	0	0	0	0	0	0	0	0
LK-3239040	Denuwala	Denuwala	GND	1315	0	0	0	0	0	0	0	0
LK-3239045	Midigama West	Midigama West	GND	1566	0	0	0	0	0	0	0	0
LK-3239050	Midigama East	Midigama East	GND	1364	0	0	0	0	0	0	0	0
LK-3239055	Hetti Weediya	Hetti  Weediya	GND	1218	61	0	1443	0	0	0	0	0
LK-3239060	Aluth Weediya	Aluth Weediya	GND	276	45	12	3302	0	0	0	0	0
LK-3239065	Polwatta	Polwatta	GND	2321	0	0	0	0	0	0	0	0
LK-3239070	Nidangala	Nidangala	GND	939	0	0	0	0	0	0	0	0
LK-3239075	Kotavila West	Kotavila West	GND	1503	0	0	0	0	0	0	0	0
LK-3239080	Kotavila North	Kotavila North	GND	1883	0	0	0	0	0	0	0	0
LK-3239085	Kamburugamuwa North	Kamburugamuwa North	GND	3914	0	0	0	0	0	0	0	0
LK-3239090	Kotavila South	Kotavila South	GND	2194	0	0	0	0	0	0	0	0
LK-3239095	Henwala East	Henwala East	GND	1246	0	0	0	0	0	0	0	0
LK-3239100	Polwathumodara	Polwathumodara	GND	1118	0	0	0	0	0	0	0	0
LK-3239105	Pelena North	Pelena North	GND	1242	0	0	0	0	0	0	0	0
LK-3239110	Pelena West	Pelena West	GND	1217	0	0	254	0	0	0	0	0
LK-3239115	Galbokka East	Galbokka East	GND	93	0	0	1762	0	0	0	0	0
LK-3239120	Galbokka West	Galbokka West	GND	38	0	0	1276	0	0	0	0	0
LK-3239125	Paranakade	Paranakade	GND	884	0	0	345	0	0	0	0	0
LK-3239130	Walliwala East	Walliwala East	GND	2356	0	0	0	0	0	0	0	0
LK-3239135	Pitidoowa	Pitidoowa	GND	1437	0	0	0	0	0	0	0	0
LK-3239140	Gurubebila	Gurubebila	GND	1632	0	0	0	0	0	0	0	0
LK-3239145	Walliwala West	Walliwala West	GND	1240	0	0	0	0	0	0	0	0
LK-3239150	Walliwala South	Walliwala South	GND	1105	0	0	0	0	0	0	0	0
LK-3239155	Maha Weediya	Maha Weediya	GND	1328	0	0	0	0	0	0	0	0
LK-3239160	Pelena South	Pelena South	GND	1100	0	0	0	0	0	0	0	0
LK-3239165	Henwala West	Henwala West	GND	948	0	0	0	0	0	0	0	0
LK-3239170	Garanduwa	Garanduwa	GND	1235	0	0	0	0	0	0	0	0
LK-3239175	Mirissa Udumulla	Mirissa Udumulla	GND	1331	0	0	0	0	0	0	0	0
LK-3239180	Mirissa Udupila	Mirissa Udupila	GND	1799	0	0	0	0	0	0	0	0
LK-3239185	Mirissa North	Mirissa North	GND	1251	0	0	0	0	0	0	0	0
LK-3239190	Mirissa South 2	Mirissa South 2	GND	1437	0	0	0	0	0	0	0	0
LK-3239195	Kapparathota South	Kapparathota South	GND	1068	0	0	0	0	0	0	0	0
LK-3239200	Kapparathota North	Kapparathota North	GND	1839	0	0	0	0	0	0	0	0
LK-3239205	Mirissa South 1	Mirissa South 1	GND	1093	0	0	0	0	0	0	0	0
LK-3239210	Bandaramulla	Bandaramulla	GND	1594	0	0	0	0	0	0	0	0
LK-3239215	Thal Aramba North	Thal Aramba North	GND	1795	0	0	0	0	0	0	0	0
LK-3239220	Thudella	Thudella	GND	1071	0	0	0	0	0	0	0	0
LK-3239225	Kamburugamuwa South	Kamburugamuwa South	GND	1538	0	0	0	0	0	0	0	0
LK-3239230	Kamburugamuwa West	Kamburugamuwa West	GND	876	0	0	0	0	0	0	0	0
LK-3239235	Thal Aramba East	Thal Aramba East	GND	766	0	0	0	0	0	0	0	0
LK-3239240	Thal Aramba South	Thal Aramba South	GND	957	0	0	0	0	0	0	0	0
LK-3242	Matara Four Gravets	Matara Four Gravets	DSD	118659	251	20	4586	32	0	0	0	0
LK-3242005	Deeyagaha East	Deeyagaha East	GND	1069	0	0	0	0	0	0	0	0
LK-3242010	Kekanadura East	Kekanadura East	GND	2076	0	0	0	0	0	0	0	0
LK-3242015	Kokawala	Kokawala	GND	905	0	0	0	0	0	0	0	0
LK-3242020	Parawahera East	Parawahera East	GND	1218	0	0	0	0	0	0	0	0
LK-3242025	Parawahera North	Parawahera North	GND	1585	0	0	0	0	0	0	0	0
LK-3242030	Kekanadura North	Kekanadura North	GND	706	0	0	0	0	0	0	0	0
LK-3242035	Kekanadura Central	Kekanadura Central	GND	1897	0	0	0	0	0	0	0	0
LK-3242040	Deeyagaha West	Deeyagaha West	GND	1067	0	0	0	0	0	0	0	0
LK-3242045	Navimana North	Navimana North	GND	477	0	0	0	0	0	0	0	0
LK-3242050	Pahalagoda	Pahalagoda	GND	852	0	0	0	0	0	0	0	0
LK-3242055	Navimana South	Navimana South	GND	1819	0	0	0	0	0	0	0	0
LK-3242060	Thudawa East	Thudawa East	GND	1233	21	0	0	0	0	0	0	0
LK-3242065	Thudawa North	Thudawa North	GND	881	0	0	0	0	0	0	0	0
LK-3242070	Thudawa South	Thudawa South	GND	1556	0	0	0	0	0	0	0	0
LK-3242075	Sudarshi Place	Sudarshi Place	GND	1740	0	0	0	0	0	0	0	0
LK-3242080	Hittatiya East	Hittetiya East	GND	2442	0	0	0	0	0	0	0	0
LK-3242085	Hittatiya Meda	Hittetiya Meda	GND	4106	0	0	0	0	0	0	0	0
LK-3242090	Godagama	Godagama	GND	2370	0	0	0	0	0	0	0	0
LK-3242095	Eduwa - Madurudoowa	Eduwa - Madurudoowa	GND	1098	0	0	0	0	0	0	0	0
LK-3242100	Kanattagoda North	Kanattagoda North	GND	1953	0	0	0	0	0	0	0	0
LK-3242105	Wewahamandoowa	Wewahamandoowa	GND	3263	0	0	0	0	0	0	0	0
LK-3242110	Hittatiya West	Hittetiya West	GND	1539	0	0	0	0	0	0	0	0
LK-3242115	Isadeen Town	Isadeen Town	GND	2421	0	0	73	0	0	0	0	0
LK-3242120	Weliweriya West	Weliweriya West	GND	1385	0	0	0	0	0	0	0	0
LK-3242125	Weliweriya East	Weliweriya East	GND	2800	0	0	36	0	0	0	0	0
LK-3242130	Walpala	Walpala	GND	2490	0	0	0	0	0	0	0	0
LK-3242135	Weragampita	Weragampita	GND	3532	0	0	0	0	0	0	0	0
LK-3242140	Ruwan Ella	Ruwan Ella	GND	1673	0	0	0	0	0	0	0	0
LK-3242145	Kekanadura West	Kekanadura West	GND	814	0	0	0	0	0	0	0	0
LK-3242150	Kekanadura South	Kekanadura South	GND	2782	0	0	0	0	0	0	0	0
LK-3242155	Parawahera South	Parawahera South	GND	1859	0	0	0	0	0	0	0	0
LK-3242160	Thalpavila North	Thalpavila North	GND	4143	0	0	0	0	0	0	0	0
LK-3242165	Nakuttiya	Nakuttiya	GND	1092	0	0	0	0	0	0	0	0
LK-3242170	Veherahena	Veherahena	GND	2918	0	0	0	0	0	0	0	0
LK-3242175	Makavita	Makavita	GND	1395	0	0	0	0	0	0	0	0
LK-3242180	Weradoowa	Weradoowa	GND	1326	0	20	0	0	0	0	0	0
LK-3242185	Uyanwatta	Uyanwatta	GND	2308	0	0	0	0	0	0	0	0
LK-3242190	Uyanwatta North	Uyanwatta North	GND	2512	0	0	0	0	0	0	0	0
LK-3242195	Kadeweediya East	Kadeweediya East	GND	1218	0	0	697	0	0	0	0	0
LK-3242200	Kadeweediya West	Kadeweediya West	GND	1182	34	0	850	0	0	0	0	0
LK-3242205	Welegoda East	Welegoda East	GND	3492	67	0	54	0	0	0	0	0
LK-3242210	Welegoda West	Welegoda West	GND	2112	0	0	0	0	0	0	0	0
LK-3242215	Mathotagama	Mathotagama	GND	1833	0	0	15	0	0	0	0	0
LK-3242220	Walgama North	Walgama North	GND	2679	0	0	0	0	0	0	0	0
LK-3242225	Kanattegoda South	Kanattagoda South	GND	1168	0	0	0	0	0	0	0	0
LK-3242230	Madiha West	Madiha West	GND	2159	0	0	0	0	0	0	0	0
LK-3242235	Walgama	Walgama	GND	3013	0	0	0	0	0	0	0	0
LK-3242240	Walgama Meda	Walgama Meda	GND	1965	0	0	0	0	0	0	0	0
LK-3242245	Walgama South	Walgama South	GND	2096	0	0	0	13	0	0	0	0
LK-3242250	Madiha East	Madiha East	GND	1005	0	0	0	0	0	0	0	0
LK-3242255	Polhena	Polhena	GND	2120	0	0	16	0	0	0	0	0
LK-3242260	Pamburana	Pamburana	GND	2719	0	0	0	0	0	0	0	0
LK-3242265	Noope	Noope	GND	786	0	0	0	0	0	0	0	0
LK-3242270	Kadeweediya South	Kadeweediya South	GND	197	0	0	1193	0	0	0	0	0
LK-3242275	Thotamuna	Thotamuna	GND	1601	0	0	81	0	0	0	0	0
LK-3242280	Fort	Fort	GND	649	12	0	148	0	0	0	0	0
LK-3242285	Kotuwegoda North	Kotuwegoda North	GND	602	10	0	559	19	0	0	0	0
LK-3242290	Eliyakanda North	Eliyakanda North	GND	1480	19	0	0	0	0	0	0	0
LK-3242295	Meddawatta	Meddawatta	GND	1765	10	0	0	0	0	0	0	0
LK-3242300	Rassandeniya	Rassandeniya	GND	2814	0	0	0	0	0	0	0	0
LK-3242305	Wewa Ihalagoda	Wewa Ihalagoda	GND	1954	0	0	0	0	0	0	0	0
LK-3242310	Thalpavila South	Thalpavila South	GND	1272	0	0	0	0	0	0	0	0
LK-3242315	Gandarawatta	Gandarawatta	GND	1213	0	0	0	0	0	0	0	0
LK-3242320	Meddawatta South	Meddawatta South	GND	1715	20	0	14	0	0	0	0	0
LK-3242325	Eliyakanda South	Eliyakanda South	GND	2028	58	0	313	0	0	0	0	0
LK-3242330	Kotuwegoda South	Kotuwegoda South	GND	520	0	0	537	0	0	0	0	0
LK-3245	Devinuwara	Devinuwara	DSD	48394	67	0	723	0	0	0	0	0
LK-3245005	Kadawedduwa West	Kadawedduwa West	GND	1361	0	0	0	0	0	0	0	0
LK-3245010	Kadawedduwa East	Kadawedduwa East	GND	692	0	0	0	0	0	0	0	0
LK-3245015	Walbulugahahena	Walbulugahahena	GND	981	0	0	0	0	0	0	0	0
LK-3245020	Aparekka North	Aparekka North	GND	571	0	0	0	0	0	0	0	0
LK-3245025	Uda Aparekka East	Uda Aparekka East	GND	1365	0	0	0	0	0	0	0	0
LK-3245030	Uda Aparekka	Uda Aparekka	GND	1593	0	0	0	0	0	0	0	0
LK-3245035	Palle Aparekka	Palle Aparekka	GND	858	0	0	0	0	0	0	0	0
LK-3245040	Agarawala	Agarawala	GND	813	0	0	0	0	0	0	0	0
LK-3245045	Beddegammedda	Beddegammedda	GND	1217	0	0	0	0	0	0	0	0
LK-3245050	Pathegama East	Pathegama East	GND	401	0	0	0	0	0	0	0	0
LK-3245055	Pathegama North	Pathegama North	GND	460	0	0	0	0	0	0	0	0
LK-3245060	Naotunna	Naotunna	GND	1255	0	0	0	0	0	0	0	0
LK-3245065	Naotunna North	Naotunna North	GND	771	0	0	0	0	0	0	0	0
LK-3245070	Thalalla North	Thalalla North	GND	1347	0	0	0	0	0	0	0	0
LK-3245075	Thalalla East	Thalalla East	GND	1105	0	0	0	0	0	0	0	0
LK-3245080	Thalalla South	Thalalla South	GND	1490	0	0	0	0	0	0	0	0
LK-3245085	Naotunna Central	Naotunna Central	GND	705	0	0	0	0	0	0	0	0
LK-3245090	Naotunna South	Naotunna South	GND	797	0	0	0	0	0	0	0	0
LK-3245095	Thalalla Central	Thalalla Central	GND	1402	0	0	0	0	0	0	0	0
LK-3245100	Delgalla	Delgalla	GND	970	0	0	0	0	0	0	0	0
LK-3245105	Kapugama North	Kapugama North	GND	1794	0	0	0	0	0	0	0	0
LK-3245110	Kapugama West	Kapugama West	GND	1046	0	0	0	0	0	0	0	0
LK-3245115	Gandarawatta South	Gandarawatta South	GND	1087	0	0	0	0	0	0	0	0
LK-3245120	Kapugama Central	Kapugama Central	GND	1571	19	0	0	0	0	0	0	0
LK-3245125	Kapugama East	Kapugama East	GND	4476	0	0	11	0	0	0	0	0
LK-3245130	Gandara East	Gandara East	GND	940	0	0	343	0	0	0	0	0
LK-3245135	Thalalla	Thalalla	GND	1120	0	0	369	0	0	0	0	0
LK-3245140	Gandara South	Gandara South	GND	885	0	0	0	0	0	0	0	0
LK-3245145	Gandara Central	Gandara Central	GND	862	0	0	0	0	0	0	0	0
LK-3245150	Gandara West	Gandara West	GND	1875	0	0	0	0	0	0	0	0
LK-3245155	Devinuwara North	Devinuwara North	GND	2684	0	0	0	0	0	0	0	0
LK-3245160	Devinuwara Central	Devinuwara Central	GND	996	0	0	0	0	0	0	0	0
LK-3245165	Devinuwara Nugegoda	Devinuwara Nugegoda	GND	1574	48	0	0	0	0	0	0	0
LK-3245170	Devinuwara West	Devinuwara West	GND	584	0	0	0	0	0	0	0	0
LK-3245175	Devinuwara East	Devinuwara East	GND	1007	0	0	0	0	0	0	0	0
LK-3245180	Devinuwara Wawwa	Devinuwara Wawwa	GND	1614	0	0	0	0	0	0	0	0
LK-3245185	Devinuwara Pradeepagara Pedesa	Devinuwara Pradeepagara Pedesa	GND	1075	0	0	0	0	0	0	0	0
LK-3245190	Devinuwara	Devinuwara	GND	416	0	0	0	0	0	0	0	0
LK-3245195	Devinuwara Welegoda	Devinuwara Welegoda	GND	886	0	0	0	0	0	0	0	0
LK-3245200	Devinuwara Sinhasana Pedesa	Devinuwara Sinhasana Pedesa	GND	877	0	0	0	0	0	0	0	0
LK-3245205	Devinuwara South	Devinuwara  South	GND	871	0	0	0	0	0	0	0	0
LK-3248	Dikwella	Dickwella	DSD	53223	28	0	3090	0	0	0	0	0
LK-3248005	Urugamuwa North	Urugamuwa North	GND	496	0	0	0	0	0	0	0	0
LK-3248010	Bodarakanda	Bodarakanda	GND	740	0	0	0	0	0	0	0	0
LK-3248015	Urugamuwa East	Urugamuwa East	GND	912	0	0	0	0	0	0	0	0
LK-3248020	Urugamuwa Central	Urugamuwa Central	GND	850	0	0	0	0	0	0	0	0
LK-3248025	Urugamuwa West	Urugamuwa West	GND	636	0	0	0	0	0	0	0	0
LK-3248030	Dandeniya North	Dandeniya North	GND	1140	0	0	0	0	0	0	0	0
LK-3248035	Urugamuwa South	Urugamuwa South	GND	869	0	0	0	0	0	0	0	0
LK-3248040	Rannawala	Rannawala	GND	873	0	0	0	0	0	0	0	0
LK-3248045	Urugamuwa	Urugamuwa	GND	886	0	0	0	0	0	0	0	0
LK-3248050	Wehella	Wehella	GND	1123	0	0	0	0	0	0	0	0
LK-3248055	Wehella North	Wehella North	GND	660	0	0	0	0	0	0	0	0
LK-3248060	Dandeniya South	Dandeniya South	GND	875	0	0	0	0	0	0	0	0
LK-3248065	Bambarenda North	Bambarenda North	GND	1676	0	0	0	0	0	0	0	0
LK-3248070	Pohosathugoda	Pohosathugoda	GND	652	0	0	0	0	0	0	0	0
LK-3248075	Rathmale	Rathmale	GND	1034	0	0	0	0	0	0	0	0
LK-3248080	Bambarenda Central	Bambarenda Central	GND	1600	0	0	0	0	0	0	0	0
LK-3248085	Wehella South	Wehella South	GND	569	0	0	0	0	0	0	0	0
LK-3248090	Wattegama	Wattegama	GND	803	0	0	422	0	0	0	0	0
LK-3248095	Wattegama North	Wattegama North	GND	1359	0	0	24	0	0	0	0	0
LK-3248100	Walasgala West	Walasgala West	GND	900	0	0	0	0	0	0	0	0
LK-3248105	Walasgala East	Walasgala East	GND	1835	0	0	0	0	0	0	0	0
LK-3248110	Wevurukannala	Wevurukannala	GND	1092	0	0	180	0	0	0	0	0
LK-3248115	Dickwella North	Dickwella North	GND	1997	0	0	0	0	0	0	0	0
LK-3248120	Dodampahala North	Dodampahala North	GND	1711	0	0	0	0	0	0	0	0
LK-3248125	Dodampahala East	Dodampahala East	GND	2221	17	0	0	0	0	0	0	0
LK-3248130	Dodampahala Central	Dodampahala Central	GND	1294	0	0	0	0	0	0	0	0
LK-3248135	Dodampahala West	Dodampahala West	GND	1520	0	0	0	0	0	0	0	0
LK-3248140	Dodampahala South	Dodampahala South	GND	1629	0	0	0	0	0	0	0	0
LK-3248145	Dickwella East	Dickwella East	GND	1017	11	0	12	0	0	0	0	0
LK-3248150	Dickwella Central	Dickwella Central	GND	1241	0	0	176	0	0	0	0	0
LK-3248155	Dickwella Muslim Yonakapura East	Dickwella Muslim Yonakapura East	GND	0	0	0	1335	0	0	0	0	0
LK-3248160	Dickwella Muslim Yonakapura West	Dickwella Muslim Yonakapura West	GND	0	0	0	706	0	0	0	0	0
LK-3248165	Dickwella South	Dickwella South	GND	969	0	0	235	0	0	0	0	0
LK-3248170	Wattegama South	Wattegama South	GND	1878	0	0	0	0	0	0	0	0
LK-3248175	Batheegama East	Batheegama East	GND	1063	0	0	0	0	0	0	0	0
LK-3248180	Batheegama Central	Batheegama  Central	GND	2097	0	0	0	0	0	0	0	0
LK-3248185	Batheegama West	Batheegama West	GND	1099	0	0	0	0	0	0	0	0
LK-3248190	Bambarenda East	Bambarenda East	GND	904	0	0	0	0	0	0	0	0
LK-3248195	Bambarenda South	Bambarenda South	GND	1759	0	0	0	0	0	0	0	0
LK-3248200	Bambarenda West	Bambarenda West	GND	1099	0	0	0	0	0	0	0	0
LK-3248205	Belideniya	Belideniya	GND	824	0	0	0	0	0	0	0	0
LK-3248210	Pathegama Central	Pathegama Central	GND	1037	0	0	0	0	0	0	0	0
LK-3248215	Pathegama South	Pathegama South	GND	1979	0	0	0	0	0	0	0	0
LK-3248220	Beliwatta	Beliwatta	GND	1224	0	0	0	0	0	0	0	0
LK-3248225	Suduwella	Suduwella	GND	777	0	0	0	0	0	0	0	0
LK-3248230	Kottagoda	Kottagoda	GND	583	0	0	0	0	0	0	0	0
LK-3248235	Godauda	Godauda	GND	418	0	0	0	0	0	0	0	0
LK-3248240	Lunukalapuwa	Lunukalapuwa	GND	1303	0	0	0	0	0	0	0	0
LK-33	Hambantota	Hambantota	DISTRICT	651274	1518	31	13615	23	3871	0	0	0
LK-3303	Sooriyawewa	Sooriyawewa	DSD	52646	0	0	0	0	0	0	0	0
LK-3303005	Ihala Kumbukwewa	Ihala Kumbukwewa	GND	585	0	0	0	0	0	0	0	0
LK-3303010	Mahagalwewa	Mahagalwewa	GND	1410	0	0	0	0	0	0	0	0
LK-3303015	Meegaha Jadura	Meegaha Jandura	GND	1555	0	0	0	0	0	0	0	0
LK-3303020	Ranmuduwewa	Ranmuduwewa	GND	1123	0	0	0	0	0	0	0	0
LK-3303025	Weliwewa	Weliwewa	GND	1927	0	0	0	0	0	0	0	0
LK-3303030	Suravirugama	Suravirugama	GND	3255	0	0	0	0	0	0	0	0
LK-3303035	Samajasewapura	Samajasewapura	GND	2992	0	0	0	0	0	0	0	0
LK-3303040	Weeriyagama	Weeriyagama	GND	2663	0	0	0	0	0	0	0	0
LK-3303045	Hathporuwa	Hathporuwa	GND	3171	0	0	0	0	0	0	0	0
LK-3303050	Weniwel Ara	Weniwel Ara	GND	3077	0	0	0	0	0	0	0	0
LK-3303055	Aliolu Ara	Aliolu Ara	GND	2494	0	0	0	0	0	0	0	0
LK-3303060	Sooriyawewa Town	Sooriyawewa Town	GND	3929	0	0	0	0	0	0	0	0
LK-3303065	Viharagala	Viharagala	GND	3311	0	0	0	0	0	0	0	0
LK-3303070	Beddewewa	Beddewewa	GND	2338	0	0	0	0	0	0	0	0
LK-3303075	Mahawelikada Ara	Mahawelikada Ara	GND	2471	0	0	0	0	0	0	0	0
LK-3303080	Andarawewa	Andarawewa	GND	3603	0	0	0	0	0	0	0	0
LK-3303085	Namadagaswewa	Namadagaswewa	GND	2447	0	0	0	0	0	0	0	0
LK-3303090	Mahapelessa	Mahapelessa	GND	2186	0	0	0	0	0	0	0	0
LK-3303095	Bediganthota	Bediganthota	GND	1828	0	0	0	0	0	0	0	0
LK-3303100	Habarattawala	Habarattawala	GND	1222	0	0	0	0	0	0	0	0
LK-3303105	Wediwewa	Wediwewa	GND	5059	0	0	0	0	0	0	0	0
LK-3306	Lunugamwehera	Lunugamvehera	DSD	36217	31	0	567	0	34	0	0	0
LK-3306005	Maha Aluth Gam Ara	Maha Aluth Gam Ara	GND	889	0	0	0	0	0	0	0	0
LK-3306010	Angunakolawewa	Angunakolawewa	GND	331	0	0	0	0	0	0	0	0
LK-3306015	Veheragala	Veheragala	GND	381	0	0	0	0	0	0	0	0
LK-3306020	Ranawarnawa	Ranawarnawa	GND	1743	0	0	0	0	0	0	0	0
LK-3306025	Dewramvehera	Dewramvehera	GND	1547	0	0	0	0	0	0	0	0
LK-3306030	Bogahawewa	Bogahawewa	GND	878	0	0	0	0	0	0	0	0
LK-3306035	Padavigama	Padavigama	GND	1951	0	0	0	0	0	0	0	0
LK-3306040	Punchiappujandura	Punchiappujandura	GND	1088	0	0	0	0	0	0	0	0
LK-3306045	Lunugamvehera New Town	Lunugamvehera New Town	GND	2965	0	0	0	0	0	0	0	0
LK-3306050	Seenimunna	Seenimunna	GND	1114	0	0	0	0	0	0	0	0
LK-3306055	Kendagasmankada	Kendagasmankada	GND	2080	0	0	0	0	0	0	0	0
LK-3306060	Mahanagapura	Mahanagapura	GND	1276	0	0	0	0	0	0	0	0
LK-3306065	Muwanwewa	Muwanwewa	GND	678	0	0	0	0	0	0	0	0
LK-3306070	Weeravil Ara	Weeravil Ara	GND	330	0	0	0	0	0	0	0	0
LK-3306075	Ittanwekada	Ittanwekada	GND	803	0	0	0	0	0	0	0	0
LK-3306080	Mattala	Mattala	GND	874	0	0	0	0	0	0	0	0
LK-3306085	Pahala Mattala	Pahala Mattala	GND	567	0	0	0	0	0	0	0	0
LK-3306090	Mihindupura	Mihindupura	GND	1249	0	0	0	0	0	0	0	0
LK-3306095	Abhayapura	Abhayapura	GND	628	0	0	0	0	0	0	0	0
LK-3306100	Singhapura	Singhapura	GND	807	0	0	0	0	0	0	0	0
LK-3306105	Senapura	Senapura	GND	862	0	0	0	0	0	0	0	0
LK-3306110	Agbopura	Agbopura	GND	1358	0	0	0	0	0	0	0	0
LK-3306115	Karambawewa	Karambawewa	GND	1165	0	0	0	0	0	0	0	0
LK-3306120	Rambukwewa	Rambukwewa	GND	1620	0	0	11	0	0	0	0	0
LK-3306125	Keerthipura	Keerthipura	GND	537	0	0	0	0	0	0	0	0
LK-3306130	Samanpura	Samanpura	GND	589	0	0	0	0	0	0	0	0
LK-3306135	Ranasiripura	Ranasiripura	GND	623	21	0	535	0	34	0	0	0
LK-3306140	Weeravila	Weeravila	GND	1368	0	0	0	0	0	0	0	0
LK-3306145	Weligatta	Weligatta	GND	401	10	0	21	0	0	0	0	0
LK-3306150	Beralihela	Beralihela	GND	819	0	0	0	0	0	0	0	0
LK-3306155	Dutugemunupura	Dutugemunupura	GND	1071	0	0	0	0	0	0	0	0
LK-3306160	Jayagama	Jayagama	GND	1007	0	0	0	0	0	0	0	0
LK-3306165	Parakramapura	Parakramapura	GND	469	0	0	0	0	0	0	0	0
LK-3306170	Saddhathissapura	Saddhathissapura	GND	1045	0	0	0	0	0	0	0	0
LK-3306175	Saddhathissapura New Town	Saddhathissapura New Town	GND	462	0	0	0	0	0	0	0	0
LK-3306180	Saliyapura	Saliyapura	GND	642	0	0	0	0	0	0	0	0
LK-3309	Thissamaharama	Thissamaharama	DSD	71848	293	0	634	0	1260	0	0	0
LK-3309005	Kawanthissapura	Kawanthissapura	GND	1771	18	0	0	0	0	0	0	0
LK-3309010	Kirinda	Kirinda	GND	2204	13	0	549	0	1110	0	0	0
LK-3309015	Uddhakandara	Uddhakandara	GND	2646	10	0	0	0	0	0	0	0
LK-3309020	Joolpallama	Joolpallama	GND	3700	34	0	0	0	0	0	0	0
LK-3309025	Weerahela	Weerahela	GND	2688	78	0	0	0	0	0	0	0
LK-3309030	Vijithapura	Vijithapura	GND	2018	0	0	0	0	0	0	0	0
LK-3309035	Ellagala	Ellagala	GND	2115	0	0	0	0	0	0	0	0
LK-3309040	Anjaligala	Anjaligala	GND	1183	0	0	0	0	0	0	0	0
LK-3309045	Pannagamuwa	Pannagamuwa	GND	2187	15	0	0	0	0	0	0	0
LK-3309050	Dambewelena	Dambewelena	GND	1122	0	0	0	0	0	0	0	0
LK-3309055	Mahindapura	Mahindapura	GND	1639	0	0	0	0	0	0	0	0
LK-3309060	Gemunupura	Gemunupura	GND	1480	0	0	0	0	0	0	0	0
LK-3309065	Ekamuthugama	Ekamuthugama	GND	1515	0	0	0	0	0	0	0	0
LK-3309070	Sandungama	Sandungama	GND	1339	0	0	0	0	0	0	0	0
LK-3309075	Debarawewa	Debarawewa	GND	1458	0	0	0	0	0	0	0	0
LK-3309080	Kachcheriyagama	Kachcheriyagama	GND	851	0	0	0	0	0	0	0	0
LK-3309085	Sandagiripura	Sandagiripura	GND	1575	0	0	0	0	0	0	0	0
LK-3309090	Mahasenpura	Mahasenpura	GND	2614	77	0	0	0	0	0	0	0
LK-3309095	Shuddha Nagaraya	Shuddha Nagaraya	GND	789	0	0	0	0	0	0	0	0
LK-3309100	Medawelena	Medawelena	GND	1722	0	0	0	0	0	0	0	0
LK-3309105	Rohanapura	Rohanapura	GND	1157	0	0	0	0	0	0	0	0
LK-3309110	Senapura	Senapura	GND	1850	0	0	0	0	0	0	0	0
LK-3309115	Gangasiripura	Gangasiripura	GND	2029	0	0	0	0	0	0	0	0
LK-3309120	Polgahawelena	Polgahawelena	GND	1073	0	0	0	0	0	0	0	0
LK-3309125	Randunu Watta	Randunuwatta	GND	1302	0	0	0	0	0	0	0	0
LK-3309130	Molakepoopathana	Molakepoopathana	GND	1260	0	0	0	0	0	0	0	0
LK-3309135	Thissapura	Thissapura	GND	2866	48	0	61	0	0	0	0	0
LK-3309140	Uduvila	Uduvila	GND	1291	0	0	0	0	0	0	0	0
LK-3309145	Rubberwatta	Rubberwatta	GND	1400	0	0	0	0	0	0	0	0
LK-3309150	Thissamaharama	Thissamaharama	GND	1347	0	0	0	0	0	0	0	0
LK-3309155	Gotabhayapura	Gotabhayapura	GND	2014	0	0	0	0	0	0	0	0
LK-3309160	Rana Keliya	Rana Keliya	GND	1228	0	0	0	0	0	0	0	0
LK-3309165	Viharamahadevipura	Viharamahadevipura	GND	2473	0	0	0	0	0	0	0	0
LK-3309170	Yodhakandiya	Yodhakandiya	GND	1618	0	0	0	0	0	0	0	0
LK-3309175	Welipothewala	Welipothewela	GND	968	0	0	0	0	0	0	0	0
LK-3309180	Halmillawa	Halmillawa	GND	613	0	0	0	0	0	0	0	0
LK-3309185	Rathnelumwalayaya	Rathnelumwalayaya	GND	1353	0	0	0	0	0	0	0	0
LK-3309190	Gonagamuwa	Gonagamuwa	GND	1028	0	0	0	0	0	0	0	0
LK-3309195	Saliyapura	Saliyapura	GND	1109	0	0	0	0	0	0	0	0
LK-3309200	Nedigamvila	Nedigamvila	GND	1176	0	0	0	0	0	0	0	0
LK-3309205	Wijayapura	Wijayapura	GND	1502	0	0	0	0	0	0	0	0
LK-3309210	Konwelena	Konwelena	GND	1407	0	0	0	0	0	0	0	0
LK-3309215	Magama	Magama	GND	1061	0	0	0	0	0	0	0	0
LK-3309220	Andaragasyaya	Andaragasyaya	GND	2107	0	0	24	0	150	0	0	0
LK-3312	Hambantota	Hambantota	DSD	54951	835	31	8877	13	2338	0	0	0
LK-3312005	Elalla	Elalla	GND	1829	0	0	0	0	0	0	0	0
LK-3312010	Ketenwewa	Ketenwewa	GND	706	0	0	0	0	0	0	0	0
LK-3312015	Thammennawa	Thammennawa	GND	1352	0	0	388	0	368	0	0	0
LK-3312020	Badagiriya	Badagiriya	GND	1539	0	0	0	0	0	0	0	0
LK-3312025	Yahangala East	Yahangala East	GND	979	0	0	0	0	0	0	0	0
LK-3312030	Joolgamuwa	Joolgamuwa	GND	1396	0	0	0	0	0	0	0	0
LK-3312035	Yahangala West	Yahangala West	GND	1111	0	0	0	0	0	0	0	0
LK-3312040	Keliyapura	Keliyapura	GND	2872	19	0	158	0	15	0	0	0
LK-3312045	Gonnoruwa	Gonnoruwa	GND	1510	0	0	20	0	17	0	0	0
LK-3312050	Bellagaswewa	Bellagaswewa	GND	1919	0	0	0	0	0	0	0	0
LK-3312055	Galwewa	Galwewa	GND	3674	0	0	0	0	0	0	0	0
LK-3312060	Siyambalagasvila South	Siyambalagasvila South	GND	1411	0	0	0	0	0	0	0	0
LK-3312065	Siyambalagasvila North	Siyambalagasvila North	GND	1228	0	0	0	0	0	0	0	0
LK-3312070	Udaberagama	Udaberagama	GND	1772	0	0	0	0	0	0	0	0
LK-3312075	Arawanamulla	Arawanamulla	GND	1990	14	0	0	0	0	0	0	0
LK-3312080	Pahala Beragama	Pahala Beragama	GND	1727	0	0	0	0	0	0	0	0
LK-3312085	Dehigahalanda	Dehigahalanda	GND	1312	0	0	0	0	0	0	0	0
LK-3312090	Walawa	Walawa	GND	1718	53	0	0	0	0	0	0	0
LK-3312095	Godawaya	Godawaya	GND	2084	0	0	0	0	0	0	0	0
LK-3312100	Sisilasagama	Sisilasagama	GND	3764	0	14	0	0	0	0	0	0
LK-3312105	Manajjawa	Manajjawa	GND	2973	23	0	0	0	0	0	0	0
LK-3312110	Samodagama	Samodagama	GND	957	179	0	1197	0	130	0	0	0
LK-3312115	Mirijjavila	Mirijjavila	GND	1878	0	0	0	0	0	0	0	0
LK-3312120	Hambantota West	Hambantota West	GND	2661	302	0	2431	0	485	0	0	0
LK-3312125	Hambantota East	Hambantota East	GND	406	24	0	277	0	67	0	0	0
LK-3312130	Siribopura	Siribopura	GND	3349	145	17	4093	13	1130	0	0	0
LK-3312135	Koholankala	Koholankala	GND	3014	76	0	277	0	113	0	0	0
LK-3312140	Pallemalala	Pallemalala	GND	1810	0	0	36	0	13	0	0	0
LK-3312145	Bundala	Bundala	GND	591	0	0	0	0	0	0	0	0
LK-3312150	Siriyagama	Siriyagama	GND	1419	0	0	0	0	0	0	0	0
LK-3315	Ambalantota	Ambalantota	DSD	78331	229	0	1565	0	239	0	0	0
LK-3315005	Siyambalakote	Siyambalakote	GND	1038	0	0	0	0	0	0	0	0
LK-3315010	Barawakumbuka	Barawakumbuka	GND	2102	0	0	0	0	0	0	0	0
LK-3315015	Thaligala	Thaligala	GND	1768	0	0	0	0	0	0	0	0
LK-3315020	Liyangasthota	Liyangasthota	GND	1875	0	0	0	0	0	0	0	0
LK-3315025	Wetiya	Wetiya	GND	1403	0	0	0	0	0	0	0	0
LK-3315030	Murawesihena	Murawesihena	GND	1859	0	0	0	0	0	0	0	0
LK-3315035	Mahajandura	Mahajandura	GND	1362	0	0	0	0	0	0	0	0
LK-3315040	Handunkatuwa	Handunkatuwa	GND	1690	0	0	0	0	0	0	0	0
LK-3315045	Rote	Rote	GND	2361	0	0	0	0	0	0	0	0
LK-3315050	Hedavinna	Hedavinna	GND	1645	0	0	0	0	0	0	0	0
LK-3315055	Ridiyagama	Ridiyagama	GND	2064	69	0	29	0	0	0	0	0
LK-3315060	Punchihenayagama	Punchihenayagama	GND	1197	0	0	0	0	0	0	0	0
LK-3315065	Poliyarwatta	Poliyarwatta	GND	849	0	0	0	0	0	0	0	0
LK-3315070	Godakoggalla	Godakoggala	GND	1148	0	0	0	0	0	0	0	0
LK-3315075	Koggalla	Koggalla	GND	1723	0	0	0	0	0	0	0	0
LK-3315080	Modara Piliwala	Modarapiliwala	GND	1055	0	0	0	0	0	0	0	0
LK-3315085	Bolana North	Bolana North	GND	1379	0	0	0	0	0	0	0	0
LK-3315090	Jansagama	Jansagama	GND	1335	0	0	0	0	0	0	0	0
LK-3315095	Mamadala South	Mamadala South	GND	2002	0	0	0	0	0	0	0	0
LK-3315100	Mamadala North	Mamadala North	GND	1105	0	0	0	0	0	0	0	0
LK-3315105	Ethbatuwa	Ethbatuwa	GND	1575	0	0	0	0	0	0	0	0
LK-3315110	Mulana	Mulana	GND	1546	11	0	0	0	0	0	0	0
LK-3315115	Eraminiyaya	Eraminiyaya	GND	2695	65	0	72	0	0	0	0	0
LK-3315120	Ihalagama	Ihalagama	GND	1913	0	0	0	0	0	0	0	0
LK-3315125	Deniya	Deniya	GND	901	0	0	0	0	0	0	0	0
LK-3315130	Elegoda West	Elegoda West	GND	656	0	0	0	0	0	0	0	0
LK-3315135	Elegoda East	Elegoda East	GND	1187	0	0	0	0	0	0	0	0
LK-3315140	Beminiyanvila	Beminiyanvila	GND	968	0	0	0	0	0	0	0	0
LK-3315145	Walawewatta West	Walawewatta West	GND	968	0	0	0	0	0	0	0	0
LK-3315150	Walawewatta East	Walawewatta East	GND	1005	0	0	0	0	0	0	0	0
LK-3315155	Bolana South	Bolana South	GND	614	62	0	832	0	239	0	0	0
LK-3315160	Kudabolana	Kuda Bolana	GND	541	0	0	632	0	0	0	0	0
LK-3315165	Palugaha Godella	Palugahagodella	GND	1234	0	0	0	0	0	0	0	0
LK-3315170	Rotawala	Rotawala	GND	1561	0	0	0	0	0	0	0	0
LK-3315175	Uhapitagoda	Uhapitagoda	GND	3196	22	0	0	0	0	0	0	0
LK-3315180	Miniethiliya	Miniethiliya	GND	1083	0	0	0	0	0	0	0	0
LK-3315185	Pingama	Pingama	GND	992	0	0	0	0	0	0	0	0
LK-3315190	Pallegama	Pallegama	GND	1302	0	0	0	0	0	0	0	0
LK-3315195	Hungama	Hungama	GND	2328	0	0	0	0	0	0	0	0
LK-3315200	Bataatha North	Bataatha North	GND	1434	0	0	0	0	0	0	0	0
LK-3315205	Bataatha South	Bataatha South	GND	2304	0	0	0	0	0	0	0	0
LK-3315210	Hathagala	Hathagala	GND	630	0	0	0	0	0	0	0	0
LK-3315215	Kivula South	Kivula South	GND	814	0	0	0	0	0	0	0	0
LK-3315220	Kivula North	Kivula North	GND	711	0	0	0	0	0	0	0	0
LK-3315225	Lunama North	Lunama North	GND	1355	0	0	0	0	0	0	0	0
LK-3315230	Lunama South	Lunama South	GND	1588	0	0	0	0	0	0	0	0
LK-3315235	Nonagama	Nonagama	GND	1406	0	0	0	0	0	0	0	0
LK-3315240	Ekkassa	Ekkassa	GND	1779	0	0	0	0	0	0	0	0
LK-3315245	Welipatanvila	Welipatanvila	GND	759	0	0	0	0	0	0	0	0
LK-3315250	Malpettawa	Malpettawa	GND	1182	0	0	0	0	0	0	0	0
LK-3315255	Puhulyaya	Puhulyaya	GND	1335	0	0	0	0	0	0	0	0
LK-3315260	Ambalanthota North	Ambalantota North	GND	1314	0	0	0	0	0	0	0	0
LK-3315265	Ambalanthota South	Ambalantota South	GND	1129	0	0	0	0	0	0	0	0
LK-3315270	Wanduruppa	Wanduruppa	GND	1996	0	0	0	0	0	0	0	0
LK-3315275	Thawaluvila	Thawaluvila	GND	1370	0	0	0	0	0	0	0	0
LK-3318	Angunakolapelessa	Angunakolapelessa	DSD	53363	0	0	0	0	0	0	0	0
LK-3318005	Kariyamaditta	Kariyamaditta	GND	577	0	0	0	0	0	0	0	0
LK-3318010	Dabarella North	Dabarella North	GND	833	0	0	0	0	0	0	0	0
LK-3318015	Rathmalwala	Rathmalwala	GND	918	0	0	0	0	0	0	0	0
LK-3318020	Kailawelpotawa	Kailawelpotawa	GND	641	0	0	0	0	0	0	0	0
LK-3318025	Kendaketiya	Kendaketiya	GND	1720	0	0	0	0	0	0	0	0
LK-3318030	Dabarella South	Dabarella South	GND	618	0	0	0	0	0	0	0	0
LK-3318035	Thalawa North	Thalawa North	GND	1016	0	0	0	0	0	0	0	0
LK-3318040	Thalawa South	Thalawa South	GND	1294	0	0	0	0	0	0	0	0
LK-3318045	Debokkawa South	Debokkawa South	GND	1101	0	0	0	0	0	0	0	0
LK-3318050	Debokkawa North	Debokkawa North	GND	945	0	0	0	0	0	0	0	0
LK-3318055	Uswewa	Uswewa	GND	970	0	0	0	0	0	0	0	0
LK-3318060	Metigathwala	Metigathwala	GND	703	0	0	0	0	0	0	0	0
LK-3318065	Amarathungagama	Amarathungama	GND	1221	0	0	0	0	0	0	0	0
LK-3318070	Sooriyapokuna	Sooriyapokuna	GND	962	0	0	0	0	0	0	0	0
LK-3318075	Pahalagama	Pahalagama	GND	1742	0	0	0	0	0	0	0	0
LK-3318080	Kohombagaswewa	Kohombagaswewa	GND	748	0	0	0	0	0	0	0	0
LK-3318085	Dikwewa	Dikwewa	GND	1139	0	0	0	0	0	0	0	0
LK-3318090	Abesekaragama	Abesekaragama	GND	425	0	0	0	0	0	0	0	0
LK-3318095	Kalawelwala	Kalawelwala	GND	681	0	0	0	0	0	0	0	0
LK-3318100	Meda Ara	Meda Ara	GND	558	0	0	0	0	0	0	0	0
LK-3318105	Binkama	Binkama	GND	1601	0	0	0	0	0	0	0	0
LK-3318110	Karagahawala	Karagahawala	GND	860	0	0	0	0	0	0	0	0
LK-3318115	Dandenigama	Dandenigama	GND	883	0	0	0	0	0	0	0	0
LK-3318120	Guruwala	Guruwala	GND	1626	0	0	0	0	0	0	0	0
LK-3318125	Weeragaswewa	Weeragaswewa	GND	534	0	0	0	0	0	0	0	0
LK-3318130	Gajanayakagama	Gajanayakagama	GND	988	0	0	0	0	0	0	0	0
LK-3318135	Medagoda	Medagoda	GND	728	0	0	0	0	0	0	0	0
LK-3318140	Dimbulgoda	Dimbulgoda	GND	787	0	0	0	0	0	0	0	0
LK-3318145	Attanayala East	Attanayala East	GND	824	0	0	0	0	0	0	0	0
LK-3318150	Attanayala West	Attanayala West	GND	941	0	0	0	0	0	0	0	0
LK-3318155	Wakamulla	Wakamulla	GND	909	0	0	0	0	0	0	0	0
LK-3318160	Heenbunna	Heenbunna	GND	1493	0	0	0	0	0	0	0	0
LK-3318165	Makuladeniya	Makuladeniya	GND	466	0	0	0	0	0	0	0	0
LK-3318170	Udayala	Udayala	GND	1615	0	0	0	0	0	0	0	0
LK-3318175	Medayala	Medayala	GND	613	0	0	0	0	0	0	0	0
LK-3318180	Bogamuwa	Bogamuwa	GND	849	0	0	0	0	0	0	0	0
LK-3318185	Daha Amuna	Daha Amuna	GND	971	0	0	0	0	0	0	0	0
LK-3318190	Julamulla	Julamulla	GND	992	0	0	0	0	0	0	0	0
LK-3318195	Jandura	Jandura	GND	2633	0	0	0	0	0	0	0	0
LK-3318200	Helekada	Helekada	GND	1888	0	0	0	0	0	0	0	0
LK-3318205	Aluthwewa	Aluthwewa	GND	1117	0	0	0	0	0	0	0	0
LK-3318210	Kankanamgama	Kankanamgama	GND	786	0	0	0	0	0	0	0	0
LK-3318215	Achariyagama	Achariyagama	GND	1367	0	0	0	0	0	0	0	0
LK-3318220	Angunakolapelessa	Angunakolapelessa	GND	1022	0	0	0	0	0	0	0	0
LK-3318225	Yakagala	Yakagala	GND	2950	0	0	0	0	0	0	0	0
LK-3318230	Gurunnehege Ara	Gurunnehege Ara	GND	922	0	0	0	0	0	0	0	0
LK-3318235	Kotawaya	Kotawaya	GND	389	0	0	0	0	0	0	0	0
LK-3318240	Netalaporuwa	Netalaporuwa	GND	732	0	0	0	0	0	0	0	0
LK-3318245	Hakuruwela	Hakuruwela	GND	611	0	0	0	0	0	0	0	0
LK-3318250	Indigetawela	Indigetawela	GND	1138	0	0	0	0	0	0	0	0
LK-3318255	Thalamporuwa	Thalamporuwa	GND	1316	0	0	0	0	0	0	0	0
LK-3321	Weeraketiya	Weeraketiya	DSD	47226	12	0	954	0	0	0	0	0
LK-3321005	Mulanyaya	Mulanyaya	GND	1168	0	0	0	0	0	0	0	0
LK-3321010	Handapangalageaina	Handapangala Ayna	GND	399	0	0	0	0	0	0	0	0
LK-3321015	Heellage Ayna	Heellage Ayna	GND	694	0	0	0	0	0	0	0	0
LK-3321020	Kudagal Ara	Kudagal Ara	GND	649	0	0	0	0	0	0	0	0
LK-3321025	Okandayaya North	Okandayaya North	GND	655	0	0	0	0	0	0	0	0
LK-3321030	Okandayaya West	Okandayaya West	GND	562	0	0	0	0	0	0	0	0
LK-3321035	Kaluwagahayaya	Kaluwagahayaya	GND	691	0	0	0	0	0	0	0	0
LK-3321040	Ihala Gonadeniya	Ihala Gonadeniya	GND	786	0	0	0	0	0	0	0	0
LK-3321045	Debokkawa West	Debokkawa West	GND	858	0	0	0	0	0	0	0	0
LK-3321050	Debokkawa East	Debokkawa East	GND	726	0	0	0	0	0	0	0	0
LK-3321055	Wekandawala North	Wekandawala North	GND	554	0	0	0	0	0	0	0	0
LK-3321060	Pahala Gonadeniya	Pahala Gonadeniya	GND	854	0	0	0	0	0	0	0	0
LK-3321065	Kuda Bibula North	Kuda Bibula North	GND	891	0	0	0	0	0	0	0	0
LK-3321070	Galpottayaya North	Galpottayaya North	GND	1132	0	0	0	0	0	0	0	0
LK-3321075	Galpottayaya South	Galpottayaya South	GND	531	0	0	0	0	0	0	0	0
LK-3321080	Malhewage Ayna	Malhewage Ayna	GND	526	0	0	0	0	0	0	0	0
LK-3321085	Kandamaditta	Kandamaditta	GND	481	0	0	0	0	0	0	0	0
LK-3321090	Meegas Ara	Meegas Ara	GND	1454	0	0	0	0	0	0	0	0
LK-3321095	Kuda Bibula South	Kuda Bibula South	GND	602	0	0	0	0	0	0	0	0
LK-3321100	Abakolawewa South	Abakolawewa South	GND	336	0	0	0	0	0	0	0	0
LK-3321105	Abakolawewa North	Abakolawewa North	GND	803	0	0	0	0	0	0	0	0
LK-3321110	Morayaya North	Morayaya North	GND	435	0	0	0	0	0	0	0	0
LK-3321115	Morayaya South	Morayaya South	GND	777	0	0	0	0	0	0	0	0
LK-3321120	Kemegala	Kemegala	GND	758	0	0	0	0	0	0	0	0
LK-3321125	Wekandawala South	Wekandawala South	GND	892	0	0	0	0	0	0	0	0
LK-3321130	Thelambuyaya	Thelambuyaya	GND	576	0	0	0	0	0	0	0	0
LK-3321135	Siyambalaheddewa	Siyambalaheddewa	GND	401	0	0	0	0	0	0	0	0
LK-3321140	Degampotha	Degampotha	GND	916	0	0	0	0	0	0	0	0
LK-3321145	Kinchigune West	Kinchigune West	GND	352	0	0	0	0	0	0	0	0
LK-3321150	Medagama	Medagama	GND	945	0	0	0	0	0	0	0	0
LK-3321155	Raluwa	Raluwa	GND	1131	12	0	0	0	0	0	0	0
LK-3321160	Kinchigune South	Kinchigune South	GND	541	0	0	0	0	0	0	0	0
LK-3321165	Kinchigune East	Kinchigune East	GND	695	0	0	0	0	0	0	0	0
LK-3321170	Medamulana	Medamulana	GND	1796	0	0	0	0	0	0	0	0
LK-3321175	Yakgasmulla	Yakgasmulla	GND	533	0	0	954	0	0	0	0	0
LK-3321180	Udukirivala	Udukirivila	GND	936	0	0	0	0	0	0	0	0
LK-3321185	Buddhiyagama North	Buddhiyagama North	GND	1041	0	0	0	0	0	0	0	0
LK-3321190	Keppitiyawa North	Keppitiyawa North	GND	895	0	0	0	0	0	0	0	0
LK-3321195	Ittademaliya East	Ittademaliya East	GND	665	0	0	0	0	0	0	0	0
LK-3321200	Ittademaliya West	Ittademaliya West	GND	519	0	0	0	0	0	0	0	0
LK-3321205	Ittademaliya South	Ittademaliya South	GND	475	0	0	0	0	0	0	0	0
LK-3321210	Athubode West	Athubode West	GND	593	0	0	0	0	0	0	0	0
LK-3321215	Athubode East	Athubode East	GND	471	0	0	0	0	0	0	0	0
LK-3321220	Keppitiyawa South	Keppitiyawa South	GND	706	0	0	0	0	0	0	0	0
LK-3321225	Buddhiyagama West	Buddhiyagama West	GND	1014	0	0	0	0	0	0	0	0
LK-3321230	Buddhiyagama East	Buddhiyagama East	GND	1417	0	0	0	0	0	0	0	0
LK-3321235	Weeraketiya West	Weeraketiya West	GND	1060	0	0	0	0	0	0	0	0
LK-3321240	Mandaduwa	Mandaduwa	GND	782	0	0	0	0	0	0	0	0
LK-3321245	Agrahera	Agrahera	GND	1271	0	0	0	0	0	0	0	0
LK-3321250	Weeraketiya East	Weeraketiya East	GND	1778	0	0	0	0	0	0	0	0
LK-3321255	Mulgirigala East	Mulgirigala East	GND	1147	0	0	0	0	0	0	0	0
LK-3321260	Mulgirigala North	Mulgirigala North	GND	435	0	0	0	0	0	0	0	0
LK-3321265	Mulgirigala West	Mulgirigala West	GND	728	0	0	0	0	0	0	0	0
LK-3321270	Mulgirigala South	Mulgirigala South	GND	954	0	0	0	0	0	0	0	0
LK-3321275	Bedigama West	Bedigama West	GND	506	0	0	0	0	0	0	0	0
LK-3321280	Bedigama North	Bedigama North	GND	714	0	0	0	0	0	0	0	0
LK-3321285	Bedigama East	Bedigama East	GND	669	0	0	0	0	0	0	0	0
LK-3321290	Bedigama South	Bedigama South	GND	1185	0	0	0	0	0	0	0	0
LK-3321295	Kuda Bedigama	Kuda Bedigama	GND	622	0	0	0	0	0	0	0	0
LK-3321300	Medagoda	Medagoda	GND	543	0	0	0	0	0	0	0	0
LK-3324	Katuwana	Katuwana	DSD	52119	0	0	0	0	0	0	0	0
LK-3324005	Karivilakanda	Karivilakanda	GND	706	0	0	0	0	0	0	0	0
LK-3324010	Medakanda	Medakanda	GND	1715	0	0	0	0	0	0	0	0
LK-3324015	Hingurakanda	Hingurakanda	GND	907	0	0	0	0	0	0	0	0
LK-3324020	Uda Alupothdeniya	Uda Alupothdeniya	GND	777	0	0	0	0	0	0	0	0
LK-3324025	Alupothdeniya Pahala	Alupothdeniya Pahala	GND	299	0	0	0	0	0	0	0	0
LK-3324030	Kohomporuwa	Kohomporuwa	GND	786	0	0	0	0	0	0	0	0
LK-3324035	Gangulandeniya	Gangulandeniya	GND	274	0	0	0	0	0	0	0	0
LK-3324040	Ambagas Ara	Ambagas Ara	GND	1038	0	0	0	0	0	0	0	0
LK-3324045	Labuhengoda	Labuhengoda	GND	559	0	0	0	0	0	0	0	0
LK-3324050	Sapugahayaya	Sapugahayaya	GND	1047	0	0	0	0	0	0	0	0
LK-3324055	Hellala	Hellala	GND	887	0	0	0	0	0	0	0	0
LK-3324060	Middeniya North	Middeniya North	GND	1263	0	0	0	0	0	0	0	0
LK-3324065	Middeniya East	Middeniya East	GND	1891	0	0	0	0	0	0	0	0
LK-3324070	Kudagoda West	Kudagoda West	GND	723	0	0	0	0	0	0	0	0
LK-3324075	Kudagoda East	Kudagoda East	GND	515	0	0	0	0	0	0	0	0
LK-3324080	Dambethalawa	Dambethalawa	GND	902	0	0	0	0	0	0	0	0
LK-3324085	Murungasyaya East	Murungasyaya East	GND	1209	0	0	0	0	0	0	0	0
LK-3324090	Murungasyaya West	Murungasyaya West	GND	1149	0	0	0	0	0	0	0	0
LK-3324095	Middeniya West	Middeniya West	GND	1354	0	0	0	0	0	0	0	0
LK-3324100	Welipitiya East	Welipitiya East	GND	539	0	0	0	0	0	0	0	0
LK-3324105	Welipitiya	Welipitiya	GND	760	0	0	0	0	0	0	0	0
LK-3324110	Welipitiya West	Welipitiya West	GND	788	0	0	0	0	0	0	0	0
LK-3324115	Ritigaha Yaya	Ritigaha Yaya	GND	1332	0	0	0	0	0	0	0	0
LK-3324120	Thalwatta	Thalwatta	GND	1364	0	0	0	0	0	0	0	0
LK-3324125	Meemanakoladeniya	Meemanakoladeniya	GND	1686	0	0	0	0	0	0	0	0
LK-3324130	Siyambalamuraya	Siyambalamuraya	GND	1073	0	0	0	0	0	0	0	0
LK-3324135	Udawelmulla	Udawelmulla	GND	487	0	0	0	0	0	0	0	0
LK-3324140	Siyarapitiya	Siyarapitiya	GND	665	0	0	0	0	0	0	0	0
LK-3324145	Kehelwatta	Kehelwatta	GND	465	0	0	0	0	0	0	0	0
LK-3324150	Udagomadiya	Udagomadiya	GND	1304	0	0	0	0	0	0	0	0
LK-3324155	Bengamukanda	Bengamukanda	GND	676	0	0	0	0	0	0	0	0
LK-3324160	Dangalakanda	Dangalakanda	GND	912	0	0	0	0	0	0	0	0
LK-3324165	Rukmalpitiya	Rukmalpitiya	GND	862	0	0	0	0	0	0	0	0
LK-3324170	Gallindamulla	Gallindamulla	GND	702	0	0	0	0	0	0	0	0
LK-3324175	Katuwana	Katuwana	GND	1701	0	0	0	0	0	0	0	0
LK-3324180	Pangamvilayaya	Pangamvilayaya	GND	1074	0	0	0	0	0	0	0	0
LK-3324185	Ulahitiyawa West	Ulahitiyawa West	GND	700	0	0	0	0	0	0	0	0
LK-3324190	Ulahitiyawa	Ulahitiyawa	GND	406	0	0	0	0	0	0	0	0
LK-3324195	Ulahitiyawa East	Ulahitiyawa East	GND	832	0	0	0	0	0	0	0	0
LK-3324200	Adalugoda	Adalugoda	GND	654	0	0	0	0	0	0	0	0
LK-3324205	Mellaketigoda	Mellaketigoda	GND	678	0	0	0	0	0	0	0	0
LK-3324210	Araboda	Araboda	GND	692	0	0	0	0	0	0	0	0
LK-3324215	Horavinna	Horavinna	GND	929	0	0	0	0	0	0	0	0
LK-3324220	Hediwatta	Hediwatta	GND	742	0	0	0	0	0	0	0	0
LK-3324225	Weerakkuttigoda	Weerakkuttigoda	GND	1206	0	0	0	0	0	0	0	0
LK-3324230	Ranasingoda	Ranasingoda	GND	959	0	0	0	0	0	0	0	0
LK-3324235	Obadagahadeniya	Obadagahadeniya	GND	833	0	0	0	0	0	0	0	0
LK-3324240	Wathukanda	Wathukanda	GND	1050	0	0	0	0	0	0	0	0
LK-3324245	Kongasthenna	Kongasthenna	GND	647	0	0	0	0	0	0	0	0
LK-3324250	Galpothukanda	Galpothukanda	GND	854	0	0	0	0	0	0	0	0
LK-3324255	Ambagahahena	Ambagahahena	GND	1167	0	0	0	0	0	0	0	0
LK-3324260	Karametiya	Karametiya	GND	1281	0	0	0	0	0	0	0	0
LK-3324265	Puwakgas Ara	Puwakgas Ara	GND	935	0	0	0	0	0	0	0	0
LK-3324270	Binthenna	Binthenna	GND	931	0	0	0	0	0	0	0	0
LK-3324275	Bookandayaya	Bookendayaya	GND	711	0	0	0	0	0	0	0	0
LK-3324280	Walgammulla	Walgammulla	GND	1521	0	0	0	0	0	0	0	0
LK-3325	Walasmulla	Walasmulla	DSD	47783	0	0	17	0	0	0	0	0
LK-3325005	Rammala	Rammala	GND	867	0	0	0	0	0	0	0	0
LK-3325010	Saputhanthirikanda	Saputhanthirikanda	GND	699	0	0	0	0	0	0	0	0
LK-3325015	Warapitiya	Warapitiya	GND	854	0	0	0	0	0	0	0	0
LK-3325020	Keredeniya	Keredeniya	GND	703	0	0	0	0	0	0	0	0
LK-3325025	Haggitha Kanda North	Haggitha kanda North	GND	780	0	0	0	0	0	0	0	0
LK-3325030	Konkarahena	Konkarahena	GND	999	0	0	0	0	0	0	0	0
LK-3325035	Mapitakanda	Mapitakanda	GND	1063	0	0	0	0	0	0	0	0
LK-3325040	Radani Ara	Radani Ara	GND	1057	0	0	0	0	0	0	0	0
LK-3325045	Namaneliya	Namaneliya	GND	712	0	0	0	0	0	0	0	0
LK-3325050	Udahagoda	Udahagoda	GND	1282	0	0	0	0	0	0	0	0
LK-3325055	Weedikanda	Weedikanda	GND	714	0	0	0	0	0	0	0	0
LK-3325060	Galwadiya	Galwadiya	GND	882	0	0	0	0	0	0	0	0
LK-3325065	Uda Julampitiya	Uda Julampitiya	GND	1089	0	0	0	0	0	0	0	0
LK-3325070	Julampitiya	Julampitiya	GND	954	0	0	0	0	0	0	0	0
LK-3325075	Palle Julampitiya	Palle Julampitiya	GND	1003	0	0	0	0	0	0	0	0
LK-3325080	Pahala Obada	Pahala Obada	GND	958	0	0	0	0	0	0	0	0
LK-3325085	Bowala North	Bowala North	GND	892	0	0	0	0	0	0	0	0
LK-3325090	Bowala West	Bowala West	GND	781	0	0	0	0	0	0	0	0
LK-3325095	Welandagoda	Welandagoda	GND	1133	0	0	0	0	0	0	0	0
LK-3325100	Batagassa	Batagassa	GND	835	0	0	0	0	0	0	0	0
LK-3325105	Pahalawatta	Pahalawatta	GND	1188	0	0	0	0	0	0	0	0
LK-3325110	Pathegama	Pathegama	GND	796	0	0	0	0	0	0	0	0
LK-3325115	Thalapathkanda	Thalapathkanda	GND	782	0	0	0	0	0	0	0	0
LK-3325120	Dehigahahena	Dehigahahena	GND	819	0	0	0	0	0	0	0	0
LK-3325125	Veedipola	Veedapola	GND	570	0	0	0	0	0	0	0	0
LK-3325130	Mathuwakanda	Mathuwakanda	GND	682	0	0	0	0	0	0	0	0
LK-3325135	Handugala	Handugala	GND	848	0	0	0	0	0	0	0	0
LK-3325140	Kebellaketiya	Kebellaketiya	GND	620	0	0	0	0	0	0	0	0
LK-3325145	Egodabedda	Egodabedda	GND	869	0	0	0	0	0	0	0	0
LK-3325150	Kekiriobada	Kekiriobada	GND	653	0	0	0	0	0	0	0	0
LK-3325155	Agalabada	Agalabada	GND	885	0	0	0	0	0	0	0	0
LK-3325160	Bowala South	Bowala South	GND	726	0	0	0	0	0	0	0	0
LK-3325165	Muruthawela Ihala	Ihala Muruthawela	GND	840	0	0	0	0	0	0	0	0
LK-3325170	Muruthawela Pahala	Muruthawela Pahala	GND	647	0	0	0	0	0	0	0	0
LK-3325175	Galahitiya North	Galahitiya North	GND	581	0	0	0	0	0	0	0	0
LK-3325180	Omara East	Omara East	GND	940	0	0	0	0	0	0	0	0
LK-3325185	Omara West	Omara West	GND	790	0	0	0	0	0	0	0	0
LK-3325190	Ethpitiya	Ethpitiya	GND	1714	0	0	0	0	0	0	0	0
LK-3325195	Wattehengoda	Wattehengoda	GND	1273	0	0	0	0	0	0	0	0
LK-3325200	Horewela	Horewela	GND	1241	0	0	0	0	0	0	0	0
LK-3325205	Pissubedda	Pissubedda	GND	512	0	0	0	0	0	0	0	0
LK-3325210	Medagamgoda	Medagamgoda	GND	892	0	0	0	0	0	0	0	0
LK-3325215	Yahalmulla	Yahalmulla	GND	1453	0	0	0	0	0	0	0	0
LK-3325220	Walasmulla Ihala	Ihala Walasmulla	GND	836	0	0	0	0	0	0	0	0
LK-3325225	Walasmulla Pahala	Pahala walasmulla	GND	1007	0	0	0	0	0	0	0	0
LK-3325230	Galahitiya South	Galahitiya South	GND	516	0	0	0	0	0	0	0	0
LK-3325235	Galahitiya East	Galahitiya East	GND	1076	0	0	0	0	0	0	0	0
LK-3325240	Koholana	Koholana	GND	1014	0	0	0	0	0	0	0	0
LK-3325245	Walasmulla East	Walasmulla East	GND	888	0	0	0	0	0	0	0	0
LK-3325250	Walasmulla North	Walasmulla North	GND	257	0	0	17	0	0	0	0	0
LK-3325255	Walasmulla West	Walasmulla West	GND	1855	0	0	0	0	0	0	0	0
LK-3325260	Walasmulla South	Walasmulla South	GND	911	0	0	0	0	0	0	0	0
LK-3325265	Daluwakgoda	Daluwakgoda	GND	845	0	0	0	0	0	0	0	0
LK-3327	Okewela	Okewela	DSD	19958	0	0	18	0	0	0	0	0
LK-3327005	Kanumuldeniya North	Kanumuldeniya North	GND	676	0	0	0	0	0	0	0	0
LK-3327010	Olu Ara	Olu Ara	GND	619	0	0	0	0	0	0	0	0
LK-3327015	Kanumuldeniya West	Kanumuldeniya West	GND	1754	0	0	0	0	0	0	0	0
LK-3327020	Kanumuldeniya East	Kanumuldeniya East	GND	692	0	0	0	0	0	0	0	0
LK-3327025	Udadeniya	Udadeniya	GND	927	0	0	0	0	0	0	0	0
LK-3327030	Kurunduwatta	Kurunduwatta	GND	591	0	0	0	0	0	0	0	0
LK-3327035	Sumihirigama	Sumihirigama	GND	1038	0	0	0	0	0	0	0	0
LK-3327040	Rajapuragoda	Rajapuragoda	GND	758	0	0	0	0	0	0	0	0
LK-3327045	Wijayasiripura	Wijayasiripura	GND	1210	0	0	0	0	0	0	0	0
LK-3327050	Morakandegoda	Morakandegoda	GND	882	0	0	0	0	0	0	0	0
LK-3327055	Kadigamuwa East	Kadigamuwa East	GND	726	0	0	0	0	0	0	0	0
LK-3327060	Thalahagamwaduwa Pahala	Thalahagamwaduwa Pahala	GND	553	0	0	0	0	0	0	0	0
LK-3327065	Thalahagamwaduwa Ihala	Thalahagamwaduwa Ihala	GND	931	0	0	0	0	0	0	0	0
LK-3327070	Nathuwala	Nathuwala	GND	874	0	0	0	0	0	0	0	0
LK-3327075	Kandebedda	Kandebedda	GND	796	0	0	0	0	0	0	0	0
LK-3327080	Godawenna	Godawenna	GND	424	0	0	0	0	0	0	0	0
LK-3327085	Kahatellagoda	Kahatellagoda	GND	665	0	0	18	0	0	0	0	0
LK-3327090	Kanumuldeniya South	Kanumuldeniya South	GND	729	0	0	0	0	0	0	0	0
LK-3327095	Kadigamuwa West	Kadigamuwa West	GND	634	0	0	0	0	0	0	0	0
LK-3327100	Wawwa	Wawwa	GND	756	0	0	0	0	0	0	0	0
LK-3327105	Modarawana North	Modarawana North	GND	500	0	0	0	0	0	0	0	0
LK-3327110	Modarawana South	Modarawana South	GND	606	0	0	0	0	0	0	0	0
LK-3327115	Okewela	Okewela	GND	909	0	0	0	0	0	0	0	0
LK-3327120	Heenatihathamuna	Heenatihathamuna	GND	433	0	0	0	0	0	0	0	0
LK-3327125	Pallewawwa	Pallewawwa	GND	393	0	0	0	0	0	0	0	0
LK-3327130	Yatigala Pahala	Pahala Yatigala	GND	509	0	0	0	0	0	0	0	0
LK-3327135	Yatigala Ihala	Yatigala Ihala	GND	373	0	0	0	0	0	0	0	0
LK-3330	Beliatta	Beliatta	DSD	58564	34	0	0	0	0	0	0	0
LK-3330005	Maligathenna	Maligathenna	GND	416	0	0	0	0	0	0	0	0
LK-3330010	Udugalmotegama	Udugalmotegama	GND	768	0	0	0	0	0	0	0	0
LK-3330015	Pallattara West	Pallattara West	GND	544	0	0	0	0	0	0	0	0
LK-3330020	Pallattara South	Pallattara South	GND	399	0	0	0	0	0	0	0	0
LK-3330025	Pallattara East	Pallattara East	GND	707	0	0	0	0	0	0	0	0
LK-3330030	Nugewela	Nugewela	GND	913	0	0	0	0	0	0	0	0
LK-3330035	Ihala Beligalla East	Ihala Beligalla East	GND	567	0	0	0	0	0	0	0	0
LK-3330040	Wadiya	Wadiya	GND	523	0	0	0	0	0	0	0	0
LK-3330045	Ihala Beligalla West	Ihala Beligalla West	GND	542	0	0	0	0	0	0	0	0
LK-3330050	Beligalla North	Beligalla North	GND	921	0	0	0	0	0	0	0	0
LK-3330055	Beligalla South	Beligalla South	GND	503	0	0	0	0	0	0	0	0
LK-3330060	Dammulla East	Dammulla East	GND	926	0	0	0	0	0	0	0	0
LK-3330065	Dammulla West	Dammulla West	GND	445	0	0	0	0	0	0	0	0
LK-3330070	Pattiyawela	Pattiyawela	GND	657	0	0	0	0	0	0	0	0
LK-3330075	Tharaperiya	Tharaperiya	GND	415	0	0	0	0	0	0	0	0
LK-3330080	Nihiluwa West	Nihiluwa West	GND	1045	0	0	0	0	0	0	0	0
LK-3330085	Indiketiyagoda	Indiketiyagoda	GND	377	0	0	0	0	0	0	0	0
LK-3330090	Nihiluwa East	Nihiluwa East	GND	1068	0	0	0	0	0	0	0	0
LK-3330095	Waharakgoda North	Waharakgoda North	GND	780	0	0	0	0	0	0	0	0
LK-3330100	Waharakgoda South	Waharakgoda South	GND	417	0	0	0	0	0	0	0	0
LK-3330105	Kahawatta	Kahawatta	GND	1353	0	0	0	0	0	0	0	0
LK-3330110	Kosgahagoda	Kosgahagoda	GND	710	0	0	0	0	0	0	0	0
LK-3330115	Agulmaduwa	Agulmaduwa	GND	767	0	0	0	0	0	0	0	0
LK-3330120	Aranwela North	Aranwela North	GND	835	0	0	0	0	0	0	0	0
LK-3330125	Karambaketiya	Karambaketiya	GND	843	0	0	0	0	0	0	0	0
LK-3330130	Galwewa	Galwewa	GND	875	0	0	0	0	0	0	0	0
LK-3330135	Godawela	Godawela	GND	782	0	0	0	0	0	0	0	0
LK-3330140	Panamulla	Panamulla	GND	551	0	0	0	0	0	0	0	0
LK-3330145	Ambagasdeniya	Ambagasdeniya	GND	682	0	0	0	0	0	0	0	0
LK-3330150	Getamanna North	Getamanna North	GND	776	0	0	0	0	0	0	0	0
LK-3330155	Eldeniya	Eldeniya	GND	1017	0	0	0	0	0	0	0	0
LK-3330160	Getamanna West	Getamanna West	GND	681	0	0	0	0	0	0	0	0
LK-3330165	Getamanna East	Getamanna East	GND	556	0	0	0	0	0	0	0	0
LK-3330170	Mahaheella East	Mahaheella East	GND	1046	0	0	0	0	0	0	0	0
LK-3330175	Kambussawala West	Kambussawala West	GND	363	0	0	0	0	0	0	0	0
LK-3330180	Kambussawala East	Kambussawala East	GND	1023	0	0	0	0	0	0	0	0
LK-3330185	Beliatta West	Beliatta West	GND	561	0	0	0	0	0	0	0	0
LK-3330190	Beliatta Town	Beliatta Town	GND	790	14	0	0	0	0	0	0	0
LK-3330195	Puwakdandawa North	Puwakdandawa North	GND	1126	20	0	0	0	0	0	0	0
LK-3330200	Puwakdandawa East	Puwakdandawa East	GND	1394	0	0	0	0	0	0	0	0
LK-3330205	Aranwela West	Aranwela West	GND	844	0	0	0	0	0	0	0	0
LK-3330210	Sitinamaluwa West	Sitinamaluwa West	GND	885	0	0	0	0	0	0	0	0
LK-3330215	Sitinamaluwa North	Sitinamaluwa North	GND	1456	0	0	0	0	0	0	0	0
LK-3330220	Sitinamaluwa East	Sitinamaluwa East	GND	1756	0	0	0	0	0	0	0	0
LK-3330225	Sitinamaluwa South	Sitinamaluwa South	GND	1250	0	0	0	0	0	0	0	0
LK-3330230	Pahalagoda	Pahalagoda	GND	705	0	0	0	0	0	0	0	0
LK-3330235	Medagoda	Medagoda	GND	921	0	0	0	0	0	0	0	0
LK-3330240	Beliatta South	Beliatta South	GND	760	0	0	0	0	0	0	0	0
LK-3330245	Kudaheella East	Kudaheella East	GND	819	0	0	0	0	0	0	0	0
LK-3330250	Kudaheella North	Kudaheella North	GND	1799	0	0	0	0	0	0	0	0
LK-3330255	Mahaheella West	Mahaheella West	GND	1114	0	0	0	0	0	0	0	0
LK-3330260	Mahaheella North	Mahaheella North	GND	410	0	0	0	0	0	0	0	0
LK-3330265	Getamanna South	Getamanna South	GND	791	0	0	0	0	0	0	0	0
LK-3330270	Nayakawatta	Nayakawatta	GND	1486	0	0	0	0	0	0	0	0
LK-3330275	Ambala North	Ambala North	GND	880	0	0	0	0	0	0	0	0
LK-3330280	Ambala West	Ambala West	GND	720	0	0	0	0	0	0	0	0
LK-3330285	Miriswatta	Miriswatta	GND	918	0	0	0	0	0	0	0	0
LK-3330290	Kudaheella South	Kudaheella South	GND	1500	0	0	0	0	0	0	0	0
LK-3330295	Ovilana	Ovilana	GND	547	0	0	0	0	0	0	0	0
LK-3330300	Mihindupura	Mihindupura	GND	791	0	0	0	0	0	0	0	0
LK-3330305	Palapotha East	Palapotha East	GND	1023	0	0	0	0	0	0	0	0
LK-3330310	Palapotha West	Palapotha West	GND	428	0	0	0	0	0	0	0	0
LK-3330315	Dedduwawala East	Dedduwawala East	GND	769	0	0	0	0	0	0	0	0
LK-3330320	Dedduwawala	Dedduwawala	GND	672	0	0	0	0	0	0	0	0
LK-3330325	Galagama North	Galagama North	GND	843	0	0	0	0	0	0	0	0
LK-3330330	Galagama West	Galagama West	GND	494	0	0	0	0	0	0	0	0
LK-3330335	Galagama South	Galagama South	GND	800	0	0	0	0	0	0	0	0
LK-3330340	Galagama East	Galagama East	GND	594	0	0	0	0	0	0	0	0
LK-3330345	Nakulugamuwa West	Nakulugamuwa West	GND	1148	0	0	0	0	0	0	0	0
LK-3330350	Nakulugamuwa North	Nakulugamuwa North	GND	1088	0	0	0	0	0	0	0	0
LK-3330355	Wevudatta	Wevudatta	GND	689	0	0	0	0	0	0	0	0
LK-3333	Tangalle	Tangalle	DSD	78268	84	0	983	10	0	0	0	0
LK-3333005	Sudarshanagama	Sudarshanagama	GND	1188	0	0	0	0	0	0	0	0
LK-3333010	Pattiyapola West	Pattiyapola West	GND	994	0	0	0	0	0	0	0	0
LK-3333015	Thalunna	Thalunna	GND	1277	0	0	0	0	0	0	0	0
LK-3333020	Andupelena	Andupelena	GND	913	0	0	0	0	0	0	0	0
LK-3333025	Kadiragoda	Kadiragoda	GND	1055	0	0	0	0	0	0	0	0
LK-3333030	Gotaimbaragama	Gotaimbaragama	GND	607	0	0	0	0	0	0	0	0
LK-3333035	Kattakaduwa North	Kattakaduwa North	GND	1337	0	0	0	0	0	0	0	0
LK-3333040	Kattakaduwa South	Kattakaduwa South	GND	1962	0	0	0	0	0	0	0	0
LK-3333045	Ranna East	Ranna East	GND	2297	0	0	0	0	0	0	0	0
LK-3333050	Ranna West	Ranna West	GND	1840	0	0	0	0	0	0	0	0
LK-3333055	Vigamuwa	Vigamuwa	GND	1593	0	0	0	0	0	0	0	0
LK-3333060	Pattiyapola East	Pattiyapola East	GND	1032	0	0	0	0	0	0	0	0
LK-3333065	Pattiyapola South	Pattiyapola South	GND	1003	0	0	0	0	0	0	0	0
LK-3333070	Vitharandeniya North	Vitharandeniya North	GND	694	0	0	0	0	0	0	0	0
LK-3333075	Thenagama South	Thenagama South	GND	592	0	0	0	0	0	0	0	0
LK-3333080	Thenagama North	Thenagama North	GND	478	0	0	0	0	0	0	0	0
LK-3333085	Thalapitiyagama	Thalapitiyagama	GND	302	0	0	0	0	0	0	0	0
LK-3333090	Ethgalamulla	Ethgalmulla	GND	727	0	0	0	0	0	0	0	0
LK-3333095	Uduvilagoda	Uduvilagoda	GND	534	0	0	0	0	0	0	0	0
LK-3333100	Vitharandeniya South	Vitharandeniya South	GND	856	0	0	0	0	0	0	0	0
LK-3333105	Aluthgoda	Aluthgoda	GND	1019	0	0	0	0	0	0	0	0
LK-3333110	Palathuduwa	Palathuduwa	GND	698	0	0	0	0	0	0	0	0
LK-3333115	Marakolliya	Marakolliya	GND	1378	0	0	0	0	0	0	0	0
LK-3333120	Medagama	Medagama	GND	1278	0	0	0	0	0	0	0	0
LK-3333125	Netolpitiya North	Netolpitiya North	GND	1927	0	0	0	0	0	0	0	0
LK-3333130	Netolpitiya South	Netolpitiya South	GND	2285	0	0	0	10	0	0	0	0
LK-3333135	Wadigala	Wadigala	GND	1539	0	0	0	0	0	0	0	0
LK-3333140	Kahandawa	Kahandawa	GND	1941	0	0	0	0	0	0	0	0
LK-3333145	Nidahasgama West	Nidahasgama West	GND	1617	14	0	0	0	0	0	0	0
LK-3333150	Nidahasgama East	Nidahasgama East	GND	1843	0	0	0	0	0	0	0	0
LK-3333155	Kahandamodara	Kahandamodara	GND	995	0	0	0	0	0	0	0	0
LK-3333160	Gurupokuna	Gurupokuna	GND	357	0	0	0	0	0	0	0	0
LK-3333165	Wella Odaya	Wella Odaya	GND	1501	0	0	0	0	0	0	0	0
LK-3333170	Rekawa East	Rekawa East	GND	826	0	0	0	0	0	0	0	0
LK-3333175	Rekawa West	Rekawa West	GND	1162	0	0	0	0	0	0	0	0
LK-3333180	Medilla	Medilla	GND	1143	0	0	0	0	0	0	0	0
LK-3333185	Walgameliya	Walgameliya	GND	961	0	0	0	0	0	0	0	0
LK-3333190	Godawanagoda	Godawanagoda	GND	1067	0	0	0	0	0	0	0	0
LK-3333195	Wagegoda	Wagegoda	GND	567	0	0	248	0	0	0	0	0
LK-3333200	Nalagama East	Nalagama East	GND	435	0	0	0	0	0	0	0	0
LK-3333205	Siyambalagoda	Siyambalagoda	GND	720	0	0	0	0	0	0	0	0
LK-3333210	Nalagama West	Nalagama West	GND	585	0	0	0	0	0	0	0	0
LK-3333215	Polommaruwa North	Polommaruwa North	GND	1863	0	0	0	0	0	0	0	0
LK-3333220	Danketiya	Danketiya	GND	2344	70	0	0	0	0	0	0	0
LK-3333225	Medaketiya	Medaketiya	GND	1476	0	0	0	0	0	0	0	0
LK-3333230	Kotuwegoda	Kotuwegoda	GND	265	0	0	0	0	0	0	0	0
LK-3333235	Indipokunagoda North	Indipokunagoda North	GND	1692	0	0	0	0	0	0	0	0
LK-3333240	Polommaruwa South	Polommaruwa South	GND	1369	0	0	0	0	0	0	0	0
LK-3333245	Kadurupokuna East	Kadurupokuna East	GND	1524	0	0	0	0	0	0	0	0
LK-3333250	Indipokunagoda South	Indipokunagoda South	GND	540	0	0	0	0	0	0	0	0
LK-3333255	Pallikkudawa Urban	Pallikkudawa Urban	GND	436	0	0	735	0	0	0	0	0
LK-3333260	Pallikkudawa Rural	Pallikkudawa Rural	GND	1340	0	0	0	0	0	0	0	0
LK-3333265	Kadurupokuna South	Kadurupokuna South	GND	1975	0	0	0	0	0	0	0	0
LK-3333270	Kadurupokuna North	Kadurupokuna North	GND	750	0	0	0	0	0	0	0	0
LK-3333275	Kadurupokuna West	Kadurupokuna west	GND	1004	0	0	0	0	0	0	0	0
LK-3333280	Seenimodara West	Seenimodara West	GND	1504	0	0	0	0	0	0	0	0
LK-3333285	Seenimodara East	Seenimodara East	GND	937	0	0	0	0	0	0	0	0
LK-3333290	Unakooruwa West	Unakooruwa West	GND	1050	0	0	0	0	0	0	0	0
LK-3333295	Unakooruwa East	Unakooruwa East	GND	1332	0	0	0	0	0	0	0	0
LK-3333300	Moraketi Ara East	Moraketi Ara East	GND	366	0	0	0	0	0	0	0	0
LK-3333305	Moraketi Ara West	Moraketi Ara West	GND	1098	0	0	0	0	0	0	0	0
LK-3333310	Pahajjawa	Pahajjawa	GND	1338	0	0	0	0	0	0	0	0
LK-3333315	Mahawela	Mahawela	GND	481	0	0	0	0	0	0	0	0
LK-3333320	Ihalagoda	Ihalagoda	GND	769	0	0	0	0	0	0	0	0
LK-3333325	Nakulugamuwa South	Nakulugamuwa South	GND	500	0	0	0	0	0	0	0	0
LK-3333330	Kudawella North	Kudawella North	GND	1152	0	0	0	0	0	0	0	0
LK-3333335	Kudawella Central	Kudawella Central	GND	881	0	0	0	0	0	0	0	0
LK-3333340	Kudawella East	Kudawella East	GND	635	0	0	0	0	0	0	0	0
LK-3333345	Mawella South	Mawella South	GND	448	0	0	0	0	0	0	0	0
LK-3333350	Mawella North	Mawella North	GND	144	0	0	0	0	0	0	0	0
LK-3333355	Kudawella South	Kudawella South	GND	1158	0	0	0	0	0	0	0	0
LK-3333360	Kudawella West	Kudawella West	GND	772	0	0	0	0	0	0	0	0
LK-41	Jaffna	Jaffna	DISTRICT	2606	586488	317	3689	14	0	0	0	0
LK-4103	Islands North (Kayts)	Island North (Kayts)	DSD	14	9894	0	0	0	0	0	0	0
LK-4103005	Analaitivu North	Analaitivu North	GND	0	716	0	0	0	0	0	0	0
LK-4103010	Analaitivu South	Analaitivu South	GND	0	803	0	0	0	0	0	0	0
LK-4103015	Eluvaitivu	Eluvaitivu	GND	0	586	0	0	0	0	0	0	0
LK-4103020	Paruthiyadaippu	Paruthiyadaippu	GND	0	711	0	0	0	0	0	0	0
LK-4103025	Kayts	Kayts	GND	0	459	0	0	0	0	0	0	0
LK-4103030	Karampon	Karampon	GND	0	992	0	0	0	0	0	0	0
LK-4103035	Karampon East	Karampon East	GND	14	462	0	0	0	0	0	0	0
LK-4103040	Naranthanai North West	Naranthanai North West	GND	0	1113	0	0	0	0	0	0	0
LK-4103045	Naranthanai North	Naranthanai North	GND	0	378	0	0	0	0	0	0	0
LK-4103050	Naranthanai	Naranthanai	GND	0	610	0	0	0	0	0	0	0
LK-4103055	Naranthanai South	Naranthanai South	GND	0	633	0	0	0	0	0	0	0
LK-4103060	Karampon South East	Karampon South East	GND	0	163	0	0	0	0	0	0	0
LK-4103065	Karampon West	Karampon West	GND	0	899	0	0	0	0	0	0	0
LK-4103070	Puliyankoodal	Puliyankoodal	GND	0	1146	0	0	0	0	0	0	0
LK-4103075	Suruvil	Suruvil	GND	0	223	0	0	0	0	0	0	0
LK-4104	Karainagar	Karainagar	DSD	0	9110	0	0	0	0	0	0	0
LK-4104005	Karainagar North	Karainagar North	GND	0	533	0	0	0	0	0	0	0
LK-4104010	Karainagar North East	Karainagar North East	GND	0	1534	0	0	0	0	0	0	0
LK-4104015	Karainagar East	Karainagar East	GND	0	1438	0	0	0	0	0	0	0
LK-4104020	Karainagar Centre	Karainagar Centre	GND	0	1353	0	0	0	0	0	0	0
LK-4104025	Karainagar North West	Karainagar North West	GND	0	288	0	0	0	0	0	0	0
LK-4104030	Karainagar West	Karainagar West	GND	0	1359	0	0	0	0	0	0	0
LK-4104035	Karainagar South East	Karainagar South East	GND	0	295	0	0	0	0	0	0	0
LK-4104040	Karainagar South	Karainagar South	GND	0	1251	0	0	0	0	0	0	0
LK-4104045	Karainagar South West	Karainagar South West	GND	0	1059	0	0	0	0	0	0	0
LK-4106	Valikamam West (Chankanai)	Valikamam West (Chankanai)	DSD	10	45044	10	0	0	0	0	0	0
LK-4106005	Vadducoddai East	Vaddukoddai East	GND	0	1672	0	0	0	0	0	0	0
LK-4106010	Vadducoddai North	Vaddukoddai North	GND	0	1149	0	0	0	0	0	0	0
LK-4106015	Sangarathai	Sangarathai	GND	0	1950	0	0	0	0	0	0	0
LK-4106020	Arali West	Arali West	GND	0	1296	0	0	0	0	0	0	0
LK-4106025	Arali Centre	Arali Centre	GND	10	1896	0	0	0	0	0	0	0
LK-4106030	Arali South	Arali South	GND	0	2580	0	0	0	0	0	0	0
LK-4106035	Arali East	Arali East	GND	0	2010	0	0	0	0	0	0	0
LK-4106040	Arali North	Arali North	GND	0	1852	0	0	0	0	0	0	0
LK-4106045	Vadducoddai South	Vaddukoddai South	GND	0	2851	0	0	0	0	0	0	0
LK-4106050	Vadducoddai South West	Vaddukoddai South West	GND	0	1185	0	0	0	0	0	0	0
LK-4106055	Vadducoddai West	Vedducoddai  West	GND	0	1135	0	0	0	0	0	0	0
LK-4106060	Tholpuram East	Tholpuram East	GND	0	1366	0	0	0	0	0	0	0
LK-4106065	Tholpuram West	Tholpuram  West	GND	0	2167	0	0	0	0	0	0	0
LK-4106070	Ponnalai	Ponnalai	GND	0	1776	0	0	0	0	0	0	0
LK-4106075	Moolai	Moolai	GND	0	3266	10	0	0	0	0	0	0
LK-4106080	Chulipuram West	Chulipuram West	GND	0	1936	0	0	0	0	0	0	0
LK-4106085	Chulipuram Centre	Chulipuram  Centre	GND	0	1541	0	0	0	0	0	0	0
LK-4106090	Chulipuram East	Chulipuram  East	GND	0	2340	0	0	0	0	0	0	0
LK-4106095	Pannagam	Pannakam	GND	0	1541	0	0	0	0	0	0	0
LK-4106100	Panippulam	Pannaippulam	GND	0	1139	0	0	0	0	0	0	0
LK-4106105	Siththankerni	Siththankerni	GND	0	1168	0	0	0	0	0	0	0
LK-4106110	Chankanai East	Chankanai East	GND	0	1683	0	0	0	0	0	0	0
LK-4106115	Chankanai West	Chankanai West	GND	0	1770	0	0	0	0	0	0	0
LK-4106120	Chankanai South	Chankanai South	GND	0	1721	0	0	0	0	0	0	0
LK-4106125	Chankanai Centre	Chankanai Centre	GND	0	2054	0	0	0	0	0	0	0
LK-4109	Valikamam South West (Sandilipay)	Valikamam South-West (Sandilipay)	DSD	0	51990	0	14	0	0	0	0	0
LK-4109005	Suthumalai North	Suthumalai North	GND	0	1533	0	0	0	0	0	0	0
LK-4109010	Suthumalai South	Suthumalai South	GND	0	2023	0	0	0	0	0	0	0
LK-4109015	Savatkaddu	Savatkaddu	GND	0	2254	0	0	0	0	0	0	0
LK-4109020	Uyarappulam	Uyarappulam	GND	0	2975	0	0	0	0	0	0	0
LK-4109025	Anaikottai	Anaikoddai	GND	0	3779	0	0	0	0	0	0	0
LK-4109030	Navali North	Navali North	GND	0	2538	0	0	0	0	0	0	0
LK-4109035	Navali East	Navali East	GND	0	1545	0	0	0	0	0	0	0
LK-4109040	Navali South	Navali South	GND	0	1820	0	0	0	0	0	0	0
LK-4109045	Manipay North	Manipay North	GND	0	1429	0	0	0	0	0	0	0
LK-4109050	Manipay East	Manipay East	GND	0	1997	0	0	0	0	0	0	0
LK-4109055	Manipay South	Manipay South	GND	0	1681	0	0	0	0	0	0	0
LK-4109060	Manipay West	Manipay West	GND	0	2482	0	0	0	0	0	0	0
LK-4109065	Sandilipay North	Sandilipay North	GND	0	2115	0	0	0	0	0	0	0
LK-4109070	Sandilipay Centre	Sandilipay Centre	GND	0	1921	0	0	0	0	0	0	0
LK-4109075	Sandilipay West	Sandilipay West	GND	0	1503	0	0	0	0	0	0	0
LK-4109080	Masiapiddy	Masiapiddy	GND	0	1444	0	0	0	0	0	0	0
LK-4109085	Vadaliyadaippu	Vadaliyadaippu	GND	0	1774	0	0	0	0	0	0	0
LK-4109090	Pandatheruppu	Pandatheruppu	GND	0	2622	0	0	0	0	0	0	0
LK-4109095	Piranpattai	Piranpattai	GND	0	1675	0	0	0	0	0	0	0
LK-4109100	Sillalai North	Sillalai North	GND	0	2313	0	0	0	0	0	0	0
LK-4109105	Sillalai South	Sillalai South	GND	0	791	0	14	0	0	0	0	0
LK-4109110	Mathagal East	Mathagal East	GND	0	2356	0	0	0	0	0	0	0
LK-4109115	Mathagal South	Mathagal South	GND	0	853	0	0	0	0	0	0	0
LK-4109120	Mathagal West	Mathagal West	GND	0	1022	0	0	0	0	0	0	0
LK-4109125	Periyavillan	Periyavillan	GND	0	1768	0	0	0	0	0	0	0
LK-4109130	Marisankoodal	Maresankoodal	GND	0	1438	0	0	0	0	0	0	0
LK-4109135	Illavalai	Illavalai	GND	0	1787	0	0	0	0	0	0	0
LK-4109140	Mullanai	Mullanai	GND	0	552	0	0	0	0	0	0	0
LK-4112	Valikamam North (Thllippalai)	Valikamam North (Tellipallai)	DSD	51	44715	16	0	0	0	0	0	0
LK-4112005	Mallakam South	Mallakam South	GND	0	2131	0	0	0	0	0	0	0
LK-4112010	Mallakam Centre	Mallakam Centre	GND	11	1890	0	0	0	0	0	0	0
LK-4112015	Mallakam North	Mallakam North	GND	0	1702	0	0	0	0	0	0	0
LK-4112020	Alaveddy North	Alaveddy North	GND	0	1639	0	0	0	0	0	0	0
LK-4112025	Alaveddy Centre	Alaveddy Centre	GND	0	1181	0	0	0	0	0	0	0
LK-4112030	Alaveddy East	Alaveddy East	GND	0	1595	0	0	0	0	0	0	0
LK-4112035	Ganeshwaram	Ganeswaram	GND	0	1159	0	0	0	0	0	0	0
LK-4112040	Alaveddy South	Alaveddy South	GND	0	1835	0	0	0	0	0	0	0
LK-4112045	Alaveddy West	Alaveddy West	GND	0	2076	0	0	0	0	0	0	0
LK-4112050	Ilavalai North	Ilavalai North	GND	0	1154	0	0	0	0	0	0	0
LK-4112055	Ilavalai North West	Ilavalai North West	GND	0	2021	0	0	0	0	0	0	0
LK-4112060	Vithakapuram	Vithahapuram	GND	0	926	0	0	0	0	0	0	0
LK-4112065	Pannalai	Pannalai	GND	0	1130	0	0	0	0	0	0	0
LK-4112070	Kollankaladdy	Kollankalady	GND	0	2368	0	0	0	0	0	0	0
LK-4112075	Naguleswaram	Naguleswaram	GND	0	956	0	0	0	0	0	0	0
LK-4112080	Tellippalai East	Tellippalai East	GND	0	1977	0	0	0	0	0	0	0
LK-4112085	Tellippalai	Tellippalai	GND	40	943	0	0	0	0	0	0	0
LK-4112090	Thurkkapuram	Thurkkapuram	GND	0	1781	0	0	0	0	0	0	0
LK-4112095	Thanthai Selvapuram	Thanthai Selvapuram	GND	0	1247	0	0	0	0	0	0	0
LK-4112100	Maviddapuram	Maviddapuram	GND	0	964	0	0	0	0	0	0	0
LK-4112105	Maviddapuram South	Maviddapuram South	GND	0	820	0	0	0	0	0	0	0
LK-4112110	Kankesanthurai West	Kankesanthurai West	GND	0	429	0	0	0	0	0	0	0
LK-4112115	Kankesanthurai Centre	Kankesanthurai Centre	GND	0	127	0	0	0	0	0	0	0
LK-4112120	Kankesanthurai South	Kankesanthurai South	GND	0	275	0	0	0	0	0	0	0
LK-4112125	Palai Veemankamam North	Palai Veemankamam North	GND	0	514	0	0	0	0	0	0	0
LK-4112130	Palai Veemankamam South	Palai Veemankamam South	GND	0	795	16	0	0	0	0	0	0
LK-4112135	Kadduvan	Kadduvan	GND	0	360	0	0	0	0	0	0	0
LK-4112140	Kadduvan West	Kadduvan West	GND	0	1012	0	0	0	0	0	0	0
LK-4112145	Thenmylai	Thenmylai	GND	0	276	0	0	0	0	0	0	0
LK-4112150	Varuthalaivilan	Varuthalaivilan	GND	0	1199	0	0	0	0	0	0	0
LK-4112155	Kurumbasiddy	Kurumpasiddy	GND	0	122	0	0	0	0	0	0	0
LK-4112160	Kurumbasiddy East	Kurumpasiddy East	GND	0	621	0	0	0	0	0	0	0
LK-4112165	Vasavilan East	Vayavilan East	GND	0	1838	0	0	0	0	0	0	0
LK-4112170	Vasavilan West	Vayavilan West	GND	0	390	0	0	0	0	0	0	0
LK-4112175	Myliddy North	Myliddy North	GND	0	1277	0	0	0	0	0	0	0
LK-4112180	Theiyiddy East	Thyiddy East	GND	0	435	0	0	0	0	0	0	0
LK-4112190	Theiyiddy North	Thyiddy North	GND	0	307	0	0	0	0	0	0	0
LK-4112195	Theiyiddy South	Thyiddy South	GND	0	1138	0	0	0	0	0	0	0
LK-4112200	Myliddythurai North	Myliddyththurai North	GND	0	335	0	0	0	0	0	0	0
LK-4112205	Palaly South	Palaly South	GND	0	445	0	0	0	0	0	0	0
LK-4112210	Palaly East	Palaly East	GND	0	283	0	0	0	0	0	0	0
LK-4112215	Palaly North	Palaly North	GND	0	1042	0	0	0	0	0	0	0
LK-4115	Valikamam South (Uduvil)	Valikamam South (Uduvil)	DSD	21	50258	11	107	0	0	0	0	0
LK-4115005	Uduvil South West	Uduvil South West	GND	0	1507	0	0	0	0	0	0	0
LK-4115010	Uduvil South East	Uduvil South East	GND	0	1815	0	24	0	0	0	0	0
LK-4115015	Uduvil Centre	Uduvil Centre	GND	0	2083	0	13	0	0	0	0	0
LK-4115020	Uduvil Centre North	Uduvil Centre North	GND	0	2485	0	21	0	0	0	0	0
LK-4115025	Uduvil North	Uduvil North	GND	0	1978	0	0	0	0	0	0	0
LK-4115030	Sanguvely	Sanguvely	GND	0	2588	0	0	0	0	0	0	0
LK-4115035	Inuvil South West	Inuvil South West	GND	0	1589	0	0	0	0	0	0	0
LK-4115040	Inuvil East	Inuvil East	GND	0	812	0	0	0	0	0	0	0
LK-4115045	Inuvil North East	Inuvil North East	GND	0	2380	0	15	0	0	0	0	0
LK-4115050	Inuvil West	Inuvil West	GND	0	1167	0	0	0	0	0	0	0
LK-4115055	Thavady South	Thavady South	GND	0	2178	0	0	0	0	0	0	0
LK-4115060	Thavady East	Thavady East	GND	0	1437	0	0	0	0	0	0	0
LK-4115065	Thavady North	Thavady North	GND	0	1764	0	0	0	0	0	0	0
LK-4115070	Chunnakam Town North	Chunnakam Town North	GND	0	1042	0	0	0	0	0	0	0
LK-4115075	Chunnakam Town South	Chunnakam Town South	GND	0	2592	0	0	0	0	0	0	0
LK-4115080	Chunnakam Town East	Chunnakam Town East	GND	0	1280	0	0	0	0	0	0	0
LK-4115085	Chunnakam Town Centre	Chunnakam Town Centre	GND	0	1536	0	34	0	0	0	0	0
LK-4115090	Chunnakam Town West	Chunnakam Town West	GND	0	1347	0	0	0	0	0	0	0
LK-4115095	Kantharodai	Kantharodai	GND	0	1463	0	0	0	0	0	0	0
LK-4115100	Erlalai West	Erlalai West	GND	0	1352	0	0	0	0	0	0	0
LK-4115105	Erlalai South West	Erlalai South West	GND	0	1453	0	0	0	0	0	0	0
LK-4115110	Erlalai South	Erlalai South	GND	11	3356	11	0	0	0	0	0	0
LK-4115115	Erlalai East	Erlalai East	GND	0	1163	0	0	0	0	0	0	0
LK-4115120	Erlalai North	Erlalai North	GND	0	1541	0	0	0	0	0	0	0
LK-4115125	Erlalai Centre	Erlalai Centre	GND	0	1036	0	0	0	0	0	0	0
LK-4115130	Punnalaikadduvan South	Punnalaikadduvan South	GND	0	1335	0	0	0	0	0	0	0
LK-4115135	Punnalaikadduvan North	Punnalaikadduvan North	GND	10	1621	0	0	0	0	0	0	0
LK-4115140	Evinai	Evenai	GND	0	1736	0	0	0	0	0	0	0
LK-4115145	Kuppilan South	Kuppilan South	GND	0	1743	0	0	0	0	0	0	0
LK-4115150	Kuppilan North	Kuppilan North	GND	0	879	0	0	0	0	0	0	0
LK-4118	Valikamam East (Kopay)	Valikamam East (Kopay)	DSD	0	75620	52	108	14	0	0	0	0
LK-4118005	Irupalai South	Irupalai South	GND	0	2730	0	0	0	0	0	0	0
LK-4118010	Irupalai East	Irupalai  East	GND	0	2348	0	0	0	0	0	0	0
LK-4118015	Kalviyankadu	Kalviyankadu	GND	0	2680	0	0	0	0	0	0	0
LK-4118020	Kopai South	Kopay South	GND	0	4584	0	0	0	0	0	0	0
LK-4118025	Kopai Centre	Kopay Centre	GND	0	4030	40	78	0	0	0	0	0
LK-4118030	Kopai North	Kopay North	GND	0	2540	0	0	0	0	0	0	0
LK-4118035	Urumpirai West	Urumpirai West	GND	0	2667	0	14	0	0	0	0	0
LK-4118040	Urumpirai North	Urumpirai North	GND	0	2314	0	0	0	0	0	0	0
LK-4118045	Urumpirai South	Urumpirai South	GND	0	3884	0	0	0	0	0	0	0
LK-4118050	Urumpirai East	Urumpirai East	GND	0	2504	0	0	0	0	0	0	0
LK-4118055	Urelu	Urelu	GND	0	3298	0	0	0	0	0	0	0
LK-4118060	Neervely South	Neervely South	GND	0	2094	0	0	0	0	0	0	0
LK-4118065	Neervely North	Neervely North	GND	0	2426	0	0	0	0	0	0	0
LK-4118070	Neervely West	Neervely West	GND	0	1328	0	0	0	0	0	0	0
LK-4118075	Siruppiddy East	Sirupiddy East	GND	0	2000	0	0	0	0	0	0	0
LK-4118080	Siruppiddy West	Sirupiddy West	GND	0	2136	0	0	0	0	0	0	0
LK-4118085	Puttur West	Puttur West	GND	0	3494	0	0	0	0	0	0	0
LK-4118090	Puttur North	Puttur North	GND	0	1323	0	0	0	0	0	0	0
LK-4118095	Nawatkiri	Nawatkiri	GND	0	1629	0	0	0	0	0	0	0
LK-4118100	Avarangal East	Avarangal East	GND	0	1151	0	0	0	0	0	0	0
LK-4118105	Avarangal West	Avarangal West	GND	0	2295	0	0	0	0	0	0	0
LK-4118110	Puttur East	Puttur East	GND	0	3564	0	0	14	0	0	0	0
LK-4118115	Achchelu	Atchelu	GND	0	3948	0	0	0	0	0	0	0
LK-4118120	Vatharavattai	Vatharavattai	GND	0	960	0	0	0	0	0	0	0
LK-4118125	Pattameni	Pathameny	GND	0	2264	0	16	0	0	0	0	0
LK-4118130	Thampalai-Kathiripay	Thampalai-Kathiripay	GND	0	2005	0	0	0	0	0	0	0
LK-4118135	Iddaikkadu	Iddaikkadu	GND	0	851	0	0	0	0	0	0	0
LK-4118140	Valalai	Valalai	GND	0	1472	0	0	0	0	0	0	0
LK-4118145	Achchuveli North	Atchuvely North	GND	0	1882	0	0	0	0	0	0	0
LK-4118150	Achchuveli South	Atchuvely South	GND	0	2799	0	0	0	0	0	0	0
LK-4118155	Achchuveli West	Atchuvely West	GND	0	2420	12	0	0	0	0	0	0
LK-4121	Vadamaradchchi South-West (Karaveddy)	Vadamaradchi South-West (Karaveddy)	DSD	13	40982	0	0	0	0	0	0	0
LK-4121005	Karanavai South	Karanavai South	GND	0	1667	0	0	0	0	0	0	0
LK-4121010	Karanavai West	Karanavai West	GND	0	1957	0	0	0	0	0	0	0
LK-4121015	Karanavai	Karanavai	GND	0	1515	0	0	0	0	0	0	0
LK-4121020	Karanavai East	Karanavai East	GND	0	1322	0	0	0	0	0	0	0
LK-4121025	Uduppiddy	Udupiddy	GND	0	1665	0	0	0	0	0	0	0
LK-4121030	Uduppiddy North	Udupiddy North	GND	0	1791	0	0	0	0	0	0	0
LK-4121035	Uduppiddy South	Udupiddy South	GND	0	800	0	0	0	0	0	0	0
LK-4121040	Valvetty	Valvetty	GND	0	871	0	0	0	0	0	0	0
LK-4121045	Valvetty Centre	Valvetty Centre	GND	0	888	0	0	0	0	0	0	0
LK-4121050	Samarabahu	Samarabahu	GND	0	1504	0	0	0	0	0	0	0
LK-4121055	Imayanan	Imayanan	GND	13	1852	0	0	0	0	0	0	0
LK-4121060	Imayanan East	Imayanan East	GND	0	1908	0	0	0	0	0	0	0
LK-4121065	Karanavai North	Karanavai North	GND	0	1239	0	0	0	0	0	0	0
LK-4121070	Karanavai North West	Karanavai North West	GND	0	1619	0	0	0	0	0	0	0
LK-4121075	Karanavai Centre	Karanavai Centre	GND	0	1232	0	0	0	0	0	0	0
LK-4121080	Karaveddy West	Karaveddy West	GND	0	1587	0	0	0	0	0	0	0
LK-4121085	Karaveddy North	Karaveddy North	GND	0	813	0	0	0	0	0	0	0
LK-4121090	Karaveddy South	Karaveddy  South	GND	0	669	0	0	0	0	0	0	0
LK-4121095	Maththoni	Maththoni	GND	0	677	0	0	0	0	0	0	0
LK-4121100	Karaveddy Centre	Karaveddy Centre	GND	0	1073	0	0	0	0	0	0	0
LK-4121105	Karaveddy East	Karaveddy East	GND	0	1153	0	0	0	0	0	0	0
LK-4121110	Kaddaively	Kaddaively	GND	0	867	0	0	0	0	0	0	0
LK-4121115	Thunnalai South	Thunnalai South	GND	0	1276	0	0	0	0	0	0	0
LK-4121120	Thunnalai East	Thunnalai East	GND	0	903	0	0	0	0	0	0	0
LK-4121125	Thunnalai	Thunnalai	GND	0	645	0	0	0	0	0	0	0
LK-4121130	Thunnalai Centre	Thunnalai Centre	GND	0	529	0	0	0	0	0	0	0
LK-4121135	Thunnalai West	Thunnalai West	GND	0	1072	0	0	0	0	0	0	0
LK-4121140	Nelliaddy North	Nelliaddy North	GND	0	1027	0	0	0	0	0	0	0
LK-4121145	Nelliaddy	Nelliaddy	GND	0	857	0	0	0	0	0	0	0
LK-4121150	Nelliaddy East	Nelliaddy East	GND	0	1290	0	0	0	0	0	0	0
LK-4121155	Alvai	Alvai	GND	0	1429	0	0	0	0	0	0	0
LK-4121160	Alvai South	Alvai South	GND	0	1318	0	0	0	0	0	0	0
LK-4121165	Alvai East	Alvai East	GND	0	1307	0	0	0	0	0	0	0
LK-4121170	Aththai	Aththai	GND	0	597	0	0	0	0	0	0	0
LK-4121175	Kapputhu	Kapputhu	GND	0	63	0	0	0	0	0	0	0
LK-4124	Vadamaradchchi East	Vadamaradchi East	DSD	0	13499	0	0	0	0	0	0	0
LK-4124005	Manatkadu	Manalkadu	GND	0	922	0	0	0	0	0	0	0
LK-4124010	Kudaththanai	Kudathanai	GND	0	1068	0	0	0	0	0	0	0
LK-4124015	Kudaththanai Karaiyoor	Kudathanai Karaiyoor	GND	0	508	0	0	0	0	0	0	0
LK-4124020	Potpathi	Potpathi	GND	0	432	0	0	0	0	0	0	0
LK-4124025	Ampan	Ampan	GND	0	661	0	0	0	0	0	0	0
LK-4124030	Nagarkovil East	Nagarkovil East	GND	0	485	0	0	0	0	0	0	0
LK-4124035	Nagarkovil West	Nagarkovil West	GND	0	437	0	0	0	0	0	0	0
LK-4124040	Nagarkovil South	Nagarkovil South	GND	0	140	0	0	0	0	0	0	0
LK-4124045	Chempiyanpattu North	Chempiyanpattu North	GND	0	898	0	0	0	0	0	0	0
LK-4124050	Chempiyanpattu South	Chempiyanpattu South	GND	0	428	0	0	0	0	0	0	0
LK-4124055	Maruthankarny	Maruthankarny	GND	0	1187	0	0	0	0	0	0	0
LK-4124060	Vaththirayan	Vathirayan	GND	0	948	0	0	0	0	0	0	0
LK-4124065	Uduththurai	Uduthurai	GND	0	1672	0	0	0	0	0	0	0
LK-4124070	Aliyavalai	Aliyavalai	GND	0	1058	0	0	0	0	0	0	0
LK-4124075	Vettilaikerny	Vetrilaikerny	GND	0	755	0	0	0	0	0	0	0
LK-4124080	Mulliyan	Mulliyan	GND	0	1437	0	0	0	0	0	0	0
LK-4124085	Pokkaruppu	Pokkaruppu	GND	0	463	0	0	0	0	0	0	0
LK-4124090	Chundikulam	Chundikulam	GND	0	0	0	0	0	0	0	0	0
LK-4127	Vadamaradchi North (Point Pedro)	Vadamaradchi North (Point Pedro)	DSD	41	43227	0	0	0	0	0	0	0
LK-4127005	Thondamanaru South	Thondamanaru South	GND	0	803	0	0	0	0	0	0	0
LK-4127010	Thondamanaru North	Thondamanaru North	GND	0	787	0	0	0	0	0	0	0
LK-4127015	Kerudavil South	Kerudavil South	GND	0	2272	0	0	0	0	0	0	0
LK-4127020	Kerudavil North	Kerudavil North	GND	0	542	0	0	0	0	0	0	0
LK-4127025	Kerudavil East	Kerudavil East	GND	0	498	0	0	0	0	0	0	0
LK-4127030	Valvettithurai North West	Valvettithurai North West	GND	0	872	0	0	0	0	0	0	0
LK-4127035	Valvettithurai North Centre	Valvettithurai North Centre	GND	0	368	0	0	0	0	0	0	0
LK-4127040	Valvettithurai North East	Valvettithurai North East	GND	0	457	0	0	0	0	0	0	0
LK-4127045	Valvettithurai South West	Valvettithurai South West	GND	0	704	0	0	0	0	0	0	0
LK-4127050	Valvettithurai South East	Valvettithurai South East	GND	0	598	0	0	0	0	0	0	0
LK-4127055	Polikandy West	Polikandy West	GND	0	1746	0	0	0	0	0	0	0
LK-4127060	Polikandy East	Polikandy East	GND	0	1915	0	0	0	0	0	0	0
LK-4127065	Polikandy South	Polikandy South	GND	0	588	0	0	0	0	0	0	0
LK-4127070	Alvai West	Alvai West	GND	0	1341	0	0	0	0	0	0	0
LK-4127075	Alvai North West	Alvai North West	GND	0	1807	0	0	0	0	0	0	0
LK-4127080	Alvai North Centre	Alvai North Centre	GND	0	1749	0	0	0	0	0	0	0
LK-4127085	Viyaparimulai	Viyaparimoolai	GND	0	1055	0	0	0	0	0	0	0
LK-4127090	Alvai North	Alvai North	GND	0	1884	0	0	0	0	0	0	0
LK-4127095	Point Pedro	Point Pedro	GND	0	1801	0	0	0	0	0	0	0
LK-4127100	Point Pedro South	Point Pedro South	GND	0	1161	0	0	0	0	0	0	0
LK-4127105	Point Pedro East	Point Pedro East	GND	0	2504	0	0	0	0	0	0	0
LK-4127110	Thumpalai	Thumpalai	GND	0	1706	0	0	0	0	0	0	0
LK-4127115	Thumpalai East	Thumpalai East	GND	0	1339	0	0	0	0	0	0	0
LK-4127120	Katkovalam	Katkovalam	GND	0	2272	0	0	0	0	0	0	0
LK-4127125	Puloly North	Puloly North	GND	0	1629	0	0	0	0	0	0	0
LK-4127130	Puloly North East	Puloly North East	GND	0	958	0	0	0	0	0	0	0
LK-4127135	Puloly Centre	Puloly Centre	GND	0	1446	0	0	0	0	0	0	0
LK-4127140	Puloly West	Puloly West	GND	0	1354	0	0	0	0	0	0	0
LK-4127145	Puloly South West	Puloly South West	GND	0	1666	0	0	0	0	0	0	0
LK-4127150	Puloly North West	Puloly North West	GND	0	1350	0	0	0	0	0	0	0
LK-4127155	Puloly East	Puloly East	GND	0	1382	0	0	0	0	0	0	0
LK-4127160	Puloly South	Puloly South	GND	0	763	0	0	0	0	0	0	0
LK-4127165	Manthikai	Manthikai	GND	41	539	0	0	0	0	0	0	0
LK-4127170	Vallipuram	Vallipuram	GND	0	606	0	0	0	0	0	0	0
LK-4127175	Thunnalai North	Thunnalai North	GND	0	765	0	0	0	0	0	0	0
LK-4130	Thenmaradchi (Chavakachcheri)	Thenmaradchi (Chavakachcheri)	DSD	131	67328	65	79	0	0	0	0	0
LK-4130005	Kaithady North	Kaithady North	GND	0	495	0	0	0	0	0	0	0
LK-4130010	Kaithady East	Kaithady East	GND	0	1632	0	0	0	0	0	0	0
LK-4130015	Kaithady Centre	Kaithady Centre	GND	0	885	0	0	0	0	0	0	0
LK-4130020	Kaithady South	Kaithady South	GND	48	1563	40	32	0	0	0	0	0
LK-4130025	Kaithady South East	Kaithady South East	GND	0	623	11	0	0	0	0	0	0
LK-4130030	Kaithady West	Kaithady West	GND	0	1257	0	0	0	0	0	0	0
LK-4130035	Navatkuli West	Navatkuli West	GND	73	3195	0	0	0	0	0	0	0
LK-4130040	Navatkuli East	Navatkuli East	GND	0	1057	0	0	0	0	0	0	0
LK-4130045	Kovilakandy	kovilakandy	GND	0	487	0	0	0	0	0	0	0
LK-4130050	Kaithady Navatkuli	Kaithady Navatkuli	GND	0	1030	0	0	0	0	0	0	0
LK-4130055	Maravanpulo	Maravanpulo	GND	0	1143	0	0	0	0	0	0	0
LK-4130060	Thanankilappu	Thanankilappu	GND	0	454	0	0	0	0	0	0	0
LK-4130065	Chavakachcheri Town	Chavakachcheri Town	GND	0	897	0	0	0	0	0	0	0
LK-4130070	Kovilkudyiruppu	Kovilkudyiruppu	GND	10	2705	0	47	0	0	0	0	0
LK-4130075	Sangathanai	Sangathanai	GND	0	1680	0	0	0	0	0	0	0
LK-4130080	Chavakachcheri North	Chavakachcheri North	GND	0	867	0	0	0	0	0	0	0
LK-4130085	Manduvil	Manduvil	GND	0	1223	0	0	0	0	0	0	0
LK-4130090	Kalvayal	Kalvayal	GND	0	1943	0	0	0	0	0	0	0
LK-4130095	Nunavil East	Nunavil East	GND	0	1168	0	0	0	0	0	0	0
LK-4130100	Nunavil Centre	Nunavil Centre	GND	0	702	0	0	0	0	0	0	0
LK-4130105	Nunavil West	Nunavil West	GND	0	1375	0	0	0	0	0	0	0
LK-4130110	Kaithady Nunavil	Kaithady Nunavil	GND	0	643	0	0	0	0	0	0	0
LK-4130115	Thenmadduvil	Thenmadduvil	GND	0	624	0	0	0	0	0	0	0
LK-4130120	Madduvil Nunavil	Madduvil Nunavil	GND	0	527	0	0	0	0	0	0	0
LK-4130125	Madduvil Centre	Madduvil Centre	GND	0	1016	0	0	0	0	0	0	0
LK-4130130	Madduvil North	Madduvil North	GND	0	1186	0	0	0	0	0	0	0
LK-4130135	Madduvil East	Madduvil East	GND	0	871	0	0	0	0	0	0	0
LK-4130140	Chandrapuram	Chandrapuram	GND	0	1516	0	0	0	0	0	0	0
LK-4130145	Sarasalai South	Sarasalai South	GND	0	1396	0	0	0	0	0	0	0
LK-4130150	Sarasalai North	Sarasalai North	GND	0	712	0	0	0	0	0	0	0
LK-4130155	Meesalai East	Meesalai East	GND	0	1800	14	0	0	0	0	0	0
LK-4130160	Meesalai West	Meesalai West	GND	0	1816	0	0	0	0	0	0	0
LK-4130165	Ramavil	Ramavil	GND	0	1205	0	0	0	0	0	0	0
LK-4130170	Meesalai North	Meesalai North	GND	0	1559	0	0	0	0	0	0	0
LK-4130175	Allarai	Allarai	GND	0	1524	0	0	0	0	0	0	0
LK-4130180	Vellampokkady	Vellampokkady	GND	0	665	0	0	0	0	0	0	0
LK-4130185	Kachchai	Kachchai	GND	0	1497	0	0	0	0	0	0	0
LK-4130190	Palavi	Palavi	GND	0	1051	0	0	0	0	0	0	0
LK-4130195	Kodikamam North	Kodikamam North	GND	0	1448	0	0	0	0	0	0	0
LK-4130200	Kodikamam Centre	Kodikamam Centre	GND	0	1801	0	0	0	0	0	0	0
LK-4130205	Kodikamam South	Kodikamam South	GND	0	1858	0	0	0	0	0	0	0
LK-4130210	Usan	Usan	GND	0	1081	0	0	0	0	0	0	0
LK-4130215	Karampaham	Karampaham	GND	0	622	0	0	0	0	0	0	0
LK-4130220	Vidaththalpalai	Vidaththalpalai	GND	0	494	0	0	0	0	0	0	0
LK-4130225	Ketpeli	Ketpeli	GND	0	1395	0	0	0	0	0	0	0
LK-4130230	Eluthumadduval South	Eluthumadduval South	GND	0	647	0	0	0	0	0	0	0
LK-4130235	Eluthumadduval North	Eluthumadduval North	GND	0	661	0	0	0	0	0	0	0
LK-4130240	Mirusuvil North	Mirusuvil North	GND	0	1148	0	0	0	0	0	0	0
LK-4130245	Mirusuvil South	Mirusuvil South	GND	0	697	0	0	0	0	0	0	0
LK-4130250	Kudamiyan	Kudamiyan	GND	0	828	0	0	0	0	0	0	0
LK-4130255	Navatkadu	Navatkadu	GND	0	657	0	0	0	0	0	0	0
LK-4130260	Varani North	Varani North	GND	0	957	0	0	0	0	0	0	0
LK-4130265	Maaseri	Maaseri	GND	0	318	0	0	0	0	0	0	0
LK-4130270	Iddaikurichchi	Iddaikurichchi	GND	0	1048	0	0	0	0	0	0	0
LK-4130275	Karambaikkurichchi	Karampaikurichchi	GND	0	1255	0	0	0	0	0	0	0
LK-4130280	Varani-Iyattalai	Varani-lyattalai	GND	0	1110	0	0	0	0	0	0	0
LK-4130285	Thavalai-Iyattalai	Thavalai- Iyattalai	GND	0	964	0	0	0	0	0	0	0
LK-4130290	Manthuvil East	Manthuvil East	GND	0	1180	0	0	0	0	0	0	0
LK-4130295	Manthuvil West	Manthuvil West	GND	0	764	0	0	0	0	0	0	0
LK-4130300	Manthuvil North	Manthuvil North	GND	0	406	0	0	0	0	0	0	0
LK-4133	Nallur	Nallur	DSD	1737	70328	105	472	0	0	0	0	0
LK-4133005	Ariyalai South West	Ariyalai South West	GND	0	2759	0	0	0	0	0	0	0
LK-4133010	Ariyalai East	Ariyalai East	GND	0	1738	0	0	0	0	0	0	0
LK-4133015	Ariyalai North West	Ariyalai North West	GND	0	1810	0	0	0	0	0	0	0
LK-4133020	Ariyalai Center West	Ariyalai West (Centre)	GND	0	1420	0	0	0	0	0	0	0
LK-4133025	Ariyalai S. W. (East)	Ariyalai S. W.	GND	0	1173	0	0	0	0	0	0	0
LK-4133030	Ariyalai Centre North	Ariyalai Centre North	GND	0	1242	0	0	0	0	0	0	0
LK-4133035	Ariyalai Centre	Ariyalai Centre	GND	14	1740	0	0	0	0	0	0	0
LK-4133040	Ariyalai Centre South	Ariyalai Centre South	GND	0	1394	0	0	0	0	0	0	0
LK-4133045	Iyanar Kovilady	Iyanar Kovilady	GND	0	1833	0	0	0	0	0	0	0
LK-4133050	Vannarponnai N.W. (North)	Vannarpannai North	GND	0	1696	0	0	0	0	0	0	0
LK-4133055	Vannarponnai N.W. (West)	Vannarpannai N.W.	GND	0	2437	0	0	0	0	0	0	0
LK-4133060	Vannarponnai N.E. (North)	Vannarpannai N.E.	GND	49	2121	0	32	0	0	0	0	0
LK-4133065	Vannarponnai N.E. (South)	Neeraviyady	GND	0	1495	0	0	0	0	0	0	0
LK-4133070	Kantharmadam North West	Kantharmadam North West	GND	119	1866	0	46	0	0	0	0	0
LK-4133075	Kantharmadam North East	Kantharmadam North East	GND	38	2168	0	0	0	0	0	0	0
LK-4133080	Kantharmadam South West	Kantharmadam South West	GND	0	1346	0	0	0	0	0	0	0
LK-4133085	Kantharmadam South East	Kantharmadam South East	GND	0	1118	0	0	0	0	0	0	0
LK-4133090	Nallur North	Nallur North	GND	0	1636	0	0	0	0	0	0	0
LK-4133095	Nallur Rajathani	Nallur Irajathani	GND	0	607	0	0	0	0	0	0	0
LK-4133100	Nallur South	Nallur South	GND	0	1432	0	0	0	0	0	0	0
LK-4133105	Sangiliyan Thoppu	Sangiliyan Thoppu	GND	0	3675	0	0	0	0	0	0	0
LK-4133110	Thirunelvely West	Thirunelvely West	GND	239	2758	67	204	0	0	0	0	0
LK-4133115	Thirunelvely Centre South	Thirunelvely Centre South	GND	0	736	0	0	0	0	0	0	0
LK-4133120	Thirunelvely South East	Thirunelvely South East	GND	0	1160	0	0	0	0	0	0	0
LK-4133125	Thirunelvely North East	Thirunelvely North East	GND	44	1706	0	0	0	0	0	0	0
LK-4133130	Thirunelvely Centre North	Thirunelvely Centre North	GND	528	3983	26	51	0	0	0	0	0
LK-4133135	Kondavil North West	Kondavil North West	GND	0	1815	0	0	0	0	0	0	0
LK-4133140	Kondavil South West	Kondavil South West	GND	0	1708	0	0	0	0	0	0	0
LK-4133145	Kondavil Centre West	Kondavil Centre West	GND	0	1119	0	0	0	0	0	0	0
LK-4133150	Kondavil Centre East	Kondavil Centre East	GND	19	1519	0	0	0	0	0	0	0
LK-4133155	Kondavil North East	Kondavil North East	GND	97	2576	0	0	0	0	0	0	0
LK-4133160	Kondavil South East	Kondavil South East	GND	57	1753	0	0	0	0	0	0	0
LK-4133165	Kokuvil North East	Kokuvil North East	GND	23	1975	0	0	0	0	0	0	0
LK-4133170	Kokuvil East	Kokuvil East	GND	327	2895	12	120	0	0	0	0	0
LK-4133175	Kokuvil South East	Kokuvil South East	GND	153	1569	0	19	0	0	0	0	0
LK-4133180	Kokuvil North West	Kokuvil North West	GND	11	785	0	0	0	0	0	0	0
LK-4133185	Kokuvil West	Kokuvil West	GND	0	1270	0	0	0	0	0	0	0
LK-4133190	Kokuvil Centre East	Kokuvil Centre East	GND	19	1474	0	0	0	0	0	0	0
LK-4133195	Kokuvil South West	Kokuvil South West	GND	0	1370	0	0	0	0	0	0	0
LK-4133200	Kokuvil Centre West	Kokuvil Centre (West)	GND	0	1451	0	0	0	0	0	0	0
LK-4136	Jaffna	Jaffna	DSD	588	45049	58	2672	0	0	0	0	0
LK-4136005	Nedunkulam	Nedunkulam	GND	0	1956	0	0	0	0	0	0	0
LK-4136010	Columbuthurai East	Columbuthurai East	GND	22	2095	0	0	0	0	0	0	0
LK-4136015	Columbuthurai West	Columbuthurai West	GND	0	1478	0	0	0	0	0	0	0
LK-4136020	Passaiyoor East	Passaiyoor East	GND	0	955	0	0	0	0	0	0	0
LK-4136025	Passaiyoor West	Passaiyoor West	GND	0	827	18	0	0	0	0	0	0
LK-4136030	Eachchamoddai	Eachchamoddai	GND	10	2437	0	0	0	0	0	0	0
LK-4136035	Thirunagar	Thirunagar	GND	0	1075	0	0	0	0	0	0	0
LK-4136040	Reclamation East	Reclamation East	GND	0	3831	0	0	0	0	0	0	0
LK-4136045	Reclamation West	Reclamation West	GND	0	3132	0	0	0	0	0	0	0
LK-4136050	Gurunagar East	Gurunagar East	GND	0	1552	0	0	0	0	0	0	0
LK-4136055	Gurunagar West	Gurunagar West	GND	16	1317	0	0	0	0	0	0	0
LK-4136060	Small Bazaar	Small Bazaar	GND	0	738	0	0	0	0	0	0	0
LK-4136065	Jaffna Town West	Jaffna Town West	GND	118	1936	0	18	0	0	0	0	0
LK-4136070	Jaffna Town East	Jaffna Town East	GND	16	1544	0	0	0	0	0	0	0
LK-4136075	Chundikuli South	Chundikuli South	GND	20	1618	0	0	0	0	0	0	0
LK-4136080	Chundikuli North	Chundikuli North	GND	35	1425	0	0	0	0	0	0	0
LK-4136085	Maruthady	Maruthady	GND	0	1568	0	0	0	0	0	0	0
LK-4136090	Aththiyadi	Attiaddy	GND	22	1680	0	0	0	0	0	0	0
LK-4136095	Chirampiyadi	Sirambiady	GND	24	1048	0	17	0	0	0	0	0
LK-4136100	Grand Bazaar	Grand Bazaar	GND	100	855	11	45	0	0	0	0	0
LK-4136105	Fort	Fort	GND	205	2244	29	114	0	0	0	0	0
LK-4136110	Vannarpannai	Vannarpannai	GND	0	1207	0	16	0	0	0	0	0
LK-4136115	Koddady	Koddady	GND	0	1517	0	21	0	0	0	0	0
LK-4136120	Navanthurai South	Navanthurai South	GND	0	1597	0	93	0	0	0	0	0
LK-4136125	Navanthurai North	Navanthurai North	GND	0	2206	0	17	0	0	0	0	0
LK-4136130	Moor Street South	Moor Street South	GND	0	866	0	895	0	0	0	0	0
LK-4136135	Moor Street North	Moor Street North	GND	0	717	0	1388	0	0	0	0	0
LK-4136140	New Moor Street	New Moor Street	GND	0	1628	0	48	0	0	0	0	0
LK-4139	Islands South (Velanai)	Island South (Velanai)	DSD	0	16291	0	237	0	0	0	0	0
LK-4139005	Mandaitivu East	Mandaitivu East	GND	0	448	0	0	0	0	0	0	0
LK-4139010	Mandaitivu West	Mandaitivu West	GND	0	310	0	0	0	0	0	0	0
LK-4139015	Mandaitivu South	Mandaitivu South	GND	0	834	0	0	0	0	0	0	0
LK-4139020	Allaipiddy	Allaipiddy	GND	0	2185	0	0	0	0	0	0	0
LK-4139025	Mankumpan	Mankumban	GND	0	520	0	109	0	0	0	0	0
LK-4139030	Velanai North	Velanai North	GND	0	364	0	0	0	0	0	0	0
LK-4139035	Velanai North East	Velanai North East	GND	0	403	0	0	0	0	0	0	0
LK-4139040	Velanai East	Velanai East	GND	0	1048	0	0	0	0	0	0	0
LK-4139045	Velanai South East	Velanai South East	GND	0	303	0	0	0	0	0	0	0
LK-4139050	Velanai East Centre	Velanai East Centre	GND	0	481	0	0	0	0	0	0	0
LK-4139055	Velanai South	Velanai South	GND	0	1129	0	0	0	0	0	0	0
LK-4139060	Velanai West Centre	Velanai West Centre	GND	0	355	0	0	0	0	0	0	0
LK-4139065	Velanai West	Velanai West	GND	0	937	0	0	0	0	0	0	0
LK-4139070	Saravanai East	Saravanai East	GND	0	327	0	0	0	0	0	0	0
LK-4139075	Saravanai West	Saravanai West	GND	0	583	0	0	0	0	0	0	0
LK-4139080	Pungudutivu North East	Pungudutivu North East	GND	0	88	0	0	0	0	0	0	0
LK-4139085	Pungudutivu East	Pungudutivu East	GND	0	289	0	0	0	0	0	0	0
LK-4139090	Pungudutivu South East	Pungudutivu South East	GND	0	48	0	0	0	0	0	0	0
LK-4139095	Pungudutivu East South	Pungudutivu East South	GND	0	302	0	0	0	0	0	0	0
LK-4139100	Pungudutivu South	Pungudutivu South	GND	0	978	0	0	0	0	0	0	0
LK-4139105	Pungudutivu North	Pungudutivu North	GND	0	318	0	0	0	0	0	0	0
LK-4139110	Pungudutivu Centre North	Pungudutivu Centre North	GND	0	560	0	0	0	0	0	0	0
LK-4139115	Pungudutivu South West	Pungudutivu South West	GND	0	227	0	0	0	0	0	0	0
LK-4139120	Pungudutivu Centre West	Pungudutivu Centre West	GND	0	237	0	0	0	0	0	0	0
LK-4139125	Pungudutivu Centre East	Pungudutivu Centre East	GND	0	219	0	0	0	0	0	0	0
LK-4139130	Pungudutivu North West	Pungudutivu North West	GND	0	175	0	0	0	0	0	0	0
LK-4139135	Pungudutivu West	Pungudutivu West	GND	0	428	0	0	0	0	0	0	0
LK-4139140	Nainativu North	Nainativu North	GND	0	859	0	0	0	0	0	0	0
LK-4139145	Nainativu Centre	Nainativu Centre	GND	0	521	0	0	0	0	0	0	0
LK-4139150	Nainativu South	Nainativu South	GND	0	815	0	128	0	0	0	0	0
LK-4142	Delft	Delft	DSD	0	3153	0	0	0	0	0	0	0
LK-4142005	Delft West	Delft West	GND	0	435	0	0	0	0	0	0	0
LK-4142010	Delft South	Delft South	GND	0	279	0	0	0	0	0	0	0
LK-4142015	Delft Centre West	Delft Centre West	GND	0	768	0	0	0	0	0	0	0
LK-4142020	Delft Centre	Delft Centre	GND	0	604	0	0	0	0	0	0	0
LK-4142025	Delft Centre East	Delft Centre East	GND	0	535	0	0	0	0	0	0	0
LK-4142030	Delft East	Delft East	GND	0	532	0	0	0	0	0	0	0
LK-42	Mannar	Mannar	DISTRICT	501	89975	150	32681	0	0	0	0	0
LK-4203	Mannar Town	Mannar Town	DSD	195	43056	36	14307	0	0	0	0	0
LK-4203005	Talaimannar North	Talaimannar North	GND	0	1128	0	0	0	0	0	0	0
LK-4203010	Thalaimannar Pier West	Talaimannar Pier West	GND	0	23	0	19	0	0	0	0	0
LK-4203015	Thalaimannar Pier East	Talaimannar Pier East	GND	0	952	0	1296	0	0	0	0	0
LK-4203020	Thalaimannar	Talaimannar	GND	0	727	0	0	0	0	0	0	0
LK-4203025	Talaimannar South	Talaimannar South	GND	12	543	10	0	0	0	0	0	0
LK-4203030	Kaddukarankudiyiruppu	Kaddukarankudiyiruppu	GND	15	372	16	0	0	0	0	0	0
LK-4203035	Thullukudiyiruppu	Thullukudiyiruppu	GND	12	841	0	11	0	0	0	0	0
LK-4203040	Pesalai South	Pesalai South	GND	0	3134	0	0	0	0	0	0	0
LK-4203045	Pesalai North	Pesalai North	GND	15	1163	0	0	0	0	0	0	0
LK-4203050	Pesalai West	Pesalai West	GND	0	919	0	0	0	0	0	0	0
LK-4203055	Siruthoppu	Siruthoppu	GND	0	1806	0	103	0	0	0	0	0
LK-4203060	Periyakarisal	Periyakarisal	GND	0	102	0	1509	0	0	0	0	0
LK-4203065	Olaithoduwai	Olaithoduwai	GND	0	627	0	0	0	0	0	0	0
LK-4203070	Puthukudiyiruppu	Puthukudiyiruppu	GND	0	12	0	2484	0	0	0	0	0
LK-4203075	Erukkalampiddy West	Erukkalampiddy West	GND	0	119	0	1275	0	0	0	0	0
LK-4203080	Erukkalampiddy North	Erukkalampiddy North	GND	0	0	0	686	0	0	0	0	0
LK-4203085	Erukkalampiddy East	Erukkalampiddy East	GND	0	223	10	1330	0	0	0	0	0
LK-4203090	Erukkalampiddy South	Erukkalampiddy South	GND	0	0	0	596	0	0	0	0	0
LK-4203095	Erukkalampiddy Centre	Erukkalampiddy Centre	GND	0	0	0	417	0	0	0	0	0
LK-4203100	Pallimunai East	Pallimunai East	GND	0	1675	0	0	0	0	0	0	0
LK-4203105	Moor Street	Moor Street	GND	21	1805	0	717	0	0	0	0	0
LK-4203110	Emilnagar	Emil Nagar	GND	0	2932	0	0	0	0	0	0	0
LK-4203115	Tharapuram East	Tharapuram East	GND	0	84	0	1235	0	0	0	0	0
LK-4203120	Tharapuram West	Tharapuram West	GND	0	80	0	1167	0	0	0	0	0
LK-4203125	Thoddaveli	Thoddaveli	GND	0	1703	0	72	0	0	0	0	0
LK-4203130	Thalvupadu	Thalvupadu	GND	13	2232	0	0	0	0	0	0	0
LK-4203135	Pattithoddam	Pattithoddam	GND	0	1286	0	0	0	0	0	0	0
LK-4203140	Eluthur	Eluthur	GND	12	3665	0	0	0	0	0	0	0
LK-4203145	Southbar	South Bar	GND	29	1706	0	0	0	0	0	0	0
LK-4203150	Savatkaddu	Savatkaddu	GND	19	1693	0	0	0	0	0	0	0
LK-4203155	Sinnakadai	Sinnakadai	GND	0	1063	0	47	0	0	0	0	0
LK-4203160	Uppukulam North	Uppukkulam North	GND	0	1107	0	415	0	0	0	0	0
LK-4203165	Pallimunai West	Pallimunai West	GND	24	1398	0	11	0	0	0	0	0
LK-4203170	Uppukulam South	Uppukkulam South	GND	13	683	0	667	0	0	0	0	0
LK-4203175	Periyakadai	Periyakadai	GND	10	460	0	86	0	0	0	0	0
LK-4203180	Pettah	Pettah	GND	0	504	0	17	0	0	0	0	0
LK-4203185	Panankaddikoddu West	Panankaddukoddu West	GND	0	1370	0	0	0	0	0	0	0
LK-4203190	Panankaddikoddu East	Panankaddukoddu East	GND	0	611	0	0	0	0	0	0	0
LK-4203195	Periyanavatkulam	Periyanavatkulam	GND	0	53	0	0	0	0	0	0	0
LK-4203200	Thiruketheeswaram	Thiruketheeswaram	GND	0	689	0	0	0	0	0	0	0
LK-4203205	Nagathalvu	Nagathalvu	GND	0	241	0	0	0	0	0	0	0
LK-4203210	Neelasenai	Neelasenai	GND	0	185	0	0	0	0	0	0	0
LK-4203215	Mathoddam	Mathoddam	GND	0	267	0	70	0	0	0	0	0
LK-4203220	Kallikattaikadu	Kallikaddaikkadu	GND	0	335	0	0	0	0	0	0	0
LK-4203225	Vannamottai	Vannamoddai	GND	0	44	0	77	0	0	0	0	0
LK-4203230	Uyilankulam	Uyilankulam	GND	0	463	0	0	0	0	0	0	0
LK-4203235	Puthukkamam	Puthukkamam	GND	0	916	0	0	0	0	0	0	0
LK-4203240	Uyirtharasankulam	Uyirtharasankulam	GND	0	328	0	0	0	0	0	0	0
LK-4203245	Parappankandal	Parappankandal	GND	0	787	0	0	0	0	0	0	0
LK-4206	Manthai West	Manthai West	DSD	11	16317	10	2280	0	0	0	0	0
LK-4206005	Thevanpiddy	Thevanpiddy	GND	0	1061	0	0	0	0	0	0	0
LK-4206010	Vellankulam	Vellankulam	GND	0	756	0	0	0	0	0	0	0
LK-4206015	Paliaru	Pali Aru	GND	0	1392	0	0	0	0	0	0	0
LK-4206020	Anthoniyarpuram	Anthoniyarpuram	GND	0	812	0	0	0	0	0	0	0
LK-4206025	Illupaikadavai	Illupaikadavai	GND	0	726	0	0	0	0	0	0	0
LK-4206030	Kalliyadi	Kalliyadi	GND	0	314	0	0	0	0	0	0	0
LK-4206035	Aththimoddai	Aththimoddai	GND	0	85	0	0	0	0	0	0	0
LK-4206040	Koorai	Koorai	GND	0	261	0	0	0	0	0	0	0
LK-4206045	Periyamadhu East	Periyamadhu East	GND	0	47	0	351	0	0	0	0	0
LK-4206050	Periyamadhu West	Periyamadhu West	GND	0	18	0	335	0	0	0	0	0
LK-4206055	Kayanagar	Kayanagar	GND	0	519	10	190	0	0	0	0	0
LK-4206060	Pallamadhu	Pallamadhu	GND	0	582	0	60	0	0	0	0	0
LK-4206065	Kovilkulam	Kovilkulam	GND	0	307	0	0	0	0	0	0	0
LK-4206070	Vidathaltheevu North	Vidathaltheevu North	GND	0	324	0	0	0	0	0	0	0
LK-4206075	Vidathaltheevu West	Vidathaltheevu West	GND	0	567	0	0	0	0	0	0	0
LK-4206080	Vidathaltheevu Central	Vidathaltheevu Central	GND	0	11	0	17	0	0	0	0	0
LK-4206085	Vidathaltheevu East	Vidathaltheevu East	GND	0	269	0	160	0	0	0	0	0
LK-4206090	Pappamoddai	Pappamoddai	GND	0	394	0	22	0	0	0	0	0
LK-4206095	Parappukadanthan West	Parappukadanthan West	GND	0	232	0	0	0	0	0	0	0
LK-4206100	Parappukadanthan East	Parappukadanthan East	GND	0	131	0	0	0	0	0	0	0
LK-4206105	Kannady	Kannady	GND	0	496	0	123	0	0	0	0	0
LK-4206110	Minnukkan	Minukkan	GND	0	114	0	217	0	0	0	0	0
LK-4206115	Maligaithidal	Maligaithidal	GND	0	487	0	0	0	0	0	0	0
LK-4206120	Veddayarmurrippu	Veddayarmurrippu	GND	0	404	0	0	0	0	0	0	0
LK-4206125	Adampan	Adampan	GND	0	486	0	12	0	0	0	0	0
LK-4206130	Nedunkandal	Nedunkandal	GND	0	404	0	16	0	0	0	0	0
LK-4206135	Karunkandal Vannakulam	Karunkandal Vannakulam	GND	0	427	0	0	0	0	0	0	0
LK-4206140	Alkaddiveli	Alkaddiveli	GND	0	661	0	0	0	0	0	0	0
LK-4206145	Andankulam	Andankulam	GND	0	263	0	33	0	0	0	0	0
LK-4206150	Karunkandal	Karunkandal	GND	0	420	0	0	0	0	0	0	0
LK-4206155	Sornapuri	Sornapuri	GND	0	347	0	536	0	0	0	0	0
LK-4206160	Palikuli	Palikuli	GND	0	550	0	0	0	0	0	0	0
LK-4206165	Kaththankulam	Kaththankulam	GND	0	653	0	0	0	0	0	0	0
LK-4206170	Vaddakandal	Vaddakandal	GND	0	510	0	190	0	0	0	0	0
LK-4206175	Palaiyadiputhukulam	Palaiyadiputhukulam	GND	0	364	0	0	0	0	0	0	0
LK-4206180	Palaiperumalkaddu	Palaiperumalkaddu	GND	11	923	0	18	0	0	0	0	0
LK-4209	Madhu	Madhu	DSD	89	8142	0	1192	0	0	0	0	0
LK-4209005	Palampiddy	Palampiddy	GND	0	819	0	0	0	0	0	0	0
LK-4209010	Keerisuddan	Keerisuddan	GND	0	117	0	0	0	0	0	0	0
LK-4209015	Parasankulam	Parasankulam	GND	0	542	0	0	0	0	0	0	0
LK-4209020	Vilathikulam	Vilathikulam	GND	0	268	0	0	0	0	0	0	0
LK-4209025	Kakkayankulam East	Kakkayankulam East	GND	0	0	0	456	0	0	0	0	0
LK-4209030	Kalmadu	Kalmadu	GND	0	486	0	0	0	0	0	0	0
LK-4209035	Kakkayankulam West	Kakkayankulam West	GND	0	0	0	596	0	0	0	0	0
LK-4209040	Iranailluppaikulam	Iranai Illuppaikulam	GND	0	1007	0	140	0	0	0	0	0
LK-4209045	Periya-Pandivirichchan East	Periya-Pandivirichchan East	GND	0	702	0	0	0	0	0	0	0
LK-4209050	Periya-Pandivirichchan West	Periya-Pandivirichchan West	GND	0	620	0	0	0	0	0	0	0
LK-4209055	Madhu	Madhu	GND	0	495	0	0	0	0	0	0	0
LK-4209060	Maluvarayarkaddayadampan	Maluvarayarkaddayadampan	GND	0	829	0	0	0	0	0	0	0
LK-4209065	Poomalarnthan	Poomalarnthan	GND	89	1015	0	0	0	0	0	0	0
LK-4209070	Thekkam	Thekkam	GND	0	92	0	0	0	0	0	0	0
LK-4209075	Pannavedduvan	Pannavedduvan	GND	0	261	0	0	0	0	0	0	0
LK-4209080	Periyamurippu	Periyamurippu	GND	0	302	0	0	0	0	0	0	0
LK-4209085	Mathakiramam	Matha Kiramam	GND	0	587	0	0	0	0	0	0	0
LK-4212	Nanaddan	Nanattan	DSD	107	18018	104	1365	0	0	0	0	0
LK-4212005	Vankalai North	Vankalai North	GND	0	604	0	0	0	0	0	0	0
LK-4212010	Vankalai West	Vankalai West	GND	0	477	0	0	0	0	0	0	0
LK-4212015	Vankalai East	Vankalai East	GND	0	2048	0	0	0	0	0	0	0
LK-4212020	Thomaspuri	Thomaspuri	GND	0	1166	0	0	0	0	0	0	0
LK-4212025	Naruvilikkulam	Naruvilikkulam	GND	0	996	0	0	0	0	0	0	0
LK-4212030	Vanchiyankulam	Vanchiyankulam	GND	0	437	0	0	0	0	0	0	0
LK-4212035	Ilahadipiddy	Ilahadipiddy	GND	0	473	0	0	0	0	0	0	0
LK-4212040	Ilanthaimoddai	Ilanthamoddai	GND	0	158	0	108	0	0	0	0	0
LK-4212045	Periyakaddaikadu	Periyakaddaikadu	GND	0	520	0	0	0	0	0	0	0
LK-4212050	Aththikkuli	Aththikkuly	GND	16	387	0	0	0	0	0	0	0
LK-4212055	Kanchithalvu	Kanchithalvu	GND	0	73	0	0	0	0	0	0	0
LK-4212060	Chemmantheevu	Chemmantivu	GND	11	602	0	13	0	0	0	0	0
LK-4212065	Murunkan	Murunkan	GND	14	1058	0	0	0	0	0	0	0
LK-4212070	Cheddiyar Mahankaddai Adampan	Cheddiyar Mahan kaddaiadampan	GND	0	254	48	0	0	0	0	0	0
LK-4212075	Iraddaikkulam	Iraddaikkulam	GND	66	100	17	0	0	0	0	0	0
LK-4212080	Chundikkuli	Chundikkuli	GND	0	319	0	0	0	0	0	0	0
LK-4212085	Puthirarkandan	Puttirarkandan	GND	0	399	0	0	0	0	0	0	0
LK-4212090	Razoolputhuveli	Razoolputhuveli	GND	0	41	0	452	0	0	0	0	0
LK-4212095	Nanattan	Nannattan	GND	0	320	0	0	0	0	0	0	0
LK-4212100	Umanagari	Umanagari	GND	0	429	0	0	0	0	0	0	0
LK-4212105	Achchankulam	Achchankulam	GND	0	524	39	460	0	0	0	0	0
LK-4212110	Moddaikadai	Moddaikadai	GND	0	395	0	0	0	0	0	0	0
LK-4212115	Rasamadhu	Rasamadhu	GND	0	637	0	0	0	0	0	0	0
LK-4212120	Pallankoddai	Pallankoddai	GND	0	550	0	0	0	0	0	0	0
LK-4212125	Valkkaipettankandal	Valkaipattankandal	GND	0	1621	0	56	0	0	0	0	0
LK-4212130	Pontheevukandal	Pontheevukandal	GND	0	309	0	276	0	0	0	0	0
LK-4212135	Kalimoddai Puliyankulam	Kalimoddai Puliyankulam	GND	0	357	0	0	0	0	0	0	0
LK-4212140	Parikarikandal	Pariharikandal	GND	0	906	0	0	0	0	0	0	0
LK-4212145	Sirukkandal	Sirukkandal	GND	0	603	0	0	0	0	0	0	0
LK-4212150	Katkidanthakulam	Katkidanthakulam	GND	0	961	0	0	0	0	0	0	0
LK-4212155	Issaimalaithalvu	Issaimalaithalvu	GND	0	294	0	0	0	0	0	0	0
LK-4215	Musali	Musali	DSD	99	4442	0	13537	0	0	0	0	0
LK-4215005	Arippu West	Arippu West	GND	0	1206	0	0	0	0	0	0	0
LK-4215010	Arippu East	Arippu East	GND	0	848	0	0	0	0	0	0	0
LK-4215015	Methanveli	Methanveli	GND	0	0	0	308	0	0	0	0	0
LK-4215020	Poonochchikulam	Poonochchikulam	GND	0	0	0	466	0	0	0	0	0
LK-4215025	Pandaraveli	Pandaraveli	GND	0	0	0	1053	0	0	0	0	0
LK-4215030	Sinnapullachchi Potkerni	Sinnapullachchi Potkerni	GND	0	182	0	797	0	0	0	0	0
LK-4215035	Periyapullachchi Potkerni	Periyapullachchi Potkerni	GND	0	0	0	958	0	0	0	0	0
LK-4215040	Veppankulam	Veppankulam	GND	0	0	0	1258	0	0	0	0	0
LK-4215045	Marudhamadu	Maruthamadhu	GND	0	310	0	741	0	0	0	0	0
LK-4215050	Ahathimurippu	Ahathimurippu	GND	0	0	0	1004	0	0	0	0	0
LK-4215055	Puthuveli	Puthuveli	GND	0	0	0	488	0	0	0	0	0
LK-4215060	Saveriyarpuram	Severiyarpuram	GND	0	601	0	262	0	0	0	0	0
LK-4215065	Chilavathurai	Chilavathurai	GND	0	52	0	1059	0	0	0	0	0
LK-4215070	Koolankulam	Kollankulam	GND	0	0	0	1172	0	0	0	0	0
LK-4215075	Kondachchi	Kondachchi	GND	60	403	0	1181	0	0	0	0	0
LK-4215080	Kokkupadayan	Kokkupadayan	GND	0	518	0	0	0	0	0	0	0
LK-4215085	Palaikuli	Palaikuli	GND	0	0	0	1491	0	0	0	0	0
LK-4215090	Karadikkuli	Karadikkuli	GND	0	0	0	825	0	0	0	0	0
LK-4215095	Mullikulam	Mullikkulam	GND	39	322	0	0	0	0	0	0	0
LK-4215100	Marichchukkaddi	Marichchukaddy	GND	0	0	0	474	0	0	0	0	0
LK-43	Vavuniya	Vavuniya	DISTRICT	18431	135108	1539	16566	11	0	0	0	0
LK-4303	Vavuniya North	Vavuniya North	DSD	1145	13309	172	0	0	0	0	0	0
LK-4303005	Unchalkaddy	Unchalkaddy	GND	0	0	70	0	0	0	0	0	0
LK-4303010	Vedivaithakallu	Vedivaithakallu	GND	1145	30	0	0	0	0	0	0	0
LK-4303015	Maruthoddai	Maruthoddai	GND	0	258	0	0	0	0	0	0	0
LK-4303020	Paddikudiyiruppu	Paddikudiyiruppu	GND	0	335	0	0	0	0	0	0	0
LK-4303025	Katkulam	Katkulam	GND	0	575	0	0	0	0	0	0	0
LK-4303030	Nedunkerny South	Nedunkerny South	GND	0	900	0	0	0	0	0	0	0
LK-4303035	Nedunkerny North	Nedunkerny North	GND	0	568	0	0	0	0	0	0	0
LK-4303040	Olumadu	Olumadu	GND	0	1174	0	0	0	0	0	0	0
LK-4303045	Mamadu	Mamadu	GND	0	742	0	0	0	0	0	0	0
LK-4303050	Kulavisuddan	Kulavisuddan	GND	0	538	0	0	0	0	0	0	0
LK-4303055	Marailuppai	Marailuppai	GND	0	549	0	0	0	0	0	0	0
LK-4303060	Paranthan	Paranthan	GND	0	744	0	0	0	0	0	0	0
LK-4303065	Anandar Pulliyankulam	Anandar Pulliyankulam	GND	0	296	0	0	0	0	0	0	0
LK-4303070	Sinnadampan	Sinnadampan	GND	0	751	0	0	0	0	0	0	0
LK-4303075	Nainamadu	Nainamadu	GND	0	799	0	0	0	0	0	0	0
LK-4303080	Puliyankulam South	Puliyankulam South	GND	0	1019	0	0	0	0	0	0	0
LK-4303085	Puliyankulam North	Puliyankulam North	GND	0	1235	0	0	0	0	0	0	0
LK-4303090	Kanagarayankulam South	Kanagarayankulam South	GND	0	1208	102	0	0	0	0	0	0
LK-4303095	Kanagarayankulam North	Kanagarayankulam North	GND	0	889	0	0	0	0	0	0	0
LK-4303100	Mannakulam	Mannakulam	GND	0	699	0	0	0	0	0	0	0
LK-4306	Vavuniya South	Vavuniya South	DSD	13968	581	0	0	0	0	0	0	0
LK-4306005	Periya Ulukkulama	Periya Ulukkulama	GND	902	0	0	0	0	0	0	0	0
LK-4306010	Poomaduwa	Poomaduwa	GND	48	0	0	0	0	0	0	0	0
LK-4306015	Rankethgama	Rankethgama	GND	134	53	0	0	0	0	0	0	0
LK-4306020	Maradanmaduwa	Maradanmaduwa	GND	832	0	0	0	0	0	0	0	0
LK-4306025	Pavakkulam South Bank, Track 07	Pavakkulam South Bank, Track 07	GND	166	0	0	0	0	0	0	0	0
LK-4306030	Awaranthulawa	Awaranthulawa	GND	293	14	0	0	0	0	0	0	0
LK-4306035	Acres 20,40,60	Acres 20,40,60	GND	414	0	0	0	0	0	0	0	0
LK-4306040	Acres 400	Acres 400	GND	1011	0	0	0	0	0	0	0	0
LK-4306045	Madukanda	Madukanda	GND	1118	42	0	0	0	0	0	0	0
LK-4306050	Eramperiyakulama	Eramperiyakulama	GND	1006	12	0	0	0	0	0	0	0
LK-4306055	Alagalla	Alagalla	GND	600	0	0	0	0	0	0	0	0
LK-4306060	Avusathapitiya	Avusathapitiya	GND	1246	28	0	0	0	0	0	0	0
LK-4306065	Kalukunnammaduwa	Kalukunnammaduwa	GND	927	0	0	0	0	0	0	0	0
LK-4306070	Nedunkulam	Nedunkulam	GND	879	18	0	0	0	0	0	0	0
LK-4306075	Mahamylankulama	Mahamylankulama	GND	997	0	0	0	0	0	0	0	0
LK-4306080	Mamaduwa	Mamaduwa	GND	616	0	0	0	0	0	0	0	0
LK-4306085	Mahakachchakodiya	Mahakachchikodiya	GND	859	0	0	0	0	0	0	0	0
LK-4306090	Pudubulankulama	Pudubulankulama	GND	835	0	0	0	0	0	0	0	0
LK-4306095	Pirappanmaduwa	Pirappanmaduwa	GND	632	0	0	0	0	0	0	0	0
LK-4306100	Agbopura	Agbopura	GND	453	414	0	0	0	0	0	0	0
LK-4309	Vavuniya	Vavuniya	DSD	3283	104297	1154	8055	11	0	0	0	0
LK-4309005	Palamoddai	Palamoddai	GND	0	1066	0	0	0	0	0	0	0
LK-4309010	Maruthamadhu	Maruthamadhu	GND	0	686	0	0	0	0	0	0	0
LK-4309015	Panrikkeithakulam	Panrikkeithakulam	GND	0	688	0	0	0	0	0	0	0
LK-4309020	Arumugathanputhukulam	Arumuhathanputhukulam	GND	0	435	0	0	0	0	0	0	0
LK-4309025	Semamadhu	Semamadhu	GND	0	324	0	0	0	0	0	0	0
LK-4309030	Maligai	Maligai	GND	0	331	0	0	0	0	0	0	0
LK-4309035	Mahilankulam	Mahilankulam	GND	0	922	0	0	0	0	0	0	0
LK-4309040	Maruthankulam	Maruthankulam	GND	0	829	0	0	0	0	0	0	0
LK-4309045	Ilamaruthankulam	Ilamaruthankulam	GND	0	265	0	0	0	0	0	0	0
LK-4309050	Kallikulam	Kallikulam	GND	1223	942	54	0	0	0	0	0	0
LK-4309055	Nochchimoddai	Nochchimoddai	GND	23	1488	0	0	0	0	0	0	0
LK-4309060	Paranaddakal	Paranaddakal	GND	0	852	0	0	0	0	0	0	0
LK-4309065	Puthukkulam	Puthukkulam	GND	0	711	0	0	0	0	0	0	0
LK-4309070	Marukkarampalai	Marekkarampalai	GND	14	4780	31	0	0	0	0	0	0
LK-4309075	Thandikulam	Thandikulam	GND	0	3598	0	0	0	0	0	0	0
LK-4309080	Maharambaikulam	Maharambaikulam	GND	15	5719	18	711	0	0	0	0	0
LK-4309085	Kaththarsinnakulam	Katharsinnakulam	GND	45	4105	0	33	0	0	0	0	0
LK-4309090	Nelukkulam	Nelukkulam	GND	24	5137	0	13	0	0	0	0	0
LK-4309095	Pattanichchoor Puliyankulam	Pattanichchi puliyankulam	GND	17	3378	23	3158	0	0	0	0	0
LK-4309100	Vavuniya Town	Vavuniya Town	GND	170	2188	12	84	0	0	0	0	0
LK-4309105	Omanthai	Omanthai	GND	0	1319	59	0	0	0	0	0	0
LK-4309110	Salambaikkulam	Salambaikkulam	GND	571	552	19	2406	11	0	0	0	0
LK-4309115	Sasthrikoolankulam	Sasthirikoolankulam	GND	0	2943	249	0	0	0	0	0	0
LK-4309120	Echchankulam	Echchankulam	GND	0	4902	0	0	0	0	0	0	0
LK-4309125	Kalmadu	Kalmadu	GND	0	2018	0	0	0	0	0	0	0
LK-4309130	Poovarasankulam	Poovarasankulam	GND	38	2030	17	26	0	0	0	0	0
LK-4309135	Sekkadipulavu	Sekkadipulavu	GND	10	1904	0	1383	0	0	0	0	0
LK-4309140	Pampaimadu	Pampaimadu	GND	77	2360	25	21	0	0	0	0	0
LK-4309145	Rejendrankulam	Rajendrankulam	GND	16	2750	14	0	0	0	0	0	0
LK-4309150	Koomankulam	Koomankulam	GND	10	4433	44	0	0	0	0	0	0
LK-4309155	Kovilkulam	Kovilkulam	GND	0	1785	330	0	0	0	0	0	0
LK-4309160	Velikulam	Velikulam	GND	30	2221	0	0	0	0	0	0	0
LK-4309165	Moonrumurippu	Moonrumurippu	GND	309	1368	23	0	0	0	0	0	0
LK-4309170	Kandapuram	Kandapuram	GND	0	3536	48	0	0	0	0	0	0
LK-4309175	Thonikal	Thonikal	GND	393	6442	24	10	0	0	0	0	0
LK-4309180	Samalankulam	Samalankulam	GND	21	3459	0	0	0	0	0	0	0
LK-4309185	Asikulam	Asikulam	GND	19	5535	97	11	0	0	0	0	0
LK-4309190	Rambaikulam	Rambaikulam	GND	43	2872	0	31	0	0	0	0	0
LK-4309195	Vairavapuliyankulam	Vairavapuliyankulam	GND	44	3821	16	12	0	0	0	0	0
LK-4309200	Pandarikulam	Pandarikkulam	GND	11	5057	14	0	0	0	0	0	0
LK-4309205	Vavuniya Town North	Vavuniya Town North	GND	160	3643	37	156	0	0	0	0	0
LK-4309210	Velankulam	Velankulam	GND	0	903	0	0	0	0	0	0	0
LK-4312	Vengalacheddikulam	Vengalacheddikulam	DSD	35	16921	213	8511	0	0	0	0	0
LK-4312005	Andiyapuliyankulam	Andiyapuliyankulam	GND	11	2579	0	2016	0	0	0	0	0
LK-4312010	Periyathampanai	Periyathampanai	GND	0	305	0	0	0	0	0	0	0
LK-4312015	Periyakaddu	Periyakaddu	GND	0	751	0	0	0	0	0	0	0
LK-4312020	Kannaddy	Kannaddy	GND	0	242	0	0	0	0	0	0	0
LK-4312025	Piramanalankulam	Piramanalankulam	GND	0	655	0	0	0	0	0	0	0
LK-4312030	Sooduventhapulavu	Sooduventhapulavu	GND	0	793	0	2259	0	0	0	0	0
LK-4312035	Kurukkalputhukkulam	Kurukkalputhukkulam	GND	0	1096	0	0	0	0	0	0	0
LK-4312040	Kanthasamy Nagar	Kanthasamy Nagar	GND	0	788	213	0	0	0	0	0	0
LK-4312045	Unit 5 & 6. Pavatkulam	Unit 5 & 6 Pavatkulam	GND	0	786	0	0	0	0	0	0	0
LK-4312050	Unit 4. Pavatkulam	Unit 4 Pavatkulam	GND	0	641	0	0	0	0	0	0	0
LK-4312055	Unit 2. Pavatkulam	Unit 2 Pavatkulam	GND	0	33	0	1503	0	0	0	0	0
LK-4312060	Muthaliyarkulam	Muthaliyarkulam	GND	0	1359	0	247	0	0	0	0	0
LK-4312065	Sinnasippikulam	Sinnasippikulam	GND	12	0	0	2472	0	0	0	0	0
LK-4312070	Neriyakulam	Neriyakulam	GND	12	2017	0	0	0	0	0	0	0
LK-4312075	Periyapuliyalankulam	Periyapuliyalankulam	GND	0	2038	0	0	0	0	0	0	0
LK-4312080	Cheddikulam	Cheddikulam	GND	0	632	0	0	0	0	0	0	0
LK-4312085	Mugaththankulam	Mugaththankulam	GND	0	753	0	0	0	0	0	0	0
LK-4312090	Unit 9 & 10. Pavatkulam	Unit 9 & 10 Pavatkulam	GND	0	367	0	0	0	0	0	0	0
LK-4312095	Kristhavakulam	Kiristhavakulam	GND	0	347	0	0	0	0	0	0	0
LK-4312100	Kangankulam	Kangankulam	GND	0	739	0	14	0	0	0	0	0
LK-44	Mullaitivu	Mullaitivu	DISTRICT	10970	108066	137	3024	0	0	0	0	0
LK-4403	Thunukkai	Thunukkai	DSD	30	10318	0	19	0	0	0	0	0
LK-4403005	Alankulam	Alankulam	GND	0	442	0	0	0	0	0	0	0
LK-4403010	Amaithipuram	Amaithipuram	GND	0	433	0	0	0	0	0	0	0
LK-4403015	Ambalaperumalkulam	Ambalaperumalkulam	GND	0	262	0	0	0	0	0	0	0
LK-4403020	Aninchiyankulam	Aninchiyankulam	GND	30	1755	0	19	0	0	0	0	0
LK-4403025	Barathinagar	Barathinagar	GND	0	481	0	0	0	0	0	0	0
LK-4403030	Iyankankulam	Iyankankulam	GND	0	615	0	0	0	0	0	0	0
LK-4403035	Kalvilan	Kalvilan	GND	0	493	0	0	0	0	0	0	0
LK-4403040	Koddaikaddiyakulam	Koddaikaddiyakulam	GND	0	366	0	0	0	0	0	0	0
LK-4403045	Mallavi	Mallavi	GND	0	1028	0	0	0	0	0	0	0
LK-4403050	Palayamurikandy	Palayamurikandy	GND	0	97	0	0	0	0	0	0	0
LK-4403055	Pugalenthinagar	Pugalenthinagar	GND	0	358	0	0	0	0	0	0	0
LK-4403060	Puththuvedduvan	Puththuvedduvan	GND	0	208	0	0	0	0	0	0	0
LK-4403065	Thenniyankulam	Thenniyankulam	GND	0	380	0	0	0	0	0	0	0
LK-4403070	Therankandal	Therankandal	GND	0	914	0	0	0	0	0	0	0
LK-4403075	Thirunagar	Thirunagar	GND	0	421	0	0	0	0	0	0	0
LK-4403080	Thunukkai	Thunukkai	GND	0	548	0	0	0	0	0	0	0
LK-4403085	Uyilankulam	Uyilankulam	GND	0	309	0	0	0	0	0	0	0
LK-4403090	Yogapuram Centre	Yogapuram Centre	GND	0	524	0	0	0	0	0	0	0
LK-4403095	Yogapuram East	Yogapuram East	GND	0	346	0	0	0	0	0	0	0
LK-4403100	Yogapuram West	Yogapuram West	GND	0	338	0	0	0	0	0	0	0
LK-4406	Manthai East	Manthai East	DSD	26	7534	51	0	0	0	0	0	0
LK-4406005	Ampalpuram	Ampalpuram	GND	13	809	0	0	0	0	0	0	0
LK-4406010	Karumpulliyan	Karumpulliyan	GND	13	468	0	0	0	0	0	0	0
LK-4406015	Kollavilankulam	Kollavilankulam	GND	0	517	0	0	0	0	0	0	0
LK-4406020	Moonrumurippu	Moonrumurippu	GND	0	592	0	0	0	0	0	0	0
LK-4406025	Naddankandal	Naddankandal	GND	0	397	0	0	0	0	0	0	0
LK-4406030	Oddaruththakulam	Oddaruththakulam	GND	0	621	40	0	0	0	0	0	0
LK-4406035	Palinagar	Palinagar	GND	0	1061	0	0	0	0	0	0	0
LK-4406040	Pandiyankulam	Pandiyankulam	GND	0	834	0	0	0	0	0	0	0
LK-4406045	Ponnagar/Kuttymulai	Ponnagar/Kuttymulai	GND	0	118	0	0	0	0	0	0	0
LK-4406050	Poovarasankulam	Poovarasankulam	GND	0	415	0	0	0	0	0	0	0
LK-4406055	Selvapuram	Selvapuram	GND	0	642	0	0	0	0	0	0	0
LK-4406060	Siraddikulam	Siraddikulam	GND	0	177	0	0	0	0	0	0	0
LK-4406065	Sivapuram	Sivapuram	GND	0	147	0	0	0	0	0	0	0
LK-4406070	Vannivilankulam	Vannivilankulam	GND	0	394	11	0	0	0	0	0	0
LK-4406075	Vinayagapuram	Vinayagapuram	GND	0	342	0	0	0	0	0	0	0
LK-4409	Puthukkudiyiruppu	Puthukkudiyiruppu	DSD	22	39340	41	29	0	0	0	0	0
LK-4409005	Anandapuram	Anandapuram	GND	0	795	0	0	0	0	0	0	0
LK-4409010	Iranaippalai	Iranaippalai	GND	0	1260	0	0	0	0	0	0	0
LK-4409015	Kombavil	Kombavil	GND	0	4243	12	0	0	0	0	0	0
LK-4409020	Mallikaithivu	Mallikaithivu	GND	22	1455	0	0	0	0	0	0	0
LK-4409025	Manikkapuram	Manikkapuram	GND	0	1196	0	0	0	0	0	0	0
LK-4409030	Mannakandal	Mannakandal	GND	0	823	0	0	0	0	0	0	0
LK-4409035	Manthuvil	Manthuvil	GND	0	1902	0	0	0	0	0	0	0
LK-4409040	Puthukudiyiruppu East	Puthukudiyiruppu East	GND	0	2479	0	0	0	0	0	0	0
LK-4409045	Puthukudiyiruppu West	Puthukudiyiruppu West	GND	0	4479	29	0	0	0	0	0	0
LK-4409050	Sivanagar	Sivanagar	GND	0	1169	0	0	0	0	0	0	0
LK-4409055	Suthanthirapuram	Suthanthirapuram	GND	0	2613	0	0	0	0	0	0	0
LK-4409060	Theravil	Theravil	GND	0	1306	0	0	0	0	0	0	0
LK-4409065	Thevipuram	Thevipuram	GND	0	3117	0	0	0	0	0	0	0
LK-4409070	Udayarkattu North	Udaiyarkaddu North	GND	0	2088	0	0	0	0	0	0	0
LK-4409075	Udayarkattu South	Udaiyarkaddu South	GND	0	3418	0	15	0	0	0	0	0
LK-4409080	Vallipunam	Vallipunam	GND	0	1773	0	0	0	0	0	0	0
LK-4409085	Valluvarpuram	Valluvarpuram	GND	0	1171	0	0	0	0	0	0	0
LK-4409090	Visuvamadu East	Visuvamadu East	GND	0	1509	0	0	0	0	0	0	0
LK-4409095	Visuvamadu West	Visuvamadu West	GND	0	2544	0	14	0	0	0	0	0
LK-4412	Oddusuddan	Oddusuddan	DSD	239	17815	0	25	0	0	0	0	0
LK-4412005	Ampakamam	Ampakamam	GND	0	347	0	0	0	0	0	0	0
LK-4412010	Ganeshapuram	Ganeshapuram	GND	0	215	0	0	0	0	0	0	0
LK-4412015	Indupuram	Indupuram	GND	109	1163	0	11	0	0	0	0	0
LK-4412020	Kanagarathinapuram	Kanagarathinapuram	GND	0	350	0	0	0	0	0	0	0
LK-4412025	Karuvelankandal	Karuvelankandal	GND	0	334	0	0	0	0	0	0	0
LK-4412030	Katchilaimadu	Katchilaimadu	GND	0	929	0	0	0	0	0	0	0
LK-4412035	Kathaliyarsamalankulam	Kathaliyarsamlankulam	GND	0	935	0	0	0	0	0	0	0
LK-4412040	Koolamurippu	koolamurippu	GND	10	457	0	0	0	0	0	0	0
LK-4412045	Manavalanpaddamurippu	Manavalanpaddamurippu	GND	0	456	0	0	0	0	0	0	0
LK-4412050	Mankulam	Mankulam	GND	25	1989	0	0	0	0	0	0	0
LK-4412055	Muththuaiyankaddukulam	Muththaiyankaddukulam	GND	0	1057	0	0	0	0	0	0	0
LK-4412060	Muthuvinayagapuram	Muthuvinayagarpuram	GND	0	727	0	0	0	0	0	0	0
LK-4412065	Oddusuddan	Oddusuddan	GND	11	1075	0	0	0	0	0	0	0
LK-4412070	Olumadu	Olumadu	GND	0	589	0	0	0	0	0	0	0
LK-4412075	Othiyamalai	Othiyamalai	GND	0	219	0	0	0	0	0	0	0
LK-4412080	Palampasi	Palampasi	GND	10	1076	0	0	0	0	0	0	0
LK-4412085	Pandaravanni	Pandaravanni	GND	0	426	0	0	0	0	0	0	0
LK-4412090	Panikkankulam	Panikkankulam	GND	0	511	0	0	0	0	0	0	0
LK-4412095	Peraru	Peraru	GND	0	293	0	0	0	0	0	0	0
LK-4412100	Periyaithimadu	Periyaithimadu	GND	0	186	0	0	0	0	0	0	0
LK-4412105	Periyakulam	Periyakulam	GND	0	50	0	0	0	0	0	0	0
LK-4412110	Puliyankulam	Puliyankulam	GND	0	324	0	0	0	0	0	0	0
LK-4412115	Thachchadampan	Thachchadampan	GND	0	658	0	0	0	0	0	0	0
LK-4412120	Thanduvan	Thanduvan	GND	0	396	0	0	0	0	0	0	0
LK-4412125	Thaddayarmalai	Thaddayarmalai	GND	0	677	0	0	0	0	0	0	0
LK-4412130	Thirumurukandi	Thirumurukanndy	GND	74	1438	0	14	0	0	0	0	0
LK-4412135	Vithyapuram	Vithyapuram	GND	0	938	0	0	0	0	0	0	0
LK-4415	Maritimepattu	Maritimepattu	DSD	674	33006	45	2951	0	0	0	0	0
LK-4415005	Alampil North	Alampil North	GND	0	543	0	0	0	0	0	0	0
LK-4415010	Alampil South	Alampil South	GND	0	1058	0	0	0	0	0	0	0
LK-4415015	Ampalavanpokkanai	Ampalavanpokkanai	GND	0	1159	0	0	0	0	0	0	0
LK-4415020	Shemmalai	Chemmalai	GND	0	1038	0	0	0	0	0	0	0
LK-4415025	Shemmalai East	Chemmalai East	GND	0	314	0	0	0	0	0	0	0
LK-4415030	Chilawattai	Chilawattai	GND	0	1597	0	0	0	0	0	0	0
LK-4415035	Chilawattai South	Chilawattai South	GND	0	508	0	54	0	0	0	0	0
LK-4415040	Keekkirapuram	Keekkirapuram	GND	0	107	0	1294	0	0	0	0	0
LK-4415045	Kallappadu North	Kallappadu North	GND	0	559	0	16	0	0	0	0	0
LK-4415050	Kallappadu South	Kallappadu South	GND	0	1652	0	18	0	0	0	0	0
LK-4415055	Kanukerny East	Kanukerny East	GND	0	515	0	0	0	0	0	0	0
LK-4415060	Kanukerny West	Kanukerny West	GND	0	561	0	15	0	0	0	0	0
LK-4415065	Karunaddukerny	Karunaddukerny	GND	0	581	0	0	0	0	0	0	0
LK-4415070	Keppapulavu	Keppapulavu	GND	0	1298	0	0	0	0	0	0	0
LK-4415075	Kokkilai East	Kokkilai East	GND	237	208	0	0	0	0	0	0	0
LK-4415080	Kokkilai West	Kokkilai West	GND	437	334	0	0	0	0	0	0	0
LK-4415085	Kokuthoduvai Centre	Kokuthoduvai Centre	GND	0	327	0	0	0	0	0	0	0
LK-4415090	Kokuthoduvai North	Kokuthoduvai North	GND	0	424	0	0	0	0	0	0	0
LK-4415095	Kokuthoduvai South	Kokuthoduvai South	GND	0	196	0	0	0	0	0	0	0
LK-4415100	Kovilkudiyiruppu	Kovilkudiyiruppu	GND	0	190	0	0	0	0	0	0	0
LK-4415105	Kumarapuram	Kumarapuram	GND	0	1028	0	295	0	0	0	0	0
LK-4415110	Kumulamunai Centre	Kumulamunai Centre	GND	0	561	0	0	0	0	0	0	0
LK-4415115	Kumulamunai East	Kumulamunai East	GND	0	777	34	36	0	0	0	0	0
LK-4415120	Kumulamunai West	Kumulamunai West	GND	0	431	0	0	0	0	0	0	0
LK-4415125	Mamoolai	Mamoolai	GND	0	1428	0	0	0	0	0	0	0
LK-4415130	Manalkudiyiruppu	Manalkudiyiruppu	GND	0	184	0	0	0	0	0	0	0
LK-4415135	Mathavalasingankulam	Mathavalasingankulam	GND	0	723	0	0	0	0	0	0	0
LK-4415140	Mullaitivu South	Mullaitivu South	GND	0	830	0	0	0	0	0	0	0
LK-4415145	Mullaitivu Town	Mullaitivu Town	GND	0	50	0	65	0	0	0	0	0
LK-4415150	Mullivaikkal East	Mullivaikkal East	GND	0	1275	0	0	0	0	0	0	0
LK-4415155	Mullivaikkal West	Mullivaikkal West	GND	0	944	0	0	0	0	0	0	0
LK-4415160	Mulliyawalai Centre	Mulliyawalai Centre	GND	0	455	0	0	0	0	0	0	0
LK-4415165	Mulliyawalai East	Mulliyawalai East	GND	0	1348	0	0	0	0	0	0	0
LK-4415170	Mulliyawalai North	Mulliyawalai North	GND	0	1155	0	0	0	0	0	0	0
LK-4415175	Mulliyawalai South	Mulliyawalai South	GND	0	512	0	0	0	0	0	0	0
LK-4415180	Mulliyawalai West	Mulliyawalai West	GND	0	1855	0	0	0	0	0	0	0
LK-4415185	Neeravippiddy East	Neeravippiddy East	GND	0	254	0	272	0	0	0	0	0
LK-4415190	Neeravippiddy West	Neeravippiddy West	GND	0	74	0	684	0	0	0	0	0
LK-4415195	Putharikuda	Putharikuda	GND	0	496	0	0	0	0	0	0	0
LK-4415200	Selvapuram	Selvapuram	GND	0	1254	0	0	0	0	0	0	0
LK-4415205	Thannimurippu	Thannimurippu	GND	0	366	0	0	0	0	0	0	0
LK-4415210	Thanneerudru East	Thanneerudru East	GND	0	83	11	146	0	0	0	0	0
LK-4415215	Thanneerudru West	Thanneerudru West	GND	0	794	0	0	0	0	0	0	0
LK-4415220	Uppumaveli	Uppumaveli	GND	0	1255	0	0	0	0	0	0	0
LK-4415225	Vannankulam	Vannankulam	GND	0	215	0	56	0	0	0	0	0
LK-4415230	Vattapalai	Vattappalai	GND	0	1490	0	0	0	0	0	0	0
LK-4418	Welioya	Welioya	DSD	9979	53	0	0	0	0	0	0	0
LK-4418005	Gajabapura	Gajabapura	GND	966	27	0	0	0	0	0	0	0
LK-4418010	Kalyanapura	Kalayanapura	GND	1190	0	0	0	0	0	0	0	0
LK-4418015	Ehetugaswewa	Ehetugaswewa	GND	1495	0	0	0	0	0	0	0	0
LK-4418020	Kiriibbanwewa	Kiriebbanwewa	GND	1029	0	0	0	0	0	0	0	0
LK-4418025	Janakapura	Janakapura	GND	1215	0	0	0	0	0	0	0	0
LK-4418030	Nawagajabapura	Nawagajabapura	GND	368	0	0	0	0	0	0	0	0
LK-4418035	Nikawewa Left	Nikawewa Left	GND	1572	26	0	0	0	0	0	0	0
LK-4418040	Ethawetunawewa	Ethawatunawewa	GND	937	0	0	0	0	0	0	0	0
LK-4418045	Nikawewa South	Nikawewa South	GND	1207	0	0	0	0	0	0	0	0
LK-45	Kilinochchi	Kilinochchi	DISTRICT	1515	133023	583	1191	0	0	0	0	0
LK-4503	Pachchilaipalli	Pachchilaipalli	DSD	0	12681	307	0	0	0	0	0	0
LK-4503005	Allipalai	Allipallai	GND	0	322	0	0	0	0	0	0	0
LK-4503010	Arasarkeni	Arasarkerni	GND	0	419	0	0	0	0	0	0	0
LK-4503015	Ittavil	Ittavil	GND	0	846	0	0	0	0	0	0	0
LK-4503020	Iyakkachchi	Iyakkachchi	GND	0	552	307	0	0	0	0	0	0
LK-4503025	Kachcharveli	Kachcharveli	GND	0	496	0	0	0	0	0	0	0
LK-4503030	Kilaly	Kilaly	GND	0	724	0	0	0	0	0	0	0
LK-4503035	Kovilvayal	Kovilvayal	GND	0	848	0	0	0	0	0	0	0
LK-4503040	Masar	Masar	GND	0	549	0	0	0	0	0	0	0
LK-4503045	Muhamalai	Muhamalai	GND	0	491	0	0	0	0	0	0	0
LK-4503050	Muhavil	Muhavil	GND	0	830	0	0	0	0	0	0	0
LK-4503055	Mullaiyadi	Mullaiyadi	GND	0	610	0	0	0	0	0	0	0
LK-4503060	Pallai Town	Pallai Town	GND	0	565	0	0	0	0	0	0	0
LK-4503065	Pulopalai	Pulopallai	GND	0	741	0	0	0	0	0	0	0
LK-4503070	Pulopalai West	Pulopallai West	GND	0	414	0	0	0	0	0	0	0
LK-4503075	Soranpattu	Soranpattu	GND	0	967	0	0	0	0	0	0	0
LK-4503080	Thambagamam	Thampakamam	GND	0	1635	0	0	0	0	0	0	0
LK-4503085	Tharmakeny	Tharmakerny	GND	0	870	0	0	0	0	0	0	0
LK-4503090	Vempodukeny	Vempodukerny	GND	0	802	0	0	0	0	0	0	0
LK-4506	Kandavalai	Kandavalai	DSD	13	24776	80	0	0	0	0	0	0
LK-4506005	Elephant Pass	Elephant pass	GND	0	27	0	0	0	0	0	0	0
LK-4506010	Kalmadunagar	Kalmadunagar	GND	0	2532	0	0	0	0	0	0	0
LK-4506015	Kandawalai	Kandawalai	GND	0	943	0	0	0	0	0	0	0
LK-4506020	Korakkankattu	Korakkankaddu	GND	0	1567	0	0	0	0	0	0	0
LK-4506025	Kumarapuram	Kumarapuram	GND	0	955	0	0	0	0	0	0	0
LK-4506030	Murasumoddai	Murasumoddai	GND	0	720	0	0	0	0	0	0	0
LK-4506035	Paranthan Town	Paranthan Town	GND	0	2532	70	0	0	0	0	0	0
LK-4506040	Periyakulam	Periyakulam	GND	0	1338	0	0	0	0	0	0	0
LK-4506045	Piramanthanaru	Piramanthalaru	GND	0	2259	0	0	0	0	0	0	0
LK-4506050	Puliyampokkanai	Puliyampokkanai	GND	0	1291	0	0	0	0	0	0	0
LK-4506055	Punnaineeravi	Puthiya punnaineeravi	GND	13	6130	0	0	0	0	0	0	0
LK-4506060	Thattuwankotty	Thadduvankoddy	GND	0	274	0	0	0	0	0	0	0
LK-4506065	Tharmapuram East	Tharmapuram East	GND	0	1607	0	0	0	0	0	0	0
LK-4506070	Tharmapuram West	Tharmapuram west	GND	0	1103	0	0	0	0	0	0	0
LK-4506075	Umaiyalpuram	Umaiyalpuram	GND	0	846	10	0	0	0	0	0	0
LK-4506080	Uriyan	Uriyan	GND	0	652	0	0	0	0	0	0	0
LK-4509	Karachchi	Karachchi	DSD	1485	72449	177	326	0	0	0	0	0
LK-4509005	Akkarayankulam	Akkarayankulam	GND	17	2400	0	0	0	0	0	0	0
LK-4509010	Ambalkulam	Ambalkulam	GND	0	2886	0	15	0	0	0	0	0
LK-4509015	Ambalnagar	Ambalnagar	GND	0	3202	0	0	0	0	0	0	0
LK-4509020	Anaivilunthankulam	Anaivilunthankulam	GND	0	1279	0	0	0	0	0	0	0
LK-4509025	Anandapuram	Anandapuram	GND	96	1828	0	0	0	0	0	0	0
LK-4509030	Civic Centre	Civic Centre	GND	0	639	0	0	0	0	0	0	0
LK-4509035	Jeyanthinagar	Jeyanthinagar	GND	0	2084	0	0	0	0	0	0	0
LK-4509040	Kanagampikaikulam	Kanagambigaikulam	GND	34	1213	0	43	0	0	0	0	0
LK-4509045	Kanakapuram	Kanagapuram	GND	0	1112	0	0	0	0	0	0	0
LK-4509050	Ganeshapuram	Kaneshapuram	GND	0	882	0	0	0	0	0	0	0
LK-4509055	Kannagaipuram	Kannagaipuram	GND	0	1167	0	0	0	0	0	0	0
LK-4509060	Kilinochchi Town	Kilinochchi Town	GND	44	1471	23	34	0	0	0	0	0
LK-4509065	Konavil	Konavil	GND	11	3539	0	0	0	0	0	0	0
LK-4509070	Krishnapuram	Krishnapuram	GND	13	2779	0	0	0	0	0	0	0
LK-4509075	Malaiyalapuram	Malaiyalapuram	GND	10	2020	0	0	0	0	0	0	0
LK-4509080	Maruthanagar	Maruthanagar	GND	0	1110	0	0	0	0	0	0	0
LK-4509085	Mavadiyamman	Mavadiyamman	GND	0	1393	0	16	0	0	0	0	0
LK-4509090	Mayavanoor	Mayavanoor	GND	0	2583	35	0	0	0	0	0	0
LK-4509095	Pannankandy	Pannakandy	GND	0	788	0	0	0	0	0	0	0
LK-4509100	Barathipuram	Barathypuram	GND	30	2857	18	0	0	0	0	0	0
LK-4509105	Periyaparanthan	Periya Paranthan	GND	0	1183	0	0	0	0	0	0	0
LK-4509110	Ponnagar	Ponnagar	GND	1195	2369	63	200	0	0	0	0	0
LK-4509115	Puthumurippu	Puthumurippu	GND	0	1623	0	0	0	0	0	0	0
LK-4509120	Ramanathapuram	Ramanathapuram	GND	0	2299	27	0	0	0	0	0	0
LK-4509125	Rathinapuram	Rathinapuram	GND	0	1187	0	0	0	0	0	0	0
LK-4509130	Selvanagar	Selvanagar	GND	0	2679	0	0	0	0	0	0	0
LK-4509135	Sivanagar	Sivanagar	GND	0	1258	0	0	0	0	0	0	0
LK-4509140	Skandapuram	Skanthapuram	GND	0	2248	0	0	0	0	0	0	0
LK-4509145	Thirunagar North	Thirunagar North	GND	0	1367	0	0	0	0	0	0	0
LK-4509150	Thirunagar South	Thirunagar South	GND	13	1139	0	0	0	0	0	0	0
LK-4509155	Thiruvaiaru	Thiruvaiaru	GND	0	966	0	0	0	0	0	0	0
LK-4509160	Thiruvaiaru West	Thiruvaiaru West	GND	0	1140	0	0	0	0	0	0	0
LK-4509165	Thondamannagar	Thondamannagar	GND	0	850	0	0	0	0	0	0	0
LK-4509170	Urithirapuram East	Uruththirapuram East	GND	0	1352	0	0	0	0	0	0	0
LK-4509175	Urithirapuram North	Urithirapuram North	GND	0	1551	0	0	0	0	0	0	0
LK-4509180	Urithirapuram West	Uruththirapuram West	GND	0	1118	0	0	0	0	0	0	0
LK-4509185	Uthayanagar East	Uthayanagar East	GND	0	2178	11	18	0	0	0	0	0
LK-4509190	Uthayanagar West	Uthayanagar West	GND	12	2414	0	0	0	0	0	0	0
LK-4509195	Uttupulam	Uttupulam	GND	0	1244	0	0	0	0	0	0	0
LK-4509200	Vaddakachchi	Vaddakachchi	GND	0	1866	0	0	0	0	0	0	0
LK-4509205	Vannerikulam	Vannerikulam	GND	0	1201	0	0	0	0	0	0	0
LK-4509210	Vivekanandanagar	Vivehananthanagar	GND	10	1985	0	0	0	0	0	0	0
LK-4512	Poonakary	Poonakary	DSD	17	23117	19	865	0	0	0	0	0
LK-4512005	Alankeni	Alankerni	GND	0	212	0	0	0	0	0	0	0
LK-4512010	Cheddiakurichchi	Cheddiakurichchi	GND	0	651	0	0	0	0	0	0	0
LK-4512015	Gnanimadam	Gnanimadam	GND	0	377	0	0	0	0	0	0	0
LK-4512020	Iranaithivu	Iranaitivu	GND	0	39	0	0	0	0	0	0	0
LK-4512025	Jeyapuram North	Jayapuram North	GND	0	603	0	0	0	0	0	0	0
LK-4512030	Jeyapuram South	Jayapuram South	GND	0	671	0	0	0	0	0	0	0
LK-4512035	Kariyalainagapaduvan	Kariyalainagapaduvan	GND	0	1998	0	0	0	0	0	0	0
LK-4512040	Kiranchi	Kiranchi	GND	0	1820	0	0	0	0	0	0	0
LK-4512045	Kollakuruchchi	Kollakuruchchi	GND	0	993	0	0	0	0	0	0	0
LK-4512050	Kowtharimunai	Kowtharimunai	GND	0	426	0	0	0	0	0	0	0
LK-4512055	Madduvilnadu East	Madduvilnadu East	GND	0	376	0	0	0	0	0	0	0
LK-4512060	Madduvilnadu West	Madduvilnadu West	GND	0	693	0	0	0	0	0	0	0
LK-4512065	Mulankavil	Mulankavil	GND	17	4330	19	0	0	0	0	0	0
LK-4512070	Nachchikuda	Nachchikkuda	GND	0	1708	0	865	0	0	0	0	0
LK-4512075	Nallur	Nallur	GND	0	1617	0	0	0	0	0	0	0
LK-4512080	Pallavarayankattu	Pallavarayankaddu	GND	0	1078	0	0	0	0	0	0	0
LK-4512085	Pallikuda	Pallikuda	GND	0	3164	0	0	0	0	0	0	0
LK-4512090	Paramankirai	Paramankirai	GND	0	543	0	0	0	0	0	0	0
LK-4512095	Ponnaveli	Ponnaveli	GND	0	1818	0	0	0	0	0	0	0
LK-51	Batticaloa	Batticaloa	DISTRICT	6034	424635	529	160135	2739	0	0	0	68
LK-5103	Koralai Pattu North	Koralai Pattu North (Vaharai)	DSD	146	24545	0	669	12	0	0	0	30
LK-5103005	Kathiraveli	Kathiraveli	GND	0	2921	0	0	12	0	0	0	0
LK-5103010	Ammanthanaveli	Ammanthanaaveli	GND	0	2165	0	0	0	0	0	0	0
LK-5103015	Puchchakkerni	Puchchakerny	GND	0	1546	0	0	0	0	0	0	0
LK-5103020	Palchenai	Palchenai	GND	0	2270	0	0	0	0	0	0	0
LK-5103025	Vakarai North	Vakarai North	GND	0	2313	0	0	0	0	0	0	0
LK-5103030	Ooriyankattu	Ooriyankattu	GND	0	2326	0	0	0	0	0	0	0
LK-5103035	Kaddumurivu	Kaddumurivu	GND	0	794	0	0	0	0	0	0	0
LK-5103040	Vakarai Central	Vakarai Central	GND	0	460	0	0	0	0	0	0	0
LK-5103045	Panichchankerni	Panichchankerni	GND	14	2031	0	0	0	0	0	0	0
LK-5103050	Mathurankernikulam	Mathurankernikulam	GND	0	565	0	0	0	0	0	0	30
LK-5103055	Punanai East	Punanai East	GND	132	1820	0	630	0	0	0	0	0
LK-5103060	Kirimichchai	Kirimichai	GND	0	1275	0	0	0	0	0	0	0
LK-5103065	Mankerny Central	Mankerny Central	GND	0	535	0	0	0	0	0	0	0
LK-5103070	Mankerny South	Mankerny South	GND	0	927	0	39	0	0	0	0	0
LK-5103075	Kayankerny	Kayankerny	GND	0	1301	0	0	0	0	0	0	0
LK-5103080	Vattavan	Vattavan	GND	0	1296	0	0	0	0	0	0	0
LK-5104	Koralai Pattu Central	Koralai Pattu Central	DSD	67	614	0	29819	61	0	0	0	0
LK-5104005	Punanai East 	Punanai East	GND	17	37	0	2500	0	0	0	0	0
LK-5104010	Thiyavattavan	Thiyavattavan	GND	31	549	0	3715	61	0	0	0	0
LK-5104015	Valaichchenai 5 Muslim	Valaichchenai 5 Muslim	GND	0	0	0	2215	0	0	0	0	0
LK-5104020	Valaichchenai 4 Muslim	Valaichchenai 4 Muslim	GND	0	0	0	2181	0	0	0	0	0
LK-5104025	Valaichchenai 5 Muslim South	Valaichchenai 5 Muslim South	GND	0	0	0	2884	0	0	0	0	0
LK-5104030	Brynthuraichenai North	Brynthuraichenai North	GND	0	0	0	3325	0	0	0	0	0
LK-5104035	Brynthuraichenai South	Brynthuraichenai South	GND	0	15	0	4863	0	0	0	0	0
LK-5104040	Mavadichenai	Mavadichenai	GND	0	0	0	2957	0	0	0	0	0
LK-5104045	Semmanodai	Chemmann Odai	GND	19	13	0	5179	0	0	0	0	0
LK-5106	Koralai Pattu West	Koralai Pattu West (Oddamavadi)	DSD	0	62	0	24458	0	0	0	0	0
LK-5106005	Paper Town	Paper Town	GND	0	39	0	4636	0	0	0	0	0
LK-5106010	Oddamavadi 01 North	Oddamavadi 01 North	GND	0	0	0	3252	0	0	0	0	0
LK-5106015	Oddamavadi 01 South	Oddamavadi 01 South	GND	0	0	0	2138	0	0	0	0	0
LK-5106020	Oddamavadi 02	Oddamavadi 02	GND	0	0	0	2133	0	0	0	0	0
LK-5106025	Oddamavadi 03	Oddamavadi 03	GND	0	0	0	2469	0	0	0	0	0
LK-5106030	Meeravodai Muslim West	Meeravodai Muslim West	GND	0	0	0	2883	0	0	0	0	0
LK-5106035	Meeravodai Muslim East	Meeravodai Muslim East	GND	0	0	0	3205	0	0	0	0	0
LK-5106040	Mancholai	Mancholai	GND	0	23	0	3742	0	0	0	0	0
LK-5109	Koralai Pattu	Koralai Pattu (Valachchenai)	DSD	664	27792	13	60	156	0	0	0	0
LK-5109005	Nasivanthivu	Nasivanthivu	GND	0	1328	0	0	0	0	0	0	0
LK-5109010	Valachchenai Tamil	Valachchenai Tamil	GND	0	1192	0	0	0	0	0	0	0
LK-5109015	Puthukudiyiruppu	Puthukudiyiruppu	GND	0	1797	0	28	35	0	0	0	0
LK-5109020	Peththalai	Peththalai	GND	33	3240	0	0	0	0	0	0	0
LK-5109025	Kalkudah	Kalkuda	GND	486	2759	13	32	14	0	0	0	0
LK-5109030	Kalmadu	Kalmadu	GND	37	5367	0	0	0	0	0	0	0
LK-5109035	Kannagipuram	Kannagipuram	GND	18	2550	0	0	0	0	0	0	0
LK-5109040	Kumburumulai	Kumburumulai	GND	0	971	0	0	93	0	0	0	0
LK-5109045	Sungankerny	Sungankerny	GND	0	2108	0	0	0	0	0	0	0
LK-5109050	Kinnaiyady	Kinnayadi	GND	0	2925	0	0	0	0	0	0	0
LK-5109055	Karuwakerni	Karuwakerni	GND	90	2415	0	0	14	0	0	0	0
LK-5109060	Meeravodai Tamil	Meeravodai Tamil	GND	0	1140	0	0	0	0	0	0	0
LK-5110	Koralai Pattu South	Koralai Pattu South (Kiran)	DSD	43	27967	26	183	0	0	0	0	0
LK-5110005	Punanai West	Punanai West	GND	0	469	0	169	0	0	0	0	0
LK-5110010	Vahaneri	Vahaneri	GND	0	1458	0	14	0	0	0	0	0
LK-5110015	Maruththanai	Muruthanai	GND	0	843	0	0	0	0	0	0	0
LK-5110020	Uthuchchenai	Uthuchenai	GND	0	409	0	0	0	0	0	0	0
LK-5110030	Vadamunai	Vadamunai	GND	0	315	26	0	0	0	0	0	0
LK-5110035	Kudumpimalai	Kudumpimalai	GND	0	493	0	0	0	0	0	0	0
LK-5110040	Perillaveli	Perillaveli	GND	0	615	0	0	0	0	0	0	0
LK-5110045	Poolakadu	Poolakadu	GND	0	913	0	0	0	0	0	0	0
LK-5110050	Kiran East	Kiran East	GND	25	4527	0	0	0	0	0	0	0
LK-5110055	Kiran West	Kiran West	GND	0	1830	0	0	0	0	0	0	0
LK-5110060	Korakallimadu	Korakallimadu	GND	0	2891	0	0	0	0	0	0	0
LK-5110065	Santhiveli	Santhiveli	GND	0	3442	0	0	0	0	0	0	0
LK-5110070	Palaiyadithona	Palaiyadithona	GND	0	3092	0	0	0	0	0	0	0
LK-5110075	Thevapuram	Thevapuram	GND	0	2316	0	0	0	0	0	0	0
LK-5110080	Murakkottanchenai	Murakkottanchenai	GND	18	2094	0	0	0	0	0	0	0
LK-5110085	Thihiliveddai	Thihilivaddai	GND	0	1361	0	0	0	0	0	0	0
LK-5110090	Koraveli	Koraveli	GND	0	899	0	0	0	0	0	0	0
LK-5112	Eravur Pattu	Eravur Pattu	DSD	2708	71094	197	19864	72	0	0	0	0
LK-5112005	Sittandy 3	Sittandy 3	GND	0	2175	0	0	0	0	0	0	0
LK-5112010	Sittandy 2	Sittandy 2	GND	0	946	0	0	0	0	0	0	0
LK-5112015	Sittandy 4	Sittandy 4	GND	0	2440	0	0	0	0	0	0	0
LK-5112020	Sittandy 1	Sittandy 1	GND	0	3427	0	0	0	0	0	0	0
LK-5112025	Mavadivembu 2	Mavadivembu 2	GND	0	2466	0	0	0	0	0	0	0
LK-5112030	Mavadivembu 1	Mavadivembu 1	GND	0	3616	0	0	0	0	0	0	0
LK-5112035	Kaluwankerny 1	Kaluvankerny 1	GND	0	2596	0	0	18	0	0	0	0
LK-5112040	Kaluwankerny 2	Kaluwankerny 2	GND	0	2042	0	0	0	0	0	0	0
LK-5112045	Thalavai	Thalavai	GND	141	1867	0	379	0	0	0	0	0
LK-5112050	Iyankerny Tamil	Iyankerny Tamil	GND	15	3527	0	379	0	0	0	0	0
LK-5112055	Kommathurai North	Kommathurai North	GND	0	1625	0	0	0	0	0	0	0
LK-5112060	Palachcholai	Palachcholai	GND	226	2107	0	58	0	0	0	0	0
LK-5112065	Vantharumoolai East	Vantharumoolai East	GND	487	4053	126	578	0	0	0	0	0
LK-5112070	Vantharumoolai West	Vantharumoolai West	GND	0	3653	0	0	0	0	0	0	0
LK-5112075	Eralakkulam	Eralakkulam	GND	0	870	0	0	0	0	0	0	0
LK-5112080	Mylavedduvan	Mailavaddavan	GND	0	320	0	0	0	0	0	0	0
LK-5112085	Koduwamadu	Koduwamadu	GND	0	1434	0	0	0	0	0	0	0
LK-5112090	Kommathurai West	Kommathurai West	GND	0	857	0	0	0	0	0	0	0
LK-5112095	Kommathurai East	Kommathurai East	GND	0	1949	36	0	0	0	0	0	0
LK-5112100	Chenkalady-2	Chenkalady 2	GND	0	1791	0	0	0	0	0	0	0
LK-5112105	Chenkalady-1	Chenkalady 1	GND	0	3205	0	0	0	0	0	0	0
LK-5112110	Iyankerny Muslim	Iyankerny Muslim	GND	0	0	0	3262	0	0	0	0	0
LK-5112115	Meerakerny	Meerakerny	GND	13	58	23	6533	0	0	0	0	0
LK-5112120	Michnagar	Mich Nagar	GND	14	0	0	7514	0	0	0	0	0
LK-5112125	Savukkady	Savukkady	GND	11	2033	0	49	0	0	0	0	0
LK-5112130	Thannamunai	Thannamunai	GND	0	1740	0	0	44	0	0	0	0
LK-5112135	Mylampavely	Mylampavely	GND	0	3369	12	0	0	0	0	0	0
LK-5112140	Arumugathan Kudiyiruppu 2	Arumugathan kudiyiruppu 2	GND	0	2162	0	0	0	0	0	0	0
LK-5112145	Arumugathan Kudiyiruppu 1	Arumugathan Kudiyiruppu 1	GND	0	916	0	971	10	0	0	0	0
LK-5112150	Kumaraveliyar Kiramam	Kumaraveliar Kiramam	GND	0	2131	0	0	0	0	0	0	0
LK-5112155	Pankudahvely	Pankudahvely	GND	0	1890	0	0	0	0	0	0	0
LK-5112160	Vepavedduwan	Vepavedduwan	GND	0	2812	0	0	0	0	0	0	0
LK-5112165	Karadiyanaru	Karadiyanaru	GND	0	1967	0	0	0	0	0	0	0
LK-5112170	Marappalam	Marappalam	GND	0	1567	0	0	0	0	0	0	0
LK-5112175	Kithul	Kithulwewa	GND	0	1319	0	68	0	0	0	0	0
LK-5112180	Rugam	Rugam	GND	0	605	0	73	0	0	0	0	0
LK-5112185	Koppavely	Koppavely	GND	12	899	0	0	0	0	0	0	0
LK-5112190	Periyapullumalai	Periyapullumalai	GND	16	660	0	0	0	0	0	0	0
LK-5112195	Gemunupura	Gemunupura	GND	1773	0	0	0	0	0	0	0	0
LK-5115	Eravur Town	Eravur Town	DSD	12	3203	0	23087	68	0	0	0	0
LK-5115005	Ellainagar	Ellainagar	GND	0	925	0	150	68	0	0	0	0
LK-5115010	Eravur 04	Eravur 04	GND	12	764	0	71	0	0	0	0	0
LK-5115015	Eravur 03	Eravur 03	GND	0	0	0	3317	0	0	0	0	0
LK-5115020	Eravur 03A	Eravur 03A	GND	0	0	0	3344	0	0	0	0	0
LK-5115025	Eravur 02	Eravur 02	GND	0	0	0	1748	0	0	0	0	0
LK-5115030	Eravur 02B	Eravur 02B	GND	0	0	0	1093	0	0	0	0	0
LK-5115035	Eravur 02C	Eravur 02C	GND	0	0	0	2456	0	0	0	0	0
LK-5115040	Eravur 02A	Eravur 02A	GND	0	0	0	1716	0	0	0	0	0
LK-5115045	Eravur 01B	Eravur 01B	GND	0	0	0	1746	0	0	0	0	0
LK-5115050	Eravur 01	Eravur 01	GND	0	0	0	1657	0	0	0	0	0
LK-5115055	Eravur 01A	Eravur 01A	GND	0	16	0	1648	0	0	0	0	0
LK-5115060	Eravur 06A	Eravur 06A	GND	0	0	0	1670	0	0	0	0	0
LK-5115065	Eravur 06D	Eravur 06D	GND	0	0	0	1189	0	0	0	0	0
LK-5115070	Eravur 06	Eravur 06	GND	0	0	0	1238	0	0	0	0	0
LK-5115075	Eravur 05	Eravur 05	GND	0	1498	0	44	0	0	0	0	0
LK-5118	Manmunai North	Manmunai North	DSD	691	85267	206	6260	2329	0	0	0	0
LK-5118005	Palameenmadu	Palameenmadu	GND	0	1132	0	0	0	0	0	0	0
LK-5118010	Navalady	Navalady	GND	0	421	0	0	0	0	0	0	0
LK-5118015	Amirthakali	Amirthakali	GND	0	2367	22	0	0	0	0	0	0
LK-5118020	Punnachcholai	Punnachcholai	GND	0	2179	0	0	55	0	0	0	0
LK-5118025	Thiraimadu	Thiraimadu	GND	12	4267	0	0	13	0	0	0	0
LK-5118030	Saththurukondan	Saththurukondan	GND	28	2102	19	0	33	0	0	0	0
LK-5118035	Panichchaiyady	Panichalady	GND	11	1407	0	0	526	0	0	0	0
LK-5118040	Kokkuvil	Kokkuvil	GND	310	2969	24	119	30	0	0	0	0
LK-5118045	Sinna Oorani	Sinna Oorani	GND	14	5121	0	0	79	0	0	0	0
LK-5118050	Jayanthipuram	Jayanthipuram	GND	18	989	0	0	143	0	0	0	0
LK-5118055	Karuvappankerny	Karuvappankerny	GND	21	3466	0	0	262	0	0	0	0
LK-5118060	Mamangam	Mamangam	GND	0	1861	0	0	49	0	0	0	0
LK-5118065	Koolavadi	Koolavadi	GND	0	811	0	0	140	0	0	0	0
LK-5118070	Koolavadi East	Koolavadi East	GND	0	830	0	0	262	0	0	0	0
LK-5118075	Thamaraikerny	Thamaraikerny	GND	19	1387	0	0	0	0	0	0	0
LK-5118080	Periya Uppodai	Periya Uppodai	GND	0	3456	0	0	243	0	0	0	0
LK-5118085	Dutch Bar	Dutch Bar	GND	0	180	0	0	195	0	0	0	0
LK-5118090	Thissaweerasingam Square	Thissaveerasingam Sathukam	GND	0	1295	0	0	0	0	0	0	0
LK-5118095	Iruthayapuram East	Iruthayapuram East	GND	17	1399	0	0	40	0	0	0	0
LK-5118100	Iruthayapuram Central	Iruthayapuram Central	GND	0	877	0	13	81	0	0	0	0
LK-5118105	Iruthayapuram West	Iruthayapuram West	GND	0	2493	0	0	83	0	0	0	0
LK-5118110	Periya Oorani	Periya Oorani	GND	0	1079	0	0	0	0	0	0	0
LK-5118115	Gnanasooriyam Square	Gnasooriyam Sathukam	GND	10	1414	0	18	0	0	0	0	0
LK-5118120	Vettukkadu	Vettukkadu	GND	0	570	0	0	0	0	0	0	0
LK-5118125	Barathipuram	Barathipuram	GND	0	1504	0	0	0	0	0	0	0
LK-5118130	Thandavanveli	Thandavanveli	GND	0	3023	0	0	33	0	0	0	0
LK-5118135	Arasadi	Arasadi	GND	11	926	0	216	15	0	0	0	0
LK-5118140	Koddamunai	Koddamunai	GND	0	1161	0	0	19	0	0	0	0
LK-5118145	Kallady Mugaththuwaram	Kallady Mugathuvaram	GND	0	1322	0	0	0	0	0	0	0
LK-5118150	Thiruchendhoor	Thiruchendhoor	GND	0	2382	0	0	18	0	0	0	0
LK-5118155	Kallady	Kallady	GND	14	2466	0	10	0	0	0	0	0
LK-5118160	Kallady Veloor	Kallady Veloor	GND	0	3033	0	0	0	0	0	0	0
LK-5118165	Kallady Uppodai	Kallady Uppodai	GND	0	1972	11	0	0	0	0	0	0
LK-5118170	Puliyantivu East	Puliyanthivu East	GND	13	1592	0	0	0	0	0	0	0
LK-5118175	Puliyantivu Central	Puliyanthivu Central	GND	11	879	0	106	0	0	0	0	0
LK-5118180	Puliyantivu West	Puliyanthivu West	GND	14	1119	0	0	10	0	0	0	0
LK-5118185	Puliyantivu South	Puliyanthivu South	GND	125	2408	0	49	0	0	0	0	0
LK-5118190	Thiruperunthurai	Thiruperunthurai	GND	0	1752	0	10	0	0	0	0	0
LK-5118195	Puthunagar	Puthunagar	GND	16	2044	0	0	0	0	0	0	0
LK-5118200	Seththukudah	Seththukudah	GND	0	1160	0	0	0	0	0	0	0
LK-5118205	Veechchukalmunai	Veechikalmunai	GND	13	713	0	0	0	0	0	0	0
LK-5118210	Thimilathivu	Thimilathivu	GND	0	1241	0	0	0	0	0	0	0
LK-5118215	Nochchimunai	Nochchimunai	GND	14	4287	115	1028	0	0	0	0	0
LK-5118220	Navatkudah	Navatkudah	GND	0	1532	0	0	0	0	0	0	0
LK-5118225	Navatkudah East	Navatkudah East	GND	0	3124	0	441	0	0	0	0	0
LK-5118230	Navatkudah South	Navatkudah South	GND	0	1011	0	0	0	0	0	0	0
LK-5118235	Manjanthoduvai North	Manjanthoduvai North	GND	0	518	0	68	0	0	0	0	0
LK-5118240	Manjanthoduvai South	Manjanthoduvai South	GND	0	26	15	4182	0	0	0	0	0
LK-5121	Manmunai West	Manmunai West	DSD	0	32680	0	13	0	0	0	0	38
LK-5121005	Narippulthoddam	Narippulthoddam	GND	0	1103	0	0	0	0	0	0	0
LK-5121010	Mahilavedduvaan	Mahilavedduvan	GND	0	1802	0	0	0	0	0	0	0
LK-5121015	Karaveddi	Karaveddi	GND	0	2048	0	0	0	0	0	0	0
LK-5121020	Vilavedduwan	Vilavedduwan	GND	0	1833	0	0	0	0	0	0	0
LK-5121025	Naavatkaadu	Naavatkaadu	GND	0	1639	0	0	0	0	0	0	0
LK-5121030	Eachchantivu	Echchantivu	GND	0	1215	0	0	0	0	0	0	0
LK-5121035	Mankikaddu	Mankikaddu	GND	0	582	0	0	0	0	0	0	0
LK-5121040	Vavunativu	Vavunativu	GND	0	938	0	0	0	0	0	0	0
LK-5121045	Ayiththiyamalai South	Ayithiyamalai South	GND	0	1003	0	0	0	0	0	0	0
LK-5121050	Ayiththiyamalai North	Ayithiyamalai North	GND	0	2137	0	0	0	0	0	0	0
LK-5121055	Nediyamadu	Nediyamadu	GND	0	790	0	0	0	0	0	0	0
LK-5121060	Pavatkodichenai	Pavatkodichenai	GND	0	1987	0	0	0	0	0	0	38
LK-5121065	Kurinchamunai	Kurinchaamunai	GND	0	1244	0	0	0	0	0	0	0
LK-5121070	Paruththichenai	Paruththichenai	GND	0	1164	0	0	0	0	0	0	0
LK-5121075	Kannankudah	Kannakudah	GND	0	1057	0	0	0	0	0	0	0
LK-5121080	Mandapathadi	Mandapathadi	GND	0	889	0	0	0	0	0	0	0
LK-5121085	Karaiyakkantivu	Karaiyakkantivu	GND	0	1087	0	0	0	0	0	0	0
LK-5121090	Puthumandapaththadi	Puthumandapaththadi	GND	0	2215	0	0	0	0	0	0	0
LK-5121095	Ganthinagar	Kaanthinagar	GND	0	641	0	13	0	0	0	0	0
LK-5121100	Unnichchai	Unnichchi	GND	0	1197	0	0	0	0	0	0	0
LK-5121105	Panchenai	Panchenai	GND	0	739	0	0	0	0	0	0	0
LK-5121110	Iluppadichenai	Illuppadichenai	GND	0	1508	0	0	0	0	0	0	0
LK-5121115	Koththiyapulai	Koththiyapulai	GND	0	1272	0	0	0	0	0	0	0
LK-5121120	Kaanchirankudah	Kaanchirankudah	GND	0	2590	0	0	0	0	0	0	0
LK-5124	Kattankudy	Kattankudy	DSD	23	0	0	44692	0	0	0	0	0
LK-5124005	Kattankudy Division 1	Kattankudy Division 1	GND	0	0	0	1140	0	0	0	0	0
LK-5124010	Kattankudy Division 1 South	Kattankudy 1 South	GND	0	0	0	1919	0	0	0	0	0
LK-5124015	Kattankudy Division 2	Kattankudy Division 2	GND	0	0	0	2011	0	0	0	0	0
LK-5124020	Kattankudy Division 2 North	Kattankudy 2 North	GND	0	0	0	2983	0	0	0	0	0
LK-5124025	New Kattankudy North	New Kattankudy Division North	GND	0	0	0	5813	0	0	0	0	0
LK-5124030	New Kattankudy South	New Kattankudy Division South	GND	0	0	0	5199	0	0	0	0	0
LK-5124035	Kattankudy Division 3 East	Kattankudy 3 East	GND	0	0	0	1390	0	0	0	0	0
LK-5124040	Kattankudy Division 3	Kattankudy Division 3	GND	0	0	0	1313	0	0	0	0	0
LK-5124045	Kattankudy Division 3 West	Kattankudy 3 West	GND	0	0	0	964	0	0	0	0	0
LK-5124050	Kattankudy Division 4 West	Kattankudy 4 West	GND	0	0	0	1248	0	0	0	0	0
LK-5124055	Kattankudy Division 4	Kattankudy Division 4	GND	0	0	0	982	0	0	0	0	0
LK-5124060	Kattankudy Division 6	Kattankudy Division 6	GND	0	0	0	2805	0	0	0	0	0
LK-5124065	New Kattankudy West	New Kattankudy Division West	GND	0	0	0	2312	0	0	0	0	0
LK-5124070	New Kattankudy East	New Kattankudy Division East	GND	23	0	0	6569	0	0	0	0	0
LK-5124075	Kattankudy Division 6 South	Kattankudy 6 South	GND	0	0	0	3067	0	0	0	0	0
LK-5124080	Kattankudy Division 6 West	Kattankudy 6 West	GND	0	0	0	1911	0	0	0	0	0
LK-5124085	Kattankudy Division 5	Kattankudy Division 5	GND	0	0	0	2158	0	0	0	0	0
LK-5124090	Kattankudy Division 5 South	Kattankudy 5 South	GND	0	0	0	908	0	0	0	0	0
LK-5127	Manmunai Pattu	Manmunai Pattu (Araipattai)	DSD	73	25225	77	11030	0	0	0	0	0
LK-5127005	Kirankulam North	Kirankulam North	GND	0	1754	0	0	0	0	0	0	0
LK-5127010	Kirankulam South	Kirankulam South	GND	0	1482	0	0	0	0	0	0	0
LK-5127015	Kirankulam	Kirankulam	GND	0	1358	0	0	0	0	0	0	0
LK-5127020	Kirankulam Central	Kirankulam Central	GND	0	1082	0	0	0	0	0	0	0
LK-5127025	Puthukudiyiruppu	Puthukudiyiruppu	GND	0	1154	0	0	0	0	0	0	0
LK-5127030	Puthukudiyiruppu South	Puthukudiyiruppu South	GND	0	1065	0	0	0	0	0	0	0
LK-5127035	Puthukudiyiruppu North	Puthukudiyiruppu North	GND	0	1758	0	0	0	0	0	0	0
LK-5127040	Palamunai	Palamunai	GND	10	46	11	3640	0	0	0	0	0
LK-5127045	Thalankudah	Thalankudah	GND	0	1322	0	0	0	0	0	0	0
LK-5127050	Manmunai	Manmunai	GND	35	1133	0	92	0	0	0	0	0
LK-5127055	Vedarkudiyiruppu	Vedarkudiyiruppu	GND	0	1200	0	0	0	0	0	0	0
LK-5127060	Mavilankanthurai	Mavilankanthurai	GND	0	1118	0	76	0	0	0	0	0
LK-5127065	Kankeyanodai	Kankeyanodai	GND	0	0	0	1136	0	0	0	0	0
LK-5127070	Ollikulam	Ollikulam	GND	0	16	0	656	0	0	0	0	0
LK-5127075	Kankeyanodai South	Kankeyanodai South	GND	0	0	0	1739	0	0	0	0	0
LK-5127080	Arayampathy 3	Araipattai 3	GND	0	543	0	0	0	0	0	0	0
LK-5127085	Rajadurai Gramam	Rajadurai Kiramam	GND	0	947	0	0	0	0	0	0	0
LK-5127090	Arayampathy South	Araipattai South	GND	0	890	0	0	0	0	0	0	0
LK-5127095	Kovilkulam	Kovilkulam	GND	16	839	0	369	0	0	0	0	0
LK-5127100	Arayampathy Central	Araipattai Central	GND	0	506	0	0	0	0	0	0	0
LK-5127105	Arayampathy 2	Araipattai 2	GND	0	363	0	0	0	0	0	0	0
LK-5127110	Selvanagar	Selvanagar	GND	12	1644	66	300	0	0	0	0	0
LK-5127115	Selvanagar East	Selvanagar East	GND	0	1696	0	1357	0	0	0	0	0
LK-5127120	Arayampathy East	Araipattai East	GND	0	1613	0	1665	0	0	0	0	0
LK-5127125	Arayampathy North	Araipattai North	GND	0	556	0	0	0	0	0	0	0
LK-5127130	Arayampathy 1	Araipattai 1	GND	0	615	0	0	0	0	0	0	0
LK-5127135	Arayampathy West	Araipattai West	GND	0	525	0	0	0	0	0	0	0
LK-5130	Manmunai South West	Manmunai South-West	DSD	1347	25298	0	0	0	0	0	0	0
LK-5130005	Munaikkadu West	Munaikkadu West	GND	0	1108	0	0	0	0	0	0	0
LK-5130010	Munaikkadu North	Munaikkadu North	GND	0	1445	0	0	0	0	0	0	0
LK-5130015	Munaikkadu East	Munaikkadu East	GND	0	643	0	0	0	0	0	0	0
LK-5130020	Muthalaikkudah West	Muthalaikkudah West	GND	0	1292	0	0	0	0	0	0	0
LK-5130025	Muthalaikkudah	Muthalaikkudah	GND	0	799	0	0	0	0	0	0	0
LK-5130030	Mahiladitivu	Mahiladitivu	GND	0	880	0	0	0	0	0	0	0
LK-5130035	Mahiladitivu South	Mahiladithivu South	GND	0	2146	0	0	0	0	0	0	0
LK-5130040	Kokkadicholai	Kokkadichcholai	GND	0	1972	0	0	0	0	0	0	0
LK-5130045	Munaikkadu South	Munaikkadu South	GND	0	1082	0	0	0	0	0	0	0
LK-5130050	Kokkadicholai South	Kokkadichcholai South	GND	0	1612	0	0	0	0	0	0	0
LK-5130055	Pandariyaveli	Pandariyaveli	GND	0	1407	0	0	0	0	0	0	0
LK-5130060	Arasaditivu North	Arasaditivu North	GND	0	1030	0	0	0	0	0	0	0
LK-5130065	Paddippalai	Paddippalai	GND	0	841	0	0	0	0	0	0	0
LK-5130070	Kuluvinamadu	Kuluvinamadu	GND	0	722	0	0	0	0	0	0	0
LK-5130075	Arasaditivu	Arasaditivu	GND	0	1286	0	0	0	0	0	0	0
LK-5130080	Kadukkamunai	Kadukkamunai	GND	0	1680	0	0	0	0	0	0	0
LK-5130085	Ampilanthurai North	Ampilanthurai North	GND	0	592	0	0	0	0	0	0	0
LK-5130090	Ampilanthurai	Ampilanthurai	GND	0	1080	0	0	0	0	0	0	0
LK-5130095	Ampilanthurai West	Ampilanthurai West	GND	0	793	0	0	0	0	0	0	0
LK-5130100	Katchenai	Katchenai	GND	0	677	0	0	0	0	0	0	0
LK-5130105	Mavadimunmaari	Mavadimunmaari	GND	0	640	0	0	0	0	0	0	0
LK-5130110	Thanthamalai	Thanthamalai	GND	0	997	0	0	0	0	0	0	0
LK-5130115	Kachchakodi	Kachchakodi	GND	1347	238	0	0	0	0	0	0	0
LK-5130120	Panichchiyadimunmari	Panichchiyadimunmari	GND	0	336	0	0	0	0	0	0	0
LK-5133	Porativu Pattu	Porativu Pattu	DSD	195	38284	10	0	0	0	0	0	0
LK-5133005	Selvapuram	Selvapuram	GND	0	976	0	0	0	0	0	0	0
LK-5133010	Vammiyadiyoottu	Vammiyadiyoottu	GND	0	1589	0	0	0	0	0	0	0
LK-5133015	Thumpankerni (Y.F.S.)	Thumpankerni (Y.F.S)	GND	0	802	10	0	0	0	0	0	0
LK-5133020	Kalumunthanveli	Kalumunthanveli	GND	0	793	0	0	0	0	0	0	0
LK-5133025	Ganthipuram	Kanthipuram	GND	0	743	0	0	0	0	0	0	0
LK-5133030	Mavetkudah	Mavetkudah	GND	0	1239	0	0	0	0	0	0	0
LK-5133035	Vipulananthapuram	Vipulananthapuram	GND	0	875	0	0	0	0	0	0	0
LK-5133040	Palugaamam I	Palugaamam I	GND	0	399	0	0	0	0	0	0	0
LK-5133045	Palugaamam II	Palugaamam II	GND	0	740	0	0	0	0	0	0	0
LK-5133050	Vanninagar	Vanninagar	GND	0	1132	0	0	0	0	0	0	0
LK-5133055	Veeranchenai	Veeranchenai	GND	0	605	0	0	0	0	0	0	0
LK-5133060	Thumpankerni	Thumbankerny	GND	0	483	0	0	0	0	0	0	0
LK-5133065	Suravanayadiyoottu	Saravanaiyadiyoottu	GND	0	610	0	0	0	0	0	0	0
LK-5133070	Thikkodai	Thikkodai	GND	0	1704	0	0	0	0	0	0	0
LK-5133075	Navagrinagar	Navakirinagar	GND	0	374	0	0	0	0	0	0	0
LK-5133080	Kannapuram	Kannapuram	GND	0	295	0	0	0	0	0	0	0
LK-5133085	Paalaiyadivaddai	Paalaiyadivaddai	GND	0	653	0	0	0	0	0	0	0
LK-5133090	Nellikkadu	Nellikkadu	GND	0	622	0	0	0	0	0	0	0
LK-5133095	Vivekananthapuram	Vivekananthapuram	GND	0	652	0	0	0	0	0	0	0
LK-5133100	Vellaveli	Vellaveli	GND	0	962	0	0	0	0	0	0	0
LK-5133105	Punnakkulam	Punnakkulam	GND	0	565	0	0	0	0	0	0	0
LK-5133110	Kovilporativu West	Kovilporativu West	GND	0	1329	0	0	0	0	0	0	0
LK-5133115	Kovilporativu	Kovilporativu	GND	0	968	0	0	0	0	0	0	0
LK-5133120	Munaitivu	Munaitivu	GND	0	1190	0	0	0	0	0	0	0
LK-5133125	Paddaapuram	Paddaapuram	GND	0	841	0	0	0	0	0	0	0
LK-5133130	Periyaporativu	Periyaporativu	GND	0	904	0	0	0	0	0	0	0
LK-5133135	Kovilporativu South	Kovilporativu South	GND	0	923	0	0	0	0	0	0	0
LK-5133140	Mandur 1 And 2 South	Mandur 1 &2 South	GND	0	1018	0	0	0	0	0	0	0
LK-5133145	Mandur Kottamunai	Mandur Koddaimunai	GND	0	884	0	0	0	0	0	0	0
LK-5133150	Mandur 3	Mandur 3	GND	0	865	0	0	0	0	0	0	0
LK-5133155	Mandur 1 And 2 North	Mandur 1 &2 (North part)	GND	0	559	0	0	0	0	0	0	0
LK-5133160	Paalamunai	Paalamunai	GND	0	1989	0	0	0	0	0	0	0
LK-5133165	Thampalawattai	Thambalawatta	GND	0	1414	0	0	0	0	0	0	0
LK-5133170	Kaneshapuram	Ganeshapuram	GND	0	1280	0	0	0	0	0	0	0
LK-5133175	Sangarpuram	Shangarpuram	GND	0	1638	0	0	0	0	0	0	0
LK-5133180	Palachcholai	Palachcholai	GND	0	926	0	0	0	0	0	0	0
LK-5133185	Kaakkachchivaddai	Kaakkachchivaddai	GND	0	1175	0	0	0	0	0	0	0
LK-5133190	Kannapuram East	Kannapuram East	GND	0	640	0	0	0	0	0	0	0
LK-5133195	Vilanthoddam	Vilanthoddam	GND	0	518	0	0	0	0	0	0	0
LK-5133200	Sinnawattai	Sinnawattai	GND	124	863	0	0	0	0	0	0	0
LK-5133205	Maalaiyarkaddu	Maalaiyarkaddu	GND	0	457	0	0	0	0	0	0	0
LK-5133210	Anaikaddiyaveli	Anaikaddiyaveli	GND	0	679	0	0	0	0	0	0	0
LK-5133215	Raanamadu	Raanamadu	GND	71	411	0	0	0	0	0	0	0
LK-5136	Manmunai South & Eruvil Pattu	Manmunai South & Eruvil pattu	DSD	65	62604	0	0	41	0	0	0	0
LK-5136005	Kurukkalmadam North	Kurukkalmadam North	GND	0	1046	0	0	0	0	0	0	0
LK-5136010	Kurukkalmadam South	Kurukkalmadam South	GND	0	556	0	0	0	0	0	0	0
LK-5136015	Cheddipalayam North	Cheddipalayam North	GND	0	2132	0	0	0	0	0	0	0
LK-5136020	Cheddipalayam South	Cheddipalayalam South	GND	0	1964	0	0	0	0	0	0	0
LK-5136025	Mankadu	Mankadu	GND	0	2001	0	0	0	0	0	0	0
LK-5136030	Thettativu North	Thettathivu North	GND	0	1209	0	0	0	0	0	0	0
LK-5136035	Thettativu South	Thettathivu South	GND	0	639	0	0	0	0	0	0	0
LK-5136040	Thettativu South - 02	Thettathivu South 2	GND	0	1081	0	0	0	0	0	0	0
LK-5136045	Thettativu South - 01	Thettathivu South 1	GND	0	945	0	0	0	0	0	0	0
LK-5136050	Kaluthawalai 1	Kaluthawalai 1	GND	0	1787	0	0	0	0	0	0	0
LK-5136055	Kaluthawalai Central	Kaluthawalai Central	GND	0	1247	0	0	0	0	0	0	0
LK-5136060	Kaluthawalai 2	Kaluthawalai 2	GND	0	1035	0	0	0	0	0	0	0
LK-5136065	Kaluthawalai 3	Kaluthawalai 3	GND	0	1190	0	0	0	0	0	0	0
LK-5136070	Kaluthawalai 4	Kaluthawalai 4	GND	0	1640	0	0	0	0	0	0	0
LK-5136075	Kaluthawalai 4 Santhipuram	Kaluthavalai 04 Santhipuram	GND	0	1802	0	0	0	0	0	0	0
LK-5136080	Kaluwanchikudy North 1	Kaluwanchikudy North 1	GND	0	1872	0	0	0	0	0	0	0
LK-5136085	Kaluwanchikudy North	Kaluwanchikudy North	GND	0	1091	0	0	0	0	0	0	0
LK-5136090	Paddiruppu	Paddiruppu	GND	44	1009	0	0	0	0	0	0	0
LK-5136095	Eruvil North	Eruvil North	GND	0	1685	0	0	0	0	0	0	0
LK-5136100	Kaluwanchikudy South	kaluwanchikudy South	GND	10	3989	0	0	0	0	0	0	0
LK-5136105	Onthachimadam North	Onthachimadam North	GND	11	2370	0	0	11	0	0	0	0
LK-5136110	Eruvil East	Eruvil East	GND	0	2772	0	0	0	0	0	0	0
LK-5136115	Eruvil South	Eruvil South	GND	0	1928	0	0	0	0	0	0	0
LK-5136120	Kurumanvely 11 West	Kurumanvely 11West	GND	0	1112	0	0	0	0	0	0	0
LK-5136125	Kurumanvely 11 East	Kurumanvely 11 East	GND	0	864	0	0	0	0	0	0	0
LK-5136130	Kurumanvely 12	Kurumanvely 12	GND	0	1160	0	0	0	0	0	0	0
LK-5136135	Mahiloor West	Mahiloor West	GND	0	1443	0	0	0	0	0	0	0
LK-5136140	Mahiloor South West	Mahiloor South West	GND	0	1450	0	0	0	0	0	0	0
LK-5136145	Mahiloor East	Mahiloor East	GND	0	2147	0	0	0	0	0	0	0
LK-5136150	Onthachimadam South	Onthachimadam South	GND	0	1060	0	0	0	0	0	0	0
LK-5136155	Koddaikallar North	Koddaikallar North	GND	0	1606	0	0	12	0	0	0	0
LK-5136160	Koddaikallar West	Koddaikallar West	GND	0	1041	0	0	0	0	0	0	0
LK-5136165	Mahiloormunai	Mahiloor Munai	GND	0	1178	0	0	0	0	0	0	0
LK-5136170	Koddaikallar East	Koddaikallar East	GND	0	904	0	0	0	0	0	0	0
LK-5136175	Koddaikallar South	Koddaikallar South	GND	0	867	0	0	0	0	0	0	0
LK-5136180	Periyakallar 01	Periyakallar 1	GND	0	1031	0	0	0	0	0	0	0
LK-5136185	Periyakallar 01 South	Periyakallar 1 South	GND	0	940	0	0	0	0	0	0	0
LK-5136190	Periyakallar 02 West	Periyakallar 2 West	GND	0	1189	0	0	0	0	0	0	0
LK-5136195	Periyakallar 02	Periyakallar 2	GND	0	816	0	0	18	0	0	0	0
LK-5136200	Periyakallar 03 South	Periyakallar 3 South	GND	0	1269	0	0	0	0	0	0	0
LK-5136205	Periyakallar 03	Periyakallar 3	GND	0	732	0	0	0	0	0	0	0
LK-5136210	Thuraineelavanai North	Thuraineelavanai North	GND	0	1433	0	0	0	0	0	0	0
LK-5136215	Thuraineelavanai North 01	Thuraineelavanai North 1	GND	0	820	0	0	0	0	0	0	0
LK-5136220	Thuraineelavanai South	Thuraineelavanai South	GND	0	989	0	0	0	0	0	0	0
LK-5136225	Thuraineelavanai South 01	Thuraineelavanai South1	GND	0	1563	0	0	0	0	0	0	0
LK-52	Ampara	Ampara	DISTRICT	276076	125330	254	339137	992	100	0	0	830
LK-5203	Dehiattakandiya	Dehiattakandiya	DSD	66325	71	0	63	0	0	0	0	741
LK-5203005	Rideela	Rideela	GND	4621	0	0	0	0	0	0	0	0
LK-5203010	Bakmeedeniya	Bakmeedeniya	GND	4560	0	0	0	0	0	0	0	0
LK-5203015	Dehiattakandiya	Dehiattakandiya	GND	9490	11	0	0	0	0	0	0	0
LK-5203020	Kadirapura	Kadirapura	GND	11989	0	0	0	0	0	0	0	0
LK-5203025	Mawanagama	Mawanagama	GND	4511	0	0	0	0	0	0	0	0
LK-5203030	Lihiniyagama	Lihiniyagama	GND	4230	0	0	0	0	0	0	0	0
LK-5203035	Serupitiya	Serupitiya	GND	4725	0	0	0	0	0	0	0	0
LK-5203040	Sandamadulla	Sadamadulla	GND	3742	46	0	0	0	0	0	0	0
LK-5203045	Sandunpura	Sandunpura	GND	5337	0	0	0	0	0	0	0	0
LK-5203050	Paranagama	Paranagama	GND	4442	0	0	0	0	0	0	0	741
LK-5203055	Ihalagama	Ihalagama	GND	2905	14	0	63	0	0	0	0	0
LK-5203060	Nawa Medagama	Nawa Medagama	GND	3091	0	0	0	0	0	0	0	0
LK-5203065	Wewmedagama	Wewmedagama	GND	2682	0	0	0	0	0	0	0	0
LK-5206	Padiyathalawa	Padiyathalawa	DSD	20731	25	0	43	0	0	0	0	0
LK-5206005	Galode	Galode	GND	1238	0	0	0	0	0	0	0	0
LK-5206010	Palathuruwella	Palathuruwella	GND	824	0	0	0	0	0	0	0	0
LK-5206015	Pulungasmulla	Pulungasmulla	GND	1101	0	0	0	0	0	0	0	0
LK-5206020	Serankada	Serankada	GND	1155	0	0	0	0	0	0	0	0
LK-5206025	Unapana	Unapana	GND	579	0	0	0	0	0	0	0	0
LK-5206030	Hagamwela	Hagamwela	GND	937	0	0	0	0	0	0	0	0
LK-5206035	Kirawana	Kirawana	GND	1508	0	0	0	0	0	0	0	0
LK-5206040	Padiyathalawa	Padiyathalawa	GND	1483	10	0	43	0	0	0	0	0
LK-5206045	Thalapitaoya Left	Thalapitaoya Left	GND	881	15	0	0	0	0	0	0	0
LK-5206050	Saranagama	Saranagama	GND	1119	0	0	0	0	0	0	0	0
LK-5206055	Pallegama	Pallegama	GND	882	0	0	0	0	0	0	0	0
LK-5206060	Moradeniya	Moradeniya	GND	1221	0	0	0	0	0	0	0	0
LK-5206065	Thalapitaoya South	Thalapitaoya South	GND	761	0	0	0	0	0	0	0	0
LK-5206070	Holike	Holike	GND	1023	0	0	0	0	0	0	0	0
LK-5206075	Kehelulla	Kehelulla	GND	1364	0	0	0	0	0	0	0	0
LK-5206080	Miriswatta	Miriswatta	GND	872	0	0	0	0	0	0	0	0
LK-5206085	Kolamanthalawa	Kolamanthalawa	GND	886	0	0	0	0	0	0	0	0
LK-5206090	Dorakumbura	Dorakumbura	GND	832	0	0	0	0	0	0	0	0
LK-5206095	Marangala	Marangala	GND	1070	0	0	0	0	0	0	0	0
LK-5206100	Komana	Komana	GND	995	0	0	0	0	0	0	0	0
LK-5209	Mahaoya	Mahaoya	DSD	23572	0	0	0	0	0	0	0	89
LK-5209005	Bogamuyaya	Bogamuyaya	GND	273	0	0	0	0	0	0	0	0
LK-5209010	Tempitiya	Tempitiya	GND	703	0	0	0	0	0	0	0	0
LK-5209015	Poolawala	Poolawala	GND	614	0	0	0	0	0	0	0	0
LK-5209020	Bedirekka	Bedirekka	GND	670	0	0	0	0	0	0	0	0
LK-5209025	Unuwathura Bubula	Unuwathura Bubula	GND	2067	0	0	0	0	0	0	0	0
LK-5209030	Iddapola	Iddapola	GND	1026	0	0	0	0	0	0	0	0
LK-5209035	Thepelpola	Thepelpola	GND	1631	0	0	0	0	0	0	0	0
LK-5209040	Mahaoya	Mahaoya	GND	906	0	0	0	0	0	0	0	0
LK-5209045	Samagipura	Samagipura	GND	2237	0	0	0	0	0	0	0	0
LK-5209050	Borapola	Borapola	GND	1026	0	0	0	0	0	0	0	0
LK-5209055	Kelavinna	Kelavinna	GND	1756	0	0	0	0	0	0	0	0
LK-5209060	Dambadeniya	Dambadeniya	GND	2199	0	0	0	0	0	0	0	0
LK-5209065	Kekirihena	Kekirihena	GND	2000	0	0	0	0	0	0	0	0
LK-5209070	Kudaharasgala	Kudaharasgala	GND	1656	0	0	0	0	0	0	0	0
LK-5209075	Lahugala	Lahugala	GND	1283	0	0	0	0	0	0	0	0
LK-5209080	Pollebedda	Pollebedda	GND	1990	0	0	0	0	0	0	0	89
LK-5209085	Aranthalawa	Aranthalawa	GND	1535	0	0	0	0	0	0	0	0
LK-5212	Uhana	Uhana	DSD	62130	0	0	0	0	0	0	0	0
LK-5212005	Piyangala	Piyangala	GND	537	0	0	0	0	0	0	0	0
LK-5212010	Nugelanda North	Nugelanda North	GND	761	0	0	0	0	0	0	0	0
LK-5212015	Nugelanda South	Nugelanda South	GND	753	0	0	0	0	0	0	0	0
LK-5212020	Bakkiella	Bakkiella	GND	464	0	0	0	0	0	0	0	0
LK-5212025	Rajagalathenna South	Rajagalathenna South	GND	1235	0	0	0	0	0	0	0	0
LK-5212030	Rajagalathenna North	Rajagalathenna North	GND	2163	0	0	0	0	0	0	0	0
LK-5212035	Gonagolla	Gonagolla	GND	1508	0	0	0	0	0	0	0	0
LK-5212040	Galapitagala West	Galapitagala West	GND	809	0	0	0	0	0	0	0	0
LK-5212045	Galapitagala East	Galapitagala East	GND	628	0	0	0	0	0	0	0	0
LK-5212050	Kothmale	Kothmale	GND	771	0	0	0	0	0	0	0	0
LK-5212055	Mayadunna	Mayadunna	GND	2588	0	0	0	0	0	0	0	0
LK-5212060	Nawagiriyawa	Nawagiriyawa	GND	1535	0	0	0	0	0	0	0	0
LK-5212065	Bandaradoowa	Bandaradoowa	GND	1846	0	0	0	0	0	0	0	0
LK-5212070	Lathugala	Lathugala	GND	766	0	0	0	0	0	0	0	0
LK-5212075	Bokkabedda	Bokkabedda	GND	734	0	0	0	0	0	0	0	0
LK-5212080	Kohombana	Kohombana	GND	565	0	0	0	0	0	0	0	0
LK-5212085	Walagampura	Walagampura	GND	2319	0	0	0	0	0	0	0	0
LK-5212090	Verenketagoda	Verenketagoda	GND	2858	0	0	0	0	0	0	0	0
LK-5212095	Senagama North	Senagama North	GND	1128	0	0	0	0	0	0	0	0
LK-5212100	Senagama South	Senagama South	GND	691	0	0	0	0	0	0	0	0
LK-5212105	Gonagala	Gonagala	GND	1187	0	0	0	0	0	0	0	0
LK-5212110	Veheragama East	Veheragama East	GND	415	0	0	0	0	0	0	0	0
LK-5212115	Veheragama West	Veheragama West	GND	437	0	0	0	0	0	0	0	0
LK-5212120	Gemunupura	Gemunupura	GND	1031	0	0	0	0	0	0	0	0
LK-5212125	Siyambalawewa	Siyambalawewa	GND	690	0	0	0	0	0	0	0	0
LK-5212130	Rajagama North	Rajagama North	GND	529	0	0	0	0	0	0	0	0
LK-5212135	Rajagama South	Rajagama South	GND	633	0	0	0	0	0	0	0	0
LK-5212140	Suhadagama North	Suhadagama North	GND	206	0	0	0	0	0	0	0	0
LK-5212145	Suhadagama South	Suhadagama South	GND	190	0	0	0	0	0	0	0	0
LK-5212150	Kumarigama	Kumarigama	GND	1136	0	0	0	0	0	0	0	0
LK-5212155	Komariya	Komariya	GND	1020	0	0	0	0	0	0	0	0
LK-5212160	Udagirigama West	Udagirigama West	GND	677	0	0	0	0	0	0	0	0
LK-5212165	Udagirigama East	Udagirigama East	GND	1140	0	0	0	0	0	0	0	0
LK-5212170	Galahitiyagoda	Galahitiyagoda	GND	2275	0	0	0	0	0	0	0	0
LK-5212175	Mahakandiya	Mahakandiya	GND	1929	0	0	0	0	0	0	0	0
LK-5212180	Kahatagasyaya	Kahatagasyaya	GND	718	0	0	0	0	0	0	0	0
LK-5212185	Velikahagolla	Velikahagolla	GND	1766	0	0	0	0	0	0	0	0
LK-5212190	Dematamalpelessa	Dematamalpelessa	GND	1581	0	0	0	0	0	0	0	0
LK-5212195	Uhana	Uhana	GND	2471	0	0	0	0	0	0	0	0
LK-5212200	Uhana Thissapura East	Uhana Thissapura West	GND	1987	0	0	0	0	0	0	0	0
LK-5212205	Uhana Thissapura West	Uhana Thissapura East	GND	866	0	0	0	0	0	0	0	0
LK-5212210	Udayapura	Udayapura	GND	1042	0	0	0	0	0	0	0	0
LK-5212215	Sandanadapura	Sandanadapura	GND	1178	0	0	0	0	0	0	0	0
LK-5212220	Weeragoda North	Weeragoda North	GND	839	0	0	0	0	0	0	0	0
LK-5212225	Weeragoda South	Weeragoda South	GND	1014	0	0	0	0	0	0	0	0
LK-5212230	Dadayanthalawa West	Dadayanthalawa West	GND	1234	0	0	0	0	0	0	0	0
LK-5212235	Dadayanthalawa East	Dadayanthalawa East	GND	625	0	0	0	0	0	0	0	0
LK-5212240	Wijayapura East	Wijayapura East	GND	539	0	0	0	0	0	0	0	0
LK-5212245	Wijayapura West	Wijayapura West	GND	677	0	0	0	0	0	0	0	0
LK-5212250	Kumudugama	Kumudugama	GND	747	0	0	0	0	0	0	0	0
LK-5212255	Ruhunugama	Ruhunugama	GND	900	0	0	0	0	0	0	0	0
LK-5212260	Buddhangala	Buddhangala	GND	758	0	0	0	0	0	0	0	0
LK-5212265	Palam Kandavura	Palam Kandavura	GND	2018	0	0	0	0	0	0	0	0
LK-5212270	Himidurawa	Himidurawa	GND	2132	0	0	0	0	0	0	0	0
LK-5212275	Abhayapura	Abhayapura	GND	884	0	0	0	0	0	0	0	0
LK-5215	Ampara	Ampara	DSD	47324	166	0	142	12	100	0	0	0
LK-5215005	Dambethalawa	Dambethalawa	GND	3225	0	0	0	0	0	0	0	0
LK-5215010	Samapura	Samapura	GND	2015	23	0	46	0	0	0	0	0
LK-5215015	Karangawa	Karangawa	GND	3646	19	0	0	0	0	0	0	0
LK-5215020	Gemunupura	Gemunupura	GND	1389	0	0	0	0	47	0	0	0
LK-5215025	Thissapura	Thissapura	GND	2109	0	0	0	0	27	0	0	0
LK-5215030	Nawagampura	"Nawagampura

Nawagamp"	GND	4940	32	0	31	0	14	0	0	0
LK-5215035	Senanayakepura	Senanayakepura	GND	3093	0	0	11	0	0	0	0	0
LK-5215040	Jayawardhanapura	Jayawardhanapura	GND	3008	22	0	18	12	12	0	0	0
LK-5215045	Indrasarapura	Indrasarapura	GND	1417	0	0	0	0	0	0	0	0
LK-5215050	Mihindupura	Mihindupura	GND	2390	18	0	0	0	0	0	0	0
LK-5215055	Saddhathissapura	Saddhathissapura	GND	2163	52	0	36	0	0	0	0	0
LK-5215060	Kotavehera	Kotavehera	GND	1457	0	0	0	0	0	0	0	0
LK-5215065	Paragahakele East	Paragahakele East	GND	1516	0	0	0	0	0	0	0	0
LK-5215070	Paragahakele West	Paragahakele West	GND	1702	0	0	0	0	0	0	0	0
LK-5215075	Ambagahawella	Ambagahawella	GND	1582	0	0	0	0	0	0	0	0
LK-5215080	Ambamalthalawa	Ambamalthalawa	GND	1534	0	0	0	0	0	0	0	0
LK-5215085	Namalthalawa	Namalthalawa	GND	1681	0	0	0	0	0	0	0	0
LK-5215090	Namaloya II	Namaloya (ii)	GND	1527	0	0	0	0	0	0	0	0
LK-5215095	Polwaga Janapadaya	Polwaga Janapadaya	GND	2225	0	0	0	0	0	0	0	0
LK-5215100	Wavinna North	Wavinna North	GND	1329	0	0	0	0	0	0	0	0
LK-5215105	Wavinna South	Wavinna South	GND	2010	0	0	0	0	0	0	0	0
LK-5215110	Namaloya I	Namaloya ( i )	GND	1366	0	0	0	0	0	0	0	0
LK-5216	Navithanveli	Navithanveli	DSD	78	13779	0	7940	0	0	0	0	0
LK-5216005	Central Camp 01	Central Camp 01	GND	0	567	0	413	0	0	0	0	0
LK-5216010	Central Camp 02	Central Camp 02	GND	15	616	0	123	0	0	0	0	0
LK-5216015	Central Camp 03	Central Camp 03	GND	63	368	0	684	0	0	0	0	0
LK-5216020	Central Camp 05	Central Camp 05	GND	0	963	0	0	0	0	0	0	0
LK-5216025	Central Camp 06	Central Camp 06	GND	0	1269	0	0	0	0	0	0	0
LK-5216030	Central Camp 04	Central Camp 04	GND	0	733	0	0	0	0	0	0	0
LK-5216035	Chalambaikerny 03	Chalambaikerny 03	GND	0	0	0	1316	0	0	0	0	0
LK-5216040	Chalambaikerny 04	Chalambaikerny 04	GND	0	38	0	2073	0	0	0	0	0
LK-5216045	Chalambaikerny 05	Chalambaikerny 05	GND	0	0	0	669	0	0	0	0	0
LK-5216050	Chalambaikerny 01	Chalambaikerny 01	GND	0	0	0	1865	0	0	0	0	0
LK-5216055	Chalambaikerny 02	Chalambaikerny 02	GND	0	56	0	655	0	0	0	0	0
LK-5216060	Sorikalmunai 3	Sorikalmunai 03	GND	0	900	0	142	0	0	0	0	0
LK-5216065	Sorikalmunai 1	Sorikalmunai 01	GND	0	1220	0	0	0	0	0	0	0
LK-5216070	Sorikalmunai 2	Sorikalmunai 02	GND	0	562	0	0	0	0	0	0	0
LK-5216075	Chavalakade	Chavalakade	GND	0	724	0	0	0	0	0	0	0
LK-5216080	Navithanveli 02	Navithanveli 02	GND	0	1151	0	0	0	0	0	0	0
LK-5216085	Annamalai 03	Annamalai 03	GND	0	532	0	0	0	0	0	0	0
LK-5216090	Annamalai 02	Annamalai 02	GND	0	1741	0	0	0	0	0	0	0
LK-5216095	Navithanveli 01	Navithanveli 01	GND	0	1407	0	0	0	0	0	0	0
LK-5216100	Annamalai 01	Annamalai 01	GND	0	932	0	0	0	0	0	0	0
LK-5218	Sammanthurai	Samanthurai	DSD	519	8846	20	63040	216	0	0	0	0
LK-5218005	Veeramunai 04	Veeramunai 04	GND	101	550	0	186	0	0	0	0	0
LK-5218010	Sammanthurai 08	Sammanthurai 08	GND	0	0	0	1289	0	0	0	0	0
LK-5218015	Sammanthurai 06	Sammanthurai 06	GND	0	0	0	566	0	0	0	0	0
LK-5218020	Sammanthurai TD 01	Sammanthurai Tamil Division 01	GND	0	18	0	700	0	0	0	0	0
LK-5218025	Sammanthurai TD 04	Sammanthurai Tamil Division 04	GND	0	58	0	147	158	0	0	0	0
LK-5218030	Sammanthurai TD 02	Sammanthurai Tamil Division 02	GND	0	0	0	749	0	0	0	0	0
LK-5218035	Sammanthurai 01	Sammanthurai 01	GND	0	0	0	945	0	0	0	0	0
LK-5218040	Sammanthurai 02	Sammanthurai 02	GND	0	0	0	1648	0	0	0	0	0
LK-5218045	Sammanthurai 05	Sammanthurai 05	GND	0	0	0	713	0	0	0	0	0
LK-5218050	Karuwaddukal 01	Karuwaddukal 01	GND	0	0	0	1462	0	0	0	0	0
LK-5218055	Karuwaddukal 03	Karuwaddukal 03	GND	0	0	0	1715	0	0	0	0	0
LK-5218060	Karuwaddukal 02	Karuwaddukal 02	GND	0	0	0	1418	0	0	0	0	0
LK-5218065	Sammanthurai 11	Sammanthurai 11	GND	0	12	0	661	0	0	0	0	0
LK-5218070	Sammanthurai 10	Sammanthurai 10	GND	0	82	0	737	0	0	0	0	0
LK-5218075	Sammanthurai 09	Sammanthurai 09	GND	0	0	0	1426	0	0	0	0	0
LK-5218080	Sammanthurai 07	Sammanthurai 07	GND	0	0	0	1005	0	0	0	0	0
LK-5218085	Sammanthurai 04	Sammanthurai 04	GND	0	0	0	855	0	0	0	0	0
LK-5218090	Sammanthurai TD 03	Sammanthurai Tamil Division 03	GND	0	0	0	1358	0	0	0	0	0
LK-5218095	Maddakalaputharavai 02	Maddakalaputharavai 02	GND	0	461	0	959	38	0	0	0	0
LK-5218100	Maddakalaputharavai 01	Maddakalaputharavai 01	GND	0	0	0	1247	0	0	0	0	0
LK-5218105	Sammanthurai 03	Sammanthurai 03	GND	0	0	0	1499	0	0	0	0	0
LK-5218110	Veeramunai 03	Veeramunai 03	GND	0	562	0	64	0	0	0	0	0
LK-5218115	Veeramunai 02	Veeramunai 02	GND	0	489	0	34	0	0	0	0	0
LK-5218120	Veeramunai 01	Veeramunai 01	GND	0	534	0	49	0	0	0	0	0
LK-5218125	Sammanthurai 12	Sammanthurai 12	GND	0	175	0	677	0	0	0	0	0
LK-5218130	Malwatte 02	Malwatte 02	GND	0	1241	0	0	0	0	0	0	0
LK-5218135	Block 'J' East 01	Block 'J' East 01	GND	0	0	0	1863	0	0	0	0	0
LK-5218140	Block 'J' West 02	Block 'J' West 02	GND	0	0	0	1795	0	0	0	0	0
LK-5218145	Kallarichchel 02	Kallarichchel 02	GND	0	0	0	3017	0	0	0	0	0
LK-5218150	Block 'J' West 01	Block 'J' West 01	GND	0	0	0	1270	0	0	0	0	0
LK-5218155	Kallarichchel 03	Kallarichchel 03	GND	0	0	0	1481	0	0	0	0	0
LK-5218160	Udanga 01	Udanga 01	GND	0	0	0	2181	0	0	0	0	0
LK-5218165	Udanga 02	Udanga02	GND	277	78	10	1867	0	0	0	0	0
LK-5218170	Vilinayadi 01	Vilinayadi 01	GND	0	0	0	2492	0	0	0	0	0
LK-5218175	Sennelgramam 01	Sennelgramam 01	GND	0	0	0	2807	0	0	0	0	0
LK-5218180	Sennelgramam 02	Sennelgramam 02	GND	0	0	10	3589	0	0	0	0	0
LK-5218185	Block 'J' East 03	Block 'J' East 03	GND	0	56	0	1747	0	0	0	0	0
LK-5218190	Block 'J' East 02	Block 'J' East 02	GND	0	0	0	1690	0	0	0	0	0
LK-5218195	Malayadikiramam 01	Malayadikiramam 01	GND	0	0	0	2308	0	0	0	0	0
LK-5218200	Malayadikiramam 03	Malayadikiramam 03	GND	0	0	0	2185	0	0	0	0	0
LK-5218205	Malwatte 03	Malwatte 03	GND	87	0	0	1085	0	0	0	0	0
LK-5218210	Malwatte 01	Malwatte 01	GND	12	1175	0	16	20	0	0	0	0
LK-5218215	Malkampiddy	Malkampiddy	GND	0	0	0	484	0	0	0	0	0
LK-5218220	Malayadikiramam 04	Malayadikiramam 04	GND	0	0	0	1593	0	0	0	0	0
LK-5218225	Malayadikiramam 02	Malayadikiramam 02	GND	0	0	0	2712	0	0	0	0	0
LK-5218230	Vilinayadi 02	Vilinayadi 02	GND	0	0	0	1319	0	0	0	0	0
LK-5218235	Vilinayadi 03	Vilinayadi 03	GND	0	0	0	1509	0	0	0	0	0
LK-5218240	Kallarichchel 01	Kallarichchel 01	GND	0	0	0	1011	0	0	0	0	0
LK-5218245	Valathapitty 02	Valathapitty 02	GND	0	235	0	0	0	0	0	0	0
LK-5218250	Valathapitty 01	Valathapitty 01	GND	42	2683	0	830	0	0	0	0	0
LK-5218255	Malwatte 04	Malwatte 04	GND	0	437	0	80	0	0	0	0	0
LK-5221	Kalmunai North	Kalmunai North Sub	DSD	117	27483	33	3280	472	0	0	0	0
LK-5221005	Periyaneelavanai  01B	Periyaneelavanai  01B	GND	14	1900	21	0	29	0	0	0	0
LK-5221010	Periyaneelavanai  01A	Periyaneelavanai  01A	GND	0	863	0	0	0	0	0	0	0
LK-5221015	Periyaneelavanai  01	Periyaneelavanai  01	GND	0	1352	0	0	0	0	0	0	0
LK-5221020	Periyaneelavanai  02	Periyaneelavanai  02	GND	0	975	0	2466	0	0	0	0	0
LK-5221025	Chenaikudiyiruppu 01A	Chenaikudiyiruppu 01A	GND	0	1461	0	0	0	0	0	0	0
LK-5221030	Pandiruppu 01	Pandiruppu 01	GND	0	903	0	169	0	0	0	0	0
LK-5221035	Pandiruppu 01B	Pandiruppu 01B	GND	0	861	0	0	0	0	0	0	0
LK-5221040	Pandiruppu 01C	Pandiruppu 01C	GND	0	808	0	0	0	0	0	0	0
LK-5221045	Pandiruppu 01A	Pandiruppu 01A	GND	0	788	0	95	0	0	0	0	0
LK-5221050	Pandiruppu 02_x000D_	Pandiruppu 02	GND	0	1660	0	0	10	0	0	0	0
LK-5221055	Pandiruppu 02B	Pandiruppu 02B	GND	0	658	0	0	0	0	0	0	0
LK-5221060	Pandiruppu 02C	Pandiruppu 02C	GND	0	1060	0	0	0	0	0	0	0
LK-5221065	Pandiruppu 02A	Pandiruppu 02A	GND	0	770	0	0	42	0	0	0	0
LK-5221070	Kalmunai  01D	Kalmunai  01D	GND	22	827	0	0	0	0	0	0	0
LK-5221075	Kalmunai  01B	Kalmunai  01B	GND	16	391	0	0	58	0	0	0	0
LK-5221080	Kalmunai  01A	Kalmunai  01A	GND	15	826	0	0	0	0	0	0	0
LK-5221085	Kalmunai  01	Kalmunai  01	GND	14	1019	0	0	173	0	0	0	0
LK-5221090	Natpiddimunai (T.P ) 03	Natpiddimunai (T.P ) 03	GND	0	972	0	36	114	0	0	0	0
LK-5221095	Natpiddimunai (T.P ) 02	Natpiddimunai (T.P ) 02	GND	0	1288	0	73	0	0	0	0	0
LK-5221100	Natpiddimunai (T.P ) 01	Natpiddimunai (T.P ) 01	GND	0	841	0	40	0	0	0	0	0
LK-5221105	Chenaikudiyiruppu 01B	Chenaikudiyiruppu 01B	GND	0	1045	0	0	0	0	0	0	0
LK-5221110	Chenaikudiyiruppu 01	Chenaikudiyiruppu 01	GND	0	964	0	0	0	0	0	0	0
LK-5221115	Kalmunai  01C	Kalmunai  01C	GND	26	676	0	0	0	0	0	0	0
LK-5221120	Kalmunai  01E	Kalmunai  01E	GND	10	993	0	0	23	0	0	0	0
LK-5221125	Kalmunai  02B	Kalmunai  02B	GND	0	593	0	0	0	0	0	0	0
LK-5221130	Kalmunai  02A	Kalmunai  02A	GND	0	896	12	0	0	0	0	0	0
LK-5221135	Kalmunai  02	Kalmunai  02	GND	0	1217	0	0	23	0	0	0	0
LK-5221140	Kalmunai  03	Kalmunai  03	GND	0	509	0	401	0	0	0	0	0
LK-5221145	Kalmunai  03A	Kalmunai  03A	GND	0	367	0	0	0	0	0	0	0
LK-5224	Kalmunai	Kalmunai	DSD	28	62	0	52542	14	0	0	0	0
LK-5224005	Periyaneelavanai 01B	Periyaneelavanai  Muslim Section	GND	0	0	0	2237	0	0	0	0	0
LK-5224010	Periyaneelavanai 01A	Periyaneelavanai  Muslim Section	GND	0	0	0	1197	0	0	0	0	0
LK-5224015	Periyaneelavanai 01	Maruthamunai 01	GND	0	0	0	1135	0	0	0	0	0
LK-5224020	Periyaneelavanai 02	Maruthamunai 02	GND	0	0	0	1411	0	0	0	0	0
LK-5224025	Chenaikudiyiruppu 01A	Maruthamunai 03	GND	0	0	0	4836	0	0	0	0	0
LK-5224030	Pandiruppu 01	Maruthamunai 04	GND	0	0	0	2160	0	0	0	0	0
LK-5224035	Pandiruppu 01B	Maruthamunai 05	GND	0	0	0	1355	0	0	0	0	0
LK-5224040	Pandiruppu 01C	Maruthamunai 06	GND	0	0	0	4247	0	0	0	0	0
LK-5224045	Pandiruppu 01A	Natpiddimunai (M.P ) 03	GND	0	0	0	1162	0	0	0	0	0
LK-5224050	Pandiruppu 02	Natpiddimunai (M.P ) 02	GND	0	0	0	877	0	0	0	0	0
LK-5224055	Pandiruppu 02B	Natpiddimunai (M.P ) 01	GND	0	12	0	926	0	0	0	0	0
LK-5224060	Pandiruppu 02C	Natpiddimunai (M.P ) 05	GND	0	0	0	1046	0	0	0	0	0
LK-5224065	Pandiruppu 02A	Natpiddimunai (M.P ) 04	GND	0	0	0	1125	0	0	0	0	0
LK-5224070	Kalmunai 01D	Islamabad & kalmunai Town	GND	0	50	0	1612	14	0	0	0	0
LK-5224075	Kalmunai 01B	Kalmunai Muslim Section	GND	0	0	0	3537	0	0	0	0	0
LK-5224080	Kalmunai 01A	Kalmunaikudi 01	GND	0	0	0	1561	0	0	0	0	0
LK-5224085	Kalmunai 01	Kalmunaikudi 03	GND	0	0	0	2873	0	0	0	0	0
LK-5224090	Natpiddimunai Td 03	Kalmunaikudi 02	GND	0	0	0	1592	0	0	0	0	0
LK-5224095	Natpiddimunai Td 02	Kalmunaikudi 04	GND	0	0	0	949	0	0	0	0	0
LK-5224100	Natpiddimunai Td 01	Kalmunaikudi 05	GND	0	0	0	1826	0	0	0	0	0
LK-5224105	Chenaikudiyiruppu 01B	Kalmunaikudi 06	GND	0	0	0	1270	0	0	0	0	0
LK-5224110	Chenaikudiyiruppu 01	Kalmunaikudi 08	GND	0	0	0	1117	0	0	0	0	0
LK-5224115	Kalmunai 01C	Kalmunaikudi 09	GND	0	0	0	3251	0	0	0	0	0
LK-5224120	Kalmunai 01E	Kalmunaikudi 07	GND	0	0	0	1783	0	0	0	0	0
LK-5224125	Kalmunai 02B	Kalmunaikudi 10	GND	28	0	0	1038	0	0	0	0	0
LK-5224130	Kalmunai 02A	Kalmunaikudi 11	GND	0	0	0	1217	0	0	0	0	0
LK-5224135	Kalmunai 02	Kalmunaikudi 12	GND	0	0	0	1102	0	0	0	0	0
LK-5224140	Kalmunai 03	Kalmunaikudi 13	GND	0	0	0	1889	0	0	0	0	0
LK-5224145	Kalmunai 03A	Kalmunaikudi 14	GND	0	0	0	2211	0	0	0	0	0
LK-5225	Sainthamaruthu	Sainthamaruthu	DSD	0	0	0	29811	0	0	0	0	0
LK-5225005	Sainthamaruthu 01	Sainthamaruthu 01	GND	0	0	0	2163	0	0	0	0	0
LK-5225010	Sainthamaruthu 02	Sainthamaruthu 02	GND	0	0	0	2208	0	0	0	0	0
LK-5225015	Sainthamaruthu 03	Sainthamaruthu 03	GND	0	0	0	2265	0	0	0	0	0
LK-5225020	Sainthamaruthu 04	Sainthamaruthu 04	GND	0	0	0	1421	0	0	0	0	0
LK-5225025	Sainthamaruthu 05	Sainthamaruthu 05	GND	0	0	0	1231	0	0	0	0	0
LK-5225030	Sainthamaruthu 06	Sainthamaruthu 06	GND	0	0	0	1158	0	0	0	0	0
LK-5225035	Sainthamaruthu 07	Sainthamaruthu 07	GND	0	0	0	1522	0	0	0	0	0
LK-5225040	Sainthamaruthu 08	Sainthamaruthu 08	GND	0	0	0	1282	0	0	0	0	0
LK-5225045	Sainthamaruthu 09	Sainthamaruthu 09	GND	0	0	0	2866	0	0	0	0	0
LK-5225050	Sainthamaruthu 10	Sainthamaruthu 10	GND	0	0	0	1425	0	0	0	0	0
LK-5225055	Sainthamaruthu 11	Sainthamaruthu 11	GND	0	0	0	1669	0	0	0	0	0
LK-5225060	Sainthamaruthu 13	Sainthamaruthu 13	GND	0	0	0	1198	0	0	0	0	0
LK-5225065	Sainthamaruthu 12	Sainthamaruthu 12	GND	0	0	0	1751	0	0	0	0	0
LK-5225070	Sainthamaruthu 17	Sainthamaruthu 17	GND	0	0	0	1940	0	0	0	0	0
LK-5225075	Sainthamaruthu 14	Sainthamaruthu 14	GND	0	0	0	1324	0	0	0	0	0
LK-5225080	Sainthamaruthu 15	Sainthamaruthu 15	GND	0	0	0	2199	0	0	0	0	0
LK-5225085	Sainthamaruthu 16	Sainthamaruthu 16	GND	0	0	0	2189	0	0	0	0	0
LK-5227	Karaitivu	Karaitheevu	DSD	0	11080	0	8279	83	0	0	0	0
LK-5227005	Mavadipalli West	Mavadipalli West	GND	0	0	0	1741	0	0	0	0	0
LK-5227010	Mavadipalli East	Mavadipalli East	GND	0	0	0	1639	0	0	0	0	0
LK-5227015	Maligaikadu West	Maligaikadu West	GND	0	0	0	1743	0	0	0	0	0
LK-5227020	Maligaikadu Central	Maligaikadu Central	GND	0	0	0	1572	0	0	0	0	0
LK-5227025	Maligaikadu East	Maligaikadu East	GND	0	0	0	1584	0	0	0	0	0
LK-5227030	Karaitheevu 03	Karaitheevu 03	GND	0	510	0	0	0	0	0	0	0
LK-5227035	Karaitheevu 02	Karaitheevu 02	GND	0	619	0	0	0	0	0	0	0
LK-5227040	Karaitheevu 01	Karaitheevu 01	GND	0	998	0	0	0	0	0	0	0
LK-5227045	Karaitheevu 06	Karaitheevu 06	GND	0	518	0	0	0	0	0	0	0
LK-5227050	Karaitheevu 05	Karaitheevu 05	GND	0	606	0	0	0	0	0	0	0
LK-5227055	Karaitheevu 04	Karaitheevu 04	GND	0	442	0	0	0	0	0	0	0
LK-5227060	Karaitheevu 08	Karaitheevu 08	GND	0	1305	0	0	0	0	0	0	0
LK-5227065	Karaitheevu 07	Karaitheevu 07	GND	0	1189	0	0	55	0	0	0	0
LK-5227070	Karaitheevu 10	Karaitheevu 10	GND	0	956	0	0	15	0	0	0	0
LK-5227075	Karaitheevu 09	Karaitheevu 09	GND	0	429	0	0	0	0	0	0	0
LK-5227080	Karaitheevu 11	Karaitheevu 11	GND	0	1286	0	0	0	0	0	0	0
LK-5227085	Karaitheevu 12	Karaitheevu 12	GND	0	2222	0	0	13	0	0	0	0
LK-5230	Nintavur	Ninthavur	DSD	0	968	26	29586	0	0	0	0	0
LK-5230005	Ninthavur 24	Ninthavur 24	GND	0	0	0	640	0	0	0	0	0
LK-5230010	Ninthavur 11	Ninthavur 11	GND	0	0	0	1532	0	0	0	0	0
LK-5230015	Ninthavur 12	Ninthavur 12	GND	0	0	0	1071	0	0	0	0	0
LK-5230020	Ninthavur 01	Ninthavur 01	GND	0	0	0	1878	0	0	0	0	0
LK-5230025	Ninthavur 02	Ninthavur 02	GND	0	0	0	1313	0	0	0	0	0
LK-5230030	Ninthavur 13	Ninthavur 13	GND	0	0	0	795	0	0	0	0	0
LK-5230035	Ninthavur 14	Ninthavur 14	GND	0	0	0	779	0	0	0	0	0
LK-5230040	Ninthavur 15	Ninthavur 15	GND	0	0	0	1016	0	0	0	0	0
LK-5230045	Ninthavur 03	Ninthavur 03	GND	0	0	0	1723	0	0	0	0	0
LK-5230050	Ninthavur 04	Ninthavur 04	GND	0	0	0	1927	0	0	0	0	0
LK-5230055	Ninthavur 16	Ninthavur 16	GND	0	0	0	797	0	0	0	0	0
LK-5230060	Ninthavur 17	Ninthavur 17	GND	0	0	0	809	0	0	0	0	0
LK-5230065	Ninthavur 18	Ninthavur 18	GND	0	0	0	632	0	0	0	0	0
LK-5230070	Ninthavur 05	Ninthavur 05	GND	0	0	0	2449	0	0	0	0	0
LK-5230075	Ninthavur 06	Ninthavur 06	GND	0	0	0	1379	0	0	0	0	0
LK-5230080	Ninthavur 19	Ninthavur 19	GND	0	0	0	654	0	0	0	0	0
LK-5230085	Ninthavur 25	Ninthavur 25	GND	0	0	0	504	0	0	0	0	0
LK-5230090	Ninthavur 20	Ninthavur 20	GND	0	189	0	436	0	0	0	0	0
LK-5230095	Ninthavur 07	Ninthavur 07	GND	0	26	0	1348	0	0	0	0	0
LK-5230100	Ninthavur 08	Ninthavur 08	GND	0	0	0	1776	0	0	0	0	0
LK-5230105	Ninthavur 21	Ninthavur 21	GND	0	0	0	717	0	0	0	0	0
LK-5230110	Ninthavur 22	Ninthavur 22	GND	0	15	0	1549	0	0	0	0	0
LK-5230115	Ninthavur 09	Ninthavur 09	GND	0	12	0	2471	0	0	0	0	0
LK-5230120	Ninthavur 10	Ninthavur 10	GND	0	664	0	276	0	0	0	0	0
LK-5230125	Ninthavur 23	Ninthavur 23	GND	0	62	26	1115	0	0	0	0	0
LK-5233	Addalaichenai	Addalachchenai	DSD	3417	698	115	48854	0	0	0	0	0
LK-5233005	Deegawapie 01	Deeghawapiya 01	GND	1411	0	0	0	0	0	0	0	0
LK-5233010	Oluvil 01	Oluvil 01	GND	959	252	71	3389	0	0	0	0	0
LK-5233015	Oluvil 04	Oluvil 04	GND	0	0	0	1624	0	0	0	0	0
LK-5233020	Oluvil 06	Oluvil 06	GND	0	0	0	1380	0	0	0	0	0
LK-5233025	Oluvil 05	Oluvil 05	GND	0	0	0	869	0	0	0	0	0
LK-5233030	Oluvil 03	Oluvil 03	GND	0	0	0	519	0	0	0	0	0
LK-5233035	Oluvil 02	Oluvil 02	GND	0	0	0	2560	0	0	0	0	0
LK-5233040	Palamuna 06	Palamuna 06	GND	0	227	0	111	0	0	0	0	0
LK-5233045	Oluvil 07	Oluvil 07	GND	0	0	0	1887	0	0	0	0	0
LK-5233050	Palamuna 02	Palamuna 02	GND	0	0	0	2033	0	0	0	0	0
LK-5233055	Palamuna 01	Palamuna 01	GND	0	12	0	2622	0	0	0	0	0
LK-5233060	Palamuna 03	Palamuna 03	GND	0	0	0	1433	0	0	0	0	0
LK-5233065	Palamuna 04	Palamuna 04	GND	0	12	0	2258	0	0	0	0	0
LK-5233070	Palamuna 05	Palamuna 05	GND	0	0	0	1981	0	0	0	0	0
LK-5233075	Addalachchenai 02	Addalachchenai 02	GND	0	0	0	1199	0	0	0	0	0
LK-5233080	Addalachchenai 09	Addalachchenai 09	GND	0	0	0	1762	0	0	0	0	0
LK-5233085	Addalachchenai 10	Addalachchenai 10	GND	0	0	0	1579	0	0	0	0	0
LK-5233090	Addalachchenai 08	Addalachchenai 08	GND	0	0	0	2666	0	0	0	0	0
LK-5233095	Addalachchenai 06	Addalachchenai 06	GND	0	0	0	2295	0	0	0	0	0
LK-5233100	Addalachchenai 01	Addalachchenai 01	GND	0	0	0	1124	0	0	0	0	0
LK-5233105	Addalachchenai 11	Addalachchenai 11	GND	0	0	0	1073	0	0	0	0	0
LK-5233110	Addalachchenai 03	Addalachchenai 03	GND	0	0	0	1001	0	0	0	0	0
LK-5233115	Addalachchenai 07	Addalachchenai 07	GND	0	0	0	1449	0	0	0	0	0
LK-5233120	Addalachchenai 12	Addalachchenai 12	GND	0	0	0	979	0	0	0	0	0
LK-5233125	Addalachchenai 14	Addalachchenai 14	GND	0	184	44	1428	0	0	0	0	0
LK-5233130	Addalachchenai 13	Addalachchenai 13	GND	0	0	0	1544	0	0	0	0	0
LK-5233135	Addalachchenai 04	Addalachchenai 04	GND	0	0	0	1799	0	0	0	0	0
LK-5233140	Addalachchenai 15	Addalachchenai 15	GND	0	0	0	2212	0	0	0	0	0
LK-5233145	Addalachchenai 16	Addalachchenai 16	GND	0	0	0	1880	0	0	0	0	0
LK-5233150	Addalachchenai 05	Addalachchenai 05	GND	0	0	0	1213	0	0	0	0	0
LK-5233155	Addalachchenai 17	Addalachchenai 17	GND	0	11	0	955	0	0	0	0	0
LK-5233160	Deegawapie 02	Deeghawapiya 02	GND	1047	0	0	30	0	0	0	0	0
LK-5234	Irakkamam	Irakkamam	DSD	964	385	0	16255	0	0	0	0	0
LK-5234005	Irakkamam 07	Irakkamam 07	GND	23	351	0	911	0	0	0	0	0
LK-5234010	Varipathanchenai 01	Varipathanchenai 01	GND	105	0	0	1490	0	0	0	0	0
LK-5234015	Irakkamam 02	Irakkamam 02	GND	336	34	0	1011	0	0	0	0	0
LK-5234020	Irakkamam 08	Irakkamam 08	GND	0	0	0	1329	0	0	0	0	0
LK-5234025	Irakkamam 09	Irakkamam 09	GND	0	0	0	585	0	0	0	0	0
LK-5234030	Irakkamam 06	Irakkamam 06	GND	0	0	0	791	0	0	0	0	0
LK-5234035	Irakkamam 01	Irakkamam 01	GND	0	0	0	979	0	0	0	0	0
LK-5234040	Irakkamam 03	Irakkamam 03	GND	0	0	0	2603	0	0	0	0	0
LK-5234045	Varipathanchenai 03	Varipathanchenai 03	GND	43	0	0	1940	0	0	0	0	0
LK-5234050	Irakkamam 05	Irakkamam 05	GND	457	0	0	1174	0	0	0	0	0
LK-5234055	Irakkamam 04	Irakkamam 04	GND	0	0	0	1401	0	0	0	0	0
LK-5234060	Varipathanchenai 02	Varipathanchenai 02	GND	0	0	0	2041	0	0	0	0	0
LK-5236	Akkaraipattu	Akkaraipattu	DSD	77	140	17	44662	0	0	0	0	0
LK-5236005	Alim Nagar	Alim Nagar	GND	41	25	0	1249	0	0	0	0	0
LK-5236010	Easankanichcheemai	Easankanichcheemai	GND	0	0	0	539	0	0	0	0	0
LK-5236015	Pallikudiyiruppu 02	Pallikudiyiruppu 02	GND	0	0	0	2105	0	0	0	0	0
LK-5236020	Paddiyadipiddy	Paddyadippiddy	GND	0	0	0	2360	0	0	0	0	0
LK-5236025	Akkaraipattu 06	Akkaraipattu 06	GND	0	0	0	3303	0	0	0	0	0
LK-5236030	Akkaraipattu 05	Akkaraipattu 05	GND	0	0	0	1729	0	0	0	0	0
LK-5236035	Akkaraipattu 04	Akkaraipattu 04	GND	0	0	0	1163	0	0	0	0	0
LK-5236040	Akkaraipattu 16	Akkaraipattu 16	GND	0	0	0	977	0	0	0	0	0
LK-5236045	Akkaraipattu 15	Akkaraipattu 15	GND	0	0	0	1005	0	0	0	0	0
LK-5236050	Akkaraipattu 14	Akkaraipattu 14	GND	0	0	0	2732	0	0	0	0	0
LK-5236055	Akkaraipattu 13	Akkaraipattu 13	GND	0	0	0	3337	0	0	0	0	0
LK-5236060	Akkaraipattu 12	Akkaraipattu 12	GND	0	0	0	1595	0	0	0	0	0
LK-5236065	Akkaraipattu 11	Akkaraipattu 11	GND	0	0	0	1690	0	0	0	0	0
LK-5236070	Akkaraipattu 01	Akkaraipattu 01	GND	0	0	0	1236	0	0	0	0	0
LK-5236075	Town Division 03	Town Division 03	GND	0	0	0	1670	0	0	0	0	0
LK-5236080	Akkaraipattu 10	Akkaraipattu 10	GND	0	0	0	1288	0	0	0	0	0
LK-5236085	Town Division 02	Town Division 02	GND	0	0	0	1294	0	0	0	0	0
LK-5236090	Akkaraipattu 02	Akkaraipattu 02	GND	0	0	0	1051	0	0	0	0	0
LK-5236095	Akkaraipattu 03	Akkaraipattu 03	GND	0	0	0	759	0	0	0	0	0
LK-5236100	Akkaraipattu 17	Akkaraipattu 17	GND	0	0	0	1186	0	0	0	0	0
LK-5236105	Akkaraipattu 18	Akkaraipattu 18	GND	0	0	0	1090	0	0	0	0	0
LK-5236110	Akkaraipattu 20	Akkaraipattu 20	GND	0	0	0	1343	0	0	0	0	0
LK-5236115	Akkaraipattu 21	Akkaraipattu 21	GND	0	0	0	1440	0	0	0	0	0
LK-5236120	Pallikudiyiruppu 01	Pallikudiyiruppu 01	GND	0	0	0	2020	0	0	0	0	0
LK-5236125	Akkaraipattu 19	Akkaraipattu 19	GND	0	90	0	1012	0	0	0	0	0
LK-5236130	Town Division 01	Town Division 01	GND	0	0	0	966	0	0	0	0	0
LK-5236135	Town Division 05	Town Division 05	GND	36	25	17	3043	0	0	0	0	0
LK-5236140	Town Division 04	Town Division 04	GND	0	0	0	1480	0	0	0	0	0
LK-5239	Alayadivembu	Alayadiwembu	DSD	168	24252	24	44	152	0	0	0	0
LK-5239005	Akkaraipattu 8/1	Akkaraipattu 8/1	GND	0	354	0	32	26	0	0	0	0
LK-5239010	Akkaraipattu 09	Akkaraipattu 9	GND	20	574	0	0	17	0	0	0	0
LK-5239015	Akkaraipattu 8/3	Akkaraipattu 8/3	GND	0	584	0	0	0	0	0	0	0
LK-5239020	Akkaraipattu 8/2	Akkaraipattu 8/2	GND	33	528	0	0	0	0	0	0	0
LK-5239025	Akkaraipattu 7/1	Akkaraipattu 7/1	GND	13	418	0	0	0	0	0	0	0
LK-5239030	Akkaraipattu 7/2	Akkaraipattu 7/2	GND	0	495	0	0	0	0	0	0	0
LK-5239035	Vachchikudah	Vachchikuda	GND	35	1392	0	12	0	0	0	0	0
LK-5239040	Kannakigramam 01	Kannahikiramam 01	GND	0	773	0	0	0	0	0	0	0
LK-5239045	Aligambai	Aligambai	GND	0	1046	0	0	0	0	0	0	0
LK-5239050	Akkaraipattu 7/4	Akkaraipattu 7/4	GND	0	1621	10	0	0	0	0	0	0
LK-5239055	Akkaraipattu 7/3	Akkaraipattu 7/3	GND	0	545	0	0	12	0	0	0	0
LK-5239060	Akkaraipattu 7	Akkaraipattu 7	GND	23	765	0	0	0	0	0	0	0
LK-5239065	Akkaraipattu 8	Akkaraipattu 8	GND	10	1271	0	0	0	0	0	0	0
LK-5239070	Sinnamugathuwaram	Sinnamugathuwaram	GND	0	157	0	0	0	0	0	0	0
LK-5239075	Kolavil 03	Kolavil 03	GND	10	1654	0	0	0	0	0	0	0
LK-5239080	Navatkadu	Navatkadu	GND	0	1854	0	0	14	0	0	0	0
LK-5239085	Kolavil 02	Kolavil 02	GND	0	1956	0	0	0	0	0	0	0
LK-5239090	Kolavil 01	Kolavil 01	GND	0	1643	14	0	0	0	0	0	0
LK-5239095	Panankadu	Panankadu	GND	10	1795	0	0	0	0	0	0	0
LK-5239100	Sinna Panankadu	Sinna Panankadu	GND	0	1207	0	0	14	0	0	0	0
LK-5239105	Kannakigramam 02	Kannahikiramam 02	GND	0	857	0	0	0	0	0	0	0
LK-5239110	Alayadivembu	Alayadivembu	GND	14	2763	0	0	69	0	0	0	0
LK-5242	Damana	Damana	DSD	40108	0	0	160	0	0	0	0	0
LK-5242005	Keenawatta	Keenawatta	GND	934	0	0	0	0	0	0	0	0
LK-5242010	Muwangala	Muwangala	GND	2092	0	0	0	0	0	0	0	0
LK-5242015	Galmaduwa	Galmaduwa	GND	1397	0	0	0	0	0	0	0	0
LK-5242020	Uksiripura	Uksiripura	GND	2087	0	0	0	0	0	0	0	0
LK-5242025	Helagampura	Helagampura	GND	581	0	0	0	0	0	0	0	0
LK-5242030	Karalewa	Karalewa	GND	2576	0	0	0	0	0	0	0	0
LK-5242035	Hingurana	Hingurana	GND	781	0	0	0	0	0	0	0	0
LK-5242040	Diviyagala	Diviyagala	GND	1579	0	0	0	0	0	0	0	0
LK-5242045	Padagoda	Padagoda	GND	1200	0	0	0	0	0	0	0	0
LK-5242050	Pahalalanda	Pahalalanda	GND	1200	0	0	0	0	0	0	0	0
LK-5242055	Hindakalugama	Hindakalugama	GND	1237	0	0	0	0	0	0	0	0
LK-5242060	Kalugolla	Kalugolla	GND	419	0	0	0	0	0	0	0	0
LK-5242065	Dewalahinda	Dewalahida	GND	1469	0	0	0	0	0	0	0	0
LK-5242070	Koknahara	Koknahara	GND	1926	0	0	0	0	0	0	0	0
LK-5242075	Moragahapallama	Moragahapallama	GND	1146	0	0	0	0	0	0	0	0
LK-5242080	Damana	Damana	GND	1067	0	0	0	0	0	0	0	0
LK-5242085	Alahena	Alahena	GND	983	0	0	0	0	0	0	0	0
LK-5242090	Madawalalanda	Madawalalanda	GND	1155	0	0	0	0	0	0	0	0
LK-5242095	Madana	Madana	GND	1170	0	0	0	0	0	0	0	0
LK-5242100	Eggaloya	Ekgaloya	GND	967	0	0	0	0	0	0	0	0
LK-5242105	Kethsirigama	Kethsirigama	GND	1101	0	0	0	0	0	0	0	0
LK-5242110	Galkanda	Galkanda	GND	1036	0	0	0	0	0	0	0	0
LK-5242115	Pallanoya	Pallanoya	GND	614	0	0	0	0	0	0	0	0
LK-5242120	Kivulegama	Kivulegama	GND	292	0	0	0	0	0	0	0	0
LK-5242125	Thimbirigolla	Thimbirigolla	GND	1427	0	0	0	0	0	0	0	0
LK-5242130	Ambalanoya	Ambalanoya	GND	1311	0	0	52	0	0	0	0	0
LK-5242135	Veheragala	Veheragala	GND	487	0	0	0	0	0	0	0	0
LK-5242140	18A. Janapadaya	18A Janapadaya	GND	984	0	0	108	0	0	0	0	0
LK-5242145	Thottama	Thottama	GND	1722	0	0	0	0	0	0	0	0
LK-5242150	Kumana	Kumana	GND	976	0	0	0	0	0	0	0	0
LK-5242155	Wadinagala	Wadinagala	GND	2330	0	0	0	0	0	0	0	0
LK-5242160	Pannalgama	Pannalgama	GND	1217	0	0	0	0	0	0	0	0
LK-5242165	Bakmitiyawa	Bakmitiyawa	GND	645	0	0	0	0	0	0	0	0
LK-5245	Tirukkovil	Thirukkovil	DSD	21	29141	19	0	0	0	0	0	0
LK-5245005	Thambiluvil 2	Thambiluvil 2	GND	0	446	0	0	0	0	0	0	0
LK-5245010	Thambiluvil 1	Thambiluvil 1	GND	0	761	0	0	0	0	0	0	0
LK-5245015	Thambiluvil 1 West	Thambiluvil 1 West	GND	0	1602	0	0	0	0	0	0	0
LK-5245020	Thambiluvil 1 East	Thambiluvil 1 East	GND	0	1891	0	0	0	0	0	0	0
LK-5245025	Thambiluvil 1 South	Thambiluvil 1 South	GND	0	1134	0	0	0	0	0	0	0
LK-5245030	Sagamam	Sangamam	GND	0	450	0	0	0	0	0	0	0
LK-5245035	Thambiluvil 2 West	Thambiluvil 2 West	GND	0	1158	0	0	0	0	0	0	0
LK-5245040	Thambiluvil 2 North	Thambiluvil 2 North	GND	0	1263	0	0	0	0	0	0	0
LK-5245045	Thambiluvil 2 East	Thambiluvil 2 East	GND	0	1350	0	0	0	0	0	0	0
LK-5245050	Thirukkovil 3	Thirukkovil 3	GND	0	1689	0	0	0	0	0	0	0
LK-5245055	Thirukkovil 1	Thirukkovil 1	GND	0	1393	0	0	0	0	0	0	0
LK-5245060	Thirukkovil 2	Thirukkovil 2	GND	0	1466	0	0	0	0	0	0	0
LK-5245065	Vinayahapuram 4	Vinayagapuram 4	GND	0	2082	0	0	0	0	0	0	0
LK-5245070	Vinayahapuram 1	Vinayagapuram 1	GND	0	1340	0	0	0	0	0	0	0
LK-5245075	Vinayahapuram 2	Vinayagapuram 2	GND	0	1644	0	0	0	0	0	0	0
LK-5245080	Thirukkovil 4	Thirukkovil 4	GND	0	4381	0	0	0	0	0	0	0
LK-5245085	Kanchirankudah	Kanchirankuda	GND	11	521	0	0	0	0	0	0	0
LK-5245090	Kanchikudicharu	Kanchikudicharu	GND	0	242	0	0	0	0	0	0	0
LK-5245095	Vinayahapuram 3	Vinayagapuram 3	GND	10	2295	19	0	0	0	0	0	0
LK-5245100	Sangamangramam	Sangamangramam	GND	0	1088	0	0	0	0	0	0	0
LK-5245105	Thandiyadi	Thandiyadi	GND	0	572	0	0	0	0	0	0	0
LK-5245110	Thangavelauthapuram	Thangavelayudapuram	GND	0	373	0	0	0	0	0	0	0
LK-5248	Pottuvil	Pothuvil	DSD	765	7573	0	34436	43	0	0	0	0
LK-5248005	Sangamankanda	Sangaman Kandy	GND	10	856	0	0	0	0	0	0	0
LK-5248010	Sinna Ullai	Sinna Ullai	GND	230	128	0	1308	0	0	0	0	0
LK-5248015	Sinna Puthukkudiyiruppu	Sinna Puthukudiyiruppu	GND	0	0	0	2816	0	0	0	0	0
LK-5248020	Victor Estate 2	Victor Estate 2	GND	19	118	0	1959	0	0	0	0	0
LK-5248025	Vaddively	Vaddively	GND	181	410	0	106	0	0	0	0	0
LK-5248030	Victor Estate 1	Victor Estate 1	GND	0	0	0	1867	0	0	0	0	0
LK-5248035	Rasak Moulana Nagar	Rasak Moulana Nagar	GND	0	0	0	3264	0	0	0	0	0
LK-5248040	Sarvodayapuram	Sarvodayapuram	GND	13	0	0	2978	0	0	0	0	0
LK-5248045	Pothuvil 02 / Unit 3	Pothuvil 02/Unit II	GND	0	0	0	934	0	0	0	0	0
LK-5248050	Kundumadu	Kundumadu	GND	58	1236	0	32	0	0	0	0	0
LK-5248055	Pothuvil 01/Unit II	Pothuvil 01/Unit II	GND	0	0	0	1210	0	0	0	0	0
LK-5248060	Pakkiyawatta 2	Pakkiyawatta 2	GND	0	0	0	1164	0	0	0	0	0
LK-5248065	Pasarichchenai	Pasarichchenai	GND	0	0	0	1749	0	0	0	0	0
LK-5248070	Pothuvil Town	Pothuvil Town	GND	97	69	0	243	0	0	0	0	0
LK-5248075	Pakkiyawatta 1	Pakkiyawatta 1	GND	48	48	0	951	0	0	0	0	0
LK-5248080	Komarie 02	Komarie 02	GND	18	1217	0	0	0	0	0	0	0
LK-5248085	Komarie 01	Komarie 01	GND	11	1327	0	115	43	0	0	0	0
LK-5248090	Kalappukaddu	Kalappukaddu	GND	0	0	0	4214	0	0	0	0	0
LK-5248095	Jalaldeen Square	Jalaldeen Square	GND	0	0	0	1773	0	0	0	0	0
LK-5248100	Hidayapuram 2	Hidayapuram 2	GND	0	0	0	1491	0	0	0	0	0
LK-5248105	Hidayapuram 1	Hidayapuram 1	GND	46	31	0	2205	0	0	0	0	0
LK-5248110	Kanagarkiramam	Kanagarkiramam	GND	15	857	0	76	0	0	0	0	0
LK-5248115	Hijra Nagar	Hijra Nagar	GND	0	301	0	617	0	0	0	0	0
LK-5248120	Pothuvil 01/Unit I	Pothuvil 01/Unit I	GND	0	0	0	720	0	0	0	0	0
LK-5248125	Pothuvil 01/Unit III	Pothuvil 01/Unit III	GND	0	0	0	1379	0	0	0	0	0
LK-5248130	Inspector Etham	Inspector Etham	GND	19	975	0	0	0	0	0	0	0
LK-5248135	Pothuvil 02 / Unit 2	Pothuvil 02/Unit I	GND	0	0	0	1265	0	0	0	0	0
LK-5251	Lahugala	Lahugala	DSD	9732	661	0	0	0	0	0	0	0
LK-5251005	Kandahindagama	Kandahindagama	GND	460	0	0	0	0	0	0	0	0
LK-5251010	Hulannuge West	Hulannugee West	GND	682	0	0	0	0	0	0	0	0
LK-5251015	Hulannuge	Hulannuge	GND	912	0	0	0	0	0	0	0	0
LK-5251020	Perani Lahugala	Perani Lahugala	GND	674	0	0	0	0	0	0	0	0
LK-5251025	Lahugala	Lahugala	GND	831	0	0	0	0	0	0	0	0
LK-5251030	Dewalagoda	Dewalagoda	GND	783	0	0	0	0	0	0	0	0
LK-5251035	Pansalgoda	Pansalgoda	GND	426	58	0	0	0	0	0	0	0
LK-5251040	Panama West	Panama West	GND	822	33	0	0	0	0	0	0	0
LK-5251045	Shasthrawela	Shasthrawela	GND	876	19	0	0	0	0	0	0	0
LK-5251050	Panama Central	Panama Central	GND	769	0	0	0	0	0	0	0	0
LK-5251055	Panama North	Panama North	GND	1188	422	0	0	0	0	0	0	0
LK-5251060	Panama South	Panama South	GND	1309	129	0	0	0	0	0	0	0
LK-53	Trincomalee	Trincomalee	DISTRICT	108428	127925	438	203883	772	267	0	0	0
LK-5303	Padavi Sri Pura	Padavi Sri Pura	DSD	12064	0	0	0	0	0	0	0	0
LK-5303005	Seva Janapadaya	Seva Janapadaya	GND	2115	0	0	0	0	0	0	0	0
LK-5303010	Gemunupura	Gemunupura	GND	516	0	0	0	0	0	0	0	0
LK-5303015	Kavanthissapura	Kawanthissapura	GND	605	0	0	0	0	0	0	0	0
LK-5303020	Lassanagama	Lassanagama	GND	775	0	0	0	0	0	0	0	0
LK-5303025	Singhapura	Singhapura	GND	917	0	0	0	0	0	0	0	0
LK-5303030	Parana Medawachchiya	Parana Medawachchiya	GND	1010	0	0	0	0	0	0	0	0
LK-5303035	Samanpura	Samanpura	GND	1358	0	0	0	0	0	0	0	0
LK-5303040	Sri Thissapura	Sri Thissapura	GND	1269	0	0	0	0	0	0	0	0
LK-5303045	Sripura	Sri Pura	GND	1633	0	0	0	0	0	0	0	0
LK-5303050	Jayanthiwewa	Jayanthiwewa	GND	1866	0	0	0	0	0	0	0	0
LK-5306	Kuchchaweli	Kuchchaveli	DSD	1804	11913	121	25896	40	0	0	0	0
LK-5306005	Thennamaranvadiya	Thennaimaravady	GND	0	151	0	0	0	0	0	0	0
LK-5306010	Pulmoddai Division No. 3	Pulmoddai Division No 03	GND	0	112	0	1710	0	0	0	0	0
LK-5306015	Pulmoddai Division No. 2	Pulmoddai Division No 02	GND	95	13	0	2008	0	0	0	0	0
LK-5306020	Pulmoddai Division No. 1	Pulmoddai Division No 01	GND	58	54	0	4837	14	0	0	0	0
LK-5306025	Pulmoddai Division No. 4	Pulmoddai Division No 04	GND	55	18	0	3829	0	0	0	0	0
LK-5306030	Thiriyaya	Thiriyai	GND	168	353	0	0	0	0	0	0	0
LK-5306035	Senthoor	Senthoor	GND	45	333	0	1100	0	0	0	0	0
LK-5306040	Kaddukulam	Kaddukulam	GND	0	421	0	0	0	0	0	0	0
LK-5306045	Kallampattu	Kallampattai	GND	0	160	0	0	0	0	0	0	0
LK-5306050	Kuchchaveli	Kuchchaveli	GND	0	100	0	480	0	0	0	0	0
LK-5306055	Iranaikerni	Iranaikerni	GND	11	441	0	0	0	0	0	0	0
LK-5306060	Veerancholai	Veerancholai	GND	0	298	0	0	0	0	0	0	0
LK-5306065	Jayanagar	Jayanagar	GND	109	0	0	2112	15	0	0	0	0
LK-5306070	Cassimnagar	Cassimnagar	GND	0	0	0	1190	0	0	0	0	0
LK-5306075	Kumburupiddy South	Kumburupiddy South	GND	0	635	0	0	0	0	0	0	0
LK-5306080	Kumburupiddy North	Kumburupiddy North	GND	0	444	0	0	0	0	0	0	0
LK-5306085	Kumburupiddy East	Kumburupiddy East	GND	140	2532	93	15	0	0	0	0	0
LK-5306090	Nilaveli	Nilaveli	GND	0	769	0	30	0	0	0	0	0
LK-5306095	Irakkandy	Irakkandy	GND	0	227	0	2463	0	0	0	0	0
LK-5306100	Gopalapuram	Gopalapuram	GND	0	1466	0	533	0	0	0	0	0
LK-5306105	Veloor	Veloor	GND	0	652	0	1063	0	0	0	0	0
LK-5306110	Iqbalnagar	Iqbalnagar	GND	92	549	0	3405	11	0	0	0	0
LK-5306115	Periyakulam	Periyakulam	GND	1002	1693	28	117	0	0	0	0	0
LK-5306120	Vallaiyoothu	Valayoothu	GND	29	492	0	1004	0	0	0	0	0
LK-5309	Gomarankadawala	Gomarankadawala	DSD	8349	35	0	0	0	0	0	0	0
LK-5309005	Gomarankadawala	Gomarankadawala	GND	829	35	0	0	0	0	0	0	0
LK-5309010	Kalyanapura	Kalyanapura	GND	1169	0	0	0	0	0	0	0	0
LK-5309015	Galkadawala	Galkadawala	GND	1128	0	0	0	0	0	0	0	0
LK-5309020	Pamburugaswewa	Pamburugaswewa	GND	294	0	0	0	0	0	0	0	0
LK-5309025	Kandamalawa	Kandamalawa	GND	1182	0	0	0	0	0	0	0	0
LK-5309030	Medawachchiya	Madawachchiya	GND	563	0	0	0	0	0	0	0	0
LK-5309035	Kivulakadawala	Kivulakadawala	GND	1233	0	0	0	0	0	0	0	0
LK-5309040	Pulikandikulama	Pulikandikulama	GND	511	0	0	0	0	0	0	0	0
LK-5309045	Mailawewa	Mailawewa	GND	547	0	0	0	0	0	0	0	0
LK-5309050	Bakmeegama	Bakmeegama	GND	893	0	0	0	0	0	0	0	0
LK-5312	Morawewa	Morawewa	DSD	6413	1201	0	1536	0	0	0	0	0
LK-5312005	Peniketiyawa	Peniketiyawa	GND	1192	0	0	1098	0	0	0	0	0
LK-5312010	Mahadivulwewa	Mahadivulwewa Stage I	GND	2196	0	0	0	0	0	0	0	0
LK-5312015	Mahadiulwewa Stage 2	Mahadivulwewa Stage II	GND	927	0	0	0	0	0	0	0	0
LK-5312020	Nochchikulama	Nochchikulama	GND	426	532	0	42	0	0	0	0	0
LK-5312025	Morawewa South	Morawewa South	GND	616	175	0	0	0	0	0	0	0
LK-5312030	Morawewa North	Morawewa North	GND	529	0	0	0	0	0	0	0	0
LK-5312035	Awvainagar	Awvainagar	GND	14	164	0	0	0	0	0	0	0
LK-5312040	Namalwatta	Namalwatta	GND	109	0	0	396	0	0	0	0	0
LK-5312045	Kithuluthuwa	Kithuluthuwa	GND	334	149	0	0	0	0	0	0	0
LK-5312050	Morawewa Pankulama	Pankulama	GND	70	181	0	0	0	0	0	0	0
LK-5315	Town & Gravets	Trincomalee Town and Gravets	DSD	21937	62085	294	14948	525	267	0	0	0
LK-5315005	Wilgama	Wilgama	GND	382	16	0	0	0	0	0	0	0
LK-5315010	Welveri	Welveri	GND	0	0	0	0	0	0	0	0	0
LK-5315015	Kanniya	Kanniya	GND	22	663	0	44	0	0	0	0	0
LK-5315020	Eluppaikulam	Eluppaikulam	GND	23	1601	0	0	0	0	0	0	0
LK-5315025	Sampalthivu	Sampalthivu	GND	14	2196	0	13	0	0	0	0	0
LK-5315030	Salli	Salli	GND	0	2184	0	0	0	0	0	0	0
LK-5315035	Uppuveli	Uppuveli	GND	34	1591	0	14	0	0	0	0	0
LK-5315040	Puliyankulam	Puliyankulam	GND	50	6512	30	21	44	0	0	0	0
LK-5315045	Varodayanagar	Varothayanagar	GND	20	2535	0	22	0	0	0	0	0
LK-5315050	Peeliyady	Peeliyady	GND	88	848	0	0	13	0	0	0	0
LK-5315055	Mankaiyoottu	Mankaiyoottu	GND	38	1544	0	0	0	0	0	0	0
LK-5315060	Andankulam	Andankulama	GND	2340	168	0	248	30	104	0	0	0
LK-5315065	Singhapura	Singhapura	GND	1214	454	0	420	13	57	0	0	0
LK-5315070	Kovilady	Kovilady	GND	31	1077	12	501	0	0	0	0	0
LK-5315075	Palaiyoottu	Palaiyoottu	GND	460	1278	0	334	26	0	0	0	0
LK-5315080	Abayapura	Abayapura	GND	2694	1540	0	226	39	0	0	0	0
LK-5315085	Anpuvalipuram	Anpuvalipuram	GND	33	3817	0	60	20	0	0	0	0
LK-5315090	Mihindupura	Mihindupura	GND	685	376	0	118	17	0	0	0	0
LK-5315095	Selvanayahapuram	Selvanayahapuram	GND	11	2113	0	0	84	0	0	0	0
LK-5315100	Jinnanagar	Jinnanagar	GND	828	253	0	1583	20	0	0	0	0
LK-5315105	Murugapuri	Murugapuri	GND	335	1422	0	1192	0	0	0	0	0
LK-5315110	Thirukkadaloor	Thirukadaloor	GND	877	2435	31	67	0	0	0	0	0
LK-5315115	Pattanatheru	Pattanatheru	GND	90	713	0	75	0	0	0	0	0
LK-5315120	Peruntheru	Peruntheru	GND	155	857	0	316	0	19	0	0	0
LK-5315125	Sivapuri	Sivapuri	GND	336	2673	0	33	0	0	0	0	0
LK-5315130	Linganagar	Linganagar	GND	192	2992	0	65	0	0	0	0	0
LK-5315135	Mudcove	Mudcove	GND	1297	209	0	900	10	20	0	0	0
LK-5315140	Poompuhar	Poompuhar	GND	30	3077	0	48	76	0	0	0	0
LK-5315145	Sumedhankarapura	Sumedhankarapura	GND	4129	32	0	0	24	0	0	0	0
LK-5315150	Muththunagar	Muththunagar	GND	126	228	0	569	0	0	0	0	0
LK-5315155	Kappalthurai	Kappalthurai	GND	116	1108	221	340	0	0	0	0	0
LK-5315160	Kawattikuda	Kavattikudah	GND	2289	133	0	229	27	67	0	0	0
LK-5315165	Nachchikuda	Nachchikuda	GND	272	548	0	1365	0	0	0	0	0
LK-5315170	Wellaimanal	Wellaimanal	GND	244	336	0	3436	11	0	0	0	0
LK-5315175	Chinabay	Chaina Bay	GND	904	672	0	165	14	0	0	0	0
LK-5315180	Orr's Hill	Orr's Hill	GND	41	4413	0	0	16	0	0	0	0
LK-5315185	Thillainagar	Thillainagar	GND	46	1385	0	330	0	0	0	0	0
LK-5315190	Arasadi	Arasadi	GND	0	1748	0	109	0	0	0	0	0
LK-5315195	Manayaveli	Manayaweli	GND	1338	2246	0	645	23	0	0	0	0
LK-5315200	Sonagavadi	Sonagavadi	GND	0	865	0	1358	0	0	0	0	0
LK-5315205	Arunagirinagar	Arunagirinagar	GND	38	1467	0	23	0	0	0	0	0
LK-5315210	Villundy	Villundy	GND	115	1760	0	79	18	0	0	0	0
LK-5318	Thambalagamuwa	Thambalagamuwa	DSD	7496	5853	0	20216	0	0	0	0	0
LK-5318005	Galmetiyawa North	Galmetiyawa North	GND	1724	123	0	627	0	0	0	0	0
LK-5318010	Palampoddaru	Palampottaru	GND	252	906	0	65	0	0	0	0	0
LK-5318015	Puthukudiyirippu	Puthukudiyirippu	GND	72	1430	0	0	0	0	0	0	0
LK-5318020	Pokkuruni	Pokkuruni	GND	38	1054	0	88	0	0	0	0	0
LK-5318025	Meeranagar	Meeranagar	GND	36	230	0	3635	0	0	0	0	0
LK-5318030	Sirajnagar	Siraj Nagar	GND	492	0	0	5473	0	0	0	0	0
LK-5318035	Kovil Kudiyiruppu	Kovil Kudiyiruppu	GND	0	359	0	0	0	0	0	0	0
LK-5318040	Thampalagauwa	Thambalagamuwa	GND	0	1211	0	0	0	0	0	0	0
LK-5318045	Mollipothana North	Mollipothana North	GND	778	0	0	3781	0	0	0	0	0
LK-5318050	Galmetiyawa South	Galmetiyawa South	GND	1963	0	0	1223	0	0	0	0	0
LK-5318055	Mollipothana	Mollipothana	GND	2065	177	0	4106	0	0	0	0	0
LK-5318060	Mollipothana East	Mollipothana East	GND	76	363	0	1218	0	0	0	0	0
LK-5321	Kantale	Kanthale	DSD	40173	1535	0	8977	51	0	0	0	0
LK-5321005	Vendrasanpura Unit 16	Vendrasanpura Unit 16	GND	1959	0	0	0	0	0	0	0	0
LK-5321010	Ganthalawa Unit 12	Ganthalawa Unit 12	GND	1074	0	0	0	0	0	0	0	0
LK-5321015	Ganthalawa Unit 11	Ganthalawa Unit 11	GND	1035	0	0	0	0	0	0	0	0
LK-5321020	Wanela East	Wanela East	GND	1938	0	0	0	0	0	0	0	0
LK-5321025	Wanela West	Wanela  West	GND	1077	0	0	0	0	0	0	0	0
LK-5321030	Pansalgodella	Pansalgodella	GND	1498	0	0	0	0	0	0	0	0
LK-5321035	Sooriyapura	Sooriyapura	GND	1515	0	0	0	0	0	0	0	0
LK-5321040	Jayanthipura	Jayanthipura	GND	3178	0	0	0	0	0	0	0	0
LK-5321045	Rajaela Unit 04	Rajaela Unit 04	GND	1765	12	0	45	0	0	0	0	0
LK-5321050	Rajaela Unit 05	Rajaela Unit 05	GND	1005	0	0	0	0	0	0	0	0
LK-5321055	Vendrasanpura Unit 15	Vendrasanpura Unit 15	GND	1793	0	0	0	0	0	0	0	0
LK-5321060	Vendrasanpura Unit 14	Vendrasanpura Unit 14	GND	2321	0	0	0	0	0	0	0	0
LK-5321065	Bhathiyagama	Bhathiyagama	GND	5939	0	0	0	0	0	0	0	0
LK-5321070	Rajaela Unit 03	Rajaela Unit 03	GND	579	16	0	438	0	0	0	0	0
LK-5321075	Peraru Unit 02	Peraru Unit 02	GND	152	625	0	814	51	0	0	0	0
LK-5321080	Peraru East	Peraru East	GND	0	11	0	2741	0	0	0	0	0
LK-5321085	Peraru West	Peraru West	GND	178	270	0	3436	0	0	0	0	0
LK-5321090	Kantale Town South	Kanthale Town South	GND	1123	247	0	1191	0	0	0	0	0
LK-5321095	Kantale Town	Kanthale Town	GND	2544	354	0	22	0	0	0	0	0
LK-5321100	Agbopura	Agbopura	GND	3438	0	0	0	0	0	0	0	0
LK-5321105	Batukachchiya	Batukachchiya	GND	2426	0	0	0	0	0	0	0	0
LK-5321110	Rajawewa	Rajawewa	GND	3156	0	0	270	0	0	0	0	0
LK-5321115	Seenipura	Seenipura	GND	480	0	0	20	0	0	0	0	0
LK-5324	Kinniya	Kinniya	DSD	55	2511	23	83732	0	0	0	0	0
LK-5324005	Munaichenai	Munaichenai	GND	0	0	0	4966	0	0	0	0	0
LK-5324010	Maniarasankulam	Maniarasankulam	GND	0	0	0	1317	0	0	0	0	0
LK-5324015	Mancholai	Mancholai	GND	0	0	0	2808	0	0	0	0	0
LK-5324020	Malinthurai	Malinthurai	GND	0	0	0	1368	0	0	0	0	0
LK-5324025	Majeed Nagar	Majeed Nagar	GND	0	84	0	780	0	0	0	0	0
LK-5324030	Maharoof Gramam	Maharoof Gramam	GND	0	0	0	4185	0	0	0	0	0
LK-5324035	Maharuf Nagar	Maharuf Nagar	GND	10	0	0	3546	0	0	0	0	0
LK-5324040	Ayiliyady	Ayiliyady	GND	0	0	0	3466	0	0	0	0	0
LK-5324045	Annalnagar	Annal Nagar	GND	17	0	12	3880	0	0	0	0	0
LK-5324050	Alankerny	Alankerny	GND	0	1072	0	108	0	0	0	0	0
LK-5324055	Ehutharnagar	Ehuthar  Nagar	GND	0	0	0	1641	0	0	0	0	0
LK-5324060	Echchanthivu	Echchanthivu	GND	0	497	0	0	0	0	0	0	0
LK-5324065	Kuddikarachchi	Kuddikarachchi	GND	0	0	0	2394	0	0	0	0	0
LK-5324070	Kurinchakerny	Kurinchakerny	GND	0	0	0	3278	0	0	0	0	0
LK-5324075	Mancholaichenai	Mancholaichenai	GND	12	0	0	5005	0	0	0	0	0
LK-5324080	Naduuttu	Nadoottu	GND	0	12	0	4320	0	0	0	0	0
LK-5324085	Naduthivu	Naduthivu	GND	0	0	0	3286	0	0	0	0	0
LK-5324090	Periya Kinniya	Periya Kinniya	GND	0	0	0	1302	0	0	0	0	0
LK-5324095	Periyathumunai	Periyaththumunai	GND	0	0	0	1711	0	0	0	0	0
LK-5324100	Poovarasanthivu	Poovarasanthivu	GND	0	0	0	1889	0	0	0	0	0
LK-5324105	Kinniya	Kinniya	GND	0	0	0	1673	0	0	0	0	0
LK-5324110	Idiman	Idiman	GND	0	67	0	2374	0	0	0	0	0
LK-5324115	Faizalnagar	Faizal Nagar	GND	16	729	0	7756	0	0	0	0	0
LK-5324120	Kachchakodithivu	Kachchekoditheevu	GND	0	0	11	4736	0	0	0	0	0
LK-5324125	Kattaiaru	Kattaiaru	GND	0	0	0	1248	0	0	0	0	0
LK-5324130	Kakkamunai	Kakamunai	GND	0	0	0	4313	0	0	0	0	0
LK-5324135	Rahumaniyanagar	Rahumaniya Nagar	GND	0	0	0	2195	0	0	0	0	0
LK-5324140	Samavachchathivu	Samavechchativu	GND	0	0	0	2281	0	0	0	0	0
LK-5324145	Sinna Kinniya	Sinna Kinniya	GND	0	27	0	2263	0	0	0	0	0
LK-5324150	Soorangal	Soorangal	GND	0	0	0	3218	0	0	0	0	0
LK-5324155	Upparu	Upparu	GND	0	23	0	425	0	0	0	0	0
LK-5327	Muthur	Muttur	DSD	267	25901	0	45367	156	0	0	0	0
LK-5327005	Sampoor West	Sampoor West	GND	0	1648	0	0	0	0	0	0	0
LK-5327010	Koonitivu	Koonitivu	GND	0	301	0	0	0	0	0	0	0
LK-5327015	Navarathnapuram	Navarathnapuram	GND	0	287	0	0	0	0	0	0	0
LK-5327020	Sampoor East	Sampoor East	GND	0	973	0	0	0	0	0	0	0
LK-5327025	Kadarkaraichenai	Kadarkaraichenai	GND	10	2005	0	27	0	0	0	0	0
LK-5327030	Kaddaiparichchan North	Kaddaiparichchan North	GND	0	1032	0	0	0	0	0	0	0
LK-5327035	Thaqwanagar	Thaqwa Nagar	GND	0	0	0	2696	0	0	0	0	0
LK-5327040	Muthur East	Muttur East	GND	0	21	0	3925	19	0	0	0	0
LK-5327045	Naduthivu	Naduthivu	GND	22	61	0	3214	0	0	0	0	0
LK-5327050	Thahanagar	Thaha Nagar	GND	63	166	0	934	100	0	0	0	0
LK-5327055	Muthur Central	Muttur Central	GND	0	155	0	291	0	0	0	0	0
LK-5327060	Muthur West	Muttur West	GND	0	0	0	1018	12	0	0	0	0
LK-5327065	Ralkully	Ralkully	GND	36	1130	0	70	0	0	0	0	0
LK-5327070	Shafinagar	Shaffi Nagar	GND	0	0	0	2060	12	0	0	0	0
LK-5327075	Periyapalam	Periyapalam	GND	0	0	0	3588	0	0	0	0	0
LK-5327080	Jayanagar	Jayanagar	GND	0	0	0	3404	0	0	0	0	0
LK-5327085	Alimnagar	Alimnagar	GND	107	184	0	2323	0	0	0	0	0
LK-5327090	Anaichenai	Anaichenai	GND	0	0	0	1637	0	0	0	0	0
LK-5327095	Neithalnagar	Neithal Nagar	GND	0	0	0	3700	0	0	0	0	0
LK-5327100	Palanagar	Palanagar	GND	12	108	0	2264	0	0	0	0	0
LK-5327105	Kaddaiparichchan South	Kaddaiparichchan South	GND	0	1314	0	1302	0	0	0	0	0
LK-5327110	Pallikudiyiruppu	Pallikkudiyiruppu	GND	0	2282	0	0	0	0	0	0	0
LK-5327115	Chenaiyoor	Chenaiyoor	GND	0	1570	0	0	0	0	0	0	0
LK-5327120	Paddalipuram	Paddalipuram	GND	0	2159	0	0	0	0	0	0	0
LK-5327125	Nalloor	Nalloor	GND	0	845	0	0	0	0	0	0	0
LK-5327130	Iqbal Nagar	Iqbal Nagar	GND	0	0	0	1455	0	0	0	0	0
LK-5327135	Allainagar East	Allainagar East	GND	0	0	0	2179	0	0	0	0	0
LK-5327140	Allainagar West	Allainagar West	GND	0	10	0	2144	0	0	0	0	0
LK-5327145	Thoppur	Thoppur	GND	0	0	0	1225	0	0	0	0	0
LK-5327150	Palathoppur	Palathoppur	GND	0	201	0	1832	0	0	0	0	0
LK-5327155	Jinna Nagar	Jinna Nagar	GND	0	294	0	1362	0	0	0	0	0
LK-5327160	Iruthayapuram	Iruthayapuram	GND	17	1300	0	0	0	0	0	0	0
LK-5327165	Peruveli	Peruveli	GND	0	1315	0	0	0	0	0	0	0
LK-5327170	Malligaithivu	Mallikaithivu	GND	0	671	0	0	0	0	0	0	0
LK-5327175	Paddithidal	Paddithidal	GND	0	916	0	0	0	0	0	0	0
LK-5327180	Palathadichenai	Palathadichenai	GND	0	818	0	0	0	0	0	0	0
LK-5327185	Jinna Nagar	Jinna Nagar	GND	0	55	0	1471	0	0	0	0	0
LK-5327190	Azathnagar	Assathnagar	GND	0	57	0	1246	13	0	0	0	0
LK-5327195	Bharathipuram	Barathipuram	GND	0	1337	0	0	0	0	0	0	0
LK-5327200	Kiliveddi	Kiliveddi	GND	0	699	0	0	0	0	0	0	0
LK-5327205	Mengamam	Mengamam	GND	0	893	0	0	0	0	0	0	0
LK-5327210	Kanguvely	Kanguvely	GND	0	1094	0	0	0	0	0	0	0
LK-5330	Seruvila	Seruvila	DSD	9824	2916	0	3211	0	0	0	0	0
LK-5330005	Neelapola	Neelapola	GND	670	0	0	0	0	0	0	0	0
LK-5330010	Samagipura	Samagipura	GND	828	0	0	0	0	0	0	0	0
LK-5330015	Sivapuram	Sivapuram	GND	0	306	0	0	0	0	0	0	0
LK-5330020	Dehiwatta	Dehiwatta	GND	600	0	0	0	0	0	0	0	0
LK-5330025	Thanganagar	Thanganagar	GND	10	1253	0	0	0	0	0	0	0
LK-5330030	Kavanthissapura	Kavanthissapura	GND	980	0	0	0	0	0	0	0	0
LK-5330035	Seruvila	Seruvila	GND	583	0	0	0	0	0	0	0	0
LK-5330040	Navatkernikadu	Navatkernikadu	GND	0	0	0	3211	0	0	0	0	0
LK-5330045	Sumedhankarapura	Sumedhankarapura	GND	312	0	0	0	0	0	0	0	0
LK-5330050	Mahindapura	Mahindapura	GND	377	0	0	0	0	0	0	0	0
LK-5330055	Serunuwara	Serunuwara	GND	2361	273	0	0	0	0	0	0	0
LK-5330060	Mahaweligama	Mahaweligama	GND	1273	0	0	0	0	0	0	0	0
LK-5330065	Lingapuram	Lingapuram	GND	47	535	0	0	0	0	0	0	0
LK-5330070	Ariyamankerni	Ariyamankerni	GND	0	549	0	0	0	0	0	0	0
LK-5330075	Sirimangalapura	Sirimangalapura	GND	945	0	0	0	0	0	0	0	0
LK-5330080	Somapura	Somapura	GND	838	0	0	0	0	0	0	0	0
LK-5333	Verugal	Verugal (Eachchilampattu)	DSD	46	13975	0	0	0	0	0	0	0
LK-5333005	Ilangaithurai	Ilangaithurai	GND	0	642	0	0	0	0	0	0	0
LK-5333010	Ilangaithurai Mugathuvaram	Ilangaithurai Mugathuvaram	GND	0	2244	0	0	0	0	0	0	0
LK-5333015	Karukkamunai	Karukkamunai	GND	0	1102	0	0	0	0	0	0	0
LK-5333020	Poonagar	Poonagar	GND	0	1612	0	0	0	0	0	0	0
LK-5333025	Poomarathadichenai	Poomarathadichenai	GND	25	1013	0	0	0	0	0	0	0
LK-5333030	Echchalampattu	Eachchilampattu	GND	0	858	0	0	0	0	0	0	0
LK-5333035	Verugal	Verugal	GND	11	1738	0	0	0	0	0	0	0
LK-5333040	Anaithivu	Anaitheevu	GND	0	1796	0	0	0	0	0	0	0
LK-5333045	Verugal Mugathuvaram	Verugal Mugathuvaram	GND	0	2034	0	0	0	0	0	0	0
LK-5333050	Uppooral	Uppooral	GND	10	936	0	0	0	0	0	0	0
LK-61	Kurunegala	Kurunegala	DISTRICT	1601886	19475	1028	139988	40	497	0	0	0
LK-6103	Giribawa	Giribawa	DSD	31868	0	0	3005	0	0	0	0	0
LK-6103005	Jayanthipura	Jayanthipura	GND	906	0	0	0	0	0	0	0	0
LK-6103010	Bambare	Bambare	GND	1242	0	0	0	0	0	0	0	0
LK-6103015	Sandagala Palatha	Sandagala Palatha	GND	1058	0	0	0	0	0	0	0	0
LK-6103020	Perakumpura	Perakumpura	GND	1488	0	0	0	0	0	0	0	0
LK-6103025	Solepura	Solepura	GND	1157	0	0	0	0	0	0	0	0
LK-6103030	Halmillagala	Halmillagala	GND	843	0	0	0	0	0	0	0	0
LK-6103035	Thimbiripokuna	Thimbiripokuna	GND	892	0	0	0	0	0	0	0	0
LK-6103040	Serasumgala	Serasumgala	GND	687	0	0	0	0	0	0	0	0
LK-6103045	Kokmaduwa	Kokmaduwa	GND	729	0	0	0	0	0	0	0	0
LK-6103050	Orugala	Orugala	GND	1176	0	0	0	0	0	0	0	0
LK-6103055	Mahasenpura	Mahasenpura	GND	813	0	0	0	0	0	0	0	0
LK-6103060	Weerapokuna	Weerapokuna	GND	1188	0	0	0	0	0	0	0	0
LK-6103065	Hasthirajapura	Hasthirajapura	GND	1300	0	0	0	0	0	0	0	0
LK-6103070	Thammitagama	Thammitagama	GND	655	0	0	0	0	0	0	0	0
LK-6103075	Damsopura	Damsopura	GND	1126	0	0	0	0	0	0	0	0
LK-6103080	Solewewa	Solewewa	GND	1852	0	0	0	0	0	0	0	0
LK-6103085	Pathane Wewa	Pathane Wewa	GND	899	0	0	0	0	0	0	0	0
LK-6103090	Abhayapura	Abhayapura	GND	594	0	0	0	0	0	0	0	0
LK-6103095	Sangabopura	Sangabopura	GND	990	0	0	0	0	0	0	0	0
LK-6103100	Gurulupitigama	Gurulupitigama	GND	1498	0	0	0	0	0	0	0	0
LK-6103105	Warawewa	Warawewa	GND	1230	0	0	0	0	0	0	0	0
LK-6103110	Pothana	Pothana	GND	989	0	0	0	0	0	0	0	0
LK-6103115	Pahala Giribawa	Pahala Giribawa	GND	759	0	0	0	0	0	0	0	0
LK-6103120	Ihala Giribawa	Ihala Giribawa	GND	1024	0	0	0	0	0	0	0	0
LK-6103125	Weragala	Weragala	GND	411	0	0	0	0	0	0	0	0
LK-6103130	Ihala Maradankadawala	Ihala Maradankadawala	GND	616	0	0	0	0	0	0	0	0
LK-6103135	Hettiarachchigama	Hettiarachchigama	GND	984	0	0	0	0	0	0	0	0
LK-6103140	Gampola	Gampola	GND	432	0	0	0	0	0	0	0	0
LK-6103145	Aliyawetunuwewa	Aliyawetunuwewa	GND	393	0	0	1001	0	0	0	0	0
LK-6103150	Thambutta	Thambutta	GND	510	0	0	252	0	0	0	0	0
LK-6103155	Thammennawa	Thammennawa	GND	418	0	0	0	0	0	0	0	0
LK-6103160	Mailewa	Mailewa	GND	724	0	0	0	0	0	0	0	0
LK-6103165	Madige	Madige	GND	294	0	0	1380	0	0	0	0	0
LK-6103170	Wannikudawewa	Wannikudawewa	GND	783	0	0	372	0	0	0	0	0
LK-6103175	Sangappalaya	Sangappalaya	GND	1208	0	0	0	0	0	0	0	0
LK-6106	Galgamuwa	Galgamuwa	DSD	56780	541	0	4113	0	0	0	0	0
LK-6106005	Medagama West	Medagama	GND	1677	0	0	0	0	0	0	0	0
LK-6106010	Walagambapura	Walagambapura	GND	852	0	0	0	0	0	0	0	0
LK-6106015	Gemunupura	Gemunupura	GND	558	0	0	0	0	0	0	0	0
LK-6106020	Ethiniwetunugala	Ethiniwetunugala	GND	1050	0	0	0	0	0	0	0	0
LK-6106025	Thissapura	Thissapura	GND	815	0	0	0	0	0	0	0	0
LK-6106030	Medagama East	Medagama East	GND	911	0	0	0	0	0	0	0	0
LK-6106035	Senarathgama	Senarathgama	GND	873	0	0	0	0	0	0	0	0
LK-6106040	Kumbukwewa	Kumbukwewa	GND	602	0	0	0	0	0	0	0	0
LK-6106045	Mahagalkadawala	Mahagalkadawala	GND	1230	0	0	0	0	0	0	0	0
LK-6106050	Usgala Siyambalangamuwa	Usgala Siyambalangamuwa	GND	840	0	0	0	0	0	0	0	0
LK-6106055	Kepela	Kepela	GND	1018	0	0	0	0	0	0	0	0
LK-6106060	Bandaragama	Bandaragama	GND	1410	0	0	0	0	0	0	0	0
LK-6106065	Ganangamuwa	Ganangamuwa	GND	1553	0	0	0	0	0	0	0	0
LK-6106070	Padavigama	Padavigama	GND	1801	0	0	0	0	0	0	0	0
LK-6106075	Meegalewa	Meegalewa	GND	2296	0	0	0	0	0	0	0	0
LK-6106080	Lassanagama	Lassanagama	GND	783	0	0	0	0	0	0	0	0
LK-6106085	Track 4 Usgala	Track 4 Usgala	GND	589	0	0	0	0	0	0	0	0
LK-6106090	Jayalanda	Jayalanda	GND	1043	0	0	0	0	0	0	0	0
LK-6106095	Padipanchawa	Padipanchawa	GND	835	0	0	0	0	0	0	0	0
LK-6106100	Buduruwakanda	Buduruwakanda	GND	881	0	0	0	0	0	0	0	0
LK-6106105	Kallanchiya	Kallanchiya	GND	707	0	0	0	0	0	0	0	0
LK-6106110	Molewa	Molewa	GND	833	0	0	0	0	0	0	0	0
LK-6106115	Nochchiya	Nochchiya	GND	773	0	0	0	0	0	0	0	0
LK-6106120	Kohombankulama	Kohombankulama	GND	892	0	0	480	0	0	0	0	0
LK-6106125	Ihala Nanneriya	Ihala Nanneriya	GND	912	0	0	0	0	0	0	0	0
LK-6106130	Ihalagama	Ihalagama	GND	890	0	0	0	0	0	0	0	0
LK-6106135	Ihala Palukandewa	Ihala Palukandewa	GND	1214	0	0	0	0	0	0	0	0
LK-6106140	Pahala Palukandewa	Pahala Palukandewa	GND	1279	0	0	197	0	0	0	0	0
LK-6106145	Monnankulama	Monnankulama	GND	736	0	0	973	0	0	0	0	0
LK-6106150	Divullewa	Divullewa	GND	1038	57	0	63	0	0	0	0	0
LK-6106155	Kurundankulama	Kurundankulama	GND	1023	14	0	0	0	0	0	0	0
LK-6106160	Kelegama	Kelegama	GND	706	0	0	0	0	0	0	0	0
LK-6106165	Siyambalewa	Siyambalewa	GND	805	0	0	0	0	0	0	0	0
LK-6106170	Walaswewa	Walaswewa	GND	849	0	0	0	0	0	0	0	0
LK-6106175	Porottukadawala	Porottukadawala	GND	463	0	0	0	0	0	0	0	0
LK-6106180	Bulnewa	Bulnewa	GND	1227	0	0	0	0	0	0	0	0
LK-6106185	Ulpathagama	Ulpathagama	GND	938	0	0	0	0	0	0	0	0
LK-6106190	Kokwewa	Kokwewa	GND	939	0	0	0	0	0	0	0	0
LK-6106195	Mahagalgamuwa	Mahagalgamuwa	GND	1207	451	0	101	0	0	0	0	0
LK-6106200	Galgamuwa Town	Galgamuwa Town	GND	527	19	0	603	0	0	0	0	0
LK-6106205	Aluthherathgama	Aluthherathgama	GND	632	0	0	164	0	0	0	0	0
LK-6106210	Mottapettewa	Mottapettewa	GND	616	0	0	0	0	0	0	0	0
LK-6106215	Karuwalagaswewa	Karuwalagaswewa	GND	858	0	0	91	0	0	0	0	0
LK-6106220	Jayabima	Jayabima	GND	1039	0	0	0	0	0	0	0	0
LK-6106225	Palugolla	Palugolla	GND	546	0	0	0	0	0	0	0	0
LK-6106230	Mahananneriya North	Mahananneriya North	GND	773	0	0	65	0	0	0	0	0
LK-6106235	Mahananneriya South	Mahananneriya South	GND	621	0	0	13	0	0	0	0	0
LK-6106240	Wewaranawetiya	Wewaranawetiya	GND	869	0	0	0	0	0	0	0	0
LK-6106245	Nallachchiya	Nallachchiya	GND	935	0	0	31	0	0	0	0	0
LK-6106250	Madawachchiya	Medawachchiya	GND	524	0	0	0	0	0	0	0	0
LK-6106255	Peddegama	Peddogama	GND	511	0	0	0	0	0	0	0	0
LK-6106260	Katuwewa	Katuwewa	GND	860	0	0	0	0	0	0	0	0
LK-6106265	Thorawa	Thorawa	GND	974	0	0	0	0	0	0	0	0
LK-6106270	Nahettikulama	Nahettikulama	GND	866	0	0	0	0	0	0	0	0
LK-6106275	Wadugama	Wadugama	GND	1378	0	0	0	0	0	0	0	0
LK-6106280	Konwewa	Konwewa	GND	929	0	0	0	0	0	0	0	0
LK-6106285	Kattakaduwa	Kattakaduwa	GND	796	0	0	520	0	0	0	0	0
LK-6106290	Ganedivulwewa	Ganedivulwewa	GND	890	0	0	0	0	0	0	0	0
LK-6106295	Wegedara	Wegedara	GND	657	0	0	0	0	0	0	0	0
LK-6106300	Madadombe	Madadombe	GND	545	0	0	201	0	0	0	0	0
LK-6106305	Kurundewa	Kurundewa	GND	381	0	0	597	0	0	0	0	0
LK-6106310	Palukadawala	Palukadawala	GND	1005	0	0	14	0	0	0	0	0
LK-6109	Ehetuwewa	Ehetuwewa	DSD	27460	31	0	753	0	0	0	0	0
LK-6109005	Medinnoruwa	Medinnoruwa	GND	1050	0	0	0	0	0	0	0	0
LK-6109010	Mahawelithenna	Mahaweli Thenna	GND	975	0	0	0	0	0	0	0	0
LK-6109015	Andarawewa	Andarawewa	GND	797	0	0	0	0	0	0	0	0
LK-6109020	Bongama	Bongama	GND	968	0	0	0	0	0	0	0	0
LK-6109025	Katugampalagama	Katugampalagama	GND	1118	0	0	0	0	0	0	0	0
LK-6109030	Mahakathnoruwa	Maha Kathnoruwa	GND	615	0	0	0	0	0	0	0	0
LK-6109035	Weliyawa	Weliyawa	GND	875	0	0	0	0	0	0	0	0
LK-6109040	Makulewa	Makulewa	GND	535	0	0	0	0	0	0	0	0
LK-6109045	Vikadenigama	Vikadenigama	GND	626	0	0	0	0	0	0	0	0
LK-6109050	Kathnoruwa	Kuda Kathnoruwa	GND	732	0	0	0	0	0	0	0	0
LK-6109055	Wedinigama	Wedinigama	GND	632	0	0	0	0	0	0	0	0
LK-6109060	Pothanegama	Pothanegama	GND	740	0	0	0	0	0	0	0	0
LK-6109065	Mudiyannegama	Mudiyannegama	GND	838	0	0	0	0	0	0	0	0
LK-6109070	Divulgane	Divulgane	GND	521	0	0	0	0	0	0	0	0
LK-6109075	Ihala Digana	Ihala Digana	GND	962	0	0	0	0	0	0	0	0
LK-6109080	Nithalawa	Nithalawa	GND	527	0	0	0	0	0	0	0	0
LK-6109085	Galapitadigana	Galapitadigana	GND	587	31	0	175	0	0	0	0	0
LK-6109090	Ethinimale	Ethinimole	GND	901	0	0	0	0	0	0	0	0
LK-6109095	Rathnadivulwewa	Ratnadivulwewa	GND	994	0	0	0	0	0	0	0	0
LK-6109100	Nithogama	Nithogama	GND	866	0	0	0	0	0	0	0	0
LK-6109105	Hiddewa	Hiddewa	GND	1063	0	0	0	0	0	0	0	0
LK-6109110	Kaduruwewa	Kaduruwewa	GND	610	0	0	0	0	0	0	0	0
LK-6109115	Ihala Embogama	Ihala Embogama	GND	715	0	0	43	0	0	0	0	0
LK-6109120	Maha Embogama	Maha Embogama	GND	627	0	0	0	0	0	0	0	0
LK-6109125	Ehetuwewa	Ehetuwewa	GND	978	0	0	0	0	0	0	0	0
LK-6109130	Nakolagane	Nakolagane	GND	710	0	0	57	0	0	0	0	0
LK-6109135	Veheragodayaya	Veheragodayaya	GND	569	0	0	0	0	0	0	0	0
LK-6109140	Yaddessawa	Yaddessawa	GND	759	0	0	0	0	0	0	0	0
LK-6109145	Atharagalla	Atharagalla	GND	849	0	0	0	0	0	0	0	0
LK-6109150	Gurugoda	Gurugoda	GND	1217	0	0	0	0	0	0	0	0
LK-6109155	Eriyawa	Eriyawa	GND	1138	0	0	0	0	0	0	0	0
LK-6109160	Hunugallewa	Hunugallewa	GND	889	0	0	0	0	0	0	0	0
LK-6109165	Thimbiriyawa	Thimbiriyawa	GND	560	0	0	0	0	0	0	0	0
LK-6109170	Walathwewa	Walathwewa	GND	511	0	0	44	0	0	0	0	0
LK-6109175	Nabadewa	Nabadewa	GND	406	0	0	434	0	0	0	0	0
LK-6112	Ambanpola	Ambanpola	DSD	25075	0	0	367	0	0	0	0	0
LK-6112005	Kasikote West	Kasikote West	GND	883	0	0	0	0	0	0	0	0
LK-6112010	Kasikote East	Kasikote East	GND	730	0	0	0	0	0	0	0	0
LK-6112015	Belungala	Belungala	GND	1237	0	0	0	0	0	0	0	0
LK-6112020	Abakolawewa North	Abakolawewa North	GND	607	0	0	0	0	0	0	0	0
LK-6112025	Amunugama	Amunugama	GND	1041	0	0	133	0	0	0	0	0
LK-6112030	Ambanpola North	Ambanpola North	GND	1478	0	0	185	0	0	0	0	0
LK-6112035	Nelumpathwewa	Nelumpathwewa	GND	1131	0	0	0	0	0	0	0	0
LK-6112040	Maha Divulwewa	Maha Divulwewa	GND	783	0	0	0	0	0	0	0	0
LK-6112045	Ranoruwa	Ranoruwa	GND	528	0	0	0	0	0	0	0	0
LK-6112050	Uda Divulwewa	Uda Divulwewa	GND	780	0	0	0	0	0	0	0	0
LK-6112055	Ellabadagama	Ellabadagama	GND	1088	0	0	0	0	0	0	0	0
LK-6112060	Ambanpola South	Ambanpola South	GND	1029	0	0	49	0	0	0	0	0
LK-6112065	Kirimetiyawa	Kirimetiyawa	GND	1058	0	0	0	0	0	0	0	0
LK-6112070	Abakolawewa South	Abakolawewa South	GND	543	0	0	0	0	0	0	0	0
LK-6112075	Serugoda	Serugoda	GND	704	0	0	0	0	0	0	0	0
LK-6112080	Mediyawa	Mediyawa	GND	1125	0	0	0	0	0	0	0	0
LK-6112085	Dethawa	Dethawa	GND	766	0	0	0	0	0	0	0	0
LK-6112090	Udangawa	Udangawa	GND	1342	0	0	0	0	0	0	0	0
LK-6112095	Waragammana	Waragammana	GND	834	0	0	0	0	0	0	0	0
LK-6112100	Borawewa	Borawewa	GND	615	0	0	0	0	0	0	0	0
LK-6112105	Bakmeewewa	Bakmeewewa	GND	685	0	0	0	0	0	0	0	0
LK-6112110	Walaliya	Walaliya	GND	818	0	0	0	0	0	0	0	0
LK-6112115	Palapathwala	Palapathwala	GND	642	0	0	0	0	0	0	0	0
LK-6112120	Kettapahuwa	Kettapahuwa	GND	1196	0	0	0	0	0	0	0	0
LK-6112125	Rolawa	Rolawa	GND	853	0	0	0	0	0	0	0	0
LK-6112130	Udhagama	Udagama	GND	1136	0	0	0	0	0	0	0	0
LK-6112135	Nekathi Kumbukwewa	Nekathi Kumbukwewa	GND	672	0	0	0	0	0	0	0	0
LK-6112140	Wanduressa	Waduressa	GND	771	0	0	0	0	0	0	0	0
LK-6115	Kotawehera	Kotavehera	DSD	23885	0	0	99	0	0	0	0	0
LK-6115005	Palugolla Track 10 A	Palugolla Track 10 A	GND	1024	0	0	0	0	0	0	0	0
LK-6115010	Palugolla Track 10 B	Palugolla Track 10 B	GND	868	0	0	0	0	0	0	0	0
LK-6115015	Paalu Uswewa	Palu Uswewa	GND	707	0	0	0	0	0	0	0	0
LK-6115020	Kumbukwewa	Kumbukwewa	GND	1071	0	0	0	0	0	0	0	0
LK-6115025	Digannewa	Digannewa	GND	611	0	0	0	0	0	0	0	0
LK-6115030	Kelegama	Kelegama	GND	728	0	0	0	0	0	0	0	0
LK-6115035	Digannewatta	Digannewatta	GND	580	0	0	0	0	0	0	0	0
LK-6115040	Mahamithawa	Maha Mithawa	GND	977	0	0	0	0	0	0	0	0
LK-6115045	Aluthgama	Aluthgama	GND	753	0	0	0	0	0	0	0	0
LK-6115050	Divullepitiya	Divullepitiya	GND	801	0	0	0	0	0	0	0	0
LK-6115055	Meewellewa	Meewellewa	GND	634	0	0	0	0	0	0	0	0
LK-6115060	Galkadawala	Galkadawala	GND	899	0	0	0	0	0	0	0	0
LK-6115065	Elagammillawa	Elagammillawa	GND	1046	0	0	0	0	0	0	0	0
LK-6115070	Yakadapatha	Yakadapatha	GND	819	0	0	0	0	0	0	0	0
LK-6115075	Kudarawaliya	Kudarawaliya	GND	829	0	0	0	0	0	0	0	0
LK-6115080	Moragolla	Moragolla	GND	772	0	0	0	0	0	0	0	0
LK-6115085	Kuda Mithawa	Kuda Mithawa	GND	473	0	0	0	0	0	0	0	0
LK-6115090	Dehennegama	Dehennegama	GND	822	0	0	0	0	0	0	0	0
LK-6115095	Ihala Weeradadana	Ihala Weeradadana	GND	606	0	0	99	0	0	0	0	0
LK-6115100	Monnekulama	Monnekulama	GND	670	0	0	0	0	0	0	0	0
LK-6115105	Kotavehera	Kotavehera	GND	1457	0	0	0	0	0	0	0	0
LK-6115110	Maha Kirinda A	Maha Kirinda A	GND	562	0	0	0	0	0	0	0	0
LK-6115115	Maha Kirinda B	Maha Kirinda B	GND	717	0	0	0	0	0	0	0	0
LK-6115120	Girilla	Girilla	GND	613	0	0	0	0	0	0	0	0
LK-6115125	Hidogama	Hidogama	GND	639	0	0	0	0	0	0	0	0
LK-6115130	Sirisethagama	Sirisethagama	GND	515	0	0	0	0	0	0	0	0
LK-6115135	Nawana	Nawana	GND	543	0	0	0	0	0	0	0	0
LK-6115140	Nagala	Nagala	GND	1343	0	0	0	0	0	0	0	0
LK-6115145	Ithewa	Ithewa	GND	764	0	0	0	0	0	0	0	0
LK-6115150	Dodamgollegama	Dodamgollegama	GND	520	0	0	0	0	0	0	0	0
LK-6115155	Hulawa	Hulawa	GND	522	0	0	0	0	0	0	0	0
LK-6118	Rasnayakapura	Rasnayakapura	DSD	19971	10	0	4853	0	0	0	0	0
LK-6118005	Koralayagama	Koralayagama	GND	527	0	0	0	0	0	0	0	0
LK-6118010	Malpanawa	Malpanawa	GND	475	0	0	0	0	0	0	0	0
LK-6118015	Abokkagama	Abokkagama	GND	0	0	0	1096	0	0	0	0	0
LK-6118020	Kanuketiya	Kanuketiya	GND	281	0	0	612	0	0	0	0	0
LK-6118025	Ambale	Ambale	GND	709	0	0	0	0	0	0	0	0
LK-6118030	Udunowa	Udunowa	GND	550	0	0	0	0	0	0	0	0
LK-6118035	Galpanawa	Galpanawa	GND	0	0	0	570	0	0	0	0	0
LK-6118040	Halambe	Halambe	GND	387	0	0	0	0	0	0	0	0
LK-6118045	Ottukulama	Ottukulama	GND	528	0	0	326	0	0	0	0	0
LK-6118050	Leekolapitiya	Leekolapitiya	GND	706	0	0	0	0	0	0	0	0
LK-6118055	Agara Uda	Agara Uda	GND	307	0	0	0	0	0	0	0	0
LK-6118060	Udahenegama	Udahenegama	GND	907	0	0	0	0	0	0	0	0
LK-6118065	Rambewa	Rambewa	GND	876	0	0	0	0	0	0	0	0
LK-6118070	Thalakolawewa	Thalakolawewa	GND	1038	0	0	0	0	0	0	0	0
LK-6118075	Kanagullewa	Kanagullewa	GND	1431	0	0	0	0	0	0	0	0
LK-6118080	Rasnayakapura	Rasnayakapura	GND	1733	10	0	0	0	0	0	0	0
LK-6118085	Kallanchiya	Kallanchiya	GND	737	0	0	0	0	0	0	0	0
LK-6118090	Kuruvikulama	Kuruvikulama	GND	584	0	0	0	0	0	0	0	0
LK-6118095	Nammuwawa	Nammuwawa	GND	688	0	0	1800	0	0	0	0	0
LK-6118100	Niraliyadda	Niraliyadda	GND	898	0	0	0	0	0	0	0	0
LK-6118105	Ambagammana	Ambagammana	GND	556	0	0	0	0	0	0	0	0
LK-6118110	Unagolla	Unagolla	GND	1047	0	0	0	0	0	0	0	0
LK-6118115	Kongaswalayagama	Kongaswalayagama	GND	918	0	0	0	0	0	0	0	0
LK-6118120	Divullewa	Divullewa	GND	854	0	0	0	0	0	0	0	0
LK-6118125	Kadigawa Track 1	Kadigawa Track 1	GND	855	0	0	0	0	0	0	0	0
LK-6118130	Kadigawa Track 3	Kadigawa Track 3	GND	1024	0	0	0	0	0	0	0	0
LK-6118135	Subhasinghapura	Subhasinghapura	GND	618	0	0	449	0	0	0	0	0
LK-6118140	Magurankadawala	Magurankadawala	GND	737	0	0	0	0	0	0	0	0
LK-6121	Nikaweratiya	Nikaweratiya	DSD	41492	309	0	1491	0	0	0	0	0
LK-6121005	Thumbulla	Thumbulla	GND	1159	0	0	0	0	0	0	0	0
LK-6121010	Wanduressa	Waduressa	GND	531	0	0	0	0	0	0	0	0
LK-6121015	Olupeliyawa	Olupeliyawa	GND	707	0	0	0	0	0	0	0	0
LK-6121020	Kandegedara	Kandegedara	GND	1052	0	0	0	0	0	0	0	0
LK-6121025	Hulugalla	Hulugalla	GND	911	0	0	0	0	0	0	0	0
LK-6121030	Mawathagama	Mawathagama	GND	567	0	0	0	0	0	0	0	0
LK-6121035	Pinnapolegama	Pinnapolegama	GND	1086	0	0	0	0	0	0	0	0
LK-6121040	Hulogedara	Hulogedara	GND	941	0	0	0	0	0	0	0	0
LK-6121045	Bogollagama	Bogollagama	GND	1014	0	0	0	0	0	0	0	0
LK-6121050	Dalukgolla	Dalukgolla	GND	999	0	0	0	0	0	0	0	0
LK-6121055	Ihakolagama	Ihakolagama	GND	1284	0	0	0	0	0	0	0	0
LK-6121060	Karakole	Karakole	GND	1040	46	0	75	0	0	0	0	0
LK-6121065	Hewenpelessa	Hewenpelessa	GND	1581	0	0	59	0	0	0	0	0
LK-6121070	Kivulegama	Kivulegama	GND	754	0	0	0	0	0	0	0	0
LK-6121075	Nabadewa	Nabadewa	GND	1056	0	0	0	0	0	0	0	0
LK-6121080	Diyagama	Diyagama	GND	766	46	0	0	0	0	0	0	0
LK-6121085	Hathigammana	Hathigammana	GND	994	0	0	60	0	0	0	0	0
LK-6121090	Kaluwennewa	Kaluwennewa	GND	660	0	0	0	0	0	0	0	0
LK-6121095	Heelogama	Heelogama	GND	837	0	0	0	0	0	0	0	0
LK-6121100	Kebellewa	Kebellewa	GND	1068	0	0	0	0	0	0	0	0
LK-6121105	Budumuttawa	Budumuttawa	GND	1649	0	0	215	0	0	0	0	0
LK-6121110	Galapitiyagama	Galapitiyagama	GND	1297	0	0	172	0	0	0	0	0
LK-6121115	Nikaweratiya North	Nikaweratiya North	GND	1097	45	0	523	0	0	0	0	0
LK-6121120	Thimbiriyawa	Thimbiriyawa	GND	833	0	0	0	0	0	0	0	0
LK-6121125	Galagedara	Galagedara	GND	1155	0	0	0	0	0	0	0	0
LK-6121130	Randenigama	Randenigama	GND	760	0	0	0	0	0	0	0	0
LK-6121135	Divullegoda	Divullegoda	GND	970	0	0	0	0	0	0	0	0
LK-6121140	Siyambalewa	Siyambalewa	GND	803	0	0	0	0	0	0	0	0
LK-6121145	Wasiwewa	Wasiwewa	GND	568	0	0	0	0	0	0	0	0
LK-6121150	Kirindigalla	Kirindigalla	GND	1163	0	0	0	0	0	0	0	0
LK-6121155	Othota Divullewa	Othota Divullewa	GND	1265	0	0	0	0	0	0	0	0
LK-6121160	Halmillewa	Halmillewa	GND	1211	10	0	0	0	0	0	0	0
LK-6121165	Katagamuwa	Katagamuwa	GND	681	0	0	0	0	0	0	0	0
LK-6121170	Kumbukwewa	Kumbukwewa	GND	963	0	0	0	0	0	0	0	0
LK-6121175	Elawaka	Elawaka	GND	919	28	0	0	0	0	0	0	0
LK-6121180	Magallegama	Magallegama	GND	1174	134	0	31	0	0	0	0	0
LK-6121185	Millagoda	Millagoda	GND	1472	0	0	96	0	0	0	0	0
LK-6121190	Nikaweratiya South	Nikaweratiya South	GND	1303	0	0	260	0	0	0	0	0
LK-6121195	Viharagama	Viharagama	GND	890	0	0	0	0	0	0	0	0
LK-6121200	Danduwawa	Danduwawa	GND	610	0	0	0	0	0	0	0	0
LK-6121205	Pahala Galapitiyagama	Pahala Galapitiyagama	GND	951	0	0	0	0	0	0	0	0
LK-6121210	Tharanagolla	Tharanagolla	GND	751	0	0	0	0	0	0	0	0
LK-6124	Maho	Maho	DSD	60038	264	0	3620	0	62	0	0	0
LK-6124005	Kohombakadawala	Kohombakadawala	GND	645	0	0	0	0	0	0	0	0
LK-6124010	Ihalagama	Ihalagama	GND	1026	0	0	0	0	0	0	0	0
LK-6124015	Pahalagama	Pahalagama	GND	441	0	0	0	0	0	0	0	0
LK-6124020	Moragaswewa	Moragaswewa	GND	756	0	0	0	0	0	0	0	0
LK-6124025	Konwewa	Konwewa	GND	829	0	0	0	0	0	0	0	0
LK-6124030	Yaddigama	Yaddigama	GND	947	0	0	0	0	0	0	0	0
LK-6124035	Bamunugama	Bamunugama	GND	846	0	0	0	0	0	0	0	0
LK-6124040	Kirimetiyawa	Kirimetiyawa	GND	1068	0	0	0	0	0	0	0	0
LK-6124045	Bakmeegahawatta	Bakmeegahawatta	GND	815	0	0	0	0	0	0	0	0
LK-6124050	Karuwalagahawatta	Karuwalagahawatta	GND	854	0	0	0	0	0	0	0	0
LK-6124055	Makaduwawa	Makaduwawa	GND	777	15	0	72	0	0	0	0	0
LK-6124060	Thumbullegama	Thumbullegama	GND	950	0	0	0	0	0	0	0	0
LK-6124065	Hithokadawala	Hithokadawala	GND	1129	0	0	0	0	0	0	0	0
LK-6124070	Thambare	Thambare	GND	72	0	0	1014	0	0	0	0	0
LK-6124075	Liyanagama	Liyanagama	GND	587	0	0	738	0	11	0	0	0
LK-6124080	Uduweriya	Uduweriya	GND	745	0	0	0	0	0	0	0	0
LK-6124085	Maningamuwa	Maningamuwa	GND	704	0	0	0	0	0	0	0	0
LK-6124090	Ipalogama	Ipalogama	GND	963	0	0	0	0	0	0	0	0
LK-6124095	Thammitagama	Thammitagama	GND	658	0	0	0	0	0	0	0	0
LK-6124100	Daladagama	Daladagama	GND	1277	0	0	21	0	0	0	0	0
LK-6124105	Ullalapola	Ullalapola	GND	1000	0	0	116	0	0	0	0	0
LK-6124110	Atawarala	Atawarala	GND	938	0	0	229	0	0	0	0	0
LK-6124115	Digana	Digana	GND	751	12	0	178	0	10	0	0	0
LK-6124120	Moonamalegama	Moonamalegama	GND	797	18	0	111	0	0	0	0	0
LK-6124125	Madurugama	Madurugama	GND	261	125	0	625	0	0	0	0	0
LK-6124130	Mahawa West	Mahawa West	GND	634	37	0	345	0	0	0	0	0
LK-6124135	Mahawa East	Mahawa East	GND	823	0	0	0	0	41	0	0	0
LK-6124140	Nettipalagama	Nettipalagama	GND	1119	20	0	35	0	0	0	0	0
LK-6124145	Divullewa	Divullewa	GND	1199	24	0	120	0	0	0	0	0
LK-6124150	Pailigama	Pailigama	GND	1185	0	0	0	0	0	0	0	0
LK-6124155	Kattambuwawa	Kattambuwawa	GND	1174	0	0	0	0	0	0	0	0
LK-6124160	Deheneggama	Deheneggama	GND	749	0	0	0	0	0	0	0	0
LK-6124165	Karambe	Karambe	GND	1305	0	0	0	0	0	0	0	0
LK-6124170	Kandubadagama	Kandubadagama	GND	721	0	0	0	0	0	0	0	0
LK-6124175	Embogama	Embogama	GND	844	0	0	0	0	0	0	0	0
LK-6124180	Thalambuwa	Thalambuwa	GND	833	0	0	0	0	0	0	0	0
LK-6124185	Kumbukwewa	Kumbukwewa	GND	813	0	0	0	0	0	0	0	0
LK-6124190	Kekunawa	Kekunawa	GND	1142	0	0	0	0	0	0	0	0
LK-6124195	Rekogama	Rekogama	GND	1215	13	0	0	0	0	0	0	0
LK-6124200	Imbulgodayagama	Imbulgodayagama	GND	781	0	0	16	0	0	0	0	0
LK-6124205	Vilawa	Vilawa	GND	993	0	0	0	0	0	0	0	0
LK-6124210	Kumbukwewa	Kumbukwewa	GND	759	0	0	0	0	0	0	0	0
LK-6124215	Konwewa	Konwewa	GND	766	0	0	0	0	0	0	0	0
LK-6124220	Heenuggala	Heenuggala	GND	671	0	0	0	0	0	0	0	0
LK-6124225	Kumbukwewa	Kumbukwewa	GND	1044	0	0	0	0	0	0	0	0
LK-6124230	Balalla	Balalla	GND	904	0	0	0	0	0	0	0	0
LK-6124235	Pahala Balalla	Pahala Balalla	GND	975	0	0	0	0	0	0	0	0
LK-6124240	Thisnampalagama	Thisnampalagama	GND	1072	0	0	0	0	0	0	0	0
LK-6124245	Heenukwewa	Heenukwewa	GND	832	0	0	0	0	0	0	0	0
LK-6124250	Gallewa	Gallewa	GND	1137	0	0	0	0	0	0	0	0
LK-6124255	Galewewa	Galewewa	GND	943	0	0	0	0	0	0	0	0
LK-6124260	Kadambawa	Kadambawa	GND	1170	0	0	0	0	0	0	0	0
LK-6124265	Metiyakgama	Metiyakgama	GND	799	0	0	0	0	0	0	0	0
LK-6124270	Medagama	Medagama	GND	880	0	0	0	0	0	0	0	0
LK-6124275	Gala Ambagaswewa	Gala Ambagaswewa	GND	827	0	0	0	0	0	0	0	0
LK-6124280	Rathmale	Rathmale	GND	865	0	0	0	0	0	0	0	0
LK-6124285	Dampitigama	Dampitigama	GND	756	0	0	0	0	0	0	0	0
LK-6124290	Nagollagama	Nagollagama	GND	779	0	0	0	0	0	0	0	0
LK-6124295	Thalagalla	Thalagalla	GND	1274	0	0	0	0	0	0	0	0
LK-6124300	Panwewa	Panwewa	GND	1274	0	0	0	0	0	0	0	0
LK-6124305	Balagollagama	Balagollagama	GND	588	0	0	0	0	0	0	0	0
LK-6124310	Ambagaswewa	Ambagaswewa	GND	684	0	0	0	0	0	0	0	0
LK-6124315	Gajaneggama	Gajaneggama	GND	1407	0	0	0	0	0	0	0	0
LK-6124320	Pothuwewa	Pothuwewa	GND	861	0	0	0	0	0	0	0	0
LK-6124325	Katuwannawa	Katuwannawa	GND	873	0	0	0	0	0	0	0	0
LK-6124330	Walpaluwa	Walpaluwa	GND	739	0	0	0	0	0	0	0	0
LK-6124335	Palugaswewa	Palugaswewa	GND	937	0	0	0	0	0	0	0	0
LK-6124340	Mirihanpitigama	Mirihanpitigama	GND	856	0	0	0	0	0	0	0	0
LK-6127	Polpitigama	Polpithigama	DSD	86173	65	0	0	0	0	0	0	0
LK-6127005	Kumbukkadawala	Kumbukkadawala	GND	1208	0	0	0	0	0	0	0	0
LK-6127010	Thaladapitiya	Thaladapitiya	GND	1029	0	0	0	0	0	0	0	0
LK-6127015	Thalawa	Thalawa	GND	989	0	0	0	0	0	0	0	0
LK-6127020	Siyambalangamuwa	Siyambalangamuwa	GND	806	0	0	0	0	0	0	0	0
LK-6127025	Bulnewa	Bulnewa	GND	926	11	0	0	0	0	0	0	0
LK-6127030	Kambuwatawana	Kambuwatawana	GND	1074	0	0	0	0	0	0	0	0
LK-6127035	Galgiriyawa	Galgiriyawa	GND	811	0	0	0	0	0	0	0	0
LK-6127040	Pohorawatta	Pohorawatta	GND	913	0	0	0	0	0	0	0	0
LK-6127045	Moragollagama	Moragollagama	GND	903	0	0	0	0	0	0	0	0
LK-6127050	Galahitiyagama	Galahitiyagama	GND	669	0	0	0	0	0	0	0	0
LK-6127055	Nikawewa	Nikawewa	GND	552	0	0	0	0	0	0	0	0
LK-6127060	Ihala Thimbiriyawa	Ihala Thimbiriyawa	GND	1099	0	0	0	0	0	0	0	0
LK-6127065	Mamunugama	Mamunugama	GND	793	0	0	0	0	0	0	0	0
LK-6127070	Pathirennegama	Pathirennegama	GND	1072	0	0	0	0	0	0	0	0
LK-6127075	Saliyagama	Saliyagama	GND	1022	0	0	0	0	0	0	0	0
LK-6127080	Serugasyaya	Serugasyaya	GND	484	0	0	0	0	0	0	0	0
LK-6127085	Herathgama	Herathgama	GND	711	0	0	0	0	0	0	0	0
LK-6127090	Dambe	Dambe	GND	666	0	0	0	0	0	0	0	0
LK-6127095	Kiribamunegama	Kiribamunegama	GND	1067	0	0	0	0	0	0	0	0
LK-6127100	Madagalla	Madagalla	GND	865	0	0	0	0	0	0	0	0
LK-6127105	Galagedaragama	Galagedaragama	GND	820	0	0	0	0	0	0	0	0
LK-6127110	Hathigamuwa	Hathigamuwa	GND	731	0	0	0	0	0	0	0	0
LK-6127115	Amunakole	Amunakole	GND	1041	0	0	0	0	0	0	0	0
LK-6127120	Kumbukulawa	Kumbukulawa	GND	1551	23	0	0	0	0	0	0	0
LK-6127125	Pallekele	Pallekele	GND	1985	0	0	0	0	0	0	0	0
LK-6127130	Pothuvila	Pothuvila	GND	2331	0	0	0	0	0	0	0	0
LK-6127135	Rekevula	Rekevula	GND	862	0	0	0	0	0	0	0	0
LK-6127140	Bogolla	Bogolla	GND	736	0	0	0	0	0	0	0	0
LK-6127145	Polpithigama	Polpithigama	GND	1808	0	0	0	0	0	0	0	0
LK-6127150	Mal Asna	Mal Asna	GND	869	0	0	0	0	0	0	0	0
LK-6127155	Meegaswewa	Meegaswewa	GND	734	0	0	0	0	0	0	0	0
LK-6127160	Niyandawanaya	Niyandawanaya	GND	835	0	0	0	0	0	0	0	0
LK-6127165	Hathpokuna	Hathpokuna	GND	1208	0	0	0	0	0	0	0	0
LK-6127170	Thalpathwewa	Thalpathwewa	GND	1131	0	0	0	0	0	0	0	0
LK-6127175	Koruwawa	Koruwawa	GND	1496	0	0	0	0	0	0	0	0
LK-6127180	Galtenwewa	Galtenwewa	GND	1573	0	0	0	0	0	0	0	0
LK-6127185	Balagolla	Balagolla	GND	846	0	0	0	0	0	0	0	0
LK-6127190	Siyambalawewa	Siyambalawewa	GND	807	0	0	0	0	0	0	0	0
LK-6127195	Thalakolawewa	Thalakolawewa	GND	970	0	0	0	0	0	0	0	0
LK-6127200	Elagamuwa	Elagamuwa	GND	948	0	0	0	0	0	0	0	0
LK-6127205	Halmillawewa	Halmillawewa	GND	1971	0	0	0	0	0	0	0	0
LK-6127210	Imihaminegama	Imihaminegama	GND	715	0	0	0	0	0	0	0	0
LK-6127215	Angulgamuwa	Angulgamuwa	GND	1203	0	0	0	0	0	0	0	0
LK-6127220	Nikawehera	Nikawehera	GND	2646	0	0	0	0	0	0	0	0
LK-6127225	Kosgaha Ela	Kosgaha Ela	GND	831	0	0	0	0	0	0	0	0
LK-6127230	Hakwatunawa	Hakwatunawa	GND	967	0	0	0	0	0	0	0	0
LK-6127235	Rawa Ela	Rawa Ela	GND	905	0	0	0	0	0	0	0	0
LK-6127240	Dagama	Dagama	GND	1002	0	0	0	0	0	0	0	0
LK-6127245	Indigolla	Indigolla	GND	677	0	0	0	0	0	0	0	0
LK-6127250	Dembatagala	Dembatagala	GND	1156	0	0	0	0	0	0	0	0
LK-6127255	Galketiyagama	Galketiyagama	GND	893	0	0	0	0	0	0	0	0
LK-6127260	Bakmeewewa	Bakmeewewa	GND	968	0	0	0	0	0	0	0	0
LK-6127265	Welangolla	Welangolla	GND	572	0	0	0	0	0	0	0	0
LK-6127270	Wanduressa	Wanduressa	GND	644	0	0	0	0	0	0	0	0
LK-6127275	Maeliya North	Maeliya North	GND	1500	0	0	0	0	0	0	0	0
LK-6127280	Agare	Agare	GND	866	0	0	0	0	0	0	0	0
LK-6127285	Makulpotha	Makulpotha	GND	588	0	0	0	0	0	0	0	0
LK-6127290	Thalwehera	Thalwehera	GND	918	0	0	0	0	0	0	0	0
LK-6127295	Welipitiya	Welipitiya	GND	1542	0	0	0	0	0	0	0	0
LK-6127300	Morotta	Morotta	GND	828	0	0	0	0	0	0	0	0
LK-6127305	Keralankadawala	Keralankadawala	GND	1433	0	0	0	0	0	0	0	0
LK-6127310	Polgahangoda	Polgahangoda	GND	1141	0	0	0	0	0	0	0	0
LK-6127315	Paragaha Ela	Paragaha Ela	GND	552	0	0	0	0	0	0	0	0
LK-6127320	Medakanda	Medakanda	GND	860	0	0	0	0	0	0	0	0
LK-6127325	Madahapola	Madahapola	GND	1455	0	0	0	0	0	0	0	0
LK-6127330	Uthuruwella	Uthuruwella	GND	1061	0	0	0	0	0	0	0	0
LK-6127335	Rambe	Rambe	GND	1525	0	0	0	0	0	0	0	0
LK-6127340	Maeliya South	Maeliya South	GND	1502	0	0	0	0	0	0	0	0
LK-6127345	Dekanduwala	Dekaduwala	GND	726	0	0	0	0	0	0	0	0
LK-6127350	Kalugalla	Kalugalla	GND	1388	0	0	0	0	0	0	0	0
LK-6127355	Ihala Thelambiyawa	Ihala Thelambiyawa	GND	1169	0	0	0	0	0	0	0	0
LK-6127360	Ambagaswewa	Ambagaswewa	GND	898	0	0	0	0	0	0	0	0
LK-6127365	Thalamalgama	Thalamalgama	GND	545	0	0	0	0	0	0	0	0
LK-6127370	Kalawana	Kalawana	GND	1196	0	0	0	0	0	0	0	0
LK-6127375	Welidalla	Welidalla	GND	936	0	0	0	0	0	0	0	0
LK-6127380	Ponnilawa	Ponnilawa	GND	527	0	0	0	0	0	0	0	0
LK-6127385	Thambuwa	Thambuwa	GND	1616	0	0	0	0	0	0	0	0
LK-6127390	Henawa	Henawa	GND	872	0	0	0	0	0	0	0	0
LK-6127395	Baddegama	Baddegama	GND	1432	0	0	0	0	0	0	0	0
LK-6127400	Hangamuwa	Hangamuwa	GND	968	0	0	0	0	0	0	0	0
LK-6127405	Doraweruwa	Doraweruwa	GND	1136	31	0	0	0	0	0	0	0
LK-6127410	Deegama	Deegama	GND	902	0	0	0	0	0	0	0	0
LK-6130	Ibbagamuwa	Ibbagamuwa	DSD	84934	994	12	8016	12	0	0	0	0
LK-6130005	Welgala	Welgala	GND	1280	0	0	0	0	0	0	0	0
LK-6130010	Kimbulwana Oya	Kimbulwana Oya	GND	978	0	0	0	0	0	0	0	0
LK-6130015	Nelliya	Nelliya	GND	696	0	0	0	0	0	0	0	0
LK-6130020	Diddeniya	Diddeniya	GND	1283	0	0	0	0	0	0	0	0
LK-6130025	Polkatuwa	Polkatuwa	GND	1835	0	0	0	0	0	0	0	0
LK-6130030	Diggalawatta	Diggalawatta	GND	1169	0	0	0	0	0	0	0	0
LK-6130035	Gurussa	Gurussa	GND	983	11	0	0	0	0	0	0	0
LK-6130040	Omaragolla	Omaragolla	GND	1257	0	0	0	0	0	0	0	0
LK-6130045	Panliyadda	Panliyadda	GND	1968	20	0	0	0	0	0	0	0
LK-6130050	Nabeta	Nabeta	GND	1756	0	0	0	0	0	0	0	0
LK-6130055	Ussawa	Ussawa	GND	1270	0	0	0	0	0	0	0	0
LK-6130060	Neerammulla	Neerammulla	GND	1600	0	0	23	0	0	0	0	0
LK-6130065	Dewagiriya	Dewagiriya	GND	971	0	0	0	0	0	0	0	0
LK-6130070	Katupotha	Katupotha	GND	657	0	0	0	0	0	0	0	0
LK-6130075	Unit 3	Kimbulwana Oya Unit 3	GND	1554	0	0	0	0	0	0	0	0
LK-6130080	Hipawwa	Hipawwa	GND	763	0	0	0	0	0	0	0	0
LK-6130085	Thammita	Thammita	GND	1352	0	0	0	0	0	0	0	0
LK-6130090	Thihawa	Thihawa	GND	1287	0	0	0	0	0	0	0	0
LK-6130095	Ganegoda	Ganegoda	GND	1386	0	0	0	0	0	0	0	0
LK-6130100	Lenawa	Lenawa	GND	812	0	0	0	0	0	0	0	0
LK-6130105	Bandipola	Bandipola	GND	757	0	12	236	0	0	0	0	0
LK-6130110	Pitapahamuna	Pitipahamuna	GND	1017	0	0	0	0	0	0	0	0
LK-6130115	Medamulla	Medamulla	GND	537	20	0	43	0	0	0	0	0
LK-6130120	Diyathure	Diyathure	GND	938	0	0	476	0	0	0	0	0
LK-6130125	Megodadiyathure	Megodadiyathure	GND	212	25	0	0	0	0	0	0	0
LK-6130130	Ragedara	Ragedara	GND	1763	11	0	0	0	0	0	0	0
LK-6130135	Kendawala	Kendawala	GND	2039	13	0	0	0	0	0	0	0
LK-6130140	Mahagama	Mahagama	GND	766	0	0	0	0	0	0	0	0
LK-6130145	Puswellegama	Puswellegama	GND	508	0	0	0	0	0	0	0	0
LK-6130150	Karandagolla	Karandagolla	GND	1685	12	0	0	0	0	0	0	0
LK-6130155	Kahatawela	Kahatawela	GND	946	37	0	140	0	0	0	0	0
LK-6130160	Neketta	Neketta	GND	862	0	0	0	0	0	0	0	0
LK-6130165	Godarathmale	Godarathmale	GND	405	0	0	0	0	0	0	0	0
LK-6130170	Pudukkulama	Pudukkulama	GND	723	0	0	0	0	0	0	0	0
LK-6130175	Manapaya	Manapaya	GND	521	0	0	0	0	0	0	0	0
LK-6130180	Doluwa	Doluwa	GND	675	0	0	0	0	0	0	0	0
LK-6130185	Wewalagama	Wewalagama	GND	1025	0	0	0	0	0	0	0	0
LK-6130190	Deeyawa	Deeyawa	GND	842	0	0	0	0	0	0	0	0
LK-6130195	Aragama	Aragama	GND	927	0	0	0	0	0	0	0	0
LK-6130200	Nindapella	Nindapella	GND	821	0	0	0	0	0	0	0	0
LK-6130205	Ihala Gokarella	Ihala Gokarella	GND	1069	0	0	0	0	0	0	0	0
LK-6130210	Medagampola	Medagampola	GND	889	0	0	0	0	0	0	0	0
LK-6130215	Kandegedara	Kandegedara	GND	854	0	0	0	0	0	0	0	0
LK-6130220	Ambanpola	Ambanpola	GND	1446	44	0	40	0	0	0	0	0
LK-6130225	Meddeketiya	Meddeketiya	GND	614	0	0	0	0	0	0	0	0
LK-6130230	Siyambalawehera	Siyambalawehera	GND	1744	0	0	0	0	0	0	0	0
LK-6130235	Daramitipola	Daramitipola	GND	1083	0	0	0	0	0	0	0	0
LK-6130240	Hiddana	Hiddana	GND	789	0	0	0	0	0	0	0	0
LK-6130245	Godagama	Godagama	GND	704	0	0	0	0	0	0	0	0
LK-6130250	Kiribamuna	Kiribamuna	GND	1039	0	0	0	0	0	0	0	0
LK-6130255	Periyakadunelawa	Periyakadu Nelawa	GND	1389	0	0	0	0	0	0	0	0
LK-6130260	Peddawa	Peddawa	GND	1052	0	0	0	0	0	0	0	0
LK-6130265	Muruthawa	Muruthawa	GND	1089	11	0	0	0	0	0	0	0
LK-6130270	Kandulawa	Kanduluwa	GND	1928	0	0	0	0	0	0	0	0
LK-6130275	Ipalawa	Ipalawa	GND	1973	55	0	233	0	0	0	0	0
LK-6130280	Polgolla	Polgolla	GND	1466	0	0	16	0	0	0	0	0
LK-6130285	Udathammita	Udathammita	GND	1068	0	0	0	0	0	0	0	0
LK-6130290	Medagedara	Medagedara	GND	1338	0	0	0	0	0	0	0	0
LK-6130295	Thalgodapitiya	Thalgodapitiya	GND	1795	51	0	222	12	0	0	0	0
LK-6130300	Ibbagamuwa	Ibbagamuwa	GND	1494	37	0	173	0	0	0	0	0
LK-6130305	Dehelgamuwa	Dehelgamuwa	GND	1512	0	0	0	0	0	0	0	0
LK-6130310	Mahamookalanyaya	Mahamookalanyaya	GND	1093	0	0	0	0	0	0	0	0
LK-6130315	Bogamuwa	Bogamuwa	GND	776	0	0	0	0	0	0	0	0
LK-6130320	Hangamuwa	Hangamuwa	GND	1270	0	0	0	0	0	0	0	0
LK-6130325	Wadupola	Wadupola	GND	898	0	0	0	0	0	0	0	0
LK-6130330	Pannala	Pannala	GND	1258	0	0	571	0	0	0	0	0
LK-6130335	Udawela	Udawela	GND	2366	22	0	159	0	0	0	0	0
LK-6130340	Kirindigalla	Kirindigalla	GND	1776	37	0	0	0	0	0	0	0
LK-6130345	Henegedara	Henegedara	GND	785	265	0	771	0	0	0	0	0
LK-6130350	Madigedethilianga	Madigedethilianga	GND	78	49	0	1825	0	0	0	0	0
LK-6130355	Galketigama	Galketigama	GND	1670	0	0	363	0	0	0	0	0
LK-6130360	Bakmeegolla	Bakmeegolla	GND	1545	91	0	1084	0	0	0	0	0
LK-6130365	Kumbalanga	Kumbulanga	GND	532	33	0	1626	0	0	0	0	0
LK-6130370	Nembilikumbura	Nembilikumbura	GND	1726	150	0	15	0	0	0	0	0
LK-6133	Ganewatta	Ganewatta	DSD	40857	54	0	2402	0	0	0	0	0
LK-6133005	Digankonwewa	Digankonwewa	GND	830	0	0	0	0	0	0	0	0
LK-6133010	Weragala	Weragala	GND	744	0	0	0	0	0	0	0	0
LK-6133015	Thimbiriwewa	Thimbiriwewa	GND	743	0	0	0	0	0	0	0	0
LK-6133020	Kekulawala	Kekulawala	GND	234	0	0	0	0	0	0	0	0
LK-6133025	Divulwewa	Divulwewa	GND	527	0	0	0	0	0	0	0	0
LK-6133030	Pothuwagonna	Pothuwagonna	GND	719	0	0	0	0	0	0	0	0
LK-6133035	Kuda Uyangalla	Kuda Uyangalla	GND	626	0	0	0	0	0	0	0	0
LK-6133040	Uyangalla	Uyangalla	GND	1138	0	0	0	0	0	0	0	0
LK-6133045	Kalatuwagama	Kalatuwagama	GND	935	0	0	0	0	0	0	0	0
LK-6133050	Aluthgama	Aluthgama	GND	1138	0	0	0	0	0	0	0	0
LK-6133055	Seerangoda	Seerangoda	GND	832	0	0	0	0	0	0	0	0
LK-6133060	Thambagalla	Thambagalla	GND	1881	0	0	0	0	0	0	0	0
LK-6133065	Pannawa	Pannawa	GND	1242	0	0	0	0	0	0	0	0
LK-6133070	Nelawa	Nelawa	GND	1348	0	0	0	0	0	0	0	0
LK-6133075	Makulmade	Makulmade	GND	690	0	0	0	0	0	0	0	0
LK-6133080	Neeraviya	Neeraviya	GND	1902	20	0	77	0	0	0	0	0
LK-6133085	Waduwawa	Waduwawa	GND	884	0	0	0	0	0	0	0	0
LK-6133090	Santhanagama	Santhanagama	GND	1552	0	0	0	0	0	0	0	0
LK-6133095	Kumbukgete	Kumbukgete	GND	1173	0	0	0	0	0	0	0	0
LK-6133100	Hettigama	Hettigama	GND	1353	0	0	0	0	0	0	0	0
LK-6133105	Boraluwa	Boraluwa	GND	1048	0	0	0	0	0	0	0	0
LK-6133110	Nikagolla	Nikagolla	GND	1202	0	0	0	0	0	0	0	0
LK-6133115	Thittawella	Thittawella	GND	1100	0	0	0	0	0	0	0	0
LK-6133120	Jahapagama	Jahapagama	GND	702	0	0	0	0	0	0	0	0
LK-6133125	Neriyawa	Neriyawa	GND	1328	0	0	0	0	0	0	0	0
LK-6133130	Arankele	Arankele	GND	657	0	0	0	0	0	0	0	0
LK-6133135	Thittawelgala	Thittawelgala	GND	423	11	0	1342	0	0	0	0	0
LK-6133140	Nikadalupotha	Nikadalupotha	GND	1096	23	0	419	0	0	0	0	0
LK-6133145	Hiripitiya	Hiripitiya	GND	1218	0	0	141	0	0	0	0	0
LK-6133150	Hindawewa	Hidawewa	GND	735	0	0	0	0	0	0	0	0
LK-6133155	Nelumpathgama	Nelumpathgama	GND	337	0	0	0	0	0	0	0	0
LK-6133160	Malagamuwa	Malagamuwa	GND	873	0	0	0	0	0	0	0	0
LK-6133165	Othuwela	Othuwela	GND	935	0	0	0	0	0	0	0	0
LK-6133170	Moragolla	Moragolla	GND	1376	0	0	0	0	0	0	0	0
LK-6133175	Hunupola	Hunupola	GND	816	0	0	0	0	0	0	0	0
LK-6133180	Wegolla	Wegolla	GND	1134	0	0	0	0	0	0	0	0
LK-6133185	Makulwewa	Makulwewa	GND	919	0	0	0	0	0	0	0	0
LK-6133190	Thanthirigama	Thanthirigama	GND	651	0	0	0	0	0	0	0	0
LK-6133195	Kirindiwelmada/ Galagedara	Kirindiwelmada / Galagedara	GND	1413	0	0	161	0	0	0	0	0
LK-6133200	Seeradunna	Seeradunna	GND	879	0	0	0	0	0	0	0	0
LK-6133205	Kanawa	Kanawa	GND	926	0	0	41	0	0	0	0	0
LK-6133210	Pothuvila	Pothuvila	GND	598	0	0	221	0	0	0	0	0
LK-6136	Wariyapola	Wariyapola	DSD	65178	176	0	968	0	0	0	0	0
LK-6136005	Halmillewa	Halmillewa	GND	1067	0	0	0	0	0	0	0	0
LK-6136010	Thennakongama	Thennakongama	GND	845	0	0	0	0	0	0	0	0
LK-6136015	Kelegama	Kelegama	GND	1059	0	0	0	0	0	0	0	0
LK-6136020	Konotta	Konotta	GND	1022	0	0	0	0	0	0	0	0
LK-6136025	Ebawalapitiya	Ebawalapitiya	GND	1091	0	0	155	0	0	0	0	0
LK-6136030	Mellapotta	Mellapotta	GND	557	0	0	659	0	0	0	0	0
LK-6136035	Wanduressa Welgala	Wanduressa Welgala	GND	816	0	0	0	0	0	0	0	0
LK-6136040	Walpaluwa	Walpaluwa	GND	1013	0	0	0	0	0	0	0	0
LK-6136045	Minuwangete	Minuwangete	GND	1314	0	0	13	0	0	0	0	0
LK-6136050	Nelliya	Nelliya	GND	560	0	0	10	0	0	0	0	0
LK-6136055	Deegithawa	Deegithawa	GND	1407	0	0	24	0	0	0	0	0
LK-6136060	Karagaswewa	Karagaswewa	GND	948	0	0	0	0	0	0	0	0
LK-6136065	Wanduressa	Wanduressa	GND	1027	0	0	0	0	0	0	0	0
LK-6136070	Karandawetiya	Karandawetiya	GND	689	0	0	0	0	0	0	0	0
LK-6136075	Ethawa	Ethawa	GND	1708	0	0	0	0	0	0	0	0
LK-6136080	Welawa	Welawa	GND	696	0	0	0	0	0	0	0	0
LK-6136085	Rabukana	Rabukana	GND	649	0	0	0	0	0	0	0	0
LK-6136090	Avulegama	Avulegama	GND	1032	0	0	0	0	0	0	0	0
LK-6136095	Bayawa	Bayawa	GND	1376	0	0	0	0	0	0	0	0
LK-6136100	Muwanwellegedara	Muwanwellegedara	GND	832	0	0	0	0	0	0	0	0
LK-6136105	Magulagama	Magulagama	GND	1336	0	0	0	0	0	0	0	0
LK-6136110	Divulakele	Divulakele	GND	1011	0	0	0	0	0	0	0	0
LK-6136115	Werella	Werella	GND	1737	0	0	0	0	0	0	0	0
LK-6136120	Naramana	Naramana	GND	1603	0	0	0	0	0	0	0	0
LK-6136125	Thambarawa	Thambarawa	GND	1052	0	0	0	0	0	0	0	0
LK-6136130	Pothuwewa	Pothuwewa	GND	360	0	0	0	0	0	0	0	0
LK-6136135	Netiya	Netiya	GND	1270	0	0	0	0	0	0	0	0
LK-6136140	Thissawa	Thissawa	GND	624	0	0	0	0	0	0	0	0
LK-6136145	Amunugama	Amunugama	GND	1335	0	0	0	0	0	0	0	0
LK-6136150	Goluwawa	Goluwawa	GND	896	0	0	0	0	0	0	0	0
LK-6136155	Kithulwehera	Kithulwehera	GND	1463	0	0	0	0	0	0	0	0
LK-6136160	Ipalawa	Ipalawa	GND	1245	0	0	0	0	0	0	0	0
LK-6136165	Mamunuwa	Mamunuwa	GND	1783	0	0	0	0	0	0	0	0
LK-6136170	Padeniya	Padeniya	GND	1281	0	0	0	0	0	0	0	0
LK-6136175	Madatuwa	Madatuwa	GND	1527	0	0	0	0	0	0	0	0
LK-6136180	Pattalegedara	Pattalegedara	GND	924	0	0	0	0	0	0	0	0
LK-6136185	Mirihanegama	Mirihanegama	GND	773	0	0	0	0	0	0	0	0
LK-6136190	Nabadawewa	Nabadawewa	GND	749	0	0	0	0	0	0	0	0
LK-6136195	Kahagolla	Kahagolla	GND	820	10	0	0	0	0	0	0	0
LK-6136200	Habarawa	Habarawa	GND	1061	0	0	0	0	0	0	0	0
LK-6136205	Ambakadawara	Ambakadawara	GND	1011	0	0	0	0	0	0	0	0
LK-6136210	Pennithawa	Pennithawa	GND	1122	0	0	0	0	0	0	0	0
LK-6136215	Hettigedara	Hettigedara	GND	793	0	0	0	0	0	0	0	0
LK-6136220	Medagama	Medagama	GND	1133	0	0	0	0	0	0	0	0
LK-6136225	Ginipendegama	Ginipendegama	GND	1809	0	0	0	0	0	0	0	0
LK-6136230	Wariyapola	Wariyapola	GND	2438	0	0	56	0	0	0	0	0
LK-6136235	Rathmale	Rathmale	GND	1205	16	0	22	0	0	0	0	0
LK-6136240	Piyumgalla	Piyumgalla	GND	1091	0	0	0	0	0	0	0	0
LK-6136245	Elavitigama	Elavitigama	GND	1244	0	0	0	0	0	0	0	0
LK-6136250	Wewagedara	Wewagedara	GND	1904	0	0	10	0	0	0	0	0
LK-6136255	Randeniya	Randeniya	GND	1142	0	0	0	0	0	0	0	0
LK-6136260	Werapola	Werapola	GND	2138	19	0	0	0	0	0	0	0
LK-6136265	Horombuwa	Horombuwa	GND	1367	30	0	0	0	0	0	0	0
LK-6136270	Vilakatupotha	Vilakatupotha	GND	1382	89	0	19	0	0	0	0	0
LK-6136275	Embawa	Embawa	GND	793	12	0	0	0	0	0	0	0
LK-6136280	Malwana	Malwana	GND	2048	0	0	0	0	0	0	0	0
LK-6139	Kobeigane	Kobeigane	DSD	35249	31	0	5280	0	0	0	0	0
LK-6139005	Hathalawa	Hathalawa	GND	1193	0	0	0	0	0	0	0	0
LK-6139010	Makeliyawa	Makeliyawa	GND	1537	0	0	0	0	0	0	0	0
LK-6139015	Mawathagama	Mawathagama	GND	1115	0	0	0	0	0	0	0	0
LK-6139020	Hengamuwa	Hengamuwa	GND	1216	0	0	0	0	0	0	0	0
LK-6139025	Waduressa	Waduressa	GND	1075	0	0	0	0	0	0	0	0
LK-6139030	Wannigama	Wannigama	GND	1258	0	0	0	0	0	0	0	0
LK-6139035	Vithikuliya	Vithikuliya	GND	1622	0	0	0	0	0	0	0	0
LK-6139040	Beddegama	Beddegama	GND	677	0	0	633	0	0	0	0	0
LK-6139045	Pubbiliya	Pubbiliya	GND	1053	0	0	0	0	0	0	0	0
LK-6139050	Kandattawa	Kadaththawa	GND	1156	0	0	0	0	0	0	0	0
LK-6139055	Amunukole	Amunukole	GND	1051	0	0	0	0	0	0	0	0
LK-6139060	Kithagama	Kithagama	GND	794	0	0	0	0	0	0	0	0
LK-6139065	Thelahera	Thelahera	GND	1186	0	0	0	0	0	0	0	0
LK-6139070	Assedduma	Assedduma	GND	935	0	0	0	0	0	0	0	0
LK-6139075	Leekolawewa	Leekolawewa	GND	849	0	0	0	0	0	0	0	0
LK-6139080	Kahatagaswewa	Kahatagaswewa	GND	919	0	0	0	0	0	0	0	0
LK-6139085	Welpothuwewa	Welpothuwewa	GND	246	0	0	1760	0	0	0	0	0
LK-6139090	Boraluwewa	Boraluwewa	GND	1180	0	0	0	0	0	0	0	0
LK-6139095	Maulla	Maulla	GND	912	0	0	0	0	0	0	0	0
LK-6139100	Beliwewa	Beliwewa	GND	998	0	0	0	0	0	0	0	0
LK-6139105	Bakunawala	Bakunawala	GND	894	0	0	0	0	0	0	0	0
LK-6139110	Alahenegama	Alahenegama	GND	636	0	0	0	0	0	0	0	0
LK-6139115	Aralugaswewa	Aralugaswewa	GND	1087	0	0	0	0	0	0	0	0
LK-6139120	Walaswewa	Walaswewa	GND	977	0	0	0	0	0	0	0	0
LK-6139125	Pannawa	Pannawa	GND	340	0	0	2381	0	0	0	0	0
LK-6139130	Galatabendiwewa	Galatabendiwewa	GND	620	20	0	493	0	0	0	0	0
LK-6139135	Bamunugama	Bamunugama	GND	1404	0	0	0	0	0	0	0	0
LK-6139140	Hirigolla	Hirigolla	GND	1150	0	0	0	0	0	0	0	0
LK-6139145	Kobeigane	Kobeigane	GND	1109	0	0	0	0	0	0	0	0
LK-6139150	Holambalewa	Holambalewa	GND	1056	0	0	0	0	0	0	0	0
LK-6139155	Halmillakotuwa	Halmillakotuwa	GND	1349	0	0	0	0	0	0	0	0
LK-6139160	Kattapitiya	Kattapitiya	GND	926	0	0	0	0	0	0	0	0
LK-6139165	Baladora	Baladora	GND	1086	11	0	0	0	0	0	0	0
LK-6139170	Midellawa	Midellawa	GND	928	0	0	0	0	0	0	0	0
LK-6139175	Hindagahawewa	Hindagahawewa	GND	715	0	0	13	0	0	0	0	0
LK-6142	Bingiriya	Bingiriya	DSD	63853	353	73	2232	0	0	0	0	0
LK-6142005	Molaeliya	Molaeliya	GND	998	0	0	0	0	0	0	0	0
LK-6142010	Getulawa	Getulawa	GND	1858	0	0	0	0	0	0	0	0
LK-6142015	Pahala Thalampola	Pahala Thalampola	GND	1175	0	0	82	0	0	0	0	0
LK-6142020	Ihala Konkandawala	Ihala Konkandawala	GND	1664	0	0	91	0	0	0	0	0
LK-6142025	Bandarigalgoda	Bandarigalgoda	GND	1051	0	0	0	0	0	0	0	0
LK-6142030	Manelembuwa	Manelembuwa	GND	1149	0	0	0	0	0	0	0	0
LK-6142035	Pahala Kiniyama	Pahala Kiniyama	GND	838	13	0	0	0	0	0	0	0
LK-6142040	Kiniyama East	Kiniyama East	GND	998	0	0	11	0	0	0	0	0
LK-6142045	Kiniyama West	Kiniyama West	GND	643	14	0	1283	0	0	0	0	0
LK-6142050	Puwakgahakadawala	Puwakgahakadawala	GND	594	12	0	468	0	0	0	0	0
LK-6142055	Weerapokuna	Weerapokuna	GND	1117	0	0	0	0	0	0	0	0
LK-6142060	Koshenagara	Koshenagara	GND	1173	11	0	0	0	0	0	0	0
LK-6142065	Ihala Galwewa	Ihala Galwewa	GND	862	15	0	0	0	0	0	0	0
LK-6142070	Pahala Galwewa	Pahala Galwewa	GND	1170	0	0	0	0	0	0	0	0
LK-6142075	Urapotta	Urapotta	GND	969	0	0	0	0	0	0	0	0
LK-6142080	Brahmanayagama	Brahmanayagama	GND	508	0	0	0	0	0	0	0	0
LK-6142085	Hendiyapola	Hendiyapola	GND	1088	0	0	0	0	0	0	0	0
LK-6142090	Karandanayagama	Karandanayagama	GND	1498	0	0	0	0	0	0	0	0
LK-6142095	Kosagama	Kosagama	GND	1135	21	0	0	0	0	0	0	0
LK-6142100	Wanduressa	Wanduressa	GND	1193	0	0	0	0	0	0	0	0
LK-6142105	Pahala Koswatta	Pahala Koswatta	GND	768	0	0	0	0	0	0	0	0
LK-6142110	Maunawa	Maunawa	GND	1094	0	0	0	0	0	0	0	0
LK-6142115	Bowatta	Bowatta	GND	1735	14	0	0	0	0	0	0	0
LK-6142120	Panawewa	Panawewa	GND	1715	0	0	0	0	0	0	0	0
LK-6142125	Mookalanhena	Mookalanhena	GND	2176	15	0	0	0	0	0	0	0
LK-6142130	Murukandiya	Murukandiya	GND	713	0	0	0	0	0	0	0	0
LK-6142135	Bingiriya	Bingiriya	GND	1166	22	0	0	0	0	0	0	0
LK-6142140	Vilattawa Palatha	Vilattawa	GND	1263	0	0	0	0	0	0	0	0
LK-6142145	Aluthgama	Aluthgama	GND	1802	21	0	0	0	0	0	0	0
LK-6142150	Ihala Kalugama	Ihala Kalugama	GND	1602	27	0	0	0	0	0	0	0
LK-6142155	Wellarawa	Wellarawa	GND	1833	19	0	0	0	0	0	0	0
LK-6142160	Bakmeeruppa	Bakmeeruppa	GND	1527	0	0	0	0	0	0	0	0
LK-6142165	Hiruwalpola	Hiruwalpola	GND	1166	0	0	0	0	0	0	0	0
LK-6142170	Kaduruwewa	Kaduruwewa	GND	2484	13	0	0	0	0	0	0	0
LK-6142175	Horagasagara	Horagasagara	GND	1213	0	0	0	0	0	0	0	0
LK-6142180	Ihala Kadigamuwa	Ihala Kadigamuwa	GND	2552	28	13	0	0	0	0	0	0
LK-6142185	Ihala Koswatta	Ihala Koswatta	GND	2043	13	0	0	0	0	0	0	0
LK-6142190	Nithalawa	Nithalawa	GND	1342	27	0	0	0	0	0	0	0
LK-6142195	Kudakalawa	Kudakalawa	GND	1088	17	0	0	0	0	0	0	0
LK-6142200	Tharana	Tharana	GND	1304	13	0	0	0	0	0	0	0
LK-6142205	Konkadawala	Konkadawala	GND	1479	0	40	0	0	0	0	0	0
LK-6142210	Hamannapahuwa	Hamannapahuwa	GND	947	20	0	0	0	0	0	0	0
LK-6142215	Kurundupotha	Kurundupotha	GND	1070	0	0	297	0	0	0	0	0
LK-6142220	Madulupitiya	Madulupitiya	GND	800	0	0	0	0	0	0	0	0
LK-6142225	Udawela	Udawela	GND	1404	0	0	0	0	0	0	0	0
LK-6142230	Meladeniya	Meladeniya	GND	676	0	0	0	0	0	0	0	0
LK-6142235	Padiwela	Padiwela	GND	1123	0	0	0	0	0	0	0	0
LK-6142240	Kelegedara	Kelegedara	GND	851	0	0	0	0	0	0	0	0
LK-6142245	Thorabichchiya	Thorabichchiya	GND	754	0	0	0	0	0	0	0	0
LK-6142250	Heenpannawa	Heenpannawa	GND	1001	0	0	0	0	0	0	0	0
LK-6142255	Pahala Kadigamuwa	Pahala Kadigamuwa	GND	940	18	0	0	0	0	0	0	0
LK-6142260	Pahala Mandakondana	Pahala Mandakondana	GND	541	0	20	0	0	0	0	0	0
LK-6145	Panduwasnuwara West	Panduwasnuwara West	DSD	60286	659	55	9972	0	0	0	0	0
LK-6145005	Kahatavila	Kahatavila	GND	1026	0	0	0	0	0	0	0	0
LK-6145010	Madaina	Madaina	GND	934	0	0	0	0	0	0	0	0
LK-6145015	Dothella	Dothella	GND	1268	0	0	0	0	0	0	0	0
LK-6145020	Ganegama	Ganegama	GND	794	0	0	0	0	0	0	0	0
LK-6145025	Mandapola	Mandapola	GND	1254	0	0	0	0	0	0	0	0
LK-6145030	Konwewa	Konwewa	GND	1548	0	0	32	0	0	0	0	0
LK-6145035	Rambewa	Rambewa	GND	403	16	0	341	0	0	0	0	0
LK-6145040	Madulla	Madulla	GND	807	0	0	10	0	0	0	0	0
LK-6145045	Wadumunna	Wadumunna	GND	1156	10	0	0	0	0	0	0	0
LK-6145050	Akurana	Akurana	GND	657	16	0	291	0	0	0	0	0
LK-6145055	Yodhayakanda	Yodhayakanda	GND	582	0	0	0	0	0	0	0	0
LK-6145060	Udagama	Udagama	GND	912	16	0	22	0	0	0	0	0
LK-6145065	Karandawa	Karandawa	GND	764	0	12	0	0	0	0	0	0
LK-6145070	Pallegama	Pallegama	GND	936	0	0	0	0	0	0	0	0
LK-6145075	Divulwewa	Divulwewa	GND	759	0	0	0	0	0	0	0	0
LK-6145080	Girathalana	Girathalana	GND	1255	0	0	0	0	0	0	0	0
LK-6145085	Nikapitiya	Nikapitiya	GND	452	0	0	861	0	0	0	0	0
LK-6145090	Othegama	Othegama	GND	939	0	0	0	0	0	0	0	0
LK-6145095	Diggalagedara	Diggalagedara	GND	995	0	0	0	0	0	0	0	0
LK-6145100	Dorabavila	Dorabavila	GND	1080	0	0	0	0	0	0	0	0
LK-6145105	Nallura	Nallura	GND	1164	0	0	109	0	0	0	0	0
LK-6145110	Palugaswewa	Palugaswewa	GND	304	372	0	599	0	0	0	0	0
LK-6145115	Madige Midiyala	Madige Midiyala	GND	49	0	20	3173	0	0	0	0	0
LK-6145120	Midiyala	Midiyala	GND	278	0	0	1419	0	0	0	0	0
LK-6145125	Hidagahawewa	Hindagahawewa	GND	980	0	0	0	0	0	0	0	0
LK-6145130	Hammaliya	Hammaliya	GND	1273	0	0	197	0	0	0	0	0
LK-6145135	Bandara Koswatta	Bandara Koswatta	GND	552	0	0	446	0	0	0	0	0
LK-6145140	Hathapola	Hathapola	GND	891	0	0	23	0	0	0	0	0
LK-6145145	Kadawalagedara	Kadawalagedara	GND	1528	0	0	15	0	0	0	0	0
LK-6145150	Panduwasnuwara	Panduwasnuwara	GND	1026	0	0	30	0	0	0	0	0
LK-6145155	Kotambapitiya	Kotambapitiya	GND	780	0	0	697	0	0	0	0	0
LK-6145160	Hettipola	Hettipola	GND	1340	18	0	147	0	0	0	0	0
LK-6145165	Dolahamuna	Dolahomuna	GND	893	27	0	229	0	0	0	0	0
LK-6145170	Munihirigama	Munihirigama	GND	973	0	0	0	0	0	0	0	0
LK-6145175	Kevitiya	Kevitiya	GND	819	23	0	0	0	0	0	0	0
LK-6145180	Pepolegama	Pepolegama	GND	607	28	0	0	0	0	0	0	0
LK-6145185	Hanthihawa	Hanthihawa	GND	993	0	0	0	0	0	0	0	0
LK-6145190	Barampola	Barampola	GND	830	0	0	203	0	0	0	0	0
LK-6145195	Hettigama	Hettigama	GND	620	10	0	208	0	0	0	0	0
LK-6145200	Ehetumulla	Ehetumulla	GND	368	17	0	627	0	0	0	0	0
LK-6145205	Kurundukumbura	Kurundu Kumbura	GND	1690	24	12	0	0	0	0	0	0
LK-6145210	Bogolla	Bogolla	GND	1008	0	0	0	0	0	0	0	0
LK-6145215	Bamunumulla	Bamunumulla	GND	765	0	0	29	0	0	0	0	0
LK-6145220	Meegaspitiya	Meegaspitiya	GND	713	0	0	0	0	0	0	0	0
LK-6145225	Yayegedara	Yayegedara	GND	866	0	0	202	0	0	0	0	0
LK-6145226	Moragolla	Moragolla	GND	835	11	0	0	0	0	0	0	0
LK-6145227	Rideekanda	Rideekanda	GND	1160	10	0	0	0	0	0	0	0
LK-6145228	Thengodagedara	Thengodagedara	GND	633	0	0	0	0	0	0	0	0
LK-6145230	Tekewa	Tekewa	GND	836	0	0	0	0	0	0	0	0
LK-6145235	Rittadeniya	Rittadeniya	GND	722	0	0	0	0	0	0	0	0
LK-6145240	Jayasiripura	Jayasiripura	GND	938	13	0	0	0	0	0	0	0
LK-6145245	Pihimbiya	Pihimbiya	GND	528	0	0	62	0	0	0	0	0
LK-6145250	Rathmale	Rathmale	GND	1095	0	0	0	0	0	0	0	0
LK-6145255	Nagollagoda	Nagollagoda	GND	732	0	0	0	0	0	0	0	0
LK-6145260	Ambagahagedara	Ambagahagedara	GND	694	0	0	0	0	0	0	0	0
LK-6145265	Dahanekgedara	Dahanekgedara	GND	1179	11	0	0	0	0	0	0	0
LK-6145270	Ebogedara	Ebogedara	GND	733	0	0	0	0	0	0	0	0
LK-6145275	Doratiyagedara	Doratiyagedara	GND	811	0	0	0	0	0	0	0	0
LK-6145280	Akarawatta	Akarawatta	GND	996	0	0	0	0	0	0	0	0
LK-6145285	Malwanegedara	Malwanegedara	GND	842	0	0	0	0	0	0	0	0
LK-6145290	Moonamaldeniya	Moonamaldeniya	GND	489	0	0	0	0	0	0	0	0
LK-6145295	Kamburapola	Kamburapola	GND	1115	0	11	0	0	0	0	0	0
LK-6145300	Pahala Gomugomuwa	Pahala Gomugomuwa	GND	1155	13	0	0	0	0	0	0	0
LK-6145305	Ihala Gomugomuwa	Ihala Gomugomuwa	GND	1004	13	0	0	0	0	0	0	0
LK-6145310	Hidiyamulla	Hidiyamulla	GND	1286	0	0	0	0	0	0	0	0
LK-6145315	Karagahagedara	Karagahagedara	GND	1728	11	0	0	0	0	0	0	0
LK-6145320	Epaladeniya	Epaladeniya	GND	944	0	0	0	0	0	0	0	0
LK-6148	Panduwasnuwara East	Panduwasnuwara East	DSD	30883	0	0	809	0	0	0	0	0
LK-6148020	Medagama	Medagama	GND	810	0	0	0	0	0	0	0	0
LK-6148025	Kosdeniya	Kosdeniya	GND	781	0	0	0	0	0	0	0	0
LK-6148030	Wilbagedara	Wilbagedara	GND	809	0	0	0	0	0	0	0	0
LK-6148035	Hanwella	Hanwella	GND	771	0	0	0	0	0	0	0	0
LK-6148040	Palavitiya	Palavitiya	GND	806	0	0	0	0	0	0	0	0
LK-6148045	Kolambagama	Kolambagama	GND	950	0	0	0	0	0	0	0	0
LK-6148050	Gallehepitiya	Gallehepitiya	GND	1653	0	0	0	0	0	0	0	0
LK-6148055	Ranorawa	Ranorawa	GND	1170	0	0	0	0	0	0	0	0
LK-6148060	Katumuluwa	Katumuluwa	GND	917	0	0	0	0	0	0	0	0
LK-6148065	Maveehena	Maveehena	GND	869	0	0	0	0	0	0	0	0
LK-6148070	Rathmalla	Rathmalla	GND	1007	0	0	0	0	0	0	0	0
LK-6148075	Dunupotha	Dunupotha	GND	1079	0	0	0	0	0	0	0	0
LK-6148080	Beddegama	Beddegama	GND	650	0	0	0	0	0	0	0	0
LK-6148085	Thissawa	Thissawa	GND	939	0	0	0	0	0	0	0	0
LK-6148090	Nelibewa	Nelibewa	GND	498	0	0	0	0	0	0	0	0
LK-6148095	Dematawa	Dematawa	GND	669	0	0	0	0	0	0	0	0
LK-6148100	Kanduboda	Kanduboda	GND	1206	0	0	0	0	0	0	0	0
LK-6148105	Henegedara	Henegedara	GND	785	0	0	0	0	0	0	0	0
LK-6148110	Magulagama	Magulagama	GND	992	0	0	0	0	0	0	0	0
LK-6148115	Angamuwa	Angamuwa	GND	1067	0	0	0	0	0	0	0	0
LK-6148120	Anukkanhena	Anukkanhena	GND	907	0	0	0	0	0	0	0	0
LK-6148125	Moragane	Moragane	GND	959	0	0	0	0	0	0	0	0
LK-6148130	Kanapothuhera	Kanapothuhera	GND	578	0	0	0	0	0	0	0	0
LK-6148135	Kanogama	Kanogama	GND	555	0	0	0	0	0	0	0	0
LK-6148140	Kandegedara	Kandegedara	GND	541	0	0	0	0	0	0	0	0
LK-6148145	Galagedara	Galagedara	GND	766	0	0	0	0	0	0	0	0
LK-6148150	Adukkane	Adukkane	GND	817	0	0	0	0	0	0	0	0
LK-6148155	Udugampalagedara	Udugampalagedara	GND	428	0	0	0	0	0	0	0	0
LK-6148160	Weliwehera	Weliwehera	GND	665	0	0	234	0	0	0	0	0
LK-6148165	Gonnawa	Gonnawa	GND	1196	0	0	488	0	0	0	0	0
LK-6148170	Bodhimulla	Bodhimulla	GND	853	0	0	0	0	0	0	0	0
LK-6148175	Nindawela	Nindawela	GND	775	0	0	0	0	0	0	0	0
LK-6148180	Wijaya Udagama	Wijaya Udagama	GND	716	0	0	35	0	0	0	0	0
LK-6148185	Wetehepitiya	Wetehepitiya	GND	723	0	0	32	0	0	0	0	0
LK-6148190	Hindawa	Hindawa	GND	1134	0	0	0	0	0	0	0	0
LK-6148195	Kanoyaya	Kanoyaya	GND	842	0	0	20	0	0	0	0	0
LK-6149	Bamunakotuwa	Bamunakotuwa	DSD	38322	71	22	895	0	0	0	0	0
LK-6149005	Erihabe	Erihabe	GND	707	0	0	0	0	0	0	0	0
LK-6149010	Panawa	Panawa	GND	662	0	0	0	0	0	0	0	0
LK-6149015	Pahala Imiyangoda	Pahala Imiyangoda	GND	912	0	0	0	0	0	0	0	0
LK-6149020	Walpola	Walpola	GND	1484	10	0	0	0	0	0	0	0
LK-6149025	Mahakeliya	Mahakeliya	GND	1632	0	0	0	0	0	0	0	0
LK-6149030	Kelimune	Kelimune	GND	2870	10	0	0	0	0	0	0	0
LK-6149035	Nathagane	Nathagane	GND	666	0	0	0	0	0	0	0	0
LK-6149040	Kadiharaya	Kadiharaya	GND	1498	0	0	0	0	0	0	0	0
LK-6149045	Bamunakotuwa	Bamunakotuwa	GND	1016	0	0	0	0	0	0	0	0
LK-6149050	Moonamale	Munamale	GND	806	0	0	0	0	0	0	0	0
LK-6149055	Thalgahagama	Thalgahagama	GND	1199	0	0	0	0	0	0	0	0
LK-6149060	Ganthiriyawa	Ganthiriyawa	GND	776	0	0	0	0	0	0	0	0
LK-6149065	Panakaduwa	Panakaduwa	GND	867	0	0	0	0	0	0	0	0
LK-6149070	Pahala Kolamunna	Pahala Kolamunna	GND	1066	0	0	0	0	0	0	0	0
LK-6149075	Wathukana	Wathukana	GND	1041	0	0	0	0	0	0	0	0
LK-6149080	Nelunkanuwa	Nelunkanuwa	GND	1063	0	0	0	0	0	0	0	0
LK-6149085	Weudagama	Weudagama	GND	401	0	0	0	0	0	0	0	0
LK-6149090	Panagamuwa	Panagamuwa	GND	873	0	0	0	0	0	0	0	0
LK-6149095	Panadare	Panadare	GND	685	15	0	0	0	0	0	0	0
LK-6149100	Walaliya	Walaliya	GND	1759	0	0	0	0	0	0	0	0
LK-6149105	Kedapath Vehera	Kedapath Vehera	GND	1251	0	0	0	0	0	0	0	0
LK-6149110	Rukattane	Rukattane	GND	448	0	0	0	0	0	0	0	0
LK-6149115	Bogoda	Bogoda	GND	764	0	0	0	0	0	0	0	0
LK-6149120	Hanhamunawa	Hanhamunawa	GND	2023	0	0	0	0	0	0	0	0
LK-6149125	Nawagatta	Nawagatta	GND	1450	0	0	0	0	0	0	0	0
LK-6149130	Mirihampitiya	Mirihampitiya	GND	1154	0	0	288	0	0	0	0	0
LK-6149135	Henegedara	Henegedara	GND	1098	0	22	607	0	0	0	0	0
LK-6149140	Dampitiya	Dampitiya	GND	684	0	0	0	0	0	0	0	0
LK-6149145	Ethanawatta	Ethanawatta	GND	585	0	0	0	0	0	0	0	0
LK-6149150	Wedanda	Wedanda	GND	1213	0	0	0	0	0	0	0	0
LK-6149155	Pallawa Dampitiya	Pallawa Dampitiya	GND	923	0	0	0	0	0	0	0	0
LK-6149160	Demataluwa	Demataluwa	GND	1822	36	0	0	0	0	0	0	0
LK-6149165	Kanotuwa	Kanotuwa	GND	1328	0	0	0	0	0	0	0	0
LK-6149170	Siwallawagedara	Siwallawagedara	GND	351	0	0	0	0	0	0	0	0
LK-6149175	Homathagama	Homathagama	GND	563	0	0	0	0	0	0	0	0
LK-6149180	Divulgaspitiya	Divulgaspitiya	GND	682	0	0	0	0	0	0	0	0
LK-6151	Maspotha	Maspotha	DSD	39742	637	11	1317	14	0	0	0	0
LK-6151005	Wilgamdematawa	Wilgamdematawa	GND	1052	0	0	0	0	0	0	0	0
LK-6151010	Gonagama	Gonagama	GND	1336	0	0	0	0	0	0	0	0
LK-6151015	Rekawa	Rekawa	GND	861	0	0	0	0	0	0	0	0
LK-6151020	Pimburuwellegama	Pimburuwellegama	GND	477	0	0	0	0	0	0	0	0
LK-6151025	Galagedara	Galagedara	GND	933	0	0	0	0	0	0	0	0
LK-6151030	Minhettiya	Minhettiya	GND	720	0	0	0	0	0	0	0	0
LK-6151035	Hanwella	Hanwella	GND	815	0	0	0	0	0	0	0	0
LK-6151040	Maragama	Maragama	GND	586	0	0	0	0	0	0	0	0
LK-6151045	Wegolla	Wegolla	GND	541	0	0	0	0	0	0	0	0
LK-6151050	Oggamuwa	Oggamuwa	GND	1144	0	0	0	0	0	0	0	0
LK-6151055	Thisnampola	Thisnampola	GND	568	0	0	0	0	0	0	0	0
LK-6151060	Kudagalgamuwa	Kudagalgamuwa	GND	1135	0	0	0	0	0	0	0	0
LK-6151065	Gane Kolaniya	Gane Kolaniya	GND	819	12	0	0	0	0	0	0	0
LK-6151070	Kidapola	Kidapola	GND	1595	0	0	0	0	0	0	0	0
LK-6151075	Demalussa	Demalussa	GND	473	0	0	0	0	0	0	0	0
LK-6151080	Maspotha	Maspotha	GND	1820	19	0	0	0	0	0	0	0
LK-6151085	Rathkarawwa	Rathkarawwa	GND	1989	12	0	0	0	0	0	0	0
LK-6151090	Mapegamuwa	Mapegamuwa	GND	688	0	0	0	0	0	0	0	0
LK-6151095	Dahigamuwa	Dahigamuwa	GND	957	0	0	0	0	0	0	0	0
LK-6151100	Siyambalangamuwa	Siyambalangamuwa	GND	1732	0	0	0	0	0	0	0	0
LK-6151105	Gurulepola	Gurulepola	GND	1292	0	0	0	0	0	0	0	0
LK-6151110	Pellandeniya	Pellandeniya	GND	1613	10	0	0	0	0	0	0	0
LK-6151115	Hettigedara	Hettigedara	GND	3785	81	0	0	0	0	0	0	0
LK-6151120	Wawagedara	Wewagedara	GND	1052	0	0	0	0	0	0	0	0
LK-6151125	Kalahogedara	Kalahogedara	GND	1678	37	0	142	0	0	0	0	0
LK-6151130	Maveedalupotha	Maveedalupotha	GND	1797	13	11	0	0	0	0	0	0
LK-6151135	Udabadalawa	Udabadalawa	GND	1176	0	0	0	0	0	0	0	0
LK-6151140	Thiththawella	Thiththawella	GND	1663	0	0	0	14	0	0	0	0
LK-6151145	Udadigana	Udadigana	GND	645	0	0	0	0	0	0	0	0
LK-6151150	Yanthampalawa	Yanthampalawa	GND	962	16	0	34	0	0	0	0	0
LK-6151155	Kavdawatta	Kavudawatta	GND	1084	15	0	74	0	0	0	0	0
LK-6151160	Aswedduma	Aswedduma	GND	1743	362	0	960	0	0	0	0	0
LK-6151165	Dematagahapelessa	Dematagahapelessa	GND	1011	60	0	107	0	0	0	0	0
LK-6154	Kurunegala	Kurunegala	DSD	75269	3068	57	9985	14	276	0	0	0
LK-6154005	Kalatuwa Pelessa	Kalatuwa Pelessa	GND	663	0	0	0	0	0	0	0	0
LK-6154010	Seeradunna	Seeradunna	GND	739	0	0	0	0	0	0	0	0
LK-6154015	Seruwawa	Seruwawa	GND	769	0	0	108	0	0	0	0	0
LK-6154020	Pubbowa	Pubbowa	GND	729	27	0	76	0	0	0	0	0
LK-6154025	Thalvita	Thalvita	GND	1009	0	0	0	0	0	0	0	0
LK-6154030	Waraddana	Waraddana	GND	967	0	0	0	0	0	0	0	0
LK-6154035	Pahala Waraddana	Pahala Waraddana	GND	1101	24	0	16	0	0	0	0	0
LK-6154040	Rangama	Rangama	GND	1207	0	0	31	0	28	0	0	0
LK-6154045	Wellawa	Wellawa	GND	1594	66	0	20	0	10	0	0	0
LK-6154050	Ginikarawa	Ginikarawa	GND	1219	33	0	31	0	0	0	0	0
LK-6154055	Pahala Hadirawalana	Pahala Hadirawalana	GND	336	19	0	672	0	0	0	0	0
LK-6154060	Thalatuwa	Thalatuwa	GND	1047	17	0	20	0	0	0	0	0
LK-6154065	Rikillagamuwa	Rikillagamuwa	GND	1150	14	0	0	0	0	0	0	0
LK-6154070	Dematagolla	Dematagolla	GND	766	20	0	0	0	0	0	0	0
LK-6154075	Budanapitiya	Budanapitiya	GND	1547	80	0	275	0	0	0	0	0
LK-6154080	Hadirawalana Ihala	Hadirawalana Ihala	GND	311	63	0	664	0	0	0	0	0
LK-6154085	Mahakandegama	Mahakandegama	GND	800	12	0	16	0	0	0	0	0
LK-6154090	Alakoladeniya	Alakoladeniya	GND	1714	83	0	14	0	0	0	0	0
LK-6154095	Bamunugedara	Bamunugedara	GND	2542	20	11	331	0	42	0	0	0
LK-6154100	Kurunegala Town - North East	Kurunegala Town - North East	GND	2846	67	0	438	0	34	0	0	0
LK-6154105	Kurunegala Town - North	Kurunegala Town - North	GND	920	57	0	367	0	0	0	0	0
LK-6154110	Gangoda	Gangoda	GND	1565	102	0	187	0	0	0	0	0
LK-6154115	Vilgoda	Vilgoda	GND	1485	13	0	25	0	0	0	0	0
LK-6154120	Heraliyawala	Heraliyawala	GND	2267	102	0	59	0	19	0	0	0
LK-6154125	Bamunawala	Bamunawala	GND	3102	202	0	493	14	51	0	0	0
LK-6154130	Malkaduwawa	Malkaduwawa	GND	2337	54	0	81	0	0	0	0	0
LK-6154135	Malkaduwawa South	Malkaduwawa South	GND	1083	27	0	370	0	12	0	0	0
LK-6154140	Malkaduwawa North	Malkaduwawa North	GND	1271	33	16	652	0	0	0	0	0
LK-6154145	Kurunegala Town - West	Kurunegala Town - West	GND	3979	114	0	528	0	17	0	0	0
LK-6154150	Iluppugedara	Iluppugedara	GND	1907	1151	10	321	0	0	0	0	0
LK-6154155	Kurunegala Town - Central	Kurunegala Town - Central	GND	967	58	0	130	0	0	0	0	0
LK-6154160	Kurunegala Town - Bazaar	Kurunegala Town - Bazaar	GND	111	14	0	62	0	0	0	0	0
LK-6154165	Gettuwana	Gettuwana	GND	1612	25	0	33	0	0	0	0	0
LK-6154170	Kurunegala Town - East	Kurunegala Town - East	GND	1435	152	0	112	0	0	0	0	0
LK-6154175	Theliyagonna	Theliyagonna	GND	613	123	20	2106	0	63	0	0	0
LK-6154180	Udawalpola	Udawalpola	GND	1225	19	0	14	0	0	0	0	0
LK-6154185	Kurunegala Town - South	Kurunegala Town - South	GND	2303	32	0	48	0	0	0	0	0
LK-6154190	Veherabenda	Veherabenda	GND	603	0	0	1153	0	0	0	0	0
LK-6154195	Henamulla	Henamulla	GND	1437	0	0	0	0	0	0	0	0
LK-6154200	Wehera East	Wehera East	GND	1459	14	0	0	0	0	0	0	0
LK-6154205	Wehera West	Wehera West	GND	1513	0	0	0	0	0	0	0	0
LK-6154210	Akaragana North	Akaragana North	GND	918	0	0	10	0	0	0	0	0
LK-6154215	Wanduragala	Wanduragala	GND	850	0	0	0	0	0	0	0	0
LK-6154220	Rathgalla	Rathgalla	GND	1577	24	0	0	0	0	0	0	0
LK-6154225	Boyagane	Boyagane	GND	1354	0	0	0	0	0	0	0	0
LK-6154230	Akaragana South	Akaragana South	GND	1434	10	0	12	0	0	0	0	0
LK-6154235	Vilbawa	Vilbawa	GND	1643	0	0	0	0	0	0	0	0
LK-6154240	Nailiya	Nailiya	GND	2006	0	0	72	0	0	0	0	0
LK-6154245	Madithiyawala	Madithiyawala	GND	2767	0	0	18	0	0	0	0	0
LK-6154250	Thorawathura	Thorawathura	GND	1567	10	0	34	0	0	0	0	0
LK-6154255	Mathawa	Mathawa	GND	2009	0	0	386	0	0	0	0	0
LK-6154260	Attanapitiya	Attanapitiya	GND	819	0	0	0	0	0	0	0	0
LK-6154265	Pahala Thalampitiya	Pahala Thalampitiya	GND	841	0	0	0	0	0	0	0	0
LK-6154270	Kudumbuwa	Kudumbuwa	GND	1234	187	0	0	0	0	0	0	0
LK-6157	Mallawapitiya	Mallawapitiya	DSD	48120	1110	155	9808	0	82	0	0	0
LK-6157005	Meddegama West	Meddegama West	GND	1146	0	0	0	0	0	0	0	0
LK-6157010	Udagama	Udagama	GND	945	0	0	0	0	0	0	0	0
LK-6157015	Pillawa	Pillawa	GND	1586	14	0	213	0	0	0	0	0
LK-6157020	Hengawa	Hengawa	GND	1084	0	0	0	0	0	0	0	0
LK-6157025	Narampola	Narampola	GND	1452	20	0	65	0	0	0	0	0
LK-6157030	Ranawana	Ranawana	GND	1177	0	0	0	0	0	0	0	0
LK-6157035	Kahatapitiya	Kahatapitiya	GND	757	12	0	0	0	0	0	0	0
LK-6157040	Meddegama East	Meddegama East	GND	789	0	0	0	0	0	0	0	0
LK-6157045	Maraluwawa	Maraluwawa	GND	1988	56	0	40	0	0	0	0	0
LK-6157050	Pahala Gettuwana	Pahala Gattuwana	GND	1321	0	0	27	0	0	0	0	0
LK-6157055	Thorayaya	Thorayaya	GND	2012	225	0	1423	0	10	0	0	0
LK-6157060	Kuda Kowana	Kuda Kowana	GND	1654	10	0	0	0	0	0	0	0
LK-6157065	Kowana	Kowana	GND	1035	0	0	0	0	0	0	0	0
LK-6157070	Denagamuwa	Denagamuwa	GND	992	14	0	193	0	0	0	0	0
LK-6157075	Yaggapitiya	Yaggapitiya	GND	561	0	0	0	0	0	0	0	0
LK-6157080	Mehiella North	Mehiella North	GND	1682	67	0	360	0	0	0	0	0
LK-6157085	Hewana	Hewana	GND	801	34	0	1643	0	0	0	0	0
LK-6157090	Uyandana	Uyandana	GND	1584	0	0	0	0	0	0	0	0
LK-6157095	Mehiella South	Mehiella South	GND	1802	13	0	109	0	0	0	0	0
LK-6157100	Mallawapitiya	Mallawapitiya	GND	421	79	0	4416	0	16	0	0	0
LK-6157105	Millawa	Millawa	GND	3249	31	0	163	0	21	0	0	0
LK-6157110	Kolapelalikanda	Kolapelalikanda	GND	340	207	0	958	0	35	0	0	0
LK-6157115	Doratiyawa	Doratiyawa	GND	2040	16	0	13	0	0	0	0	0
LK-6157120	Messagammana	Messagammana	GND	788	0	0	0	0	0	0	0	0
LK-6157125	Hewapola	Hewapola	GND	1558	0	0	0	0	0	0	0	0
LK-6157130	Manel Oluwa	Manel Oluwa	GND	712	11	0	0	0	0	0	0	0
LK-6157135	Walpolakanda North	Walpolakanda North	GND	454	0	0	0	0	0	0	0	0
LK-6157140	Walpolakanda South	Walpolakanda South	GND	572	0	0	0	0	0	0	0	0
LK-6157145	Indulgoda	Indulgoda	GND	979	0	0	0	0	0	0	0	0
LK-6157150	Konpala	Konpala	GND	959	0	0	0	0	0	0	0	0
LK-6157155	Dembepola	Dembepola	GND	625	39	0	0	0	0	0	0	0
LK-6157160	Bodhigama	Bodhigama	GND	609	0	0	0	0	0	0	0	0
LK-6157165	Thiragama	Thiragama	GND	916	0	0	115	0	0	0	0	0
LK-6157170	Bogamuwa	Bogamuwa	GND	1090	11	0	17	0	0	0	0	0
LK-6157175	Werawella	Werawella	GND	618	0	0	0	0	0	0	0	0
LK-6157180	Indulgodakanda	Indulgodakanda	GND	1276	60	155	0	0	0	0	0	0
LK-6157185	Morathenna	Morathenna	GND	339	177	0	0	0	0	0	0	0
LK-6157190	Katupitiya North	Katupitiya North	GND	730	0	0	0	0	0	0	0	0
LK-6157195	Katupitiya South	Katupitiya South	GND	899	14	0	0	0	0	0	0	0
LK-6157200	Ihala Thalampitiya	Ihala Thalampitiya	GND	858	0	0	29	0	0	0	0	0
LK-6157205	Wattegedara	Wattegedara	GND	958	0	0	0	0	0	0	0	0
LK-6157210	Koralegedara	Koralegedara	GND	684	0	0	24	0	0	0	0	0
LK-6157215	Mahagama	Mahagama	GND	1027	0	0	0	0	0	0	0	0
LK-6157220	Belgoda	Belgoda	GND	777	0	0	0	0	0	0	0	0
LK-6157225	Belgodakanda	Belgoda Kanda	GND	274	0	0	0	0	0	0	0	0
LK-6160	Mawathagama	Mawathagama	DSD	58509	3010	446	8686	0	0	0	0	0
LK-6160005	Kongaswala	Kongaswala	GND	1686	22	0	11	0	0	0	0	0
LK-6160010	Barandana	Barandana	GND	1047	22	0	0	0	0	0	0	0
LK-6160015	Wewagedara	Wewagedara	GND	893	0	0	0	0	0	0	0	0
LK-6160020	Etagahawela	Etagahawela	GND	1327	0	0	0	0	0	0	0	0
LK-6160025	Galapitamulla	Galapitamulla	GND	1764	0	0	0	0	0	0	0	0
LK-6160030	Hidagolla	Hidagolla	GND	1321	20	0	0	0	0	0	0	0
LK-6160035	Udanagama	Udanagama	GND	536	0	0	0	0	0	0	0	0
LK-6160040	Tharapotha	Tharapotha	GND	1219	12	0	0	0	0	0	0	0
LK-6160045	Tigola	Tigola	GND	1006	0	0	0	0	0	0	0	0
LK-6160050	Arampola Watta North	Arampola Watta North	GND	867	0	0	0	0	0	0	0	0
LK-6160055	Arampola Watta South	Arampola Watta South	GND	805	0	0	0	0	0	0	0	0
LK-6160060	Ellagonna	Ellagonna	GND	506	0	0	0	0	0	0	0	0
LK-6160065	Pothubowa	Pothubowa	GND	746	0	0	0	0	0	0	0	0
LK-6160070	Madawa	Madawa	GND	1607	96	0	88	0	0	0	0	0
LK-6160075	Kanduboda	Kanduboda	GND	634	0	0	0	0	0	0	0	0
LK-6160080	Kahandawelipotha	Kahandawelipotha	GND	1477	0	0	0	0	0	0	0	0
LK-6160085	Maswewa	Maswewa	GND	600	0	0	264	0	0	0	0	0
LK-6160090	Pilessa Ihalagama	Pilessa Ihalagama	GND	878	26	0	27	0	0	0	0	0
LK-6160095	Pilessa Pahalagama	Pilessa Pahalagama	GND	561	0	0	0	0	0	0	0	0
LK-6160100	Henepola	Henepola	GND	946	20	0	53	0	0	0	0	0
LK-6160105	Maralanda	Maralanda	GND	1179	71	0	121	0	0	0	0	0
LK-6160110	Arampola	Arampola	GND	1226	38	0	0	0	0	0	0	0
LK-6160115	Delgolla Watta North	Delgolla Watta North	GND	1472	51	0	164	0	0	0	0	0
LK-6160120	Nawa Pothubowa	Nawa Pothubowa	GND	1021	0	0	0	0	0	0	0	0
LK-6160125	Welikumbura	Welikumbura	GND	901	254	0	0	0	0	0	0	0
LK-6160130	Ilukewela North	Ilukewela North	GND	681	395	17	770	0	0	0	0	0
LK-6160135	Mawathagama	Mawathagama	GND	2212	624	0	57	0	0	0	0	0
LK-6160140	Delgolla Watta South	Delgolla Watta South	GND	788	50	0	0	0	0	0	0	0
LK-6160145	Mawathagama North	Mawathagama North	GND	1056	206	0	63	0	0	0	0	0
LK-6160150	Mee/ Pallegama East	Mee/Pallegama East	GND	710	0	0	0	0	0	0	0	0
LK-6160155	Bulathwatta	Bulathwatta	GND	318	0	0	0	0	0	0	0	0
LK-6160160	Rathneggama	Rathneggama	GND	564	0	0	0	0	0	0	0	0
LK-6160165	Yatiwala	Yatiwala	GND	368	0	0	19	0	0	0	0	0
LK-6160170	Mee/Pallegama West	Mee/ Pallegama West	GND	863	0	0	0	0	0	0	0	0
LK-6160175	Mee/Medagamgoda	Mee/ Medagamgoda	GND	348	0	0	0	0	0	0	0	0
LK-6160180	Mee/Wambugamgoda	Mee/ Wambugamgoda	GND	548	0	0	0	0	0	0	0	0
LK-6160185	Mawathagama West	Mawathagama West	GND	513	19	0	12	0	0	0	0	0
LK-6160190	Samodagama	Samodagama	GND	402	32	0	103	0	0	0	0	0
LK-6160195	Ilukewela South	Ilukewela South	GND	511	43	0	576	0	0	0	0	0
LK-6160200	Ihala Weligepola	Ihala Weligepola	GND	472	48	0	1834	0	0	0	0	0
LK-6160205	Akade	Akade	GND	619	0	0	0	0	0	0	0	0
LK-6160210	Waraddana	Waraddana	GND	830	0	0	0	0	0	0	0	0
LK-6160215	Wadiyagoda	Wadiyagoda	GND	1044	16	0	15	0	0	0	0	0
LK-6160220	Bandaragala	Bandaragala	GND	1300	18	0	250	0	0	0	0	0
LK-6160225	Singhapura	Singhapura	GND	32	28	0	1518	0	0	0	0	0
LK-6160230	Paragahadeniya	Paragahadeniya	GND	90	31	0	2452	0	0	0	0	0
LK-6160235	Delpaddana	Delpaddana	GND	651	13	0	234	0	0	0	0	0
LK-6160240	Kotikapala	Kotikapala	GND	795	159	0	0	0	0	0	0	0
LK-6160245	Kotikapola Ihalagama	Kotikapola Ihalagama	GND	805	16	0	27	0	0	0	0	0
LK-6160250	Mawathagama South	Mawathagama South	GND	1289	275	0	0	0	0	0	0	0
LK-6160255	Meddegamgoda	Meddegamgoda	GND	452	140	0	0	0	0	0	0	0
LK-6160260	Mee/Udagama	Mee/Udagama	GND	1057	26	429	0	0	0	0	0	0
LK-6160265	Gonagaldeniya	Gonagaldeniya	GND	375	46	0	0	0	0	0	0	0
LK-6160270	Gonagala	Gonagala	GND	655	0	0	0	0	0	0	0	0
LK-6160275	Dunukewatta	Dunukewatta	GND	847	0	0	0	0	0	0	0	0
LK-6160280	Kalugamuwa	Kalugamuwa	GND	805	11	0	0	0	0	0	0	0
LK-6160285	Watareka	Watareka	GND	1341	0	0	0	0	0	0	0	0
LK-6160290	Katugampalagedara	Katugampalagedara	GND	564	0	0	0	0	0	0	0	0
LK-6160295	Kahapathwala North	Kahapathwala North	GND	682	131	0	0	0	0	0	0	0
LK-6160300	Malandeniya	Malandeniya	GND	1087	38	0	0	0	0	0	0	0
LK-6160305	Kahapathwala	Kahapathwala	GND	1131	13	0	28	0	0	0	0	0
LK-6160310	Hettipola	Hettipola	GND	854	0	0	0	0	0	0	0	0
LK-6160315	Boyagoda	Boyagoda	GND	568	0	0	0	0	0	0	0	0
LK-6160320	Udakottamulla	Udakottamulla	GND	707	0	0	0	0	0	0	0	0
LK-6160325	Metibokka	Metibokka	GND	717	0	0	0	0	0	0	0	0
LK-6160330	Kossinna	Kossinna	GND	500	0	0	0	0	0	0	0	0
LK-6160335	Eriminna	Eriminna	GND	517	0	0	0	0	0	0	0	0
LK-6160340	Uda Iguruwatta	Uda Inguruwatta	GND	369	0	0	0	0	0	0	0	0
LK-6160345	Kandehena	Kandehena	GND	423	0	0	0	0	0	0	0	0
LK-6160350	Uggalpaya	Uggalpaya	GND	531	0	0	0	0	0	0	0	0
LK-6160355	Halwahala	Halwahala	GND	293	0	0	0	0	0	0	0	0
LK-6163	Rideegama	Rideegama	DSD	80568	2913	11	12265	0	0	0	0	0
LK-6163005	Paragaswewa	Paragaswewa	GND	468	0	0	0	0	0	0	0	0
LK-6163010	Adapola	Adapola	GND	1083	0	0	0	0	0	0	0	0
LK-6163015	Udakendawala	Udakendawala	GND	863	0	0	0	0	0	0	0	0
LK-6163020	Katiyawa	Katiyawa	GND	1101	0	0	0	0	0	0	0	0
LK-6163025	Udahena	Udahena	GND	767	0	0	0	0	0	0	0	0
LK-6163030	Wanduressa	Wanduressa	GND	997	0	0	0	0	0	0	0	0
LK-6163035	Meepitiya	Meepitiya	GND	645	0	0	0	0	0	0	0	0
LK-6163040	Kanugolla	Kanugolla	GND	857	0	0	0	0	0	0	0	0
LK-6163045	Koswatta	Koswatta	GND	979	0	0	0	0	0	0	0	0
LK-6163050	Dodangahakotuwa	Dodangahakotuwa	GND	366	0	0	0	0	0	0	0	0
LK-6163055	Wegama	Wegama	GND	856	0	0	0	0	0	0	0	0
LK-6163060	Gopallawa	Gopallawa	GND	792	0	0	0	0	0	0	0	0
LK-6163065	Rathvita	Rathvita	GND	791	0	0	0	0	0	0	0	0
LK-6163070	Balawattala	Balawattala	GND	1527	0	0	294	0	0	0	0	0
LK-6163075	Udattapola Pahala	Udattapola Pahala	GND	866	0	0	0	0	0	0	0	0
LK-6163080	Ihala Udattapola	Ihala Udattapola	GND	756	0	0	0	0	0	0	0	0
LK-6163085	Kotuhena	Kotuhena	GND	1036	0	0	0	0	0	0	0	0
LK-6163090	Kelemulla	Kelemulla	GND	718	0	0	0	0	0	0	0	0
LK-6163095	Nithulpitiya	Nithulpitiya	GND	785	0	0	0	0	0	0	0	0
LK-6163100	Kandupalatha	Kandupalatha	GND	557	0	0	0	0	0	0	0	0
LK-6163105	Diniminiyathenna	Diniminiyathenna	GND	944	43	0	0	0	0	0	0	0
LK-6163110	Minirangama	Minirangama	GND	942	0	0	0	0	0	0	0	0
LK-6163115	Alakolamada	Alakolamada	GND	798	0	0	0	0	0	0	0	0
LK-6163120	Korossa	Korossa	GND	2002	0	0	0	0	0	0	0	0
LK-6163125	Dodamgasalanada	Dodamgaslanda	GND	535	0	0	0	0	0	0	0	0
LK-6163130	Kothalawalagama	Kothalawalagama	GND	1160	0	0	0	0	0	0	0	0
LK-6163135	Nuwarayaya	Nuwarayaya	GND	750	0	0	294	0	0	0	0	0
LK-6163140	Lihiniwehera	Lihiniwehera	GND	1679	106	0	237	0	0	0	0	0
LK-6163145	Wewegedara	Wewegedara	GND	1455	44	0	74	0	0	0	0	0
LK-6163150	Rambukandana	Rambukandana	GND	295	130	0	1378	0	0	0	0	0
LK-6163155	Warakawehera	Warakawehera	GND	745	264	0	464	0	0	0	0	0
LK-6163160	Rideegama	Rideegama	GND	1448	48	0	0	0	0	0	0	0
LK-6163165	Madithiyawa	Madithiyawa	GND	971	0	0	0	0	0	0	0	0
LK-6163170	Thelambugalla	Thelambugalla	GND	110	21	0	1291	0	0	0	0	0
LK-6163175	Reddagoda	Reddagoda	GND	381	551	0	0	0	0	0	0	0
LK-6163180	Pallehorombuwa	Pallehorombuwa	GND	887	26	0	0	0	0	0	0	0
LK-6163185	Ginihiriya	Ginihiriya	GND	1139	0	0	0	0	0	0	0	0
LK-6163190	Palleyaya	Palleyaya	GND	825	0	0	0	0	0	0	0	0
LK-6163195	Kahahena	Kahahena	GND	713	0	0	0	0	0	0	0	0
LK-6163200	Udahorombuwa	Udahorombuwa	GND	579	0	0	0	0	0	0	0	0
LK-6163205	Jankure	Jankure	GND	278	36	0	0	0	0	0	0	0
LK-6163210	Rambadagalla	Rambadagalla	GND	1998	15	0	72	0	0	0	0	0
LK-6163215	Nahalla	Nahalla	GND	1696	17	0	0	0	0	0	0	0
LK-6163220	Olagama	Olagama	GND	554	0	0	0	0	0	0	0	0
LK-6163225	Morathiha	Morathiha	GND	986	0	0	0	0	0	0	0	0
LK-6163230	Hunugalkadulla	Hunugalkadulla	GND	1108	20	0	0	0	0	0	0	0
LK-6163235	Kavisigamuwa	Kavisigamuwa	GND	1159	0	0	0	0	0	0	0	0
LK-6163240	Doranepola	Doranepola	GND	443	0	0	0	0	0	0	0	0
LK-6163245	Hunupolagedara	Hunupolagedara	GND	865	0	0	0	0	0	0	0	0
LK-6163250	Kuthurumahana	Kukurumahana	GND	723	0	0	0	0	0	0	0	0
LK-6163255	Dedurunadeegama	Dedurunadeegama	GND	571	0	0	0	0	0	0	0	0
LK-6163260	Karandagolla	Karandagolla	GND	897	0	0	0	0	0	0	0	0
LK-6163265	Ambakote	Ambakote	GND	835	16	0	0	0	0	0	0	0
LK-6163270	Kosgollepola	Kosgollepola	GND	595	0	0	0	0	0	0	0	0
LK-6163275	Kandepola	Kandepola	GND	156	0	0	0	0	0	0	0	0
LK-6163280	Gabadagama	Gabadagama	GND	299	0	0	0	0	0	0	0	0
LK-6163285	Kandegedara	Kandegedara	GND	745	13	0	0	0	0	0	0	0
LK-6163290	Haliyamulla	Haliyamulla	GND	122	247	11	1086	0	0	0	0	0
LK-6163295	Welikanda	Welikanda	GND	155	151	0	64	0	0	0	0	0
LK-6163300	Kithulwala	Kithulwala	GND	384	110	0	0	0	0	0	0	0
LK-6163305	Delvita	Delvita	GND	839	68	0	0	0	0	0	0	0
LK-6163310	Goraka Ela	Goraka Ela	GND	429	0	0	0	0	0	0	0	0
LK-6163315	Pallekanda	Pallekanda	GND	771	0	0	0	0	0	0	0	0
LK-6163320	Kalugahathenna	Kalugahathenna	GND	399	0	0	0	0	0	0	0	0
LK-6163325	Kiribathgalla	Kiribathgalla	GND	699	0	0	0	0	0	0	0	0
LK-6163330	Bambaragahakanda	Bambaragahakanda	GND	565	0	0	0	0	0	0	0	0
LK-6163335	Kithulgolla	Kithulgolla	GND	390	0	0	0	0	0	0	0	0
LK-6163340	Eriyagolla	Eriyagolla	GND	882	0	0	0	0	0	0	0	0
LK-6163345	Gurumada	Gurumada	GND	37	35	0	570	0	0	0	0	0
LK-6163350	Polwatta	Polwatta	GND	23	144	0	873	0	0	0	0	0
LK-6163355	Panagamuwa	Panagamuwa	GND	15	0	0	610	0	0	0	0	0
LK-6163360	Pitiyegedara	Pitiyegedara	GND	0	0	0	758	0	0	0	0	0
LK-6163365	Hadiramulla	Hadiramulla	GND	65	43	0	1561	0	0	0	0	0
LK-6163370	Ogodapola	Ogodapola	GND	947	22	0	196	0	0	0	0	0
LK-6163375	Ranthetikanda	Ranthetikanda	GND	272	0	0	0	0	0	0	0	0
LK-6163380	Gonamada	Gonamada	GND	328	0	0	0	0	0	0	0	0
LK-6163385	Buluwalakanda	Buluwalakanda	GND	269	0	0	0	0	0	0	0	0
LK-6163390	Buluwala	Buluwala	GND	699	0	0	0	0	0	0	0	0
LK-6163395	Hewenpola	Hawenpola	GND	1001	202	0	0	0	0	0	0	0
LK-6163400	Kongoda	Kongoda	GND	567	0	0	0	0	0	0	0	0
LK-6163405	Akkara Panaha	Akkara Panaha	GND	727	0	0	0	0	0	0	0	0
LK-6163410	Welagedara	Welagedara	GND	1120	19	0	0	0	0	0	0	0
LK-6163415	Paliella	Paliella	GND	542	15	0	510	0	0	0	0	0
LK-6163420	Metiyampotha	Metiyampotha	GND	188	0	0	1116	0	0	0	0	0
LK-6163425	Gonadeniya	Gonadeniya	GND	634	0	0	0	0	0	0	0	0
LK-6163430	Medakanda	Medakanda	GND	172	0	0	0	0	0	0	0	0
LK-6163435	Medagama	Medagama	GND	679	0	0	0	0	0	0	0	0
LK-6163440	Nelaulla	Nelaulla	GND	703	0	0	0	0	0	0	0	0
LK-6163445	Malbe	Malbe	GND	789	18	0	0	0	0	0	0	0
LK-6163450	Mahawela	Mahawela	GND	1558	71	0	115	0	0	0	0	0
LK-6163455	Gallawa	Gallawa	GND	1008	0	0	0	0	0	0	0	0
LK-6163460	Mirissala	Mirissala	GND	516	0	0	0	0	0	0	0	0
LK-6163465	Dunumawa	Dunumawa	GND	462	0	0	0	0	0	0	0	0
LK-6163470	Galbindinaela	Galbindinaela	GND	416	0	0	0	0	0	0	0	0
LK-6163475	Kosgolla	Kosgolla	GND	470	25	0	0	0	0	0	0	0
LK-6163480	Pihimbuwa	Pihimbuwa	GND	744	59	0	0	0	0	0	0	0
LK-6163485	Maspotha	Maspotha	GND	572	0	0	0	0	0	0	0	0
LK-6163490	Erepolakanda	Erepolakanda	GND	152	0	0	0	0	0	0	0	0
LK-6163495	Siyambalangamuwa	Siyambalangamuwa	GND	706	0	0	0	0	0	0	0	0
LK-6163500	Thalgaspitiya	Thalgaspitiya	GND	38	22	0	660	0	0	0	0	0
LK-6163505	Jakaduwa	Jakaduwa	GND	672	0	0	0	0	0	0	0	0
LK-6163510	Balagala	Balagala	GND	635	0	0	0	0	0	0	0	0
LK-6163515	Pussella	Pussella	GND	1031	11	0	0	0	0	0	0	0
LK-6163520	Pusselikanda	Pusselikanda	GND	366	0	0	0	0	0	0	0	0
LK-6163525	Gonigoda	Gonigoda	GND	799	0	0	0	0	0	0	0	0
LK-6163530	Meeliyadda	Meeliyadda	GND	753	0	0	0	0	0	0	0	0
LK-6163535	Kanadeniyawala	Kanadeniyawala	GND	620	286	0	0	0	0	0	0	0
LK-6163540	Ganegoda	Ganegoda	GND	502	0	0	32	0	0	0	0	0
LK-6163545	Bogamuwa	Bogamuwa	GND	1015	15	0	10	0	0	0	0	0
LK-6163550	Kurukeppitiya	Kurukeppitiya	GND	561	0	0	0	0	0	0	0	0
LK-6163555	Paragoda	Paragoda	GND	667	0	0	0	0	0	0	0	0
LK-6163560	Ikiriwatta	Ikiriwatta	GND	846	0	0	0	0	0	0	0	0
LK-6163565	Niyangama	Niyangama	GND	971	0	0	0	0	0	0	0	0
LK-6166	Weerabugedara	Weerambugedara	DSD	36332	59	0	21	0	0	0	0	0
LK-6166005	Lokahettiya	Lokahettiya	GND	427	0	0	0	0	0	0	0	0
LK-6166010	Medagama	Medagama	GND	1076	0	0	0	0	0	0	0	0
LK-6166015	Pathinwatta	Pathinwatta	GND	791	0	0	0	0	0	0	0	0
LK-6166020	Bamunugedara	Bamunugedara	GND	706	0	0	0	0	0	0	0	0
LK-6166025	Gallehera	Gallehera	GND	654	0	0	0	0	0	0	0	0
LK-6166030	Kadadunna	Kadadunna	GND	483	0	0	0	0	0	0	0	0
LK-6166035	Weerambugedara	Weerambugedara	GND	1224	0	0	0	0	0	0	0	0
LK-6166040	Gonawa	Gonawa	GND	916	13	0	0	0	0	0	0	0
LK-6166045	Yalawa	Yalawa	GND	1125	0	0	0	0	0	0	0	0
LK-6166050	Madawala North	Madawala North	GND	557	0	0	0	0	0	0	0	0
LK-6166055	Sandagala South	Sandagala South	GND	806	0	0	0	0	0	0	0	0
LK-6166060	Sandagala North	Sandagala North	GND	818	0	0	0	0	0	0	0	0
LK-6166065	Damunugala	Damunugala	GND	669	0	0	0	0	0	0	0	0
LK-6166070	Piduruwella	Piduruwella	GND	1772	0	0	11	0	0	0	0	0
LK-6166075	Clovis Watta	Clovis Watta	GND	1218	0	0	0	0	0	0	0	0
LK-6166080	Madawala South	Madawala South	GND	855	0	0	0	0	0	0	0	0
LK-6166085	Mudunna	Mudunna	GND	845	0	0	0	0	0	0	0	0
LK-6166090	Hanwella	Hanwella	GND	759	0	0	0	0	0	0	0	0
LK-6166095	Huruggamuwa	Huruggamuwa	GND	1132	0	0	0	0	0	0	0	0
LK-6166100	Ginipenda	Ginipenda	GND	847	0	0	0	0	0	0	0	0
LK-6166105	Kalugamuwa	Kalugamuwa	GND	1366	0	0	0	0	0	0	0	0
LK-6166110	Yanthampola	Yanthampola	GND	530	0	0	0	0	0	0	0	0
LK-6166115	Bulupitiya	Bulupitiya	GND	880	0	0	0	0	0	0	0	0
LK-6166120	Uhumeeya	Uhumeeya	GND	1515	0	0	0	0	0	0	0	0
LK-6166125	Wewelpola	Wewelpola	GND	600	0	0	0	0	0	0	0	0
LK-6166130	Ranjanagama	Ranjanagama	GND	1586	0	0	0	0	0	0	0	0
LK-6166135	Kanumale	Kanumale	GND	2442	35	0	10	0	0	0	0	0
LK-6166140	Godavita	Godavita	GND	1038	0	0	0	0	0	0	0	0
LK-6166145	Ambahera	Ambahera	GND	1219	11	0	0	0	0	0	0	0
LK-6166150	Galabadagama	Galabadagama	GND	730	0	0	0	0	0	0	0	0
LK-6166155	Dehikumbura	Dehikumbura	GND	1550	0	0	0	0	0	0	0	0
LK-6166160	Poogalla	Poogalla	GND	859	0	0	0	0	0	0	0	0
LK-6166165	Udugama	Udugama	GND	614	0	0	0	0	0	0	0	0
LK-6166170	Thammita	Thammita	GND	629	0	0	0	0	0	0	0	0
LK-6166175	Parakumbura	Parakumbura	GND	1066	0	0	0	0	0	0	0	0
LK-6166180	Algama	Algama	GND	775	0	0	0	0	0	0	0	0
LK-6166185	Kaduruwella	Kaduruwella	GND	561	0	0	0	0	0	0	0	0
LK-6166190	Sevendana	Sevendana	GND	692	0	0	0	0	0	0	0	0
LK-6169	Kuliyapitiya East	Kuliyapitiya East	DSD	39908	321	0	20872	0	0	0	0	0
LK-6169005	Karangamuwa	Karangamuwa	GND	1217	0	0	0	0	0	0	0	0
LK-6169010	Dalupothagama	Dalupothagama	GND	1213	0	0	62	0	0	0	0	0
LK-6169015	Polpitiya	Polpitiya	GND	1434	0	0	0	0	0	0	0	0
LK-6169020	Pothuwewa	Pothuwewa	GND	1024	0	0	0	0	0	0	0	0
LK-6169025	Kotadeniyawa	Kotadeniyawa	GND	1126	0	0	14	0	0	0	0	0
LK-6169030	Thelahera	Thelahera	GND	796	0	0	0	0	0	0	0	0
LK-6169035	Nettipolagedara	Nettipolagedara	GND	550	12	0	933	0	0	0	0	0
LK-6169040	Arakyala	Arakyala	GND	59	24	0	2990	0	0	0	0	0
LK-6169045	Thoranegedara	Thoranegedara	GND	470	0	0	811	0	0	0	0	0
LK-6169050	Medelpola	Medelpola	GND	1299	14	0	62	0	0	0	0	0
LK-6169055	Pothuhera	Pothuhera	GND	439	0	0	1735	0	0	0	0	0
LK-6169060	Kekunagolla	Kekunagolla	GND	103	37	0	4176	0	0	0	0	0
LK-6169065	Dehigama	Dehigama	GND	1127	85	0	595	0	0	0	0	0
LK-6169070	Siyambalagaskotuwa	Siyambalagaskotuwa	GND	46	11	0	3168	0	0	0	0	0
LK-6169075	Ambahenwewa	Ambahenwewa	GND	50	38	0	1628	0	0	0	0	0
LK-6169080	Bogamulla	Bogamulla	GND	790	0	0	11	0	0	0	0	0
LK-6169085	Andigedara	Andigedara	GND	918	0	0	0	0	0	0	0	0
LK-6169090	Karagahagedara	Karagahagedara	GND	1012	19	0	0	0	0	0	0	0
LK-6169095	Bogahapitiya	Bogahapitiya	GND	992	0	0	32	0	0	0	0	0
LK-6169100	Kureekotuwa	Kureekotuwa	GND	42	0	0	1612	0	0	0	0	0
LK-6169105	Alahitiyawa	Alahitiyawa	GND	891	0	0	384	0	0	0	0	0
LK-6169110	Godagama	Godagama	GND	998	0	0	0	0	0	0	0	0
LK-6169115	Thalliyadda	Thalliyadda	GND	1571	0	0	0	0	0	0	0	0
LK-6169120	Konduruwapola	Konduruwapola	GND	876	0	0	0	0	0	0	0	0
LK-6169125	Barigoda	Barigoda	GND	1684	0	0	95	0	0	0	0	0
LK-6169130	Ganangamuwa	Ganangamuwa	GND	1114	10	0	0	0	0	0	0	0
LK-6169135	Bihalpola	Bihalpola	GND	908	0	0	0	0	0	0	0	0
LK-6169140	Udagedara	Udagedara	GND	1127	0	0	0	0	0	0	0	0
LK-6169145	Horombawa	Horombawa	GND	2850	22	0	435	0	0	0	0	0
LK-6169150	Molligoda	Molligoda	GND	799	14	0	968	0	0	0	0	0
LK-6169155	Kosgolla	Kosgolla	GND	998	35	0	804	0	0	0	0	0
LK-6169160	Mahagama	Mahagama	GND	749	0	0	0	0	0	0	0	0
LK-6169165	Nakkawatta	Nakkawatta	GND	845	0	0	0	0	0	0	0	0
LK-6169170	Hewanellagara	Hewanellagaraya	GND	777	0	0	0	0	0	0	0	0
LK-6169175	Ihala Muruthenge	Ihala Muruthenge	GND	1409	0	0	0	0	0	0	0	0
LK-6169180	Pahala Muruthenge	Pahala Muruthenge	GND	785	0	0	0	0	0	0	0	0
LK-6169185	Galgammulla	Galgammulla	GND	1013	0	0	0	0	0	0	0	0
LK-6169190	Ranasgalla	Ranasgalla	GND	522	0	0	0	0	0	0	0	0
LK-6169195	Wakkunuwala	Wakkunuwala	GND	575	0	0	40	0	0	0	0	0
LK-6169200	Etampola	Etampola	GND	933	0	0	0	0	0	0	0	0
LK-6169205	Rathneheruwa	Rathneheruwa	GND	693	0	0	0	0	0	0	0	0
LK-6169210	Deekirikewa	Deekirikewa	GND	777	0	0	198	0	0	0	0	0
LK-6169215	Panavitiya	Panavitiya	GND	954	0	0	119	0	0	0	0	0
LK-6169220	Dethawa	Dethawa	GND	668	0	0	0	0	0	0	0	0
LK-6169225	Saliyala	Saliyala	GND	685	0	0	0	0	0	0	0	0
LK-6172	Kuliyapitiya West	Kuliyapitiya West	DSD	78987	879	51	2332	0	30	0	0	0
LK-6172005	Katuwella	Katuwella	GND	509	0	0	0	0	0	0	0	0
LK-6172010	Pahala Elathalawa	Pahala Elathalawa	GND	1501	0	0	0	0	0	0	0	0
LK-6172015	Mawela	Mawela	GND	510	0	0	0	0	0	0	0	0
LK-6172020	Koshena	Koshena	GND	1447	0	0	0	0	0	0	0	0
LK-6172025	Pahala Galpola	Pahala Galpola	GND	1307	0	0	0	0	0	0	0	0
LK-6172030	Ihala Galpola	Ihala Galpola	GND	958	0	0	0	0	0	0	0	0
LK-6172035	Ihala Elathalawa	Ihala Elathalawa	GND	1063	0	0	0	0	0	0	0	0
LK-6172040	Deegalla	Deegalla	GND	1729	10	0	0	0	0	0	0	0
LK-6172045	Ihala Embawa	Ihala Embawa	GND	1467	14	0	0	0	0	0	0	0
LK-6172050	Kabalewa	Kabalewa	GND	2248	31	0	40	0	0	0	0	0
LK-6172055	Dikhera	Dikhera	GND	1140	0	0	0	0	0	0	0	0
LK-6172060	Ilukhena	Ilukhena	GND	1483	0	0	0	0	0	0	0	0
LK-6172065	Kumbalwala	Kumbalwala	GND	1068	0	0	0	0	0	0	0	0
LK-6172070	Pallewela	Pallewela	GND	1347	15	0	0	0	0	0	0	0
LK-6172075	Pahala Weerambuwa	Pahala Weerambuwa	GND	1173	0	0	0	0	0	0	0	0
LK-6172080	Ihala Weerambuwa	Ihala Weerambuwa	GND	1861	26	0	0	0	0	0	0	0
LK-6172085	Kurudelpotha	Kurudelpotha	GND	1057	23	0	0	0	0	0	0	0
LK-6172090	Thabbomulla	Thabbomulla	GND	2556	62	12	42	0	0	0	0	0
LK-6172095	Meegahakotuwa	Meegahakotuwa	GND	1827	398	0	29	0	0	0	0	0
LK-6172100	Kuliyapitiya Town	Kuliyapitiya Town	GND	1320	46	28	379	0	0	0	0	0
LK-6172105	Embawa	Embawa	GND	983	0	0	46	0	0	0	0	0
LK-6172110	Pahala Embawa	Pahala Embawa	GND	1260	17	0	137	0	0	0	0	0
LK-6172115	Pahala Piduma	Pahala Piduma	GND	1344	10	0	0	0	15	0	0	0
LK-6172120	Esseddama	Assedduma	GND	906	20	0	115	0	15	0	0	0
LK-6172125	Kongahagedara	Kongahagedara	GND	991	0	0	0	0	0	0	0	0
LK-6172130	Thummodara	Thummodara	GND	1962	50	0	159	0	0	0	0	0
LK-6172135	Ihala Piduma	Ihala Piduma	GND	662	0	0	0	0	0	0	0	0
LK-6172140	Henegedara	Henegedara	GND	1841	0	0	30	0	0	0	0	0
LK-6172145	Delana	Delana	GND	1290	0	0	0	0	0	0	0	0
LK-6172150	Mookalanyaya	Mookalanyaya	GND	803	0	0	648	0	0	0	0	0
LK-6172155	Kirindawa	Kirindawa	GND	1032	0	0	0	0	0	0	0	0
LK-6172160	Anukkane	Anukkane	GND	1032	0	0	0	0	0	0	0	0
LK-6172165	Beminigalla	Beminigalla	GND	883	20	0	0	0	0	0	0	0
LK-6172170	Kumbukkotuwa	Kumbukkotuwa	GND	981	0	0	0	0	0	0	0	0
LK-6172175	Wahumuwa	Wahumuwa	GND	1297	0	0	0	0	0	0	0	0
LK-6172180	Unaleeya	Unaleeya	GND	1451	0	0	0	0	0	0	0	0
LK-6172185	Kithalawa	Kithalawa	GND	1259	0	0	99	0	0	0	0	0
LK-6172190	Yakarawatta	Yakarawatta	GND	1190	0	0	0	0	0	0	0	0
LK-6172195	Bohingamuwa	Bohingamuwa	GND	1291	0	0	0	0	0	0	0	0
LK-6172200	Haggamuwa	Haggamuwa	GND	688	0	0	0	0	0	0	0	0
LK-6172205	Galahitiyawa	Galahitiyawa	GND	2171	48	0	16	0	0	0	0	0
LK-6172210	Dandagamuwa East	Dandagamuwa East	GND	1158	17	0	0	0	0	0	0	0
LK-6172215	Dandagamuwa West	Dandagamuwa West	GND	1173	0	0	0	0	0	0	0	0
LK-6172220	Pahala Kalugamuwa	Pahala Kalugamuwa	GND	1159	0	0	0	0	0	0	0	0
LK-6172225	Mahimpitiya	Mahimpitiya	GND	978	12	0	0	0	0	0	0	0
LK-6172230	Madakumburumulla	Madakumburumulla	GND	1339	0	0	0	0	0	0	0	0
LK-6172235	Thalahitimulla	Thalahitimulla	GND	674	0	0	0	0	0	0	0	0
LK-6172240	Weralugama	Weralugama	GND	1355	27	0	0	0	0	0	0	0
LK-6172245	Ihala Kalugamuwa	Ihala Kalugamuwa	GND	1609	11	0	0	0	0	0	0	0
LK-6172250	Hammalawa	Hammalawa	GND	1048	0	0	0	0	0	0	0	0
LK-6172255	Galagedara	Galagedara	GND	421	0	0	0	0	0	0	0	0
LK-6172260	Pitadeniya	Pitadeniya	GND	625	0	0	0	0	0	0	0	0
LK-6172265	Diyadora	Diyadora	GND	953	0	0	0	0	0	0	0	0
LK-6172270	Inguruwatta	Inguruwatta	GND	1510	0	0	0	0	0	0	0	0
LK-6172275	Diyadora Ihala Watta	Diyadora Ihala Watta	GND	1428	0	0	0	0	0	0	0	0
LK-6172280	Narangalla	Narangalla	GND	1640	22	11	0	0	0	0	0	0
LK-6172285	Wadugedara	Wadugedara	GND	564	0	0	0	0	0	0	0	0
LK-6172290	Kongolla	Kongolla	GND	970	0	0	0	0	0	0	0	0
LK-6172295	Ihala Ennaruwa	Ihala Ennaruwa	GND	710	0	0	0	0	0	0	0	0
LK-6172300	Deeyawala	Deeyawala	GND	770	0	0	0	0	0	0	0	0
LK-6172305	Udihitimulla	Udihitimulla	GND	577	0	0	0	0	0	0	0	0
LK-6172310	Ketawalegedara	Ketawalegedara	GND	604	0	0	0	0	0	0	0	0
LK-6172315	Eluwapola	Eluwapola	GND	767	0	0	0	0	0	0	0	0
LK-6172320	Kandegedara	Kandegedara	GND	686	0	0	0	0	0	0	0	0
LK-6172325	Katuwattewela	Katuwattewela	GND	1205	0	0	44	0	0	0	0	0
LK-6172330	Edandewela	Edandewela	GND	150	0	0	548	0	0	0	0	0
LK-6172335	Wewagama	Wewagama	GND	889	0	0	0	0	0	0	0	0
LK-6172340	Degammeda	Degammeda	GND	1137	0	0	0	0	0	0	0	0
LK-6175	Udubaddawa	Udubaddawa	DSD	47458	566	38	6226	0	0	0	0	0
LK-6175005	Ihala Weerakodiyana	Ihala Weerakodiyana	GND	957	14	0	0	0	0	0	0	0
LK-6175010	Kovulwewa	Kovulwewa	GND	1148	0	25	0	0	0	0	0	0
LK-6175015	Pahala Weerakodiyana	Pahala Weerakodiyana	GND	997	0	0	0	0	0	0	0	0
LK-6175020	Rantetiyawa	Ranthetiyawa	GND	704	21	0	0	0	0	0	0	0
LK-6175025	Wathuwatta	Wathuwatta	GND	988	26	0	0	0	0	0	0	0
LK-6175030	Habarawewa	Habarawewa	GND	913	0	0	0	0	0	0	0	0
LK-6175035	Kekunawala	Kekunawala	GND	415	14	0	1691	0	0	0	0	0
LK-6175040	Kandayaya	Kandayaya	GND	828	0	0	0	0	0	0	0	0
LK-6175045	Kappangamuwa	Kappangamuwa	GND	1406	0	0	0	0	0	0	0	0
LK-6175050	Kahadenigama	Kahadenigama	GND	689	0	0	0	0	0	0	0	0
LK-6175055	Divurumpola	Divurumpola	GND	0	10	0	1657	0	0	0	0	0
LK-6175060	Pahala Yagamwela	Pahala Yagamwela	GND	203	25	0	1873	0	0	0	0	0
LK-6175065	Ihala Yagamwela	Ihala Yagamwela	GND	853	0	0	218	0	0	0	0	0
LK-6175070	Gahalagaswala	Gahalagaswala	GND	1089	25	0	0	0	0	0	0	0
LK-6175075	Siyambalagasruppa East	Siyambalagasruppa East	GND	1110	0	0	0	0	0	0	0	0
LK-6175080	Siyambalagasruppa West	Siyambalagasruppa West	GND	2368	12	0	0	0	0	0	0	0
LK-6175085	Dummalasooriya	Dummalasooriya	GND	677	35	0	0	0	0	0	0	0
LK-6175090	Thunthota	Thunthota	GND	727	17	0	0	0	0	0	0	0
LK-6175095	Kattimahana	Kattimahana	GND	936	21	0	0	0	0	0	0	0
LK-6175100	Palugamuwa	Palugamuwa	GND	1600	43	0	0	0	0	0	0	0
LK-6175105	Karandavila	Karandavila	GND	461	14	0	787	0	0	0	0	0
LK-6175110	Bunnehepola	Bunnehepola	GND	2350	12	0	0	0	0	0	0	0
LK-6175115	Ihalagama North	Ihalagama North	GND	939	13	0	0	0	0	0	0	0
LK-6175120	Paranagama	Paranagama	GND	1256	0	0	0	0	0	0	0	0
LK-6175125	Pahalagama	Pahalagama	GND	1335	15	0	0	0	0	0	0	0
LK-6175130	Ihalagama South	Ihalagama South	GND	1096	0	0	0	0	0	0	0	0
LK-6175135	Mahaagara	Mahaagara	GND	2127	0	0	0	0	0	0	0	0
LK-6175140	Henegedara	Henegedara	GND	984	16	0	0	0	0	0	0	0
LK-6175145	Kanubichchiya	Kanubichchiya	GND	916	0	0	0	0	0	0	0	0
LK-6175150	Polgaha Agara	Polgaha Agara	GND	714	0	0	0	0	0	0	0	0
LK-6175155	Dunakadeniya North	Dunakadeniya North	GND	1422	39	0	0	0	0	0	0	0
LK-6175160	Udadeniya	Udadeniya	GND	1098	29	0	0	0	0	0	0	0
LK-6175165	Meegahapelessa	Meegahapelessa	GND	1420	25	13	0	0	0	0	0	0
LK-6175170	Bibiladeniya	Bibiladeniya	GND	2131	32	0	0	0	0	0	0	0
LK-6175175	Ammanamulla	Ammanamulla	GND	861	0	0	0	0	0	0	0	0
LK-6175180	Walpitagama	Walpitagama	GND	1157	12	0	0	0	0	0	0	0
LK-6175185	Horathepola	Horathepola	GND	1508	13	0	0	0	0	0	0	0
LK-6175190	Nawasigahawatta	Nawasigahawatta	GND	1254	0	0	0	0	0	0	0	0
LK-6175195	Kootharippuwa	Kootharippuwa	GND	955	18	0	0	0	0	0	0	0
LK-6175200	Dunakadeniya South	Dunakadeniya South	GND	1699	33	0	0	0	0	0	0	0
LK-6175205	Kumbukgahamulla	Kumbukgahamulla	GND	942	0	0	0	0	0	0	0	0
LK-6175210	Ilippugamuwa	Ilippugamuwa	GND	1357	12	0	0	0	0	0	0	0
LK-6175215	Kumara Udawela	Kumara Udawela	GND	868	20	0	0	0	0	0	0	0
LK-6178	Pannala	Pannala	DSD	124730	1402	22	9228	0	13	0	0	0
LK-6178005	Gallehemulla	Gallehemulla	GND	1039	0	0	68	0	0	0	0	0
LK-6178010	Nabirittankadawara	Nabirittankadawara	GND	2130	54	0	0	0	0	0	0	0
LK-6178015	Udugama	Udugama	GND	1468	13	0	0	0	0	0	0	0
LK-6178020	Pethigodagedara	Pethigodagedara	GND	1534	0	0	0	0	0	0	0	0
LK-6178025	Eriyagolla	Eriyagolla	GND	2897	23	0	0	0	0	0	0	0
LK-6178030	Yatattawala	Yatattawala	GND	1129	0	0	0	0	0	0	0	0
LK-6178035	Thelambugammana	Thelambugammana	GND	1124	0	0	0	0	0	0	0	0
LK-6178040	Ingaradavula	Ingaradavula	GND	1183	0	0	0	0	0	0	0	0
LK-6178045	Mohottawa	Mohottawa	GND	1000	0	0	0	0	0	0	0	0
LK-6178050	Batapotha Ela	Batapotha Ela	GND	1339	0	0	0	0	0	0	0	0
LK-6178055	Katugampala	Katugampala	GND	1347	219	0	0	0	0	0	0	0
LK-6178060	Hamanagoda	Hamanagoda	GND	803	0	0	0	0	0	0	0	0
LK-6178065	Mummana	Mummana	GND	525	0	0	1072	0	0	0	0	0
LK-6178070	Wattegedara	Wattegedara	GND	1059	0	0	0	0	0	0	0	0
LK-6178075	Wettewa	Wettewa	GND	1208	0	0	144	0	0	0	0	0
LK-6178080	Kavudumunna	Kavudumunna	GND	1547	0	0	0	0	0	0	0	0
LK-6178085	Hamangalla	Hamangalla	GND	1399	0	0	0	0	0	0	0	0
LK-6178090	Narangoda South	Narangoda South	GND	1012	0	0	0	0	0	0	0	0
LK-6178095	Narangoda North	Narangoda North	GND	1566	0	0	0	0	0	0	0	0
LK-6178100	Erepola	Erepola	GND	1584	0	0	0	0	0	0	0	0
LK-6178105	Madigepola	Madigepola	GND	691	0	0	0	0	0	0	0	0
LK-6178110	Hengawa	Hengawa	GND	1237	12	0	0	0	0	0	0	0
LK-6178115	Paragammana	Paragammana	GND	1600	16	0	0	0	0	0	0	0
LK-6178120	Nedalagamuwa North	Nedalagamuwa North	GND	1611	0	0	0	0	0	0	0	0
LK-6178125	Nedalagamuwa South	Nedalagamuwa South	GND	1709	14	0	0	0	0	0	0	0
LK-6178130	Yayamulla	Yayamulla	GND	1018	0	0	0	0	0	0	0	0
LK-6178135	Raddalana	Raddalana	GND	1190	0	0	0	0	0	0	0	0
LK-6178140	Waguruwela	Waguruwela	GND	861	22	0	0	0	0	0	0	0
LK-6178145	Muthugalayagama	Mutugalayayagama	GND	1450	13	0	0	0	0	0	0	0
LK-6178150	Kandepola	Kandepola	GND	1498	0	0	0	0	0	0	0	0
LK-6178155	Hundirapola	Hundirapola	GND	1428	0	0	0	0	0	0	0	0
LK-6178160	Welpalla	Welpalla	GND	1263	0	0	0	0	0	0	0	0
LK-6178165	Daraluwa	Daraluwa	GND	1958	19	12	0	0	0	0	0	0
LK-6178170	Hunuvila	Hunuvila	GND	1113	0	0	0	0	0	0	0	0
LK-6178175	Kongoda	Kongoda	GND	998	0	0	0	0	0	0	0	0
LK-6178180	Werahera	Werahera	GND	1701	46	0	0	0	0	0	0	0
LK-6178185	Bowatta	Bowatta	GND	1404	62	0	0	0	0	0	0	0
LK-6178190	Koodalupotta	Koodalupotta	GND	1097	51	0	946	0	0	0	0	0
LK-6178195	Bammanna	Bammanna	GND	449	0	10	1619	0	0	0	0	0
LK-6178200	Kadirapola	Kadirapola	GND	892	23	0	268	0	0	0	0	0
LK-6178205	Mahingamuwa	Mahingamuwa	GND	1569	10	0	316	0	0	0	0	0
LK-6178210	Dodampotta	Dodampotta	GND	988	0	0	0	0	0	0	0	0
LK-6178215	Konduruwawela	Konduruwawela	GND	1178	0	0	0	0	0	0	0	0
LK-6178220	Meddepola Pahala	Meddepola Pahala	GND	1404	0	0	0	0	0	0	0	0
LK-6178225	Maharagama	Maharagama	GND	1987	36	0	107	0	0	0	0	0
LK-6178230	Meddepola Ihala	Meddepola Ihala	GND	786	0	0	0	0	0	0	0	0
LK-6178235	Siyambalawalana	Siyambalawalana	GND	693	0	0	0	0	0	0	0	0
LK-6178240	Ihala Labbala	Ihala Labbala	GND	806	0	0	0	0	0	0	0	0
LK-6178245	Ihala Kotuwella	Ihala Kotuwella	GND	1097	0	0	0	0	0	0	0	0
LK-6178250	Horawadunna	Horawadunna	GND	1718	0	0	0	0	0	0	0	0
LK-6178255	Elabadagama East	Elabadagama East	GND	1339	96	0	2149	0	0	0	0	0
LK-6178260	Elabadagama North	Elabadagama North	GND	1666	87	0	732	0	13	0	0	0
LK-6178265	Elabadagama West	Elabadagama West	GND	1472	29	0	1577	0	0	0	0	0
LK-6178270	Mookalana	Mookalana	GND	831	0	0	0	0	0	0	0	0
LK-6178275	Makandura Ihala	Makandura Ihala	GND	2659	21	0	0	0	0	0	0	0
LK-6178280	Elivila	Elivila	GND	1211	0	0	0	0	0	0	0	0
LK-6178285	Gonulla East	Gonulla East	GND	1121	0	0	0	0	0	0	0	0
LK-6178290	Indivinna	Indivinna	GND	1576	0	0	0	0	0	0	0	0
LK-6178295	Hettirippuwa	Hettirippuwa	GND	1102	0	0	0	0	0	0	0	0
LK-6178300	Villiyagama	Villiyagama	GND	1002	0	0	0	0	0	0	0	0
LK-6178305	Gonulla West	Gonulla West	GND	1557	0	0	0	0	0	0	0	0
LK-6178310	Irabadagama	Irabadagama	GND	2274	10	0	0	0	0	0	0	0
LK-6178315	Wetakeyawa	Wetakeyawa	GND	1788	18	0	0	0	0	0	0	0
LK-6178320	Makandura Pahala	Makandura Pahala	GND	2418	82	0	59	0	0	0	0	0
LK-6178325	Panwalakumbura	Panwalakumbura	GND	1706	139	0	0	0	0	0	0	0
LK-6178330	Hendiyagala	Hendiyagala	GND	2423	47	0	0	0	0	0	0	0
LK-6178335	Sandalankawa	Sandalankawa	GND	1998	13	0	0	0	0	0	0	0
LK-6178340	Thambakanda	Thambakanda	GND	1208	12	0	0	0	0	0	0	0
LK-6178345	Nalawalana	Nalawalana	GND	2071	13	0	0	0	0	0	0	0
LK-6178350	Medirivila	Medirivila	GND	1430	0	0	0	0	0	0	0	0
LK-6178355	Pahala Galayaya	Pahala Galayaya	GND	1992	59	0	0	0	0	0	0	0
LK-6178360	Ihala Galayaya	Ihala Galayaya	GND	1351	25	0	12	0	0	0	0	0
LK-6178365	Pannala	Pannala	GND	1855	23	0	141	0	0	0	0	0
LK-6178370	Kekillapitiya	Kekillapitiya	GND	1567	0	0	0	0	0	0	0	0
LK-6178375	Maholawa	Maholawa	GND	2099	14	0	0	0	0	0	0	0
LK-6178380	Thalammehera	Thalammehera	GND	2448	0	0	0	0	0	0	0	0
LK-6178385	Badabedda	Badabedda	GND	2315	28	0	0	0	0	0	0	0
LK-6178390	Kohombapola	Kohombapola	GND	1015	0	0	0	0	0	0	0	0
LK-6178395	Elibichchiya	Elibichchiya	GND	1012	0	0	0	0	0	0	0	0
LK-6178400	Mellawalana	Mellawalana	GND	1638	14	0	0	0	0	0	0	0
LK-6178405	Pahala Labbala	Pahala Labbala	GND	1062	0	0	0	0	0	0	0	0
LK-6178410	Bopitiya	Bopitiya	GND	2026	18	0	0	0	0	0	0	0
LK-6178415	Balawala	Balawala	GND	1182	0	0	0	0	0	0	0	0
LK-6178420	Mattegama	Mattegama	GND	1563	0	0	0	0	0	0	0	0
LK-6178425	Wellewa	Wellewa	GND	1971	0	0	0	0	0	0	0	0
LK-6178430	Narangamuwa	Narangamuwa	GND	1196	0	0	0	0	0	0	0	0
LK-6178435	Malgamuwa	Malgamuwa	GND	1299	21	0	18	0	0	0	0	0
LK-6181	Narammala	Narammala	DSD	55535	271	0	3785	0	0	0	0	0
LK-6181005	Pahamune	Pahamune	GND	659	16	0	931	0	0	0	0	0
LK-6181010	Kadahapola	Kadahapola	GND	1695	21	0	209	0	0	0	0	0
LK-6181015	Penthenigoda	Penthenigoda	GND	1146	0	0	337	0	0	0	0	0
LK-6181020	Ganegoda	Ganegoda	GND	537	0	0	0	0	0	0	0	0
LK-6181025	Meewewa	Meewewa	GND	758	0	0	0	0	0	0	0	0
LK-6181030	Dangolla	Dangolla	GND	1046	0	0	0	0	0	0	0	0
LK-6181035	Meewewa/ Bemmullegedara	Meewewa / Bemmullegedara	GND	779	0	0	0	0	0	0	0	0
LK-6181040	Puwakgahakotuwa	Puwakgahakotuwa	GND	741	0	0	0	0	0	0	0	0
LK-6181045	Polgahayaya	Polgahayaya	GND	182	0	0	1532	0	0	0	0	0
LK-6181050	Ginigathpitiya	Ginigathpitiya	GND	1244	13	0	11	0	0	0	0	0
LK-6181055	Dambagirigama East	Dambagirigama East	GND	1228	15	0	45	0	0	0	0	0
LK-6181060	Medagoda	Medagoda	GND	887	0	0	0	0	0	0	0	0
LK-6181065	Dambagirigama West	Dambagirigama West	GND	1061	16	0	0	0	0	0	0	0
LK-6181070	Narammala	Narammala	GND	1727	38	0	227	0	0	0	0	0
LK-6181075	Ranawatta	Ranawatta	GND	1043	0	0	0	0	0	0	0	0
LK-6181080	Senanayaka Colony	Senanayaka Colony	GND	570	0	0	0	0	0	0	0	0
LK-6181085	Kottapitiya	Kottapitiya	GND	545	0	0	0	0	0	0	0	0
LK-6181090	Ambagammana	Ambagammana	GND	847	0	0	0	0	0	0	0	0
LK-6181095	Yakkavita	Yakkavita	GND	668	0	0	0	0	0	0	0	0
LK-6181100	Halwella	Halwella	GND	2597	62	0	13	0	0	0	0	0
LK-6181105	Rammuthugala	Rammuthugala	GND	682	0	0	0	0	0	0	0	0
LK-6181110	Welikumbura	Welikumbura	GND	995	0	0	0	0	0	0	0	0
LK-6181115	Dampelessa	Dampelessa	GND	1105	0	0	0	0	0	0	0	0
LK-6181120	Kivulegedara	Kivulegedara	GND	1310	0	0	0	0	0	0	0	0
LK-6181125	Polwattegedara	Polwattegedara	GND	919	0	0	0	0	0	0	0	0
LK-6181130	Karalappala	Karalappala	GND	614	0	0	0	0	0	0	0	0
LK-6181135	Embalapola	Embalapola	GND	419	0	0	0	0	0	0	0	0
LK-6181140	Weragala	Weragala	GND	828	0	0	0	0	0	0	0	0
LK-6181145	Rangallepola	Rangallepola	GND	736	0	0	0	0	0	0	0	0
LK-6181150	Nakalagamuwa	Nakalagamuwa	GND	593	0	0	0	0	0	0	0	0
LK-6181155	Godakooruwa	Godakooruwa	GND	944	0	0	0	0	0	0	0	0
LK-6181160	Kivulgalla	Kivulgalla	GND	2431	0	0	0	0	0	0	0	0
LK-6181165	Eriyagolla	Eriyagolla	GND	710	0	0	0	0	0	0	0	0
LK-6181170	Metiyagane West	Metiyagane West	GND	649	0	0	0	0	0	0	0	0
LK-6181175	Maravita	Maravita	GND	1447	0	0	0	0	0	0	0	0
LK-6181180	Muthugala East	Muthugala East	GND	995	0	0	112	0	0	0	0	0
LK-6181185	Metiyagane East	Metiyagane East	GND	1114	0	0	0	0	0	0	0	0
LK-6181190	Kasungama	Kasungama	GND	1117	0	0	0	0	0	0	0	0
LK-6181195	Pelawatta	Pelawatta	GND	1138	0	0	0	0	0	0	0	0
LK-6181200	Pothupitiya	Pothupitiya	GND	882	0	0	0	0	0	0	0	0
LK-6181205	Muthugala West	Muthugala West	GND	852	0	0	0	0	0	0	0	0
LK-6181210	Dambadeniya South	Dambadeniya South	GND	1830	26	0	152	0	0	0	0	0
LK-6181215	Dambadeniya North	Dambadeniya North	GND	481	0	0	161	0	0	0	0	0
LK-6181220	Udawelawatta	Udawelawatta	GND	944	0	0	0	0	0	0	0	0
LK-6181225	Riligala	Riligala	GND	1739	0	0	0	0	0	0	0	0
LK-6181230	Athuruwala	Athuruwala	GND	1772	32	0	22	0	0	0	0	0
LK-6181235	Puskoladeniya	Puskoladeniya	GND	1066	0	0	0	0	0	0	0	0
LK-6181240	Delikanu Anga	Delikanu Anga	GND	894	0	0	0	0	0	0	0	0
LK-6181245	Kudagammana	Kudagammana	GND	1717	0	0	0	0	0	0	0	0
LK-6181250	Riloluwa	Riloluwa	GND	735	0	0	0	0	0	0	0	0
LK-6181255	Handapangala	Handapangala	GND	897	11	0	0	0	0	0	0	0
LK-6181260	Paranagama	Paranagama	GND	650	0	0	0	0	0	0	0	0
LK-6181265	Marandagolla	Maradagolla	GND	1392	21	0	33	0	0	0	0	0
LK-6181270	Epaladeniya	Epaladeniya	GND	978	0	0	0	0	0	0	0	0
LK-6184	Alawwa	Alawwa	DSD	65444	77	48	0	0	0	0	0	0
LK-6184005	Vilgamuwa	Vilgamuwa	GND	784	0	0	0	0	0	0	0	0
LK-6184010	Vilgamuwa Watta	Vilgamuwa Watta	GND	535	0	0	0	0	0	0	0	0
LK-6184015	Wennoruwa West	Wennoruwa West	GND	908	0	0	0	0	0	0	0	0
LK-6184020	Wennoruwa East	Wennoruwa East	GND	1068	0	0	0	0	0	0	0	0
LK-6184025	Damunupola	Damunupola	GND	693	0	0	0	0	0	0	0	0
LK-6184030	Pannala	Pannala	GND	1029	0	0	0	0	0	0	0	0
LK-6184035	Nungamuwa Pahala	Nungamuwa Pahala	GND	758	0	0	0	0	0	0	0	0
LK-6184040	Wadawa	Wadawa	GND	840	0	0	0	0	0	0	0	0
LK-6184045	Nungamuwa Ihala	Nungamuwa Ihala	GND	607	0	0	0	0	0	0	0	0
LK-6184050	Dehelgamuwa	Dehelgamuwa	GND	639	0	0	0	0	0	0	0	0
LK-6184055	Ihala Wettewa	Ihala Wettewa	GND	878	0	0	0	0	0	0	0	0
LK-6184060	Kiriwanapola	Kiriwanapola	GND	983	0	0	0	0	0	0	0	0
LK-6184065	Kandegedara South	Kandegedara South	GND	744	0	0	0	0	0	0	0	0
LK-6184070	Welikare	Welikare	GND	832	0	0	0	0	0	0	0	0
LK-6184075	Galgamuwa North	Galgamuwa North	GND	939	0	0	0	0	0	0	0	0
LK-6184080	Galgamuwa South	Galgamuwa South	GND	789	0	0	0	0	0	0	0	0
LK-6184085	Pangolla	Pangolla	GND	722	0	0	0	0	0	0	0	0
LK-6184090	Kandegedara North	Kandegedara North	GND	944	0	0	0	0	0	0	0	0
LK-6184095	Divulgahakotuwa	Divulgahakotuwa	GND	677	0	0	0	0	0	0	0	0
LK-6184100	Waduwawa	Waduwawa	GND	1626	0	0	0	0	0	0	0	0
LK-6184105	Lewdeniya	Lewdeniya	GND	774	0	0	0	0	0	0	0	0
LK-6184110	Poramadala	Poramadala	GND	1072	0	0	0	0	0	0	0	0
LK-6184115	Galatharaya	Galatharaya	GND	489	0	0	0	0	0	0	0	0
LK-6184120	Hinnarapola	Hinnarapola	GND	678	0	0	0	0	0	0	0	0
LK-6184125	Nugawela	Nugawela	GND	1476	0	0	0	0	0	0	0	0
LK-6184130	Maharachchimulla	Maharachchimulla	GND	691	0	0	0	0	0	0	0	0
LK-6184135	Pahala Kalalpitiya	Pahala Kalalpitiya	GND	1142	0	0	0	0	0	0	0	0
LK-6184140	Henduwawa	Henduwawa	GND	760	0	0	0	0	0	0	0	0
LK-6184145	Kendagolla	Kendagolla	GND	809	0	0	0	0	0	0	0	0
LK-6184150	Boyawalana	Boyawalana	GND	796	0	0	0	0	0	0	0	0
LK-6184155	Henduwawa Colony	Henduwawa Colony	GND	1080	0	0	0	0	0	0	0	0
LK-6184160	Ihala Kalalpitiya	Ihala Kalalpitiya	GND	738	0	0	0	0	0	0	0	0
LK-6184165	Medagampola	Medagampola	GND	1025	0	0	0	0	0	0	0	0
LK-6184170	Maldeniya	Maldeniya	GND	638	0	0	0	0	0	0	0	0
LK-6184175	Koholana	Koholana	GND	1788	12	0	0	0	0	0	0	0
LK-6184180	Ihala Walakumbura	Ihala Walakumbura	GND	1211	0	0	0	0	0	0	0	0
LK-6184185	Yatigaloluwa	Yatigaloluwa	GND	1096	0	0	0	0	0	0	0	0
LK-6184190	Pahala Walakumbura	Pahala Walakumbura	GND	1227	0	0	0	0	0	0	0	0
LK-6184195	Alawwa South	Alawwa South	GND	2236	11	0	0	0	0	0	0	0
LK-6184200	Alawwa North	Alawwa North	GND	2005	0	0	0	0	0	0	0	0
LK-6184205	Kebellavita	Kebellavita	GND	740	0	0	0	0	0	0	0	0
LK-6184210	Humbuluwa East	Humbuluwa East	GND	1325	0	0	0	0	0	0	0	0
LK-6184215	Humbuluwa West	Humbuluwa West	GND	1745	0	0	0	0	0	0	0	0
LK-6184220	Imbulgoda	Imbulgoda	GND	617	0	0	0	0	0	0	0	0
LK-6184225	Keppitiwalana	Keppitiwalana	GND	1475	0	0	0	0	0	0	0	0
LK-6184230	Madawala	Madawala	GND	931	0	0	0	0	0	0	0	0
LK-6184235	Othara Kiruwampola	Othara Kiruwampola	GND	698	12	0	0	0	0	0	0	0
LK-6184240	Nebadawathura	Nebadawathura	GND	891	0	0	0	0	0	0	0	0
LK-6184245	Galdeniya	Galdeniya	GND	542	0	0	0	0	0	0	0	0
LK-6184250	Kanameewala	Kanameewala	GND	694	0	0	0	0	0	0	0	0
LK-6184255	Wedeniya	Wedeniya	GND	834	0	0	0	0	0	0	0	0
LK-6184260	Nawathalwatta	Nawathalwatta	GND	1294	0	0	0	0	0	0	0	0
LK-6184265	Thumbulla	Thumbulla	GND	1464	0	0	0	0	0	0	0	0
LK-6184270	Abbowa	Abbowa	GND	2173	0	0	0	0	0	0	0	0
LK-6184275	Paramaulla	Paramaulla	GND	1630	42	0	0	0	0	0	0	0
LK-6184280	Galpottepola	Galpottepola	GND	935	0	0	0	0	0	0	0	0
LK-6184285	Miriheliya	Miriheliya	GND	1203	0	48	0	0	0	0	0	0
LK-6184290	Pallemorugama	Pallemorugama	GND	636	0	0	0	0	0	0	0	0
LK-6184295	Udakekulawala	Udakekulawala	GND	796	0	0	0	0	0	0	0	0
LK-6184300	Udagankanda	Udagankanda	GND	996	0	0	0	0	0	0	0	0
LK-6184305	Wewala	Wewala	GND	897	0	0	0	0	0	0	0	0
LK-6184310	Pallekekulawala	Pallekekulawala	GND	706	0	0	0	0	0	0	0	0
LK-6184315	Yattalgoda	Yattalgoda	GND	677	0	0	0	0	0	0	0	0
LK-6184320	Bowala	Bowala	GND	919	0	0	0	0	0	0	0	0
LK-6184325	Bujjomuwa	Bujjomuwa	GND	1202	0	0	0	0	0	0	0	0
LK-6184330	Kendahena	Kendahena	GND	698	0	0	0	0	0	0	0	0
LK-6187	Polgahawela	Polgahawela	DSD	58980	1604	27	6588	0	34	0	0	0
LK-6187005	Ahugoda East	Ahugoda East	GND	667	107	0	275	0	0	0	0	0
LK-6187010	Amunugama	Amunugama	GND	915	20	0	39	0	0	0	0	0
LK-6187015	Gammana	Gammana	GND	690	27	0	12	0	0	0	0	0
LK-6187020	Pothuhera East	Pothuhera East	GND	704	15	0	37	0	0	0	0	0
LK-6187025	Pothuhera West	Pothuhera West	GND	1023	55	0	326	0	0	0	0	0
LK-6187030	Ahugoda Meda	Ahugoda Meda	GND	549	10	0	0	0	0	0	0	0
LK-6187035	Ahugoda West	Ahugoda West	GND	586	0	0	0	0	0	0	0	0
LK-6187040	Mahapitiya	Mahapitiya	GND	562	0	0	21	0	0	0	0	0
LK-6187045	Dewategedara	Dewate Gedara	GND	239	0	0	0	0	0	0	0	0
LK-6187050	Hiripathwella	Hiripathwella	GND	736	0	0	0	0	0	0	0	0
LK-6187055	Ginneriya	Ginneriya	GND	369	0	0	0	0	0	0	0	0
LK-6187060	Wadakada	Wadakada	GND	684	29	0	91	0	0	0	0	0
LK-6187065	Habarawa	Habarawa	GND	547	0	0	0	0	0	0	0	0
LK-6187070	Embalawatta	Embalawatta	GND	422	0	0	0	0	0	0	0	0
LK-6187075	Lihinigiriya	Lihinigiriya	GND	543	0	0	0	0	0	0	0	0
LK-6187080	Medalassa Kalugamuwa	Medalassa Kalugamuwa	GND	442	0	0	0	0	0	0	0	0
LK-6187085	Yatihena	Yatihena	GND	370	0	0	0	0	0	0	0	0
LK-6187090	Maningamuwa	Maningamuwa	GND	457	0	0	0	0	0	0	0	0
LK-6187095	Mawathagama	Mawathagama	GND	518	0	0	0	0	0	0	0	0
LK-6187100	Mandawela	Mandawela	GND	526	16	0	33	0	0	0	0	0
LK-6187105	Kureepotta	Kureepotta	GND	748	0	0	0	0	0	0	0	0
LK-6187110	Arambepola	Arambepola	GND	668	0	0	0	0	0	0	0	0
LK-6187115	Handugala	Handugala	GND	1321	0	0	0	0	0	0	0	0
LK-6187120	Bevilgamuwa East	Bevilgamuwa East	GND	949	0	0	0	0	0	0	0	0
LK-6187125	Bevilgamuwa West	Bevilgamuwa West	GND	392	0	0	0	0	0	0	0	0
LK-6187130	Thiyador Watta	Thiyador Watta	GND	557	0	0	17	0	0	0	0	0
LK-6187135	Dembegoda	Dembegoda	GND	453	0	0	0	0	0	0	0	0
LK-6187140	Imbulana	Imbulana	GND	514	0	0	0	0	0	0	0	0
LK-6187145	Kebilittawala	Kebilittawala	GND	690	0	0	0	0	0	0	0	0
LK-6187150	Egalla	Egalla	GND	1044	0	0	0	0	0	0	0	0
LK-6187155	Gallenamulla	Gallenamulla	GND	764	0	0	0	0	0	0	0	0
LK-6187160	Udapola	Udapola	GND	674	0	0	0	0	0	0	0	0
LK-6187165	Kaluhendiwala	Kaluhendiwala	GND	314	0	0	0	0	0	0	0	0
LK-6187170	Thalawattegedara	Thalawattegedara	GND	736	0	0	0	0	0	0	0	0
LK-6187175	Kolambalamulla	Kolambalamulla	GND	408	0	0	0	0	0	0	0	0
LK-6187180	Parabevila	Parabevila	GND	1438	0	0	0	0	0	0	0	0
LK-6187185	Koradoluwa	Koradoluwa	GND	742	0	0	0	0	0	0	0	0
LK-6187190	Walagammulla	Walagammulla	GND	686	18	0	0	0	0	0	0	0
LK-6187195	Kendahena	Kendahena	GND	319	0	0	0	0	0	0	0	0
LK-6187200	Polpitiya North	Polpitiya North	GND	383	0	0	0	0	0	0	0	0
LK-6187205	Poojapitiya	Poojapitiya	GND	326	0	0	0	0	0	0	0	0
LK-6187210	Polambe	Polambe	GND	305	0	0	0	0	0	0	0	0
LK-6187215	Hondella	Hondella	GND	1125	0	0	0	0	0	0	0	0
LK-6187220	Imbulgoda	Imbulgoda	GND	657	0	0	0	0	0	0	0	0
LK-6187225	Barahelagamuwa	Barahelagamuwa	GND	663	0	0	0	0	0	0	0	0
LK-6187230	Dewalepola	Dewalepola	GND	822	27	0	0	0	0	0	0	0
LK-6187235	Ihala Udapola	Ihala Udapola	GND	440	169	0	0	0	0	0	0	0
LK-6187240	Divulkumbura	Divulkumbura	GND	338	258	0	15	0	0	0	0	0
LK-6187245	Bandawa	Bandawa	GND	491	254	12	1695	0	0	0	0	0
LK-6187250	Hathalispahuwa	Hathalispahuwa	GND	465	0	0	0	0	0	0	0	0
LK-6187255	Rathmalgoda	Rathmalgoda	GND	995	0	0	0	0	0	0	0	0
LK-6187260	Kollura	Kollura	GND	553	0	0	0	0	0	0	0	0
LK-6187265	Wellewa	Wellewa	GND	1071	0	0	0	0	0	0	0	0
LK-6187270	Polpitiya South	Polpitiya South	GND	546	0	0	0	0	0	0	0	0
LK-6187275	Nahakotamada	Nahakotamada	GND	394	0	0	0	0	0	0	0	0
LK-6187280	Aragoda	Aragoda	GND	855	0	0	0	0	0	0	0	0
LK-6187285	Sunilagama	Sunilagama	GND	749	0	0	0	0	0	0	0	0
LK-6187290	Denagamuwa	Denagamuwa	GND	1534	0	0	0	0	0	0	0	0
LK-6187295	Madalagama	Madalagama	GND	268	13	0	765	0	0	0	0	0
LK-6187300	Godawela	Godawela	GND	209	26	0	571	0	0	0	0	0
LK-6187305	Kotambule	Kotambule	GND	643	10	0	0	0	0	0	0	0
LK-6187310	Mawatta	Mawatta	GND	764	0	0	0	0	0	0	0	0
LK-6187315	Weeragala	Weeragala	GND	445	0	0	0	0	0	0	0	0
LK-6187320	Yogamuwakanda	Yogamuwakanda	GND	380	0	0	0	0	0	0	0	0
LK-6187325	Epakanda	Epakanda	GND	1003	0	0	210	0	0	0	0	0
LK-6187330	Ganegoda North	Ganegoda North	GND	641	0	0	0	0	0	0	0	0
LK-6187335	Delgolla	Delgolla	GND	881	0	0	45	0	0	0	0	0
LK-6187340	Gorokgahapotta	Gorokgahapotta	GND	534	13	0	150	0	0	0	0	0
LK-6187345	Godigamuwa	Godigamuwa	GND	1025	0	0	0	0	0	0	0	0
LK-6187350	Udukedeniya	Udukedeniya	GND	918	0	0	0	0	0	0	0	0
LK-6187355	Panaliya North	Panaliya North	GND	868	20	0	0	0	0	0	0	0
LK-6187360	Tenpana	Tenpana	GND	1032	0	0	0	0	0	0	0	0
LK-6187365	Kuleepitiya North	Kuleepitiya North	GND	747	0	0	80	0	0	0	0	0
LK-6187370	Ganegoda South	Ganegoda South	GND	785	15	0	119	0	0	0	0	0
LK-6187375	Polgahawela North	Polgahawela North	GND	1125	0	0	78	0	0	0	0	0
LK-6187380	Meddalanda	Meddalanda	GND	1346	0	0	0	0	0	0	0	0
LK-6187385	Morugama	Morugama	GND	1097	0	0	0	0	0	0	0	0
LK-6187390	Galbadagama	Galbadagama	GND	680	0	0	0	0	0	0	0	0
LK-6187395	Weligodapitiya	Weligodapitiya	GND	1087	0	0	0	0	0	0	0	0
LK-6187400	Polgahawela South	Polgahawela South	GND	1117	211	0	442	0	0	0	0	0
LK-6187405	Kuleepitiya South	Kuleepitiya South	GND	894	0	0	251	0	0	0	0	0
LK-6187410	Serapees Watta	Serapees Watta	GND	984	52	15	0	0	0	0	0	0
LK-6187415	Panaliya South	Panaliya South	GND	617	212	0	0	0	0	0	0	0
LK-6187420	Oruliyadda	Oruliyadda	GND	1212	27	0	1316	0	34	0	0	0
LK-62	Puttalam	Puttalam	DISTRICT	591736	47797	661	174047	1479	434	0	0	0
LK-6203	Kalpitiya	Kalpitiya	DSD	30810	12601	135	52352	913	43	0	0	0
LK-6203005	Duechbay	Dutchbay	GND	433	288	0	234	433	0	0	0	0
LK-6203010	Palliyawatta	Palliyawatta	GND	499	0	0	0	0	0	0	0	0
LK-6203015	Anawasala	Anawasala	GND	1538	2195	0	146	0	0	0	0	0
LK-6203020	Sinnakudirippu	Sinnakudirippu	GND	228	267	0	698	50	0	0	0	0
LK-6203025	Wanni Mundalama	Wanni Mundalama	GND	350	375	0	2112	24	0	0	0	0
LK-6203030	Mandalakudawa	Mandalakudawa	GND	238	481	30	5990	174	43	0	0	0
LK-6203035	Periyakudirippu	Periyakudirippu	GND	23	18	0	949	46	0	0	0	0
LK-6203040	Pudukudirippuwa	Pudukudirippuwa	GND	134	179	0	2037	0	0	0	0	0
LK-6203045	Kandakuliya Kudawa	Kandakuliya Kudawa	GND	574	19	0	0	0	0	0	0	0
LK-6203050	Kurinjipitiya North	Kurinjipitiya North	GND	1940	102	0	623	0	0	0	0	0
LK-6203055	Kurinjipitiya South	Kurinjipitiya South	GND	1254	189	0	1063	0	0	0	0	0
LK-6203060	Kandakuliya	Kandakuliya	GND	2826	58	0	1879	134	0	0	0	0
LK-6203065	Palliwasalthure	Palliwasalthure	GND	325	130	22	3591	0	0	0	0	0
LK-6203070	Musalpitiya	Musalpitiya	GND	428	370	0	1810	0	0	0	0	0
LK-6203075	Mudalappaliya	Mudalappaliya	GND	230	67	12	4138	0	0	0	0	0
LK-6203080	Thalavila East	Thalavila East	GND	1840	0	0	65	0	0	0	0	0
LK-6203085	Thalavila West	Thalavila West	GND	1227	39	0	0	0	0	0	0	0
LK-6203090	Palakudawa	Palakudawa	GND	2332	193	0	76	0	0	0	0	0
LK-6203095	Thigali	Thigali	GND	115	0	0	2969	0	0	0	0	0
LK-6203100	Ettala	Ettala	GND	1058	353	0	2812	0	0	0	0	0
LK-6203105	Andankanniya	Andankanniya	GND	516	215	0	638	0	0	0	0	0
LK-6203110	Alankudawa	Alankudawa	GND	999	123	21	6232	0	0	0	0	0
LK-6203115	Norochchola	Norochchola	GND	578	467	14	6817	35	0	0	0	0
LK-6203120	Paniyadiya	Paniyadiya	GND	1981	805	0	147	0	0	0	0	0
LK-6203125	Narakkalliya	Narakkalliya	GND	573	1006	0	182	0	0	0	0	0
LK-6203130	Mampuriya	Mampuriya	GND	1925	1175	19	0	0	0	0	0	0
LK-6203135	Nawakkaduwa	Nawakkaduwa	GND	531	1528	0	0	0	0	0	0	0
LK-6203140	Nirmalapura	Nirmalapura	GND	2158	188	0	0	0	0	0	0	0
LK-6203145	Daluwa	Daluwa	GND	1061	165	0	0	0	0	0	0	0
LK-6203150	Thethapola	Thethapola	GND	1774	829	0	47	0	0	0	0	0
LK-6203155	Karamba	Karamba	GND	1122	777	17	7097	17	0	0	0	0
LK-6206	Vanathavilluwa	Vanathawilluwa	DSD	11137	1295	0	7227	244	0	0	0	0
LK-6206005	Pukkulama	Pukkulama	GND	14	63	0	0	0	0	0	0	0
LK-6206010	Ralmaduwa	Ralmaduwa	GND	653	118	0	367	0	0	0	0	0
LK-6206015	Parana Eluwankulama	Parana Eluwankulama	GND	31	64	0	80	0	0	0	0	0
LK-6206020	Aluth Eluwankulama	Aluth Eluwankulama	GND	487	153	0	495	0	0	0	0	0
LK-6206025	Serakkuliya	Serakkuliya	GND	660	142	0	615	244	0	0	0	0
LK-6206030	Karathivu North	Karathivu North	GND	28	0	0	2462	0	0	0	0	0
LK-6206035	Karathivu South	Karathivu South	GND	312	214	0	522	0	0	0	0	0
LK-6206040	Mangala Pura	Mangalapura	GND	1127	10	0	0	0	0	0	0	0
LK-6206045	Bandaranayakapura	Bandaranayakapura	GND	1017	20	0	0	0	0	0	0	0
LK-6206050	Vanathavilluwa North	Vanathawilluwa North	GND	978	0	0	0	0	0	0	0	0
LK-6206055	Vanathavilluwa South	Vanathawilluwa South	GND	1465	40	0	0	0	0	0	0	0
LK-6206060	Wijayapura West	Wijayapura West	GND	869	35	0	0	0	0	0	0	0
LK-6206065	Wijayapura East	Wijayapura East	GND	813	0	0	0	0	0	0	0	0
LK-6206070	Karadipuwal	Karadipuwal	GND	367	160	0	0	0	0	0	0	0
LK-6206075	Samagipura	Samagipura	GND	1007	87	0	0	0	0	0	0	0
LK-6206080	Vattakandal	Vattakandal	GND	257	189	0	2686	0	0	0	0	0
LK-6206085	Mailankulama	Mailankulama	GND	1052	0	0	0	0	0	0	0	0
LK-6209	Karuwalagaswewa	Karuwalagaswewa	DSD	25977	89	0	0	48	0	0	0	0
LK-6209005	Pahala Puliyankulama	Pahala Puliyankulama	GND	1028	0	0	0	0	0	0	0	0
LK-6209010	Moonamalgaswewa	Moonamalgaswewa	GND	1055	0	0	0	0	0	0	0	0
LK-6209015	Saliyawewa	Saliyawewa	GND	2197	0	0	0	0	0	0	0	0
LK-6209020	Ranawarapitiya	Ranawarapitiya	GND	668	0	0	0	0	0	0	0	0
LK-6209025	Saliyawewa C	Saliyawewa - C	GND	874	0	0	0	0	0	0	0	0
LK-6209030	Saliyawewa B	Saliyawewa - B	GND	607	0	0	0	0	0	0	0	0
LK-6209035	Palugassegama	Palugassegama	GND	1384	0	0	0	0	0	0	0	0
LK-6209040	Ihala Puliyankulama	Ihala Puliyankulama	GND	720	0	0	0	0	0	0	0	0
LK-6209045	Thambapanniya	Thambapanniya	GND	766	31	0	0	0	0	0	0	0
LK-6209050	Medagama	Medagama	GND	827	0	0	0	0	0	0	0	0
LK-6209055	Aluthgama	Aluthgama	GND	1685	0	0	0	0	0	0	0	0
LK-6209060	Weerapura	Weerapura	GND	1736	0	0	0	0	0	0	0	0
LK-6209065	Dangaswewa	Dangaswewa	GND	792	0	0	0	0	0	0	0	0
LK-6209070	Ipalogama	Ipalogama	GND	821	0	0	0	0	0	0	0	0
LK-6209075	Kumbukwewa	Kumbukwewa	GND	848	0	0	0	0	0	0	0	0
LK-6209080	Rambawewa	Rambawewa	GND	781	0	0	0	0	0	0	0	0
LK-6209085	Pahariya	Pahariya	GND	706	0	0	0	0	0	0	0	0
LK-6209090	Murukkuwatawana	Murukkuwatawana	GND	792	0	0	0	0	0	0	0	0
LK-6209095	Thabbowa South	Thabbowa South	GND	1611	35	0	0	48	0	0	0	0
LK-6209100	Thabbowa North	Thabbowa North	GND	492	0	0	0	0	0	0	0	0
LK-6209105	Thewanuwara	Thewanuwara	GND	1011	13	0	0	0	0	0	0	0
LK-6209110	Pawattamaduwa	Pawattamaduwa	GND	759	0	0	0	0	0	0	0	0
LK-6209115	Karuwalagaswewa	Karuwalagaswewa	GND	1346	10	0	0	0	0	0	0	0
LK-6209120	Kuda Medawachchiya	Kuda Medawachchiya	GND	450	0	0	0	0	0	0	0	0
LK-6209125	Paleegama	Paleegama	GND	1129	0	0	0	0	0	0	0	0
LK-6209130	Egodapitiya	Egodapitiya	GND	892	0	0	0	0	0	0	0	0
LK-6212	Nawagattegama	Nawagattegama	DSD	17504	18	0	0	0	0	0	0	0
LK-6212005	Mahameddewa	Mahameddewa	GND	1322	18	0	0	0	0	0	0	0
LK-6212010	Moragahawewa	Moragahawewa	GND	649	0	0	0	0	0	0	0	0
LK-6212015	Maha Andarawewa	Maha Andarawewa	GND	756	0	0	0	0	0	0	0	0
LK-6212020	Kirimetiyawa	Kirimetiyawa	GND	1540	0	0	0	0	0	0	0	0
LK-6212025	Miyellewa	Miyellewa	GND	1263	0	0	0	0	0	0	0	0
LK-6212030	Thammennawetiya	Thammennawetiya	GND	851	0	0	0	0	0	0	0	0
LK-6212035	Samurdhigama	Samurdhigama	GND	675	0	0	0	0	0	0	0	0
LK-6212040	Amunuwewa	Amunuwewa	GND	417	0	0	0	0	0	0	0	0
LK-6212045	Kuruluwewa	Kuruluwewa	GND	806	0	0	0	0	0	0	0	0
LK-6212050	Tharanagahawewa	Tharanagahawewa	GND	670	0	0	0	0	0	0	0	0
LK-6212055	Kelewewa	Kelewewa	GND	689	0	0	0	0	0	0	0	0
LK-6212060	Welewewa North	Welewewa North	GND	897	0	0	0	0	0	0	0	0
LK-6212065	Mullegama	Mullegama	GND	1083	0	0	0	0	0	0	0	0
LK-6212070	Welewewa South	Welewewa South	GND	988	0	0	0	0	0	0	0	0
LK-6212075	Gedarawewa	Gedarawewa	GND	468	0	0	0	0	0	0	0	0
LK-6212080	Rambakanayagama	Rambakanayagama	GND	1169	0	0	0	0	0	0	0	0
LK-6212085	Inginimitiya East	Inginimitiya East	GND	1060	0	0	0	0	0	0	0	0
LK-6212090	Inginimitiya West	Inginimitiya West	GND	1188	0	0	0	0	0	0	0	0
LK-6212095	Konkadawala	Konkadawala	GND	1013	0	0	0	0	0	0	0	0
LK-6215	Puttalam	Puttalam	DSD	24695	7075	124	62018	108	329	0	0	0
LK-6215005	Manalthivu	Manalthivu	GND	503	1865	0	5968	0	24	0	0	0
LK-6215010	Sirambiadiya	Sirambiadiya	GND	2296	64	0	31	13	0	0	0	0
LK-6215015	Sella Kandal	Sella Kandal	GND	914	26	0	0	0	0	0	0	0
LK-6215020	Nelumwewa	Nelumwewa	GND	1333	0	0	0	0	0	0	0	0
LK-6215025	Marikkar Street	Marikkar Street	GND	219	88	0	3346	14	0	0	0	0
LK-6215030	Mullipuram	Mullipuram	GND	29	75	0	4834	0	0	0	0	0
LK-6215035	Pudukudirippuwa	Pudukudirippuwa	GND	17	147	0	6679	0	0	0	0	0
LK-6215040	Puttalam East	Puttalam East	GND	336	847	37	15550	54	235	0	0	0
LK-6215045	Senakudirippuwa	Senakudirippuwa	GND	3670	687	0	1109	10	22	0	0	0
LK-6215050	Thiladiya	Thiladiya	GND	2506	1587	28	7223	17	48	0	0	0
LK-6215055	Puttalam South	Puttalam South	GND	2242	501	0	236	0	0	0	0	0
LK-6215060	Parana Jumma Palli	Parana Jumma Palli	GND	0	103	0	1330	0	0	0	0	0
LK-6215065	Puttalam North	Puttalam North	GND	0	56	0	1765	0	0	0	0	0
LK-6215070	Periyapalli Kudiyiruppuwa	Periyapalli Kudiyiruppuwa	GND	0	35	0	468	0	0	0	0	0
LK-6215075	Rathmalyaya	Rathmalyaya	GND	973	571	30	6331	0	0	0	0	0
LK-6215080	Thammennagama	Thammannagama	GND	1055	19	0	0	0	0	0	0	0
LK-6215085	Kaladiya	Kaladiya	GND	1627	22	0	0	0	0	0	0	0
LK-6215090	Bodhirajapura	Bodhirajapura	GND	927	0	0	0	0	0	0	0	0
LK-6215095	Attavilluwa	Attavilluwa	GND	1098	0	0	0	0	0	0	0	0
LK-6215100	Palaviya	Palaviya	GND	1758	293	14	1852	0	0	0	0	0
LK-6215105	Pottuvilluwa	Pottuvilluwa	GND	1122	62	15	5296	0	0	0	0	0
LK-6215110	Attavilluwa Central	Attavilluwa Central	GND	2070	27	0	0	0	0	0	0	0
LK-6218	Mundel	Mundel	DSD	30110	12025	82	30105	93	0	0	0	0
LK-6218005	Puludiviyal	Puludiviyal	GND	169	0	14	3204	0	0	0	0	0
LK-6218010	Viruthodai	Viruthodai	GND	15	33	16	4229	0	0	0	0	0
LK-6218015	Weerapura	Weerapura	GND	2544	133	0	1834	14	0	0	0	0
LK-6218020	Welusumanapura	Welusumanapura	GND	2607	30	0	0	0	0	0	0	0
LK-6218025	Madurankuliya	Madurankuliya	GND	2779	165	0	886	0	0	0	0	0
LK-6218030	Kanamulla North	Kanamulla North	GND	24	0	0	2564	0	0	0	0	0
LK-6218035	Kadayamotte	Kadayamotte	GND	91	15	0	2493	0	0	0	0	0
LK-6218040	Nallandaluwa	Nallandaluwa	GND	80	0	0	1979	0	0	0	0	0
LK-6218045	Palasola	Palasola	GND	2169	32	0	276	0	0	0	0	0
LK-6218050	Mukkuthoduwawa	Mukkuthoduwawa	GND	3363	51	14	12	0	0	0	0	0
LK-6218055	Kandathoduwawa	Kandathoduwawa	GND	1510	0	0	0	0	0	0	0	0
LK-6218060	Kanamulla South	Kanamulla South	GND	55	0	0	1954	0	0	0	0	0
LK-6218065	Pubudugama	Pubudugama	GND	1026	74	0	189	0	0	0	0	0
LK-6218070	Sameeragama	Sameeragama	GND	155	46	0	1386	0	0	0	0	0
LK-6218075	Palliwasalpaduwa	Palliwasalpaduwa	GND	2250	28	0	0	0	0	0	0	0
LK-6218080	Perukkuvattan	Perukkuwattan	GND	535	16	10	1431	0	0	0	0	0
LK-6218085	Kottanthievu	Kottanthievu	GND	599	334	0	1567	0	0	0	0	0
LK-6218090	Mangalaeliya	Mangalaeliya	GND	1363	16	0	11	0	0	0	0	0
LK-6218095	Nawadankulama	Nawadankulama	GND	800	0	0	0	0	0	0	0	0
LK-6218100	Mundalama	Mundalama	GND	684	202	0	0	0	0	0	0	0
LK-6218105	Kudirippuwa	Kudirippuwa	GND	657	402	0	0	0	0	0	0	0
LK-6218110	Kattakaduwa	Kattakaduwa	GND	597	1637	0	174	0	0	0	0	0
LK-6218115	Sinnapaduwa	Sinnapaduwa	GND	1674	30	0	0	0	0	0	0	0
LK-6218120	Poonapitiya	Poonapitiya	GND	148	1516	0	17	0	0	0	0	0
LK-6218125	Andimunai	Andimunai	GND	21	2479	0	0	0	0	0	0	0
LK-6218130	Udappuwa	Udappuwa	GND	0	924	0	0	0	0	0	0	0
LK-6218135	Udappuwa	Udappuwa	GND	38	2779	11	178	0	0	0	0	0
LK-6218140	Pulichchakulama	Pulichchakulama	GND	949	522	17	4007	11	0	0	0	0
LK-6218145	Karathanvilluwa	Karathanvilluwa	GND	1270	371	0	11	0	0	0	0	0
LK-6218150	Tharakudivilluwa	Tharakudivilluwa	GND	992	173	0	1703	68	0	0	0	0
LK-6218155	Angunavila	Angunavila	GND	946	17	0	0	0	0	0	0	0
LK-6221	Mahakumbukkadawala	Mahakumbukkadawala	DSD	21120	646	0	0	0	0	0	0	0
LK-6221005	Kivula No. 4-2	Kivula No. 4-2	GND	956	0	0	0	0	0	0	0	0
LK-6221010	Dangahawala	Dangahawala	GND	831	0	0	0	0	0	0	0	0
LK-6221015	Kivula No. 4-1	Kivula No. 4-1	GND	1186	0	0	0	0	0	0	0	0
LK-6221020	Kivula Youth Project	Kivula Youth Project	GND	1518	10	0	0	0	0	0	0	0
LK-6221025	Kivula No. 1	Kivula No. 1	GND	1034	16	0	0	0	0	0	0	0
LK-6221030	Kivulagoda Govi Janapadaya	Kivulagoda Govi Janapadaya	GND	593	0	0	0	0	0	0	0	0
LK-6221035	Rathmalgaswewa	Rathmalgaswewa	GND	678	0	0	0	0	0	0	0	0
LK-6221040	Dangaswewa	Dangaswewa	GND	781	0	0	0	0	0	0	0	0
LK-6221045	Kawayankulama	Kawayankulama	GND	676	0	0	0	0	0	0	0	0
LK-6221050	Jayarajapura	Jayarajapura	GND	511	0	0	0	0	0	0	0	0
LK-6221055	Karuwalabedda	Karuwalabedda	GND	760	0	0	0	0	0	0	0	0
LK-6221060	Maha Kumbukkadawala	Maha Kumbukkadawala	GND	754	0	0	0	0	0	0	0	0
LK-6221065	Sembukuliya	Sembukuliya	GND	459	0	0	0	0	0	0	0	0
LK-6221070	Walpaluwa	Walpaluwa	GND	1132	0	0	0	0	0	0	0	0
LK-6221075	Kakupandiyawa	Kakupandiyawa	GND	844	0	0	0	0	0	0	0	0
LK-6221080	Punavitiya	Punavitiya	GND	670	0	0	0	0	0	0	0	0
LK-6221085	Garayakgama	Garayakgama	GND	1002	0	0	0	0	0	0	0	0
LK-6221090	Daluwegama	Daluwegama	GND	632	0	0	0	0	0	0	0	0
LK-6221095	Mohoriya	Mohoriya	GND	1038	0	0	0	0	0	0	0	0
LK-6221100	Baranankattuwa	Baranankattuwa	GND	988	12	0	0	0	0	0	0	0
LK-6221105	Karungalichole	Karungalichole	GND	313	436	0	0	0	0	0	0	0
LK-6221110	Mahasembukuliya	Mahasembukuliya	GND	775	172	0	0	0	0	0	0	0
LK-6221115	Galkuliya West	Galkuliya West	GND	685	0	0	0	0	0	0	0	0
LK-6221120	Galkuliya East	Galkuliya East	GND	955	0	0	0	0	0	0	0	0
LK-6221125	Andigama	Adigama	GND	1349	0	0	0	0	0	0	0	0
LK-6224	Anamaduwa	Anamaduwa	DSD	42440	187	0	792	0	0	0	0	0
LK-6224005	Kottukachchiya Colony 2	Kottukachchiya Colony 2	GND	1543	0	0	0	0	0	0	0	0
LK-6224010	Kottukachchiya Colony 1	Kottukachchiya Colony 1	GND	892	0	0	0	0	0	0	0	0
LK-6224015	Mellankulama	Mellankulama	GND	1071	0	0	0	0	0	0	0	0
LK-6224020	Kottukachchiya	Kottukachchiya	GND	1536	0	0	0	0	0	0	0	0
LK-6224025	Paliyagama	Paliyagama	GND	1099	0	0	0	0	0	0	0	0
LK-6224030	Uriyawa	Uriyawa	GND	1383	0	0	0	0	0	0	0	0
LK-6224035	Koilandigama	Koiladigama	GND	1307	0	0	0	0	0	0	0	0
LK-6224040	07 Gammanaya	07 Gammanaya	GND	793	0	0	0	0	0	0	0	0
LK-6224045	Maha Uswewa South	Maha Uswewa South	GND	1108	0	0	0	0	0	0	0	0
LK-6224050	Maha Uswewa North	Maha Uswewa North	GND	1259	0	0	0	0	0	0	0	0
LK-6224055	Alankulama	Alankulama	GND	1624	0	0	0	0	0	0	0	0
LK-6224060	Merungoda	Merungoda	GND	1430	0	0	0	0	0	0	0	0
LK-6224065	Labugala	Labugala	GND	920	0	0	0	0	0	0	0	0
LK-6224070	Karambewa	Karambewa	GND	471	0	0	0	0	0	0	0	0
LK-6224075	Thalgaswewa	Thalgaswewa	GND	641	0	0	0	0	0	0	0	0
LK-6224080	Periyakulama	Periyakulama	GND	1310	0	0	0	0	0	0	0	0
LK-6224085	Paramakandagama	Paramakandagama	GND	1049	95	0	0	0	0	0	0	0
LK-6224090	Thonigala	Thonigala	GND	1512	18	0	0	0	0	0	0	0
LK-6224095	Wadatta	Wadatta	GND	1215	0	0	0	0	0	0	0	0
LK-6224100	Viharagama	Viharagama	GND	754	0	0	0	0	0	0	0	0
LK-6224105	Siyambalagashena	Siyabalagashena	GND	1419	0	0	0	0	0	0	0	0
LK-6224110	Thattewa	Thattewa	GND	1364	0	0	0	0	0	0	0	0
LK-6224115	Thammennagama	Thanmmennagama	GND	2080	26	0	0	0	0	0	0	0
LK-6224120	Bammannegama	Bammannegama	GND	1269	0	0	0	0	0	0	0	0
LK-6224125	Kothalakemiyawa	Kothalakemiyawa	GND	908	0	0	0	0	0	0	0	0
LK-6224130	Gallewa	Gallewa	GND	549	0	0	0	0	0	0	0	0
LK-6224135	Thalakolawewa	Thalakolawewa	GND	1592	0	0	0	0	0	0	0	0
LK-6224140	Anamaduwa	Anamaduwa	GND	1438	13	0	0	0	0	0	0	0
LK-6224145	Peramakuttuwa	Peramakuttuwa	GND	1517	24	0	0	0	0	0	0	0
LK-6224150	Divulwewa	Divulwewa	GND	1184	0	0	0	0	0	0	0	0
LK-6224155	Wadigamangawa	Wadigamangawa	GND	1257	11	0	0	0	0	0	0	0
LK-6224160	Dharmapalaya	Dharmapalaya	GND	1317	0	0	0	0	0	0	0	0
LK-6224165	Uppalawatta	Uppalawatta	GND	1170	0	0	0	0	0	0	0	0
LK-6224170	Sangattikulama	Sangattikulama	GND	820	0	0	714	0	0	0	0	0
LK-6224175	Mudalakkuliya	Mudalakkuliya	GND	1639	0	0	78	0	0	0	0	0
LK-6227	Pallama	Pallama	DSD	22387	333	0	5160	0	0	0	0	0
LK-6227005	Dewala Handiya	Dewala Handiya	GND	1927	0	0	0	0	0	0	0	0
LK-6227010	Wilpatha East	Wilpatha East	GND	1631	11	0	0	0	0	0	0	0
LK-6227015	Siyambalagaswewa	Siyabalagaswewa	GND	883	22	0	0	0	0	0	0	0
LK-6227020	Nagavila	Nagavila	GND	1158	0	0	0	0	0	0	0	0
LK-6227025	Periyamaduwa	Periyamaduwa	GND	1231	17	0	0	0	0	0	0	0
LK-6227030	Kammanadaluwa	Kammandaluwa	GND	994	24	0	875	0	0	0	0	0
LK-6227035	Wilpatha West	Wilpatha West	GND	1660	0	0	0	0	0	0	0	0
LK-6227040	Thamarakkulama	Thamarakkulama	GND	1516	0	0	0	0	0	0	0	0
LK-6227045	Serukele	Serukele	GND	860	0	0	0	0	0	0	0	0
LK-6227050	Katupotha	Katupotha	GND	1493	0	0	0	0	0	0	0	0
LK-6227055	Madawakkulama	Madawakkulama	GND	103	80	0	1976	0	0	0	0	0
LK-6227060	Wetiya	Wetiya	GND	108	113	0	2309	0	0	0	0	0
LK-6227065	Nandimithrapura	Nandimithtrapura	GND	2697	45	0	0	0	0	0	0	0
LK-6227070	Wendakaduwa	Wendakaduwa	GND	938	0	0	0	0	0	0	0	0
LK-6227075	Pallama	Pallama	GND	1967	0	0	0	0	0	0	0	0
LK-6227080	Wathupola	Wathupola	GND	1115	0	0	0	0	0	0	0	0
LK-6227085	Puliyankulama	Puliyankulama	GND	858	0	0	0	0	0	0	0	0
LK-6227090	Thammana	Thammana	GND	1248	21	0	0	0	0	0	0	0
LK-6230	Arachchikattuwa	Arachchikattuwa	DSD	40553	1969	0	133	0	0	0	0	0
LK-6230005	Battaluoya	Battuluoya	GND	1238	13	0	119	0	0	0	0	0
LK-6230010	Mahamaeliya	Mahamaeliya	GND	908	50	0	0	0	0	0	0	0
LK-6230015	Buruthakele	Buruthakele	GND	1548	32	0	0	0	0	0	0	0
LK-6230020	Wijayakatupatha Elen Megoda	Wijayakatupatha Elen Megoda	GND	2222	34	0	0	0	0	0	0	0
LK-6230025	Pahala Attanganaya	Pahala Attanganaya	GND	623	0	0	0	0	0	0	0	0
LK-6230030	Wijayakatupatha Elen Egoda	Wijayakatupatha Elen Egoda	GND	562	17	0	0	0	0	0	0	0
LK-6230035	Anavilundawa	Anavilundawa	GND	882	12	0	0	0	0	0	0	0
LK-6230040	Suruvila	Suruvila	GND	834	0	0	0	0	0	0	0	0
LK-6230045	Ilakkattuwa	Ilakkattuwa	GND	1968	10	0	0	0	0	0	0	0
LK-6230050	Pankulawa	Pankulawa	GND	796	23	0	0	0	0	0	0	0
LK-6230055	Ihala Attanganaya	Ihala Attanganaya	GND	785	0	0	0	0	0	0	0	0
LK-6230060	Ambakele	Ambakele	GND	752	0	0	0	0	0	0	0	0
LK-6230065	Welipelessa	Welipelessa	GND	1100	0	0	0	0	0	0	0	0
LK-6230070	Nalladarankattuwa	Nalladarankattuwa	GND	710	0	0	0	0	0	0	0	0
LK-6230075	Karukupane	Karukupane	GND	2728	158	0	0	0	0	0	0	0
LK-6230080	Wairankattuwa	Wairankattuwa	GND	965	43	0	0	0	0	0	0	0
LK-6230085	Sengaloya	Sengaloya	GND	1255	11	0	0	0	0	0	0	0
LK-6230090	Arachchikattuwa West	Arachchikattuwa West	GND	1416	25	0	0	0	0	0	0	0
LK-6230095	Arachchikattuwa East	Arachchikattuwa East	GND	958	13	0	0	0	0	0	0	0
LK-6230100	Bandarahena	Bandarahena	GND	1737	70	0	0	0	0	0	0	0
LK-6230105	Adippala	Adippala	GND	757	0	0	0	0	0	0	0	0
LK-6230110	Andanan Kattuwa	Andanan Kattuwa	GND	698	0	0	0	0	0	0	0	0
LK-6230115	Kumarakattuwa	Kumarakattuwa	GND	1383	41	0	0	0	0	0	0	0
LK-6230120	Elivitiya	Elivitiya	GND	1606	19	0	0	0	0	0	0	0
LK-6230125	Diganwewa	Diganwewa	GND	934	167	0	0	0	0	0	0	0
LK-6230130	Rajakadaluwa	Rajakadaluwa	GND	1961	186	0	0	0	0	0	0	0
LK-6230135	Kusala	Kusala	GND	310	572	0	0	0	0	0	0	0
LK-6230140	Kottapitiya	Kottapitiya	GND	1232	177	0	0	0	0	0	0	0
LK-6230145	Bangadeniya	Bangadeniya	GND	1004	103	0	14	0	0	0	0	0
LK-6230150	Weerakumandaluwa	Weerakumandaluwa	GND	2573	154	0	0	0	0	0	0	0
LK-6230155	Karukkuliya	Karukkuliya	GND	1124	12	0	0	0	0	0	0	0
LK-6230160	Mukkandaluwa	Mukkandaluwa	GND	1860	14	0	0	0	0	0	0	0
LK-6230165	Dematapitiya	Dematapitiya	GND	1124	13	0	0	0	0	0	0	0
LK-6233	Chilaw	Chilaw	DSD	53245	4840	35	5200	16	52	0	0	0
LK-6233005	Kurusapaduwa	Kurusapaduwa	GND	1142	0	0	0	0	0	0	0	0
LK-6233010	Deduruoya	Deduruoya	GND	1429	145	0	1625	0	0	0	0	0
LK-6233015	Manuwangama West	Manuwangama West	GND	780	35	0	0	0	0	0	0	0
LK-6233020	Manuwangama East	Manuwangama East	GND	489	0	0	0	0	0	0	0	0
LK-6233025	Nariyagama North	Nariyagama North	GND	708	0	0	0	0	0	0	0	0
LK-6233030	Parappanmulla	Parappanmulla	GND	799	14	0	0	0	0	0	0	0
LK-6233035	Weerapandiyana	Weerapandiyana	GND	807	0	0	0	0	0	0	0	0
LK-6233040	Maha Vilattawa	Maha Vilattawa	GND	830	0	0	0	0	0	0	0	0
LK-6233045	Kanattawa	Kanattawa	GND	606	0	0	0	0	0	0	0	0
LK-6233050	Nariyagama South	Nariyagama South	GND	573	19	0	0	0	0	0	0	0
LK-6233055	Urudayandaluwa	Urudayandaluwa	GND	412	10	0	0	0	0	0	0	0
LK-6233060	Thissogama	Thissogama	GND	855	208	0	0	0	0	0	0	0
LK-6233065	Thimbilla	Thimbilla	GND	1214	728	10	492	0	0	0	0	0
LK-6233070	Wattakkaliya	Wattakkaliya	GND	2665	442	0	308	0	0	0	0	0
LK-6233075	Weralabada South	Weralabada South	GND	2215	24	0	0	0	0	0	0	0
LK-6233080	Weralabada North	Weralabada North	GND	1068	0	0	0	0	0	0	0	0
LK-6233085	Egodawatta	Egodawatta	GND	944	0	0	0	0	0	0	0	0
LK-6233090	Aluthwatta	Aluthwatta	GND	1172	121	0	43	0	0	0	0	0
LK-6233095	Aluthwatta	Aluthwatta	GND	655	62	0	283	0	0	0	0	0
LK-6233100	Ichchampitiya	Ichchampitiya	GND	1695	520	15	841	0	52	0	0	0
LK-6233105	Munneshwarama	Munneshwarama	GND	523	763	0	23	0	0	0	0	0
LK-6233110	Thittakade	Thittakade	GND	1853	140	0	0	0	0	0	0	0
LK-6233115	Mugunuwatawana	Mugunuwatawana	GND	1440	28	0	0	0	0	0	0	0
LK-6233120	Kokkavila	Kokkavila	GND	1731	53	0	0	0	0	0	0	0
LK-6233125	Puliyankadawara	Pulliyankadawara	GND	908	15	0	0	0	0	0	0	0
LK-6233130	Punchi Vilattawa	Punchi Vilattawa	GND	865	0	0	0	0	0	0	0	0
LK-6233135	Karavitagara West	Karawitagara West	GND	1064	0	0	0	0	0	0	0	0
LK-6233140	Karavitagara East	Karavitagara East	GND	1184	12	0	0	0	0	0	0	0
LK-6233145	Dambakele	Dambakele	GND	665	0	0	0	0	0	0	0	0
LK-6233150	Weerakelewatta	Weerakelewatta	GND	1140	0	0	0	0	0	0	0	0
LK-6233155	Karavita	Karavita	GND	573	0	0	0	0	0	0	0	0
LK-6233160	Mungandaluwa East	Mungandaluwa East	GND	699	12	0	0	0	0	0	0	0
LK-6233165	Mungandaluwa West	Mungandaluwa West	GND	754	32	0	0	0	0	0	0	0
LK-6233170	Ilippadeniya	Ilippadeniya	GND	1177	140	0	0	0	0	0	0	0
LK-6233175	Sawarana	Sawarana	GND	1223	37	0	1020	0	0	0	0	0
LK-6233180	Maikkulama	Maikkulama	GND	3180	358	0	396	16	0	0	0	0
LK-6233185	Pitipana East	Pitipana East	GND	890	76	0	20	0	0	0	0	0
LK-6233190	Melpura	Melpura	GND	1119	88	0	11	0	0	0	0	0
LK-6233195	Pitipana North	Pitipana North	GND	885	120	0	26	0	0	0	0	0
LK-6233200	Pitipana South	Pitipana South	GND	851	159	10	83	0	0	0	0	0
LK-6233205	Weralabada	Weralabada	GND	2485	50	0	0	0	0	0	0	0
LK-6233210	Welihena	Welihena	GND	1416	16	0	0	0	0	0	0	0
LK-6233215	Merawala	Merawala	GND	856	0	0	0	0	0	0	0	0
LK-6233220	Inigodawela	Inigodawela	GND	743	30	0	29	0	0	0	0	0
LK-6233225	Ihala Olidaluwa	Ihala Olidaluwa	GND	392	79	0	0	0	0	0	0	0
LK-6233230	Maradankulama	Maradankulama	GND	487	184	0	0	0	0	0	0	0
LK-6233235	Olidaluwa	Olidaluwa	GND	733	66	0	0	0	0	0	0	0
LK-6233240	Ambakandavila	Ambakandavila	GND	1512	21	0	0	0	0	0	0	0
LK-6233245	Kakkapalliya	Kakkapalliya	GND	839	33	0	0	0	0	0	0	0
LK-6236	Madampe	Madampe	DSD	44683	1168	136	2825	0	0	0	0	0
LK-6236005	Athuwana	Athuwana	GND	1042	11	0	0	0	0	0	0	0
LK-6236010	Mahagama North	Mahagama North	GND	1101	25	0	0	0	0	0	0	0
LK-6236015	Mahagama South	Mahagama South	GND	915	0	0	0	0	0	0	0	0
LK-6236020	Kongasyaya	Kongasyaya	GND	577	0	0	0	0	0	0	0	0
LK-6236025	Ponnankanniya	Ponnankanniya	GND	509	24	0	0	0	0	0	0	0
LK-6236030	Manakkulama	Manakkulama	GND	1674	53	0	0	0	0	0	0	0
LK-6236035	Dematapitiya	Dematapitiya	GND	664	18	0	0	0	0	0	0	0
LK-6236040	Thambagalla West	Thambagalla West	GND	646	0	0	0	0	0	0	0	0
LK-6236045	Thambagalla	Thambagalla	GND	514	0	0	0	0	0	0	0	0
LK-6236050	Thambagalla Watta	Thambagalla Watta	GND	995	14	0	0	0	0	0	0	0
LK-6236055	Medagama	Medagama	GND	888	16	0	0	0	0	0	0	0
LK-6236060	Panirendawa	Panirendawa	GND	548	0	0	0	0	0	0	0	0
LK-6236065	Rathmal Agara	Rathmal Agara	GND	612	0	0	0	0	0	0	0	0
LK-6236070	Rathnagiriya	Rathnagiriya	GND	548	0	0	0	0	0	0	0	0
LK-6236075	Nankadawara	Nankadawara	GND	825	0	0	0	0	0	0	0	0
LK-6236080	Kuda Bingiriya	Kuda Bingiriya	GND	1103	26	0	0	0	0	0	0	0
LK-6236085	Indigasvila	Indigasvila	GND	454	0	0	0	0	0	0	0	0
LK-6236090	Walahena	Walahena	GND	1049	55	0	0	0	0	0	0	0
LK-6236095	Pambala	Pambala	GND	655	12	0	0	0	0	0	0	0
LK-6236100	Pambala South	Pambala South	GND	896	18	0	0	0	0	0	0	0
LK-6236105	Hareendragama	Hareendragama	GND	529	14	0	0	0	0	0	0	0
LK-6236110	Sembukattiya	Sembukattiya	GND	1335	28	0	0	0	0	0	0	0
LK-6236115	Uraliya	Uraliya	GND	952	28	0	0	0	0	0	0	0
LK-6236120	Heen Agara	Heen Agara	GND	1350	74	0	0	0	0	0	0	0
LK-6236125	Kachchakaduwa	Kachchakaduwa	GND	571	0	0	0	0	0	0	0	0
LK-6236130	Galmuruwa North	Galmuruwa North	GND	570	18	0	0	0	0	0	0	0
LK-6236135	Kudirippuwa	Kudirippuwa	GND	1139	0	0	0	0	0	0	0	0
LK-6236140	Karukkuwatawana	Karukkuwatawana	GND	804	68	0	0	0	0	0	0	0
LK-6236145	Erunvila	Erunvila	GND	1094	75	0	0	0	0	0	0	0
LK-6236150	Karukkuwa	Karukkuwa	GND	1141	58	0	0	0	0	0	0	0
LK-6236155	Galahitiyawa	Galahitiyawa	GND	1413	59	11	0	0	0	0	0	0
LK-6236160	Maraggalagama	Maraggalagama	GND	221	20	0	2050	0	0	0	0	0
LK-6236165	Irattakulama North	Irattakulama North	GND	832	28	0	0	0	0	0	0	0
LK-6236170	Irattakulama South	Irattakulama South	GND	633	29	0	0	0	0	0	0	0
LK-6236175	Egodayagama	Egodayagama	GND	393	13	0	0	0	0	0	0	0
LK-6236180	Pattiyagama	Pattiyagama	GND	681	0	0	0	0	0	0	0	0
LK-6236185	Ihalagama	Ihalagama	GND	879	65	0	0	0	0	0	0	0
LK-6236190	Uraliyagara	Uraliyagara	GND	2900	191	115	0	0	0	0	0	0
LK-6236195	Mellawagara	Mellawagara	GND	1891	46	0	0	0	0	0	0	0
LK-6236200	Suduwella	Suduwella	GND	1178	15	0	0	0	0	0	0	0
LK-6236205	Pothuvila	Pothuvila	GND	1462	0	0	0	0	0	0	0	0
LK-6236210	Pallakele	Pallakele	GND	1071	17	0	0	0	0	0	0	0
LK-6236215	Galmuruwa South	Galmuruwa South	GND	1280	14	10	0	0	0	0	0	0
LK-6236220	Henapola	Henapola	GND	877	17	0	0	0	0	0	0	0
LK-6236225	Mugunuwatawana	Mugunuwatawana	GND	944	19	0	0	0	0	0	0	0
LK-6236230	Pookulama	Pookulama	GND	403	0	0	0	0	0	0	0	0
LK-6236235	Nelumpokuna	Nelumpokuna	GND	655	0	0	0	0	0	0	0	0
LK-6236240	Mahabaddegama	Mahabaddegama	GND	638	0	0	737	0	0	0	0	0
LK-6236245	Thaniwellagama	Thaniwellegama	GND	632	0	0	38	0	0	0	0	0
LK-6239	Mahawewa	Mahawewa	DSD	47874	762	0	0	0	0	0	0	0
LK-6239005	Iranavila West	Iranavila West	GND	4007	30	0	0	0	0	0	0	0
LK-6239010	Iranavila East	Iranavila East	GND	1057	11	0	0	0	0	0	0	0
LK-6239015	Thoduwawa North	Thoduwawa North	GND	2887	0	0	0	0	0	0	0	0
LK-6239020	Meda Thoduwawa	Meda Thoduwawa	GND	1767	0	0	0	0	0	0	0	0
LK-6239025	Thoduwawa South	Thoduwawa South	GND	1347	0	0	0	0	0	0	0	0
LK-6239030	Mattakotuwa	Mattakotuwa	GND	844	20	0	0	0	0	0	0	0
LK-6239035	Pahala Mahawewa	Pahala Mahawewa	GND	502	0	0	0	0	0	0	0	0
LK-6239040	Adapparagama	Adapparagama	GND	550	0	0	0	0	0	0	0	0
LK-6239045	Ihala Kudawewa	Ihala Kudawewa	GND	751	0	0	0	0	0	0	0	0
LK-6239050	Puruduwella	Puruduwella	GND	470	16	0	0	0	0	0	0	0
LK-6239055	Galamuna	Galamuna	GND	898	45	0	0	0	0	0	0	0
LK-6239060	Medagoda	Medagoda	GND	671	0	0	0	0	0	0	0	0
LK-6239065	Hewana	Hewana	GND	701	0	0	0	0	0	0	0	0
LK-6239070	Yatakalana	Yatakalana	GND	769	19	0	0	0	0	0	0	0
LK-6239075	Muttibendivila	Muttibendivila	GND	542	21	0	0	0	0	0	0	0
LK-6239080	Ihala Walahapitiya	Ihala Walahapitiya	GND	889	32	0	0	0	0	0	0	0
LK-6239085	Meda Walahapitiya	Meda Walahapitiya	GND	1002	36	0	0	0	0	0	0	0
LK-6239090	Pahala Kudawewa	Pahala Kudawewa	GND	554	0	0	0	0	0	0	0	0
LK-6239095	Maligawatta	Maligawatta	GND	859	0	0	0	0	0	0	0	0
LK-6239100	Meda Mahawewa	Meda Mahawewa	GND	558	11	0	0	0	0	0	0	0
LK-6239105	Veehena	Veehena	GND	653	0	0	0	0	0	0	0	0
LK-6239110	Mattakotuwella	Mattakotuwella	GND	1359	12	0	0	0	0	0	0	0
LK-6239115	Barudelpola	Barudelpola	GND	1162	21	0	0	0	0	0	0	0
LK-6239120	Ihala Mahawewa	Ihala Mahawewa	GND	2128	22	0	0	0	0	0	0	0
LK-6239125	Pahala Koswadiya	Pahala Koswadiya	GND	614	22	0	0	0	0	0	0	0
LK-6239130	Meda Koswadiya	Meda Koswadiya	GND	780	19	0	0	0	0	0	0	0
LK-6239135	Ihala Koswadiya	Ihala Koswadiya	GND	860	20	0	0	0	0	0	0	0
LK-6239140	Pahala Walahapitiya	Pahala Walahapitiya	GND	425	87	0	0	0	0	0	0	0
LK-6239145	Panangoda	Panangoda	GND	2040	12	0	0	0	0	0	0	0
LK-6239150	Sagaragama	Sagaragama	GND	748	14	0	0	0	0	0	0	0
LK-6239155	Egodagoda	Egodagoda	GND	648	36	0	0	0	0	0	0	0
LK-6239160	Puhulhena	Puhulhena	GND	831	0	0	0	0	0	0	0	0
LK-6239165	Halpanvila East	Halpanvila East	GND	1398	41	0	0	0	0	0	0	0
LK-6239170	Meda Hattiniya	Meda Hattiniya	GND	788	28	0	0	0	0	0	0	0
LK-6239175	Halpanvila West	Halpanvila West	GND	665	34	0	0	0	0	0	0	0
LK-6239180	Thalvila	Thalvila	GND	1265	38	0	0	0	0	0	0	0
LK-6239185	Modarawella	Modarawella	GND	439	0	0	0	0	0	0	0	0
LK-6239190	Pahala Hattiniya	Pahala Hattiniya	GND	909	10	0	0	0	0	0	0	0
LK-6239195	Maravila North	Maravila North	GND	397	10	0	0	0	0	0	0	0
LK-6239200	Ihala Hattiniya	Ihala Hattiniya	GND	1182	23	0	0	0	0	0	0	0
LK-6239205	Maranda North	Maranda North	GND	1674	12	0	0	0	0	0	0	0
LK-6239210	Maranda South	Maranda South	GND	973	0	0	0	0	0	0	0	0
LK-6239215	Horagolla North	Horagolla North	GND	966	15	0	0	0	0	0	0	0
LK-6239220	Horagolla South	Horagolla South	GND	911	0	0	0	0	0	0	0	0
LK-6239225	Maravila Town	Maravila Town	GND	678	23	0	0	0	0	0	0	0
LK-6239230	Maravila South	Maravila South	GND	1103	22	0	0	0	0	0	0	0
LK-6239235	Maravila Wella	Maravila Wella	GND	653	0	0	0	0	0	0	0	0
LK-6242	Nattandiya	Nattandiya	DSD	55606	1744	52	7820	57	10	0	0	0
LK-6242005	Pahala Nattandiya	Pahala Nattandiya	GND	1321	58	0	0	0	0	0	0	0
LK-6242010	Mailawa	Mailawa	GND	1222	45	0	27	0	0	0	0	0
LK-6242015	Pilakatumulla	Pilakatumulla	GND	697	15	0	0	0	0	0	0	0
LK-6242020	Dunkannawa	Dukkannawa	GND	2514	39	0	0	0	0	0	0	0
LK-6242025	Maningala	Maningala	GND	3293	112	0	678	0	0	0	0	0
LK-6242030	Sandanangama	Sandanangama	GND	1160	11	0	201	0	0	0	0	0
LK-6242035	Ihala Thabbowa	Ihala Thabbowa	GND	1628	43	0	79	0	0	0	0	0
LK-6242040	Meda Thabbowa	Meda Thabbowa	GND	1188	11	0	0	0	0	0	0	0
LK-6242045	Pahala Thabbowa	Pahala Thabbowa	GND	1474	26	0	0	0	0	0	0	0
LK-6242050	Weerahena East	Weerahena East	GND	1408	38	0	0	0	0	0	0	0
LK-6242055	Ihala Nattandiya	Ihala Nattandiya	GND	1416	134	0	202	0	0	0	0	0
LK-6242060	Meda Nattandiya	Meda Nattandiya	GND	1796	148	0	46	0	0	0	0	0
LK-6242065	Weerahena West	Weerahena West	GND	2459	95	0	0	0	0	0	0	0
LK-6242070	Mudukatuwa North	Mudukatuwa North	GND	2776	19	0	0	0	0	0	0	0
LK-6242075	Mudukatuwa South	Mudukatuwa South	GND	3027	27	0	0	0	0	0	0	0
LK-6242080	Mudukatuwa East	Mudukatuwa East	GND	355	0	0	0	0	0	0	0	0
LK-6242085	Pahala Mavila	Pahala Mavila	GND	1455	58	0	0	0	0	0	0	0
LK-6242090	Meda Mavila	Meda Mavila	GND	1922	47	0	0	0	0	0	0	0
LK-6242095	Ihala Mavila	Ihala Mavila	GND	852	33	0	0	0	0	0	0	0
LK-6242100	Pahala Kottaramulla	Pahala Kottaramulla	GND	876	47	0	186	0	0	0	0	0
LK-6242105	Paluwelgala North	Paluwelgala North	GND	678	0	0	0	0	0	0	0	0
LK-6242110	Kachchirawa	Kachchirawa	GND	421	0	0	0	0	0	0	0	0
LK-6242115	Paluwelgala South	Paluwelgala South	GND	520	0	0	0	0	0	0	0	0
LK-6242120	Naravila	Naravila	GND	955	0	0	151	0	0	0	0	0
LK-6242125	Kuddetiyawa	Kuddetiyawa	GND	604	0	0	0	0	0	0	0	0
LK-6242130	Yakdessawa	Yakdessawa	GND	594	0	0	0	0	0	0	0	0
LK-6242135	Koswatta North	Koswatta North	GND	789	22	0	0	0	0	0	0	0
LK-6242140	Meegahawela	Meegahawela	GND	875	0	0	0	0	0	0	0	0
LK-6242145	Koswatta South	Koswatta South	GND	800	0	0	0	0	0	0	0	0
LK-6242150	Morakele South	Morakele South	GND	1135	88	0	171	0	0	0	0	0
LK-6242155	Meda Kottaramulla	Meda Kottaramulla	GND	651	401	25	1633	0	0	0	0	0
LK-6242160	Morakele North	Morakele North	GND	533	0	0	756	0	0	0	0	0
LK-6242165	Ihala Kottaramulla	Ihala Kottaramulla	GND	85	10	27	2440	0	0	0	0	0
LK-6242170	Thummodara East	Thunmodara East	GND	862	103	0	0	0	0	0	0	0
LK-6242175	Thummodara West	Thunmodara West	GND	622	34	0	1250	57	10	0	0	0
LK-6242180	Nakele	Nakele	GND	352	0	0	0	0	0	0	0	0
LK-6242185	Ihala Katuneriya	Ihala Katuneriya	GND	1594	31	0	0	0	0	0	0	0
LK-6242190	Bulugahawewa	Bulugahawewa	GND	961	17	0	0	0	0	0	0	0
LK-6242195	Nebadagahayaya	Nebadagahayaya	GND	1747	11	0	0	0	0	0	0	0
LK-6242200	Lansigama	Lansigama	GND	1606	0	0	0	0	0	0	0	0
LK-6242205	Pahala Katuneriya North	Pahala Katuneriya North	GND	1042	0	0	0	0	0	0	0	0
LK-6242210	Meda Pahala Katuneriya	Meda Pahala Katuneriya	GND	1117	0	0	0	0	0	0	0	0
LK-6242215	Pahala Katuneriya South	Pahala Katuneriya South	GND	1145	21	0	0	0	0	0	0	0
LK-6242220	Meda Katuneriya	Meda Katuneriya	GND	673	0	0	0	0	0	0	0	0
LK-6242225	Meegahawewa	Meegahawewa	GND	780	0	0	0	0	0	0	0	0
LK-6242230	Dematapitiya	Dematapitiya	GND	809	0	0	0	0	0	0	0	0
LK-6242235	Dhammikagama	Dhammikagama	GND	817	0	0	0	0	0	0	0	0
LK-6245	Wennappuwa	Wennappuwa	DSD	62755	1604	86	42	0	0	0	0	0
LK-6245005	Kolinjadiya West	Kolinjadiya West	GND	1330	24	0	0	0	0	0	0	0
LK-6245010	Kolinjadiya North	Kolinjadiya North	GND	998	20	0	0	0	0	0	0	0
LK-6245015	Udasirigama	Udasirigama	GND	1008	0	0	0	0	0	0	0	0
LK-6245020	Sirigampala North	Sirigampala North	GND	1164	36	0	0	0	0	0	0	0
LK-6245025	Lunuvila East	Lunuvila East	GND	1964	85	10	0	0	0	0	0	0
LK-6245030	Sirigampala South	Sirigampola South	GND	1596	0	0	0	0	0	0	0	0
LK-6245035	Meda Lunuvila	Meda Lunuwila	GND	4668	82	0	0	0	0	0	0	0
LK-6245040	Lunuvila West	Lunuwila West	GND	1215	16	0	0	0	0	0	0	0
LK-6245045	Wennappuwa North	Wennappuwa North	GND	1606	51	0	0	0	0	0	0	0
LK-6245050	Kolinjadiya East	Kolinjadiya East	GND	738	0	0	0	0	0	0	0	0
LK-6245055	Kolinjadiya South	Kolinjadiya South	GND	713	0	0	0	0	0	0	0	0
LK-6245060	Ulhitiyawa West	Ulhitiyawa West	GND	1159	0	0	0	0	0	0	0	0
LK-6245065	Ulhitiyawa North	Ulhitiyawa North	GND	1287	20	0	0	0	0	0	0	0
LK-6245070	Meda Ulhitiyawa	Meda Ulhitiyawa	GND	1618	20	0	0	0	0	0	0	0
LK-6245075	Wennappuwa West	Wennappuwa West	GND	1419	32	0	11	0	0	0	0	0
LK-6245080	Meda Wennappuwa	Meda Wennappuwa	GND	1007	17	0	0	0	0	0	0	0
LK-6245085	Wennappuwa East	Wennappuwa East	GND	1110	12	0	0	0	0	0	0	0
LK-6245090	Lunuvila South	Lunuwila South	GND	1406	29	0	0	0	0	0	0	0
LK-6245095	Bandirippuwa North	Bandirippuwa North	GND	1386	32	0	0	0	0	0	0	0
LK-6245100	Bandirippuwa West	Bandirippuwa West	GND	1362	22	14	0	0	0	0	0	0
LK-6245105	Wennappuwa South	Wennappuwa South	GND	1323	30	0	0	0	0	0	0	0
LK-6245110	Ulhitiyawa South	Ulhitiyawa South	GND	1586	63	0	0	0	0	0	0	0
LK-6245115	Kadawatha	Kadawatha	GND	1386	0	0	0	0	0	0	0	0
LK-6245120	Dummaladeniya West	Dummaladeniya West	GND	1061	26	0	0	0	0	0	0	0
LK-6245125	Meda Dummaladeniya	Meda Dummaladeniya	GND	1504	45	0	0	0	0	0	0	0
LK-6245130	Dummaladeniya North	Dummaladeniya North	GND	802	10	0	0	0	0	0	0	0
LK-6245135	Bandirippuwa East	Bandirippuwa East	GND	2061	45	0	0	0	0	0	0	0
LK-6245140	Dummaladeniya East	Dummaladeniya East	GND	740	0	0	0	0	0	0	0	0
LK-6245145	Dummaladeniya South	Dummaladeniya South	GND	860	14	0	0	0	0	0	0	0
LK-6245150	Wellamankaraya	Wellamankaraya	GND	1292	30	0	31	0	0	0	0	0
LK-6245155	Meda Nainamadama	Meda Nainamadama	GND	1408	19	0	0	0	0	0	0	0
LK-6245160	Hanathotupola	Hanathotupola	GND	792	0	0	0	0	0	0	0	0
LK-6245165	Boralessa West	Boralessa West	GND	885	11	0	0	0	0	0	0	0
LK-6245170	Boralessa North	Boralessa North	GND	947	0	0	0	0	0	0	0	0
LK-6245175	Boralessa East	Boralessa East	GND	1328	0	0	0	0	0	0	0	0
LK-6245180	Boralessa South	Boralessa South	GND	885	0	0	0	0	0	0	0	0
LK-6245185	Nainamadama West	Nainamadama West	GND	1170	25	0	0	0	0	0	0	0
LK-6245190	Nainamadama East	Nainamadama East	GND	849	17	0	0	0	0	0	0	0
LK-6245195	Mirissankotuwa North	Mirissankotuwa North	GND	619	19	0	0	0	0	0	0	0
LK-6245200	Mirissankotuwa South	Mirissankotuwa South	GND	802	31	0	0	0	0	0	0	0
LK-6245205	Bolawatta	Bolawatta	GND	845	52	0	0	0	0	0	0	0
LK-6245210	Rangammulla	Rangammulla	GND	692	82	15	0	0	0	0	0	0
LK-6245215	Kammala	Kammala	GND	1525	47	0	0	0	0	0	0	0
LK-6245220	Angampitiya East	Angampitiya East	GND	839	92	0	0	0	0	0	0	0
LK-6245225	Angampitiya West	Angampitiya West	GND	1048	46	0	0	0	0	0	0	0
LK-6245230	Aluttota	Aluttota	GND	1109	71	36	0	0	0	0	0	0
LK-6245235	Sindathriya	Sindathriya	GND	1118	30	0	0	0	0	0	0	0
LK-6245240	Waikkala North	Waikkala North	GND	909	62	0	0	0	0	0	0	0
LK-6245245	Waikkala South	Waikkala South	GND	1155	55	0	0	0	0	0	0	0
LK-6245250	Bolana	Bolana	GND	983	62	0	0	0	0	0	0	0
LK-6245255	Thambaravila	Thambarawila	GND	699	74	0	0	0	0	0	0	0
LK-6245260	Thopputhota	Thopputhota	GND	779	48	11	0	0	0	0	0	0
LK-6248	Dankotuwa	Dankotuwa	DSD	60840	1441	11	373	0	0	0	0	0
LK-6248005	Bothalegama	Bothalegama	GND	1252	64	0	0	0	0	0	0	0
LK-6248010	Kirimetiyana East	Kirimetiyana East	GND	1015	15	0	0	0	0	0	0	0
LK-6248015	Thulawala	Thulawala	GND	1086	0	0	0	0	0	0	0	0
LK-6248020	Hundirapola	Hundirapola	GND	711	0	0	0	0	0	0	0	0
LK-6248025	Pothuwatawana	Pothuwatawana	GND	1972	18	0	0	0	0	0	0	0
LK-6248030	Lihiriyagama	Lihiriyagama	GND	1054	11	0	0	0	0	0	0	0
LK-6248035	Kahatavila Part	Kahatavila East	GND	2204	16	0	0	0	0	0	0	0
LK-6248040	Kahatavila West	Kahatavila West	GND	1575	0	0	0	0	0	0	0	0
LK-6248045	Meda Kirimetiyana	Meda Kirimetiyana	GND	1536	0	0	0	0	0	0	0	0
LK-6248050	Kirimetiyana North	Kirimetiyana North	GND	1375	0	0	0	0	0	0	0	0
LK-6248055	Kirimetiyana West	Kirimetiyana West	GND	1232	20	0	0	0	0	0	0	0
LK-6248060	Kirimetiyana South	Kirimetiyana South	GND	888	0	0	0	0	0	0	0	0
LK-6248065	Pansal Handiya	Pansal Handiya	GND	1219	17	0	0	0	0	0	0	0
LK-6248070	Haldanduwana North	Haldanduwana North	GND	1253	0	0	0	0	0	0	0	0
LK-6248075	Mellawa	Mellawa	GND	2190	17	0	0	0	0	0	0	0
LK-6248080	Ihala Bujjampola	Ihala Bujjampola	GND	744	55	0	0	0	0	0	0	0
LK-6248085	Pahala Bujjampola	Pahala Bujjampola	GND	1637	35	0	363	0	0	0	0	0
LK-6248090	Haldanduwana West	Haldanduwana West	GND	2085	21	0	0	0	0	0	0	0
LK-6248095	Meda Haldanduwana	Meda Haldanduwana	GND	2642	64	0	0	0	0	0	0	0
LK-6248100	Katukenda East	Katukenda East	GND	1481	103	0	10	0	0	0	0	0
LK-6248105	Meda Katukenda	Meda Katukenda	GND	1255	46	0	0	0	0	0	0	0
LK-6248110	Gonavila North	Gonavila North	GND	601	13	0	0	0	0	0	0	0
LK-6248115	Meda Gonavila	Meda Gonavila	GND	936	31	0	0	0	0	0	0	0
LK-6248120	Katukenda West	Katukenda West	GND	546	15	0	0	0	0	0	0	0
LK-6248125	Dankotuwa West	Dankotuwa West	GND	1331	95	0	0	0	0	0	0	0
LK-6248130	Dankotuwa North	Dankotuwa North	GND	586	19	0	0	0	0	0	0	0
LK-6248135	Ihala Dummalakotuwa	Ihala Dummalakotuwa	GND	890	20	0	0	0	0	0	0	0
LK-6248140	Haldanduwana South	Haldanduwana South	GND	1104	39	0	0	0	0	0	0	0
LK-6248145	Pahala Mohottimulla	Pahala Mohottimulla	GND	1370	67	0	0	0	0	0	0	0
LK-6248150	Ihala Mohottimulla	Ihala Mohottimulla	GND	1051	17	0	0	0	0	0	0	0
LK-6248155	Sendiriyamulla	Sendiriyamulla	GND	1354	22	11	0	0	0	0	0	0
LK-6248160	Singakkuliya	Singakkuliya	GND	1099	14	0	0	0	0	0	0	0
LK-6248165	Kaluwachchimulla	Kaluwachchimulla	GND	1104	12	0	0	0	0	0	0	0
LK-6248170	Motemulla	Motemulla	GND	1547	31	0	0	0	0	0	0	0
LK-6248175	Etiyawala North	Etiyawala North	GND	1282	18	0	0	0	0	0	0	0
LK-6248180	Pahala Dummalakotuwa	Pahala Dummalakotuwa	GND	1335	24	0	0	0	0	0	0	0
LK-6248185	Dankotuwa East	Dankotuwa East	GND	1438	81	0	0	0	0	0	0	0
LK-6248190	Dankotuwa South	Dankotuwa South	GND	704	21	0	0	0	0	0	0	0
LK-6248195	Gonavila South	Gonavila South	GND	1386	54	0	0	0	0	0	0	0
LK-6248200	Godella	Godella	GND	1455	133	0	0	0	0	0	0	0
LK-6248205	Morukkuliya	Morukkuliya	GND	2138	110	0	0	0	0	0	0	0
LK-6248210	Metikotuwa	Metikotuwa	GND	1854	51	0	0	0	0	0	0	0
LK-6248215	Thamarakuliya	Thamarakuliya	GND	575	10	0	0	0	0	0	0	0
LK-6248220	Etiyawala South	Etiyawala South	GND	1969	11	0	0	0	0	0	0	0
LK-6248225	Jankurawela	Jankurawela	GND	724	12	0	0	0	0	0	0	0
LK-6248230	Yogiyana	Yogiyana	GND	916	0	0	0	0	0	0	0	0
LK-6248235	Dikwela	Dikwela	GND	1139	19	0	0	0	0	0	0	0
LK-71	Anuradhapura	Anuradhapura	DISTRICT	869982	4133	160	82973	45	56	0	0	0
LK-7103	Padaviya	Padaviya	DSD	24458	0	0	0	0	0	0	0	0
LK-7103005	Buddhangala	Buddhangala	GND	1956	0	0	0	0	0	0	0	0
LK-7103010	Elikimbulagala	Elikimbulagala	GND	1779	0	0	0	0	0	0	0	0
LK-7103015	Abhayapura	Abhayapura	GND	1771	0	0	0	0	0	0	0	0
LK-7103020	Maithreepura	Maithreepura	GND	1561	0	0	0	0	0	0	0	0
LK-7103025	Parakramapura	Parakramapura	GND	2193	0	0	0	0	0	0	0	0
LK-7103030	Track B	Track B	GND	2095	0	0	0	0	0	0	0	0
LK-7103035	Bisokotuwa	Bisokotuwa	GND	1229	0	0	0	0	0	0	0	0
LK-7103040	Sudarshanagama	Sudarshanagama	GND	2263	0	0	0	0	0	0	0	0
LK-7103045	Balayawewa	Balayawewa	GND	887	0	0	0	0	0	0	0	0
LK-7103050	Mahasenpura	Mahasenpura	GND	1298	0	0	0	0	0	0	0	0
LK-7103055	Urewa	Urewa	GND	303	0	0	0	0	0	0	0	0
LK-7103060	Kumbukwewa	Kumbukwewa	GND	1798	0	0	0	0	0	0	0	0
LK-7103065	Ruwanpura	Ruwanpura	GND	1136	0	0	0	0	0	0	0	0
LK-7103070	Bogahawewa	Bogahawewa	GND	2152	0	0	0	0	0	0	0	0
LK-7103075	Padaviya	Padaviya	GND	2037	0	0	0	0	0	0	0	0
LK-7106	Kebithigollewa	Kebithigollewa	DSD	23758	10	0	2630	0	0	0	0	0
LK-7106005	Halmillawetiya	Halmillawetiya	GND	1041	0	0	0	0	0	0	0	0
LK-7106010	Kanugahawewa	Kanugahawewa	GND	2522	0	0	0	0	0	0	0	0
LK-7106015	Herathhalmillewa	Herathhalmillewa	GND	338	0	0	0	0	0	0	0	0
LK-7106020	Bellankadawala	Bellankadawala	GND	811	0	0	0	0	0	0	0	0
LK-7106025	Punchimudagama	Punchimudagama	GND	346	0	0	0	0	0	0	0	0
LK-7106030	D 06 Wahalkada	D 06 Wahalkada	GND	430	0	0	0	0	0	0	0	0
LK-7106035	D 05 Wahalkada	D 05 Wahalkada	GND	856	0	0	0	0	0	0	0	0
LK-7106040	D 04 Wahalkada	D 04 Wahalkada	GND	822	0	0	0	0	0	0	0	0
LK-7106045	Kahatagollewa	Kahatagollewa	GND	725	0	0	0	0	0	0	0	0
LK-7106050	Thammennawa	Thammennawa	GND	555	0	0	0	0	0	0	0	0
LK-7106055	Kunchuttuwa	Kunchuttuwa	GND	672	0	0	0	0	0	0	0	0
LK-7106060	Galawewa	Galawewa	GND	1149	0	0	0	0	0	0	0	0
LK-7106065	Thittagonewa	Thittagonewa	GND	965	0	0	0	0	0	0	0	0
LK-7106070	Kurulugama	Kurulugama	GND	545	0	0	1554	0	0	0	0	0
LK-7106075	Sinhalaetaweerawewa	Sinhalaetaweerawewa	GND	645	0	0	0	0	0	0	0	0
LK-7106080	Ethalvidda Wewa	Ethalvidda Wewa	GND	701	0	0	0	0	0	0	0	0
LK-7106085	Gonumeriyawa	Gonumeriyawa	GND	1437	0	0	0	0	0	0	0	0
LK-7106090	Kebithigollewa	Kebithigollewa	GND	2483	10	0	13	0	0	0	0	0
LK-7106095	Ihala Usgollewa	Ihala Usgollewa	GND	1067	0	0	0	0	0	0	0	0
LK-7106100	Aiyathigewewa	Aiyathigewewa	GND	1182	0	0	0	0	0	0	0	0
LK-7106105	Bandaraulpatha	Bandaraulpatha	GND	499	0	0	0	0	0	0	0	0
LK-7106110	Kiriketuwewa	Kiriketuwewa	GND	625	0	0	1063	0	0	0	0	0
LK-7106115	Gonahathdenawa	Gonahathdenawa	GND	705	0	0	0	0	0	0	0	0
LK-7106120	Thimbiriwewa	Thimbiriwewa	GND	790	0	0	0	0	0	0	0	0
LK-7106125	Handagala Kirimetiyawa	Handagala Kirimetiyawa	GND	755	0	0	0	0	0	0	0	0
LK-7106130	Wattewewa	Wattewewa	GND	1092	0	0	0	0	0	0	0	0
LK-7109	Medawachchiya	Medawachchiya	DSD	48765	165	0	3464	0	0	0	0	0
LK-7109005	Prabodhagama	Prabodhagama	GND	1831	21	0	0	0	0	0	0	0
LK-7109010	Paranahalmillewa	Paranahalmillewa	GND	1534	0	0	0	0	0	0	0	0
LK-7109015	Lolugaswewa	Lolugaswewa	GND	1381	0	0	0	0	0	0	0	0
LK-7109020	Puhudivula	Puhudivula	GND	1501	0	0	0	0	0	0	0	0
LK-7109025	Heerallugama	Heerallugama	GND	1700	0	0	0	0	0	0	0	0
LK-7109030	Ethakada	Ethakada	GND	1844	0	0	0	0	0	0	0	0
LK-7109035	Etaweeragollewa	Etaweeragollewa	GND	1207	0	0	0	0	0	0	0	0
LK-7109040	Kadawath Rambewa	Kadawath Rambewa	GND	733	0	0	0	0	0	0	0	0
LK-7109045	Maha Kumbukgollewa	Maha Kumbukgollewa	GND	1586	0	0	0	0	0	0	0	0
LK-7109050	Kidawarankulama	Kidawarankulama	GND	1685	0	0	0	0	0	0	0	0
LK-7109055	Anekattiya	Anekattiya	GND	513	0	0	496	0	0	0	0	0
LK-7109060	Periyakulama	Periyakulama	GND	1355	0	0	0	0	0	0	0	0
LK-7109065	Poonewa	Poonewa	GND	1592	0	0	0	0	0	0	0	0
LK-7109070	Isinbessagama	Isinbessagama	GND	1603	0	0	0	0	0	0	0	0
LK-7109075	Mahadivulwewa	Maha Divulwewa	GND	1046	0	0	0	0	0	0	0	0
LK-7109080	Kidagalegama	Kidagalegama	GND	834	0	0	0	0	0	0	0	0
LK-7109085	Moragoda	Moragoda	GND	1384	0	0	0	0	0	0	0	0
LK-7109090	Unagaswewa	Unagaswewa	GND	814	0	0	0	0	0	0	0	0
LK-7109095	Kirigalwewa	Kirigalwewa	GND	917	0	0	0	0	0	0	0	0
LK-7109100	Angunochchiya	Angunochchiya	GND	1241	0	0	0	0	0	0	0	0
LK-7109105	Ekirikanda	Ekirikanda	GND	1666	0	0	0	0	0	0	0	0
LK-7109110	Railway Town	Railway Town	GND	1035	19	0	10	0	0	0	0	0
LK-7109115	Kadawathgama	Kadawathgama	GND	1285	14	0	0	0	0	0	0	0
LK-7109120	Kuda Kumbukgollewa	Kuda Kumbukgollewa	GND	1383	0	0	0	0	0	0	0	0
LK-7109125	Yakawewa	Yakawewa	GND	1099	0	0	869	0	0	0	0	0
LK-7109130	Thammenna Elawaka	Thammenne Elawaka	GND	1184	0	0	548	0	0	0	0	0
LK-7109135	Puleliya	Puleliya	GND	1699	10	0	0	0	0	0	0	0
LK-7109140	Viralmurippuwa	Viralmurippuwa	GND	1367	0	0	0	0	0	0	0	0
LK-7109145	Walpola	Walpola	GND	929	0	0	0	0	0	0	0	0
LK-7109150	Katuwela	Katuwela	GND	1819	13	0	869	0	0	0	0	0
LK-7109155	Medawachchiya West	Medawachchiya West	GND	1747	75	0	487	0	0	0	0	0
LK-7109160	Medawachchiya East	Medawachchiya East	GND	1479	13	0	185	0	0	0	0	0
LK-7109165	Kanadara Divulwewa	Kanadara Divulwewa	GND	1118	0	0	0	0	0	0	0	0
LK-7109170	Helambagaswewa	Helambagaswewa	GND	1149	0	0	0	0	0	0	0	0
LK-7109175	Sangilikanadarawa	Sangilikanadarawa	GND	1711	0	0	0	0	0	0	0	0
LK-7109180	Lindawewa	Lindawewa	GND	861	0	0	0	0	0	0	0	0
LK-7109185	Karambankulama	Karambankulama	GND	933	0	0	0	0	0	0	0	0
LK-7112	Mahawilachchiya	Mahawilachchiya	DSD	24132	15	0	0	0	0	0	0	0
LK-7112005	Dematamalgama	Dematamalgama	GND	1217	0	0	0	0	0	0	0	0
LK-7112010	Thanthirimale	Thanthirimale	GND	1375	0	0	0	0	0	0	0	0
LK-7112015	Nelumvila	Nelumvila	GND	1916	0	0	0	0	0	0	0	0
LK-7112020	Sandamaleliya	Sandamaleliya	GND	1545	0	0	0	0	0	0	0	0
LK-7112025	Thuppitiyawa	Thuppitiyawa	GND	1289	0	0	0	0	0	0	0	0
LK-7112030	Ethdathkalla	Ethdathkalla	GND	1421	0	0	0	0	0	0	0	0
LK-7112035	Randoowa	Randoowa	GND	1617	0	0	0	0	0	0	0	0
LK-7112040	Palugaswewa	Palugaswewa	GND	1240	0	0	0	0	0	0	0	0
LK-7112045	Mannaram Junction	Mannaram Junction	GND	1604	0	0	0	0	0	0	0	0
LK-7112050	Kuda Vilachchiya	Kuda Vilachchiya	GND	1189	0	0	0	0	0	0	0	0
LK-7112055	Mahavillachchiya	Maha Vilachchiya	GND	1283	0	0	0	0	0	0	0	0
LK-7112060	Pemaduwa	Pemaduwa	GND	1380	0	0	0	0	0	0	0	0
LK-7112065	Kiralpetiyawa	Kiralpetiyawa	GND	1052	0	0	0	0	0	0	0	0
LK-7112070	Navodagama	Navodagama	GND	2028	0	0	0	0	0	0	0	0
LK-7112075	Oyamaduwa	Oyamaduwa	GND	2090	15	0	0	0	0	0	0	0
LK-7112080	Helambawewa	Helambawewa	GND	960	0	0	0	0	0	0	0	0
LK-7112085	Dunumadalawa	Dunumadalawa	GND	926	0	0	0	0	0	0	0	0
LK-7115	Nuwaragam Palatha Central	Nuwaragam Palatha Central	DSD	64045	983	79	6256	16	0	0	0	0
LK-7115005	Helambagaswewa	Helambagaswewa	GND	436	0	0	322	0	0	0	0	0
LK-7115010	Asirikgama	Asirikgama	GND	0	0	0	1239	0	0	0	0	0
LK-7115015	Gambirigaswewa	Gambirigaswewa	GND	668	0	0	983	0	0	0	0	0
LK-7115020	Aluthgama	Aluthgama	GND	697	0	0	1047	0	0	0	0	0
LK-7115025	Galpottegama	Galpottegama	GND	1550	0	0	0	0	0	0	0	0
LK-7115030	Maha Ehetuwewa	Maha Ehetuwewa	GND	1236	0	0	0	0	0	0	0	0
LK-7115035	Maningamuwa	Maningamuwa	GND	1235	0	0	0	0	0	0	0	0
LK-7115040	Elayapattuwa	Elayapattuwa	GND	1353	20	0	0	0	0	0	0	0
LK-7115045	Diganegama	Diganegama	GND	762	0	0	0	0	0	0	0	0
LK-7115050	Karambewa	Karambewa	GND	1604	0	0	0	0	0	0	0	0
LK-7115055	Galkadawala	Galkadawala	GND	1252	0	0	0	0	0	0	0	0
LK-7115060	Poowarsankulama	Poowarsankulama	GND	1766	0	0	0	0	0	0	0	0
LK-7115065	Paniyankadawala	Paniyankadawala	GND	1354	0	0	0	0	0	0	0	0
LK-7115070	Parasangaswewa	Parasangahawewa	GND	1563	0	0	125	0	0	0	0	0
LK-7115075	Mankadawala	Mankadawala	GND	2670	0	0	0	0	0	0	0	0
LK-7115080	Saliyapura	Saliyapura	GND	988	0	0	0	0	0	0	0	0
LK-7115085	Ashokaramaya	Ashokaramaya	GND	1333	0	0	0	0	0	0	0	0
LK-7115090	Perimiyankulama	Perimiyankulama	GND	1547	0	0	0	0	0	0	0	0
LK-7115095	Katukeliyawa	Katukeliyawa	GND	2045	21	0	24	0	0	0	0	0
LK-7115100	Pusiyankulama	Pusiyankulama	GND	1913	0	0	0	0	0	0	0	0
LK-7115105	Mahamankadawala	Maha Mankadawala	GND	1293	0	0	0	0	0	0	0	0
LK-7115110	Ilandagahawewa	Ilandagahawewa	GND	1355	0	0	0	0	0	0	0	0
LK-7115115	Vihara Kallanchiya	Vihara Kallanchiya	GND	1335	0	0	0	0	0	0	0	0
LK-7115120	Vihara Palugama	Vihara Palugama	GND	1990	0	0	0	0	0	0	0	0
LK-7115125	Devanampiyathissapura	Dewanampiyathissa Pura	GND	3684	774	79	2205	16	0	0	0	0
LK-7115130	Abhayawewa	Abhayawewa	GND	2498	18	0	16	0	0	0	0	0
LK-7115135	Pethispura	Pethispura	GND	1881	0	0	0	0	0	0	0	0
LK-7115140	Bandara Puliyankulama	Bandara  Puliyankulama	GND	1968	10	0	35	0	0	0	0	0
LK-7115145	Jayanthi Gramaya	Jayanthi Gramaya	GND	2988	0	0	60	0	0	0	0	0
LK-7115150	Theppankulama	Theppankulama	GND	2703	0	0	11	0	0	0	0	0
LK-7115155	Thannayamkulama	Thannayamkulama	GND	1445	0	0	0	0	0	0	0	0
LK-7115160	Saliya Mawatha	Saliya Mawatha	GND	2775	0	0	23	0	0	0	0	0
LK-7115165	Shuddha Nagaraya	Shuddha Nagaraya	GND	858	22	0	87	0	0	0	0	0
LK-7115170	Thisawewa	Thisawewa	GND	86	0	0	0	0	0	0	0	0
LK-7115175	Wessagiriya	Wessagiriya	GND	1571	86	0	29	0	0	0	0	0
LK-7115180	Isurumuniya	Isurumuniya	GND	2057	32	0	39	0	0	0	0	0
LK-7115185	Pandulagama	Pandulagama	GND	2514	0	0	11	0	0	0	0	0
LK-7115190	Pahalagama	Pahalagama	GND	1540	0	0	0	0	0	0	0	0
LK-7115195	Mahabulankulama	Maha Bulankulama	GND	1678	0	0	0	0	0	0	0	0
LK-7115200	Ulukkulama	Ulukkulama	GND	1854	0	0	0	0	0	0	0	0
LK-7118	Rambewa	Rambewa	DSD	34559	14	0	5194	0	0	0	0	0
LK-7118005	Kolibendawewa	Kolibendawewa	GND	190	0	0	1047	0	0	0	0	0
LK-7118010	Medagama	Medagama	GND	1406	0	0	0	0	0	0	0	0
LK-7118015	Kadurugasdamana	Kadurugasdamana	GND	1548	0	0	0	0	0	0	0	0
LK-7118020	Siyambalagaswewa	Siyambalagaswewa	GND	722	0	0	0	0	0	0	0	0
LK-7118025	Katukeliyawa	Katukeliyawa	GND	907	0	0	0	0	0	0	0	0
LK-7118030	Wahamalgollewa Track 05	Wahamalgollewa Track 05	GND	1431	0	0	0	0	0	0	0	0
LK-7118035	Sangilikanadarawa	Sangilikanadarawa	GND	1289	0	0	0	0	0	0	0	0
LK-7118040	Diviyaudabendawewa	Diviyaudabendawewa	GND	889	0	0	0	0	0	0	0	0
LK-7118045	Thalgahawewa	Talgahawewa	GND	275	0	0	758	0	0	0	0	0
LK-7118050	Galkandegama	Galkandegama	GND	1337	0	0	0	0	0	0	0	0
LK-7118055	Balahondawewa	Balahondawewa	GND	830	0	0	0	0	0	0	0	0
LK-7118060	Pihimbiyagollewa	Pihimbiyagollewa	GND	1076	0	0	0	0	0	0	0	0
LK-7118065	Galweeragollewa	Galweeragollewa	GND	444	0	0	0	0	0	0	0	0
LK-7118070	Ambagahawewa	Ambagahawewa	GND	731	0	0	0	0	0	0	0	0
LK-7118075	Thamarahalmillewa	Thamarahalmillewa	GND	561	0	0	0	0	0	0	0	0
LK-7118080	Wewelketiya	Wewelketiya	GND	1178	0	0	0	0	0	0	0	0
LK-7118085	Ihala Kolongaswewa	Ihala Kolongaswewa	GND	642	0	0	0	0	0	0	0	0
LK-7118090	Konakumbukwewa	Konakumbukwewa	GND	838	0	0	0	0	0	0	0	0
LK-7118095	Kedewa	Kedewa	GND	625	0	0	0	0	0	0	0	0
LK-7118100	Kallanchiya	Kallanchiya	GND	771	0	0	0	0	0	0	0	0
LK-7118105	Gonewa	Gonewa	GND	1328	0	0	118	0	0	0	0	0
LK-7118110	Ikirigollewa	Ikirigollewa	GND	129	0	0	3185	0	0	0	0	0
LK-7118115	Wahamalgollewa	Wahamalgollewa	GND	969	0	0	45	0	0	0	0	0
LK-7118120	Wahamalgollewa Track 03	Wahamalgollewa Track 03	GND	723	0	0	0	0	0	0	0	0
LK-7118125	Pallankulama	Pallankulama	GND	1442	0	0	0	0	0	0	0	0
LK-7118130	Mahawewa	Mahawewa	GND	1307	0	0	0	0	0	0	0	0
LK-7118135	Pandukabhayapura	Pandukabhayapura	GND	1000	0	0	0	0	0	0	0	0
LK-7118140	Katupuliyankulama	Katupuliyankulama	GND	1311	0	0	41	0	0	0	0	0
LK-7118145	Sandamalgama	Sandamalgama	GND	1043	0	0	0	0	0	0	0	0
LK-7118150	Rambewa	Rambewa	GND	1484	0	0	0	0	0	0	0	0
LK-7118155	Nabadagaswewa	Nebadagaswewa	GND	896	14	0	0	0	0	0	0	0
LK-7118160	Mahakanadarawa R. B. Track 02	Mahakanadarawa R.B. Track 02	GND	904	0	0	0	0	0	0	0	0
LK-7118165	Kapiriggama	Kapiriggama	GND	402	0	0	0	0	0	0	0	0
LK-7118170	Peenagama	Peenagama	GND	907	0	0	0	0	0	0	0	0
LK-7118175	Meemalwewa	Meemalwewa	GND	511	0	0	0	0	0	0	0	0
LK-7118180	Rotawewa	Rotawewa	GND	749	0	0	0	0	0	0	0	0
LK-7118185	Kudagama	Kudagama	GND	778	0	0	0	0	0	0	0	0
LK-7118190	Mahakanadarawa R. B. Track 01	Mahakanadarawa R.B. Track 01	GND	986	0	0	0	0	0	0	0	0
LK-7121	Kahatagasdigiliya	Kahatagasdigiliya	DSD	34252	150	10	10410	0	0	0	0	0
LK-7121005	Kirigallewa	Kirigallewa	GND	887	0	0	0	0	0	0	0	0
LK-7121010	Rathmalgahawewa	Rathmalgahawewa	GND	934	0	0	0	0	0	0	0	0
LK-7121015	Kudapattiya	Kudapattiya	GND	1410	0	0	0	0	0	0	0	0
LK-7121020	Mahakumbukwewa	Maha Kumbukwewa	GND	776	0	0	0	0	0	0	0	0
LK-7121025	Palippothana	Palippothana	GND	652	0	0	0	0	0	0	0	0
LK-7121030	Gonumeruwewa	Gonumeru Wewa	GND	353	0	0	468	0	0	0	0	0
LK-7121035	Thurukkuragama	Thurukkuragama	GND	286	58	0	2299	0	0	0	0	0
LK-7121040	Maha Kiribbewa	Maha Kiribbewa	GND	0	0	0	278	0	0	0	0	0
LK-7121045	Maha Galkandegama	Maha Galkandegama	GND	895	0	0	0	0	0	0	0	0
LK-7121050	Dachchihalmillawewa	Dachchihalmillewa	GND	1213	0	0	0	0	0	0	0	0
LK-7121055	Maha Hammillawewa	Maha Halmillewa	GND	900	0	0	0	0	0	0	0	0
LK-7121060	Kumbukgollewa	Kumbukgollewa	GND	925	0	0	0	0	0	0	0	0
LK-7121065	Pandarellewa	Pandarellewa	GND	824	0	0	0	0	0	0	0	0
LK-7121070	Sampathgama	Sampathgama	GND	0	0	0	1556	0	0	0	0	0
LK-7121075	Thallattewa	Thallattewa	GND	944	0	0	0	0	0	0	0	0
LK-7121080	Mahawewa	Mahawewa	GND	1522	0	0	0	0	0	0	0	0
LK-7121085	Kahatagasdigiliya East	Kahatagasdigiliya East	GND	1521	76	0	389	0	0	0	0	0
LK-7121090	Kahatagasdigiliya West	Kahatagasdigiliya West	GND	1066	16	10	1282	0	0	0	0	0
LK-7121095	Kokmaduwa	Kokmaduwa	GND	837	0	0	385	0	0	0	0	0
LK-7121100	Moragahawela	Moragahawela	GND	558	0	0	0	0	0	0	0	0
LK-7121105	Samadhigama	Samadhigama	GND	722	0	0	0	0	0	0	0	0
LK-7121110	Mekichchawa	Mekichchawa	GND	1552	0	0	0	0	0	0	0	0
LK-7121115	Ranpathvila	Ranpathvila	GND	1465	0	0	29	0	0	0	0	0
LK-7121120	Bethkewa - Thulana	Bethkewa - Thulana	GND	1347	0	0	0	0	0	0	0	0
LK-7121125	Maha Messalewa	Maha Messalewa	GND	1584	0	0	248	0	0	0	0	0
LK-7121130	Kohombagaskada	Kohombagaskada	GND	1093	0	0	0	0	0	0	0	0
LK-7121135	Konwewa	Konwewa	GND	796	0	0	548	0	0	0	0	0
LK-7121140	Ambagahawewa	Ambagahawewa	GND	952	0	0	0	0	0	0	0	0
LK-7121145	Panwella	Panwella	GND	640	0	0	0	0	0	0	0	0
LK-7121150	Mee - Kumbukwewa	Mee - Kumbukwewa	GND	894	0	0	0	0	0	0	0	0
LK-7121155	Tikkanpothana	Tikkampothana	GND	503	0	0	0	0	0	0	0	0
LK-7121160	Punchi Halmillewa	Punchi Halmillewa	GND	640	0	0	0	0	0	0	0	0
LK-7121165	Weligollewa	Weligollewa	GND	0	0	0	1150	0	0	0	0	0
LK-7121170	Divulwewa	Divulwewa	GND	325	0	0	1070	0	0	0	0	0
LK-7121175	Diganhalmillawewa	Diganhalmillewa	GND	1260	0	0	0	0	0	0	0	0
LK-7121180	Kelenikawewa	Kelenikawewa	GND	529	0	0	708	0	0	0	0	0
LK-7121185	Nelugollakada	Nelugollakada	GND	621	0	0	0	0	0	0	0	0
LK-7121190	Ellawewa	Ellawewa	GND	992	0	0	0	0	0	0	0	0
LK-7121195	Nekutunu Wewa	Nekutunu Wewa	GND	1123	0	0	0	0	0	0	0	0
LK-7121200	Kanadara Rathmale	Kanadara - Rathmale	GND	711	0	0	0	0	0	0	0	0
LK-7124	Horowpathana	Horowpothana	DSD	28997	75	0	12105	0	0	0	0	0
LK-7124005	Wahalkada D 2	Wahalkada D 2	GND	1308	0	0	0	0	0	0	0	0
LK-7124010	Wahalkada D 1	Wahalkada D 1	GND	926	0	0	0	0	0	0	0	0
LK-7124015	Maradanmaduwa	Maradanmaduwa	GND	803	0	0	0	0	0	0	0	0
LK-7124020	Pahala Divulwewa	Pahala Divulwewa	GND	638	0	0	0	0	0	0	0	0
LK-7124025	Weerasole	Weerasole	GND	349	0	0	977	0	0	0	0	0
LK-7124030	Anaolondewa	Anaolondewa	GND	265	0	0	1477	0	0	0	0	0
LK-7124035	Kapugollewa	Kapugollewa	GND	1069	0	0	0	0	0	0	0	0
LK-7124040	Wagollakada	Wagollakada	GND	585	0	0	0	0	0	0	0	0
LK-7124045	Dutuwewa	Dutuwewa	GND	1186	0	0	0	0	0	0	0	0
LK-7124050	Morawewa	Morawewa	GND	1045	0	0	0	0	0	0	0	0
LK-7124055	Thawalanhalmillewa	Thawalanhalmillewa	GND	501	0	0	0	0	0	0	0	0
LK-7124060	Thimbiriattawala	Thimbiriettawala	GND	0	0	0	1256	0	0	0	0	0
LK-7124065	Nikawewa	Nikawewa	GND	408	0	0	1052	0	0	0	0	0
LK-7124070	Welimuwapothana	Welimuwapothana	GND	1091	0	0	0	0	0	0	0	0
LK-7124075	Kivulekada	Kivulekada	GND	79	0	0	1502	0	0	0	0	0
LK-7124080	Puhulewewa	Puhulewewa	GND	1303	0	0	0	0	0	0	0	0
LK-7124085	Rathmale	Rathmale	GND	262	0	0	798	0	0	0	0	0
LK-7124090	Welangahaulpatha	Welangahaulpatha	GND	149	0	0	186	0	0	0	0	0
LK-7124095	Maradankadawala	Maradankadawala	GND	1325	0	0	575	0	0	0	0	0
LK-7124100	Horowpothana	Horowpothana	GND	1862	48	0	117	0	0	0	0	0
LK-7124105	Medawachchi Handiya	Medawachchiya Handiya	GND	816	0	0	0	0	0	0	0	0
LK-7124110	Mukkarawewa	Mukkarawewa	GND	263	0	0	1350	0	0	0	0	0
LK-7124115	Ihala Angunachchiya	Ihala Angunachchiya	GND	0	0	0	1239	0	0	0	0	0
LK-7124120	Rasnakawewa	Rasnaka Wewa	GND	462	0	0	0	0	0	0	0	0
LK-7124125	Walahaviddawewa	Walahaviddawewa	GND	648	0	0	748	0	0	0	0	0
LK-7124130	Gammahegewewa	Gammahegewewa	GND	728	27	0	0	0	0	0	0	0
LK-7124135	Morakewa	Morakewa	GND	1943	0	0	0	0	0	0	0	0
LK-7124140	Nanumillawewa	Nanumillawewa	GND	879	0	0	0	0	0	0	0	0
LK-7124145	Thirappankadawala	Thirappankadawala	GND	902	0	0	0	0	0	0	0	0
LK-7124150	Parangiyawadiya	Parangiyawadiya	GND	913	0	0	0	0	0	0	0	0
LK-7124155	Nabadawewa	Nabadawewa	GND	980	0	0	155	0	0	0	0	0
LK-7124160	Puliyankadawala	Puliyankadawala	GND	1265	0	0	0	0	0	0	0	0
LK-7124165	Vilewewa	Vilewewa	GND	706	0	0	0	0	0	0	0	0
LK-7124170	Wadigawewa	Wadigawewa	GND	762	0	0	0	0	0	0	0	0
LK-7124175	Kalpe	Kalpe	GND	883	0	0	0	0	0	0	0	0
LK-7124180	Dekethipothana	Dekethipothana	GND	909	0	0	0	0	0	0	0	0
LK-7124185	Dematawewa	Dematawewa	GND	634	0	0	0	0	0	0	0	0
LK-7124190	Diyatittawewa	Diyatittawewa	GND	150	0	0	673	0	0	0	0	0
LK-7127	Galenbidunuwewa	Galenbindunuwewa	DSD	50079	25	0	1775	0	0	0	0	0
LK-7127005	Konwewa	Konwewa	GND	717	0	0	0	0	0	0	0	0
LK-7127010	Ellawewa	Ellawewa	GND	1552	0	0	571	0	0	0	0	0
LK-7127015	Kataranpuraya	Kataranpuraya	GND	1101	0	0	0	0	0	0	0	0
LK-7127020	Dutuwewa	Dutuwewa	GND	937	0	0	0	0	0	0	0	0
LK-7127025	Perettupalagama	Perettupala Gama	GND	1155	0	0	0	0	0	0	0	0
LK-7127030	Kokawewa	Kokawewa	GND	2138	0	0	0	0	0	0	0	0
LK-7127035	Dutuwewa Paranagama	Dutuwewa Paranagama	GND	1472	0	0	0	0	0	0	0	0
LK-7127040	21 Colony East	21 Colony East	GND	664	0	0	0	0	0	0	0	0
LK-7127045	21 Colony West	21 Colony West	GND	914	0	0	0	0	0	0	0	0
LK-7127050	Ulpathgama	Ulpathgama	GND	1136	0	0	0	0	0	0	0	0
LK-7127055	Upuldeniya	Upuldeniya	GND	1226	0	0	362	0	0	0	0	0
LK-7127060	Himbutugollewa	Himbutugollewa	GND	991	0	0	0	0	0	0	0	0
LK-7127065	Mailagaswewa	Mailagaswewa	GND	877	0	0	0	0	0	0	0	0
LK-7127070	Ihalagama	Ihalagama	GND	639	0	0	0	0	0	0	0	0
LK-7127075	Galenbindunuwewa	Galenbindunuwewa	GND	1775	25	0	155	0	0	0	0	0
LK-7127080	Karuwalagaswewa	Karuwalagaswewa	GND	1747	0	0	0	0	0	0	0	0
LK-7127085	Palugollagama	Palugollagama	GND	1312	0	0	0	0	0	0	0	0
LK-7127090	Aluth Divulwewa	Aluth Divulwewa	GND	1136	0	0	0	0	0	0	0	0
LK-7127095	Getalawa	Getalawa	GND	1823	0	0	0	0	0	0	0	0
LK-7127100	Hurulunikawewa Track-04	Hurulunikawewa	GND	1333	0	0	0	0	0	0	0	0
LK-7127105	Ilukbadayagama	Ilukbadayagama	GND	1475	0	0	635	0	0	0	0	0
LK-7127110	Kudagalenbidunuwewa	Kuda Galenbindunuwewa	GND	1161	0	0	0	0	0	0	0	0
LK-7127115	Thammennagama	Thammennagama	GND	456	0	0	0	0	0	0	0	0
LK-7127120	Sivalakulama	Sivalakulama	GND	1047	0	0	0	0	0	0	0	0
LK-7127125	Gomarankalla	Gomarankalla	GND	820	0	0	52	0	0	0	0	0
LK-7127130	Hurulunikawewa Track-03	Hurulunikawewa	GND	1047	0	0	0	0	0	0	0	0
LK-7127135	Kumbukwewa	Kumbukwewa	GND	1746	0	0	0	0	0	0	0	0
LK-7127140	Janasirigama	Janasirigama	GND	2385	0	0	0	0	0	0	0	0
LK-7127145	Kurunegala Colony	Kurunegala Colony	GND	1518	0	0	0	0	0	0	0	0
LK-7127150	Nuwaragam Colony	Nuwaragam Colony	GND	791	0	0	0	0	0	0	0	0
LK-7127155	Hurulu Jayapura	Hurulu Jayapura	GND	1016	0	0	0	0	0	0	0	0
LK-7127160	Sunanda Mawatha	Sunanda Mawatha	GND	1154	0	0	0	0	0	0	0	0
LK-7127165	Galwaduwagama	Galwaduwagama	GND	1690	0	0	0	0	0	0	0	0
LK-7127170	Muriyakadawala	Muriyakadawala	GND	1056	0	0	0	0	0	0	0	0
LK-7127175	Ihala Galkulama	Ihala Galkulama	GND	1656	0	0	0	0	0	0	0	0
LK-7127180	Hurulumeegahapattiya	Hurulumeegahapattiya	GND	820	0	0	0	0	0	0	0	0
LK-7127185	Nuwaraeli Colony	Nuwaraeli Colony	GND	507	0	0	0	0	0	0	0	0
LK-7127190	Pandikaramaduwa	Pandikaramaduwa	GND	1168	0	0	0	0	0	0	0	0
LK-7127195	Yakalla	Yakalla	GND	2155	0	0	0	0	0	0	0	0
LK-7127200	Manankattiya	Manankattiya	GND	1258	0	0	0	0	0	0	0	0
LK-7127205	Wannamkulama	Wannamkulama	GND	508	0	0	0	0	0	0	0	0
LK-7130	Mihinthale	Mihinthale	DSD	41335	357	23	2252	0	56	0	0	0
LK-7130005	Ukkulankulama	Ukkulankulama	GND	1122	0	0	0	0	0	0	0	0
LK-7130010	Mahakanadarawa L.B. Track 03	Mahakanadarawa Track 3	GND	915	0	0	0	0	0	0	0	0
LK-7130015	Mahakanadarawa L.B. Track 02	Mahakanadarawa Track 2	GND	1101	0	0	0	0	0	0	0	0
LK-7130020	Mahakanadarawa L.B. Track 01	Mahakanadarawa Track 1	GND	1056	0	0	0	0	0	0	0	0
LK-7130025	Maradankulama	Maradankulama	GND	1575	0	0	0	0	0	0	0	0
LK-7130030	Doramadalawa	Doramadalawa	GND	934	0	0	0	0	0	0	0	0
LK-7130035	Kunchikulama	Kunchikulama	GND	3828	0	0	0	0	0	0	0	0
LK-7130040	Henewatta	Henawatta	GND	2601	0	0	0	0	0	0	0	0
LK-7130045	Nuwarawewa	Nuwarawewa	GND	1807	0	0	0	0	0	0	0	0
LK-7130050	Kurundankulama	Kurundankulama	GND	2982	0	0	0	0	0	0	0	0
LK-7130055	Kannattiya	Kannattiya	GND	1884	0	0	13	0	0	0	0	0
LK-7130060	Mihinthale	Mihinthale	GND	5529	205	23	440	0	11	0	0	0
LK-7130065	Ruwangama	Ruwangama	GND	2620	30	0	58	0	0	0	0	0
LK-7130070	Namalwewa	Namalwewa	GND	1595	0	0	11	0	45	0	0	0
LK-7130075	Bogahayaya	Bogahayaya	GND	1477	0	0	0	0	0	0	0	0
LK-7130080	Pothana	Pothana	GND	1649	122	0	0	0	0	0	0	0
LK-7130085	Seeppukulama	Seeppukulama	GND	1403	0	0	0	0	0	0	0	0
LK-7130090	Thammennawa	Thammmennawa	GND	720	0	0	0	0	0	0	0	0
LK-7130095	Kasamaduwa	Kasamaduwa	GND	1140	0	0	0	0	0	0	0	0
LK-7130100	Katukeliyawa	Katukeliyawa	GND	177	0	0	1730	0	0	0	0	0
LK-7130105	Kattaduwagama	Kattambuwagama	GND	813	0	0	0	0	0	0	0	0
LK-7130110	Kahapathvilagama	Kahapathvilagama	GND	554	0	0	0	0	0	0	0	0
LK-7130115	Ihalagama	Ihalagama	GND	911	0	0	0	0	0	0	0	0
LK-7130120	Maradankalla	Maradankalla	GND	1453	0	0	0	0	0	0	0	0
LK-7130125	Wellaragama	Wellaragama	GND	1489	0	0	0	0	0	0	0	0
LK-7133	Nuwaragam Palatha East	Nuwaragam Palatha East	DSD	72698	264	0	3009	10	0	0	0	0
LK-7133005	Nuwara Wewa	Nuwara Wewa	GND	1784	15	0	21	0	0	0	0	0
LK-7133010	Step1 Part 1	Step 1 part 1	GND	1443	20	0	146	0	0	0	0	0
LK-7133015	Mahakalattewa	Mahakalattewa	GND	2114	10	0	15	0	0	0	0	0
LK-7133020	Thariyankulama	Thariyankulama	GND	1491	0	0	0	0	0	0	0	0
LK-7133025	Nelumkanniya	Nelunkanniya	GND	1644	0	0	0	0	0	0	0	0
LK-7133030	Kuda Nelumkulama	Kuda Nelumkulama	GND	2227	0	0	0	0	0	0	0	0
LK-7133035	Keerikkulama	Keerikkulama	GND	2254	0	0	0	0	0	0	0	0
LK-7133040	Thammennapura	Thammennapura	GND	2832	0	0	0	0	0	0	0	0
LK-7133045	Wannithammennawa	Wannithammennawa	GND	2215	0	0	0	0	0	0	0	0
LK-7133050	Thammennakulama	Thammennakulama	GND	4925	16	0	12	0	0	0	0	0
LK-7133055	Step 1 Part 2	Step 1 part 2	GND	1536	12	0	99	0	0	0	0	0
LK-7133060	Step 2 Part 3	Step 2 part 3	GND	2303	18	0	174	0	0	0	0	0
LK-7133065	Step 2 Part 2	Step 2 part 2	GND	2100	121	0	1890	10	0	0	0	0
LK-7133070	Pothanegama	Pothanegama	GND	3229	0	0	0	0	0	0	0	0
LK-7133075	Step 3 Part 3	Step 3 part 3	GND	5067	15	0	169	0	0	0	0	0
LK-7133080	Step 2 Part 1	Step2 part 1	GND	3343	0	0	292	0	0	0	0	0
LK-7133085	Step 2 Part 4	Step 2 part 4	GND	3273	23	0	58	0	0	0	0	0
LK-7133090	Wanniyankulama Kotasa 4	Wanniyankulama Kotasa 4	GND	1954	0	0	0	0	0	0	0	0
LK-7133095	Wanniyankulama Kotasa 5	Wanniyankulama Kotasa 5	GND	2208	0	0	0	0	0	0	0	0
LK-7133100	Wanniyankulama Kotasa 6	Wanniyankulama Kotasa 6	GND	2131	0	0	26	0	0	0	0	0
LK-7133105	Gnanikulama	Gnanikulama	GND	1632	0	0	0	0	0	0	0	0
LK-7133110	Kawarakkulama	Kawarakkulama	GND	2680	0	0	0	0	0	0	0	0
LK-7133115	Mahapaladikulama	MahaPaladikulama	GND	3174	0	0	0	0	0	0	0	0
LK-7133120	Step 3 Part 1	Step 3 part 1	GND	3055	14	0	107	0	0	0	0	0
LK-7133125	Step 3 Part 2	Step 3 part 2	GND	3440	0	0	0	0	0	0	0	0
LK-7133130	Wanniyankulama Kotasa 3	Wanniyankulama kotasa 3	GND	1537	0	0	0	0	0	0	0	0
LK-7133135	Wanniyankulama Kotasa 1	Wanniyankulama kotasa 1	GND	3311	0	0	0	0	0	0	0	0
LK-7133140	Wanniyankulama Kotasa 2	Wanniyankulama kotasa 2	GND	2051	0	0	0	0	0	0	0	0
LK-7133145	Sucharithagama	Sucharithagama	GND	1745	0	0	0	0	0	0	0	0
LK-7136	Nachchaduwa	Nachchaduwa	DSD	24629	0	0	3574	0	0	0	0	0
LK-7136005	Kimbulakada	Kimbulakada	GND	1980	0	0	0	0	0	0	0	0
LK-7136010	Shrawasthipura	Shrawasthipura	GND	2204	0	0	209	0	0	0	0	0
LK-7136015	Kuda Nelubewa	Kuda Nelubewa	GND	1151	0	0	174	0	0	0	0	0
LK-7136020	Shrawasthiwatta	Shrawasthiwatta	GND	1761	0	0	0	0	0	0	0	0
LK-7136025	Aluthwewa	Aluthwewa	GND	2025	0	0	0	0	0	0	0	0
LK-7136030	Amane	Amane	GND	1717	0	0	15	0	0	0	0	0
LK-7136035	Maha Nelubewa	Maha Nelubewa	GND	1267	0	0	0	0	0	0	0	0
LK-7136040	Divulwewa	Divulwewa	GND	1172	0	0	0	0	0	0	0	0
LK-7136045	Hidogama	Hidogama	GND	1652	0	0	0	0	0	0	0	0
LK-7136050	Pawakkulama	Pawakkulama	GND	1196	0	0	0	0	0	0	0	0
LK-7136055	Kaluvila North	Kaluvila North	GND	985	0	0	0	0	0	0	0	0
LK-7136060	Madawalagama	Madawalagama	GND	673	0	0	0	0	0	0	0	0
LK-7136065	Nachchadoowa	Nachchaduwa	GND	0	0	0	1092	0	0	0	0	0
LK-7136070	Nachchadoowa New Town	Nachchaduwa New Town	GND	17	0	0	2084	0	0	0	0	0
LK-7136075	Palayakulama	Palayakulama	GND	1390	0	0	0	0	0	0	0	0
LK-7136080	Suhadagama	Suhadagama	GND	1351	0	0	0	0	0	0	0	0
LK-7136085	Thuruvila	Thuruwila	GND	1594	0	0	0	0	0	0	0	0
LK-7136090	Kaluarachchiyagama	Kaluarachchiyagama	GND	1278	0	0	0	0	0	0	0	0
LK-7136095	Pahalawewa	Pahalawewa	GND	1216	0	0	0	0	0	0	0	0
LK-7139	Nochchiyagama	Nochchiyagama	DSD	52819	181	0	2375	0	0	0	0	0
LK-7139005	Kukulkatuwa	Kukulkatuwa	GND	757	0	0	0	0	0	0	0	0
LK-7139010	Ittikulama	Ittikulama	GND	923	0	0	0	0	0	0	0	0
LK-7139015	Ranorawa	Ranorawa	GND	427	0	0	0	0	0	0	0	0
LK-7139020	Mahalindawewa	Mahalindawewa	GND	110	0	0	0	0	0	0	0	0
LK-7139025	Bogahawewa	Bogahawewa	GND	1730	0	0	0	0	0	0	0	0
LK-7139030	Ambagahawewa	Ambagahawewa	GND	850	0	0	0	0	0	0	0	0
LK-7139035	Ehetuwagama	Ehetuwagama	GND	1035	0	0	0	0	0	0	0	0
LK-7139040	Thalgaswewa	Thalgaswewa	GND	943	0	0	0	0	0	0	0	0
LK-7139045	Hunuvilagama	Hunuvilagama	GND	968	0	0	0	0	0	0	0	0
LK-7139050	Horuvila	Horuvila	GND	981	0	0	0	0	0	0	0	0
LK-7139055	Lindawewa	Lindawewa	GND	1316	0	0	0	0	0	0	0	0
LK-7139060	Kusumpura	Kusumpura	GND	1932	0	0	485	0	0	0	0	0
LK-7139065	Mudithagama	Mudithagama	GND	3319	22	0	287	0	0	0	0	0
LK-7139070	Ralapanawagama	Ralapanawagama	GND	1682	0	0	0	0	0	0	0	0
LK-7139075	Adampane	Adampane	GND	1400	0	0	0	0	0	0	0	0
LK-7139080	Andarawewa	Andarawewa	GND	1701	0	0	0	0	0	0	0	0
LK-7139085	Ralapanawa Colony	Ralapanawa Colony	GND	1722	0	0	0	0	0	0	0	0
LK-7139090	Nochchiyagama	Nochchiyagama	GND	1835	159	0	1603	0	0	0	0	0
LK-7139095	Dunudambuwewa	Dunudambuwewa	GND	1397	0	0	0	0	0	0	0	0
LK-7139100	Thimbiriwewa	Thimbiriwewa	GND	1285	0	0	0	0	0	0	0	0
LK-7139105	Katupathwewa	Katupathwewa	GND	1353	0	0	0	0	0	0	0	0
LK-7139110	Pahala Maragahawewa	Pahala Maragahawewa	GND	1006	0	0	0	0	0	0	0	0
LK-7139115	Nelawagama	Nelawagama	GND	2245	0	0	0	0	0	0	0	0
LK-7139120	Pahala Halmillewa	Pahala Halmillewa	GND	2065	0	0	0	0	0	0	0	0
LK-7139125	Halmillakulama	Halmillakulama	GND	2348	0	0	0	0	0	0	0	0
LK-7139130	Dunupothagama	Dunupothagama	GND	1165	0	0	0	0	0	0	0	0
LK-7139135	Dombawalagama	Dombawalagama	GND	1612	0	0	0	0	0	0	0	0
LK-7139140	Pahamunegama	Pahamunegama	GND	1727	0	0	0	0	0	0	0	0
LK-7139145	Navakkulama	Navakkulama	GND	1757	0	0	0	0	0	0	0	0
LK-7139150	Galadivulwewa	Galadivulwewa	GND	1003	0	0	0	0	0	0	0	0
LK-7139155	Jayagama	Jayagama	GND	1258	0	0	0	0	0	0	0	0
LK-7139160	Amunukole	Amunukole	GND	2111	0	0	0	0	0	0	0	0
LK-7139165	Mihiripura	Mihiripura	GND	1066	0	0	0	0	0	0	0	0
LK-7139170	Pahala Kedithokkuwa	Pahala Kedithokkuwa	GND	1452	0	0	0	0	0	0	0	0
LK-7139175	Rankethgama	Rankethgama	GND	2464	0	0	0	0	0	0	0	0
LK-7139180	Ottappuwa	Ottappuwa	GND	1874	0	0	0	0	0	0	0	0
LK-7142	Rajanganaya	Rajanganaya	DSD	36195	11	0	0	0	0	0	0	0
LK-7142005	Track 13,18	Thulana Track 18	GND	1712	0	0	0	0	0	0	0	0
LK-7142010	Track 16,17	Track 16, 17	GND	3626	0	0	0	0	0	0	0	0
LK-7142015	Veheragala	Veheragala	GND	2977	0	0	0	0	0	0	0	0
LK-7142020	Yaya 12	Track 12	GND	1585	0	0	0	0	0	0	0	0
LK-7142025	Track 09 - 10	Track 09 - 10	GND	1995	0	0	0	0	0	0	0	0
LK-7142030	Track 11	Track 11	GND	1317	0	0	0	0	0	0	0	0
LK-7142035	Track 15	Track 15	GND	2844	0	0	0	0	0	0	0	0
LK-7142040	Gemunupura	Gemunupura	GND	1811	0	0	0	0	0	0	0	0
LK-7142045	Track 07	Track 07	GND	1342	0	0	0	0	0	0	0	0
LK-7142050	Thumbullegama	Thumbullegama	GND	1553	0	0	0	0	0	0	0	0
LK-7142055	Randenigama	Randenigama	GND	1358	11	0	0	0	0	0	0	0
LK-7142060	Track 04	Track 04	GND	1340	0	0	0	0	0	0	0	0
LK-7142065	Track 03	Track 03	GND	1150	0	0	0	0	0	0	0	0
LK-7142070	Naigala	Naigala	GND	1414	0	0	0	0	0	0	0	0
LK-7142075	Thissapura	Thissapura	GND	908	0	0	0	0	0	0	0	0
LK-7142080	Maha Thimbirikalla	Maha Thimbirikalla	GND	2065	0	0	0	0	0	0	0	0
LK-7142085	Angamuwa	Angamuwa	GND	1498	0	0	0	0	0	0	0	0
LK-7142090	04 1/2 Kanuwa	4 1/2 Kanuwa	GND	1430	0	0	0	0	0	0	0	0
LK-7142095	Sirimapura	Sirimapura	GND	1299	0	0	0	0	0	0	0	0
LK-7142100	Panthiyawa	Panthiyawa	GND	1276	0	0	0	0	0	0	0	0
LK-7142105	Kalundegama	Kalundegama	GND	1695	0	0	0	0	0	0	0	0
LK-7145	Thambuththegama	Thambuttegama	DSD	46361	0	0	0	0	0	0	0	0
LK-7145005	Kongollewa	Kongollewa	GND	2730	0	0	0	0	0	0	0	0
LK-7145010	Kelegama	Kelegama	GND	1818	0	0	0	0	0	0	0	0
LK-7145015	Pahalagama	Pahalagama	GND	1712	0	0	0	0	0	0	0	0
LK-7145020	Solama	Solama	GND	1273	0	0	0	0	0	0	0	0
LK-7145025	Maha Bellankadawala	Maha Bellankadawala	GND	1887	0	0	0	0	0	0	0	0
LK-7145030	Eriyagama	Eriyagama	GND	1256	0	0	0	0	0	0	0	0
LK-7145035	Delnegama	Delnegama	GND	1408	0	0	0	0	0	0	0	0
LK-7145040	Kuda Bellankadawala	Kuda Bellankadawala	GND	1380	0	0	0	0	0	0	0	0
LK-7145045	Konwewa	Konwewa	GND	1952	0	0	0	0	0	0	0	0
LK-7145050	Jayasirigama	Jayasirigama	GND	1110	0	0	0	0	0	0	0	0
LK-7145055	Lunuwewa	Lunuwewa	GND	1321	0	0	0	0	0	0	0	0
LK-7145060	Veheragala	Veheragala	GND	2444	0	0	0	0	0	0	0	0
LK-7145065	Thammennagama	Thammennagama	GND	3854	0	0	0	0	0	0	0	0
LK-7145070	Nallachchiya	Nallachchiya	GND	2926	0	0	0	0	0	0	0	0
LK-7145075	Galviharawewa	Galviharawewa	GND	1421	0	0	0	0	0	0	0	0
LK-7145080	Thelhiriyawa	Thelhiriyawa	GND	1743	0	0	0	0	0	0	0	0
LK-7145085	Ikiriwewa	Ikiriwewa	GND	3242	0	0	0	0	0	0	0	0
LK-7145090	Musalpitiya	Musalpitiya	GND	1757	0	0	0	0	0	0	0	0
LK-7145095	Thambuttegama	Thambuttegama	GND	1838	0	0	0	0	0	0	0	0
LK-7145100	Thispanepura	Thispanepura	GND	963	0	0	0	0	0	0	0	0
LK-7145105	Makulewa	Makulewa	GND	1458	0	0	0	0	0	0	0	0
LK-7145110	Thammennawa	Thammennawa	GND	1937	0	0	0	0	0	0	0	0
LK-7145115	Mudungoda	Mudungoda	GND	1643	0	0	0	0	0	0	0	0
LK-7145120	Helambawewa	Helambawewa	GND	862	0	0	0	0	0	0	0	0
LK-7145125	Hureegaswewa	Hureegaswewa	GND	1293	0	0	0	0	0	0	0	0
LK-7145130	Weliyawa	Weliyawa	GND	1133	0	0	0	0	0	0	0	0
LK-7148	Thalawa	Thalawa	DSD	60464	67	0	563	0	0	0	0	0
LK-7148005	Daladapura	Daladapura	GND	923	0	0	0	0	0	0	0	0
LK-7148010	Pahala Thalawa	Pahala Thalawa	GND	1320	0	0	0	0	0	0	0	0
LK-7148015	Moragoda	Moragoda	GND	2123	0	0	0	0	0	0	0	0
LK-7148020	Kumbukgahawewa	Kumbukgahawewa	GND	1848	0	0	0	0	0	0	0	0
LK-7148025	Nawa Hanguranketha	Nawa Hanguranketha	GND	1878	0	0	0	0	0	0	0	0
LK-7148030	Hirigollegama	Hirigollegama	GND	1525	0	0	0	0	0	0	0	0
LK-7148035	Karagahawewa	Karagahawewa	GND	2738	0	0	0	0	0	0	0	0
LK-7148040	Ihala Thalawa	Ihala Thalawa	GND	2164	0	0	0	0	0	0	0	0
LK-7148045	Hinguruwewa	Hinguruwewa	GND	1203	25	0	0	0	0	0	0	0
LK-7148050	Korakahawewa	Korakahawewa	GND	975	0	0	0	0	0	0	0	0
LK-7148055	Kurunduwewa	Kurunduwewa	GND	2197	0	0	0	0	0	0	0	0
LK-7148060	Meegassegama	Meegassegama	GND	1784	0	0	0	0	0	0	0	0
LK-7148065	Kiralogama	Kiralogama	GND	1570	0	0	0	0	0	0	0	0
LK-7148070	Kadurugaswewa	Kadurugaswewa	GND	1127	0	0	0	0	0	0	0	0
LK-7148075	Palugaswewa	Palugaswewa	GND	2332	0	0	0	0	0	0	0	0
LK-7148080	Ketakale	Ketakale	GND	1943	0	0	0	0	0	0	0	0
LK-7148085	Rajjallegama	Rajjallegama	GND	999	0	0	0	0	0	0	0	0
LK-7148090	Eliyadivulwewa	Eliyadivulwewa	GND	1833	0	0	0	0	0	0	0	0
LK-7148095	Ihala Siyambalewa	Ihala Siyambalewa	GND	2332	0	0	0	0	0	0	0	0
LK-7148100	Eppawala	Eppawala	GND	1948	0	0	0	0	0	0	0	0
LK-7148105	Mawathawewa	Mawathawewa	GND	1249	0	0	0	0	0	0	0	0
LK-7148110	Nallamudawa	Nallamudawa	GND	1456	0	0	0	0	0	0	0	0
LK-7148115	Medagama	Medagama	GND	1555	0	0	41	0	0	0	0	0
LK-7148120	Kiriamunukole	Kiriamunukole	GND	1677	0	0	0	0	0	0	0	0
LK-7148125	Kadigawa	Kadigawa	GND	873	15	0	0	0	0	0	0	0
LK-7148130	Mediyawa	Mediyawa	GND	988	0	0	0	0	0	0	0	0
LK-7148135	Katiyawa Track 02	Katiyawa Track 02	GND	839	0	0	0	0	0	0	0	0
LK-7148140	Galwaduwagama	Galwaduwagama	GND	1216	0	0	0	0	0	0	0	0
LK-7148145	Ihala Halmillewa	Ihala Halmillewa	GND	1158	0	0	0	0	0	0	0	0
LK-7148150	Adhiranigama	Adhiranigama	GND	1749	0	0	0	0	0	0	0	0
LK-7148155	Katiyawa Track 10	Katiyawa Track 10	GND	1086	0	0	0	0	0	0	0	0
LK-7148160	Katiyawa Track 09	Katiyawa Track 09	GND	1710	0	0	0	0	0	0	0	0
LK-7148165	Katiyawa Track 01	Katiyawa Track 01	GND	2020	0	0	0	0	0	0	0	0
LK-7148170	Endagala	Endagala	GND	1538	27	0	22	0	0	0	0	0
LK-7148175	Kelesiyambalewa	Kelesiyambalewa	GND	1496	0	0	0	0	0	0	0	0
LK-7148180	Galmaduwa	Galmaduwa	GND	1006	0	0	0	0	0	0	0	0
LK-7148185	Ihalagama	Ihalagama	GND	1245	0	0	0	0	0	0	0	0
LK-7148190	Keledivulwewa	Keledivulwewa	GND	1179	0	0	0	0	0	0	0	0
LK-7148195	Katiyawa Track 06	Katiyawa Track 06	GND	1662	0	0	500	0	0	0	0	0
LK-7151	Thirappane	Thirappane	DSD	28934	68	0	2049	0	0	0	0	0
LK-7151005	Karuwalagaswewa	Karuwalagaswewa	GND	505	0	0	0	0	0	0	0	0
LK-7151010	Galkulama	Galkulama	GND	778	0	0	0	0	0	0	0	0
LK-7151015	Gnanikkulama	Gnanikkulama	GND	704	10	0	0	0	0	0	0	0
LK-7151020	Perimiyankulama	Perimiyankulama	GND	463	0	0	0	0	0	0	0	0
LK-7151025	Wannamkulama	Wannamkulama	GND	325	0	0	0	0	0	0	0	0
LK-7151030	Uttimaduwa	Uttimaduwa	GND	572	0	0	0	0	0	0	0	0
LK-7151035	Dematawewa	Dematawewa	GND	397	0	0	0	0	0	0	0	0
LK-7151040	Pairimaduwa	Pairimaduwa	GND	881	0	0	0	0	0	0	0	0
LK-7151045	Kuttikulama	Kuttikulama	GND	1032	0	0	0	0	0	0	0	0
LK-7151050	Puliyankulama	Puliyankulama	GND	889	0	0	0	0	0	0	0	0
LK-7151055	Mawathawewa	Mawathawewa	GND	465	0	0	0	0	0	0	0	0
LK-7151060	Periyakulama	Periyakulama	GND	430	0	0	0	0	0	0	0	0
LK-7151065	Ethungama South	Ethungama South	GND	996	0	0	0	0	0	0	0	0
LK-7151070	Meewellewa	Meewellewa	GND	1161	0	0	0	0	0	0	0	0
LK-7151075	Ethungama North	Ethungama North	GND	1125	0	0	0	0	0	0	0	0
LK-7151080	Aluth Punchikulama	Aluth Punchikulama	GND	996	0	0	0	0	0	0	0	0
LK-7151085	Wannammaduwa	Wannammaduwa	GND	1043	0	0	0	0	0	0	0	0
LK-7151090	Thirappane Kadaweediya	Thirappane Kadaweediya	GND	926	26	0	0	0	0	0	0	0
LK-7151095	Thirappanegama	Thirappanegama	GND	826	32	0	0	0	0	0	0	0
LK-7151100	Sembukulama	Sembukulama	GND	561	0	0	293	0	0	0	0	0
LK-7151105	Wellamudawa	Wellamudawa	GND	693	0	0	0	0	0	0	0	0
LK-7151110	Selesthimaduwa	Selesthimaduwa	GND	1009	0	0	0	0	0	0	0	0
LK-7151115	Idigahawewa	Idigahawewa	GND	473	0	0	0	0	0	0	0	0
LK-7151120	Paindikulama	Pindikulama	GND	677	0	0	0	0	0	0	0	0
LK-7151125	Walagambahuwa	Walagambahuwa	GND	511	0	0	0	0	0	0	0	0
LK-7151130	Mahakanumulla	Mahakanumulla	GND	397	0	0	0	0	0	0	0	0
LK-7151135	Alisthana	Alisthana	GND	1258	0	0	0	0	0	0	0	0
LK-7151140	Dayagama	Dayagama	GND	329	0	0	0	0	0	0	0	0
LK-7151145	Wanamal Uyana	Wanamal Uyana	GND	1220	0	0	0	0	0	0	0	0
LK-7151150	Manakkulama	Manakkulama	GND	678	0	0	0	0	0	0	0	0
LK-7151155	Pethis Rambewa	Pethis Rambewa	GND	764	0	0	0	0	0	0	0	0
LK-7151160	Kattamurichchana	Kattamurichchana	GND	813	0	0	0	0	0	0	0	0
LK-7151165	Kandupagama	Kandupagama	GND	618	0	0	0	0	0	0	0	0
LK-7151170	Labunoruwa	Labunoruwa	GND	1104	0	0	0	0	0	0	0	0
LK-7151175	Pahala Ambathale	Pahala Ambathale	GND	271	0	0	0	0	0	0	0	0
LK-7151180	Ihala Ambathale	Ihala Ambathale	GND	1255	0	0	0	0	0	0	0	0
LK-7151185	Alagollewa	Alagollewa	GND	743	0	0	0	0	0	0	0	0
LK-7151190	Muriyakadawala	Muriyakadawala	GND	548	0	0	0	0	0	0	0	0
LK-7151195	Amunichchiya	Amunichchiya	GND	498	0	0	0	0	0	0	0	0
LK-7151200	Sandapagama	Sandapagama	GND	0	0	0	770	0	0	0	0	0
LK-7151205	Uttupitiya	Uttupitiya	GND	0	0	0	986	0	0	0	0	0
LK-7154	Kekirawa	Kekirawa	DSD	51062	1373	29	12692	19	0	0	0	0
LK-7154005	Navakkulama	Navakkulama	GND	1097	0	0	0	0	0	0	0	0
LK-7154010	Moragoda	Moragoda	GND	905	0	0	0	0	0	0	0	0
LK-7154015	Mahadivulwewa	Mahadivulwewa	GND	591	0	0	0	0	0	0	0	0
LK-7154020	Keeriyagaswewa	Keeriyagaswewa	GND	431	0	0	0	0	0	0	0	0
LK-7154025	Ihala Puliyankulama	Ihala Puliyankulama	GND	723	0	0	930	0	0	0	0	0
LK-7154030	Kelepuliyankulama	Kelepuliyankulama	GND	867	0	0	0	0	0	0	0	0
LK-7154035	Maradankadawala	Maradankadawala	GND	2200	36	15	627	0	0	0	0	0
LK-7154040	Thoruwewa	Thoruwewa	GND	663	0	0	0	0	0	0	0	0
LK-7154045	Maminiyawa	Maminiyawa	GND	597	0	0	0	0	0	0	0	0
LK-7154050	Maminiya Rambewa	Maminiya Rambewa	GND	819	0	0	667	0	0	0	0	0
LK-7154055	Ganewalpola	Ganewalpola	GND	51	0	0	1697	0	0	0	0	0
LK-7154060	Heenukkiriyawa	Heenukkiriyawa	GND	848	20	14	386	0	0	0	0	0
LK-7154065	Embulgaswewa	Embulgaswewa	GND	672	0	0	0	0	0	0	0	0
LK-7154070	Olukarada	Olukarada	GND	791	0	0	0	0	0	0	0	0
LK-7154075	Kollankuttigama	Kollankuttigama	GND	680	0	0	983	0	0	0	0	0
LK-7154080	Mudaperumagama	Mudaperumagama	GND	807	0	0	0	0	0	0	0	0
LK-7154085	Ihalagama	Ihalagama	GND	858	0	0	0	0	0	0	0	0
LK-7154090	Shasthrawelliya	Shasthrawelliya	GND	523	0	0	0	0	0	0	0	0
LK-7154095	Railway Town	Railway Town	GND	1199	0	0	0	0	0	0	0	0
LK-7154100	Maradankadawala Road	Maradankadawala Road	GND	1136	0	0	337	0	0	0	0	0
LK-7154105	Maldenipura	Maldenipura	GND	1140	11	0	96	0	0	0	0	0
LK-7154110	Mankadawala	Mankadawala	GND	682	17	0	0	0	0	0	0	0
LK-7154115	Medawewa	Medawewa	GND	697	0	0	0	0	0	0	0	0
LK-7154120	Pothanegama	Pothanegama	GND	2128	0	0	0	0	0	0	0	0
LK-7154125	Kuda Kekirawa	Kuda Kekirawa	GND	1431	58	0	260	0	0	0	0	0
LK-7154130	Kekirawa Town	Kekirawa Town	GND	195	287	0	374	0	0	0	0	0
LK-7154135	Malawa	Malawa	GND	1048	359	0	89	0	0	0	0	0
LK-7154140	Neekiniyawa	Neekiniyawa	GND	1264	0	0	0	0	0	0	0	0
LK-7154145	Mailagaswewa	Mailagaswewa	GND	799	0	0	0	0	0	0	0	0
LK-7154150	Karukkankulama	Karukkankulama	GND	726	0	0	0	0	0	0	0	0
LK-7154155	Olombewa	Olombewa	GND	1117	316	0	785	0	0	0	0	0
LK-7154160	Maha Kekirawa	Maha Kekirawa	GND	2151	197	0	481	19	0	0	0	0
LK-7154165	Kumbukwewa	Kumbukwewa	GND	1091	0	0	0	0	0	0	0	0
LK-7154170	Rathmallewa	Rathmallewa	GND	771	0	0	0	0	0	0	0	0
LK-7154175	Medagama	Medagama	GND	726	0	0	0	0	0	0	0	0
LK-7154180	Korasagalla	Korasagalla	GND	761	0	0	0	0	0	0	0	0
LK-7154185	Unagollewa	Unagollewa	GND	416	0	0	557	0	0	0	0	0
LK-7154190	Horapola	Horapola	GND	656	13	0	882	0	0	0	0	0
LK-7154195	Dambewatana	Dambewatana	GND	1258	0	0	106	0	0	0	0	0
LK-7154200	Uduruwa	Uduruwa	GND	1157	0	0	0	0	0	0	0	0
LK-7154205	Nidigama	Nidigama	GND	951	12	0	1040	0	0	0	0	0
LK-7154210	Maha Elagamuwa	Maha Elagamuwa	GND	1970	0	0	12	0	0	0	0	0
LK-7154215	Pallehingura	Pallehingura	GND	767	0	0	0	0	0	0	0	0
LK-7154220	Nelbegama	Nelbegama	GND	546	0	0	0	0	0	0	0	0
LK-7154225	Murungahitikanda	Murungahitikanda	GND	1299	37	0	97	0	0	0	0	0
LK-7154230	Baravila	Baravila	GND	523	0	0	17	0	0	0	0	0
LK-7154235	Bandarapothana	Bandarapothana	GND	0	0	0	1646	0	0	0	0	0
LK-7154240	Kotagala	Kotagala	GND	1117	0	0	0	0	0	0	0	0
LK-7154245	Madatugama	Madatugama	GND	1492	10	0	428	0	0	0	0	0
LK-7154250	Dunumadalawa	Dunumadalawa	GND	1028	0	0	195	0	0	0	0	0
LK-7154255	Kandalama West	Kandalama West	GND	1338	0	0	0	0	0	0	0	0
LK-7154260	Kithulhitiyawa	Kithulhitiyawa	GND	1361	0	0	0	0	0	0	0	0
LK-7154265	Kandalama East	Kandalama East	GND	1998	0	0	0	0	0	0	0	0
LK-7157	Palugaswewa	Palugaswewa	DSD	17827	163	0	0	0	0	0	0	0
LK-7157005	Maithrigama	Maithreegama	GND	485	0	0	0	0	0	0	0	0
LK-7157010	Maha Rambawewa	Maharabawewa	GND	761	0	0	0	0	0	0	0	0
LK-7157015	Madawala	Madawala	GND	1284	0	0	0	0	0	0	0	0
LK-7157020	Eppawala	Eppawala	GND	1061	0	0	0	0	0	0	0	0
LK-7157025	Galapitagala	Galapitagala	GND	463	0	0	0	0	0	0	0	0
LK-7157030	Kumbukwewa	Kumbukwewa	GND	765	0	0	0	0	0	0	0	0
LK-7157035	Senadhiriyagama	Senadhiriyagama	GND	1026	0	0	0	0	0	0	0	0
LK-7157040	Horivila	Horivila	GND	1290	0	0	0	0	0	0	0	0
LK-7157045	Palugaswewa	Palugaswewa	GND	1184	0	0	0	0	0	0	0	0
LK-7157050	Kuda Rambawewa	Kuda Rambawewa	GND	844	0	0	0	0	0	0	0	0
LK-7157055	Habarana	Habarana	GND	3586	106	0	0	0	0	0	0	0
LK-7157060	Demuththewa	Demuththewa	GND	445	0	0	0	0	0	0	0	0
LK-7157065	Kelewa	Kelewa	GND	1203	0	0	0	0	0	0	0	0
LK-7157070	Wayaulpatha	Wayaulpatha	GND	1057	0	0	0	0	0	0	0	0
LK-7157075	Hiriwadunna	Hiriwadunna	GND	1169	0	0	0	0	0	0	0	0
LK-7157080	Kashyapagama	Kashyapagama	GND	1204	57	0	0	0	0	0	0	0
LK-7160	Ipalogama	Ipalogama	DSD	35434	54	19	6164	0	0	0	0	0
LK-7160005	Dikwewa Senapura	Dikwewa-Senapura	GND	1968	22	0	16	0	0	0	0	0
LK-7160010	Galagedara Gama	Galagedara Gama	GND	291	0	0	0	0	0	0	0	0
LK-7160015	Senapuragama	Senapura Gama	GND	496	0	0	88	0	0	0	0	0
LK-7160020	Mahailuppallama	Mahailuppallama	GND	1050	0	0	58	0	0	0	0	0
LK-7160025	Gonapathirawa	Gonapathirawa	GND	1639	0	0	0	0	0	0	0	0
LK-7160030	Sangattewa	Sangattewa	GND	1837	0	0	0	0	0	0	0	0
LK-7160035	Kadiyangalla	Kadiyangalla	GND	1562	0	0	0	0	0	0	0	0
LK-7160040	Ipalogama	Ipalogama	GND	1219	0	0	0	0	0	0	0	0
LK-7160045	Manewa	Manewa	GND	822	0	0	0	0	0	0	0	0
LK-7160050	Heenukwegama	Heenukwe Gama	GND	564	0	0	0	0	0	0	0	0
LK-7160055	Dampelassagama	Dampelessa Gama	GND	931	0	0	0	0	0	0	0	0
LK-7160060	Ihala Kagama	Ihala Kagama	GND	947	0	0	0	0	0	0	0	0
LK-7160065	Kunchikulama	Kunchikulama	GND	5728	0	0	15	0	0	0	0	0
LK-7160070	Hiripitiyagama	Hiripitiya Gama	GND	2013	10	0	0	0	0	0	0	0
LK-7160075	Aswedduma	Aswedduma	GND	791	0	0	0	0	0	0	0	0
LK-7160080	Ganthiriyagama	Ganthiriya Gama	GND	1198	0	0	0	0	0	0	0	0
LK-7160085	Galwanguwa	Galwanguwa	GND	1235	0	0	0	0	0	0	0	0
LK-7160090	Wedinigama	Wedinigama	GND	998	0	0	0	0	0	0	0	0
LK-7160095	Narangallegama	Narangallegama	GND	877	0	0	14	0	0	0	0	0
LK-7160100	Kallanchiyagama	Kallanchiya Gama	GND	486	0	0	1198	0	0	0	0	0
LK-7160105	Aluth Dambewatana	Aluth Dambewatana	GND	413	0	0	11	0	0	0	0	0
LK-7160110	Kagama 5 Ela	Kagama 5 Ela	GND	774	0	0	251	0	0	0	0	0
LK-7160115	2 Ela - Kagama	2 Ela Kagama	GND	747	0	0	0	0	0	0	0	0
LK-7160120	Akkara 500	Akkara 500	GND	838	0	0	15	0	0	0	0	0
LK-7160125	Amunuwetiya	Amunuwetiya	GND	0	0	0	1068	0	0	0	0	0
LK-7160130	Puliyankulama	Puliyankulama	GND	1903	10	0	0	0	0	0	0	0
LK-7160135	Vijithapura	Vijithapura	GND	808	12	0	195	0	0	0	0	0
LK-7160140	Amanakkattuwa	Amanakkattuwa	GND	247	0	0	14	0	0	0	0	0
LK-7160145	Kalawewa	Kalawewa	GND	0	0	19	981	0	0	0	0	0
LK-7160150	Kusalanagama	Kusalanagama	GND	63	0	0	1771	0	0	0	0	0
LK-7160155	Palugaswewa Farm	Palugaswewa Farm	GND	1012	0	0	357	0	0	0	0	0
LK-7160160	Walawwegama	Walawwegama	GND	1977	0	0	112	0	0	0	0	0
LK-7163	Galnewa	Galnewa	DSD	36635	83	0	2691	0	0	0	0	0
LK-7163005	Namalgamuwa	Namalgamuwa	GND	1366	0	0	0	0	0	0	0	0
LK-7163010	Obadayagama	Obadayagama	GND	1602	0	0	0	0	0	0	0	0
LK-7163015	Otunupelandigama	Otunupelandigama	GND	1759	0	0	0	0	0	0	0	0
LK-7163020	Karuwalagaswewa	Karuwalagaswewa	GND	2295	0	0	0	0	0	0	0	0
LK-7163025	Usgala Halmillawewa	Usgala Halmillawewa	GND	1307	0	0	0	0	0	0	0	0
LK-7163030	Helabodugama	Helabodu Gama	GND	1999	0	0	0	0	0	0	0	0
LK-7163035	Kattaragama	Kattaragama	GND	1280	0	0	0	0	0	0	0	0
LK-7163040	Bulnewa	Bulnewa	GND	1826	0	0	0	0	0	0	0	0
LK-7163045	Thorane Gama	Thorane Gama	GND	1437	0	0	0	0	0	0	0	0
LK-7163050	Midellewa	Midellewa	GND	2084	0	0	0	0	0	0	0	0
LK-7163055	Ihala Kalankuttiya	Ihala Kalankuttiya	GND	1576	0	0	0	0	0	0	0	0
LK-7163060	Pahala Kalankuttiya	Pahala Kalankuttiya	GND	1534	0	0	0	0	0	0	0	0
LK-7163065	Siyambalewa	Siyambalewa	GND	817	0	0	0	0	0	0	0	0
LK-7163070	Lolugaswewa	Lolugaswewa	GND	1337	0	0	0	0	0	0	0	0
LK-7163075	Pitiye Yaya	Pitiye Yaya	GND	1559	0	0	0	0	0	0	0	0
LK-7163080	Galnewagama	Galnewa Gama	GND	1159	0	0	0	0	0	0	0	0
LK-7163085	Galnewa Town	Galnewa Town	GND	657	0	0	13	0	0	0	0	0
LK-7163090	Malbaligala	Malbaligala	GND	1976	0	0	0	0	0	0	0	0
LK-7163095	Hadungama	Hadungama	GND	1182	0	0	0	0	0	0	0	0
LK-7163100	Musnawa	Musnawa	GND	747	0	0	0	0	0	0	0	0
LK-7163105	Kala - Medawachchiya	Kala-Medawachchiya	GND	1703	0	0	0	0	0	0	0	0
LK-7163110	Kumbukwewa	Kumbukwewa	GND	267	0	0	0	0	0	0	0	0
LK-7163115	Kallanchiya	Kallanchiya	GND	730	0	0	14	0	0	0	0	0
LK-7163120	Negama	Negama	GND	0	10	0	1490	0	0	0	0	0
LK-7163125	Verunkulama	Verunkulama	GND	57	73	0	1174	0	0	0	0	0
LK-7163130	Walaswewa	Walaswewa	GND	2229	0	0	0	0	0	0	0	0
LK-7163135	Kandegama	Kandegama	GND	646	0	0	0	0	0	0	0	0
LK-7163140	Kandulegama	Kandule Gama	GND	228	0	0	0	0	0	0	0	0
LK-7163145	Kandulugamuwa	Kandulugamuwa	GND	591	0	0	0	0	0	0	0	0
LK-7163150	Siyambalangamuwa South	Siyambalangamuwa South	GND	685	0	0	0	0	0	0	0	0
LK-7166	Palagala	Palagala	DSD	32544	75	0	5770	0	0	0	0	0
LK-7166005	Nelliyagama	Nelliyagama	GND	14	24	0	1180	0	0	0	0	0
LK-7166010	Balaluwewa 2	Balaluwewa 2	GND	20	0	0	983	0	0	0	0	0
LK-7166015	Balaluwewa1	Balaluwewa	GND	259	0	0	746	0	0	0	0	0
LK-7166020	Pahalagama	Pahalagama	GND	744	0	0	0	0	0	0	0	0
LK-7166025	Karavilagala	Karavilagala	GND	426	0	0	0	0	0	0	0	0
LK-7166030	Gam Sabha Halmilla Wewa	Gam Sabha Halmilla Wewa	GND	1378	0	0	0	0	0	0	0	0
LK-7166035	Gonadeniyagama	Gonadeniyagama	GND	979	0	0	0	0	0	0	0	0
LK-7166040	Meewewa	Meewewa	GND	443	0	0	0	0	0	0	0	0
LK-7166045	Ambagaswewa	Ambagaswewa	GND	671	0	0	0	0	0	0	0	0
LK-7166050	Wambatuwewa	Wambatuwewa	GND	712	0	0	0	0	0	0	0	0
LK-7166055	Hinguruwewa	Hinguruwewa	GND	901	0	0	0	0	0	0	0	0
LK-7166060	Kirindiwatta	Kirindiwatta	GND	933	0	0	0	0	0	0	0	0
LK-7166065	Aluth Galkiriyagama	Aluth Galkiriyagama	GND	1332	0	0	0	0	0	0	0	0
LK-7166070	Daniyagama	Daniyagama	GND	1224	0	0	0	0	0	0	0	0
LK-7166075	Undurawa Halmilla Wewa	Undurawa Halmillawewa	GND	798	0	0	0	0	0	0	0	0
LK-7166080	Katukeliyawa	Katukeliyawa	GND	11	41	0	1335	0	0	0	0	0
LK-7166085	Aluth Kadadugama	Aluth Kadadugama	GND	15	0	0	1475	0	0	0	0	0
LK-7166090	Ranawa	Ranawa	GND	1929	0	0	51	0	0	0	0	0
LK-7166095	Hinguruwelpitiya	Hinguruwelpitiya	GND	1244	0	0	0	0	0	0	0	0
LK-7166100	Anakatawewa	Anakatawewa	GND	1840	0	0	0	0	0	0	0	0
LK-7166105	Giranegama	Giranegama	GND	2598	0	0	0	0	0	0	0	0
LK-7166110	Dambulu Halmilla Wewa	Dambuluhalmillawewa	GND	1438	0	0	0	0	0	0	0	0
LK-7166115	Narangaswewa	Narangaswewa	GND	1262	0	0	0	0	0	0	0	0
LK-7166120	Ulpathagama	Ulpathagama	GND	1241	10	0	0	0	0	0	0	0
LK-7166125	Ellawewa	Ellawewa	GND	1158	0	0	0	0	0	0	0	0
LK-7166130	Andiyagala	Andiyagala	GND	971	0	0	0	0	0	0	0	0
LK-7166135	Maneruwa	Maneruwa	GND	770	0	0	0	0	0	0	0	0
LK-7166140	Ipulwehera	Ipulwehera	GND	966	0	0	0	0	0	0	0	0
LK-7166145	Gambirigaswewa	Gambirigaswewa	GND	707	0	0	0	0	0	0	0	0
LK-7166150	Parawahagama	Parawahagama	GND	1000	0	0	0	0	0	0	0	0
LK-7166155	Kalugala	Kalugala	GND	1362	0	0	0	0	0	0	0	0
LK-7166160	Pelbendiyawa	Pelbendiyawa	GND	740	0	0	0	0	0	0	0	0
LK-7166165	Morotte Gama	Morottegama	GND	993	0	0	0	0	0	0	0	0
LK-7166170	Dematagollagama	Dematagollagama	GND	702	0	0	0	0	0	0	0	0
LK-7166175	Budugehinna	Budugehinna	GND	763	0	0	0	0	0	0	0	0
LK-72	Polonnaruwa	Polonnaruwa	DISTRICT	402775	7014	13	36684	12	0	0	0	221
LK-7203	Higurakgoda	Hingurakgoda	DSD	69833	105	0	550	0	0	0	0	0
LK-7203005	Sinhagama	Sinhagama	GND	1711	0	0	0	0	0	0	0	0
LK-7203010	Galoya	Galoya	GND	1539	0	0	0	0	0	0	0	0
LK-7203015	Rotawewa	Rotawewa	GND	1726	0	0	0	0	0	0	0	0
LK-7203020	Rathmale	Rathmale	GND	1025	0	0	0	0	0	0	0	0
LK-7203025	Paluwaddana	Paluwaddana	GND	950	0	0	0	0	0	0	0	0
LK-7203030	Yodha Ela	Yodha Ela	GND	1927	0	0	0	0	0	0	0	0
LK-7203035	Yatiyalpathana	Yatiyalpathana	GND	1627	0	0	0	0	0	0	0	0
LK-7203040	Rankothgama	Rankothgama	GND	1396	0	0	0	0	0	0	0	0
LK-7203045	Siriketha	Siriketha	GND	1119	0	0	0	0	0	0	0	0
LK-7203050	Kumaragama	Kumaragama	GND	1097	0	0	0	0	0	0	0	0
LK-7203055	Samapura	Samapura	GND	1976	12	0	0	0	0	0	0	0
LK-7203060	Kimbulawala	Kimbulawala	GND	1504	0	0	0	0	0	0	0	0
LK-7203065	Ulpathwewa	Ulpathwewa	GND	1363	0	0	0	0	0	0	0	0
LK-7203070	Minihirigama	Minihirigama	GND	910	0	0	0	0	0	0	0	0
LK-7203075	Moragaswewa	Moragaswewa	GND	2681	0	0	0	0	0	0	0	0
LK-7203080	Mahasengama	Mahasengama	GND	1040	0	0	0	0	0	0	0	0
LK-7203085	Bathgampattuwa	Bathgampaththuwa	GND	1789	0	0	0	0	0	0	0	0
LK-7203090	Samagipura	Samagipura	GND	1880	0	0	0	0	0	0	0	0
LK-7203095	Minneriya	Minneriya	GND	697	0	0	0	0	0	0	0	0
LK-7203100	Pasiyawewa	Pasiyawewa	GND	1375	0	0	0	0	0	0	0	0
LK-7203105	Akkara 70	Akkara 70	GND	1673	0	0	0	0	0	0	0	0
LK-7203110	R.B. 01	R.B. 01	GND	1855	0	0	0	0	0	0	0	0
LK-7203115	Pulathisigama	Pulathisigama	GND	1198	0	0	0	0	0	0	0	0
LK-7203120	Ulkatupotha	Ulkatupotha	GND	2161	12	0	0	0	0	0	0	0
LK-7203125	Bopura	Bopura	GND	1440	35	0	0	0	0	0	0	0
LK-7203130	Jayapura	Jayapura	GND	1060	0	0	0	0	0	0	0	0
LK-7203135	Hinguraka Bandaragama	Hinguraka Bandaragama	GND	1098	0	0	0	0	0	0	0	0
LK-7203140	Hinguraka	Hinguraka	GND	981	0	0	0	0	0	0	0	0
LK-7203145	Hathamuna	Hathamuna	GND	1456	0	0	0	0	0	0	0	0
LK-7203150	Hingurakgoda	Hingurakgoda	GND	492	0	0	0	0	0	0	0	0
LK-7203155	Bubula	Bubula	GND	831	0	0	0	0	0	0	0	0
LK-7203160	Raja Ela	Raja Ela	GND	1033	0	0	462	0	0	0	0	0
LK-7203165	Rajaelagama	Raja Ela Gama	GND	1251	0	0	0	0	0	0	0	0
LK-7203170	Muwanpelessa	Muwanpelessa	GND	1080	0	0	0	0	0	0	0	0
LK-7203175	C.P.Pura	C.P.Pura	GND	1290	36	0	12	0	0	0	0	0
LK-7203180	Girithale	Girithale	GND	1219	0	0	0	0	0	0	0	0
LK-7203185	Girithale Puranagama	Girithale Puranagama	GND	732	0	0	0	0	0	0	0	0
LK-7203190	Girithale Colony	Girithale Colony	GND	1474	0	0	76	0	0	0	0	0
LK-7203195	Henkolawela	Henkolawela	GND	1270	0	0	0	0	0	0	0	0
LK-7203200	Jayanthipura	Jayanthipura	GND	1564	0	0	0	0	0	0	0	0
LK-7203205	Unagalavehera West	Unagalavehera West	GND	1637	0	0	0	0	0	0	0	0
LK-7203210	Unagalavehera East	Unagalavehera East	GND	864	0	0	0	0	0	0	0	0
LK-7203215	Chandanapokuna	Chandana Pokuna	GND	1429	0	0	0	0	0	0	0	0
LK-7203220	Nagapokuna	Nagapokuna	GND	984	0	0	0	0	0	0	0	0
LK-7203225	Yaya 12 Pedesa	Track 12 Pedesa	GND	1216	0	0	0	0	0	0	0	0
LK-7203230	Chethiyagirigama	Chethiyagirigama	GND	941	0	0	0	0	0	0	0	0
LK-7203235	Weeragama	Weeragama	GND	841	0	0	0	0	0	0	0	0
LK-7203240	Yaya 05 Pedesa	Track 05 Pedesa	GND	931	0	0	0	0	0	0	0	0
LK-7203245	Wijayarajawewa	Wijayaraja Wewa	GND	1752	0	0	0	0	0	0	0	0
LK-7203250	Agbopura	Agbopura	GND	1503	0	0	0	0	0	0	0	0
LK-7203255	Katukeliyawa	Katukeliyawa	GND	905	0	0	0	0	0	0	0	0
LK-7203260	Sudukanda - Nikawewa	Sudukanda - Nikawewa	GND	969	10	0	0	0	0	0	0	0
LK-7203265	Thambalawewa	Thambalawewa	GND	1371	0	0	0	0	0	0	0	0
LK-7206	Medirigiriya	Medirigiriya	DSD	70929	0	0	1471	0	0	0	0	0
LK-7206005	Wedikachchiya	Wedikachchiya	GND	2848	0	0	0	0	0	0	0	0
LK-7206010	Jayathugama	Jayathugama	GND	1438	0	0	0	0	0	0	0	0
LK-7206015	Ekamuthugama	Ekamuthugama	GND	1350	0	0	0	0	0	0	0	0
LK-7206020	Meegaswewa	Meegaswewa	GND	1957	0	0	0	0	0	0	0	0
LK-7206025	Palliyagodella	Palliyagodella	GND	0	0	0	720	0	0	0	0	0
LK-7206030	Wadigawewa	Wadigawewa	GND	1217	0	0	0	0	0	0	0	0
LK-7206035	Senarathpura	Senarathpura	GND	2217	0	0	0	0	0	0	0	0
LK-7206040	Etambaoya	Etambaoya	GND	1185	0	0	0	0	0	0	0	0
LK-7206045	Kavuduluwewa	Kavuduluwewa (Ralapanawa)	GND	2045	0	0	0	0	0	0	0	0
LK-7206050	Meniksorowwa	Meniksorowwa	GND	1094	0	0	0	0	0	0	0	0
LK-7206055	Bisobandara	Bisobandara	GND	1901	0	0	0	0	0	0	0	0
LK-7206060	Thissapura	Thissapura	GND	1008	0	0	0	0	0	0	0	0
LK-7206065	Abhayapuragama	Abhayapuragama	GND	1838	0	0	0	0	0	0	0	0
LK-7206070	New Town	New Town	GND	2448	0	0	0	0	0	0	0	0
LK-7206075	Diggalpura	Diggalpura	GND	1413	0	0	0	0	0	0	0	0
LK-7206080	Wedehapura	Wedehapura	GND	1296	0	0	0	0	0	0	0	0
LK-7206085	Bisobandaragama	Bisobandara Gama	GND	1821	0	0	0	0	0	0	0	0
LK-7206090	Ambagaswewa	Ambagaswewa	GND	2246	0	0	0	0	0	0	0	0
LK-7206095	Jayagampura	Jayagampura	GND	734	0	0	0	0	0	0	0	0
LK-7206100	Nagarapura	Nagarapura	GND	1074	0	0	0	0	0	0	0	0
LK-7206105	Kumudupura	Kumudupura	GND	1144	0	0	0	0	0	0	0	0
LK-7206110	Damsopura	Damsopura	GND	2016	0	0	0	0	0	0	0	0
LK-7206115	Aluthwewa	Aluthwewa	GND	1550	0	0	0	0	0	0	0	0
LK-7206120	Thalakolawewa	Thalakolawewa	GND	1786	0	0	0	0	0	0	0	0
LK-7206125	Ihalagama	Ihalagama	GND	2010	0	0	0	0	0	0	0	0
LK-7206130	Wijayapura	Wijayapura	GND	998	0	0	0	0	0	0	0	0
LK-7206135	Bisouyana	Bisouyana	GND	1684	0	0	0	0	0	0	0	0
LK-7206140	Diyasenpura	Diyasenpura	GND	1913	0	0	0	0	0	0	0	0
LK-7206145	Gajabapura	Gajabapura	GND	1917	0	0	0	0	0	0	0	0
LK-7206150	Kavudulugama	Kavudulugama	GND	994	0	0	0	0	0	0	0	0
LK-7206155	Mandalagiriya	Mandalagiriya	GND	1353	0	0	0	0	0	0	0	0
LK-7206160	Medirigiriya	Medirigiriya	GND	2878	0	0	0	0	0	0	0	0
LK-7206165	Viharagama	Viharagama	GND	1349	0	0	0	0	0	0	0	0
LK-7206170	Divulankadawala	Divulankadawala	GND	1844	0	0	0	0	0	0	0	0
LK-7206175	Nelumpokuna	Nelumpokuna	GND	1380	0	0	0	0	0	0	0	0
LK-7206180	Thissa Amuna	Thissa Amuna	GND	1798	0	0	0	0	0	0	0	0
LK-7206185	Kusumpokuna	Kusumpokuna	GND	1491	0	0	0	0	0	0	0	0
LK-7206190	Wijayarajapura	Wijayarajapura	GND	1052	0	0	0	0	0	0	0	0
LK-7206195	Perakumpura	Perakumpura	GND	1509	0	0	0	0	0	0	0	0
LK-7206200	Kahambiliyawa	Kahambiliyawa	GND	1625	0	0	0	0	0	0	0	0
LK-7206205	Akbarpura	Akbarpura	GND	17	0	0	751	0	0	0	0	0
LK-7206210	Sansungama	Sansungama	GND	1253	0	0	0	0	0	0	0	0
LK-7206215	Veheragala	Veheragala	GND	1547	0	0	0	0	0	0	0	0
LK-7206220	Mahasenpura	Mahasenpura	GND	1442	0	0	0	0	0	0	0	0
LK-7206225	Yudhaganawa	Yudhaganawa	GND	3249	0	0	0	0	0	0	0	0
LK-7209	Lankapura	Lankapura	DSD	27079	11	0	12525	0	0	0	0	0
LK-7209005	Weli Ela	Weli Ela	GND	1245	0	0	0	0	0	0	0	0
LK-7209010	Mahakirimetiya	Maha Kirimetiya	GND	905	0	0	0	0	0	0	0	0
LK-7209015	Buddhayaya	Buddhayaya	GND	1171	0	0	0	0	0	0	0	0
LK-7209020	Sungavila	Sungavila	GND	56	0	0	1130	0	0	0	0	0
LK-7209025	Jayabima	Jayabima	GND	524	0	0	13	0	0	0	0	0
LK-7209030	Jayapura	Jayapura	GND	115	0	0	2695	0	0	0	0	0
LK-7209035	Nelumpura	Nelumpura	GND	334	0	0	1364	0	0	0	0	0
LK-7209040	Patunugama	Patunugama	GND	1197	0	0	0	0	0	0	0	0
LK-7209045	Munisirigama	Munisirigama	GND	980	0	0	0	0	0	0	0	0
LK-7209050	Pansalgodella	Pansalgodella	GND	1287	0	0	0	0	0	0	0	0
LK-7209055	Galamuna	Galamuna	GND	677	0	0	0	0	0	0	0	0
LK-7209060	Hingurakdamana	Hingurakdamana	GND	1174	0	0	0	0	0	0	0	0
LK-7209065	Gemunupura	Gemunupura	GND	1734	0	0	0	0	0	0	0	0
LK-7209070	Senanayakapura	Senanayakapura	GND	1015	0	0	0	0	0	0	0	0
LK-7209075	Debarella	Debarella	GND	1414	11	0	0	0	0	0	0	0
LK-7209080	Somapura	Somapura	GND	1328	0	0	0	0	0	0	0	0
LK-7209085	Abhayapura	Abhayapura	GND	1545	0	0	0	0	0	0	0	0
LK-7209090	Sanghabodhi Gama	Sanghabodhigama	GND	1125	0	0	0	0	0	0	0	0
LK-7209095	Pulasthigama	Pulasthigama	GND	1585	0	0	0	0	0	0	0	0
LK-7209100	Kegalugama	Kegalugama	GND	1473	0	0	0	0	0	0	0	0
LK-7209105	Thalpotha	Thalpotha	GND	1232	0	0	0	0	0	0	0	0
LK-7209110	Bauddhartha Gama	Bauddhartha Gama	GND	1863	0	0	0	0	0	0	0	0
LK-7209115	Lankapura	Lankapura	GND	1400	0	0	0	0	0	0	0	0
LK-7209120	Rifaipura	Rifaipura	GND	22	0	0	2086	0	0	0	0	0
LK-7209125	Alhilalpura	Alhilalpura	GND	131	0	0	2810	0	0	0	0	0
LK-7209130	Thambala	Thambala	GND	21	0	0	2296	0	0	0	0	0
LK-7209135	Onegama Muslimgama	Onegama Muslimgama	GND	15	0	0	131	0	0	0	0	0
LK-7209140	Weerapura	Weerapura	GND	1511	0	0	0	0	0	0	0	0
LK-7210	Welikanda	Welikanda	DSD	28232	3269	0	6622	0	0	0	0	0
LK-7210005	Sinhapura	Sinhapura	GND	3695	13	0	117	0	0	0	0	0
LK-7210010	Kandakaduwa	Kandakaduwa	GND	352	0	0	0	0	0	0	0	0
LK-7210015	Katuwanvila West	Katuwanvila West	GND	0	0	0	962	0	0	0	0	0
LK-7210020	Katuwanvila East	Katuwanvila East	GND	24	0	0	2205	0	0	0	0	0
LK-7210025	Kudapokuna	Kudapokuna	GND	0	342	0	732	0	0	0	0	0
LK-7210030	Muthuwella	Muthuwella	GND	592	0	0	0	0	0	0	0	0
LK-7210035	Mahindagama	Mahindagama	GND	5717	0	0	0	0	0	0	0	0
LK-7210040	Mangulpokuna	Mangulpokuna	GND	1971	32	0	0	0	0	0	0	0
LK-7210045	Ruhunuketha	Ruhunuketha	GND	580	0	0	15	0	0	0	0	0
LK-7210050	Malvila	Malvila	GND	464	0	0	0	0	0	0	0	0
LK-7210055	Nawasenapura	Senapura	GND	0	267	0	1353	0	0	0	0	0
LK-7210060	Muthugala	Muthugala	GND	19	821	0	0	0	0	0	0	0
LK-7210070	Madurangala	Madurangala	GND	799	75	0	0	0	0	0	0	0
LK-7210075	Malinda	Malinda	GND	506	0	0	0	0	0	0	0	0
LK-7210080	Sandunpitiya	Sandunpitiya	GND	577	0	0	1216	0	0	0	0	0
LK-7210085	Susirigama	Susirigama	GND	1143	0	0	0	0	0	0	0	0
LK-7210090	Monarathenna	Monarathenna	GND	750	0	0	0	0	0	0	0	0
LK-7210095	Welikanda	Welikanda	GND	1223	0	0	22	0	0	0	0	0
LK-7210100	Kadawathmaduwa	Kadawathmaduwa	GND	903	0	0	0	0	0	0	0	0
LK-7210105	Bo-Atta	Bo-Atta	GND	790	104	0	0	0	0	0	0	0
LK-7210110	Menikwela	Menikwela	GND	1115	0	0	0	0	0	0	0	0
LK-7210115	Sevanapitiya	Sevanapitiya	GND	1055	230	0	0	0	0	0	0	0
LK-7210120	Mahawewa	Mahawewa	GND	1569	35	0	0	0	0	0	0	0
LK-7210125	Karapola	Karapola	GND	19	1350	0	0	0	0	0	0	0
LK-7210130	Ginidamana	Ginidamana	GND	1106	0	0	0	0	0	0	0	0
LK-7210135	Borawewa	Borawewa	GND	620	0	0	0	0	0	0	0	0
LK-7210140	Nelumwewa	Nelumwewa	GND	912	0	0	0	0	0	0	0	0
LK-7210145	Rideepokuna	Rideepokuna	GND	734	0	0	0	0	0	0	0	0
LK-7210150	Aluthwewa	Aluthwewa	GND	997	0	0	0	0	0	0	0	0
LK-7212	Dimbulagala	Dimbulagala	DSD	82969	2584	0	0	0	0	0	0	221
LK-7212005	Manampitiya	Manampitiya	GND	867	1238	0	0	0	0	0	0	0
LK-7212010	Manampitiya East	Manampitiya East	GND	2523	21	0	0	0	0	0	0	0
LK-7212015	Dalukana	Dalukana	GND	1173	350	0	0	0	0	0	0	221
LK-7212020	Kudawewa	Kudawewa	GND	1595	0	0	0	0	0	0	0	0
LK-7212025	Medagama	Medagama	GND	1756	0	0	0	0	0	0	0	0
LK-7212030	Jayapura	Jayapura	GND	1053	0	0	0	0	0	0	0	0
LK-7212035	Wijayabapura	Wijayabapura	GND	2278	0	0	0	0	0	0	0	0
LK-7212040	Veheragama	Veheragama	GND	909	0	0	0	0	0	0	0	0
LK-7212045	Millana	Millana	GND	812	0	0	0	0	0	0	0	0
LK-7212050	Dimbulagala	Dimbulagala	GND	1067	975	0	0	0	0	0	0	0
LK-7212055	Yakkure	Yakkure	GND	878	0	0	0	0	0	0	0	0
LK-7212060	Damanewewa	Damanewewa	GND	911	0	0	0	0	0	0	0	0
LK-7212065	Pihitiwewa	Pihitiwewa	GND	1187	0	0	0	0	0	0	0	0
LK-7212070	Pahala Yakkure	Pahala Yakkure	GND	1193	0	0	0	0	0	0	0	0
LK-7212075	Maguldamana	Maguldamana	GND	1656	0	0	0	0	0	0	0	0
LK-7212080	Pelatiyawa	Pelatiyawa	GND	2072	0	0	0	0	0	0	0	0
LK-7212085	Mahaulpatha	Mahaulpatha	GND	850	0	0	0	0	0	0	0	0
LK-7212090	Bogaswewa	Bogaswewa	GND	1446	0	0	0	0	0	0	0	0
LK-7212095	Rathmalthenna	Rathmalthenna	GND	1501	0	0	0	0	0	0	0	0
LK-7212100	Track 05 Aralaganvila	Track 05 Aralaganvila	GND	1121	0	0	0	0	0	0	0	0
LK-7212105	Gomathiyaya	Gomathiyaya	GND	885	0	0	0	0	0	0	0	0
LK-7212110	Arunapura	Arunapura	GND	535	0	0	0	0	0	0	0	0
LK-7212115	Aralaganwila East	Aralaganvila	GND	1849	0	0	0	0	0	0	0	0
LK-7212120	Aralaganvila West	Aralaganvila West	GND	2725	0	0	0	0	0	0	0	0
LK-7212125	Weerana	Weerana	GND	1016	0	0	0	0	0	0	0	0
LK-7212130	Bimpokuna	Bimpokuna	GND	1154	0	0	0	0	0	0	0	0
LK-7212135	Pahala Ellewewa	Pahala Ellewewa	GND	1617	0	0	0	0	0	0	0	0
LK-7212140	Kalukele	Kalukele	GND	2929	0	0	0	0	0	0	0	0
LK-7212145	Navagaha Ela	Navagaha Ela	GND	1101	0	0	0	0	0	0	0	0
LK-7212150	Nuwaragala	Nuwaragala	GND	1268	0	0	0	0	0	0	0	0
LK-7212155	Bandanagala	Bandanagala	GND	1384	0	0	0	0	0	0	0	0
LK-7212160	Ellewewa	Ellewewa	GND	2330	0	0	0	0	0	0	0	0
LK-7212165	Ihala Ellewewa	Ihala Ellewewa	GND	2064	0	0	0	0	0	0	0	0
LK-7212170	Mahadamana	Mahadamana	GND	1565	0	0	0	0	0	0	0	0
LK-7212175	Pimburattewa West	Pimburattewa West	GND	1083	0	0	0	0	0	0	0	0
LK-7212180	Divuldamana	Divuldamana	GND	1700	0	0	0	0	0	0	0	0
LK-7212185	Nidanwala	Nidanwala	GND	752	0	0	0	0	0	0	0	0
LK-7212190	Ihalawewa	Ihalawewa	GND	1350	0	0	0	0	0	0	0	0
LK-7212195	Pimburattewa East	Pimburattewa East	GND	1383	0	0	0	0	0	0	0	0
LK-7212200	Aluthoya	Aluthoya	GND	1977	0	0	0	0	0	0	0	0
LK-7212205	Veheragala	Veheragala	GND	1287	0	0	0	0	0	0	0	0
LK-7212210	Warapitiya	Warapitiya	GND	2992	0	0	0	0	0	0	0	0
LK-7212215	Gal Eliya	Gal Eliya	GND	913	0	0	0	0	0	0	0	0
LK-7212220	Weeralanda	Weeralanda	GND	772	0	0	0	0	0	0	0	0
LK-7212225	Sandagalathenna	Sandagalathenna	GND	2055	0	0	0	0	0	0	0	0
LK-7212230	Ulpathwewa	Ulpathwewa	GND	810	0	0	0	0	0	0	0	0
LK-7212235	Alawakumbura	Alawakumbura	GND	2089	0	0	0	0	0	0	0	0
LK-7212240	Kandegama	Kandegama	GND	1330	0	0	0	0	0	0	0	0
LK-7212245	Kanichchagala	Kanichchagala	GND	903	0	0	0	0	0	0	0	0
LK-7212250	Kekuluwela	Kekulawela	GND	1376	0	0	0	0	0	0	0	0
LK-7212255	Maldeniya	Maldeniya	GND	609	0	0	0	0	0	0	0	0
LK-7212260	Meewathpura	Mewathpura	GND	2063	0	0	0	0	0	0	0	0
LK-7212265	Rankethgama	Rankethgama	GND	2141	0	0	0	0	0	0	0	0
LK-7212270	Mudungama	Mudungama	GND	2352	0	0	0	0	0	0	0	0
LK-7212275	Siripura	Siripura	GND	2481	0	0	0	0	0	0	0	0
LK-7212280	Selasumgama	Selasumgama	GND	1281	0	0	0	0	0	0	0	0
LK-7215	Thamankaduwa	Thamankaduwa	DSD	75352	969	13	15516	12	0	0	0	0
LK-7215005	Shanthipura	Shanthi Pura	GND	1736	0	0	0	0	0	0	0	0
LK-7215010	Sinhapura	Sinha Pura	GND	1207	0	0	0	0	0	0	0	0
LK-7215015	Wijayabahupura	Wijayabahu Pura	GND	1048	0	0	0	0	0	0	0	0
LK-7215020	Unagalavehera South	Unagalavehera South	GND	1019	0	0	0	0	0	0	0	0
LK-7215025	Laksha Uyana	Laksha Uyana	GND	2197	147	0	0	0	0	0	0	0
LK-7215030	Sevagama	Sevagama	GND	1930	0	0	13	0	0	0	0	0
LK-7215035	Wewethenna	Wewethenna	GND	888	0	0	0	0	0	0	0	0
LK-7215040	Monarathenna	Monarathenna	GND	1245	0	0	12	0	0	0	0	0
LK-7215045	Damana Gemunupura	Damana Gemunupura	GND	1052	0	0	0	0	0	0	0	0
LK-7215050	Kalinga Ela	Kalinga Ela	GND	1536	0	0	0	0	0	0	0	0
LK-7215055	Onegama	Onegama	GND	879	0	0	0	0	0	0	0	0
LK-7215060	Sinharajapura	Sinharajapura	GND	1237	0	0	0	0	0	0	0	0
LK-7215065	Pudur	Pudur	GND	0	0	0	685	0	0	0	0	0
LK-7215070	Medamaluwa	Medamaluwa	GND	1234	0	0	0	0	0	0	0	0
LK-7215075	Wijayarajapura	Wijayaraja Pura	GND	1060	0	0	0	0	0	0	0	0
LK-7215080	Palugasdamana 03 Ela	Palugasdamana 03 Ela	GND	1069	0	0	0	0	0	0	0	0
LK-7215085	Palugasdamana 02 Ela	Palugasdamana 02 Ela	GND	1641	0	0	0	0	0	0	0	0
LK-7215090	Palugasdamana 01 Ela	Palugasdamana 01 Ela	GND	862	0	0	0	0	0	0	0	0
LK-7215095	Palugasdamana South	Palugasdamana South	GND	1248	0	0	0	0	0	0	0	0
LK-7215100	Palugasdamana North	Palugasdamana North	GND	1043	17	0	0	0	0	0	0	0
LK-7215105	Nishshankamallapura	Nishshankamallapura	GND	2557	0	0	0	0	0	0	0	0
LK-7215110	Ethumalpitiya	Ethumalpitiya	GND	2108	28	0	0	0	0	0	0	0
LK-7215115	Nikawewa	Nikawewa	GND	1258	0	0	0	0	0	0	0	0
LK-7215120	Kadawalawewa	Kadawala Wewa	GND	1465	0	0	0	0	0	0	0	0
LK-7215125	Samudragama	Samudragama	GND	1525	0	0	0	0	0	0	0	0
LK-7215130	Sirisangabo Pedesa	Sirisangabo Pedesa	GND	2924	0	0	13	0	0	0	0	0
LK-7215135	Bendiwewa	Bendiwewa	GND	1163	0	0	0	0	0	0	0	0
LK-7215140	Galthambarawa	Galthambarawa	GND	970	0	0	0	0	0	0	0	0
LK-7215145	Kuruppu Junction	Kuruppu Junction	GND	1086	0	0	0	0	0	0	0	0
LK-7215150	Mahasen Pedesa	Mahasen Pedesa	GND	1303	10	0	0	0	0	0	0	0
LK-7215155	Kaduruwela West	Kaduruwela West	GND	1145	22	0	278	0	0	0	0	0
LK-7215160	Kaduruwela East	Kaduruwela East	GND	242	36	0	1498	0	0	0	0	0
LK-7215165	Divulana	Divulana	GND	11	0	0	1111	0	0	0	0	0
LK-7215170	Gallalla East	Gallella	GND	130	35	0	2085	0	0	0	0	0
LK-7215175	Manikkampattiya	Manikkampattiya	GND	17	52	13	2098	0	0	0	0	0
LK-7215180	Gallella West	Gallella West	GND	46	0	0	1499	0	0	0	0	0
LK-7215185	Nelumvila	Nelumvila	GND	1147	23	0	565	0	0	0	0	0
LK-7215190	Kaduruwela South	Kaduruwela South	GND	330	16	0	5534	0	0	0	0	0
LK-7215195	Perakum Pedesa	Perakum Pedesa	GND	1579	26	0	101	12	0	0	0	0
LK-7215200	Weera Pedesa	Weera Pedesa	GND	2784	0	0	0	0	0	0	0	0
LK-7215205	Pulathisi Pedesa	Pulathisi Pedesa	GND	1906	0	0	0	0	0	0	0	0
LK-7215210	Polonnaruwa Town	Polonnaruwa Town	GND	2956	16	0	12	0	0	0	0	0
LK-7215215	Thopawewa	Thopawewa	GND	1586	80	0	0	0	0	0	0	0
LK-7215220	Sinha Udagama	Sinha Udagama	GND	2299	0	0	0	0	0	0	0	0
LK-7215225	Pothgul Pedesa	Pothgul Pedesa	GND	1932	0	0	0	0	0	0	0	0
LK-7215230	Udawela	Udawela	GND	2146	13	0	0	0	0	0	0	0
LK-7215235	Ganangolla	Ganangolla	GND	2732	0	0	0	0	0	0	0	0
LK-7215240	Nishshankamalla Pedesa	Nishshankamalla Pedesa	GND	1827	0	0	0	0	0	0	0	0
LK-7215245	Mahaweli Pedesa	Mahaweli Pedesa	GND	1533	0	0	0	0	0	0	0	0
LK-7215250	Kotaleeya	Kotaleeya	GND	1189	432	0	12	0	0	0	0	0
LK-7215255	Aluthwewa East	Aluth Wewa East	GND	964	0	0	0	0	0	0	0	0
LK-7215260	Aluthwewa West	Aluth Wewa West	GND	1002	0	0	0	0	0	0	0	0
LK-7215265	Parakrama Samudraya	Parakrama Samudraya	GND	961	0	0	0	0	0	0	0	0
LK-7215270	Ambanganga	Ambanganga	GND	1984	0	0	0	0	0	0	0	0
LK-7215275	Kalahagala	Kalahagala	GND	2414	16	0	0	0	0	0	0	0
LK-7218	Elahera	Elahera	DSD	48381	76	0	0	0	0	0	0	0
LK-7218005	Ihakuluwewa	Ihakuluwewa	GND	2084	0	0	0	0	0	0	0	0
LK-7218010	Katukeliyawa	Katukeliyawa	GND	1820	0	0	0	0	0	0	0	0
LK-7218015	Diyabeduma	Diyabeduma	GND	3816	0	0	0	0	0	0	0	0
LK-7218020	Konduruwawa	Konduruwawa	GND	1671	19	0	0	0	0	0	0	0
LK-7218025	Attanakadawala West	Attanakadawala West	GND	957	26	0	0	0	0	0	0	0
LK-7218030	Radavigeoya	Radavigeoya	GND	1414	0	0	0	0	0	0	0	0
LK-7218035	Madudamana	Madudamana	GND	1553	0	0	0	0	0	0	0	0
LK-7218040	Attanakadawala North	Attanakadawala North	GND	2010	0	0	0	0	0	0	0	0
LK-7218045	Attanakadawala South	Attanakadawala South	GND	1121	0	0	0	0	0	0	0	0
LK-7218050	Ikiriwewa	Ikiriwewa	GND	2478	0	0	0	0	0	0	0	0
LK-7218055	Kahatagahapitiya	Kahatagahapitiya	GND	2004	0	0	0	0	0	0	0	0
LK-7218060	Nikapitiya	Nikapitiya	GND	2134	0	0	0	0	0	0	0	0
LK-7218065	Sarubima	Sarubima	GND	1682	0	0	0	0	0	0	0	0
LK-7218070	Segala	Segala	GND	1974	0	0	0	0	0	0	0	0
LK-7218075	Kottapitiya South	Kottapitiya South	GND	1473	0	0	0	0	0	0	0	0
LK-7218080	Somils	Somils	GND	725	0	0	0	0	0	0	0	0
LK-7218085	Gangeyaya	Gangeyaya	GND	1401	0	0	0	0	0	0	0	0
LK-7218090	Kottapitiya North	Kottapitiya North	GND	919	0	0	0	0	0	0	0	0
LK-7218095	Damanayaya	Damanayaya	GND	2270	0	0	0	0	0	0	0	0
LK-7218100	Elahera	Elahera	GND	2477	31	0	0	0	0	0	0	0
LK-7218105	Heeratiya	Heeratiya	GND	683	0	0	0	0	0	0	0	0
LK-7218110	Bakamoona	Bakamoona	GND	2120	0	0	0	0	0	0	0	0
LK-7218115	Sirikaduyaya	Sirikanduruyaya	GND	897	0	0	0	0	0	0	0	0
LK-7218120	Atharagallewa	Atharagallewa	GND	2421	0	0	0	0	0	0	0	0
LK-7218125	Maluweyaya	Maluweyaya	GND	2689	0	0	0	0	0	0	0	0
LK-7218130	Orubendi Siyambalawa	Orubendi Siyambalawa	GND	1543	0	0	0	0	0	0	0	0
LK-7218135	Kumaraella	Kumara Ella	GND	904	0	0	0	0	0	0	0	0
LK-7218140	Kirioya	Kirioya	GND	1141	0	0	0	0	0	0	0	0
LK-81	Badulla	Badulla	DISTRICT	640617	81249	95344	51764	548	499	0	0	168
LK-8103	Mahiyanganaya	Mahiyanganaya	DSD	86448	14	0	2317	0	0	0	0	168
LK-8103005	Rotalawela	Rotalawela	GND	2176	0	0	0	0	0	0	0	0
LK-8103010	Divulapelessa	Divulapelessa	GND	2549	0	0	0	0	0	0	0	0
LK-8103015	Aluyatawela	Aluyatawela	GND	2146	0	0	0	0	0	0	0	0
LK-8103020	Theldeniyaya	Theldeniyaya	GND	2542	0	0	0	0	0	0	0	0
LK-8103025	Hebarawa	Hebarawa	GND	1759	0	0	0	0	0	0	0	0
LK-8103030	Ginnoruwa	Ginnoruwa	GND	1447	0	0	0	0	0	0	0	0
LK-8103035	Belaganwewa	Belaganwewa	GND	2117	0	0	0	0	0	0	0	0
LK-8103040	Ulhitiya	Ulhitiya	GND	2068	0	0	0	0	0	0	0	0
LK-8103045	Pahala Rathkinda	Pahala Rathkinda	GND	2892	0	0	0	0	0	0	0	0
LK-8103050	Hobariyawa	Hobariyawa	GND	2640	0	0	0	0	0	0	0	0
LK-8103055	Millattawa	Millattawa	GND	2942	0	0	0	0	0	0	0	0
LK-8103060	Viranegama	Viranegama	GND	1830	0	0	0	0	0	0	0	0
LK-8103065	Aluttarama	Aluttarama	GND	1731	0	0	0	0	0	0	0	0
LK-8103070	Girandurukotte	Girandurukotte	GND	5117	0	0	0	0	0	0	0	0
LK-8103075	Bathalayaya	Bathalayaya	GND	3726	0	0	0	0	0	0	0	0
LK-8103080	Haddattawa	Haddattawa	GND	2340	0	0	0	0	0	0	0	0
LK-8103085	Meegahahena	Meegahahena	GND	2033	0	0	0	0	0	0	0	0
LK-8103090	Galporuyaya	Galporuyaya	GND	2853	0	0	0	0	0	0	0	0
LK-8103095	Beligalla	Beligalla	GND	2981	0	0	0	0	0	0	0	0
LK-8103100	Dambana	Dambana	GND	2546	0	0	0	0	0	0	0	168
LK-8103105	Kukulapola	Kukulapola	GND	1629	0	0	0	0	0	0	0	0
LK-8103110	Wewatta	Wewatta	GND	2187	0	0	0	0	0	0	0	0
LK-8103115	Thalangamuwa	Thalangamuwa	GND	2361	0	0	0	0	0	0	0	0
LK-8103120	Sorabora	Sorabora	GND	2166	0	0	0	0	0	0	0	0
LK-8103125	Wewgampaha	Wewgampaha	GND	3656	0	0	0	0	0	0	0	0
LK-8103130	Dehigolla	Dehigolla	GND	2735	0	0	0	0	0	0	0	0
LK-8103135	Elewela	Elewela	GND	2870	0	0	0	0	0	0	0	0
LK-8103140	Mahiyanganaya Town	Mahiyanganaya Town	GND	2616	14	0	15	0	0	0	0	0
LK-8103145	Poojanagaraya	Poojanagaraya	GND	2478	0	0	0	0	0	0	0	0
LK-8103150	Dambarawa	Dambarawa	GND	2709	0	0	0	0	0	0	0	0
LK-8103155	Senanigama	Senanigama	GND	2446	0	0	0	0	0	0	0	0
LK-8103160	Mapakadawewa	Mapakadawewa	GND	3360	0	0	0	0	0	0	0	0
LK-8103165	Pangaragammana	Pangaragammana	GND	911	0	0	1770	0	0	0	0	0
LK-8103170	Dambagolla	Dambagolla	GND	2022	0	0	532	0	0	0	0	0
LK-8103175	Medayaya	Medayaya	GND	1867	0	0	0	0	0	0	0	0
LK-8106	Rideemaliyadda	Rideemaliyadda	DSD	60675	93	31	0	0	0	0	0	0
LK-8106005	Orubendiwewa	Orubendiwewa	GND	1928	0	0	0	0	0	0	0	0
LK-8106010	Sangabopura	Sangabopura	GND	1467	0	0	0	0	0	0	0	0
LK-8106015	Welampele	Welampele	GND	2720	0	0	0	0	0	0	0	0
LK-8106020	Keselpotha North	Keselpotha North	GND	2236	0	0	0	0	0	0	0	0
LK-8106025	Ikiriyagoda	Ikiriyagoda	GND	1795	0	0	0	0	0	0	0	0
LK-8106030	Kandubedda	Kandubedda	GND	1130	0	0	0	0	0	0	0	0
LK-8106035	Aralupitiya	Aralupitiya	GND	1266	0	0	0	0	0	0	0	0
LK-8106040	Ekiriyankumbura	Ekiriyankumbura	GND	1585	0	0	0	0	0	0	0	0
LK-8106045	Dehigama	Dehigama	GND	2386	0	0	0	0	0	0	0	0
LK-8106050	Morana	Morana	GND	579	0	0	0	0	0	0	0	0
LK-8106055	Kudalunuka	Kudalunuka	GND	1182	0	0	0	0	0	0	0	0
LK-8106060	Aluketiyawa	Aluketiyawa	GND	725	0	0	0	0	0	0	0	0
LK-8106065	Keselpotha South	Keselpotha South	GND	1887	0	0	0	0	0	0	0	0
LK-8106070	Serana	Serana	GND	2506	0	0	0	0	0	0	0	0
LK-8106075	Arawatta	Arawatta	GND	2096	0	0	0	0	0	0	0	0
LK-8106080	Uva Gemunupura	Uva Gemunupura	GND	1983	0	0	0	0	0	0	0	0
LK-8106085	Senevigama	Senevigama	GND	2068	0	0	0	0	0	0	0	0
LK-8106090	Uva Thissapura	Uva Thissapura	GND	2595	0	0	0	0	0	0	0	0
LK-8106095	Gamakumbura North	Gamakumbura North	GND	1284	0	0	0	0	0	0	0	0
LK-8106100	Kuralewela	Kuralewela	GND	628	0	0	0	0	0	0	0	0
LK-8106105	Nagadeepa	Nagadeepa	GND	953	0	0	0	0	0	0	0	0
LK-8106110	Mahalunuka	Mahalunuka	GND	1387	0	0	0	0	0	0	0	0
LK-8106115	Pethiyagoda	Pethiyagoda	GND	1790	0	0	0	0	0	0	0	0
LK-8106120	Rideemaliyadda South	Rideemaliyadda South	GND	2019	0	0	0	0	0	0	0	0
LK-8106125	Rideemaliyadda North	Rideemaliyadda North	GND	1463	0	0	0	0	0	0	0	0
LK-8106130	Uraniya	Uraniya	GND	704	31	0	0	0	0	0	0	0
LK-8106135	Kotathalawa	Kotathalawa	GND	667	0	0	0	0	0	0	0	0
LK-8106140	Andaulpatha	Andaulpatha	GND	2027	11	0	0	0	0	0	0	0
LK-8106145	Gamakumbura South	Gamakumbura South	GND	674	0	0	0	0	0	0	0	0
LK-8106150	Abhayapura	Abhayapura	GND	1686	0	0	0	0	0	0	0	0
LK-8106155	Dikkendayaya	Dikkendayaya	GND	1257	0	0	0	0	0	0	0	0
LK-8106160	Pahalaoyagama	Pahalaoyagama	GND	1170	12	0	0	0	0	0	0	0
LK-8106165	Bubula	Bubula	GND	1170	0	0	0	0	0	0	0	0
LK-8106170	Ritigahaarawa	Ritigahaarawa	GND	537	0	0	0	0	0	0	0	0
LK-8106175	Kandegama	Kandegama	GND	901	0	0	0	0	0	0	0	0
LK-8106180	Mahagama	Mahagama	GND	1000	0	0	0	0	0	0	0	0
LK-8106185	Kuruvithenna	Kuruvithenna	GND	1797	10	0	0	0	0	0	0	0
LK-8106190	Deekirigolla	Deekirigolla	GND	909	0	0	0	0	0	0	0	0
LK-8106195	Pinnagolla	Pinnagolla	GND	1136	0	0	0	0	0	0	0	0
LK-8106200	Arawa	Arawa	GND	898	11	31	0	0	0	0	0	0
LK-8106205	Dikyaya	Dikyaya	GND	760	18	0	0	0	0	0	0	0
LK-8106210	Diyakombala	Diyakombala	GND	1724	0	0	0	0	0	0	0	0
LK-8109	Meegahakiula	Meegahakivula	DSD	20859	209	1547	0	0	0	0	0	0
LK-8109005	Karametiya	Karametiya	GND	2024	0	0	0	0	0	0	0	0
LK-8109010	Balagolla	Balagolla	GND	1564	0	0	0	0	0	0	0	0
LK-8109015	Aggalaulpatha	Aggalaulpatha	GND	1590	0	0	0	0	0	0	0	0
LK-8109020	Karandagahamada	Karandagahamada	GND	1488	0	0	0	0	0	0	0	0
LK-8109025	Polgaha Arawa	Polgaha Arawa	GND	799	0	0	0	0	0	0	0	0
LK-8109030	Polwatta	Polwatta	GND	305	0	0	0	0	0	0	0	0
LK-8109035	Watagommana	Watagommana	GND	378	15	0	0	0	0	0	0	0
LK-8109040	Roberiya	Roberiya	GND	92	194	1547	0	0	0	0	0	0
LK-8109045	Pitamaruwa	Pitamaruwa	GND	1067	0	0	0	0	0	0	0	0
LK-8109050	Wewathenna	Wewathenna	GND	543	0	0	0	0	0	0	0	0
LK-8109055	Ellanda	Ellanda	GND	765	0	0	0	0	0	0	0	0
LK-8109060	Kalugahakandura	Kalugahakandura	GND	793	0	0	0	0	0	0	0	0
LK-8109065	Komarika	Komarika	GND	1358	0	0	0	0	0	0	0	0
LK-8109070	Akurukaduwa	Akurukaduwa	GND	1854	0	0	0	0	0	0	0	0
LK-8109075	Meegahakivula	Meegahakivula	GND	1509	0	0	0	0	0	0	0	0
LK-8109080	Thaldena	Thaldena	GND	1816	0	0	0	0	0	0	0	0
LK-8109085	Kohana	Kohana	GND	617	0	0	0	0	0	0	0	0
LK-8109090	Ketawatta	Ketawatta	GND	903	0	0	0	0	0	0	0	0
LK-8109095	Morahela	Morahela	GND	613	0	0	0	0	0	0	0	0
LK-8109100	Hunuketapitiya	Hunuketapitiya	GND	781	0	0	0	0	0	0	0	0
LK-8112	Kandeketiya	Kandaketiya	DSD	25477	316	481	584	0	0	0	0	0
LK-8112005	Mahakele	Mahakele	GND	1225	0	0	0	0	0	0	0	0
LK-8112010	Baduluoya West	Baduluoya West	GND	1093	0	0	0	0	0	0	0	0
LK-8112015	Kandakepoo Ulpotha	Kandakepoo Ulpotha	GND	986	0	0	0	0	0	0	0	0
LK-8112020	Hevandana	Hevandana	GND	875	0	0	0	0	0	0	0	0
LK-8112025	Mahathenna	Mahathenna	GND	1498	0	0	0	0	0	0	0	0
LK-8112030	Baduluoya East	Baduluoya East	GND	2138	0	43	0	0	0	0	0	0
LK-8112035	Kandaketiya	Kandaketiya	GND	1019	0	0	0	0	0	0	0	0
LK-8112040	Welaoya	Welaoya	GND	996	0	0	0	0	0	0	0	0
LK-8112045	Kivulegedara	Kivulegedara	GND	1430	0	0	0	0	0	0	0	0
LK-8112050	Kirivehera	Kirivehera	GND	1222	0	0	0	0	0	0	0	0
LK-8112055	Wewathenna	Wewathenna	GND	1009	0	0	0	0	0	0	0	0
LK-8112060	Maliyadda	Maliyadda	GND	1157	0	0	0	0	0	0	0	0
LK-8112065	Pallewela	Pallewela	GND	704	0	0	0	0	0	0	0	0
LK-8112070	Mudagamuwa	Mudagamuwa	GND	834	0	0	0	0	0	0	0	0
LK-8112075	Dikkumbura	Dikkumbura	GND	797	0	0	0	0	0	0	0	0
LK-8112080	Hapathgamuwa	Hapathgamuwa	GND	720	0	0	0	0	0	0	0	0
LK-8112085	Bopitiya	Bopitiya	GND	491	0	0	0	0	0	0	0	0
LK-8112090	Bogahakumbura	Bogahakumbura	GND	830	0	0	0	0	0	0	0	0
LK-8112095	Beramada	Beramada	GND	1032	0	0	30	0	0	0	0	0
LK-8112100	Godunna	Godunna	GND	812	0	0	0	0	0	0	0	0
LK-8112105	Wasanagama	Wasanagama	GND	499	0	0	0	0	0	0	0	0
LK-8112110	Thetilla	Thetilla	GND	828	0	0	0	0	0	0	0	0
LK-8112115	Thalakumbura	Thalakumbura	GND	990	0	0	0	0	0	0	0	0
LK-8112120	Galauda	Galauda	GND	1139	0	0	183	0	0	0	0	0
LK-8112125	Bokanoruwa	Bokanoruwa	GND	999	316	36	371	0	0	0	0	0
LK-8112130	Narangala	Narangala	GND	154	0	402	0	0	0	0	0	0
LK-8115	Soranathota	Soranathota	DSD	19749	552	3796	241	0	0	0	0	0
LK-8115005	Idamepanguwa	Idamepanguwa	GND	364	0	0	0	0	0	0	0	0
LK-8115010	Budugekanda	Budugekanda	GND	554	0	0	0	0	0	0	0	0
LK-8115015	Pallekanda	Pallekanda	GND	508	0	0	0	0	0	0	0	0
LK-8115020	Boliyadda	Boliyadda	GND	1181	0	0	0	0	0	0	0	0
LK-8115025	Pathanegedara	Pathanegedara	GND	555	21	0	0	0	0	0	0	0
LK-8115030	Egodawela	Egodawela	GND	656	0	0	0	0	0	0	0	0
LK-8115035	Wattekele	Wattekele	GND	246	0	0	0	0	0	0	0	0
LK-8115040	Pussellawa	Pussellawa	GND	1180	47	0	55	0	0	0	0	0
LK-8115045	Pussellakanda	Pussellakanda	GND	1056	34	0	0	0	0	0	0	0
LK-8115050	Moragolla	Moragolla	GND	326	18	76	0	0	0	0	0	0
LK-8115055	Dikpitiya	Dikpitiya	GND	502	0	430	0	0	0	0	0	0
LK-8115060	Ledgerwatta	Ledgerwaththa	GND	61	0	858	0	0	0	0	0	0
LK-8115065	Idamegama	Idamegama	GND	920	0	508	0	0	0	0	0	0
LK-8115070	Soranathota	Soranathota	GND	907	0	0	0	0	0	0	0	0
LK-8115075	Yatilellagama	Yatilellagama	GND	861	0	0	0	0	0	0	0	0
LK-8115080	Ambagasdowa	Ambagasdowa	GND	942	0	0	0	0	0	0	0	0
LK-8115085	Ketakellagama	Ketakellagama	GND	1400	0	0	0	0	0	0	0	0
LK-8115090	Kuttiyagolla	Kuttiyagolla	GND	832	43	244	0	0	0	0	0	0
LK-8115095	Angoda	Angoda	GND	475	0	0	0	0	0	0	0	0
LK-8115100	Kosgolla	Kosgolla	GND	899	0	0	0	0	0	0	0	0
LK-8115105	Rideepana	Rideepana	GND	1731	237	47	30	0	0	0	0	0
LK-8115110	Kohovila	Kohovila	GND	1527	0	130	0	0	0	0	0	0
LK-8115115	Kithulwattagama	Kithulwattagama	GND	539	0	0	0	0	0	0	0	0
LK-8115120	Kirioruwa	Kirioruwa	GND	798	96	882	33	0	0	0	0	0
LK-8115125	Kandegedara Town	Kandegedara Town	GND	729	56	621	123	0	0	0	0	0
LK-8118	Passara	Passara	DSD	27268	6828	12755	2562	77	35	0	0	0
LK-8118005	Demodara	Demodara	GND	698	0	0	0	0	0	0	0	0
LK-8118010	Palawatta	Palawatta	GND	741	0	0	0	0	0	0	0	0
LK-8118015	Kahataruppa	Kahataruppa	GND	1002	12	0	0	0	0	0	0	0
LK-8118020	Dambakote	Dambakote	GND	1259	0	0	0	0	0	0	0	0
LK-8118025	Madugasthalawa North	Madugasthalawa North	GND	630	0	0	0	0	0	0	0	0
LK-8118030	Thalagahagedara	Thalagahagedara	GND	911	0	0	0	0	0	0	0	0
LK-8118035	Welgolla	Welgolla	GND	836	0	0	0	0	0	0	0	0
LK-8118040	Madugasthalawa South	Madugasthalawa South	GND	557	305	110	0	0	0	0	0	0
LK-8118045	Gerandiella	Gerandiella	GND	508	177	779	32	0	0	0	0	0
LK-8118050	Maligathenna	Maligathenna	GND	611	81	0	0	0	0	0	0	0
LK-8118055	Medawelagama	Medawelagama	GND	658	521	851	0	0	0	0	0	0
LK-8118060	Paramahankada	Paramahankada	GND	721	0	415	0	0	0	0	0	0
LK-8118065	Nikebedda	Nikebedda	GND	1119	100	758	0	10	10	0	0	0
LK-8118070	Udagama	Udagama	GND	1037	0	0	0	0	0	0	0	0
LK-8118075	Pelgahathenna	Pelgahathenna	GND	1147	161	1196	21	0	0	0	0	0
LK-8118080	Sapuroda	Sapuroda	GND	846	0	230	0	0	0	0	0	0
LK-8118085	Palagolla	Palagolla	GND	686	13	369	0	0	0	0	0	0
LK-8118090	Gonagala West	Gonagala West	GND	645	175	66	105	0	0	0	0	0
LK-8118095	Gonagala East	Gonagala East	GND	590	1157	15	0	0	0	0	0	0
LK-8118100	Kanahela	Kanahela	GND	454	34	685	53	0	0	0	0	0
LK-8118105	Pallegama	Pallegama	GND	411	619	15	20	0	0	0	0	0
LK-8118110	Passara Town North	Passara Town North	GND	817	113	202	437	0	0	0	0	0
LK-8118115	Passara Town South	Passara Town South	GND	351	185	0	358	0	0	0	0	0
LK-8118120	Passara Town East	Passara Town East	GND	483	16	87	430	0	25	0	0	0
LK-8118125	Ambathenna West	Ambathenna West	GND	917	388	32	665	0	0	0	0	0
LK-8118130	Thennuge	Thennuge	GND	356	0	699	245	0	0	0	0	0
LK-8118135	Meedumpitiya	Meedumpitiya	GND	365	1222	373	68	0	0	0	0	0
LK-8118140	Kudugala Pathana	Kudugala Pathana	GND	27	296	576	0	0	0	0	0	0
LK-8118145	Tholabowatta	Tholabowatta	GND	1332	13	184	0	0	0	0	0	0
LK-8118150	Ambathenna	Ambathenna	GND	515	54	0	11	0	0	0	0	0
LK-8118155	Meeriyabedda	Meeriyabedda	GND	778	715	334	62	0	0	0	0	0
LK-8118160	Puhulwatta	Puhulwatta	GND	550	10	901	0	0	0	0	0	0
LK-8118165	Maussagolla West	Maussagolla West	GND	1194	21	0	0	0	0	0	0	0
LK-8118170	Kanawerella West	Kanawerella West	GND	330	403	0	0	0	0	0	0	0
LK-8118175	Kanawerella	Kanawerella	GND	688	0	1011	0	0	0	0	0	0
LK-8118180	Kanawerella East	Kanawerella East	GND	522	37	1242	0	67	0	0	0	0
LK-8118185	Bibilegama West	Bibilegama West	GND	573	0	514	34	0	0	0	0	0
LK-8118190	Wewekele	Wewekele	GND	67	0	313	21	0	0	0	0	0
LK-8118195	Bibilegama East	Bibilegama East	GND	346	0	0	0	0	0	0	0	0
LK-8118200	Maussagolla East	Maussagolla East	GND	443	0	730	0	0	0	0	0	0
LK-8118205	Dambewela	Dambewela	GND	547	0	68	0	0	0	0	0	0
LK-8119	Lunugala	Lunugala	DSD	12890	8553	9219	1122	0	0	0	0	0
LK-8119005	Ekiriya	Ekiriya	GND	744	0	0	0	0	0	0	0	0
LK-8119010	Metigahathenna	Metigahathenna	GND	762	0	0	0	0	0	0	0	0
LK-8119015	Galwelagama	Galwelagama	GND	323	0	0	0	0	0	0	0	0
LK-8119020	Wewabedda	Wewabedda	GND	204	1207	238	0	0	0	0	0	0
LK-8119025	Janathapura North	Janathapura North	GND	425	0	0	0	0	0	0	0	0
LK-8119030	Arawakumbura	Arawakumbura	GND	750	591	151	0	0	0	0	0	0
LK-8119035	Udakiruwa	Udakiruwa	GND	438	0	0	0	0	0	0	0	0
LK-8119040	Alakolagala	Alakolagala	GND	554	460	0	0	0	0	0	0	0
LK-8119045	Udapanguwa	Udapanguwa	GND	451	450	806	42	0	0	0	0	0
LK-8119050	Lunugala Town	Lunugala Town	GND	507	229	53	630	0	0	0	0	0
LK-8119055	Janathapura South	Janathapura South	GND	372	27	0	0	0	0	0	0	0
LK-8119060	Janathapura	Janathapura	GND	791	35	309	0	0	0	0	0	0
LK-8119065	Batawatta	Batawatta	GND	87	945	0	70	0	0	0	0	0
LK-8119070	Gallulla	Gallulla	GND	94	0	1071	45	0	0	0	0	0
LK-8119075	Madulsima	Madulsima	GND	222	610	2277	0	0	0	0	0	0
LK-8119080	Sumudugama	Sumudugama	GND	480	479	644	0	0	0	0	0	0
LK-8119085	Attanagolla	Aththanagolla	GND	796	103	215	29	0	0	0	0	0
LK-8119090	Sooriyagoda	Sooriyagoda	GND	559	264	0	0	0	0	0	0	0
LK-8119095	Weragoda	Weragoda	GND	306	0	0	0	0	0	0	0	0
LK-8119100	Pallekiruwa	Pallekiruwa	GND	789	0	0	0	0	0	0	0	0
LK-8119105	Kottalbedda	Kottalbedda	GND	851	14	869	82	0	0	0	0	0
LK-8119110	Mahadowa	Mahadowa	GND	20	463	1308	39	0	0	0	0	0
LK-8119115	Yapamma	Yapamma	GND	485	507	73	18	0	0	0	0	0
LK-8119120	Peessagama	Peessagama	GND	542	50	239	65	0	0	0	0	0
LK-8119125	Rendapola	Rendapola	GND	68	0	796	0	0	0	0	0	0
LK-8119130	Hopton	Hopton	GND	273	565	170	102	0	0	0	0	0
LK-8119135	Maduwatta	Maduwatta	GND	395	1509	0	0	0	0	0	0	0
LK-8119140	Millabedda	Millabedda	GND	602	45	0	0	0	0	0	0	0
LK-8121	Badulla	Badulla	DSD	57434	5653	10962	8404	132	293	0	0	0
LK-8121005	Pitawelagama	Pitawelagama	GND	2667	82	0	139	0	19	0	0	0
LK-8121010	Badulla North	Badulla North	GND	3087	260	144	826	43	0	0	0	0
LK-8121015	Medapathana	Medapathana	GND	2177	110	0	169	0	12	0	0	0
LK-8121020	Kailagoda	Kailagoda	GND	1694	188	129	412	12	10	0	0	0
LK-8121025	Andeniya	Andeniya	GND	2142	34	0	420	13	25	0	0	0
LK-8121030	Sirimalgoda	Sirimalgoda	GND	2305	381	487	0	0	0	0	0	0
LK-8121035	Damanwara	Damanwara	GND	1617	0	0	0	0	0	0	0	0
LK-8121040	Hinnarangolla	Hinnarangolla	GND	1766	0	0	0	0	0	0	0	0
LK-8121045	Kendagolla	Kendagolla	GND	2145	0	0	0	0	0	0	0	0
LK-8121050	Thelbedda Estate	Thelbedda	GND	279	23	3663	0	0	0	0	0	0
LK-8121055	Ilukthenna	Ilukthenna	GND	1549	12	12	0	0	0	0	0	0
LK-8121060	Hegoda	Hegoda	GND	2214	59	0	0	14	0	0	0	0
LK-8121065	Badulupitiya	Badulupitiya	GND	1887	572	176	3001	26	75	0	0	0
LK-8121070	Badulla Central	Badulla Central	GND	2535	83	222	794	0	53	0	0	0
LK-8121075	Badulla West	Badulla West	GND	2621	99	0	274	0	0	0	0	0
LK-8121080	Katupelella	Katupelella	GND	2564	65	0	87	11	0	0	0	0
LK-8121085	Badulla South	Badulla South	GND	2613	375	229	510	0	25	0	0	0
LK-8121090	Badulla East	Badulla East	GND	2037	748	218	719	0	12	0	0	0
LK-8121095	Hindagoda	Hindagoda	GND	2966	417	153	128	13	23	0	0	0
LK-8121100	Rambukpotha	Rambukpotha	GND	3989	458	105	227	0	10	0	0	0
LK-8121105	Malangamuwa	Malangamuwa	GND	1351	0	0	0	0	0	0	0	0
LK-8121110	Viyadiguna	Viyadiguna	GND	1551	296	231	0	0	0	0	0	0
LK-8121115	Vineethagama	Vineethagama	GND	935	190	44	27	0	0	0	0	0
LK-8121120	Wewessa	Wewessa	GND	61	13	2373	0	0	0	0	0	0
LK-8121125	Welibissa	Welibissa	GND	336	11	525	38	0	0	0	0	0
LK-8121130	Glen Alpin Estate	Glen Alpin	GND	751	123	1853	62	0	0	0	0	0
LK-8121135	Udawela	Udawela	GND	1672	533	375	443	0	0	0	0	0
LK-8121140	Hingurugamuwa	Hingurugamuwa	GND	4235	248	12	61	0	29	0	0	0
LK-8121145	Kanupelella	Kanupelella	GND	1688	273	11	67	0	0	0	0	0
LK-8124	Hali-Ela	Hali-Ela	DSD	60374	17744	11394	4283	105	95	0	0	0
LK-8124005	Kokatiyamaluwa	Kokatiyamaluwa	GND	1119	34	77	10	0	0	0	0	0
LK-8124010	Wegama	Wegama	GND	1217	35	0	0	0	0	0	0	0
LK-8124015	Jangulla	Jangulla	GND	1195	290	17	91	0	0	0	0	0
LK-8124020	Landewela	Landewela	GND	315	0	88	64	0	0	0	0	0
LK-8124025	Bogoda	Bogoda	GND	591	115	0	0	0	0	0	0	0
LK-8124030	Panakanniya	Panakanniya	GND	569	432	0	0	0	0	0	0	0
LK-8124035	Ketawala	Ketawala	GND	1049	188	135	0	0	0	0	0	0
LK-8124040	Udakohovila	Udakohovila	GND	837	1101	0	0	0	0	0	0	0
LK-8124045	Hethekma	Hethekma	GND	997	315	0	32	0	0	0	0	0
LK-8124050	Deegalla	Deegalla	GND	667	541	0	0	0	0	0	0	0
LK-8124055	Pattipola	Pattipola	GND	845	280	282	75	0	0	0	0	0
LK-8124060	Anthuduwawela	Anthuduwawela	GND	1492	379	57	487	0	0	0	0	0
LK-8124065	Bogahamaditta	Bogahamaditta	GND	2556	562	121	85	12	0	0	0	0
LK-8124070	Mahawattagama	Mahawattagama	GND	1578	586	377	644	0	0	0	0	0
LK-8124075	Dematawelhinna	Dematawelhinna	GND	1481	62	0	28	0	0	0	0	0
LK-8124080	Welikemulla	Welikemulla	GND	1073	31	0	0	0	0	0	0	0
LK-8124085	Unagolla	Unagolla	GND	1074	0	0	0	0	0	0	0	0
LK-8124090	Medapitigama	Medapitigama	GND	750	731	448	0	0	0	0	0	0
LK-8124095	Dickwella	Dickwella	GND	2944	420	384	425	0	15	0	0	0
LK-8124100	Hali-Ela	Hali Ela	GND	322	68	41	613	0	0	0	0	0
LK-8124105	Samagipura	Samagipura	GND	1123	101	21	800	0	53	0	0	0
LK-8124110	Udagama	Udagama	GND	408	419	0	0	0	0	0	0	0
LK-8124115	Gawela	Gawela	GND	1652	709	173	0	0	0	0	0	0
LK-8124120	Pahamunuthota	Pahamunuthota	GND	705	16	0	0	0	0	0	0	0
LK-8124125	Neludanda	Neludanda	GND	486	218	261	0	0	0	0	0	0
LK-8124130	Hinnarangolla	Hinnarangolla	GND	788	402	755	0	0	0	0	0	0
LK-8124135	Mugunumatha West	Mugunumatha West	GND	1191	859	431	131	0	0	0	0	0
LK-8124140	Mugunumatha East	Mugunumatha East	GND	617	109	644	148	0	0	0	0	0
LK-8124145	Godegama	Godegama	GND	477	456	0	0	0	0	0	0	0
LK-8124150	Medagama	Medagama	GND	1535	215	0	0	20	0	0	0	0
LK-8124155	Imbulgoda	Imbulgoda	GND	2129	185	35	352	10	0	0	0	0
LK-8124160	Imbulgoda	Kottagoda	GND	1238	685	15	0	0	0	0	0	0
LK-8124165	Kandana	Kandana	GND	1250	164	750	42	0	0	0	0	0
LK-8124170	Bulathwatta	Bulathwatta	GND	577	269	0	0	38	0	0	0	0
LK-8124175	Springvalley Estate	Springvalley Estate	GND	80	478	839	0	0	0	0	0	0
LK-8124180	Springvalley	Springvalley	GND	530	0	108	0	0	0	0	0	0
LK-8124185	Beddegama	Beddegama	GND	937	0	328	0	0	0	0	0	0
LK-8124190	Wewelhinna	Wewalhinna	GND	1126	743	651	0	13	0	0	0	0
LK-8124195	Uduwara	Uduwara	GND	1203	770	15	0	0	0	0	0	0
LK-8124200	Hapuwalakumbura	Hapuwalakumbura	GND	989	1062	38	161	0	11	0	0	0
LK-8124205	Kirinda	Kirinda	GND	1094	154	345	0	0	0	0	0	0
LK-8124210	Morethota	Morethota	GND	768	774	1042	15	0	0	0	0	0
LK-8124215	Uva Mahawela	Uva Mahawela	GND	1085	194	0	0	0	0	0	0	0
LK-8124220	Etampitiya	Etampitiya	GND	801	223	927	0	0	0	0	0	0
LK-8124225	Pallegama	Pallegama	GND	1069	10	0	0	0	0	0	0	0
LK-8124230	Dehivinna	Dehivinna	GND	1610	21	21	0	0	0	0	0	0
LK-8124235	Niliathugoda	Niliathugoda	GND	879	24	353	0	0	0	0	0	0
LK-8124240	Neluwa	Neluwa	GND	1292	435	396	0	0	0	0	0	0
LK-8124245	Kudumahuwela	Kudumahuwela	GND	847	0	0	0	0	0	0	0	0
LK-8124250	Wepassawela	Wepassawela	GND	1036	33	244	0	0	0	0	0	0
LK-8124255	Maligathenna	Maligathenna	GND	1470	671	60	18	0	0	0	0	0
LK-8124260	Perahettiya	Perahettiya	GND	995	198	205	44	0	0	0	0	0
LK-8124265	Katugaha	Katugaha	GND	1010	181	0	0	0	0	0	0	0
LK-8124270	Mahathenna	Mahathenna	GND	1444	184	147	0	0	16	0	0	0
LK-8124275	Malitta	Malitta	GND	1003	57	366	0	0	0	0	0	0
LK-8124280	Kurukude	Kurukude	GND	1707	63	0	0	0	0	0	0	0
LK-8124285	Warakadanda	Warakadanda	GND	552	492	197	18	12	0	0	0	0
LK-8127	Uvaparanagama	Uva Paranagama	DSD	69488	5796	4068	2438	122	0	0	0	0
LK-8127005	Yalagamuwa	Yalagamuwa	GND	1028	0	0	0	0	0	0	0	0
LK-8127010	Ritikumbura	Ritikumbura	GND	775	0	0	0	0	0	0	0	0
LK-8127015	Wethalawa	Wethalawa	GND	616	0	0	0	0	0	0	0	0
LK-8127020	Maspanna	Maspanna	GND	549	0	0	0	0	0	0	0	0
LK-8127025	Kohilegama	Kohilegama	GND	590	32	0	0	0	0	0	0	0
LK-8127030	Ellanda	Ellanda	GND	478	182	0	0	0	0	0	0	0
LK-8127035	Kindigoda	Kindigoda	GND	491	0	0	0	0	0	0	0	0
LK-8127040	Hathkinda	Hathkinda	GND	504	0	0	0	0	0	0	0	0
LK-8127045	Dimbulana	Dimbulana	GND	792	16	0	0	0	0	0	0	0
LK-8127050	Ilukwela	Ilukwela	GND	838	28	109	0	0	0	0	0	0
LK-8127055	Gampaha	Gampaha	GND	106	20	1277	0	23	0	0	0	0
LK-8127060	Wewegama	Wewegama	GND	508	0	0	0	0	0	0	0	0
LK-8127065	Kerklis	Kerklis	GND	160	0	1163	0	0	0	0	0	0
LK-8127070	Malwattegama	Malwattegama	GND	770	0	0	0	0	0	0	0	0
LK-8127075	Medipokuna	Medipokuna	GND	726	0	0	0	0	0	0	0	0
LK-8127080	Thuppitiya	Thuppitiya	GND	767	0	0	0	0	0	0	0	0
LK-8127085	Panagoda	Panagoda	GND	707	0	0	0	0	0	0	0	0
LK-8127090	Pitiyakumbura	Pitiyakumbura	GND	913	100	30	161	0	0	0	0	0
LK-8127095	Bambarapana	Bambarapana	GND	843	319	22	16	0	0	0	0	0
LK-8127100	Alagolla	Alagolla	GND	694	580	547	0	0	0	0	0	0
LK-8127105	Voldemar	Voldemar	GND	44	1365	0	10	62	0	0	0	0
LK-8127110	Thawalampola	Thawalampola	GND	567	0	0	132	0	0	0	0	0
LK-8127115	Kodakumbura	Kodakumbura	GND	1300	0	0	51	0	0	0	0	0
LK-8127120	Koradekumbura	Koradekumbura	GND	953	0	0	0	0	0	0	0	0
LK-8127125	Malapolagama	Malapolagama	GND	1019	0	0	0	0	0	0	0	0
LK-8127130	Welamedagama	Welamedagama	GND	483	0	0	0	0	0	0	0	0
LK-8127135	Uduhawara	Uduhawara	GND	1128	0	0	0	0	0	0	0	0
LK-8127140	Hangunnawa	Hangunnawa	GND	1028	0	0	0	0	0	0	0	0
LK-8127145	Ranhawadigama	Ranhawadigama	GND	1111	0	0	0	0	0	0	0	0
LK-8127150	Idamegama	Idamegama	GND	871	0	0	57	0	0	0	0	0
LK-8127155	Paranagama	Paranagama	GND	1206	0	0	84	0	0	0	0	0
LK-8127160	Mudanawa	Mudanawa	GND	413	0	0	0	18	0	0	0	0
LK-8127165	Sapugolla	Sapugolla	GND	1654	0	0	0	0	0	0	0	0
LK-8127170	Ethkandawaka	Ethkandawaka	GND	1200	0	0	0	0	0	0	0	0
LK-8127175	Kirawanagama	Kirawanagama	GND	1060	39	0	0	0	0	0	0	0
LK-8127180	Beraliyapola	Beraliyapola	GND	800	45	24	0	0	0	0	0	0
LK-8127185	Pannalawela	Pannalawela	GND	853	91	0	121	0	0	0	0	0
LK-8127190	Rahupola	Rahupola	GND	578	0	0	228	0	0	0	0	0
LK-8127195	Udaperuwa	Udaperuwa	GND	927	0	0	0	0	0	0	0	0
LK-8127200	Weliulla	Weliulla	GND	1087	21	24	0	0	0	0	0	0
LK-8127205	Metiwalalanda	Metiwalalanda	GND	1368	43	170	0	0	0	0	0	0
LK-8127210	Unapana	Unapana	GND	1510	232	118	11	0	0	0	0	0
LK-8127215	Lunuwatta	Lunuwatta	GND	1140	435	337	0	0	0	0	0	0
LK-8127220	Pallewela	Pallewela	GND	1354	33	0	0	0	0	0	0	0
LK-8127225	Busdulla	Busdulla	GND	965	0	0	0	0	0	0	0	0
LK-8127230	Kurundugolla	Kurundugolla	GND	1247	0	0	0	0	0	0	0	0
LK-8127235	Ambagasdowa	Ambagasdowa	GND	2066	0	0	72	0	0	0	0	0
LK-8127240	Pannalagama	Pannalagama	GND	1513	0	0	0	0	0	0	0	0
LK-8127245	Uma Ela	Uma Ela	GND	1956	0	0	0	0	0	0	0	0
LK-8127250	Karagahaulpatha	Karagahaulpatha	GND	1457	0	0	0	0	0	0	0	0
LK-8127255	Medawela	Medawela	GND	1980	0	0	0	0	0	0	0	0
LK-8127260	Perawella	Perawella	GND	1762	0	0	0	0	0	0	0	0
LK-8127265	Galahagama	Galahagama	GND	1750	97	0	253	0	0	0	0	0
LK-8127270	Medagodagama	Medagodagama	GND	1317	0	0	0	0	0	0	0	0
LK-8127275	Thelhawadigama	Thelhawadigama	GND	1156	0	0	0	0	0	0	0	0
LK-8127280	Ketagoda	Ketagoda	GND	1628	0	0	0	0	0	0	0	0
LK-8127285	Dangamuwa	Dangamuwa	GND	1137	0	0	0	0	0	0	0	0
LK-8127290	Rathamba	Rathamba	GND	1285	128	0	578	0	0	0	0	0
LK-8127295	Kumarapattiya	Kumarapattiya	GND	2016	0	0	0	0	0	0	0	0
LK-8127300	Balagala	Balagala	GND	1531	122	0	0	0	0	0	0	0
LK-8127305	Downside	Downside	GND	574	759	24	206	0	0	0	0	0
LK-8127310	Kendagolla	Kendagolla	GND	839	502	90	0	0	0	0	0	0
LK-8127315	Yahala Arawa	Yahala Arawa	GND	1190	32	11	0	0	0	0	0	0
LK-8127320	Ulugala	Ulugala	GND	195	304	0	0	0	0	0	0	0
LK-8127325	Hangiliella	Hangiliella	GND	741	13	60	0	0	0	0	0	0
LK-8127330	Kotawera Udagama	Kotawera Udagama	GND	1712	0	44	100	0	0	0	0	0
LK-8127335	Kotawera Pahalagama	Kotawera Pahalagama	GND	1001	110	18	251	0	0	0	0	0
LK-8127340	Daragala	Daragala	GND	1961	148	0	107	19	0	0	0	0
LK-8130	Welimada	Welimada	DSD	73138	8495	4026	19485	35	0	0	0	0
LK-8130005	Alakolagala	Alakolagala	GND	575	559	593	827	0	0	0	0	0
LK-8130010	Hulankapolla	Hulankapolla	GND	260	648	31	1809	0	0	0	0	0
LK-8130015	Silmiyapura	Silmiyapura	GND	73	68	36	1386	0	0	0	0	0
LK-8130020	Boragas	Boragas	GND	841	318	406	1644	10	0	0	0	0
LK-8130025	Vidurupola	Vidurupola	GND	2178	297	46	0	0	0	0	0	0
LK-8130030	Gavarammana	Gavarammana	GND	2015	15	0	0	0	0	0	0	0
LK-8130035	Palugama Town	Palugama Town	GND	1841	23	0	0	0	0	0	0	0
LK-8130040	Puranwela	Puranwela	GND	1928	14	0	0	0	0	0	0	0
LK-8130045	Girambe	Girambe	GND	1573	38	0	0	0	0	0	0	0
LK-8130050	Divurumgama	Divurumgama	GND	1502	33	0	36	0	0	0	0	0
LK-8130055	Palugama Ella	Palugama Ella	GND	1178	61	0	70	0	0	0	0	0
LK-8130060	Welimada Watta	Welimadawatta	GND	228	628	0	0	0	0	0	0	0
LK-8130065	Ambagahakumbura	Ambagahakumbura	GND	2023	53	55	0	0	0	0	0	0
LK-8130070	Dimuthugama	Dimuthugama	GND	1702	259	41	236	0	0	0	0	0
LK-8130075	Welimada Town	Welimada Town	GND	1209	250	47	445	0	0	0	0	0
LK-8130080	Landegama	Landegama	GND	1161	118	0	544	0	0	0	0	0
LK-8130085	Divithotawela	Divithotawela	GND	1880	29	0	285	0	0	0	0	0
LK-8130090	Puhulpola	Puhulpola	GND	826	0	0	0	0	0	0	0	0
LK-8130095	Dikkapitiya	Dikkapitiya	GND	863	0	0	0	0	0	0	0	0
LK-8130100	Koskanuwegama	Koskanuwegama	GND	771	0	38	0	0	0	0	0	0
LK-8130105	Dayaraba Watta	Dayaraba Watta	GND	300	2090	319	0	15	0	0	0	0
LK-8130110	Ketakella	Ketakella	GND	479	0	0	10	0	0	0	0	0
LK-8130115	Yalpathwela	Yalpathwela	GND	1176	0	0	223	0	0	0	0	0
LK-8130120	Dambavinna	Dambawinna	GND	1117	286	16	1374	0	0	0	0	0
LK-8130125	Kabillegama	Kabillegama	GND	1033	503	0	0	0	0	0	0	0
LK-8130130	Idamegama	Idamegama	GND	1632	0	0	0	0	0	0	0	0
LK-8130135	Erabadda	Erabadda	GND	1259	0	0	0	0	0	0	0	0
LK-8130140	Keppetipola	Keppetipola	GND	1375	0	0	0	0	0	0	0	0
LK-8130145	Hewanakumbura	Hewanakumbura	GND	893	0	0	0	0	0	0	0	0
LK-8130150	Ambewela	Ambewela	GND	821	301	942	0	0	0	0	0	0
LK-8130155	Himbiliyagolla	Himbiliyagolla	GND	663	0	0	0	0	0	0	0	0
LK-8130160	Thennakonwela	Thennakonwela	GND	1365	0	0	0	0	0	0	0	0
LK-8130165	Kalubululanda	Kalubululanda	GND	1463	27	16	490	0	0	0	0	0
LK-8130170	Mavithikumbura	Mavithikumbura	GND	1458	0	0	0	0	0	0	0	0
LK-8130175	Nedungamuwa	Nedungamuwa	GND	2020	0	0	0	0	0	0	0	0
LK-8130180	Medagedaragama	Medagedaragama	GND	1858	37	0	25	0	0	0	0	0
LK-8130185	Nawela	Nawela	GND	1863	59	0	148	0	0	0	0	0
LK-8130190	Pahalayalkumbura	Pahalayalkumbura	GND	1017	0	0	0	0	0	0	0	0
LK-8130195	Welikadagama	Welikadagama	GND	1183	72	0	71	0	0	0	0	0
LK-8130200	Mirahawatta	Mirahawatta	GND	1584	36	26	44	0	0	0	0	0
LK-8130205	Udupeella	Udupeella	GND	1060	42	0	159	0	0	0	0	0
LK-8130210	Kotakithula	Kotakithula	GND	1564	35	45	535	0	0	0	0	0
LK-8130215	Malpotha	Malpotha	GND	750	63	0	0	0	0	0	0	0
LK-8130220	Karagasthenna	Karagasthenna	GND	65	108	30	3397	10	0	0	0	0
LK-8130225	Alugolla	Alugolla	GND	271	0	0	1415	0	0	0	0	0
LK-8130230	Bogahakumbura	Bogahakumbura	GND	628	0	16	679	0	0	0	0	0
LK-8130235	Bibiligamuwa	Bibiligamuwa	GND	806	0	0	0	0	0	0	0	0
LK-8130240	Alawathugoda	Alawathugoda	GND	1086	0	0	0	0	0	0	0	0
LK-8130245	Kandepuhulpola	Kandepuhulpola	GND	1518	0	0	0	0	0	0	0	0
LK-8130250	Helayalkumbura	Helayalkumbura	GND	1200	0	0	0	0	0	0	0	0
LK-8130255	Guruthalawa	Guruthalawa	GND	312	145	30	1655	0	0	0	0	0
LK-8130260	Mahathenna	Mahathenna	GND	25	31	0	1925	0	0	0	0	0
LK-8130265	Hingurugamuwa	Hingurugamuwa	GND	1282	0	69	0	0	0	0	0	0
LK-8130270	Galedanda	Galedanda	GND	1584	82	0	53	0	0	0	0	0
LK-8130275	Boralanda	Boralanda	GND	2239	0	0	0	0	0	0	0	0
LK-8130280	Wangiyakumbura	Wangiyakumbura	GND	1693	0	0	0	0	0	0	0	0
LK-8130285	Ohiya	Ohiya	GND	134	0	0	0	0	0	0	0	0
LK-8130290	Rahangala	Rahangala	GND	1747	0	0	0	0	0	0	0	0
LK-8130295	Hinnarangolla	Hinnarangolla	GND	1550	0	0	0	0	0	0	0	0
LK-8130300	Udakendagolla	Udakendagolla	GND	1508	0	0	0	0	0	0	0	0
LK-8130305	Rathkarawwa	Rathkarawwa	GND	857	0	0	0	0	0	0	0	0
LK-8130310	Pitapola	Pitapola	GND	1498	30	0	0	0	0	0	0	0
LK-8130315	Ohiya Estate	Ohiya Estate	GND	11	0	420	0	0	0	0	0	0
LK-8130320	Maligathenna	Maligathenna	GND	564	1137	804	0	0	0	0	0	0
LK-8133	Bandarawela	Bandarawela	DSD	47873	4824	8867	3600	77	54	0	0	0
LK-8133005	Mathetilla	Mathetilla	GND	1143	96	0	0	0	0	0	0	0
LK-8133010	Konthahela	Konthahela	GND	1288	0	25	0	0	0	0	0	0
LK-8133015	Icelab Watta	Icelab Watta	GND	123	0	1013	31	0	0	0	0	0
LK-8133020	Kirioruwa	Kirioruwa	GND	1606	21	21	13	0	0	0	0	0
LK-8133025	Ettalapitiya	Ettalapitiya	GND	2119	45	24	224	0	0	0	0	0
LK-8133030	Diganathenna	Diganathenna	GND	2655	40	15	19	0	0	0	0	0
LK-8133035	Ambegoda	Ambegoda	GND	2528	63	29	34	0	0	0	0	0
LK-8133040	Wewathenna	Wewathenna	GND	1921	222	17	492	0	0	0	0	0
LK-8133045	Watagamuwa	Watagamuwa	GND	2928	0	0	0	0	0	0	0	0
LK-8133050	Bindunuwewa	Bindunuwewa	GND	1680	0	19	42	0	0	0	0	0
LK-8133055	Kebillewela North	Kebillawela North	GND	2191	138	47	60	13	0	0	0	0
LK-8133060	Gediyaroda	Gediyaroda	GND	1504	165	0	115	0	0	0	0	0
LK-8133065	Bandarawela West	Bandarawela West	GND	1461	666	330	772	0	21	0	0	0
LK-8133070	Bandarawela East	Bandarawela East	GND	1091	1007	241	519	51	0	0	0	0
LK-8133075	Thanthiriya	Thanthiriya	GND	2037	187	18	124	0	0	0	0	0
LK-8133080	Udaperuwa	Udaperuwa	GND	1464	0	35	289	0	0	0	0	0
LK-8133085	Egodagama	Egodagama	GND	1467	14	0	54	0	0	0	0	0
LK-8133090	Weheragalathenna	Weheragalathenna	GND	1711	0	0	0	0	0	0	0	0
LK-8133095	Bambaragama	Bambaragama	GND	775	52	17	0	0	0	0	0	0
LK-8133100	Makulella	Makulella	GND	1768	11	0	0	0	0	0	0	0
LK-8133105	Kinigama	Kinigama	GND	1886	14	0	17	13	0	0	0	0
LK-8133110	Inikambedda	Inikambedda	GND	1926	549	486	219	0	0	0	0	0
LK-8133115	Karagahawela	Karagahawela	GND	1537	218	0	518	0	0	0	0	0
LK-8133120	Obadella	Obadella	GND	1527	54	24	0	0	0	0	0	0
LK-8133125	Beddekumbura	Beddekumbura	GND	694	20	0	0	0	0	0	0	0
LK-8133130	Kebillewela South	Kebillewela South	GND	1309	165	11	0	0	0	0	0	0
LK-8133135	Mahaulpatha	Mahaulpatha	GND	975	172	15	58	0	33	0	0	0
LK-8133140	Darahitawanagoda	Darahitawanagoda	GND	1190	29	0	0	0	0	0	0	0
LK-8133145	Doolgolla	Doolgolla	GND	602	16	0	0	0	0	0	0	0
LK-8133150	Creig Watta	Creig Watta	GND	79	403	1371	0	0	0	0	0	0
LK-8133155	Liyangahawela Watta	Liyangahawela Watta	GND	393	0	1879	0	0	0	0	0	0
LK-8133160	Ambadandegama	Ambadandegama	GND	1064	24	18	0	0	0	0	0	0
LK-8133165	Beddearawa	Beddearawa	GND	417	0	56	0	0	0	0	0	0
LK-8133170	Liyangahawela	Liyangahawela	GND	701	0	68	0	0	0	0	0	0
LK-8133175	Nayabedda Estate	Nayabedda Estate	GND	113	433	3088	0	0	0	0	0	0
LK-8136	Ella	Ella	DSD	32465	7862	6754	2205	0	22	0	0	0
LK-8136005	Piyarapandowa	Piyarapandowa	GND	1160	555	133	149	0	0	0	0	0
LK-8136010	Halpe	Halpe	GND	2061	0	215	0	0	22	0	0	0
LK-8136015	Kirinda	Kirinda	GND	665	0	920	0	0	0	0	0	0
LK-8136020	Demodara	Demodara	GND	1433	465	489	495	0	0	0	0	0
LK-8136025	Navulla	Navulla	GND	949	83	706	34	0	0	0	0	0
LK-8136030	Gawarawela	Gawarawela	GND	1121	302	479	81	0	0	0	0	0
LK-8136035	Beddewela	Baddewela	GND	1186	629	40	0	0	0	0	0	0
LK-8136040	Pupula West	Pupula West	GND	807	96	0	0	0	0	0	0	0
LK-8136045	Pupula	Pupula	GND	587	1034	0	0	0	0	0	0	0
LK-8136050	Galtenhena	Galtenhena	GND	767	309	0	0	0	0	0	0	0
LK-8136055	Nawela East	Nawela East	GND	740	426	0	0	0	0	0	0	0
LK-8136060	Nawela West	Nawela West	GND	753	269	0	0	0	0	0	0	0
LK-8136065	Medawela West	Medawela West	GND	1115	88	0	0	0	0	0	0	0
LK-8136070	Yahalewela	Yahalewela	GND	447	184	694	0	0	0	0	0	0
LK-8136075	Newberg	Newberg	GND	489	0	488	0	0	0	0	0	0
LK-8136080	Ella	Ella	GND	1176	311	0	0	0	0	0	0	0
LK-8136085	Madhuragama	Madhuragama	GND	1387	40	12	0	0	0	0	0	0
LK-8136090	Idamegama	Idamegama	GND	557	38	76	0	0	0	0	0	0
LK-8136095	Hettipola	Hettipola	GND	778	640	212	12	0	0	0	0	0
LK-8136100	Millagama	Millagama	GND	1351	35	0	36	0	0	0	0	0
LK-8136105	Udukumbalwela	Udukumbalwela	GND	1700	31	48	25	0	0	0	0	0
LK-8136110	Dowa	Dowa	GND	1777	32	0	15	0	0	0	0	0
LK-8136115	Palleperuwa	Palleperuwa	GND	1581	192	91	931	0	0	0	0	0
LK-8136120	Heeloya	Heeloya	GND	2166	203	17	427	0	0	0	0	0
LK-8136125	Kithalella	Kithalella	GND	1684	19	19	0	0	0	0	0	0
LK-8136130	Rawanaella	Rawanaella	GND	557	0	0	0	0	0	0	0	0
LK-8136135	Karandagolla	Karandagolla	GND	1767	0	0	0	0	0	0	0	0
LK-8136140	Govussa	Govussa	GND	539	0	280	0	0	0	0	0	0
LK-8136145	Ilukpelessa	Ilukpelessa	GND	217	0	538	0	0	0	0	0	0
LK-8136150	Ballaketuwa	Ballaketuwa	GND	556	450	1108	0	0	0	0	0	0
LK-8136155	Namunukula	Namunukula	GND	32	1378	0	0	0	0	0	0	0
LK-8136160	Dodamgolla	Dodamgolla	GND	360	53	189	0	0	0	0	0	0
LK-8139	Haputale	Haputale	DSD	24889	7662	11483	4063	0	0	0	0	0
LK-8139005	Ellagama	Ellagama	GND	1338	0	0	0	0	0	0	0	0
LK-8139010	Kahattewela	Kahattewela	GND	1634	40	0	0	0	0	0	0	0
LK-8139015	Erenawela	Eranawela	GND	1284	237	0	317	0	0	0	0	0
LK-8139020	Ranjallawa	Ranjallawa	GND	2342	35	0	163	0	0	0	0	0
LK-8139025	Bingethenna	Bingethenna	GND	1026	61	0	505	0	0	0	0	0
LK-8139030	Kahagolla	Kahagolla	GND	1553	40	0	597	0	0	0	0	0
LK-8139035	Dodamwatta	Dodamwatta	GND	1091	27	222	174	0	0	0	0	0
LK-8139040	Diyathalawa	Diyathalawa	GND	1036	68	0	337	0	0	0	0	0
LK-8139045	Jayaminipura	Jayaminipura	GND	1203	0	0	0	0	0	0	0	0
LK-8139050	Aluthwela	Aluthwela	GND	1226	0	0	0	0	0	0	0	0
LK-8139055	Welanhinna	Welanhinna	GND	1196	38	0	0	0	0	0	0	0
LK-8139060	Pahala Kadurugamuwa	Pahala kadurugamuwa	GND	2037	55	0	0	0	0	0	0	0
LK-8139065	Viharakele	Viharakele	GND	896	320	37	16	0	0	0	0	0
LK-8139070	Umankandura	Umankandura	GND	1411	418	12	271	0	0	0	0	0
LK-8139075	Panketiya	Panketiya	GND	134	612	1823	73	0	0	0	0	0
LK-8139080	Hela Kadurugamuwa	Helakadurugamuwa	GND	1500	42	0	0	0	0	0	0	0
LK-8139085	Haputhalegama	Haputhalegama	GND	1590	0	26	0	0	0	0	0	0
LK-8139090	Glenanore	Glenanore	GND	105	1871	380	92	0	0	0	0	0
LK-8139095	Horadorowwa	Horadorowwa	GND	898	13	0	0	0	0	0	0	0
LK-8139100	Magiripura	Magiripura	GND	677	147	270	1092	0	0	0	0	0
LK-8139105	Kolathenna	Kolathenna	GND	325	185	10	0	0	0	0	0	0
LK-8139110	Haputhale Town	Haputhale Town	GND	308	906	2275	365	0	0	0	0	0
LK-8139115	Pitarathmale	Pitarathmale	GND	20	2215	269	0	0	0	0	0	0
LK-8139120	Dambethenna	Dambethenna	GND	48	43	3942	0	0	0	0	0	0
LK-8139125	Thotalagala	Thotalagala	GND	11	13	1230	48	0	0	0	0	0
LK-8139130	Galkanda	Galkanda	GND	0	276	987	13	0	0	0	0	0
LK-8142	Haldummulla	Haldummulla	DSD	21590	6648	9961	460	0	0	0	0	0
LK-8142005	Weerakongama	Weerakongama	GND	303	0	535	12	0	0	0	0	0
LK-8142010	Kalupahana	Kalupahana	GND	854	0	0	0	0	0	0	0	0
LK-8142015	Haldummulla	Haldummulla	GND	539	572	519	62	0	0	0	0	0
LK-8142020	Beragala	Beragala	GND	437	1513	777	25	0	0	0	0	0
LK-8142025	Viharagala	Viharagala	GND	503	1177	1051	25	0	0	0	0	0
LK-8142030	Nikapotha West	Nikapotha West	GND	282	44	0	0	0	0	0	0	0
LK-8142035	Nikapotha East	Nikapotha East	GND	684	66	0	0	0	0	0	0	0
LK-8142040	Lemasthota	Lemasthota	GND	291	0	32	0	0	0	0	0	0
LK-8142045	Ranasinghegama	Ranasinghegama	GND	352	32	354	0	0	0	0	0	0
LK-8142050	Kotabakma	Kotabakma	GND	457	419	626	34	0	0	0	0	0
LK-8142055	Koslanda	Koslanda	GND	436	13	1823	81	0	0	0	0	0
LK-8142060	Mahakanda	Mahakanda	GND	40	684	158	0	0	0	0	0	0
LK-8142065	Poonagala	Poonagala	GND	131	1681	2235	0	0	0	0	0	0
LK-8142070	Divulgasmulla	Divulgasmulla	GND	1088	21	538	0	0	0	0	0	0
LK-8142075	Gampaha	Gampaha	GND	946	0	573	19	0	0	0	0	0
LK-8142080	Ampitithenna	Ampitithenna	GND	891	133	223	0	0	0	0	0	0
LK-8142085	Kelipanawela	Kelipanawela	GND	459	28	0	0	0	0	0	0	0
LK-8142090	Moraketiya	Moraketiya	GND	554	34	16	0	0	0	0	0	0
LK-8142095	Kirawanagama	Kirawanagama	GND	797	18	0	0	0	0	0	0	0
LK-8142100	Manthenna	Manthenna	GND	602	0	0	0	0	0	0	0	0
LK-8142105	Amilagama	Amilagama	GND	351	0	266	0	0	0	0	0	0
LK-8142110	Soragune	Soragune	GND	520	94	0	13	0	0	0	0	0
LK-8142115	Kithulgahaarawa	Kithulgahaarawa	GND	588	13	0	0	0	0	0	0	0
LK-8142120	Watagamuwa	Watagamuwa	GND	1002	60	18	160	0	0	0	0	0
LK-8142125	Walhaputhenna	Walhaputhenna	GND	637	16	29	29	0	0	0	0	0
LK-8142130	Uvathenna	Uvathenna	GND	640	0	0	0	0	0	0	0	0
LK-8142135	Marangahawela	Marangahawela	GND	432	0	0	0	0	0	0	0	0
LK-8142140	Seelathenna	Seelathenna	GND	642	0	0	0	0	0	0	0	0
LK-8142145	Harankahawa	Harankahawa	GND	690	0	0	0	0	0	0	0	0
LK-8142150	Medawela	Medawela	GND	475	0	0	0	0	0	0	0	0
LK-8142155	Welibissa	Welibissa	GND	366	0	0	0	0	0	0	0	0
LK-8142160	We Eliya	We Eliya	GND	704	30	0	0	0	0	0	0	0
LK-8142165	Kosgama	Kosgama	GND	770	0	0	0	0	0	0	0	0
LK-8142170	Ranwanguhawa	Ranwanguhawa	GND	397	0	0	0	0	0	0	0	0
LK-8142175	Akkara Seeya	Akkara Seeya	GND	201	0	0	0	0	0	0	0	0
LK-8142180	Welanvita	Welanvita	GND	398	0	0	0	0	0	0	0	0
LK-8142185	Kolongasthenna	Kolongasthenna	GND	641	0	188	0	0	0	0	0	0
LK-8142190	Bambara Pokuna	Bambara Pokuna	GND	245	0	0	0	0	0	0	0	0
LK-8142195	Mahalanda	Mahalanda	GND	1245	0	0	0	0	0	0	0	0
LK-82	Monaragala	Moneragala	DISTRICT	499366	14286	1125	11921	0	0	0	0	0
LK-8203	Bibile	Bibile	DSD	44947	999	11	1200	0	0	0	0	0
LK-8203005	Uravula	Uravula	GND	395	0	0	0	0	0	0	0	0
LK-8203010	Karandugala	Karandugala	GND	965	0	0	0	0	0	0	0	0
LK-8203015	Bulupitiya	Bulupitiya	GND	1128	0	0	0	0	0	0	0	0
LK-8203020	Nilgala	Nilgala	GND	987	0	0	0	0	0	0	0	0
LK-8203025	Kanawegalla	Kanawegalla	GND	539	0	0	0	0	0	0	0	0
LK-8203030	Ussagala	Ussagala	GND	675	0	0	0	0	0	0	0	0
LK-8203035	Bokagonna	Bokagonna	GND	1649	26	0	0	0	0	0	0	0
LK-8203040	Pitakumbura	Pitakumbura	GND	1304	0	0	0	0	0	0	0	0
LK-8203045	Hamapola	Hamapola	GND	1284	13	0	0	0	0	0	0	0
LK-8203050	Thotillaketiya	Thotillaketiya	GND	940	0	0	0	0	0	0	0	0
LK-8203055	Kokunnewa	Kokunnewa	GND	1247	0	0	0	0	0	0	0	0
LK-8203060	Morattamulla	Morattamulla	GND	1023	0	0	0	0	0	0	0	0
LK-8203065	Nagala	Nagala	GND	1700	0	0	0	0	0	0	0	0
LK-8203070	Radaliyadda	Radaliyadda	GND	1291	0	0	0	0	0	0	0	0
LK-8203075	Ambagolla	Ambagolla	GND	1139	0	0	0	0	0	0	0	0
LK-8203080	Wegama	Wegama	GND	1221	0	0	0	0	0	0	0	0
LK-8203085	Wegama South	Wegama South	GND	1698	95	0	0	0	0	0	0	0
LK-8203090	Mallehewa	Mallehewa	GND	1033	333	0	0	0	0	0	0	0
LK-8203095	Karagahawela East	Karagahawela East	GND	881	12	0	0	0	0	0	0	0
LK-8203100	Kehel Attawala	Kehel Attawala	GND	1103	0	0	0	0	0	0	0	0
LK-8203105	Karagahawela West	Karagahawela West	GND	1158	148	11	0	0	0	0	0	0
LK-8203110	Udamallehewa	Udamallehewa	GND	987	0	0	0	0	0	0	0	0
LK-8203115	Egoda Kotagama	Egoda Kotagama	GND	774	0	0	0	0	0	0	0	0
LK-8203120	Kotagama	Kotagama	GND	931	0	0	0	0	0	0	0	0
LK-8203125	Badullagammana	Badullagammana	GND	1354	321	0	0	0	0	0	0	0
LK-8203130	Kavudella	Kavudella	GND	1178	0	0	0	0	0	0	0	0
LK-8203135	Rathupasketiya	Rathupasketiya	GND	2215	17	0	0	0	0	0	0	0
LK-8203140	Lindakumbura	Lindakumbura	GND	1483	0	0	0	0	0	0	0	0
LK-8203145	Bibila	Bibile	GND	1751	34	0	42	0	0	0	0	0
LK-8203150	Ambelanda	Ambelanda	GND	927	0	0	0	0	0	0	0	0
LK-8203155	Dodamgolla	Dodamgolla	GND	1667	0	0	0	0	0	0	0	0
LK-8203160	Dehiattawela	Dehiattawela	GND	912	0	0	0	0	0	0	0	0
LK-8203165	Kanulwela	Kanulwela	GND	1140	0	0	1158	0	0	0	0	0
LK-8203170	Ethanawatta	Ethanawatta	GND	862	0	0	0	0	0	0	0	0
LK-8203175	Kuruwamba	Kuruwamba	GND	1194	0	0	0	0	0	0	0	0
LK-8203180	Hewelwela	Hewelwela	GND	920	0	0	0	0	0	0	0	0
LK-8203185	Mudiyala	Mudiyala	GND	878	0	0	0	0	0	0	0	0
LK-8203190	Yalkumbura	Yalkumbura	GND	775	0	0	0	0	0	0	0	0
LK-8203195	Thanayamgama	Thanayamgama	GND	658	0	0	0	0	0	0	0	0
LK-8203200	Medipitiya	Medipitiya	GND	981	0	0	0	0	0	0	0	0
LK-8206	Madulla	Madulla	DSD	36395	0	0	0	0	0	0	0	0
LK-8206005	Nelliyadda	Nelliyadda	GND	482	0	0	0	0	0	0	0	0
LK-8206010	Mullegama	Mullegama	GND	982	0	0	0	0	0	0	0	0
LK-8206015	Galgamuwa	Galgamuwa	GND	1330	0	0	0	0	0	0	0	0
LK-8206020	Inginiyagala	Inginiyagala	GND	1298	0	0	0	0	0	0	0	0
LK-8206025	Baduluwela	Baduluwela	GND	771	0	0	0	0	0	0	0	0
LK-8206030	Bandarawadiya	Bandarawadiya	GND	863	0	0	0	0	0	0	0	0
LK-8206035	Panguwa	Panguwa	GND	1103	0	0	0	0	0	0	0	0
LK-8206040	Thalkotayaya	Thalkotayaya	GND	792	0	0	0	0	0	0	0	0
LK-8206045	Deliwa	Deliwa	GND	785	0	0	0	0	0	0	0	0
LK-8206050	Thampalawela	Thampalawela	GND	1073	0	0	0	0	0	0	0	0
LK-8206055	Ruwalwela	Ruwalwela	GND	1271	0	0	0	0	0	0	0	0
LK-8206060	Watawanagama	Watawanagama	GND	431	0	0	0	0	0	0	0	0
LK-8206065	Gangodagama	Gangodagama	GND	412	0	0	0	0	0	0	0	0
LK-8206070	Ritigahawatta	Ritigahawatta	GND	927	0	0	0	0	0	0	0	0
LK-8206075	Mariarawa	Mariarawa	GND	1179	0	0	0	0	0	0	0	0
LK-8206080	Kolladeniya	Kolladeniya	GND	1581	0	0	0	0	0	0	0	0
LK-8206085	Ihawa	Ihawa	GND	1109	0	0	0	0	0	0	0	0
LK-8206090	Alpitiya	Alpitiya	GND	1161	0	0	0	0	0	0	0	0
LK-8206095	Makulla	Makulla	GND	1097	0	0	0	0	0	0	0	0
LK-8206100	Namaloya Colony	Namaloya Colony	GND	1164	0	0	0	0	0	0	0	0
LK-8206105	Aratugaswela	Aratugaswela	GND	791	0	0	0	0	0	0	0	0
LK-8206110	Pagura	Pagura	GND	863	0	0	0	0	0	0	0	0
LK-8206115	Galbokka	Galbokka	GND	679	0	0	0	0	0	0	0	0
LK-8206120	Magandana	Magandana	GND	716	0	0	0	0	0	0	0	0
LK-8206125	Udumulla	Udumulla	GND	812	0	0	0	0	0	0	0	0
LK-8206130	Kottagala	Kottagala	GND	866	0	0	0	0	0	0	0	0
LK-8206135	Gangoda Arawa	Gangoda Arawa	GND	647	0	0	0	0	0	0	0	0
LK-8206140	Polgahagama	Polgahagama	GND	1052	0	0	0	0	0	0	0	0
LK-8206145	Alugalge	Alugalge	GND	658	0	0	0	0	0	0	0	0
LK-8206150	Neelawa Bedda	Neelawa Bedda	GND	714	0	0	0	0	0	0	0	0
LK-8206155	Kahagolla	Kahagolla	GND	706	0	0	0	0	0	0	0	0
LK-8206160	Magandaoya Colony	Magandaoya Colony	GND	927	0	0	0	0	0	0	0	0
LK-8206165	Gonathalawa	Gonathalawa	GND	998	0	0	0	0	0	0	0	0
LK-8206170	Dambagalla	Dambagalla	GND	1604	0	0	0	0	0	0	0	0
LK-8206175	Ellekona	Ellekona	GND	1689	0	0	0	0	0	0	0	0
LK-8206180	Therela	Therela	GND	1015	0	0	0	0	0	0	0	0
LK-8206185	Iluklanda	Iluklanda	GND	819	0	0	0	0	0	0	0	0
LK-8206190	Obbegoda	Obbegoda	GND	1028	0	0	0	0	0	0	0	0
LK-8209	Medagama	Medagama	DSD	37759	23	0	6764	0	0	0	0	0
LK-8209005	Pothubandhana	Pothubandana	GND	1270	0	0	0	0	0	0	0	0
LK-8209010	Yakunnawa	Yakunnawa	GND	1188	0	0	0	0	0	0	0	0
LK-8209015	Bendiyawa	Bendiyawa	GND	1686	13	0	0	0	0	0	0	0
LK-8209020	Kotabowa	Kotabowa	GND	971	0	0	611	0	0	0	0	0
LK-8209025	Godigamuwa	Godigamuwa	GND	17	0	0	2319	0	0	0	0	0
LK-8209030	Senpathigama	Senpathigama	GND	901	0	0	0	0	0	0	0	0
LK-8209035	Aiwela	Aiwela	GND	1249	0	0	142	0	0	0	0	0
LK-8209040	Senapathiya	Senapathiya	GND	1048	0	0	0	0	0	0	0	0
LK-8209045	Bibilamulla	Bibilamulla	GND	1174	0	0	0	0	0	0	0	0
LK-8209050	Nannapurawa	Nannapurawa	GND	1533	0	0	0	0	0	0	0	0
LK-8209055	Dahamgama	Dahamgama	GND	1460	0	0	0	0	0	0	0	0
LK-8209060	Kalugahawadiya	Kalugahawadiya	GND	1013	0	0	0	0	0	0	0	0
LK-8209065	Kongolla	Kongolla	GND	985	0	0	0	0	0	0	0	0
LK-8209070	Diviyapola	Diviyapola	GND	484	0	0	0	0	0	0	0	0
LK-8209075	Kohukumbura	Kohukumbura	GND	712	0	0	0	0	0	0	0	0
LK-8209080	Nugamura	Nugamura	GND	904	0	0	0	0	0	0	0	0
LK-8209085	Ellekona	Ellekona	GND	1463	0	0	0	0	0	0	0	0
LK-8209090	Dahagoniya	Dahagoniya	GND	1169	0	0	0	0	0	0	0	0
LK-8209095	Monarawana	Monarawana	GND	1432	0	0	0	0	0	0	0	0
LK-8209100	Mellagama	Mellagama	GND	1541	0	0	0	0	0	0	0	0
LK-8209105	Thambana	Thambana	GND	1122	0	0	0	0	0	0	0	0
LK-8209110	Thimbiriya	Thimbiriya	GND	1818	0	0	163	0	0	0	0	0
LK-8209115	Medagama	Medagama	GND	967	10	0	1007	0	0	0	0	0
LK-8209120	Elhena	Elhena	GND	925	0	0	0	0	0	0	0	0
LK-8209125	Pitadeniya	Pitadeniya	GND	1005	0	0	0	0	0	0	0	0
LK-8209130	Kinnarabowa	Kinnarabowa	GND	802	0	0	0	0	0	0	0	0
LK-8209135	Ilukkumbura	Ilukkumbura	GND	1109	0	0	138	0	0	0	0	0
LK-8209140	Bakinigahawela	Bakinigahawela	GND	128	0	0	1496	0	0	0	0	0
LK-8209145	Pubbara	Pubbara	GND	551	0	0	0	0	0	0	0	0
LK-8209150	Polgahapitiya	Polgahapitiya	GND	1563	0	0	888	0	0	0	0	0
LK-8209155	Kendavinna	Kendavinna	GND	1299	0	0	0	0	0	0	0	0
LK-8209160	Alana	Alana	GND	710	0	0	0	0	0	0	0	0
LK-8209165	Rattanadeniya	Rattanadeniya	GND	1389	0	0	0	0	0	0	0	0
LK-8209170	Amunekandura	Amunekandura	GND	1272	0	0	0	0	0	0	0	0
LK-8209175	Keenagoda	Keenagoda	GND	899	0	0	0	0	0	0	0	0
LK-8212	Siyambalanduwa	Siyambalanduwa	DSD	62902	11	12	26	0	0	0	0	0
LK-8212005	Nape	Nape	GND	1007	0	0	0	0	0	0	0	0
LK-8212010	Buddama	Buddama	GND	1605	0	0	0	0	0	0	0	0
LK-8212015	Waragama	Waragama	GND	1564	0	0	0	0	0	0	0	0
LK-8212020	Kotagoda	Kotagoda	GND	1154	0	0	0	0	0	0	0	0
LK-8212025	Weragoda	Weragoda	GND	583	0	0	0	0	0	0	0	0
LK-8212030	Newgala	Newgala	GND	943	0	0	0	0	0	0	0	0
LK-8212035	Govindupura	Govindupura	GND	1354	0	0	0	0	0	0	0	0
LK-8212040	Pallewela	Pallewela	GND	1403	0	0	0	0	0	0	0	0
LK-8212045	Ambagahapitiya	Ambagahapitiya	GND	910	0	0	0	0	0	0	0	0
LK-8212050	Meeyagala	Meeyagala	GND	785	0	0	0	0	0	0	0	0
LK-8212055	Barawaya	Barawaya	GND	1668	0	0	0	0	0	0	0	0
LK-8212060	Kooragammana	Kooragammana	GND	714	0	0	0	0	0	0	0	0
LK-8212065	Kalugollayaya	Kalugollayaya	GND	737	0	0	0	0	0	0	0	0
LK-8212070	Samanala Bedda	Samanala Bedda	GND	1158	0	0	0	0	0	0	0	0
LK-8212075	Muthukandiya	Muthukandiya	GND	820	0	0	0	0	0	0	0	0
LK-8212080	Yakkadurawa	Yakkadurawa	GND	1680	0	0	0	0	0	0	0	0
LK-8212085	Galamuna	Galamuna	GND	838	0	0	0	0	0	0	0	0
LK-8212090	Helamulla	Helamulla	GND	990	0	0	0	0	0	0	0	0
LK-8212095	Pallegama	Pallegama	GND	1251	0	0	0	0	0	0	0	0
LK-8212100	Maha Kalugolla	Maha Kalugolla	GND	1153	0	0	0	0	0	0	0	0
LK-8212105	Karambagoda	Karambagoda	GND	1085	0	0	0	0	0	0	0	0
LK-8212110	Ruhunu Danawwa	Ruhunu Danawwa	GND	825	0	0	0	0	0	0	0	0
LK-8212115	Sri Wijithapura	Sri Wijithapura	GND	1779	0	0	0	0	0	0	0	0
LK-8212120	Siyambalanduwa	Siyambalanduwa	GND	1075	0	0	26	0	0	0	0	0
LK-8212125	Manabharana	Manabharana	GND	1318	0	0	0	0	0	0	0	0
LK-8212130	Madugama	Madugama	GND	2608	0	12	0	0	0	0	0	0
LK-8212135	Kivulayaya	Kivuleyaya	GND	1745	11	0	0	0	0	0	0	0
LK-8212140	Kodayana	Kodayana	GND	1392	0	0	0	0	0	0	0	0
LK-8212145	Nugagahakivula	Nugagahakivula	GND	1255	0	0	0	0	0	0	0	0
LK-8212150	Kotiyagoda	Kotiyagoda	GND	1120	0	0	0	0	0	0	0	0
LK-8212155	Indigasella	Indigasella	GND	1237	0	0	0	0	0	0	0	0
LK-8212160	Dombagahawela	Dombagahawela	GND	3120	0	0	0	0	0	0	0	0
LK-8212165	Liyangolla	Liyangolla	GND	1408	0	0	0	0	0	0	0	0
LK-8212170	Beraliyapola	Beraliyapola	GND	823	0	0	0	0	0	0	0	0
LK-8212175	Kimbulawela	Kimbulawela	GND	866	0	0	0	0	0	0	0	0
LK-8212180	Pahatha Arawa	Pahatha Arawa	GND	1712	0	0	0	0	0	0	0	0
LK-8212185	Ethimale	Ethimale	GND	1350	0	0	0	0	0	0	0	0
LK-8212190	Guruhela	Guruhela	GND	1185	0	0	0	0	0	0	0	0
LK-8212195	Gemunupura	Gemunupura	GND	968	0	0	0	0	0	0	0	0
LK-8212200	Perakumpura	Perakumpura	GND	1216	0	0	0	0	0	0	0	0
LK-8212205	Siripura	Siripura	GND	1625	0	0	0	0	0	0	0	0
LK-8212210	Thissapura	Thissapura	GND	1878	0	0	0	0	0	0	0	0
LK-8212215	Ethimale Colony	Ethimale Colony	GND	1253	0	0	0	0	0	0	0	0
LK-8212220	Minipura	Minipura	GND	997	0	0	0	0	0	0	0	0
LK-8212225	Vilaoya	Vilaoya	GND	1850	0	0	0	0	0	0	0	0
LK-8212230	Wattegama	Wattegama	GND	1930	0	0	0	0	0	0	0	0
LK-8212235	Wijayapura	Wijayapura	GND	1031	0	0	0	0	0	0	0	0
LK-8212240	Kotiyagala	Kotiyagala	GND	1934	0	0	0	0	0	0	0	0
LK-8215	Monaragala	Moneragala	DSD	48766	7218	624	265	0	0	0	0	0
LK-8215005	Tenwatta	Tenwatta	GND	1796	0	0	0	0	0	0	0	0
LK-8215010	Guruhela	Guruhela	GND	1532	0	0	0	0	0	0	0	0
LK-8215015	Batugammana	Batugammana	GND	949	0	0	0	0	0	0	0	0
LK-8215020	Debeddekivula	Debeddekivula	GND	1045	163	0	0	0	0	0	0	0
LK-8215025	Weliyaya	Weliyaya	GND	1209	734	285	10	0	0	0	0	0
LK-8215030	Rattanapitiya	Rattanapitiya	GND	1814	20	0	0	0	0	0	0	0
LK-8215035	Nakkala	Nakkala	GND	2090	17	0	0	0	0	0	0	0
LK-8215040	Hidikivula	Hidikivula	GND	1670	590	0	0	0	0	0	0	0
LK-8215045	Hulandawa	Hulandawa	GND	3017	12	0	0	0	0	0	0	0
LK-8215050	Magandanamulla	Magandanamulla	GND	2323	0	0	0	0	0	0	0	0
LK-8215055	Monaragala	Monaragala	GND	1945	350	39	54	0	0	0	0	0
LK-8215060	Aliyawatta	Aliyawatta	GND	502	1722	0	29	0	0	0	0	0
LK-8215065	Kolonvinna	Kolonvinna	GND	1117	0	0	0	0	0	0	0	0
LK-8215070	Bohitiya	Bohitiya	GND	2097	0	0	0	0	0	0	0	0
LK-8215075	Kawdawa	Kawdawa	GND	1098	0	0	0	0	0	0	0	0
LK-8215080	Hulandawa Left	Hulandawa Left	GND	2184	0	0	0	0	0	0	0	0
LK-8215085	Viharamulla	Viharamulla	GND	2933	74	0	0	0	0	0	0	0
LK-8215090	Muppane	Muppane	GND	3870	237	28	16	0	0	0	0	0
LK-8215095	Maduruketiya	Maduruketiya	GND	2944	2706	260	64	0	0	0	0	0
LK-8215100	Kumbukkana	Kumbukkana	GND	2305	164	0	82	0	0	0	0	0
LK-8215105	Horombuwa	Horombuwa	GND	2136	429	12	10	0	0	0	0	0
LK-8215110	Hulandawa South	Hulandawa South	GND	2608	0	0	0	0	0	0	0	0
LK-8215115	Marawa	Marawa	GND	1532	0	0	0	0	0	0	0	0
LK-8215120	Veheragala	Veheragala	GND	1135	0	0	0	0	0	0	0	0
LK-8215125	Thenagallanda	Thenagallanda	GND	1940	0	0	0	0	0	0	0	0
LK-8215130	Kahambana	Kahambana	GND	975	0	0	0	0	0	0	0	0
LK-8218	Badalkumbura	Badalkumbura	DSD	39646	4235	452	2149	0	0	0	0	0
LK-8218005	Gedavila	Gedavila	GND	536	0	0	0	0	0	0	0	0
LK-8218010	Karandagama	Karandagama	GND	1324	11	0	0	0	0	0	0	0
LK-8218015	Ella	Ella	GND	973	10	0	0	0	0	0	0	0
LK-8218020	Pallegama	Pallegama	GND	514	0	0	0	0	0	0	0	0
LK-8218025	Thalawagama	Thalawagama	GND	1214	0	0	0	0	0	0	0	0
LK-8218030	Mailagasthenna	Mailagasthenna	GND	1042	0	0	0	0	0	0	0	0
LK-8218035	Karavila	Karavila	GND	1056	0	0	0	0	0	0	0	0
LK-8218040	Madamagama	Madamagama	GND	910	170	0	0	0	0	0	0	0
LK-8218045	Wekumbura	Wekumbura	GND	764	0	0	0	0	0	0	0	0
LK-8218050	Maiyokka Watta	Maiyokka Watta	GND	524	324	0	0	0	0	0	0	0
LK-8218055	Waradola	Waradola	GND	462	1020	0	0	0	0	0	0	0
LK-8218060	Ankada	Ankada	GND	724	141	26	0	0	0	0	0	0
LK-8218065	Kotamuduna	Kotamuduna	GND	908	0	0	43	0	0	0	0	0
LK-8218070	Alupotha	Alupotha	GND	216	273	83	1891	0	0	0	0	0
LK-8218075	Wasipaha	Wasipaha	GND	1446	0	0	0	0	0	0	0	0
LK-8218080	Badalkumbura	Badalkumbura	GND	1650	28	0	198	0	0	0	0	0
LK-8218085	Maligathenna	Maligathenna	GND	1384	0	0	0	0	0	0	0	0
LK-8218090	Pussellawa	Pussellawa	GND	1617	0	0	0	0	0	0	0	0
LK-8218095	Madukotan Arawa	Madukotan Arawa	GND	1034	0	0	0	0	0	0	0	0
LK-8218100	Yakurawa	Yakurawa	GND	1415	0	0	0	0	0	0	0	0
LK-8218105	Therappahuwa	Therappahuwa	GND	1739	0	0	0	0	0	0	0	0
LK-8218110	Punsisigama	Punsisigama	GND	984	0	0	0	0	0	0	0	0
LK-8218115	Madugahapattiya	Madugahapattiya	GND	1338	0	0	0	0	0	0	0	0
LK-8218120	Kalagahakivula	Kalagahakivula	GND	659	0	0	0	0	0	0	0	0
LK-8218125	Madugasmulla	Madugasmulla	GND	1007	0	0	17	0	0	0	0	0
LK-8218130	Ranugalla	Ranugalla	GND	1296	0	0	0	0	0	0	0	0
LK-8218135	Ethpattiya	Ethpattiya	GND	425	154	0	0	0	0	0	0	0
LK-8218140	Miyanakadura	Miyanakandura	GND	715	934	0	0	0	0	0	0	0
LK-8218145	Dewathura	Dewathura	GND	479	1142	343	0	0	0	0	0	0
LK-8218150	Naranwatta	Naranwatta	GND	612	0	0	0	0	0	0	0	0
LK-8218155	Athala	Athala	GND	1218	0	0	0	0	0	0	0	0
LK-8218160	Eththalamulla	Ettalamulla	GND	600	0	0	0	0	0	0	0	0
LK-8218165	Muthukeliyawa	Muthukeliyawa	GND	1388	0	0	0	0	0	0	0	0
LK-8218170	Meegahayaya	Meegahayaya	GND	582	12	0	0	0	0	0	0	0
LK-8218175	Bogahapelessa	Bogahapelessa	GND	578	0	0	0	0	0	0	0	0
LK-8218180	Dambagahawela	Dambagahawela	GND	539	0	0	0	0	0	0	0	0
LK-8218185	Hingurukaduwa	Hingurukaduwa	GND	946	16	0	0	0	0	0	0	0
LK-8218190	Keliwessa	Keliwessa	GND	923	0	0	0	0	0	0	0	0
LK-8218195	Moratuwagama	Moratuwagama	GND	475	0	0	0	0	0	0	0	0
LK-8218200	Lunugala Colony	Lunugala Colony	GND	1654	0	0	0	0	0	0	0	0
LK-8218205	Katugahagalge	Katugahagalge	GND	1776	0	0	0	0	0	0	0	0
LK-8221	Wellawaya	Wellawaya	DSD	71443	605	26	1090	0	0	0	0	0
LK-8221005	Kurugama	Kurugama	GND	1866	0	0	0	0	0	0	0	0
LK-8221010	Randeniya	Randeniya	GND	2077	26	0	24	0	0	0	0	0
LK-8221015	Siyambalagunaya	Siyambalagunaya	GND	1927	0	0	0	0	0	0	0	0
LK-8221020	Sudupanawela	Sudupanawela	GND	2798	31	0	0	0	0	0	0	0
LK-8221025	Kotikambokka	Kotikambokka	GND	2016	0	0	0	0	0	0	0	0
LK-8221030	Galbokka	Galbokka	GND	1207	0	0	0	0	0	0	0	0
LK-8221035	Dimbulamure	Dimbulamuraya	GND	2246	22	0	0	0	0	0	0	0
LK-8221040	Wellawaya	Wellawaya	GND	3886	361	26	594	0	0	0	0	0
LK-8221045	Yalabowa	Yalabowa	GND	1827	23	0	403	0	0	0	0	0
LK-8221050	Nugayaya	Nugayaya	GND	2034	0	0	69	0	0	0	0	0
LK-8221055	Warunagama	Warunagama	GND	6257	66	0	0	0	0	0	0	0
LK-8221060	Anapallama	Anapallama	GND	2624	52	0	0	0	0	0	0	0
LK-8221065	Pubuduwewa	Pubuduwewa	GND	2601	0	0	0	0	0	0	0	0
LK-8221070	Neluwagala	Neluwagala	GND	2350	0	0	0	0	0	0	0	0
LK-8221075	Buduruwagala	Buduruwagala	GND	2384	0	0	0	0	0	0	0	0
LK-8221080	Andawelayaya	Andawelayaya	GND	2672	24	0	0	0	0	0	0	0
LK-8221085	Siripuragama	Siripuragama	GND	1993	0	0	0	0	0	0	0	0
LK-8221090	Veherayaya Colony	Veherayaya Colony	GND	2970	0	0	0	0	0	0	0	0
LK-8221095	Veherayaya	Veherayaya	GND	2390	0	0	0	0	0	0	0	0
LK-8221100	Randenigodayaya	Randenigodayaya	GND	1487	0	0	0	0	0	0	0	0
LK-8221105	Handapanagala	Handapanagala	GND	1601	0	0	0	0	0	0	0	0
LK-8221110	Mahaaragama	Maha Aragama	GND	2085	0	0	0	0	0	0	0	0
LK-8221115	Thelulla Colony	Thelulla Colony	GND	3366	0	0	0	0	0	0	0	0
LK-8221120	Ethiliwewa	Ethiliwewa	GND	2765	0	0	0	0	0	0	0	0
LK-8221125	Thelulla	Thelulla	GND	1566	0	0	0	0	0	0	0	0
LK-8221130	Balaharuwa	Balaharuwa	GND	3138	0	0	0	0	0	0	0	0
LK-8221135	Debaraara	Debara Ara	GND	1621	0	0	0	0	0	0	0	0
LK-8221140	Kithulkote	Kithulkote	GND	2869	0	0	0	0	0	0	0	0
LK-8221145	Uva Kudaoya	Uva Kudaoya	GND	2820	0	0	0	0	0	0	0	0
LK-8224	Buttala	Buttala	DSD	59686	420	0	392	0	0	0	0	0
LK-8224005	Uda Arawa	Uda Arawa	GND	1269	0	0	0	0	0	0	0	0
LK-8224010	Horabokka	Horabokka	GND	1790	0	0	0	0	0	0	0	0
LK-8224015	Unawatuna	Unawatuna	GND	3386	0	0	0	0	0	0	0	0
LK-8224020	Yudaganawa	Yudaganawa	GND	2562	16	0	0	0	0	0	0	0
LK-8224025	Dikyaya	Dikyaya	GND	2649	13	0	0	0	0	0	0	0
LK-8224030	Udagama	Udagama	GND	2085	0	0	332	0	0	0	0	0
LK-8224035	Mahagodayaya	Mahagodayaya	GND	2052	353	0	0	0	0	0	0	0
LK-8224040	Gaminipura	Gaminipura	GND	2108	0	0	0	0	0	0	0	0
LK-8224045	Okkampitiya	Okkampitiya	GND	1638	0	0	0	0	0	0	0	0
LK-8224050	Galtemmandiya	Galtemmandiya	GND	1626	0	0	0	0	0	0	0	0
LK-8224055	Ulugala	Ulugala	GND	2098	0	0	0	0	0	0	0	0
LK-8224060	Maligavila	Maligavila	GND	2621	0	0	0	0	0	0	0	0
LK-8224065	Minipuragama	Minipuragama	GND	719	0	0	0	0	0	0	0	0
LK-8224070	Buruthagolla	Buruthagolla	GND	1837	0	0	0	0	0	0	0	0
LK-8224075	Pahalagama	Pahalagama	GND	2147	0	0	0	0	0	0	0	0
LK-8224080	Konketiya	Konketiya	GND	2523	0	0	0	0	0	0	0	0
LK-8224085	Medagama	Medagama	GND	1980	0	0	0	0	0	0	0	0
LK-8224090	Pettagamwela	Pettagamwela	GND	1742	16	0	13	0	0	0	0	0
LK-8224095	Puhulkotuwa	Puhulkotuwa	GND	2599	0	0	0	0	0	0	0	0
LK-8224100	Veheragala	Veheragala	GND	1569	0	0	0	0	0	0	0	0
LK-8224105	Pelwatta	Pelwatta	GND	3355	12	0	16	0	0	0	0	0
LK-8224110	Mahasenpura	Mahasenpura	GND	2275	0	0	31	0	0	0	0	0
LK-8224115	Kumaragama	Kumaragama	GND	1614	0	0	0	0	0	0	0	0
LK-8224120	Kukurampola	Kukurampola	GND	1999	0	0	0	0	0	0	0	0
LK-8224125	Kumarapura	Kumarapura	GND	1678	0	0	0	0	0	0	0	0
LK-8224130	Yatiyallathota	Yatiyallathota	GND	1545	0	0	0	0	0	0	0	0
LK-8224135	Waguruwela	Waguruwela	GND	2082	0	0	0	0	0	0	0	0
LK-8224140	Gonagan Ara	Gonagan Ara	GND	1758	0	0	0	0	0	0	0	0
LK-8224145	Rahathangama	Rahathangama	GND	2380	10	0	0	0	0	0	0	0
LK-8227	Katharagama	Katharagama	DSD	17345	744	0	35	0	0	0	0	0
LK-8227005	Sella Katharagama	Sella Katharagama	GND	2038	19	0	0	0	0	0	0	0
LK-8227010	Katharagama	Katharagama	GND	3422	555	0	22	0	0	0	0	0
LK-8227015	Detagamuwa	Datagamuwa	GND	3558	114	0	13	0	0	0	0	0
LK-8227020	Kandasurindugama	Kandasurindugama	GND	4288	25	0	0	0	0	0	0	0
LK-8227025	Karavile	Karavile	GND	4039	31	0	0	0	0	0	0	0
LK-8230	Thanamalwila	Thanamalvila	DSD	31159	20	0	0	0	0	0	0	0
LK-8230005	Kandiyapitawewa	Kandiyapitawewa	GND	2753	0	0	0	0	0	0	0	0
LK-8230010	Kotavehera Mankada	Kotavehera Mankada	GND	3255	0	0	0	0	0	0	0	0
LK-8230015	Aluthwewa	Aluthwewa	GND	2673	0	0	0	0	0	0	0	0
LK-8230020	Hambegamuwa	Hambegamuwa	GND	2604	0	0	0	0	0	0	0	0
LK-8230025	Hambegamuwa Colony	Hambegamuwa Colony	GND	2294	0	0	0	0	0	0	0	0
LK-8230030	Kahakurullan Pelessa	Kahakurullan Pelessa	GND	1977	0	0	0	0	0	0	0	0
LK-8230035	Mahawewa	Mahawewa	GND	1300	0	0	0	0	0	0	0	0
LK-8230040	Sooriyaara	Sooriyaara	GND	2743	0	0	0	0	0	0	0	0
LK-8230045	Usgala	Usgala	GND	1007	0	0	0	0	0	0	0	0
LK-8230050	Nikawewa	Nikawewa	GND	1017	0	0	0	0	0	0	0	0
LK-8230055	Bodagama	Bodagama	GND	2040	0	0	0	0	0	0	0	0
LK-8230060	Kivul Ara	Kivul Ara	GND	1705	0	0	0	0	0	0	0	0
LK-8230065	Sittarama	Sittarama	GND	3731	20	0	0	0	0	0	0	0
LK-8230070	Seenukkuwa	Seenukkuwa	GND	2060	0	0	0	0	0	0	0	0
LK-8233	Sevanagala	Sevanagala	DSD	49318	11	0	0	0	0	0	0	0
LK-8233005	Katupilagama	Katupilagama	GND	7912	0	0	0	0	0	0	0	0
LK-8233010	Habaraluwewa	Habaraluwewa	GND	2853	0	0	0	0	0	0	0	0
LK-8233015	Samagipura	Samagipura	GND	2296	0	0	0	0	0	0	0	0
LK-8233020	Weliara	Weliara	GND	1222	0	0	0	0	0	0	0	0
LK-8233025	Punchiwewa	Punchiwewa	GND	885	0	0	0	0	0	0	0	0
LK-8233030	Kiri Ibbanwewa	Kiri Ibbanwewa	GND	3653	0	0	0	0	0	0	0	0
LK-8233035	Sevanagala	Sevanagala	GND	5236	0	0	0	0	0	0	0	0
LK-8233040	Muthuminigama	Muthuminigama	GND	3780	0	0	0	0	0	0	0	0
LK-8233045	Bahirawa	Bahirawa	GND	1922	0	0	0	0	0	0	0	0
LK-8233050	Indikolapelessa	Indikolapelessa	GND	1972	0	0	0	0	0	0	0	0
LK-8233055	Habarugala	Habarugala	GND	5906	0	0	0	0	0	0	0	0
LK-8233060	Nugegalayaya	Nugegalayaya	GND	4675	11	0	0	0	0	0	0	0
LK-8233065	Mahagama	Mahagama	GND	3531	0	0	0	0	0	0	0	0
LK-8233070	Habarattawela	Habarattawela	GND	3475	0	0	0	0	0	0	0	0
LK-91	Ratnapura	Ratnapura	DISTRICT	1003515	90748	23566	25420	219	0	0	0	0
LK-9103	Eheliyagoda	Eheliyagoda	DSD	66476	2454	1085	3845	0	0	0	0	0
LK-9103005	Divurumpitiya	Divurumpitiya	GND	3199	370	462	0	0	0	0	0	0
LK-9103010	Hewainna	Hewainna	GND	2043	10	0	0	0	0	0	0	0
LK-9103015	Kalatuwawa East	Kalatuwawa East	GND	1250	10	168	0	0	0	0	0	0
LK-9103020	Getahetta	Getahetta	GND	1562	36	0	0	0	0	0	0	0
LK-9103025	Walavita	Walavita	GND	1675	13	0	0	0	0	0	0	0
LK-9103030	Meennana	Meennana	GND	4129	79	14	0	0	0	0	0	0
LK-9103035	Bopetta Didda	Bopetta Didda	GND	2749	73	0	0	0	0	0	0	0
LK-9103040	Thoranakada	Thoranakada	GND	2559	27	11	0	0	0	0	0	0
LK-9103045	Ganegoda	Ganegoda	GND	1180	232	0	0	0	0	0	0	0
LK-9103050	Iddamalgoda	Iddamalgoda	GND	931	35	16	0	0	0	0	0	0
LK-9103055	Huladduwa	Huladduwa	GND	692	13	0	0	0	0	0	0	0
LK-9103060	Kalatuwawa West	Kalatuwawa West	GND	1109	83	0	0	0	0	0	0	0
LK-9103065	Uduwaka	Uduwaka	GND	498	15	0	0	0	0	0	0	0
LK-9103070	Napawala	Napawala	GND	805	0	0	0	0	0	0	0	0
LK-9103075	Pelpitiya	Pelpitiya	GND	997	18	0	64	0	0	0	0	0
LK-9103080	Udumatta	Udumatta	GND	1686	0	0	0	0	0	0	0	0
LK-9103085	Vilegoda	Vilegoda	GND	1786	10	0	0	0	0	0	0	0
LK-9103090	Vilegoda East	Vilegoda East	GND	1240	17	42	25	0	0	0	0	0
LK-9103095	Eheliyagoda Watta	Eheliyagoda Watta	GND	458	353	272	32	0	0	0	0	0
LK-9103100	Asgangula North	Asgangula North	GND	594	75	13	1052	0	0	0	0	0
LK-9103105	Kendangamuwa Ihalagama	Kendangamuwa Ihalagama	GND	1697	34	0	509	0	0	0	0	0
LK-9103110	Moragala	Moragala	GND	1153	47	0	662	0	0	0	0	0
LK-9103115	Bulugahapitiya	Bulugahapitiya	GND	3063	31	17	0	0	0	0	0	0
LK-9103120	Yakudagoda	Yakudagoda	GND	2379	23	0	85	0	0	0	0	0
LK-9103125	Kendangamuwa	Kendangamuwa	GND	779	53	0	405	0	0	0	0	0
LK-9103130	Asgangula South	Asgangula South	GND	504	51	0	486	0	0	0	0	0
LK-9103135	Mahara	Mahara	GND	713	0	0	0	0	0	0	0	0
LK-9103140	Mahingoda	Mahingoda	GND	2400	63	0	512	0	0	0	0	0
LK-9103145	Nakandala	Nakandala	GND	1057	14	0	0	0	0	0	0	0
LK-9103150	Viyalagoda	Viyalagoda	GND	1346	0	0	0	0	0	0	0	0
LK-9103155	Kendangamuwa Pahalagama	Kendangamuwa Pahalagama	GND	1808	21	0	13	0	0	0	0	0
LK-9103160	Paleegala	Paleegala	GND	1356	13	0	0	0	0	0	0	0
LK-9103165	Miyanakolathenna	Miyanakolathenna	GND	549	0	0	0	0	0	0	0	0
LK-9103170	Mitipola	Mitipola	GND	1481	0	0	0	0	0	0	0	0
LK-9103175	Mapota	Mapota	GND	771	13	0	0	0	0	0	0	0
LK-9103180	Karandana North	Karandana North	GND	1714	388	28	0	0	0	0	0	0
LK-9103185	Kiriporuwa	Kiriporuwa	GND	1182	14	12	0	0	0	0	0	0
LK-9103190	Nedurana	Nedurana	GND	1849	0	0	0	0	0	0	0	0
LK-9103195	Erepola	Erepola	GND	1167	0	0	0	0	0	0	0	0
LK-9103200	Sirisamanpura	Sirisamanpura	GND	1180	20	30	0	0	0	0	0	0
LK-9103205	Nugadanda	Nugadanda	GND	1968	104	0	0	0	0	0	0	0
LK-9103210	Karandana West	Karandana West	GND	1311	0	0	0	0	0	0	0	0
LK-9103215	Karandana South	Karandana South	GND	1779	48	0	0	0	0	0	0	0
LK-9103220	Hindurangala	Hindurangala	GND	2128	48	0	0	0	0	0	0	0
LK-9106	Kuruvita	Kuruvita	DSD	89932	5517	276	2042	36	0	0	0	0
LK-9106005	Amuhenkanda	Amuhenkanda	GND	1834	151	0	586	0	0	0	0	0
LK-9106010	Pathberiya West	Pathberiya West	GND	2251	65	0	0	0	0	0	0	0
LK-9106015	Pathberiya	Pathberiya	GND	1827	1096	73	78	0	0	0	0	0
LK-9106020	Meneripitiya	Meneripitiya	GND	3196	29	0	0	0	0	0	0	0
LK-9106025	Parakaduwa	Parakaduwa	GND	2049	41	0	0	0	0	0	0	0
LK-9106030	Bodhimaluwa	Bodhimaluwa	GND	2814	20	0	71	0	0	0	0	0
LK-9106035	Thalavitiya	Thalavitiya	GND	3188	37	0	345	0	0	0	0	0
LK-9106040	Pohorabawa	Pohorabawa	GND	2304	379	0	0	0	0	0	0	0
LK-9106045	Pussella	Pussella	GND	3181	207	21	162	0	0	0	0	0
LK-9106050	Devipahala	Devipahala	GND	2743	99	0	0	0	0	0	0	0
LK-9106055	Endiriyanwala	Endiriyanwala	GND	1577	83	0	0	0	0	0	0	0
LK-9106060	Erathna	Erathna	GND	1352	22	0	0	0	0	0	0	0
LK-9106065	Adavikanda	Adavikanda	GND	893	0	0	0	0	0	0	0	0
LK-9106070	Lassakanda	Lassakanda	GND	1693	0	0	0	0	0	0	0	0
LK-9106075	Sudagala	Sudagala	GND	2174	55	0	0	0	0	0	0	0
LK-9106080	Ekneligoda North	Ekneligoda North	GND	1664	73	0	0	0	0	0	0	0
LK-9106085	Kiragala	Kiragala	GND	2057	256	0	0	25	0	0	0	0
LK-9106090	Kandangoda	Kandangoda	GND	1669	0	0	0	0	0	0	0	0
LK-9106095	Millavitiya	Millavitiya	GND	3690	17	0	0	0	0	0	0	0
LK-9106100	Miyanadeniya	Miyanadeniya	GND	1864	0	0	0	0	0	0	0	0
LK-9106105	Ovitigama	Ovitigama	GND	1145	0	0	0	0	0	0	0	0
LK-9106110	Theppanawa	Theppanawa	GND	2163	0	0	0	0	0	0	0	0
LK-9106115	Theppanawa Ihalagama	Theppanawa Ihalagama	GND	2693	13	0	0	0	0	0	0	0
LK-9106120	Pahala Kuruvita	Pahala Kuruvita	GND	2805	14	0	11	0	0	0	0	0
LK-9106125	Kandangoda South	Kandangoda South	GND	2525	0	0	0	0	0	0	0	0
LK-9106130	Wathuyaya	Wathuyaya	GND	1582	35	36	157	0	0	0	0	0
LK-9106135	Udakada	Udakada	GND	850	0	0	0	0	0	0	0	0
LK-9106140	Ekneligoda	Ekneligoda	GND	1792	31	0	11	0	0	0	0	0
LK-9106145	Delgamuwa	Delgamuwa	GND	2518	85	0	192	11	0	0	0	0
LK-9106150	Kuruvita	Kuruvita	GND	4173	88	101	367	0	0	0	0	0
LK-9106155	Walandura	Walandura	GND	2800	129	35	39	0	0	0	0	0
LK-9106160	Nadukaradeniya	Nadukaradeniya	GND	2153	0	10	0	0	0	0	0	0
LK-9106165	Kahengama	Kahengama	GND	3447	525	0	13	0	0	0	0	0
LK-9106170	Pathagama	Pathagama	GND	3172	14	0	0	0	0	0	0	0
LK-9106175	Theppanawa Pahalagama	Theppanawa Pahalagama	GND	1267	0	0	0	0	0	0	0	0
LK-9106180	Kithulpe	Kithulpe	GND	3612	67	0	0	0	0	0	0	0
LK-9106185	Kahengama West	Kahengama West	GND	2092	1688	0	0	0	0	0	0	0
LK-9106190	Kosgoda	Kosgoda	GND	2757	22	0	0	0	0	0	0	0
LK-9106195	Galukagama	Galukagama	GND	2366	176	0	10	0	0	0	0	0
LK-9109	Kiriella	Kiriella	DSD	32533	304	719	0	0	0	0	0	0
LK-9109005	Ellawala	Ellawala	GND	2034	13	0	0	0	0	0	0	0
LK-9109010	Deheragoda	Deheragoda	GND	3450	0	0	0	0	0	0	0	0
LK-9109015	Kanuggalla	Kanuggalla	GND	870	0	0	0	0	0	0	0	0
LK-9109020	Ellawala Pahalagama	Ellawala Pahalagama	GND	2328	0	0	0	0	0	0	0	0
LK-9109025	Mudunkotuwa	Mudunkotuwa	GND	1873	0	0	0	0	0	0	0	0
LK-9109030	Akurana	Akurana	GND	1372	0	0	0	0	0	0	0	0
LK-9109035	Kiriella	Kiriella	GND	1117	0	11	0	0	0	0	0	0
LK-9109040	Handukanda	Handukanda	GND	1078	0	0	0	0	0	0	0	0
LK-9109045	Epitawala	Epitawala	GND	1482	19	0	0	0	0	0	0	0
LK-9109050	Munasinhapura	Munasinhapura	GND	774	0	0	0	0	0	0	0	0
LK-9109055	Yatipawwa	Yatipawwa	GND	2479	18	0	0	0	0	0	0	0
LK-9109060	Ellagawa	Ellagawa	GND	1150	0	0	0	0	0	0	0	0
LK-9109065	Idangoda	Idangoda	GND	2626	11	0	0	0	0	0	0	0
LK-9109070	Matuwagala	Matuwagala	GND	2639	215	708	0	0	0	0	0	0
LK-9109075	Dodampe West	Dodampe West	GND	3424	0	0	0	0	0	0	0	0
LK-9109080	Dodampe	Dodampe	GND	2900	18	0	0	0	0	0	0	0
LK-9109085	Holeepitiya	Holeepitiya	GND	937	10	0	0	0	0	0	0	0
LK-9112	Ratnapura	Ratnapura	DSD	94950	16619	2351	7013	36	0	0	0	0
LK-9112005	Gileemale North	Gileemale North	GND	1604	20	0	0	0	0	0	0	0
LK-9112010	Ketawala	Ketawala	GND	1236	0	0	0	0	0	0	0	0
LK-9112015	Guruluwana	Guruluwana	GND	1139	68	0	0	0	0	0	0	0
LK-9112020	Siripagama	Siripagama	GND	696	230	0	0	0	0	0	0	0
LK-9112025	Sri Palabaddala	Sri Palabaddala	GND	1132	11	0	0	0	0	0	0	0
LK-9112030	Mapalana	Mapalana	GND	1077	30	0	0	0	0	0	0	0
LK-9112035	Kudawa	Kudawa	GND	2665	0	0	0	0	0	0	0	0
LK-9112040	Dehenakanda	Dehenakanda	GND	538	1383	0	0	0	0	0	0	0
LK-9112045	Bambarabotuwa	Bambarabotuwa	GND	1454	846	0	13	0	0	0	0	0
LK-9112050	Alupola	Alupola	GND	1154	283	0	0	0	0	0	0	0
LK-9112055	Balakotunna	Balakotunna	GND	782	0	969	0	0	0	0	0	0
LK-9112060	Hapugasthenna	Hapugasthenna	GND	452	4097	627	33	0	0	0	0	0
LK-9112065	Rathgama	Rathgama	GND	1516	112	0	0	0	0	0	0	0
LK-9112070	Gileemale South	Gileemale South	GND	2244	107	0	0	0	0	0	0	0
LK-9112075	Pagoda	Pagoda	GND	1805	45	0	0	0	0	0	0	0
LK-9112080	Embuldeniya	Embuldeniya	GND	916	121	0	0	0	0	0	0	0
LK-9112085	Malangama	Malangama	GND	3582	74	0	15	0	0	0	0	0
LK-9112090	Amuthagoda	Amuthagoda	GND	2138	25	0	0	0	0	0	0	0
LK-9112095	Kahangama	Kahangama	GND	2392	389	94	0	0	0	0	0	0
LK-9112100	Ketaliyampalla	Ketaliyampalla	GND	3044	0	0	0	0	0	0	0	0
LK-9112105	New Town	New Town	GND	5500	1127	19	266	0	0	0	0	0
LK-9112110	Ellegedara	Ellegedara	GND	726	215	0	0	0	0	0	0	0
LK-9112115	Malwala	Malwala	GND	2726	112	0	0	0	0	0	0	0
LK-9112120	Durekkanda	Durekkanda	GND	2692	53	0	0	0	0	0	0	0
LK-9112125	Galabada	Galabada	GND	552	1185	0	0	0	0	0	0	0
LK-9112130	Gallella	Gallella	GND	2016	504	0	0	0	0	0	0	0
LK-9112135	Amunuthenna	Amunuthenna	GND	740	62	0	0	0	0	0	0	0
LK-9112140	Kempanawatta	Kempanawatta	GND	882	0	0	0	0	0	0	0	0
LK-9112145	Gurubevilagama	Gurubevilagama	GND	1544	363	53	0	0	0	0	0	0
LK-9112150	Batewela	Batewela	GND	805	0	0	0	0	0	0	0	0
LK-9112155	Hettikanda	Hettikanda	GND	1109	0	0	0	0	0	0	0	0
LK-9112160	Banagoda	Banagoda	GND	1163	181	0	0	0	0	0	0	0
LK-9112165	Heenberenduwa	Heenberenduwa	GND	715	36	0	0	0	0	0	0	0
LK-9112170	Egoda Malwala	Egoda Malwala	GND	1012	13	0	0	0	0	0	0	0
LK-9112175	Meehitiya	Meehitiya	GND	1268	673	165	39	0	0	0	0	0
LK-9112180	Kospelavinna	Kospelavinna	GND	3537	701	17	14	0	0	0	0	0
LK-9112185	Weralupe	Weralupa	GND	4215	161	10	260	20	0	0	0	0
LK-9112190	Dewalegawa	Dewalegawa	GND	2801	17	0	25	0	0	0	0	0
LK-9112195	Muwagama	Muwagama	GND	2989	93	0	59	0	0	0	0	0
LK-9112200	Ratnapura Town West	Ratnapura Town West	GND	708	40	0	109	0	0	0	0	0
LK-9112205	Ratnapura Town North	Ratnapura Town North	GND	1978	615	0	850	0	0	0	0	0
LK-9112210	Mihindugama	Mihindugama	GND	3174	1072	358	1838	0	0	0	0	0
LK-9112215	Mahawala	Mahawala	GND	584	369	0	546	16	0	0	0	0
LK-9112220	Godigamuwa	Godigamuwa	GND	1563	197	0	1110	0	0	0	0	0
LK-9112225	Ratnapura Town	Ratnapura Town	GND	383	140	0	1189	0	0	0	0	0
LK-9112230	Mudduwa East	Mudduva East	GND	3212	45	0	97	0	0	0	0	0
LK-9112235	Samagipura	Samagipura	GND	2663	43	0	75	0	0	0	0	0
LK-9112240	Ethoya	Ethoya	GND	1691	144	0	12	0	0	0	0	0
LK-9112245	Mudduwa	Mudduwa	GND	2499	22	0	0	0	0	0	0	0
LK-9112250	Batugedara	Batugedara	GND	1892	73	15	229	0	0	0	0	0
LK-9112255	Angammana	Angammana	GND	2007	117	14	19	0	0	0	0	0
LK-9112260	Thiriwanketiya	Thiriwanketiya	GND	1971	126	0	196	0	0	0	0	0
LK-9112265	Kolandagala	Kolandagala	GND	2067	279	10	19	0	0	0	0	0
LK-9115	Imbulpe	Imbulpe	DSD	55738	6235	2379	48	0	0	0	0	0
LK-9115005	Rawanakanda	Rawanakanda	GND	892	0	0	0	0	0	0	0	0
LK-9115010	Gallenakanda	Gallenakanda	GND	650	179	0	0	0	0	0	0	0
LK-9115015	Kattadikanda	Kattadikanda	GND	160	403	0	0	0	0	0	0	0
LK-9115020	Waleboda North	Waleboda North	GND	566	0	0	0	0	0	0	0	0
LK-9115025	Bellankanda	Bellankanda	GND	684	28	132	0	0	0	0	0	0
LK-9115030	Bolthumbe	Bolthumbe	GND	591	620	0	0	0	0	0	0	0
LK-9115035	Pinnawala	Pinnawala	GND	1011	483	0	0	0	0	0	0	0
LK-9115040	Udagama	Udagama	GND	943	0	399	0	0	0	0	0	0
LK-9115045	Maddegama	Maddegama	GND	1597	1123	376	0	0	0	0	0	0
LK-9115050	Pidaligannawela	Pidaligannawela	GND	1110	427	123	0	0	0	0	0	0
LK-9115055	Ihalagalagama	Ihalagalagama	GND	685	0	0	0	0	0	0	0	0
LK-9115060	Viharawela	Viharawela	GND	469	0	0	0	0	0	0	0	0
LK-9115065	Kumburutheniwela	Kumburutheniwela	GND	1050	82	0	0	0	0	0	0	0
LK-9115070	Belihuloya	Belihuloya	GND	656	0	0	0	0	0	0	0	0
LK-9115075	Yakdehiwela	Yakdehiwela	GND	284	342	0	0	0	0	0	0	0
LK-9115080	Muttettuwegama	Muttettuwegama	GND	5053	226	11	48	0	0	0	0	0
LK-9115085	Puwakgahawela	Puwakgahawela	GND	1173	34	0	0	0	0	0	0	0
LK-9115090	Budunwela	Budunwela	GND	366	0	0	0	0	0	0	0	0
LK-9115095	Halpe	Halpe	GND	599	0	0	0	0	0	0	0	0
LK-9115100	Nittamaluwa	Nittamaluwa	GND	396	172	0	0	0	0	0	0	0
LK-9115105	Kumbalgama	Kumbalgama	GND	427	0	0	0	0	0	0	0	0
LK-9115110	Kinchigune	Kinchigune	GND	553	0	0	0	0	0	0	0	0
LK-9115115	Karagasthalawa	Karagasthalawa	GND	802	21	0	0	0	0	0	0	0
LK-9115120	Seelogama	Seelogama	GND	1045	0	0	0	0	0	0	0	0
LK-9115125	Imbulpe	Imbulpe	GND	1129	0	0	0	0	0	0	0	0
LK-9115130	Passaramulla	Passaramulla	GND	1084	105	0	0	0	0	0	0	0
LK-9115135	Alakolaella	Alakolaella	GND	991	11	0	0	0	0	0	0	0
LK-9115140	Atawakwela	Atawakwela	GND	1578	11	0	0	0	0	0	0	0
LK-9115145	Kanathiriyanwala	Kanathiriyanwala	GND	1653	304	13	0	0	0	0	0	0
LK-9115150	Pallewela	Pallewela	GND	983	0	0	0	0	0	0	0	0
LK-9115155	Gurubevila	Gurubevila	GND	1216	0	0	0	0	0	0	0	0
LK-9115160	Pandeniya	Pandeniya	GND	1225	0	0	0	0	0	0	0	0
LK-9115165	Pagalovita	Pagalovita	GND	721	227	67	0	0	0	0	0	0
LK-9115170	Maddethalawa	Maddethalawa	GND	1189	0	0	0	0	0	0	0	0
LK-9115175	Amuwathugoda	Amuwathugoda	GND	963	13	0	0	0	0	0	0	0
LK-9115180	Medagedaragoda	Medagedaragoda	GND	1092	18	29	0	0	0	0	0	0
LK-9115185	Aluthnuwara	Aluthnuwara	GND	1848	43	0	0	0	0	0	0	0
LK-9115190	Thotapalla	Thotapalla	GND	994	0	0	0	0	0	0	0	0
LK-9115195	Ulupitiya	Ulupitiya	GND	989	0	0	0	0	0	0	0	0
LK-9115200	Mamalgaha	Mamalgaha	GND	1063	0	0	0	0	0	0	0	0
LK-9115205	Welanhinna	Welanhinna	GND	1197	23	0	0	0	0	0	0	0
LK-9115210	Amupitiya	Amupitiya	GND	944	48	142	0	0	0	0	0	0
LK-9115215	Naluwela	Naluwela	GND	1329	105	17	0	0	0	0	0	0
LK-9115220	Wegapitiya	Wegapitiya	GND	3760	231	12	0	0	0	0	0	0
LK-9115225	Morahela	Morahela	GND	1179	0	0	0	0	0	0	0	0
LK-9115230	Oluganthota	Oluganthota	GND	1666	796	1016	0	0	0	0	0	0
LK-9115235	Rathmalavinna	Rathmalavinna	GND	1563	33	13	0	0	0	0	0	0
LK-9115240	Karadiyamulla	Karadiyamulla	GND	2038	117	29	0	0	0	0	0	0
LK-9115245	Hatharabage	Hatharabage	GND	1119	0	0	0	0	0	0	0	0
LK-9115250	Thunkinda	Thunkinda	GND	463	10	0	0	0	0	0	0	0
LK-9118	Balangoda	Balangoda	DSD	55738	10027	2236	6666	82	0	0	0	0
LK-9118005	Egoda Waleboda	Egoda Waleboda	GND	1931	0	0	0	0	0	0	0	0
LK-9118010	Welekumbura	Welekumbura	GND	1204	85	271	0	0	0	0	0	0
LK-9118015	Wijanathkumbura	Wijanathkumbura	GND	715	206	0	0	0	0	0	0	0
LK-9118020	Bulathgama	Bulathgama	GND	1187	37	0	0	0	0	0	0	0
LK-9118025	Thumbagoda	Thumbagoda	GND	4202	1141	337	181	47	0	0	0	0
LK-9118030	Kirindigala	Kirindigala	GND	4145	327	44	38	10	0	0	0	0
LK-9118035	Yahalewela	Yahalewela	GND	1232	35	0	0	0	0	0	0	0
LK-9118040	Batugammana	Batugammana	GND	1165	22	0	0	0	0	0	0	0
LK-9118045	Aldora	Aldora	GND	858	605	0	0	0	0	0	0	0
LK-9118050	Watawala	Watawala	GND	376	0	0	0	0	0	0	0	0
LK-9118055	Mulgama	Mulgama	GND	572	0	0	0	0	0	0	0	0
LK-9118060	Damahana	Rajawaka	GND	720	0	0	0	0	0	0	0	0
LK-9118065	Godakumbura	Bowatta	GND	1360	23	13	0	0	0	0	0	0
LK-9118070	Imbulamura	Vikiliya	GND	1650	11	0	0	0	0	0	0	0
LK-9118075	Mahawalathenna	Thotupalathenna	GND	1300	48	10	543	0	0	0	0	0
LK-9118080	Theladiriya	Kirimetithenna	GND	3052	816	22	1247	0	0	0	0	0
LK-9118085	Mawela	Dehigasthalawa	GND	949	531	43	3637	25	0	0	0	0
LK-9118090	Welage	Balangoda Town	GND	1374	219	93	388	0	0	0	0	0
LK-9118095	Gawaranhena	Balangoda	GND	2511	1702	109	157	0	0	0	0	0
LK-9118100	Horaketiya	Jahinkanda	GND	1460	111	0	0	0	0	0	0	0
LK-9118105	Rajawaka	Meddekanda	GND	1310	31	18	0	0	0	0	0	0
LK-9118110	Bowatta	Ellewatta	GND	514	713	647	0	0	0	0	0	0
LK-9118115	Vikiliya	Polwathugoda	GND	911	807	0	0	0	0	0	0	0
LK-9118120	Thotupalathenna	Durakanda	GND	1194	0	0	0	0	0	0	0	0
LK-9118125	Kirimetithenna	Rassagala	GND	1504	589	130	0	0	0	0	0	0
LK-9118130	Dehigasthalawa	Ampitiyawatta	GND	1318	133	0	0	0	0	0	0	0
LK-9118135	Balangoda Town	Massenna	GND	894	0	0	0	0	0	0	0	0
LK-9118140	Balangoda	Pettigala	GND	455	1229	480	0	0	0	0	0	0
LK-9118145	Jahinkanda	Pallekanda	GND	930	18	0	0	0	0	0	0	0
LK-9118150	Meddekanda	Ellepola	GND	1259	62	0	0	0	0	0	0	0
LK-9118155	Ellewatta	Thalangama	GND	2039	187	0	17	0	0	0	0	0
LK-9118160	Polwathugoda	Kumara Gama	GND	1703	168	0	458	0	0	0	0	0
LK-9118165	Durakanda	Damahana	GND	1563	43	0	0	0	0	0	0	0
LK-9118170	Rassagala	Godakumbura	GND	582	0	0	0	0	0	0	0	0
LK-9118175	Ampitiyawatta	Imbulamura	GND	836	0	0	0	0	0	0	0	0
LK-9118180	Massenna	Mahawalathenna	GND	1055	0	0	0	0	0	0	0	0
LK-9118185	Pettigala	Theladiriya	GND	693	34	0	0	0	0	0	0	0
LK-9118190	Pallekanda	Mawela	GND	1726	72	0	0	0	0	0	0	0
LK-9118195	Ellepola	Welage	GND	1026	22	19	0	0	0	0	0	0
LK-9118200	Thalangama	Gawaranhena	GND	1214	0	0	0	0	0	0	0	0
LK-9118205	Kumara Gama	Horaketiya	GND	1049	0	0	0	0	0	0	0	0
LK-9119	Kalthota	Kaltota	DSD	12676	0	0	307	0	0	0	0	0
LK-9119005	Diyavinna	Thanjanthenna	GND	1527	0	0	196	0	0	0	0	0
LK-9119010	Kalthota	Kalthota	GND	1032	0	0	0	0	0	0	0	0
LK-9119015	Uggalkalthota Left Bank South	Uggalkalthota Left Bank South	GND	771	0	0	0	0	0	0	0	0
LK-9119020	Medabedda	Medabedda	GND	700	0	0	0	0	0	0	0	0
LK-9119025	Neluyaya	Neluyaya	GND	1123	0	0	0	0	0	0	0	0
LK-9119030	Uggalkalthota Left Bank Left	Uggalkalthota Left Bank Left	GND	606	0	0	0	0	0	0	0	0
LK-9119035	Welipathayaya	Welipathayaya	GND	1706	0	0	0	0	0	0	0	0
LK-9119040	Kuragala	Kuragala	GND	770	0	0	111	0	0	0	0	0
LK-9119045	Molamura	Molamura	GND	832	0	0	0	0	0	0	0	0
LK-9119050	Kongahamankada	Kongahamankada	GND	1511	0	0	0	0	0	0	0	0
LK-9119055	Kalupedigama	Kalupedigama	GND	1070	0	0	0	0	0	0	0	0
LK-9119060	Thanjanthenna	Diyavinna	GND	1028	0	0	0	0	0	0	0	0
LK-9121	Opanayake	Opanayake	DSD	25144	1829	11	226	0	0	0	0	0
LK-9121005	Polwattahena	Polwattahena	GND	701	295	0	0	0	0	0	0	0
LK-9121010	Metihakwala	Metihakwala	GND	1103	0	0	0	0	0	0	0	0
LK-9121015	Malmeekanda	Malmeekanda	GND	1194	55	0	0	0	0	0	0	0
LK-9121020	Meegahawela	Meegahawela	GND	1814	14	0	0	0	0	0	0	0
LK-9121025	Kendaketiya	Kendaketiya	GND	614	0	0	0	0	0	0	0	0
LK-9121030	Pelendakanda	Pelendakanda	GND	1423	0	0	0	0	0	0	0	0
LK-9121035	Madola	Madola	GND	1015	0	0	0	0	0	0	0	0
LK-9121040	Udawela	Udawela	GND	933	0	0	44	0	0	0	0	0
LK-9121045	Opanayaka	Opanayaka	GND	2585	15	0	57	0	0	0	0	0
LK-9121050	Hunuwala North	Hunuwala North	GND	1868	400	0	60	0	0	0	0	0
LK-9121055	Hallinna	Hallinna	GND	1203	483	0	0	0	0	0	0	0
LK-9121060	Hunuwala South	Hunuwala South	GND	1200	102	0	13	0	0	0	0	0
LK-9121065	Dandeniya	Dandeniya	GND	1159	97	0	52	0	0	0	0	0
LK-9121070	Wallaketiya	Wallaketiya	GND	1209	0	0	0	0	0	0	0	0
LK-9121075	Akarella	Akarella	GND	1744	368	11	0	0	0	0	0	0
LK-9121080	Hattella	Hattella	GND	1242	0	0	0	0	0	0	0	0
LK-9121085	Hattella Egoda	Hattella Egoda	GND	933	0	0	0	0	0	0	0	0
LK-9121090	Batadura	Batadura	GND	1263	0	0	0	0	0	0	0	0
LK-9121095	Liyanagoda	Liyanagoda	GND	1351	0	0	0	0	0	0	0	0
LK-9121100	Galkanda	Galkanda	GND	590	0	0	0	0	0	0	0	0
LK-9124	Pelmadulla	Pelmadulla	DSD	80549	9428	3106	588	0	0	0	0	0
LK-9124005	Gonakumbura	Gonakumbura	GND	908	224	0	0	0	0	0	0	0
LK-9124010	Bopetta	Bopetta	GND	1604	102	368	0	0	0	0	0	0
LK-9124015	Berenduwa	Berenduwa	GND	3204	418	402	0	0	0	0	0	0
LK-9124020	Narangoda	Narangoda	GND	1187	190	0	0	0	0	0	0	0
LK-9124025	Kuttapitiya	Kuttapitiya	GND	2662	245	191	0	0	0	0	0	0
LK-9124030	Ganegama	Ganegama	GND	1755	51	0	0	0	0	0	0	0
LK-9124035	Godagama	Godagama	GND	1879	410	0	0	0	0	0	0	0
LK-9124040	Dombagasvinna	Dombagasvinna	GND	2060	13	0	0	0	0	0	0	0
LK-9124045	Sannasgama	Sannasgama	GND	2304	42	0	0	0	0	0	0	0
LK-9124050	Dippitigala	Dippitigala	GND	1590	50	12	0	0	0	0	0	0
LK-9124055	Lellopitiya	Lellopitiya	GND	1710	142	0	0	0	0	0	0	0
LK-9124060	Welimaluwa	Welimaluwa	GND	3687	97	193	0	0	0	0	0	0
LK-9124065	Gallinna	Gallinna	GND	2296	76	0	0	0	0	0	0	0
LK-9124070	Maudella	Maudella	GND	1900	105	0	0	0	0	0	0	0
LK-9124075	Marapana	Marapana	GND	3205	15	0	0	0	0	0	0	0
LK-9124080	Pahala Hakamuwa	Pahala Hakamuwa	GND	2424	297	0	36	0	0	0	0	0
LK-9124085	Ihala Hakamuwa	Ihala Hakamuwa	GND	984	116	0	0	0	0	0	0	0
LK-9124090	Pottakanda	Pottakanda	GND	2312	676	33	11	0	0	0	0	0
LK-9124095	Niralgama	Niralgama	GND	2048	27	202	0	0	0	0	0	0
LK-9124100	Alupotha	Alupotha	GND	1309	0	0	0	0	0	0	0	0
LK-9124105	Dewalegama	Dewalegama	GND	2416	567	0	0	0	0	0	0	0
LK-9124110	Denawaka Pathakada	Denawaka Pathakada	GND	3718	395	0	14	0	0	0	0	0
LK-9124115	Rilhena	Rilhena	GND	2310	763	24	72	0	0	0	0	0
LK-9124120	Pahala Bopitiya	Pahala Bopitiya	GND	1739	16	0	16	0	0	0	0	0
LK-9124125	Pelmadulla Town	pelmadulla Town	GND	2477	42	10	152	0	0	0	0	0
LK-9124130	Udathula	Udathula	GND	1843	117	0	0	0	0	0	0	0
LK-9124135	Warigama	Warigama	GND	1328	0	0	0	0	0	0	0	0
LK-9124140	Denawaka Udakada	Denawaka Udakada	GND	1386	0	0	0	0	0	0	0	0
LK-9124145	Pelmadullagama	Pelmadullagama	GND	2985	31	42	19	0	0	0	0	0
LK-9124150	Ihala Bopitiya	Ihala Bopitiya	GND	2043	16	208	0	0	0	0	0	0
LK-9124155	Halpawala	Halpawala	GND	2119	52	45	0	0	0	0	0	0
LK-9124160	Kapuhenthota	Kapuhenthota	GND	2464	437	41	30	0	0	0	0	0
LK-9124165	Panawenna	Panawenna	GND	3570	1299	747	209	0	0	0	0	0
LK-9124170	Borala	Borala	GND	2742	719	0	0	0	0	0	0	0
LK-9124175	Morathota	Morathota	GND	2234	206	85	0	0	0	0	0	0
LK-9124180	Kattange	Kattange	GND	2195	743	0	0	0	0	0	0	0
LK-9124185	Poronuwa	Poronuwa	GND	1952	729	503	29	0	0	0	0	0
LK-9127	Elapatha	Elapatha	DSD	36543	1346	457	21	10	0	0	0	0
LK-9127005	Kahawatta	Kahawatta	GND	1304	0	0	0	0	0	0	0	0
LK-9127010	Dambuluwana	Dambuluwana	GND	1941	118	0	0	0	0	0	0	0
LK-9127015	Raddella	Raddella	GND	1676	12	22	0	0	0	0	0	0
LK-9127020	Haldola	Haldola	GND	2265	0	0	0	0	0	0	0	0
LK-9127025	Karangoda	Karangoda	GND	2302	0	0	10	0	0	0	0	0
LK-9127030	Samangama	Samangama	GND	1598	378	0	0	0	0	0	0	0
LK-9127035	Kehelovitigama	Kehelovitigama	GND	1670	86	0	0	0	0	0	0	0
LK-9127040	Weragama	Weragama	GND	1535	27	0	0	0	0	0	0	0
LK-9127045	Dellabada	Dellabada	GND	1284	13	0	0	0	0	0	0	0
LK-9127050	Elapatha	Elapatha	GND	2811	100	0	0	0	0	0	0	0
LK-9127055	Pallegedara	Pallegedara	GND	2008	0	0	0	0	0	0	0	0
LK-9127060	Kotamulla	Kotamulla	GND	1637	11	0	0	10	0	0	0	0
LK-9127065	Amuwala	Amuwala	GND	1537	18	0	0	0	0	0	0	0
LK-9127070	Gangulvitiya	Gangulvitiya	GND	2488	37	0	0	0	0	0	0	0
LK-9127075	Niriella	Niriella	GND	2351	24	89	11	0	0	0	0	0
LK-9127080	Palawela	Palawela	GND	1942	27	0	0	0	0	0	0	0
LK-9127085	Batakada	Batakada	GND	1133	152	35	0	0	0	0	0	0
LK-9127090	Digana	Digana	GND	1118	292	0	0	0	0	0	0	0
LK-9127095	Magurugoda	Magurugoda	GND	2031	0	0	0	0	0	0	0	0
LK-9127100	Hangamuwa	Hangamuwa	GND	1912	51	311	0	0	0	0	0	0
LK-9130	Ayagama	Ayagama	DSD	26188	2504	1209	0	0	0	0	0	0
LK-9130005	Dumbara	Dumbara	GND	1229	316	431	0	0	0	0	0	0
LK-9130010	Ketepola	Ketepola	GND	1419	27	95	0	0	0	0	0	0
LK-9130015	Dethabadakanda	Dethabadakanda	GND	808	54	47	0	0	0	0	0	0
LK-9130020	Madabaddara	Madabaddara	GND	801	733	205	0	0	0	0	0	0
LK-9130025	Pahala Galathura	Pahala Galathura	GND	1388	11	0	0	0	0	0	0	0
LK-9130030	Galathura	Galathura	GND	1793	584	27	0	0	0	0	0	0
LK-9130035	Sinhalagoda	Sinhalagoda	GND	1634	95	372	0	0	0	0	0	0
LK-9130040	Gangodakanda	Gangodakanda	GND	975	35	0	0	0	0	0	0	0
LK-9130045	Dumbara Manana	Dumbara Manana	GND	1155	0	0	0	0	0	0	0	0
LK-9130050	Gawaragiriya	Gawaragiriya	GND	1059	13	0	0	0	0	0	0	0
LK-9130055	Pitakanda	Pitakanda	GND	1721	21	0	0	0	0	0	0	0
LK-9130060	Pallekada	Pallekada	GND	1353	19	11	0	0	0	0	0	0
LK-9130065	Ellahena	Ellahena	GND	788	0	0	0	0	0	0	0	0
LK-9130070	Vithanagama	Vithanagama	GND	1063	21	0	0	0	0	0	0	0
LK-9130075	Ayagama	Ayagama	GND	1975	73	0	0	0	0	0	0	0
LK-9130080	Udugala North	Udugala North	GND	1083	28	0	0	0	0	0	0	0
LK-9130085	Kolambewa	Kolambewa	GND	717	13	0	0	0	0	0	0	0
LK-9130090	Udugala	Udugala	GND	2014	163	0	0	0	0	0	0	0
LK-9130095	Paragala	Paragala	GND	1164	0	21	0	0	0	0	0	0
LK-9130100	Pimbura	Pimbura	GND	1054	176	0	0	0	0	0	0	0
LK-9130105	Nikagoda	Nikagoda	GND	995	122	0	0	0	0	0	0	0
LK-9133	Kalawana	Kalawana	DSD	44601	4027	2055	0	0	0	0	0	0
LK-9133005	Kodippilikanda	Kodippilikanda	GND	1630	355	125	0	0	0	0	0	0
LK-9133010	Jathuwangoda	Jathuwangoda	GND	1452	133	0	0	0	0	0	0	0
LK-9133015	Meepagama	Meepagama	GND	1106	120	0	0	0	0	0	0	0
LK-9133020	Kukulegama North	Kukulegama North	GND	1738	457	12	0	0	0	0	0	0
LK-9133025	Samanpura	Samanpura	GND	1465	83	442	0	0	0	0	0	0
LK-9133030	Kalawana West	Kalawana West	GND	1900	232	37	0	0	0	0	0	0
LK-9133035	Thapassarakanda	Thapassarakanda	GND	2312	110	152	0	0	0	0	0	0
LK-9133040	Koswatta	Koswatta	GND	1700	53	39	0	0	0	0	0	0
LK-9133045	Kukulegama South	Kukulegama South	GND	1017	167	0	0	0	0	0	0	0
LK-9133050	Pitigalakanda	Pitigalakanda	GND	789	106	0	0	0	0	0	0	0
LK-9133055	Wewagama	Wewagama	GND	601	25	67	0	0	0	0	0	0
LK-9133060	Davugalagama	Davugalagama	GND	1299	295	0	0	0	0	0	0	0
LK-9133065	Wembiyagoda	Wembiyagoda	GND	1156	146	0	0	0	0	0	0	0
LK-9133070	Kalawana East	Kalawana East	GND	1686	96	11	0	0	0	0	0	0
LK-9133075	Wewelkandura	Wewelkandura	GND	2012	133	712	0	0	0	0	0	0
LK-9133080	Hangarangala	Hangarangala	GND	1917	84	0	0	0	0	0	0	0
LK-9133085	Wathurawa	Wathurawa	GND	1345	42	10	0	0	0	0	0	0
LK-9133090	Delgoda East	Delgoda East	GND	1450	104	0	0	0	0	0	0	0
LK-9133095	Delgoda West	Delgoda West	GND	1195	152	0	0	0	0	0	0	0
LK-9133100	Weddagala West	Weddagala West	GND	779	21	0	0	0	0	0	0	0
LK-9133105	Weddagala East	Weddagala East	GND	913	103	0	0	0	0	0	0	0
LK-9133110	Kudumeeriya	Kudumeeriya	GND	1030	117	0	0	0	0	0	0	0
LK-9133115	Thanabela	Thanabela	GND	1457	0	50	0	0	0	0	0	0
LK-9133120	Rambuka	Rambuka	GND	2163	51	0	0	0	0	0	0	0
LK-9133125	Dolekanda	Dolekanda	GND	919	37	287	0	0	0	0	0	0
LK-9133130	Kathlana	Kathlana	GND	1941	349	48	0	0	0	0	0	0
LK-9133135	Gangalagamuwa	Gangalagamuwa	GND	1412	71	0	0	0	0	0	0	0
LK-9133140	Panapola	Panapola	GND	1075	40	0	0	0	0	0	0	0
LK-9133145	Kudawa	Kudawa	GND	766	28	0	0	0	0	0	0	0
LK-9133150	Hapugoda	Hapugoda	GND	1197	28	20	0	0	0	0	0	0
LK-9133155	Pothupitiya North	Pothupitiya North	GND	1374	138	0	0	0	0	0	0	0
LK-9133160	Pothupitiya South	Pothupitiya South	GND	775	73	0	0	0	0	0	0	0
LK-9133165	Ilumbakanda	Ilumbakanda	GND	1030	78	43	0	0	0	0	0	0
LK-9136	Nivithigala	Nivithigala	DSD	49350	8617	905	496	0	0	0	0	0
LK-9136005	Pathakada	Pathakada	GND	2152	89	0	0	0	0	0	0	0
LK-9136010	Noragalla	Noragalla	GND	2331	909	0	0	0	0	0	0	0
LK-9136015	Dombagammana	Dombagammana	GND	2826	224	0	0	0	0	0	0	0
LK-9136020	Erabadda	Erabadda	GND	1774	165	33	0	0	0	0	0	0
LK-9136025	Kiribathgala	Kiribathgala	GND	1151	401	0	0	0	0	0	0	0
LK-9136030	Wanniyawatta	Wanniyawatta	GND	1450	306	0	0	0	0	0	0	0
LK-9136035	Watapotha	Watapotha	GND	1377	186	0	0	0	0	0	0	0
LK-9136040	Thuttiripitiya	Thuttiripitiya	GND	1471	266	11	0	0	0	0	0	0
LK-9136045	Nivithigala	Nivithigala	GND	2975	110	0	14	0	0	0	0	0
LK-9136050	Yakdehiwatta	Yakdehiwatta	GND	2293	725	0	189	0	0	0	0	0
LK-9136055	Wathupitiya	Wathupitiya	GND	2346	97	0	0	0	0	0	0	0
LK-9136060	Horangala	Horangala	GND	2005	129	0	92	0	0	0	0	0
LK-9136065	Pahala Karavita	Pahala Karavita	GND	3178	629	126	36	0	0	0	0	0
LK-9136070	Uda Karavita	Uda Karavita	GND	2661	218	0	104	0	0	0	0	0
LK-9136075	Pinkanda	Pinkanda	GND	2094	207	0	12	0	0	0	0	0
LK-9136080	Halkandaliya	Halkandaliya	GND	2075	94	0	0	0	0	0	0	0
LK-9136085	Sidurupitiya	Sidurupitiya	GND	1511	405	0	0	0	0	0	0	0
LK-9136090	Doloswala	Doloswala	GND	1236	382	63	0	0	0	0	0	0
LK-9136095	Kolombugama	Kolombugama	GND	3073	1268	0	29	0	0	0	0	0
LK-9136100	Doloswalakanda	Doloswalakanda	GND	1785	573	481	0	0	0	0	0	0
LK-9136105	Pebotuwa	Pebotuwa	GND	1294	252	18	0	0	0	0	0	0
LK-9136110	Horanekarakanda	Horanekarakanda	GND	2148	56	89	0	0	0	0	0	0
LK-9136115	Delwala	Delwala	GND	3739	926	55	20	0	0	0	0	0
LK-9136120	Panahetagala	Panahetagala	GND	405	0	29	0	0	0	0	0	0
LK-9139	Kahawattha	Kahawatta	DSD	33410	5694	3003	1500	0	0	0	0	0
LK-9139005	Yainna	Yainna	GND	2677	78	1120	23	0	0	0	0	0
LK-9139010	Nugawela West	Nugawela West	GND	1717	182	76	609	0	0	0	0	0
LK-9139015	Nugawela East	Nugawela East	GND	1064	146	0	135	0	0	0	0	0
LK-9139020	Weladura	Weladura	GND	3098	822	23	156	0	0	0	0	0
LK-9139025	Bungiriya	Bungiriya	GND	1118	249	0	0	0	0	0	0	0
LK-9139030	Uda Hawpe	Uda Hawpe	GND	1930	798	396	108	0	0	0	0	0
LK-9139035	Yatagare	Yatagare	GND	921	301	335	0	0	0	0	0	0
LK-9139040	Madalagama Colony	Madalagama Colony	GND	1955	14	11	0	0	0	0	0	0
LK-9139045	Panapitiya North	Panapitiya North	GND	1482	0	0	0	0	0	0	0	0
LK-9139050	Nambuluwa	Nambuluwa	GND	2147	140	142	35	0	0	0	0	0
LK-9139055	Atakalanpanna	Atakalanpanna	GND	2258	65	0	399	0	0	0	0	0
LK-9139060	Pahamunupanna	Pahamunupanna	GND	770	0	0	35	0	0	0	0	0
LK-9139065	Kalalella	Kalalella	GND	2205	455	590	0	0	0	0	0	0
LK-9139070	Panapitiya South	Panapitiya South	GND	1379	0	0	0	0	0	0	0	0
LK-9139075	Gabbela	Gabbela	GND	1785	0	0	0	0	0	0	0	0
LK-9139080	Endana	Endana	GND	2055	1096	180	0	0	0	0	0	0
LK-9139085	Madalagama	Madalagama	GND	1095	0	0	0	0	0	0	0	0
LK-9139090	Miyanavita West	Miyanavita West	GND	809	1079	42	0	0	0	0	0	0
LK-9139095	Miyanavita East	Miyanavita East	GND	905	0	88	0	0	0	0	0	0
LK-9139100	Kiranodagama	Kiranodagama	GND	1564	253	0	0	0	0	0	0	0
LK-9139105	Pannila	Pannila	GND	476	16	0	0	0	0	0	0	0
LK-9142	Godakawela	Godakawela	DSD	60788	11608	3282	2668	55	0	0	0	0
LK-9142005	Kotakethana	Kotakethana	GND	1641	451	992	0	14	0	0	0	0
LK-9142010	Dimbulwala	Dimbulwala	GND	1178	13	720	0	0	0	0	0	0
LK-9142015	Hapurudeniya	Hapurudeniya	GND	1301	104	500	12	0	0	0	0	0
LK-9142020	Panawala	Panawala	GND	1066	0	0	0	0	0	0	0	0
LK-9142025	Buluwana	Buluwana	GND	1435	0	0	0	0	0	0	0	0
LK-9142030	Makandura	Makandura	GND	1231	0	0	0	0	0	0	0	0
LK-9142035	Ematiyagoda	Ematiyagoda	GND	851	0	0	0	0	0	0	0	0
LK-9142040	Ridivita	Ridivita	GND	1646	0	0	0	0	0	0	0	0
LK-9142045	Maragala	Maragala	GND	895	0	0	0	0	0	0	0	0
LK-9142050	Hiramadagama	Hiramadagama	GND	1430	0	0	0	0	0	0	0	0
LK-9142055	Madampe North	Madampe North	GND	2658	582	0	12	0	0	0	0	0
LK-9142060	Kavuduwawa	Kavuduwawa	GND	1672	0	0	10	0	0	0	0	0
LK-9142065	Madampe South	Madampe South	GND	934	973	0	0	0	0	0	0	0
LK-9142070	Horamula	Horamula	GND	530	1364	0	0	0	0	0	0	0
LK-9142075	Weralugahamula	Weralugahamula	GND	940	0	258	0	0	0	0	0	0
LK-9142080	Alpitiya	Alpitiya	GND	1397	17	0	0	0	0	0	0	0
LK-9142085	Galahitiya	Galahitiya	GND	2202	0	0	0	0	0	0	0	0
LK-9142090	Kompitiya	Kompitiya	GND	1208	0	0	0	0	0	0	0	0
LK-9142095	Malwatta	Malwatta	GND	1953	0	0	0	0	0	0	0	0
LK-9142100	Werahera West	Werahera West	GND	1093	0	0	0	0	0	0	0	0
LK-9142105	Werahera East	Werahera East	GND	755	0	0	0	0	0	0	0	0
LK-9142110	Godakawela	Godakawela	GND	984	0	0	0	0	0	0	0	0
LK-9142115	Warayaya	Warayaya	GND	1523	0	0	0	0	0	0	0	0
LK-9142120	Niyangama	Niyangama	GND	1686	0	0	0	0	0	0	0	0
LK-9142125	Bambaragasthenna	Bambaragasthenna	GND	2225	0	0	0	0	0	0	0	0
LK-9142130	Balavinna North	Balavinna North	GND	1247	0	0	0	0	0	0	0	0
LK-9142135	Balavinna West	Balavinna West	GND	2592	11	0	0	0	0	0	0	0
LK-9142140	Kapuhenthenna	Kapuhenthenna	GND	720	0	0	0	0	0	0	0	0
LK-9142145	Mawathalanda	Mawathalanda	GND	1397	0	0	0	0	0	0	0	0
LK-9142150	Meddegama	Meddegama	GND	1160	0	0	0	0	0	0	0	0
LK-9142155	Masimbula	Masimbula	GND	1825	1767	60	734	0	0	0	0	0
LK-9142160	Rakwana Town	Rakwana Town	GND	741	498	15	611	20	0	0	0	0
LK-9142165	Kottala	Kottala	GND	2022	1809	28	439	21	0	0	0	0
LK-9142170	Rakwana South	Rakwana South	GND	935	934	287	342	0	0	0	0	0
LK-9142175	Rakwana North	Rakwana North	GND	810	1810	217	494	0	0	0	0	0
LK-9142180	Yahalawela	Yahalawela	GND	1491	726	123	14	0	0	0	0	0
LK-9142185	Bibilegama West	Bibilegama West	GND	1683	389	82	0	0	0	0	0	0
LK-9142190	Bibilegama East	Bibilegama East	GND	1519	0	0	0	0	0	0	0	0
LK-9142195	Thambagamuwa West	Thambagamuwa West	GND	1213	160	0	0	0	0	0	0	0
LK-9142200	Dambavinna	Dambavinna	GND	1078	0	0	0	0	0	0	0	0
LK-9142205	Balavinna East	Balavinna East	GND	2914	0	0	0	0	0	0	0	0
LK-9142210	Thambagamuwa East	Thambagamuwa East	GND	1043	0	0	0	0	0	0	0	0
LK-9142215	Mahagama West	Mahagama West	GND	1254	0	0	0	0	0	0	0	0
LK-9142220	Mahagama East	Mahagama East	GND	710	0	0	0	0	0	0	0	0
LK-9145	Weligepola	Weligepola	DSD	33778	92	220	0	0	0	0	0	0
LK-9145005	Paragahamaditta	Paragahamaditta	GND	1002	0	0	0	0	0	0	0	0
LK-9145010	Ilukkumbura	Illukkumbura	GND	933	49	0	0	0	0	0	0	0
LK-9145015	Panana	Panana	GND	624	22	220	0	0	0	0	0	0
LK-9145020	Galgodagama	Galgodagama	GND	1072	0	0	0	0	0	0	0	0
LK-9145025	Kongasthenna	Kongasthenna	GND	817	10	0	0	0	0	0	0	0
LK-9145030	Bopitigoda	Bopitigoda	GND	1131	0	0	0	0	0	0	0	0
LK-9145035	Gangodagama	Gangodagama	GND	1047	0	0	0	0	0	0	0	0
LK-9145040	Medaganoya	Medaganoya	GND	538	0	0	0	0	0	0	0	0
LK-9145045	Udaranwala	Udaranwala	GND	1468	0	0	0	0	0	0	0	0
LK-9145050	Weligepola	Weligepola	GND	1285	0	0	0	0	0	0	0	0
LK-9145055	Udagangoda	Udagangoda	GND	1216	0	0	0	0	0	0	0	0
LK-9145060	Belimaliyadda	Belimaliyadda	GND	794	0	0	0	0	0	0	0	0
LK-9145065	Handagiriya	Handagiriya	GND	595	0	0	0	0	0	0	0	0
LK-9145070	Handagirigoda	Handagirigoda	GND	864	0	0	0	0	0	0	0	0
LK-9145075	Palugahawela	Palugahawela	GND	983	0	0	0	0	0	0	0	0
LK-9145080	Urawala	Urawala	GND	1254	0	0	0	0	0	0	0	0
LK-9145085	Kottimbulwala	Kottimbulwala	GND	918	0	0	0	0	0	0	0	0
LK-9145090	Thalagaskanda	Thalagaskanda	GND	1344	0	0	0	0	0	0	0	0
LK-9145095	Ranwala	Ranwala	GND	1072	0	0	0	0	0	0	0	0
LK-9145100	Ammaduwa	Ammaduwa	GND	1136	11	0	0	0	0	0	0	0
LK-9145105	Elamalpe	Elamalpe	GND	1006	0	0	0	0	0	0	0	0
LK-9145110	Thennahena	Thennahena	GND	1046	0	0	0	0	0	0	0	0
LK-9145115	Kalatuwakanda	Kalatuwakanda	GND	854	0	0	0	0	0	0	0	0
LK-9145120	Badullegama	Badullegama	GND	1365	0	0	0	0	0	0	0	0
LK-9145125	Hatangala	Hatangala	GND	1703	0	0	0	0	0	0	0	0
LK-9145130	Bambaragala	Bambaragala	GND	1795	0	0	0	0	0	0	0	0
LK-9145135	Pussathota	Pussathota	GND	1387	0	0	0	0	0	0	0	0
LK-9145140	Madawalalanda	Madawalalanda	GND	919	0	0	0	0	0	0	0	0
LK-9145145	Galpaya	Galpaya	GND	2594	0	0	0	0	0	0	0	0
LK-9145150	Muttettupola	Muttettupola	GND	1016	0	0	0	0	0	0	0	0
LK-9148	Embilipitiya	Embilipitiya	DSD	159732	85	0	0	0	0	0	0	0
LK-9148005	Pallebedda	Pallebedda	GND	2344	51	0	0	0	0	0	0	0
LK-9148010	Thittawelpotha	Thittawelpotha	GND	2033	0	0	0	0	0	0	0	0
LK-9148015	Panahaduwa	Panahaduwa	GND	2566	0	0	0	0	0	0	0	0
LK-9148020	Udawalawa	Udawalawa	GND	3330	0	0	0	0	0	0	0	0
LK-9148025	Thimbolketiya	Thimbolketiya	GND	2515	0	0	0	0	0	0	0	0
LK-9148030	Kolambage Ara	Kolambage Ara	GND	3728	0	0	0	0	0	0	0	0
LK-9148035	Sankhapala	Sankhapala	GND	3628	0	0	0	0	0	0	0	0
LK-9148040	Miriswelpatha	Miriswelpatha	GND	2167	0	0	0	0	0	0	0	0
LK-9148045	Adaluwa	Adaluwa	GND	3325	0	0	0	0	0	0	0	0
LK-9148050	Maduwanwela	Maduwanwela	GND	5025	10	0	0	0	0	0	0	0
LK-9148055	Udawalawa Track 02	Udawalawa Track 02	GND	3923	0	0	0	0	0	0	0	0
LK-9148060	Rathkarawwa	Rathkarawwa	GND	5741	12	0	0	0	0	0	0	0
LK-9148065	Gangeyaya	Gangeyaya	GND	3609	0	0	0	0	0	0	0	0
LK-9148070	Ketagal Ara	Ketagal Ara	GND	3711	0	0	0	0	0	0	0	0
LK-9148075	Nindagam Pelessa	Nindagam Pelessa	GND	2740	0	0	0	0	0	0	0	0
LK-9148080	Ranchamadama	Ranchamadama	GND	2809	0	0	0	0	0	0	0	0
LK-9148085	Panamura	Panamura	GND	6412	0	0	0	0	0	0	0	0
LK-9148090	Konkatuwa	Konkatuwa	GND	3810	0	0	0	0	0	0	0	0
LK-9148095	Embilipitiya Udagama	Embilipitiya Udagama	GND	3780	0	0	0	0	0	0	0	0
LK-9148100	Hingura Ara	Hingura Ara	GND	4238	0	0	0	0	0	0	0	0
LK-9148105	Kalagedi Ara	Kalagedi Ara	GND	4883	0	0	0	0	0	0	0	0
LK-9148110	Moraketiya	Moraketiya	GND	4746	0	0	0	0	0	0	0	0
LK-9148115	Embilipitiya Pallegama	Embilipitiya Pallegama	GND	6719	12	0	0	0	0	0	0	0
LK-9148120	Embilipitiya New Town	Embilipitiya New Town	GND	5472	0	0	0	0	0	0	0	0
LK-9148125	Yodhagama	Yodhagama	GND	6070	0	0	0	0	0	0	0	0
LK-9148130	Modarawana	Modarawana	GND	3731	0	0	0	0	0	0	0	0
LK-9148135	Sudugala	Sudugala	GND	3004	0	0	0	0	0	0	0	0
LK-9148140	Walalgoda	Walalgoda	GND	2966	0	0	0	0	0	0	0	0
LK-9148145	Jadura	Jadura	GND	3655	0	0	0	0	0	0	0	0
LK-9148150	Diyapota	Diyapota	GND	2483	0	0	0	0	0	0	0	0
LK-9148155	Mulendiyawala	Mulendiyawala	GND	2983	0	0	0	0	0	0	0	0
LK-9148160	Thorakolayaya	Thorakolayaya	GND	3622	0	0	0	0	0	0	0	0
LK-9148165	Kumbugoda Ara	Kumbugoda Ara	GND	5718	0	0	0	0	0	0	0	0
LK-9148170	Hingura	Hingura	GND	5409	0	0	0	0	0	0	0	0
LK-9148175	Halmillaketiya	Halmillaketiya	GND	3385	0	0	0	0	0	0	0	0
LK-9148180	Thunkama	Thunkama	GND	6661	0	0	0	0	0	0	0	0
LK-9148185	Hagala	Hagala	GND	4690	0	0	0	0	0	0	0	0
LK-9148190	Kuttigala	Kuttigala	GND	4806	0	0	0	0	0	0	0	0
LK-9148195	Julangete	Julangete	GND	2341	0	0	0	0	0	0	0	0
LK-9148200	Padalangala	Padalangala	GND	4954	0	0	0	0	0	0	0	0
LK-9151	Kolonna	Kolonna	DSD	45389	4362	272	0	0	0	0	0	0
LK-9151005	Buluthota	Buluthota	GND	1318	1129	111	0	0	0	0	0	0
LK-9151010	Ranhotikanda	Ranhotikanda	GND	2021	0	0	0	0	0	0	0	0
LK-9151015	Yakmaditta	Yakmaditta	GND	886	0	0	0	0	0	0	0	0
LK-9151020	Helaudakanda	Helaudakanda	GND	1197	0	0	0	0	0	0	0	0
LK-9151025	Heneggegoda	Heneggegoda	GND	953	0	0	0	0	0	0	0	0
LK-9151030	Kumburugamuwa	Kumburugamuwa	GND	1504	0	0	0	0	0	0	0	0
LK-9151035	Dambemada	Dambemada	GND	707	0	0	0	0	0	0	0	0
LK-9151040	Welewathugoda	Welewathugoda	GND	583	0	0	0	0	0	0	0	0
LK-9151045	Ereporuwa	Ereporuwa	GND	2030	0	0	0	0	0	0	0	0
LK-9151050	Wijeriya	Wijeriya	GND	1745	0	0	0	0	0	0	0	0
LK-9151055	Poddana	Poddana	GND	1688	856	13	0	0	0	0	0	0
LK-9151060	Ittakanda	Ittakanda	GND	1533	341	0	0	0	0	0	0	0
LK-9151065	Buthkanda	Buthkanda	GND	1894	10	0	0	0	0	0	0	0
LK-9151070	Kolonna	Kolonna	GND	3252	0	0	0	0	0	0	0	0
LK-9151075	Maduwanwela Peranigama	Maduwanwela Peranigama	GND	3657	0	0	0	0	0	0	0	0
LK-9151080	Nandanagama	Nandanagama	GND	1828	0	0	0	0	0	0	0	0
LK-9151085	Ambagahayaya	Ambagahayaya	GND	1711	0	0	0	0	0	0	0	0
LK-9151090	Kella	Kella	GND	1349	0	0	0	0	0	0	0	0
LK-9151095	Boraluwageaina	Boraluwageaina	GND	923	1225	60	0	0	0	0	0	0
LK-9151100	Ullinduwawa	Ullinduwawa	GND	1993	801	88	0	0	0	0	0	0
LK-9151105	Pupulaketiya	Pupulaketiya	GND	1405	0	0	0	0	0	0	0	0
LK-9151110	Habbeliara	Habbeliara	GND	1739	0	0	0	0	0	0	0	0
LK-9151115	Walakada	Walakada	GND	846	0	0	0	0	0	0	0	0
LK-9151120	Koppakanda	Koppakanda	GND	1380	0	0	0	0	0	0	0	0
LK-9151125	Dapane	Dapane	GND	1737	0	0	0	0	0	0	0	0
LK-9151130	Dorapane	Dorapane	GND	1059	0	0	0	0	0	0	0	0
LK-9151135	Morawadiya	Morawadiya	GND	850	0	0	0	0	0	0	0	0
LK-9151140	Omalpe	Omalpe	GND	1714	0	0	0	0	0	0	0	0
LK-9151145	Kempane	Kempane	GND	1887	0	0	0	0	0	0	0	0
LK-92	Kegalle	Kegalle	DISTRICT	736385	39724	20829	71510	41	25	0	0	0
LK-9203	Rambukkana	Rambukkana	DSD	82564	846	14	3389	0	0	0	0	0
LK-9203005	Dombemada East	Dombemada East	GND	513	12	0	0	0	0	0	0	0
LK-9203010	Dombemada West	Dombemada west	GND	404	10	0	0	0	0	0	0	0
LK-9203015	Udanvita	Udanvita	GND	444	0	0	0	0	0	0	0	0
LK-9203020	Maligathenna	Maligathenna	GND	596	0	0	0	0	0	0	0	0
LK-9203025	Alugolla	Alugolla	GND	433	0	0	0	0	0	0	0	0
LK-9203030	Gabbala North	Gabbala North	GND	1040	0	0	0	0	0	0	0	0
LK-9203035	Gabbala South	Gabbala South	GND	1062	0	0	0	0	0	0	0	0
LK-9203040	Mahagama	Mahagama	GND	735	0	0	0	0	0	0	0	0
LK-9203045	Halwatta	Halwatta	GND	443	0	0	0	0	0	0	0	0
LK-9203050	Hewadiwela	Hewadiwela	GND	996	18	0	42	0	0	0	0	0
LK-9203055	Nattambura	Nattambura	GND	808	0	0	0	0	0	0	0	0
LK-9203060	Kudagama North	Kudagama North	GND	719	0	0	0	0	0	0	0	0
LK-9203065	Kudagama South	Kudagama South	GND	512	0	0	0	0	0	0	0	0
LK-9203070	Medagaladeniya	Medagaladeniya	GND	463	0	0	0	0	0	0	0	0
LK-9203075	Walgama	Walgama	GND	990	0	0	0	0	0	0	0	0
LK-9203080	Udagaladeniya	Udagaladeniya	GND	419	0	0	0	0	0	0	0	0
LK-9203085	Dambulla	Dambulla	GND	456	0	0	0	0	0	0	0	0
LK-9203090	Deliwala	Deliwala	GND	1400	12	0	0	0	0	0	0	0
LK-9203095	Hangawela	Hangawela	GND	492	0	0	0	0	0	0	0	0
LK-9203100	Ihala Walpola	Ihala Walpola	GND	626	0	0	0	0	0	0	0	0
LK-9203105	Kotawella	Kotawella	GND	1226	0	0	0	0	0	0	0	0
LK-9203110	Kanugolla	Kanugolla	GND	879	0	0	0	0	0	0	0	0
LK-9203115	Parape North	Parape North	GND	596	0	0	0	0	0	0	0	0
LK-9203120	Parape South	Parape South	GND	906	0	0	0	0	0	0	0	0
LK-9203125	Kossinna	Kossinna	GND	877	0	0	0	0	0	0	0	0
LK-9203130	Kansalagamuwa	Kansalagamuwa	GND	1338	12	0	0	0	0	0	0	0
LK-9203135	Heenabowa	Heenabowa	GND	639	0	0	0	0	0	0	0	0
LK-9203140	Walalgoda	Walalgoda	GND	967	0	0	0	0	0	0	0	0
LK-9203145	Kiriwallapitiya	Kiriwallapitiya	GND	648	14	0	37	0	0	0	0	0
LK-9203150	Eriyagolla	Eriyagolla	GND	1146	0	0	0	0	0	0	0	0
LK-9203155	Werellapatha	Werellapatha	GND	581	0	0	0	0	0	0	0	0
LK-9203160	Weligamuwa	Weligamuwa	GND	970	0	0	0	0	0	0	0	0
LK-9203165	Thaldewa	Thaldewa	GND	1108	0	0	26	0	0	0	0	0
LK-9203170	Wahawa	Wahawa	GND	1448	0	0	34	0	0	0	0	0
LK-9203175	Padavigampala	Padavigampala	GND	1516	0	0	0	0	0	0	0	0
LK-9203180	Puwakmote	Puwakmote	GND	665	0	0	0	0	0	0	0	0
LK-9203185	Udugama	Udugama	GND	529	0	0	0	0	0	0	0	0
LK-9203190	Thismalpola	Thismalpola	GND	608	0	0	0	0	0	0	0	0
LK-9203195	Yatagama	Yatagama	GND	718	0	0	0	0	0	0	0	0
LK-9203200	Meeduma	Meeduma	GND	1133	10	0	11	0	0	0	0	0
LK-9203205	Hurimaluwa	Hurimaluwa	GND	1077	51	0	2054	0	0	0	0	0
LK-9203210	Eriyawa	Eriyawa	GND	1030	26	0	251	0	0	0	0	0
LK-9203215	Rambukkana Town	Rambukkana Town	GND	509	0	0	191	0	0	0	0	0
LK-9203220	Diyasunnatha	Diyasunnatha	GND	834	0	0	12	0	0	0	0	0
LK-9203225	Madawala	Madawala	GND	919	10	0	32	0	0	0	0	0
LK-9203230	Godagandeniya	Godagandeniya	GND	759	0	0	0	0	0	0	0	0
LK-9203235	Kempitiya	Kempitiya	GND	153	118	0	0	0	0	0	0	0
LK-9203240	Kadigamuwa	Kadigamuwa	GND	1551	13	0	0	0	0	0	0	0
LK-9203245	Halagiriya	Halagiriya	GND	823	0	0	0	0	0	0	0	0
LK-9203250	Muwapitiya	Muwapitiya	GND	729	0	0	0	0	0	0	0	0
LK-9203255	Beligodapitiya	Beligodapitiya	GND	432	0	0	0	0	0	0	0	0
LK-9203260	Pinnawala	Pinnawala	GND	1285	0	0	0	0	0	0	0	0
LK-9203265	Daluggala	Daluggala	GND	460	0	0	0	0	0	0	0	0
LK-9203270	Mottappuliya	Mottappuliya	GND	1349	20	0	188	0	0	0	0	0
LK-9203275	Koorempola	Koorempola	GND	1826	0	0	0	0	0	0	0	0
LK-9203280	Halpitiya	Halpitiya	GND	857	0	0	0	0	0	0	0	0
LK-9203285	Naranbedda East	Naranbedda East	GND	736	0	0	0	0	0	0	0	0
LK-9203290	Naranbedda West	Naranbedda West	GND	768	0	0	0	0	0	0	0	0
LK-9203295	Marukwathura	Marukwathura	GND	1819	10	0	0	0	0	0	0	0
LK-9203300	Imbulgasdeniya	Imbulgasdeniya	GND	2599	23	0	0	0	0	0	0	0
LK-9203305	Ambuwangala	Ambuwangala	GND	927	0	0	0	0	0	0	0	0
LK-9203310	Kehelwathugoda	Kehelwathugoda	GND	1833	152	0	0	0	0	0	0	0
LK-9203315	Dunukewala	Dunukewala	GND	1151	0	0	0	0	0	0	0	0
LK-9203320	Waduwadeniya	Waduwadeniya	GND	584	0	0	0	0	0	0	0	0
LK-9203325	Hiriwadunna	Hiriwadunna	GND	1392	0	0	0	0	0	0	0	0
LK-9203330	Bathambure	Bathambure	GND	1235	0	0	18	0	0	0	0	0
LK-9203335	Kottana Watta	Kottana Watta	GND	887	0	0	0	0	0	0	0	0
LK-9203340	Kotagama	Kotagama	GND	1162	0	0	0	0	0	0	0	0
LK-9203345	Kiriwandeniya	Kiriwandeniya	GND	1132	0	0	0	0	0	0	0	0
LK-9203350	Netiyapana	Netiyapana	GND	536	0	0	0	0	0	0	0	0
LK-9203355	Udugama Gondewala	Udugama Gondewala	GND	998	0	0	0	0	0	0	0	0
LK-9203360	Pattampitiya	Pattampitiya	GND	511	0	0	75	0	0	0	0	0
LK-9203365	Yatiwaldeniya	Yatiwaldeniya	GND	562	10	0	272	0	0	0	0	0
LK-9203370	Henepola	Henepola	GND	1005	100	0	13	0	0	0	0	0
LK-9203375	Deegana Kanda	Deegana Kanda	GND	922	0	0	59	0	0	0	0	0
LK-9203380	Gangoda	Gangoda	GND	934	148	0	0	0	0	0	0	0
LK-9203385	Beddawala	Beddawala	GND	683	0	0	0	0	0	0	0	0
LK-9203390	Yodhagama	Yodhagama	GND	1546	0	0	0	0	0	0	0	0
LK-9203395	Pitiyegama	Pitiyegama	GND	955	0	0	0	0	0	0	0	0
LK-9203400	Deldeniya	Deldeniya	GND	749	0	0	0	0	0	0	0	0
LK-9203405	Kivulpana	Kivulpana	GND	923	0	0	0	0	0	0	0	0
LK-9203410	Minwana	Minwana	GND	579	0	0	0	0	0	0	0	0
LK-9203415	Kumbaldiwela	Kumbaldiwela	GND	1101	0	0	0	0	0	0	0	0
LK-9203420	Galpala	Galpala	GND	672	0	0	0	0	0	0	0	0
LK-9203425	Kumbaloluwa	Kumbaloluwa	GND	1440	0	0	0	0	0	0	0	0
LK-9203430	Kavudaulla	Kavudaulla	GND	1199	0	0	0	0	0	0	0	0
LK-9203435	Molagoda	Molagoda	GND	1826	63	14	74	0	0	0	0	0
LK-9203440	Waragoda	Waragoda	GND	918	0	0	0	0	0	0	0	0
LK-9203445	Mangalagama	Mangalagama	GND	1638	14	0	0	0	0	0	0	0
LK-9206	Mawanella	Mawanella	DSD	82919	1180	109	41553	12	0	0	0	0
LK-9206005	Weganthale	Weganthale	GND	1535	0	0	0	0	0	0	0	0
LK-9206010	Yatimahana	Yatimahana	GND	934	0	0	0	0	0	0	0	0
LK-9206015	Keppetipola	Keppetipola	GND	2045	16	0	0	0	0	0	0	0
LK-9206020	Ihala Kotte	Ihala Kotte	GND	868	0	0	0	0	0	0	0	0
LK-9206025	Makehelwala	Makehelwala	GND	1450	0	0	0	0	0	0	0	0
LK-9206030	Dunugama Maliyadda	Dunugama Maliyadda	GND	1770	0	0	0	0	0	0	0	0
LK-9206035	Karapane	Karapane	GND	969	11	0	10	0	0	0	0	0
LK-9206040	Kondeniya	Kondeniya	GND	1507	27	0	0	0	0	0	0	0
LK-9206045	Gondiwala	Gondiwala	GND	1637	127	31	1451	0	0	0	0	0
LK-9206050	Uthuwankanda	Uthuwankanda	GND	1791	10	0	0	0	0	0	0	0
LK-9206055	Ambulugala	Ambulugala	GND	2127	0	0	0	0	0	0	0	0
LK-9206060	Attanagoda	Attanagoda	GND	1187	202	20	0	0	0	0	0	0
LK-9206065	Panagamuwa	Panagamuwa	GND	890	0	0	0	0	0	0	0	0
LK-9206070	Dehimaduwa	Dehimaduwa	GND	2052	10	0	0	0	0	0	0	0
LK-9206075	Habbunkaduwa	Habbunkaduwa	GND	1859	28	0	0	0	0	0	0	0
LK-9206080	Mahawatta	Mahawatta	GND	606	103	0	3501	0	0	0	0	0
LK-9206085	Muruthawala	Muruthawala	GND	967	19	0	4332	0	0	0	0	0
LK-9206090	Randiwala	Randiwala	GND	1646	0	0	0	0	0	0	0	0
LK-9206095	Uda Makadawara	Uda Makadawara	GND	1255	0	0	133	0	0	0	0	0
LK-9206100	Ganethenna	Ganethenna	GND	959	42	0	717	0	0	0	0	0
LK-9206105	Makadawara	Makadawara	GND	1432	0	0	169	0	0	0	0	0
LK-9206110	Batawala	Batawala	GND	1796	23	0	763	0	0	0	0	0
LK-9206115	Hingula	Hingula	GND	1540	26	27	1068	0	0	0	0	0
LK-9206120	Owatta	Owatta	GND	942	12	0	662	0	0	0	0	0
LK-9206125	Hinguloya	Hinguloya	GND	20	22	0	5581	0	0	0	0	0
LK-9206130	Rankothdiwala	Rankothdiwala	GND	230	22	17	1310	0	0	0	0	0
LK-9206135	Mawanella	Mawanella	GND	1374	16	0	50	0	0	0	0	0
LK-9206140	Mawana	Mawana	GND	657	0	0	725	0	0	0	0	0
LK-9206145	Kiringadeniya	Kiringadeniya	GND	57	0	0	3513	0	0	0	0	0
LK-9206150	Weligalla	Weligalla	GND	1458	0	0	0	0	0	0	0	0
LK-9206155	Dodanthale	Dodanthale	GND	1418	0	0	0	0	0	0	0	0
LK-9206160	Kappagoda	Kappagoda	GND	3520	19	0	0	0	0	0	0	0
LK-9206165	Nankurugama	Nankurugama	GND	1133	15	0	990	0	0	0	0	0
LK-9206170	Kongamuwa	Kongamuwa	GND	1782	63	0	1715	12	0	0	0	0
LK-9206175	Beligammana	Beligammana	GND	1751	14	0	397	0	0	0	0	0
LK-9206180	Edanduwawa	Edanduwawa	GND	862	0	0	0	0	0	0	0	0
LK-9206185	Idampitiya	Idampitiya	GND	929	0	0	794	0	0	0	0	0
LK-9206190	Kekirigoda	Kekirigoda	GND	1136	0	0	764	0	0	0	0	0
LK-9206195	Uyanwatta	Uyanwatta	GND	10	0	0	3038	0	0	0	0	0
LK-9206200	Aluthnuwara	Aluthnuwara	GND	1444	100	0	23	0	0	0	0	0
LK-9206205	Molligoda	Molligoda	GND	1599	0	0	0	0	0	0	0	0
LK-9206210	Mawela	Mawela	GND	2404	0	0	0	0	0	0	0	0
LK-9206215	Warakapana	Warakapana	GND	903	0	0	0	0	0	0	0	0
LK-9206220	Kahawandala	Kahawandala	GND	1001	0	0	0	0	0	0	0	0
LK-9206225	Mahanthegama	Mahanthegama	GND	1039	0	0	0	0	0	0	0	0
LK-9206230	Heenatipana	Heenatipana	GND	1483	0	0	0	0	0	0	0	0
LK-9206235	Rukulagama	Rukulagama	GND	1894	0	0	0	0	0	0	0	0
LK-9206240	Daswatta	Daswatta	GND	1236	0	0	0	0	0	0	0	0
LK-9206245	Lewke	Lewke	GND	1303	0	0	0	0	0	0	0	0
LK-9206250	Kumbalgama	Kumbalgama	GND	863	0	0	0	0	0	0	0	0
LK-9206255	Balawathgama	Balawathgama	GND	982	0	0	0	0	0	0	0	0
LK-9206260	Werake	Werake	GND	2072	32	0	0	0	0	0	0	0
LK-9206265	Embilmeewala	Embilmeewala	GND	504	0	0	0	0	0	0	0	0
LK-9206270	Thambavita	Thambavita	GND	1169	12	0	12	0	0	0	0	0
LK-9206275	Eraminigammana	Eraminigammana	GND	1316	0	0	0	0	0	0	0	0
LK-9206280	Ambadeniya	Ambadeniya	GND	1051	0	0	0	0	0	0	0	0
LK-9206285	Weragoda	Weragoda	GND	957	44	0	0	0	0	0	0	0
LK-9206290	Kooragala	Kooragala	GND	597	0	0	0	0	0	0	0	0
LK-9206295	Waduwawala	Waduwawala	GND	1460	0	0	0	0	0	0	0	0
LK-9206300	Ginihappitiya West	Ginihappitiya West	GND	398	20	0	1143	0	0	0	0	0
LK-9206305	Ginihappitiya East	Ginihappitiya  East	GND	1299	0	0	1025	0	0	0	0	0
LK-9206310	Ambaruppa	Ambaruppa	GND	0	0	0	1248	0	0	0	0	0
LK-9206315	Madulbowa	Madulbowa	GND	13	0	0	1586	0	0	0	0	0
LK-9206320	Ambalawa	Ambalawa	GND	1056	101	14	0	0	0	0	0	0
LK-9206325	Balathgamuwa	Balathgamuwa	GND	574	26	0	0	0	0	0	0	0
LK-9206330	Kehelpannala East	Kehelpannala East	GND	772	0	0	13	0	0	0	0	0
LK-9206335	Wadiyathenna	Wadiyathenna	GND	21	0	0	2285	0	0	0	0	0
LK-9206340	Hemmathagama	Hemmathagama	GND	966	0	0	31	0	0	0	0	0
LK-9206345	Palliporuwa	Palliporuwa	GND	1796	0	0	0	0	0	0	0	0
LK-9206350	Dumbuluwawa	Dumbuluwawa	GND	17	18	0	2504	0	0	0	0	0
LK-9206355	Kehelpannala West	Kehelpannala West	GND	629	0	0	0	0	0	0	0	0
LK-9209	Aranayake	Aranayaka	DSD	62092	1319	76	5453	0	0	0	0	0
LK-9209005	Deewela Udagama	Deewela Udagama	GND	1233	0	0	0	0	0	0	0	0
LK-9209010	Wakirigala	Wakirigala	GND	1067	0	0	0	0	0	0	0	0
LK-9209015	Epalawa Watta	Epalawa Watta	GND	1143	0	0	0	0	0	0	0	0
LK-9209020	Uduwewela	Uduwewela	GND	1204	0	0	0	0	0	0	0	0
LK-9209025	Kande Watta	Kande Watta	GND	1283	16	0	0	0	0	0	0	0
LK-9209030	Gal Athara	Gal Athara	GND	1167	0	0	0	0	0	0	0	0
LK-9209035	Gammannagoda	Gammannagoda	GND	784	0	0	0	0	0	0	0	0
LK-9209040	Katugaha	Katugaha	GND	1061	0	0	0	0	0	0	0	0
LK-9209045	Ussapitiya	Ussapitiya	GND	1493	0	0	0	0	0	0	0	0
LK-9209050	Waharakgoda	Waharakgoda	GND	1164	10	0	0	0	0	0	0	0
LK-9209055	Ruwandeniya	Ruwandeniya	GND	1588	11	0	110	0	0	0	0	0
LK-9209060	Attapitiya	Attapitiya	GND	1104	0	0	0	0	0	0	0	0
LK-9209065	Devanagala	Devanagala	GND	1053	0	0	108	0	0	0	0	0
LK-9209070	Kariyagama	Kariyagama	GND	1174	0	0	0	0	0	0	0	0
LK-9209075	Godigamuwa	Godigamuwa	GND	1592	0	0	0	0	0	0	0	0
LK-9209080	Narangammana	Narangammana	GND	1693	175	16	29	0	0	0	0	0
LK-9209085	Lambutuwa	Lambutuwa	GND	1296	18	0	0	0	0	0	0	0
LK-9209090	Wattegedara	Wattegedara	GND	785	0	0	0	0	0	0	0	0
LK-9209095	Asmadala	Asmadala	GND	1055	0	0	0	0	0	0	0	0
LK-9209100	Kandamulla	Kandamulla	GND	1040	0	0	0	0	0	0	0	0
LK-9209105	Kumarapura	Kumarapura	GND	855	26	0	0	0	0	0	0	0
LK-9209110	Debathgama Udabage	Debathgama Udabage	GND	1486	0	0	0	0	0	0	0	0
LK-9209115	Debathgama Pallebage	Debathgama Pallebage	GND	1098	0	0	0	0	0	0	0	0
LK-9209120	Hathgampala	Hathgampala	GND	784	0	0	0	0	0	0	0	0
LK-9209125	Moragammana	Moragammana	GND	860	0	0	567	0	0	0	0	0
LK-9209130	Gevilipitiya Town	Gevilipitiya Town	GND	1343	0	0	72	0	0	0	0	0
LK-9209135	Gevilipitiya Gama	Gevilipitiya Gama	GND	819	20	0	87	0	0	0	0	0
LK-9209140	Pehinipeddara	Pehinipeddara	GND	1040	0	0	0	0	0	0	0	0
LK-9209145	Nikapitiya	Nikapitiya	GND	1854	0	0	0	0	0	0	0	0
LK-9209150	Thalgamuwa	Thalgamuwa	GND	1169	0	0	0	0	0	0	0	0
LK-9209155	Dippitiya	Dippitiya	GND	1444	29	0	269	0	0	0	0	0
LK-9209160	Habalakkawa	Habalakkawa	GND	1647	0	0	0	0	0	0	0	0
LK-9209165	Keerapana	Keerapana	GND	1171	0	0	53	0	0	0	0	0
LK-9209170	Vilpola	Vilpola	GND	591	25	0	1817	0	0	0	0	0
LK-9209175	Galbokka	Galbokka	GND	1033	0	0	80	0	0	0	0	0
LK-9209180	Elangipitiya	Elangipitiya	GND	601	0	0	0	0	0	0	0	0
LK-9209185	Kalugala	Kalugala	GND	876	190	0	0	0	0	0	0	0
LK-9209190	Kehelwatta	Kehelwatta	GND	718	0	0	0	0	0	0	0	0
LK-9209195	Dampelgoda	Dampelgoda	GND	579	0	0	0	0	0	0	0	0
LK-9209200	Narangala	Narangala	GND	675	110	0	0	0	0	0	0	0
LK-9209205	Getaberi Kanda	Getaberi Kanda	GND	1207	56	0	45	0	0	0	0	0
LK-9209210	Pannala	Pannala	GND	1084	0	0	0	0	0	0	0	0
LK-9209215	Duldeniya	Duldeniya	GND	1395	47	0	0	0	0	0	0	0
LK-9209220	Thalgaspitiya Muslimgama	Thalgaspitiya Muslimgama	GND	197	0	0	2216	0	0	0	0	0
LK-9209225	Thalgaspitiya	Thalgaspitiya	GND	850	0	0	0	0	0	0	0	0
LK-9209230	Thelleka	Thelleka	GND	929	0	0	0	0	0	0	0	0
LK-9209235	Hakurugammana	Hakurugammana	GND	961	0	0	0	0	0	0	0	0
LK-9209240	Aranayaka	Aranayaka	GND	999	0	0	0	0	0	0	0	0
LK-9209245	Udagama	Udagama	GND	846	0	0	0	0	0	0	0	0
LK-9209250	Ambalakanda	Ambalakanda	GND	686	0	0	0	0	0	0	0	0
LK-9209255	Ganthuna Udagama	Ganthuna Udagama	GND	923	0	0	0	0	0	0	0	0
LK-9209260	Ganthuna Medagama	Ganthuna Medagama	GND	322	420	0	0	0	0	0	0	0
LK-9209265	Jambugasmada	Jambugasmada	GND	301	166	60	0	0	0	0	0	0
LK-9209270	Podape	Podape	GND	936	0	0	0	0	0	0	0	0
LK-9209275	Deiyanwala	Deiyanwala	GND	807	0	0	0	0	0	0	0	0
LK-9209280	Arama	Arama	GND	885	0	0	0	0	0	0	0	0
LK-9209285	Rahala	Rahala	GND	1460	0	0	0	0	0	0	0	0
LK-9209290	Randiligama	Randiligama	GND	929	0	0	0	0	0	0	0	0
LK-9209295	Yodhagama	Yodhagama	GND	740	0	0	0	0	0	0	0	0
LK-9209300	Selawa East	Selawa East	GND	497	0	0	0	0	0	0	0	0
LK-9209305	Selawa West	Selawa West	GND	516	0	0	0	0	0	0	0	0
LK-9212	Kegalle	Kegalle	DSD	90458	2255	128	1193	10	25	0	0	0
LK-9212005	Siyambalapitiya	Siyambalapitiya	GND	1567	76	0	504	0	0	0	0	0
LK-9212010	Pussella	Pussella	GND	1608	17	0	0	0	0	0	0	0
LK-9212015	Dimbulgamuwa	Dimbulgamuwa	GND	1301	0	0	0	0	0	0	0	0
LK-9212020	Kolongalla	Kolongalla	GND	1710	62	0	0	0	0	0	0	0
LK-9212025	Diyagama	Diyagama	GND	1254	0	0	0	0	0	0	0	0
LK-9212030	Kalugalla	Kalugalla	GND	1116	0	0	0	0	0	0	0	0
LK-9212035	Puwakdeniya	Puwakdeniya	GND	2380	0	0	0	10	0	0	0	0
LK-9212040	Meepitiya	Meepitiya	GND	4594	76	0	127	0	25	0	0	0
LK-9212045	Olagankanda	Olagankanda	GND	1779	0	0	0	0	0	0	0	0
LK-9212050	Wewaladeniya	Wewaladeniya	GND	1466	0	0	38	0	0	0	0	0
LK-9212055	Ranwala	Ranwala	GND	3875	271	16	72	0	0	0	0	0
LK-9212060	Paranagampola	Paranagampola	GND	2196	28	0	0	0	0	0	0	0
LK-9212065	Uraulla	Uraulla	GND	1485	102	44	10	0	0	0	0	0
LK-9212070	Ambanpitiya	Ambanpitiya	GND	1932	22	0	0	0	0	0	0	0
LK-9212075	Beragala	Beragala	GND	2183	44	0	13	0	0	0	0	0
LK-9212080	Kegalle Town	Kegalle Town	GND	1889	169	15	61	0	0	0	0	0
LK-9212085	Golahela	Golahela	GND	4668	84	0	264	0	0	0	0	0
LK-9212090	Pallewela	Pallewela	GND	1259	0	0	0	0	0	0	0	0
LK-9212095	Karandupotha	Karandupotha	GND	1793	0	0	0	0	0	0	0	0
LK-9212100	Uda Karadupana	Uda Karandupana	GND	656	443	0	0	0	0	0	0	0
LK-9212105	Nilmalgoda	Nilmalgoda	GND	1221	0	0	0	0	0	0	0	0
LK-9212110	Paragammana	Paragammana	GND	1802	17	13	41	0	0	0	0	0
LK-9212115	Waldeniya	Waldeniya	GND	1369	22	0	16	0	0	0	0	0
LK-9212120	Dikella	Dikella	GND	2912	0	0	0	0	0	0	0	0
LK-9212125	Buluruppa	Buluruppa	GND	1474	0	0	0	0	0	0	0	0
LK-9212130	Ekiriyagala	Ekiriyagala	GND	1391	0	0	0	0	0	0	0	0
LK-9212135	Deewela Medagama	Deewela Medagama	GND	1289	0	0	0	0	0	0	0	0
LK-9212140	Deewela Pallegama	Deewela Pallegama	GND	1257	0	0	0	0	0	0	0	0
LK-9212145	Ewunugalla	Ewunugalla	GND	1726	0	0	0	0	0	0	0	0
LK-9212150	Dikkohupitiya	Dikkohupitiya	GND	1125	0	0	0	0	0	0	0	0
LK-9212155	Kavudugama	Kawudugama	GND	1454	0	0	0	0	0	0	0	0
LK-9212160	Makoora	Makoora	GND	1394	0	0	0	0	0	0	0	0
LK-9212165	Bulugahadeniya	Bulugahadeniya	GND	1595	58	0	0	0	0	0	0	0
LK-9212170	Thalewala	Thalewela	GND	1241	0	0	0	0	0	0	0	0
LK-9212175	Hettimulla	Hettimulla	GND	1540	0	0	0	0	0	0	0	0
LK-9212180	Minuwangamuwa	Minuwangamuwa	GND	1616	0	0	0	0	0	0	0	0
LK-9212185	Udumagama	Udumagama	GND	1036	0	0	0	0	0	0	0	0
LK-9212190	Wadupola	Wadupola	GND	1198	0	0	0	0	0	0	0	0
LK-9212195	Wathura	Wathura	GND	1369	0	0	0	0	0	0	0	0
LK-9212200	Meedeniya South	Meedeniya South	GND	1281	0	0	0	0	0	0	0	0
LK-9212205	Meedeniya North	Meedeniya North	GND	1144	0	0	0	0	0	0	0	0
LK-9212210	Malavita	Malavita	GND	1319	532	40	0	0	0	0	0	0
LK-9212215	Godigamuwa	Godigamuwa	GND	1221	0	0	0	0	0	0	0	0
LK-9212220	Hapuvita Pallegama	Hapuwita Pallegama	GND	943	0	0	0	0	0	0	0	0
LK-9212225	Alapalawala	Alapalawala	GND	1337	0	0	0	0	0	0	0	0
LK-9212230	Nilapalagammana	Nilapalagammana	GND	956	0	0	0	0	0	0	0	0
LK-9212235	Eregama	Eregama	GND	938	0	0	0	0	0	0	0	0
LK-9212240	Athurupana	Athurupana	GND	818	0	0	0	0	0	0	0	0
LK-9212245	Rotuwa	Rotuwa	GND	785	0	0	0	0	0	0	0	0
LK-9212250	Hungampola	Hungampola	GND	820	14	0	0	0	0	0	0	0
LK-9212255	Gurullawala	Gurullawala	GND	1175	0	0	0	0	0	0	0	0
LK-9212260	Moradana	Moradana	GND	795	0	0	0	0	0	0	0	0
LK-9212265	Mabopitiya	Mabopitiya	GND	846	0	0	0	0	0	0	0	0
LK-9212270	Higgoda	Higgoda	GND	1024	0	0	0	0	0	0	0	0
LK-9212275	Bossella	Bossella	GND	1049	31	0	0	0	0	0	0	0
LK-9212280	Ganthuna Pallegama North	Ganthuna Pallegama North	GND	987	0	0	0	0	0	0	0	0
LK-9212285	Bogala	Bogala	GND	947	0	0	0	0	0	0	0	0
LK-9212290	Thiyambarahena	Thiyambarahena	GND	879	37	0	0	0	0	0	0	0
LK-9212295	Undugoda	Undugoda	GND	1201	150	0	47	0	0	0	0	0
LK-9212300	Belihulwana	Belihulwana	GND	865	0	0	0	0	0	0	0	0
LK-9212305	Ganthuna Pallegama South	Ganthuna Pallegama South	GND	408	0	0	0	0	0	0	0	0
LK-9215	Galigamuwa	Galigamuwa	DSD	69747	2591	194	1121	0	0	0	0	0
LK-9215005	Helamada	Helamada	GND	1799	16	0	0	0	0	0	0	0
LK-9215010	Godapola	Godapola	GND	1990	0	0	0	0	0	0	0	0
LK-9215015	Batuwatta	Batuwatta	GND	1775	10	0	24	0	0	0	0	0
LK-9215020	Makuddala	Makuddala	GND	1305	11	0	0	0	0	0	0	0
LK-9215025	Weragoda	Weragoda	GND	1258	0	0	0	0	0	0	0	0
LK-9215030	Jeewana	Jeewana	GND	1168	13	0	0	0	0	0	0	0
LK-9215035	Dewalegama	Dewalegama	GND	1714	0	0	0	0	0	0	0	0
LK-9215040	Walagama	Walagama	GND	1291	10	0	0	0	0	0	0	0
LK-9215045	Kandegedara	Kandegedara	GND	1359	60	0	0	0	0	0	0	0
LK-9215050	Edurapotha West	Edurapotha West	GND	954	0	0	0	0	0	0	0	0
LK-9215055	Panakawa	Panakawa	GND	2087	18	0	0	0	0	0	0	0
LK-9215060	Edurapotha East	Edurapotha East	GND	1590	0	0	14	0	0	0	0	0
LK-9215065	Nawagamuwa	Nawagamuwa	GND	1217	0	0	0	0	0	0	0	0
LK-9215070	Hathnagoda	Hathnagoda	GND	1193	88	0	0	0	0	0	0	0
LK-9215075	Peherambe	Peherambe	GND	847	0	0	0	0	0	0	0	0
LK-9215080	Palapoluwa	Palapoluwa	GND	1370	22	0	0	0	0	0	0	0
LK-9215085	Yattogoda	Yattogoda	GND	1429	32	0	0	0	0	0	0	0
LK-9215090	Ballapana Pathabage	Ballapana Pathabage	GND	1554	0	0	0	0	0	0	0	0
LK-9215095	Kobbewala	Kobbewala	GND	1850	0	0	0	0	0	0	0	0
LK-9215100	Galigamuwa	Galigamuwa	GND	1566	264	0	15	0	0	0	0	0
LK-9215105	Ballapana Udabage	Ballapana Udabage	GND	1564	49	0	0	0	0	0	0	0
LK-9215110	Mayfield	Mayfield	GND	1195	66	0	0	0	0	0	0	0
LK-9215115	Asideniya	Asideniya	GND	1360	0	0	0	0	0	0	0	0
LK-9215120	Dematanpitiya	Dematanpitiya	GND	1879	0	0	0	0	0	0	0	0
LK-9215125	Bisowela	Bisowela	GND	2078	608	0	0	0	0	0	0	0
LK-9215130	Imbulgala	Imbulgala	GND	1313	0	0	0	0	0	0	0	0
LK-9215135	Atugoda	Atugoda	GND	1659	0	0	0	0	0	0	0	0
LK-9215140	Renapana	Renapana	GND	1697	0	0	0	0	0	0	0	0
LK-9215145	Bambaragama	Bambaragama	GND	1304	70	107	0	0	0	0	0	0
LK-9215150	Naberiyawa	Naberiyawa	GND	2039	56	0	0	0	0	0	0	0
LK-9215155	Narangoda	Narangoda	GND	1256	0	0	0	0	0	0	0	0
LK-9215160	Alawala	Alawala	GND	989	0	0	0	0	0	0	0	0
LK-9215165	Holombuwa	Holombuwa	GND	873	71	0	0	0	0	0	0	0
LK-9215170	Boyagoda	Boyagoda	GND	1262	137	0	0	0	0	0	0	0
LK-9215175	Arandara	Arandara	GND	2337	57	0	0	0	0	0	0	0
LK-9215180	Kiridana	Kiridana	GND	942	0	0	0	0	0	0	0	0
LK-9215185	Kinigama	Kinigama	GND	1005	0	0	0	0	0	0	0	0
LK-9215190	Damunupola	Damunupola	GND	1502	0	0	0	0	0	0	0	0
LK-9215195	Lahupana	Lahupana	GND	1195	0	22	0	0	0	0	0	0
LK-9215200	Pothukoladeniya	Pothukoladeniya	GND	1329	140	0	0	0	0	0	0	0
LK-9215205	Pindeniya	Pindeniya	GND	833	11	0	0	0	0	0	0	0
LK-9215210	Udugama	Udugama	GND	1171	11	0	0	0	0	0	0	0
LK-9215215	Nadeniya	Nadeniya	GND	819	72	33	0	0	0	0	0	0
LK-9215220	Atala	Atala	GND	1512	585	0	15	0	0	0	0	0
LK-9215225	Hapudeniya	Hapudeniya	GND	1192	0	0	0	0	0	0	0	0
LK-9215230	Kurunegoda	Kurunegoda	GND	1229	32	17	342	0	0	0	0	0
LK-9215235	Ruggahathenna	Ruggahathenna	GND	1006	0	0	0	0	0	0	0	0
LK-9215240	Ampe	Ampe	GND	1523	12	0	274	0	0	0	0	0
LK-9215245	Hathnapitiya	Hathnapitiya	GND	502	70	15	437	0	0	0	0	0
LK-9215250	Karagala	Karagala	GND	693	0	0	0	0	0	0	0	0
LK-9215255	Aruggammana	Aruggammana	GND	1173	0	0	0	0	0	0	0	0
LK-9218	Warakapola	Warakapola	DSD	106360	3576	79	7647	0	0	0	0	0
LK-9218005	Waddeniya	Waddeniya	GND	1712	0	0	0	0	0	0	0	0
LK-9218010	Kalugala	Kalugala	GND	897	0	0	0	0	0	0	0	0
LK-9218015	Weniwellakaduwa	Weniwellakaduwa	GND	1142	219	0	0	0	0	0	0	0
LK-9218020	Kodapaluwa	Kodapaluwa	GND	2184	0	0	0	0	0	0	0	0
LK-9218025	Opatha	Opatha	GND	1907	0	0	0	0	0	0	0	0
LK-9218030	Paspolakanda	Paspolakanda	GND	806	0	0	0	0	0	0	0	0
LK-9218035	Thulhiriya	Thulhiriya	GND	2065	0	0	0	0	0	0	0	0
LK-9218040	Parakramagama	Parakramagama	GND	885	12	0	0	0	0	0	0	0
LK-9218045	Nangalla	Nangalla	GND	2249	57	0	1321	0	0	0	0	0
LK-9218050	Ragalkanda	Ragalkanda	GND	824	0	0	0	0	0	0	0	0
LK-9218055	Heliyagoda	Heliyagoda	GND	777	0	0	0	0	0	0	0	0
LK-9218060	Metiyagane	Metiyagane	GND	994	0	0	0	0	0	0	0	0
LK-9218065	Thalgama	Thalgama	GND	1305	39	0	0	0	0	0	0	0
LK-9218070	Egalla	Egalla	GND	1407	0	0	0	0	0	0	0	0
LK-9218075	Kumbalgama	Kumbalgama	GND	921	0	0	0	0	0	0	0	0
LK-9218080	Akwatta	Akwatta	GND	762	0	0	0	0	0	0	0	0
LK-9218085	Pinnagoda Kanda	Pinnagoda Kanda	GND	630	154	0	0	0	0	0	0	0
LK-9218090	Gasnawa	Gasnawa	GND	1133	278	0	0	0	0	0	0	0
LK-9218095	Mangedara	Mangedara	GND	1713	31	0	717	0	0	0	0	0
LK-9218100	Ambepussa	Ambepussa	GND	3589	46	0	228	0	0	0	0	0
LK-9218105	Warakapola	Warakapola	GND	3263	206	0	949	0	0	0	0	0
LK-9218110	Mahena Colony	Mahena Colony	GND	1302	26	0	0	0	0	0	0	0
LK-9218115	Mahena	Mahena	GND	2425	59	0	16	0	0	0	0	0
LK-9218120	Tholangamuwa	Tholangamuwa	GND	2838	14	0	84	0	0	0	0	0
LK-9218125	Nape	Nape	GND	1155	0	0	66	0	0	0	0	0
LK-9218130	Morawaka	Morawaka	GND	2119	16	0	64	0	0	0	0	0
LK-9218135	Mampita	Mampita	GND	2365	27	0	37	0	0	0	0	0
LK-9218140	Nelumdeniya	Nelumdeniya	GND	1612	0	0	114	0	0	0	0	0
LK-9218145	Othnapitiya	Othnapitiya	GND	1308	0	0	0	0	0	0	0	0
LK-9218150	Boorunnawa	Boorunnawa	GND	1102	0	0	0	0	0	0	0	0
LK-9218155	Iipangamuwa	Elipangamuwa	GND	766	180	0	0	0	0	0	0	0
LK-9218160	Delgamuwa	Delgamuwa	GND	910	43	0	0	0	0	0	0	0
LK-9218165	Thumbaliyadda	Thumbaliyadda	GND	1177	172	0	133	0	0	0	0	0
LK-9218170	Ganithapura	Ganithapura	GND	1876	499	0	2544	0	0	0	0	0
LK-9218175	Ethnawala	Ethnawala	GND	2304	266	0	74	0	0	0	0	0
LK-9218180	Dummaladeniya	Dummaladeniya	GND	1276	498	31	717	0	0	0	0	0
LK-9218185	Puhulegama	Puhulegama	GND	643	0	0	0	0	0	0	0	0
LK-9218190	Godawela	Godawela	GND	1349	0	0	362	0	0	0	0	0
LK-9218195	Penihela	Penihela	GND	661	99	24	0	0	0	0	0	0
LK-9218200	Thambugala	Thambugala	GND	1086	15	0	0	0	0	0	0	0
LK-9218205	Thalgahadeniya	Thalgahadeniya	GND	616	0	0	0	0	0	0	0	0
LK-9218210	Niwatuwa	Niwatuwa	GND	1446	0	0	0	0	0	0	0	0
LK-9218215	Kukulpane	Kukulpane	GND	2142	0	0	0	0	0	0	0	0
LK-9218220	Thalliyadda	Thalliyadda	GND	1133	70	0	0	0	0	0	0	0
LK-9218225	Dorawaka Pallebage	Dorawaka Pallebage	GND	1670	0	0	0	0	0	0	0	0
LK-9218230	Yaddehimulla	Yaddehimulla	GND	1554	0	0	0	0	0	0	0	0
LK-9218235	Kohombadeniya	Kohombadeniya	GND	1109	11	0	0	0	0	0	0	0
LK-9218240	Ihala Lenagala	Ihala Lenagala	GND	1087	0	0	0	0	0	0	0	0
LK-9218245	Dedigama	Dedigama	GND	1357	0	0	0	0	0	0	0	0
LK-9218250	Pitadeniya	Pitadeniya	GND	1930	0	0	0	0	0	0	0	0
LK-9218255	Thunthota	Thunthota	GND	1168	0	0	0	0	0	0	0	0
LK-9218260	Imbulovita	Imbulovita	GND	407	0	0	0	0	0	0	0	0
LK-9218265	Menikkadawara	Menikkadawara	GND	1547	20	0	0	0	0	0	0	0
LK-9218270	Maha Pallegama	Maha Pallegama	GND	1509	165	24	0	0	0	0	0	0
LK-9218275	Kinivita	Kinivita	GND	1233	0	0	0	0	0	0	0	0
LK-9218280	Hapugoda	Hapugoda	GND	414	70	0	0	0	0	0	0	0
LK-9218285	Dorawaka Udabage	Dorawaka Udabage	GND	1563	0	0	0	0	0	0	0	0
LK-9218290	Weragoda	Weragoda	GND	1498	27	0	0	0	0	0	0	0
LK-9218295	Palamure	Palamure	GND	1722	33	0	0	0	0	0	0	0
LK-9218300	Bopitiya	Bopitiya	GND	1417	34	0	0	0	0	0	0	0
LK-9218305	Algama Ihalagama	Algama Ihalagama	GND	912	0	0	0	0	0	0	0	0
LK-9218310	Algama	Algama	GND	1785	12	0	0	0	0	0	0	0
LK-9218315	Madurupitiya	Madurupitiya	GND	854	0	0	164	0	0	0	0	0
LK-9218320	Kandegama	Kandegama	GND	1011	0	0	0	0	0	0	0	0
LK-9218325	Uduwaka	Uduwaka	GND	2155	0	0	0	0	0	0	0	0
LK-9218330	Hallawa	Hallawa	GND	562	120	0	0	0	0	0	0	0
LK-9218335	Ebidigala	Ebidigala	GND	704	0	0	0	0	0	0	0	0
LK-9218340	Alpitiya	Alpitiya	GND	904	0	0	0	0	0	0	0	0
LK-9218345	Kivuldeniya	Kivuldeniya	GND	1620	0	0	0	0	0	0	0	0
LK-9218350	Kudapallegama	Kudapallegama	GND	1128	0	0	0	0	0	0	0	0
LK-9218355	Thambadiya	Thambadiya	GND	1108	0	0	0	0	0	0	0	0
LK-9218360	Elamaldeniya	Elamaldeniya	GND	695	0	0	0	0	0	0	0	0
LK-9218365	Malmaduwa	Malmaduwa	GND	766	0	0	0	0	0	0	0	0
LK-9218370	Polgampala	Polgampala	GND	1094	0	0	57	0	0	0	0	0
LK-9218375	Weragala	Weragala	GND	1375	0	0	0	0	0	0	0	0
LK-9218380	Pallepelpita	Pallepelpita	GND	1196	0	0	0	0	0	0	0	0
LK-9218385	Pahala Lenagala	Pahala Lenagala	GND	1089	0	0	0	0	0	0	0	0
LK-9218390	Welhella	Welhella	GND	1441	58	0	0	0	0	0	0	0
LK-9221	Ruwanwella	Ruwanwella	DSD	56545	3314	1401	4227	0	0	0	0	0
LK-9221005	Dunumala	Dunumala	GND	1294	277	0	0	0	0	0	0	0
LK-9221010	Galapitamada	Galapitamada	GND	935	56	0	0	0	0	0	0	0
LK-9221015	Walgampatha	Walgampatha	GND	941	0	0	0	0	0	0	0	0
LK-9221020	Kadigamuwa	Kadigamuwa	GND	1794	0	0	0	0	0	0	0	0
LK-9221025	Mahakanda	Mahakanda	GND	1041	0	0	0	0	0	0	0	0
LK-9221030	Lenagala	Lenagala	GND	1065	0	0	0	0	0	0	0	0
LK-9221035	Lewangama North	Lewangama North	GND	1118	0	0	0	0	0	0	0	0
LK-9221040	Lewangama South	Lewangama South	GND	1963	76	0	0	0	0	0	0	0
LK-9221045	Morathota	Morathota	GND	1038	0	0	0	0	0	0	0	0
LK-9221050	Waharaka	Waharaka	GND	1555	14	114	0	0	0	0	0	0
LK-9221055	Daluwalana	Daluwalana	GND	1307	291	34	0	0	0	0	0	0
LK-9221060	Wahakula	Wahakula	GND	704	223	524	0	0	0	0	0	0
LK-9221065	Dannoruwa	Dannoruwa	GND	1713	77	0	0	0	0	0	0	0
LK-9221070	Nivunhella	Nivunhella	GND	1818	0	0	0	0	0	0	0	0
LK-9221075	Imbulana	Imbulana	GND	2610	0	0	0	0	0	0	0	0
LK-9221080	Siyambalawala	Siyambalawala	GND	1704	18	0	0	0	0	0	0	0
LK-9221085	Pethangoda	Pethangoda	GND	1752	0	248	16	0	0	0	0	0
LK-9221090	Kannattota	Kannattota	GND	810	116	38	2094	0	0	0	0	0
LK-9221095	Gonaramba	Gonaramba	GND	1384	147	0	1466	0	0	0	0	0
LK-9221100	Doranuwa	Doranuwa	GND	2372	31	0	168	0	0	0	0	0
LK-9221105	Bopetta	Bopetta	GND	1199	0	0	0	0	0	0	0	0
LK-9221110	Morawatta	Morawatta	GND	2381	17	0	10	0	0	0	0	0
LK-9221115	Mahalla	Mahalla	GND	1451	845	0	0	0	0	0	0	0
LK-9221120	Gonagala North	Gonagala North	GND	1518	100	0	0	0	0	0	0	0
LK-9221125	Indurana	Indurana	GND	1187	0	0	0	0	0	0	0	0
LK-9221130	Puranpotta	Puranpotta	GND	687	150	355	0	0	0	0	0	0
LK-9221135	Batuvita	Batuvita	GND	477	30	0	0	0	0	0	0	0
LK-9221140	Amithirigala North	Amithirigala North	GND	1390	0	0	0	0	0	0	0	0
LK-9221145	Amithirigala South	Amithirigala South	GND	1400	37	0	0	0	0	0	0	0
LK-9221150	Gonagala West	Gonagala West	GND	1156	0	11	0	0	0	0	0	0
LK-9221155	Mapitigama	Mapitigama	GND	1958	0	65	0	0	0	0	0	0
LK-9221160	Moraliya	Moraliya	GND	1658	325	0	0	0	0	0	0	0
LK-9221165	Ruwanwella	Ruwanwella	GND	3124	106	0	444	0	0	0	0	0
LK-9221170	Wendala	Wendala	GND	2775	24	12	29	0	0	0	0	0
LK-9221175	Mahadeniya	Mahadeniya	GND	792	111	0	0	0	0	0	0	0
LK-9221180	Udakanugala	Udakanugala	GND	1137	0	0	0	0	0	0	0	0
LK-9221185	Palle Kanugala	Palle Kanugala	GND	1631	152	0	0	0	0	0	0	0
LK-9221190	Medagoda	Medagoda	GND	1706	91	0	0	0	0	0	0	0
LK-9224	Bulathkohipitiya	Bulathkohupitiya	DSD	37426	4173	3528	54	0	0	0	0	0
LK-9224005	Kanangamuwa	Kanangamuwa	GND	1023	12	0	0	0	0	0	0	0
LK-9224010	Getiyamulla	Getiyamulla	GND	1109	0	0	0	0	0	0	0	0
LK-9224015	Higgoda	Higgoda	GND	778	0	0	0	0	0	0	0	0
LK-9224020	Puspane	Puspane	GND	1847	277	233	0	0	0	0	0	0
LK-9224025	Kabagamuwa	Kabagamuwa	GND	1397	0	20	0	0	0	0	0	0
LK-9224030	Alawathura	Alawathura	GND	2233	140	81	0	0	0	0	0	0
LK-9224035	Ambuwakka	Ambuwakka	GND	1260	0	0	0	0	0	0	0	0
LK-9224040	Haloluwa	Haloluwa	GND	1674	98	49	0	0	0	0	0	0
LK-9224045	Wegalla	Wegalla	GND	2397	48	111	0	0	0	0	0	0
LK-9224050	Lewala	Lewala	GND	2165	891	778	0	0	0	0	0	0
LK-9224055	Bulathkohupitiya	Bulathkohupitiya	GND	1615	92	10	43	0	0	0	0	0
LK-9224060	Rangalla	Rangalla	GND	1365	213	115	0	0	0	0	0	0
LK-9224065	Nevismiyar Ihala	Nevismiyar Ihala	GND	2271	113	250	0	0	0	0	0	0
LK-9224070	Uduwa	Uduwa	GND	1278	138	40	0	0	0	0	0	0
LK-9224075	Dedugala	Dedugala	GND	793	155	46	0	0	0	0	0	0
LK-9224080	Pelempitiya	Pelempitiya	GND	570	246	523	0	0	0	0	0	0
LK-9224085	Neluwakkana	Neluwakkana	GND	451	113	0	0	0	0	0	0	0
LK-9224090	Udapotha	Udapotha	GND	1033	195	215	11	0	0	0	0	0
LK-9224095	Kendawa	Kendawa	GND	2267	26	0	0	0	0	0	0	0
LK-9224100	Narangala	Narangala	GND	1293	51	0	0	0	0	0	0	0
LK-9224105	Urumeewala	Urumeewala	GND	935	105	0	0	0	0	0	0	0
LK-9224110	Punehela	Punehela	GND	620	444	0	0	0	0	0	0	0
LK-9224115	Panapitiya	Panapitiya	GND	2167	441	19	0	0	0	0	0	0
LK-9224120	Ampagala	Ampagala	GND	2510	74	210	0	0	0	0	0	0
LK-9224125	Thelkumuduwala	Thelkumuduwala	GND	1222	10	0	0	0	0	0	0	0
LK-9224130	Kiriporuwa	Kiriporuwa	GND	484	291	602	0	0	0	0	0	0
LK-9224135	Ambamalla	Ambamalla	GND	669	0	226	0	0	0	0	0	0
LK-9227	Yatiyantota	Yatiyanthota	DSD	45611	6306	7187	3046	0	0	0	0	0
LK-9227005	Mattamagoda	Mattamagoda	GND	3860	92	52	1452	0	0	0	0	0
LK-9227010	Galpatha	Galpatha	GND	2358	42	0	0	0	0	0	0	0
LK-9227015	Kabulumulla	Kabulumulla	GND	2539	326	580	60	0	0	0	0	0
LK-9227020	Garagoda Pahala	Garagoda Pahala	GND	1172	728	71	977	0	0	0	0	0
LK-9227025	Garagoda Ihala	Garagoda Ihala	GND	913	409	59	134	0	0	0	0	0
LK-9227030	Yatiyanthota	Yatiyanthota	GND	1798	607	187	345	0	0	0	0	0
LK-9227035	Mahavila	Mahavila	GND	1596	42	0	0	0	0	0	0	0
LK-9227040	Parussella	Parussella	GND	1970	288	766	58	0	0	0	0	0
LK-9227045	Jayavinda Gama	Jayavindagama	GND	1422	211	875	10	0	0	0	0	0
LK-9227050	Welihelathenna	Welihelathenna	GND	1991	0	0	0	0	0	0	0	0
LK-9227055	Malalpola	Malalpola	GND	1199	145	0	0	0	0	0	0	0
LK-9227060	Dombepola	Dombepola	GND	1197	401	265	0	0	0	0	0	0
LK-9227065	Amanawala	Amanawala	GND	1018	170	239	0	0	0	0	0	0
LK-9227070	Berannawa	Berannawa	GND	1017	52	0	0	0	0	0	0	0
LK-9227075	Seepoth	Seepoth	GND	1101	54	829	0	0	0	0	0	0
LK-9227080	Mahabage	Mahabage	GND	617	133	382	0	0	0	0	0	0
LK-9227085	Dunukedeniya	Dunukedeniya	GND	1239	0	0	0	0	0	0	0	0
LK-9227090	Malwatta	Malwatta	GND	1539	0	0	0	0	0	0	0	0
LK-9227095	Kirikohuthenna	Kirikohuthenna	GND	1409	0	0	0	0	0	0	0	0
LK-9227100	Neluwathukanda	Neluwathukanda	GND	246	908	0	0	0	0	0	0	0
LK-9227105	Polpitiya	Polpitiya	GND	988	0	0	0	0	0	0	0	0
LK-9227110	Weeragalla	Weeragalla	GND	400	28	761	0	0	0	0	0	0
LK-9227115	Nawata	Nawata	GND	1161	0	0	0	0	0	0	0	0
LK-9227120	Meegasthenna	Meegasthenna	GND	584	1119	588	10	0	0	0	0	0
LK-9227125	Pelellegama	Pelellegama	GND	928	223	927	0	0	0	0	0	0
LK-9227130	Hakbellawaka	Hakbellawaka	GND	1632	58	11	0	0	0	0	0	0
LK-9227135	Ganepalla	Ganepalla	GND	1673	0	282	0	0	0	0	0	0
LK-9227140	Theligama	Theligama	GND	1463	203	209	0	0	0	0	0	0
LK-9227145	Gonagamuwa	Gonagamuwa	GND	1698	20	0	0	0	0	0	0	0
LK-9227150	Kithulgala North	Kithulgala North	GND	1585	33	104	0	0	0	0	0	0
LK-9227155	Kalukohuthenna	Kalukohuthenna	GND	1662	14	0	0	0	0	0	0	0
LK-9227160	Kithulgala South	Kithulgala South	GND	1636	0	0	0	0	0	0	0	0
LK-9230	Dehiowita	Dehiovita	DSD	68007	7557	5477	3812	0	0	0	0	0
LK-9230005	Kurupetta	Kurupetta	GND	1699	0	0	0	0	0	0	0	0
LK-9230010	Daigala	Daigala	GND	774	0	0	0	0	0	0	0	0
LK-9230015	Eluwana	Eluwana	GND	1351	26	21	0	0	0	0	0	0
LK-9230020	Magammana	Magammana	GND	1685	0	10	0	0	0	0	0	0
LK-9230025	Kanangama	Kanangama	GND	2427	565	101	0	0	0	0	0	0
LK-9230030	Walpola	Walpola	GND	2066	309	2161	0	0	0	0	0	0
LK-9230035	Boralankada	Boralankada	GND	1645	222	414	0	0	0	0	0	0
LK-9230040	Dikella	Dikella	GND	2134	1138	0	0	0	0	0	0	0
LK-9230045	Kahanavita	Kahanwita	GND	1385	100	0	0	0	0	0	0	0
LK-9230050	Dehiovita	Dehiovita	GND	2609	653	185	272	0	0	0	0	0
LK-9230055	Atulugamwela	Atulugamwela	GND	932	14	0	0	0	0	0	0	0
LK-9230060	Atulugama	Atulugama	GND	1670	82	20	22	0	0	0	0	0
LK-9230065	Kelegama	Kelegama	GND	1098	28	0	0	0	0	0	0	0
LK-9230070	Napawala	Napawala	GND	1279	27	23	1756	0	0	0	0	0
LK-9230075	Uduvila	Uduvila	GND	1306	635	0	13	0	0	0	0	0
LK-9230080	Epalapitiya	Epalapitiya	GND	2930	94	0	0	0	0	0	0	0
LK-9230085	Pahala Thaldoowa	Pahala Thaldoowa	GND	2842	314	29	1580	0	0	0	0	0
LK-9230090	Ihala Thaldoowa	Ihala Thaldoowa	GND	2620	44	0	120	0	0	0	0	0
LK-9230095	Debegama	Debegama	GND	1641	358	151	0	0	0	0	0	0
LK-9230100	Thimbiripola	Thimbiripola	GND	2734	422	148	0	0	0	0	0	0
LK-9230105	Algoda	Algoda	GND	1337	430	46	0	0	0	0	0	0
LK-9230110	Hinguralakanda East	Hinguralakanda East	GND	763	0	300	0	0	0	0	0	0
LK-9230115	Batangala	Batangala	GND	2078	715	0	0	0	0	0	0	0
LK-9230120	Viharakanda	Viharakanda	GND	1419	0	0	0	0	0	0	0	0
LK-9230125	Galabalana Kanda	Galabalana Kanda	GND	1578	0	0	0	0	0	0	0	0
LK-9230130	Maniyangama	Maniyangama	GND	1835	16	26	0	0	0	0	0	0
LK-9230135	Madola	Madola	GND	3511	497	161	0	0	0	0	0	0
LK-9230140	Welangalla	Welangalla	GND	2507	10	177	0	0	0	0	0	0
LK-9230145	Bomaluwa	Bomaluwa	GND	1325	16	0	0	0	0	0	0	0
LK-9230150	Rangegama	Rangegama	GND	2503	35	196	0	0	0	0	0	0
LK-9230155	Panawala	Panawala	GND	2181	31	13	0	0	0	0	0	0
LK-9230160	Hinguralakanda West	Hinguralakanda West	GND	1798	174	0	0	0	0	0	0	0
LK-9230165	Pukunuwala	Pukunuwala	GND	1462	0	265	0	0	0	0	0	0
LK-9230170	Godagampala	Godagampala	GND	869	0	836	0	0	0	0	0	0
LK-9230175	Ambalampitiya	Ambalampitiya	GND	1639	43	0	0	0	0	0	0	0
LK-9230180	Madagammana	Madagammana	GND	655	0	97	0	0	0	0	0	0
LK-9230185	Pannila	Pannila	GND	1537	23	0	0	0	0	0	0	0
LK-9230190	Imbulpitiya	Imbulpitiya	GND	1376	97	0	11	0	0	0	0	0
LK-9230195	Elavulla	Elavulla	GND	807	439	97	38	0	0	0	0	0
LK-9233	Deraniyagala	Deraniyagala	DSD	34656	6607	2636	15	19	0	0	0	0
LK-9233005	Ballahela	Ballahela	GND	623	0	0	0	0	0	0	0	0
LK-9233010	Behenella	Behenella	GND	1403	11	12	0	0	0	0	0	0
LK-9233015	Nilwala	Nilwala	GND	1066	0	0	0	0	0	0	0	0
LK-9233020	Dodawatta	Dodawatta	GND	1778	240	0	0	0	0	0	0	0
LK-9233025	Basnagala	Basnagala	GND	1341	530	0	0	0	0	0	0	0
LK-9233030	Keerihena	Keerihena	GND	676	120	0	0	0	0	0	0	0
LK-9233035	Udabage	Udabage	GND	958	725	178	0	0	0	0	0	0
LK-9233040	Wattegedara	Wattegedara	GND	1720	1181	1352	0	0	0	0	0	0
LK-9233045	Deraniyagala	Deraniyagala	GND	3014	290	15	15	0	0	0	0	0
LK-9233050	Lassegama	Lassegama	GND	1397	406	0	0	19	0	0	0	0
LK-9233055	Anhettigama	Anhettigama	GND	1077	65	85	0	0	0	0	0	0
LK-9233060	Panakoora	Panakoora	GND	1023	45	37	0	0	0	0	0	0
LK-9233065	Pandaha	Pandaha	GND	1544	0	0	0	0	0	0	0	0
LK-9233070	Polgaswatta	Polgaswatta	GND	1196	0	0	0	0	0	0	0	0
LK-9233075	Maliboda	Maliboda	GND	672	1046	26	0	0	0	0	0	0
LK-9233080	Poddenikanda	Poddenikanda	GND	1678	264	253	0	0	0	0	0	0
LK-9233085	Nakkavita	Nakkavita	GND	1221	16	0	0	0	0	0	0	0
LK-9233090	Miyanavita	Miyanawita	GND	1306	742	0	0	0	0	0	0	0
LK-9233095	Deraniyagala South	Deraniyagala South	GND	2844	97	51	0	0	0	0	0	0
LK-9233100	Rasnakkanda	Rasnakkanda	GND	1303	0	0	0	0	0	0	0	0
LK-9233105	Udapola	Udapola	GND	1231	515	148	0	0	0	0	0	0
LK-9233110	Demeda	Demeda	GND	780	0	139	0	0	0	0	0	0
LK-9233115	Kosgahakanda	Kosgahakanda	GND	1962	276	0	0	0	0	0	0	0
LK-9233120	Yatiwala	Yatiwala	GND	1357	27	340	0	0	0	0	0	0
LK-9233125	Magala	Magala	GND	942	0	0	0	0	0	0	0	0
LK-9233130	Dikellakanda	Dikellakanda	GND	544	11	0	0	0	0	0	0	0
