region_id	region_name	region_name_in_data	region_ent_type	within_unit_exclusive	within_unit_shared	within_premises_exclusive	within_premises_shared	no_toilet_sharing	common_public	none
LK-1103005	Sammanthranapura	Sammanthranapura	gnd	1645	40	5	10	31	127	1
LK-1103010	Mattakkuliya	Mattakkuliya	gnd	6593	76	89	19	13	163	4
LK-1103015	Modara	Modara	gnd	7572	61	89	30	17	30	10
LK-1103020	Madampitiya	Madampitiya	gnd	1742	54	23	7	18	60	0
LK-1103025	Mahawatta	Mahawatta	gnd	1729	26	20	5	18	34	1
LK-1103030	Aluthmawatha	Aluthmawatha	gnd	3412	61	64	29	22	95	2
LK-1103035	Lunupokuna	Lunupokuna	gnd	3175	28	10	10	30	117	1
LK-1103040	Bloemendhal	Bloemendhal	gnd	2073	13	9	3	1	13	10
LK-1103045	Kotahena East	Kotahena East	gnd	1651	7	5	7	0	10	1
LK-1103050	Kotahena West	Kotahena West	gnd	2422	14	29	3	11	125	0
LK-1103055	Kochchikade North	Kochchikade North	gnd	1395	9	56	22	5	169	1
LK-1103060	Jinthupitiya	Jinthupitiya	gnd	2053	30	20	29	4	107	0
LK-1103065	Masangasweediya	Masangasweediya	gnd	1463	29	4	3	0	56	0
LK-1103070	New Bazaar	New Bazaar	gnd	2562	47	18	8	9	73	2
LK-1103075	Grandpass South	Grandpass South	gnd	3326	47	31	29	25	97	0
LK-1103080	Grandpass North	Grandpass North	gnd	2268	29	15	3	5	60	0
LK-1103085	Nawagampura	Nawagampura	gnd	1469	39	14	10	14	298	0
LK-1103090	Maligawatta East	Maligawatta East	gnd	2457	37	10	2	4	23	1
LK-1103095	Khettarama	Khettarama	gnd	2698	116	20	8	27	39	0
LK-1103100	Aluthkade East	Aluthkade East	gnd	1816	25	5	5	3	31	0
LK-1103105	Aluthkade West	Aluthkade West	gnd	1093	40	13	2	0	39	0
LK-1103110	Kochchikade South	Kochchikade South	gnd	1510	29	10	6	5	70	0
LK-1103115	Pettah	Pettah	gnd	10	0	1	0	0	0	0
LK-1103120	Fort	Fort	gnd	159	0	3	2	0	7	0
LK-1103125	Galle Face	Galle Face	gnd	748	7	9	20	3	65	0
LK-1103130	Slave Island	Kompagngnaweediya	gnd	618	11	1	1	0	42	0
LK-1103135	Hunupitiya	Hunupitiya	gnd	784	6	1	7	4	76	0
LK-1103140	Suduwella	Suduwella	gnd	724	3	2	3	0	38	0
LK-1103145	Keselwatta	Keselwatta	gnd	1196	7	0	9	2	137	1
LK-1103150	Panchikawatta	Panchikawatta	gnd	1536	3	3	16	5	95	0
LK-1103155	Maligawatta West	Maligawatta West	gnd	1724	2	1	0	0	1	2
LK-1103160	Maligakanda	Maligakanda	gnd	1581	10	0	1	2	62	0
LK-1103165	Maradana	Maradana	gnd	735	1	2	1	2	90	0
LK-1103170	Ibbanwala	Ibbanwala	gnd	732	3	3	0	0	8	0
LK-1103175	Wekanda	Wekanda	gnd	1048	36	15	4	8	118	0
LK-1106005	Wadulla	Wadulla	gnd	1499	191	17	27	42	118	0
LK-1106010	Sedawatta	Sedawatta	gnd	1229	62	55	38	15	241	0
LK-1106015	Halmulla	Halmulla	gnd	591	10	52	11	5	2	1
LK-1106020	Kotuvila	Kotuvila	gnd	1335	24	26	11	34	5	0
LK-1106025	Veheragoda	Veheragoda	gnd	461	13	6	3	12	16	1
LK-1106030	Orugodawatta	Orugodawatta	gnd	1158	11	3	3	1	54	0
LK-1106035	Meethotamulla	Meethotamulla	gnd	2028	33	39	19	13	51	0
LK-1106040	Welewatta	Welewatta	gnd	1702	23	16	0	2	0	0
LK-1106045	Kittampahuwa	Kittampahuwa	gnd	1610	19	6	1	0	2	0
LK-1106050	Wennawatta	Wennawatta	gnd	2333	38	57	9	7	0	2
LK-1106055	Maha Buthgamuwa B	Maha Buthgamuwa B	gnd	1255	26	30	8	1	0	3
LK-1106060	Kuda Buthgamuwa	Kuda Buthgamuwa	gnd	1284	28	77	2	10	0	0
LK-1106065	Kelanimulla	Kelanimulla	gnd	1013	39	51	4	2	3	0
LK-1106070	Ambathale	Ambathale	gnd	818	40	76	20	2	0	0
LK-1106075	Mulleriyawa North	Mulleriyawa North	gnd	1285	40	98	82	6	0	0
LK-1106080	Belagama	Belagama	gnd	1051	22	28	13	5	0	0
LK-1106085	Kotikawatta East	Kotikawatta East	gnd	1028	35	57	29	1	0	1
LK-1106090	Maha Buthgamuwa A	Maha Buthgamuwa A	gnd	971	9	6	8	0	0	0
LK-1106095	Maha Buthgamuwa C	Maha Buthgamuwa C	gnd	1288	8	34	3	1	1	0
LK-1106100	Wellampitiya	Wellampitiya	gnd	512	4	16	2	1	0	0
LK-1106105	Kuruniyawatta	Kuruniyawatta	gnd	898	39	14	14	20	0	0
LK-1106110	Kolonnawa	Kolonnawa	gnd	543	7	1	1	1	0	0
LK-1106115	Dahampura	Dahampura	gnd	821	37	19	9	10	1	0
LK-1106120	Singhapura	Singhapura	gnd	1289	12	11	7	5	15	0
LK-1106125	Megoda Kolonnawa	Megoda Kolonnawa	gnd	3315	35	18	3	2	1	3
LK-1106130	Bopetta	Bopetta	gnd	1067	37	6	3	0	0	1
LK-1106135	Batalandahena	Batalandahena	gnd	1305	6	7	1	0	0	0
LK-1106140	Kotikawatta West	Kotikawatta West	gnd	874	12	0	3	5	0	2
LK-1106145	Mulleriyawa South	Mulleriyawa South	gnd	1283	18	69	10	3	10	1
LK-1106150	Malgama	Malgama	gnd	1493	28	50	7	2	0	0
LK-1106155	Udumulla North	Udumulla North	gnd	775	5	24	8	0	0	0
LK-1106160	Maligagodella	Maligagodella	gnd	563	15	113	16	4	0	0
LK-1106165	Rajasinghagama	Rajasinghagama	gnd	2012	9	56	4	1	2	0
LK-1106170	Udumulla South	Udumulla South	gnd	737	16	23	6	0	0	0
LK-1106175	Himbutana East	Himbutana East	gnd	1072	16	28	13	1	0	0
LK-1106180	Himbutana West	Himbutana West	gnd	1032	7	47	6	1	0	0
LK-1106185	Malpura	Malpura	gnd	1214	13	1	4	2	32	1
LK-1106190	Gothatuwa New Town	Gothatuwa New Town	gnd	593	3	2	1	0	0	0
LK-1106195	Kajugahawatta	Kajugahawatta	gnd	680	3	9	0	1	0	0
LK-1106200	Gothatuwa	Gothatuwa	gnd	674	13	59	7	1	0	0
LK-1106205	Salamulla	Salamulla	gnd	2222	24	61	7	5	1	1
LK-1106210	Wijayapura	Wijayapura	gnd	951	5	7	0	0	0	1
LK-1106215	Gajabapura	Gajabapura	gnd	631	0	3	1	0	1	0
LK-1106220	Madinnagoda	Madinnagoda	gnd	931	3	43	3	0	0	0
LK-1106225	Elhena	Elhena	gnd	609	19	0	1	1	0	0
LK-1106230	Dodamgahahena	Dodamgahahena	gnd	964	24	24	2	2	0	0
LK-1109005	Welivita	Welivita	gnd	1312	14	88	21	9	0	0
LK-1109010	Raggahawatta	Raggahawatta	gnd	1107	15	44	13	4	0	0
LK-1109015	Hewagama	Hewagama	gnd	1129	41	100	42	2	4	0
LK-1109020	Kaduwela	Kaduwela	gnd	1070	21	66	10	1	0	0
LK-1109025	Pahala Bomiriya A	Pahala Bomiriya	gnd	1338	24	86	14	3	0	0
LK-1109030	Ihala Bomiriya	Ihala Bomiriya	gnd	1236	31	47	5	0	0	1
LK-1109035	Wekewatta	Wekewatta	gnd	1072	29	106	24	13	3	0
LK-1109040	Nawagamuwa	Nawagamuwa	gnd	1283	24	284	50	22	1	0
LK-1109045	Pahala Bomiriya B	Pahala Bomiriya B	gnd	1202	20	139	20	0	0	0
LK-1109050	Welihinda	Welihinda	gnd	623	35	85	16	8	0	0
LK-1109055	Kothalawala	Kothalawala	gnd	1808	22	93	81	2	0	0
LK-1109060	Mahadeniya	Mahadeniya	gnd	2179	45	14	7	1	0	4
LK-1109065	Thalahena North	Thalahena North	gnd	1004	13	36	13	0	0	0
LK-1109070	Malabe North	Malabe North	gnd	2044	49	17	2	3	0	2
LK-1109075	Thunadahena	Thunadahena	gnd	1572	37	148	12	2	0	2
LK-1109080	Korathota	Korathota	gnd	2983	44	264	34	1	0	1
LK-1109085	Nawagamuwa South	Nawagamuwa South	gnd	688	35	190	48	13	0	1
LK-1109090	Batewela	Batewela	gnd	585	160	112	132	4	0	3
LK-1109095	Ranala	Ranala	gnd	1388	29	199	41	28	0	2
LK-1109100	Dedigamuwa	Dedigamuwa	gnd	618	25	109	9	1	0	1
LK-1109105	Embilladeniya	Embilladeniya	gnd	587	31	57	5	3	0	0
LK-1109110	Welipillewa	Welipillewa	gnd	857	25	13	3	7	0	1
LK-1109115	Shanthalokagama	Shanthalokagama	gnd	2405	9	112	14	2	0	2
LK-1109120	Pore	Pore	gnd	1591	30	84	16	10	0	0
LK-1109125	Malabe East	Malabe East	gnd	1915	36	26	5	1	0	0
LK-1109130	Malabe West	Malabe West	gnd	1511	17	108	49	11	0	0
LK-1109135	Thalangama North B	Thalangama North B	gnd	1142	5	15	3	0	0	0
LK-1109140	Thalahena South	Thalahena South	gnd	827	2	4	0	1	0	1
LK-1109145	Muttettugoda	Muttettugoda	gnd	1935	29	19	2	1	0	1
LK-1109150	Thalangama North A	Thalangama North A	gnd	2550	43	40	8	2	0	1
LK-1109155	Walpola	Walpola	gnd	2274	26	8	0	0	0	0
LK-1109160	Kalapaluwawa	Kalapaluwawa	gnd	1091	11	10	0	1	0	0
LK-1109165	Kotuwegoda	Kotuwegoda	gnd	1019	91	14	3	0	0	1
LK-1109170	Subhoothipura	Subhoothipura	gnd	576	5	23	17	1	0	0
LK-1109175	Udumulla	Udumulla	gnd	681	7	1	0	0	2	0
LK-1109180	Battaramulla North	Battaramulla North	gnd	623	24	14	14	4	0	0
LK-1109185	Batapotha	Batapotha	gnd	1957	30	138	22	0	0	0
LK-1109190	Pothuarawa	Pothuarawa	gnd	2239	56	70	12	14	1	1
LK-1109195	Hokandara North	Hokandara North	gnd	1874	35	92	43	0	0	0
LK-1109200	Oruwala	Oruwala	gnd	1265	7	80	17	9	0	0
LK-1109205	Athurugiriya	Athurugiriya	gnd	1742	5	67	11	2	0	0
LK-1109210	Thaldiyawala	Thaldiyawala	gnd	1097	5	7	1	1	0	0
LK-1109215	Boralugoda	Boralugoda	gnd	942	52	35	9	3	0	0
LK-1109220	Hokandara East	Hokandara East	gnd	1955	27	34	6	1	0	0
LK-1109225	Arangala	Arangala	gnd	1434	28	128	30	4	0	1
LK-1109230	Evarihena	Evarihena	gnd	803	7	56	3	1	0	0
LK-1109235	Kumaragewatta	Kumaragewatta	gnd	1298	29	6	2	2	0	0
LK-1109240	Jayawadanagama	Jayawadanagama	gnd	749	0	1	0	0	0	0
LK-1109245	Aruppitiya	Aruppitiya	gnd	497	5	107	3	0	0	0
LK-1109250	Asiri Uyana	Asiri Uyana	gnd	842	7	5	4	0	0	0
LK-1109255	Battaramulla South	Battaramulla South	gnd	473	0	0	0	0	0	0
LK-1109260	Rajamalwatta	Rajamalwatta	gnd	478	3	1	0	0	0	0
LK-1109265	Pahalawela	Pahalawela	gnd	1184	1	12	2	0	0	0
LK-1109270	Wickramasinghapura	Wickramasinghapura	gnd	1013	11	5	3	0	0	2
LK-1109275	Wellangiriya	Wellangiriya	gnd	1272	31	59	5	11	0	0
LK-1109280	Hokandara South	Hokandara South	gnd	1782	5	57	7	2	0	0
LK-1109285	Athurugiriya South	Athurugiriya South	gnd	1151	22	122	7	4	0	0
LK-1112005	Jalthara	Jalthara	gnd	2339	44	233	13	1	0	0
LK-1112010	Henpita	Henpita	gnd	351	83	96	5	1	0	0
LK-1112015	Atigala West	Atigala West	gnd	522	4	68	5	1	0	1
LK-1112020	Atigala East	Atigala East	gnd	447	0	210	13	4	0	1
LK-1112025	Batawala	Batawala	gnd	608	131	22	0	1	0	2
LK-1112030	Walpita	Walpita	gnd	543	1	94	4	0	0	0
LK-1112035	Nawalamulla	Nawalamulla	gnd	960	45	100	8	1	0	0
LK-1112040	Meegasmulla	Meegasmulla	gnd	939	41	156	19	0	0	0
LK-1112045	Habarakada North	Habarakada North	gnd	800	7	120	3	2	0	0
LK-1112050	Mullegama North	Mullegama North	gnd	295	1	140	6	0	0	0
LK-1112055	Mullegama South	Mullegama South	gnd	1065	29	74	2	5	0	0
LK-1112060	Habarakada South	Habarakada South	gnd	760	6	102	6	7	0	0
LK-1112065	Panagoda Town	Panagoda Town	gnd	496	4	3	0	0	0	1
LK-1112070	Henawatta	Henawatta	gnd	2184	26	188	9	6	2	0
LK-1112075	Meegoda North	Meegoda North	gnd	890	23	28	4	0	0	0
LK-1112080	Panaluwa	Panaluwa	gnd	1349	50	151	3	5	0	1
LK-1112085	Watareka North	Watareka North	gnd	1423	14	51	6	4	0	0
LK-1112090	Meegoda South	Meegoda South	gnd	634	13	38	10	1	0	0
LK-1112095	Godagama North	Godagama North	gnd	408	7	20	11	2	0	0
LK-1112100	Panagoda West	Panagoda West	gnd	921	9	25	0	0	1	2
LK-1112105	Panagoda East	Panagoda East	gnd	48	0	0	0	0	0	0
LK-1112110	Habarakada Watta	Habarakada Watta	gnd	805	6	56	15	2	0	0
LK-1112115	Homagama North	Homagama North	gnd	598	20	23	2	0	0	0
LK-1112120	Homagama West	Homagama West	gnd	995	30	65	1	0	0	0
LK-1112125	Homagama South	Homagama South	gnd	776	16	237	20	3	0	0
LK-1112130	Galavilawatta North	Galavilawatta North	gnd	813	133	71	13	0	0	0
LK-1112135	Homagama Town	Homagama Town	gnd	628	11	8	11	3	0	0
LK-1112140	Homagama East	Homagama East	gnd	643	58	16	1	0	0	1
LK-1112145	Pitipana Town	Pitipana Town	gnd	726	76	36	12	1	0	0
LK-1112150	Godagama South	Godagama South	gnd	938	18	58	7	2	0	0
LK-1112155	Kurunduwatta	Kurunduwatta	gnd	1196	21	27	5	0	1	0
LK-1112160	Gehenuwala	Gehenuwala	gnd	561	9	0	7	1	0	0
LK-1112165	Watareka South	Watareka South	gnd	1742	46	245	22	2	0	1
LK-1112170	Ovitigama	Ovitigama	gnd	1306	11	178	14	4	0	0
LK-1112175	Kandanawatta	Kandanawatta	gnd	879	9	86	3	0	0	0
LK-1112180	Kiriberiyakele	Kiriberiyakele	gnd	892	2	61	0	0	1	1
LK-1112185	Mawathgama	Mawathgama	gnd	804	15	20	1	1	0	0
LK-1112190	Katuwana	Katuwana	gnd	1389	29	11	86	1	0	0
LK-1112195	Galavilawatta South	Galavilawatta South	gnd	969	15	32	33	4	0	0
LK-1112200	Niyandagala	Niyandagala	gnd	1065	117	47	61	3	0	1
LK-1112205	Hiripitiya	Hiripitiya	gnd	1347	69	79	65	4	0	0
LK-1112210	Mambulgoda	Mambulgoda	gnd	750	13	83	1	2	1	0
LK-1112215	Kithulhena	Kithulhena	gnd	488	21	4	2	0	0	0
LK-1112220	Siddamulla North	Siddamulla North	gnd	706	5	26	11	3	0	0
LK-1112225	Siddamulla South	Siddamulla South	gnd	753	8	11	3	0	0	0
LK-1112230	Mattegoda West	Mattegoda West	gnd	1471	4	38	4	1	0	0
LK-1112235	Mattegoda Central 'A'	Mattegoda Central 'A'	gnd	598	14	0	1	0	0	1
LK-1112240	Mattegoda East	Mattegoda East	gnd	882	24	185	38	3	0	0
LK-1112245	Brahmanagama	Brahmanagama	gnd	1297	23	215	30	0	0	0
LK-1112250	Deepangoda	Deepangoda	gnd	912	36	104	21	5	0	0
LK-1112255	Magammana West	Magammana West	gnd	796	23	114	12	1	0	0
LK-1112260	Magammana East	Magammana East	gnd	1460	71	168	52	4	0	0
LK-1112265	Uduwana	Uduwana	gnd	927	74	148	79	6	0	0
LK-1112270	Prasannapura	Prasannapura	gnd	718	7	182	10	6	0	0
LK-1112275	Pitipana North	Pitipana North	gnd	993	3	21	1	0	0	1
LK-1112280	Suwapubudugama	Suwapubudugama	gnd	624	3	61	10	2	0	0
LK-1112285	Pitipana South	Pitipana South	gnd	864	17	134	9	1	0	0
LK-1112290	Dolahena	Dolahena	gnd	1293	31	190	36	6	0	0
LK-1112295	Diyagama East	Diyagama East	gnd	559	8	16	0	2	0	0
LK-1112300	Diyagama West	Diyagama West	gnd	563	13	63	1	1	0	0
LK-1112305	Kirigampamunuwa	Kirigampamunuwa	gnd	1064	16	31	3	2	0	0
LK-1112310	Mattegoda Central 'B'	Mattegoda Central 'B'	gnd	868	6	3	0	0	0	2
LK-1112315	Siyambalagoda North	Siyambalagoda North	gnd	1339	20	46	0	1	0	0
LK-1112320	Kudamaduwa	Kudamaduwa	gnd	1019	6	23	2	0	0	1
LK-1112325	Sangharama	Sangharama	gnd	693	7	14	1	0	0	0
LK-1112330	Siyambalagoda South	Siyambalagoda South	gnd	628	6	92	14	2	0	0
LK-1112335	Rilawala	Rilawala	gnd	480	8	68	5	1	0	0
LK-1112340	Kahathuduwa West	Kahathuduwa West	gnd	734	4	157	15	0	0	0
LK-1112345	Kiriwattuduwa South	Kiriwattuduwa South	gnd	866	25	146	7	2	0	2
LK-1112350	Kiriwattuduwa North	Kiriwattuduwa North	gnd	450	15	224	20	2	0	0
LK-1112355	Moonamale - Yakahaluwa	Moonamale - Yakahaluwa	gnd	714	12	121	18	1	0	0
LK-1112360	Kithulavila	Kithulavila	gnd	992	8	231	27	1	0	1
LK-1112365	Kahathuduwa North	Kahathuduwa North	gnd	877	18	207	24	0	0	0
LK-1112370	Kahathuduwa East	Kahathuduwa East	gnd	609	25	78	7	2	0	0
LK-1112375	Kahathuduwa South	Kahathuduwa South	gnd	893	149	29	2	0	0	0
LK-1112380	Undurugoda	Undurugoda	gnd	408	6	41	4	0	0	1
LK-1112385	Wethara	Wethara	gnd	537	19	3	1	0	0	0
LK-1112390	Ambalangoda	Ambalangoda	gnd	563	14	138	13	5	0	0
LK-1112395	Heraliyawala	Heraliyawala	gnd	281	39	23	0	1	0	0
LK-1112400	Palagama	Palagama	gnd	725	30	122	14	3	0	2
LK-1112405	Weniwelkola	weniwelkola	gnd	1361	39	339	19	6	0	0
LK-1115005	Bollathawa	Bollathawa	gnd	186	1	292	25	17	0	0
LK-1115010	Kanampella West	Kanampella West	gnd	317	3	253	23	4	0	0
LK-1115015	Kanampella East	Kanampella East	gnd	217	10	77	6	1	0	0
LK-1115020	Manakada	Manakada	gnd	79	9	95	3	0	0	0
LK-1115025	Eswatta North	Eswatta North	gnd	236	1	279	4	2	0	0
LK-1115030	Kiriwandala North	Kiriwandala North	gnd	935	65	145	6	36	10	1
LK-1115035	Kudagama	Kudagama	gnd	488	52	31	56	3	0	0
LK-1115040	Weralupitiya	Weralupitiya	gnd	76	15	109	58	0	0	0
LK-1115045	Seethagama	Seethagama	gnd	650	140	3	81	8	0	0
LK-1115050	Avissawella	Avissawella	gnd	498	7	0	0	1	0	1
LK-1115055	Ukwatta	Ukwatta	gnd	532	131	86	93	3	0	0
LK-1115060	Agra Pedesa	Agra Pedesa	gnd	481	73	0	0	0	0	0
LK-1115065	Eswatta South	Eswatta South	gnd	310	12	194	7	7	0	1
LK-1115070	Ihala Kosgama North	Ihala Kosgama North	gnd	637	23	208	11	5	0	0
LK-1115075	Thawalgoda	Thawalgoda	gnd	250	3	203	10	3	1	0
LK-1115080	Muruthagama	Muruthagama	gnd	246	11	73	8	1	0	0
LK-1115085	Akaravita	Akaravita	gnd	313	27	65	7	1	0	1
LK-1115090	Kahatapitiya	Kahatapitiya	gnd	204	14	118	6	1	0	0
LK-1115095	Kalu Aggala	Kalu Aggala	gnd	198	12	154	26	7	0	0
LK-1115100	Salawa	Salawa	gnd	442	3	224	27	15	0	0
LK-1115105	Pahala Kosgama West	Pahala Kosgama west	gnd	392	20	204	19	6	0	0
LK-1115110	Pahala Kosgama East	Pahala Kosgama East	gnd	585	20	36	15	9	0	0
LK-1115115	Ihala Kosgama South	Ihala Kosgama South	gnd	353	5	113	5	4	0	0
LK-1115120	Miriswatta	Miriswatta	gnd	471	3	207	17	12	0	1
LK-1115125	Aluth Ambalama	Aluth Ambalama	gnd	459	0	71	1	8	0	1
LK-1115130	Kiriwandala South	Kiriwandala South	gnd	582	210	0	0	1	0	1
LK-1115135	Kotahera	Kotahera	gnd	385	42	2	3	3	2	0
LK-1115140	Seethawaka	Seethawaka	gnd	370	10	80	6	23	0	0
LK-1115145	Aradhana Kanda	Aradhana Kanda	gnd	687	24	88	25	0	0	0
LK-1115150	Puwakpitiya South	Puwakpitiya South	gnd	658	59	242	65	5	0	0
LK-1115155	Puwakpitiya	Puwakpitiya	gnd	280	4	70	10	4	0	0
LK-1115160	Egodagama	Egodagama	gnd	279	8	146	7	3	0	0
LK-1115165	Weragolla North	Weragolla North	gnd	354	10	246	20	7	0	0
LK-1115170	Hingurala	Hingurala	gnd	319	9	260	23	6	0	1
LK-1115175	Kadugoda North	Kadugoda North	gnd	377	5	141	8	3	0	0
LK-1115180	Mawalgama	Mawalgama	gnd	322	5	259	6	2	0	1
LK-1115185	Suduwella	Suduwella	gnd	637	39	397	46	7	0	1
LK-1115190	Gira Imbula	Gira Imbula	gnd	138	4	129	14	1	0	0
LK-1115195	Walawwatta	Walawwatta	gnd	67	21	239	70	10	0	0
LK-1115200	Pahala Hanwella	Pahala Hanwella	gnd	352	24	11	0	0	0	0
LK-1115205	Hanwella Town	Hanwella Town	gnd	694	17	69	23	3	3	0
LK-1115210	Ihala Hanwella North	Ihala Hanwella North	gnd	351	6	58	12	1	0	0
LK-1115215	Niripola	Niripola	gnd	423	10	19	5	1	0	0
LK-1115220	Brandigampala	Brandigampala	gnd	235	3	102	4	5	2	0
LK-1115225	Kadugoda South	Kadugoda South	gnd	231	5	252	24	6	0	0
LK-1115230	Weragolla South	Weragolla South	gnd	230	22	53	4	4	0	0
LK-1115235	Digana	Digana	gnd	159	5	290	18	17	0	0
LK-1115240	Lahirugama	Lahirugama	gnd	370	19	186	7	2	0	0
LK-1115245	Mambula	Mambula	gnd	184	6	126	0	3	0	0
LK-1115250	Welikanna	Welikanna	gnd	260	3	170	0	0	0	0
LK-1115255	Kahahena	Kahahena	gnd	344	7	106	8	1	0	0
LK-1115260	Neluwattuduwa	Neluwattuduwa	gnd	139	3	59	2	0	0	0
LK-1115265	Diddeniya North	Diddeniya North	gnd	255	3	219	1	2	0	0
LK-1115270	Ihala Hanwella South	Ihala Hanwella South	gnd	276	5	1	0	0	0	0
LK-1115275	Pahathgama	Pahathgama	gnd	463	4	56	2	1	0	0
LK-1115280	Jayaweeragoda	Jayaweeragoda	gnd	360	7	234	26	7	0	0
LK-1115285	Koodaluvila	Koodaluvila	gnd	676	16	165	25	8	0	1
LK-1115290	Thunnana East	Thunnana East	gnd	215	26	0	0	1	0	0
LK-1115295	Diddeniya South	Diddeniya South	gnd	213	3	183	0	5	0	0
LK-1115300	Elamalawala	Elamalawala	gnd	64	1	112	9	3	0	0
LK-1115305	Ilukovita	Ilukovita	gnd	51	14	60	19	1	0	0
LK-1115310	Koswatta	Koswatta	gnd	188	2	0	3	5	0	0
LK-1115315	Pagngnagula	Pagngnagula	gnd	153	2	21	0	19	0	0
LK-1115320	Pelpola	Pelpola	gnd	98	0	106	6	3	0	0
LK-1115325	Kudakanda	Kudakanda	gnd	178	5	161	43	12	0	0
LK-1115330	Thunnana West	Thunnana West	gnd	300	9	195	12	19	0	0
LK-1115335	Mawathagama West	Mawathagama West	gnd	390	2	263	9	0	0	0
LK-1115340	Mawathagama East	Mawathagama East	gnd	252	56	2	3	2	0	0
LK-1118005	Pinnawala North	Pinnawala North	gnd	225	4	48	3	1	0	0
LK-1118010	Pinnawala South	Pinnawala South	gnd	384	6	93	5	1	0	0
LK-1118015	Waga North	Waga North	gnd	112	5	155	7	6	0	1
LK-1118020	Waga East	Waga East	gnd	280	9	183	10	6	0	1
LK-1118025	Thummodara	Thummodara	gnd	151	22	24	11	2	0	0
LK-1118030	Waga South	Waga South	gnd	189	14	94	4	6	0	0
LK-1118035	Siyambalawa	Siyambalawa	gnd	315	6	244	23	7	0	1
LK-1118040	Pahala Bope	Pahala Bope	gnd	333	2	0	0	1	0	0
LK-1118045	Halpe	Halpe	gnd	190	4	103	14	2	0	0
LK-1118050	Waga West	Waga West	gnd	372	2	21	1	3	0	1
LK-1118055	Uggalla	Uggalla	gnd	418	16	173	25	11	0	0
LK-1118060	Wewelpanawa	Wewelpanawa	gnd	118	1	82	3	3	0	0
LK-1118065	Pitumpe North	Pitumpe North	gnd	388	15	20	7	5	0	0
LK-1118070	Pitumpe South	Pitumpe South	gnd	257	7	120	11	3	0	0
LK-1118075	Galagedara East	Galagedara East	gnd	655	13	158	16	8	0	0
LK-1118080	Galagedara North	Galagedara North	gnd	562	26	88	13	5	0	0
LK-1118085	Galagedara South	Galagedara South	gnd	374	6	28	15	4	1	0
LK-1118090	Padukka	Padukka	gnd	704	11	87	11	5	0	0
LK-1118095	Arukwatta North	Arukwatta North	gnd	385	2	56	5	4	0	0
LK-1118100	Arukwatta South	Arukwatta South	gnd	560	6	96	3	1	0	0
LK-1118105	Ganegoda	Ganegoda	gnd	345	6	43	3	0	0	0
LK-1118110	Angampitiya	Angampitiya	gnd	444	16	175	27	5	0	0
LK-1118115	Weragala	Weragala	gnd	446	2	121	6	6	1	0
LK-1118120	Angamuwa	Angamuwa	gnd	337	6	139	19	0	0	0
LK-1118125	Udumulla	Udumulla	gnd	549	26	134	28	8	1	0
LK-1118130	Poregedara	Poregedara	gnd	324	6	1	1	1	1	0
LK-1118135	Pahala Padukka	Pahala Padukka	gnd	348	9	27	11	1	0	0
LK-1118140	Liyanwala	Liyanwala	gnd	262	13	53	10	2	0	0
LK-1118145	Kurugala	Kurugala	gnd	454	3	11	5	2	0	0
LK-1118150	Madulawa South	Madulawa South	gnd	281	7	112	5	0	0	0
LK-1118155	Madulawa North	Madulawa North	gnd	436	4	0	8	2	0	0
LK-1118160	Horakandawala	Horakandawala	gnd	650	22	7	3	1	0	0
LK-1118165	Dampe	Dampe	gnd	317	7	148	8	0	0	0
LK-1118170	Beruketiya	Beruketiya	gnd	576	15	182	4	1	0	0
LK-1118175	Horagala West	Horagala West	gnd	292	4	175	2	6	0	0
LK-1118180	Horagala East	Horagala East	gnd	404	3	224	16	7	0	0
LK-1118185	Beliattavila	Beliattavila	gnd	244	6	28	2	1	0	0
LK-1118190	Miriyagalla	Miriyagalla	gnd	182	9	210	2	4	0	0
LK-1118195	Malagala	Malagala	gnd	255	4	256	16	1	0	2
LK-1118200	Kahawala	Kahawala	gnd	68	2	229	3	4	0	0
LK-1118205	Yatawathura	Yatawathura	gnd	96	1	159	8	1	0	0
LK-1118210	Mahingala	Mahingala	gnd	94	1	86	4	2	0	0
LK-1118215	Ihala Bope	Ihala Bope	gnd	370	8	121	11	2	0	0
LK-1118220	Gurulana	Gurulana	gnd	118	4	123	14	3	0	0
LK-1118225	Udagama	Udagama	gnd	79	1	128	3	1	0	0
LK-1118230	Dambora	Dambora	gnd	71	4	155	15	4	0	0
LK-1121005	Mirihana South	Mirihana South	gnd	1566	21	19	11	6	0	0
LK-1121010	Mirihana North	Mirihana North	gnd	1767	48	33	4	2	1	0
LK-1121015	Madiwela	Madiwela	gnd	1869	19	10	2	1	0	0
LK-1121020	Thalawathugoda West	Thalawathugoda West	gnd	1482	23	20	12	5	0	0
LK-1121025	Thalawathugoda East	Thalawathugoda East	gnd	1554	44	5	1	0	0	0
LK-1121030	Kalalgoda	Kalalgoda	gnd	1761	14	73	17	1	0	0
LK-1121035	Kottawa East	Kottawa East	gnd	1858	10	23	10	5	0	0
LK-1121040	Rukmale West	Rukmale West	gnd	1458	13	49	3	1	0	0
LK-1121045	Rukmale East A	Rukmale East A	gnd	380	2	0	0	0	0	0
LK-1121050	Rukmale East B	Rukmale East B	gnd	739	9	0	0	0	0	0
LK-1121055	Liyanagoda	Liyanagoda	gnd	1361	19	42	4	1	0	0
LK-1121060	Kottawa North	Kottawa North	gnd	863	60	2	0	0	0	0
LK-1121065	Depanama	Depanama	gnd	2194	29	48	5	1	0	0
LK-1121070	Polwatta	Polwatta	gnd	1047	13	18	2	1	0	0
LK-1121075	Pamunuwa	Pamunuwa	gnd	1158	6	35	4	1	0	0
LK-1121080	Thalapathpitiya	Thalapathpitiya	gnd	1833	15	12	4	1	0	2
LK-1121085	Pragathipura	Pragathipura	gnd	1293	19	229	99	2	0	0
LK-1121090	Udahamulla East	Udahamulla East	gnd	1638	23	63	2	5	0	2
LK-1121095	Udahamulla West	Udahamulla West	gnd	1309	5	21	3	0	0	1
LK-1121100	Pathiragoda	Pathiragoda	gnd	1649	52	25	6	6	0	2
LK-1121105	Maharagama East	Maharagama East	gnd	940	16	8	10	1	0	0
LK-1121110	Maharagama West	Maharagama West	gnd	596	16	2	0	0	0	0
LK-1121115	Dambahena	Dambahena	gnd	1570	40	25	12	0	0	0
LK-1121120	Pannipitiya North	Pannipitiya North	gnd	1166	84	43	13	1	0	0
LK-1121125	Kottawa West	Kottawa West	gnd	818	12	32	8	1	0	0
LK-1121130	Kottawa South	Kottawa South	gnd	1879	47	102	43	7	0	1
LK-1121135	Malapalla West	Malapalla West	gnd	713	27	35	6	4	0	0
LK-1121140	Malapalla East	Malapalla East	gnd	1128	12	89	12	4	0	0
LK-1121145	Makumbura North	Makumbura North	gnd	1173	38	37	60	1	0	0
LK-1121150	Makumbura South	Makumbura South	gnd	418	21	2	8	0	0	0
LK-1121155	Kottawa Town	Kottawa Town	gnd	1447	15	19	8	1	1	0
LK-1121160	Pannipitiya South	Pannipitiya South	gnd	562	10	19	3	0	0	0
LK-1121165	Maharagama Town	Maharagama Town	gnd	1369	71	18	16	0	1	1
LK-1121170	Godigamuwa South A	Godigamuwa South	gnd	1503	68	53	28	26	1	0
LK-1121175	Godigamuwa South B	Godigamuwa South B	gnd	1898	104	35	134	0	0	0
LK-1121180	Godigamuwa North	Godigamuwa North	gnd	1000	27	56	36	0	0	0
LK-1121185	Wattegedara	Wattegedara	gnd	2125	41	7	3	1	0	0
LK-1121190	Navinna	Navinna	gnd	1339	37	71	20	25	1	0
LK-1121195	Wijerama	Wijerama	gnd	674	26	4	3	0	0	0
LK-1121200	Gangodavila South B	Gangodavila South B	gnd	1473	72	51	21	11	1	0
LK-1121205	Jambugasmulla	Jambugasmulla	gnd	1096	13	2	0	0	0	0
LK-1124005	Obeysekarapura	Obesekarapura	gnd	2733	47	14	7	151	6	0
LK-1124010	Welikada West	Welikada West	gnd	1473	12	12	1	2	0	0
LK-1124015	Welikada East	Welikada East	gnd	1844	21	21	1	8	3	0
LK-1124020	Rajagiriya	Rajagiriya	gnd	710	1	3	0	0	0	0
LK-1124025	Welikada North	Welikada North	gnd	1168	47	4	1	8	17	0
LK-1124030	Nawala West	Nawala West	gnd	1065	23	13	9	1	0	1
LK-1124035	Koswatta	Koswatta	gnd	1312	13	7	7	0	0	0
LK-1124040	Ethulkotte West	Ethulkotte West	gnd	943	27	4	0	1	0	0
LK-1124045	Ethulkotte	Ethulkotte	gnd	1666	45	11	1	0	27	2
LK-1124050	Pitakotte East	Pitakotte East	gnd	1106	5	5	0	0	0	1
LK-1124055	Pitakotte	Pitakotte	gnd	1075	15	3	3	0	0	0
LK-1124060	Pitakotte West	Pitakotte West	gnd	1494	5	9	5	1	16	0
LK-1124065	Nawala East	Nawala East	gnd	1473	5	3	2	10	0	1
LK-1124070	Nugegoda West	Nugegoda West	gnd	1548	6	7	4	0	0	1
LK-1124075	Pagoda	Pagoda	gnd	1516	16	16	2	14	0	0
LK-1124080	Nugegoda	Nugegoda	gnd	1066	8	6	3	1	0	0
LK-1124085	Pagoda East	Pagoda East	gnd	1257	20	15	1	0	0	1
LK-1124090	Gangodavila North	Gangodavila North	gnd	1190	17	0	0	1	0	0
LK-1124095	Gangodavila South	Gangodavila South	gnd	1843	55	56	83	4	2	0
LK-1124100	Gangodavila East	Gangodavila East	gnd	704	12	18	13	6	1	0
LK-1127005	Kollupitiya	Kollupitiya	gnd	1457	29	2	6	5	38	0
LK-1127010	Bambalapitiya	Bambalapitiya	gnd	2094	23	7	4	2	35	0
LK-1127015	Kurunduwatta	Kurunduwatta	gnd	1596	6	8	1	2	8	2
LK-1127020	Kuppiyawatta West	Kuppiyawatta West	gnd	1185	6	5	0	1	63	0
LK-1127025	Kuppiyawatta East	Kuppiyawatta East	gnd	2091	21	4	2	6	40	0
LK-1127030	Dematagoda	Dematagoda	gnd	5021	123	32	15	17	140	1
LK-1127035	Wanathamulla	Wanathamulla	gnd	4510	54	12	3	16	191	4
LK-1127040	Borella North	Borella North	gnd	3507	64	20	3	3	16	1
LK-1127045	Borella South	Borella South	gnd	879	11	4	2	5	23	0
LK-1127050	Gothamipura	Gothamipura	gnd	1104	14	6	3	2	14	1
LK-1127055	Narahenpita	Narahenpita	gnd	2778	73	8	12	6	13	1
LK-1127060	Thimbirigasyaya	Thimbirigasyaya	gnd	2631	25	7	5	6	57	0
LK-1127065	Milagiriya	Milagiriya	gnd	1495	15	2	6	1	17	1
LK-1127070	Havelock Town	Havelock Town	gnd	2057	12	8	6	3	7	0
LK-1127075	Kirula	Kirula	gnd	4653	52	27	9	14	71	1
LK-1127080	Kirulapone	Kirulapone	gnd	4491	76	27	14	9	69	1
LK-1127085	Wellawatta North	Wellawatta North	gnd	4740	17	21	2	1	144	1
LK-1127090	Wellawatta South	Wellawatta South	gnd	3070	23	12	23	8	23	1
LK-1127095	Pamankada West	Pamankada West	gnd	4240	13	23	6	5	13	0
LK-1127100	Pamankada East	Pamankada East	gnd	2901	13	7	5	0	33	0
LK-1130005	Sri Saranankara	Sri Saranankara	gnd	1736	11	16	2	3	1	0
LK-1130010	Vilawala	Vilawala	gnd	1504	45	28	10	0	0	0
LK-1130015	Dutugemunu	Dutugemunu	gnd	1148	4	2	0	0	0	1
LK-1130020	Kohuwala	Kohuwala	gnd	1809	14	9	0	1	0	0
LK-1130025	Kalubovila	Kalubovila	gnd	1465	21	10	1	0	0	0
LK-1130030	Hathbodhiya	Hathbodhiya	gnd	1951	15	16	8	1	1	0
LK-1130035	Galwala	Galwala	gnd	1476	7	0	1	1	20	0
LK-1130040	Dehiwala West	Dehiwala West	gnd	2202	7	2	1	0	0	0
LK-1130045	Dehiwala East	Dehiwala East	gnd	1954	32	14	8	3	0	0
LK-1130050	Udyanaya	Udyanaya	gnd	1766	12	5	4	0	0	1
LK-1130055	Nedimala	Nedimala	gnd	2247	10	10	2	5	1	0
LK-1130060	Malwatta	Malwatta	gnd	1005	4	2	1	1	0	0
LK-1130065	Jayathilaka	Jayathilaka	gnd	1129	7	15	24	7	42	0
LK-1130070	Karagampitiya	Karagampitiya	gnd	1427	13	6	3	1	1	1
LK-1130075	Kawdana East	Kawdana East	gnd	2219	28	2	1	1	0	1
LK-1131005	Mount Lavinia	Mount Lavinia	gnd	2447	24	15	11	16	21	0
LK-1131010	Kawdana West	Kawdana West	gnd	1880	20	1	0	0	0	0
LK-1131015	Watarappala	Watarappala	gnd	1758	18	2	1	1	0	0
LK-1131020	Wathumulla	Wathumulla	gnd	1366	7	1	0	0	0	0
LK-1131025	Katukurunduwatta	Katukurunduwatta	gnd	3058	31	3	3	4	7	2
LK-1131030	Attidiya North	Attidiya North	gnd	2156	61	32	12	5	0	1
LK-1131035	Attidiya South	Attidiya South	gnd	2053	71	17	24	3	0	0
LK-1131040	Piriwena	Piriwena	gnd	1513	7	1	2	0	0	0
LK-1131045	Wedikanda	Wedikanda	gnd	1913	40	17	3	17	6	10
LK-1131050	Vihara	Vihara	gnd	1641	61	2	6	8	36	1
LK-1131055	Rathmalana West	Ratmalana West	gnd	1213	21	114	47	12	0	4
LK-1131060	Rathmalana East	Ratmalana East	gnd	1408	33	38	23	11	2	1
LK-1131065	Kandawala	Kandawala	gnd	1934	35	19	18	9	0	0
LK-1133005	Angulana North	Angulana North	gnd	1012	20	154	39	7	25	0
LK-1133010	Kaldemulla	Kaldemulla	gnd	1216	23	65	10	9	1	0
LK-1133015	Soysapura North	Soysapura North	gnd	894	6	3	4	0	0	0
LK-1133020	Soysapura South	Soysapura South	gnd	766	7	0	0	0	0	0
LK-1133025	Dahampura	Dahampura	gnd	703	11	8	12	0	0	0
LK-1133030	Thelawala North	Thelawala North	gnd	1277	125	104	95	5	0	2
LK-1133035	Borupana	Borupana	gnd	1243	39	153	51	5	0	0
LK-1133040	Thelawala South	Thelawala South	gnd	878	74	80	98	10	1	0
LK-1133045	Lakshapathiya North	Lakshapathiya North	gnd	1179	22	33	19	10	0	0
LK-1133050	Lakshapathiya Central	Lakshapathiya Central	gnd	780	56	82	43	25	0	0
LK-1133055	Angulana South	Angulana South	gnd	590	8	74	9	12	2	1
LK-1133060	Uyana South	Uyana South	gnd	1380	54	24	0	0	0	0
LK-1133065	Uyana North	Uyana North	gnd	814	26	103	45	16	23	0
LK-1133070	Rawathawatta South	Rawathawatta South	gnd	557	1	2	0	0	0	0
LK-1133075	Rawathawatta East	Rawathawatta East	gnd	939	48	4	23	1	2	0
LK-1133080	Lakshapathiya South	Lakshapathiya South	gnd	1515	35	52	26	3	0	0
LK-1133085	Kuduwamulla	Kuduwamulla	gnd	805	19	52	19	7	0	0
LK-1133090	Katubedda	Katubedda	gnd	2481	31	27	23	10	0	0
LK-1133095	Molpe	Molpe	gnd	1374	93	200	69	14	1	0
LK-1133100	Moratumulla North	Moratumulla North	gnd	691	19	77	10	7	0	0
LK-1133105	Kadalana	Kadalana	gnd	903	14	38	7	7	0	0
LK-1133110	Rawathawatta West	Rawathawatta West	gnd	910	20	10	3	3	0	0
LK-1133115	Idama	Idama	gnd	772	1	8	1	0	0	0
LK-1133120	Uswatta	Uswatta	gnd	481	29	15	5	9	0	0
LK-1133125	Moratuwella South	Moratuwella South	gnd	1068	32	95	43	3	0	0
LK-1133130	Indibedda West	Indibedda West	gnd	1049	28	4	1	0	0	1
LK-1133135	Moratumulla East	Moratumulla East	gnd	941	28	3	3	2	1	0
LK-1133140	Moratumulla West	Moratumulla West	gnd	868	11	44	8	4	0	1
LK-1133145	Villorawatta East	Villorawatta East	gnd	845	39	41	18	9	0	0
LK-1133150	Villorawatta West	Villorawatta West	gnd	1048	7	54	13	2	0	0
LK-1133155	Indibedda East	Indibedda East	gnd	681	57	146	48	15	19	0
LK-1133160	Moratuwella North	Moratuwella North	gnd	600	4	6	1	4	11	0
LK-1133165	Moratuwella West	Moratuwella West	gnd	615	6	0	5	21	0	0
LK-1133170	Koralawella North	Koralawella North	gnd	1446	92	45	25	1	2	0
LK-1133175	Koralawella East	Koralawella Eest	gnd	635	10	0	0	0	0	0
LK-1133180	Koralawella West	Koralawella West	gnd	709	29	102	36	4	1	3
LK-1133185	Koralawella South	Koralawella South	gnd	699	41	97	25	2	1	0
LK-1133190	Katukurunda North	Katukurunda North	gnd	801	45	42	33	8	0	1
LK-1133195	Katukurunda South	Katukurunda South	gnd	899	35	72	24	1	11	0
LK-1133200	Egoda Uyana North	Egoda Uyana North	gnd	1138	50	23	17	5	0	3
LK-1133205	Egoda Uyana Central	Egoda Uyana Central	gnd	528	21	173	28	4	1	0
LK-1133210	Egoda Uyana South	Egoda Uyana South	gnd	983	78	132	15	1	0	4
LK-1136005	Pepiliyana West	Pepiliyana West	gnd	1349	57	34	16	6	0	0
LK-1136010	Pepiliyana East	Pepiliyana East	gnd	414	5	2	1	1	1	0
LK-1136015	Divulpitiya East	Divulpitiya East	gnd	525	62	46	37	0	0	0
LK-1136020	Divulpitiya West	Divulpitiya West	gnd	822	13	8	3	0	0	0
LK-1136025	Bellanvila	Bellanvila	gnd	1027	67	10	11	0	0	0
LK-1136030	Boralesgamuwa West A	Boralesgamuwa West A	gnd	1174	17	17	4	20	0	1
LK-1136035	Boralesgamuwa West C	Boralesgamuwa West C	gnd	347	6	32	10	17	0	1
LK-1136040	Rattanapitiya	Rattanapitiya	gnd	1016	22	33	23	8	0	0
LK-1136045	Egodawatta	Egodawatta	gnd	778	112	6	9	0	0	0
LK-1136050	Boralesgamuwa East A	Boralesgamuwa East A	gnd	1270	11	16	43	1	0	0
LK-1136055	Boralesgamuwa West B	Boralesgamuwa West B	gnd	775	5	8	0	0	0	0
LK-1136060	Werahera North	Werahera North	gnd	526	7	7	3	1	0	0
LK-1136065	Boralesgamuwa East B	Boralesgamuwa East B	gnd	1453	22	10	1	0	0	1
LK-1136070	Neelammahara	Neelammahara	gnd	984	14	50	44	7	2	0
LK-1136075	Katuwawala North	Katuwawala North	gnd	957	19	48	8	0	0	0
LK-1136080	Vishwakalawa	Vishwakalawa	gnd	517	12	0	0	0	0	0
LK-1136085	Werahera South	Werahera South	gnd	1669	33	77	22	2	0	0
LK-1136090	Katuwawala South	Katuwawala South	gnd	429	14	4	1	0	0	0
LK-1136095	Niwanthidiya	Niwanthidiya	gnd	917	34	77	12	2	0	0
LK-1136100	Erewwala West	Erewwala West	gnd	1754	14	128	18	7	0	1
LK-1136105	Erewwala North	Erewwala North	gnd	1317	25	26	4	4	0	0
LK-1136110	Erewwala East	Erewwala East	gnd	791	11	13	0	1	0	0
LK-1136115	Rathmaldeniya	Rathmaldeniya	gnd	1527	15	68	10	1	0	3
LK-1136120	Mahalwarawa	Mahalwarawa	gnd	877	9	14	1	3	0	0
LK-1136125	Bangalawatta	Bangalawatta	gnd	600	8	27	2	0	0	0
LK-1136130	Pelenwatta East	Pelenwatta East	gnd	1245	13	19	2	2	0	0
LK-1136135	Pelenwatta North	Pelenwatta North	gnd	1559	13	22	8	1	0	0
LK-1136140	Pelenwatta West	Pelenwatta West	gnd	1837	15	54	3	1	0	1
LK-1136145	Paligedara	Paligedara	gnd	1048	17	78	12	2	0	0
LK-1136150	Kaliyammahara	Kaliyammahara	gnd	950	14	4	5	1	0	0
LK-1136155	Bokundara	Bokundara	gnd	1141	34	28	9	0	1	0
LK-1136160	Thumbovila South	Thumbovila South	gnd	1096	32	33	18	0	0	0
LK-1136165	Thumbovila North	Thumbovila North	gnd	1390	39	61	27	4	0	0
LK-1136170	Wewala West	Wewala West	gnd	1252	63	83	17	1	0	0
LK-1136175	Wewala East	Wewala East	gnd	785	10	41	4	0	0	0
LK-1136180	Thumbovila West	Thumbovila West	gnd	798	33	23	8	1	0	0
LK-1136185	Mampe North	Mampe North	gnd	1527	38	32	9	4	0	0
LK-1136190	Makuludoowa	Makuludoowa	gnd	937	27	97	3	5	0	0
LK-1136195	Gorakapitiya	Gorakapitiya	gnd	567	0	17	4	0	0	0
LK-1136200	Nampamunuwa	Nampamunuwa	gnd	918	14	115	11	2	0	0
LK-1136205	Mavittara North	Mavittara North	gnd	882	7	16	2	2	0	1
LK-1136210	Mampe East	Mampe East	gnd	612	4	24	13	3	0	0
LK-1136215	Bodhirajapura	Bodhirajapura	gnd	550	12	27	11	1	0	0
LK-1136220	Mampe West	Mampe West	gnd	859	13	5	1	1	0	0
LK-1136225	Mampe South	Mampe South	gnd	566	4	6	2	0	0	0
LK-1136230	Kolamunna	Kolamunna	gnd	976	24	62	26	0	2	0
LK-1136235	Suwarapola East	Suwarapola East	gnd	766	11	28	7	0	0	0
LK-1136240	Suwarapola West	Suwarapola West	gnd	354	9	43	40	0	0	0
LK-1136245	Hedigama	Hedigama	gnd	1165	35	107	11	0	0	0
LK-1136250	Batakettara North	Batakettara North	gnd	1747	63	92	20	18	8	1
LK-1136255	Kesbewa North	Kesbewa North	gnd	1073	14	51	5	0	0	0
LK-1136260	Kesbewa East	Kesbewa East	gnd	580	11	5	5	1	0	0
LK-1136265	Mavittara South	Mavittara South	gnd	556	4	27	0	0	0	0
LK-1136270	Honnanthara North	Honnanthara North	gnd	927	77	111	17	10	0	0
LK-1136275	Honnanthara South	Honnanthara South	gnd	1378	26	22	0	6	0	1
LK-1136280	Makandana East	Makandana East	gnd	1334	27	172	13	0	0	0
LK-1136285	Kesbewa South	Kesbewa South	gnd	1813	16	46	6	4	0	1
LK-1136290	Batakettara South	Batakettara South	gnd	1844	28	134	10	12	0	0
LK-1136295	Madapatha	Madapatha	gnd	1104	5	43	0	0	0	0
LK-1136300	Delthara West	Delthara West	gnd	576	12	42	8	4	0	1
LK-1136305	Delthara East	Delthara East	gnd	357	16	63	10	6	0	0
LK-1136310	Dampe	Dampe	gnd	1076	72	186	49	8	0	0
LK-1136315	Makandana West	Makandana west	gnd	1386	26	158	33	2	0	0
LK-1136320	Nivungama	Nivungama	gnd	557	11	93	8	9	0	0
LK-1136325	Halpita	Halpita	gnd	1508	37	141	14	1	0	0
LK-1136330	Horathuduwa	Horathuduwa	gnd	547	4	2	1	1	0	0
LK-1136335	Morenda	Morenda	gnd	349	14	57	7	7	0	0
LK-1136340	Batuwandara North	Batuwandara North	gnd	439	4	18	8	2	0	0
LK-1136345	Batuwandara South	Batuwandara South	gnd	421	1	50	1	0	0	0
LK-1136350	Jamburaliya	Jamburaliya	gnd	1043	45	60	10	1	0	1
LK-1136355	Polhena	Polhena	gnd	748	38	47	13	0	1	0
LK-1136360	Regidel Watta	Regidel watta	gnd	272	3	68	14	4	0	0
LK-1136365	Kahapola	Kahapola	gnd	862	65	86	13	1	0	0
LK-1203005	Kammalthura	Kammalthura	gnd	677	7	344	16	5	0	0
LK-1203010	Pallansena North	Pallansena North	gnd	875	23	133	12	2	0	3
LK-1203015	Kochchikade	Kochchikade	gnd	535	29	127	8	0	0	0
LK-1203020	Pallansena South	Pallansena South	gnd	997	10	37	4	1	0	1
LK-1203025	Daluwakotuwa	Daluwakotuwa	gnd	1152	12	120	12	4	0	0
LK-1203030	Palangathure	Palangathure	gnd	1131	8	194	5	8	0	0
LK-1203035	Ettukala	Ettukala	gnd	832	15	45	11	2	0	0
LK-1203040	Daluwakotuwa East	Daluwakotuwa East	gnd	1354	28	124	26	8	0	0
LK-1203045	Kattuwa	Kattuwa	gnd	1293	13	93	4	1	0	0
LK-1203050	Dalupotha East	Dalupatha East	gnd	1665	109	74	2	4	2	1
LK-1203055	Dalupotha	Dalupatha	gnd	837	15	145	13	5	0	0
LK-1203060	Kudapaduwa	Kudapaduwa	gnd	719	7	36	1	0	0	0
LK-1203065	Kudapaduwa North	Kudapaduwa North	gnd	854	10	38	2	0	0	0
LK-1203070	Kudapaduwa South	Kudapaduwa South	gnd	696	5	33	0	1	0	1
LK-1203075	Wellaweediya	Wellaweediya	gnd	644	8	174	8	1	0	1
LK-1203080	Wellaweediya East	Wellaweediya East	gnd	560	11	5	0	2	0	0
LK-1203085	Periyamulla	Periyamulla	gnd	702	8	14	2	0	1	0
LK-1203090	Hunupitiya	Hunupitiya	gnd	1467	5	2	3	1	0	1
LK-1203095	Angurukaramulla	Angurukaramulla	gnd	775	2	63	8	1	0	0
LK-1203100	Udayarthoppuwa	Udayarthoppuwa	gnd	879	15	37	11	4	3	0
LK-1203105	Wellaweediya South	Wellaweediya South	gnd	598	13	50	19	5	2	0
LK-1203110	Muttakkarai North	Munnakkaraya North	gnd	496	17	19	1	2	5	0
LK-1203115	Doowa	Doowa	gnd	558	2	106	2	0	0	0
LK-1203120	Pitipana North	Pitipana North	gnd	612	14	161	16	6	1	0
LK-1203125	Pitipana Central	Pitipana Central	gnd	492	11	198	25	32	0	1
LK-1203130	Muttakkarai	Munnakkaraya	gnd	643	4	63	2	3	0	0
LK-1203135	Muttakkarai East	Munnakkaraya East	gnd	360	10	112	11	3	0	0
LK-1203140	Thaladoowa	Thaladoowa	gnd	1296	20	354	42	0	0	0
LK-1203145	Udayarthoppuwa South	Udayarthoppuwa South	gnd	598	11	3	0	1	0	0
LK-1203150	Bolawalana	Bolawalana	gnd	1112	6	138	22	2	0	1
LK-1203155	Kurana West	Kurana West	gnd	908	25	23	14	3	0	0
LK-1203160	Kurana East	Kurana East	gnd	675	5	47	8	0	0	1
LK-1203165	Siriwardana Pedesa	Siriwardana Pedesa	gnd	631	13	151	2	1	0	0
LK-1203170	Pitipana South - East	Pitipana South - East	gnd	633	17	243	8	6	0	1
LK-1203175	Pitipana South - West	Pitipana South - West	gnd	336	27	556	42	15	0	1
LK-1203180	Thalahena	Thalahena	gnd	727	72	193	8	11	0	1
LK-1203185	Dungalpitiya	Dungalpitiya	gnd	425	5	117	9	2	0	0
LK-1203190	Settappaduwa	Settappaduwa	gnd	421	13	73	8	2	0	0
LK-1203195	Kepungoda	Kepungoda	gnd	393	14	73	23	2	0	1
LK-1206005	Muruthana	Muruthana	gnd	327	15	1	5	1	0	1
LK-1206010	Manaveriya	Manaveriya	gnd	411	9	78	11	3	8	0
LK-1206015	Udangawa	Udangawa	gnd	268	12	196	50	14	1	0
LK-1206020	Thoppuwa	Thoppuwa	gnd	435	6	380	60	3	0	0
LK-1206025	Bambukuliya	Bambukuliya	gnd	313	5	405	58	30	0	0
LK-1206030	Katana North	Katana North	gnd	429	5	408	15	3	0	1
LK-1206035	Katana East	Katana East	gnd	359	13	172	16	3	0	1
LK-1206040	Katana West	Katana West	gnd	715	4	201	14	7	0	0
LK-1206045	Maha Ethgala	Maha Ethgala	gnd	420	4	71	5	2	3	0
LK-1206050	Ethgala	Ethgala	gnd	541	5	368	31	6	1	0
LK-1206055	Adikkandiya	Adikkandiya	gnd	209	0	105	2	0	0	0
LK-1206060	Welihena North	Welihena North	gnd	429	4	62	7	1	0	0
LK-1206065	Welihena South	Welihena South	gnd	1106	28	257	20	4	65	2
LK-1206070	Pahala Kandawala	Pahala Kandawala	gnd	411	10	119	3	0	0	0
LK-1206075	Ethgala South	Ethgala South	gnd	169	3	124	11	3	0	0
LK-1206080	Ihala Kandawala	Ihala Kandawala	gnd	1140	7	346	22	5	0	1
LK-1206085	Kaluwarippuwa West	Kaluwarippuwa West	gnd	876	16	367	33	15	0	0
LK-1206090	Kondagammulla	Kondagammulla	gnd	733	28	100	4	2	0	0
LK-1206095	Katiyala	Katiyala	gnd	754	15	221	29	4	0	0
LK-1206100	Kadirana North	Kadirana North	gnd	1134	56	456	64	4	0	0
LK-1206105	K.C. De Silva Puraya	K.C. De Silva Puraya	gnd	682	17	241	10	0	0	0
LK-1206110	Thimbirigaskatuwa	Thimbirigaskatuwa	gnd	737	13	49	1	1	0	0
LK-1206115	Sellakanda	Sellakanda	gnd	1184	109	30	3	0	0	0
LK-1206120	Katuwapitiya	Katuwapitiya	gnd	675	5	36	4	0	0	1
LK-1206125	Mahahunupitiya West	Mahahunupitiya West	gnd	551	15	104	14	0	0	2
LK-1206130	Mahahunupitiya East	Mahahunupitiya East	gnd	512	44	150	35	7	0	0
LK-1206135	Pahala Kadirana	Pahala Kadirana	gnd	496	4	194	6	1	0	0
LK-1206140	Kadirana	Kadirana	gnd	1442	18	387	33	2	1	0
LK-1206145	Akkara 50	Akkara 50	gnd	1306	54	631	107	4	13	0
LK-1206150	Kadirana South	Kadirana South	gnd	639	49	245	83	14	1	0
LK-1206155	Kimbulapitiya West	Kimbulapitiya West	gnd	649	30	143	45	15	1	0
LK-1206160	Kimbulapitiya North	Kimbulapitiya North	gnd	229	7	412	7	0	0	0
LK-1206165	Kimbulapitiya South	Kimbulapitiya South	gnd	845	13	221	8	1	2	3
LK-1206170	Kimbulapitiya Central	Kimbulapitiya Central	gnd	757	4	326	67	2	0	0
LK-1206175	Andiambalama West	Andiambalama West	gnd	1291	136	296	312	2	7	1
LK-1206180	Walpola	Walpola	gnd	263	23	327	7	5	1	0
LK-1206185	Andiambalama East	Andiambalama East	gnd	741	74	217	130	3	0	0
LK-1206190	Dewamottawa	Dewamottawa	gnd	563	17	471	158	6	1	0
LK-1206195	Kovinna	Kovinna	gnd	758	32	56	840	3	0	3
LK-1206200	Evariwatta	Evariwatta	gnd	749	411	284	1158	184	1	0
LK-1206205	Air Force Camp	Air Force Camp	gnd	256	5	0	0	0	0	0
LK-1206210	Kurana Katunayaka West	Kurana Katunayaka Central	gnd	809	84	70	77	0	0	0
LK-1206215	Kurana Katunayaka North	Kurana Katunayaka North	gnd	634	43	92	77	0	0	0
LK-1206220	Kurana Katunayaka South	Kurana Katunayaka South	gnd	388	18	41	121	0	0	0
LK-1206225	Katunayaka North	Katunayaka North	gnd	357	36	81	209	11	12	0
LK-1206230	Katunayaka South	Katunayaka South	gnd	595	357	96	1404	217	0	1
LK-1206235	Walanagoda	Walanagoda	gnd	356	103	107	585	7	0	2
LK-1206240	Kalahapitiya	Kalahapitiya	gnd	273	53	275	252	3	0	1
LK-1206245	Madawala	Madawala	gnd	394	128	174	124	8	0	0
LK-1206250	Muthuwadiya	Muthuwadiya	gnd	235	14	215	38	2	0	0
LK-1206255	Liyanagemulla North	Liyanagemulla North	gnd	918	493	39	314	7	2	0
LK-1206260	Liyanagemulla South	Liyanagemulla South	gnd	903	336	55	183	0	0	0
LK-1206265	Amandoluwa	Amandoluwa	gnd	1246	241	232	1678	208	0	0
LK-1206270	Thempala	Thempala	gnd	355	18	107	7	3	0	0
LK-1206275	Kuswala	Kuswala	gnd	612	31	50	32	1	0	0
LK-1206280	Ganepola	Ganepola	gnd	551	8	84	4	1	0	0
LK-1206285	Heenatiyana West	Heenatiyana West	gnd	184	20	407	159	16	0	0
LK-1206290	Heenatiyana South	Heenatiyana South	gnd	274	43	291	87	80	0	0
LK-1206295	Heenatiyana East	Heenatiyana East	gnd	150	13	370	30	33	11	0
LK-1206300	Raddolugama North A	Raddolugama North A	gnd	310	0	0	0	0	0	0
LK-1206305	Raddolugama North	Raddolugama North	gnd	356	3	0	0	0	0	0
LK-1206310	Raddolugama South	Raddolugama South	gnd	506	0	1	0	0	0	0
LK-1206315	Raddolugama South A	Raddolugama South A	gnd	469	0	1	1	0	0	0
LK-1206320	Raddoluwa North	Raddoluwa North	gnd	805	10	101	6	4	0	0
LK-1206325	Raddoluwa West	Raddoluwa West	gnd	769	21	107	11	1	0	0
LK-1206330	Seeduwa	Seeduwa	gnd	1089	67	308	35	4	1	2
LK-1206335	Mookalangamuwa West	Mookalangamuwa West	gnd	553	23	136	166	28	21	0
LK-1206340	Mookalangamuwa East	Mookalangamuwa East	gnd	404	10	97	164	1	28	0
LK-1206345	Bandarawatta East	Bandarawatta East	gnd	340	5	35	39	0	1	0
LK-1206350	Bandarawatta West	Bandarawatta West	gnd	1171	60	296	110	10	1	0
LK-1206355	Dambaduraya	Dambaduraya	gnd	431	0	50	8	0	0	1
LK-1206360	Raddoluwa South	Raddoluwa South	gnd	766	15	151	40	2	1	3
LK-1206365	Lansiyawadiya	Lansiyawadiya	gnd	652	25	65	18	1	0	0
LK-1206370	Kotugoda	Kotugoda	gnd	649	15	94	11	10	0	0
LK-1206375	Kasagahawatta	Kasagahawatta	gnd	463	20	79	43	1	0	0
LK-1206380	Udammita North	Udammita North	gnd	345	4	126	2	1	0	0
LK-1206385	Alawathupitiya	Alawathupitiya	gnd	275	14	75	9	1	0	0
LK-1206390	Udammita South	Udammita South	gnd	348	1	57	13	7	0	0
LK-1206395	Ambalammulla	Ambalammulla	gnd	313	11	258	228	3	0	0
LK-1209005	Andimulla	Andimulla	gnd	353	3	51	4	2	0	1
LK-1209010	Ambalayaya	Ambalayaya	gnd	82	0	235	27	13	0	0
LK-1209015	Bolagala	Bolagala	gnd	191	12	0	0	0	0	0
LK-1209020	Otharawadiya	Otharawadiya	gnd	87	2	160	10	9	0	0
LK-1209025	Godigamuwa West	Godigamuwa West	gnd	90	6	149	11	15	10	1
LK-1209030	Godigamuwa East	Godigamuwa East	gnd	179	4	273	22	43	1	1
LK-1209035	Balawala	Balawala	gnd	87	28	40	15	3	0	0
LK-1209040	Badalgama	Badalgama	gnd	204	6	146	44	0	0	0
LK-1209045	Delpakadawara	Delpakadawara	gnd	142	0	0	16	0	0	0
LK-1209050	Siringapathawatta	Siringapathawatta	gnd	20	0	74	7	0	0	0
LK-1209055	Pethigoda	Pethigoda	gnd	117	1	340	45	7	0	1
LK-1209060	Alugolla	Alugolla	gnd	136	3	287	17	15	0	1
LK-1209065	Polwatta	Polwatta	gnd	90	3	227	13	9	0	0
LK-1209070	Polhena	Polhena	gnd	290	6	0	2	4	0	0
LK-1209075	Mellawagedara	Mellawagedara	gnd	297	2	137	5	1	0	1
LK-1209080	Diklanda	Diklanda	gnd	145	2	46	17	14	0	0
LK-1209085	Katukenda	Katukenda	gnd	357	5	114	6	2	0	0
LK-1209090	Akarangaha	Akarangaha	gnd	197	18	93	19	8	2	1
LK-1209095	Kehelella West	Kehelella West	gnd	92	4	142	31	14	5	0
LK-1209100	Lihiniyagammana	Lihiniyagammana	gnd	132	1	156	22	3	0	0
LK-1209105	Akaragama East	Akaragama East	gnd	113	8	111	12	12	0	0
LK-1209110	Akaragama West	Akaragama West	gnd	155	3	295	22	19	0	0
LK-1209115	Akaragama North	Akaragama North	gnd	198	3	177	15	6	0	0
LK-1209120	Pahala Madampella	Pahala Madampella	gnd	517	7	0	3	0	0	0
LK-1209125	Halpe 1	Halpe	gnd	560	5	105	4	5	0	0
LK-1209130	Kaluwarippuwa East - Uthura	Kaluwarippuwa East - Uthura	gnd	424	6	109	44	6	0	0
LK-1209135	Kongodamulla North	Kongodamulla North	gnd	243	2	0	0	2	0	0
LK-1209140	Kongodamulla West	Kongodamulla West	gnd	266	7	216	40	7	0	0
LK-1209145	Kongodamulla South	Kongodamulla South	gnd	211	1	174	23	21	0	0
LK-1209150	Kongodamulla East	Kongodamulla East	gnd	256	13	217	6	8	0	0
LK-1209155	Ihala Madampella North	Ihala Madampella North	gnd	120	8	125	21	2	0	2
LK-1209160	Ihala Madampella West	Ihala Madampella West	gnd	79	6	224	31	2	0	0
LK-1209165	Ihala Madampella East	Ihala Madampella East	gnd	259	10	0	14	13	0	0
LK-1209170	Ihalagama	Ihalagama	gnd	101	0	122	24	1	0	0
LK-1209175	Kehelella South	Kehelella South	gnd	136	4	293	11	4	0	0
LK-1209180	Kehelella North	Kehelella North	gnd	131	1	146	5	12	0	0
LK-1209185	Delwagura	Delwagura	gnd	125	2	123	4	5	0	0
LK-1209190	Wekada	Wekada	gnd	175	7	90	21	12	0	0
LK-1209195	Kalumada	Kalumada	gnd	60	0	123	13	0	0	0
LK-1209200	Agalegedara	Agalegedara	gnd	143	4	150	5	1	0	0
LK-1209205	Waradala	Waradala	gnd	255	3	262	19	2	0	0
LK-1209210	Kotadeniyawa	Kotadeniyawa	gnd	332	13	251	29	8	1	0
LK-1209215	Erabadda	Erabadda	gnd	126	1	75	11	1	0	0
LK-1209220	Diyagampala	Diyagampala	gnd	249	1	123	6	3	0	1
LK-1209225	Koradaminna	Koradaminna	gnd	172	5	70	8	4	0	3
LK-1209230	Dimbuldeniya	Dimbuldeniya	gnd	44	0	247	4	5	0	1
LK-1209235	Paragoda North	Paragoda North	gnd	49	4	171	29	9	0	0
LK-1209240	Paragoda South	Paragoda South	gnd	79	6	104	13	4	0	0
LK-1209245	Moragalkanda	Moragalkanda	gnd	40	0	61	1	1	0	0
LK-1209250	Nawana West	Nawana West	gnd	95	4	123	19	2	0	0
LK-1209255	Hettimulla	Hettimulla	gnd	153	9	141	12	0	0	0
LK-1209260	Haloluwa	Haloluwa	gnd	140	5	103	6	12	0	0
LK-1209265	Kelegedara	Kelegedara	gnd	235	2	0	3	7	0	1
LK-1209270	Heeralugedara	Heeralugedara	gnd	231	4	217	28	6	0	0
LK-1209275	Walpita	Walpita	gnd	367	2	0	0	0	0	0
LK-1209280	Welagana	Welagana	gnd	124	1	135	7	11	0	0
LK-1209285	Thammita	Thammita	gnd	360	2	106	13	2	0	0
LK-1209290	Palliyapitiya West	Palliyapitiya West	gnd	268	6	0	0	1	0	1
LK-1209295	Induragara North	Induragara North	gnd	371	11	232	1	2	0	0
LK-1209300	Induragara South	Induragara South	gnd	132	31	51	29	1	0	0
LK-1209305	Kadawala North	Kadawala North	gnd	476	48	45	7	1	32	0
LK-1209310	Kadawala	Kadawala	gnd	237	2	30	5	24	0	0
LK-1209315	Kaluwarippuwa East - Dakuna	Kaluwarippuwa East - Dakuna	gnd	533	27	189	49	3	0	0
LK-1209320	Miriswatta	Miriswatta	gnd	427	19	93	6	0	1	0
LK-1209325	Dagonna North	Dagonna North	gnd	95	1	299	24	40	0	0
LK-1209330	Dagonna East	Dagonna East	gnd	215	2	208	22	6	0	1
LK-1209335	Halgahawelawatta	Halgahawelawatta	gnd	84	4	80	28	6	0	2
LK-1209340	Katuwellegama North	Katuwellegama North	gnd	128	3	171	22	9	1	0
LK-1209345	Kadawala South	Kadawala South	gnd	168	7	145	5	3	0	1
LK-1209350	Batepola	Batepola	gnd	370	5	106	10	1	0	0
LK-1209355	Doonagaha South	Doonagaha South	gnd	346	4	155	15	4	0	0
LK-1209360	Doonagaha	Doonagaha	gnd	254	6	0	1	10	2	0
LK-1209365	Palliyapitiya East	Palliyapitiya East	gnd	351	1	89	2	1	0	0
LK-1209370	Hunumulla	Hunumulla	gnd	240	7	260	1	1	0	0
LK-1209375	Hapugahagama	Hapugahagama	gnd	210	6	1	2	4	0	0
LK-1209380	Barawavila	Barawavila	gnd	214	1	119	5	9	0	0
LK-1209385	Kudagammana	Kudagammana	gnd	385	7	157	6	6	0	0
LK-1209390	Pahala Madithiyawala	Pahala Madithiyawala	gnd	100	4	195	41	0	0	0
LK-1209395	Kaluaggala	Kaluaggala	gnd	203	0	73	8	0	0	0
LK-1209400	Kuleegedara	Kuleegedara	gnd	136	3	132	6	10	0	0
LK-1209405	Nawana East	Nawana East	gnd	42	1	125	4	0	0	0
LK-1209410	Nariyamulla	Nariyamulla	gnd	63	0	85	6	2	0	0
LK-1209415	Halpe 2	Halpe	gnd	551	3	276	10	11	0	0
LK-1209420	Parana Halpe West	Parana Halpe West	gnd	274	0	49	20	9	0	0
LK-1209425	Parana Halpe East	Parana Halpe East	gnd	223	3	0	0	2	2	1
LK-1209430	Gurullagama	Gurullagama	gnd	150	0	78	2	4	0	0
LK-1209435	Kithulwala Ihala	Kithulwala Ihala	gnd	284	4	33	7	6	0	0
LK-1209440	Kithulwala Pahala	Kithulwala Pahala	gnd	78	4	178	10	3	0	0
LK-1209445	Kithulwala North	Kithulwala North	gnd	184	5	93	6	28	0	0
LK-1209450	Kaluaggala Pahalagama	Kaluaggala Pahalagama	gnd	123	2	48	11	8	0	0
LK-1209455	Wattemulla	Wattemulla	gnd	110	7	209	39	10	0	1
LK-1209460	Ihala Madithiyawala	Ihala Madithiyawala	gnd	91	0	159	8	11	0	2
LK-1209465	Hangawatta	Hangawatta	gnd	51	0	68	0	0	0	0
LK-1209470	Rassapana	Rassapana	gnd	66	1	58	2	5	0	0
LK-1209475	Balagalla West	Balagalla West	gnd	185	5	140	24	3	0	0
LK-1209480	Parana Handiya	Parana Handiya	gnd	105	2	7	4	0	0	0
LK-1209485	Pinnakele	Pinnakele	gnd	82	1	173	9	3	0	0
LK-1209490	Pinnakele South	Pinnakele South	gnd	127	4	101	46	2	0	0
LK-1209495	Urapana	Urapana	gnd	333	3	81	2	1	0	0
LK-1209500	Kelepitimulla	Kelepitimulla	gnd	627	3	35	4	1	0	0
LK-1209505	Sayakkaramulla	Sayakkaramulla	gnd	132	0	83	2	3	0	0
LK-1209510	Henpitagedara	Henpitagedara	gnd	225	9	112	11	8	0	0
LK-1209515	Aluthepola West	Aluthepola West	gnd	507	6	0	2	8	0	0
LK-1209520	Thotillagahawatta	Thotillagahawatta	gnd	270	3	126	5	10	0	0
LK-1209525	Katuwellegama South	Katuwellegama South	gnd	460	17	0	0	1	0	0
LK-1209530	Palugahawela	Palugahawela	gnd	380	11	0	2	10	4	0
LK-1209535	Dagonna South	Dagonna South	gnd	762	15	112	27	17	0	0
LK-1209540	Hapuwalana South	Hapuwalana South	gnd	231	0	0	0	0	0	0
LK-1209545	Hapuwalana	Hapuwalana	gnd	133	0	100	0	1	0	0
LK-1209550	Bomugammana North	Bomugammana North	gnd	454	4	95	1	5	0	0
LK-1209555	Bomugammana South	Bomugammana South	gnd	202	19	69	4	3	0	0
LK-1209560	Pinnalanda	Pinnalanda	gnd	96	0	107	29	1	0	0
LK-1209565	Divulapitiya	Divulapitiya	gnd	383	8	83	14	3	0	0
LK-1209570	Balagalla East	Balagalla East	gnd	156	0	88	6	0	0	0
LK-1209575	Ullalapola East	Ullalapola East	gnd	200	7	104	7	4	0	0
LK-1209580	Ullalapola West	Ullalapola West	gnd	180	1	173	3	3	0	0
LK-1209585	Wewagedara	Wewagedara	gnd	240	4	49	1	3	1	0
LK-1209590	Horagasmulla	Horagasmulla	gnd	470	3	0	5	2	1	0
LK-1209595	Assennawatta East	Assennawatta East	gnd	480	27	403	76	19	0	1
LK-1209600	Hapuwalana North	Hapuwalana North	gnd	70	0	163	3	0	0	0
LK-1209605	Assennawatta West	Assennawatta West	gnd	273	3	0	20	4	0	0
LK-1209610	Weragodamulla	Weragodamulla	gnd	410	8	224	5	0	0	0
LK-1209615	Aluthepola East	Aluthepola East	gnd	224	21	146	8	5	0	0
LK-1212005	Nalla	Nalla	gnd	893	11	236	39	3	0	2
LK-1212010	Giriullagama	Giriullagama	gnd	345	22	80	18	7	0	0
LK-1212015	Loluwagoda	Loluwagoda	gnd	627	13	57	12	7	0	1
LK-1212020	Delwala South	Delwala South	gnd	120	4	116	9	5	0	0
LK-1212025	Delwala	Delwala	gnd	113	1	117	1	2	0	0
LK-1212030	Loluwagoda South	Loluwagoda South	gnd	138	6	154	17	18	0	0
LK-1212035	Madurupitiya	Madurupitiya	gnd	116	2	120	6	4	0	0
LK-1212040	Hapugahagedara	Hapugahagedara	gnd	240	6	35	3	6	0	0
LK-1212045	Kandangamuwa	Kandangamuwa	gnd	239	14	145	25	0	0	0
LK-1212050	Henegama	Henegama	gnd	212	10	83	12	0	0	0
LK-1212055	Maladeniya	Maladeniya	gnd	326	12	1	7	5	0	0
LK-1212060	Kahandawa	Kahandawa	gnd	294	17	137	21	10	0	0
LK-1212065	Kandalama	Kandalama	gnd	418	10	0	0	0	0	0
LK-1212070	Walbothale	Walbothale	gnd	551	30	79	20	2	0	0
LK-1212075	Pirisyala	Pirisyala	gnd	271	13	1	0	3	0	0
LK-1212080	Kamarangawa	Kamarangawa	gnd	110	4	76	13	9	0	0
LK-1212085	Keenadeniya	Keenadeniya	gnd	279	11	81	15	4	0	1
LK-1212090	Bothale Pahalagama North	Bothale Pahalagama North	gnd	201	5	187	5	0	0	0
LK-1212095	Maveehena	Maveehena	gnd	65	3	182	23	17	0	0
LK-1212100	Kurunduwatta	Kurunduwatta	gnd	171	0	130	14	34	0	0
LK-1212105	Purana Meerigama	Purana Mirigama	gnd	326	14	1	0	2	0	0
LK-1212110	Hakurukumbura	Hakurukumbura	gnd	595	15	83	2	3	0	0
LK-1212115	Mugurugampala	Mugurugampala	gnd	466	29	13	3	2	1	0
LK-1212120	Vilwatta	Vilwatta	gnd	358	2	56	4	1	0	0
LK-1212125	Thawalampitiya	Thawalampitiya	gnd	85	0	144	7	9	0	0
LK-1212130	Bothale Pahalagama	Bothale Pahalagama	gnd	110	12	176	16	4	0	0
LK-1212135	Bothale Pahalagama West	Bothale Pahalagama West	gnd	86	1	170	5	2	0	3
LK-1212140	Bothale Medagama	Bothale Medagama	gnd	184	34	45	2	0	0	0
LK-1212145	Bothale Pahalagama East	Bothale Pahalagama East	gnd	341	3	172	19	0	0	0
LK-1212150	Thalagama East	Thalagama East	gnd	115	3	25	2	0	0	0
LK-1212155	Thalagama	Thalagama	gnd	105	1	105	15	2	0	0
LK-1212160	Balathawa	Balathawa	gnd	90	0	149	4	11	0	0
LK-1212165	Makoora	Makoora	gnd	48	0	84	10	3	0	0
LK-1212170	Pottekanda	Pottekanda	gnd	95	1	74	4	7	0	1
LK-1212175	Bothale Ihalagama	Bothale Ihalagama	gnd	245	7	9	2	2	0	0
LK-1212180	Andagalakanda	Andagalakanda	gnd	32	8	134	0	0	0	0
LK-1212185	Halugama Ihala	Halugama Ihala	gnd	224	2	0	14	4	0	0
LK-1212190	Kindiwala	Kindiwala	gnd	89	1	65	4	0	0	0
LK-1212195	Halugama Pahala	Halugama Pahala	gnd	152	1	0	0	3	0	0
LK-1212200	Meerigama	Mirigama	gnd	101	2	0	0	0	0	0
LK-1212205	Walawwatta	Walawwatta	gnd	318	1	29	7	1	0	0
LK-1212210	Thilinagama	Thilinagama	gnd	111	5	203	18	13	1	0
LK-1212215	Vijayarajadahana	Vijayarajadahana	gnd	215	1	30	2	0	0	0
LK-1212220	Neligama Ihala	Neligama Ihala	gnd	97	0	50	1	0	0	0
LK-1212225	Neligama Central	Neligama Central	gnd	151	9	58	3	0	0	0
LK-1212230	Neligama	Neligama	gnd	210	2	81	2	2	0	0
LK-1212235	Lindara	Lindara	gnd	149	3	129	2	0	0	0
LK-1212240	Halugama	Halugama	gnd	198	7	208	14	5	0	0
LK-1212245	Siyambalagoda	Siyambalagoda	gnd	168	3	35	11	1	0	0
LK-1212250	Lindara Pahala	Lindara Pahala	gnd	58	1	98	13	1	0	0
LK-1212255	Pohonnaruwa	Pohonnaruwa	gnd	127	0	219	19	2	0	0
LK-1212260	Indiparape	Indiparape	gnd	164	0	114	10	6	0	0
LK-1212265	Kosetadeniya	Kosetadeniya	gnd	114	2	96	5	3	0	0
LK-1212270	Imbulanwala	Imbulanwala	gnd	130	1	110	14	7	0	0
LK-1212275	Uduulla	Uduulla	gnd	96	2	59	5	3	0	0
LK-1212280	Gaspe	Gaspe	gnd	274	1	148	18	9	0	0
LK-1212285	Banduragoda	Banduragoda	gnd	266	14	1	0	0	0	0
LK-1212290	Keppitiwalana	Keppitiwalana	gnd	248	10	114	21	4	0	0
LK-1212295	Gaspe Pahalagama	Gaspe Pahalagama	gnd	231	3	6	1	0	2	1
LK-1212300	Galgana	Galgana	gnd	65	1	57	4	2	0	0
LK-1212305	Pelapitigama	Pelapitigama	gnd	136	5	216	42	10	0	0
LK-1212310	Elhena	Elhena	gnd	355	21	95	44	12	0	1
LK-1212315	Ganegoda	Ganegoda	gnd	302	22	0	2	5	0	0
LK-1212320	Hiriwala	Hiriwala	gnd	361	3	149	6	3	0	0
LK-1212325	Handurumulla	Handurumulla	gnd	102	8	97	5	0	0	1
LK-1212330	Pamunuwatta	Pamunuwatta	gnd	144	3	228	17	4	0	0
LK-1212335	Lindara Ihala	Lindara Ihala	gnd	50	2	84	2	3	0	0
LK-1212340	Arukgoda	Arukgoda	gnd	126	4	22	2	2	0	0
LK-1212345	Madabavita	Madabavita	gnd	179	7	166	19	11	0	0
LK-1212350	Madabavita Ihalagama	Madabavita Ihalagama	gnd	106	0	163	13	0	0	0
LK-1212355	Newgala	Newgala	gnd	168	2	113	8	4	0	0
LK-1212360	Danovita	Danovita	gnd	267	3	145	11	5	2	1
LK-1212365	Weweldeniya Pahalagama	Weweldeniya Pahalagama	gnd	153	4	120	5	1	0	0
LK-1212370	Weweldeniya Pahalagama West	Weweldeniya Pahalagama West	gnd	215	7	181	7	1	0	0
LK-1212375	Henepola	Henepola	gnd	156	0	1	2	3	0	1
LK-1212380	Palmada	Palmada	gnd	58	0	146	1	8	0	1
LK-1212385	Kal/ Pallewela	Kal/Pallewela	gnd	304	14	0	1	0	0	0
LK-1212390	Raddalgoda	Raddalgoda	gnd	129	0	105	22	7	0	0
LK-1212395	Ihala Bokalagama	Ihala Bokalagama	gnd	113	1	196	22	12	0	0
LK-1212400	Pahala Bokalagama	Pahala Bokalagama	gnd	267	10	318	44	3	0	1
LK-1212405	Kukulnape	Kukulnape	gnd	137	0	64	8	0	0	0
LK-1212410	Gaspe South	Gaspe South	gnd	229	1	12	0	1	0	0
LK-1212415	Muddaragama	Muddaragama	gnd	282	3	0	0	1	0	0
LK-1212420	Hanchapola	Hanchapola	gnd	142	0	138	9	9	0	0
LK-1212425	Hirikuluwa	Hirikuluwa	gnd	159	0	25	1	5	0	0
LK-1212430	Pathagama	Pathagama	gnd	99	1	106	3	1	0	0
LK-1212435	Borukgamuwa West	Borukgamuwa West	gnd	177	0	74	6	2	0	0
LK-1212440	Borukgamuwa	Borukgamuwa	gnd	235	3	83	4	6	0	0
LK-1212445	Pallewela	Pallewela	gnd	133	3	72	1	0	0	0
LK-1212450	Weragoda/ Kakkele	Weragoda/Kakkele	gnd	264	2	90	4	0	0	0
LK-1212455	Hansagiriya	Hansagiriya	gnd	480	20	35	4	1	0	0
LK-1212460	Wellevilamulla North	Wellevilamulla North	gnd	282	3	0	0	0	0	0
LK-1212465	Wellevilamulla	Wellevilamulla	gnd	193	50	13	0	0	0	0
LK-1212470	Udawela	Udawela	gnd	332	8	69	13	6	0	0
LK-1212475	Hapitigama	Hapitigama	gnd	133	2	158	10	2	0	0
LK-1212480	Makkanigoda North	Makkanigoda North	gnd	253	14	211	4	2	0	0
LK-1212485	Pahalawela	Pahalawela	gnd	57	0	121	6	3	0	0
LK-1212490	Millawala	Millawala	gnd	204	6	118	21	11	0	2
LK-1212495	Weweldeniya Ihalagama West	Weweldeniya Ihalagama West	gnd	187	7	0	1	2	0	0
LK-1212500	Weweldeniya Ihalagama	Weweldeniya Ihalagama	gnd	238	3	0	1	0	0	0
LK-1212505	Kotadeniya	Kotadeniya	gnd	258	11	14	8	0	0	0
LK-1212510	Ilukpatha/ Weragoda	Ilukpatha/Weragoda	gnd	80	0	240	10	12	0	0
LK-1212515	Hedidenikanda	Hedidenikanda	gnd	101	6	102	3	3	0	0
LK-1212520	Radawadunna	Radawadunna	gnd	291	21	0	2	0	0	0
LK-1212525	Bataleeya	Bataleeya	gnd	146	2	157	11	15	0	0
LK-1212530	Bataleeya South	Bataleeya South	gnd	257	6	0	2	2	0	0
LK-1212535	Bolana	Bolana	gnd	91	11	128	9	3	0	1
LK-1212540	Mallehewa	Mallehewa	gnd	243	3	2	0	1	0	0
LK-1212545	Webadamulla	Webadamulla	gnd	617	12	1	0	1	0	2
LK-1212550	Weragoda	Weragoda	gnd	252	9	0	0	1	0	0
LK-1212555	Midellawala	Midellawala	gnd	103	4	30	1	1	0	0
LK-1212560	Kendalanda	Kendalanda	gnd	224	4	84	1	4	0	0
LK-1212565	Nungamuwa	Nungamuwa	gnd	227	9	130	14	1	0	0
LK-1212570	Uthuwanbogahawatta	Uthuwanbogahawatta	gnd	311	8	133	9	2	0	1
LK-1212575	Maligathenna Pahala	Maligathenna Pahala	gnd	325	3	131	12	19	0	0
LK-1212580	Maligathenna Central	Maligathenna Central	gnd	260	8	224	32	25	0	0
LK-1212585	Wandurawa	Wandurawa	gnd	335	4	143	21	12	0	0
LK-1212590	Galgamuwa West	Galgamuwa West	gnd	313	4	152	1	1	0	0
LK-1212595	Galgamuwa East	Galgamuwa East	gnd	165	3	112	11	0	0	0
LK-1212600	Kumbaloluwa	Kumbaloluwa	gnd	113	34	0	0	1	0	0
LK-1212605	Kumbaloluwa Ihala	Kumbaloluwa Ihala	gnd	259	24	53	3	4	0	0
LK-1212610	Kumbaloluwa Pahala	Kumbaloluwa Pahala	gnd	304	2	12	2	2	0	0
LK-1212615	Dumunnegedara South	Dumunnegedara South	gnd	74	4	97	36	0	0	0
LK-1212620	Dumunnegedara	Dumunnegedara	gnd	171	6	48	3	2	0	3
LK-1212625	Pasyala	Pasyala	gnd	208	2	89	14	4	0	0
LK-1212630	Pasyala West	Pasyala West	gnd	220	0	2	0	0	0	0
LK-1212635	Muruthawala	Muruthawala	gnd	170	5	1	1	2	0	0
LK-1212640	Kithanawatta	Kithanawatta	gnd	726	35	25	2	0	0	0
LK-1212645	Kammalpitiya	Kammalpitiya	gnd	267	12	103	7	6	0	0
LK-1212650	Radawadunna Central	Radawadunna Central	gnd	260	28	1	3	0	0	0
LK-1212655	Imbulgasovita	Imbulgasovita	gnd	101	10	133	36	3	1	1
LK-1212660	Radawadunna Pahala	Radawadunna Pahala	gnd	50	1	155	14	2	0	0
LK-1212665	Weerasooriyakanda	Weerasooriyakanda	gnd	462	19	5	2	7	0	1
LK-1212670	Pasyala East	Pasyala East	gnd	191	0	106	4	0	0	0
LK-1212675	Udugama	Udugama	gnd	303	7	129	5	1	0	0
LK-1212680	Panawala	Panawala	gnd	167	1	95	4	2	0	0
LK-1212685	Delgahamedilla	Delgahamedilla	gnd	307	0	69	6	0	0	0
LK-1212690	Mottunna West	Mottunna West	gnd	289	4	0	1	2	0	0
LK-1212695	Mottunna	Mottunna	gnd	228	11	1	0	0	0	0
LK-1212700	Maligathenna	Maligathenna	gnd	402	15	277	11	1	0	0
LK-1212705	Kureekotuwa	Kureekotuwa	gnd	588	12	348	15	3	1	0
LK-1212710	Hakwadunna	Hakwadunna	gnd	299	15	4	0	0	0	0
LK-1212715	Kureekotuwa Pahala	Kureekotuwa Pahala	gnd	254	12	0	1	0	0	0
LK-1212720	Ellalamulla	Ellalamulla	gnd	439	39	60	4	0	0	0
LK-1212725	Debahera	Debahera	gnd	114	2	225	18	8	0	0
LK-1212730	Mawathahena	Mawathahena	gnd	331	18	1	0	3	0	0
LK-1212735	Meevitiya	Meevitiya	gnd	197	1	286	24	1	0	0
LK-1212740	Ketakalapitiya	Ketakalapitiya	gnd	205	3	0	0	1	0	1
LK-1212745	Dambutuwa	Dambutuwa	gnd	287	1	1	0	0	0	0
LK-1215005	Medemulla North	Medemulla North	gnd	450	43	2	2	0	0	0
LK-1215010	Nilpanagoda West	Nilpanagoda West	gnd	325	23	91	34	9	0	1
LK-1215015	Nilpanagoda East	Nilpanagoda East	gnd	408	7	1	1	2	0	0
LK-1215020	Nilpanagoda	Nilpanagoda	gnd	730	10	42	7	6	0	0
LK-1215025	Arangawa	Arangawa	gnd	368	1	142	10	0	0	0
LK-1215030	Horampella North	Horampella North	gnd	392	7	190	8	2	0	1
LK-1215035	Galkanda	Galkanda	gnd	208	13	46	11	0	0	0
LK-1215040	Bodhipihituwala	Bodhipihituwala	gnd	211	4	348	19	11	0	0
LK-1215045	Watinapaha	Watinapaha	gnd	309	4	35	4	6	0	0
LK-1215050	Mabodala West	Mabodala West	gnd	462	14	103	7	1	0	0
LK-1215055	Mabodala North	Mabodala North	gnd	239	3	142	6	1	0	0
LK-1215060	Ihala Vithanamulla	Ihala Vithanamulla	gnd	341	6	9	0	1	0	0
LK-1215065	Nalapaha	Nalapaha	gnd	239	0	1	1	1	0	0
LK-1215070	Pahala Vithanamulla	Pahala Vithanamulla	gnd	204	0	18	6	1	0	0
LK-1215075	Mabodala East	Mabodala East	gnd	211	0	109	1	5	0	0
LK-1215080	Mabodala South	Mabodala South	gnd	214	6	3	15	4	0	0
LK-1215085	Watinapaha South	Watinapaha South	gnd	322	19	31	4	1	0	0
LK-1215090	Wankepumulla	Wankepumulla	gnd	134	1	0	0	1	0	0
LK-1215095	Kamaragoda	Kamaragoda	gnd	226	3	116	18	12	1	0
LK-1215100	Kudagoda	Kudagoda	gnd	172	1	143	11	2	0	0
LK-1215105	Horampella South	Horampella South	gnd	167	4	171	13	0	0	0
LK-1215110	Mahagama	Mahagama	gnd	338	25	166	46	14	0	0
LK-1215115	Wegowwa South	Wegowwa South	gnd	322	7	139	41	4	0	0
LK-1215120	Minuwangoda East	Minuwangoda East	gnd	486	4	63	9	1	0	0
LK-1215125	Minuwangoda North	Minuwangoda North	gnd	268	12	16	2	1	0	0
LK-1215130	Medemulla South	Medemulla South	gnd	787	31	127	10	9	0	1
LK-1215135	Boragodawatta North	Boragodawatta North	gnd	474	20	94	9	3	0	0
LK-1215140	Yatiyana	Yatiyana	gnd	712	19	98	5	8	0	0
LK-1215145	Peellawatta	Peellawatta	gnd	431	13	222	81	3	0	1
LK-1215150	Unnaruwa	Unnaruwa	gnd	287	1	174	32	2	0	0
LK-1215155	Yatiyana Central	Yatiyana Central	gnd	364	20	60	16	6	0	0
LK-1215160	Yatiyana East	Yatiyana East	gnd	546	16	90	22	8	0	0
LK-1215165	Kopiwatta	Kopiwatta	gnd	206	10	172	33	7	0	0
LK-1215170	Boragodawatta South	Boragodawatta South	gnd	422	16	131	35	4	0	0
LK-1215175	Minuwangoda West	Minuwangoda West	gnd	314	21	8	10	0	0	0
LK-1215180	Meda Minuwangoda	Meda Minuwangoda	gnd	163	35	26	10	7	0	0
LK-1215185	Pansilgoda	Pansilgoda	gnd	189	3	155	13	0	0	0
LK-1215190	Wegowwa East	Wegowwa East	gnd	238	9	0	10	3	0	0
LK-1215195	Helakandana	Helakandana	gnd	590	19	21	11	3	0	0
LK-1215200	Peralanda	Peralanda	gnd	169	0	117	23	2	0	0
LK-1215205	Dewalapola	Dewalapola	gnd	472	7	50	8	2	0	0
LK-1215210	Wadumulla	Wadumulla	gnd	300	5	109	0	4	0	1
LK-1215215	Metikotumulla	Metikotumulla	gnd	258	14	96	3	5	0	0
LK-1215220	Essella	Essella	gnd	154	2	48	2	1	0	0
LK-1215225	Yatagama	Yatagama	gnd	178	0	108	3	4	0	0
LK-1215230	Naiwala North	Naiwala North	gnd	302	6	133	8	8	0	0
LK-1215235	Naiwala East	Naiwala East	gnd	323	18	109	12	6	0	0
LK-1215240	Naiwala West	Naiwala West	gnd	362	10	23	7	1	1	0
LK-1215245	Walpitamulla	Walpitamulla	gnd	728	6	79	4	0	0	0
LK-1215250	Balabowa	Balabowa	gnd	334	7	183	8	10	0	0
LK-1215255	Balabowa West	Balabowa West	gnd	488	12	96	7	4	0	0
LK-1215260	Pethiyagoda North	Pethiyagoda North	gnd	279	10	0	0	1	0	0
LK-1215265	Gallegedara	Gallegedara	gnd	312	4	0	0	7	0	0
LK-1215270	Ganihimulla	Ganihimulla	gnd	284	2	173	19	42	1	0
LK-1215275	Hendimahara	Hendimahara	gnd	381	1	102	7	12	0	0
LK-1215280	Kalawana	Kalawana	gnd	330	17	98	16	2	0	0
LK-1215285	Wattegedara	Wattegedara	gnd	275	3	36	10	1	0	0
LK-1215290	Ambagahawatta	Ambagahawatta	gnd	223	0	47	4	1	0	0
LK-1215295	Galloluwa East	Galloluwa East	gnd	569	20	107	14	5	0	0
LK-1215300	Galloluwa	Galloluwa	gnd	867	33	61	7	5	0	0
LK-1215305	Kalahugoda	Kalahugoda	gnd	246	3	183	30	18	0	0
LK-1215310	Polwatta West	Polwatta west	gnd	281	29	44	20	6	0	1
LK-1215315	Polwatta East	Polwatta East	gnd	132	2	209	21	12	0	0
LK-1215320	Pattanduwana North	Pattanduwana North	gnd	194	12	77	32	0	0	0
LK-1215325	Ellangala	Ellangala	gnd	107	0	100	8	1	0	0
LK-1215330	Burullapitiya	Burullapitiya	gnd	233	4	32	13	9	4	0
LK-1215335	Mathammana	Mathammana	gnd	410	3	130	14	4	0	0
LK-1215340	Weediyawatta East	Weediyawatta East	gnd	443	6	9	4	3	0	0
LK-1215345	Goigama	Goigama	gnd	325	0	5	2	5	0	0
LK-1215350	Ihala Udugampala	Ihala Udugampala	gnd	434	8	123	2	3	0	0
LK-1215355	Pethiyagoda South	Pethiyagoda South	gnd	318	12	0	0	0	0	0
LK-1215360	Korase	Korase	gnd	263	7	62	9	4	0	3
LK-1215365	Korase Meda	Korase Meda	gnd	274	19	155	22	12	0	0
LK-1215370	Marapola	Marapola	gnd	711	15	66	1	3	0	0
LK-1215375	Vigoda	Vigoda	gnd	598	18	1	2	1	0	0
LK-1215380	Doranagoda East	Doranagoda East	gnd	362	5	2	0	1	0	0
LK-1215385	Korase East	Korase East	gnd	127	7	127	5	1	0	0
LK-1215390	Doranagoda North	Doranagoda North	gnd	254	3	169	10	12	0	0
LK-1215395	Doranagoda West	Doranagoda West	gnd	281	6	81	4	2	0	0
LK-1215400	Pahala Udugampola East	Pahala Udugampola East	gnd	542	16	20	1	4	0	0
LK-1215405	Pahala Udugampola North	Pahala Udugampola North	gnd	434	9	69	12	5	0	0
LK-1215410	Pahala Udugampola West	Pahala Udugampola West	gnd	411	3	82	6	7	0	0
LK-1215415	Weediyawatta West	Weediyawatta West	gnd	645	8	80	4	9	0	0
LK-1215420	Welhena	Welhena	gnd	338	17	131	11	9	0	0
LK-1215425	Weliya	Weliya	gnd	330	12	90	3	2	0	0
LK-1215430	Pattanduwana	Pattanduwana	gnd	298	17	64	12	0	0	0
LK-1215435	Pattanduwana West	Pattanduwana West	gnd	332	15	75	12	2	0	0
LK-1215440	Yagodamulla North	Yagodamulla North	gnd	420	5	171	75	0	0	0
LK-1215445	Yagodamulla	Yagodamulla	gnd	300	9	41	4	2	0	0
LK-1215450	Uggalboda West	Uggalboda West	gnd	316	7	173	32	26	0	0
LK-1215455	Uggalboda	Uggalboda	gnd	463	2	6	3	5	0	0
LK-1215460	Kehelbaddara West	Kehelbaddara West	gnd	410	6	74	5	1	0	0
LK-1215465	Kehelbaddara East	Kehelbaddara East	gnd	408	2	98	7	2	0	0
LK-1215470	Pahala Udugampola South	Pahala Udugampola South	gnd	345	5	64	4	0	0	0
LK-1215475	Asgiriwalpola North	Asgiriwalpola North	gnd	420	6	57	12	0	0	0
LK-1215480	Dombawala	Dombawala	gnd	487	12	32	2	2	0	0
LK-1215485	Pedipola	Pedipola	gnd	392	10	48	0	3	0	0
LK-1215490	Doranagoda South	Doranagoda South	gnd	531	6	52	6	1	0	0
LK-1215495	Wathumulla	Wathumulla	gnd	640	21	110	10	8	0	0
LK-1215500	Asgiriya North	Asgiriya North	gnd	463	13	40	7	1	0	0
LK-1215505	Asgiriya South	Asgiriya South	gnd	536	13	7	3	0	0	0
LK-1215510	Asgiriya	Asgiriya	gnd	385	14	16	0	1	0	0
LK-1215515	Asgiriya West	Asgiriya West	gnd	325	8	44	11	0	0	1
LK-1215520	Asgiriwalpola South	Asgiriwalpola South	gnd	461	12	139	22	1	0	0
LK-1215525	Asgiriwalpola West	Asgiriwalpola West	gnd	416	10	121	15	5	0	0
LK-1215530	Madelgamuwa East	Madelgamuwa East	gnd	227	5	100	4	1	0	0
LK-1215535	Batapotha	Batapotha	gnd	595	26	53	22	2	0	1
LK-1215540	Nedagamuwa North	Nedagamuwa North	gnd	475	16	49	2	0	0	1
LK-1215545	Nedagamuwa South	Nedagamuwa South	gnd	265	15	57	9	4	0	0
LK-1215550	Nedagamuwa West	Nedagamuwa West	gnd	491	15	55	5	1	1	0
LK-1215555	Arachchiwatta	Arachchiwatta	gnd	59	8	167	14	1	0	0
LK-1215560	Yagodamulla South	Yagodamulla South	gnd	280	14	72	22	5	0	0
LK-1215565	Samurdhigama	Samurdhigama	gnd	267	6	47	3	0	0	0
LK-1215570	Opatha	Opatha	gnd	460	49	87	102	23	0	0
LK-1215575	Kotugoda 2	Kotugoda 2	gnd	229	13	100	55	1	0	0
LK-1215580	Kotugoda 1	Kotugoda 1	gnd	288	3	28	2	0	0	0
LK-1215585	Maduruvita	Maduruvita	gnd	241	2	248	19	2	0	0
LK-1215590	Siyambalapitiya	Siyambalapitiya	gnd	432	9	136	5	3	0	0
LK-1215595	Madelgamuwa West	Madelgamuwa West	gnd	307	34	91	6	1	0	0
LK-1215600	Thammita West	Thammita West	gnd	243	2	32	7	1	0	0
LK-1215605	Thammita	Thammita	gnd	323	8	106	14	0	0	0
LK-1218005	Pamunugama	Pamunugama	gnd	579	21	100	3	2	0	0
LK-1218010	Maha Pamunugama	Maha Pamunugama	gnd	404	3	80	15	10	0	1
LK-1218015	Delathura West	Delathura West	gnd	529	33	141	17	9	0	3
LK-1218020	Delathura East	Delathura East	gnd	343	7	45	4	0	0	0
LK-1218025	Bopitiyathuduwa	Bopitiyathuduwa	gnd	549	13	46	0	0	0	0
LK-1218030	Bopitiya	Bopitiya	gnd	668	6	1	2	2	0	0
LK-1218035	Pulluhena	Pulluhena	gnd	501	5	2	0	0	0	0
LK-1218040	Paranambalama	Paranambalama	gnd	671	36	92	8	10	0	3
LK-1218045	Nugape	Nugape	gnd	318	10	96	1	0	0	0
LK-1218050	Kunjawatta	Kunjawatta	gnd	849	9	92	9	3	0	1
LK-1218055	Mangulpokuna	Mangulpokuna	gnd	1105	18	79	13	0	0	0
LK-1218060	Elehiwatta	Elehiwatta	gnd	1143	32	64	63	0	0	1
LK-1218065	Welisara	Welisara	gnd	1143	16	10	3	1	0	0
LK-1218070	Pattiyawala	Pattiyawala	gnd	1088	70	255	42	15	0	3
LK-1218075	Uswetakeiyawa	Uswetakeiyawa	gnd	1002	20	120	4	2	0	0
LK-1218080	Mahabage	Mahabage	gnd	1009	8	54	4	3	0	0
LK-1218085	Elapitiwala	Elapitiwala	gnd	1234	59	61	8	8	0	0
LK-1218090	Horapethuduwa	Horapethuduwa	gnd	531	12	51	5	0	0	0
LK-1218095	Horape	Horape	gnd	600	2	25	0	1	0	0
LK-1218100	Kurukulawa North	Kurukulawa North	gnd	775	11	3	0	0	0	0
LK-1218105	Kurukulawa South	Kurukulawa South	gnd	707	16	8	0	2	0	0
LK-1218110	Heenkenda	Heenkenda	gnd	923	18	6	2	4	0	0
LK-1218115	Thuduwegedara	Thuduwegedara	gnd	614	28	79	13	4	0	0
LK-1218120	Galudupita	Galudupita	gnd	1186	12	0	5	0	0	0
LK-1218125	Mattumagala	Mattumagala	gnd	1404	46	65	46	10	0	0
LK-1218130	Kerangapokuna	Kerangapokuna	gnd	739	26	20	1	2	0	0
LK-1218135	Kerawalapitiya	Kerawalapitiya	gnd	3016	78	388	77	20	2	2
LK-1218140	Matagoda	Matagoda	gnd	1811	19	244	24	2	0	0
LK-1218145	Balagala	Balagala	gnd	2097	56	127	19	15	0	1
LK-1218150	Dikovita	Dikovita	gnd	395	0	27	2	1	0	0
LK-1218155	Palliyawatta North	Palliyawatta North	gnd	1158	47	62	31	11	11	2
LK-1218160	Elakanda	Elakanda	gnd	745	10	0	0	0	0	0
LK-1218165	Nayakakanda North	Nayakakanda North	gnd	592	7	12	0	0	0	1
LK-1218170	Mabola	Mabola	gnd	907	27	3	2	0	2	0
LK-1218175	Welikadamulla	Welikadamulla	gnd	2335	21	66	10	4	0	1
LK-1218180	Wattala	Wattala	gnd	820	5	3	3	0	0	2
LK-1218185	Hendala North	Hendala North	gnd	1140	31	39	9	1	0	0
LK-1218190	Hendala South	Hendala South	gnd	1117	17	13	10	15	0	0
LK-1218195	Nayakakanda South	Nayakakanda South	gnd	762	4	51	3	0	0	0
LK-1218200	Thimbirigasyaya	Thimbirigasyaya	gnd	1227	2	2	0	1	0	0
LK-1218205	Palliyawatta South	Palliyawatta South	gnd	963	32	6	5	0	0	0
LK-1218210	Kurunduhena	Kurunduhena	gnd	832	4	85	12	1	0	1
LK-1218215	Evariwatta	Evariwatta	gnd	1191	4	23	7	1	12	0
LK-1218220	Telangapatha	Telangapatha	gnd	1163	24	12	7	2	0	0
LK-1218225	Galwetiya	Galwetiya	gnd	660	24	12	19	4	0	0
LK-1218230	Hekitta	Hekitta	gnd	1265	35	5	7	1	0	0
LK-1221005	Mahawatta	Mahawatta	gnd	2795	57	392	37	5	0	1
LK-1221010	Dandugama	Dandugama	gnd	576	11	248	17	2	0	1
LK-1221015	Dehiyagatha North	Dehiyagatha North	gnd	471	57	2	0	1	0	0
LK-1221020	Kudahakapola North	Kudahakapola North	gnd	505	8	1	1	3	0	0
LK-1221025	Gallawatta	Gallawatta	gnd	1299	88	189	82	3	1	0
LK-1221030	Ekala	Ekala	gnd	768	127	46	93	14	0	0
LK-1221035	Dehiyagatha South	Dehiyagatha South	gnd	297	16	0	0	0	0	0
LK-1221040	Kudahakapola South	Kudahakapola South	gnd	422	7	57	8	2	0	0
LK-1221045	Ekala Kurunduwatta	Ekala Kurunduwatta	gnd	566	72	2	2	1	0	0
LK-1221050	Vishakawatta	Vishakawatta	gnd	777	56	238	186	7	0	0
LK-1221055	Thudella North	Thudella North	gnd	658	7	21	0	0	0	0
LK-1221060	Thudella West	Thudella West	gnd	816	19	123	31	15	0	2
LK-1221065	Thudella South	Thudella South	gnd	393	10	5	1	1	0	0
LK-1221070	Kanuwana	Kanuwana	gnd	589	62	109	9	4	1	2
LK-1221075	Alexendrawatta	Alexendrawatta	gnd	1223	76	170	86	24	0	0
LK-1221080	Bandigoda	Bandigoda	gnd	968	20	18	6	1	0	0
LK-1221085	Yakkaduwa	Yakkaduwa	gnd	830	41	192	8	3	0	1
LK-1221090	Nivandama North	Nivandama North	gnd	899	20	136	6	2	0	1
LK-1221095	Nivandama South	Nivandama South	gnd	891	12	62	9	1	0	0
LK-1221100	Batagama North	Batagama North	gnd	1084	22	20	0	0	0	0
LK-1221105	Maeliya	Maeliya	gnd	964	8	163	27	5	0	0
LK-1221110	Ja-Ela	Ja-Ela	gnd	545	17	48	15	3	0	0
LK-1221115	Weligampitiya North	Weligampitiya North	gnd	525	5	1	0	0	0	0
LK-1221120	Indivitiya	Indivitiya	gnd	718	6	79	14	13	1	1
LK-1221125	Wewala	Wewala	gnd	1009	18	64	4	0	0	0
LK-1221130	Weligampitiya South	Weligampitiya South	gnd	856	96	133	91	22	0	0
LK-1221135	Thumpeliya	Thumpeliya	gnd	803	47	3	13	0	0	1
LK-1221140	Indiminna	Indiminna	gnd	925	27	13	0	0	0	0
LK-1221145	Dolahena	Dolahena	gnd	537	10	176	15	2	0	0
LK-1221150	Hapugoda West	Hapugoda West	gnd	475	5	1	23	0	0	0
LK-1221155	Kapuwatta	Kapuwatta	gnd	1535	40	52	12	2	0	0
LK-1221160	Kalaeliya	Kalaeliya	gnd	529	11	153	9	5	0	0
LK-1221165	Nedurupitiya	Nedurupitiya	gnd	622	16	8	4	0	0	0
LK-1221170	Rilavulla	Rilavulla	gnd	795	8	19	0	0	0	0
LK-1221175	Kandana East	Kandana East	gnd	236	4	0	3	0	0	0
LK-1221180	Kandana West	Kandana West	gnd	418	13	33	8	0	0	0
LK-1221185	Uswatta	Uswatta	gnd	859	20	115	17	1	0	0
LK-1221190	Hapugoda Central	Hapugoda Central	gnd	547	56	11	2	0	0	1
LK-1221195	Batagama South	Batagama South	gnd	849	5	93	1	0	0	0
LK-1221200	Polpitimookalana	Polpitimookalana	gnd	1496	19	48	9	0	0	2
LK-1221205	Batuwatta West	Batuwatta West	gnd	1039	29	81	10	5	0	0
LK-1221210	Batuwatta East	Batuwatta East	gnd	988	21	69	4	4	1	0
LK-1221215	Walpola East	Walpola East	gnd	964	35	210	6	6	2	0
LK-1221220	Jayasrigama	Jayasrigama	gnd	1037	8	111	4	1	3	0
LK-1221225	Hapugoda East	Hapugoda East	gnd	598	83	148	4	1	0	1
LK-1221230	Nagoda	Nagoda	gnd	1002	0	4	0	1	0	0
LK-1221235	Jayasamarugama	Jayasamarugama	gnd	1335	94	34	8	1	1	0
LK-1221240	Peralanda	Peralanda	gnd	1613	7	3	2	0	1	0
LK-1221245	Podiveekumbura	Podiveekumbura	gnd	1486	25	67	3	5	4	0
LK-1221250	Walpola West	Walpola West	gnd	1148	33	90	13	1	0	0
LK-1221255	Narangodapaluwa West	Narangodapaluwa West	gnd	973	15	121	2	4	1	0
LK-1221260	Narangodapaluwa East	Narangodapaluwa East	gnd	1184	25	45	7	3	0	0
LK-1221265	Thewatta	Thewatta	gnd	990	22	81	13	1	0	0
LK-1221270	Ragama	Ragama	gnd	956	58	48	11	31	0	0
LK-1221275	Ketagewatta	Ketagewatta	gnd	741	15	217	30	3	1	0
LK-1221280	Dambuwa	Dambuwa	gnd	999	45	78	15	1	0	1
LK-1221285	Rampitiya	Rampitiya	gnd	897	27	20	8	5	1	0
LK-1224005	Makevita North	Makevita North	gnd	343	17	143	3	1	0	0
LK-1224010	Makevita South	Makevita South	gnd	394	4	38	3	0	1	0
LK-1224015	Mabima	Mabima	gnd	441	24	6	0	0	0	0
LK-1224020	Gonagaha II	Gonagaha II	gnd	325	4	121	3	0	0	0
LK-1224025	Welikada	Welikada	gnd	313	18	1	2	1	0	0
LK-1224030	Gonagaha I	Gonagaha i	gnd	166	14	65	20	0	0	0
LK-1224035	Ambanvita	Ambanvita	gnd	196	7	1	0	0	0	0
LK-1224040	Kirindivita	Kirindivita	gnd	203	0	66	7	3	0	0
LK-1224045	Akaravita	Akaravita	gnd	420	2	54	5	4	0	1
LK-1224050	Pahalagama	Pahalagama	gnd	307	5	74	7	3	0	0
LK-1224055	Medagama II	Medagama ii	gnd	466	2	58	7	4	2	0
LK-1224060	Ihalagama West	Ihalagama West	gnd	474	10	61	13	3	0	1
LK-1224065	Ihalagama East	Ihalagama East	gnd	428	4	157	13	5	1	0
LK-1224070	Gampaha Aluthgama North	Gampaha Aluthgama North	gnd	535	6	91	4	0	0	0
LK-1224075	Karanekamulla	Karanekamulla	gnd	199	1	0	1	0	0	0
LK-1224080	Baduwathugoda	Baduwathugoda	gnd	220	18	83	7	3	1	1
LK-1224085	Boraliyawatha	Boraliyawatha	gnd	280	9	73	1	4	1	0
LK-1224090	Thittalapitigoda	Thittalapitigoda	gnd	221	11	119	7	5	0	1
LK-1224095	Aluthgama Bogamuwa North	Aluthgama Bogamuwa North	gnd	979	23	110	9	2	0	1
LK-1224100	Aluthgama Bogamuwa South	Aluthgama Bogamuwa South	gnd	617	6	0	3	0	0	0
LK-1224105	Mahipalagoda	Mahipalagoda	gnd	403	5	70	1	3	0	0
LK-1224110	Morenna	Morenna	gnd	310	6	95	4	0	0	0
LK-1224115	Weediyawatta	Weediyawatta	gnd	376	4	0	4	0	0	0
LK-1224120	Keselwathugoda North	Keselwathugoda North	gnd	641	1	177	15	3	0	1
LK-1224125	Indigolla	Indigolla	gnd	438	19	18	14	5	0	0
LK-1224130	Gampaha Aluthgama West	Gampaha Aluthgama West	gnd	590	1	9	2	10	2	0
LK-1224135	Bendiyamulla North	Bendiyamulla North	gnd	451	1	18	0	0	0	0
LK-1224140	Medagama IV	Medagama iv	gnd	365	9	11	3	2	21	0
LK-1224145	Medagama III	Medagama iii	gnd	323	2	0	0	0	0	0
LK-1224150	Medagama I	Medagama i	gnd	54	0	1	0	0	0	0
LK-1224155	Oruthota South	Oruthota South	gnd	365	17	87	21	0	0	0
LK-1224160	Kosovita	Kosovita	gnd	268	22	76	5	0	0	0
LK-1224165	Rathmalavita	Rathmalavita	gnd	173	9	0	0	2	0	0
LK-1224170	Makilangamuwa	Makilangamuwa	gnd	270	0	54	3	2	0	0
LK-1224175	Horagolla North	Horagolla North	gnd	723	9	23	0	0	0	0
LK-1224180	Thibbotugoda	Thibbotugoda	gnd	525	11	73	0	0	0	1
LK-1224185	Midellavita	Midellavita	gnd	136	1	35	3	1	0	1
LK-1224190	Kudabollatha	Kudabollatha	gnd	327	5	166	10	4	0	0
LK-1224195	Bollatha North	Bollatha North	gnd	733	9	80	3	1	0	0
LK-1224200	Wewel Agara	Wewel Agara	gnd	93	1	87	1	3	0	0
LK-1224205	Bollatha West	Bollatha West	gnd	350	24	28	1	0	0	0
LK-1224210	Bollatha South	Bollatha South	gnd	777	16	85	16	3	0	0
LK-1224215	Bulugahagoda West	Bulugahagoda West	gnd	363	8	36	1	0	0	1
LK-1224220	Bulugahagoda East	Bulugahagoda East	gnd	265	2	32	1	0	0	0
LK-1224225	Galahitiyawa North	Galahitiyawa North	gnd	799	17	100	8	13	0	0
LK-1224230	Horagolla South	Horagolla South	gnd	520	5	13	2	1	0	0
LK-1224235	Neduna	Neduna	gnd	338	4	0	1	0	0	0
LK-1224240	Pahala Yagoda	Pahala Yagoda	gnd	624	6	0	1	1	0	0
LK-1224245	Oruthota North	Oruthota North	gnd	376	14	66	3	2	0	0
LK-1224250	Moragoda 1	Moragoda 1	gnd	326	12	14	0	1	1	0
LK-1224255	Bendiyamulla West	Bendiyamulla West	gnd	822	14	2	1	0	0	0
LK-1224260	Kidagammulla	Kidagammulla	gnd	418	8	116	10	1	0	1
LK-1224265	Bendiyamulla East	Bendiyamulla East	gnd	575	4	0	0	0	0	0
LK-1224270	Gampaha Aluthgama East	Gampaha Aluthgama East	gnd	961	13	3	0	0	0	0
LK-1224275	Keselwathugoda South	Keselwathugoda South	gnd	338	0	0	0	0	0	0
LK-1224280	Yakkala North	Yakkala North	gnd	1051	3	22	3	1	0	0
LK-1224285	Galthotamulla	Galthotamulla	gnd	229	2	85	20	1	0	0
LK-1224290	Yakkala West	Yakkala West	gnd	536	13	1	2	3	0	0
LK-1224295	Pepolgasdeniya	Pepolgasdeniya	gnd	519	11	121	11	4	0	0
LK-1224300	Yakkala East	Yakkala East	gnd	358	1	17	4	1	1	1
LK-1224305	Yakkala South	Yakkala South	gnd	569	3	4	6	3	0	0
LK-1224310	Henarathgoda	Henarathgoda	gnd	739	0	36	8	2	0	0
LK-1224315	Mudungoda West	Mudungoda West	gnd	243	5	12	0	0	0	0
LK-1224320	Moragoda 2	Moragoda 2	gnd	468	4	26	0	6	0	0
LK-1224325	Ihala Yagoda North	Ihala Yagoda North	gnd	639	13	90	11	2	0	1
LK-1224330	Mahena	Mahena	gnd	735	24	137	17	1	0	0
LK-1224335	Ganemulla South	Ganemulla South	gnd	1313	12	215	18	4	0	0
LK-1224340	Ganemulla North	Ganemulla North	gnd	536	1	102	18	18	0	0
LK-1224345	Galahitiyawa East	Galahitiyawa East	gnd	466	8	105	15	0	0	0
LK-1224350	Galahitiyawa South	Galahitiyawa South	gnd	773	8	247	15	3	0	0
LK-1224355	Kossinna East	Kossinna East	gnd	535	4	68	2	2	0	0
LK-1224360	Amunugoda North	Amunugoda North	gnd	910	10	102	15	4	0	1
LK-1224365	Ihala Yagoda South	Ihala Yagoda South	gnd	579	2	252	7	6	0	0
LK-1224370	Mudungoda South	Mudungoda South	gnd	397	52	58	38	4	0	1
LK-1224375	Mudungoda North	Mudungoda North	gnd	435	7	4	4	3	0	0
LK-1224380	Godagedara	Godagedara	gnd	429	4	133	23	15	1	0
LK-1224385	Rathupaswala	Rathupaswala	gnd	682	41	192	50	12	0	0
LK-1224390	Galloluwa	Galloluwa	gnd	601	13	42	4	6	0	1
LK-1224395	Belummahara	Belummahara	gnd	855	11	80	6	1	0	0
LK-1224400	Ihala Imbulgoda North	Ihala Imbulgoda North	gnd	445	9	10	0	0	0	0
LK-1224405	Ihala Imbulgoda South	Ihala Imbulgoda South	gnd	601	1	63	10	0	1	0
LK-1224410	Pahala Imbulgoda South	Pahala Imbulgoda South	gnd	614	18	132	7	3	0	2
LK-1224415	Pahala Imbulgoda West	Pahala Imbulgoda West	gnd	836	33	29	6	4	0	1
LK-1224420	Amunugoda South	Amunugoda South	gnd	293	2	197	14	12	0	0
LK-1224425	Parakandeniya North 1	Parakandeniya North 1	gnd	587	5	0	2	0	0	0
LK-1224430	Kossinna West 1	Kossinna West 1	gnd	533	14	1	3	2	0	0
LK-1224435	Katuwalamulla North	Katuwalamulla North	gnd	461	4	62	3	2	1	0
LK-1224440	Kossinna West 2	Kossinna West 2	gnd	559	3	70	7	3	0	0
LK-1224445	Katuwalamulla South	Katuwalamulla South	gnd	437	0	45	0	5	0	0
LK-1224450	Parakandeniya North 2	Parakandeniya North 2	gnd	432	15	100	9	4	0	0
LK-1224455	Parakandeniya	Parakandeniya	gnd	537	2	67	1	0	0	0
LK-1224460	Pahala Imbulgoda East	Pahala Imbulgoda East	gnd	238	2	77	0	0	0	1
LK-1224465	Embaraluwa North 2	Embaraluwa North 2	gnd	431	26	2	5	2	0	0
LK-1224470	Embaraluwa North 1	Embaraluwa North 1	gnd	526	22	112	12	3	0	0
LK-1224475	Weliweriya West	Weliweriya West	gnd	648	5	152	18	13	0	0
LK-1224480	Nedungamuwa	Nedungamuwa	gnd	546	26	63	15	3	0	0
LK-1224485	Weliweriya East	Weliweriya East	gnd	590	36	56	9	2	0	0
LK-1224490	Weliweriya North	Weliweriya North	gnd	702	2	99	11	0	0	0
LK-1224495	Weliweriya South	Weliweriya South	gnd	420	38	39	3	0	0	0
LK-1224500	Embaraluwa South 1	Embaraluwa South 1	gnd	441	13	113	7	8	0	0
LK-1224505	Embaraluwa South 2	Embaraluwa South 2	gnd	785	34	80	10	0	0	0
LK-1227005	Eluwapitiya West	Eluwapitiya West	gnd	367	5	1	0	1	0	1
LK-1227010	Eluwapitiya	Eluwapitiya	gnd	384	18	72	6	6	0	0
LK-1227015	Hiripitiya West	Hiripitiya West	gnd	332	5	75	11	1	0	0
LK-1227020	Hiripitiya North	Hiripitiya North	gnd	281	8	118	20	4	0	0
LK-1227025	Hiripitiya Central	Hiripitiya Central	gnd	105	3	9	3	0	0	0
LK-1227030	Hiripitiya East	Hiripitiya East	gnd	261	9	78	4	0	0	0
LK-1227035	Thalgasmote West	Thalgasmote West	gnd	142	4	65	10	0	0	0
LK-1227040	Thalgasmote	Thalgasmote	gnd	131	1	49	0	4	0	0
LK-1227045	Thalgasmote East	Thalgasmote East	gnd	229	0	17	0	0	1	1
LK-1227050	Udammita	Udammita	gnd	275	13	48	2	1	0	0
LK-1227055	Humbutiyawa West	Humbutiyawa West	gnd	185	2	72	19	3	0	0
LK-1227060	Humbutiyawa	Humbutiyawa	gnd	255	3	28	6	1	0	0
LK-1227065	Parana Veyangoda	Parana Veyangoda	gnd	272	1	46	2	9	0	0
LK-1227070	Kongasdeniya	Kongasdeniya	gnd	218	3	0	1	0	0	0
LK-1227075	Wedagama	Wedagama	gnd	292	2	48	4	1	0	0
LK-1227080	Kalalpitiya	Kalalpitiya	gnd	605	6	178	5	4	0	0
LK-1227085	Nawagamuwa	Nawagamuwa	gnd	144	0	82	9	2	0	0
LK-1227090	Napagoda	Napagoda	gnd	213	1	98	3	6	0	0
LK-1227095	Nittambuwa South	Nittambuwa South	gnd	206	1	26	2	0	0	0
LK-1227100	Nittambuwa North	Nittambuwa North	gnd	195	26	0	2	0	0	0
LK-1227105	Nittambuwa East	Nittambuwa East	gnd	215	5	3	0	0	0	0
LK-1227110	Kolawatta	Kolawatta	gnd	252	1	0	0	0	0	0
LK-1227115	Pattalagedara East	Pattalagedara East	gnd	415	2	6	5	2	2	0
LK-1227120	Pattalagedara	Pattalagedara	gnd	498	2	61	25	0	0	0
LK-1227125	Hiripitiya South	Hiripitiya South	gnd	225	2	35	0	0	56	0
LK-1227130	Wataddara	Wataddara	gnd	294	3	68	9	2	0	0
LK-1227135	Wataddara West	Wataddara West	gnd	406	6	43	3	0	0	0
LK-1227140	Magalegoda	Magalegoda	gnd	383	5	35	1	0	0	0
LK-1227145	Magalegoda South	Magalegoda South	gnd	405	6	54	1	3	0	1
LK-1227150	Heendeniya	Heendeniya	gnd	157	3	63	10	6	0	0
LK-1227155	Pattigoda	Pattigoda	gnd	162	3	74	15	7	0	0
LK-1227160	Wataddara South	Wataddara South	gnd	235	19	17	1	0	0	0
LK-1227165	Hiripitiya Pahala	Hiripitiya Pahala	gnd	104	5	58	4	2	0	0
LK-1227170	Danvilana	Danvilana	gnd	183	7	1	0	1	0	0
LK-1227175	Dadagamuwa East	Dadagamuwa East	gnd	315	4	0	0	0	0	0
LK-1227180	Pinnagolla	Pinnagolla	gnd	338	52	99	26	2	0	0
LK-1227185	Egoda Nittambuwa	Egoda Nittambuwa	gnd	184	8	24	1	1	0	0
LK-1227190	Horagollagama	Horagollagama	gnd	209	4	251	18	2	0	0
LK-1227195	Nambadaluwa West	Nambadaluwa West	gnd	83	0	17	8	1	0	0
LK-1227200	Nambadaluwa East	Nambadaluwa East	gnd	371	1	119	0	0	2	0
LK-1227205	Ranpokunagama A Zone	Ranpokunagama A Zone	gnd	419	5	1	0	0	0	0
LK-1227210	Ellakkala West	Ellakkala West	gnd	723	15	141	9	2	6	0
LK-1227215	Maimbula	Maimbula	gnd	486	11	76	3	3	0	0
LK-1227220	Ranpokunagama	Ranpokunagama	gnd	311	2	0	0	0	0	0
LK-1227225	Ranpokunagama D Zone	Ranpokunagama D Zone	gnd	322	0	0	0	0	0	0
LK-1227230	Ranpokunagama C Zone	Ranpokunagama C Zone	gnd	104	0	0	0	0	0	0
LK-1227235	Ranpokunagama B Zone	Ranpokunagama B Zone	gnd	385	0	20	2	0	0	0
LK-1227240	Maduwegedara	Maduwegedara	gnd	548	13	104	57	2	0	0
LK-1227245	Yatiyana	Yatiyana	gnd	314	1	155	9	0	0	0
LK-1227250	Orchardwatta North	Orchardwatta North	gnd	155	5	75	22	47	0	0
LK-1227255	Malwatta	Malwatta	gnd	658	12	11	2	0	0	0
LK-1227260	Thihariya North	Thihariya North	gnd	378	5	199	28	1	0	0
LK-1227265	Katuwasgoda West	Katuwasgoda West	gnd	112	2	100	35	1	0	0
LK-1227270	Katuwasgoda	Katuwasgoda	gnd	104	1	151	23	28	0	0
LK-1227275	Dadagamuwa	Dadagamuwa	gnd	310	9	38	1	3	0	0
LK-1227280	Mudagamuwa	Mudagamuwa	gnd	300	10	0	1	0	0	0
LK-1227285	Bandarabatawala	Bandarabatawala	gnd	253	2	22	1	1	0	0
LK-1227290	Pitiyegedara	Pitiyegedara	gnd	242	6	41	6	0	0	0
LK-1227295	Daraluwa	Daraluwa	gnd	188	0	9	2	4	0	0
LK-1227300	Bemmulla	Bemmulla	gnd	372	22	30	0	1	0	0
LK-1227305	Kandaoluwawa	Kandaoluwawa	gnd	302	3	154	13	3	0	0
LK-1227310	Raniswala	Raniswala	gnd	141	3	93	12	0	0	0
LK-1227315	Sapugasthenna	Sapugasthenna	gnd	691	9	9	6	0	0	0
LK-1227320	Thiriwanegama South	Thiriwanegama South	gnd	354	2	2	2	1	0	0
LK-1227325	Thiriwanegama North	Thiriwanegama North	gnd	291	0	0	0	0	0	0
LK-1227330	Halgampitiya	Halgampitiya	gnd	389	4	19	7	1	0	1
LK-1227335	Kalagedihena	Kalagedihena	gnd	505	7	25	0	0	0	0
LK-1227340	Thihariyagama	Thihariyagama	gnd	617	13	12	15	3	0	0
LK-1227345	Thihariya East	Thihariya East	gnd	1485	19	106	5	2	0	1
LK-1227350	Kalotuwawa	Kalotuwawa	gnd	254	9	140	4	3	0	0
LK-1227355	Kattota	Kattota	gnd	369	53	127	27	3	0	0
LK-1227360	Orchardwatta South	Orchardwatta South	gnd	128	4	116	23	6	0	0
LK-1227365	Bogoda	Bogoda	gnd	282	0	0	0	0	0	0
LK-1227370	Mathalana West	Mathalana West	gnd	312	34	1	4	0	0	0
LK-1227375	Wathupitiwala	Wathupitiwala	gnd	379	63	95	182	0	0	0
LK-1227380	Walpola	Walpola	gnd	419	15	290	25	2	2	0
LK-1227385	Haggalla	Haggalla	gnd	581	15	72	5	2	0	0
LK-1227390	Ellakkala	Ellakkala	gnd	389	19	24	7	0	0	0
LK-1227395	Godagama West	Godagama West	gnd	157	0	2	0	0	0	0
LK-1227400	Godagama	Godagama	gnd	178	2	2	1	0	0	0
LK-1227405	Welikadamulla	Welikadamulla	gnd	279	11	52	5	4	0	0
LK-1227410	Karasnagala	Karasnagala	gnd	165	8	0	0	0	0	0
LK-1227415	Alawala North	Alawala North	gnd	256	6	88	4	8	0	0
LK-1227420	Etha Udakanda	Etha Udakanda	gnd	114	0	42	1	4	0	0
LK-1227425	Alawala South	Alawala South	gnd	45	0	199	0	6	0	1
LK-1227430	Nikahetikanda	Nikahetikanda	gnd	179	7	0	0	1	0	0
LK-1227435	Karasnagala South	Karasnagala South	gnd	71	5	73	1	0	0	0
LK-1227440	Palkumbura	Palkumbura	gnd	313	10	3	0	19	0	0
LK-1227445	Pelpita	Pelpita	gnd	163	7	88	14	0	0	0
LK-1227450	Walaliyadda	Walaliyadda	gnd	158	1	97	9	0	0	0
LK-1227455	Haggalla East	Haggalla East	gnd	198	10	1	1	0	0	0
LK-1227460	Diyakade	Diyakade	gnd	201	4	1	0	0	0	0
LK-1227465	Welagedara	Welagedara	gnd	249	13	47	1	0	0	0
LK-1227470	Kamburagalla	Kamburagalla	gnd	605	14	163	5	5	0	0
LK-1227475	Mathalana North	Mathalana North	gnd	111	10	89	14	1	0	0
LK-1227480	Mathalana	Mathalana	gnd	247	59	55	74	2	0	0
LK-1227485	Meewala	Meewala	gnd	171	3	66	4	1	0	0
LK-1227490	Kittammahara	Kittammahara	gnd	78	0	2	0	0	0	0
LK-1227495	Thihariya South	Thihariya South	gnd	489	7	0	0	0	0	0
LK-1227500	Pahala Thihariya	Pahala Thihariya	gnd	458	4	347	12	3	0	0
LK-1227505	Thihariya West	Thihariya West	gnd	322	17	35	5	2	0	0
LK-1227510	Bogamuwa	Bogamuwa	gnd	125	17	42	5	1	0	0
LK-1227515	Mangalathiriya	Mangalathiriya	gnd	323	5	1	0	1	0	0
LK-1227520	Pilankada	Pilankada	gnd	182	3	0	0	0	0	0
LK-1227525	Bonegala	Bonegala	gnd	244	1	163	12	0	0	0
LK-1227530	Meewala West	Meewala West	gnd	131	1	134	9	1	0	0
LK-1227535	Udugoda West	Udugoda West	gnd	298	11	82	7	1	0	0
LK-1227540	Mathalana East	Mathalana East	gnd	280	7	125	18	1	0	0
LK-1227545	Udugoda	Udugoda	gnd	120	0	125	6	0	0	0
LK-1227550	Pannila	Pannila	gnd	174	4	0	1	0	0	0
LK-1227555	Hunupola	Hunupola	gnd	304	7	67	7	1	7	0
LK-1227560	Halpandeniya	Halpandeniya	gnd	122	4	106	24	6	0	0
LK-1227565	Urapola	Urapola	gnd	299	3	0	0	0	0	0
LK-1227570	Wanduramulla	Wanduramulla	gnd	339	4	1	7	1	1	0
LK-1227575	Deenapamunuwa West	Deenapamunuwa West	gnd	197	7	2	0	0	0	0
LK-1227580	Deenapamunuwa	Deenapamunuwa	gnd	232	18	1	1	2	0	0
LK-1227585	Yatawaka	Yatawaka	gnd	85	4	123	2	6	0	1
LK-1227590	Sapugasthenna	Sapugasthenna	gnd	132	0	157	18	0	0	0
LK-1227595	Bopagama	Bopagama	gnd	360	0	115	5	23	1	3
LK-1227600	Bopagama East	Bopagama East	gnd	78	3	125	1	0	0	1
LK-1227605	Meevitigammana	Meevitigammana	gnd	362	7	1	1	0	0	0
LK-1227610	Bopetta South	Bopetta South	gnd	243	1	135	1	3	1	0
LK-1227615	Bopetta	Bopetta	gnd	180	4	93	20	0	0	1
LK-1227620	Nagoda	Nagoda	gnd	144	3	100	24	7	0	0
LK-1227625	Kurawalana	Kurawalana	gnd	389	26	107	8	7	0	0
LK-1227630	Kahatovita	Kahatovita	gnd	366	9	5	1	4	0	0
LK-1227635	Kahatovita West	Kahatovita West	gnd	431	19	5	2	0	0	0
LK-1227640	Ogodapola North	Ogodapola North	gnd	474	13	35	5	2	1	0
LK-1227645	Ogodapola	Ogodapola	gnd	167	4	25	2	0	0	0
LK-1227650	Kahambilihena	Kahambilihena	gnd	91	1	119	13	11	0	0
LK-1227655	Udatuttiripitiya	Udatuttiripitiya	gnd	441	8	37	8	1	0	0
LK-1227660	Mattagoda	Mattagoda	gnd	237	7	102	12	7	0	0
LK-1227665	Weerangula	Weerangula	gnd	296	1	53	2	8	0	1
LK-1227670	Weerangula South	Weerangula South	gnd	371	4	0	0	0	0	0
LK-1227675	Koskandawala North	Koskandawala North	gnd	270	12	0	0	2	0	0
LK-1227680	Kirikittamulla	Kirikittamulla	gnd	146	0	0	0	0	0	0
LK-1227685	Kirikittamulla South	Kirikittamulla South	gnd	252	6	38	1	0	0	0
LK-1227690	Koskandawala	Koskandawala	gnd	421	3	20	3	1	0	0
LK-1227695	Opathella	Opathella	gnd	107	0	133	19	5	1	0
LK-1227700	Paranagama	Paranagama	gnd	336	12	0	2	1	0	0
LK-1227705	Paranagama East	Paranagama East	gnd	227	8	92	11	25	0	0
LK-1227710	Aruppassa	Aruppassa	gnd	279	10	138	11	5	0	0
LK-1227715	Madakotuwa West	Madakotuwa West	gnd	156	0	59	2	9	0	0
LK-1227720	Madakotuwa	Madakotuwa	gnd	78	2	33	3	3	0	1
LK-1227725	Rathambale	Rathambale	gnd	279	8	63	9	8	0	0
LK-1227730	Walgammulla	Walgammulla	gnd	286	7	10	3	1	0	0
LK-1227735	Ruwanpura	Ruwanpura	gnd	68	2	154	24	4	0	0
LK-1227740	Lavulupitiya	Lavulupitiya	gnd	165	7	117	17	7	0	0
LK-1227745	Galboda	Galboda	gnd	90	106	14	1	0	0	1
LK-1227750	Dematalanda	Dematalanda	gnd	85	0	169	15	14	0	0
LK-1227755	Happitiya	Happitiya	gnd	154	1	195	25	14	0	0
LK-1230005	Maryland Colony	Maryland Colony	gnd	397	4	0	3	23	0	0
LK-1230010	Indurugalla	Indurugalla	gnd	310	28	74	0	1	1	0
LK-1230015	Wathurugama	Wathurugama	gnd	385	3	53	3	2	0	0
LK-1230020	Bandaranayakapura West	Bandaranayakapura West	gnd	193	1	1	2	14	0	0
LK-1230025	Bandaranayakapura East	Bandaranayakapura East	gnd	126	25	64	16	2	0	0
LK-1230030	Mailawalana	Mailawalana	gnd	248	5	81	6	9	0	0
LK-1230035	Mailawalana South	Mailawalana South	gnd	96	3	56	10	5	0	0
LK-1230040	Thimbirigama	Thimbirigama	gnd	122	28	63	5	1	0	0
LK-1230045	Mahal Loluwa	Mahal Loluwa	gnd	296	5	0	0	2	0	1
LK-1230050	Millathe Ihala	Millathe Ihala	gnd	360	8	121	9	1	0	1
LK-1230055	Pingamuwa	Pingamuwa	gnd	346	0	32	2	11	0	2
LK-1230060	Pahala Millathe	Pahala Millathe	gnd	242	11	85	12	6	0	0
LK-1230065	Millathe	Millathe	gnd	178	2	0	0	0	0	0
LK-1230070	Kirindiwela	Kirindiwela	gnd	306	5	84	6	3	0	0
LK-1230075	Bogahawatta	Bogahawatta	gnd	319	10	100	1	3	0	0
LK-1230080	Rambutanwatta	Rambutanwatta	gnd	324	7	114	5	5	0	1
LK-1230085	Etambagahawatta	Etambagahawatta	gnd	213	1	0	4	7	0	0
LK-1230090	Kannimahara	Kannimahara	gnd	333	7	15	0	0	0	0
LK-1230095	Radawana North	Radawana North	gnd	135	4	39	1	0	0	0
LK-1230100	Palupelpita	Palupelpita	gnd	571	7	38	15	3	0	0
LK-1230105	Kithulakanda	Kithulakanda	gnd	338	6	0	1	5	0	0
LK-1230110	Radawana South	Radawana South	gnd	340	2	53	7	1	0	0
LK-1230115	Alliyawatta	Alliyawatta	gnd	258	3	81	4	1	0	0
LK-1230120	Diyawala North	Diyawala North	gnd	115	0	117	0	8	0	0
LK-1230125	Diyawala	Diyawala	gnd	207	3	92	11	4	0	0
LK-1230130	Meddegama	Meddegama	gnd	815	24	30	5	1	1	0
LK-1230135	Udagama	Udagama	gnd	267	8	165	28	8	0	1
LK-1230140	Vihara Kumbura	Vihara Kumbura	gnd	325	5	91	20	12	0	1
LK-1230145	Kuttivila	Kuttivila	gnd	59	12	227	6	2	0	0
LK-1230150	Thalgaswatta	Thalgaswatta	gnd	222	1	8	0	2	0	4
LK-1230155	Kendagolla	Kendagolla	gnd	95	4	229	9	21	0	0
LK-1230160	Udawela	Udawela	gnd	57	4	143	6	11	0	0
LK-1230165	Kirimetiyawatta	Kirimetiyawatta	gnd	98	9	125	9	4	0	1
LK-1230170	Hiswella	Hiswella	gnd	49	1	98	2	11	0	0
LK-1230175	Kiriwana	Kiriwana	gnd	107	1	99	9	13	0	0
LK-1230180	Meddegama North	Meddegama North	gnd	226	5	0	3	2	0	0
LK-1230185	Meddegama South	Meddegama South	gnd	186	1	101	6	6	0	0
LK-1230190	Werahera	Werahera	gnd	307	18	2	1	3	0	1
LK-1230195	Pallegama South	Pallegama South	gnd	206	3	156	14	1	0	1
LK-1230200	Pallegama	Pallegama	gnd	103	2	74	8	3	0	0
LK-1230205	Anuragoda	Anuragoda	gnd	242	22	78	4	5	0	1
LK-1230210	Weralugampala	Weralugampala	gnd	132	2	57	10	1	0	0
LK-1230215	Nedungolla South	Nedungolla South	gnd	151	0	1	0	0	0	0
LK-1230220	Nedungolla	Nedungolla	gnd	144	2	88	30	2	0	0
LK-1230225	Nandarama Pedesa	Nandarama Pedesa	gnd	443	2	1	0	0	0	0
LK-1230230	Mandawala North	Mandawala North	gnd	319	12	88	4	2	0	0
LK-1230235	Mawatha	Mawatha	gnd	324	11	2	9	10	0	0
LK-1230240	Parakadamulla	Parakadamulla	gnd	234	2	27	6	6	0	0
LK-1230245	Nakandapola	Nakandapola	gnd	189	2	1	0	0	0	0
LK-1230250	Keragala	Keragala	gnd	248	0	26	0	3	0	0
LK-1230255	Weliketiyawatta	Weliketiyawatta	gnd	298	7	63	7	4	0	0
LK-1230260	Kurunduhena	Kurunduhena	gnd	117	1	313	6	35	0	0
LK-1230265	Baduwatta	Baduwatta	gnd	209	2	150	6	7	0	0
LK-1230270	Mandawala South	Mandawala South	gnd	336	1	31	2	3	0	0
LK-1230275	Anuragoda South	Anuragoda South	gnd	246	6	39	4	2	0	0
LK-1230280	Walpola	Walpola	gnd	115	1	87	14	3	0	0
LK-1230285	Pepiliyawala	Pepiliyawala	gnd	494	5	0	0	0	0	0
LK-1230290	Ganihigama North	Ganihigama North	gnd	201	0	109	8	14	0	0
LK-1230295	Watawala	Watawala	gnd	57	1	121	6	3	0	0
LK-1230300	Meethirigala	Meethirigala	gnd	195	1	0	0	4	0	0
LK-1230305	Polhena	Polhena	gnd	78	7	145	10	13	0	0
LK-1230310	Ganihigama South	Ganihigama South	gnd	67	0	125	3	1	0	2
LK-1230315	Dangalla North	Dangalla North	gnd	161	0	90	0	5	0	2
LK-1230320	Meniklanda	Meniklanda	gnd	205	0	264	19	15	0	0
LK-1230325	Pelpita	Pelpita	gnd	203	17	0	0	0	0	0
LK-1230330	Punchi Mandawala	Punchi Mandawala	gnd	399	4	169	14	7	0	1
LK-1230335	Waharaka	Waharaka	gnd	284	26	43	4	3	0	0
LK-1230340	Putupagala	Putupagala	gnd	249	0	139	3	8	0	2
LK-1230345	Walaramba	Walaramba	gnd	172	12	0	0	1	0	0
LK-1230350	Demalagama	Demalagama	gnd	229	8	39	2	1	0	1
LK-1230355	Helummahara	Helummahara	gnd	293	10	2	0	0	0	0
LK-1230360	Pananwala	Pananwala	gnd	506	8	83	14	6	0	0
LK-1230365	Egoda Pelahela	Egoda Pelahela	gnd	252	4	153	18	14	0	0
LK-1230370	Pelahela	Pelahela	gnd	264	36	0	1	10	0	0
LK-1230375	Madurawa	Madurawa	gnd	293	13	73	11	1	1	0
LK-1230380	Kajugaswatta	Kajugaswatta	gnd	91	0	82	13	2	0	0
LK-1230385	Ihala Lunugama	Ihala Lunugama	gnd	490	7	38	3	3	0	0
LK-1230390	Meegahawatta	Meegahawatta	gnd	434	18	22	3	7	0	0
LK-1230395	Yakambe	Yakambe	gnd	259	10	25	2	0	0	0
LK-1230400	Pattiyagama	Pattiyagama	gnd	431	1	138	4	0	0	0
LK-1230405	Dangalla	Dangalla	gnd	136	0	31	1	3	0	0
LK-1230410	Ranwala	Ranwala	gnd	246	9	175	15	18	0	0
LK-1230415	Wedagama	Wedagama	gnd	161	4	1	8	1	0	0
LK-1230420	Udugama	Udugama	gnd	205	0	0	0	11	0	0
LK-1230425	Udakanampella South	Udakanampella South	gnd	144	3	0	0	0	0	0
LK-1230430	Udakanampella	Udakanampella	gnd	175	5	23	15	0	0	0
LK-1230435	Senasungoda	Senasungoda	gnd	271	25	0	1	0	0	0
LK-1230440	Poogoda	Poogoda	gnd	291	12	10	5	6	0	0
LK-1230445	Bangalawatta	Bangalawatta	gnd	315	5	30	20	0	0	0
LK-1230450	Kumarimulla	Kumarimulla	gnd	402	16	0	0	1	0	2
LK-1230455	Ovitigama	Ovitigama	gnd	304	1	94	2	4	0	0
LK-1230460	Parathapakanda	Parathapakanda	gnd	274	10	1	3	4	0	2
LK-1230465	Dethemulla	Dethemulla	gnd	324	7	38	5	1	1	0
LK-1230470	Pahala Lunugama	Pahala Lunugama	gnd	114	12	100	5	0	0	0
LK-1230475	Wanaluwawa North	Wanaluwawa North	gnd	146	6	142	6	6	0	0
LK-1230480	Thelkekuna	Thelkekuna	gnd	128	1	153	27	7	0	0
LK-1230485	Indolamulla	Indolamulla	gnd	352	0	1	0	2	0	0
LK-1230490	Parangoda	Parangoda	gnd	433	9	0	0	1	0	0
LK-1230495	Namaluwa	Namaluwa	gnd	318	0	134	1	2	0	0
LK-1230500	Dekatana	Dekatana	gnd	246	0	126	16	10	0	0
LK-1230505	Narampola	Narampola	gnd	680	22	285	64	1	4	0
LK-1230510	Kalukondayawa West	Kalukondayawa West	gnd	488	12	104	35	5	0	1
LK-1230515	Kalukondayawa East	Kalukondayawa East	gnd	298	25	0	0	6	0	0
LK-1230520	Galwalagoda	Galwalagoda	gnd	437	7	91	6	8	1	0
LK-1230525	Ganegoda	Ganegoda	gnd	443	1	112	8	4	0	0
LK-1230530	Dompe	Dompe	gnd	949	14	51	2	5	1	0
LK-1230535	Iddamaldeniya	Iddamaldeniya	gnd	205	3	53	10	9	0	1
LK-1230540	Guruwala	Guruwala	gnd	115	3	100	2	2	0	0
LK-1230545	Egoda Guruwala	Egoda Guruwala	gnd	112	3	166	18	3	0	0
LK-1230550	Wanaluwawa South	Wanaluwawa South	gnd	142	10	168	5	0	0	0
LK-1230555	Giridara West	Giridara West	gnd	175	0	99	7	6	0	0
LK-1230560	Galpothugoda	Galpothugoda	gnd	196	0	158	7	5	0	0
LK-1230565	Nikawala	Nikawala	gnd	285	10	11	4	3	0	0
LK-1230570	Kapugoda	Kapugoda	gnd	220	8	18	6	2	0	0
LK-1230575	Giridara	Giridara	gnd	228	7	63	8	3	0	0
LK-1230580	Malinda East	Malinda East	gnd	380	7	65	9	0	0	0
LK-1230585	Malinda	Malinda	gnd	258	1	0	0	0	0	0
LK-1230590	Palugama	Palugama	gnd	400	2	106	4	3	0	0
LK-1230595	Degawatta	Degawatta	gnd	159	0	155	6	6	0	0
LK-1230600	Pahala Dompe	Pahala Dompe	gnd	318	2	0	0	0	0	0
LK-1230605	Malwana	Malwana	gnd	416	4	52	1	0	1	0
LK-1230610	Pahala Mapitigama	Pahala Mapitigama	gnd	436	4	103	2	1	0	0
LK-1230615	Morahena	Morahena	gnd	292	6	154	13	6	0	0
LK-1230620	Kimbulvilawatta	Kimbulvilawatta	gnd	312	4	359	46	9	0	1
LK-1230625	Udamapitigama	Udamapitigama	gnd	104	9	168	5	0	0	0
LK-1230630	Udamapitigama South	Udamapitigama South	gnd	151	3	149	9	4	0	0
LK-1230635	Palugama West	Palugama West	gnd	129	13	93	1	0	0	2
LK-1230640	Welgama	Welgama	gnd	161	14	47	2	1	0	0
LK-1230645	Lansiyahena	Lansiyahena	gnd	186	5	101	9	4	0	0
LK-1230650	Samanabedda North	Samanabedda North	gnd	258	0	132	18	8	0	0
LK-1230655	Mahawalawatta	Mahawalawatta	gnd	329	4	101	9	7	0	1
LK-1230660	Thittapattara	Thittapattara	gnd	273	11	15	0	4	0	0
LK-1230665	Samanabedda	Samanabedda	gnd	452	5	10	1	3	0	0
LK-1233005	Kimbulgoda	Kimbulgoda	gnd	520	11	25	6	2	0	0
LK-1233010	Pituwalgoda	Pituwalgoda	gnd	407	13	15	2	8	0	0
LK-1233015	Kinigama	Kinigama	gnd	562	9	24	4	4	0	0
LK-1233020	Maharagama	Maharagama	gnd	429	44	95	18	1	0	0
LK-1233025	Siwralumulla	Siwralumulla	gnd	321	1	119	19	2	0	0
LK-1233030	Pilikuttuwa	Pilikuttuwa	gnd	497	22	6	5	9	0	0
LK-1233035	Yongammulla	Yongammulla	gnd	197	3	4	1	0	0	0
LK-1233040	Ambagaspitiya	Ambagaspitiya	gnd	282	13	63	9	2	0	1
LK-1233045	Warapalana	Warapalana	gnd	301	5	221	8	1	0	1
LK-1233050	Kandumulla	Kandumulla	gnd	184	1	63	15	6	0	0
LK-1233055	Pasgammana	Pasgammana	gnd	315	4	50	2	3	0	0
LK-1233060	Maligathenna	Maligathenna	gnd	251	3	131	13	1	0	0
LK-1233065	Batepola North	Batepola North	gnd	232	35	0	0	2	0	0
LK-1233070	Batepola	Batepola	gnd	222	20	93	0	0	0	0
LK-1233075	Amunukumbura	Amunukumbura	gnd	408	4	91	11	0	0	0
LK-1233080	Malwathuhiripitiya	Malwathuhiripitiya	gnd	285	7	6	4	1	0	0
LK-1233085	Buthpitiya North	Buthpitiya North	gnd	114	5	1	1	0	0	0
LK-1233090	Uruwala East	Uruwala East	gnd	423	23	97	9	1	0	0
LK-1233095	Uruwala West	Uruwala West	gnd	445	23	61	0	1	0	0
LK-1233100	Buthpitiya South	Buthpitiya South	gnd	300	2	2	2	2	0	0
LK-1233105	Neelamahara North	Neelamahara North	gnd	238	0	0	8	1	0	0
LK-1233110	Neelamahara South	Neelamahara South	gnd	145	6	0	0	1	0	0
LK-1233115	Aramangoda North	Aramangoda North	gnd	118	5	6	3	0	0	1
LK-1233120	Puwakpitiya	Puwakpitiya	gnd	150	0	170	8	5	0	0
LK-1233125	Amunukumbura South	Amunukumbura South	gnd	71	3	237	24	7	0	0
LK-1233130	Balivila	Balivila	gnd	284	11	0	0	0	0	0
LK-1233135	Vilimbula North	Vilimbula North	gnd	530	12	15	0	2	0	0
LK-1233140	Vilimbula South	Vilimbula South	gnd	718	14	150	6	4	0	0
LK-1233145	Aramangoda	Aramangoda	gnd	236	0	153	0	3	0	0
LK-1233150	Kahatana	Kahatana	gnd	313	28	1	0	0	0	0
LK-1233155	Henegama	Henegama	gnd	562	23	101	3	1	0	0
LK-1233160	Etikehelgalla East	Etikehelgalla East	gnd	199	4	223	18	9	0	0
LK-1233165	Etikehelgalla West	Etikehelgalla West	gnd	359	43	0	17	2	0	0
LK-1233170	Kirikitta North	Kirikitta North	gnd	374	4	1	1	0	0	0
LK-1233175	Kirikitta East	Kirikitta East	gnd	224	6	224	8	8	0	0
LK-1233180	Kirikitta West	Kirikitta West	gnd	369	11	261	8	6	0	0
LK-1233185	Ahugammana	Ahugammana	gnd	395	3	136	9	9	0	0
LK-1233190	Naranwala South	Naranwala South	gnd	450	10	62	2	3	0	1
LK-1233195	Naranwala	Naranwala	gnd	778	12	67	17	2	0	0
LK-1233200	Udupila East	Udupila East	gnd	737	38	61	3	3	0	0
LK-1233205	Udupila South	Udupila South	gnd	538	13	56	13	2	0	0
LK-1233210	Udupila North	Udupila North	gnd	1341	60	102	6	4	0	0
LK-1233215	Webada South	Webada South	gnd	586	0	43	5	4	0	0
LK-1233220	Webada North	Webada North	gnd	410	7	69	3	1	0	0
LK-1233225	Webada West	Webada West	gnd	627	8	184	11	3	0	0
LK-1233230	Kirillawala North	Kirillawala North	gnd	662	12	77	5	4	0	1
LK-1233235	Kirillawala	Kirillawala	gnd	588	13	72	3	6	0	0
LK-1233240	Kirillawala West	Kirillawala West	gnd	533	4	99	6	2	0	0
LK-1233245	Sooriyapaluwa North	Sooriyapaluwa North	gnd	1108	14	279	13	4	2	0
LK-1233250	Kendaliyeddapaluwa East	Kendaliyeddapaluwa East	gnd	1552	17	54	5	2	0	0
LK-1233255	Kendaliyeddapaluwa North	Kendaliyeddapaluwa North	gnd	1041	8	138	14	3	0	0
LK-1233260	Dangahawela	Dangahawela	gnd	1057	9	24	2	5	0	0
LK-1233265	Kendaliyeddapaluwa West	Kendaliyeddapaluwa West	gnd	1490	10	4	1	0	0	0
LK-1233270	Mahara Nugegoda North	Mahara Nugegoda North	gnd	641	11	61	4	3	0	1
LK-1233275	Mahara Nugegoda West	Mahara Nugegoda West	gnd	681	3	0	0	1	0	1
LK-1233280	Mahara Nugegoda East	Mahara Nugegoda East	gnd	584	13	4	1	0	0	0
LK-1233285	Sooriyapaluwa East	Sooriyapaluwa East	gnd	1132	12	189	73	6	0	0
LK-1233290	Sooriyapaluwa South	Sooriyapaluwa South	gnd	933	21	94	2	0	0	0
LK-1233295	Rammuthugala	Rammuthugala	gnd	762	20	102	34	1	0	0
LK-1233300	Kirillawala South	Kirillawala South	gnd	1104	68	63	14	1	0	0
LK-1233305	Webada East	Webada East	gnd	657	27	121	8	4	0	0
LK-1233310	Gonahena East	Gonahena East	gnd	475	9	125	3	5	0	0
LK-1233315	Gonahena North	Gonahena North	gnd	907	1	6	0	0	0	0
LK-1233320	Gonahena South	Gonahena South	gnd	412	8	106	30	2	0	1
LK-1233325	Gonahena West	Gonahena West	gnd	955	11	4	0	1	0	0
LK-1233330	Eldeniya East	Eldeniya East	gnd	1002	20	91	3	2	1	0
LK-1233335	Eldeniya West	Eldeniya West	gnd	713	26	46	4	0	0	0
LK-1233340	Puwakwetiya	Puwakwetiya	gnd	614	15	70	7	4	0	0
LK-1233345	Ihala Karagahamuna South	Ihala Karagahamuna South	gnd	515	11	65	4	3	0	0
LK-1233350	Ihala Karagahamuna East	Ihala Karagahamuna East	gnd	650	15	26	1	1	0	0
LK-1233355	Ihala Karagahamuna North	Ihala Karagahamuna North	gnd	1307	14	1	21	0	0	1
LK-1233360	Mahara Nugegoda South	Mahara Nugegoda South	gnd	578	34	290	7	1	0	0
LK-1233365	Neligama	Neligama	gnd	598	15	41	7	3	0	2
LK-1233370	Pahala Karagahamuna North	Pahala Karagahamuna North	gnd	489	6	33	0	0	0	0
LK-1233375	Pahala Karagahamuna East	Pahala Karagahamuna East	gnd	629	31	8	1	0	0	2
LK-1233380	Pahala Karagahamuna West	Pahala Karagahamuna West	gnd	1009	21	80	5	4	0	0
LK-1233385	Kopiwatta	Kopiwatta	gnd	581	23	2	1	1	0	0
LK-1233390	Dalupitiya East	Dalupitiya East	gnd	549	20	1	2	3	0	0
LK-1233395	Kirimetiyagara	Kirimetiyagara	gnd	553	6	96	5	8	0	0
LK-1233400	Dalupitiya South	Dalupitiya South	gnd	662	15	52	34	2	0	0
LK-1233405	Dalupitiya West	Dalupitiya West	gnd	577	16	85	10	6	0	0
LK-1233410	Pinnameda West	Pinnameda West	gnd	639	7	43	6	2	0	0
LK-1233415	Gongithota	Gongithota	gnd	828	26	141	23	7	0	1
LK-1233420	Appugewatta	Appugewatta	gnd	336	5	102	45	4	0	0
LK-1233425	Gongithota West	Gongithota West	gnd	679	25	74	26	2	0	0
LK-1233430	Enderamulla South	Enderamulla South	gnd	659	20	5	2	2	0	0
LK-1233435	Enderamulla East	Enderamulla East	gnd	507	41	34	24	17	3	3
LK-1233440	Pinnameda	Pinnameda	gnd	825	21	3	1	2	0	0
LK-1233445	Nathuduwa	Nathuduwa	gnd	592	11	54	12	2	0	0
LK-1233450	Enderamulla West	Enderamulla West	gnd	585	15	75	14	2	0	0
LK-1233455	Nathuduwa West	Nathuduwa West	gnd	392	2	95	21	1	1	0
LK-1233460	Akbar Town	Akbar Town	gnd	804	21	18	2	2	0	1
LK-1236005	Welegoda	Welegoda	gnd	1826	22	74	13	1	37	0
LK-1236010	Hunupitiya North	Hunupitiya North	gnd	873	15	1	1	0	0	0
LK-1236015	Nahena	Nahena	gnd	1174	51	295	69	7	1	0
LK-1236020	Eriyawetiya	Eriyawetiya	gnd	1085	28	155	25	19	0	0
LK-1236025	Kiribathgoda	Kiribathgoda	gnd	900	14	6	0	0	0	0
LK-1236030	Thalawathuhenpita North	Thalawathuhenpita North	gnd	1016	22	35	0	0	0	0
LK-1236035	Thalawathuhenpita South	Thalawathuhenpita South	gnd	340	6	2	0	3	0	0
LK-1236040	Kendahena	Kendahena	gnd	984	37	4	20	10	1	0
LK-1236045	Egoda Eriyawetiya	Egoda Eriyawetiya	gnd	758	6	1	0	1	0	1
LK-1236050	Hunupitiya East	Hunupitiya East	gnd	1469	18	68	20	3	0	1
LK-1236055	Hunupitiya South	Hunupitiya South	gnd	966	9	61	16	1	8	0
LK-1236060	Wanawasala West	Wanawasala West	gnd	950	70	13	10	2	0	0
LK-1236065	Wanawasala East	Wanawasala East	gnd	918	88	70	32	14	32	1
LK-1236070	Dippitigoda	Dippitigoda	gnd	1029	17	38	10	3	0	0
LK-1236075	Weweldoowa	Weweldoowa	gnd	603	8	36	14	0	1	0
LK-1236080	Warakanatta	Warakanatta	gnd	706	76	24	26	0	2	0
LK-1236085	Koholvila	Koholvila	gnd	1022	46	39	9	0	0	0
LK-1236090	Dalugamgoda	Dalugamgoda	gnd	667	21	1	0	5	0	0
LK-1236095	Nungamugoda	Nungamugoda	gnd	624	31	14	5	1	0	0
LK-1236100	Dalugama	Dalugama	gnd	581	18	26	38	6	0	0
LK-1236105	Himbutuwelgoda	Himbutuwelgoda	gnd	790	197	21	46	4	8	0
LK-1236110	Pattiya East	Pattiya East	gnd	717	120	59	20	0	0	4
LK-1236115	Pattiya North	Pattiya North	gnd	1321	79	77	150	16	21	1
LK-1236120	Meegahawatta	Meegahawatta	gnd	957	29	81	182	39	21	1
LK-1236125	Peliyagodawatta	Peliyagodawatta	gnd	729	71	19	91	5	27	0
LK-1236130	Peliyagoda Gangabada	Peliyagoda Gangabada	gnd	746	27	10	32	6	48	1
LK-1236135	Peliyagoda Gangabada East	Peliyagoda Gangabada East	gnd	346	37	0	0	0	0	0
LK-1236140	Pattiya West	Pattiya West	gnd	856	53	69	88	4	3	2
LK-1236145	Wedamulla	Wedamulla	gnd	1205	45	2	1	0	3	1
LK-1236150	Galborella	Galborella	gnd	667	5	52	4	8	0	0
LK-1236155	Polhena	Polhena	gnd	747	3	17	0	0	0	0
LK-1236160	Kelaniya	Kelaniya	gnd	794	19	4	9	3	1	0
LK-1236165	Sinharamulla North	Sinharamulla North	gnd	1014	28	60	3	3	0	0
LK-1236170	Pilapitiya	Pilapitiya	gnd	508	4	0	0	0	0	0
LK-1236175	Pethiyagoda	Pethiyagoda	gnd	1215	17	16	23	2	0	0
LK-1236180	Mewella	Mewella	gnd	1072	23	77	25	1	0	0
LK-1236185	Sinharamulla	Sinharamulla	gnd	722	15	34	21	1	0	0
LK-1239005	Pahala Biyanvila East	Pahala Biyanvila East	gnd	717	14	43	11	2	0	0
LK-1239010	Ihala Biyanvila North	Ihala Biyanvila North	gnd	943	22	44	6	7	1	0
LK-1239015	Ihala Biyanvila Central	Ihala Biyanvila Central	gnd	1100	41	286	18	3	1	0
LK-1239020	Mawaramandiya	Mawaramandiya	gnd	1487	82	155	20	8	0	0
LK-1239025	Meegahawatta West	Meegahawatta West	gnd	857	5	75	9	5	0	0
LK-1239030	Meegahawatta East	Meegahawatta East	gnd	647	14	190	10	1	0	0
LK-1239035	Kammalwatta	Kammalwatta	gnd	662	13	219	82	6	2	0
LK-1239040	Delgoda	Delgoda	gnd	735	14	69	37	2	0	0
LK-1239045	Athurumulla	Athurumulla	gnd	483	56	22	4	0	0	0
LK-1239050	Kanduboda East	Kanduboda East	gnd	997	10	13	8	5	0	0
LK-1239055	Kanduboda West	Kanduboda West	gnd	759	8	132	29	7	0	0
LK-1239060	Siyambalape Watta	Siyambalape Watta	gnd	1110	21	254	208	22	2	0
LK-1239065	Daranagama	Daranagama	gnd	733	44	178	80	2	0	0
LK-1239070	Siyambalape North	Siyambalape North	gnd	1300	26	228	56	3	0	1
LK-1239075	Heiyanthuduwa North	Heiyanthuduwa North	gnd	1510	39	95	6	2	1	0
LK-1239080	Makola South Ihala	Makola South Ihala	gnd	1299	23	99	4	1	0	0
LK-1239085	Makola North Ihala	Makola North Ihala	gnd	940	6	48	8	1	0	0
LK-1239090	Makola North Central	Makola North Central	gnd	1846	40	225	10	2	0	0
LK-1239095	Pahala Biyanvila West	Pahala Biyanvila West	gnd	1204	68	116	15	2	0	1
LK-1239100	Pahala Biyanvila Central	Pahala Biyanvila Central	gnd	674	6	25	6	0	0	0
LK-1239105	Makola North Pahala	Makola North Pahala	gnd	1393	26	91	31	4	0	0
LK-1239110	Makola South Pahala	Makola South Pahala	gnd	830	12	68	14	7	5	1
LK-1239115	Pamunuvila	Pamunuvila	gnd	1301	17	240	26	6	0	0
LK-1239120	Gonawala East	Gonawala East	gnd	1161	26	55	3	0	0	0
LK-1239125	Sapugaskanda	Sapugaskanda	gnd	1559	334	69	5	1	0	1
LK-1239130	Heiyanthuduwa West	Heiyanthuduwa West	gnd	554	28	58	25	4	0	0
LK-1239135	Heiyanthuduwa East	Heiyanthuduwa East	gnd	1168	38	252	56	6	0	0
LK-1239140	Siyambalape South	Siyambalape South	gnd	1661	50	223	69	3	0	2
LK-1239145	Yatihena	Yatihena	gnd	1136	158	100	503	22	0	1
LK-1239150	Ulahitiwala	Ulahitiwala	gnd	721	16	43	4	1	0	0
LK-1239155	Walgama West	Walgama West	gnd	845	338	87	371	2	3	1
LK-1239160	Biyagama North	Biyagama North	gnd	1418	236	155	540	19	0	0
LK-1239165	Biyagama West	Biyagama West	gnd	848	18	33	8	1	0	0
LK-1239170	Heiyanthuduwa South	Heiyanthuduwa South	gnd	593	18	88	11	5	0	0
LK-1239175	Mabima East	Mabima East	gnd	869	20	77	11	3	0	0
LK-1239180	Mabima West	Mabima West	gnd	655	15	177	11	7	0	0
LK-1239185	Pattivila North	Pattivila North	gnd	504	184	59	56	0	0	0
LK-1239190	Gonawala Central	Gonawala Central	gnd	1314	38	130	8	5	0	0
LK-1239195	Galedanda	Galedanda	gnd	629	26	59	17	8	0	0
LK-1239200	Gonawala West	Gonawala West	gnd	1640	32	138	77	4	0	0
LK-1239205	Thalwatta	Thalwatta	gnd	678	22	12	17	8	1	1
LK-1239210	Bollegala	Bollegala	gnd	944	31	210	23	6	0	0
LK-1239215	Pattivila South	Pattivila South	gnd	694	12	83	12	1	0	0
LK-1239220	Biyagama South	Biyagama South	gnd	816	25	39	43	4	1	0
LK-1239225	Biyagama East	Biyagama East	gnd	860	52	49	97	11	12	0
LK-1239230	Yabaraluwa North	Yabaraluwa North	gnd	399	7	128	224	3	0	0
LK-1239235	Yabaraluwa South	Yabaraluwa South	gnd	391	42	84	224	38	0	0
LK-1239240	Malwana Town	Malwana Town	gnd	1361	13	4	2	0	1	0
LK-1239245	Walgama East	Walgama East	gnd	959	35	126	86	32	0	0
LK-1303005	Horethuduwa North	Horethuduwa North	gnd	396	2	16	0	0	0	0
LK-1303010	Horethuduwa	Horethuduwa	gnd	445	3	22	0	0	0	0
LK-1303015	Horethuduwa Central	Horethuduwa Central	gnd	335	13	0	0	1	0	0
LK-1303020	Horethuduwa South	Horethuduwa South	gnd	429	10	16	0	1	0	0
LK-1303025	Gorakana	Gorakana	gnd	591	16	1	0	0	0	0
LK-1303030	Gorakana South	Gorakana South	gnd	1050	2	14	0	0	0	0
LK-1303035	Paratta West	Paratta West	gnd	559	37	67	14	4	0	0
LK-1303040	Paratta	Paratta	gnd	674	21	96	40	5	1	0
LK-1303045	Diggala	Diggala	gnd	1095	18	2	11	4	0	0
LK-1303050	Keselwatta	Keselwatta	gnd	1546	40	13	0	5	0	0
LK-1303055	Sarikkamulla	Sarikkamulla	gnd	808	2	10	0	0	0	1
LK-1303060	Henamulla	Henamulla	gnd	730	42	4	3	1	0	0
LK-1303065	Wattalpola	Wattalpola	gnd	1037	12	87	6	0	0	0
LK-1303070	Miriyawatta	Miriyawatta	gnd	518	10	123	1	3	8	0
LK-1303075	Thotawatta	Thotawatta	gnd	1030	81	0	1	1	0	0
LK-1303080	Werawatta	Werawatta	gnd	671	24	0	0	1	0	0
LK-1303085	Pallimulla	Pallimulla	gnd	445	34	16	0	0	0	0
LK-1303090	Gorakapola	Gorakapola	gnd	495	13	9	2	1	0	1
LK-1303095	Walana North	Walana North	gnd	809	24	26	5	0	0	0
LK-1303100	Ambalanduwa	Ambalanduwa	gnd	887	26	1	0	1	1	0
LK-1303105	Galthude North	Galthude North	gnd	558	22	40	6	1	0	0
LK-1303110	Galthude	Galthude	gnd	452	2	81	2	0	0	0
LK-1303115	Hirana West	Hirana West	gnd	1214	23	38	10	11	0	0
LK-1303120	Hirana	Hirana	gnd	673	9	65	11	6	0	0
LK-1303125	Thanthirimulla East	Thanthirimulla East	gnd	554	15	16	1	2	0	0
LK-1303130	Thanthirimulla	Thanthirimulla	gnd	413	1	0	1	0	0	0
LK-1303135	Bekkegama	Bekkegama	gnd	786	22	56	10	2	0	0
LK-1303140	Walana South	Walana South	gnd	662	29	1	5	0	0	0
LK-1303145	Walana	Walana	gnd	900	7	1	0	0	0	0
LK-1303150	Udahamulla	Udahamulla	gnd	535	3	12	3	0	0	0
LK-1303155	Punchideniya	Punchideniya	gnd	450	3	57	2	0	0	0
LK-1303160	Malamulla West	Malamulla West	gnd	1297	10	149	1	10	0	0
LK-1303165	Kiriberiya	Kiriberiya	gnd	1178	15	82	16	3	1	0
LK-1303170	Malamulla	Malamulla	gnd	984	9	155	5	0	0	0
LK-1303175	Kuruppumulla	Kuruppumulla	gnd	393	0	0	0	0	0	0
LK-1303180	Etambagoda	Etambagoda	gnd	571	1	9	7	1	0	0
LK-1303185	Pattiya North	Pattiya North	gnd	221	7	0	0	0	0	0
LK-1303190	Bazaar North	Bazaar North	gnd	205	0	2	0	0	0	0
LK-1303195	Sagara Place	Sagara Place	gnd	125	1	2	0	0	0	0
LK-1303200	Bazaar West	Bazaar West	gnd	176	2	5	0	0	0	0
LK-1303205	Bazaar	Bazaar	gnd	159	1	0	0	0	0	0
LK-1303210	Walapala Pattiya	Walapala Pattiya	gnd	432	4	0	0	0	0	0
LK-1303215	Walapala	Walapala	gnd	641	5	27	1	1	0	0
LK-1303220	Eluvila	Eluvila	gnd	856	43	12	2	3	0	1
LK-1303225	Wekada East	Wekada East	gnd	632	11	93	17	0	0	0
LK-1303230	Wekada North	Wekada North	gnd	660	20	28	4	0	1	0
LK-1303235	Wekada West	Wekada West	gnd	773	3	0	0	2	0	0
LK-1303240	Pattiya	Pattiya	gnd	378	5	0	0	0	0	0
LK-1303245	Uyankele	Uyankele	gnd	401	7	4	1	1	0	0
LK-1303250	Pattiya South	Pattiya South	gnd	306	6	37	3	1	0	0
LK-1303255	Kaludewala	Kaludewala	gnd	549	6	51	4	0	0	0
LK-1303260	Kaludewala East	Kaludewala East	gnd	801	9	39	7	14	0	0
LK-1303265	Moravinna	Moravinna	gnd	960	16	39	45	0	0	0
LK-1303270	Nallooruwa North	Nallooruwa North	gnd	520	3	1	0	0	0	0
LK-1303275	Nallooruwa	Nallooruwa	gnd	653	33	75	6	2	0	0
LK-1303280	Dibbedda	Dibbedda	gnd	410	25	16	2	6	0	0
LK-1303285	Dibbedda North	Dibbedda North	gnd	791	11	20	11	8	0	1
LK-1303290	Narampitiya	Narampitiya	gnd	709	2	22	4	0	0	0
LK-1303295	Pinwatta	Pinwatta	gnd	805	17	61	18	7	0	0
LK-1303300	Pinwatta West	Pinwatta West	gnd	523	25	22	3	3	0	1
LK-1303305	Thalpitiya North	Thalpitiya North	gnd	603	11	2	0	0	0	0
LK-1303310	Thalpitiya South	Thalpitiya South	gnd	873	27	75	7	1	0	0
LK-1303315	Pallimankada	Pallimankada	gnd	721	33	9	7	2	0	0
LK-1303320	Wadduwa West	Wadduwa West	gnd	333	24	1	0	0	0	0
LK-1303325	Wadduwa East	Wadduwa East	gnd	527	5	52	10	3	0	0
LK-1303330	Maha Wadduwa	Maha Wadduwa	gnd	748	44	337	53	8	0	0
LK-1303335	Pattieliya	Pattieliya	gnd	298	2	0	0	0	0	0
LK-1303340	Kuda Wadduwa	Kuda Wadduwa	gnd	578	9	24	1	1	0	0
LK-1303345	Wadduwa South	Wadduwa South	gnd	322	9	19	4	1	0	0
LK-1303350	Molligoda	Molligoda	gnd	444	1	79	17	0	0	0
LK-1303355	Molligoda North	Molligoda North	gnd	683	6	64	1	4	0	0
LK-1303360	Molligoda South	Molligoda South	gnd	673	6	16	1	2	0	2
LK-1306005	Kidelpitiya West	Kidelpitiya West	gnd	642	22	61	5	13	0	1
LK-1306010	Kidelpitiya East	Kidelpitiya East	gnd	587	11	1	1	1	0	0
LK-1306015	Senapura	Senapura	gnd	691	20	149	7	1	0	0
LK-1306020	Newdawa	Newdawa	gnd	1104	18	187	11	1	0	1
LK-1306025	Aluthgama	Aluthgama	gnd	670	12	82	4	2	0	1
LK-1306030	Alothiyawa	Alothiyawa	gnd	706	12	50	3	0	0	1
LK-1306035	Walgama North	Walgama North	gnd	297	0	204	15	14	0	2
LK-1306040	Rerukana	Rerukana	gnd	243	6	65	5	0	0	0
LK-1306045	Samaranayakapura	Samaranayakapura	gnd	158	7	168	21	5	0	1
LK-1306050	Kothalawala	Kothalawala	gnd	864	26	91	12	2	0	1
LK-1306055	Veedagama East	Veedagama East	gnd	350	4	144	5	0	0	0
LK-1306060	Walgama South	Walgama South	gnd	373	13	95	20	4	0	0
LK-1306065	Gammanpila	Gammanpila	gnd	583	32	60	3	1	0	0
LK-1306070	Medagama	Medagama	gnd	517	34	0	2	4	0	0
LK-1306075	Alubomulla East	Alubomulla East	gnd	690	22	105	9	3	0	0
LK-1306080	Kuda Aruggoda East	Kuda Aruggoda East	gnd	897	15	86	10	10	0	0
LK-1306085	Maha Aruggoda	Maha Aruggoda	gnd	970	17	106	5	4	0	0
LK-1306090	Kuda Aruggoda West	Kuda Aruggoda West	gnd	635	38	12	2	0	0	0
LK-1306095	Batadombathuduwa	Batadombathuduwa	gnd	1036	16	39	2	1	0	0
LK-1306100	Miriswatta	Miriswatta	gnd	291	1	67	21	3	0	0
LK-1306105	Wanduramulla West	Wanduramulla West	gnd	309	9	52	6	0	0	0
LK-1306110	Pinwala East	Pinwala East	gnd	332	3	81	4	3	0	0
LK-1306115	Pinwala West	Pinwala West	gnd	364	15	57	11	10	0	1
LK-1306120	Wanduramulla East	Wanduramulla East	gnd	645	12	0	0	0	0	0
LK-1306125	Mahavila	Mahavila	gnd	593	18	50	2	2	0	0
LK-1306130	Pamunugama	Pamunugama	gnd	522	6	21	3	1	0	0
LK-1306135	Alubomulla West	Alubomulla West	gnd	944	20	5	8	0	0	0
LK-1306140	Rambukkana North	Rambukkana North	gnd	282	3	28	6	0	0	0
LK-1306145	Kamburugoda West	Kamburugoda West	gnd	458	6	0	0	1	0	0
LK-1306150	Kamburugoda East	Kamburugoda East	gnd	142	0	42	10	1	0	0
LK-1306155	Veedagama West	Veedagama West	gnd	534	4	40	6	0	0	1
LK-1306160	Gelanigama	Gelanigama	gnd	219	0	47	3	3	0	0
LK-1306165	Raigama South	Raigama South	gnd	320	6	0	3	0	0	0
LK-1306170	Raigama West	Raigama West	gnd	398	23	48	2	1	0	0
LK-1306175	Raigama East	Raigama East	gnd	413	21	128	25	2	0	0
LK-1306180	Raigama North	Raigama North	gnd	596	12	19	7	5	0	0
LK-1306185	Kolamediriya North	Kolamediriya North	gnd	298	14	65	3	1	0	0
LK-1306190	Bandaragama East	Bandaragama East	gnd	360	6	79	17	1	0	0
LK-1306195	Bandaragama	Bandaragama	gnd	274	4	0	0	1	0	0
LK-1306200	Rambukkana South	Rambukkana South	gnd	275	19	15	10	1	0	0
LK-1306205	Bolgoda	Bolgoda	gnd	232	10	72	21	6	0	0
LK-1306210	Mahabellana	Mahabellana	gnd	558	11	63	15	0	0	0
LK-1306215	Imbulliha	Imbulliha	gnd	541	17	63	16	5	0	0
LK-1306220	Diganathuduwa	Diganathuduwa	gnd	730	24	2	0	0	0	0
LK-1306225	Madupitiya	Madupitiya	gnd	827	14	57	10	6	0	0
LK-1306230	Mahawatta	Mahawatta	gnd	447	14	87	3	1	0	0
LK-1306235	Bandaragama West	Bandaragama West	gnd	504	10	103	7	0	0	0
LK-1306240	Yatiyana	Yatiyana	gnd	540	25	79	9	1	0	0
LK-1306245	Wevita	Wevita	gnd	493	15	43	18	1	0	0
LK-1306250	Atulugama East	Atulugama East	gnd	423	34	89	4	5	0	0
LK-1306255	Panape	Panape	gnd	254	21	0	0	1	0	1
LK-1306260	Galgemandiya	Galgemandiya	gnd	390	14	3	4	1	0	0
LK-1306265	Atulugama West	Atulugama West	gnd	411	5	0	0	0	0	0
LK-1306270	Bamunumulla (Muslim)	Bamunumulla (Muslim)	gnd	310	4	1	2	1	0	0
LK-1306275	Bamunumulla	Bamunumulla	gnd	160	6	25	4	1	0	0
LK-1306280	Epitamulla	Epitamulla	gnd	252	6	25	1	0	0	2
LK-1306285	Korawala	Korawala	gnd	480	4	0	6	6	0	0
LK-1306290	Bogahawatta	Bogahawatta	gnd	515	31	3	4	0	0	1
LK-1306295	Kimmanthudawa	Kimmanthudawa	gnd	191	2	79	14	13	0	0
LK-1309005	Kotigamgoda	Kotigamgoda	gnd	558	12	143	45	0	0	0
LK-1309010	Pahala Millewa North	Pahala Millewa North	gnd	674	37	132	3	2	0	0
LK-1309015	Pahala Millewa South	Pahala Millewa South	gnd	367	2	83	1	0	0	0
LK-1309020	Ihala Millewa North	Ihala Millewa North	gnd	412	14	112	17	1	0	0
LK-1309025	Ihala Millewa South	Ihala Millewa South	gnd	794	23	113	19	0	0	0
LK-1309030	Thalagala East	Thalagala East	gnd	672	39	85	30	5	0	0
LK-1309035	Thalagala North	Thalagala North	gnd	1060	17	273	40	19	17	2
LK-1309040	Thalagala West	Thalagala West	gnd	708	20	327	32	0	0	0
LK-1309045	Olaboduwa North	Olaboduwa North	gnd	445	28	0	1	1	0	0
LK-1309050	Koralaima	Koralaima	gnd	937	24	146	19	6	0	0
LK-1309055	Godigamuwa East	Godigamuwa East	gnd	912	35	131	6	3	0	0
LK-1309060	Halapitiya	Halapitiya	gnd	718	20	182	9	13	0	0
LK-1309065	Welmilla	Welmilla	gnd	434	8	100	7	11	0	0
LK-1309070	Godigamuwa West	Godigamuwa West	gnd	406	5	139	20	2	0	0
LK-1309075	Palannoruwa	Palannoruwa	gnd	795	15	202	23	10	0	0
LK-1309080	Olaboduwa South	Olaboduwa South	gnd	427	13	189	10	2	0	0
LK-1309085	Olaboduwa East	Olaboduwa East	gnd	486	17	0	5	0	0	0
LK-1309090	Thalagala South	Thalagala South	gnd	754	26	123	29	4	0	0
LK-1309095	Pannila	Pannila	gnd	512	30	4	12	0	0	0
LK-1309100	Kahatapitiya	Kahatapitiya	gnd	464	7	218	32	2	0	0
LK-1309105	Uduwa North	Uduwa North	gnd	454	10	258	11	9	0	2
LK-1309110	Kidelpitiya	Kidelpitiya	gnd	602	13	245	18	0	0	0
LK-1309115	Gorokgoda	Gorokgoda	gnd	143	4	0	1	0	0	0
LK-1309120	Dambara	Dambara	gnd	521	0	0	4	1	0	0
LK-1309125	Handupelpola	Handupelpola	gnd	367	8	97	7	4	0	0
LK-1309130	Kuda Uduwa	Kuda Uduwa	gnd	364	0	163	1	1	0	0
LK-1309135	Maha Uduwa	Maha Uduwa	gnd	368	6	183	7	0	0	0
LK-1309140	Kananvila North	Kananvila North	gnd	364	22	79	9	1	0	1
LK-1309145	Batuvita North	Batuvita North	gnd	151	3	134	14	5	1	1
LK-1309150	Kumbuka East	Kumbuka East	gnd	401	4	175	24	15	0	1
LK-1309155	Kumbuka South	Kumbuka South	gnd	282	18	133	8	2	0	0
LK-1309160	Kumbuka North	Kumbuka North	gnd	601	9	51	5	2	0	0
LK-1309165	Kumbuka West	Kumbuka West	gnd	704	19	72	8	3	0	1
LK-1309170	Pokunuvita	Pokunuvita	gnd	585	12	100	14	3	1	0
LK-1309175	Batuvita South	Batuvita South	gnd	449	2	0	2	2	9	1
LK-1309180	Meemana	Meemana	gnd	691	6	12	3	3	0	1
LK-1309185	Kananvila South	Kananvila South	gnd	224	2	0	0	1	0	0
LK-1309190	Uduwa South	Uduwa South	gnd	668	10	28	1	1	0	0
LK-1309195	Kirigalahena	Kirigalahena	gnd	286	7	134	15	1	0	0
LK-1309200	Meewanapalana West	Meewanapalana West	gnd	354	3	146	10	2	0	0
LK-1309205	Meewanapalana East	Meewanapalana East	gnd	193	0	62	9	1	0	0
LK-1309210	Gurugoda	Gurugoda	gnd	604	7	146	13	3	0	0
LK-1309215	Munagama East	Munagama East	gnd	427	1	63	2	1	0	0
LK-1309220	Midellamulahena	Midellamulahena	gnd	776	7	337	20	28	0	0
LK-1309225	Ovitiyagala	Ovitiyagala	gnd	363	1	40	6	0	0	0
LK-1309230	Aramanagolla	Aramanagolla	gnd	523	16	160	18	14	0	0
LK-1309235	Werullahena	Werallahena	gnd	180	1	67	13	4	0	0
LK-1309240	Kulupana	Kulupana	gnd	207	0	67	0	3	0	0
LK-1309245	Kanewala	Kanewala	gnd	531	9	4	1	3	0	0
LK-1309250	Henegama	Henegama	gnd	497	14	138	7	10	0	0
LK-1309255	Gal Edandugoda	Gal Edandugoda	gnd	257	6	25	7	2	0	0
LK-1309260	Horana North	Horana North	gnd	526	14	24	27	3	0	0
LK-1309265	Munagama West	Munagama West	gnd	311	9	0	0	0	0	1
LK-1309270	Dikhenagama	Dikhenagama	gnd	358	8	142	12	1	0	0
LK-1309275	Narthanagala	Narthanagala	gnd	761	5	1	4	0	0	0
LK-1309280	Horana South	Horana South	gnd	298	7	28	10	1	0	0
LK-1309285	Wewala West	Wewala West	gnd	292	3	31	8	1	3	0
LK-1309290	Halthotiyawatta	Halthotiyawatta	gnd	335	11	9	2	0	0	0
LK-1309295	Mahena	Mahena	gnd	484	21	108	16	7	0	0
LK-1309300	Wewala East	Wewala East	gnd	553	8	9	10	1	0	0
LK-1309305	Horana East	Horana East	gnd	288	5	66	12	0	0	0
LK-1310005	Menerigama	Menerigama	gnd	355	7	1	0	0	0	0
LK-1310010	Arakavila	Arakavila	gnd	646	15	6	9	10	0	2
LK-1310015	Kandanapitiya	Kandanapitiya	gnd	224	7	281	18	8	0	0
LK-1310020	Kottiyawatta	Kottiyawatta	gnd	288	7	1	9	0	0	0
LK-1310025	Kurana North	Kurana North	gnd	193	10	64	1	0	0	0
LK-1310030	Kurana South	Kurana South	gnd	227	2	146	23	21	0	0
LK-1310035	Kotigala	Kotigala	gnd	231	8	43	2	2	0	0
LK-1310040	Handapangoda East	Handapangoda East	gnd	223	0	124	5	1	0	0
LK-1310045	Handapangoda West	Handapangoda West	gnd	368	6	1	2	7	0	0
LK-1310050	Kekuladola	Kekuladola	gnd	138	3	0	0	1	0	0
LK-1310055	Handapangoda South	Handapangoda South	gnd	220	3	98	12	13	0	0
LK-1310060	Batugampala	Batugampala	gnd	130	2	267	18	7	0	1
LK-1310065	Raigam Watta	Rayigamwatta	gnd	295	77	213	30	7	0	0
LK-1310070	Maha Ingiriya	Maha Ingiriya	gnd	445	28	506	24	8	0	0
LK-1310075	Nambapana	Nambapana	gnd	142	1	194	17	11	0	0
LK-1310080	Urugala East	Urugala East	gnd	358	18	171	7	2	0	0
LK-1310085	Ingiriya East	Ingiriya East	gnd	408	17	2	0	3	0	1
LK-1310090	Ingiriya North	Ingiriya North	gnd	410	45	263	11	0	0	0
LK-1310095	Nimalagama	Nimalagama	gnd	725	24	299	29	5	0	1
LK-1310100	Eduragala	Eduragala	gnd	137	1	190	23	2	0	0
LK-1310105	Maputugala	Maputugala	gnd	529	15	122	16	2	0	0
LK-1310110	Pelpitigoda	Pelpitigoda	gnd	352	64	132	13	4	0	0
LK-1310115	Rathmalgoda East	Rathmalgoda East	gnd	253	1	66	6	5	0	0
LK-1310120	Rathmalgoda West	Rathmalgoda West	gnd	298	1	325	23	2	0	0
LK-1310125	Poruwadanda West	Poruwadanda West	gnd	693	18	264	58	9	0	0
LK-1310130	Poruwadanda East	Poruwadanda East	gnd	953	14	116	26	0	0	0
LK-1310135	Wagawatta	Wagawatta	gnd	242	6	299	20	15	0	1
LK-1310140	Kekulaliya	Kekulaliya	gnd	190	6	71	2	1	0	0
LK-1310145	Dombagaskanda	Dombagaskanda	gnd	417	10	61	1	0	0	1
LK-1310150	Ingiriya West	Ingiriya West	gnd	454	2	102	13	12	0	0
LK-1310155	Urugala West	Urugala West	gnd	227	13	255	19	3	0	0
LK-1312005	Ihala Naragala	Ihala Naragala	gnd	106	1	234	8	19	0	0
LK-1312010	Kobawaka North	Kobawaka North	gnd	210	12	217	15	0	0	0
LK-1312015	Diwalakada	Diwalakada	gnd	163	3	98	8	5	0	0
LK-1312020	Meegahakumbura	Meegahakumbura	gnd	136	9	46	8	2	0	0
LK-1312025	Yahalawatta	Yahalawatta	gnd	120	4	77	3	2	0	0
LK-1312030	Bothale Gamgoda	Bothale Gamgoda	gnd	188	3	1	4	1	0	0
LK-1312035	Kongasthenna	Kongasthenna	gnd	677	35	217	31	26	1	1
LK-1312040	Halwathura	Halwathura	gnd	190	5	71	23	3	0	0
LK-1312045	Amaragedara North	Amaragedara North	gnd	107	3	115	5	6	0	0
LK-1312050	Bothale	Bothale	gnd	174	3	1	0	0	0	0
LK-1312055	Bulathsinhala North	Bulathsinhala North	gnd	253	5	92	4	1	0	0
LK-1312060	Egaloya	Egaloya	gnd	455	30	133	18	7	0	0
LK-1312065	Kobawaka South	Kobawaka South	gnd	164	3	273	37	7	1	0
LK-1312070	Ihala Naragala South	Ihala Naragala South	gnd	129	5	180	9	0	0	0
LK-1312075	Govinna North	Govinna North	gnd	211	15	57	3	1	0	0
LK-1312080	Pahala Naragala	Pahala Naragala	gnd	332	1	58	2	0	0	0
LK-1312085	Dewamulla	Dewamulla	gnd	208	20	210	25	1	0	1
LK-1312090	Govinna South	Govinna South	gnd	274	1	242	3	0	0	0
LK-1312095	Retiyala	Retiyala	gnd	122	3	275	35	2	0	1
LK-1312100	Galahena	Galahena	gnd	537	17	99	3	3	0	1
LK-1312105	Bulathsinhala South	Bulathsinhala South	gnd	164	8	149	0	1	0	0
LK-1312110	Bulathsinhala	Bulathsinhala	gnd	442	9	55	38	4	0	0
LK-1312115	Bulathsinhala Central	Bulathsinhala Central	gnd	112	2	169	4	4	0	0
LK-1312120	Amaragedara South	Amaragedara South	gnd	371	2	0	0	0	0	0
LK-1312125	Delmella	Delmella	gnd	317	3	138	5	2	0	0
LK-1312130	Udugalakanda	Udugalakanda	gnd	301	6	0	12	5	0	2
LK-1312135	Niggaha	Niggaha	gnd	33	0	223	17	2	0	0
LK-1312140	Yatagampitiya	Yatagampitiya	gnd	79	2	223	14	10	0	0
LK-1312145	Karaldekma	Karaldekma	gnd	125	1	191	23	25	0	0
LK-1312150	Bulathsinhala East	Bulathsinhala East	gnd	194	2	163	12	8	0	0
LK-1312155	Damparadugoda	Damparadugoda	gnd	110	11	43	10	3	0	0
LK-1312160	Pahala Welgama	Pahala Welgama	gnd	88	13	92	21	0	0	0
LK-1312165	Bulathsinhala West	Bulathsinhala West	gnd	177	6	233	8	21	0	0
LK-1312170	Diyakaduwa East	Diyakaduwa East	gnd	89	0	133	11	6	0	0
LK-1312175	Diyakaduwa West	Diyakaduwa West	gnd	156	3	81	5	3	0	4
LK-1312180	Bogahawatta	Bogahawatta	gnd	208	7	0	1	0	0	1
LK-1312185	Mahagama North	Mahagama North	gnd	98	4	161	1	2	0	0
LK-1312190	Demodarawatta	Demodarawatta	gnd	158	1	245	22	23	0	5
LK-1312195	Thennahena	Thennahena	gnd	23	0	144	9	14	2	0
LK-1312200	Ihala Welgama	Ihala Welgama	gnd	297	4	57	17	2	0	0
LK-1312205	Paragoda West	Paragoda West	gnd	158	11	135	4	0	0	0
LK-1312210	Paragoda East	Paragoda East	gnd	83	12	297	2	0	0	0
LK-1312215	Molkawa	Molkawa	gnd	82	1	157	3	0	0	1
LK-1312220	Galahitiya	Galahitiya	gnd	14	0	182	1	1	0	0
LK-1312225	Mahagama East	Mahagama East	gnd	151	4	150	1	2	0	0
LK-1312230	Polegoda West	Polegoda West	gnd	148	1	162	3	10	0	1
LK-1312235	Mahagama West	Mahagama West	gnd	232	6	42	4	9	0	3
LK-1312240	Pahala Kudaligama	Pahala Kudaligama	gnd	130	4	216	11	5	0	4
LK-1312245	Ihala Kudaligama	Ihala Kudaligama	gnd	102	0	209	43	25	6	1
LK-1312250	Weyangalla West	Weyangalla West	gnd	353	4	0	0	2	0	1
LK-1312255	Weyangalla East	Weyangalla East	gnd	216	5	0	0	0	0	0
LK-1312260	Mahagama South	Mahagama South	gnd	219	10	22	3	0	0	0
LK-1312265	Muduna	Muduna	gnd	148	2	192	11	14	0	0
LK-1312270	Gamagewatta	Gamagewatta	gnd	68	2	164	0	1	0	0
LK-1315005	Ilimba	Ilimba	gnd	338	10	125	15	2	0	0
LK-1315010	Kandana North	Kandana North	gnd	89	1	75	3	7	0	0
LK-1315015	Kandana South	Kandana South	gnd	155	12	85	15	10	0	0
LK-1315020	Elawella	Elawella	gnd	592	6	83	13	2	0	0
LK-1315025	Bellapitiya West	Bellapitiya West	gnd	287	5	5	0	3	0	0
LK-1315030	Mahena South	Mahena South	gnd	428	6	0	4	6	0	0
LK-1315035	Bellapitiya East	Bellapitiya East	gnd	475	8	157	21	2	0	0
LK-1315040	Walpita	Walpita	gnd	533	5	1	1	1	0	0
LK-1315045	Werawatta	Werawatta	gnd	90	1	68	4	4	0	0
LK-1315050	Peramunagama	Peramunagama	gnd	306	0	86	7	3	0	0
LK-1315055	Weliketella	Weliketella	gnd	276	2	38	8	1	0	0
LK-1315060	Remuna	Remuna	gnd	182	1	113	5	4	0	1
LK-1315065	Mahayala East	Mahayala East	gnd	153	4	2	4	4	0	0
LK-1315070	Kananvila	Kananvila	gnd	122	11	137	1	5	0	0
LK-1315075	Mahayala West	Mahayala West	gnd	104	0	132	17	4	0	0
LK-1315080	Hallankanda	Hallankanda	gnd	51	66	5	1	2	0	0
LK-1315085	Koodella	Koodella	gnd	148	2	143	3	10	0	0
LK-1315090	Madurawala East	Madurawala East	gnd	145	16	31	12	3	0	0
LK-1315095	Kudayala	Kudayala	gnd	132	0	185	15	3	0	0
LK-1315100	Pahala Karannagoda	Pahala Karannagoda	gnd	207	4	5	0	0	0	0
LK-1315105	Anguruwathota	Anguruwathota	gnd	204	30	140	25	0	0	0
LK-1315110	Madurawala West	Madurawala West	gnd	126	21	84	2	0	0	0
LK-1315115	Keselhenawa	Keselhenawa	gnd	303	2	43	1	2	0	0
LK-1315120	Karannagoda	Karannagoda	gnd	172	14	132	12	3	0	0
LK-1315125	Ihala Karannagoda	Ihala Karannagoda	gnd	118	4	68	1	1	0	0
LK-1315130	Katuhena	Katuhena	gnd	103	4	101	13	12	0	0
LK-1315135	Warakagoda North	Warakagoda North	gnd	147	1	196	13	3	0	0
LK-1315140	Warakagoda West	Warakagoda West	gnd	237	4	61	5	2	0	2
LK-1315145	Warakagoda South	Warakagoda South	gnd	380	10	3	18	13	0	1
LK-1315150	Warakagoda East	Warakagoda East	gnd	118	7	154	12	74	0	14
LK-1315155	Nahalla	Nahalla	gnd	111	0	62	3	1	0	0
LK-1315160	Pahalagoda	Pahalagoda	gnd	140	1	20	1	1	0	0
LK-1315165	Ihalagoda	Ihalagoda	gnd	76	5	76	35	4	0	1
LK-1318005	Gungamuwa	Gungamuwa	gnd	497	20	67	21	13	3	1
LK-1318010	Bellanthudawa	Bellanthudawa	gnd	523	12	178	19	5	0	0
LK-1318015	Kelesgamuwa	Kelesgamuwa	gnd	254	1	213	9	1	0	0
LK-1318020	Welikala	Welikala	gnd	689	23	208	21	8	0	0
LK-1318025	Thibbotugoda	Thibbotugoda	gnd	294	24	2	0	0	1	0
LK-1318030	Lenawara	Lenawara	gnd	667	19	91	4	3	0	0
LK-1318035	Halthota	Halthota	gnd	131	4	92	12	13	0	0
LK-1318040	Langana	Langana	gnd	133	15	140	33	4	1	0
LK-1318045	Deldorawatta	Deldorawatta	gnd	299	6	0	24	8	0	1
LK-1318050	Millaniya	Millaniya	gnd	363	26	39	18	4	0	0
LK-1318055	Raddegoda	Raddegoda	gnd	169	9	141	28	11	0	0
LK-1318060	Delkada	Delkada	gnd	360	23	0	2	2	0	0
LK-1318065	Paragasthota	Paragasthota	gnd	221	7	223	12	19	0	0
LK-1318070	Dikhena	Dikhena	gnd	435	9	77	6	5	0	0
LK-1318075	Arakagoda	Arakagoda	gnd	178	5	177	26	1	0	0
LK-1318080	Kennanthudawa	Kennanthudawa	gnd	203	0	43	9	8	0	0
LK-1318085	Mawathgama	Mawathgama	gnd	175	4	21	2	6	0	1
LK-1318090	Yalagala	Yalagala	gnd	288	17	37	3	6	0	0
LK-1318095	Labugama	Labugama	gnd	193	7	108	3	8	0	0
LK-1318100	Pethigamuwa North	Pethigamuwa North	gnd	53	0	131	9	11	0	1
LK-1318105	Pethigamuwa South	Pethigamuwa South	gnd	127	2	166	0	16	0	1
LK-1318110	Weniwelpitiya	Weniwelpitiya	gnd	173	6	166	26	4	0	0
LK-1318115	Millagaspola	Millagaspola	gnd	66	3	69	5	10	0	1
LK-1318120	Boralessa	Boralessa	gnd	357	14	62	4	6	0	0
LK-1318125	Pelpola	Pelpola	gnd	331	2	37	1	2	0	2
LK-1318130	Imbulahena	Imbulahena	gnd	335	4	131	13	16	0	0
LK-1318135	Punsiripura	Punsiripura	gnd	448	13	107	27	9	0	0
LK-1318140	Galpatha West	Galpatha West	gnd	105	3	96	16	11	0	1
LK-1318145	Galpatha East	Galpatha East	gnd	224	18	2	1	0	0	0
LK-1318150	Batagoda	Batagoda	gnd	257	4	90	0	1	0	0
LK-1318155	Mulkadakanda	Mulkadakanda	gnd	150	8	177	17	10	0	0
LK-1318160	Adhikarigoda	Adhikarigoda	gnd	317	7	1	2	5	0	0
LK-1318165	Dombagoda	Dombagoda	gnd	275	39	33	1	0	0	0
LK-1318170	Uduwara North	Uduwara North	gnd	276	1	295	24	33	16	1
LK-1318175	Uduwara West	Uduwara West	gnd	57	0	72	7	9	0	0
LK-1318180	Uduwara East	Uduwara East	gnd	179	2	105	14	8	0	2
LK-1318185	Uduwara South	Uduwara South	gnd	65	1	77	11	4	0	0
LK-1318190	Pathakada	Pathakada	gnd	295	15	0	3	0	0	1
LK-1318195	Panagoda	Panagoda	gnd	79	0	131	4	8	0	0
LK-1318200	Yatawara South	Yatawara South	gnd	17	0	53	0	1	0	0
LK-1318205	Mahadurupitiya	Mahadurupitiya	gnd	26	14	119	0	7	0	1
LK-1318210	Delgoda	Delgoda	gnd	35	2	67	3	1	0	0
LK-1318215	Yatawara North	Yatawara North	gnd	24	2	94	7	6	0	0
LK-1318220	Begamuwa Thalahitiya	Begamuwa Thalahitiya	gnd	80	0	44	0	0	0	0
LK-1321005	Mestiya	Mestiya	gnd	240	20	68	2	2	1	0
LK-1321010	Maha Gonadoowa	Maha Gonadoowa	gnd	589	7	110	10	6	0	0
LK-1321015	Kuda Gonadoowa	Kuda Gonadoowa	gnd	344	5	79	1	6	0	0
LK-1321020	Moronthuduwa North	Moronthuduwa North	gnd	236	3	35	4	1	0	0
LK-1321025	Mawala	Mawala	gnd	407	6	133	12	7	0	0
LK-1321030	Melegama North	Melegama North	gnd	306	0	1	1	0	0	0
LK-1321035	Melegama South	Melegama South	gnd	456	3	81	3	1	1	0
LK-1321040	Habaralagahalanda	Habaralagahalanda	gnd	627	5	227	3	7	0	0
LK-1321045	Pohoddaramulla West	Pohoddaramulla West	gnd	121	2	121	3	12	0	0
LK-1321050	Pohoddaramulla East	Pohoddaramulla East	gnd	669	13	36	2	1	0	0
LK-1321055	Pothupitiya East	Pothupitiya East	gnd	476	29	75	3	2	0	0
LK-1321060	Mawala South	Mawala South	gnd	335	19	54	7	0	0	0
LK-1321065	Maharekma	Maharekma	gnd	433	6	95	7	2	0	0
LK-1321070	Nandoowa	Nandoowa	gnd	182	0	104	26	0	0	2
LK-1321075	Moronthuduwa South	Moronthuduwa South	gnd	765	26	79	12	5	0	0
LK-1321080	Kalapugama	Kalapugama	gnd	305	13	91	2	3	0	0
LK-1321085	Kalapugama West	Kalapugama West	gnd	480	16	71	3	1	0	0
LK-1321090	Ariyagama	Ariyagama	gnd	359	14	137	29	1	1	0
LK-1321095	Deldoowa	Deldoowa	gnd	704	20	1	1	0	0	0
LK-1321100	Nugagoda	Nugagoda	gnd	496	12	196	53	2	0	0
LK-1321105	Pothupitiya South	Pothupitiya South	gnd	198	8	168	15	8	0	1
LK-1321110	Pothupitiya North	Pothupitiya North	gnd	236	45	72	32	31	0	0
LK-1321115	Pothupitiya West	Pothupitiya West	gnd	232	3	113	9	8	0	1
LK-1321120	Meda Pothupitiya	Meda Pothupitiya	gnd	322	8	30	10	1	0	0
LK-1321125	Kuda Waskaduwa West	Kuda Waskaduwa West	gnd	381	23	47	11	5	0	0
LK-1321130	Kuda Waskaduwa North	Kuda Waskaduwa North	gnd	382	5	222	4	5	0	1
LK-1321135	Kuda Waskaduwa East	Kuda Waskaduwa East	gnd	417	26	40	8	6	0	0
LK-1321140	Kapuhena	Kapuhena	gnd	123	2	77	3	0	0	0
LK-1321145	Usgodella	Usgodella	gnd	431	0	85	2	3	0	0
LK-1321150	Panapitiya North	Panapitiya North	gnd	288	12	51	14	3	0	0
LK-1321155	Paraduwa	Paraduwa	gnd	250	5	0	6	4	0	1
LK-1321160	Dodammulla	Dodammulla	gnd	87	0	128	1	6	0	0
LK-1321165	Diyagama	Diyagama	gnd	131	4	137	12	6	0	2
LK-1321170	Panapitiya South	Panapitiya South	gnd	164	3	135	40	18	0	0
LK-1321175	Rannungala	Rannungala	gnd	216	47	97	41	4	0	0
LK-1321180	Uggalbada West	Uggalbada West	gnd	515	7	7	1	0	0	0
LK-1321185	Dediyawala	Dediyawala	gnd	601	4	118	13	1	0	0
LK-1321190	Kuda Waskaduwa South	Kuda Waskaduwa South	gnd	467	27	128	13	3	0	0
LK-1321195	Mahawaskaduwa South	Mahawaskaduwa South	gnd	566	16	101	17	2	0	0
LK-1321200	Mahawaskaduwa North	Mahawaskaduwa North	gnd	168	0	180	3	0	0	2
LK-1321205	Vilegoda North	Vilegoda North	gnd	522	3	18	2	3	0	0
LK-1321210	Malwatta	Malwatta	gnd	185	2	60	6	0	0	1
LK-1321215	Wijerathnawatta	Wijerathnawatta	gnd	439	0	72	4	0	0	0
LK-1321220	Uggalbada East	Uggalbada East	gnd	411	20	0	0	3	0	0
LK-1321225	Thekkawatta	Thekkawatta	gnd	1094	10	44	13	4	1	1
LK-1321230	Jawatta	Jawatta	gnd	352	3	77	3	6	0	0
LK-1321235	Botnikwatta	Botnikwatta	gnd	359	1	63	2	1	0	0
LK-1321240	Kalutara North	Kalutara North	gnd	570	18	59	14	3	0	0
LK-1321245	Deshasthra Kalutara	Deshasthra Kalutara	gnd	504	6	45	16	1	0	0
LK-1321250	Deshasthra Kalutara West	Deshasthra Kalutara West	gnd	518	11	3	1	1	0	0
LK-1321255	Vidyasara	Vidyasara	gnd	561	12	0	0	3	0	0
LK-1321260	Thotupala	Thotupala	gnd	230	88	38	1	0	0	0
LK-1321265	Ethanamadala	Ethanamadala	gnd	594	25	197	40	2	0	0
LK-1321270	Palathota	Palathota	gnd	382	4	9	0	0	0	0
LK-1321275	Welapura	Welapura	gnd	328	8	36	4	2	0	0
LK-1321280	Kalutara South	Kalutara South	gnd	343	2	0	0	0	1	0
LK-1321285	Kuda Heenatiyangala	Kuda Heenatiyangala	gnd	563	17	25	5	2	0	0
LK-1321290	Ilukwatta	Ilukwatta	gnd	567	4	31	8	2	0	0
LK-1321295	Vilegoda South	Vilegoda South	gnd	113	0	121	15	6	0	0
LK-1321300	Godaparagahahena	Godaparagahahena	gnd	294	7	4	7	4	0	0
LK-1321305	Kithulawa	Kithulawa	gnd	728	11	133	19	11	0	1
LK-1321310	Alwiswatta	Alwiswatta	gnd	218	2	67	7	4	0	0
LK-1321315	Etavila	Etavila	gnd	617	6	23	0	0	0	0
LK-1321320	Akkaragoda	Akkaragoda	gnd	324	2	3	0	0	0	0
LK-1321325	Mahawatta	Mahawatta	gnd	474	18	2	0	1	4	0
LK-1321330	Kalutara South A	Kalutara South A	gnd	293	1	12	0	0	0	0
LK-1321335	Kalapuwa	Kalapuwa	gnd	372	21	21	0	2	0	0
LK-1321340	Wettumakada	Wettumakada	gnd	452	5	0	0	0	0	0
LK-1321345	Kurunduwatta	Kurunduwatta	gnd	624	9	2	0	3	0	1
LK-1321350	Maha Heenatiyangala	Maha Heenatiyangala	gnd	797	14	51	15	5	0	0
LK-1321355	Wattamulla	Wattamulla	gnd	553	102	12	2	2	0	0
LK-1321360	Alubogahalanda	Alubogahalanda	gnd	632	14	46	10	2	0	0
LK-1321365	Rajawatta Aluth Kotasa	Rajawatta Aluth Kotasa	gnd	135	7	0	1	1	0	0
LK-1321370	Rajawatta Parana Kotasa	Rajawatta Parana Kotasa	gnd	148	6	126	3	8	0	0
LK-1321375	Pulartan	Pulartan	gnd	923	12	79	1	7	0	0
LK-1321380	Uswatta	Uswatta	gnd	543	1	6	0	0	0	0
LK-1321385	Katukurunda	Katukurunda	gnd	298	1	0	6	4	0	0
LK-1321390	Kalamulla North	Kalamulla North	gnd	494	1	18	2	1	0	0
LK-1321395	Nagoda West	Nagoda West	gnd	857	5	56	10	2	0	0
LK-1321400	Kajudoowawatta	Kajudoowawatta	gnd	361	1	143	8	1	0	0
LK-1321405	Nagoda South	Nagoda South	gnd	884	12	115	12	3	0	0
LK-1321410	Weniwelketiya	Weniwelketiya	gnd	710	9	24	7	1	0	0
LK-1321415	Gallassa	Gallassa	gnd	233	21	134	15	5	0	0
LK-1321420	Kalamulla East	Kalamulla East	gnd	277	6	3	1	2	0	0
LK-1321425	Kalamulla South	Kalamulla South	gnd	307	10	73	1	1	0	0
LK-1321430	Ethagama West	Ethagama West	gnd	248	3	1	1	5	0	0
LK-1321435	Ethagama East	Ethagama East	gnd	297	1	97	1	2	0	0
LK-1324005	Kuda Payagala North	Kuda Payagala North	gnd	490	2	0	0	1	0	0
LK-1324010	Mehimulla	Mehimulla	gnd	287	7	80	13	6	0	0
LK-1324015	Pambe	Pambe	gnd	379	9	1	2	1	0	1
LK-1324020	Hirigalgodella	Hirigalgodella	gnd	482	15	152	29	25	0	1
LK-1324025	Malegoda	Malegoda	gnd	825	7	1	2	6	0	7
LK-1324030	Kuda Payagala South	Kuda Payagala South	gnd	336	1	3	0	0	0	0
LK-1324035	Payagala North	Payagala North	gnd	554	7	19	1	7	0	0
LK-1324040	Pinidiyamulla	Pinidiyamulla	gnd	468	7	132	9	10	0	0
LK-1324045	Viharakanda	Viharakanda	gnd	114	2	183	15	19	0	0
LK-1324050	Palayangoda	Palayangoda	gnd	514	11	85	3	2	0	0
LK-1324055	Weragala	Weragala	gnd	462	9	246	18	21	0	0
LK-1324060	Katukurundugahalanda East	Katukurundugahalanda East	gnd	224	4	219	11	31	0	0
LK-1324065	Katukurundugahalanda West	Katukurundugahalanda West	gnd	205	5	94	22	15	0	0
LK-1324070	Pothuvila East	Pothuvila East	gnd	374	7	105	25	2	0	0
LK-1324075	Mahagammedda	Mahagammedda	gnd	429	3	99	8	2	0	0
LK-1324080	Maha Payagala	Maha Payagala	gnd	334	7	0	0	1	0	0
LK-1324085	Pothuvila West	Pothuvila West	gnd	265	40	23	12	11	0	0
LK-1324090	Munasinghagoda	Munasinghagoda	gnd	286	0	91	10	7	0	0
LK-1324095	Diyalagoda	Diyalagoda	gnd	462	6	162	14	4	0	0
LK-1324100	Kapugoda	Kapugoda	gnd	254	7	129	10	3	0	0
LK-1324105	Halkandavila	Halkandavila	gnd	208	2	244	16	15	0	3
LK-1324110	Yovungama	Yovungama	gnd	115	1	182	0	14	0	0
LK-1324115	Doowegoda	Doowegoda	gnd	226	1	402	18	21	0	0
LK-1324120	Kendagahavila	Kendagahavila	gnd	267	13	230	29	6	0	0
LK-1324125	Munhena	Munhena	gnd	728	14	0	0	4	1	0
LK-1324130	Maggona East	Maggona East	gnd	611	31	166	21	12	2	1
LK-1324135	Akkaramale	Akkaramale	gnd	553	47	40	2	2	0	0
LK-1324140	Maggona West	Maggona West	gnd	270	1	0	0	0	0	0
LK-1324145	Idiriligoda	Idiriligoda	gnd	275	15	0	1	1	0	0
LK-1324150	Kuda Magalkanda	Kuda Magalkanda	gnd	161	5	0	0	0	0	0
LK-1324155	Magalkanda North	Magalkanda North	gnd	174	0	118	10	8	0	0
LK-1324160	Magalkanda South	Magalkanda South	gnd	460	19	69	0	1	0	0
LK-1324165	Akkara Asoowa	Akkara Asoowa	gnd	394	5	59	10	2	0	0
LK-1324170	Bubulalanda	Bubulalanda	gnd	174	1	213	22	15	0	0
LK-1324175	Kadurugasmulla	Kadurugasmulla	gnd	299	8	241	24	8	0	0
LK-1324180	Bandanagoda	Bandanagoda	gnd	171	5	198	21	7	0	0
LK-1324185	Kalavilakanda	Kalavilakanda	gnd	141	12	146	3	1	1	1
LK-1324190	Walathara	Walathara	gnd	802	7	145	4	1	0	0
LK-1324195	Pannila	Pannila	gnd	205	6	134	15	8	0	0
LK-1324200	Cheenakotuwa	Cheenakotuwa	gnd	636	206	0	0	1	0	0
LK-1324205	Akkaragoda	Akkaragoda	gnd	604	11	1	0	0	0	0
LK-1324210	Karandagoda	Karandagoda	gnd	313	1	0	2	4	0	1
LK-1324215	Marakkalahawatta	Marakkalahawatta	gnd	589	13	149	9	3	0	1
LK-1324220	Polkotuwa	Polkotuwa	gnd	661	17	7	3	0	3	0
LK-1324225	Paranakade	Paranakade	gnd	265	1	1	0	0	1	0
LK-1324230	Maradana	Maradana	gnd	1407	32	12	5	1	0	0
LK-1324235	Hettiyakanda	Hettiyakanda	gnd	523	11	16	9	7	0	0
LK-1324240	Massalgoda	Massalgoda	gnd	446	5	11	1	2	0	0
LK-1324245	Kankanamgoda	Kankanamgoda	gnd	1315	8	61	11	0	0	1
LK-1324250	Ambepitiya	Ambepitiya	gnd	962	42	114	11	3	1	2
LK-1324255	Pinhena	Pinhena	gnd	322	6	71	0	1	0	0
LK-1324260	Pinhena Colony	Pinhena Colony	gnd	146	2	120	15	1	0	0
LK-1324265	Kalavila	Kalavila	gnd	431	3	177	1	2	0	0
LK-1324270	Malewangoda	Malewangoda	gnd	208	5	167	8	1	0	0
LK-1324275	Padagoda	Padagoda	gnd	190	1	165	14	2	0	0
LK-1324280	Hettimulla	Hettimulla	gnd	568	1	0	0	2	0	0
LK-1324285	Mahagoda	Mahagoda	gnd	1261	29	16	4	5	0	0
LK-1324290	Maligahena	Maligahena	gnd	592	52	32	1	0	0	0
LK-1324295	Moragalla	Moragalla	gnd	557	17	118	4	4	1	0
LK-1324300	Mullapitiya	Mullapitiya	gnd	201	1	137	24	8	0	0
LK-1324305	Gammedda	Gammedda	gnd	267	1	46	10	1	0	0
LK-1324310	Kaluwamodara North	Kaluwamodara North	gnd	178	0	106	9	5	0	0
LK-1324315	Galhena	Galhena	gnd	232	0	115	10	3	0	1
LK-1324320	Alakadupitiya	Alakadupitiya	gnd	430	2	8	0	0	0	0
LK-1324325	Welipitiya	Welipitiya	gnd	575	45	38	23	4	0	0
LK-1324330	Pathirajagoda	Pathirajagoda	gnd	121	9	60	11	3	0	0
LK-1324335	Kadiyawatta	Kadiyawatta	gnd	202	1	0	0	0	0	0
LK-1324340	Malewana	Malewana	gnd	537	9	54	7	2	0	0
LK-1324345	Adikarigoda	Adhikarigoda	gnd	265	1	0	0	0	0	0
LK-1324350	Nakandalagoda	Nakandalagoda	gnd	384	19	12	3	1	0	0
LK-1324355	Danwattagoda	Danwattagoda	gnd	116	3	0	1	0	0	0
LK-1324360	Kotapitiya	Kotapitiya	gnd	165	5	21	1	0	0	0
LK-1324365	Warapitiya	Warapitiya	gnd	699	17	66	3	1	0	0
LK-1324370	Dharga Town East	Dharga Town East	gnd	474	44	4	4	1	0	0
LK-1324375	Ganga Addara	Ganga Addara	gnd	417	3	42	7	0	0	0
LK-1324380	Dharga Town	Dharga Town	gnd	661	8	0	2	0	0	0
LK-1324385	Kaluwamodara East	Kaluwamodara East	gnd	259	9	94	6	6	0	0
LK-1324390	Kaluwamodara West	Kaluwamodara West	gnd	300	3	140	11	1	0	0
LK-1324395	Ganegama	Ganegama	gnd	293	7	3	6	9	0	0
LK-1324400	Seenawatta	Seenawatta	gnd	529	14	2	2	0	0	0
LK-1324405	Aluthgama East	Aluthgama East	gnd	288	6	25	0	1	0	0
LK-1324410	Aluthgama West	Aluthgama West	gnd	196	8	4	2	0	0	0
LK-1327005	Koholana North	Koholana North	gnd	232	0	0	0	0	0	0
LK-1327010	Ukwatta	Ukwatta	gnd	118	0	55	2	2	0	0
LK-1327015	Bolossagama	Bolossagama	gnd	127	0	116	6	2	0	0
LK-1327020	Remunagoda North	Remunagoda North	gnd	165	10	22	9	13	0	0
LK-1327025	Pelapitiyagoda	Pelapitiyagoda	gnd	316	8	0	5	1	0	0
LK-1327030	Pelapitiyagoda North	Pelapitiyagoda North	gnd	150	2	187	4	2	9	0
LK-1327035	Pahala Nebada	Pahala Nebada	gnd	133	2	217	38	12	15	0
LK-1327040	Nebada	Nebada	gnd	172	4	133	17	7	6	1
LK-1327045	Nebada West	Nebada West	gnd	30	0	78	14	8	0	1
LK-1327050	Thebuwana East	Thebuwana East	gnd	219	20	285	54	7	0	0
LK-1327055	Thebuwana West	Thebuwana West	gnd	88	4	249	25	3	0	0
LK-1327060	Remunagoda South	Remunagoda South	gnd	109	0	72	3	2	0	0
LK-1327065	Gamagoda East	Gamagoda East	gnd	334	1	63	8	6	0	1
LK-1327070	Serupita East	Serupita East	gnd	277	10	124	7	3	0	1
LK-1327075	Serupita West	Serupita West	gnd	163	2	51	5	0	0	0
LK-1327080	Koholana South	Koholana South	gnd	63	1	115	2	6	0	1
LK-1327085	Adhikarigoda	Adhikarigoda	gnd	231	3	129	8	3	0	0
LK-1327090	Gamagoda West	Gamagoda West	gnd	390	7	121	6	5	0	1
LK-1327095	Bombuwala North - West	Bombuwala North-West	gnd	549	15	108	17	5	0	1
LK-1327100	Bombuwala North - Central	Bombuwala North-Central	gnd	385	10	81	5	3	0	1
LK-1327105	Bombuwala North - East	Bombuwala North-East	gnd	295	5	0	0	1	0	0
LK-1327110	Bombuwala South - West	Bombuwala South-West	gnd	374	5	25	8	6	0	0
LK-1327115	Bombuwala South - Central	Bombuwala South-Central	gnd	529	6	192	8	3	2	0
LK-1327120	Bombuwala South - East	Bombuwala South-East	gnd	291	13	192	4	15	0	0
LK-1327125	Thudugala East	Thudugala East	gnd	269	28	0	1	1	0	1
LK-1327130	Wellatha	Wellatha	gnd	293	20	0	1	1	0	0
LK-1327135	Ihala Nebada	Ihala Nebada	gnd	66	8	139	5	0	0	0
LK-1327140	Wattahena	Wattahena	gnd	38	1	163	25	11	0	0
LK-1327145	Nehinna	Nehinna	gnd	257	3	84	6	13	0	1
LK-1327150	Wadugama	Wadugama	gnd	351	8	107	37	23	0	0
LK-1327155	Thudugala West	Thudugala West	gnd	331	13	1	0	0	0	0
LK-1327160	Dodangoda East - North	Dodangoda East-North	gnd	394	15	66	6	0	1	0
LK-1327165	Dodangoda West - North	Dodangoda West-North	gnd	539	9	161	6	3	0	0
LK-1327170	Dodangoda West - North West	Dodangoda West-North West	gnd	785	9	96	6	5	0	0
LK-1327175	Dodangoda West	Dodangoda West	gnd	859	3	157	7	3	0	0
LK-1327180	Dodangoda West - Central	Dodangoda West-Central	gnd	223	1	0	1	0	0	0
LK-1327185	Dodangoda West - South	Dodangoda West-South	gnd	440	13	157	9	1	0	0
LK-1327190	Dodangoda East - South	Dodangoda East-South	gnd	555	11	84	6	2	0	0
LK-1327195	Sapugahawatta	Sapugahawatta	gnd	381	16	4	19	4	0	0
LK-1327200	Puhambugoda East	Puhambugoda East	gnd	337	8	135	12	14	0	0
LK-1327205	Dodangoda East	Dodangoda East	gnd	273	4	31	5	0	0	0
LK-1327210	Dodangoda East - Central	Dodangoda East-Central	gnd	584	30	3	6	11	5	1
LK-1327215	Puhambugoda West	Puhambugoda West	gnd	147	3	132	16	4	0	0
LK-1327220	Eladoowa	Eladoowa	gnd	343	49	44	3	9	1	0
LK-1327225	Galpottavila	Galpottavila	gnd	79	3	99	7	11	1	1
LK-1330005	Iddagoda West	Iddagoda West	gnd	194	10	2	3	2	0	0
LK-1330010	Iddagoda East	Iddagoda East	gnd	259	5	108	12	8	0	0
LK-1330015	Hiriketiya	Hiriketiya	gnd	198	2	0	0	0	0	0
LK-1330020	Panthiya	Panthiya	gnd	242	39	172	21	19	0	0
LK-1330025	Welimanana	Welimanana	gnd	532	17	62	9	3	0	0
LK-1330030	Bopitiya East	Bopitiya East	gnd	267	5	65	3	3	0	0
LK-1330035	Yattovita	Yattovita	gnd	472	3	28	1	1	0	0
LK-1330040	Mathugama West	Mathugama West	gnd	563	13	21	4	1	0	2
LK-1330045	Mathugama North	Mathugama North	gnd	502	13	114	4	6	0	0
LK-1330050	Gurudola	Gurudola	gnd	89	3	40	2	1	0	0
LK-1330055	Wettewa	Wettewa	gnd	497	6	141	3	3	0	0
LK-1330060	Mathugama East	Mathugama East	gnd	540	6	98	11	5	0	1
LK-1330065	Mathugama South	Mathugama South	gnd	468	4	122	14	11	0	0
LK-1330070	Naravila	Naravila	gnd	479	11	97	2	6	0	5
LK-1330075	Bopitiya West	Bopitiya West	gnd	285	3	88	16	5	0	0
LK-1330080	Diyagala	Diyagala	gnd	178	4	94	5	2	0	0
LK-1330085	Thambaretiya	Thambaretiya	gnd	375	9	2	0	3	0	0
LK-1330090	Yatadolawatta East	Yatadolawatta East	gnd	808	25	48	10	3	0	0
LK-1330095	Yatadolawatta West	Yatadolawatta West	gnd	567	24	113	16	19	0	1
LK-1330100	Aluthgamgoda	Aluthgamgoda	gnd	143	4	282	36	3	0	0
LK-1330105	Navuttuduwa	Navuttuduwa	gnd	425	15	10	2	3	0	0
LK-1330110	Keeranthidiya	Keeranthidiya	gnd	341	3	200	18	32	0	0
LK-1330115	Pussalamulla	Pussalamulla	gnd	275	3	219	9	0	0	0
LK-1330120	Kolehekada	Kolehekada	gnd	374	49	45	1	6	1	1
LK-1330125	Kotagedara	Kotagedara	gnd	315	40	11	14	21	0	0
LK-1330130	Henegama	Henegama	gnd	348	11	132	28	14	0	0
LK-1330135	Badugama	Badugama	gnd	630	9	44	5	2	0	0
LK-1330140	Ovitigala	Ovitigala	gnd	486	4	133	10	4	0	0
LK-1330145	Sandasirigama	Sandasirigama	gnd	169	0	278	9	16	0	0
LK-1330150	Badugama New Colony	Badugama New Colony	gnd	200	13	83	4	3	70	1
LK-1330155	Horawala East	Horawala East	gnd	218	0	0	2	9	0	0
LK-1330160	Horawala North	Horawala North	gnd	237	3	19	4	2	0	0
LK-1330165	Horawala	Horawala	gnd	236	13	52	7	0	0	0
LK-1330170	Horawala West	Horawala West	gnd	470	20	5	1	1	0	1
LK-1330175	Welipenna East - South	Welipenna East South	gnd	175	21	0	7	2	0	0
LK-1330180	Welipenna West	Welipenna West	gnd	548	15	317	23	6	0	0
LK-1330185	Welipenna East - North	Welipenna East-North	gnd	461	30	28	0	2	0	0
LK-1330190	Dippita	Dippita	gnd	191	9	91	1	3	0	0
LK-1330195	Lewwanduwa North	Lewwanduwa North	gnd	166	0	0	0	0	0	0
LK-1330200	Henpita	Henpita	gnd	209	1	0	0	1	0	0
LK-1330205	Galmatta	Galmatta	gnd	211	10	2	11	7	1	4
LK-1330210	Walagedara North	Walagedara North	gnd	286	3	13	0	1	0	1
LK-1330215	Warakatholla	Warakatholla	gnd	321	19	82	14	5	0	1
LK-1330220	Nugagahalanda	Nugagahalanda	gnd	108	2	100	5	14	0	0
LK-1330225	Keppetiyagahalanda	Keppetiyagahalanda	gnd	161	8	142	5	7	0	0
LK-1330230	Bondupitiya	Bondupitiya	gnd	123	1	0	0	0	0	0
LK-1330235	Andawala	Andawala	gnd	260	0	30	0	8	0	0
LK-1330240	Thalgasgoda	Thalgasgoda	gnd	708	10	66	0	3	0	0
LK-1330245	Indigasthuduwa	Indigasthuduwa	gnd	147	3	0	0	4	0	1
LK-1330250	Ladduwa	Ladduwa	gnd	66	1	77	7	4	0	0
LK-1330255	Meegama	Meegama	gnd	189	7	55	2	3	0	1
LK-1330260	Dewagoda	Dewagoda	gnd	97	0	161	13	31	0	0
LK-1330265	Walagedara South	Walagedara South	gnd	230	11	115	1	1	0	0
LK-1330270	Kurudippita	Kurudippita	gnd	187	4	0	0	0	0	0
LK-1330275	Lewwanduwa West	Lewwanduwa West	gnd	254	1	32	11	4	0	0
LK-1330280	Lewwanduwa East	Lewwanduwa East	gnd	141	0	78	1	1	0	0
LK-1330285	Madawala	Madawala	gnd	212	1	0	2	2	0	0
LK-1333005	Girikola	Girikola	gnd	236	2	150	5	6	0	1
LK-1333010	Pimbura	Pimbura	gnd	295	12	112	3	2	0	0
LK-1333015	Omatta	Omatta	gnd	246	4	0	0	6	0	0
LK-1333020	Omatta East	Omatta East	gnd	20	1	114	3	6	0	0
LK-1333025	Evariwatta	Evariwatta	gnd	37	3	222	1	2	0	0
LK-1333030	Kekulandala South	Kekulandala South	gnd	241	10	171	22	8	1	0
LK-1333035	Halovita	Halovita	gnd	80	4	135	3	4	0	0
LK-1333040	Udawela	Udawela	gnd	123	7	241	8	1	0	0
LK-1333045	Helamba	Helamba	gnd	399	31	36	1	3	0	0
LK-1333050	Yatiyana West	Yatiyana West	gnd	488	11	84	15	7	1	1
LK-1333055	Gorokgoda	Gorokgoda	gnd	281	1	219	16	9	0	1
LK-1333060	Beragama	Beragama	gnd	123	4	100	6	8	0	0
LK-1333065	Agalawatta	Agalawatta	gnd	172	1	42	1	3	0	0
LK-1333070	Kekulandala North	Kekulandala North	gnd	325	4	71	2	3	0	0
LK-1333075	Dapiligoda	Dapiligoda	gnd	225	12	161	6	4	0	0
LK-1333080	Wandurabba	Wandurabba	gnd	348	15	102	1	0	0	0
LK-1333085	Yatiyana East	Yatiyana East	gnd	399	4	54	3	3	0	0
LK-1333090	Pinnagoda	Pinnagoda	gnd	196	4	138	12	4	0	0
LK-1333095	Bodhiyakanda	Bodhiyakanda	gnd	92	6	0	0	0	0	0
LK-1333100	Mulatiyana	Mulatiyana	gnd	90	0	56	0	1	0	0
LK-1333105	Ridirekhagama	Ridirekhagama	gnd	113	1	92	11	0	13	0
LK-1333110	Kithulgoda	Kithulgoda	gnd	186	6	249	5	18	0	0
LK-1333115	Kithulgoda South	Kithulgoda South	gnd	62	7	141	5	0	0	0
LK-1333120	Kuda Kalupahana	Kuda Kalupahana	gnd	62	3	94	11	4	0	0
LK-1333125	Kalupahana	Kalupahana	gnd	262	8	0	2	4	0	0
LK-1333130	Kevitiyagala North	Kevitiyagala North	gnd	68	4	115	11	9	0	1
LK-1333135	Diyapattugama	Diyapattugama	gnd	139	2	180	5	1	0	0
LK-1333140	Kurupita	Kurupita	gnd	65	0	125	2	9	0	0
LK-1333145	Harankahapatha	Harankahapatha	gnd	102	4	90	8	1	0	0
LK-1333150	Kevitiyagala	Kevitiyagala	gnd	240	3	0	1	1	0	0
LK-1333155	Polgampala	Polgampala	gnd	140	3	90	14	1	0	1
LK-1333160	Polgampala East	Polgampala East	gnd	159	3	40	5	2	0	0
LK-1333165	Rathmale East	Rathmale East	gnd	143	2	175	13	7	0	0
LK-1333170	Rathmale	Rathmale	gnd	56	0	144	4	2	0	0
LK-1336005	Kosgulana	Kosgulana	gnd	24	5	130	8	4	0	1
LK-1336010	Kelinkanda	Kelinkanda	gnd	24	7	235	6	2	0	0
LK-1336015	Kelinkanda Colony	Kelinkanda Colony	gnd	134	19	105	7	6	0	0
LK-1336020	Walakada	Walakada	gnd	91	16	112	7	20	0	10
LK-1336025	Kapugedara	Kapugedara	gnd	59	1	230	5	14	1	1
LK-1336030	Galahitiya	Galahitiya	gnd	103	11	393	34	23	0	1
LK-1336035	Ilukpatha	Ilukpatha	gnd	47	8	310	12	15	0	2
LK-1336040	Pelenda West	Pelenda West	gnd	345	10	175	55	25	0	2
LK-1336045	Pelenda	Pelenda	gnd	260	4	274	16	10	0	1
LK-1336050	Bampara	Bampara	gnd	142	0	0	0	3	0	0
LK-1336055	Ambegoda	Ambegoda	gnd	85	2	179	22	14	0	3
LK-1336060	Morapitiya North	Morapitiya North	gnd	277	18	89	14	16	0	0
LK-1336065	Morapitiya	Morapitiya	gnd	192	21	116	3	6	0	1
LK-1336070	Midalana West	Midalana West	gnd	70	3	135	10	10	0	0
LK-1336075	Maragahadeniya	Maragahadeniya	gnd	285	31	326	26	11	1	2
LK-1336080	Lathpandura East	Lathpandura East	gnd	175	5	258	6	2	0	0
LK-1336085	Bellana East	Bellana East	gnd	143	6	168	30	16	0	0
LK-1336090	Viharagama	Viharagama	gnd	313	7	5	4	3	0	0
LK-1336095	Kapugama	Kapugama	gnd	99	1	37	1	0	0	0
LK-1336100	Bellana	Bellana	gnd	218	9	134	8	13	0	1
LK-1336105	Yakupitiya	Yakupitiya	gnd	196	1	66	5	3	0	0
LK-1336110	Lathpandura	Lathpandura	gnd	328	7	86	9	3	0	0
LK-1336115	Kamburawala	Kamburawala	gnd	415	9	147	3	3	0	1
LK-1336120	Baduraliya	Baduraliya	gnd	472	4	148	19	2	0	1
LK-1336125	Diggoda	Diggoda	gnd	255	2	123	12	1	0	0
LK-1336130	Midalana	Midalana	gnd	65	7	323	13	5	0	0
LK-1336135	Morapitiya South	Morapitiya South	gnd	178	1	0	0	3	0	0
LK-1336140	Athwelthota	Athwelthota	gnd	220	7	96	6	11	1	0
LK-1336145	Diganna	Diganna	gnd	217	10	2	5	10	0	0
LK-1336150	Batahena	Batahena	gnd	156	20	111	9	5	0	0
LK-1336155	Hedigalla	Hedigalla	gnd	193	5	277	31	1	0	0
LK-1336160	Magura East	Magura East	gnd	127	3	55	8	4	0	0
LK-1336165	Magura West	Magura West	gnd	135	8	158	5	6	0	0
LK-1336170	Addaragoda	Addaragoda	gnd	100	2	77	5	4	0	0
LK-1336175	Penigala	Penigala	gnd	131	19	10	3	3	0	0
LK-1336180	Kalugala	Kalugala	gnd	259	20	105	15	4	0	0
LK-1336185	Athale	Athale	gnd	48	1	138	6	5	0	2
LK-1336190	Ingurudaluwa	Ingurudaluwa	gnd	71	9	208	17	3	0	0
LK-1336195	Bollunna	Bollunna	gnd	34	6	202	19	3	0	0
LK-1336200	Kalukandawa	Kalukandawa	gnd	22	0	10	1	0	0	0
LK-1336205	Batagodavila	Batagodavila	gnd	112	5	245	20	7	0	0
LK-1336210	Boralugoda	Boralugoda	gnd	73	3	22	1	6	0	1
LK-1336215	Thiniyawala	Thiniyawala	gnd	520	43	324	28	9	0	2
LK-1339005	Pannila South	Pannila South	gnd	117	6	138	27	3	0	2
LK-1339010	Pannila East	Pannila East	gnd	287	4	33	5	21	0	0
LK-1339015	Uragoda West	Uragoda West	gnd	64	0	72	5	3	0	0
LK-1339020	Uragoda East	Uragoda East	gnd	71	0	32	1	2	0	0
LK-1339025	Lihiniyawa West	Lihiniyawa West	gnd	196	3	73	4	3	0	0
LK-1339030	Lihiniyawa East	Lihiniyawa East	gnd	342	10	1	8	7	0	0
LK-1339035	Moragala	Moragala	gnd	257	6	139	17	2	0	0
LK-1339040	Meegahathenna	Meegahathenna	gnd	474	12	3	2	5	0	0
LK-1339045	Mallawachchigoda Gangabada	Mallawachchigoda Gangabada	gnd	125	2	174	1	1	0	0
LK-1339050	Bothalawa	Bothalawa	gnd	70	0	161	16	6	0	1
LK-1339055	Kumbadoowa	Kumbadoowa	gnd	283	0	126	12	9	0	0
LK-1339060	Maddegama	Maddegama	gnd	312	3	2	3	4	0	1
LK-1339065	Bogodakanda	Bogodakanda	gnd	118	0	116	14	3	0	0
LK-1339070	Halwalakele Malwathukanda	Halwalakele Malwathukanda	gnd	13	13	79	1	0	0	0
LK-1339075	Uthumgama	Uthumgama	gnd	210	3	2	3	1	0	1
LK-1339080	Kuda Mathugama	Kuda Mathugama	gnd	155	0	38	0	4	0	0
LK-1339085	Pareigama North	Pareigama North	gnd	144	0	79	3	2	0	0
LK-1339090	Halwala	Halwala	gnd	126	3	121	5	6	0	1
LK-1339095	Pannila	Pannila	gnd	231	18	5	1	0	0	0
LK-1339100	Miriswatta	Miriswatta	gnd	119	30	126	43	10	0	2
LK-1339105	Ittapana North	Ittapana North	gnd	215	12	7	2	3	0	0
LK-1339110	Malambehena	Malambehena	gnd	82	1	185	12	8	0	0
LK-1339115	Ittapana West	Ittapana West	gnd	104	1	85	1	1	0	0
LK-1339120	Ittapana South	Ittapana South	gnd	168	1	0	0	0	0	0
LK-1339125	Ittapana East	Ittapana East	gnd	201	3	2	0	2	0	0
LK-1339130	Loolbadduwa	Loolbadduwa	gnd	316	1	45	0	5	0	0
LK-1339135	Pareigama South	Pareigama South	gnd	65	0	155	8	9	0	1
LK-1339140	Gulavita North	Gulavita North	gnd	148	6	10	0	1	0	1
LK-1339145	Wedawatta	Wedawatta	gnd	152	0	93	3	1	0	0
LK-1339150	Katukele Welmeegoda	Katukele Welmeegoda	gnd	369	1	3	4	2	0	0
LK-1339155	Ranepuragoda	Ranepuragoda	gnd	221	0	15	3	6	0	0
LK-1339160	Mandagala	Mandagala	gnd	112	5	155	1	0	0	4
LK-1339165	Yattapatha	Yattapatha	gnd	85	2	278	9	10	0	0
LK-1339170	Pahala Hewessa North	Pahala Hewessa North	gnd	243	5	80	0	6	0	0
LK-1339175	Pahala Hewessa South	Pahala Hewessa South	gnd	97	5	135	2	2	0	1
LK-1339180	Pelawatta East	Pelawatta East	gnd	226	6	1	1	1	0	2
LK-1339185	Pelawatta	Pelawatta	gnd	247	1	47	4	0	0	0
LK-1339190	Pelawatta West North	Pelawatta West North	gnd	160	1	230	18	5	0	0
LK-1339195	Makalandawa	Makalandawa	gnd	84	3	107	2	0	0	0
LK-1339200	Makalandawa South	Makalandawa South	gnd	153	2	12	0	0	0	0
LK-1339205	Gulavita South	Gulavita South	gnd	66	0	135	2	3	0	0
LK-1339210	Udugama	Udugama	gnd	68	0	96	4	4	0	0
LK-1339215	Karapagala	Karapagala	gnd	235	8	6	1	1	0	1
LK-1339220	Gammana East	Gammana East	gnd	129	2	0	1	0	0	2
LK-1339225	Gammana West	Gammana West	gnd	158	4	80	5	3	0	0
LK-1339230	Gorakadoowa	Gorakadoowa	gnd	73	0	175	9	10	0	0
LK-1339235	Yagirala	Yagirala	gnd	274	0	0	0	3	0	1
LK-1339240	Katudora	Katudora	gnd	45	1	167	4	1	0	1
LK-1339245	Magurumasvila	Magurumasvila	gnd	198	0	0	0	4	0	0
LK-1339250	Walallavita East	Walallavita East	gnd	147	2	47	0	0	0	0
LK-1339255	Pelawatta West South	Pelawatta West South	gnd	290	3	112	2	3	0	1
LK-1339260	Gorakadoowa	Gorakadoowa	gnd	290	19	170	6	7	0	0
LK-1339265	Miriswatta	Miriswatta	gnd	101	0	147	15	5	0	0
LK-1339270	Thundola	Thundola	gnd	178	6	125	2	7	0	1
LK-1339275	Weerakanda	Weerakanda	gnd	7	0	111	2	3	0	0
LK-1339280	Gulanawatta	Gulanawatta	gnd	86	2	238	8	0	0	0
LK-1339285	Kankotawatta	Kankotawatta	gnd	252	9	1	1	16	0	0
LK-1339290	Ihala Hewessa	Ihala Hewessa	gnd	116	6	98	5	2	0	0
LK-1339295	Walallavita South	Walallavita South	gnd	70	2	74	1	0	0	0
LK-1339300	Thotaha	Thotaha	gnd	72	4	158	4	2	0	0
LK-2103005	Meegahahena South	Meegahahena South	gnd	59	0	148	28	0	0	0
LK-2103010	Meegahahena	Meegahahena	gnd	130	3	1	4	3	0	0
LK-2103015	Galabawa	Galabawa	gnd	48	0	107	0	1	0	1
LK-2103020	Kobbegala	Kobbegala	gnd	60	2	30	9	4	0	1
LK-2103025	Ambagahahena	Ambagahahena	gnd	92	0	27	0	0	0	0
LK-2103030	Rokhill	Rokhill	gnd	93	10	52	5	0	0	0
LK-2103035	Akkarawatta	Akkarawatta	gnd	21	0	53	2	0	0	0
LK-2103040	Bonakot	Bonakot	gnd	77	3	54	1	1	0	0
LK-2103045	Haddapitiya	Haddapitiya	gnd	149	8	63	4	0	0	0
LK-2103050	Delgasyaya	Delgasyaya	gnd	54	0	34	0	0	0	0
LK-2103055	Gallenawatta	Gallenawatta	gnd	31	5	71	20	5	0	0
LK-2103060	Kandanhena East	Kandanhena East	gnd	70	0	96	4	6	0	0
LK-2103065	Namaltenna	Namaltenna	gnd	162	8	57	3	2	0	0
LK-2103070	Alawattegama	Alawattegama	gnd	38	2	51	3	0	0	0
LK-2103075	Kumburegama	Kumburegama	gnd	149	0	53	1	1	0	0
LK-2103080	Ban Anga	Ban Anga	gnd	75	1	53	6	2	0	0
LK-2103085	Ethamulla	Ethamulla	gnd	114	3	76	13	6	0	1
LK-2103090	Palukopi Watta	Palukopi Watta	gnd	192	3	32	0	2	0	0
LK-2103095	Damunugasthenna	Damunugasthenna	gnd	79	3	106	3	0	0	0
LK-2103100	Galagedara West	Galagedara West	gnd	236	1	45	4	0	0	0
LK-2103105	Udapitiya	Udapitiya	gnd	72	0	19	2	1	0	0
LK-2103110	Galagedara Madige South	Galagedara Madige South	gnd	284	3	29	2	1	0	0
LK-2103115	Galagedara	Galagedara	gnd	207	3	0	0	0	0	0
LK-2103120	Galagedara Madige	Galagedara Madige	gnd	164	11	10	2	0	0	0
LK-2103125	Pethigewela	Pethigewela	gnd	115	1	4	0	0	0	0
LK-2103130	Udalagama	Udalagama	gnd	165	0	0	0	0	0	0
LK-2103135	Gunadaha	Gunadaha	gnd	257	2	31	5	0	0	0
LK-2103140	Medagoda Pahala	Medagoda Pahala	gnd	89	2	55	1	2	0	0
LK-2103145	Opalla	Opalla	gnd	31	2	50	1	0	0	0
LK-2103150	Gangodapitiya	Gangodapitiya	gnd	75	2	58	2	0	0	0
LK-2103155	Pubbiliya	Pubbiliya	gnd	50	1	54	3	3	0	2
LK-2103160	Kannadeniya	Kannadeniya	gnd	90	14	44	5	1	0	0
LK-2103165	Barandara	Barandara	gnd	70	1	110	5	1	0	0
LK-2103170	Kaluwana	Kaluwana	gnd	82	3	91	7	2	0	0
LK-2103175	Kinigama West	Kinigama West	gnd	140	8	4	4	2	0	0
LK-2103180	Kinigama East	Kinigama East	gnd	42	2	115	1	8	0	0
LK-2103185	Ponnila	Pottila	gnd	62	0	64	6	3	0	0
LK-2103190	Uduwa	Uduwa	gnd	91	0	94	3	0	0	0
LK-2103195	Medagoda Ihala	Medagoda Ihala	gnd	102	2	65	2	0	0	0
LK-2103200	Naranwala	Naranwala	gnd	72	0	151	10	4	0	0
LK-2103205	Hikgodawalpola	Hithgodawalpola	gnd	80	5	88	2	0	0	0
LK-2103210	Paranagama	Paranagama	gnd	195	8	1	2	3	0	0
LK-2103215	Wettewa	Wettewa	gnd	108	3	3	1	3	0	0
LK-2103220	Pavulpawa	Pavulpawa	gnd	53	0	81	4	0	0	0
LK-2103225	Kirindiwelpola	Kirindiwelpola	gnd	12	0	88	1	6	0	0
LK-2103230	Kuragama North	Kuragama North	gnd	62	0	79	4	1	0	0
LK-2103235	Nikathenna	Nikathenna	gnd	118	0	0	0	5	0	0
LK-2103240	Etambegoda	Etambegoda	gnd	94	0	0	1	0	0	0
LK-2103245	Thahalpitiya	Thahalpitiya	gnd	71	5	25	4	1	0	0
LK-2103250	Dehideniya	Dehideniya	gnd	58	1	99	8	2	0	0
LK-2103255	Kandekumbura	Kandekumbura	gnd	175	4	0	0	1	0	0
LK-2103260	Diyapalagoda	Diyapalagoda	gnd	92	5	18	2	2	0	0
LK-2103265	Niyangoda	Niyangoda	gnd	180	0	59	3	0	0	0
LK-2103270	Niyambepola	Niyambepola	gnd	112	0	71	14	0	0	0
LK-2103275	Henegama Palkumbura	Henegama Palkumbura	gnd	129	0	82	17	0	0	0
LK-2103280	Idamegama	Idamegama	gnd	243	3	10	1	2	0	0
LK-2103285	Marawanagoda	Marawanagoda	gnd	105	2	119	21	5	0	0
LK-2103290	Adungama Palkumbura	Adungama Palkumbura	gnd	159	4	40	7	1	0	0
LK-2103295	Kuragama	Kuragama	gnd	88	5	128	8	6	0	0
LK-2103300	Udahenepola	Udahenepola	gnd	18	2	57	6	5	0	0
LK-2103305	Poholiyadda	Poholiyadda	gnd	35	0	97	7	4	0	0
LK-2103310	Hiyadala	Hiyadala	gnd	9	1	27	0	0	0	0
LK-2103315	Pallekotuwa	Pallekotuwa	gnd	16	1	94	4	2	0	1
LK-2103320	Hiyadala Walpola	Hiyadala Walpola	gnd	127	4	63	2	2	0	0
LK-2103325	Minigamuwa	Minigamuwa	gnd	60	0	52	3	0	0	0
LK-2103330	Minigamuwa Ihala	Minigamuwa Ihala	gnd	32	2	11	1	1	0	1
LK-2103335	Thennewela	Thennewela	gnd	44	4	1	0	1	0	0
LK-2106005	Egodamulla North	Egodamulla North	gnd	197	8	40	24	6	0	0
LK-2106010	Ihalamulla	Ihalamulla	gnd	62	2	87	10	0	0	0
LK-2106015	Dehiwatta	Dehiwatta	gnd	64	3	160	3	1	0	0
LK-2106020	Egodamulla South	Egodamulla South	gnd	84	5	176	26	1	5	0
LK-2106025	Pahala Kithulgolla	Pahala Kithulgolla	gnd	216	4	71	0	3	0	3
LK-2106030	Alawatta	Alawatta	gnd	198	5	0	0	1	0	0
LK-2106035	Uda Kithulgolla	Uda Kithulgolla	gnd	71	5	114	1	1	0	1
LK-2106040	Ankumbura South	Ankumbura South	gnd	228	12	44	0	0	0	0
LK-2106045	Ankumbura North	Ankumbura North	gnd	216	15	91	10	1	1	0
LK-2106050	Uggala Janapadaya	Uggala Janapadaya	gnd	19	1	99	28	27	0	1
LK-2106055	Pallegama Pahala	Pallegama Pahala	gnd	158	0	0	0	0	0	0
LK-2106060	Welgala	Welgala	gnd	142	6	0	0	0	0	1
LK-2106065	Ankumbura Udagama	Ankumbura Udagama	gnd	146	1	59	3	2	0	0
LK-2106070	Kovilamuduna	Kovilamuduna	gnd	173	0	27	0	0	0	0
LK-2106075	Galhinna	Galhinna	gnd	430	11	29	3	1	0	0
LK-2106080	Galkanda	Galkanda	gnd	23	2	84	2	1	0	0
LK-2106085	Palliya Kotuwa	Palliya Kotuwa	gnd	319	2	22	2	7	0	0
LK-2106090	Batagolladeniya	Batagolladeniya	gnd	370	11	38	9	2	0	1
LK-2106095	Watagalathenna	Watagalathenna	gnd	97	4	124	5	2	0	0
LK-2106100	Morankanda	Morankanda	gnd	20	1	113	14	2	0	0
LK-2106105	Wewala North	Wewala North	gnd	49	1	112	1	0	0	0
LK-2106110	Udahena	Udahena	gnd	40	2	79	2	1	0	0
LK-2106115	Siyapathgama	Siyapathgama	gnd	178	24	59	12	0	0	1
LK-2106120	Pathirada	Pathirada	gnd	94	4	8	2	1	0	0
LK-2106125	Udahingulwala	Udahingulwala	gnd	224	0	44	8	5	0	0
LK-2106130	Pahala Hingulwala	Pahala Hingulwala	gnd	176	11	35	0	1	0	0
LK-2106135	Rambukewela	Rambukewela	gnd	95	51	178	8	3	0	0
LK-2106140	Godahena	Godahena	gnd	71	2	197	9	1	0	0
LK-2106145	Kahatagasthenna	Kahatagasthenna	gnd	53	3	116	15	7	0	0
LK-2106150	Watagoda	Watagoda	gnd	114	1	134	1	0	0	1
LK-2106155	Dolapihilla North	Dolapihilla North	gnd	110	1	114	14	2	0	0
LK-2106160	Dolapihilla South	Dolapihilla South	gnd	193	4	98	6	6	0	0
LK-2106165	Weligalla	Weligalla	gnd	117	0	162	0	1	0	0
LK-2106170	Wewala	Wewala	gnd	150	1	115	8	6	0	0
LK-2106175	Bokkawala	Bokkawala	gnd	197	1	54	5	1	0	0
LK-2106180	Harankahawa	Harankahawa	gnd	150	5	4	1	0	0	0
LK-2106185	Henegama	Henegama	gnd	129	2	31	3	1	0	0
LK-2106190	Molagoda	Molagoda	gnd	102	3	51	6	2	0	0
LK-2106195	Waldeniya	Waldeniya	gnd	216	2	0	0	0	0	0
LK-2106200	Medagoda	Medagoda	gnd	127	7	0	0	0	0	0
LK-2106205	Diddeniya	Diddeniya	gnd	217	4	7	0	0	0	0
LK-2106210	Ovissa North	Ovissa North	gnd	35	10	157	3	1	0	0
LK-2106215	Ovissa South	Ovissa South	gnd	143	2	113	9	4	0	0
LK-2106220	Kiralagama	Kiralagama	gnd	146	3	61	4	3	0	0
LK-2106225	Paleepana	Paleepana	gnd	216	1	98	4	2	0	0
LK-2106230	Dombagammana	Dombagammana	gnd	127	1	149	9	4	0	0
LK-2106235	Uggahakumbura	Uggahakumbura	gnd	52	6	74	14	0	0	0
LK-2106240	Marathugoda North	Marathugoda North	gnd	222	24	1	0	2	0	0
LK-2106245	Marathugoda South	Marathugoda South	gnd	211	11	0	0	0	0	0
LK-2106250	Ambaruppa	Ambaruppa	gnd	150	17	0	0	1	0	1
LK-2106255	Gallella	Gallella	gnd	77	2	100	0	0	0	0
LK-2106260	Maruddana	Maruddana	gnd	97	1	86	8	0	0	0
LK-2106265	Alagoda	Alagoda	gnd	143	0	67	1	0	0	0
LK-2106270	Madadeniya	Madadeniya	gnd	189	0	85	2	2	0	0
LK-2106275	Warakadeniya	Warakadeniya	gnd	67	3	52	2	1	0	0
LK-2106280	Batagalla North	Batagalla North	gnd	263	12	1	0	0	0	0
LK-2106285	Bamunupola	Bamunupola	gnd	139	5	24	10	1	0	0
LK-2106290	Batugoda North	Batugoda North	gnd	263	10	0	0	1	0	0
LK-2106295	Batagalla South	Batagalla South	gnd	65	2	74	1	0	0	0
LK-2106300	Batugoda South	Batugoda South	gnd	163	5	1	1	0	0	0
LK-2106305	Diwanawatta	Diwanawatta	gnd	212	1	82	3	2	0	0
LK-2106310	Mullegama North	Mullegama North	gnd	210	4	0	0	0	0	0
LK-2106315	Kahawatta North	Kahawatta North	gnd	231	6	48	0	0	0	0
LK-2106320	Kahawatta South	Kahawatta South	gnd	265	18	74	18	6	0	0
LK-2106325	Mullegama South	Mullegama South	gnd	511	16	16	1	2	0	0
LK-2106330	Kaluwana South	Kaluwana South	gnd	200	10	0	4	0	0	0
LK-2106335	Kaluwana North	Kaluwana North	gnd	162	5	0	0	0	0	1
LK-2109005	Rambuke Ela	Rambuke Ela	gnd	305	14	75	8	2	0	0
LK-2109010	Vilana Udagama	Vilana Udagama	gnd	202	24	156	46	8	2	0
LK-2109015	Vilana Pallegama	Vilana Pallegama	gnd	253	4	196	12	18	0	3
LK-2109020	Walahena	Walahena	gnd	198	0	43	1	0	0	0
LK-2109025	Alawathugoda	Alawathugoda	gnd	1033	73	48	10	5	1	0
LK-2109030	Balakaduwa	Balakaduwa	gnd	86	6	148	34	15	0	0
LK-2109035	Mawathupola	Mawathupola	gnd	415	25	76	8	3	0	0
LK-2109040	Arambepola	Arambepola	gnd	344	8	3	0	1	0	0
LK-2109045	Delgasgoda	Delgasgoda	gnd	202	1	219	38	4	0	0
LK-2109050	Dippitiya	Dippitiya	gnd	81	3	270	14	2	0	0
LK-2109055	Malwanahinna	Malwanahinna	gnd	452	51	1	0	1	0	0
LK-2109060	Konakalagala	Konakalagala	gnd	253	13	57	11	2	0	0
LK-2109065	Malgamandeniya	Malgamandeniya	gnd	237	16	26	1	1	0	0
LK-2109070	Rathukoho	Rathukoho	gnd	256	21	32	14	0	0	0
LK-2109075	Marahela	Marahela	gnd	62	0	207	8	8	0	0
LK-2109080	Hureegolla	Hureegolla	gnd	474	10	11	1	10	0	0
LK-2109085	Neerella	Neerella	gnd	427	65	20	5	0	0	0
LK-2109090	Melchena	Melchena	gnd	284	58	19	13	0	0	0
LK-2109095	Bulugohothenna	Bulugohothenna	gnd	464	58	7	7	3	0	0
LK-2109100	Kasawatta	Kasawatta	gnd	475	16	23	4	3	0	0
LK-2109105	Udaweliketiya	Udaweliketiya	gnd	638	88	9	2	2	0	0
LK-2109110	Palleweliketiya	Palleweliketiya	gnd	433	12	2	5	0	2	0
LK-2109115	Dodangolla	Dodangolla	gnd	645	55	13	14	4	0	0
LK-2109120	Akurana	Akurana	gnd	565	37	7	0	1	0	0
LK-2109125	Delgasthenna	Delgasthenna	gnd	332	70	51	14	3	0	0
LK-2109130	Kurugoda	Kurugoda	gnd	416	44	0	0	0	1	0
LK-2109135	Deegala	Deegala	gnd	159	4	54	13	2	0	1
LK-2109140	Pangollamada	Pangollamada	gnd	139	6	32	8	3	0	0
LK-2109145	Dunuvila North	Dunuvila North	gnd	253	6	218	10	9	0	0
LK-2109150	Dunuvila South	Dunuvila South	gnd	174	13	153	6	17	0	1
LK-2109155	Palle Deegala	Palle Deegala	gnd	211	5	1	0	0	0	2
LK-2109160	Thelambugahawatta	Thelambugahawatta	gnd	715	81	84	19	4	0	0
LK-2109165	Waragashinna	Waragashinna	gnd	450	27	0	0	1	0	0
LK-2109170	Kurudugahaela	Kurudugahaela	gnd	393	103	2	2	2	0	0
LK-2109175	Uggala	Uggala	gnd	446	103	29	8	4	0	0
LK-2112005	Yatawara	Yatawara	gnd	353	4	44	5	1	0	0
LK-2112010	Yatawara Kandagama	Yatawara Kandagama	gnd	129	2	184	23	8	1	1
LK-2112015	Ihala Yatawara	Ihala Yatawara	gnd	547	19	101	2	3	0	0
LK-2112020	Udurawana	Udurawana	gnd	214	3	95	9	0	0	0
LK-2112025	Doragamuwa	Doragamuwa	gnd	523	17	36	6	4	1	0
LK-2112030	Bogahakumbura	Bogahakumbura	gnd	225	9	116	16	2	0	0
LK-2112035	Deegahawathura	Deegahawathura	gnd	302	7	3	2	3	0	0
LK-2112040	Mahakumbura	Mahakumbura	gnd	129	1	142	21	5	0	0
LK-2112045	Mandandawela	Mandandawela	gnd	319	0	0	0	0	0	0
LK-2112050	Paranagama	Paranagama	gnd	209	12	4	0	0	0	0
LK-2112055	Aluthgama	Aluthgama	gnd	199	19	139	16	2	0	1
LK-2112060	Walpaladeniya	Walpaladeniya	gnd	368	27	0	0	3	0	0
LK-2112065	Puwakgahadeniya	Puwakgahadeniya	gnd	139	25	77	19	2	0	0
LK-2112070	Wattegama	Wattegama	gnd	550	12	116	12	7	0	0
LK-2112075	Wattegama North	Wattegama North	gnd	711	7	166	13	8	1	2
LK-2112080	Gunembill	Gunembil	gnd	153	11	46	5	3	0	0
LK-2112085	Eriyagasthenna	Eriyagasthenna	gnd	400	8	2	0	3	0	4
LK-2112090	Pitiyegedara	Pitiyegedara	gnd	273	63	8	3	5	0	0
LK-2112095	Yatirawana	Yatirawana	gnd	563	24	93	4	2	0	0
LK-2112100	Meegammana	Meegammana	gnd	305	15	201	20	12	0	1
LK-2112105	Meegammana West	Meegammana West	gnd	228	3	115	15	7	0	0
LK-2112110	Galadeniya	Galadeniya	gnd	707	25	68	4	4	1	1
LK-2112115	Udathalavinna	Udathalavinna	gnd	603	18	77	11	2	0	1
LK-2112120	Pallethalavinna Ihala	Pallethalavinna Ihala	gnd	217	2	137	10	5	0	0
LK-2112125	Moonamale	Moonamale	gnd	195	15	1	5	0	0	0
LK-2112130	Kendaliyadda	Kendaliyadda	gnd	271	19	79	9	2	0	1
LK-2112135	Girakaduwa	Girakaduwa	gnd	276	1	38	0	1	0	0
LK-2112140	Ambathenna	Ambathenna	gnd	245	7	220	11	4	0	0
LK-2112145	Molagodayawatta	Molagodayawatta	gnd	292	25	184	27	2	0	0
LK-2112150	Megodagama	Megodagama	gnd	119	1	144	11	3	0	1
LK-2112155	Egodagama	Egodagama	gnd	388	9	46	7	2	1	0
LK-2112160	Millanga	Millanga	gnd	60	12	254	26	4	0	0
LK-2112165	Pallethalavinna	Pallethalavinna	gnd	355	8	173	14	2	0	0
LK-2112170	Udathalavinna Madige	Udathalavinna Madige	gnd	754	17	232	18	6	0	0
LK-2112175	Meegamawatta	Meegamawatta	gnd	351	56	298	62	22	0	1
LK-2112180	Madawala Madige	Madawala Madige	gnd	1027	43	67	10	4	0	0
LK-2112185	Madawala	Madawala	gnd	538	51	51	8	0	0	0
LK-2112190	Walala	Walala	gnd	160	2	91	2	2	0	0
LK-2112195	Ketakahala	Ketakahala	gnd	267	15	75	5	1	0	0
LK-2112200	Thalkotuwa	Thalkotuwa	gnd	278	1	85	6	0	0	0
LK-2112205	Napana	Napana	gnd	353	3	43	2	2	0	0
LK-2112210	Leemagahadeniya	Leemagahadeniya	gnd	483	58	49	1	5	0	0
LK-2112215	Pihilladeniya	Pihilladeniya	gnd	474	45	43	6	9	0	0
LK-2112220	Gunnepana Madige	Gunnepana Madige	gnd	709	8	4	0	2	0	0
LK-2112225	Polgolla	Polgolla	gnd	454	1	126	14	2	0	0
LK-2112230	Balanagala	Balanagala	gnd	397	19	10	0	0	0	0
LK-2112235	Nawayalathenna	Nawayalathenna	gnd	603	25	38	3	0	0	0
LK-2112240	Kahalla	Kahalla	gnd	585	12	74	12	3	0	2
LK-2112245	Kalugalawatta	Kalugalawatta	gnd	416	32	197	31	5	0	0
LK-2112250	Galewatta	Galewatta	gnd	484	11	15	0	0	0	0
LK-2112255	Abasingama	Abasingama	gnd	274	9	67	5	3	0	0
LK-2112260	Hamindagoda	Hamindagoda	gnd	318	11	21	4	1	0	0
LK-2115005	Kelebokka	Kelebokka	gnd	660	68	271	56	114	1	6
LK-2115010	Watakele	Watakele	gnd	128	21	77	1	0	0	0
LK-2115015	Mahapathana	Mahapathana	gnd	314	9	246	15	38	0	0
LK-2115020	Kosgama	Kosgama	gnd	148	17	299	48	36	118	0
LK-2115025	Thawalanthenna	Thawalanthenna	gnd	351	89	276	93	53	0	5
LK-2115030	Gomaraya	Gomaraya	gnd	64	4	205	19	24	0	1
LK-2115035	Beddegama	Beddegama	gnd	180	11	37	4	1	0	0
LK-2115040	Arattana	Arattana	gnd	83	8	313	30	9	0	0
LK-2115045	Madulkele	Madulkele	gnd	191	13	420	51	67	1	2
LK-2115050	Hathale	Hathale	gnd	110	11	197	83	55	0	0
LK-2115055	Angammana	Angammana	gnd	130	6	273	31	15	0	2
LK-2115060	Udugoda	Udugoda	gnd	170	6	128	6	4	1	0
LK-2115065	Pitawala	Pitawala	gnd	183	21	11	1	1	0	0
LK-2115070	Panvila	Panvila	gnd	526	30	127	10	8	0	0
LK-2118005	Meemure	Meemure	gnd	9	0	88	0	0	0	0
LK-2118010	Kumbukgolla	Kumbukgolla	gnd	5	0	64	7	0	1	1
LK-2118015	Kaikawala	Kaikawala	gnd	33	0	1	0	0	0	0
LK-2118020	Pusseela	Pusseela	gnd	16	0	67	0	1	0	0
LK-2118025	Karambaketiya	Karambaketiya	gnd	0	1	10	2	1	3	0
LK-2118030	Geradigala	Gerandigala	gnd	9	6	92	4	2	0	0
LK-2118035	Moonamalpelessa	Moonamalpelessa	gnd	89	1	10	0	0	0	0
LK-2118040	Kalugala	Kalugala	gnd	4	0	90	5	1	0	0
LK-2118045	Udailuka	Udailuka	gnd	3	8	84	13	0	0	0
LK-2118050	Padupola	Padupola	gnd	65	1	0	0	2	0	0
LK-2118055	Udakumbura	Udakumbura	gnd	3	1	51	8	2	0	0
LK-2118060	Kalugaloya	Kalugaloya	gnd	127	0	0	0	0	0	0
LK-2118065	Dumbaragama	Dumbaragama	gnd	53	1	152	18	6	0	1
LK-2118070	Pallewela	Pallewela	gnd	132	13	0	0	0	0	0
LK-2118075	Udawela	Udawela	gnd	24	0	105	7	2	0	1
LK-2118080	Kandegama	Kandegama	gnd	4	1	61	22	0	0	0
LK-2118085	Wadawalakanda	Wadawalakanda	gnd	5	0	72	4	1	0	0
LK-2118090	Kobonilla	Kobonilla	gnd	3	1	58	30	24	0	0
LK-2118095	Pallekanda	Pallekanda	gnd	2	0	39	2	12	0	0
LK-2118100	Hanwella	Hanwella	gnd	6	2	60	7	1	0	0
LK-2118105	Andideniya	Andideniya	gnd	38	3	97	3	3	0	0
LK-2118110	Dambagahapitiya	Dambagahapitiya	gnd	12	1	90	3	4	0	0
LK-2118115	Poppitiya	Poppitiya	gnd	10	1	68	11	0	0	0
LK-2118120	Oyathenna	Oyathenna	gnd	140	2	0	0	0	0	0
LK-2118125	Thalagune	Thalagune	gnd	10	0	77	0	0	0	0
LK-2118130	Gedaramada	Gedaramada	gnd	69	5	0	0	0	0	0
LK-2118135	Kirigankumbura	Kirigankumbura	gnd	86	8	88	16	1	0	0
LK-2118140	Udadumbara	Udadumbara	gnd	168	8	0	1	1	0	0
LK-2118145	Nawanagala	Nawanagala	gnd	16	6	65	29	7	0	0
LK-2118150	Hunnasgiriya	Hunnasgiriya	gnd	185	4	95	23	12	13	0
LK-2118155	Kiripattiya	Kiripattiya	gnd	31	8	103	4	2	0	0
LK-2118160	Halyala	Halyala	gnd	101	2	0	0	0	0	1
LK-2118165	Mendiriya	Mendiriya	gnd	72	0	7	0	0	0	0
LK-2118170	Gangoda	Gangoda	gnd	12	9	105	1	1	0	0
LK-2118175	Udapitawala	Udapitawala	gnd	48	1	145	3	6	0	0
LK-2118180	Mahawala	Mahawala	gnd	4	1	93	6	0	0	0
LK-2118185	Pitawala Udagammedda	Pitawala Udagammedda	gnd	73	0	1	0	1	0	0
LK-2118190	Godakumbura	Godakumbura	gnd	21	1	40	2	2	0	0
LK-2118195	Mediwaka	Mediwaka	gnd	42	0	85	7	0	0	1
LK-2118200	Karandagolla	Karandagolla	gnd	9	1	46	1	0	0	0
LK-2118205	Rambukwella East	Rambukwella East	gnd	39	5	44	9	0	0	0
LK-2118210	Rambukwella West	Rambukwella West	gnd	12	0	47	2	2	0	0
LK-2118215	Denapitiya	Denapitiya	gnd	21	2	69	11	1	1	0
LK-2118220	Nugethenna East	Nugethenna East	gnd	39	1	35	5	0	0	0
LK-2118225	Nugethenna West	Nugethenna West	gnd	19	1	109	13	5	0	2
LK-2118230	Kevulgama	Kevulgama	gnd	72	2	3	0	0	0	0
LK-2118235	Ganegala	Ganegala	gnd	67	2	0	0	0	0	0
LK-2118240	Minuwangamuwa	Minuwangamuwa	gnd	16	0	115	0	1	0	0
LK-2118245	Kalalgamuwa	Kalalgamuwa	gnd	9	1	111	7	0	0	0
LK-2118250	Pitawala	Pitawala	gnd	61	0	1	0	0	0	0
LK-2118255	Dewahandiya East	Dewahandiya East	gnd	10	0	56	0	0	0	0
LK-2118260	Hapukanda East	Hapukanda East	gnd	13	2	91	5	0	0	0
LK-2118265	Hapukanda West	Hapukanda West	gnd	7	3	42	1	2	0	0
LK-2118270	Madugalla Udagammedda	Madugalla Udagammedda	gnd	143	0	0	0	2	0	0
LK-2118275	Madugalla North	Madugalla North	gnd	62	6	21	5	4	0	0
LK-2118280	Madugalla South	Madugalla South	gnd	19	0	98	12	2	0	0
LK-2118285	Pamunethenna	Pamunethenna	gnd	39	1	0	0	1	0	0
LK-2118290	Devinnegama	Devinnegama	gnd	21	15	147	8	8	0	0
LK-2118295	Bambarabedda East	Bambarabedda East	gnd	11	3	146	30	26	0	1
LK-2118300	Bambarabedda West	Bambarabedda West	gnd	21	13	78	42	3	0	0
LK-2118305	Pitigoda	Pitigoda	gnd	1	1	37	2	1	0	3
LK-2118310	Kalawala	Kalawala	gnd	80	1	0	0	0	0	0
LK-2118315	Dewahandiya West	Dewahandiya West	gnd	2	0	87	4	0	0	0
LK-2121005	Galamuduna	Galamuduna	gnd	0	0	24	1	1	0	0
LK-2121010	Dungolla	Dungolla	gnd	0	0	64	9	0	0	0
LK-2121015	Thotillagas Ella	Thotillagas Ella	gnd	40	3	429	45	33	0	0
LK-2121020	Palugolla	Palugolla	gnd	23	5	356	26	11	0	0
LK-2121025	Wewere	Wewere	gnd	91	18	514	49	2	0	0
LK-2121030	Dehemigama	Dehemigama	gnd	83	2	351	29	1	0	0
LK-2121035	Himbutuwa	Himbutuwa	gnd	28	2	297	13	7	0	0
LK-2121040	Udattawa North	Udattawa North	gnd	17	4	257	36	1	0	0
LK-2121045	Pallegaladebokka	Pallegaladebokka	gnd	2	0	82	11	8	0	0
LK-2121050	Udagaladebokka	Udagaladebokka	gnd	1	0	26	0	5	0	0
LK-2121055	Udattawa	Udattawa	gnd	29	1	276	18	3	0	0
LK-2121060	Dambagahawela	Dambagahawela	gnd	161	5	200	7	4	0	0
LK-2121065	Kindigoda North	Kindigoda North	gnd	33	6	340	1	1	0	0
LK-2121070	Udawela	Udawela	gnd	369	49	0	0	0	0	0
LK-2121075	Kindigoda South	Kindigoda South	gnd	21	6	391	17	7	0	0
LK-2121080	Ulpathagama	Ulpathagama	gnd	18	1	243	23	0	0	0
LK-2121085	Ambagolla	Ambagolla	gnd	17	1	186	30	4	0	0
LK-2121090	Dambepitiya	Dambepitiya	gnd	40	3	309	63	7	0	0
LK-2121095	Welgahawadiya	Welgahawadiya	gnd	17	7	98	7	2	0	0
LK-2121100	Mahayaya North	Mahayaya North	gnd	45	0	244	31	19	0	0
LK-2121105	08 Ela	08 Ela	gnd	10	1	166	13	4	0	0
LK-2121110	Welgala	Welgala	gnd	225	14	3	4	2	0	0
LK-2121115	Mahayaya South	Mahayaya South	gnd	54	8	268	30	1	0	0
LK-2121120	Thorapitiya	Thorapitiya	gnd	121	12	131	3	1	0	0
LK-2121125	Keenapelessa	Keenapelessa	gnd	99	5	295	31	11	0	0
LK-2121130	Mahagalaheenna	Mahagalaheenna	gnd	90	11	133	11	20	0	0
LK-2121135	Hasalaka	Hasalaka	gnd	78	3	279	33	24	0	0
LK-2121140	Pallewatta	Pallewatta	gnd	155	6	341	35	36	0	0
LK-2121145	Hasalaka Nagaraya	Hasalaka Nagaraya	gnd	205	8	220	12	2	0	1
LK-2121150	Maha Eswedduma	Maha Eswedduma	gnd	359	4	0	0	6	3	1
LK-2121155	Rathnella	Rathnella	gnd	308	13	0	42	5	0	0
LK-2121160	Gurulupotha	Gurulupotha	gnd	20	1	234	17	11	0	0
LK-2121165	Waragolla	Waragolla	gnd	37	2	239	27	20	0	0
LK-2121170	Weragama	Weragama	gnd	88	0	367	12	13	0	0
LK-2121175	Bulathwelkandura	Bulathwelkandura	gnd	136	17	309	39	20	0	0
LK-2121180	Weraganthota	Weraganthota	gnd	54	1	158	12	7	0	0
LK-2121185	Morayaya	Morayaya	gnd	68	0	251	0	0	0	0
LK-2121190	Lunumadalaketiya	Lunumadalaketiya	gnd	100	3	264	60	6	0	0
LK-2121195	Diyabubula	Diyabubula	gnd	36	1	244	23	21	0	2
LK-2121200	Handaganawa	Handaganawa	gnd	76	3	353	49	43	0	0
LK-2121205	Batumulla	Batumulla	gnd	92	8	290	8	30	0	0
LK-2121210	Udayagala	Udayagala	gnd	10	0	176	30	22	0	1
LK-2121215	Asamodagamyaya	Asamodagamyaya	gnd	10	1	168	23	21	0	1
LK-2121220	Ambagahapelessa	Ambagahapelessa	gnd	38	3	203	33	0	0	0
LK-2121225	Muttettuthenna	Muttettuthenna	gnd	196	10	80	56	15	0	0
LK-2121230	Minipe	Minipe	gnd	376	27	1	15	13	0	0
LK-2121235	Kolonyaya	Kolonyaya	gnd	13	0	190	11	1	0	0
LK-2121240	Bembiya	Bembiya	gnd	68	1	119	15	15	0	2
LK-2124005	Elliyadda	Elliyadda	gnd	18	0	30	13	3	0	0
LK-2124010	Thunisgala	Thunisgala	gnd	26	0	131	10	28	3	1
LK-2124015	Gonawala	Gonawala	gnd	4	0	67	29	23	3	0
LK-2124020	Thangappuwa	Thangappuwa	gnd	3	1	32	7	11	0	0
LK-2124025	Kotaganga	Kotaganga	gnd	8	0	195	14	0	0	0
LK-2124030	Bulathwatta	Bulathwatta	gnd	7	1	90	11	39	0	0
LK-2124035	Galabadawatta	Galabadawatta	gnd	33	0	59	0	1	0	0
LK-2124040	Nagolla	Nagolla	gnd	25	1	57	6	1	0	0
LK-2124045	Galkotuwa	Galkotuwa	gnd	7	0	63	2	0	0	0
LK-2124050	Werapitiya	Werapitiya	gnd	129	0	29	1	0	0	0
LK-2124055	Werathenna	Werathenna	gnd	45	30	0	1	0	0	0
LK-2124060	Randiwela	Randiwela	gnd	93	0	174	10	21	0	0
LK-2124065	Bobebila	Bobebila	gnd	172	23	12	1	0	0	0
LK-2124070	Duckwariya	Duckwariya	gnd	25	3	110	69	21	0	10
LK-2124075	Rangala Aluthwatta	Rangala Aluthwatta	gnd	41	4	51	16	11	0	5
LK-2124080	Ferndail	Ferndail	gnd	2	0	65	2	8	0	1
LK-2124085	Hakmana	Hakmana	gnd	14	9	91	32	21	0	3
LK-2124090	Burnside	Burnside	gnd	5	1	31	1	7	0	1
LK-2124095	Rangala	Rangala	gnd	14	1	59	41	36	4	0
LK-2124100	Weladaramba	Weladaramba	gnd	18	10	79	28	0	0	1
LK-2124105	Makuldeniya	Makuldeniya	gnd	39	0	163	13	33	0	0
LK-2124110	Waradiwela	Waradiwela	gnd	82	2	0	4	0	0	0
LK-2124115	Giddawa-Waradiwela	Giddawa-Waradiwela	gnd	28	1	76	4	0	0	0
LK-2124120	Dunhinna	Dunhinna	gnd	92	2	197	16	4	0	0
LK-2124125	Maneluwa	Maneluwa	gnd	120	20	1	0	2	0	0
LK-2124130	Giddawa	Giddawa	gnd	152	14	1	1	2	0	0
LK-2124135	Weliketiya	Weliketiya	gnd	30	1	58	1	0	0	0
LK-2124140	Putuhapuwa	Putuhapuwa	gnd	166	2	0	0	0	0	0
LK-2124145	Udabage	Udabage	gnd	38	0	99	2	1	0	0
LK-2124150	Amupitiya	Amupitiya	gnd	164	32	0	0	19	0	1
LK-2124155	Godamunna	Godamunna	gnd	81	2	70	12	4	0	1
LK-2124160	Katugoda	Katugoda	gnd	36	1	90	1	0	0	0
LK-2124165	Heeloya	Heeloya	gnd	19	7	181	3	1	0	0
LK-2124170	Kandekumbura	Kandekumbura	gnd	3	2	97	11	1	0	0
LK-2124175	Retiyagama	Retiyagama	gnd	26	3	71	6	6	0	0
LK-2124180	Poddalgoda	Poddalgoda	gnd	32	0	96	2	3	0	0
LK-2124185	Nilgala	Nilgala	gnd	67	2	88	6	4	0	0
LK-2124190	Madeniyawaka	Madeniyawaka	gnd	115	2	0	0	0	0	0
LK-2124195	Embalagama	Embalagama	gnd	53	1	80	0	7	0	1
LK-2124200	Siridigana	Siridigana	gnd	24	2	67	4	0	0	0
LK-2124205	Nugepathana	Nugepathana	gnd	44	19	131	9	0	0	1
LK-2124210	Watapana	Watapana	gnd	45	2	142	2	2	0	1
LK-2124215	Ambalagala	Ambalagala	gnd	56	4	49	5	4	0	0
LK-2124220	Gangasirigama	Gangasirigama	gnd	103	1	182	14	8	0	0
LK-2124225	Madapola	Madapola	gnd	208	1	143	0	2	0	1
LK-2124230	Kandegama	Kandegama	gnd	116	5	78	20	6	0	0
LK-2124235	Randeniya	Randeniya	gnd	178	3	113	12	4	0	0
LK-2124240	Pallebage	Pallebage	gnd	149	0	52	8	4	0	0
LK-2124245	Gabbela	Gabbela	gnd	206	1	0	6	2	0	0
LK-2124250	Udispattuwa	Udispattuwa	gnd	153	34	243	16	14	0	0
LK-2124255	Ranmulla	Ranmulla	gnd	30	5	231	17	5	0	0
LK-2124260	Maharawela	Maharawela	gnd	98	6	112	3	2	0	0
LK-2124265	Kurukohogama	Kurukohogama	gnd	58	0	59	6	2	0	0
LK-2124270	Kiribattalawa	Kiribattalawa	gnd	39	4	63	8	0	0	0
LK-2124275	Hathiyalwela	Hathiyalwela	gnd	176	5	69	24	58	1	0
LK-2124280	Mangoda	Mangoda	gnd	61	18	174	12	7	0	0
LK-2124285	Rambukpotha	Rambukpotha	gnd	77	0	145	1	0	0	0
LK-2124290	Namandagala	Namandagala	gnd	31	0	160	8	7	0	0
LK-2124295	Metideniya	Metideniya	gnd	22	17	116	2	0	0	0
LK-2124300	Doraliyadda South	Doraliyadda South	gnd	77	0	106	9	4	0	2
LK-2124305	Wegala	Wegala	gnd	41	7	140	1	8	0	0
LK-2124310	Meegahamaditta	Meegahamaditta	gnd	37	0	177	14	13	0	0
LK-2124315	Rambukwella - East	Rambukwella East	gnd	130	5	1	0	0	0	0
LK-2124320	Rambukwella	Rambukwella	gnd	85	8	75	17	3	0	0
LK-2124325	Udawela	Udawela	gnd	91	14	67	16	2	0	0
LK-2124330	Wellethota	Wellethota	gnd	129	4	64	17	3	0	0
LK-2124335	Vilamuna	Vilamuna	gnd	257	1	69	2	2	0	0
LK-2124340	Karalliyadda	Karalliyadda	gnd	526	9	50	6	0	0	0
LK-2124345	Ambagahalanda	Ambagahalanda	gnd	337	12	49	8	4	0	0
LK-2124350	Hijrapura	Hijrapura	gnd	371	18	36	18	11	0	0
LK-2124355	Galambalama	Galambalama	gnd	192	7	87	6	0	0	1
LK-2124360	Maberiyathenna	Maberiyathenna	gnd	102	9	90	7	44	0	0
LK-2124365	Ellepola	Ellepola	gnd	186	19	30	24	2	0	0
LK-2124370	Wewegama	Wewegama	gnd	95	1	61	2	1	0	0
LK-2124375	Senarathwela	Senarathwela	gnd	187	7	48	1	7	0	0
LK-2124380	Nithulemada	Nithulemada	gnd	598	17	1	24	7	0	0
LK-2124385	Udathenna	Udathenna	gnd	70	6	168	13	18	0	0
LK-2124390	Medamahanuwara	Medamahanuwara	gnd	92	17	130	10	2	0	0
LK-2124395	Bomure	Bomure	gnd	12	3	103	2	0	0	0
LK-2124400	Rajagala	Rajagala	gnd	179	27	8	6	0	2	1
LK-2124405	Wathuliyadda	Wathuliyadda	gnd	11	0	130	13	6	0	1
LK-2124410	Moragahamula	Moragahamula	gnd	55	5	94	14	1	0	0
LK-2124415	Mahadoraliyadda	Mahadoraliyadda	gnd	185	6	0	8	1	0	0
LK-2124425	Puwakgahadiwela	Puwakgahadiwela	gnd	245	13	0	2	0	0	0
LK-2124430	Ambale	Ambale	gnd	22	0	169	5	2	0	0
LK-2124435	Meeriyagolla	Meeriyagolla	gnd	6	1	88	7	47	0	0
LK-2124440	Bambaragahadeniya	Bambaragahadeniya	gnd	16	4	180	24	25	3	0
LK-2124445	Meegahalanda	Meegahalanda	gnd	191	17	0	4	2	0	0
LK-2124450	Sandasiri Dunuvila	Sandasiri Dunuvila	gnd	40	3	94	8	0	0	1
LK-2124455	Thennalanda	Thennalanda	gnd	172	0	1	0	0	0	0
LK-2124460	Udagammedda	Udagammedda	gnd	9	0	90	1	0	0	0
LK-2124465	Welapahala	Welapahala	gnd	4	0	81	0	1	0	0
LK-2124470	Meda Gammedda	Meda Gammedda	gnd	37	0	48	0	1	0	0
LK-2127005	Dunuhappawa	Dunuhappawa	gnd	111	9	270	43	7	0	0
LK-2127010	Naranpanawa West	Naranpanawa West	gnd	60	12	164	22	10	0	0
LK-2127015	Kandekumbura	Kandekumbura	gnd	158	0	51	11	2	0	0
LK-2127020	Alawathugirigama	Alawathugirigama	gnd	195	18	137	29	4	0	0
LK-2127025	Galpihilla	Galpihilla	gnd	154	6	109	10	2	0	0
LK-2127030	Makkanigama	Makkanigama	gnd	187	16	58	11	5	0	0
LK-2127035	Wavinna	Wavinna	gnd	92	0	195	8	4	0	0
LK-2127040	Pallegama	Pallegama	gnd	292	5	1	0	6	0	0
LK-2127045	Maharathenna West	Maharathenna West	gnd	73	1	149	4	0	0	0
LK-2127050	Udagama North	Udagama North	gnd	215	2	57	1	2	0	1
LK-2127055	Ihala Gonagama	Ihala Gonagama	gnd	216	6	0	0	0	0	0
LK-2127060	Delgaslanda	Delgaslanda	gnd	93	0	203	5	7	0	0
LK-2127065	Lunuketiyamaditta	Lunuketiyamaditta	gnd	308	0	0	0	0	1	0
LK-2127070	Naranpanawa East	Naranpanawa East	gnd	79	2	122	4	7	0	0
LK-2127075	Kuruambemuduna	Kuruambemuduna	gnd	196	2	0	5	0	0	0
LK-2127080	Maluwegama	Maluwegama	gnd	331	5	88	8	1	0	0
LK-2127085	Wepathana	Wepathana	gnd	120	0	147	7	0	0	0
LK-2127090	Gonawala North	Gonawala North	gnd	327	17	244	23	7	0	0
LK-2127095	Deliwalathenna	Deliwalathenna	gnd	218	8	31	2	1	0	0
LK-2127100	Heepitiya	Heepitiya	gnd	474	27	1	0	2	0	0
LK-2127105	Udagama South	Udagama South	gnd	201	5	93	11	2	1	1
LK-2127110	Maharathenna East	Maharathenna East	gnd	244	6	34	2	4	0	0
LK-2127115	Menikhinna	Menikhinna	gnd	623	19	108	11	3	0	0
LK-2127120	Hurikaduwa North	Hurikaduwa North	gnd	357	16	161	18	7	0	0
LK-2127125	Hurikaduwa West	Hurikaduwa West	gnd	334	10	101	8	5	0	0
LK-2127130	Bogaskumbura	Bogaskumbura	gnd	281	10	72	2	1	0	0
LK-2127135	Pilawala North	Pilawala North	gnd	414	26	2	0	1	0	0
LK-2127140	Amunugama North	Amunugama North	gnd	400	13	2	2	3	1	0
LK-2127145	Amunugama South	Amunugama South	gnd	264	3	85	7	4	0	0
LK-2127150	Udagunnepana South	Udagunnepana South	gnd	220	3	89	2	4	0	0
LK-2127155	Udagunnepana North	Udagunnepana North	gnd	394	5	57	4	2	0	0
LK-2127160	Gabadagama South	Gabadagama South	gnd	219	7	41	6	1	0	0
LK-2127165	Gabadagama North	Gabadagama North	gnd	349	17	61	1	2	0	0
LK-2127170	Pallegunnepana South	Pallegunnepana South	gnd	441	20	193	13	3	1	0
LK-2127175	Pallegunnepana North	Pallegunnepana North	gnd	505	4	97	11	2	0	0
LK-2127180	Sirimalwatta West	Sirimalwatta West	gnd	329	7	65	3	1	0	0
LK-2127185	Sirimalwatta East	Sirimalwatta East	gnd	216	3	47	1	2	0	0
LK-2127190	Sirimalwatta Pallegama	Sirimalwatta Pallegama	gnd	293	8	58	7	1	0	0
LK-2127195	Lewellagama	Lewellagama	gnd	253	6	198	26	2	0	0
LK-2127200	Degaldoruwa	Degaldoruwa	gnd	165	6	144	7	4	0	0
LK-2127205	Deekirimadawala	Deekirimadawala	gnd	394	11	9	8	1	0	0
LK-2127210	Hapuwala	Hapuwala	gnd	298	4	28	5	0	0	0
LK-2127215	Galapitaambe	Galapitaambe	gnd	287	7	113	2	1	0	0
LK-2127220	Hathamuna	Hathamuna	gnd	339	20	74	1	1	0	0
LK-2127225	Dodamgolla	Dodamgolla	gnd	338	22	147	9	4	0	0
LK-2127230	Hurikaduwa South	Hurikaduwa South	gnd	229	1	92	7	1	0	0
LK-2127235	Hurikaduwa East	Hurikaduwa East	gnd	355	5	149	2	0	0	0
LK-2127240	Hurikaduwa Madige	Hurikaduwa Madige	gnd	157	4	148	8	1	32	1
LK-2127245	Galamuna	Galamuna	gnd	385	30	5	3	8	0	0
LK-2127250	Malpana	Malpana	gnd	417	6	135	11	2	0	0
LK-2127255	Ahaspokuna North	Ahaspokuna North	gnd	344	20	172	41	2	0	0
LK-2127260	Gonawala South	Gonawala South	gnd	332	14	98	15	8	0	0
LK-2127265	Kumbukkandura South	Kumbukkandura South	gnd	301	6	1	4	2	0	0
LK-2127270	Kumbukkandura North	Kumbukkandura North	gnd	348	42	96	46	4	0	0
LK-2127275	Rajawella North	Rajawella North	gnd	827	16	254	14	6	0	1
LK-2127280	Ahaspokuna South	Ahaspokuna South	gnd	432	29	201	29	12	0	1
LK-2127285	Ihalawela	Ihalawela	gnd	615	15	123	14	8	0	0
LK-2127290	Kengalla	Kengalla	gnd	947	89	130	13	0	0	0
LK-2127295	Nithulethenna	Nithulethenna	gnd	279	8	94	46	5	0	0
LK-2127300	Dambarawa	Dambarawa	gnd	438	16	18	0	0	0	0
LK-2127305	Pilawala South	Pilawala South	gnd	251	18	41	5	0	0	0
LK-2127310	Mahawatta East	Mahawatta East	gnd	147	2	33	1	0	0	0
LK-2127315	Mahawatta North	Mahawatta North	gnd	556	45	8	1	1	0	0
LK-2127320	Mahawatta West	Mahawatta West	gnd	275	2	0	0	1	0	0
LK-2127325	Mahawatta South	Mahawatta South	gnd	262	7	114	5	1	0	0
LK-2127330	Arangala North	Arangala North	gnd	194	2	87	3	1	0	0
LK-2127335	Karattamada	Karattamada	gnd	110	3	66	5	6	0	0
LK-2127340	Arangala South	Arangala South	gnd	246	4	86	24	3	0	0
LK-2127345	Galmaduwa	Galmaduwa	gnd	655	16	77	11	4	0	0
LK-2127350	Nattarampotha	Nattarampotha	gnd	585	0	14	4	0	0	0
LK-2127355	Kundasale North	Kundasale North	gnd	1358	36	75	20	17	0	0
LK-2127360	Kundasale South	Kundasale South	gnd	1978	82	122	54	4	0	2
LK-2127365	Balagolla West	Balagolla West	gnd	527	4	28	6	0	0	0
LK-2127370	Balagolla East	Balagolla East	gnd	787	42	84	17	3	0	1
LK-2127375	Aswalapitiya	Aswalapitiya	gnd	353	19	9	4	0	0	0
LK-2127380	Diyabubula	Diyabubula	gnd	877	27	53	12	5	0	1
LK-2127385	Rajawella South	Rajawella South	gnd	340	4	105	5	9	0	0
LK-2127390	Aluth Pallekele	Aluth Pallekele	gnd	673	47	277	60	11	0	2
LK-2127395	Wijaya Sri Gama	Wijaya Sri Gama	gnd	362	32	302	60	18	0	0
LK-2127400	Ambakotayawatta	Ambakotayawatta	gnd	726	56	550	63	13	1	1
LK-2130005	Mavilmada	Mavilmada	gnd	793	28	5	1	0	0	2
LK-2130010	Siyambalagasthenna	Siyambalagasthenna	gnd	470	17	6	0	0	0	0
LK-2130015	Pitakanda Gama	Pitakanda Gama	gnd	311	5	29	9	3	0	0
LK-2130020	Senkadagala	Senkadagala	gnd	428	7	1	0	1	1	0
LK-2130025	Wattaranthenna	Wattaranthenna	gnd	568	14	3	0	1	0	0
LK-2130030	Nittawela	Nittawela	gnd	880	11	3	0	4	1	0
LK-2130035	Watapuluwa	Watapuluwa	gnd	520	21	16	2	1	0	1
LK-2130040	Mahaweli Uyana	Mahaweli Uyana	gnd	326	0	4	0	0	0	0
LK-2130045	Watapuluwa South	Watapuluwa South	gnd	466	4	1	2	0	0	0
LK-2130050	Aruppala East	Aruppala East	gnd	450	0	0	0	0	0	0
LK-2130055	Aruppala West	Aruppala West	gnd	717	4	42	5	2	0	0
LK-2130060	Watapuluwa West	Watapuluwa West	gnd	541	12	14	0	7	0	1
LK-2130065	Mahaiyawa	Mahaiyawa	gnd	486	12	9	3	0	1	0
LK-2130070	Mapanawathura	Mapanawathura	gnd	768	3	51	1	0	0	0
LK-2130075	Poorna Watta East	Poorna Watta East	gnd	421	18	0	0	0	0	0
LK-2130080	Poorna Watta West	Poorna Watta West	gnd	732	20	12	5	12	320	0
LK-2130085	Asgiriya	Asgiriya	gnd	520	0	6	0	0	0	0
LK-2130090	Bahirawa Kanda	Bahirawa Kanda	gnd	709	2	28	2	0	0	0
LK-2130095	Nuwara Dodamwala	Nuwara Dodamwala	gnd	431	3	7	2	0	0	0
LK-2130100	Aniwatta East	Aniwatta East	gnd	531	4	10	3	2	2	0
LK-2130105	Katukele West	Katukele West	gnd	263	5	0	0	0	0	0
LK-2130110	Katukele	Katukele	gnd	491	13	2	0	2	0	0
LK-2130115	Ihala Katukele	Ihala Katukele	gnd	395	3	8	0	1	7	0
LK-2130120	Mahanuwara	Mahanuwara	gnd	201	2	0	0	0	0	0
LK-2130125	Lewella	Lewella	gnd	481	5	42	3	0	1	0
LK-2130130	Thalwatta	Thalwatta	gnd	809	3	12	0	2	0	0
LK-2130135	Boowelikada	Boowelikada	gnd	350	0	7	1	2	0	0
LK-2130140	Malwatta	Malwatta	gnd	465	16	4	3	0	0	0
LK-2130145	Bogambara	Bogambara	gnd	175	8	84	9	1	2	0
LK-2130150	Deiyannewela	Deiyannewela	gnd	415	9	63	4	2	0	0
LK-2130155	Nagasthenna	Nagasthenna	gnd	846	4	79	18	1	11	0
LK-2130160	Suduhumpala East	Suduhumpala East	gnd	428	22	79	25	2	0	0
LK-2130165	Suduhumpala West	Suduhumpala West	gnd	574	14	10	0	4	0	1
LK-2130170	Welata	Welata	gnd	574	2	9	0	0	0	0
LK-2130175	Aniwatta West	Aniwatta West	gnd	527	3	0	0	0	0	0
LK-2130180	Getambe	Gatambe	gnd	704	8	10	9	0	1	0
LK-2130185	Pahala Eriyagama	Pahala Eriyagama	gnd	621	6	34	3	2	1	0
LK-2130190	Godagandeniya	Godagandeniya	gnd	303	15	49	0	0	0	0
LK-2130195	Palle Peradeniya	Palle Peradeniya	gnd	261	4	15	0	0	0	0
LK-2130200	Uda Bowala	Uda Bowala	gnd	1000	54	13	0	3	2	0
LK-2130205	Bowala	Bowala	gnd	1238	14	25	2	5	0	0
LK-2130210	Mulgampala	Mulgampala	gnd	632	7	20	1	1	0	0
LK-2130215	Heeressagala	Heeressagala	gnd	524	21	519	52	31	0	1
LK-2130220	Hanthana Pedesa	Hanthana Pedesa	gnd	315	3	22	4	3	0	1
LK-2130225	Ampitiya South	Ampitiya South	gnd	326	4	45	36	8	0	0
LK-2130230	Ampitiya North	Ampitiya North	gnd	696	3	0	0	1	0	0
LK-2130235	Ampitiya Udagama North	Ampitiya Udagama North	gnd	471	10	21	5	3	0	0
LK-2130240	Thennakumbura	Thennakumbura	gnd	1548	16	77	5	6	0	1
LK-2130245	Ampitiya Pallegama	Ampitiya Pallegama	gnd	650	12	57	4	5	0	1
LK-2130250	Meddegama	Meddegama	gnd	367	29	85	0	0	0	0
LK-2130255	Ampitiya Udagama South	Ampitiya Udagama South	gnd	448	2	6	0	1	0	0
LK-2130260	Wewathenna	Wewathenna	gnd	743	16	71	0	1	0	0
LK-2130265	Ulpathakumbura	Ulpathakumbura	gnd	519	9	49	1	0	0	0
LK-2130270	Gurudeniya West	Gurudeniya West	gnd	398	4	86	2	0	0	0
LK-2130275	Gurudeniya East	Gurudeniya East	gnd	874	4	105	18	6	0	1
LK-2130280	Maligathenna	Maligathenna	gnd	669	13	198	23	3	0	0
LK-2130285	Gurudeniya Dambawela	Gurudeniya Dambawela	gnd	459	0	1	0	0	0	0
LK-2130290	Lewla	Lewla	gnd	238	3	102	4	2	0	0
LK-2130295	Ketawala	Ketawala	gnd	306	1	79	5	0	0	0
LK-2130300	Bowalawatta	Bowalawatta	gnd	714	9	64	3	0	0	0
LK-2130305	Ogastawatta	Ogastawatta	gnd	794	31	208	36	6	0	1
LK-2130310	Uda Peradeniya	Uda Peradeniya	gnd	561	36	153	11	1	0	0
LK-2130315	Hindagala	Hindagala	gnd	795	20	40	32	4	0	0
LK-2130320	Mahakanda	Mahakanda	gnd	539	14	206	21	1	0	2
LK-2133005	Amuwathdeniya	Amuwathdeniya	gnd	118	0	60	0	1	0	0
LK-2133010	Doranegama	Doranegama	gnd	63	1	92	7	2	0	0
LK-2133015	Ihagama	Ihagama	gnd	118	1	115	17	2	0	0
LK-2133020	Medawala	Medawala	gnd	324	3	114	3	0	0	0
LK-2133025	Angoda	Angoda	gnd	77	1	43	3	0	0	0
LK-2133030	Dembaralawa	Dembaralawa	gnd	233	4	91	6	8	0	1
LK-2133035	Bothota	Bothota	gnd	168	0	119	10	1	0	0
LK-2133040	Attaragama East	Attaragama East	gnd	194	3	55	9	3	0	0
LK-2133045	Attaragama	Attaragama	gnd	151	8	112	0	0	0	0
LK-2133050	Gonigoda-Palkumbura	Gonigoda-Palkumbura	gnd	162	1	74	20	0	0	0
LK-2133055	Gonigoda	Gonigoda	gnd	97	0	96	1	2	0	0
LK-2133060	Attaragama South	Attaragama South	gnd	146	6	125	19	2	0	0
LK-2133065	Hapugoda	Hapugoda	gnd	331	3	0	0	1	0	1
LK-2133070	Udabokalawela	Udabokalawela	gnd	239	0	95	4	0	0	0
LK-2133075	Rajapihilla	Rajapihilla	gnd	204	4	196	9	2	0	0
LK-2133080	Ulladupitiya East	Ulladupitiya East	gnd	65	0	104	6	0	0	0
LK-2133085	Ulladupitiya West	Ulladupitiya West	gnd	117	9	103	31	4	0	0
LK-2133090	Arambegama	Arambegama	gnd	274	9	67	11	0	0	0
LK-2133095	Aladeniya	Aladeniya	gnd	203	4	71	7	3	0	0
LK-2133100	Hedeniya	Hedeniya	gnd	171	2	94	5	2	0	0
LK-2133105	Rajasinghagama	Rajasinghagama	gnd	146	13	111	22	16	0	1
LK-2133110	Palkumbura	Palkumbura	gnd	121	1	105	14	6	0	2
LK-2133115	Narangoda	Narangoda	gnd	26	6	112	20	17	0	0
LK-2133120	Kurundugolla	Kurundugolla	gnd	281	2	72	0	2	0	0
LK-2133125	Viguhumpola	Viguhumpola	gnd	360	20	74	2	3	0	2
LK-2133130	Hiriyalagammana	Hiriyalagammana	gnd	325	1	58	2	0	0	0
LK-2133135	Thittapajjala	Thittapajjala	gnd	284	0	80	0	1	0	0
LK-2133140	Thittapajjala North	Thittapajjala North	gnd	183	3	99	4	0	0	0
LK-2133145	Nugawela	Nugawela	gnd	520	5	140	6	6	0	0
LK-2133150	Batuambe	Batuambe	gnd	185	10	44	4	0	0	0
LK-2133155	Endaruthenna	Endaruthenna	gnd	105	0	56	1	0	0	0
LK-2133160	Embulpuraya	Embulpuraya	gnd	117	23	123	5	1	0	0
LK-2133165	Uduwawala West	Uduwawala West	gnd	246	23	55	1	1	0	0
LK-2133170	Uduwawala North	Uduwawala North	gnd	250	4	54	8	1	0	0
LK-2133175	Pallebokalawela	Pallebokalawela	gnd	256	18	0	4	3	0	0
LK-2133180	Ranawana West	Ranawana West	gnd	451	11	2	0	0	0	0
LK-2133185	Ranawana East	Ranawana East	gnd	485	15	9	2	1	0	0
LK-2133190	Uduwawala East	Uduwawala East	gnd	342	8	61	14	5	0	0
LK-2133195	Senarathgama North	Senarathgama North	gnd	295	24	0	1	2	0	0
LK-2133200	Wathuwala	Wathuwala	gnd	292	6	0	1	1	0	0
LK-2133205	Uyanwatta	Uyanwatta	gnd	202	13	73	4	2	0	0
LK-2133210	Dadahogama	Dadahogama	gnd	167	0	102	3	2	0	0
LK-2133215	Mapamadulla	Mapamadulla	gnd	258	0	0	0	0	0	0
LK-2133220	Malagammana	Malagammana	gnd	75	1	18	0	0	0	0
LK-2133225	Ruwanpuraya	Ruwanpuraya	gnd	108	1	159	9	1	0	0
LK-2133230	Kurunduwatta	Kurunduwatta	gnd	104	1	85	1	0	0	0
LK-2133235	Karanduwawala Ihala	Karanduwawala Ihala	gnd	91	2	95	12	2	0	0
LK-2133240	Karanduwawala Pahala	Karanduwawala Pahala	gnd	16	1	103	6	4	0	0
LK-2133245	Owathenna	Owathenna	gnd	60	10	123	2	0	0	0
LK-2133250	Yahalathenna West	Yahalathenna West	gnd	49	1	87	1	3	5	0
LK-2133255	Yahalathenna Kanda	Yahalathenna Kanda	gnd	41	0	200	20	13	11	0
LK-2133260	Kulugammana	Kulugammana	gnd	416	6	57	2	2	0	0
LK-2133265	Uguressapitiya	Uguressapitiya	gnd	486	11	2	0	1	0	0
LK-2133270	Senarathgama South	Senarathgama South	gnd	354	14	149	10	0	0	1
LK-2133275	Kondadeniya	Kondadeniya	gnd	335	10	67	1	0	1	1
LK-2133280	Etamurungagoda	Etamurungagoda	gnd	321	4	28	0	0	0	0
LK-2133285	Yatiwawala	Yatiwawala	gnd	434	6	21	0	3	0	1
LK-2133290	Katugasthota	Katugasthota	gnd	243	13	0	2	3	1	0
LK-2133295	Inigala	Inigala	gnd	450	4	91	2	10	0	0
LK-2133300	Rathmale	Rathmale	gnd	613	11	1	1	0	0	0
LK-2133305	Hamangoda North	Hamangoda North	gnd	402	12	183	20	8	0	0
LK-2133310	Hamangoda South	Hamangoda South	gnd	149	3	145	6	5	0	1
LK-2133315	Uggalla	Uggalla	gnd	178	3	62	2	1	0	0
LK-2133320	Udadoolwala	Udadoolwala	gnd	95	2	113	3	3	0	0
LK-2133325	Kurundugahamada	Kurundugahamada	gnd	49	0	61	0	0	0	0
LK-2133330	Seewaleekanda	Seewaleekanda	gnd	68	1	96	3	0	0	0
LK-2133335	Mahathenna	Mahathenna	gnd	100	0	105	1	2	50	0
LK-2133340	Bulathgolla	Bulathgolla	gnd	88	1	107	4	2	0	0
LK-2133345	Yatihalagala Udagama	Yatihalagala Udagama	gnd	119	0	75	3	0	0	0
LK-2133350	Pahala Doolwala	Pahala Doolwala	gnd	127	1	55	5	0	0	0
LK-2133355	Udamulla	Udamulla	gnd	294	17	1	1	2	0	0
LK-2133360	Gohagoda	Gohagoda	gnd	490	22	58	2	1	0	0
LK-2133365	Wegiriya	Wegiriya	gnd	282	1	80	7	5	0	0
LK-2133370	Polwatta	Polwatta	gnd	557	14	56	4	3	0	0
LK-2133375	Madapathagama	Madapathagama	gnd	207	16	0	0	0	0	0
LK-2133380	Banwelgolla	Banwelgolla	gnd	175	4	65	6	1	0	0
LK-2133385	Narangaskumbura	Narangaskumbura	gnd	153	16	0	0	0	0	0
LK-2133390	Pallemulla	Pallemulla	gnd	282	6	61	1	0	0	0
LK-2133395	Haloluwa Pallegama	Haloluwa Pallegama	gnd	132	3	93	2	0	0	0
LK-2133400	Bogahakanda	Bogahakanda	gnd	150	0	4	2	0	0	0
LK-2133405	Yatihalagala Pallegama	Yatihalagala Pallegama	gnd	90	1	124	27	1	0	0
LK-2133410	Haloluwa	Haloluwa	gnd	554	6	3	0	1	1	0
LK-2133415	Kumburegedara	Kumburegedara	gnd	200	3	38	8	0	0	0
LK-2133420	Warathenna	Warathenna	gnd	298	5	34	2	2	0	0
LK-2134005	Paragoda	Paragoda	gnd	63	1	49	7	7	0	0
LK-2134010	Aludeniya North	Aludeniya North	gnd	71	0	86	0	1	0	0
LK-2134015	Aludeniya South	Aludeniya South	gnd	115	2	93	5	3	0	0
LK-2134020	Alakolamaditta	Alakolamaditta	gnd	123	3	19	0	0	0	0
LK-2134025	Amboruwa	Amboruwa	gnd	160	4	26	2	3	0	0
LK-2134030	Galdola	Galdola	gnd	91	12	2	0	3	0	0
LK-2134035	Polwatta Ihalagama	Polwatta Ihalagama	gnd	63	4	153	11	3	0	0
LK-2134040	Ilpemada	Ilpemada	gnd	44	7	187	6	4	0	0
LK-2134045	Polwatta	Polwatta	gnd	61	1	95	7	0	0	0
LK-2134050	Dunkumbura	Dunkumbura	gnd	68	0	79	2	0	0	0
LK-2134055	Nikathenna	Nikathenna	gnd	94	23	14	2	4	0	0
LK-2134060	Narangaspitiya	Narangaspitiya	gnd	85	0	4	0	0	9	0
LK-2134065	Godathale	Godathale	gnd	49	0	108	3	2	0	0
LK-2134070	Kalotuwawa	Kalotuwawa	gnd	30	0	139	15	5	5	0
LK-2134075	Dedunupitiya Pahalagama	Dedunupitiya Pahalagama	gnd	50	0	53	1	2	0	0
LK-2134080	Damunupola	Damunupola	gnd	181	2	0	0	0	0	0
LK-2134085	Pallepola	Pallepola	gnd	24	2	58	5	3	0	0
LK-2134090	Welagama	Welagama	gnd	27	1	100	3	3	0	0
LK-2134095	Weligodapola	Weligodapola	gnd	222	13	97	3	0	0	0
LK-2134100	Hatharaliyadda	Hatharaliyadda	gnd	118	2	84	0	4	0	0
LK-2134105	Kanakkarapola North	Kanakkarapola North	gnd	165	5	0	0	0	0	0
LK-2134110	Mawathagama	Mawathagama	gnd	49	1	50	8	3	0	0
LK-2134115	Imbulethenna	Imbulethenna	gnd	26	0	53	7	1	0	0
LK-2134120	Welivita Ihala North	Welivita Ihala North	gnd	131	1	41	2	0	0	0
LK-2134125	Welivita Ihalagama	Welivita Ihalagama	gnd	50	1	78	6	3	0	1
LK-2134130	Sivurupitiya	Sivurupitiya	gnd	25	0	66	2	6	0	0
LK-2134135	Eramuduliyadda	Eramuduliyadda	gnd	43	3	100	3	0	0	0
LK-2134140	Muruddeniya	Muruddeniya	gnd	140	1	0	2	0	0	0
LK-2134145	Walpalagolla North	Walpalagolla North	gnd	77	3	26	0	0	0	1
LK-2134150	Walpalagolla East	Walpalagolla East	gnd	26	2	48	15	1	31	1
LK-2134155	Walpalagolla South	Walpalagolla South	gnd	33	0	115	3	1	0	0
LK-2134160	Welivita Pahalagama	Welivita Pahalagama	gnd	56	2	84	8	5	0	0
LK-2134165	Handabowa	Handabowa	gnd	150	4	0	1	1	0	0
LK-2134170	Meegasthenna	Meegasthenna	gnd	189	1	4	1	1	0	0
LK-2134175	Kanakkarapola South	Kanakkarapola South	gnd	40	16	62	8	3	0	0
LK-2134180	Avulbodale	Avulbodale	gnd	22	2	35	11	1	0	0
LK-2134185	Lechchimimenila	Lechchimimenila	gnd	133	2	56	0	3	0	0
LK-2134190	Yaggala	Yaggala	gnd	46	2	55	0	1	0	0
LK-2134195	Rangamuwa	Rangamuwa	gnd	80	1	29	1	0	0	0
LK-2134200	Dedunupitiya Ihalagama	Dedunupitiya Ihalagama	gnd	50	0	57	0	0	0	0
LK-2134205	Ambawa	Ambawa	gnd	27	0	81	3	11	0	0
LK-2134210	Dehideniya Madige	Dehideniya Madige	gnd	136	15	56	10	0	0	0
LK-2134215	Pelena Pahalagama	Pelena Pahalagama	gnd	46	1	109	1	4	0	0
LK-2134220	Pelena	Pelena	gnd	134	0	1	0	0	0	0
LK-2134225	Kandemeeya	Kandemeeya	gnd	51	1	113	5	2	0	0
LK-2134230	Alagalla Pahalagama	Alagalla Pahalagama	gnd	81	2	120	0	2	0	0
LK-2134235	Alagalla Ihala	Alagalla Ihala	gnd	27	12	166	10	5	0	0
LK-2134240	Mudagammana	Mudagammana	gnd	27	3	92	0	1	0	0
LK-2134245	Pattapola Ihala	Pattapola Ihala	gnd	77	6	77	1	0	0	0
LK-2134250	Pattapola Pahalagama	Pattapola Pahalagama	gnd	164	18	1	0	0	0	0
LK-2134255	Welivita Pahalagama South	Welivita Pahalagama South	gnd	37	0	75	6	1	0	0
LK-2134260	Andiyathenna	Andiyathenna	gnd	17	0	91	4	2	0	0
LK-2134265	Kolugala	Kolugala	gnd	40	0	118	2	2	0	0
LK-2134270	Kolugala Pahalagama	Kolugala Pahalagama	gnd	5	0	150	3	1	0	0
LK-2134275	Kithuldora	Kithuldora	gnd	92	1	52	1	0	0	0
LK-2134280	Aluthgama Pahala	Aluthgama Pahala	gnd	87	3	32	2	1	0	0
LK-2134285	Aluthgama Ihala	Aluthgama Ihala	gnd	71	6	41	0	0	0	1
LK-2136005	Alagalla Watta	Alagalla Watta	gnd	232	7	0	0	0	0	0
LK-2136010	Kirimetiya Watta	Kirimetiya Watta	gnd	50	3	192	33	2	0	0
LK-2136015	Pahala Yatigammana	Pahala Yatigammana	gnd	150	5	18	0	2	0	0
LK-2136020	Yatigammana	Yatigammana	gnd	110	1	36	8	0	0	0
LK-2136025	Thismada	Thismada	gnd	39	0	86	12	3	0	0
LK-2136030	Kotaligoda North	Kotaligoda North	gnd	127	14	139	23	0	0	0
LK-2136035	Udawela Nadithalawa	Udawela Nadithalawa	gnd	82	3	77	5	9	0	0
LK-2136040	Udawela Pallemaditta	Udawela Pallemaditta	gnd	106	3	99	5	5	0	0
LK-2136045	Wathurakumbura	Wathurakumbura	gnd	309	44	3	0	1	0	1
LK-2136050	Gurugama	Gurugama	gnd	307	7	2	44	12	0	0
LK-2136055	Dehianga North	Dehianga North	gnd	349	3	16	1	2	0	2
LK-2136060	Kobbekaduwa	Kobbekaduwa	gnd	178	5	127	5	4	0	0
LK-2136065	Ihala Kobbekaduwa	Ihala Kobbekaduwa	gnd	252	4	5	2	0	0	0
LK-2136070	Pelawa Ihalagama	Pelawa Ihalagama	gnd	66	4	127	5	4	0	1
LK-2136075	Yahalathenna	Yahalathenna	gnd	281	15	67	10	4	0	0
LK-2136080	Pelawa Ihala Meda	Pelawa Ihala Meda	gnd	389	1	0	2	6	0	0
LK-2136085	Pelawa Pahalagama	Pelawa Pahalagama	gnd	154	2	164	2	2	0	0
LK-2136090	Gannoruwa West	Gannoruwa West	gnd	404	23	0	0	0	0	0
LK-2136095	Dehigama East	Dehigama East	gnd	273	4	118	3	4	0	0
LK-2136100	Dehigama South	Dehigama South	gnd	117	1	109	2	2	0	1
LK-2136105	Dehigama North	Dehigama North	gnd	203	1	25	3	1	0	0
LK-2136110	Dehianga South	Dehianga South	gnd	353	12	8	0	0	1	1
LK-2136115	Pahala Dodamwala	Pahala Dodamwala	gnd	307	4	19	6	0	1	0
LK-2136120	Ihala Dodamwala	Ihala Dodamwala	gnd	46	0	148	5	0	0	0
LK-2136125	Udawela Pahalagama	Udawela Pahalagama	gnd	284	21	1	0	0	0	0
LK-2136130	Munwathugoda	Munwathugoda	gnd	241	2	2	1	0	0	0
LK-2136135	Walgampaya	Walgampaya	gnd	323	0	120	9	1	0	1
LK-2136140	Bathgoda	Bathgoda	gnd	171	4	45	5	2	0	0
LK-2136145	Doluwa East	Doluwa East	gnd	74	4	76	7	4	0	0
LK-2136150	Doluwa West	Doluwa West	gnd	89	1	123	7	7	0	0
LK-2136155	Kotaligoda South	Kotaligoda South	gnd	210	1	1	4	0	0	0
LK-2136160	Menikdiwela	Menikdiwela	gnd	233	2	78	13	6	1	0
LK-2136165	Pottepitiya	Pottepitiya	gnd	137	0	0	0	1	0	0
LK-2136170	Ihala Alagalla	Ihala Alagalla	gnd	190	2	203	21	6	0	0
LK-2136175	Godigamuwa	Godigamuwa	gnd	185	6	1	0	0	0	0
LK-2136180	Motana Dekinda	Motana Dekinda	gnd	46	0	65	14	2	0	0
LK-2136185	Gondeniya	Gondeniya	gnd	96	3	71	5	0	0	0
LK-2136190	Madiligama	Madiligama	gnd	141	0	0	0	7	0	0
LK-2136195	Udarathmeewala	Udarathmeewala	gnd	157	7	27	13	2	0	0
LK-2136200	Pahala Rathmeewala	Pahala Rathmeewala	gnd	269	23	0	6	0	0	0
LK-2136205	Deldeniya	Deldeniya	gnd	163	8	93	8	3	2	0
LK-2136210	Walgowwagoda	Walgowwagoda	gnd	248	12	3	0	0	0	0
LK-2136215	Kavudupana	Kavudupana	gnd	214	4	0	0	0	0	0
LK-2136220	Haliyadda	Haliyadda	gnd	234	8	118	15	2	1	0
LK-2136225	Danthure	Danthure	gnd	458	9	46	1	0	0	0
LK-2136230	Siyambalagoda	Siyambalagoda	gnd	376	10	39	3	0	0	0
LK-2136235	Parakatawella	Parakatawella	gnd	368	12	1	2	8	0	0
LK-2136240	Imbulmalgama	Imbulmalgama	gnd	143	13	2	3	0	0	0
LK-2136245	Diyapalagoda	Diyapalagoda	gnd	315	5	4	1	1	0	0
LK-2136250	Mangalagama	Mangalagama	gnd	197	3	94	1	2	0	0
LK-2136255	Karuwalawatta	Karuwalawatta	gnd	212	9	103	3	5	0	0
LK-2136260	Gannoruwa Central	Gannoruwa Central	gnd	458	4	36	3	1	0	0
LK-2136265	Dehideniya West	Dehideniya West	gnd	116	3	146	10	0	0	0
LK-2136270	Sooriyagoda	Sooriyagoda	gnd	316	0	222	15	1	0	0
LK-2136275	Malgammana	Malgammana	gnd	240	10	0	0	2	0	0
LK-2136280	Moladanda	Moladanda	gnd	341	3	77	6	3	0	0
LK-2136285	Giragama	Giragama	gnd	278	4	0	0	2	0	0
LK-2136290	Arambegama East	Arambegama East	gnd	369	19	0	0	2	0	1
LK-2136295	Kudaoya	Kudaoya	gnd	273	3	4	16	0	2	0
LK-2136300	Kurunduwatta	Kurunduwatta	gnd	190	5	36	1	0	0	0
LK-2136305	Kandangama North	Kandangama North	gnd	462	18	64	8	2	0	0
LK-2136310	Mamudawala	Mamudawala	gnd	110	1	57	10	7	0	0
LK-2136315	Maligathenna	Maligathenna	gnd	93	1	71	2	1	0	0
LK-2136320	Ketakumbura	Ketakumbura	gnd	201	3	1	1	3	0	1
LK-2136325	Amunupura	Amunupura	gnd	96	8	139	13	16	0	0
LK-2136330	Moragolla Mahakanda	Moragolla Mahakanda	gnd	110	10	0	0	0	1	1
LK-2136335	Balana	Balana	gnd	79	1	107	1	4	0	0
LK-2136340	Weralugolla	Weralugolla	gnd	238	0	1	0	0	0	0
LK-2136345	Pahala Mudaliwatta	Pahala Mudaliwatta	gnd	98	0	121	1	4	0	1
LK-2136350	Mudaliwatta	Mudaliwatta	gnd	210	3	17	3	1	0	0
LK-2136355	Panabokka	Panabokka	gnd	255	8	0	2	6	0	1
LK-2136360	Kandangama South	Kandangama South	gnd	154	2	25	3	0	0	0
LK-2136365	Kotabogoda	Kotabogoda	gnd	337	5	0	0	0	0	0
LK-2136370	Urapola	Urapola	gnd	294	6	15	0	1	0	0
LK-2136375	Arambegama West	Arambegama West	gnd	319	22	1	0	0	1	0
LK-2136380	Embilmeegama North	Embilmeegama North	gnd	313	7	16	1	0	0	0
LK-2136385	Ranawana	Ranawana	gnd	286	11	0	0	0	0	1
LK-2136390	Bulumulla	Bulumulla	gnd	370	1	6	0	0	0	0
LK-2136395	Pilapitiya	Pilapitiya	gnd	953	46	4	0	2	0	2
LK-2136400	Kiribathkumbura East	Kiribathkumbura East	gnd	454	14	6	8	1	0	0
LK-2136405	Dehideniya East	Dehideniya East	gnd	381	15	35	11	0	0	0
LK-2136410	Kendakaduwa	Kendakaduwa	gnd	364	7	134	24	1	0	0
LK-2136415	Gannoruwa East	Gannoruwa East	gnd	506	4	19	1	0	0	0
LK-2136420	Uda Eriyagama East	Uda Eriyagama East	gnd	417	5	13	6	0	0	0
LK-2136425	Uda Eriyagama West	Uda Eriyagama West	gnd	320	1	19	6	0	0	0
LK-2136430	Edanduwawa East	Edanduwawa East	gnd	416	12	0	3	3	1	0
LK-2136435	Edanduwawa West	Edanduwawa West	gnd	300	10	180	22	1	0	0
LK-2136440	Kiribathkumbura West	Kiribathkumbura West	gnd	594	10	98	6	2	0	0
LK-2136445	Embilmeegama South	Embilmeegama South	gnd	472	7	39	6	0	0	0
LK-2136450	Govindala	Govindala	gnd	359	16	82	1	2	0	0
LK-2136455	Pilimathalawa	Pilimathalawa	gnd	291	11	136	26	11	0	0
LK-2136460	Ilukwatta	Ilukwatta	gnd	601	14	7	0	1	0	0
LK-2136465	Madarangoda	Madarangoda	gnd	253	10	18	12	2	0	0
LK-2136470	Kadawathgama	Kadawathgama	gnd	468	33	73	11	6	0	0
LK-2136475	Kadugannawa Town	Kadugannawa Town	gnd	241	3	1	1	1	0	0
LK-2139005	Gangoda	Gangoda	gnd	179	4	0	0	0	0	1
LK-2139010	Gangoda North	Gangoda North	gnd	255	3	1	0	0	0	0
LK-2139015	Werellamana	Werellamana	gnd	152	19	24	7	1	0	0
LK-2139020	Thalawatta	Thalawatta	gnd	150	21	14	7	1	0	0
LK-2139025	Boyagama	Boyagama	gnd	152	2	100	10	2	0	1
LK-2139030	Gangoda South	Gangoda South	gnd	168	2	102	2	2	0	1
LK-2139035	Gadaladeniya North	Gadaladeniya North	gnd	260	8	58	1	3	0	0
LK-2139040	Kiriwavula East	Kiriwavula East	gnd	301	5	1	1	3	1	1
LK-2139045	Kiriwavula West	Kiriwavula West	gnd	255	24	0	2	0	0	0
LK-2139050	Alanduwaka	Alanduwaka	gnd	384	6	1	0	0	0	1
LK-2139055	Pahala Koorukuttala	Pahala Koorukuttala	gnd	274	10	92	14	3	0	0
LK-2139060	Ihala Koorukuttala	Ihala Koorukuttala	gnd	448	8	6	3	0	0	0
LK-2139065	Belungala	Belungala	gnd	166	0	124	5	1	0	0
LK-2139070	Lagamuwa	Lagamuwa	gnd	146	23	59	5	0	0	0
LK-2139075	Mathgamuwa	Mathgamuwa	gnd	189	2	27	8	3	0	0
LK-2139080	Urulewatta	Urulewatta	gnd	116	3	98	16	0	0	0
LK-2139085	Warakagoda	Warakagoda	gnd	68	1	93	9	3	0	0
LK-2139090	Hepana	Hepana	gnd	90	2	74	1	0	0	0
LK-2139095	Gadaladeniya South	Gadaladeniya South	gnd	96	0	69	6	0	0	0
LK-2139100	Deliwala	Deliwala	gnd	214	12	1	1	1	0	0
LK-2139105	Pamunuwa West	Pamunuwa West	gnd	226	2	0	1	1	0	0
LK-2139110	Pamunuwa East	Pamunuwa East	gnd	128	1	54	2	1	0	0
LK-2139115	Mampitiya	Mampitiya	gnd	233	19	82	1	1	0	0
LK-2139120	Rajagiriya	Rajagiriya	gnd	214	18	1	0	0	0	0
LK-2139125	Hendeniya West	Hendeniya West	gnd	287	4	15	0	0	0	2
LK-2139130	Hendeniya East	Hendeniya East	gnd	284	5	27	10	0	0	1
LK-2139135	Penideniya	Penideniya	gnd	150	2	0	1	0	3	0
LK-2139140	Sangabogama	Sangabogama	gnd	173	8	105	8	4	0	0
LK-2139145	Meewathura	Meewathura	gnd	244	5	30	4	1	0	0
LK-2139150	Angunawala East	Angunawala East	gnd	249	22	64	5	0	0	0
LK-2139155	Angunawala West	Angunawala West	gnd	312	1	0	1	1	0	0
LK-2139160	Yalegoda East	Yalegoda East	gnd	222	3	69	0	0	0	0
LK-2139165	Yalegoda West	Yalegoda West	gnd	194	5	23	0	1	0	0
LK-2139170	Alapalawala East	Alapalawala East	gnd	190	16	26	4	8	0	0
LK-2139175	Alapalawala West	Alapalawala west	gnd	125	13	90	13	1	0	0
LK-2139180	Walgama	Walgama	gnd	134	0	49	4	0	0	0
LK-2139185	Rabbegamuwa North	Rabbegamuwa North	gnd	76	9	116	35	3	0	0
LK-2139190	Rabbegamuwa South	Rabbegamuwa South	gnd	151	18	0	0	1	0	0
LK-2139195	Hiddavulla East	Hiddavulla East	gnd	201	3	0	3	3	0	0
LK-2139200	Ganguldeniya	Ganguldeniya	gnd	59	1	102	2	0	0	0
LK-2139205	Wattappola	Wattappola	gnd	148	25	0	1	1	0	0
LK-2139210	Walagedara North	Walagedara North	gnd	159	2	0	0	0	0	0
LK-2139215	Udagama	Udagama	gnd	159	9	19	4	1	0	0
LK-2139220	Aluthkanda	Aluthkanda	gnd	256	39	3	2	1	0	0
LK-2139225	Sadikkawatta	Sadikkawatta	gnd	65	19	51	15	6	0	0
LK-2139230	Kovilakanda	Kovilakanda	gnd	181	3	69	5	5	0	0
LK-2139235	Walagedara South	Walagedara South	gnd	202	1	0	0	0	0	0
LK-2139240	Nikahetiya	Nikahetiya	gnd	88	3	91	10	1	0	0
LK-2139245	Panabokka	Panabokka	gnd	56	3	97	9	1	0	0
LK-2139250	Hiddavulla West	Hiddavulla West	gnd	89	3	149	22	1	0	0
LK-2139255	Hiyarapitiya	Hiyarapitiya	gnd	199	1	65	2	2	0	0
LK-2139260	Heeyawala	Heeyawala	gnd	204	1	0	0	2	0	0
LK-2139265	Imbuldeniya	Imbuldeniya	gnd	180	3	29	2	8	0	0
LK-2139270	Naranwala	Naranwala	gnd	148	3	47	1	1	0	0
LK-2139275	Handessa	Handessa	gnd	112	1	105	1	1	0	0
LK-2139280	Piligalla West	Piligalla West	gnd	121	7	65	15	0	0	0
LK-2139285	Piligalla East	Piligalla East	gnd	207	0	0	0	0	0	0
LK-2139290	Godapola West	Godapola West	gnd	191	7	15	0	0	0	0
LK-2139295	Godapola East	Godapola East	gnd	257	5	1	0	0	0	0
LK-2139300	Kamburadeniya	Kamburadeniya	gnd	237	5	0	4	2	0	0
LK-2139305	Meewaladeniya	Meewaladeniya	gnd	248	7	0	1	2	0	0
LK-2139310	Arattana	Arattana	gnd	266	3	0	0	3	0	0
LK-2139315	Davulagala	Davulagala	gnd	543	3	1	2	1	0	0
LK-2139320	Aravuwawala	Aravuwawala	gnd	336	10	1	3	3	0	0
LK-2139325	Rangama	Rangama	gnd	57	3	116	29	1	0	1
LK-2139330	Wathupola	Wathupola	gnd	111	4	2	0	1	0	0
LK-2139335	Manikkawa	Manikkawa	gnd	207	18	0	0	3	0	1
LK-2139340	Elpitikanda	Elpitikanda	gnd	26	0	223	20	18	0	0
LK-2139345	Kooradeniya	Kooradeniya	gnd	228	16	118	1	3	0	0
LK-2139350	Ambanwala	Ambanwala	gnd	164	9	31	3	2	0	0
LK-2139355	Werawala East	Werawala east	gnd	126	11	15	0	0	0	0
LK-2139360	Werawala West	Werawala West	gnd	54	1	62	2	1	0	0
LK-2139365	Siyambalagoda	Siyambalagoda	gnd	88	10	93	50	3	0	0
LK-2139370	Meddegoda	Meddegoda	gnd	61	0	17	1	0	0	0
LK-2139375	Embekka	Embekka	gnd	178	8	40	1	1	0	0
LK-2139380	Ambarapola	Ambarapola	gnd	249	4	14	7	0	0	0
LK-2139385	Eladetta West	Eladetta West	gnd	312	6	0	2	1	0	0
LK-2139390	Ihala Pethiyagoda	Ihala Pethiyagoda	gnd	223	0	0	0	0	0	0
LK-2139395	Pethiyagoda West	Pethiyagoda West	gnd	217	11	19	0	1	0	0
LK-2139400	Pethiyagoda East	Pethiyagoda East	gnd	418	1	11	5	4	0	0
LK-2139405	Palle Aludeniya	Palle Aludeniya	gnd	267	0	2	0	0	0	0
LK-2139410	Karamada North	Karamada North	gnd	167	0	77	5	0	0	0
LK-2139415	Nawa Peradeniya	Nawa Peradeniya	gnd	358	3	116	11	1	0	0
LK-2139420	Karamada South	Karamada South	gnd	321	5	32	1	5	0	0
LK-2139425	Nawa Elpitiya North	Nawa Elpitiya North	gnd	193	1	4	0	1	0	0
LK-2139430	Gelioya	Gelioya	gnd	292	8	3	1	1	0	0
LK-2139435	Dehipagoda West	Dehipagoda West	gnd	289	3	0	0	2	0	0
LK-2139440	Dehipagoda East	Dehipagoda East	gnd	292	3	15	4	0	1	0
LK-2139445	Eladetta East	Eladetta East	gnd	410	3	6	0	1	0	0
LK-2139450	Hathnagoda	Hathnagoda	gnd	263	0	34	1	0	0	0
LK-2139455	Ketakumbura	Ketakumbura	gnd	293	2	0	0	0	0	0
LK-2139460	Boowelikada	Boowelikada	gnd	216	0	1	0	0	0	0
LK-2139465	Dodamdeniya	Dodamdeniya	gnd	143	0	1	0	0	0	0
LK-2139470	Batupitiya	Batupitiya	gnd	310	11	27	2	0	0	0
LK-2139475	Bambaradeniya	Bambaradeniya	gnd	138	0	8	1	1	0	0
LK-2139480	Pilapitiya	Pilapitiya	gnd	163	4	3	0	1	0	0
LK-2139485	Rangoda	Rangoda	gnd	170	1	48	0	1	0	0
LK-2139490	Ambagasthenna	Ambagasthenna	gnd	216	9	0	0	1	0	0
LK-2139495	Welamboda	Welamboda	gnd	492	8	31	0	1	0	0
LK-2139500	Liyangaha Watta	Liyangaha Watta	gnd	253	12	3	0	0	0	0
LK-2139505	Maveekumbura North	Maveekumbura North	gnd	380	38	100	7	5	2	0
LK-2139510	Maveekumbura South	Maveekumbura South	gnd	12	0	157	11	7	0	0
LK-2139515	Watadeniya	Watadeniya	gnd	406	10	0	0	0	0	0
LK-2139520	Viharagama	Viharagama	gnd	201	23	0	0	1	0	2
LK-2139525	Ganhatha	Ganhatha	gnd	204	26	0	0	0	0	0
LK-2139530	Daskara	Daskara	gnd	148	3	59	4	0	0	0
LK-2139535	Wegiriya East	Wegiriya East	gnd	106	2	121	4	2	0	0
LK-2139540	Thalawathura	Thalawathura	gnd	286	0	1	2	2	0	0
LK-2139545	Muruthagahamula	Muruthagahamula	gnd	219	5	23	1	2	0	1
LK-2139550	Pitawalawatta	Pitawalawatta	gnd	195	13	100	15	4	0	0
LK-2139555	Nawa Elpitiya South	Nawa Elpitiya South	gnd	155	16	0	6	6	0	0
LK-2139560	Polgahaanga	Polgahaanga	gnd	196	8	107	4	2	0	0
LK-2139565	Delgahapitiya	Delgahapitiya	gnd	256	0	95	18	2	0	0
LK-2139570	Weligalla	Weligalla	gnd	266	3	1	0	1	0	0
LK-2139575	Uda Aludeniya	Uda Aludeniya	gnd	378	8	58	1	2	0	0
LK-2139580	Palkumbura	Palkumbura	gnd	156	9	42	0	1	0	0
LK-2139585	Lunugama	Lunugama	gnd	180	3	7	4	0	0	0
LK-2139590	Hondiyadeniya	Hondiyadeniya	gnd	208	9	82	17	10	0	0
LK-2139595	Wegiriya West	Wegiriya West	gnd	219	5	1	0	3	0	1
LK-2139600	Kotagaloluwa	Kotagaloluwa	gnd	122	27	23	5	3	0	0
LK-2139605	Deldeniya	Deldeniya	gnd	92	7	3	0	3	0	0
LK-2139610	Dihitideniya	Dihitideniya	gnd	112	5	0	0	0	0	0
LK-2139615	Appallagoda East	Appallagoda East	gnd	160	14	99	8	3	0	1
LK-2139620	Appallagoda West	Appallagoda West	gnd	103	1	68	2	5	0	0
LK-2142005	Galoya	Galoya	gnd	238	32	274	91	31	0	1
LK-2142010	Haloya	Haloya	gnd	288	32	69	9	5	0	0
LK-2142015	Wariyagala	Wariyagala	gnd	229	13	268	9	23	0	0
LK-2142020	Megoda Kalugamuwa	Megoda Kalugamuwa	gnd	251	7	178	25	3	0	0
LK-2142025	Ganegoda	Ganegoda	gnd	299	8	121	13	5	0	0
LK-2142030	Godawela	Godawela	gnd	263	6	75	21	9	0	0
LK-2142035	Nawa Gurukele	Nawa Gurukele	gnd	213	10	94	21	0	0	0
LK-2142040	Nillamba	Nillamba	gnd	413	24	192	13	9	0	0
LK-2142045	Nawa Nillamba	Nawa Nillamba	gnd	329	6	95	9	5	3	0
LK-2142050	Palledelthota	Palledelthota	gnd	424	51	324	12	4	1	0
LK-2142055	Gurukele	Gurukele	gnd	41	9	339	17	2	0	0
LK-2142060	Legumdeniya	Lagumdeniya	gnd	116	5	305	9	3	0	1
LK-2142065	Orayanwatta	Orayanwatta	gnd	384	12	2	1	10	0	0
LK-2142070	Doluwa	Doluwa	gnd	182	6	88	7	1	0	1
LK-2142075	Inguruwatta	Inguruwatta	gnd	438	19	0	1	0	0	0
LK-2142080	Naranvita	Naranvita	gnd	265	5	83	3	1	0	0
LK-2142085	Atuwewatta	Atuwewatta	gnd	522	22	38	3	0	0	0
LK-2142090	Gampolawatta	Gampolawatta	gnd	539	54	50	6	1	1	1
LK-2142095	Wewathenna	Wewathenna	gnd	257	8	1	0	0	0	0
LK-2142100	Thundeniya	Thundeniya	gnd	258	9	60	3	1	0	0
LK-2142105	Kahawatta	Kahawatta	gnd	317	15	0	0	0	0	0
LK-2142110	Gothatuwela	Gothatuwela	gnd	381	15	0	1	2	0	0
LK-2142115	Millagahamula	Millagahamula	gnd	91	9	268	33	3	0	0
LK-2142120	Pabadeniya	Pambadeniya	gnd	117	12	75	10	1	0	0
LK-2142125	Panvilathenna	Panvilathenna	gnd	108	6	189	7	1	0	1
LK-2142130	Masgolla	Masgolla	gnd	312	12	165	4	4	0	0
LK-2142135	Thumpelawaka	Thumpelawaka	gnd	20	13	150	93	29	0	1
LK-2142140	Mulgama	Mulgama	gnd	33	6	130	24	6	2	0
LK-2142145	Ududeniya	Ududeniya	gnd	26	4	204	13	0	0	0
LK-2142150	Hunugala	Hunugala	gnd	253	17	157	26	13	0	1
LK-2142155	Rajathalawa	Rajathalawa	gnd	257	19	2	2	2	0	0
LK-2142160	Pupuressa	Pupuressa	gnd	697	174	302	76	47	1	0
LK-2142165	Pitawala	Pitawala	gnd	24	2	253	63	16	2	2
LK-2145005	Uduwelawatta Colony	Uduwelawatta Colony	gnd	285	22	94	11	2	0	0
LK-2145010	Galthenna	Galthenna	gnd	73	1	108	11	2	0	1
LK-2145015	Wathuliyedda	Wathuliyedda	gnd	90	14	237	18	6	0	2
LK-2145020	Monarangala	Monarangala	gnd	314	18	89	14	3	0	0
LK-2145025	Nehiniwela	Nehiniwela	gnd	71	9	89	3	5	0	0
LK-2145030	Godompitiya	Godompitiya	gnd	123	7	37	3	5	0	0
LK-2145035	Hippola	Hippola	gnd	201	3	17	0	0	0	1
LK-2145040	Kossinna	Kossinna	gnd	288	4	1	1	1	0	0
LK-2145045	Thalathuoya West	Thalathuoya West	gnd	154	9	8	0	0	0	0
LK-2145050	Pussathenna	Pussathenna	gnd	174	6	107	9	3	0	0
LK-2145055	Pinnagolla	Pinnagolla	gnd	205	68	0	10	2	0	0
LK-2145060	Singharagama	Singharagama	gnd	121	1	114	3	0	0	0
LK-2145065	Haragama	Haragama	gnd	269	9	181	3	3	0	0
LK-2145070	Kapuliyadda East	Kapuliyadda East	gnd	56	1	66	1	7	0	0
LK-2145075	Kapuliyadda West	Kapuliyadda West	gnd	105	1	26	3	0	0	0
LK-2145080	Doolmure	Doolmure	gnd	87	3	94	9	1	0	0
LK-2145085	Bootawatta North	Bootawatta North	gnd	273	4	107	14	0	0	0
LK-2145090	Thalathuoya East	Thalathuoya East	gnd	116	8	58	11	2	0	0
LK-2145095	Ankelipitiya	Ankelipitiya	gnd	87	1	155	8	11	0	1
LK-2145100	Batagalla	Batagalla	gnd	127	4	37	1	5	0	0
LK-2145105	Ethulgama East	Ethulgama East	gnd	76	2	83	5	1	0	0
LK-2145110	Ethulgama North	Ethulgama North	gnd	157	46	1	10	8	0	0
LK-2145115	Uduwela Pallegama East	Uduwela Pallegama East	gnd	50	17	90	0	0	0	0
LK-2145120	Uduwela Pallegama West	Uduwela Pallegama West	gnd	53	1	93	12	1	0	0
LK-2145125	Uduwela Pallegama South	Uduwela Pallegama South	gnd	64	4	93	16	2	0	0
LK-2145130	Uduwela Udagama West	Uduwela Udagama West	gnd	222	64	188	15	8	4	0
LK-2145135	Uduwela Udagama East	Uduwela Udagama East	gnd	112	5	180	27	5	0	1
LK-2145140	Ratemulla	Ratemulla	gnd	218	11	282	72	16	0	1
LK-2145145	Pooliyadda	Pooliyadda	gnd	59	0	49	8	0	0	1
LK-2145150	Ethulgama West	Ethulgama West	gnd	72	0	121	16	2	0	0
LK-2145155	Ethulgama South	Ethulgama South	gnd	87	2	122	9	0	0	0
LK-2145160	Haputhale Egodagama	Haputhale Egodagama	gnd	276	2	1	10	3	0	1
LK-2145165	Haputhale Udagama	Haputhale Udagama	gnd	54	1	184	2	8	0	0
LK-2145170	Moragolla	Moragolla	gnd	59	2	260	24	0	0	0
LK-2145175	Haputhale Pallegama	Haputhale Pallegama	gnd	228	7	0	1	2	0	0
LK-2145180	Nugaliyadda Ihala	Nugaliyadda Ihala	gnd	56	4	88	3	1	0	0
LK-2145185	Nugaliyadda Pahala	Nugaliyadda Pahala	gnd	31	0	83	4	0	0	0
LK-2145190	Bootawatta South	Bootawatta South	gnd	50	2	102	9	8	0	0
LK-2145195	Godamunna West	Godamunna West	gnd	163	0	0	0	0	0	0
LK-2145200	Narangasthenna	Narangasthenna	gnd	33	0	124	8	1	0	0
LK-2145205	Godalawela	Godalawela	gnd	29	6	86	34	2	0	0
LK-2145210	Bolepa	Bolepa	gnd	156	7	44	2	1	0	0
LK-2145215	Pathamailapitiya South	Pathamailapitiya South	gnd	358	9	0	0	1	0	0
LK-2145220	Pathamailapitiya North	Pathamailapitiya North	gnd	187	10	208	7	3	0	0
LK-2145225	Udamailapitiya North	Udamailapitiya North	gnd	254	14	23	0	1	0	0
LK-2145230	Damunugolla	Damunugolla	gnd	117	1	0	0	7	0	0
LK-2145235	Marassana	Marassana	gnd	78	0	125	3	1	0	0
LK-2145240	Medadeniya	Medadeniya	gnd	178	2	0	0	0	0	0
LK-2145245	Welegama	Welegama	gnd	82	3	42	1	0	0	0
LK-2145250	Godamunna East	Godamunna East	gnd	46	1	125	2	1	0	0
LK-2145255	Letiyagolla	Letiyagolla	gnd	57	2	135	0	1	0	0
LK-2145260	Sriyagama	Sriyagama	gnd	43	2	202	65	8	0	0
LK-2145265	Medagama Udagama	Medagama Udagama	gnd	25	0	162	10	0	0	0
LK-2145270	Medagama Pallegama	Medagama Pallegama	gnd	52	2	139	5	1	0	0
LK-2145275	Kandewela	Kandewela	gnd	50	4	82	2	2	0	0
LK-2145280	Elikewela	Elikewela	gnd	108	0	14	1	4	0	0
LK-2145285	Meeruppa	Meeruppa	gnd	202	2	111	12	0	0	0
LK-2145290	Kethigannawela	Kethigannawela	gnd	49	3	98	1	0	0	0
LK-2145295	Udamailapitiya South	Udamailapitiya South	gnd	148	2	239	40	15	0	6
LK-2145300	Galagoda	Galagoda	gnd	245	6	22	11	6	0	0
LK-2145305	Hewavissa East	Hewavissa East	gnd	28	0	112	6	2	0	0
LK-2145310	Hewavissa West	Hewavissa West	gnd	58	0	99	3	1	0	0
LK-2145315	Bawlana	Bawlana	gnd	4	0	190	4	0	0	1
LK-2145320	Oluwawatta	Oluwawatta	gnd	126	12	1	0	0	0	0
LK-2145325	Kiriwanagoda	Kiriwanagoda	gnd	119	12	0	13	0	0	1
LK-2145330	Ududeniya Madige	Ududeniya Madige	gnd	253	13	0	0	1	0	0
LK-2145335	Unuvinna East	Unuvinna East	gnd	60	0	160	17	7	0	0
LK-2145340	Unuvinna West	Unuvinna West	gnd	53	3	133	14	8	0	0
LK-2145345	Ududeniya	Ududeniya	gnd	116	16	1	4	2	0	0
LK-2145350	Bopitiya	Bopitiya	gnd	64	1	83	3	2	0	0
LK-2145355	Pothgoda	Pothgoda	gnd	42	0	76	8	1	0	0
LK-2145360	Kahambiliyawa	Kahambiliyawa	gnd	43	7	107	41	13	0	2
LK-2145365	Neelawala	Neelawala	gnd	54	1	114	9	2	0	0
LK-2148005	Perawatta West	Perawatta West	gnd	92	18	367	63	61	32	1
LK-2148010	Perawatta East	Perawatta East	gnd	267	9	8	1	0	0	0
LK-2148015	Palugama	Palugama	gnd	49	1	221	7	20	5	0
LK-2148020	Udadelthota	Udadelthota	gnd	506	21	444	69	50	0	6
LK-2148025	Galaha	Galaha	gnd	387	13	98	14	1	0	0
LK-2148030	Suduwella	Suduwella	gnd	554	59	202	36	9	0	0
LK-2148035	Greatweliya	Greatweliya	gnd	263	17	1	4	2	0	0
LK-2148040	Bawlanawatta Janapadaya	Bawlanawatta Janapadaya	gnd	161	5	0	11	19	1	0
LK-2148045	Maussawa	Maussawa	gnd	106	13	138	5	1	1	7
LK-2148050	Wanahapuwa	Wanahapuwa	gnd	156	4	1	1	0	0	0
LK-2148055	Bopitiya Nagaraya	Bopitiya Nagaraya	gnd	57	2	157	55	4	0	0
LK-2148060	Medakekila	Medakekila	gnd	86	0	96	10	8	0	0
LK-2148065	Karagaskada South	Karagaskada South	gnd	287	5	50	7	4	0	0
LK-2148070	Karagaskada North	Karagaskada North	gnd	244	4	127	10	11	0	0
LK-2148075	Gonangoda	Gonangoda	gnd	339	20	276	61	9	0	2
LK-2148080	Kandegama	Kandegama	gnd	58	4	0	0	0	1	0
LK-2148085	Wetakepotha	Wetakepotha	gnd	200	15	9	3	0	0	0
LK-2148090	Pattiyagama Pallegama	Pattiyagama Pallegama	gnd	211	6	57	0	1	0	0
LK-2148095	Kiriwanaketiya	Kiriwanaketiya	gnd	181	0	0	0	0	0	0
LK-2148100	Kolambissa West	Kolambissa West	gnd	43	0	78	4	0	0	0
LK-2148105	Murapola West	Murapola West	gnd	92	2	39	1	3	0	0
LK-2148110	Murapola East	Murapola East	gnd	20	2	150	2	1	0	0
LK-2148115	Kolambissa East	Kolambissa East	gnd	115	0	1	0	0	0	1
LK-2148120	Nawaneliya	Nawaneliya	gnd	23	4	127	10	2	0	0
LK-2148125	Kotagepitiya	Kotagepitiya	gnd	28	3	85	19	1	0	0
LK-2148130	Wadiyagoda	Wadiyagoda	gnd	47	5	37	0	1	0	0
LK-2148135	Pattiyagama Udagama	Pattiyagama Udagama	gnd	54	1	58	2	2	0	0
LK-2148140	Pattiyagama Gabadagama North	Pattiyagama Gabadagama North	gnd	192	16	46	17	7	24	0
LK-2148145	Pattiyagama Gabadagama South	Pattiyagama Gabadagama South	gnd	196	34	77	11	0	0	0
LK-2151005	Egoda Kalugamuwa	Egoda Kalugamuwa	gnd	1025	57	57	4	1	0	3
LK-2151010	Udovita	Udovita	gnd	499	15	61	9	7	1	0
LK-2151015	Kirinda	Kirinda	gnd	413	52	134	52	4	0	0
LK-2151020	Galgediyawa	Galgediyawa	gnd	300	6	0	0	2	0	0
LK-2151025	Ranawala	Ranawala	gnd	98	3	139	20	9	0	0
LK-2151030	Bowala	Bowala	gnd	152	0	98	2	0	1	0
LK-2151035	Rathmalkaduwa	Rathmalkaduwa	gnd	203	6	122	6	12	0	1
LK-2151040	Hapugaspitiya	Hapugaspitiya	gnd	395	4	0	2	2	0	3
LK-2151045	Unambuwa	Unambuwa	gnd	245	15	112	22	5	0	0
LK-2151050	Ilangawatta	Ilangawatta	gnd	529	7	8	1	0	0	0
LK-2151055	Kahatapitiya	Kahatapitiya	gnd	334	3	62	0	0	0	0
LK-2151060	Bothalapitiya	Bothalapitiya	gnd	956	14	1	3	5	2	0
LK-2151065	Gampola East	Gampola East	gnd	739	14	3	0	3	0	0
LK-2151070	Mount Temple	Mount Temple	gnd	327	7	244	36	9	0	0
LK-2151075	Keerapane	Keerapane	gnd	463	9	37	2	0	0	1
LK-2151080	Sinhapitiya North	Sinhapitiya North	gnd	278	24	36	3	1	1	1
LK-2151085	Sinhapitiya South	Sinhapitiya South	gnd	352	2	0	1	0	0	0
LK-2151090	Gampola West	Gampola West	gnd	554	0	5	0	0	0	2
LK-2151095	Polkumbura	Polkumbura	gnd	504	5	5	2	0	5	0
LK-2151100	Illawathura	Illawathura	gnd	682	9	8	0	1	0	0
LK-2151105	Angammana East	Angammana East	gnd	302	16	243	14	3	0	0
LK-2151110	Angammana West	Angammana West	gnd	371	11	77	17	15	0	1
LK-2151115	Aregoda	Aregoda	gnd	598	4	27	5	1	0	0
LK-2151120	Kurukude	Kurukude	gnd	199	6	1	0	0	0	1
LK-2151125	Kudamake	Kudamake	gnd	482	111	1	4	6	0	1
LK-2151130	Godagama	Godagama	gnd	437	7	52	6	1	0	0
LK-2151135	Jayamalapura	Jayamalapura	gnd	435	1	0	0	0	0	0
LK-2151140	Amunupuraya	Amunupuraya	gnd	412	7	99	10	9	0	2
LK-2151145	Wattehena	Wattehena	gnd	231	38	167	20	12	2	0
LK-2151150	Millagaspitiya	Millagaspitiya	gnd	298	24	2	6	0	0	0
LK-2151155	Udagama	Udagama	gnd	274	8	107	5	0	0	0
LK-2151160	Hunukotugama	Hunukotugama	gnd	18	1	206	24	10	0	0
LK-2151165	Dunukeulla	Dunukeulla	gnd	94	4	459	83	0	0	0
LK-2151170	Wanahapuwa	Wanahapuwa	gnd	180	2	0	10	1	0	0
LK-2151175	Ihalagama	Ihalagama	gnd	264	89	112	3	1	0	0
LK-2151180	Paradeka	Paradeka	gnd	565	62	106	33	5	0	0
LK-2151185	Amuhena	Amuhena	gnd	360	4	0	2	0	0	0
LK-2151190	Delpitiya	Delpitiya	gnd	893	43	64	5	8	0	0
LK-2151195	Nawadevita	Nawadevita	gnd	226	4	415	32	27	0	0
LK-2151200	Galatha	Galatha	gnd	541	17	178	4	19	2	0
LK-2151205	Pallegama	Pallegama	gnd	307	52	155	12	4	0	0
LK-2151210	Pussellawa	Pussellawa	gnd	1215	59	418	80	7	3	0
LK-2151215	Wahugapitiya	Wahugapitiya	gnd	407	14	109	7	11	0	2
LK-2151220	Pussellawagama	Pussellawagama	gnd	210	16	48	0	0	0	1
LK-2151225	Doragala	Doragala	gnd	822	95	442	38	11	0	5
LK-2151230	Kekulanda	Kekulanda	gnd	671	1	4	0	1	0	0
LK-2151235	Weliganga	Weliganga	gnd	112	1	213	9	15	1	1
LK-2151240	Kalugalhinna	Kalugalhinna	gnd	216	18	6	5	0	0	0
LK-2151245	Mawathura	Mawathura	gnd	348	4	353	43	13	0	0
LK-2154005	Kohowala	Kohowala	gnd	137	2	151	5	3	0	0
LK-2154010	Polmalagama	Polmalagama	gnd	178	9	65	1	0	0	0
LK-2154015	Galpaya	Galpaya	gnd	645	16	0	0	1	0	1
LK-2154020	Herakola	Herakola	gnd	354	9	367	12	9	0	0
LK-2154025	Wallahagoda	Wallahagoda	gnd	708	18	32	2	1	0	0
LK-2154030	Maligapurana	Maligapurana	gnd	657	10	3	1	0	0	0
LK-2154035	Gampolawela	Gampolawela	gnd	723	12	4	2	0	0	1
LK-2154040	Ethgala North	Ethgala North	gnd	264	1	56	7	6	0	0
LK-2154045	Thembiligala	Thembiligala	gnd	488	21	1	0	0	0	2
LK-2154050	Pellapitiya North	Pellapitiya North	gnd	499	5	1	27	1	14	0
LK-2154055	Malwattagama	Malwattagama	gnd	460	11	208	3	2	0	0
LK-2154060	Giraulla	Giraulla	gnd	120	0	231	23	4	0	0
LK-2154065	Karagala	Karagala	gnd	83	0	204	7	1	0	0
LK-2154070	Wetakedeniya	Wetakedeniya	gnd	480	7	24	3	6	0	1
LK-2154075	Uduwella	Uduwella	gnd	81	12	287	13	5	0	0
LK-2154080	Patithalawa	Patithalawa	gnd	391	11	76	15	3	49	0
LK-2154085	Kelly Group	Kelly Group	gnd	127	13	0	2	7	6	1
LK-2154090	Alugolla	Alugolla	gnd	272	0	0	1	15	57	0
LK-2154095	Gemunupura	Gemunupura	gnd	340	15	2	7	1	1	0
LK-2154100	Yatapana	Yatapana	gnd	90	1	181	25	7	0	2
LK-2154105	Pellapitiya South	Pellapitiya South	gnd	239	31	133	19	6	0	0
LK-2154110	Ulapane North	Ulapane North	gnd	287	6	281	21	7	1	2
LK-2154115	Udagama	Udagama	gnd	345	22	289	4	2	0	0
LK-2154120	Ethgala West	Ethgala West	gnd	120	2	183	15	0	0	0
LK-2154125	Ethgala East	Ethgala East	gnd	326	8	169	15	0	0	0
LK-2154130	Sinhapura	Sinhapura	gnd	387	4	123	3	2	0	0
LK-2154135	Ulapane South	Ulapane South	gnd	942	29	64	11	7	0	1
LK-2154140	Pitakanda	Pitakanda	gnd	92	1	390	43	23	0	0
LK-2154145	Udahenthenna	Udahenthenna	gnd	354	31	89	2	3	0	0
LK-2154150	Rakshawa	Rakshawa	gnd	159	8	336	87	23	2	0
LK-2154155	Miyanagolla	Miyanagolla	gnd	366	14	2	1	6	11	0
LK-2157005	Pallegama	Pallegama	gnd	492	3	1	0	1	0	0
LK-2157010	Warakawa	Warakawa	gnd	542	34	47	9	4	0	0
LK-2157015	Weligodawatta	Weligodawatta	gnd	164	13	332	51	9	0	0
LK-2157020	Dandubediruppa	Dandubediruppa	gnd	496	36	220	40	10	2	1
LK-2157025	Penithuduwa	Penithuduwa	gnd	391	19	0	1	1	0	0
LK-2157030	Pahala Rambukpitiya	Pahala Rambukpitiya	gnd	355	0	58	2	3	0	0
LK-2157035	Uda Rambukpitiya	Uda Rambukpitiya	gnd	313	27	75	20	0	0	0
LK-2157040	Balanthota North	Balanthota North	gnd	546	81	33	1	1	0	1
LK-2157045	Weligampola	Weligampola	gnd	183	6	147	8	2	0	0
LK-2157050	Karahandungala	Karahandungala	gnd	430	37	58	5	1	0	0
LK-2157055	Nawalapitiya South	Nawalapitiya South	gnd	837	28	30	3	2	0	0
LK-2157060	Nawalapitiya North	Nawalapitiya North	gnd	651	20	1	0	0	1	0
LK-2157065	Nawalapitiya West	Nawalapitiya West	gnd	1026	19	1	1	0	24	2
LK-2157070	Nawalapitiya East	Nawalapitiya East	gnd	571	7	12	2	0	0	0
LK-2157075	Imbulpitiya	Imbulpitiya	gnd	851	15	104	5	4	0	0
LK-2157080	Greenwood	Greenwood	gnd	277	15	15	1	4	0	0
LK-2157085	Bawwagama	Bawwagama	gnd	1533	140	189	9	6	0	0
LK-2157090	Kendopitiya	Kendopitiya	gnd	657	19	85	12	2	0	0
LK-2157095	Aluthgama	Aluthgama	gnd	315	9	84	9	0	0	0
LK-2157100	Balanthota South	Balanthota South	gnd	245	4	210	16	1	0	0
LK-2157105	Dekinda	Dekinda	gnd	328	2	0	2	1	0	1
LK-2157110	Mapakanda North	Mapakanda North	gnd	175	15	109	13	1	0	0
LK-2157115	Inguruoya North	Inguruoya North	gnd	70	4	255	2	0	0	0
LK-2157120	Kadiyanlena	Kadiyanlena	gnd	306	43	161	20	33	0	2
LK-2157125	Westhole	Westhole	gnd	151	4	474	115	68	3	1
LK-2157130	Inguruoya South	Inguruoya South	gnd	57	4	110	22	6	0	0
LK-2157135	Mapakanda South	Mapakanda South	gnd	139	5	163	11	13	1	0
LK-2157140	Wewegama	Wewegama	gnd	371	7	100	60	16	0	3
LK-2157145	Hydree	Hydree	gnd	425	35	279	37	12	2	11
LK-2203005	Wetakoluwewa	Wetakoluwewa	gnd	189	18	205	27	24	0	2
LK-2203010	Dewahoowa Colony 2	Dewahoowa Colony 2	gnd	176	17	146	33	16	0	0
LK-2203015	Makulugaswewa	Makulugaswewa	gnd	104	8	84	15	1	0	0
LK-2203020	Ibbankatuwa	Ibbankatuwa	gnd	110	2	198	32	11	0	0
LK-2203025	Thalakiriyagama	Thalakiriyagama	gnd	290	12	314	20	14	0	0
LK-2203030	Thennakonpura	Thennakonpura	gnd	80	18	112	9	9	0	0
LK-2203035	Dandubendiruppa	Dandubendiruppa	gnd	163	34	240	29	1	0	0
LK-2203040	Dewahoowa Colony 1	Dewahoowa Colony 1	gnd	413	44	210	33	7	0	1
LK-2203045	Bulanawewa	Bulanawewa	gnd	412	16	282	13	12	0	0
LK-2203050	Pahala Diggala	Pahala Diggala	gnd	150	2	277	18	14	0	3
LK-2203055	Meewalapathaha	Meewalapathaha	gnd	23	30	281	8	2	0	0
LK-2203060	Pahala Wewa	Pahala Wewa	gnd	145	4	187	12	1	0	0
LK-2203065	Yatigalpotta	Yatigalpotta	gnd	384	11	0	10	1	0	0
LK-2203070	Kumbukgolla	Kumbukgolla	gnd	151	11	345	47	22	0	3
LK-2203075	Kosgahahinna	Kosgahahinna	gnd	257	7	47	10	4	0	0
LK-2203080	Ralalerotawewa	Ralalerotawewa	gnd	120	12	143	7	0	0	1
LK-2203085	Moragolla	Moragolla	gnd	118	8	127	23	5	0	1
LK-2203090	Pibidunugama	Pibidunugama	gnd	18	2	179	21	11	0	0
LK-2203095	Aluthwewa	Aluthwewa	gnd	163	13	269	17	7	0	0
LK-2203100	Bambaragaswewa	Bambaragaswewa	gnd	109	3	151	24	4	0	0
LK-2203105	Beliyakanda	Beliyakanda	gnd	169	10	441	25	20	1	0
LK-2203110	Puwakpitiya	Silwathgama	gnd	298	8	106	15	5	0	0
LK-2203115	Walaswewa	Walaswewa	gnd	281	11	248	21	5	0	6
LK-2203120	Galapamula	Galapamula	gnd	188	1	151	8	1	0	0
LK-2203125	Damunumulla	Damunumulla	gnd	129	9	274	43	9	1	0
LK-2203130	Pattiwela	Pattiwela	gnd	101	3	228	25	5	0	0
LK-2203135	Nilagama	Nilagama	gnd	195	27	161	22	1	0	3
LK-2203140	Hombawa	Hombawa	gnd	103	9	298	6	8	0	0
LK-2203145	Silwathgama	Palu Hombawa	gnd	33	1	137	12	2	0	0
LK-2203150	Weragalawatta	Dambawatawana	gnd	116	14	126	17	9	2	2
LK-2203155	Palu Hombawa	Puwakpitiya	gnd	268	5	104	5	3	0	0
LK-2203160	Dambawatawana	Weragalawatta	gnd	267	20	54	22	11	0	5
LK-2203165	Nabadagahawatta	Nabadagahawatta	gnd	437	35	91	17	3	0	0
LK-2203170	Galewela Town	Galewela Town	gnd	240	4	34	12	10	0	2
LK-2203175	Pathkolagolla	Pathkolagolla	gnd	331	47	14	5	4	0	0
LK-2203180	Kospotha	Kospotha	gnd	422	15	4	6	12	0	3
LK-2203185	Ranwediyawa	Ranwediyawa	gnd	396	5	210	35	18	0	0
LK-2203190	Pahala Bambawa	Pahala Bambawa	gnd	247	26	83	25	0	0	0
LK-2203195	Danduyaya	Danduyaya	gnd	331	9	44	7	1	0	0
LK-2203200	Dambagolla	Dambagolla	gnd	345	42	0	15	6	0	1
LK-2203205	Ihala Bambawa	Ihala Bambawa	gnd	274	26	0	0	0	0	0
LK-2203210	Siyambalagahawela	Siyambalagahawela	gnd	128	4	157	1	0	0	2
LK-2203215	Pihilyaya	Pihilyaya	gnd	180	19	0	0	3	0	1
LK-2203220	Medabedda North	Medabedda North	gnd	88	8	248	19	9	0	0
LK-2203225	Divulgaskotuwa	Divulgaskotuwa	gnd	386	29	90	9	5	0	1
LK-2203230	Hathadukkuwa	Hathadukkuwa	gnd	161	4	124	11	7	20	1
LK-2203235	Beligamuwa	Beligamuwa	gnd	284	25	51	11	4	0	0
LK-2203240	Medabedda South	Medabedda South	gnd	79	2	163	13	17	0	1
LK-2203245	Wahakotte	Wahakotte	gnd	204	3	0	0	0	0	0
LK-2203250	Galgodayaya	Galgodayaya	gnd	82	0	77	4	1	0	0
LK-2203255	Palapathwala	Palapathwala	gnd	240	25	70	1	3	0	1
LK-2203260	Dembawa	Dembawa	gnd	220	0	1	2	4	0	0
LK-2203265	Elamalpotha	Elamalpotha	gnd	165	14	143	52	8	0	0
LK-2203270	Yatiwehera	Yatiwehera	gnd	73	4	121	15	3	0	0
LK-2203275	Lenawala	Lenawala	gnd	184	22	93	18	1	0	0
LK-2203280	Hewanwela	Hewanwela	gnd	173	15	169	40	17	0	0
LK-2203285	Wegodapola	Wegodapola	gnd	101	16	146	3	0	0	1
LK-2203290	Kendangamuwa	Kendangamuwa	gnd	214	55	70	27	7	0	0
LK-2203295	Madipola	Madipola	gnd	190	1	74	1	1	0	0
LK-2206005	Siyambala Wewa	Siyambala Wewa	gnd	36	2	139	10	25	0	5
LK-2206010	Avudangawa	Avudangawa	gnd	153	1	86	4	4	0	0
LK-2206015	Gedigaswalana	Gedigaswalana	gnd	47	1	143	57	6	0	0
LK-2206020	Pidurangala	Pidurangala	gnd	184	0	0	0	4	0	0
LK-2206025	Thalkote	Thalkote	gnd	148	64	143	29	1	0	0
LK-2206030	Digampathaha	Digampathaha	gnd	286	11	77	5	2	0	0
LK-2206035	Inamaluwa	Inamaluwa	gnd	199	5	241	26	6	0	0
LK-2206040	Nagalawewa	Nagalawewa	gnd	217	5	37	14	9	0	0
LK-2206045	Pothana	Pothana	gnd	63	8	179	5	3	0	0
LK-2206050	Kimbissa	Kimbissa	gnd	213	6	32	11	1	0	0
LK-2206055	Egodawewa	Egodawewa	gnd	91	1	127	21	13	0	0
LK-2206060	Palutawa	Palutawa	gnd	40	3	163	10	3	0	0
LK-2206065	Sigiriya	Sigiriya	gnd	76	0	121	7	2	0	0
LK-2206070	Mailattawa	Mailattawa	gnd	280	8	222	5	14	0	2
LK-2206075	Pol Attawa	Pol Attawa	gnd	62	1	138	2	3	0	5
LK-2206080	Nikawatawana	Nikawatawana	gnd	234	15	463	46	24	0	0
LK-2206085	Kumbukkandanwala	Kumbukkandanwala	gnd	51	3	196	31	18	0	0
LK-2206090	Bellanneoya	Bellanneoya	gnd	147	0	239	17	1	0	1
LK-2206095	Rathmalkatuwa	Rathmalkatuwa	gnd	384	2	34	16	8	0	0
LK-2206100	Welihena	Welihena	gnd	112	2	373	20	23	0	1
LK-2206105	Etawarahena	Etawarahena	gnd	343	8	0	0	2	0	0
LK-2206110	Pallegama	Pallegama	gnd	218	44	95	11	9	0	1
LK-2206115	Bulagala	Bulagala	gnd	232	15	192	18	4	0	0
LK-2206120	Pelvehera	Pelvehera	gnd	422	16	144	21	9	0	0
LK-2206125	nan	Kandalama	gnd	258	3	362	25	3	0	0
LK-2206130	Pahala Erevula	Pahala Erevula	gnd	74	5	132	2	0	0	0
LK-2206135	Ihala Ereula	Ihala Ereula	gnd	39	4	212	21	15	0	2
LK-2206140	Welangolla	Welangolla	gnd	23	3	261	4	6	0	2
LK-2206145	Wewala Wewa	Wewala Wewa	gnd	94	7	443	22	17	0	4
LK-2206150	Yakkuragala North	Yakkuragala North	gnd	174	8	172	7	1	0	0
LK-2206155	Vilhatha	Vilhatha	gnd	51	1	108	31	2	0	0
LK-2206160	Athuparayaya	Athuparayaya	gnd	315	4	335	24	11	0	0
LK-2206165	Pahala Wewa	Pahala Wewa	gnd	328	27	71	13	0	1	1
LK-2206170	Dambulla Town	Dambulla Town	gnd	774	39	202	63	25	16	0
LK-2206175	Dambulugama	Dambulugama	gnd	244	3	99	11	7	0	0
LK-2206180	Haluapullana Wewa	Haluapullana Wewa	gnd	225	8	258	14	2	0	0
LK-2206185	Pohoranwewa	Pohoranwewa	gnd	450	27	230	29	13	0	1
LK-2206190	Yapagama	Yapagama	gnd	235	4	291	38	2	0	0
LK-2206195	Rathmalgaha Ela	Rathmalgaha Ela	gnd	773	21	51	28	10	1	3
LK-2206200	Yakkuragala South	Yakkuragala south	gnd	155	5	151	10	5	0	1
LK-2206205	Kalundewa Aluthgama	Kalundewa Aluthgama	gnd	65	9	150	42	14	0	0
LK-2206210	Angunawel Pelessa	Angunawel pelessa	gnd	6	1	126	26	9	0	2
LK-2206215	Kalogaha Ela	Kalogaha Ela	gnd	128	2	313	58	10	0	0
LK-2206220	Thittawelgolla	Thittawelgolla	gnd	47	0	184	26	1	0	0
LK-2206225	Moragollewa	Moragollewa	gnd	265	6	175	14	4	0	0
LK-2206230	Kapuwatta	Kapuwatta	gnd	161	3	243	16	13	0	0
LK-2206235	Kiralagolla	Kiralagolla	gnd	329	4	1	2	0	0	0
LK-2206240	Wavulambe	Wavulambe	gnd	159	9	85	15	7	0	0
LK-2206245	Embulambe	Embulambe	gnd	48	3	213	3	7	0	0
LK-2206250	Puwak Attawala	Puwak Attawala	gnd	245	5	0	26	3	0	0
LK-2206255	Kalundewa Paranagama	Kalundewa Paranagama	gnd	45	8	170	14	4	0	0
LK-2206260	Walgamwewa	Walgamwewa	gnd	41	5	432	54	38	0	2
LK-2206265	Kiralessa	Kiralessa	gnd	148	24	1	0	1	0	0
LK-2206270	Pannampitiya	Pannampitiya	gnd	338	10	79	6	6	1	0
LK-2206275	Welamitiyawa	Welamitiyawa	gnd	11	4	120	2	0	0	0
LK-2206280	Etha Bendiwewa	Athabandiwewa	gnd	359	10	93	5	8	0	2
LK-2206285	Lenadora North	Lenadora North	gnd	271	4	1	1	1	0	0
LK-2206290	Lenadora South	Lenadora South	gnd	304	5	48	9	2	0	0
LK-2206295	Nayakumbura	Nayakumbura	gnd	31	1	256	34	5	0	0
LK-2209005	Ussattawa	Ussattawa	gnd	64	7	1	0	0	0	0
LK-2209010	Nikula	Nikula	gnd	172	2	0	0	1	0	0
LK-2209015	Serudandapola	Serudandapola	gnd	204	8	0	0	2	0	1
LK-2209020	Haduwa	Haduwa	gnd	12	12	126	3	0	0	1
LK-2209025	Bambaragahawatta	Bambaragahawatta	gnd	8	7	64	32	0	0	1
LK-2209030	Dambagolla	Dambagolla	gnd	62	4	0	0	1	0	0
LK-2209035	Helambagahawatta	Helambagahawatta	gnd	66	0	36	7	2	0	1
LK-2209040	Pubbiliya	Pubbiliya	gnd	23	1	92	22	2	0	0
LK-2209045	Thalagoda	Thalagoda	gnd	12	0	0	0	0	0	0
LK-2209050	Maragamuwa	Maragamuwa	gnd	28	6	97	24	3	0	0
LK-2209055	Haduwela	Haduwela	gnd	124	3	0	1	2	0	0
LK-2209060	Dodamattawela	Dodamattawela	gnd	17	4	125	18	4	0	0
LK-2209065	Karavilahena	Karavilahena	gnd	303	0	0	0	0	0	0
LK-2209070	Bobella	Bobella	gnd	55	2	84	21	7	0	1
LK-2209075	Bibila	Bibila	gnd	93	6	130	21	7	0	0
LK-2209080	Murutholuwa	Murutholuwa	gnd	4	0	140	2	0	0	0
LK-2209085	Mailpitiya	Mailpitiya	gnd	226	8	18	3	2	0	0
LK-2209090	Wewattawa	Wewattawa	gnd	34	2	54	27	2	0	0
LK-2209095	Penalaboda	Penalaboda	gnd	181	7	67	3	3	0	2
LK-2209100	Naula	Naula	gnd	553	39	82	3	4	0	1
LK-2209105	Meegaha Ela	Meegaha Ela	gnd	33	1	153	4	7	0	0
LK-2209110	Bowathenna Watta	Bowathenna Watta	gnd	170	1	0	0	14	0	0
LK-2209115	Koombiyangahaela	Koombiyangahaela	gnd	161	23	6	1	0	0	0
LK-2209120	Millagahamula Thenna	Millagahamula Thenna	gnd	85	6	1	1	0	0	0
LK-2209145	Kongahawela	Kongahawela	gnd	56	21	0	1	1	0	0
LK-2209150	Rajawela	Rajawela	gnd	222	30	1	6	14	0	2
LK-2209155	Ganimayaya	Gan Imayaya	gnd	160	20	0	0	0	0	0
LK-2209160	Moragahamada	Moragahamada	gnd	48	10	65	11	0	0	1
LK-2209165	Pilihudugolla Pahalagama	Pilihudugolla Pahalagama	gnd	119	2	0	0	0	0	0
LK-2209170	Pilihudugolla Ihalagama	Pilihudugolla Ihalagama	gnd	299	7	0	0	9	0	0
LK-2209175	Arangala	Arangala	gnd	280	14	193	27	4	0	0
LK-2209180	Habaragahamada	Habaragahamada	gnd	150	8	166	9	1	0	0
LK-2209185	Elhena	Elhena	gnd	122	0	0	1	0	0	0
LK-2209190	Diyankaduwa	Diyankaduwa	gnd	50	3	21	0	0	0	0
LK-2209195	Alugolla	Alugolla	gnd	161	8	0	5	4	0	0
LK-2209200	Nalanda	Nalanda	gnd	208	1	70	6	3	0	0
LK-2209205	Wambatuyaya	Wambatuyaya	gnd	128	3	0	0	0	0	0
LK-2209210	Meegolla	Meegolla	gnd	187	13	4	1	0	0	0
LK-2209215	Ududeniya	Ududeniya	gnd	220	11	40	1	3	0	0
LK-2209220	Hapugasyaya	Hapugasyaya	gnd	190	16	75	13	18	0	0
LK-2209225	Lihinipitiya	Lihinipitiya	gnd	176	13	4	0	2	0	0
LK-2209230	Senagama	Senagama	gnd	101	4	108	12	3	0	0
LK-2209235	Andawala	Andawala	gnd	21	6	232	14	0	0	1
LK-2209240	Opalgala	Opalgala	gnd	106	4	63	0	2	0	1
LK-2209245	Ambana	Ambana	gnd	65	1	1	2	8	0	0
LK-2209250	Moragolla	Moragolla	gnd	9	0	52	4	5	0	0
LK-2209255	Galboda	Galboda	gnd	3	2	26	6	0	0	0
LK-2212005	Janakagama	Janakagama	gnd	178	2	0	0	0	0	0
LK-2212010	Nilannoruwa Colony	Nilannoruwa Colony	gnd	37	1	188	31	10	0	0
LK-2212015	Aluthgama	Aluthgama	gnd	309	9	3	1	2	0	0
LK-2212020	Demada Oya	Demada Oya	gnd	267	12	0	0	2	0	0
LK-2212025	Mananwatta	Mananwatta	gnd	64	2	104	31	15	0	0
LK-2212030	Nilannoruwa	Nilannoruwa	gnd	113	5	133	7	3	0	0
LK-2212035	Thalakiriyawa	Thalakiriyawa	gnd	158	8	146	12	5	0	0
LK-2212040	Kirioruwa	Kirioruwa	gnd	77	4	163	12	3	0	0
LK-2212045	Kosgolla	Kosgolla	gnd	146	7	0	9	0	0	0
LK-2212050	Nagahapola	Nagahapola	gnd	92	3	63	8	1	0	1
LK-2212055	Bomeruwa	Bomeruwa	gnd	14	0	104	14	7	3	1
LK-2212060	Kobbevehera	Kobbevehera	gnd	96	6	67	4	4	0	0
LK-2212065	Millawana Pahalagama	Millawana Pahalagama	gnd	69	0	125	25	9	0	1
LK-2212070	Millawana Medagama	Millawana Medagama	gnd	72	2	86	10	2	0	0
LK-2212075	Kandewatta	Kandewatta	gnd	23	0	118	7	6	0	0
LK-2212080	Mahayayawatta	Mahayayawatta	gnd	76	2	67	5	2	0	0
LK-2212085	Medalanda	Medalanda	gnd	35	0	125	10	9	0	0
LK-2212090	Walmoruwa	Walmoruwa	gnd	69	1	167	8	7	0	2
LK-2212095	Moragaspitiya	Moragaspitiya	gnd	55	0	89	3	0	0	0
LK-2212100	Akuramboda	Akuramboda	gnd	102	0	101	4	1	0	0
LK-2212105	Dewarammulla	Dewarammulla	gnd	18	0	93	14	11	0	0
LK-2212110	Millawana Ihalagama	Millawana Ihalagama	gnd	84	0	116	6	1	0	2
LK-2212115	Ambokka	Ambokka	gnd	28	1	222	12	10	0	1
LK-2212120	Maningamuwa West	Maningamuwa West	gnd	87	0	104	2	2	0	0
LK-2212125	Maningamuwa East	Maningamuwa East	gnd	96	4	99	22	2	0	0
LK-2212130	Koswatta	Koswatta	gnd	138	4	5	0	0	0	0
LK-2212135	Ekamuthugama	Ekamuthugama	gnd	170	20	17	8	3	0	0
LK-2212140	Ambokudena	Ambokudena	gnd	76	11	137	6	4	0	0
LK-2212145	Koholanwala	Koholanwala	gnd	230	40	74	3	2	0	1
LK-2212150	Udurampelessa	Udurampelessa	gnd	105	3	85	3	2	0	0
LK-2212155	Ehelepola	Ehelepola	gnd	201	4	0	1	0	0	0
LK-2212160	Pallepola North	Pallepola North	gnd	75	10	66	29	19	0	0
LK-2212165	Monaravila	Monaravila	gnd	93	8	6	0	1	0	0
LK-2212170	Galahitiyagama	Galahitiyagama	gnd	38	2	109	8	3	0	0
LK-2212175	Rusigama Ihalagama	Rusigama Ihalagama	gnd	22	2	131	6	0	0	0
LK-2212180	Rusigama Pahalagama	Rusigama Pahalagama	gnd	20	0	113	55	12	0	0
LK-2212185	Pallepola South	Pallepola South	gnd	104	7	114	50	14	0	0
LK-2212190	Kinigama	Kinigama	gnd	185	13	0	0	2	0	0
LK-2212195	Paldeniya	Paldeniya	gnd	130	5	115	12	5	0	0
LK-2212200	Dodamgasyaya	Dodamgasyaya	gnd	13	1	110	23	4	0	0
LK-2212205	Ariyagama	Ariyagama	gnd	156	4	1	1	0	0	1
LK-2212210	Polwatta	Polwatta	gnd	20	0	88	6	3	0	0
LK-2212215	Thembilideniya North	Thembilideniya North	gnd	173	8	1	0	0	0	0
LK-2212220	Dimbulgamuwa	Dimbulgamuwa	gnd	272	5	70	3	1	0	1
LK-2215005	Udagama West	Udagama West	gnd	71	26	106	5	1	0	0
LK-2215010	Selagama	Selagama	gnd	78	6	84	17	1	0	0
LK-2215015	Selagama East	Selagama East	gnd	50	10	148	4	9	0	0
LK-2215020	Thembilideniya	Thembilideniya	gnd	73	1	46	6	6	0	0
LK-2215025	Mathale North	Matale North	gnd	164	10	236	23	15	25	2
LK-2215030	Kavudupelella	Kavudupelella	gnd	269	10	107	27	2	0	0
LK-2215035	Mahawela	Mahawela	gnd	44	4	54	4	3	0	0
LK-2215040	Mahawela West	Mahawela West	gnd	90	13	6	0	1	0	0
LK-2215045	Delgolla	Delgolla	gnd	66	4	60	12	7	0	0
LK-2215050	Galagama	Galagama	gnd	88	2	151	8	1	0	0
LK-2215055	Nagolla	Nagolla	gnd	6	0	88	20	3	0	0
LK-2215060	Udagama	Udagama	gnd	11	3	54	4	0	0	0
LK-2215065	Urulewatta	Urulewatta	gnd	24	4	68	3	0	0	0
LK-2215070	Yatawatta	Yatawatta	gnd	205	7	0	0	1	0	0
LK-2215075	Mediyapola	Mediyapola	gnd	241	47	1	3	0	0	0
LK-2215080	Nikagolla	Nikagolla	gnd	104	1	19	2	1	0	0
LK-2215085	Nikagolla North	Nikagolla North	gnd	175	10	0	0	0	0	0
LK-2215090	Dikkumbura West	Dikkumbura West	gnd	46	1	77	4	4	0	1
LK-2215095	Rathalawewa	Rathalawewa	gnd	142	10	91	4	0	0	0
LK-2215100	Dikkumbura	Dikkumbura	gnd	12	7	101	19	3	0	0
LK-2215105	Wattegedara	Wattegedara	gnd	18	8	90	11	10	0	0
LK-2215110	Galaliyadda	Galaliyadda	gnd	150	31	0	1	0	0	0
LK-2215115	Muruthawatta	Muruthawatta	gnd	73	0	80	20	2	0	0
LK-2215120	Deevilla North	Deevilla North	gnd	254	11	58	9	2	0	0
LK-2215125	Deevilla	Deevilla	gnd	133	2	0	0	0	0	0
LK-2215130	Dangan Place	Dangan Place	gnd	327	10	113	4	1	0	0
LK-2215135	Alokagama	Alokagama	gnd	108	3	40	14	4	0	0
LK-2215140	Walpola	Walpola	gnd	36	0	102	12	2	0	0
LK-2215145	Maligathenna	Maligathenna	gnd	11	6	123	11	1	0	0
LK-2215150	Aluthwatta	Aluthwatta	gnd	10	0	39	0	12	0	0
LK-2215155	Ambanpola	Ambanpola	gnd	97	4	50	9	1	0	0
LK-2215160	Lakshahena	Lakshahena	gnd	34	5	95	6	2	0	0
LK-2215165	Deevilla South	Deevilla South	gnd	21	3	90	15	0	0	0
LK-2215170	Gammulla	Gammulla	gnd	48	1	82	12	1	0	0
LK-2215175	Mottuwela	Mottuwela	gnd	88	5	49	1	0	0	0
LK-2215180	Idangama	Idangama	gnd	79	5	95	0	3	0	0
LK-2215185	Udasgiriya	Udasgiriya	gnd	44	1	51	6	0	0	0
LK-2215190	Ethipallawala	Ethipallawala	gnd	50	1	100	0	0	0	0
LK-2215195	Aluthgama North	Aluthgama North	gnd	39	7	64	15	5	0	0
LK-2215200	Aluthgama	Aluthgama	gnd	124	2	0	0	1	0	0
LK-2215205	Pamunuwa	Pamunuwa	gnd	85	0	0	0	0	0	0
LK-2215210	Walawela	Walawela	gnd	83	2	28	2	1	0	0
LK-2215215	Unaweruwa	Unaweruwa	gnd	157	1	10	0	1	0	2
LK-2215220	Madadeniya	Madadeniya	gnd	47	0	89	10	1	0	2
LK-2215225	Mathalapitiya	Mathalapitiya	gnd	33	0	83	4	1	0	0
LK-2215230	Mathalapitiya South	Mathalapitiya South	gnd	38	1	62	6	1	0	1
LK-2215235	Rathninda	Rathninda	gnd	81	2	11	0	0	0	1
LK-2215240	Asgiri Dorakumbura	Asgiri Dorakumbura	gnd	54	6	0	0	0	0	0
LK-2215245	Asgiri Dorakumbura East	Asgiri Dorakumbura East	gnd	90	4	1	1	1	0	0
LK-2215250	Polwatta	Polwatta	gnd	66	12	13	5	0	0	0
LK-2215255	Dullewa	Dullewa	gnd	54	1	43	13	0	0	0
LK-2215260	Dullewa East	Dullewa East	gnd	130	7	0	2	1	0	0
LK-2215265	Thalgahagoda	Thalgahagoda	gnd	68	2	36	4	0	0	0
LK-2215270	Daluwela	Daluwela	gnd	107	3	0	1	14	0	0
LK-2215275	Ethipola	Ethipola	gnd	31	0	86	0	0	0	0
LK-2215280	Ethipola West	Ethipola West	gnd	101	0	0	0	1	0	0
LK-2218005	Narangamuwa	Narangamuwa	gnd	88	4	160	4	8	0	1
LK-2218010	Madawala Ulpatha	Madawala Ulpatha	gnd	373	14	80	36	7	0	0
LK-2218015	Thalagasyaya	Thalagasyaya	gnd	157	8	267	24	4	0	3
LK-2218020	Madawala	Madawala	gnd	259	3	62	3	1	0	0
LK-2218025	Rajjammana	Rajjammana	gnd	38	1	365	21	8	0	0
LK-2218030	Moragahamada	Moragahamada	gnd	99	7	3	42	0	4	1
LK-2218035	Hathamunagala	Hathamunagala	gnd	33	2	189	12	13	0	0
LK-2218040	Ankanda	Ankanda	gnd	16	3	153	27	6	0	0
LK-2218045	Puwakpitiya	Puwakpitiya	gnd	133	7	156	20	4	0	0
LK-2218050	Walliwela	Walliwela	gnd	267	6	90	9	0	0	0
LK-2218055	Galwadukumbura	Galwadukumbura	gnd	46	0	61	6	0	0	0
LK-2218060	Dombawela	Dombawela	gnd	212	4	60	4	1	0	0
LK-2218065	Kawatayamuna	Kawatayamuna	gnd	176	4	36	2	3	0	1
LK-2218070	Eriyagolla	Eriyagolla	gnd	121	4	136	0	2	0	0
LK-2218075	Imbulandanda	Imbulandanda	gnd	257	14	72	5	1	1	0
LK-2218080	Golahenwatta	Golahenwatta	gnd	188	12	0	0	0	0	0
LK-2218085	Parana Dombawela	Parana Dombawela	gnd	174	1	100	13	2	0	0
LK-2218090	Ellepola	Ellepola	gnd	55	8	62	15	0	0	1
LK-2218095	Palapathwala	Palapathwala	gnd	617	37	141	33	3	0	1
LK-2218100	Kottagoda	Kottagoda	gnd	250	13	0	0	0	0	0
LK-2218105	Owala Polwatta	Owala Polwatta	gnd	134	2	167	1	19	0	0
LK-2218110	Makulgaharuppa	Makulgaharuppa	gnd	285	5	1	0	0	0	0
LK-2218115	Udugama	Udugama	gnd	192	17	17	2	0	0	0
LK-2218120	Kirigalpotta	Kirigalpotta	gnd	505	22	75	15	0	0	2
LK-2218125	Dunkalawatta	Dunkalawatta	gnd	204	2	253	23	6	0	3
LK-2218130	Dorakumbura	Dorakumbura	gnd	478	17	78	14	1	0	1
LK-2218135	Biridewala	Biridewala	gnd	62	8	182	27	1	0	0
LK-2218140	Aluvihare	Aluvihare	gnd	1268	32	122	9	5	0	0
LK-2218145	Dikkiriya	Dikkiriya	gnd	99	0	136	15	0	0	0
LK-2218150	Parawatta	Parawatta	gnd	673	39	191	45	8	0	0
LK-2218155	Kaludewala	Kaludewala	gnd	783	16	232	30	11	0	0
LK-2218160	Mandandawela	Mandandawela	gnd	520	14	11	1	0	0	1
LK-2218165	Bogahakotuwa	Bogahakotuwa	gnd	405	7	34	16	1	0	0
LK-2218170	Harasgama	Harasgama	gnd	193	5	70	0	0	0	1
LK-2218175	Kandegedara	Kandegedara	gnd	119	6	124	17	0	0	1
LK-2218180	Malwatta	Malwatta	gnd	370	19	127	17	6	1	0
LK-2218185	Vihara Road	Vihara Road	gnd	382	5	59	14	14	1	0
LK-2218190	Muslim Town	Muslim Town	gnd	1045	22	19	3	2	0	0
LK-2218195	Oya Pahala	Oya Pahala	gnd	373	19	41	6	3	0	0
LK-2218200	Gongawela	Gongawela	gnd	668	8	19	0	1	0	0
LK-2218205	Sinhala Town	Sinhala Town	gnd	334	16	13	0	1	0	0
LK-2218210	Dodamdeniya	Dodamdeniya	gnd	201	4	0	5	0	0	0
LK-2218215	Hulangamuwa South	Hulangamuwa south	gnd	318	17	27	1	1	0	0
LK-2218220	Hulangamuwa North	Hulangamuwa North	gnd	434	11	19	0	0	0	0
LK-2218225	Diyabubula	Diyabubula	gnd	284	44	34	11	4	0	0
LK-2218230	Maligathenna	Maligathenna	gnd	745	63	53	22	2	0	0
LK-2218235	Nagolla	Nagolla	gnd	346	37	24	13	0	0	0
LK-2218240	Pandivita	Pandivita	gnd	230	7	0	1	2	0	0
LK-2218245	Pandivita Welagama	Pandivita Welagama	gnd	270	19	9	1	0	0	0
LK-2218250	Kotuwegedara North	Kotuwegedara North	gnd	280	7	43	2	0	0	0
LK-2218255	Koombiyangoda	Koombiyangoda	gnd	234	3	1	0	0	1	0
LK-2218260	Kotuwegedara South	Kotuwegedara South	gnd	166	7	273	8	0	0	0
LK-2221005	Kumbaloluwa	Kumbaloluwa	gnd	96	0	138	0	0	0	0
LK-2221010	Gammaduwa	Gammaduwa	gnd	24	10	296	46	58	2	2
LK-2221015	Kalugalthenna	Kalugalthenna	gnd	45	3	89	12	13	0	1
LK-2221020	Naguliyadda	Naguliyadda	gnd	41	1	229	15	2	0	1
LK-2221025	Kosgolla	Kosgolla	gnd	105	2	67	1	3	0	0
LK-2221030	Imbulgolla	Imbulgolla	gnd	33	0	140	2	1	5	0
LK-2221035	Ranmuthugama	Ranmuthugama	gnd	18	1	190	27	0	0	0
LK-2221040	Raithalawa	Raithalawa	gnd	76	1	1	0	0	0	0
LK-2221045	Thibbatukanatha	Thibbatukanatha	gnd	110	4	53	9	1	0	0
LK-2221050	Palle Eswedduma	Palle Eswedduma	gnd	16	3	129	9	2	0	0
LK-2221055	Pallethenna	Pallethenna	gnd	134	7	105	4	4	0	0
LK-2221060	Pussella	Pussella	gnd	32	4	344	35	5	11	3
LK-2221065	Sirangahawatta	Sirangahawatta	gnd	9	2	219	47	14	27	0
LK-2221070	Kavudagammana	Kavudagammana	gnd	61	1	66	1	0	0	0
LK-2221075	Narangolla	Narangolla	gnd	27	2	134	3	9	0	1
LK-2221080	Hunukete	Hunukete	gnd	147	1	193	24	3	0	0
LK-2221085	Metihakka	Metihakka	gnd	96	1	250	15	3	0	0
LK-2221090	Aluthwela	Aluthwela	gnd	29	1	130	27	1	0	0
LK-2221095	Cloda	Cloda	gnd	74	2	98	6	0	0	0
LK-2221100	Gurubebila	Gurubebila	gnd	176	9	0	2	0	0	0
LK-2224005	Maoya	Maoya	gnd	70	13	570	82	2	0	0
LK-2224010	Kandepitawala	Kandepitawela	gnd	87	25	126	60	5	0	0
LK-2224015	Dewaladeniya	Dewaladeniya	gnd	86	10	355	37	4	0	0
LK-2224020	Kaluganga	Kaluganga	gnd	51	20	165	13	1	0	0
LK-2224025	Akarahediya	Akarahediya	gnd	247	19	636	65	23	0	3
LK-2224030	Hattota Amuna	Hattota Amuna	gnd	10	2	66	51	22	0	0
LK-2224035	Dasgiriya	Dasgiriya	gnd	142	49	0	0	0	0	0
LK-2224040	Morathenna	Morathenna	gnd	108	7	137	28	0	0	0
LK-2224045	Wellewala	Wellewala	gnd	24	0	146	26	16	0	0
LK-2224050	Weliwaranagolla	Weliwaranagolla	gnd	15	2	85	33	1	0	1
LK-2224055	Leloya	Leloya	gnd	7	5	133	17	10	0	0
LK-2224060	Pottatawela	Pottatawela	gnd	0	0	22	3	0	0	0
LK-2224065	Dammanthenna	Dammanthenna	gnd	1	0	20	1	0	0	1
LK-2224070	Gangalapuwakpitiya	Gangalapuwakpitiya	gnd	3	0	87	2	0	0	0
LK-2224075	Divulgas Pathana	Divulgas Pathana	gnd	2	0	1	0	0	0	0
LK-2224080	Pitawala	Pitawala	gnd	11	0	43	0	0	0	1
LK-2224085	Kahagala	Kahagala	gnd	37	0	0	1	0	0	0
LK-2224090	Ilukkumbura	Ilukkumbura	gnd	12	0	34	0	0	0	0
LK-2224095	Mahalakotuwa	Mahalakotuwa	gnd	16	5	20	1	0	0	0
LK-2224130	Galgedawala	Galgedawala	gnd	39	1	3	0	0	0	0
LK-2224135	Guruwela	Guruwela	gnd	39	8	73	17	1	0	0
LK-2224140	Kivulawadiya	Kivulawadiya	gnd	3	2	95	3	2	0	0
LK-2224145	Halminiya	Halminiya	gnd	3	1	57	29	0	0	0
LK-2224160	Meda Ela	Meda Ela	gnd	10	2	29	0	0	0	0
LK-2224165	Rathninda	Rathninda	gnd	3	0	38	9	1	0	0
LK-2224170	Etanwala	Etanwala	gnd	23	19	0	0	0	0	0
LK-2224175	Ranamuregama	Ranamuregama	gnd	8	0	92	26	7	0	0
LK-2224180	Narangamuwa	Narangamuwa	gnd	6	7	84	5	9	0	0
LK-2224185	Lakegala	Lakegala	gnd	85	12	0	0	0	0	0
LK-2227005	Kumbukoya	Kumbukoya	gnd	70	0	0	2	0	0	0
LK-2227010	Thunhiriyawewa	Thunhiriyawewa	gnd	20	1	214	13	1	0	0
LK-2227015	Palupitiya	Palupitiya	gnd	187	5	0	4	0	0	0
LK-2227020	Rattotayaya	Rattotayaya	gnd	70	58	43	12	17	0	0
LK-2227025	Dunuvilapitiya	Dunuvilapitiya	gnd	22	0	98	26	9	0	0
LK-2227030	Medakanda	Medakanda	gnd	108	2	0	0	0	0	0
LK-2227035	Aliwanguwa	Aliwanguwa	gnd	155	88	1	2	12	0	0
LK-2227040	Viharagama	Viharagama	gnd	36	2	191	19	5	0	1
LK-2227045	Handungamuwa	Handungamuwa	gnd	3	0	205	12	0	0	0
LK-2227050	Topwalapitiya	Topwalapitiya	gnd	2	0	112	12	0	0	0
LK-2227055	Gemburuoya	Gemburuoya	gnd	11	1	190	21	0	0	0
LK-2227060	Kumbukandana	Kumbukandana	gnd	213	49	1	1	38	0	0
LK-2227065	Lediyangala	Lediyangala	gnd	129	1	152	17	46	1	2
LK-2227070	Karawgahawewa	Karawgahawewa	gnd	7	3	231	20	2	0	0
LK-2227075	Radunnewewa	Radunnewewa	gnd	10	6	216	12	3	0	0
LK-2227080	Maraka	Maraka	gnd	26	4	159	32	1	0	0
LK-2227085	Malgammana	Malgammana	gnd	64	26	104	46	1	0	0
LK-2227090	Bogahawewa	Bogahawewa	gnd	152	59	87	23	0	0	0
LK-2227095	Aliyawala	Aliyawala	gnd	3	1	63	8	15	0	0
LK-2227100	Veheragala	Veheragala	gnd	2	1	260	17	22	0	0
LK-2227105	Himbiliyakada	Himbiliyakada	gnd	3	1	61	21	16	0	0
LK-2227110	Hettipola	Hettipola	gnd	175	2	432	18	16	1	3
LK-2227115	Naminioya	Naminioya	gnd	81	27	205	22	3	1	2
LK-2227120	Dewagiriya	Dewagiriya	gnd	32	15	292	32	1	0	0
LK-2227125	Piduruella	Piduruella	gnd	56	0	64	0	1	0	0
LK-2227130	Guruwelayaya	Guruwelayaya	gnd	3	3	201	3	0	0	0
LK-2227135	Naminigama	Naminigama	gnd	10	2	237	96	92	0	0
LK-2227140	Perakanatta	Perakanatta	gnd	263	13	0	2	0	0	0
LK-2227145	Wilgamuwa	Wilgamuwa	gnd	111	3	0	0	0	0	0
LK-2227150	Wanarawa	Wanarawa	gnd	97	8	204	6	3	0	0
LK-2227155	Bathgampala	Bathgampala	gnd	494	14	1	1	0	0	0
LK-2227160	Nagolla	Nagolla	gnd	64	3	207	13	22	0	0
LK-2227165	Moragaha Ulpatha	Moragaha Ulpatha	gnd	25	2	130	14	10	0	2
LK-2227170	Nugagolla	Nugagolla	gnd	33	3	341	46	18	0	0
LK-2227175	Meewaobe	Meewaobe	gnd	48	7	244	39	0	0	0
LK-2227180	80 Yaya	80 Yaya	gnd	33	5	231	66	0	0	0
LK-2227185	Sonutta	Sonutta	gnd	56	6	207	1	0	0	0
LK-2227190	Uduwelwala	Uduwelwala	gnd	167	32	30	12	2	0	2
LK-2227195	Sulugune	Sulugune	gnd	63	1	0	0	9	0	0
LK-2230005	Ikirigolla	Ikirigolla	gnd	110	8	114	22	2	0	15
LK-2230010	Pahala Owala	Pahala Owala	gnd	34	1	241	1	0	0	0
LK-2230015	Ihala Owala	Ihala Owala	gnd	237	24	95	16	1	0	1
LK-2230020	Kaikawala	Kaikawala	gnd	227	27	140	50	2	1	1
LK-2230025	Nikawella	Nikawella	gnd	102	25	189	28	4	0	0
LK-2230030	Kuruwawa	Kuruwawa	gnd	385	22	0	1	1	0	0
LK-2230035	Rattota	Rattota	gnd	315	22	94	11	1	0	1
LK-2230040	Bodhikotuwa	Bodhikotuwa	gnd	91	4	110	3	0	0	0
LK-2230045	Dankanda	Dankanda	gnd	38	2	183	3	4	0	0
LK-2230050	Kirimetiya	Kirimetiya	gnd	10	0	168	11	0	0	0
LK-2230055	Polwattakanda	Polwattakanda	gnd	171	0	46	0	1	0	0
LK-2230060	Dambagolla	Dambagolla	gnd	82	19	174	20	13	0	0
LK-2230065	Medawatta	Medawatta	gnd	123	1	18	37	37	0	0
LK-2230070	Weralugasthenna	Weralugasthenna	gnd	67	5	169	4	7	0	0
LK-2230075	Madakumbura	Madakumbura	gnd	86	11	120	3	18	33	1
LK-2230080	Maussagolla	Maussagolla	gnd	125	2	4	6	0	1	0
LK-2230085	Wanaraniya	Wanaraniya	gnd	62	24	176	6	5	0	3
LK-2230090	Lonvil	Lonvil	gnd	221	10	273	27	4	0	0
LK-2230095	Maradurawala	Maradurawala	gnd	268	3	0	6	1	0	0
LK-2230100	Pallegama	Pallegama	gnd	260	5	124	17	1	0	0
LK-2230105	Koswana North	Koswana North	gnd	45	0	188	10	6	0	0
LK-2230110	Palle Weragama	Palle Weragama	gnd	270	3	0	0	3	1	0
LK-2230115	Viharagama	Viharagama	gnd	665	31	257	22	9	21	0
LK-2230120	Kaineka	Kaineka	gnd	277	28	87	9	2	0	1
LK-2230125	Uda Weragama	Uda Weragama	gnd	76	5	142	25	3	0	0
LK-2230130	Meda Weragama	Meda Weragama	gnd	85	2	74	11	1	0	1
LK-2230135	Koswana South	Koswana South	gnd	32	4	125	6	2	0	0
LK-2230140	Bogambara	Bogambara	gnd	36	1	185	29	25	0	0
LK-2230145	Galekoluwa	Galekoluwa	gnd	157	24	155	103	10	0	1
LK-2230150	Welangahawatta	Welangahawatta	gnd	54	4	127	35	1	1	2
LK-2230155	Horagolla	Horagolla	gnd	118	10	2	0	10	29	0
LK-2230160	Bambarakiriella	Bambarakiriella	gnd	172	0	44	12	27	2	1
LK-2230165	Alakolamada	Alakolamada	gnd	48	9	112	11	12	0	0
LK-2230170	Udagama	Udagama	gnd	11	4	174	39	11	0	2
LK-2230175	Pitakanda	Pitakanda	gnd	69	3	59	29	3	0	1
LK-2230180	Gansarapola	Gansarapola	gnd	15	0	109	30	8	0	0
LK-2230185	Epitamulla	Epitamulla	gnd	54	2	170	6	0	0	0
LK-2230190	Wetasyaya	Wetasyaya	gnd	54	2	147	23	1	0	0
LK-2230195	Godapola	Godapala	gnd	149	5	113	8	9	0	0
LK-2230200	Ulpothapitiya	Ulpothapitiya	gnd	302	32	153	54	9	0	0
LK-2230205	Bandarapola	Bandarapola	gnd	151	1	156	9	0	0	0
LK-2230210	Muwandeniya	Muwandeniya	gnd	75	6	143	38	8	0	0
LK-2230215	Palleyaya	Palleyaya	gnd	39	0	90	3	8	0	0
LK-2230220	Neluwakanda	Neluwakanda	gnd	83	1	153	2	0	0	0
LK-2230225	Punchiseluwakanda	Punchiseluwakanda	gnd	113	6	243	26	12	0	0
LK-2230230	Thambalagala	Thambalagala	gnd	16	2	235	34	15	0	0
LK-2230235	Kandenuwara West	Kandenuwara West	gnd	156	22	94	18	10	0	0
LK-2230240	Kandenuwara East	Kandenuwara East	gnd	214	2	158	18	13	0	1
LK-2230245	Alwatta	Alwatta	gnd	147	13	204	10	10	8	0
LK-2230250	Warapitiya	Warapitiya	gnd	70	2	56	9	5	0	0
LK-2230255	Dombagoda	Dombagoda	gnd	39	35	82	3	0	0	0
LK-2230260	Pahala Hapuvida	Pahala Hapuvida	gnd	190	15	66	7	4	0	0
LK-2230265	Uda Hapuvida	Uda Hapuvida	gnd	43	2	146	13	0	0	0
LK-2230270	Hangarankanda	Hangarankanda	gnd	48	2	238	58	39	0	0
LK-2233005	Galaudahena	Galaudahena	gnd	6	2	98	11	0	0	3
LK-2233010	Makulemada	Makulemada	gnd	6	4	33	17	2	0	0
LK-2233015	Pathingolla	Pathingolla	gnd	61	1	94	21	9	0	2
LK-2233020	Wademada	Wademada	gnd	23	1	75	6	2	0	0
LK-2233025	Wattegedara	Wattegedara	gnd	18	2	24	12	0	0	1
LK-2233030	Watagoda	Watagoda	gnd	30	0	69	2	3	0	0
LK-2233035	Pallekumbura	Pallekumbura	gnd	38	3	58	5	0	0	0
LK-2233040	Katuattamada	Katuattamada	gnd	131	6	1	0	0	0	0
LK-2233045	Panwatta	Panwatta	gnd	109	2	5	0	0	0	0
LK-2233050	Alawathuwala	Alawathuwala	gnd	52	5	55	4	0	0	0
LK-2233055	Horagahapitiya	Horagahapitiya	gnd	100	18	38	5	2	0	0
LK-2233060	Ovilikanda	Ovilikanda	gnd	52	2	130	15	2	1	0
LK-2233065	Kirimetiyawa	Kirimetiyawa	gnd	41	0	24	0	0	0	0
LK-2233070	Thenna	Thenna	gnd	192	6	1	0	1	0	0
LK-2233075	Muwagala	Muwagala	gnd	122	4	0	1	1	0	0
LK-2233080	Ovilla	Ovilla	gnd	52	0	84	18	2	0	0
LK-2233085	Enasalmada	Enasalmada	gnd	56	14	114	35	5	0	0
LK-2233090	Thibbatuwawa	Thibbatuwawa	gnd	51	2	97	6	3	0	0
LK-2233095	Dombagasdeniya	Dombagasdeniya	gnd	112	9	121	18	2	1	1
LK-2233100	Kendagolla	Kendagolla	gnd	245	22	48	0	0	0	0
LK-2233105	Kohombiliwela	Kohombiliwela	gnd	344	26	35	15	3	0	0
LK-2233110	Wariyapola Watta	Wariyapola Watta	gnd	356	25	159	27	9	0	0
LK-2233115	Wariyapola	Wariyapola	gnd	267	1	172	18	3	0	0
LK-2233120	Pananthadiya	Pananthadiya	gnd	49	8	73	21	1	0	0
LK-2233125	Nawarathnagoda	Nawarathnagoda	gnd	156	4	0	2	3	0	0
LK-2233130	Eriyagolla	Eriyagolla	gnd	60	7	58	24	0	0	0
LK-2233135	Katudeniya	Katudeniya	gnd	115	0	159	3	7	0	0
LK-2233140	Elwala	Elwala	gnd	445	4	39	15	4	0	0
LK-2233145	Pahalawela	Pahalawela	gnd	419	23	1	0	2	0	0
LK-2233150	Dehipitiya	Dehipitiya	gnd	463	20	114	30	1	0	0
LK-2233155	Purijjala	Purijjala	gnd	167	7	87	4	0	0	1
LK-2233160	Udupihilla	Udupihilla	gnd	332	5	0	0	0	0	0
LK-2233165	Halangoda	Halangoda	gnd	116	53	74	43	0	0	0
LK-2233170	Nagahathenna	Nagahathenna	gnd	293	6	121	37	4	0	0
LK-2233175	Warakamura	Warakamura	gnd	328	4	32	0	0	0	0
LK-2233180	Meedeniya	Meedeniya	gnd	491	33	142	18	0	0	0
LK-2233185	Nagolla	Nagolla	gnd	395	13	140	17	16	0	0
LK-2233190	Thawalankoya	Thawalankoya	gnd	338	2	113	11	13	0	0
LK-2233195	Dumbukola	Dumbukola	gnd	245	24	93	31	6	0	0
LK-2233200	Ukuwela	Ukuwela	gnd	588	18	114	14	4	0	0
LK-2233205	Udupitiya	Udupitiya	gnd	155	4	119	7	0	0	0
LK-2233210	Kalalpitiya	Kalalpitiya	gnd	180	9	116	32	3	0	0
LK-2233215	Balakaduwa	Balakaduwa	gnd	144	16	1	5	2	0	1
LK-2233220	Bowatta	Bowatta	gnd	118	6	105	16	2	0	1
LK-2233225	Manaboda	Manaboda	gnd	533	15	12	3	1	0	0
LK-2233230	Paragahawela	Paragahawela	gnd	456	7	58	8	7	0	0
LK-2233235	Udathenna	Udathenna	gnd	79	1	126	11	3	0	0
LK-2233240	Hunuketawala	Hunuketawala	gnd	53	0	137	32	2	0	0
LK-2233245	Leliambe	Leliambe	gnd	58	4	68	18	17	0	0
LK-2233250	Elkaduwa Watta	Elkaduwa Watta	gnd	119	27	196	34	5	0	1
LK-2233255	Elkaduwa	Elkaduwa	gnd	67	1	185	11	6	0	0
LK-2233260	Udangamuwa	Udangamuwa	gnd	66	0	57	7	0	0	0
LK-2233265	Kendagollamada	Kendagollamada	gnd	24	4	78	12	0	0	0
LK-2233270	Wehigala	Wehigala	gnd	34	9	130	11	7	0	0
LK-2233275	Rathwatta	Rathwatta	gnd	147	2	0	4	7	0	0
LK-2233280	Weligala	Weligala	gnd	114	2	1	0	1	0	0
LK-2233285	Kureewela	Kureewela	gnd	441	20	68	12	7	0	0
LK-2233290	Maberiya	Maberiya	gnd	200	6	69	9	0	0	0
LK-2233295	Marukona	Marukona	gnd	508	28	73	19	4	0	0
LK-2233300	Gurulawela South	Gurulawela South	gnd	40	0	119	18	5	0	1
LK-2233305	Guralawela North	Gurulawela North	gnd	45	0	123	15	2	0	0
LK-2233310	Nugapitiya	Nugapitiya	gnd	244	12	0	1	4	0	0
LK-2233315	Kandemada	Kandemada	gnd	14	1	84	25	0	0	0
LK-2233320	Ulpathapitiya	Ulpathapitiya	gnd	87	0	152	49	2	0	0
LK-2233325	Raithalawela	Raithalawela	gnd	313	18	20	0	2	0	0
LK-2233330	Kaduwela	Kaduwela	gnd	211	7	123	10	9	0	0
LK-2233335	Pujagoda	Pujagoda	gnd	27	0	140	24	4	1	0
LK-2233340	Pahala Wehigala	Pahala Wehigala	gnd	46	0	123	5	1	0	0
LK-2233345	Talingamada	Talingamada	gnd	146	8	3	0	0	0	0
LK-2233350	Hunnasgiriyawatta	Hunnasgiriyawatta	gnd	69	37	184	81	33	0	0
LK-2233355	Karagahahinna	Karagahahinna	gnd	48	6	56	8	6	0	0
LK-2233360	Imbulpitiya	Imbulpitiya	gnd	126	20	2	1	1	0	1
LK-2233365	Rangama	Rangama	gnd	124	2	2	1	0	0	0
LK-2302005	Doruwadeniya	Doruwadeniya	gnd	125	2	8	2	0	0	0
LK-2302010	Polwathura	Polwathura	gnd	182	0	2	0	0	0	0
LK-2302015	Pahala Gorakaoya	Pahala Gorakaoya	gnd	178	22	264	16	3	0	1
LK-2302020	Dambagolla	Dambagolla	gnd	227	16	0	0	1	0	0
LK-2302025	Nayapana	Nayapana	gnd	29	24	192	88	10	0	1
LK-2302030	Kadadora	Kadadora	gnd	61	7	238	1	0	0	0
LK-2302035	Kotagepitiya North	Kotagepitiya North	gnd	130	6	0	0	5	0	2
LK-2302115	Kotagepitiya South	Kotagepitiya South	gnd	62	8	0	0	0	0	0
LK-2302120	Ranwanthalawa	Ranwanthalawa	gnd	86	9	3	0	1	0	0
LK-2302125	Thispane Kanda	Thispane Kanda	gnd	22	0	129	1	1	0	0
LK-2302130	Harangala	Harangala	gnd	101	2	158	1	2	0	0
LK-2302135	Hapugasthalawa	Hapugasthalawa	gnd	448	4	7	0	0	0	0
LK-2302140	Kaludemada	Kaludemada	gnd	442	5	60	3	1	0	0
LK-2302145	Ihala Gorakaoya	Ihala Gorakaoya	gnd	188	5	119	26	4	0	0
LK-2302150	Mallanda	Mallanda	gnd	464	27	71	5	13	0	0
LK-2302155	Ruwanpura	Ruwanpura	gnd	288	25	179	14	16	4	1
LK-2302160	Werella Pathana	Werella Pathana	gnd	93	0	0	7	4	0	0
LK-2302165	Halgolla	Halgolla	gnd	280	5	78	0	0	0	0
LK-2302170	Harangala South	Harangala South	gnd	79	3	140	4	2	0	0
LK-2302175	Kirimetiyawa	Kirimetiyawa	gnd	162	5	1	0	0	0	0
LK-2302180	Hunugaloya	Hunugaloya	gnd	80	2	209	6	12	0	0
LK-2302185	Godamaditta	Godamaditta	gnd	58	3	163	34	1	0	0
LK-2302190	Wataddara	Wataddara	gnd	89	0	0	1	0	0	0
LK-2302200	Nawangama	Nawangama	gnd	24	0	0	0	0	0	0
LK-2302210	Wethalawa	Wethalawa	gnd	5	0	102	3	0	0	0
LK-2302260	Hedunuwewa	Hedunuwewa	gnd	27	1	65	1	0	0	0
LK-2302265	Kalapitiya East	Kalapitiya East	gnd	127	6	54	4	2	0	0
LK-2302270	Kottunugoda	Kottunugoda	gnd	45	2	60	2	1	0	0
LK-2302275	Kalapitiya West	Kalapitiya West	gnd	32	2	76	1	0	0	0
LK-2302280	Weerasekarapura	Weerasekarapura	gnd	146	5	1	6	1	0	0
LK-2302285	Rojersangama South	Rojersangama South	gnd	30	0	127	7	0	0	0
LK-2302290	Rojersangama North	Rojersangama North	gnd	45	5	89	3	0	0	1
LK-2302295	Dombagasthalawa	Dombagasthalawa	gnd	57	8	179	69	10	0	1
LK-2302300	Katugolla	Katugolla	gnd	85	3	92	11	3	0	0
LK-2302305	Thelissagala	Thelissagala	gnd	100	6	261	51	7	0	0
LK-2302310	Ketabulawa	Ketabulawa	gnd	283	130	398	37	11	7	5
LK-2302315	Wijayabahu Kanda	Wijayabahu Kanda	gnd	33	5	55	1	2	0	0
LK-2302320	Rawanagoda West	Rawanagoda West	gnd	105	1	0	0	0	0	0
LK-2302325	Udagama	Udagama	gnd	26	2	111	11	1	0	0
LK-2302330	Rawanagoda East	Rawanagoda East	gnd	63	4	0	0	2	0	0
LK-2302335	Methagama	Methagama	gnd	153	10	0	2	0	0	1
LK-2302340	Maldeniya	Maldeniya	gnd	121	15	0	0	0	0	0
LK-2302345	Katarandana	Katarandana	gnd	86	2	77	11	1	0	1
LK-2302445	Beramana	Beramana	gnd	54	0	88	7	1	0	0
LK-2302450	Beramana North	Beramana North	gnd	48	0	84	3	2	0	0
LK-2302455	Kolapathana	Kolapathana	gnd	79	13	211	43	51	0	1
LK-2302460	Queensberry	Queensberry	gnd	114	39	250	58	20	0	5
LK-2302465	Beramana South	Beramana South	gnd	25	8	52	12	1	0	0
LK-2302470	Weerapura	Weerapura	gnd	118	8	41	2	0	0	1
LK-2303040	Nawa Morape	Nawa Morape	gnd	302	0	0	0	0	2	0
LK-2303045	Nawa Kadadora	Nawa Kadadora	gnd	143	7	225	1	10	0	0
LK-2303050	Deltagemunupura	Deltagemunupura	gnd	330	5	107	0	0	0	0
LK-2303055	Hellboda	Hellboda	gnd	490	32	272	59	21	0	1
LK-2303060	Karagasthalawa	Karagasthalawa	gnd	148	49	129	8	71	2	5
LK-2303065	Frotoft	Frotoft	gnd	210	61	258	116	144	0	15
LK-2303070	Ramboda	Ramboda	gnd	364	16	121	27	17	0	1
LK-2303075	Sangilipalama	Sangilipalama	gnd	229	5	223	7	4	0	1
LK-2303080	Panangammana	Panangammana	gnd	201	22	53	6	3	0	1
LK-2303085	Katukithula	Katukithula	gnd	119	26	114	23	0	0	0
LK-2303090	Helsirigama	Helsirigama	gnd	71	4	144	32	4	0	0
LK-2303095	Kothmalgama	Kothmalgama	gnd	198	10	82	22	2	0	0
LK-2303100	Rajaela	Raja Ela	gnd	216	6	91	17	5	0	0
LK-2303105	Mawela East	Mawela East	gnd	36	1	93	2	2	0	0
LK-2303110	Mawela West	Mawela West	gnd	67	11	131	8	2	0	0
LK-2303195	Maswela	Maswela	gnd	31	2	46	7	0	0	1
LK-2303205	Mawela Kanda	Mawela Kanda	gnd	28	1	72	0	3	0	0
LK-2303215	Gomburuoya	Gomburuoya	gnd	34	7	116	36	0	0	0
LK-2303220	Wewahinna	Wewahinna	gnd	128	2	0	0	2	0	0
LK-2303225	Delunthalamada	Delunthalamada	gnd	33	0	95	1	1	0	0
LK-2303230	Ambathalawa	Ambathalawa	gnd	84	9	181	58	2	0	1
LK-2303235	Malhewa	Malhewa	gnd	15	7	115	88	2	0	0
LK-2303240	Rambodagama	Rambodagama	gnd	118	10	47	3	0	0	0
LK-2303245	Wedamulla	Wedamulla	gnd	153	63	244	69	90	0	27
LK-2303250	Palagolla	Palagolla	gnd	316	23	250	75	114	8	10
LK-2303255	Niyamgamdora	Niyamgamdora	gnd	176	2	77	44	13	0	0
LK-2303350	Kirindiwela	Kirindiwela	gnd	77	9	137	18	1	0	1
LK-2303355	Kumbaloluwa	Kumbaloluwa	gnd	62	1	80	15	4	0	0
LK-2303360	Medakanda	Medakanda	gnd	61	5	75	20	9	0	1
LK-2303365	Egodawela	Egodawela	gnd	69	8	1	0	5	0	0
LK-2303370	Pundaluoya North	Pundaluoya North	gnd	145	33	138	62	22	0	0
LK-2303375	Labukele	Labukele	gnd	287	33	344	125	5	2	6
LK-2303380	Kudaoya	Kudaoya	gnd	56	0	201	2	4	0	0
LK-2303385	Samaneliya	Samaneliya	gnd	65	13	70	10	1	0	0
LK-2303390	Kikiliyamana	Kikiliyamana	gnd	119	61	8	1	0	0	1
LK-2303395	Dunsinane	Dunsinane	gnd	707	34	249	12	19	0	4
LK-2303400	Sheen	Sheen	gnd	262	80	331	108	11	0	1
LK-2303405	Sheengama	Sheengama	gnd	321	5	38	2	3	0	0
LK-2303410	Pundaluoya South	Pundaluoya South	gnd	523	172	126	30	8	11	2
LK-2303415	Kadadorapitiya	Kadadorapitiya	gnd	50	0	64	5	1	0	0
LK-2303420	Kosgaha Pathana	Kosgaha Pathana	gnd	255	118	239	7	1	0	0
LK-2303425	Karagahayatathenna	Karagahayatathenna	gnd	21	0	116	2	1	0	0
LK-2303430	Bogahawela	Bogahawela	gnd	20	0	86	7	1	0	1
LK-2303435	Halpola	Halpola	gnd	21	1	156	9	0	0	0
LK-2303440	Madakumbura	Madakumbura	gnd	39	1	167	12	14	0	0
LK-2303475	Dunukedeniya	Dunukedeniya	gnd	57	6	336	44	10	0	0
LK-2303480	Medakumbura North	Medakumbura North	gnd	378	54	295	116	11	14	2
LK-2306005	Hingurukaduwa	Hingurukaduwa	gnd	12	0	104	13	5	0	0
LK-2306010	Ambewela	Ambewela	gnd	18	6	145	17	14	0	3
LK-2306015	Welikada	Welikada	gnd	87	6	160	20	5	0	1
LK-2306020	Idamalanda	Idamalanda	gnd	292	13	4	2	2	0	0
LK-2306025	Adikarigama	Adikarigama	gnd	169	8	217	32	20	0	0
LK-2306030	Karalliyadda	Karalliyadda	gnd	87	3	108	7	2	0	0
LK-2306035	Bogahalanda	Bogahalanda	gnd	27	1	153	27	7	0	1
LK-2306040	Hakuruthale	Hakuruthale	gnd	43	3	4	6	1	0	0
LK-2306045	Maliyadda	Maliyadda	gnd	90	9	0	1	0	0	0
LK-2306050	Mirahampe	Mirahampe	gnd	49	1	0	0	0	0	0
LK-2306055	Pussalamankada	Pussalamankada	gnd	62	6	150	32	3	0	0
LK-2306060	Yati Hanguranketha	Yati Hanguranketha	gnd	103	0	140	0	6	0	0
LK-2306065	Delgahapitiya	Delgahapitiya	gnd	177	4	13	5	1	0	0
LK-2306070	Sangaraja Gama	Sangaraja Gama	gnd	287	23	0	6	7	0	0
LK-2306075	Mudunapita	Mudunapita	gnd	8	0	101	1	0	0	1
LK-2306080	Ganga Udagama	Ganga Udagama	gnd	32	4	122	16	2	0	1
LK-2306085	Malulla	Malulla	gnd	84	6	55	5	1	0	0
LK-2306090	Udawatta East	Udawatta East	gnd	32	0	158	8	0	0	0
LK-2306095	Hilpenkandura	Hilpenkandura	gnd	3	0	100	16	1	0	0
LK-2306100	Galauda North	Galauda North	gnd	14	1	195	9	2	0	0
LK-2306105	Endiribedda	Endiribedda	gnd	4	2	106	6	1	0	0
LK-2306115	Galauda South	Galauda South	gnd	3	1	138	0	9	0	0
LK-2306120	Udakanda	Udakanda	gnd	16	0	117	19	16	0	0
LK-2306125	Udawatta West	Udawatta West	gnd	22	0	144	19	0	0	0
LK-2306130	Udawatta Kumbura	Udawatta Kumbura	gnd	48	3	220	4	0	0	0
LK-2306135	Pallemaluwa	Pallemaluwa	gnd	99	4	20	3	1	0	0
LK-2306140	Hanguranketha	Hanguranketha	gnd	130	5	91	5	3	1	0
LK-2306145	Damunumeya North	Damunumeya North	gnd	162	3	0	0	1	0	0
LK-2306150	Arattana	Arattana	gnd	121	12	82	12	1	0	0
LK-2306155	Ambaliyadda	Ambaliyadda	gnd	203	18	0	0	0	0	0
LK-2306160	Dampola	Dampola	gnd	202	5	13	3	0	0	0
LK-2306165	Rekitipe	Rekitipe	gnd	71	5	215	10	2	0	0
LK-2306170	Hapuwala	Hapuwala	gnd	101	13	142	1	0	0	1
LK-2306175	Dolugala	Dolugala	gnd	17	4	176	9	3	0	1
LK-2306180	Deliwala	Deliwala	gnd	71	13	97	1	1	0	1
LK-2306185	Madanwala	Madanwala	gnd	158	6	0	1	1	0	0
LK-2306190	Damunumeya	Damunumeya	gnd	115	3	33	2	0	0	0
LK-2306195	Kottala	Kottala	gnd	141	8	74	5	8	0	0
LK-2306200	Diya - Udagama	Diya - Udagama	gnd	241	6	1	9	2	0	0
LK-2306205	Uda Galauda	Uda Galauda	gnd	24	3	177	14	2	0	1
LK-2306225	Dodamkumbura	Dodamkumbura	gnd	277	12	180	12	2	0	1
LK-2306230	Walalawela	Walalawela	gnd	51	3	83	10	1	0	0
LK-2306235	Rathmetiya	Rathmetiya	gnd	54	0	148	36	1	0	0
LK-2306240	Hapugasdeniya	Hapugasdeniya	gnd	32	3	110	24	7	0	0
LK-2306245	Diggalpotta	Diggalpotta	gnd	41	2	160	11	9	0	0
LK-2306250	Unanthenna	Unanthenna	gnd	131	10	0	0	0	0	0
LK-2306255	Kosgaha Debala	kosgaha Debala	gnd	55	3	116	11	21	0	0
LK-2306260	Warapitiya	Warapitiya	gnd	82	1	0	0	0	0	0
LK-2306265	Medagama	Medagama	gnd	151	8	0	1	0	0	0
LK-2306270	Bowala	Bowala	gnd	76	3	87	15	1	0	0
LK-2306275	Kithulpe	Kithulpe	gnd	162	6	5	1	1	0	0
LK-2306280	Makempe	Makempe	gnd	9	2	83	4	3	0	0
LK-2306285	Puranagama	Puranagama	gnd	68	5	0	0	1	0	0
LK-2306290	Ekiriya	Ekiriya	gnd	69	1	65	7	0	0	0
LK-2306295	Poramadulla	Poramadulla	gnd	217	2	403	40	10	0	1
LK-2306300	Labuhena	Labuhena	gnd	117	4	164	6	3	0	0
LK-2306320	Rikillagaskada	Rikillagaskada	gnd	438	13	114	3	2	0	0
LK-2306345	Dimbulkumbura	Dimbulkumbura	gnd	29	2	158	9	4	0	0
LK-2306375	Bulugahapitiya	Bulugahapitiya	gnd	24	1	95	2	0	0	0
LK-2306380	Wegama	Wegama	gnd	39	4	57	1	2	0	0
LK-2306385	Agappala	Agappala	gnd	3	0	138	1	1	0	0
LK-2306390	Bambaragama	Bambaragama	gnd	24	9	49	10	6	0	0
LK-2306395	Bambaragama East	Bambaragama East	gnd	8	3	94	24	6	0	0
LK-2306400	Bambaragama West	Bambaragama West	gnd	62	2	73	4	2	0	0
LK-2306405	Malanwatta	Malanwatta	gnd	31	2	72	2	4	1	0
LK-2306410	Gannewa Udagama	Gannewa Udagama	gnd	114	1	1	3	0	0	0
LK-2306415	Gedereiyawa	Gedereiyawa	gnd	6	0	43	1	0	0	0
LK-2306420	Daraoya	Daraoya	gnd	59	2	75	3	0	0	0
LK-2306425	Kirimetiya	Kirimetiya	gnd	97	1	45	0	0	0	0
LK-2306430	Hope	Hope	gnd	188	43	355	208	3	105	2
LK-2306435	Wetesthenna	Wetesthenna	gnd	92	6	0	0	1	0	0
LK-2306440	Handawalapitiya	Handawalapitiya	gnd	63	25	66	31	2	0	0
LK-2306445	Karamidula	Karamidula	gnd	22	3	101	3	0	0	0
LK-2306450	Madumana	Madumana	gnd	151	8	67	4	0	0	0
LK-2306455	Rahathungoda	Rahathungoda	gnd	112	1	153	33	17	1	0
LK-2306460	Enasal Arawa	Enasal Arawa	gnd	175	11	0	0	0	0	0
LK-2306465	Kawatayamana	Kawatayamana	gnd	32	1	92	8	5	0	0
LK-2306515	Rookwood Estate	Rookwood Estate	gnd	163	45	217	15	23	1	0
LK-2306520	Muloya	Muloya	gnd	139	42	329	103	6	0	1
LK-2307110	Happawara	Happawara	gnd	85	12	53	6	5	0	1
LK-2307210	Illagolla	Illagolla	gnd	167	6	0	3	2	0	0
LK-2307215	Rammalakandura	Rammalakandura	gnd	78	4	31	5	4	0	0
LK-2307220	Moragolla	Moragolla	gnd	225	15	0	2	1	0	0
LK-2307305	Udawela Pathana	Udawela Pathana	gnd	76	2	34	3	1	0	0
LK-2307310	Welampagoda	Welampagoda	gnd	192	9	6	0	1	0	0
LK-2307315	Denike	Denike	gnd	139	3	74	2	0	0	0
LK-2307325	Alawattegama	Alawattegama	gnd	63	2	135	11	2	0	0
LK-2307330	Uda Makuruppa	Uda Makuruppa	gnd	247	0	18	2	0	0	1
LK-2307335	Palle Makuruppa	Palle Makuruppa	gnd	100	1	0	4	2	0	0
LK-2307340	Bogamuwa	Bogamuwa	gnd	64	2	150	12	6	0	0
LK-2307350	Bodhiwela	Bodhiwela	gnd	78	2	62	1	6	0	0
LK-2307355	Pallewela	Pallewela	gnd	21	0	112	3	2	0	0
LK-2307360	Kaluattanagolla	Kaluattanagolla	gnd	56	5	125	10	2	0	0
LK-2307365	Wadawala	Wadawala	gnd	162	3	0	0	0	0	1
LK-2307370	Udalumada	Udalumada	gnd	197	19	0	8	5	0	0
LK-2307470	Ehelamalpe	Ehelamalpe	gnd	161	14	0	0	0	0	0
LK-2307475	Rathukurusa Janapadaya	Rathukurusa Janapadaya	gnd	36	9	142	16	4	0	1
LK-2307480	Wilwala	Wilwala	gnd	129	20	45	13	11	3	0
LK-2307485	Dehipe	Dehipe	gnd	91	16	88	13	1	0	0
LK-2307490	Deniyagama	Deniyagama	gnd	153	5	10	10	3	0	0
LK-2307495	Bodhimalkada	Bodhimalkada	gnd	226	18	5	1	0	0	0
LK-2307500	Welapahala	Welapahala	gnd	162	25	0	1	6	0	0
LK-2307505	Uda Padiyapelella	Uda Padiyapelella	gnd	125	2	25	4	1	0	0
LK-2307510	Okandagala	Okandagala	gnd	14	0	0	0	0	0	0
LK-2307525	Rathyaya	Rathyaya	gnd	45	5	1	0	0	0	1
LK-2307530	Godigamuwa	Godigamuwa	gnd	144	43	194	47	20	0	0
LK-2307535	Manakola	Manakola	gnd	33	0	77	20	1	0	0
LK-2307540	Marthuwela	Marthuwela	gnd	170	28	2	34	9	0	1
LK-2307545	Idampitiya	Idampitiya	gnd	133	5	1	0	0	0	0
LK-2307550	Mathurata	Mathurata	gnd	66	3	120	3	0	0	0
LK-2307555	Udagama	Udagama	gnd	61	1	0	0	3	0	0
LK-2307560	Merrygoll	Merrygold	gnd	46	11	39	10	0	0	0
LK-2307565	Ketayapathana	Ketayapathana	gnd	4	2	40	15	0	0	0
LK-2307570	Gonakele	Gonakele	gnd	116	17	40	10	17	1	1
LK-2307575	Gonapitiya	Gonapitiya	gnd	120	24	414	103	159	3	1
LK-2307580	Bomellagoda	Bomellagoda	gnd	2	0	55	4	0	0	0
LK-2307585	Dunukebedda	Dunukebedda	gnd	15	2	84	4	0	0	1
LK-2307590	Wellagiriya	Wellagiriya	gnd	124	0	0	0	0	0	0
LK-2307595	Ampitigoda	Ampitigoda	gnd	154	11	1	1	3	0	0
LK-2307600	Wewathenna	Wewathenna	gnd	4	0	68	6	1	0	0
LK-2307605	Metibembiya	Metibembiya	gnd	123	8	0	0	3	0	1
LK-2307610	Goodwood	Goodwood	gnd	39	3	123	0	2	0	0
LK-2307615	Hunukotuwa	Hunukotuwa	gnd	8	0	152	44	1	0	0
LK-2307620	Medawela	Medawela	gnd	127	4	2	13	1	0	0
LK-2307625	Labuhenwala	Labuhenwala	gnd	66	1	52	2	1	0	0
LK-2307630	Ketahira	Ketahira	gnd	130	3	0	4	2	0	0
LK-2307635	Deegalahinna	Deegalahinna	gnd	314	45	0	0	1	0	5
LK-2307640	Elamulla	Elamulla	gnd	220	18	19	6	7	1	19
LK-2307645	Udawela	Udawela	gnd	103	9	75	7	1	57	0
LK-2307650	Mandaram Nuwara	Mandaram Nuwara	gnd	8	1	136	21	2	0	0
LK-2307655	Malsara Nuwara	Malsara Nuwara	gnd	95	18	74	25	4	0	0
LK-2309005	Serasunthenna	Serasunthenna	gnd	68	19	74	8	1	0	0
LK-2309065	Ketakandura	Ketakandura	gnd	103	1	0	1	1	0	0
LK-2309070	Batagolla	Batagolla	gnd	45	4	0	0	0	0	0
LK-2309075	Thennehenwala	Thennehenwala	gnd	47	0	99	14	1	0	1
LK-2309080	Deliwela South	Deliwela South	gnd	7	3	105	4	0	0	0
LK-2309085	Deliwala North	Deliwela North	gnd	127	3	0	0	0	0	0
LK-2309090	Pannala	Pannala	gnd	29	2	156	11	4	0	0
LK-2309095	Serupitiya	Serupitiya	gnd	18	2	229	14	1	0	0
LK-2309100	Mailagasthenna	Mailagasthenna	gnd	4	6	68	49	7	0	0
LK-2309105	Andawala	Andawala	gnd	28	4	22	3	15	0	1
LK-2309110	Naranthalawa	Naranthalawa	gnd	26	4	27	1	0	0	0
LK-2309115	Ihala Pannala	Ihala Pannala	gnd	14	1	79	0	1	0	0
LK-2309120	Wewakele	Wewakele	gnd	29	3	58	6	0	0	0
LK-2309125	Kumbalgamuwa	Kumbalgamuwa	gnd	60	5	161	13	8	0	0
LK-2309130	Kumbalgamuwa East	Kumbalgamuwa East	gnd	55	0	106	0	11	0	0
LK-2309135	Mulhalkele	Mulhalkele	gnd	266	23	3	1	1	0	0
LK-2309140	Manelwala	Manelwala	gnd	54	4	133	24	0	0	1
LK-2309145	Wathumulla	Wathumulla	gnd	220	12	0	0	2	0	0
LK-2309150	Kendagolla	Kendagolla	gnd	0	0	34	2	1	0	0
LK-2309255	Egodakanda	Egodakanda	gnd	67	3	183	22	22	0	0
LK-2309260	Kandegama	Kandegama	gnd	49	2	210	16	7	0	0
LK-2309265	Walapane	Walapane	gnd	118	4	140	26	12	0	0
LK-2309270	Kurunduoya	Kurunduoya	gnd	288	23	225	90	1	9	0
LK-2309275	Liyanwela Ihalagama	Liyanwela Ihalagama	gnd	7	3	132	25	19	0	0
LK-2309280	Madumana	Madumana	gnd	17	10	174	11	2	0	0
LK-2309285	Ilukpelessa	Ilukpelessa	gnd	116	19	0	2	5	0	1
LK-2309290	Unagolla	Unagolla	gnd	68	8	108	37	1	0	0
LK-2309295	Liyanwala Pahalagama	Liyanwela Pahalagama	gnd	87	2	239	6	7	0	0
LK-2309300	Medakandura	Medakandura	gnd	23	4	218	48	19	1	7
LK-2309305	Galabada	Galabada	gnd	194	10	0	0	3	0	0
LK-2309310	Ambagaspitiya	Ambagaspitiya	gnd	32	0	122	8	1	0	0
LK-2309315	Munwatta	Munwatta	gnd	54	5	106	5	0	0	1
LK-2309320	Landupita	Landupita	gnd	43	1	95	4	0	0	0
LK-2309325	Wetekegama	Wetekegama	gnd	29	3	51	8	1	0	1
LK-2309330	Padiyapelella	Padiyapelella	gnd	69	0	57	5	2	0	0
LK-2309335	Napatawela	Napatawela	gnd	21	0	83	11	5	0	0
LK-2309340	Ukuthule	Ukuthule	gnd	21	0	133	2	1	0	0
LK-2309345	Yatiwella	Yatiwella	gnd	86	16	15	6	2	0	1
LK-2309350	Wetakepatha	Wetakepatha	gnd	162	16	0	3	1	0	0
LK-2309355	Ukuthule East	Ukuthule East	gnd	7	6	159	38	22	0	0
LK-2309360	Alakolawewa	Alakolawewa	gnd	158	12	0	0	0	0	1
LK-2309365	High Forest	High Forest Estate	gnd	229	31	298	25	46	3	5
LK-2309370	Mahakudugala	Mahakudugala	gnd	254	30	7	4	11	0	4
LK-2309375	Brookside	Brookside	gnd	635	83	513	70	47	15	7
LK-2309380	High Forest	High Forest	gnd	93	13	198	84	27	5	1
LK-2309385	Binganthalawa	Binganthalawa	gnd	264	28	338	25	26	8	0
LK-2309390	Maha Uva	Maha Uva	gnd	196	11	391	72	90	0	5
LK-2309395	Werellapathana	Werellapathana	gnd	35	17	218	17	1	0	0
LK-2309485	Morabedda	Morabedda	gnd	8	1	106	17	3	0	0
LK-2309490	Harasbedda North	Harasbedda North	gnd	261	33	29	3	2	2	0
LK-2309495	Mahapathana	Mahapathana	gnd	123	1	0	4	4	0	0
LK-2309500	Harasbedda South	Harasbedda South	gnd	106	2	0	11	1	0	0
LK-2309505	Palalpathana	Palalpathana	gnd	32	2	152	37	0	0	1
LK-2309510	Rathnayakapura	Rathnayakapura	gnd	530	76	230	88	11	2	0
LK-2309515	Ragala Watta	Ragala Watta	gnd	752	71	92	16	40	0	23
LK-2309520	Manthreethenna	Manthreethenna	gnd	252	22	129	30	5	1	0
LK-2309525	Pandithaya Kumbura	Pandithaya Kumbura	gnd	9	0	207	15	1	0	0
LK-2309575	Senarathpura	Senarathpura	gnd	159	23	454	117	17	0	5
LK-2309580	St. Leonard	St. Leonard	gnd	402	23	179	74	24	1	1
LK-2309585	Ragala	Ragala	gnd	470	13	33	10	9	0	0
LK-2309590	Ekangapura	Ekangapura	gnd	20	9	226	6	0	0	0
LK-2309595	Samagipura	Samagipura	gnd	127	0	102	7	8	0	0
LK-2310010	Morangathenna	Morangathenna	gnd	78	11	5	1	3	0	0
LK-2310015	Hegasulla	Hegasulla	gnd	107	19	1	0	0	0	0
LK-2310020	Bolagandawela	Bolagandawela	gnd	6	7	59	4	5	0	2
LK-2310025	Ambagahathenna	Ambagahathenna	gnd	25	2	163	21	6	0	0
LK-2310030	Helagama	Helagama	gnd	141	13	1	1	1	0	0
LK-2310035	Mallagama	Mallagama	gnd	8	3	110	52	0	0	0
LK-2310040	Dulana	Dulana	gnd	18	2	58	8	12	0	3
LK-2310045	Galketiwela	Galketiwela	gnd	101	13	0	13	5	0	0
LK-2310050	Ellakumbura	Ellakumbura	gnd	28	8	171	17	3	0	0
LK-2310055	Muganagahapitiya	Muganagahapitiya	gnd	104	36	0	1	1	0	0
LK-2310060	Hapugahapitiya	Hapugahapitiya	gnd	61	10	0	0	0	0	1
LK-2310155	Arampitiya	Arampitiya	gnd	177	17	0	1	1	0	0
LK-2310160	Yombuwelthenna	Yombuwelthenna	gnd	13	1	81	20	4	0	0
LK-2310165	Udawela	Udawela	gnd	165	4	1	1	1	0	0
LK-2310170	Kalaganwatta	Kalaganwatta	gnd	22	0	156	25	2	0	1
LK-2310175	Theripehe	Theripehe	gnd	3	0	96	4	8	0	0
LK-2310180	Udamadura North	Udamadura North	gnd	132	11	0	2	12	0	0
LK-2310185	Galkadawela	Galkadawela	gnd	5	2	95	10	11	0	1
LK-2310190	Yatimadura	Yatimadura	gnd	11	4	150	28	16	0	1
LK-2310195	Kandeyaya	Kandeyaya	gnd	297	21	5	0	0	0	0
LK-2310200	Madulla North	Madulla North	gnd	58	9	162	22	2	0	0
LK-2310205	Thunhitiyawa	Thunhitiyawa	gnd	169	16	0	0	0	0	0
LK-2310210	Wewathenna	Wewathenna	gnd	153	7	3	0	0	0	0
LK-2310215	Kosgolla	Kosgolla	gnd	49	37	114	6	0	0	0
LK-2310220	Udamadura	Udamadura	gnd	16	2	120	9	0	0	5
LK-2310225	Ambanella	Ambanella	gnd	93	3	51	2	3	0	0
LK-2310230	Dabbare	Dabbare	gnd	11	21	125	29	1	0	0
LK-2310235	Nildandaheenna	Nildandaheenna	gnd	378	45	110	16	4	0	0
LK-2310240	Rambuke	Rambuke	gnd	26	3	50	12	0	0	0
LK-2310245	Watambe	Watambe	gnd	8	1	80	38	4	0	0
LK-2310250	Thibbatugoda	Thibbatugoda	gnd	43	1	36	6	1	0	1
LK-2310400	Thibbatugoda South	Thibbatugoda South	gnd	80	6	40	0	1	0	0
LK-2310405	Goradiyagolla	Goradiyagolla	gnd	147	16	1	0	0	0	0
LK-2310410	Denambure	Denambure	gnd	12	8	68	10	5	0	0
LK-2310415	Purankumbura	Purankumbura	gnd	29	1	87	8	1	0	0
LK-2310420	Hegama	Hegama	gnd	25	1	64	5	0	0	0
LK-2310425	Dambagolla	Dambagolla	gnd	18	0	94	4	2	0	0
LK-2310430	Demataarawa	Demataarawa	gnd	22	0	106	0	0	0	0
LK-2310435	Madulla South	Madulla South	gnd	216	20	0	0	0	0	0
LK-2310440	Morahela	Morahela	gnd	52	17	199	35	1	0	0
LK-2310445	Meepanawa	Meepanawa	gnd	6	2	129	6	4	0	0
LK-2310450	Roopaha East	Roopaha East	gnd	4	0	40	4	2	0	0
LK-2310455	Pallewela	Pallewela	gnd	49	3	73	10	0	0	0
LK-2310460	Palugama	Palugama	gnd	171	12	0	0	0	0	0
LK-2310465	Kotambe	Kotambe	gnd	17	19	133	0	0	0	0
LK-2310470	Karandagolla	Karandagolla	gnd	84	3	93	10	0	0	0
LK-2310475	Udagama	Udagama	gnd	111	6	0	0	1	0	0
LK-2310480	Kumbukwela	Kumbukwela	gnd	4	4	61	4	5	0	0
LK-2310530	Roopaha	Roopaha	gnd	10	0	94	0	11	0	0
LK-2310535	Mathetilla	Mathetilla	gnd	171	4	0	0	0	0	0
LK-2310540	Embulampaha	Embulampaha	gnd	101	5	0	0	0	0	0
LK-2310545	Maliyadda	Maliyadda	gnd	12	0	146	20	4	2	0
LK-2310550	Kurupanawela	Kurupanawela	gnd	31	4	159	29	1	0	0
LK-2310555	Wathulanda East	Wathulanda East	gnd	87	5	6	0	2	0	0
LK-2310560	Wathulanda West	Wathulanda West	gnd	113	2	0	2	1	0	1
LK-2310565	Ambaliyadda	Ambaliyadda	gnd	21	3	112	1	0	0	1
LK-2310570	Galkadapathana	Galkadapathana	gnd	288	45	2	10	4	0	0
LK-2310600	Delmar	Delmar	gnd	133	39	608	121	27	1	8
LK-2310605	Sooriyagahapathana Ihala	Sooriyagahapathana Ihala	gnd	18	2	80	36	12	0	0
LK-2310610	Sooriyagahapathana Pahala	Sooriyagahapathana Pahala	gnd	168	14	106	6	6	4	0
LK-2310615	Udapussellawa South	Udapussellawa South	gnd	422	23	149	23	4	0	1
LK-2310620	St. Magret	St. Magret	gnd	281	22	495	65	33	0	0
LK-2310625	Udapussellawa North	Udapussellawa North	gnd	329	25	29	1	7	0	0
LK-2312030	Bangalahatha	Bangalahatha	gnd	480	2	306	23	37	19	4
LK-2312035	Toppass	Toppass	gnd	427	52	79	51	2	0	2
LK-2312040	Park	Park	gnd	586	42	331	108	57	5	4
LK-2312045	Concordia	Concordia	gnd	621	41	141	21	88	41	0
LK-2312050	Kandapola	Kandapola	gnd	289	21	44	17	0	0	0
LK-2312055	Kandapola Central	Kandapola Central	gnd	534	90	70	11	40	2	0
LK-2312060	Hawaeliya East	Hawaeliya East	gnd	571	44	7	15	1	0	0
LK-2312065	Bambarakele	Bambarakele	gnd	497	6	117	36	29	48	9
LK-2312070	Nuwaraeliya West	Nuwara Eliya West	gnd	240	3	97	27	5	0	3
LK-2312075	Shanthipura	Shanthipura	gnd	361	7	17	4	1	0	0
LK-2312080	Kalapura	Kalapura	gnd	495	39	352	26	9	0	0
LK-2312140	Rathnagiriya	Rathnagiriya	gnd	414	6	259	8	1	0	0
LK-2312150	Summerset	Summerset	gnd	360	38	458	32	10	0	3
LK-2312155	Nanuoya	Nanuoya	gnd	600	56	261	10	3	1	1
LK-2312160	Windicorner	Windicorner	gnd	432	26	45	0	1	0	0
LK-2312165	Nuwaraeliya	Nuwara Eliya	gnd	156	33	17	1	0	0	1
LK-2312170	Nuwara Eliya Central	Nuwara Eliya Central	gnd	855	64	26	25	15	0	0
LK-2312175	Hawaeliya North	Hawaeliya North	gnd	492	22	30	21	1	0	0
LK-2312180	Hawaeliya West	Hawaeliya West	gnd	480	8	32	6	2	0	0
LK-2312185	Bulu Ela	Bulu Ela	gnd	396	23	45	0	0	0	0
LK-2312190	Galpalama	Galpalama	gnd	123	14	144	31	3	0	0
LK-2312195	Jayalanka	Jayalanka	gnd	244	18	116	17	0	0	0
LK-2312200	Kandapola East	Kandapola East	gnd	136	107	19	30	12	5	0
LK-2312205	Pedro	Pedro	gnd	609	68	229	104	24	8	9
LK-2312210	Goredihela	Goredihela	gnd	343	5	4	2	4	0	0
LK-2312215	Seethaeliya	Seethaeliya	gnd	379	13	62	31	1	0	0
LK-2312220	Sandathenna	Sandathenna	gnd	541	24	159	45	11	8	0
LK-2312225	Kelegala	Kelegala	gnd	350	14	39	15	3	0	0
LK-2312230	Kalukele	Kalukele	gnd	271	0	51	1	0	0	0
LK-2312235	Magasthota	Magasthota	gnd	238	15	9	0	0	0	0
LK-2312240	Ruwaneliya	Ruwaneliya	gnd	400	18	282	19	5	0	0
LK-2312245	Perakumpura	Perakumpura	gnd	866	46	56	6	3	7	1
LK-2312250	Kirimetiya	Kirimetiya	gnd	873	42	115	11	1	0	2
LK-2312290	Magoda	Magoda	gnd	306	2	58	8	1	0	0
LK-2312295	Mihindupura	Mihindupura	gnd	342	14	16	0	3	0	0
LK-2312300	Meepilimana	Meepilimana	gnd	560	2	0	1	0	0	0
LK-2312305	Ambewela	Ambewela	gnd	139	1	20	1	0	0	0
LK-2312310	Pattipola	Pattipola	gnd	389	1	127	10	15	7	0
LK-2313005	Bogahawatta	Bogahawatta	gnd	558	19	463	77	16	0	2
LK-2313010	Mount Vernon	Mount Vernon	gnd	447	60	93	28	4	0	5
LK-2313015	Watagoda	Watagoda	gnd	693	183	246	83	29	8	3
LK-2313020	Hollyrood	Hollyrood	gnd	793	51	104	17	3	0	1
LK-2313025	Great Western	Great Western	gnd	318	12	403	29	20	0	0
LK-2313085	Bearwell	Barewell	gnd	469	38	260	71	48	1	3
LK-2313090	Thalawakele	Thalawakele	gnd	762	35	261	33	5	10	0
LK-2313095	Devon	Devon	gnd	581	77	164	31	6	5	3
LK-2313100	Dimbula	Dimbula	gnd	737	42	265	35	33	0	19
LK-2313105	Stonycliff	Stonycliff	gnd	599	51	130	53	12	8	2
LK-2313110	Kuduoya	Kuduoya	gnd	1143	61	125	58	39	2	1
LK-2313115	Kotagala	Kotagala	gnd	1546	50	193	27	10	4	2
LK-2313120	Drayton	Drayton	gnd	423	94	455	18	14	2	2
LK-2313125	Yulefield	Yulefield	gnd	681	49	233	45	10	0	1
LK-2313130	Coombewood	Coombewood	gnd	653	43	258	36	32	0	7
LK-2313135	Lindula	Lindula	gnd	547	42	233	45	15	11	1
LK-2313145	Waltrim	Waltrim	gnd	890	151	815	185	19	12	1
LK-2313255	Nagasena	Nagasena	gnd	876	112	229	42	20	30	0
LK-2313260	Eildonhall	Eildonhall	gnd	496	28	255	80	24	8	9
LK-2313265	Rahanwatta	Rahanwatta	gnd	199	30	464	46	44	0	2
LK-2313270	Balmoral	Balmoral	gnd	392	34	192	44	65	3	0
LK-2313275	Hallbrook	Hallbrook	gnd	658	69	182	20	7	0	1
LK-2313280	Henfold	Henfold	gnd	1000	26	62	9	15	2	3
LK-2313285	Thangakele	Thangakele	gnd	362	37	184	51	10	0	7
LK-2313315	Lippakelle	Lippakelle	gnd	584	9	172	4	3	3	2
LK-2313320	Dayagama West	Dayagama West	gnd	268	34	379	91	17	0	8
LK-2313325	Sandrinham	Sandrinham	gnd	273	14	475	24	29	1	4
LK-2313330	Glasgow	Glasgow	gnd	561	41	323	110	13	14	3
LK-2313335	Braemore	Braemore	gnd	197	41	263	47	50	1	5
LK-2313340	Albion	Albian	gnd	406	54	387	65	38	5	38
LK-2313345	Elbedda	Elbedda	gnd	687	23	272	31	31	0	6
LK-2313350	Agarapathana	Agarapathana	gnd	398	4	123	3	1	0	0
LK-2313355	Weverly	Weverly	gnd	372	204	107	33	8	9	43
LK-2313360	Dayagama East	Dayagama East	gnd	228	28	579	38	55	4	12
LK-2314165	Rosella	Rosella	gnd	405	30	497	73	24	17	0
LK-2314170	Welioya	Welioya	gnd	264	29	936	79	21	0	7
LK-2314175	Maussakele	Maussakele	gnd	496	115	619	55	59	0	10
LK-2314180	Lethant	Lethant	gnd	1008	119	357	77	54	0	5
LK-2314185	Shanon	Shanon	gnd	354	38	309	46	24	1	4
LK-2314190	Hatton East	Hatton East	gnd	1155	107	42	2	2	0	0
LK-2314195	Hatton South	Hatton South	gnd	787	12	110	26	0	0	1
LK-2314200	Panmur	Panmur	gnd	138	2	242	62	21	1	10
LK-2314205	Ruwanpura	Ruwanpura	gnd	213	48	351	40	25	7	2
LK-2314210	Hatton West	Hatton West	gnd	409	8	111	36	3	1	1
LK-2314215	Hatton North	Hatton North	gnd	1833	85	162	12	5	1	1
LK-2314220	Dickoya	Dickoya	gnd	474	152	289	28	3	2	0
LK-2314225	Annfield	Annfield	gnd	770	143	677	194	25	0	42
LK-2314230	Dickoya South	Dickoya South	gnd	693	47	252	79	12	9	7
LK-2314235	Injustry	Injustry	gnd	1045	121	123	60	32	1	6
LK-2314240	Wanarajah	Wanarajah	gnd	631	159	361	95	18	0	0
LK-2314245	New Weligama	New Weligama	gnd	645	37	303	36	16	12	4
LK-2314250	Norwood	Norwood	gnd	960	131	576	84	33	3	12
LK-2314255	Maskeliya	Maskeliya	gnd	749	70	280	32	15	0	17
LK-2314260	Brownlow	Brownlow	gnd	494	134	615	51	17	18	21
LK-2314265	Seethagangula	Seethagangula	gnd	503	153	387	119	44	1	7
LK-2314270	Moray	Moray	gnd	478	56	353	104	3	0	0
LK-2314275	Moca	Moca	gnd	528	262	107	17	184	8	41
LK-2314280	Brownswick	Brownswick	gnd	923	109	272	58	68	2	42
LK-2314285	Gawarawila	Gawarawila	gnd	704	190	392	71	64	0	17
LK-2314290	Mahanelu	Mahanelu	gnd	237	183	155	59	6	0	11
LK-2314295	Venture	Venture	gnd	585	48	623	171	41	2	11
LK-2314300	Tillary	Tillary	gnd	470	43	31	1	84	0	7
LK-2314305	Kirkoswald	Kirkoswald	gnd	1200	201	821	190	58	4	25
LK-2314310	Bogawana	Bogawana	gnd	608	156	486	59	40	3	8
LK-2314315	Loinon	Loinon	gnd	945	78	557	161	54	1	11
LK-2314320	Kotiyagala	Kotiyagala	gnd	281	57	390	44	37	7	10
LK-2314325	Bagawanthalawa South	Bagawanthalawa South	gnd	870	91	719	63	24	2	3
LK-2314330	Aulton Watta	Aulton Watta	gnd	237	29	836	97	148	4	13
LK-2314335	Strathspey	Strathspey	gnd	614	82	426	122	42	3	47
LK-2315005	Kalugala	Kalugala	gnd	150	17	82	1	16	0	0
LK-2315010	Pitawala	Pitawala	gnd	209	16	103	6	1	0	0
LK-2315015	Bulathgama	Bulathgama	gnd	307	25	182	19	3	0	1
LK-2315020	Gonawala	Gonawala	gnd	116	2	187	30	6	0	0
LK-2315025	Ambagamuwa North	Ambagamuwa North	gnd	145	1	170	28	24	3	4
LK-2315030	Sellipigama	Sellipigama	gnd	461	29	241	16	5	0	0
LK-2315035	Ambagamuwa East	Ambagamuwa East	gnd	154	7	185	65	23	0	6
LK-2315040	Ambagamuwa South	Ambagamuwa South	gnd	276	11	166	35	8	1	0
LK-2315045	Rampadeniya	Rampadeniya	gnd	369	27	3	1	19	0	0
LK-2315050	Millagahamula	Millagahamula	gnd	235	20	0	11	0	0	0
LK-2315055	Dagampitiya	Dagampitiya	gnd	136	5	201	24	10	0	2
LK-2315060	Polpitiya	Polpitiya	gnd	124	5	203	4	4	0	2
LK-2315065	Minuwandeniya	Minuwandeniya	gnd	34	3	195	13	17	0	2
LK-2315070	Hitigama	Hitigegama	gnd	188	9	41	2	2	0	0
LK-2315075	Kehelwarawa	Kehelwarawa	gnd	109	6	171	8	5	0	0
LK-2315080	Homagama	Homagama	gnd	76	2	220	28	3	0	1
LK-2315085	Hambakanda	Hebbekanda	gnd	63	2	225	0	0	0	1
LK-2315090	Samansirigama	Samansirigama	gnd	164	1	60	0	8	0	0
LK-2315095	Theeniyagala	Theeniyagala	gnd	165	6	34	1	1	0	0
LK-2315100	Ginigathhena	Ginigathhena	gnd	385	54	259	28	41	1	0
LK-2315105	Dehigasthenna	Dehigasthenna	gnd	306	41	115	5	4	0	4
LK-2315110	Keleweldeniya	Kalaweldeniya	gnd	242	13	29	1	2	0	1
LK-2315115	Morahenagama	Morahenagama	gnd	168	7	227	12	5	0	0
LK-2315120	Hangarapitiya	Hangarapitiya	gnd	151	2	0	1	0	0	0
LK-2315125	Jambuthenna	Jambuthenna	gnd	170	10	176	12	12	0	0
LK-2315130	Kottellena	Kottellena	gnd	249	36	144	31	30	0	0
LK-2315135	Waggama	Waggama	gnd	115	9	142	11	11	0	0
LK-2315140	Lakshapana	Lakshapana	gnd	282	5	95	6	1	0	0
LK-2315145	Kiriwaneliya	Kiriwaneliya	gnd	140	4	106	19	4	2	2
LK-2315150	Vidulipura South	Vidulipura South	gnd	159	16	99	16	6	1	0
LK-2315155	Vidulipura North	Vidulipura North	gnd	79	0	93	0	3	0	0
LK-2315160	Watawala	Watawala	gnd	579	37	727	210	22	1	1
LK-3103005	Pahurumulla	Pahurumulla	gnd	75	1	12	1	0	0	0
LK-3103010	Sinharoopagama	Sinharoopagama	gnd	221	3	1	17	4	0	0
LK-3103015	Yathramulla	Yathramulla	gnd	200	5	0	6	1	0	0
LK-3103020	Kommala	Kommala	gnd	297	4	102	4	0	0	0
LK-3103025	Bodhimaluwa	Bodhimaluwa	gnd	209	6	75	3	6	0	0
LK-3103030	Dope	Dope	gnd	501	12	162	15	7	0	1
LK-3103035	Angagoda	Angagoda	gnd	227	3	36	5	1	0	0
LK-3103040	Warahena	Warahena	gnd	187	0	8	3	0	0	0
LK-3103045	Kahagalla	Kahagalla	gnd	169	12	0	2	3	0	0
LK-3103050	Hunganthota Wadumulla	Hunganthota Wadumulla	gnd	130	0	101	12	4	0	0
LK-3103055	Dedduwa	Dedduwa	gnd	471	9	0	1	5	0	0
LK-3103060	Athuruwella	Athuruwella	gnd	216	2	0	4	1	0	0
LK-3103065	Galbada	Galbada	gnd	236	9	6	3	4	0	0
LK-3103070	Galagama	Galagama	gnd	171	4	1	5	6	0	1
LK-3103075	Mullegoda	Mullegoda	gnd	158	24	0	0	1	0	0
LK-3103080	Sooriyagama	Sooriyagama	gnd	274	5	0	3	1	0	0
LK-3103085	Haburugala	Haburugala	gnd	164	4	132	13	4	0	0
LK-3103090	Thunduwa West	Thunduwa West	gnd	207	5	39	1	0	0	0
LK-3103095	Thunduwa East	Thunduwa East	gnd	164	15	3	0	0	0	0
LK-3103100	Thotakanatta	Thotakanatta	gnd	218	5	0	9	0	0	0
LK-3103105	Elakaka	Elakaka	gnd	175	1	32	1	1	0	0
LK-3103110	Ethungagoda	Ethungagoda	gnd	249	5	173	26	18	0	0
LK-3103115	Gonagalapura	Gonagalapura	gnd	370	21	0	2	1	0	0
LK-3103120	Olaganduwa	Olaganduwa	gnd	269	7	0	1	2	0	0
LK-3103125	Yalegama	Yalegama	gnd	254	10	1	0	7	0	0
LK-3103130	Kaikawala	Kaikawala	gnd	175	10	125	9	4	0	0
LK-3103135	Habakkala	Habakkala	gnd	147	4	93	8	3	0	1
LK-3103140	Etawalawatta West	Etawalawatta West	gnd	101	2	61	5	1	0	0
LK-3103145	Etawalawatta East	Etawalawatta East	gnd	87	1	107	11	15	0	1
LK-3103150	Dombagahawatta	DombagahaWatta	gnd	162	6	1	0	0	0	0
LK-3103155	Akadegoda	Akadegoda	gnd	136	10	125	17	1	0	0
LK-3103160	Kahawegammedda	Kahawegammedda	gnd	319	3	108	5	2	0	1
LK-3103165	Warakamulla	Warakamulla	gnd	248	9	2	0	1	0	0
LK-3103170	Kandemulla	Kandemulla	gnd	108	17	118	22	11	0	0
LK-3103175	Galthuduwa	Galthuduwa	gnd	73	1	59	3	2	0	0
LK-3103180	Kolaniya	Kolaniya	gnd	330	15	1	4	1	0	0
LK-3103185	Miriswatta	Miriswatta	gnd	231	27	271	11	8	0	0
LK-3103190	Viyandoowa	Viyandoowa	gnd	179	1	18	6	2	0	0
LK-3103195	Mahagoda	Mahagoda	gnd	266	14	188	14	6	0	1
LK-3103200	Pilekumbura	Pilekumbura	gnd	71	0	109	8	8	0	0
LK-3103205	Mahavila West	Mahavila West	gnd	62	0	130	7	11	0	1
LK-3103210	Mahavila East	Mahavila East	gnd	56	0	114	6	2	0	1
LK-3103215	Moragoda	Moragoda	gnd	36	2	112	13	5	0	0
LK-3103220	Ranthotuvila	Ranthotuvila	gnd	76	1	73	1	4	0	0
LK-3103225	Malawala	Malawala	gnd	87	2	50	1	3	0	1
LK-3103230	Ihala Malawala	Ihala Malawala	gnd	186	1	84	6	7	0	1
LK-3103235	Kotuwabendahena	Kotuwabendahena	gnd	17	1	98	4	6	0	2
LK-3103240	Kuda Uragaha	Kuda Uragaha	gnd	57	1	124	9	2	0	0
LK-3103245	Maha Uragaha	Maha Uragaha	gnd	97	3	220	8	9	0	0
LK-3103250	Delkabalagoda	Delkabalagoda	gnd	111	11	219	3	0	0	0
LK-3103255	Hipanwatta	Hipanwatta	gnd	133	5	39	12	0	0	1
LK-3106005	Doowemodara	Doowemodara	gnd	266	4	141	9	8	0	0
LK-3106010	Nanathota Palatha	Nanathota Palatha	gnd	556	13	209	11	21	0	1
LK-3106015	Pelegas Palatha	Pelegas Palatha	gnd	321	9	80	8	15	3	5
LK-3106020	Wathurawela	Wathurawela	gnd	383	29	1	1	5	0	1
LK-3106025	Boraluketiya	Boraluketiya	gnd	333	5	158	15	18	0	2
LK-3106030	Pathiraja Pedesa	Pathiraja Pedesa	gnd	170	1	164	10	5	0	0
LK-3106035	Polathu Palatha	Polathu Palatha	gnd	132	5	122	18	11	0	1
LK-3106040	Katuvila	Katuvila	gnd	174	4	48	14	6	0	0
LK-3106045	Mahapitiya	Mahapitiya	gnd	101	2	123	12	22	0	3
LK-3106050	Nape	Nape	gnd	238	9	92	3	3	0	0
LK-3106055	Kudagodagama	Kudagodagama	gnd	86	1	82	5	0	0	0
LK-3106060	Hegalla-Piyagama	Hegalla-Piyagama	gnd	272	10	16	1	2	0	1
LK-3106065	Godapitiya	Godapitiya	gnd	72	1	17	1	0	0	0
LK-3106070	Kosgoda	Kosgoda	gnd	299	2	4	2	2	0	1
LK-3106075	Ahungalla	Ahungalla	gnd	297	4	40	7	3	0	0
LK-3106080	Middaramulla	Middaramulla	gnd	309	6	61	13	19	0	0
LK-3106085	Bogahapitiya	Bogahapitiya	gnd	176	3	150	25	14	0	1
LK-3106090	Galvehera	Galvehera	gnd	244	26	80	15	6	0	0
LK-3106095	Pathirajagama	Pathirajagama	gnd	124	12	261	47	29	0	2
LK-3106100	Madoowa	Madoowa	gnd	98	1	33	7	5	1	1
LK-3106105	Kadiragonna	Kadiragonna	gnd	68	1	158	14	11	0	0
LK-3106110	Makumbura	Makumbura	gnd	114	3	175	19	12	0	0
LK-3106115	Wathuregama	Wathuregama	gnd	155	2	93	14	8	0	0
LK-3106120	Wellabada	Wellabada	gnd	93	3	75	10	1	0	0
LK-3106125	Pathegangoda	Pathegamgoda	gnd	513	0	154	5	4	1	0
LK-3106130	Weliwathugoda	Weliwathugoda	gnd	206	1	187	7	2	0	1
LK-3106135	Brahmanawatta North	Brahmanawatta North	gnd	388	5	127	13	7	0	0
LK-3106140	Brahmanawatta South	Brahmanawatta South	gnd	221	5	157	13	9	0	2
LK-3106145	Galmangoda	Galmangoda	gnd	329	8	187	16	8	0	0
LK-3106150	Wandadoowa	Wandadoowa	gnd	233	0	0	0	5	0	1
LK-3106155	Heenatiya North	Heenatiya North	gnd	137	6	85	2	3	0	0
LK-3106160	Mahaladoowa	Mahaladoowa	gnd	110	2	68	0	1	0	1
LK-3106165	Seenigoda	Seenigoda	gnd	552	16	143	17	7	0	0
LK-3106170	Heenatiya South	Heenatiya South	gnd	225	1	0	0	0	0	0
LK-3106175	Mahakarawa	Mahakarawa	gnd	104	8	99	11	0	0	0
LK-3106180	Elathota	Elathota	gnd	150	2	100	15	8	0	3
LK-3106185	Balapitiya	Balapitiya	gnd	319	5	109	6	4	0	1
LK-3106190	Berathuduwa	Berathuduwa	gnd	267	12	21	3	1	0	1
LK-3106195	Andadola	Andadola	gnd	544	5	173	21	5	0	0
LK-3106200	Petiwatta	Petiwatta	gnd	363	4	68	9	3	0	0
LK-3106205	Wathugedara	Wathugedara	gnd	431	6	212	1	6	0	0
LK-3106210	Paragahathota	Paragahathota	gnd	285	16	113	26	16	0	0
LK-3106215	Wathugedara South	Wathugedara South	gnd	130	1	73	4	2	0	0
LK-3106220	Kurunduwatta	Kurunduwatta	gnd	281	4	57	14	1	0	1
LK-3106225	Walagedara	Walagedara	gnd	377	12	54	4	1	0	1
LK-3106230	Randombe North	Randombe North	gnd	344	14	0	3	1	0	0
LK-3106235	Wadumulla	Wadumulla	gnd	349	8	51	15	6	0	1
LK-3106240	Viharagoda	Viharagoda	gnd	223	18	52	7	4	0	0
LK-3106245	Kandegoda	Kandegoda	gnd	278	1	12	1	3	0	0
LK-3106250	Bogahawatta	Bogahawatta	gnd	206	3	49	5	5	0	0
LK-3106255	Randombe South	Randombe South	gnd	253	5	53	1	1	0	0
LK-3109005	Walinguruketiya	Walinguruketiya	gnd	215	8	257	36	40	0	1
LK-3109010	Uragasmanhandiya North	Uragasmanhandiya North	gnd	420	5	43	9	13	1	0
LK-3109015	Galpottawala	Galpottawala	gnd	114	1	65	4	3	0	1
LK-3109020	Meegaspitiya	Meegaspitiya	gnd	126	4	299	12	25	0	3
LK-3109025	Mendorawala	Mendorawala	gnd	54	2	130	12	16	0	0
LK-3109030	Uragasmanhandiya South	Uragasmanhandiya South	gnd	353	5	162	10	10	0	0
LK-3109035	Yatagala	Yatagala	gnd	404	6	231	21	14	0	0
LK-3109040	Uragasmanhandiya East	Uragasmanhandiya East	gnd	401	9	111	12	4	0	1
LK-3109045	Mabingoda	Mabingoda	gnd	139	6	139	9	11	0	2
LK-3109050	Hipankanda	Hipankanda	gnd	188	6	280	15	9	0	0
LK-3109055	Siripura	Siripura	gnd	275	2	83	6	5	0	0
LK-3109060	Beligaswella	Beligaswella	gnd	164	23	0	0	1	0	7
LK-3109065	Halgahawella	Halgahawella	gnd	217	3	148	13	11	0	0
LK-3109070	Lenagal Palatha	Lenagal Palatha	gnd	454	11	60	0	11	1	1
LK-3109075	Magala North	Magala North	gnd	151	3	125	9	13	0	0
LK-3109080	Kaluwalagoda	Kaluwalagoda	gnd	129	1	141	2	12	0	1
LK-3109085	Diyapitagallana	Diyapitagallana	gnd	207	5	66	14	8	0	1
LK-3109090	Angulugalla	Angulugalla	gnd	452	6	109	6	19	0	6
LK-3109095	Magala South	Magala South	gnd	298	5	494	28	19	0	2
LK-3109100	Pehembiyakanda	Pehembiyakanda	gnd	342	0	101	4	4	0	2
LK-3109105	Unagaswela	Unagaswela	gnd	400	17	273	29	30	0	1
LK-3109110	Madakumbura	Madakumbura	gnd	383	5	42	6	9	0	0
LK-3109115	Thalgahawatta	Thalgahawatta	gnd	252	5	294	2	11	0	2
LK-3109120	Mandakanda	Mandakanda	gnd	294	11	303	13	10	0	0
LK-3109125	Anganaketiya	Anganaketiya	gnd	823	24	305	20	36	0	1
LK-3109130	Borakanda	Borakanda	gnd	508	9	62	8	2	0	0
LK-3109135	Mahaedanda	Mahaedanda	gnd	173	1	126	13	11	0	0
LK-3109140	Karandeniya North	Karandeniya North	gnd	420	33	163	6	8	0	0
LK-3109145	Randenigama	Randenigama	gnd	297	12	164	26	8	0	0
LK-3109150	Mahagoda	Mahagoda	gnd	238	15	55	2	5	0	0
LK-3109155	Karandeniya South	Karandeniya South	gnd	277	7	0	6	6	0	1
LK-3109160	Dangahavila	Dangahavila	gnd	259	3	48	15	1	0	0
LK-3109165	Egodawela	Egodawela	gnd	179	1	469	45	31	0	2
LK-3109170	Diviyagahawela	Diviyagahawela	gnd	513	52	221	14	10	0	1
LK-3109175	Kirinuge	Kirinuge	gnd	171	1	129	2	10	0	0
LK-3109180	Kiripedda	Kiripedda	gnd	169	4	92	9	2	0	0
LK-3109185	Galagoda Atta	Galagoda Atta	gnd	144	6	301	32	19	0	0
LK-3109190	Ihala Kiripedda	Ihala Kiripedda	gnd	309	7	88	6	5	0	2
LK-3109195	Kurundugaha Hethekma	Kurundugaha hethekma	gnd	663	22	307	12	8	1	0
LK-3109200	Jayabima	Jayabima	gnd	319	17	107	15	6	0	0
LK-3112005	Avittawa	Avittawa	gnd	172	2	70	4	0	0	0
LK-3112010	Pahala Omatta	Pahala Omatta	gnd	197	22	64	3	0	0	0
LK-3112015	Omatta	Omatta	gnd	210	0	78	10	4	0	0
LK-3112020	Metiviliya	Metiviliya	gnd	208	10	57	3	1	0	0
LK-3112025	Himbutugoda	Himbutugoda	gnd	107	2	186	1	5	0	0
LK-3112030	Indipalegoda	Indipalegoda	gnd	284	7	252	0	3	0	0
LK-3112035	Dikhena	Dikhena	gnd	269	5	124	8	9	0	1
LK-3112040	Delpona	Delpona	gnd	91	0	58	3	0	0	0
LK-3112045	Ihala Omatta	Ihala Omatta	gnd	155	9	176	6	0	0	0
LK-3112050	Digala Nagahathenna	Digala Nagahathenna	gnd	305	12	153	14	3	0	0
LK-3112055	Opatha	Opatha	gnd	166	4	86	0	1	0	1
LK-3112060	Goluwamulla North	Goluwamulla North	gnd	153	1	131	2	8	0	0
LK-3112065	Goluwamulla West	Goluwamulla West	gnd	93	7	94	12	3	0	0
LK-3112070	Goluwamulla	Goluwamulla	gnd	254	9	15	2	0	0	1
LK-3112075	Atakohota	Atakohota	gnd	274	2	151	4	6	0	0
LK-3112080	Elpitiya North	Elpitiya North	gnd	320	3	89	12	7	0	0
LK-3112085	Elpitiya East	Elpitiya East	gnd	168	10	5	0	3	0	0
LK-3112090	Poojagallena	Poojagallena	gnd	45	0	167	8	9	0	0
LK-3112095	Ketandola Udovita	Ketandola Udovita	gnd	278	23	245	60	23	0	1
LK-3112100	Sittaragoda	Sittaragoda	gnd	84	1	42	1	6	0	0
LK-3112105	Amugoda	Amugoda	gnd	341	6	23	3	9	0	0
LK-3112110	Kellapatha	Kellapatha	gnd	300	6	1	1	0	0	1
LK-3112115	Thalagaspe	Thalagaspe	gnd	233	27	43	7	3	0	0
LK-3112120	Thalagaspe West	Thalagaspe West	gnd	111	2	69	21	10	0	0
LK-3112125	Wallambagala North	Wallambagala North	gnd	81	0	220	15	9	0	0
LK-3112130	Elpitiya South	Elpitiya South	gnd	244	3	141	13	10	0	0
LK-3112135	Elpitiya Central	Elpitiya Central	gnd	323	9	88	5	5	0	0
LK-3112140	Nawadagala	Nawadagala	gnd	367	14	112	12	11	0	0
LK-3112145	Batuwanhena	Batuwanhena	gnd	710	11	204	7	4	0	0
LK-3112150	Igala	Igala	gnd	498	2	78	16	4	0	0
LK-3112155	Igala East	Igala East	gnd	730	12	67	8	9	0	0
LK-3112160	Pelendagoda	Pelendagoda	gnd	266	5	2	7	6	0	0
LK-3112165	Wallambagala	Wallambagala	gnd	97	2	237	6	4	0	1
LK-3112170	Ambana	Ambana	gnd	183	7	116	12	3	0	0
LK-3112175	Ambana North	Ambana North	gnd	35	1	180	0	19	0	1
LK-3112180	Pituwala South	Pituwala South	gnd	150	2	73	5	5	0	0
LK-3112185	Pituwala North	Pituwala North	gnd	303	3	45	3	0	0	0
LK-3112190	Kudagala Kadirandola	Kudagala Kadirandola	gnd	392	13	84	21	3	0	1
LK-3112195	Igala Thalawa East	Igala Thalawa East	gnd	333	9	31	6	1	0	2
LK-3112200	Igala Thalawa	Igala Thalawa	gnd	576	11	384	40	7	0	0
LK-3112205	Ella	Ella	gnd	464	10	298	30	3	0	1
LK-3112210	Ella Thanabaddegama	Ella Thanabaddegama	gnd	233	0	154	6	14	0	1
LK-3112215	Mahawela Abhayapura	Mahawela Abhayapura	gnd	80	1	85	8	7	0	0
LK-3112220	Pituwala West	Pituwala West	gnd	107	10	53	3	2	0	0
LK-3112225	Eramulla	Eramulla	gnd	528	9	2	1	2	0	0
LK-3112230	Pinikahana	Pinikahana	gnd	243	12	238	8	3	0	0
LK-3112235	Kahadoowa	Kahadoowa	gnd	173	1	76	2	5	0	0
LK-3112240	Thibbotuwawa	Thibbotuwawa	gnd	164	5	55	1	4	0	0
LK-3112245	Wathuruvila	Wathuruvila	gnd	369	12	1	6	11	0	1
LK-3112250	Rekadahena	Rekadahena	gnd	164	4	37	1	2	0	0
LK-3112255	Kahadoowa South	Kahadoowa South	gnd	270	2	0	3	2	0	0
LK-3115005	Pitigala North	Pitigala North	gnd	171	10	254	12	10	0	1
LK-3115010	Uhanovita	Uhanovita	gnd	73	8	96	4	0	0	0
LK-3115015	Hattaka	Hattaka	gnd	111	1	171	4	5	0	0
LK-3115020	Kaluarachchigoda	Kaluarachchigoda	gnd	239	7	138	22	6	0	2
LK-3115025	Pitigala	Pitigala	gnd	204	8	120	9	5	0	0
LK-3115030	Karawwa	Karawwa	gnd	107	3	242	18	1	0	0
LK-3115035	Boraluwahena	Boraluhena	gnd	68	7	256	14	3	0	1
LK-3115040	Bangamukanda	Bangamukanda	gnd	57	0	109	0	1	0	0
LK-3115045	Godamuna North	Godamuna North	gnd	224	10	27	2	0	0	0
LK-3115050	Marthupitiya	Marthupitiya	gnd	158	0	161	2	3	0	0
LK-3115055	Godamuna South	Godamuna South	gnd	170	1	112	11	2	0	0
LK-3115060	Liyanagamakanda	Liyanagamakanda	gnd	86	1	90	2	0	0	0
LK-3115065	Usbim Colony	Usbim Colony	gnd	19	1	163	15	10	0	3
LK-3115070	Bambarawana	Bambarawana	gnd	132	3	104	6	6	0	0
LK-3115075	Mattaka	Mattaka	gnd	152	3	91	0	3	0	0
LK-3115080	Weihena	Weihena	gnd	365	22	1	1	1	0	0
LK-3115085	Amaragama	Amaragama	gnd	91	0	439	4	8	0	0
LK-3115090	Naranovita	Naranovita	gnd	91	3	263	4	4	0	0
LK-3115095	Porawagama	Porawagama	gnd	114	16	203	7	12	0	0
LK-3115100	Kimbulawala	Kimbulawala	gnd	49	3	191	0	0	0	0
LK-3115105	Poddiwala West	Poddiwala West	gnd	123	2	176	11	4	0	0
LK-3115110	Poddiwala East	Poddiwala East	gnd	152	8	105	7	2	0	0
LK-3115115	Maraggoda	Maraggoda	gnd	189	1	210	7	6	0	0
LK-3115120	Duwegoda	Duwegoda	gnd	268	4	83	5	17	0	0
LK-3115125	Porawagama South	Porawagama South	gnd	283	0	134	5	7	0	0
LK-3115130	Wattahena	Wattehena	gnd	200	4	104	11	3	0	0
LK-3115135	Manampita	Manampita	gnd	288	1	1	0	1	0	0
LK-3115140	Niyagama	Niyagama	gnd	306	5	125	9	2	0	0
LK-3115145	Niyagama West	Niyagama West	gnd	49	2	106	1	0	0	0
LK-3115150	Polpelaketiya	Polpelaketiya	gnd	174	3	143	3	5	0	0
LK-3115155	Horangalla West	Horangalla West	gnd	31	2	64	1	3	0	0
LK-3115160	Horangalla Thalawa	Horangalla Thalawa	gnd	158	12	102	1	2	0	1
LK-3115165	Horangalla (Akulavila)	Horanggalla (Akulavila)	gnd	77	2	104	1	3	0	0
LK-3115170	Niyagama South	Niyagama South	gnd	125	0	66	2	4	0	0
LK-3118005	Ela Ihala	Ela Ihala	gnd	300	8	200	9	9	0	0
LK-3118010	Ela Ihala North	Ela Ihala North	gnd	223	0	0	0	0	0	0
LK-3118015	Kumburegoda	Kumburegoda	gnd	108	11	205	31	1	0	4
LK-3118020	Habarakada East	Habarakada East	gnd	108	3	193	11	5	0	1
LK-3118025	Habarakada West	Habarakada West	gnd	49	3	239	9	4	0	0
LK-3118030	Kudugalpala	Kudugalpala	gnd	30	5	302	24	13	0	1
LK-3118035	Batahena	Batahena	gnd	13	0	80	9	1	0	0
LK-3118040	Thawalama North	Thawalama North	gnd	120	3	259	7	6	0	2
LK-3118045	Thawalama Mookalana	Thawalama Mookalana	gnd	35	0	204	19	14	0	0
LK-3118050	Thawalama South	Thawalama South	gnd	64	3	237	14	10	0	0
LK-3118055	Hiniduma North	Hiniduma North	gnd	162	9	428	23	24	5	0
LK-3118060	Hiniduma West	Hiniduma West	gnd	43	2	133	4	5	0	0
LK-3118065	Hiniduma South	Hiniduma South	gnd	106	2	145	17	3	0	0
LK-3118070	Malgalla	Malgalla	gnd	90	2	321	18	9	0	0
LK-3118075	Halvitigala Colony 1	Halvitigala Colony Step 1	gnd	26	3	99	8	9	0	1
LK-3118080	Halvitigala Colony 2	Halvitigala Colony Step 2	gnd	23	7	153	1	0	0	0
LK-3118085	Dammala Colony	Dammala Colony	gnd	24	2	151	6	1	0	0
LK-3118090	Thalangalla East	Thalangalla East	gnd	41	2	334	20	24	0	0
LK-3118095	Thalangalla West	Thalangalla West	gnd	9	0	113	0	0	0	0
LK-3118100	Malhathawa	Malhathawa	gnd	41	0	177	4	1	0	1
LK-3118105	Panangala West	Panangala West	gnd	14	5	150	3	0	0	0
LK-3118110	Panangala North	Panangala North	gnd	135	1	1	0	1	0	0
LK-3118115	Panangala East	Panangala East	gnd	39	0	132	5	0	0	0
LK-3118120	Thalangalla	Thalangalla	gnd	25	4	74	7	1	0	0
LK-3118125	Dammala	Dammala	gnd	26	0	135	14	11	0	0
LK-3118130	Opatha North	Opatha North	gnd	13	2	132	39	21	7	0
LK-3118135	Opatha West	Opatha West	gnd	85	1	160	3	7	0	0
LK-3118140	Koralegama	Koralegama	gnd	52	27	165	0	1	0	0
LK-3118145	Eppala	Eppala	gnd	214	4	0	1	0	0	0
LK-3118150	Gallandala	Gallandala	gnd	32	0	125	4	0	0	0
LK-3118155	Opatha South	Opatha South	gnd	35	1	280	15	6	0	0
LK-3118160	Opatha East	Opatha East	gnd	134	23	0	0	1	0	0
LK-3118165	Weerapana North	Weerapana North	gnd	42	1	206	13	20	0	0
LK-3118170	Weerapana West	Weerapana West	gnd	63	3	181	17	6	0	0
LK-3118175	Weerapana South	Weerapana South	gnd	50	5	296	18	6	0	1
LK-3118180	Weerapana East	Weerapana East	gnd	19	1	121	26	5	0	0
LK-3121005	Danawala	Danawala	gnd	225	5	78	10	15	0	0
LK-3121010	Mavita West	Mavita West	gnd	64	0	166	5	3	0	1
LK-3121015	Batuwangala West	Batuwangala West	gnd	147	4	99	6	6	0	0
LK-3121020	Kosmulla	Kosmulla	gnd	122	1	27	9	1	0	0
LK-3121025	Thambalagama	Thambalagama	gnd	3	0	56	1	12	0	0
LK-3121030	Ehelapitiya	Ehelapitiya	gnd	36	0	165	9	1	0	0
LK-3121035	Batuwangala	Batuwangala	gnd	229	8	0	2	3	0	0
LK-3121040	Mavita East	Mavita East	gnd	141	2	156	11	4	0	0
LK-3121045	Koswatta	Koswatta	gnd	35	0	125	9	1	0	0
LK-3121050	Ebalagedara North	Embalegedara North	gnd	207	5	67	11	6	1	1
LK-3121055	Embalegedara South	Embalegedara South	gnd	132	0	35	0	0	0	0
LK-3121060	Mawanana	Mawanana	gnd	137	5	204	1	0	0	0
LK-3121065	Neluwa	Neluwa	gnd	144	7	192	9	0	0	0
LK-3121070	Pahala Maddegama	Pahala Maddegama	gnd	31	0	151	4	4	0	0
LK-3121075	Maddegama East	Maddegama East	gnd	34	2	151	9	0	0	0
LK-3121080	Happitiya	Happitiya	gnd	43	1	299	16	7	0	0
LK-3121085	Madugeta	Madugeta	gnd	83	1	1	1	1	0	0
LK-3121090	Warukandeniya	Warukandeniya	gnd	11	2	177	0	2	0	0
LK-3121095	Lankagama	Lankagama	gnd	178	2	0	0	0	0	0
LK-3121100	Dellawa	Dellawa	gnd	36	2	113	18	3	0	0
LK-3121105	Miyanawathura	Miyanawathura	gnd	33	1	143	4	4	0	0
LK-3121110	Pannimulla	Pannimulla	gnd	122	17	122	2	2	0	0
LK-3121115	Ihala Maddegama	Ihala Maddegama	gnd	18	6	158	16	2	0	0
LK-3121120	Medagama	Medagama	gnd	244	5	189	4	1	0	0
LK-3121125	Pahala Gigummaduwa	Pahala Gigummaduwa	gnd	44	0	206	19	21	0	0
LK-3121130	Ihala Gigummaduwa	Ihala Gigummaduwa	gnd	112	5	332	30	14	0	1
LK-3121135	Lelwala	Lelwala	gnd	31	3	147	8	0	0	0
LK-3121140	Ihala Lelwala	Ihala Lelwala	gnd	15	7	192	20	61	0	0
LK-3121145	Panagoda	Panagoda	gnd	30	3	232	22	5	0	1
LK-3121150	Dewalegama West	Dewalegama West	gnd	17	18	119	4	4	0	0
LK-3121155	Dewalegama East	Dewalegama East	gnd	50	1	301	18	3	0	0
LK-3121160	Millawa West	Millawa West	gnd	6	0	147	3	0	0	0
LK-3121165	Ihala Millawa	Ihala Millawa	gnd	35	0	149	5	6	6	0
LK-3121170	Pahala Millawa	Pahala Millawa	gnd	88	11	242	14	3	0	0
LK-3124005	Thalgaswala	Thalgaswala	gnd	222	12	400	12	14	1	1
LK-3124010	Marakanda	Marakanda	gnd	197	5	0	1	4	0	0
LK-3124015	Malamura	Malamura	gnd	37	1	169	0	6	1	1
LK-3124020	Aluth Thanayamgoda Pahala West	Aluth Thanayamgoda Pahala West	gnd	53	4	166	4	5	0	0
LK-3124025	Mapalagama	Mapalagama	gnd	138	0	100	8	8	0	0
LK-3124030	Aluth Thanayamgoda Pahala	Aluth Thanayamgoda Pahala	gnd	125	13	120	11	4	0	1
LK-3124035	Aluth Thanayamgoda Ihala South	Aluth Thanayamgoda Ihala South	gnd	22	0	83	2	3	0	0
LK-3124040	Aluth Thanayamgoda Ihala	Aluth Thanayamgoda Ihala	gnd	141	1	65	8	2	0	1
LK-3124045	Ketagoda South	Ketagoda South	gnd	52	0	141	5	2	0	0
LK-3124050	Ketagoda North	Ketagoda North	gnd	8	0	156	1	0	0	0
LK-3124055	Parana Thanayamgoda	Parana Thanayamgoda	gnd	144	1	0	5	11	0	0
LK-3124060	Parana Thanayamgoda Central	Parana Thanayamgoda Central	gnd	95	0	208	11	4	0	1
LK-3124065	Parana Thanayamgoda Pahala	Parana Thanayamgoda Pahala	gnd	261	3	2	9	11	0	0
LK-3124070	Gonalagoda East	Gonalagoda East	gnd	165	0	0	2	1	0	0
LK-3124075	Gonalagoda	Gonalagoda	gnd	145	4	1	2	0	0	0
LK-3124080	Gammeddegoda	Gammeddegoda	gnd	83	3	159	12	1	0	1
LK-3124085	Gammeddegoda South	Gammeddegoda South	gnd	240	24	0	1	1	0	0
LK-3124090	Nagoda Ihala	Nagoda Ihala	gnd	203	5	0	1	0	0	0
LK-3124095	Nagoda	Nagoda	gnd	300	7	0	4	2	0	0
LK-3124100	Kurupanawa	Kurupanawa	gnd	218	1	0	1	0	0	0
LK-3124105	Gonadeniya	Gonadeniya	gnd	90	0	159	13	8	0	0
LK-3124110	Ukovita North	Ukovita North	gnd	237	26	2	10	9	0	0
LK-3124115	Udugama West	Udugama West	gnd	48	7	170	7	13	0	0
LK-3124120	Udugama North	Udugama North	gnd	225	5	85	4	2	0	0
LK-3124125	Homadola	Homadola	gnd	85	8	468	64	10	0	0
LK-3124130	Udugama East	Udugama East	gnd	23	0	204	18	20	0	0
LK-3124135	Udugama	Udugama	gnd	87	2	209	9	1	0	0
LK-3124140	Ukovita	Ukovita	gnd	126	2	242	7	3	0	0
LK-3124145	Gonadeniya South	Gonadeniya South	gnd	111	13	154	17	0	0	0
LK-3124150	Udalamatta East	Udalamatta East	gnd	69	2	139	11	10	0	0
LK-3124155	Udalamatta North	Udalamatta North	gnd	160	1	184	17	8	0	0
LK-3124160	Keppitiyagoda	Keppitiyagoda South	gnd	231	7	221	25	6	0	0
LK-3124165	Udawelivitiya	Udawelivitiya	gnd	86	0	0	1	2	0	0
LK-3124170	Udawelivitithalawa East	Udawelivitithalawa East	gnd	139	1	98	11	6	0	0
LK-3124175	Udawelivitithalawa	Udawelivitithalawa	gnd	39	0	196	6	14	0	0
LK-3124180	Udawelivitiya West	Udawelivitiya West	gnd	27	1	130	8	7	0	0
LK-3124185	Keppitiyagoda North	Keppitiyagoda North	gnd	79	0	205	14	8	0	3
LK-3124190	Budapanagama	Budapanagama	gnd	51	6	168	10	2	0	0
LK-3124195	Unanvitiya	Unanvitiya	gnd	126	2	30	9	2	0	0
LK-3124200	Unanvitiya East	Unanvitiya East	gnd	180	8	1	23	1	0	0
LK-3124205	Urala North	Urala North	gnd	65	6	158	32	23	0	0
LK-3124210	Urala Pahala	Urala Pahala	gnd	99	4	166	5	0	0	0
LK-3124215	Yatalamatta	Yatalamatta	gnd	168	7	265	30	19	0	0
LK-3124220	Yatalamatta East	Yatalamatta East	gnd	381	11	0	1	4	0	0
LK-3124225	Udalamatta South	Udalamatta South	gnd	32	18	268	15	0	0	0
LK-3124230	Udugama South	Udugama South	gnd	260	8	2	5	1	11	1
LK-3124235	Udugama Central	Udugama Central	gnd	223	9	161	8	15	0	0
LK-3124240	Aluthwatta	Aluthwatta	gnd	159	13	533	14	32	0	1
LK-3124245	Hangaranwala	Hangaranwala	gnd	39	7	317	15	7	0	1
LK-3124250	Yatalamatta West	Yatalamatta West	gnd	158	2	249	13	9	0	1
LK-3124255	Urala Central	Urala Central	gnd	242	7	0	10	5	0	0
LK-3124260	Urala South	Urala South	gnd	155	3	136	19	9	1	1
LK-3124265	Urala East	Urala East	gnd	106	6	75	9	2	0	0
LK-3127005	Wavulagala	Wavulagala	gnd	258	4	0	1	1	0	0
LK-3127010	Halpathota Central	Halpathota Central	gnd	505	17	356	21	21	7	1
LK-3127015	Halpathota	Halpathota	gnd	198	10	0	0	1	0	0
LK-3127020	Baddegama Town	Baddegama Town	gnd	263	4	17	2	3	0	0
LK-3127025	Baddegama North	Baddegama North	gnd	143	0	131	5	8	0	0
LK-3127030	Nayapamula	Nayapamula	gnd	95	2	115	3	1	0	0
LK-3127035	Kotagoda	Kotagoda	gnd	182	13	10	0	0	0	0
LK-3127040	Hemmeliya	Hemmeliya	gnd	145	9	145	19	1	0	0
LK-3127045	Ellakanda Wathurawa	Ellakanda Wathurawa	gnd	53	6	200	34	6	0	0
LK-3127050	Baddegama East	Baddegama East	gnd	134	1	130	12	7	0	0
LK-3127055	Yahaladoowa	Yahaladoowa	gnd	167	13	0	1	3	0	0
LK-3127060	Baddegama South	Baddegama South	gnd	598	19	115	6	10	1	0
LK-3127065	Gothatuwa	Gothatuwa	gnd	251	2	28	7	1	0	0
LK-3127070	Majuwana	Majuwana	gnd	44	0	127	0	3	0	0
LK-3127075	Weweldeniya	Weweldeniya	gnd	68	5	65	5	3	0	0
LK-3127080	Keradewala	Keradewala	gnd	132	4	47	4	2	0	0
LK-3127085	Madoldoowa	Madoldoowa	gnd	158	6	1	1	0	0	0
LK-3127090	Bataketiya	Bataketiya	gnd	49	0	96	4	5	0	0
LK-3127095	Ganegama North	Ganegama North	gnd	200	5	83	4	5	0	0
LK-3127100	Sandarawala	Sandarawala	gnd	188	2	21	2	3	1	0
LK-3127105	Boralukada	Boralukada	gnd	115	3	88	11	6	0	0
LK-3127110	Mahahengoda	Mahahengoda	gnd	286	11	41	3	0	0	0
LK-3127115	Mahalapitiya	Mahalapitiya	gnd	187	4	110	9	13	0	0
LK-3127120	Mahalapitiya	Pilagoda	gnd	42	2	83	3	9	0	1
LK-3127125	Thilaka Udagama	Thilaka Udagama	gnd	27	0	88	6	8	0	2
LK-3127130	Ganegama East	Ganegama East	gnd	370	4	142	9	1	0	0
LK-3127135	Thilaka Udagama	Ganegama South	gnd	244	4	56	20	5	0	0
LK-3127140	Pilagoda	Ganegama West	gnd	47	6	172	13	5	0	0
LK-3127145	Ganegama East	Lelkada	gnd	213	12	11	0	0	0	0
LK-3127150	Ganegama South	Ginimellagaha West	gnd	247	1	175	23	15	0	0
LK-3127155	Ganegama West	Ginimellagaha East	gnd	290	15	21	10	4	0	0
LK-3127160	Lelkada	Dodangoda	gnd	103	1	0	2	5	0	0
LK-3127165	Ginimellagaha West	Keembiela	gnd	307	14	114	10	1	0	0
LK-3127170	Ginimellagaha East	Kasideniya	gnd	141	8	179	5	2	1	0
LK-3127175	Dodangoda	Warakapitikanda	gnd	54	0	79	2	3	0	1
LK-3127180	Thelikada	Pahala Keembiya	gnd	67	0	84	7	2	0	0
LK-3127185	Walpita North	Walpita North	gnd	275	13	146	0	0	0	0
LK-3127190	Keembiela	Thelikada	gnd	330	5	0	0	0	0	0
LK-3127195	Kohombanadeniya	Ginimellagaha South	gnd	147	9	96	11	12	0	0
LK-3127200	Kasideniya	Pituwalgoda	gnd	77	0	70	2	4	0	0
LK-3127205	Thelikada Nagaraya	Thelikada Nagaraya	gnd	54	0	81	7	2	0	0
LK-3127210	Balagoda	Balagoda	gnd	113	10	161	4	0	1	2
LK-3127215	Adurathvila	Adurathvila	gnd	577	6	70	8	0	0	0
LK-3127220	Kohombanadeniya	Kohombanadeniya	gnd	212	4	258	19	13	1	1
LK-3127225	Walpita South	Walpita South	gnd	143	2	185	21	2	1	0
LK-3127230	Gonapura	Gonapura	gnd	109	3	189	29	16	0	0
LK-3127235	Horagampita Central	Horagampita Central	gnd	229	2	27	5	9	0	0
LK-3127240	Horagampita	Horagampita	gnd	189	0	4	9	5	0	0
LK-3128005	Weihena	Weihena	gnd	226	8	181	16	17	9	0
LK-3128010	Indurupathvila	Indurupathvila	gnd	84	0	199	3	10	0	0
LK-3128015	Polgahavila	Polgahavila	gnd	28	0	169	15	11	0	0
LK-3128020	Kumbalamalahena	Kumbalamalahena	gnd	184	2	1	3	5	1	1
LK-3128025	Ihala Lelwala	Ihala Lelwala	gnd	299	5	56	0	0	0	0
LK-3128030	Pahala Lelwala	Pahala Lelwala	gnd	369	6	0	4	3	0	0
LK-3128035	Kirindalahena	Kirindalahena	gnd	126	3	27	10	11	0	0
LK-3128040	Kokawala	Kokawala	gnd	55	5	247	73	4	1	0
LK-3128045	Panvila	Panvila	gnd	241	17	16	1	0	0	0
LK-3128050	Wanduramba	Wanduramba	gnd	229	3	112	12	6	0	1
LK-3128055	Gulugahakanda	Gulugahakanda	gnd	195	30	94	10	5	0	0
LK-3128060	Thalawa	Thalawa	gnd	204	1	1	2	0	0	0
LK-3128065	Mabotuwana	Mabotuwana	gnd	333	4	192	23	23	4	0
LK-3128070	Wanduramba South	Wanduramba South	gnd	243	15	77	10	12	4	0
LK-3128075	Deiyandara	Deiyandara	gnd	283	38	50	25	2	0	0
LK-3128080	Meda Keembiya	Meda Keembiya	gnd	150	5	273	37	17	0	1
LK-3128085	Pitiharawa	Pitiharawa	gnd	105	8	223	24	13	0	0
LK-3128090	Thiruwanaketiya	Thiruwanaketiya	gnd	79	12	159	12	2	0	0
LK-3128095	Nattewela	Nattewela	gnd	230	4	178	5	6	0	0
LK-3128100	Meda Keembiya East	Meda Keembiya East	gnd	263	8	136	24	8	0	0
LK-3128105	Ihala Keembiya South	Ihala Keembiya South	gnd	315	13	172	11	8	0	2
LK-3128110	Ihala Keembiya	Ihala Keembiya	gnd	168	7	314	5	5	0	0
LK-3130005	Ethkandura	Ethkandura	gnd	364	11	208	15	5	17	0
LK-3130010	Old Colony	Old Colony	gnd	198	11	209	15	14	19	0
LK-3130015	Thanabaddegama	Thanabaddegama	gnd	94	3	217	20	5	0	2
LK-3130020	Maddevila	Maddevila	gnd	219	1	137	33	0	0	0
LK-3130025	Miriswatta	Miriswaththa	gnd	68	1	136	8	2	0	0
LK-3130030	Nambara Atta	Nambara Atta	gnd	80	0	221	7	3	0	0
LK-3130035	Divithura East	Divithura East	gnd	200	7	279	18	13	0	0
LK-3130040	Polgahavila	Polgahavila	gnd	267	6	143	3	5	0	0
LK-3130045	Divithura	Divithura	gnd	272	1	162	12	16	0	0
LK-3130050	Ampegama	Ampegama	gnd	831	13	278	16	8	0	0
LK-3130055	Hamingala	Hamingala	gnd	165	2	174	8	18	0	0
LK-3130060	Nugethota	Nugethota	gnd	183	2	224	13	5	0	1
LK-3130065	Agaliya	Agaliya	gnd	265	9	114	15	6	0	0
LK-3130070	Divithura South	Divithura South	gnd	313	4	216	18	12	0	0
LK-3130075	Galahenkanda	Galahenkanda	gnd	294	1	277	19	16	0	0
LK-3130080	Kuttiyawatta	Kuttiyawaththa	gnd	7	1	137	1	7	0	0
LK-3130085	Pathawelivitiya North	Pathaweliwitiya North	gnd	61	4	246	5	5	0	0
LK-3130090	Waduwelivitiya North	Waduwelivitiya North	gnd	198	0	164	2	2	0	0
LK-3130095	Pathawelivitiya	Pathaweliwitiya	gnd	78	1	136	8	5	0	1
LK-3130100	Waduwelivitiya	Waduwelivitiya South	gnd	102	3	181	8	2	0	0
LK-3133005	Heppumulla	Heppumulla	gnd	220	2	47	3	1	0	0
LK-3133010	Patabendimulla	Patabedimulla	gnd	461	1	8	0	1	0	1
LK-3133015	Karittakanda	Karittakanda	gnd	336	3	8	0	0	0	0
LK-3133020	Kaluwadumulla	Kaluwadumulla	gnd	370	0	1	0	0	0	0
LK-3133025	Okanda	Okanda	gnd	158	15	0	1	0	0	0
LK-3133030	Keraminiya	Keraminiya	gnd	453	16	17	3	1	0	0
LK-3133035	Polwatta	Polwatta	gnd	406	8	17	0	1	0	0
LK-3133040	Thalgasgoda	Thalgasgoda	gnd	653	9	164	15	5	0	0
LK-3133045	Thilakapura	Thilakapura	gnd	499	6	339	31	7	0	1
LK-3133050	Thanipolgahalanga	Thanipolgahalanga	gnd	113	0	204	19	2	0	0
LK-3133055	Batapola Central	Batapola Central	gnd	807	22	500	30	14	0	0
LK-3133060	Kondagala	Kondagala	gnd	157	11	208	15	16	0	0
LK-3133065	Batapola North	Batapola North	gnd	423	11	221	21	6	0	0
LK-3133070	Kobeithuduwa	Kobeithuduwa	gnd	462	0	78	2	0	0	2
LK-3133075	Godahena	Godahena	gnd	394	14	86	10	3	0	0
LK-3133080	Poramba	Poramba	gnd	404	7	39	3	0	0	0
LK-3133085	Vilegoda	Vilegoda	gnd	425	1	2	0	0	0	0
LK-3133090	Paniyandoowa	Paniyandoowa	gnd	329	5	70	17	9	0	0
LK-3133095	Hirewatta	Hirewatta	gnd	287	4	5	1	0	0	0
LK-3133100	Maha Ambalangoda	Maha Ambalangoda	gnd	409	0	64	3	1	0	0
LK-3133105	Batadoowa	Batadoowa	gnd	127	7	214	23	22	0	0
LK-3133110	Batapola West	Batapola West	gnd	194	1	210	9	4	0	0
LK-3133115	Batapola South	Batapola South	gnd	313	4	94	6	4	0	0
LK-3133120	Dorala	Dorala	gnd	247	13	96	16	12	0	0
LK-3133125	Batapola East	Batapola East	gnd	483	12	119	14	6	0	1
LK-3133130	Polhunnawa	Polhunnawa	gnd	268	11	226	52	13	0	0
LK-3133135	Nawagama	Nawagama	gnd	112	2	280	79	0	0	0
LK-3133140	Nindana	Nindana	gnd	176	0	223	21	5	0	0
LK-3133145	Lewdoowa	Lewdoowa	gnd	163	2	160	26	9	0	0
LK-3133150	Udakerewa	Udakerewa	gnd	288	10	134	19	2	0	0
LK-3133155	Domanvila	Domanvila	gnd	103	0	102	7	5	0	0
LK-3133160	Diddeliya	Diddeliya	gnd	439	16	21	12	3	0	0
LK-3133165	Eranavila	Eranavila	gnd	277	11	119	3	0	0	0
LK-3133170	Meetiyagoda	Meetiyagoda	gnd	487	10	82	9	1	0	1
LK-3133175	Metiwala	Metiwala	gnd	130	3	101	4	3	0	1
LK-3133180	Walakada	Walakada	gnd	91	2	121	4	0	0	0
LK-3134005	Karuwalabedda	Karuwalabedda	gnd	64	9	112	10	2	0	0
LK-3134010	Manampita	Manampita	gnd	259	5	170	4	9	0	0
LK-3134015	Dangaragaha Udumulla	Dangaragaha Udumulla	gnd	85	1	55	7	14	0	0
LK-3134020	Banwelgodella	Banwelgodella	gnd	200	15	76	17	8	0	0
LK-3134025	Eriyagahamulla	Iriyagahamulla	gnd	36	3	52	3	0	0	0
LK-3134030	Aluthwala	Aluthwala	gnd	148	4	154	10	7	0	0
LK-3134035	Mahagangoda	Mahagangoda	gnd	106	7	122	21	6	0	0
LK-3134040	Kirindiela	Kirindiela	gnd	147	2	190	7	17	0	1
LK-3134045	Thilakagama	Thilakagama	gnd	172	13	184	26	9	0	2
LK-3134050	Henagoda	Henagoda	gnd	171	3	124	19	10	0	0
LK-3134055	Gonapeenuwala Central	Gonapeenuwala Central	gnd	463	14	192	5	11	0	0
LK-3134060	Woodland Watta	Woodland Watta	gnd	224	6	252	7	14	0	0
LK-3134065	Berathuduwa	Berathuduwa	gnd	105	17	24	9	0	0	1
LK-3134070	Hikkaduwa East	Hikkaduwa East	gnd	234	5	118	17	17	0	0
LK-3134075	Arachchikanda	Arachchikanda	gnd	695	3	129	6	3	0	1
LK-3134080	Gonapeenuwala East	Gonapeenuwala East	gnd	207	6	105	14	5	0	0
LK-3134085	Gonapeenuwala West	Gonapeenuwala West	gnd	198	0	176	14	8	0	0
LK-3134090	Dodamkahavila	Dodankahavila	gnd	306	5	172	6	8	0	0
LK-3134095	Kaluwagaha Colony	Kaluwagaha Janapadaya	gnd	35	4	71	17	6	0	0
LK-3135005	Urawatta	Urawatta	gnd	189	10	44	7	5	0	0
LK-3135010	Dewagoda West	Dewagoda West	gnd	90	2	54	1	11	0	0
LK-3135015	Dewagoda East	Dewagoda East	gnd	235	9	83	16	3	2	0
LK-3135020	Deldoowa	Deldoowa	gnd	76	0	19	0	1	0	0
LK-3135025	Idanthota	Idanthota	gnd	199	2	262	18	16	0	4
LK-3135030	Kuleegoda West	Kuleegoda West	gnd	111	1	88	7	9	0	0
LK-3135035	Galagoda East	Galagoda East	gnd	535	15	171	0	5	0	0
LK-3135040	Galagoda West	Galagoda West	gnd	81	5	113	13	7	0	0
LK-3135045	Kuleegoda East	Kuleegoda East	gnd	153	1	48	17	2	0	0
LK-3135050	Wellabada	Wellabada	gnd	280	11	18	1	4	0	0
LK-3135055	Usmudulawa	Usmudulawa	gnd	290	15	74	10	4	0	0
LK-3135060	wenamulla	wenamulla	gnd	266	0	0	0	1	1	0
LK-3135065	Dimbuldoowa	Dimbuldoowa	gnd	121	4	108	8	23	0	0
LK-3135070	Andurangoda	Andurangoda	gnd	82	3	136	12	21	0	0
LK-3135075	Galdoowa	Galdoowa	gnd	205	2	0	0	4	1	1
LK-3135080	Akurala	Akurala	gnd	170	3	63	3	9	0	0
LK-3135085	Akurala North	Akurala North	gnd	39	0	23	2	0	0	0
LK-3135090	Akurala South	Akurala South	gnd	34	1	37	0	2	0	0
LK-3135095	Uduwaragoda North	Uduwaragoda North	gnd	44	7	82	1	2	0	0
LK-3135100	Uduwaragoda South	Uduwaragoda South	gnd	133	7	0	2	0	0	0
LK-3135105	Kahawa	Kahawa	gnd	207	0	191	12	7	0	0
LK-3135110	Weragoda	Weragoda	gnd	219	3	47	6	5	0	0
LK-3135115	Delmar Colony	Delmar Colony	gnd	35	0	91	1	6	0	2
LK-3135120	Harannagala	Harannagala	gnd	85	1	0	0	0	0	0
LK-3135125	Godagama South	Godagama South	gnd	90	5	0	0	0	0	0
LK-3135130	Godagama North	Godagama North	gnd	55	7	45	2	3	0	0
LK-3135135	Daluwathumulla	Daluwathumulla	gnd	51	1	76	7	3	0	0
LK-3135140	Thelwatta	Thelwatta	gnd	177	1	78	2	7	0	0
LK-3135145	Pereliya North	Pereliya North	gnd	92	2	45	13	2	0	0
LK-3135150	Pereliya South	Pereliya South	gnd	50	1	24	1	1	0	0
LK-3135155	Seenigama	Seenigama	gnd	53	0	65	1	4	1	0
LK-3135160	seenigama East	seenigama East	gnd	127	6	36	8	0	0	0
LK-3135165	Malawenna	Malawenna	gnd	446	8	22	10	4	0	1
LK-3135170	Kalupe	Kalupe	gnd	126	2	247	44	15	0	1
LK-3135175	Udumulla	Udumulla	gnd	304	20	130	13	23	0	0
LK-3135180	Medagoda	Medagoda	gnd	220	3	0	0	1	0	1
LK-3135185	Werellana	Werellana	gnd	104	0	7	1	3	0	0
LK-3135190	Thotagamuwa	Thotagamuwa	gnd	230	6	2	37	4	0	0
LK-3136005	Wellawatta	Wellawatta	gnd	205	3	83	5	7	0	0
LK-3136010	Nakanda	Nakanda	gnd	86	2	61	7	2	0	0
LK-3136015	Hikkaduwa Central	Hikkaduwa Central	gnd	241	0	109	3	6	0	0
LK-3136020	Hikkaduwa West	Hikkaduwa West	gnd	211	7	133	32	3	0	0
LK-3136025	Hikkaduwa Nagarikaya	Hikkaduwa Nagarikaya	gnd	248	13	39	3	2	0	0
LK-3136030	Wavulagoda West	Wavulagoda West	gnd	127	7	4	0	1	0	0
LK-3136035	Wavulagoda East	Wavulagoda East	gnd	128	2	51	10	2	0	0
LK-3136040	Nalagasdeniya	Nalagasdeniya	gnd	248	10	75	34	8	0	0
LK-3136045	Millagoda	Millagoda	gnd	95	3	71	22	8	0	0
LK-3136050	Wewala	Wewala	gnd	96	2	32	7	1	0	0
LK-3136055	Pannamgoda	Pannamgoda	gnd	142	0	49	3	0	0	0
LK-3136060	Narigama Wellabada	Narigama Wellabada	gnd	277	9	82	9	4	0	0
LK-3136065	Narigama	Narigama	gnd	62	1	34	2	0	0	0
LK-3136070	Kuda Wewala	Kuda Wewala	gnd	206	6	54	10	13	0	0
LK-3136075	Delgahadoowa	Delgahadoowa	gnd	184	7	138	12	9	0	0
LK-3136080	Katukoliha	Katukoliha	gnd	203	6	80	9	4	0	1
LK-3136085	Thiranagama	Thiranagama	gnd	130	4	61	3	9	0	0
LK-3136090	Thiranagama Wellabada	Thiranagama Wellabada	gnd	127	0	28	0	0	0	0
LK-3136095	Patuwatha	Patuwatha	gnd	247	4	40	14	10	0	0
LK-3136100	Gammaduwatta	Gammaduwatta	gnd	188	6	82	13	0	0	0
LK-3136105	Hennathota	Hennathota	gnd	189	4	113	23	10	0	0
LK-3136110	Pinkanda	Pinkanda	gnd	238	2	52	3	4	0	0
LK-3136115	Handaudumulla	Handaudumulla	gnd	230	10	148	25	5	0	0
LK-3136120	Dodandugoda	Dodandugoda	gnd	153	11	123	16	9	0	1
LK-3136125	Modara Patuwatha	Modara Patuwatha	gnd	230	1	201	29	13	0	1
LK-3136130	Dodandoowa	Dodandoowa	gnd	243	22	45	14	6	0	1
LK-3136135	Uduhalpitiya	Uduhalpitiya	gnd	95	12	79	41	3	0	1
LK-3137005	Thotavila	Thotavila	gnd	159	4	249	25	13	0	2
LK-3137010	Mawadavila	Mawadavila	gnd	330	2	141	10	6	0	0
LK-3137015	Panvila Pahalagoda	Panvila Pahalagoda	gnd	597	5	180	20	18	0	0
LK-3137020	Imbula	Imbula	gnd	352	10	112	19	2	0	2
LK-3137025	Katudampe	Katudampe	gnd	235	6	106	1	4	0	0
LK-3137030	Karawegoda	Karawegoda	gnd	146	3	0	0	1	0	0
LK-3137035	Devinigoda	Devinigoda	gnd	335	20	3	1	2	0	0
LK-3137040	Bopagoda	Bopagoda	gnd	281	1	222	9	23	0	0
LK-3137045	Kandegoda	Kandegoda	gnd	221	4	0	3	4	0	0
LK-3137050	Ranapanadeniya	Ranapanadeniya	gnd	384	6	44	0	11	0	0
LK-3137055	Rejjipura	Rejjipura	gnd	188	0	284	59	35	0	1
LK-3137060	Medawala	Medawala	gnd	32	0	78	6	6	0	0
LK-3137065	Maliduwa	Maliduwa	gnd	112	0	138	14	1	0	0
LK-3137070	Palanthriyagoda	Palanthriyagoda	gnd	86	0	69	5	6	0	0
LK-3137075	Ganegoda	Ganegoda	gnd	331	7	138	18	5	0	0
LK-3137080	Rathgama Hegoda	Rathgama Hegoda	gnd	144	1	44	3	1	0	0
LK-3137085	Palliyapitiya	Palliyapitiya	gnd	161	36	15	13	8	0	0
LK-3137090	Gammeddegoda	Gammeddegoda	gnd	109	0	93	13	17	0	0
LK-3137095	Gammeddegoda East	Gammeddegoda East	gnd	112	4	1	0	2	0	0
LK-3137100	Gammeddegoda-Rajgama	Gammeddegoda-Rajgama	gnd	89	2	37	7	6	0	1
LK-3137105	Owakanda	Owakanda	gnd	104	0	121	24	6	0	0
LK-3137110	Kapumulugoda	Kapumulugoda	gnd	492	13	125	21	34	0	3
LK-3137115	Rathna Udagama	Rathna Udagama	gnd	238	5	8	0	18	0	0
LK-3137120	Mahahegoda	Mahahegoda	gnd	227	1	96	2	3	0	0
LK-3137125	Hegoda	Hegoda	gnd	263	6	60	6	13	0	1
LK-3137130	Kedala	Kedala	gnd	227	2	135	7	10	0	1
LK-3137135	Rupeewala	Rupeewala	gnd	175	2	66	2	5	0	0
LK-3137140	Dolikanda	Dolikanda	gnd	96	0	113	13	14	0	0
LK-3137145	Boossa	Boossa	gnd	292	3	92	28	7	0	0
LK-3137150	Kadurupe	Kadurupe	gnd	341	1	62	14	6	0	0
LK-3137155	Pitiwella South	Pitiwella South	gnd	73	3	51	8	1	0	1
LK-3137160	Pitiwella North	Pitiwella North	gnd	151	8	47	8	2	0	0
LK-3139005	Ukwatta East	Ukwatta East	gnd	186	3	1	1	0	0	0
LK-3139010	Ukwatta West	Ukwatta West	gnd	258	5	30	1	1	0	0
LK-3139015	Maha Hapugala	Maha Hapugala	gnd	651	6	248	36	5	0	0
LK-3139020	Kurunduwatta	Kurunduwatta	gnd	900	12	147	10	0	0	0
LK-3139025	Welipitimodara	Welipitimodara	gnd	758	18	33	7	5	0	4
LK-3139030	Ginthota West	Ginthota West	gnd	285	7	54	0	0	0	0
LK-3139035	Ginthota East	Ginthota East	gnd	209	1	114	13	5	0	0
LK-3139040	Piyadigama	Piyadigama	gnd	481	5	166	22	3	0	0
LK-3139045	Bope North	Bope North	gnd	274	3	40	4	1	0	0
LK-3139050	Bope East	Bope  East	gnd	595	10	0	10	0	0	0
LK-3139055	Kumbalwella North	Kumbalwella North	gnd	205	10	31	5	3	0	0
LK-3139060	Madawalamulla North	Madawalamulla North	gnd	964	10	77	17	5	0	1
LK-3139065	Madawalamulla South	Madawalamulla South	gnd	325	0	15	4	1	0	0
LK-3139070	Deddugoda North	Deddugoda North	gnd	720	4	13	3	1	0	0
LK-3139075	Deddugoda South	Deddugoda South	gnd	701	11	0	0	1	0	0
LK-3139080	Maitipe	Maitipe	gnd	469	0	62	8	0	0	0
LK-3139085	Welipatha	Welipatha	gnd	601	6	20	0	2	0	0
LK-3139090	Maligaspe	Maligaspe	gnd	226	2	51	4	0	0	0
LK-3139095	Dangedara East	Dangedara East	gnd	710	19	14	1	4	0	0
LK-3139100	Dangedara West	Dangedara West	gnd	560	7	15	2	1	0	1
LK-3139105	Bataganvila	Bataganvila	gnd	376	1	0	0	0	0	0
LK-3139110	Galwadugoda	Galwadugoda	gnd	742	14	45	4	5	0	0
LK-3139115	Richmond Kanda	Richmond Kanda	gnd	254	8	2	0	0	0	0
LK-3139120	Bope West	Bope West	gnd	609	15	41	3	2	0	0
LK-3139125	Siyambalagahawatta	Siyambalagahawatta	gnd	363	7	201	10	7	0	1
LK-3139130	Dadalla East	Dadalla East	gnd	292	0	7	0	0	0	0
LK-3139135	Dadalla West	Dadalla West	gnd	404	10	39	7	5	0	0
LK-3139140	Walawwatta	Walawwatta	gnd	398	5	15	0	0	0	1
LK-3139145	Kumbalwella South	Kumbalwella South	gnd	567	15	1	0	3	0	2
LK-3139150	Mahamodara	Mahamodara	gnd	300	9	1	3	0	0	0
LK-3139155	Osanagoda	Osanagoda	gnd	380	5	42	11	0	0	0
LK-3139160	Kandewatta	Kandewatta	gnd	668	12	7	4	1	0	0
LK-3139165	Sanghamittapura	Sanghamittapura	gnd	238	2	2	0	0	0	0
LK-3139170	Madapathala	Madapathala	gnd	433	3	98	7	1	0	0
LK-3139175	Pokunawatta	Pokunawatta	gnd	163	3	49	10	4	0	0
LK-3139180	Milidduwa	Milidduwa	gnd	835	16	67	6	3	0	0
LK-3139185	Ettiligoda South	Ettiligoda South	gnd	662	8	135	10	10	0	0
LK-3139190	Makuluwa	Makuluwa	gnd	1135	31	40	10	6	0	0
LK-3139195	Pettigalawatta	Pettigalawatta	gnd	304	18	1	0	2	0	0
LK-3139200	Thalapitiya	Thalapitiya	gnd	1213	29	22	0	5	0	0
LK-3139205	Kongaha	Kongaha	gnd	290	4	3	2	0	0	1
LK-3139210	Weliwatta	Weliwatta	gnd	456	14	3	2	1	24	1
LK-3139215	Minuwangoda	Minuwangoda	gnd	52	0	1	0	0	10	0
LK-3139220	Kaluwella	Kaluwella	gnd	273	5	20	4	0	0	0
LK-3139225	Cheena Koratuwa	Cheena Koratuwa	gnd	170	1	0	0	1	11	0
LK-3139230	Fort	Fort	gnd	151	3	0	0	0	0	0
LK-3139235	Magalla	Magalle	gnd	468	17	4	0	1	0	0
LK-3139240	Dewathura	Dewathura	gnd	260	9	70	17	5	0	0
LK-3139245	Katugoda	Katugoda	gnd	728	47	68	5	0	0	0
LK-3139250	Dewata	Dewata	gnd	204	1	23	0	0	0	0
LK-3142005	Poddala	Poddala	gnd	118	2	59	3	0	0	0
LK-3142010	Pannamaga	Pannamaga	gnd	240	13	46	7	1	0	0
LK-3142015	Mulana West	Mulana West	gnd	195	2	0	3	0	0	0
LK-3142020	Mulana East	Mulana East	gnd	168	1	1	0	0	0	0
LK-3142025	Panvila	Panvila	gnd	286	2	75	5	1	0	0
LK-3142030	Narawala	Narawala	gnd	110	6	33	2	1	0	0
LK-3142035	Walawatta	Walawatta	gnd	96	1	155	8	3	0	1
LK-3142040	Magadeniya	Magadeniya	gnd	290	13	205	5	1	0	0
LK-3142045	Baswatta	Baswatta	gnd	43	1	227	3	1	0	0
LK-3142050	Addaragoda	Addaragoda	gnd	193	1	44	6	1	0	0
LK-3142055	Meepawala	Meepawala	gnd	300	5	21	1	0	0	0
LK-3142060	Penideniya	Penideniya	gnd	193	3	0	0	1	0	0
LK-3142065	Opatha	Opatha	gnd	294	0	0	0	0	0	0
LK-3142070	Wakwella	Wakwella	gnd	527	5	0	0	1	0	0
LK-3142075	Niladeniya	Niladeniya	gnd	571	10	53	5	3	0	0
LK-3142080	Hapugala	Hapugala	gnd	341	4	102	18	0	0	0
LK-3142085	Beraliyadola	Beraliyadola	gnd	453	4	72	4	2	0	0
LK-3142090	Silvagewatta	Silvagewatta	gnd	184	0	0	8	2	0	0
LK-3142095	Uluvitike	Uluvitike	gnd	287	3	38	2	0	0	0
LK-3142100	Holuwagoda	Holuwagoda	gnd	285	1	5	1	3	0	0
LK-3142105	Labudoowa	Labudoowa	gnd	344	1	12	3	0	0	0
LK-3142110	Kurunda Kanda	Kurunda Kanda	gnd	234	36	0	0	0	0	0
LK-3142115	Kurunda	Kurunda	gnd	122	0	74	3	4	0	0
LK-3142120	Thotagoda	Thotagoda	gnd	221	0	0	0	1	0	0
LK-3142125	Galketiya	Galketiya	gnd	264	1	80	2	1	0	0
LK-3142130	Godakanda	Godakanda	gnd	454	3	36	1	1	1	0
LK-3142135	Bangalawatta	Bangalawatta	gnd	237	0	10	1	1	0	1
LK-3142140	Bokaramullagoda	Bokaramullagoda	gnd	207	5	45	1	1	0	0
LK-3142145	Thunhiripana	Thunhiripana	gnd	488	14	0	7	6	2	0
LK-3142150	Abeysundarawatta	Abeysundarawatta	gnd	406	4	40	2	0	0	1
LK-3142155	Watareka East	Watareka  East	gnd	689	6	41	3	3	0	0
LK-3142160	Pelawatta	Pelawatta	gnd	299	4	66	23	1	0	0
LK-3142165	Mampitiya	Mampitiya	gnd	348	4	95	5	2	0	0
LK-3142170	Kalegana South	Kalegana South	gnd	265	7	3	1	0	1	0
LK-3142175	Kalegana North	Kalegana North	gnd	264	1	58	0	0	0	0
LK-3142180	Kithulampitiya	Kithulampitiya	gnd	469	15	70	5	4	0	0
LK-3142185	Kahadoowawatta	Kahaduwawatta	gnd	277	5	0	1	0	0	0
LK-3142190	Navinna	Navinna	gnd	264	3	38	1	1	0	0
LK-3142195	Hirimburagama	Hirimburagama	gnd	359	14	78	6	6	0	0
LK-3142200	Karapitiya	Karapitiya	gnd	522	12	2	0	0	0	2
LK-3142205	Ambagahawatta	Ambagahawatta	gnd	258	8	61	7	1	0	0
LK-3142210	Kapuhempala	Kapuhempala	gnd	335	2	80	2	4	0	0
LK-3142215	Kerenvila	Kerenvila	gnd	178	14	0	0	2	0	3
LK-3142220	Paliwathugoda	Paliwathugoda	gnd	337	9	11	4	1	0	0
LK-3145005	Thalgasyaya	Thalgasyaya	gnd	259	1	232	4	7	1	0
LK-3145010	Niyagama	Niyagama	gnd	348	27	0	0	0	0	0
LK-3145015	Ambagahavila	Ambagahavila	gnd	124	5	210	17	14	0	1
LK-3145020	Ihalagoda East	Ihalagoda East	gnd	790	9	307	24	20	0	0
LK-3145025	Amalgama	Amalgama	gnd	153	7	200	17	5	0	0
LK-3145030	Ketandola	Ketandola	gnd	198	30	0	1	1	0	0
LK-3145035	Hiyare North	Hiyare North	gnd	51	1	203	3	10	0	3
LK-3145040	Kandahena	Kandahena	gnd	140	3	0	2	0	0	0
LK-3145045	Welihena	Welihena	gnd	15	0	191	1	9	0	0
LK-3145050	Kadurugashena	Kadurugashena	gnd	81	1	259	23	16	0	1
LK-3145055	Hiyare East	Hiyare East	gnd	164	15	171	14	4	0	0
LK-3145060	Ihala Hiyare	Ihala Hiyare	gnd	401	15	19	1	4	0	0
LK-3145065	Hiyare South	Hiyare South	gnd	150	8	105	7	1	0	0
LK-3145070	Etambagasmulla	Etambagasmulla	gnd	191	32	0	0	0	0	0
LK-3145075	Ihalagoda Colony	Ihalagoda Colony	gnd	74	0	310	22	32	0	2
LK-3145080	Ihalagoda South	Ihalagoda South	gnd	405	2	68	6	6	0	0
LK-3145085	Ihalagoda West	Ihalagoda West	gnd	285	8	59	6	3	0	1
LK-3145090	Akmeemana	Akmeemana	gnd	259	0	44	1	1	0	0
LK-3145095	Ganegoda	Ganegoda	gnd	216	3	64	13	4	0	0
LK-3145100	Ganegoda West	Ganegoda West	gnd	146	4	53	1	1	0	2
LK-3145105	Kirindagoda	Kirindagoda	gnd	157	1	1	1	0	0	0
LK-3145110	Badungoda Colony	Badungoda Colony	gnd	91	5	115	1	2	0	0
LK-3145115	Badungoda	Badungoda	gnd	273	8	35	1	3	0	0
LK-3145120	Pinnadoowa Colony	Pinnadoowa Colony	gnd	169	6	165	15	0	0	0
LK-3145125	Weliketiya	Weliketiya	gnd	252	20	0	0	0	0	0
LK-3145130	Halgasmulla	Halgasmulla	gnd	82	5	268	17	29	0	3
LK-3145135	Amukotuwa	Amukotuwa	gnd	434	3	122	6	12	0	0
LK-3145140	Nivithipitigoda	Nivithipitigoda	gnd	184	9	109	8	12	0	0
LK-3145145	Thalahitiyawa	Thalahitiyawa	gnd	124	5	223	45	17	0	0
LK-3145150	Ankokkawala	Ankokkawala	gnd	328	14	125	4	4	0	0
LK-3145155	Pinnadoowa	Pinnadoowa	gnd	707	10	0	4	5	0	0
LK-3145160	Manavila	Manavila	gnd	352	11	48	16	3	0	1
LK-3145165	Walahanduwa	Walahanduwa	gnd	486	23	57	17	13	3	0
LK-3145170	Yakgaha	Yakgaha	gnd	148	1	103	13	5	0	0
LK-3145175	Meegoda	Meegoda	gnd	132	5	211	12	27	0	1
LK-3145180	Pilana	Pilana	gnd	322	5	214	19	8	0	2
LK-3145185	Pedinnoruwa	Pedinnoruwa	gnd	268	8	0	0	0	0	0
LK-3145190	Melegoda	Melegoda	gnd	385	8	95	12	5	0	0
LK-3145195	Bambaragoda	Bambaragoda	gnd	558	15	112	20	5	0	0
LK-3145200	Anangoda	Anangoda	gnd	357	30	0	0	1	0	0
LK-3145205	Hinidumgoda	Hinidumgoda	gnd	232	8	129	2	0	0	0
LK-3145210	Kerenvila Colony	Kerenvila Colony	gnd	110	7	188	32	4	0	0
LK-3145215	Haliwala	Haliwala	gnd	473	4	258	22	17	0	0
LK-3145220	Ettiligoda North	Ettiligoda North	gnd	231	5	40	0	0	0	0
LK-3145225	Ambalanwatta	Ambalanwatta	gnd	329	6	28	13	1	0	0
LK-3145230	Jambuketiya	Jambuketiya	gnd	101	1	135	14	5	0	0
LK-3145235	Batadoowa	Batadoowa	gnd	320	2	189	27	7	0	0
LK-3145240	Kaduruduwa	Kaduruduwa	gnd	327	13	118	6	10	0	1
LK-3145245	Panagamuwa	Panagamuwa	gnd	283	1	1	1	0	0	0
LK-3145250	Galgamuwa	Galgamuwa	gnd	219	5	134	12	9	0	1
LK-3145255	Divulana Colony	Divulana Colony	gnd	121	2	68	19	13	0	0
LK-3145260	Handugoda	Handugoda	gnd	57	4	208	23	5	0	0
LK-3145265	Kalahe	Kalahe	gnd	255	0	0	0	0	0	0
LK-3145270	Wanchawala	Wanchawala	gnd	246	1	40	3	1	0	0
LK-3145275	Attaragoda	Attaragoda	gnd	211	4	0	3	2	0	1
LK-3145280	Nugadoowa	Nugadoowa	gnd	458	13	113	30	3	0	0
LK-3145285	Batadoowa West	Batadoowa West	gnd	331	33	0	1	1	0	0
LK-3145290	Thalpegoda	Thalpegoda	gnd	127	3	63	0	0	0	0
LK-3145295	Yatagama	Yatagama	gnd	193	6	0	0	0	0	1
LK-3145300	Rathkindagoda	Rathkindagoda	gnd	190	3	98	6	5	0	0
LK-3145305	Metaramba	Metaramba	gnd	353	4	23	2	1	0	0
LK-3145310	Thalpe North	Thalpe North	gnd	184	2	1	0	2	0	0
LK-3145315	Nagahawatta	Nagahawatta	gnd	171	6	0	0	3	0	1
LK-3148005	Nawala	Nawala	gnd	278	15	2	0	8	2	2
LK-3148010	Thellambura North	Thellambura North	gnd	124	0	27	2	4	0	0
LK-3148015	Nakiyadeniya	Nakiyadeniya	gnd	456	28	212	15	9	1	0
LK-3148020	Nakiyadeniya North	Nakiyadeniya North	gnd	84	11	133	67	4	0	0
LK-3148025	Wattehena	Wattehena	gnd	1	2	154	16	7	0	1
LK-3148030	Wathogala	Wathogala	gnd	78	6	203	12	6	0	0
LK-3148035	Moraketiya	Moraketiya	gnd	90	1	315	30	10	0	0
LK-3148040	Gahalakoladeniya	Gahalakoladeniya	gnd	306	12	1	2	10	0	1
LK-3148045	Udumalagala	Udumalagala	gnd	129	9	152	2	3	0	0
LK-3148050	Ihala Nakiyadeniya	Ihala Nakiyadeniya	gnd	166	1	65	3	4	0	0
LK-3148055	Pahala Thellambura	Pahala Thellambura	gnd	335	6	2	0	2	0	0
LK-3148060	Ihala Thellambura	Ihala Thellambura	gnd	268	7	77	15	11	0	0
LK-3148065	Nevungala	Nevungala	gnd	136	11	139	19	4	0	0
LK-3148070	Nevungala South	Nevungala South	gnd	58	3	188	2	5	0	0
LK-3148075	Kottawa	Kottawa	gnd	85	1	251	18	16	0	0
LK-3148080	Thellambura South	Thellambura South	gnd	217	16	25	7	1	0	1
LK-3148085	Yakkalamulla East	Yakkalamulla East	gnd	178	6	13	6	4	0	0
LK-3148090	Nabadawa	Nabadawa	gnd	307	33	0	1	0	0	2
LK-3148095	Yatamalagala	Yatamalagala	gnd	98	4	83	20	0	0	0
LK-3148100	Ihala Karagoda	Ihala Karagoda	gnd	204	9	13	0	1	0	0
LK-3148105	Magedara North	Magedara North	gnd	180	5	22	0	3	0	0
LK-3148110	Magedara East	Magedara East	gnd	350	12	78	17	0	0	0
LK-3148115	Ella Ihala	Ella Ihala	gnd	245	64	75	13	4	0	1
LK-3148120	Magedara	Magedara	gnd	120	3	75	11	5	0	0
LK-3148125	Uduwella	Uduwella	gnd	43	41	176	11	20	0	0
LK-3148130	Karagoda	Karagoda	gnd	194	3	50	2	2	0	2
LK-3148135	Pahala Karagoda	Pahala Karagoda	gnd	212	0	0	0	0	0	0
LK-3148140	Polpagoda	Polpagoda	gnd	154	30	113	8	2	0	0
LK-3148145	Beranagoda	Beranagoda	gnd	342	9	120	10	5	0	0
LK-3148150	Yakkalamulla	Yakkalamulla	gnd	294	4	96	3	3	0	0
LK-3148155	Kottawa East	Kottawa East	gnd	151	0	130	14	8	10	0
LK-3148160	Kottawa West	Kottawa West	gnd	397	2	96	7	16	0	0
LK-3148165	Thalgampala North	Thalgampala North	gnd	222	7	49	3	15	26	0
LK-3148170	Udubettawa	Udubettawa	gnd	76	2	128	8	0	0	0
LK-3148175	Udubettawa West	Udubettawa West	gnd	103	3	120	15	10	0	0
LK-3148180	Thalgampala	Thalgampala	gnd	166	11	99	12	0	0	1
LK-3148185	Hiriyamalkumbura	Hiriyamalkumbura	gnd	239	6	28	8	12	0	0
LK-3148190	Polpagoda West	Polpagoda West	gnd	216	7	56	10	3	0	0
LK-3148195	Kaludiyawala	Kaludiyawala	gnd	37	0	135	9	1	0	0
LK-3148200	Badungala	Badungala	gnd	191	13	1	0	5	0	0
LK-3148205	Rathamalaketiya	Rathamalaketiya	gnd	95	4	88	11	1	0	0
LK-3148210	Welendawa	Welendawa	gnd	314	18	1	2	12	0	0
LK-3148215	Pahala Walpola	Pahala Walpola	gnd	252	0	67	6	0	0	0
LK-3148220	Ihala Walpala	Ihala Walpala	gnd	204	11	1	12	2	0	0
LK-3151005	Pituwalahena	Pituwalahena	gnd	15	0	133	4	0	0	0
LK-3151010	Mayakaduwa	Mayakaduwa	gnd	116	0	118	0	0	0	0
LK-3151015	Kabaragala	Kabaragala	gnd	96	0	222	9	15	0	0
LK-3151020	Danduwana	Danduwana	gnd	148	1	0	2	0	0	1
LK-3151025	Hatangala	Hatangala	gnd	32	2	102	16	6	0	1
LK-3151030	Bedipita	Badipita	gnd	83	1	221	10	22	0	1
LK-3151035	Puswelkada	Puswelkada	gnd	149	1	73	0	0	0	0
LK-3151040	Ihala Kombala	Ihala Kombala	gnd	201	0	31	1	3	0	0
LK-3151045	Kombala	Kombala	gnd	65	0	165	7	3	0	0
LK-3151050	Imaduwa Athireka 1	Imaduwa Athireka	gnd	128	8	78	2	4	0	0
LK-3151055	Paragoda	Paragoda	gnd	344	11	4	0	2	0	0
LK-3151060	Wathawana	Wathawana	gnd	195	1	89	7	4	0	0
LK-3151065	Hawpe North	Hawpe North	gnd	127	0	148	10	0	0	0
LK-3151070	Hawpe	Hawpe	gnd	412	3	59	6	6	0	0
LK-3151075	Angulugaha	Angulugaha	gnd	201	9	130	4	18	0	0
LK-3151080	Rangoda	Rangoda	gnd	93	2	64	2	3	0	0
LK-3151085	Dorape	Dorape	gnd	164	7	90	3	0	0	0
LK-3151090	Welikonda	Welikonda	gnd	122	6	178	9	5	0	0
LK-3151095	Pelawatta	Pelawatta	gnd	296	6	47	5	4	0	0
LK-3151100	Polhena	Polhena	gnd	291	3	226	31	7	0	0
LK-3151105	Kahanda	Kahanda	gnd	135	1	123	3	9	0	0
LK-3151110	Kahanda Athireka 1	Kahanda Athireka 1	gnd	198	8	31	1	0	0	0
LK-3151115	Godaudamandiya	Godaudamandiya	gnd	62	2	148	4	0	0	0
LK-3151120	Mawella	Mawella	gnd	76	0	36	0	6	0	0
LK-3151125	Deegoda Athireka 01	Deegoda Athireka 1	gnd	76	0	154	12	8	0	0
LK-3151130	Imaduwa	Imaduwa	gnd	278	11	80	1	1	0	0
LK-3151135	Hettigoda	Hettigoda	gnd	263	2	41	2	5	0	0
LK-3151140	Deegoda	Deegoda	gnd	149	2	76	6	6	0	0
LK-3151145	Kalugalagoda	Kalugalagoda	gnd	167	0	0	2	2	0	0
LK-3151150	Ihala Mawella	Ihala Mawella	gnd	73	0	126	5	1	0	0
LK-3151155	Thittagalla East	Thittagalla East	gnd	103	1	161	18	13	0	0
LK-3151160	Ampavila	Ampavila	gnd	106	2	210	9	0	0	0
LK-3151165	Malalgodapitiya	MalalgodaPitiya	gnd	118	1	44	3	3	0	0
LK-3151170	Dikkumbura	Dikkumbura	gnd	532	8	45	8	3	0	0
LK-3151175	Kodagoda South	Kodagoda South	gnd	137	2	117	4	2	0	1
LK-3151180	Kodagoda East	Kodagoda East	gnd	110	0	191	5	4	0	1
LK-3151185	Horadugoda	Horadugoda	gnd	304	18	0	0	0	0	0
LK-3151190	Ellalagoda	Ellalagoda	gnd	146	0	82	7	4	0	0
LK-3151195	Andugoda	Andugoda	gnd	354	9	106	8	4	0	0
LK-3151200	Panugalgoda	Panugalgoda	gnd	131	3	301	10	22	0	0
LK-3151205	Indurannavila	Indurannavila	gnd	473	37	54	13	1	0	1
LK-3151210	Atanikitha	Atanikitha	gnd	393	25	457	33	11	0	0
LK-3151215	Thittagalla West	Thittagalla west	gnd	101	3	147	15	13	0	0
LK-3154005	Yaddehimulla	Yaddehimulla	gnd	132	10	35	16	11	0	0
LK-3154010	Bonavistawa	Bonavistawa	gnd	162	3	111	12	4	0	0
LK-3154015	Unawatuna West	Unawatuna West	gnd	205	4	0	0	0	0	0
LK-3154020	Unawatuna East	Unawatuna East	gnd	399	10	67	12	2	0	0
LK-3154025	Maharamba	Maharamba	gnd	102	1	115	4	3	0	0
LK-3154030	Dalawella	Dalawella	gnd	74	1	72	6	1	0	0
LK-3154035	Unawatuna Central	Unawatuna Central	gnd	160	1	44	5	0	0	0
LK-3154040	Thalpe South	Thalpe South	gnd	167	4	51	5	3	0	0
LK-3154045	Heenatigala South	Heenatigala South	gnd	132	5	62	24	5	0	1
LK-3154050	Wellethota	Wellethota	gnd	148	2	269	34	31	0	2
LK-3154055	Halloluwagoda	Halloluwagoda	gnd	273	11	0	0	1	0	0
LK-3154060	Handugoda	Handugoda	gnd	143	4	63	3	0	0	2
LK-3154065	Dodampe	Dodampe	gnd	90	0	114	13	5	0	0
LK-3154070	Attaragoda	Attaragoda	gnd	232	10	62	7	1	0	0
LK-3154075	Thalpe East	Thalpe East	gnd	279	7	22	14	1	0	0
LK-3154080	Kahawennagama	Kahawennagama	gnd	93	2	184	39	9	0	0
LK-3154085	Morampitigoda	Morampitigoda	gnd	145	2	144	10	5	0	0
LK-3154090	Uragasgoda	Uragasgoda	gnd	192	1	39	1	0	0	0
LK-3154095	Pitidoowa	Pitidoowa	gnd	168	0	121	4	1	0	0
LK-3154100	Meepe	Meepe	gnd	331	16	140	12	7	0	0
LK-3154105	Bogahamulugoda	Bogahamulugoda	gnd	223	4	1	1	0	0	0
LK-3154110	Happawana	Happawana	gnd	188	1	14	1	0	0	0
LK-3154115	Annasiwathugoda	Annasiwathugoda	gnd	224	15	20	5	2	0	0
LK-3154120	Harumalgoda West	Harumalgoda West	gnd	344	10	84	8	6	0	2
LK-3154125	Lanumodara	Lanumodara	gnd	346	4	0	0	1	0	0
LK-3154130	Liyanagoda	Liyanagoda	gnd	163	1	68	6	4	0	2
LK-3154135	Katukurunda	Katukurunda	gnd	497	6	3	6	1	0	0
LK-3154140	Harumalgoda Central	Harumalgoda Central	gnd	244	4	105	32	4	0	1
LK-3154145	Godawatta	Godawatta	gnd	233	4	111	6	15	0	0
LK-3154150	Harumalgoda East	Harumalgoda East	gnd	344	18	196	32	9	0	1
LK-3154155	Koggala Athireka I	Koggala Athireka 1	gnd	218	10	90	29	8	0	0
LK-3154160	Koggala Athireka II	Koggala Athireka 2	gnd	376	14	33	7	5	0	0
LK-3154165	Koggala	Koggala	gnd	176	11	7	0	0	0	0
LK-3154170	Kathaluwa West	Kathaluwa West	gnd	159	11	5	5	0	0	0
LK-3154175	Atadahewathugoda	Atadahewathugoda	gnd	249	17	2	1	1	0	0
LK-3154180	Kathaluwa East	Kathaluwa East	gnd	330	13	12	0	4	0	1
LK-3154185	Welhengoda	Welhengoda	gnd	123	2	102	19	3	0	0
LK-3154190	Kathaluwa Central	Kathaluwa Central	gnd	115	3	135	17	5	0	1
LK-3154195	Alawathuthisgoda	Alawathuthisgoda	gnd	182	15	27	9	2	0	1
LK-3154200	Pelessa	Pelessa	gnd	58	5	235	15	9	0	0
LK-3154205	Korahedigoda	Korahedigoda	gnd	205	7	189	19	4	0	0
LK-3154210	Ahangama Nakanda	Ahangama Nakanda	gnd	126	4	199	29	6	0	0
LK-3154215	Kalapuwa	Kalapuwa	gnd	157	25	1	1	0	0	0
LK-3154220	Ahangamgoda	Ahangamgoda	gnd	189	7	57	4	0	0	0
LK-3154225	Danduhela	Danduhela	gnd	98	0	170	2	3	0	0
LK-3154230	Meegahagoda	Meegahagoda	gnd	126	4	210	35	9	0	1
LK-3154235	Kahawathugoda	Kahawathugoda	gnd	354	16	0	0	40	0	0
LK-3154240	Meliyagoda	Meliyagoda	gnd	274	18	97	6	6	0	0
LK-3154245	Piyadigama West	Piyadigama West	gnd	110	34	78	37	0	0	0
LK-3154250	Wadugegoda	Wadugegoda	gnd	94	6	46	4	0	1	1
LK-3154255	Karandugoda	Karandugoda	gnd	166	5	52	10	2	0	0
LK-3154260	Kalahegoda	Kalahegoda	gnd	111	5	0	3	1	0	0
LK-3154265	Dommannegoda	Dommannegoda	gnd	115	2	140	54	1	0	0
LK-3154270	Piyadigama East	Piyadigama East	gnd	72	2	43	8	4	0	0
LK-3154275	Ahangama Central	Ahangama Central	gnd	139	6	64	10	3	1	3
LK-3154280	Digaredda	Digaredda	gnd	76	2	72	11	5	0	0
LK-3154285	Thaldoowa	Thaldoowa	gnd	118	5	105	16	3	1	0
LK-3154290	Ahangama East	Ahangama East	gnd	205	8	28	5	0	0	0
LK-3154295	Goviyapana	Goviyapana	gnd	205	8	6	3	1	0	0
LK-3203005	Kalubovitiyana	Kalubovitiyana	gnd	94	6	174	11	6	1	0
LK-3203010	Galabada	Galabada	gnd	50	4	258	14	8	0	0
LK-3203015	Ambewela	Ambewela	gnd	33	3	338	15	22	0	0
LK-3203020	Dangala West	Dangala West	gnd	77	2	260	46	33	0	0
LK-3203025	Banagala East	Banagala East	gnd	49	7	274	22	33	0	0
LK-3203030	Dangala East	Dangala East	gnd	58	0	330	23	12	0	2
LK-3203035	Banagala West	Banagala West	gnd	249	26	1	3	1	0	1
LK-3203040	Edandukitha West	Edandukitha West	gnd	225	26	5	1	2	0	1
LK-3203045	Edandukitha East	Edandukitha East	gnd	57	0	191	5	16	0	0
LK-3203050	Alapaladeniya South	Alapaladeniya South	gnd	277	9	1	5	5	0	0
LK-3203055	Alapaladeniya North	Alapaladeniya North	gnd	60	0	240	12	4	1	0
LK-3203060	Kiriwelkele North	Kiriwelkele North	gnd	124	4	424	9	2	0	0
LK-3203065	Rambukana West	Rambukana West	gnd	44	2	220	40	45	0	1
LK-3203070	Kodikaragoda West	Kodikaragoda West	gnd	78	6	362	20	5	0	0
LK-3203075	Kodikaragoda East	Kodikaragoda East	gnd	154	0	202	8	7	0	0
LK-3203080	Weliwa	Weliwa	gnd	181	6	254	59	11	1	1
LK-3203085	Rambukana East	Rambukana East	gnd	110	9	208	8	12	0	0
LK-3203090	Thalapekumbura	Thalapekumbura	gnd	169	1	117	45	8	5	1
LK-3203095	Kudagalahena	Kudagalahena	gnd	66	7	284	17	23	0	0
LK-3203100	Kiriwelkele South	Kiriwelkele South	gnd	65	5	321	4	14	0	0
LK-3203105	Derangala	Derangala	gnd	151	3	325	11	24	0	0
LK-3203110	Thennahena	Thennahena	gnd	41	0	338	35	26	1	0
LK-3203115	Gorakawela	Gorakawela	gnd	118	3	198	18	40	0	0
LK-3203120	Siyambalagoda West	Siyambalagoda West	gnd	245	13	68	11	9	0	0
LK-3203125	Kosnilgoda	Kosnilgoda	gnd	109	6	245	12	8	23	0
LK-3203130	Aluwana	Aluwana	gnd	109	2	168	16	13	0	1
LK-3203135	Paradupalla	Paradupalla	gnd	25	4	157	6	4	0	1
LK-3203140	Mahapothuvila	Mahapothuvila	gnd	56	5	261	11	7	0	2
LK-3203145	Dankoluwa	Dankoluwa	gnd	434	46	139	28	16	0	0
LK-3203150	Pitabeddara	Pitabeddara	gnd	123	2	216	20	14	0	1
LK-3203155	Kaduruwana	Kaduruwana	gnd	63	2	385	6	1	0	0
LK-3203160	Dehigaspe	Dehigaspa	gnd	91	0	220	20	11	0	0
LK-3203165	Kotagala	Kotagala	gnd	24	8	230	15	10	0	0
LK-3203170	Siyambalagoda East	Siyambalagoda East	gnd	33	3	149	9	3	0	0
LK-3203175	Wanasinkanda	Wanasinkanda	gnd	83	5	69	7	8	6	0
LK-3203180	Diyadawa	Diyadawa	gnd	28	4	305	18	15	1	1
LK-3203185	Ihala Ainagama	Ihala Ainagama	gnd	5	1	232	19	7	0	0
LK-3203190	Elamaldeniya	Elamaldeniya	gnd	108	1	247	11	2	0	0
LK-3203195	Wathurakumbura	Wathurakumbura	gnd	217	0	140	6	3	0	0
LK-3203200	Puwakbadovita	Puwakbadovita	gnd	47	8	315	17	7	0	0
LK-3206005	Mederipitiya	Mederipitiya	gnd	52	6	220	22	7	0	0
LK-3206010	Keeriwalagama	Keeriwalagama	gnd	21	2	374	26	4	0	0
LK-3206015	Kiriweldola	Kiriweldola	gnd	55	1	368	23	14	1	1
LK-3206020	Kandilpana	Kandilpana	gnd	459	42	201	73	23	4	0
LK-3206025	Viharahena	Viharahena	gnd	143	1	475	79	55	5	0
LK-3206030	Adaradeniya	Adaradeniya	gnd	179	6	217	31	4	0	1
LK-3206035	Ihalagama	Ihalagama	gnd	172	1	337	23	25	9	0
LK-3206040	Bateyaya	Bateyaya	gnd	261	7	163	31	3	4	0
LK-3206045	Pussawela	Pussawela	gnd	74	1	223	38	8	0	0
LK-3206050	Pallegama North	Pallegama North	gnd	304	12	281	38	2	0	0
LK-3206055	Pathawala Nadakanda	Pathawala Nadakanda	gnd	67	18	293	12	1	0	0
LK-3206060	Poddana	Poddana	gnd	78	13	312	14	5	14	1
LK-3206065	Kolawenigama	Kolawenigama	gnd	79	6	371	59	13	0	0
LK-3206070	Pallegama South	Pallegama South	gnd	171	13	443	35	12	6	0
LK-3206075	Deniyaya West	Deniyaya West	gnd	218	7	196	10	10	0	0
LK-3206080	Deniyaya	Deniyaya	gnd	272	5	235	33	10	2	0
LK-3206085	Kalugalahena	Kalugalahena	gnd	199	8	470	73	9	0	1
LK-3206090	Thenipita	Thenipita	gnd	291	12	459	60	36	1	2
LK-3206095	Mugunumulla	Mugunumulla	gnd	114	3	127	10	12	1	0
LK-3206100	Nawalahena	Nawalahena	gnd	59	6	253	43	7	0	0
LK-3206105	Kotapola North	Kotapola North	gnd	295	11	395	48	19	0	1
LK-3206110	Nishshankapura	Nishshankapura	gnd	77	1	250	21	11	0	0
LK-3206115	Beliattakumbura	Beliattakumbura	gnd	253	13	187	9	0	0	0
LK-3206120	Morawaka	Morawaka	gnd	380	16	407	47	8	0	0
LK-3206125	Porupitiya	Porupitiya	gnd	113	3	184	15	6	0	0
LK-3206130	Waralla	Waralla	gnd	210	17	108	5	6	0	0
LK-3206135	Koodaludeniya	Koodaludeniya	gnd	188	11	123	20	0	0	0
LK-3206140	Kotapola South	Kotapola South	gnd	352	9	129	5	1	0	3
LK-3206145	Usamalagoda	Usamalagoda	gnd	219	2	163	18	19	0	0
LK-3206150	Lindagawahena	Lindagawahena	gnd	239	6	256	38	19	0	0
LK-3206155	Kosmodara	Kosmodara	gnd	264	11	136	26	6	0	0
LK-3206160	Ilukpitiya	Ilukpitiya	gnd	93	15	199	17	12	0	0
LK-3206165	Horagala East	Horagala East	gnd	194	9	0	9	4	0	0
LK-3206170	Horagala West	Horagala West	gnd	357	21	90	8	3	0	0
LK-3206175	Uvaragala	Uvaragala	gnd	11	2	186	15	1	0	0
LK-3206180	Pelawatta	Pelawatta	gnd	451	3	9	18	7	0	0
LK-3206185	Paragala	Paragala	gnd	160	3	137	11	7	0	0
LK-3209005	Batandura South	Batandura South	gnd	123	4	272	22	12	0	0
LK-3209010	Batandura North	Batandura North	gnd	44	12	201	10	9	0	0
LK-3209015	Thalapalakanda	Thalapalakanda	gnd	98	5	260	22	12	9	0
LK-3209020	Kekundeniya	Kekundeniya	gnd	106	6	384	23	16	0	0
LK-3209025	Ketawala	Ketawala	gnd	246	9	239	11	7	0	1
LK-3209030	Ginnaliya North	Ginnaliya North	gnd	132	6	302	6	2	0	2
LK-3209035	Pattigala	Pattigala	gnd	126	4	451	8	17	1	0
LK-3209040	Beralapanathara South	Beralapanathara South	gnd	68	8	281	20	12	0	0
LK-3209045	Beralapanathara North	Beralapanathara North	gnd	120	2	421	11	9	0	0
LK-3209050	Wijayagama	Wijayagama	gnd	107	2	244	8	16	0	1
LK-3209055	Pathavita	Pathavita	gnd	197	3	154	9	3	0	0
LK-3209060	Kirilipana	Kirilipana	gnd	248	21	203	15	20	0	0
LK-3209065	Moragala	Moragala	gnd	113	2	225	6	6	0	0
LK-3209070	Keeripitiya East	Keeripitiya East	gnd	119	7	280	28	9	0	0
LK-3209075	Urubokka	Urubokka	gnd	272	12	472	29	14	0	2
LK-3209080	Ginnaliya West	Ginnaliya West	gnd	168	12	197	9	7	0	0
LK-3209085	Ginnaliya South	Ginnaliya South	gnd	24	0	314	18	25	0	0
LK-3209090	Ginnaliya East	Ginnaliya East	gnd	48	1	269	19	9	0	0
LK-3209095	Mekiliyathenna	Mekiliyathenna	gnd	251	23	276	25	16	0	0
LK-3209100	Heegoda	Heegoda	gnd	142	16	401	32	10	0	0
LK-3209105	Keeripitiya West	Keeripitiya West	gnd	296	16	49	0	4	0	1
LK-3209110	Pothdeniya	Pothdeniya	gnd	54	3	265	9	8	0	1
LK-3209115	Mologgamuwa North	Mologgamuwa North	gnd	95	6	155	10	14	0	0
LK-3209120	Mologgamuwa South	Mologgamuwa South	gnd	272	5	20	3	4	0	1
LK-3209125	Bengamuwa West	Bengamuwa West	gnd	47	16	363	15	27	0	2
LK-3209130	Bengamuwa East	Bengamuwa East	gnd	152	4	265	5	5	0	0
LK-3209135	Dampahala West	Dampahala West	gnd	72	0	404	7	14	0	0
LK-3209140	Hulankanda	Hulankanda	gnd	235	5	202	11	2	0	0
LK-3209145	Dampahala East	Dampahala East	gnd	83	10	452	47	11	0	0
LK-3209150	Pasgoda	Pasgoda	gnd	154	9	583	44	9	0	0
LK-3209155	Bengamuwa South	Bengamuwa South	gnd	183	4	172	15	1	0	0
LK-3209160	Denkandaliya	Denkandaliya	gnd	7	3	175	14	12	0	0
LK-3209165	Panakaduwa West	Panakaduwa West	gnd	97	5	239	9	6	0	0
LK-3209170	Rotumba East	Rotumba East	gnd	59	1	133	3	1	0	0
LK-3209175	Napathella	Napathella	gnd	174	4	43	3	1	0	0
LK-3209180	Andaluwa	Andaluwa	gnd	183	16	88	15	3	0	0
LK-3209185	Ehelakanda	Ehelakanda	gnd	55	1	265	20	9	0	0
LK-3209190	Galketikanda	Galketikanda	gnd	24	1	235	2	0	0	1
LK-3209195	Rotumba West	Rotumba West	gnd	86	7	165	14	1	0	0
LK-3209200	Panakaduwa East	Panakaduwa East	gnd	61	1	316	18	5	0	1
LK-3209205	Gomila	Gomila	gnd	178	2	249	23	9	0	0
LK-3209210	Puwakgahahena	Puwakgahahena	gnd	35	3	268	14	5	0	0
LK-3209215	Mawarala	Mawarala	gnd	146	12	418	43	14	0	0
LK-3212005	Gombaddala North	Gombaddala North	gnd	27	13	201	6	2	0	0
LK-3212010	Kudapana	Kudapana	gnd	37	0	190	6	8	0	0
LK-3212015	Ketapalakanda	Ketapalakanda	gnd	90	1	231	5	3	0	0
LK-3212020	Gammedagama	Gammedagama	gnd	34	0	203	7	3	0	0
LK-3212025	Ketiyape North	Ketiyape North	gnd	157	1	78	4	11	0	0
LK-3212030	Athapattukanda	Athapattukanda	gnd	149	9	154	5	1	0	0
LK-3212035	Parapamulla East	Parapamulla East	gnd	166	4	141	8	11	0	0
LK-3212040	Ketiyape South	Ketiyape South	gnd	50	3	187	5	2	0	0
LK-3212045	Galetumba	Galetumba	gnd	74	1	153	19	1	0	0
LK-3212050	Neralampitiya	Neralampitiya	gnd	227	20	43	1	2	0	1
LK-3212055	Mulatiyana	Mulatiyana	gnd	95	10	229	2	4	0	0
LK-3212060	Diddenipotha North	Diddenipotha North	gnd	34	2	126	8	3	0	1
LK-3212065	Beragama North	Beragama North	gnd	43	0	359	5	2	0	0
LK-3212070	Gombaddala South	Gombaddala South	gnd	137	11	222	10	0	0	0
LK-3212075	Beragama West	Beragama West	gnd	245	0	157	17	4	0	1
LK-3212080	Beragama South	Beragama South	gnd	175	8	137	3	3	0	0
LK-3212085	Makandura West	Makandura West	gnd	229	7	150	6	2	0	1
LK-3212090	Beragama East	Beragama East	gnd	211	6	80	12	4	0	0
LK-3212095	Diddenipotha East	Diddenipotha East	gnd	177	2	0	0	0	0	0
LK-3212100	Diddenipotha South	Diddenipotha South	gnd	48	7	241	4	0	0	1
LK-3212105	Seenipella West	Seenipella West	gnd	56	6	286	5	12	0	0
LK-3212110	Maduwala	Maduwala	gnd	249	9	101	10	0	0	0
LK-3212115	Seenipella East	Seenipella East	gnd	254	6	0	0	7	0	0
LK-3212120	Deiyandara	Deiyandara	gnd	370	17	149	10	6	0	0
LK-3212125	Parapamulla West	Parapamulla West	gnd	28	0	171	1	2	0	0
LK-3212130	Parapamulla South	Parapamulla South	gnd	165	10	2	15	1	0	0
LK-3212135	Dewalegama West	Dewalegama West	gnd	330	6	0	4	4	0	0
LK-3212140	Dewalegama East	Dewalegama East	gnd	18	1	209	12	3	0	0
LK-3212145	Batadola	Batadola	gnd	25	5	308	9	1	0	1
LK-3212150	Kithsiripura	Kithsiripura	gnd	137	1	113	0	0	0	0
LK-3212155	Radawela West	Radawela West	gnd	55	1	138	9	0	0	0
LK-3212160	Belpamulla	Belpamulla	gnd	229	23	2	0	1	0	0
LK-3212165	Bamunugama West	Bamunugama West	gnd	81	18	264	24	1	0	0
LK-3212170	Makandura East	Makandura  East	gnd	272	7	78	9	7	0	0
LK-3212175	Ransegoda East	Ransegoda East	gnd	248	6	0	2	0	0	0
LK-3212180	Meepavita	Meepavita	gnd	145	1	139	8	0	0	1
LK-3212185	Mudaligedara	Mudaligedara	gnd	232	8	0	0	2	0	0
LK-3212190	Rathkekulawa	Rathkekulawa	gnd	32	0	380	13	6	0	0
LK-3212195	Ransegoda North	Ransegoda North	gnd	433	25	4	2	0	0	0
LK-3212200	Ransegoda South	Ransegoda South	gnd	317	1	79	1	3	0	0
LK-3212205	Ransegoda West	Ransegoda West	gnd	113	3	92	7	3	0	0
LK-3212210	Koramburuwana	Koramburuwana	gnd	219	6	1	2	1	0	0
LK-3212215	Horapavita South	Horapavita South	gnd	167	6	82	6	7	0	0
LK-3212220	Horapavita North	Horapavita North	gnd	225	10	102	2	2	0	0
LK-3212225	Bamunugama East	Bamunugama East	gnd	236	9	1	2	0	0	0
LK-3212230	Radawela East	Radawela East	gnd	240	4	0	7	3	0	0
LK-3212235	Pallawela	Pallawela	gnd	221	11	1	1	7	0	1
LK-3212240	Pitawalgamuwa	Pitawalgamuwa	gnd	99	3	265	7	3	0	0
LK-3215005	Kehelwala	Kehelwala	gnd	5	0	120	4	13	0	0
LK-3215010	Urumutta	Urumutta	gnd	311	9	57	2	1	0	0
LK-3215015	Urumutta South	Urumutta South	gnd	263	2	2	1	3	0	0
LK-3215020	Dematapassa	Dematapassa	gnd	25	8	372	14	20	0	0
LK-3215025	Divithura	Divithura	gnd	107	1	150	5	12	0	3
LK-3215030	Welihena	Welihena	gnd	64	2	260	31	8	7	0
LK-3215035	Hawpe	Hawpe	gnd	76	10	217	12	51	0	0
LK-3215040	Thalahagama West	Thalahagama West	gnd	184	12	96	6	6	0	0
LK-3215045	Wenagama	Wenagama	gnd	64	9	394	25	3	0	0
LK-3215050	Thalahagama East	Thalahagama East	gnd	88	1	421	15	17	0	0
LK-3215055	Uggashena	Uggashena	gnd	91	7	279	24	8	0	0
LK-3215060	Vilpita West	Vilpita West	gnd	138	16	184	3	12	0	1
LK-3215065	Kanahalagama	Kanahalagama	gnd	55	2	265	9	6	0	0
LK-3215070	Godapitiya	Godapitiya	gnd	268	16	128	33	3	0	0
LK-3215075	Maragoda	Maragoda	gnd	97	2	157	10	1	0	0
LK-3215080	Panadugama	Panadugama	gnd	290	24	42	14	3	0	0
LK-3215085	Thibbotuwawa North	Thibbotuwawa North	gnd	150	4	43	5	3	1	0
LK-3215090	Walagepiyadda	Walagepiyadda	gnd	277	3	66	6	2	0	0
LK-3215095	Vilpita East 1	Vilpita East 1	gnd	44	0	110	2	4	0	0
LK-3215100	Vilpita East 11	Vilpita East 11	gnd	90	3	187	8	4	0	0
LK-3215105	Yahamulla	Yahamulla	gnd	151	3	114	4	0	0	0
LK-3215110	Namburukanda	Namburukanda	gnd	16	1	110	6	24	0	0
LK-3215115	Ihala Athuraliya	Ihala Athuraliya	gnd	77	1	138	8	1	0	0
LK-3215120	Balakawala	Balakawala	gnd	194	5	139	7	4	0	0
LK-3215125	Thibbotuwawa	Thibbotuwawa	gnd	366	11	153	4	8	1	0
LK-3215130	Athuraliya West	Athuraliya West	gnd	204	5	0	1	8	0	0
LK-3215135	Athuraliya East	Athuraliya East	gnd	66	8	85	4	2	0	0
LK-3215140	Pahala Athuraliya	Pahala Athuraliya	gnd	70	0	266	8	4	0	0
LK-3218005	Diganahena	Diganahena	gnd	75	6	61	9	7	0	0
LK-3218010	Lenama North	Lenama North	gnd	156	9	287	22	14	0	0
LK-3218015	Hulandawa	Hulandawa	gnd	130	22	13	4	3	0	0
LK-3218020	Maramba North	Maramba North	gnd	134	19	196	8	1	0	0
LK-3218025	Peddapitiya North	Peddapitiya North	gnd	49	0	233	10	16	0	0
LK-3218030	Idikatudeniya	Idikatudeniya	gnd	76	1	106	6	0	0	0
LK-3218035	Lenama South	Lenama South	gnd	118	3	86	6	5	0	0
LK-3218040	Udupitiya	Udupitiya	gnd	144	0	0	0	0	0	0
LK-3218045	Weliketiya	Weliketiya	gnd	291	6	46	4	5	0	1
LK-3218050	Dediyagala	Dediyagala	gnd	70	18	335	13	3	0	0
LK-3218055	Vilagama	Vilagama	gnd	26	0	103	2	4	0	0
LK-3218060	Ehelape	Ehelape	gnd	160	8	262	15	5	0	1
LK-3218065	Dolamawatha	Dolamawatha	gnd	121	5	297	21	11	0	1
LK-3218070	Kohugoda	Kohugoda	gnd	5	2	306	22	10	0	0
LK-3218075	Ihala Maliduwa	Ihala Maliduwa	gnd	57	1	245	9	6	0	1
LK-3218080	Ketanvila	Ketanvila	gnd	93	3	251	8	8	0	0
LK-3218085	Nawalagoda	Nawalagoda	gnd	53	4	225	4	3	0	0
LK-3218090	Ellewela	Ellewela	gnd	200	9	141	2	2	0	0
LK-3218095	Minipogoda	Minipogoda	gnd	34	1	169	10	1	0	0
LK-3218100	Peddapitiya South	Peddapitiya South	gnd	209	11	47	9	2	0	1
LK-3218105	Maramba South	Maramba South	gnd	251	19	1	0	0	0	0
LK-3218110	Ganhela	Ganhela	gnd	66	5	200	3	5	0	0
LK-3218115	Asmagoda	Asmagoda	gnd	75	2	116	1	1	0	0
LK-3218120	Higgoda	Higgoda	gnd	168	4	254	14	12	0	1
LK-3218125	Diyalape	Diyalape	gnd	276	12	1	4	1	0	1
LK-3218130	Eramudugoda	Eramudugoda	gnd	83	5	263	14	6	2	1
LK-3218135	Manikgoda	Manikgoda	gnd	19	0	175	6	3	0	0
LK-3218140	Pahala Maliduwa	Pahala Maliduwa	gnd	224	8	138	15	3	0	0
LK-3218145	Bopitiya	Bopitiya	gnd	233	11	141	7	0	1	0
LK-3218150	Iluppella	Iluppella	gnd	359	13	141	4	4	0	0
LK-3218155	Imbulgoda	Imbulgoda	gnd	139	7	181	7	0	0	0
LK-3218160	Poramba	Poramba	gnd	355	2	96	1	0	0	0
LK-3218165	Akuressa	Akuressa	gnd	322	5	0	0	2	0	0
LK-3218170	Yakabedda	Yakabedda	gnd	416	3	150	5	3	0	0
LK-3218175	Galabadahena	Galabadahena	gnd	285	16	0	0	0	0	0
LK-3218180	Ihala Kiyanduwa	Ihala Kiyanduwa	gnd	138	5	175	19	0	0	0
LK-3218185	Melewwa	Melewwa	gnd	285	6	40	6	5	0	0
LK-3218190	Paraduwa North	Paraduwa North	gnd	210	1	117	6	3	0	0
LK-3218195	Paraduwa East	Paraduwa East	gnd	103	4	167	3	6	0	0
LK-3218200	Paraduwa South	Paraduwa South	gnd	222	9	63	4	5	0	0
LK-3218205	Henegama	Henegama	gnd	163	7	194	7	6	0	1
LK-3218210	Henegama West	Henegama West	gnd	99	8	323	12	30	0	0
LK-3218215	Gallala	Gallala	gnd	98	5	247	6	4	0	0
LK-3218220	Nimalawa East	Nimalawa East	gnd	101	0	100	2	5	0	0
LK-3218225	Nimalawa	Nimalawa	gnd	340	23	63	8	0	0	2
LK-3218230	Paragahawatta	Paragahawatta	gnd	40	7	219	4	10	0	1
LK-3221005	Wahala Kananke North	Wahala Kananke North	gnd	100	2	146	16	5	0	0
LK-3221010	Nivithiwelbokka	Nivithiwelbokka	gnd	99	4	249	28	21	0	0
LK-3221015	Poramba Kananke North	Poramba Kananke North	gnd	135	3	240	31	6	0	1
LK-3221020	Puhulahena	Puhulahena	gnd	156	12	95	20	1	0	0
LK-3221025	Poramba Kananke South	Poramba Kananke South	gnd	219	3	301	3	10	0	0
LK-3221030	Wahala Kananke South	Wahala Kananke South	gnd	245	6	93	19	3	0	0
LK-3221035	Nalawana	Nalawana	gnd	177	10	0	2	2	0	0
LK-3221040	Penetiyana West	Penetiyana West	gnd	216	7	165	19	6	0	0
LK-3221045	Penetiyana East	Penetiyana East	gnd	216	8	0	0	5	0	1
LK-3221050	Wellana	Wellana	gnd	42	2	185	21	14	0	1
LK-3221055	Udukawa North	Udukawa North	gnd	259	7	188	8	5	0	0
LK-3221060	Udukawa South	Udukawa South	gnd	326	5	205	15	10	0	0
LK-3221065	Hallala	Hallala	gnd	121	1	201	6	5	0	1
LK-3221070	Bathalahena	Bathalahena	gnd	236	11	22	9	1	0	0
LK-3221075	Kokmaduwa North	Kokmaduwa North	gnd	55	3	132	4	9	0	0
LK-3221080	Sahabandu Kokmaduwa	Sahabandu Kokmaduwa	gnd	70	0	152	5	11	0	0
LK-3221085	Jamburegoda East	Jamburegoda East	gnd	50	5	59	1	0	0	0
LK-3221090	Padili Kokmaduwa	Padili Kokmaduwa	gnd	146	0	160	0	3	0	0
LK-3221095	Beraleliya	Beraleliya	gnd	136	3	233	5	3	0	0
LK-3221100	Jayawickramapura	Jayawickramapura	gnd	147	8	231	13	7	0	0
LK-3221105	Warakapitiya North	Warakapitiya North	gnd	287	7	158	1	3	0	0
LK-3221110	Warakapitiya East	Warakapitiya East	gnd	100	1	143	12	5	0	0
LK-3221115	Warakapitiya South	Warakapitiya South	gnd	275	1	172	16	1	0	0
LK-3221120	Meeruppa	Meeruppa	gnd	317	11	113	1	2	0	0
LK-3221125	Uruvitiya	Uruvitiya	gnd	158	6	155	33	0	0	0
LK-3221130	Watagedaramulla	Watagedaramulla	gnd	232	5	253	25	14	0	0
LK-3221135	Moonamalpe	Moonamalpe	gnd	233	1	116	4	0	0	0
LK-3221140	Welipitiya	Welipitiya	gnd	642	14	230	28	6	0	1
LK-3221145	Palalla	Palalla	gnd	285	5	256	23	16	0	1
LK-3221150	Jamburegoda West	Jamburegoda West	gnd	93	0	104	7	5	0	0
LK-3221155	Ibbawala	Ibbawala	gnd	39	2	103	3	4	0	0
LK-3221160	Vilegoda	Vilegoda	gnd	136	9	148	5	9	0	0
LK-3221165	Borala	Borala	gnd	185	3	152	15	3	0	0
LK-3221170	Maduragoda	Maduragoda	gnd	356	12	149	53	17	0	0
LK-3221175	Kapuwatta	Kapuwatta	gnd	238	9	45	4	2	0	0
LK-3221180	Denipitiya Central	Denipitiya Central	gnd	480	9	199	12	18	0	1
LK-3221185	Denipitiya West	Denipitiya West	gnd	490	18	39	11	3	0	2
LK-3221190	Denipitiya East	Denipitiya East	gnd	377	23	308	23	34	0	1
LK-3224005	Elgiriya	Elgiriya	gnd	227	3	34	0	1	0	0
LK-3224010	Pahala Kiyaduwa	Pahala Kiyaduwa	gnd	191	4	85	2	4	0	0
LK-3224015	Maragoda	Maragoda	gnd	217	6	96	4	1	0	0
LK-3224020	Kekunawela	Kekunawela	gnd	50	0	132	6	5	0	0
LK-3224025	Kadduwa	Kadduwa	gnd	65	1	89	1	3	0	0
LK-3224030	Dampella	Dampella	gnd	88	0	139	11	3	0	0
LK-3224035	Horagoda East	Horagoda East	gnd	197	1	88	5	3	0	0
LK-3224040	Horagoda West	Horagoda West	gnd	202	24	128	9	8	0	1
LK-3224045	Horagoda South	Horagoda South	gnd	119	2	152	1	10	0	0
LK-3224050	Kadukanna	Kadukanna	gnd	313	2	115	16	3	0	0
LK-3224055	Welandagoda	Welandagoda	gnd	81	0	129	16	4	0	0
LK-3224060	Uninduwela	Uninduwela	gnd	204	1	0	7	1	0	0
LK-3224065	Thelijjavila	Thelijjavila	gnd	511	21	54	0	6	0	0
LK-3224070	Nape	Nape	gnd	32	0	101	8	7	0	0
LK-3224075	Akurugoda North	Akurugoda North	gnd	211	9	158	3	7	0	0
LK-3224080	Akurugoda East	Akurugoda East	gnd	285	4	165	18	8	0	0
LK-3224085	Kirimetimulla South	Kirimetimulla South	gnd	586	8	129	16	5	0	1
LK-3224090	Kirimetimulla North	Kirimetimulla North	gnd	243	4	55	2	0	0	0
LK-3224095	Malimbada West	Malimbada West	gnd	393	7	149	8	4	0	0
LK-3224100	Katuwangoda	Katuwangoda	gnd	219	10	1	8	8	0	0
LK-3224105	Malimbada East	Malimbada East	gnd	257	5	194	11	7	0	0
LK-3224110	Malimbada North	Malimbada North	gnd	339	6	92	11	2	0	1
LK-3224115	Malimbada South	Malimbada South	gnd	162	3	93	9	3	0	1
LK-3224120	Galpamuna	Galpamuna	gnd	237	1	121	16	3	0	0
LK-3224125	Akurugoda South	Akurugoda South	gnd	337	3	202	8	5	0	0
LK-3224130	Akurugoda West	Akurugoda West	gnd	158	0	119	2	2	0	0
LK-3224135	Sulthanagoda West	Sulthanagoda West	gnd	164	3	125	10	4	0	1
LK-3224140	Sulthanagoda East	Sulthanagoda East	gnd	165	4	169	30	6	0	0
LK-3224145	Sulthanagoda South	Sulthanagoda South	gnd	399	8	0	0	0	0	0
LK-3227005	Gathara West	Gathara West	gnd	204	12	58	8	2	0	0
LK-3227010	Gathara North	Gathara North	gnd	168	11	66	1	2	0	0
LK-3227015	Gathara East	Gathara East	gnd	181	4	186	19	10	0	0
LK-3227020	Beragammulla	Beragammulla	gnd	287	1	1	0	0	0	0
LK-3227025	Eriyathota	Eriyathota	gnd	45	5	317	4	7	0	0
LK-3227030	Ganegama	Ganegama	gnd	87	0	63	5	0	0	0
LK-3227035	Narandeniya East	Narandeniya East	gnd	200	10	1	17	3	0	0
LK-3227040	Narandeniya West	Narandeniya West	gnd	102	5	69	18	2	0	0
LK-3227045	Malana	Malana	gnd	176	1	141	7	3	0	0
LK-3227050	Magamure	Magamure	gnd	169	0	64	1	0	0	0
LK-3227055	Sapugoda	Sapugoda	gnd	363	1	153	6	4	0	0
LK-3227060	Lenabatuwa	Lenabatuwa	gnd	116	1	180	12	1	0	0
LK-3227065	Bibulewela	Bibulewela	gnd	121	1	115	5	3	0	0
LK-3227070	Godawa	Godawa	gnd	214	7	121	10	10	0	0
LK-3227075	Pitakatuwana	Pitakatuwana	gnd	149	7	146	5	2	0	0
LK-3227080	Kamburupitiya	Kamburupitiya	gnd	383	2	68	3	0	0	0
LK-3227085	Ullala East	Ullala East	gnd	142	0	412	20	14	0	0
LK-3227090	Thumbe	Thumbe	gnd	208	51	1	3	0	0	0
LK-3227095	Karaputugala North	Karaputugala North	gnd	87	0	138	2	4	0	0
LK-3227100	Karaputugala South	Karaputugala South	gnd	175	3	87	1	0	0	0
LK-3227105	Ullala Masmulla	Ullala Masmulla	gnd	106	16	186	9	11	0	0
LK-3227110	Ullala West	Ullala West	gnd	83	6	278	9	8	0	1
LK-3227115	Mapalana Mangin Ihala	Mapalana Mangin Ihala	gnd	128	5	208	4	2	0	0
LK-3227120	Mapalana Mangin Pahala	Mapalana Mangin Pahala	gnd	186	6	92	0	0	0	0
LK-3227125	Seewelgama	Seewelgama	gnd	331	20	188	19	2	0	1
LK-3227130	Ihala Vitiyala North	Ihala Vitiyala North	gnd	148	0	123	3	1	0	0
LK-3227135	Karagoda Uyangoda 1 Atha East	Karagoda Uyangoda 1 Atha East	gnd	168	4	262	2	1	0	0
LK-3227140	Karagoda Uyangoda 1 Atha West	Karagoda Uyangoda 1 Atha West	gnd	120	2	144	8	2	0	1
LK-3227145	Karagoda Uyangoda 2 West	Karagoda Uyangoda 2 West	gnd	84	1	136	16	0	0	0
LK-3227150	Karagoda Uyangoda 2 East	Karagoda Uyangoda 2 East	gnd	142	1	93	6	1	0	0
LK-3227155	Ihala Vitiyala West	Ihala Vitiyala West	gnd	78	2	109	10	0	0	0
LK-3227160	Ihala Vitiyala South	Ihala Vitiyala South	gnd	182	5	33	9	4	0	0
LK-3227165	Ihala Vitiyala East	Ihala Vitiyala East	gnd	130	2	122	6	4	0	0
LK-3227170	Akurugoda	Akurugoda	gnd	143	1	90	6	0	0	0
LK-3227175	Kahagala	Kahagala	gnd	248	4	68	4	8	0	0
LK-3227180	Kahagala South	Kahagala South	gnd	50	7	183	14	11	0	1
LK-3227185	Urapola East	Urapola East	gnd	35	1	136	13	10	0	0
LK-3227190	Palolpitiya	Palolpitiya	gnd	126	6	205	23	11	0	0
LK-3227195	Urapola West	Urapola West	gnd	24	0	145	0	0	0	0
LK-3230005	Denagama East	Denagama East	gnd	44	0	233	22	2	0	0
LK-3230010	Denagama North	Denagama North	gnd	69	0	217	11	10	0	0
LK-3230015	Denagama West	Denagama West	gnd	112	6	92	12	2	0	0
LK-3230020	Badabadda	Badabadda	gnd	347	2	34	16	7	0	1
LK-3230025	Meeella	Meeella	gnd	174	4	115	20	3	0	0
LK-3230030	Pananwela East	Pananwela East	gnd	59	1	153	26	2	0	0
LK-3230035	Pananwela West	Pananwela west	gnd	29	1	112	7	2	0	0
LK-3230040	Kohuliyadda	Kohuliyadda	gnd	33	2	186	4	0	0	0
LK-3230045	Kebiliyapola North	Kebiliyapola North	gnd	112	4	1	1	0	0	0
LK-3230050	Wepathaira North	Wepathaira North	gnd	214	0	0	0	2	0	0
LK-3230055	Wepathaira West	Wepathaira West	gnd	94	2	92	6	0	0	0
LK-3230060	Kandegoda	Kandegoda	gnd	127	3	50	3	1	0	1
LK-3230065	Narawelpita East	Narawelpita East	gnd	100	3	143	8	5	0	0
LK-3230070	Narawelpita North	Narawelpita North	gnd	239	16	102	6	10	0	0
LK-3230075	Ellewela East	Ellewela East	gnd	24	0	200	13	6	0	0
LK-3230080	Ellewela West	Ellewela West	gnd	81	1	277	20	7	0	0
LK-3230085	Narawelpita South	Narawelpita South	gnd	79	1	150	3	4	0	0
LK-3230090	Beruwela	Beruwela	gnd	86	2	129	11	4	0	1
LK-3230095	Muruthamuraya	Muruthamuraya	gnd	55	0	149	1	0	0	0
LK-3230100	Muruthamuraya West	Muruthamuraya West	gnd	141	5	77	10	3	0	1
LK-3230105	Muruthamuraya East	Muruthamuraya East	gnd	93	2	117	15	12	0	0
LK-3230110	Wepathaira South	Wepathaira South	gnd	138	3	150	22	10	0	1
LK-3230115	Kebiliyapola South	Kebiliyapola South	gnd	140	9	147	14	10	0	0
LK-3230120	Gangodagama	Gangodagama	gnd	281	2	14	3	2	0	0
LK-3230125	Pottewela	Pottewela	gnd	74	8	120	7	1	0	0
LK-3230130	Lalpe	Lalpe	gnd	158	3	214	8	9	0	0
LK-3230135	Gammedapitiya	Gammedapitiya	gnd	137	0	125	9	4	0	0
LK-3230140	Udupeellegoda East	Udupeellegoda East	gnd	178	5	136	6	2	0	0
LK-3230145	Udupeellegoda West	Udupeellegoda West	gnd	246	7	64	16	22	0	0
LK-3230150	Kongala East	Kongala East	gnd	116	0	67	0	0	0	0
LK-3230155	Kongala South	Kongala South	gnd	101	5	170	15	6	0	2
LK-3230160	Kongala Central	Kongala Central	gnd	233	3	37	1	2	0	0
LK-3230165	Kongala West	Kongala West	gnd	148	1	131	4	5	0	2
LK-3230170	Narawelpita West	Narawelpita West	gnd	81	3	220	8	10	0	0
LK-3233005	Ovitigamuwa South	Ovitigamuwa South	gnd	279	7	3	0	1	0	0
LK-3233010	Ovitigamuwa North	Ovitigamuwa North	gnd	105	7	168	6	0	0	0
LK-3233015	Malwathugoda	Malwathugoda	gnd	138	1	126	11	4	0	0
LK-3233020	Galkanda	Galkanda	gnd	179	6	0	0	0	0	0
LK-3233025	Kirinda Mangin Pahala	Kirinda Mangin Pahala	gnd	191	12	0	3	2	0	0
LK-3233030	Kirinda Mangin Ihala North	Kirinda Mangin Ihala North	gnd	212	16	0	2	0	0	0
LK-3233035	Hettiyawala West	Hettiyawala West	gnd	203	0	0	1	0	0	0
LK-3233040	Hettiyawala North	Hettiyawala North	gnd	65	7	177	4	4	0	0
LK-3233045	Boraluketiya	Boraluketiya	gnd	15	1	130	8	10	0	0
LK-3233050	Karathota	Karathota	gnd	232	16	0	0	0	0	0
LK-3233055	Naradda	Naradda	gnd	103	1	116	3	2	0	0
LK-3233060	Kumbalgoda	Kumbalgoda	gnd	181	0	0	1	0	0	0
LK-3233065	Hettiyawala East	Hettiyawala East	gnd	219	2	15	1	0	0	0
LK-3233070	Hettiyawala South	Hettiyawala South	gnd	242	11	0	0	1	0	0
LK-3233075	Wavulanbokka	Wavulanbokka	gnd	59	3	104	22	2	0	0
LK-3233080	Puhulwella East	Puhulwella East	gnd	131	0	79	14	0	0	0
LK-3233085	Puhulwella West	Puhulwella West	gnd	90	2	171	7	3	0	0
LK-3233090	Kirinda Mangin Ihala South	Kirinda Mangin Ihala South	gnd	103	1	139	7	2	0	0
LK-3233095	Kirinda Mangin Ihala Central	Kirinda Mangin Ihala Central	gnd	234	2	81	4	2	0	0
LK-3233100	Kirinda Mangin Ihala East	Kirinda Mangin Ihala East	gnd	92	0	143	2	2	0	0
LK-3233105	Wathukolakanda East	Wathukolakanda East	gnd	132	2	145	3	19	0	0
LK-3233110	Walakanda South	Walakanda South	gnd	168	1	0	2	2	0	0
LK-3233115	Walakanda West	Walakanda West	gnd	227	0	0	2	1	0	0
LK-3233120	Walakanda East	Walakanda East	gnd	70	0	86	6	1	0	1
LK-3233125	Wathukolakanda North	Wathukolakanda North	gnd	119	0	72	3	1	0	0
LK-3236005	Pahala Vitiyala West	Pahala Vitiyala West	gnd	193	10	60	1	1	0	0
LK-3236010	Pahala Vitiyala Central	Pahala Vitiyala Central	gnd	184	1	90	2	3	0	1
LK-3236015	Pahala Vitiyala East	Pahala Vitiyala East	gnd	109	4	83	0	0	0	0
LK-3236020	Polathugoda	Polathugoda	gnd	54	6	207	7	3	0	0
LK-3236025	Batuvita 1	Batuvita 1	gnd	139	8	165	10	2	0	0
LK-3236030	Batuvita 2	Batuvita 2	gnd	167	5	91	4	1	0	0
LK-3236035	Medauyangoda	Medauyangoda	gnd	187	6	190	17	3	0	0
LK-3236040	Akkara Panaha	Akkara Panaha	gnd	37	0	177	3	4	0	0
LK-3236045	Yatiyana	Yatiyana	gnd	165	3	147	6	7	0	0
LK-3236050	Kottawatta	Kottawatta	gnd	144	15	0	4	1	0	0
LK-3236055	Komangoda 2	Komangoda 2	gnd	106	0	60	10	3	0	0
LK-3236060	Komangoda 1	Komangoda 1	gnd	60	0	82	1	4	0	0
LK-3236065	Thihagoda East	Thihagoda East	gnd	256	12	39	1	0	0	1
LK-3236070	Thihagoda	Thihagoda	gnd	233	10	0	0	0	0	0
LK-3236075	Kithalagama East 2	Kithalagama East 2	gnd	75	22	0	1	0	0	0
LK-3236080	Kithalagama East 3	Kithalagama East 3	gnd	65	0	94	7	10	0	0
LK-3236085	Kithalagama Central	Kithalagama Central	gnd	59	3	179	21	12	0	0
LK-3236090	Narangala	Narangala	gnd	45	0	213	26	0	0	0
LK-3236095	Wellethota	Wellethota	gnd	110	3	219	20	8	0	0
LK-3236100	Kithalagama West	Kithalagama West	gnd	60	2	157	1	2	0	0
LK-3236105	Kithalagama East 1	Kithalagama East 1	gnd	76	23	34	6	3	0	0
LK-3236110	Naimbala 1	Naimbala 1	gnd	103	0	57	3	0	0	0
LK-3236115	Kapudoowa	Kapudoowa	gnd	131	0	63	3	4	0	0
LK-3236120	Kapudoowa East	Kapudoowa East	gnd	179	15	1	0	0	0	0
LK-3236125	Uduwa West	Uduwa West	gnd	53	1	91	14	4	0	0
LK-3236130	Uduwa East	Uduwa East	gnd	102	3	115	0	0	0	0
LK-3236135	Galbada	Galbada	gnd	75	2	83	0	0	0	0
LK-3236140	Naimbala 2	Naimbala 2	gnd	192	4	136	14	11	0	0
LK-3236145	Bandattara 2	Bandattara 2	gnd	140	1	91	5	1	0	0
LK-3236150	Watagedara East	Watagedara East	gnd	187	12	3	3	0	0	0
LK-3236155	Attudawa	Attudawa	gnd	116	1	69	4	1	0	0
LK-3236160	Attudawa West	Attudawa West	gnd	256	2	1	0	2	0	0
LK-3236165	Watagedara	Watagedara	gnd	122	2	129	9	1	0	0
LK-3236170	Nadugala 2	Nadugala 2	gnd	148	8	96	11	1	0	1
LK-3236175	Nadugala 1	Nadugala 1	gnd	289	8	14	7	3	0	0
LK-3236180	Bandattara 1	Bandattara 1	gnd	241	17	9	0	1	0	0
LK-3236185	Elambathalagoda	Elambathalagoda	gnd	138	4	6	2	1	0	0
LK-3236190	Palatuwa	Palatuwa	gnd	228	6	66	12	1	0	0
LK-3236195	Unella	Unella	gnd	170	2	126	15	2	0	0
LK-3236200	Dematahettigoda	Dematahettigoda	gnd	108	11	211	15	1	0	0
LK-3239005	Midigama North	Midigama North	gnd	308	17	152	18	4	0	0
LK-3239010	Pathegama	Pathegama	gnd	96	73	118	11	3	0	7
LK-3239015	Moodugamuwa West	Moodugamuwa West	gnd	235	2	105	10	5	0	0
LK-3239020	Moodugamuwa East	Moodugamuwa East	gnd	167	6	74	3	3	0	1
LK-3239025	Kohunugamuwa	Kohunugamuwa	gnd	285	3	94	10	3	0	0
LK-3239030	Walana	Walana	gnd	359	12	107	14	4	0	0
LK-3239035	Wekada	Wekada	gnd	512	6	382	40	28	1	0
LK-3239040	Denuwala	Denuwala	gnd	79	3	206	38	18	0	2
LK-3239045	Midigama West	Midigama West	gnd	146	3	217	28	20	0	0
LK-3239050	Midigama East	Midigama East	gnd	171	7	151	11	11	0	1
LK-3239055	Hetti Weediya	Hetti  Weediya	gnd	568	10	35	5	8	5	0
LK-3239060	Aluth Weediya	Aluth Weediya	gnd	596	7	106	6	3	0	0
LK-3239065	Polwatta	Polwatta	gnd	324	5	248	38	9	0	0
LK-3239070	Nidangala	Nidangala	gnd	76	5	151	24	7	0	0
LK-3239075	Kotavila West	Kotavila West	gnd	217	4	177	9	2	0	0
LK-3239080	Kotavila North	Kotavila North	gnd	260	4	212	11	3	1	0
LK-3239085	Kamburugamuwa North	Kamburugamuwa North	gnd	928	23	115	15	2	0	0
LK-3239090	Kotavila South	Kotavila South	gnd	450	11	121	5	3	0	0
LK-3239095	Henwala East	Henwala East	gnd	261	6	54	8	0	0	1
LK-3239100	Polwathumodara	Polwathumodara	gnd	227	18	45	23	3	0	0
LK-3239105	Pelena North	Pelena North	gnd	168	8	119	25	8	0	1
LK-3239110	Pelena West	Pelena West	gnd	311	1	29	6	2	0	1
LK-3239115	Galbokka East	Galbokka East	gnd	283	7	24	0	3	0	0
LK-3239120	Galbokka West	Galbokka West	gnd	218	4	27	0	0	0	0
LK-3239125	Paranakade	Paranakade	gnd	245	4	51	7	2	1	0
LK-3239130	Walliwala East	Walliwala East	gnd	227	4	341	32	6	0	0
LK-3239135	Pitidoowa	Pitidoowa	gnd	273	12	76	19	3	0	1
LK-3239140	Gurubebila	Gurubebila	gnd	255	10	155	15	4	0	1
LK-3239145	Walliwala West	Walliwala West	gnd	165	6	144	25	7	0	0
LK-3239150	Walliwala South	Walliwala South	gnd	263	12	22	5	0	0	0
LK-3239155	Maha Weediya	Maha Weediya	gnd	281	6	55	12	12	2	1
LK-3239160	Pelena South	Pelena South	gnd	132	12	109	12	1	0	0
LK-3239165	Henwala West	Henwala West	gnd	217	11	33	2	2	0	0
LK-3239170	Garanduwa	Garanduwa	gnd	194	12	94	16	1	0	1
LK-3239175	Mirissa Udumulla	Mirissa Udumulla	gnd	146	2	165	21	11	0	0
LK-3239180	Mirissa Udupila	Mirissa Udupila	gnd	252	4	187	20	6	0	0
LK-3239185	Mirissa North	Mirissa North	gnd	318	4	0	0	0	0	0
LK-3239190	Mirissa South 2	Mirissa South 2	gnd	176	4	155	14	4	0	0
LK-3239195	Kapparathota South	Kapparathota South	gnd	110	12	121	34	10	0	1
LK-3239200	Kapparathota North	Kapparathota North	gnd	397	7	50	4	6	0	0
LK-3239205	Mirissa South 1	Mirissa South 1	gnd	280	3	1	0	3	0	0
LK-3239210	Bandaramulla	Bandaramulla	gnd	163	11	196	24	14	0	0
LK-3239215	Thal Aramba North	Thal Aramba North	gnd	284	7	187	7	4	0	0
LK-3239220	Thudella	Thudella	gnd	159	6	124	3	1	0	0
LK-3239225	Kamburugamuwa South	Kamburugamuwa South	gnd	300	3	94	6	10	0	0
LK-3239230	Kamburugamuwa West	Kamburugamuwa West	gnd	141	5	75	11	2	0	0
LK-3239235	Thal Aramba East	Thal Aramba East	gnd	177	7	27	4	1	0	0
LK-3239240	Thal Aramba South	Thal Aramba South	gnd	161	5	66	8	2	0	1
LK-3242005	Deeyagaha East	Deeyagaha East	gnd	84	4	218	18	11	0	0
LK-3242010	Kekanadura East	Kekanadura East	gnd	400	1	159	5	1	0	0
LK-3242015	Kokawala	Kokawala	gnd	239	17	3	3	2	0	0
LK-3242020	Parawahera East	Parawahera East	gnd	293	3	49	4	4	0	0
LK-3242025	Parawahera North	Parawahera North	gnd	288	7	138	3	1	0	1
LK-3242030	Kekanadura North	Kekanadura North	gnd	48	0	148	9	1	0	0
LK-3242035	Kekanadura Central	Kekanadura Central	gnd	410	19	108	4	0	0	0
LK-3242040	Deeyagaha West	Deeyagaha West	gnd	126	0	169	5	4	0	0
LK-3242045	Navimana North	Navimana North	gnd	51	0	77	5	0	0	0
LK-3242050	Pahalagoda	Pahalagoda	gnd	43	0	165	9	2	0	0
LK-3242055	Navimana South	Navimana South	gnd	388	6	86	15	5	0	0
LK-3242060	Thudawa East	Thudawa East	gnd	179	1	136	22	4	0	0
LK-3242065	Thudawa North	Thudawa North	gnd	131	6	92	10	1	0	1
LK-3242070	Thudawa South	Thudawa South	gnd	233	7	141	23	6	0	0
LK-3242075	Sudarshi Place	Sudarshi Place	gnd	381	11	51	1	1	0	0
LK-3242080	Hittatiya East	Hittetiya East	gnd	510	9	126	7	2	0	0
LK-3242085	Hittatiya Meda	Hittetiya Meda	gnd	1007	17	72	20	6	0	0
LK-3242090	Godagama	Godagama	gnd	630	4	25	2	2	1	0
LK-3242095	Eduwa - Madurudoowa	Eduwa - Madurudoowa	gnd	127	2	153	10	10	0	0
LK-3242100	Kanattagoda North	Kanattagoda North	gnd	245	1	244	5	7	0	0
LK-3242105	Wewahamandoowa	Wewahamandoowa	gnd	645	13	214	11	15	0	0
LK-3242110	Hittatiya West	Hittetiya West	gnd	372	5	38	9	4	0	0
LK-3242115	Isadeen Town	Isadeen Town	gnd	648	1	6	1	0	0	0
LK-3242120	Weliweriya West	Weliweriya West	gnd	370	4	1	1	0	0	0
LK-3242125	Weliweriya East	Weliweriya East	gnd	686	15	21	5	2	0	0
LK-3242130	Walpala	Walpala	gnd	673	5	18	4	1	0	0
LK-3242135	Weragampita	Weragampita	gnd	805	3	94	24	5	0	0
LK-3242140	Ruwan Ella	Ruwan Ella	gnd	136	3	272	11	11	0	0
LK-3242145	Kekanadura West	Kekanadura West	gnd	190	2	16	0	0	0	0
LK-3242150	Kekanadura South	Kekanadura South	gnd	551	29	132	4	7	0	1
LK-3242155	Parawahera South	Parawahera South	gnd	329	10	164	22	5	0	0
LK-3242160	Thalpavila North	Thalpavila North	gnd	783	21	290	8	1	0	0
LK-3242165	Nakuttiya	Nakuttiya	gnd	254	15	0	4	15	0	0
LK-3242170	Veherahena	Veherahena	gnd	628	26	145	9	5	0	0
LK-3242175	Makavita	Makavita	gnd	260	3	122	3	1	0	0
LK-3242180	Weradoowa	Weradoowa	gnd	261	2	82	8	1	0	0
LK-3242185	Uyanwatta	Uyanwatta	gnd	484	8	105	8	2	1	0
LK-3242190	Uyanwatta North	Uyanwatta North	gnd	597	20	33	5	4	0	0
LK-3242195	Kadeweediya East	Kadeweediya East	gnd	462	3	21	15	0	0	0
LK-3242200	Kadeweediya West	Kadeweediya West	gnd	467	15	26	8	2	0	0
LK-3242205	Welegoda East	Welegoda East	gnd	896	8	40	3	2	0	0
LK-3242210	Welegoda West	Welegoda West	gnd	498	12	43	2	0	0	0
LK-3242215	Mathotagama	Mathotagama	gnd	251	19	155	31	4	0	0
LK-3242220	Walgama North	Walgama North	gnd	605	6	109	15	4	0	0
LK-3242225	Kanattegoda South	Kanattagoda South	gnd	283	6	34	12	0	0	0
LK-3242230	Madiha West	Madiha West	gnd	534	10	69	6	4	0	0
LK-3242235	Walgama	Walgama	gnd	673	7	103	1	2	0	0
LK-3242240	Walgama Meda	Walgama Meda	gnd	503	12	2	4	2	0	0
LK-3242245	Walgama South	Walgama South	gnd	490	11	56	15	0	0	0
LK-3242250	Madiha East	Madiha East	gnd	175	1	84	10	3	0	0
LK-3242255	Polhena	Polhena	gnd	518	10	55	4	1	0	0
LK-3242260	Pamburana	Pamburana	gnd	608	24	113	12	3	0	0
LK-3242265	Noope	Noope	gnd	212	2	0	0	0	0	0
LK-3242270	Kadeweediya South	Kadeweediya South	gnd	281	1	1	0	0	0	0
LK-3242275	Thotamuna	Thotamuna	gnd	291	4	114	5	0	0	0
LK-3242280	Fort	Fort	gnd	182	7	1	0	0	0	0
LK-3242285	Kotuwegoda North	Kotuwegoda North	gnd	273	13	1	0	0	0	0
LK-3242290	Eliyakanda North	Eliyakanda North	gnd	291	2	1	0	0	0	0
LK-3242295	Meddawatta	Meddawatta	gnd	307	2	111	11	3	0	0
LK-3242300	Rassandeniya	Rassandeniya	gnd	447	15	147	13	4	0	1
LK-3242305	Wewa Ihalagoda	Wewa Ihalagoda	gnd	366	2	116	12	6	0	0
LK-3242310	Thalpavila South	Thalpavila South	gnd	237	1	106	17	2	0	0
LK-3242315	Gandarawatta	Gandarawatta	gnd	180	5	57	13	6	0	0
LK-3242320	Meddawatta South	Meddawatta South	gnd	136	2	72	7	3	0	0
LK-3242325	Eliyakanda South	Eliyakanda South	gnd	365	7	36	11	4	1	0
LK-3242330	Kotuwegoda South	Kotuwegoda South	gnd	218	1	0	0	0	0	0
LK-3245005	Kadawedduwa West	Kadawedduwa West	gnd	216	4	163	21	1	0	0
LK-3245010	Kadawedduwa East	Kadawedduwa East	gnd	109	0	91	1	1	0	1
LK-3245015	Walbulugahahena	Walbulugahahena	gnd	65	2	213	13	7	0	1
LK-3245020	Aparekka North	Aparekka North	gnd	63	2	88	11	1	0	0
LK-3245025	Uda Aparekka East	Uda Aparekka East	gnd	79	1	321	4	2	0	0
LK-3245030	Uda Aparekka	Uda Aparekka	gnd	181	7	286	15	1	0	2
LK-3245035	Palle Aparekka	Palle Aparekka	gnd	87	2	141	19	4	0	0
LK-3245040	Agarawala	Agarawala	gnd	201	6	20	0	0	0	1
LK-3245045	Beddegammedda	Beddegammedda	gnd	156	1	181	12	9	0	0
LK-3245050	Pathegama East	Pathegama East	gnd	25	1	91	3	0	0	1
LK-3245055	Pathegama North	Pathegama North	gnd	61	0	80	4	0	0	0
LK-3245060	Naotunna	Naotunna	gnd	154	6	165	13	9	0	0
LK-3245065	Naotunna North	Naotunna North	gnd	107	8	79	27	2	0	1
LK-3245070	Thalalla North	Thalalla North	gnd	209	10	152	2	1	0	0
LK-3245075	Thalalla East	Thalalla East	gnd	147	2	144	9	1	0	2
LK-3245080	Thalalla South	Thalalla South	gnd	181	1	209	11	8	0	0
LK-3245085	Naotunna Central	Naotunna Central	gnd	73	3	106	8	6	0	0
LK-3245090	Naotunna South	Naotunna South	gnd	115	9	77	22	11	0	0
LK-3245095	Thalalla Central	Thalalla Central	gnd	301	28	53	1	1	0	0
LK-3245100	Delgalla	Delgalla	gnd	126	0	137	8	2	0	0
LK-3245105	Kapugama North	Kapugama North	gnd	332	8	128	5	2	0	0
LK-3245110	Kapugama West	Kapugama West	gnd	177	1	108	8	5	0	1
LK-3245115	Gandarawatta South	Gandarawatta South	gnd	182	42	35	15	4	0	0
LK-3245120	Kapugama Central	Kapugama Central	gnd	255	17	154	6	4	0	1
LK-3245125	Kapugama East	Kapugama East	gnd	430	8	645	35	26	0	0
LK-3245130	Gandara East	Gandara East	gnd	160	4	141	15	5	1	0
LK-3245135	Thalalla	Thalalla	gnd	228	5	128	6	10	0	1
LK-3245140	Gandara South	Gandara South	gnd	40	5	146	9	13	0	0
LK-3245145	Gandara Central	Gandara Central	gnd	53	1	133	35	6	1	0
LK-3245150	Gandara West	Gandara West	gnd	214	0	237	22	5	0	0
LK-3245155	Devinuwara North	Devinuwara North	gnd	401	14	246	17	5	0	0
LK-3245160	Devinuwara Central	Devinuwara Central	gnd	78	1	156	23	1	0	0
LK-3245165	Devinuwara Nugegoda	Devinuwara Nugegoda	gnd	182	12	182	33	8	4	0
LK-3245170	Devinuwara West	Devinuwara West	gnd	84	3	49	2	2	0	0
LK-3245175	Devinuwara East	Devinuwara East	gnd	174	9	74	11	4	1	1
LK-3245180	Devinuwara Wawwa	Devinuwara Wawwa	gnd	208	16	162	24	12	0	0
LK-3245185	Devinuwara Pradeepagara Pedesa	Devinuwara Pradeepagara Pedesa	gnd	139	20	118	7	5	0	0
LK-3245190	Devinuwara	Devinuwara	gnd	100	4	1	1	0	0	0
LK-3245195	Devinuwara Welegoda	Devinuwara Welegoda	gnd	72	4	110	25	4	0	0
LK-3245200	Devinuwara Sinhasana Pedesa	Devinuwara Sinhasana Pedesa	gnd	107	1	105	14	1	0	3
LK-3245205	Devinuwara South	Devinuwara  South	gnd	105	2	93	23	4	0	0
LK-3248005	Urugamuwa North	Urugamuwa North	gnd	137	8	2	1	2	0	0
LK-3248010	Bodarakanda	Bodarakanda	gnd	119	9	85	8	3	0	0
LK-3248015	Urugamuwa East	Urugamuwa East	gnd	111	0	138	2	10	0	0
LK-3248020	Urugamuwa Central	Urugamuwa Central	gnd	112	0	124	4	4	0	0
LK-3248025	Urugamuwa West	Urugamuwa West	gnd	102	0	76	2	3	0	0
LK-3248030	Dandeniya North	Dandeniya North	gnd	270	6	37	3	3	0	1
LK-3248035	Urugamuwa South	Urugamuwa South	gnd	242	5	0	0	0	0	1
LK-3248040	Rannawala	Rannawala	gnd	118	1	120	10	0	0	0
LK-3248045	Urugamuwa	Urugamuwa	gnd	188	4	51	3	2	0	0
LK-3248050	Wehella	Wehella	gnd	279	0	3	6	4	0	0
LK-3248055	Wehella North	Wehella North	gnd	96	2	88	8	2	0	0
LK-3248060	Dandeniya South	Dandeniya South	gnd	50	5	190	1	9	0	0
LK-3248065	Bambarenda North	Bambarenda North	gnd	128	10	272	19	21	2	0
LK-3248070	Pohosathugoda	Pohosathugoda	gnd	184	1	0	0	0	0	0
LK-3248075	Rathmale	Rathmale	gnd	151	2	120	9	8	0	3
LK-3248080	Bambarenda Central	Bambarenda Central	gnd	314	7	132	8	2	0	0
LK-3248085	Wehella South	Wehella South	gnd	160	5	0	0	0	0	0
LK-3248090	Wattegama	Wattegama	gnd	229	2	65	6	2	0	0
LK-3248095	Wattegama North	Wattegama North	gnd	171	1	174	12	4	0	1
LK-3248100	Walasgala West	Walasgala West	gnd	237	3	0	0	2	0	0
LK-3248105	Walasgala East	Walasgala East	gnd	327	10	132	11	7	1	0
LK-3248110	Wevurukannala	Wevurukannala	gnd	225	2	92	1	9	4	0
LK-3248115	Dickwella North	Dickwella North	gnd	183	2	328	17	5	0	1
LK-3248120	Dodampahala North	Dodampahala North	gnd	241	3	188	4	21	0	0
LK-3248125	Dodampahala East	Dodampahala East	gnd	220	4	332	8	12	0	1
LK-3248130	Dodampahala Central	Dodampahala Central	gnd	70	0	227	16	11	0	1
LK-3248135	Dodampahala West	Dodampahala West	gnd	308	11	69	8	2	0	0
LK-3248140	Dodampahala South	Dodampahala South	gnd	266	6	127	12	6	0	0
LK-3248145	Dickwella East	Dickwella East	gnd	198	19	85	3	0	0	0
LK-3248150	Dickwella Central	Dickwella Central	gnd	261	24	69	9	3	0	0
LK-3248155	Dickwella Muslim Yonakapura East	Dickwella Muslim Yonakapura East	gnd	178	4	97	2	1	0	0
LK-3248160	Dickwella Muslim Yonakapura West	Dickwella Muslim Yonakapura West	gnd	130	3	5	0	0	0	0
LK-3248165	Dickwella South	Dickwella South	gnd	316	14	3	0	0	0	0
LK-3248170	Wattegama South	Wattegama South	gnd	333	29	137	12	5	0	0
LK-3248175	Batheegama East	Batheegama East	gnd	177	8	67	24	3	0	0
LK-3248180	Batheegama Central	Batheegama  Central	gnd	394	5	125	11	13	0	0
LK-3248185	Batheegama West	Batheegama West	gnd	124	10	153	15	1	0	1
LK-3248190	Bambarenda East	Bambarenda East	gnd	137	3	102	3	5	0	1
LK-3248195	Bambarenda South	Bambarenda South	gnd	365	5	83	2	2	0	0
LK-3248200	Bambarenda West	Bambarenda West	gnd	142	2	146	5	11	0	1
LK-3248205	Belideniya	Belideniya	gnd	134	2	91	13	2	0	0
LK-3248210	Pathegama Central	Pathegama Central	gnd	111	4	149	16	9	0	1
LK-3248215	Pathegama South	Pathegama South	gnd	412	20	97	7	9	0	1
LK-3248220	Beliwatta	Beliwatta	gnd	299	5	12	17	11	0	0
LK-3248225	Suduwella	Suduwella	gnd	43	3	136	5	9	0	0
LK-3248230	Kottagoda	Kottagoda	gnd	49	2	93	7	1	0	0
LK-3248235	Godauda	Godauda	gnd	112	2	0	0	0	0	0
LK-3248240	Lunukalapuwa	Lunukalapuwa	gnd	261	19	54	1	8	0	1
LK-3303005	Ihala Kumbukwewa	Ihala Kumbukwewa	gnd	30	16	130	5	0	0	2
LK-3303010	Mahagalwewa	Mahagalwewa	gnd	162	10	227	22	3	0	2
LK-3303015	Meegaha Jadura	Meegaha Jandura	gnd	269	8	130	24	12	0	0
LK-3303020	Ranmuduwewa	Ranmuduwewa	gnd	273	59	28	0	1	0	0
LK-3303025	Weliwewa	Weliwewa	gnd	81	3	436	24	7	0	0
LK-3303030	Suravirugama	Suravirugama	gnd	255	2	582	46	32	0	1
LK-3303035	Samajasewapura	Samajasewapura	gnd	191	12	570	16	20	0	0
LK-3303040	Weeriyagama	Weeriyagama	gnd	213	4	466	54	23	0	0
LK-3303045	Hathporuwa	Hathporuwa	gnd	467	61	284	9	17	0	0
LK-3303050	Weniwel Ara	Weniwel Ara	gnd	449	7	324	21	7	0	1
LK-3303055	Aliolu Ara	Aliolu Ara	gnd	314	7	311	25	10	0	1
LK-3303060	Sooriyawewa Town	Sooriyawewa Town	gnd	728	35	247	15	4	0	0
LK-3303065	Viharagala	Viharagala	gnd	425	10	376	32	19	0	0
LK-3303070	Beddewewa	Beddewewa	gnd	408	42	172	29	21	0	0
LK-3303075	Mahawelikada Ara	Mahawelikada Ara	gnd	239	2	399	19	20	0	0
LK-3303080	Andarawewa	Andarawewa	gnd	266	118	510	39	29	0	0
LK-3303085	Namadagaswewa	Namadagaswewa	gnd	389	7	195	36	16	0	0
LK-3303090	Mahapelessa	Mahapelessa	gnd	154	5	398	13	10	0	0
LK-3303095	Bediganthota	Bediganthota	gnd	309	26	156	20	7	0	1
LK-3303100	Habarattawala	Habarattawala	gnd	140	9	171	7	1	0	0
LK-3303105	Wediwewa	Wediwewa	gnd	923	17	413	14	21	0	3
LK-3306005	Maha Aluth Gam Ara	Maha Aluth Gam Ara	gnd	44	5	192	11	3	0	1
LK-3306010	Angunakolawewa	Angunakolawewa	gnd	97	0	0	0	1	0	0
LK-3306015	Veheragala	Veheragala	gnd	2	0	115	7	0	0	0
LK-3306020	Ranawarnawa	Ranawarnawa	gnd	23	0	443	7	7	0	0
LK-3306025	Dewramvehera	Dewramvehera	gnd	209	5	196	20	4	0	0
LK-3306030	Bogahawewa	Bogahawewa	gnd	17	5	201	13	12	0	3
LK-3306035	Padavigama	Padavigama	gnd	251	3	320	5	4	0	0
LK-3306040	Punchiappujandura	Punchiappujandura	gnd	44	2	260	7	5	0	1
LK-3306045	Lunugamvehera New Town	Lunugamvehera New Town	gnd	529	5	291	13	7	0	0
LK-3306050	Seenimunna	Seenimunna	gnd	125	6	169	10	2	0	0
LK-3306055	Kendagasmankada	Kendagasmankada	gnd	312	19	213	6	5	0	0
LK-3306060	Mahanagapura	Mahanagapura	gnd	69	0	268	4	8	0	0
LK-3306065	Muwanwewa	Muwanwewa	gnd	16	1	158	9	6	0	0
LK-3306070	Weeravil Ara	Weeravil Ara	gnd	69	21	5	1	0	0	0
LK-3306075	Ittanwekada	Ittanwekada	gnd	192	16	10	1	3	0	1
LK-3306080	Mattala	Mattala	gnd	256	11	1	1	0	0	0
LK-3306085	Pahala Mattala	Pahala Mattala	gnd	155	16	9	1	0	0	1
LK-3306090	Mihindupura	Mihindupura	gnd	61	1	274	18	10	0	1
LK-3306095	Abhayapura	Abhayapura	gnd	42	13	119	5	2	0	0
LK-3306100	Singhapura	Singhapura	gnd	26	1	180	19	9	0	1
LK-3306105	Senapura	Senapura	gnd	47	4	172	7	16	0	0
LK-3306110	Agbopura	Agbopura	gnd	55	6	291	14	9	0	0
LK-3306115	Karambawewa	Karambawewa	gnd	40	0	274	8	2	0	0
LK-3306120	Rambukwewa	Rambukwewa	gnd	156	8	276	27	3	0	0
LK-3306125	Keerthipura	Keerthipura	gnd	52	0	82	1	1	0	0
LK-3306130	Samanpura	Samanpura	gnd	16	0	146	10	5	0	0
LK-3306135	Ranasiripura	Ranasiripura	gnd	89	6	243	11	9	0	0
LK-3306140	Weeravila	Weeravila	gnd	218	17	132	6	5	0	1
LK-3306145	Weligatta	Weligatta	gnd	30	1	50	4	1	0	0
LK-3306150	Beralihela	Beralihela	gnd	171	3	39	3	0	0	1
LK-3306155	Dutugemunupura	Dutugemunupura	gnd	26	1	256	0	0	0	0
LK-3306160	Jayagama	Jayagama	gnd	198	18	54	10	14	0	1
LK-3306165	Parakramapura	Parakramapura	gnd	18	0	93	8	5	0	1
LK-3306170	Saddhathissapura	Saddhathissapura	gnd	271	8	0	1	1	0	1
LK-3306175	Saddhathissapura New Town	Saddhathissapura New Town	gnd	32	0	99	3	0	0	0
LK-3306180	Saliyapura	Saliyapura	gnd	33	2	138	1	3	0	3
LK-3309005	Kawanthissapura	Kawanthissapura	gnd	318	10	175	8	34	0	3
LK-3309010	Kirinda	Kirinda	gnd	268	9	511	40	32	2	5
LK-3309015	Uddhakandara	Uddhakandara	gnd	646	15	116	3	4	0	8
LK-3309020	Joolpallama	Joolpallama	gnd	812	44	195	9	12	1	4
LK-3309025	Weerahela	Weerahela	gnd	184	10	500	80	15	0	1
LK-3309030	Vijithapura	Vijithapura	gnd	509	18	40	16	1	0	1
LK-3309035	Ellagala	Ellagala	gnd	103	0	455	28	9	0	1
LK-3309040	Anjaligala	Anjaligala	gnd	117	9	197	14	16	0	0
LK-3309045	Pannagamuwa	Pannagamuwa	gnd	173	2	431	16	13	0	0
LK-3309050	Dambewelena	Dambewelena	gnd	125	4	173	4	7	0	0
LK-3309055	Mahindapura	Mahindapura	gnd	232	4	199	5	13	0	1
LK-3309060	Gemunupura	Gemunupura	gnd	151	4	243	31	2	0	0
LK-3309065	Ekamuthugama	Ekamuthugama	gnd	358	76	0	0	1	0	0
LK-3309070	Sandungama	Sandungama	gnd	280	21	75	5	14	0	0
LK-3309075	Debarawewa	Debarawewa	gnd	284	12	115	12	4	0	1
LK-3309080	Kachcheriyagama	Kachcheriyagama	gnd	162	10	53	11	6	4	0
LK-3309085	Sandagiripura	Sandagiripura	gnd	248	17	31	139	10	0	0
LK-3309090	Mahasenpura	Mahasenpura	gnd	517	13	174	14	13	0	0
LK-3309095	Shuddha Nagaraya	Shuddha Nagaraya	gnd	220	7	0	1	6	1	0
LK-3309100	Medawelena	Medawelena	gnd	420	2	72	4	4	0	0
LK-3309105	Rohanapura	Rohanapura	gnd	305	6	0	0	1	0	0
LK-3309110	Senapura	Senapura	gnd	223	9	273	23	3	0	0
LK-3309115	Gangasiripura	Gangasiripura	gnd	372	10	170	27	6	0	1
LK-3309120	Polgahawelena	Polgahawelena	gnd	72	2	202	28	0	0	0
LK-3309125	Randunu Watta	Randunuwatta	gnd	261	6	84	6	3	0	1
LK-3309130	Molakepoopathana	Molakepoopathana	gnd	326	0	0	4	21	1	0
LK-3309135	Thissapura	Thissapura	gnd	168	3	535	17	20	0	0
LK-3309140	Uduvila	Uduvila	gnd	340	8	38	0	3	1	0
LK-3309145	Rubberwatta	Rubberwatta	gnd	345	18	13	1	1	0	0
LK-3309150	Thissamaharama	Thissamaharama	gnd	324	10	69	6	0	2	0
LK-3309155	Gotabhayapura	Gotabhayapura	gnd	179	1	148	220	10	0	1
LK-3309160	Rana Keliya	Rana Keliya	gnd	283	22	72	2	3	0	1
LK-3309165	Viharamahadevipura	Viharamahadevipura	gnd	156	3	489	34	33	0	1
LK-3309170	Yodhakandiya	Yodhakandiya	gnd	76	1	120	259	32	0	1
LK-3309175	Welipothewala	Welipothewela	gnd	230	6	41	1	1	0	0
LK-3309180	Halmillawa	Halmillawa	gnd	89	3	87	2	1	0	0
LK-3309185	Rathnelumwalayaya	Rathnelumwalayaya	gnd	116	8	234	9	10	0	1
LK-3309190	Gonagamuwa	Gonagamuwa	gnd	115	2	167	9	3	0	0
LK-3309195	Saliyapura	Saliyapura	gnd	231	13	69	12	5	0	3
LK-3309200	Nedigamvila	Nedigamvila	gnd	343	3	0	0	4	0	0
LK-3309205	Wijayapura	Wijayapura	gnd	43	3	370	11	11	0	0
LK-3309210	Konwelena	Konwelena	gnd	66	2	320	12	24	0	0
LK-3309215	Magama	Magama	gnd	109	0	164	14	3	0	0
LK-3309220	Andaragasyaya	Andaragasyaya	gnd	316	13	339	9	5	0	1
LK-3312005	Elalla	Elalla	gnd	138	6	307	19	22	1	1
LK-3312010	Ketenwewa	Ketenwewa	gnd	207	1	1	0	1	0	0
LK-3312015	Thammennawa	Thammennawa	gnd	100	11	409	15	25	0	2
LK-3312020	Badagiriya	Badagiriya	gnd	52	0	343	7	3	0	1
LK-3312025	Yahangala East	Yahangala East	gnd	48	3	202	8	9	0	1
LK-3312030	Joolgamuwa	Joolgamuwa	gnd	143	9	214	7	18	0	1
LK-3312035	Yahangala West	Yahangala West	gnd	58	14	227	5	5	0	1
LK-3312040	Keliyapura	Keliyapura	gnd	255	4	507	40	47	0	3
LK-3312045	Gonnoruwa	Gonnoruwa	gnd	58	2	328	13	16	0	0
LK-3312050	Bellagaswewa	Bellagaswewa	gnd	190	1	344	1	2	0	0
LK-3312055	Galwewa	Galwewa	gnd	770	20	225	15	13	0	4
LK-3312060	Siyambalagasvila South	Siyambalagasvila South	gnd	98	6	288	14	4	0	1
LK-3312065	Siyambalagasvila North	Siyambalagasvila North	gnd	38	21	285	7	2	0	0
LK-3312070	Udaberagama	Udaberagama	gnd	269	3	193	12	3	1	0
LK-3312075	Arawanamulla	Arawanamulla	gnd	118	7	416	10	16	0	0
LK-3312080	Pahala Beragama	Pahala Beragama	gnd	182	5	265	8	1	0	0
LK-3312085	Dehigahalanda	Dehigahalanda	gnd	177	0	153	0	3	0	0
LK-3312090	Walawa	Walawa	gnd	269	8	174	4	19	0	0
LK-3312095	Godawaya	Godawaya	gnd	306	9	242	19	3	0	0
LK-3312100	Sisilasagama	Sisilasagama	gnd	353	6	590	47	17	0	2
LK-3312105	Manajjawa	Manajjawa	gnd	544	16	274	18	2	0	0
LK-3312110	Samodagama	Samodagama	gnd	465	19	130	7	30	0	0
LK-3312115	Mirijjavila	Mirijjavila	gnd	279	7	280	6	9	0	0
LK-3312120	Hambantota West	Hambantota West	gnd	1043	17	458	42	2	12	0
LK-3312125	Hambantota East	Hambantota East	gnd	129	0	86	2	0	0	0
LK-3312130	Siribopura	Siribopura	gnd	1633	49	537	12	6	0	0
LK-3312135	Koholankala	Koholankala	gnd	619	3	300	21	14	1	0
LK-3312140	Pallemalala	Pallemalala	gnd	48	5	447	18	1	1	0
LK-3312145	Bundala	Bundala	gnd	7	1	132	13	1	0	1
LK-3312150	Siriyagama	Siriyagama	gnd	321	13	41	3	6	0	0
LK-3315005	Siyambalakote	Siyambalakote	gnd	145	11	136	10	5	0	1
LK-3315010	Barawakumbuka	Barawakumbuka	gnd	565	15	2	0	0	0	0
LK-3315015	Thaligala	Thaligala	gnd	142	5	308	10	21	0	1
LK-3315020	Liyangasthota	Liyangasthota	gnd	92	5	418	6	17	0	3
LK-3315025	Wetiya	Wetiya	gnd	138	8	217	22	10	0	1
LK-3315030	Murawesihena	Murawesihena	gnd	364	12	136	5	7	0	0
LK-3315035	Mahajandura	Mahajandura	gnd	333	4	38	3	0	0	1
LK-3315040	Handunkatuwa	Handunkatuwa	gnd	66	2	379	14	2	0	0
LK-3315045	Rote	Rote	gnd	357	15	316	0	2	0	0
LK-3315050	Hedavinna	Hedavinna	gnd	76	2	343	30	22	0	0
LK-3315055	Ridiyagama	Ridiyagama	gnd	113	2	355	4	16	0	0
LK-3315060	Punchihenayagama	Punchihenayagama	gnd	134	0	209	6	9	0	0
LK-3315065	Poliyarwatta	Poliyarwatta	gnd	81	13	140	15	3	0	0
LK-3315070	Godakoggalla	Godakoggala	gnd	73	0	219	13	26	0	0
LK-3315075	Koggalla	Koggalla	gnd	305	7	164	7	12	0	0
LK-3315080	Modara Piliwala	Modarapiliwala	gnd	10	0	265	7	15	0	0
LK-3315085	Bolana North	Bolana North	gnd	251	34	102	21	5	0	0
LK-3315090	Jansagama	Jansagama	gnd	80	1	242	44	22	0	0
LK-3315095	Mamadala South	Mamadala South	gnd	291	14	221	17	15	0	0
LK-3315100	Mamadala North	Mamadala North	gnd	285	29	0	1	3	0	0
LK-3315105	Ethbatuwa	Ethbatuwa	gnd	67	2	350	8	5	0	1
LK-3315110	Mulana	Mulana	gnd	266	18	160	12	5	0	0
LK-3315115	Eraminiyaya	Eraminiyaya	gnd	311	18	99	8	2	0	0
LK-3315120	Ihalagama	Ihalagama	gnd	161	4	354	23	11	0	0
LK-3315125	Deniya	Deniya	gnd	225	6	0	2	11	1	0
LK-3315130	Elegoda West	Elegoda West	gnd	29	0	144	8	11	0	2
LK-3315135	Elegoda East	Elegoda East	gnd	41	0	270	4	28	0	1
LK-3315140	Beminiyanvila	Beminiyanvila	gnd	77	5	185	7	6	0	0
LK-3315145	Walawewatta West	Walawewatta West	gnd	94	2	162	8	14	0	1
LK-3315150	Walawewatta East	Walawewatta East	gnd	49	0	198	15	23	0	1
LK-3315155	Bolana South	Bolana South	gnd	271	20	146	20	3	0	0
LK-3315160	Kudabolana	Kuda Bolana	gnd	247	2	28	5	0	0	0
LK-3315165	Palugaha Godella	Palugahagodella	gnd	126	4	177	24	24	0	0
LK-3315170	Rotawala	Rotawala	gnd	296	3	122	17	17	0	0
LK-3315175	Uhapitagoda	Uhapitagoda	gnd	409	2	477	32	28	0	1
LK-3315180	Miniethiliya	Miniethiliya	gnd	114	1	166	7	14	0	1
LK-3315185	Pingama	Pingama	gnd	86	2	173	7	5	0	0
LK-3315190	Pallegama	Pallegama	gnd	216	5	143	6	2	0	0
LK-3315195	Hungama	Hungama	gnd	361	11	271	26	26	0	1
LK-3315200	Bataatha North	Bataatha North	gnd	176	3	211	1	7	0	1
LK-3315205	Bataatha South	Bataatha South	gnd	328	26	291	2	5	0	1
LK-3315210	Hathagala	Hathagala	gnd	87	3	90	11	1	0	0
LK-3315215	Kivula South	Kivula South	gnd	104	0	136	9	0	0	0
LK-3315220	Kivula North	Kivula North	gnd	204	2	0	8	4	0	0
LK-3315225	Lunama North	Lunama North	gnd	302	0	82	4	6	0	0
LK-3315230	Lunama South	Lunama South	gnd	157	0	275	5	10	2	0
LK-3315235	Nonagama	Nonagama	gnd	203	19	185	4	11	0	0
LK-3315240	Ekkassa	Ekkassa	gnd	242	0	253	12	3	0	0
LK-3315245	Welipatanvila	Welipatanvila	gnd	66	3	137	10	1	0	0
LK-3315250	Malpettawa	Malpettawa	gnd	219	17	96	6	2	0	0
LK-3315255	Puhulyaya	Puhulyaya	gnd	135	1	215	4	13	0	0
LK-3315260	Ambalanthota North	Ambalantota North	gnd	334	14	14	2	0	0	0
LK-3315265	Ambalanthota South	Ambalantota South	gnd	310	2	0	0	0	0	0
LK-3315270	Wanduruppa	Wanduruppa	gnd	368	4	155	10	1	0	1
LK-3315275	Thawaluvila	Thawaluvila	gnd	317	14	51	1	2	0	0
LK-3318005	Kariyamaditta	Kariyamaditta	gnd	171	3	1	5	0	0	0
LK-3318010	Dabarella North	Dabarella North	gnd	73	6	163	2	5	0	0
LK-3318015	Rathmalwala	Rathmalwala	gnd	37	2	236	2	14	0	0
LK-3318020	Kailawelpotawa	Kailawelpotawa	gnd	42	1	121	11	8	0	0
LK-3318025	Kendaketiya	Kendaketiya	gnd	95	1	404	12	23	0	0
LK-3318030	Dabarella South	Dabarella South	gnd	38	1	138	4	1	0	0
LK-3318035	Thalawa North	Thalawa North	gnd	103	2	164	24	14	0	0
LK-3318040	Thalawa South	Thalawa South	gnd	138	5	194	22	20	0	0
LK-3318045	Debokkawa South	Debokkawa South	gnd	48	0	268	2	19	0	2
LK-3318050	Debokkawa North	Debokkawa North	gnd	50	5	194	1	15	0	0
LK-3318055	Uswewa	Uswewa	gnd	279	5	3	0	0	0	0
LK-3318060	Metigathwala	Metigathwala	gnd	12	1	164	25	0	0	0
LK-3318065	Amarathungagama	Amarathungama	gnd	122	5	200	9	4	0	0
LK-3318070	Sooriyapokuna	Sooriyapokuna	gnd	24	0	254	0	1	0	0
LK-3318075	Pahalagama	Pahalagama	gnd	90	0	413	30	2	0	0
LK-3318080	Kohombagaswewa	Kohombagaswewa	gnd	115	2	94	2	3	0	0
LK-3318085	Dikwewa	Dikwewa	gnd	123	8	176	23	9	0	0
LK-3318090	Abesekaragama	Abesekaragama	gnd	130	1	1	0	0	0	0
LK-3318095	Kalawelwala	Kalawelwala	gnd	149	2	31	1	9	0	1
LK-3318100	Meda Ara	Meda Ara	gnd	36	0	119	1	5	0	0
LK-3318105	Binkama	Binkama	gnd	142	5	279	12	6	0	0
LK-3318110	Karagahawala	Karagahawala	gnd	45	0	185	5	13	0	0
LK-3318115	Dandenigama	Dandenigama	gnd	91	6	140	14	1	0	0
LK-3318120	Guruwala	Guruwala	gnd	191	1	242	2	2	0	1
LK-3318125	Weeragaswewa	Weeragaswewa	gnd	93	2	55	13	6	0	0
LK-3318130	Gajanayakagama	Gajanayakagama	gnd	212	4	60	17	4	0	1
LK-3318135	Medagoda	Medagoda	gnd	178	9	1	13	6	0	0
LK-3318140	Dimbulgoda	Dimbulgoda	gnd	34	0	164	9	11	0	1
LK-3318145	Attanayala East	Attanayala East	gnd	223	9	0	0	3	0	0
LK-3318150	Attanayala West	Attanayala West	gnd	62	1	178	27	7	0	0
LK-3318155	Wakamulla	Wakamulla	gnd	66	4	194	5	2	0	0
LK-3318160	Heenbunna	Heenbunna	gnd	393	4	4	0	0	0	0
LK-3318165	Makuladeniya	Makuladeniya	gnd	125	6	0	2	1	0	0
LK-3318170	Udayala	Udayala	gnd	326	2	105	8	7	0	1
LK-3318175	Medayala	Medayala	gnd	34	0	147	7	2	0	1
LK-3318180	Bogamuwa	Bogamuwa	gnd	27	4	211	10	7	0	0
LK-3318185	Daha Amuna	Daha Amuna	gnd	31	10	222	6	1	0	0
LK-3318190	Julamulla	Julamulla	gnd	277	5	0	2	10	0	0
LK-3318195	Jandura	Jandura	gnd	298	12	391	23	19	0	3
LK-3318200	Helekada	Helekada	gnd	233	22	267	11	6	0	0
LK-3318205	Aluthwewa	Aluthwewa	gnd	209	11	93	5	0	0	0
LK-3318210	Kankanamgama	Kankanamgama	gnd	200	22	0	1	0	0	0
LK-3318215	Achariyagama	Achariyagama	gnd	140	5	219	12	3	0	0
LK-3318220	Angunakolapelessa	Angunakolapelessa	gnd	171	0	111	9	0	0	0
LK-3318225	Yakagala	Yakagala	gnd	370	11	394	27	3	0	1
LK-3318230	Gurunnehege Ara	Gurunnehege Ara	gnd	34	0	216	7	6	0	0
LK-3318235	Kotawaya	Kotawaya	gnd	48	0	65	2	1	0	0
LK-3318240	Netalaporuwa	Netalaporuwa	gnd	51	4	149	1	6	0	1
LK-3318245	Hakuruwela	Hakuruwela	gnd	88	8	80	3	0	0	0
LK-3318250	Indigetawela	Indigetawela	gnd	135	7	194	0	0	0	0
LK-3318255	Thalamporuwa	Thalamporuwa	gnd	47	3	297	8	20	0	0
LK-3321005	Mulanyaya	Mulanyaya	gnd	82	1	235	9	12	0	0
LK-3321010	Handapangalageaina	Handapangala Ayna	gnd	9	0	97	4	5	0	0
LK-3321015	Heellage Ayna	Heellage Ayna	gnd	168	10	22	0	2	0	0
LK-3321020	Kudagal Ara	Kudagal Ara	gnd	53	2	133	9	11	0	0
LK-3321025	Okandayaya North	Okandayaya North	gnd	39	3	144	9	8	0	0
LK-3321030	Okandayaya West	Okandayaya West	gnd	56	4	105	2	0	0	1
LK-3321035	Kaluwagahayaya	Kaluwagahayaya	gnd	31	1	163	7	7	0	0
LK-3321040	Ihala Gonadeniya	Ihala Gonadeniya	gnd	217	0	1	0	1	0	0
LK-3321045	Debokkawa West	Debokkawa West	gnd	55	2	174	8	0	0	0
LK-3321050	Debokkawa East	Debokkawa East	gnd	11	5	180	2	0	0	0
LK-3321055	Wekandawala North	Wekandawala North	gnd	122	6	20	5	1	0	0
LK-3321060	Pahala Gonadeniya	Pahala Gonadeniya	gnd	226	21	0	2	0	0	1
LK-3321065	Kuda Bibula North	Kuda Bibula North	gnd	68	1	170	20	5	0	2
LK-3321070	Galpottayaya North	Galpottayaya North	gnd	74	6	233	3	0	0	1
LK-3321075	Galpottayaya South	Galpottayaya South	gnd	130	18	1	0	0	0	0
LK-3321080	Malhewage Ayna	Malhewage Ayna	gnd	153	2	0	2	3	0	1
LK-3321085	Kandamaditta	Kandamaditta	gnd	12	6	113	2	2	0	1
LK-3321090	Meegas Ara	Meegas Ara	gnd	155	3	240	6	0	0	0
LK-3321095	Kuda Bibula South	Kuda Bibula South	gnd	51	2	117	4	1	0	0
LK-3321100	Abakolawewa South	Abakolawewa South	gnd	21	5	76	1	0	0	0
LK-3321105	Abakolawewa North	Abakolawewa North	gnd	41	2	174	6	0	0	0
LK-3321110	Morayaya North	Morayaya North	gnd	35	23	72	1	0	0	0
LK-3321115	Morayaya South	Morayaya South	gnd	28	3	178	13	2	0	0
LK-3321120	Kemegala	Kemegala	gnd	7	2	186	4	6	0	0
LK-3321125	Wekandawala South	Wekandawala South	gnd	221	2	2	2	1	0	0
LK-3321130	Thelambuyaya	Thelambuyaya	gnd	129	9	0	0	1	0	0
LK-3321135	Siyambalaheddewa	Siyambalaheddewa	gnd	116	9	0	0	2	0	0
LK-3321140	Degampotha	Degampotha	gnd	23	5	223	13	10	0	0
LK-3321145	Kinchigune West	Kinchigune West	gnd	30	1	71	8	0	0	0
LK-3321150	Medagama	Medagama	gnd	38	1	216	3	0	0	0
LK-3321155	Raluwa	Raluwa	gnd	112	23	135	33	10	0	0
LK-3321160	Kinchigune South	Kinchigune South	gnd	153	13	0	0	6	0	0
LK-3321165	Kinchigune East	Kinchigune East	gnd	63	5	119	2	0	0	0
LK-3321170	Medamulana	Medamulana	gnd	168	5	325	11	11	0	1
LK-3321175	Yakgasmulla	Yakgasmulla	gnd	207	8	127	3	0	0	0
LK-3321180	Udukirivala	Udukirivila	gnd	240	20	0	0	0	0	0
LK-3321185	Buddhiyagama North	Buddhiyagama North	gnd	48	0	246	19	0	0	1
LK-3321190	Keppitiyawa North	Keppitiyawa North	gnd	230	4	4	6	4	0	0
LK-3321195	Ittademaliya East	Ittademaliya East	gnd	100	4	69	8	4	0	0
LK-3321200	Ittademaliya West	Ittademaliya West	gnd	133	8	2	0	0	0	0
LK-3321205	Ittademaliya South	Ittademaliya South	gnd	30	2	94	23	4	0	0
LK-3321210	Athubode West	Athubode West	gnd	67	1	88	1	3	0	0
LK-3321215	Athubode East	Athubode East	gnd	34	0	103	18	0	0	0
LK-3321220	Keppitiyawa South	Keppitiyawa South	gnd	95	0	95	1	0	0	0
LK-3321225	Buddhiyagama West	Buddhiyagama West	gnd	247	2	1	0	18	0	0
LK-3321230	Buddhiyagama East	Buddhiyagama East	gnd	383	9	9	7	3	0	0
LK-3321235	Weeraketiya West	Weeraketiya West	gnd	240	1	50	3	2	0	0
LK-3321240	Mandaduwa	Mandaduwa	gnd	153	3	57	8	3	0	0
LK-3321245	Agrahera	Agrahera	gnd	141	8	184	15	3	0	0
LK-3321250	Weeraketiya East	Weeraketiya East	gnd	434	1	29	6	0	0	0
LK-3321255	Mulgirigala East	Mulgirigala East	gnd	180	5	140	1	2	0	0
LK-3321260	Mulgirigala North	Mulgirigala North	gnd	71	2	54	7	3	0	0
LK-3321265	Mulgirigala West	Mulgirigala West	gnd	198	17	2	0	0	0	2
LK-3321270	Mulgirigala South	Mulgirigala South	gnd	58	0	205	12	13	0	0
LK-3321275	Bedigama West	Bedigama West	gnd	143	1	1	0	0	0	0
LK-3321280	Bedigama North	Bedigama North	gnd	58	0	121	19	10	0	1
LK-3321285	Bedigama East	Bedigama East	gnd	37	0	122	11	9	0	0
LK-3321290	Bedigama South	Bedigama South	gnd	104	4	193	14	13	0	1
LK-3321295	Kuda Bedigama	Kuda Bedigama	gnd	176	4	1	0	0	0	0
LK-3321300	Medagoda	Medagoda	gnd	42	0	98	13	0	0	0
LK-3324005	Karivilakanda	Karivilakanda	gnd	195	5	0	2	8	0	0
LK-3324010	Medakanda	Medakanda	gnd	165	9	250	37	40	0	0
LK-3324015	Hingurakanda	Hingurakanda	gnd	9	0	207	14	16	0	0
LK-3324020	Uda Alupothdeniya	Uda Alupothdeniya	gnd	13	2	181	16	13	0	0
LK-3324025	Alupothdeniya Pahala	Alupothdeniya Pahala	gnd	8	0	72	5	6	0	0
LK-3324030	Kohomporuwa	Kohomporuwa	gnd	160	10	39	7	30	0	0
LK-3324035	Gangulandeniya	Gangulandeniya	gnd	94	0	0	0	0	0	0
LK-3324040	Ambagas Ara	Ambagas Ara	gnd	35	3	238	20	14	0	0
LK-3324045	Labuhengoda	Labuhengoda	gnd	103	5	63	6	3	0	0
LK-3324050	Sapugahayaya	Sapugahayaya	gnd	135	15	130	26	12	0	1
LK-3324055	Hellala	Hellala	gnd	31	3	227	15	4	0	0
LK-3324060	Middeniya North	Middeniya North	gnd	158	7	161	37	13	0	0
LK-3324065	Middeniya East	Middeniya East	gnd	358	8	163	0	6	0	0
LK-3324070	Kudagoda West	Kudagoda West	gnd	32	3	143	22	7	0	0
LK-3324075	Kudagoda East	Kudagoda East	gnd	25	0	113	21	2	0	0
LK-3324080	Dambethalawa	Dambethalawa	gnd	84	2	173	0	0	0	0
LK-3324085	Murungasyaya East	Murungasyaya East	gnd	131	1	225	5	5	0	0
LK-3324090	Murungasyaya West	Murungasyaya West	gnd	143	6	162	7	9	0	0
LK-3324095	Middeniya West	Middeniya West	gnd	271	2	113	3	5	0	0
LK-3324100	Welipitiya East	Welipitiya East	gnd	36	2	122	11	3	0	0
LK-3324105	Welipitiya	Welipitiya	gnd	201	22	1	0	1	0	0
LK-3324110	Welipitiya West	Welipitiya West	gnd	228	1	17	0	0	0	0
LK-3324115	Ritigaha Yaya	Ritigaha Yaya	gnd	65	5	279	34	12	0	0
LK-3324120	Thalwatta	Thalwatta	gnd	68	3	284	8	19	0	0
LK-3324125	Meemanakoladeniya	Meemanakoladeniya	gnd	110	1	338	36	17	0	1
LK-3324130	Siyambalamuraya	Siyambalamuraya	gnd	27	1	257	13	2	0	0
LK-3324135	Udawelmulla	Udawelmulla	gnd	6	0	110	23	0	0	1
LK-3324140	Siyarapitiya	Siyarapitiya	gnd	89	4	99	1	3	0	0
LK-3324145	Kehelwatta	Kehelwatta	gnd	11	1	123	13	0	0	0
LK-3324150	Udagomadiya	Udagomadiya	gnd	300	2	83	7	9	0	3
LK-3324155	Bengamukanda	Bengamukanda	gnd	21	2	178	0	7	0	0
LK-3324160	Dangalakanda	Dangalakanda	gnd	30	1	174	18	13	0	0
LK-3324165	Rukmalpitiya	Rukmalpitiya	gnd	52	6	165	9	3	0	0
LK-3324170	Gallindamulla	Gallindamulla	gnd	60	0	144	9	2	0	0
LK-3324175	Katuwana	Katuwana	gnd	358	6	88	12	6	0	0
LK-3324180	Pangamvilayaya	Pangamvilayaya	gnd	48	0	219	25	3	0	0
LK-3324185	Ulahitiyawa West	Ulahitiyawa West	gnd	185	4	1	3	22	0	0
LK-3324190	Ulahitiyawa	Ulahitiyawa	gnd	90	4	21	2	5	0	0
LK-3324195	Ulahitiyawa East	Ulahitiyawa East	gnd	235	0	7	0	7	0	0
LK-3324200	Adalugoda	Adalugoda	gnd	44	0	128	15	2	0	0
LK-3324205	Mellaketigoda	Mellaketigoda	gnd	157	33	1	0	2	0	0
LK-3324210	Araboda	Araboda	gnd	137	2	53	0	9	0	0
LK-3324215	Horavinna	Horavinna	gnd	119	4	106	15	14	0	2
LK-3324220	Hediwatta	Hediwatta	gnd	112	8	92	2	1	0	0
LK-3324225	Weerakkuttigoda	Weerakkuttigoda	gnd	171	6	132	22	3	0	0
LK-3324230	Ranasingoda	Ranasingoda	gnd	35	2	206	19	12	0	0
LK-3324235	Obadagahadeniya	Obadagahadeniya	gnd	153	8	50	20	20	0	0
LK-3324240	Wathukanda	Wathukanda	gnd	145	2	108	18	17	0	1
LK-3324245	Kongasthenna	Kongasthenna	gnd	114	12	74	10	0	0	0
LK-3324250	Galpothukanda	Galpothukanda	gnd	53	3	179	4	2	0	0
LK-3324255	Ambagahahena	Ambagahahena	gnd	256	19	46	6	1	0	0
LK-3324260	Karametiya	Karametiya	gnd	161	6	156	14	10	0	0
LK-3324265	Puwakgas Ara	Puwakgas Ara	gnd	95	11	146	5	4	0	0
LK-3324270	Binthenna	Binthenna	gnd	63	7	175	5	2	0	0
LK-3324275	Bookandayaya	Bookendayaya	gnd	12	1	186	5	3	0	0
LK-3324280	Walgammulla	Walgammulla	gnd	136	41	214	18	11	0	0
LK-3325005	Rammala	Rammala	gnd	207	6	0	2	19	0	0
LK-3325010	Saputhanthirikanda	Saputhanthirikanda	gnd	18	3	169	8	0	0	0
LK-3325015	Warapitiya	Warapitiya	gnd	199	3	35	0	1	0	0
LK-3325020	Keredeniya	Keredeniya	gnd	114	0	81	1	4	0	0
LK-3325025	Haggitha Kanda North	Haggitha kanda North	gnd	28	0	183	14	15	0	0
LK-3325030	Konkarahena	Konkarahena	gnd	185	0	73	1	14	0	0
LK-3325035	Mapitakanda	Mapitakanda	gnd	91	5	203	8	17	0	0
LK-3325040	Radani Ara	Radani Ara	gnd	10	2	256	1	3	0	0
LK-3325045	Namaneliya	Namaneliya	gnd	27	2	177	16	3	0	1
LK-3325050	Udahagoda	Udahagoda	gnd	28	2	326	6	5	0	0
LK-3325055	Weedikanda	Weedikanda	gnd	10	0	175	17	21	0	1
LK-3325060	Galwadiya	Galwadiya	gnd	36	7	193	17	13	0	0
LK-3325065	Uda Julampitiya	Uda Julampitiya	gnd	317	18	0	0	0	0	1
LK-3325070	Julampitiya	Julampitiya	gnd	81	0	170	5	3	0	0
LK-3325075	Palle Julampitiya	Palle Julampitiya	gnd	61	1	192	10	14	0	1
LK-3325080	Pahala Obada	Pahala Obada	gnd	56	2	188	25	11	0	0
LK-3325085	Bowala North	Bowala North	gnd	53	1	181	28	3	0	0
LK-3325090	Bowala West	Bowala West	gnd	89	0	126	12	4	0	1
LK-3325095	Welandagoda	Welandagoda	gnd	98	3	184	4	13	0	1
LK-3325100	Batagassa	Batagassa	gnd	52	0	190	6	0	0	1
LK-3325105	Pahalawatta	Pahalawatta	gnd	46	2	263	10	9	0	0
LK-3325110	Pathegama	Pathegama	gnd	225	2	1	1	0	0	0
LK-3325115	Thalapathkanda	Thalapathkanda	gnd	13	0	193	9	2	0	0
LK-3325120	Dehigahahena	Dehigahahena	gnd	218	4	0	4	0	0	1
LK-3325125	Veedipola	Veedapola	gnd	155	0	0	1	3	0	0
LK-3325130	Mathuwakanda	Mathuwakanda	gnd	60	0	132	0	0	0	0
LK-3325135	Handugala	Handugala	gnd	48	0	184	4	4	0	0
LK-3325140	Kebellaketiya	Kebellaketiya	gnd	70	0	116	6	2	0	0
LK-3325145	Egodabedda	Egodabedda	gnd	15	0	236	9	3	0	0
LK-3325150	Kekiriobada	Kekiriobada	gnd	180	0	0	0	0	0	1
LK-3325155	Agalabada	Agalabada	gnd	83	3	165	5	18	0	0
LK-3325160	Bowala South	Bowala South	gnd	158	7	23	10	0	0	0
LK-3325165	Muruthawela Ihala	Ihala Muruthawela	gnd	32	14	167	7	1	0	0
LK-3325170	Muruthawela Pahala	Muruthawela Pahala	gnd	36	25	133	12	5	0	0
LK-3325175	Galahitiya North	Galahitiya North	gnd	81	5	65	8	1	0	0
LK-3325180	Omara East	Omara East	gnd	134	2	115	12	1	0	0
LK-3325185	Omara West	Omara West	gnd	209	11	0	0	3	0	0
LK-3325190	Ethpitiya	Ethpitiya	gnd	410	14	49	2	0	0	0
LK-3325195	Wattehengoda	Wattehengoda	gnd	153	6	190	13	0	0	0
LK-3325200	Horewela	Horewela	gnd	327	4	0	2	0	0	0
LK-3325205	Pissubedda	Pissubedda	gnd	66	0	73	4	0	0	0
LK-3325210	Medagamgoda	Medagamgoda	gnd	82	6	150	2	9	0	0
LK-3325215	Yahalmulla	Yahalmulla	gnd	66	2	262	31	27	0	0
LK-3325220	Walasmulla Ihala	Ihala Walasmulla	gnd	159	0	72	10	1	0	0
LK-3325225	Walasmulla Pahala	Pahala walasmulla	gnd	245	6	10	1	2	0	0
LK-3325230	Galahitiya South	Galahitiya South	gnd	56	0	73	8	3	0	0
LK-3325235	Galahitiya East	Galahitiya East	gnd	160	3	116	6	7	0	0
LK-3325240	Koholana	Koholana	gnd	148	5	102	4	9	0	0
LK-3325245	Walasmulla East	Walasmulla East	gnd	114	3	111	6	4	0	0
LK-3325250	Walasmulla North	Walasmulla North	gnd	62	8	0	1	0	0	0
LK-3325255	Walasmulla West	Walasmulla West	gnd	375	8	76	7	0	0	0
LK-3325260	Walasmulla South	Walasmulla South	gnd	217	1	24	1	0	0	0
LK-3325265	Daluwakgoda	Daluwakgoda	gnd	69	2	171	1	7	0	0
LK-3327005	Kanumuldeniya North	Kanumuldeniya North	gnd	63	1	117	15	4	0	0
LK-3327010	Olu Ara	Olu Ara	gnd	167	1	0	0	12	0	0
LK-3327015	Kanumuldeniya West	Kanumuldeniya West	gnd	426	24	23	1	1	0	0
LK-3327020	Kanumuldeniya East	Kanumuldeniya East	gnd	122	3	58	2	4	0	0
LK-3327025	Udadeniya	Udadeniya	gnd	167	3	72	6	3	0	2
LK-3327030	Kurunduwatta	Kurunduwatta	gnd	124	10	33	2	0	0	0
LK-3327035	Sumihirigama	Sumihirigama	gnd	79	36	143	21	2	0	0
LK-3327040	Rajapuragoda	Rajapuragoda	gnd	201	1	0	0	0	0	0
LK-3327045	Wijayasiripura	Wijayasiripura	gnd	59	0	249	7	16	0	0
LK-3327050	Morakandegoda	Morakandegoda	gnd	61	0	159	16	2	0	0
LK-3327055	Kadigamuwa East	Kadigamuwa East	gnd	63	6	136	0	0	0	0
LK-3327060	Thalahagamwaduwa Pahala	Thalahagamwaduwa Pahala	gnd	155	4	0	1	0	0	0
LK-3327065	Thalahagamwaduwa Ihala	Thalahagamwaduwa Ihala	gnd	137	2	130	0	2	0	0
LK-3327070	Nathuwala	Nathuwala	gnd	58	0	173	11	0	0	0
LK-3327075	Kandebedda	Kandebedda	gnd	133	18	52	15	3	0	0
LK-3327080	Godawenna	Godawenna	gnd	55	0	63	6	5	0	0
LK-3327085	Kahatellagoda	Kahatellagoda	gnd	62	3	119	19	3	0	0
LK-3327090	Kanumuldeniya South	Kanumuldeniya South	gnd	192	4	4	2	5	0	0
LK-3327095	Kadigamuwa West	Kadigamuwa West	gnd	79	9	101	1	1	0	0
LK-3327100	Wawwa	Wawwa	gnd	81	1	135	1	4	0	0
LK-3327105	Modarawana North	Modarawana North	gnd	99	1	53	2	1	0	0
LK-3327110	Modarawana South	Modarawana South	gnd	54	0	121	1	2	0	0
LK-3327115	Okewela	Okewela	gnd	203	2	61	1	0	0	0
LK-3327120	Heenatihathamuna	Heenatihathamuna	gnd	69	7	34	3	5	0	0
LK-3327125	Pallewawwa	Pallewawwa	gnd	64	0	50	3	5	0	0
LK-3327130	Yatigala Pahala	Pahala Yatigala	gnd	150	7	2	0	0	0	0
LK-3327135	Yatigala Ihala	Yatigala Ihala	gnd	47	1	62	4	1	0	0
LK-3330005	Maligathenna	Maligathenna	gnd	115	1	0	0	0	0	0
LK-3330010	Udugalmotegama	Udugalmotegama	gnd	50	0	153	5	4	0	0
LK-3330015	Pallattara West	Pallattara West	gnd	46	1	116	5	1	0	0
LK-3330020	Pallattara South	Pallattara South	gnd	107	1	0	0	1	0	0
LK-3330025	Pallattara East	Pallattara East	gnd	84	0	125	0	0	0	0
LK-3330030	Nugewela	Nugewela	gnd	220	1	28	9	5	0	0
LK-3330035	Ihala Beligalla East	Ihala Beligalla East	gnd	34	2	127	2	0	0	0
LK-3330040	Wadiya	Wadiya	gnd	34	1	114	12	0	0	0
LK-3330045	Ihala Beligalla West	Ihala Beligalla West	gnd	105	0	48	0	0	0	0
LK-3330050	Beligalla North	Beligalla North	gnd	177	6	56	8	3	0	0
LK-3330055	Beligalla South	Beligalla South	gnd	107	0	29	3	1	0	0
LK-3330060	Dammulla East	Dammulla East	gnd	169	1	89	4	2	0	0
LK-3330065	Dammulla West	Dammulla West	gnd	108	0	0	2	7	0	0
LK-3330070	Pattiyawela	Pattiyawela	gnd	90	0	86	7	4	0	0
LK-3330075	Tharaperiya	Tharaperiya	gnd	118	1	1	0	3	0	0
LK-3330080	Nihiluwa West	Nihiluwa West	gnd	155	3	115	11	5	0	0
LK-3330085	Indiketiyagoda	Indiketiyagoda	gnd	101	0	1	2	1	0	0
LK-3330090	Nihiluwa East	Nihiluwa East	gnd	171	25	109	23	3	0	0
LK-3330095	Waharakgoda North	Waharakgoda North	gnd	166	3	53	0	1	0	0
LK-3330100	Waharakgoda South	Waharakgoda South	gnd	65	0	56	1	0	0	0
LK-3330105	Kahawatta	Kahawatta	gnd	248	4	109	6	3	0	0
LK-3330110	Kosgahagoda	Kosgahagoda	gnd	180	3	0	2	9	0	1
LK-3330115	Agulmaduwa	Agulmaduwa	gnd	177	0	35	1	1	0	0
LK-3330120	Aranwela North	Aranwela North	gnd	192	3	34	0	1	0	0
LK-3330125	Karambaketiya	Karambaketiya	gnd	178	4	47	5	1	0	0
LK-3330130	Galwewa	Galwewa	gnd	242	1	0	7	1	0	0
LK-3330135	Godawela	Godawela	gnd	134	1	95	4	2	0	0
LK-3330140	Panamulla	Panamulla	gnd	145	1	1	1	1	0	0
LK-3330145	Ambagasdeniya	Ambagasdeniya	gnd	153	1	55	3	1	0	0
LK-3330150	Getamanna North	Getamanna North	gnd	213	4	0	0	4	0	1
LK-3330155	Eldeniya	Eldeniya	gnd	176	0	104	0	3	0	0
LK-3330160	Getamanna West	Getamanna West	gnd	74	5	110	11	1	0	1
LK-3330165	Getamanna East	Getamanna East	gnd	99	3	50	5	2	0	0
LK-3330170	Mahaheella East	Mahaheella East	gnd	176	0	125	14	2	0	0
LK-3330175	Kambussawala West	Kambussawala West	gnd	75	1	27	1	0	0	0
LK-3330180	Kambussawala East	Kambussawala East	gnd	275	8	3	3	2	0	0
LK-3330185	Beliatta West	Beliatta West	gnd	115	3	43	0	0	0	0
LK-3330190	Beliatta Town	Beliatta Town	gnd	225	7	0	0	0	0	0
LK-3330195	Puwakdandawa North	Puwakdandawa North	gnd	309	10	0	9	2	0	0
LK-3330200	Puwakdandawa East	Puwakdandawa East	gnd	280	3	95	4	3	0	0
LK-3330205	Aranwela West	Aranwela West	gnd	157	2	88	7	1	0	0
LK-3330210	Sitinamaluwa West	Sitinamaluwa West	gnd	138	6	87	12	5	0	0
LK-3330215	Sitinamaluwa North	Sitinamaluwa North	gnd	180	4	197	21	12	0	0
LK-3330220	Sitinamaluwa East	Sitinamaluwa East	gnd	356	14	122	3	1	0	0
LK-3330225	Sitinamaluwa South	Sitinamaluwa South	gnd	295	4	26	6	12	0	0
LK-3330230	Pahalagoda	Pahalagoda	gnd	116	0	83	2	2	0	0
LK-3330235	Medagoda	Medagoda	gnd	49	0	175	15	16	0	0
LK-3330240	Beliatta South	Beliatta South	gnd	123	3	83	3	1	0	0
LK-3330245	Kudaheella East	Kudaheella East	gnd	146	3	76	4	2	0	0
LK-3330250	Kudaheella North	Kudaheella North	gnd	184	5	294	17	5	0	0
LK-3330255	Mahaheella West	Mahaheella West	gnd	87	5	173	3	18	0	0
LK-3330260	Mahaheella North	Mahaheella North	gnd	104	9	0	0	0	0	0
LK-3330265	Getamanna South	Getamanna South	gnd	205	5	2	2	4	0	0
LK-3330270	Nayakawatta	Nayakawatta	gnd	209	6	195	9	6	0	1
LK-3330275	Ambala North	Ambala North	gnd	244	1	0	4	8	0	0
LK-3330280	Ambala West	Ambala West	gnd	200	1	1	1	7	0	0
LK-3330285	Miriswatta	Miriswatta	gnd	196	0	67	3	0	0	0
LK-3330290	Kudaheella South	Kudaheella South	gnd	265	3	125	9	7	0	0
LK-3330295	Ovilana	Ovilana	gnd	47	1	94	1	2	0	0
LK-3330300	Mihindupura	Mihindupura	gnd	161	8	15	4	18	0	1
LK-3330305	Palapotha East	Palapotha East	gnd	269	0	0	0	0	0	0
LK-3330310	Palapotha West	Palapotha West	gnd	55	0	66	1	2	0	0
LK-3330315	Dedduwawala East	Dedduwawala East	gnd	201	3	3	0	3	0	0
LK-3330320	Dedduwawala	Dedduwawala	gnd	110	1	77	7	2	0	0
LK-3330325	Galagama North	Galagama North	gnd	117	3	105	8	1	0	0
LK-3330330	Galagama West	Galagama West	gnd	79	7	60	3	3	0	0
LK-3330335	Galagama South	Galagama South	gnd	204	2	0	1	0	0	0
LK-3330340	Galagama East	Galagama East	gnd	64	0	112	0	2	0	0
LK-3330345	Nakulugamuwa West	Nakulugamuwa West	gnd	102	10	168	30	20	0	2
LK-3330350	Nakulugamuwa North	Nakulugamuwa North	gnd	124	3	148	23	3	0	1
LK-3330355	Wevudatta	Wevudatta	gnd	99	7	71	13	3	0	0
LK-3333005	Sudarshanagama	Sudarshanagama	gnd	313	2	0	2	3	0	0
LK-3333010	Pattiyapola West	Pattiyapola West	gnd	34	0	235	7	4	0	0
LK-3333015	Thalunna	Thalunna	gnd	157	4	178	17	3	0	1
LK-3333020	Andupelena	Andupelena	gnd	246	16	0	4	2	0	0
LK-3333025	Kadiragoda	Kadiragoda	gnd	26	1	267	15	2	0	0
LK-3333030	Gotaimbaragama	Gotaimbaragama	gnd	44	2	112	9	6	0	0
LK-3333035	Kattakaduwa North	Kattakaduwa North	gnd	370	11	0	0	0	0	0
LK-3333040	Kattakaduwa South	Kattakaduwa South	gnd	124	0	363	24	29	0	0
LK-3333045	Ranna East	Ranna East	gnd	378	5	188	8	24	0	0
LK-3333050	Ranna West	Ranna West	gnd	370	6	138	1	0	0	1
LK-3333055	Vigamuwa	Vigamuwa	gnd	160	23	247	27	1	0	0
LK-3333060	Pattiyapola East	Pattiyapola East	gnd	173	1	117	5	2	0	0
LK-3333065	Pattiyapola South	Pattiyapola South	gnd	73	0	183	6	3	0	0
LK-3333070	Vitharandeniya North	Vitharandeniya North	gnd	81	0	101	4	5	0	0
LK-3333075	Thenagama South	Thenagama South	gnd	162	2	6	2	1	0	0
LK-3333080	Thenagama North	Thenagama North	gnd	49	0	83	0	1	0	0
LK-3333085	Thalapitiyagama	Thalapitiyagama	gnd	75	10	1	0	0	0	0
LK-3333090	Ethgalamulla	Ethgalmulla	gnd	89	3	107	1	1	0	0
LK-3333095	Uduvilagoda	Uduvilagoda	gnd	75	2	73	0	1	0	0
LK-3333100	Vitharandeniya South	Vitharandeniya South	gnd	56	1	171	13	0	0	0
LK-3333105	Aluthgoda	Aluthgoda	gnd	94	0	153	18	15	0	1
LK-3333110	Palathuduwa	Palathuduwa	gnd	55	2	137	9	2	0	2
LK-3333115	Marakolliya	Marakolliya	gnd	228	6	114	31	11	0	0
LK-3333120	Medagama	Medagama	gnd	313	0	53	6	3	0	1
LK-3333125	Netolpitiya North	Netolpitiya North	gnd	352	26	170	4	4	0	1
LK-3333130	Netolpitiya South	Netolpitiya South	gnd	435	11	144	21	22	0	2
LK-3333135	Wadigala	Wadigala	gnd	253	30	165	9	2	0	0
LK-3333140	Kahandawa	Kahandawa	gnd	461	5	78	6	3	0	0
LK-3333145	Nidahasgama West	Nidahasgama West	gnd	164	11	267	1	0	0	0
LK-3333150	Nidahasgama East	Nidahasgama East	gnd	342	20	167	6	2	0	1
LK-3333155	Kahandamodara	Kahandamodara	gnd	276	6	0	0	4	0	4
LK-3333160	Gurupokuna	Gurupokuna	gnd	83	8	5	0	0	0	0
LK-3333165	Wella Odaya	Wella Odaya	gnd	404	7	0	2	7	0	1
LK-3333170	Rekawa East	Rekawa East	gnd	58	0	156	34	2	0	1
LK-3333175	Rekawa West	Rekawa West	gnd	70	11	221	22	8	0	0
LK-3333180	Medilla	Medilla	gnd	219	4	107	5	3	0	1
LK-3333185	Walgameliya	Walgameliya	gnd	149	15	87	22	0	0	0
LK-3333190	Godawanagoda	Godawanagoda	gnd	168	2	123	10	1	0	0
LK-3333195	Wagegoda	Wagegoda	gnd	104	3	96	6	1	0	0
LK-3333200	Nalagama East	Nalagama East	gnd	82	1	30	9	1	0	0
LK-3333205	Siyambalagoda	Siyambalagoda	gnd	198	3	1	0	0	0	0
LK-3333210	Nalagama West	Nalagama West	gnd	51	0	104	10	1	0	0
LK-3333215	Polommaruwa North	Polommaruwa North	gnd	468	7	4	0	0	0	0
LK-3333220	Danketiya	Danketiya	gnd	437	5	190	25	12	0	1
LK-3333225	Medaketiya	Medaketiya	gnd	368	5	50	0	0	0	0
LK-3333230	Kotuwegoda	Kotuwegoda	gnd	99	0	2	0	0	0	0
LK-3333235	Indipokunagoda North	Indipokunagoda North	gnd	417	8	32	12	0	0	0
LK-3333240	Polommaruwa South	Polommaruwa South	gnd	323	15	39	3	4	0	1
LK-3333245	Kadurupokuna East	Kadurupokuna East	gnd	421	3	1	0	5	0	0
LK-3333250	Indipokunagoda South	Indipokunagoda South	gnd	86	2	65	0	0	0	0
LK-3333255	Pallikkudawa Urban	Pallikkudawa Urban	gnd	281	9	1	0	0	0	0
LK-3333260	Pallikkudawa Rural	Pallikkudawa Rural	gnd	289	4	13	1	3	0	1
LK-3333265	Kadurupokuna South	Kadurupokuna South	gnd	453	7	57	4	6	0	0
LK-3333270	Kadurupokuna North	Kadurupokuna North	gnd	178	15	14	1	1	0	0
LK-3333275	Kadurupokuna West	Kadurupokuna west	gnd	258	7	1	8	4	0	1
LK-3333280	Seenimodara West	Seenimodara West	gnd	365	37	21	4	3	0	0
LK-3333285	Seenimodara East	Seenimodara East	gnd	271	7	1	0	1	0	0
LK-3333290	Unakooruwa West	Unakooruwa West	gnd	258	2	16	11	4	0	1
LK-3333295	Unakooruwa East	Unakooruwa East	gnd	195	8	165	14	7	0	0
LK-3333300	Moraketi Ara East	Moraketi Ara East	gnd	73	0	14	1	4	0	0
LK-3333305	Moraketi Ara West	Moraketi Ara West	gnd	88	2	186	5	8	0	0
LK-3333310	Pahajjawa	Pahajjawa	gnd	236	4	94	4	2	0	0
LK-3333315	Mahawela	Mahawela	gnd	115	6	13	1	1	0	0
LK-3333320	Ihalagoda	Ihalagoda	gnd	27	0	167	2	5	0	0
LK-3333325	Nakulugamuwa South	Nakulugamuwa South	gnd	141	0	0	0	0	0	0
LK-3333330	Kudawella North	Kudawella North	gnd	78	3	192	3	2	0	0
LK-3333335	Kudawella Central	Kudawella Central	gnd	199	2	1	1	1	0	0
LK-3333340	Kudawella East	Kudawella East	gnd	146	8	10	2	2	0	0
LK-3333345	Mawella South	Mawella South	gnd	109	1	0	0	0	0	0
LK-3333350	Mawella North	Mawella North	gnd	39	2	0	0	0	0	1
LK-3333355	Kudawella South	Kudawella South	gnd	141	21	134	19	2	0	0
LK-3333360	Kudawella West	Kudawella West	gnd	195	6	0	0	0	0	0
LK-4103005	Analaitivu North	Analaitivu North	gnd	5	0	150	2	23	0	13
LK-4103010	Analaitivu South	Analaitivu South	gnd	137	3	68	2	7	0	0
LK-4103015	Eluvaitivu	Eluvaitivu	gnd	96	6	37	3	3	0	0
LK-4103020	Paruthiyadaippu	Paruthiyadaippu	gnd	14	0	179	4	10	0	1
LK-4103025	Kayts	Kayts	gnd	42	1	70	3	2	0	0
LK-4103030	Karampon	Karampon	gnd	23	2	216	15	6	0	2
LK-4103035	Karampon East	Karampon East	gnd	30	0	85	0	7	0	2
LK-4103040	Naranthanai North West	Naranthanai North West	gnd	11	2	250	5	10	0	0
LK-4103045	Naranthanai North	Naranthanai North	gnd	52	0	58	0	3	0	0
LK-4103050	Naranthanai	Naranthanai	gnd	27	2	116	2	15	0	0
LK-4103055	Naranthanai South	Naranthanai South	gnd	6	4	140	15	14	0	0
LK-4103060	Karampon South East	Karampon South East	gnd	23	0	19	0	0	0	0
LK-4103065	Karampon West	Karampon West	gnd	32	0	171	14	8	0	0
LK-4103070	Puliyankoodal	Puliyankoodal	gnd	106	4	195	1	8	0	0
LK-4103075	Suruvil	Suruvil	gnd	6	1	57	0	0	0	0
LK-4104005	Karainagar North	Karainagar North	gnd	24	7	145	2	0	0	1
LK-4104010	Karainagar North East	Karainagar North East	gnd	22	2	430	5	3	0	0
LK-4104015	Karainagar East	Karainagar East	gnd	8	3	374	0	28	0	0
LK-4104020	Karainagar Centre	Karainagar Centre	gnd	151	4	231	0	1	0	0
LK-4104025	Karainagar North West	Karainagar North West	gnd	1	0	86	0	0	0	0
LK-4104030	Karainagar West	Karainagar West	gnd	40	1	337	2	22	0	1
LK-4104035	Karainagar South East	Karainagar South East	gnd	27	2	75	0	0	0	0
LK-4104040	Karainagar South	Karainagar South	gnd	2	5	302	1	18	0	0
LK-4104045	Karainagar South West	Karainagar South West	gnd	4	1	262	5	4	0	2
LK-4106005	Vadducoddai East	Vaddukoddai East	gnd	320	12	109	4	3	0	0
LK-4106010	Vadducoddai North	Vaddukoddai North	gnd	208	2	119	5	1	0	0
LK-4106015	Sangarathai	Sangarathai	gnd	129	2	317	15	15	0	0
LK-4106020	Arali West	Arali West	gnd	134	0	153	0	21	0	0
LK-4106025	Arali Centre	Arali Centre	gnd	189	13	217	11	41	0	0
LK-4106030	Arali South	Arali South	gnd	318	4	320	18	25	0	0
LK-4106035	Arali East	Arali East	gnd	247	14	225	25	19	0	0
LK-4106040	Arali North	Arali North	gnd	213	4	218	9	16	0	0
LK-4106045	Vadducoddai South	Vaddukoddai South	gnd	136	10	478	18	51	0	0
LK-4106050	Vadducoddai South West	Vaddukoddai South West	gnd	263	3	73	2	2	0	0
LK-4106055	Vadducoddai West	Vedducoddai  West	gnd	293	12	0	0	1	0	0
LK-4106060	Tholpuram East	Tholpuram East	gnd	210	2	126	2	0	0	0
LK-4106065	Tholpuram West	Tholpuram  West	gnd	368	0	162	8	11	0	0
LK-4106070	Ponnalai	Ponnalai	gnd	408	10	1	20	16	0	0
LK-4106075	Moolai	Moolai	gnd	141	6	661	18	27	1	0
LK-4106080	Chulipuram West	Chulipuram West	gnd	103	9	326	8	20	0	1
LK-4106085	Chulipuram Centre	Chulipuram  Centre	gnd	379	4	0	3	20	0	0
LK-4106090	Chulipuram East	Chulipuram  East	gnd	552	10	2	7	33	0	3
LK-4106095	Pannagam	Pannakam	gnd	221	4	174	2	2	0	1
LK-4106100	Panippulam	Pannaippulam	gnd	171	1	146	4	14	0	0
LK-4106105	Siththankerni	Siththankerni	gnd	166	5	159	2	5	0	0
LK-4106110	Chankanai East	Chankanai East	gnd	305	4	87	11	13	2	2
LK-4106115	Chankanai West	Chankanai West	gnd	223	1	229	4	6	0	0
LK-4106120	Chankanai South	Chankanai South	gnd	155	1	261	2	20	0	0
LK-4106125	Chankanai Centre	Chankanai Centre	gnd	145	2	356	18	10	0	1
LK-4109005	Suthumalai North	Suthumalai North	gnd	198	16	224	17	0	0	0
LK-4109010	Suthumalai South	Suthumalai South	gnd	287	19	237	31	6	0	0
LK-4109015	Savatkaddu	Savatkaddu	gnd	69	1	487	15	6	0	2
LK-4109020	Uyarappulam	Uyarappulam	gnd	612	41	171	10	11	0	0
LK-4109025	Anaikottai	Anaikoddai	gnd	738	22	183	29	30	0	0
LK-4109030	Navali North	Navali North	gnd	394	37	209	47	15	5	0
LK-4109035	Navali East	Navali East	gnd	183	22	222	1	0	0	0
LK-4109040	Navali South	Navali South	gnd	158	4	311	6	7	0	1
LK-4109045	Manipay North	Manipay North	gnd	300	3	63	4	2	0	1
LK-4109050	Manipay East	Manipay East	gnd	380	14	154	3	4	0	0
LK-4109055	Manipay South	Manipay South	gnd	311	21	127	0	7	0	0
LK-4109060	Manipay West	Manipay West	gnd	274	7	360	5	18	1	1
LK-4109065	Sandilipay North	Sandilipay North	gnd	157	9	344	11	16	0	0
LK-4109070	Sandilipay Centre	Sandilipay Centre	gnd	188	8	252	12	19	0	0
LK-4109075	Sandilipay West	Sandilipay West	gnd	104	1	290	1	12	0	0
LK-4109080	Masiapiddy	Masiapiddy	gnd	132	1	269	7	11	0	0
LK-4109085	Vadaliyadaippu	Vadaliyadaippu	gnd	384	11	128	16	6	0	0
LK-4109090	Pandatheruppu	Pandatheruppu	gnd	121	3	517	10	28	0	0
LK-4109095	Piranpattai	Piranpattai	gnd	38	2	368	16	9	0	0
LK-4109100	Sillalai North	Sillalai North	gnd	332	24	165	38	50	0	1
LK-4109105	Sillalai South	Sillalai South	gnd	145	9	72	4	13	0	0
LK-4109110	Mathagal East	Mathagal East	gnd	73	15	497	21	37	0	0
LK-4109115	Mathagal South	Mathagal South	gnd	125	5	132	0	5	0	0
LK-4109120	Mathagal West	Mathagal West	gnd	37	4	265	1	1	0	0
LK-4109125	Periyavillan	Periyavillan	gnd	65	4	356	30	19	0	2
LK-4109130	Marisankoodal	Maresankoodal	gnd	44	0	242	34	85	0	1
LK-4109135	Illavalai	Illavalai	gnd	214	1	234	10	8	0	0
LK-4109140	Mullanai	Mullanai	gnd	118	11	2	0	0	0	0
LK-4112005	Mallakam South	Mallakam South	gnd	95	4	455	6	10	0	0
LK-4112010	Mallakam Centre	Mallakam Centre	gnd	186	15	339	2	4	1	0
LK-4112015	Mallakam North	Mallakam North	gnd	146	10	278	18	14	0	0
LK-4112020	Alaveddy North	Alaveddy North	gnd	110	2	298	20	13	0	0
LK-4112025	Alaveddy Centre	Alaveddy Centre	gnd	151	1	178	8	5	0	0
LK-4112030	Alaveddy East	Alaveddy East	gnd	132	2	279	7	4	0	0
LK-4112035	Ganeshwaram	Ganeswaram	gnd	204	9	88	3	3	1	0
LK-4112040	Alaveddy South	Alaveddy South	gnd	282	6	163	10	16	0	0
LK-4112045	Alaveddy West	Alaveddy West	gnd	262	5	267	6	14	0	0
LK-4112050	Ilavalai North	Ilavalai North	gnd	121	2	202	5	3	0	0
LK-4112055	Ilavalai North West	Ilavalai North West	gnd	37	1	432	18	17	0	1
LK-4112060	Vithakapuram	Vithahapuram	gnd	155	6	128	10	0	0	1
LK-4112065	Pannalai	Pannalai	gnd	89	4	218	4	1	0	1
LK-4112070	Kollankaladdy	Kollankalady	gnd	81	2	446	56	16	0	0
LK-4112075	Naguleswaram	Naguleswaram	gnd	40	3	187	11	8	0	0
LK-4112080	Tellippalai East	Tellippalai East	gnd	97	5	366	13	24	4	0
LK-4112085	Tellippalai	Tellippalai	gnd	144	3	109	4	0	0	0
LK-4112090	Thurkkapuram	Thurkkapuram	gnd	177	1	281	6	2	0	0
LK-4112095	Thanthai Selvapuram	Thanthai Selvapuram	gnd	93	1	247	11	1	0	0
LK-4112100	Maviddapuram	Maviddapuram	gnd	178	3	77	3	2	0	0
LK-4112105	Maviddapuram South	Maviddapuram South	gnd	131	0	102	1	1	0	1
LK-4112110	Kankesanthurai West	Kankesanthurai West	gnd	48	9	46	5	1	0	0
LK-4112115	Kankesanthurai Centre	Kankesanthurai Centre	gnd	39	1	2	1	0	0	1
LK-4112120	Kankesanthurai South	Kankesanthurai South	gnd	64	2	6	0	1	0	0
LK-4112125	Palai Veemankamam North	Palai Veemankamam North	gnd	116	1	34	0	2	0	0
LK-4112130	Palai Veemankamam South	Palai Veemankamam South	gnd	43	4	143	30	2	0	0
LK-4112135	Kadduvan	Kadduvan	gnd	41	0	61	0	2	0	1
LK-4112140	Kadduvan West	Kadduvan West	gnd	20	0	224	15	10	0	1
LK-4112145	Thenmylai	Thenmylai	gnd	8	0	53	3	7	0	0
LK-4112150	Varuthalaivilan	Varuthalaivilan	gnd	37	1	220	15	16	0	1
LK-4112155	Kurumbasiddy	Kurumpasiddy	gnd	25	0	12	2	1	0	0
LK-4112160	Kurumbasiddy East	Kurumpasiddy East	gnd	38	0	117	11	13	0	0
LK-4112165	Vasavilan East	Vayavilan East	gnd	46	8	381	12	13	0	2
LK-4112170	Vasavilan West	Vayavilan West	gnd	16	0	77	2	3	0	1
LK-4112175	Myliddy North	Myliddy North	gnd	34	2	251	17	23	0	0
LK-4112180	Theiyiddy East	Thyiddy East	gnd	7	2	102	6	0	0	0
LK-4112185	Myliddythurai South	Myliddyththurai South	gnd	0	0	0	0	0	0	0
LK-4112190	Theiyiddy North	Thyiddy North	gnd	1	0	79	2	1	0	0
LK-4112195	Theiyiddy South	Thyiddy South	gnd	164	2	140	3	6	0	0
LK-4112200	Myliddythurai North	Myliddyththurai North	gnd	48	0	63	2	1	1	3
LK-4112205	Palaly South	Palaly South	gnd	8	1	106	3	4	0	2
LK-4112210	Palaly East	Palaly East	gnd	58	0	32	0	0	0	0
LK-4112215	Palaly North	Palaly North	gnd	37	0	222	3	10	0	4
LK-4112220	Palaly North West	Palaly North West	gnd	0	0	0	0	0	0	0
LK-4112225	Palaly West	Palaly West	gnd	0	0	0	0	0	0	0
LK-4115005	Uduvil South West	Uduvil South West	gnd	58	4	320	2	11	0	0
LK-4115010	Uduvil South East	Uduvil South East	gnd	235	7	209	9	7	1	0
LK-4115015	Uduvil Centre	Uduvil Centre	gnd	215	3	295	36	3	2	1
LK-4115020	Uduvil Centre North	Uduvil Centre North	gnd	381	4	195	11	7	0	0
LK-4115025	Uduvil North	Uduvil North	gnd	291	19	216	11	1	0	0
LK-4115030	Sanguvely	Sanguvely	gnd	363	10	254	11	9	19	0
LK-4115035	Inuvil South West	Inuvil South West	gnd	183	2	220	5	1	0	0
LK-4115040	Inuvil East	Inuvil East	gnd	82	0	124	1	2	0	0
LK-4115045	Inuvil North East	Inuvil North East	gnd	133	5	379	7	14	3	0
LK-4115050	Inuvil West	Inuvil West	gnd	142	1	169	4	5	0	0
LK-4115055	Thavady South	Thavady South	gnd	103	4	421	12	2	0	1
LK-4115060	Thavady East	Thavady East	gnd	267	0	113	3	3	0	0
LK-4115065	Thavady North	Thavady North	gnd	165	2	291	7	4	0	3
LK-4115070	Chunnakam Town North	Chunnakam Town North	gnd	209	2	65	3	4	0	0
LK-4115075	Chunnakam Town South	Chunnakam Town South	gnd	227	14	421	19	16	3	1
LK-4115080	Chunnakam Town East	Chunnakam Town East	gnd	146	0	232	3	0	0	0
LK-4115085	Chunnakam Town Centre	Chunnakam Town Centre	gnd	321	0	100	0	4	0	0
LK-4115090	Chunnakam Town West	Chunnakam Town West	gnd	121	4	235	2	6	0	0
LK-4115095	Kantharodai	Kantharodai	gnd	173	1	207	7	11	0	0
LK-4115100	Erlalai West	Erlalai West	gnd	130	2	231	4	10	0	0
LK-4115105	Erlalai South West	Erlalai South West	gnd	28	2	334	14	1	0	0
LK-4115110	Erlalai South	Erlalai South	gnd	165	7	593	63	27	0	1
LK-4115115	Erlalai East	Erlalai East	gnd	75	3	244	4	5	0	1
LK-4115120	Erlalai North	Erlalai North	gnd	271	9	138	15	6	0	1
LK-4115125	Erlalai Centre	Erlalai Centre	gnd	100	3	185	1	3	0	0
LK-4115130	Punnalaikadduvan South	Punnalaikadduvan South	gnd	103	0	215	6	11	0	0
LK-4115135	Punnalaikadduvan North	Punnalaikadduvan North	gnd	78	3	313	4	18	0	8
LK-4115140	Evinai	Evenai	gnd	43	3	355	21	32	1	3
LK-4115145	Kuppilan South	Kuppilan South	gnd	138	7	279	31	2	0	5
LK-4115150	Kuppilan North	Kuppilan North	gnd	20	0	223	7	3	0	0
LK-4118005	Irupalai South	Irupalai South	gnd	210	11	454	4	12	0	1
LK-4118010	Irupalai East	Irupalai  East	gnd	70	1	475	20	39	0	1
LK-4118015	Kalviyankadu	Kalviyankadu	gnd	496	11	212	15	0	0	2
LK-4118020	Kopai South	Kopay South	gnd	926	55	154	90	10	0	1
LK-4118025	Kopai Centre	Kopay Centre	gnd	585	19	318	9	16	2	0
LK-4118030	Kopai North	Kopay North	gnd	440	5	220	1	5	0	0
LK-4118035	Urumpirai West	Urumpirai West	gnd	280	23	416	9	5	1	5
LK-4118040	Urumpirai North	Urumpirai North	gnd	443	19	124	10	7	0	0
LK-4118045	Urumpirai South	Urumpirai South	gnd	698	27	190	4	27	7	3
LK-4118050	Urumpirai East	Urumpirai East	gnd	355	4	278	3	6	0	0
LK-4118055	Urelu	Urelu	gnd	563	12	225	6	13	0	0
LK-4118060	Neervely South	Neervely South	gnd	542	7	48	4	7	0	3
LK-4118065	Neervely North	Neervely North	gnd	304	1	344	7	11	0	0
LK-4118070	Neervely West	Neervely West	gnd	121	5	196	2	4	0	0
LK-4118075	Siruppiddy East	Sirupiddy East	gnd	342	14	126	6	18	0	0
LK-4118080	Siruppiddy West	Sirupiddy West	gnd	366	33	161	8	20	0	0
LK-4118085	Puttur West	Puttur West	gnd	375	14	316	38	55	0	1
LK-4118090	Puttur North	Puttur North	gnd	170	22	146	10	10	1	0
LK-4118095	Nawatkiri	Nawatkiri	gnd	428	15	7	12	4	0	2
LK-4118100	Avarangal East	Avarangal East	gnd	178	6	101	1	2	0	4
LK-4118105	Avarangal West	Avarangal West	gnd	351	24	204	32	13	0	6
LK-4118110	Puttur East	Puttur East	gnd	440	20	387	18	43	0	0
LK-4118115	Achchelu	Atchelu	gnd	698	19	202	10	51	0	4
LK-4118120	Vatharavattai	Vatharavattai	gnd	6	0	230	2	18	0	1
LK-4118125	Pattameni	Pathameny	gnd	588	9	0	0	7	0	0
LK-4118130	Thampalai-Kathiripay	Thampalai-Kathiripay	gnd	275	2	245	13	18	0	0
LK-4118135	Iddaikkadu	Iddaikkadu	gnd	202	12	39	4	4	0	4
LK-4118140	Valalai	Valalai	gnd	308	12	99	2	5	0	0
LK-4118145	Achchuveli North	Atchuvely North	gnd	261	24	183	10	5	0	1
LK-4118150	Achchuveli South	Atchuvely South	gnd	382	15	384	17	12	0	0
LK-4118155	Achchuveli West	Atchuvely West	gnd	217	17	284	38	60	2	2
LK-4121005	Karanavai South	Karanavai South	gnd	261	11	166	4	5	0	1
LK-4121010	Karanavai West	Karanavai West	gnd	228	9	256	9	17	0	7
LK-4121015	Karanavai	Karanavai	gnd	182	8	205	16	5	0	0
LK-4121020	Karanavai East	Karanavai East	gnd	202	1	172	1	0	0	0
LK-4121025	Uduppiddy	Udupiddy	gnd	86	1	295	5	22	0	4
LK-4121030	Uduppiddy North	Udupiddy North	gnd	206	8	271	4	7	3	0
LK-4121035	Uduppiddy South	Udupiddy South	gnd	75	1	151	9	0	0	0
LK-4121040	Valvetty	Valvetty	gnd	84	20	148	1	4	1	1
LK-4121045	Valvetty Centre	Valvetty Centre	gnd	199	15	51	4	4	1	0
LK-4121050	Samarabahu	Samarabahu	gnd	185	10	146	7	31	0	5
LK-4121055	Imayanan	Imayanan	gnd	339	10	123	10	32	0	0
LK-4121060	Imayanan East	Imayanan East	gnd	350	30	147	12	16	0	0
LK-4121065	Karanavai North	Karanavai North	gnd	61	12	234	15	17	2	1
LK-4121070	Karanavai North West	Karanavai North West	gnd	58	6	283	47	23	0	2
LK-4121075	Karanavai Centre	Karanavai Centre	gnd	242	3	103	1	8	0	0
LK-4121080	Karaveddy West	Karaveddy West	gnd	162	11	133	26	33	0	0
LK-4121085	Karaveddy North	Karaveddy North	gnd	126	1	87	7	8	0	0
LK-4121090	Karaveddy South	Karaveddy  South	gnd	1	0	172	10	12	0	0
LK-4121095	Maththoni	Maththoni	gnd	195	1	0	0	0	0	0
LK-4121100	Karaveddy Centre	Karaveddy Centre	gnd	227	2	101	0	0	0	0
LK-4121105	Karaveddy East	Karaveddy East	gnd	31	9	255	6	18	0	3
LK-4121110	Kaddaively	Kaddaively	gnd	57	1	218	0	6	0	0
LK-4121115	Thunnalai South	Thunnalai South	gnd	328	6	2	6	13	0	3
LK-4121120	Thunnalai East	Thunnalai East	gnd	72	2	174	2	5	0	0
LK-4121125	Thunnalai	Thunnalai	gnd	93	1	90	4	3	0	0
LK-4121130	Thunnalai Centre	Thunnalai Centre	gnd	160	3	0	0	0	0	0
LK-4121135	Thunnalai West	Thunnalai West	gnd	63	6	216	35	14	0	0
LK-4121140	Nelliaddy North	Nelliaddy North	gnd	266	6	2	0	0	0	1
LK-4121145	Nelliaddy	Nelliaddy	gnd	217	4	41	0	0	0	0
LK-4121150	Nelliaddy East	Nelliaddy East	gnd	288	8	57	4	2	1	0
LK-4121155	Alvai	Alvai	gnd	93	7	235	8	8	0	1
LK-4121160	Alvai South	Alvai South	gnd	96	1	241	6	15	0	0
LK-4121165	Alvai East	Alvai East	gnd	84	2	243	18	17	0	2
LK-4121170	Aththai	Aththai	gnd	153	1	1	0	0	0	0
LK-4121175	Kapputhu	Kapputhu	gnd	25	0	0	0	0	0	2
LK-4124005	Manatkadu	Manalkadu	gnd	247	0	0	0	8	0	0
LK-4124010	Kudaththanai	Kudathanai	gnd	66	1	214	8	10	0	6
LK-4124015	Kudaththanai Karaiyoor	Kudathanai Karaiyoor	gnd	7	0	138	1	5	0	0
LK-4124020	Potpathi	Potpathi	gnd	10	1	116	0	5	0	0
LK-4124025	Ampan	Ampan	gnd	13	0	146	4	10	0	2
LK-4124030	Nagarkovil East	Nagarkovil East	gnd	133	2	1	0	10	0	1
LK-4124035	Nagarkovil West	Nagarkovil West	gnd	107	2	0	0	6	0	0
LK-4124040	Nagarkovil South	Nagarkovil South	gnd	20	2	17	0	1	0	1
LK-4124045	Chempiyanpattu North	Chempiyanpattu North	gnd	168	0	67	31	4	0	1
LK-4124050	Chempiyanpattu South	Chempiyanpattu South	gnd	109	3	0	0	10	0	0
LK-4124055	Maruthankarny	Maruthankarny	gnd	69	0	327	1	8	0	5
LK-4124060	Vaththirayan	Vathirayan	gnd	41	1	255	5	10	0	1
LK-4124065	Uduththurai	Uduthurai	gnd	354	6	144	1	6	0	6
LK-4124070	Aliyavalai	Aliyavalai	gnd	146	4	179	2	7	0	1
LK-4124075	Vettilaikerny	Vetrilaikerny	gnd	31	2	188	6	6	0	0
LK-4124080	Mulliyan	Mulliyan	gnd	116	1	217	0	35	0	20
LK-4124085	Pokkaruppu	Pokkaruppu	gnd	7	0	101	0	5	0	7
LK-4124090	Chundikulam	Chundikulam	gnd	0	0	0	0	0	0	2
LK-4127005	Thondamanaru South	Thondamanaru South	gnd	46	1	157	2	8	1	0
LK-4127010	Thondamanaru North	Thondamanaru North	gnd	44	3	141	3	15	1	0
LK-4127015	Kerudavil South	Kerudavil South	gnd	500	7	42	12	11	3	7
LK-4127020	Kerudavil North	Kerudavil North	gnd	141	1	24	3	1	0	0
LK-4127025	Kerudavil East	Kerudavil East	gnd	110	19	0	3	1	1	0
LK-4127030	Valvettithurai North West	Valvettithurai North West	gnd	207	12	0	2	3	24	1
LK-4127035	Valvettithurai North Centre	Valvettithurai North Centre	gnd	66	3	46	0	6	2	0
LK-4127040	Valvettithurai North East	Valvettithurai North East	gnd	151	0	0	0	2	0	0
LK-4127045	Valvettithurai South West	Valvettithurai South West	gnd	111	2	104	5	2	0	0
LK-4127050	Valvettithurai South East	Valvettithurai South East	gnd	105	1	92	0	0	0	1
LK-4127055	Polikandy West	Polikandy West	gnd	153	0	337	5	9	5	3
LK-4127060	Polikandy East	Polikandy East	gnd	130	10	359	12	12	2	3
LK-4127065	Polikandy South	Polikandy South	gnd	30	1	128	0	2	0	0
LK-4127070	Alvai West	Alvai West	gnd	194	20	143	5	8	0	1
LK-4127075	Alvai North West	Alvai North West	gnd	225	3	247	9	4	0	0
LK-4127080	Alvai North Centre	Alvai North Centre	gnd	393	11	63	3	3	0	2
LK-4127085	Viyaparimulai	Viyaparimoolai	gnd	263	7	48	2	5	0	0
LK-4127090	Alvai North	Alvai North	gnd	101	1	311	12	52	0	8
LK-4127095	Point Pedro	Point Pedro	gnd	259	7	220	2	16	1	2
LK-4127100	Point Pedro South	Point Pedro South	gnd	112	3	228	15	3	0	0
LK-4127105	Point Pedro East	Point Pedro East	gnd	271	10	398	9	9	0	0
LK-4127110	Thumpalai	Thumpalai	gnd	146	11	330	6	1	0	0
LK-4127115	Thumpalai East	Thumpalai East	gnd	73	7	273	7	15	0	1
LK-4127120	Katkovalam	Katkovalam	gnd	197	3	404	18	21	0	6
LK-4127125	Puloly North	Puloly North	gnd	178	3	292	13	1	0	0
LK-4127130	Puloly North East	Puloly North East	gnd	74	5	209	4	1	0	0
LK-4127135	Puloly Centre	Puloly Centre	gnd	444	1	2	1	4	1	0
LK-4127140	Puloly West	Puloly West	gnd	184	8	150	21	18	0	0
LK-4127145	Puloly South West	Puloly South West	gnd	317	5	143	1	3	1	0
LK-4127150	Puloly North West	Puloly North West	gnd	59	5	267	8	13	4	2
LK-4127155	Puloly East	Puloly East	gnd	233	1	208	0	1	0	0
LK-4127160	Puloly South	Puloly South	gnd	73	0	169	0	0	0	0
LK-4127165	Manthikai	Manthikai	gnd	30	0	93	12	6	1	0
LK-4127170	Vallipuram	Vallipuram	gnd	9	1	154	0	1	0	1
LK-4127175	Thunnalai North	Thunnalai North	gnd	138	4	94	2	0	0	0
LK-4130005	Kaithady North	Kaithady North	gnd	181	8	1	0	0	0	0
LK-4130010	Kaithady East	Kaithady East	gnd	421	19	0	1	10	0	2
LK-4130015	Kaithady Centre	Kaithady Centre	gnd	82	2	168	12	4	0	0
LK-4130020	Kaithady South	Kaithady South	gnd	138	8	207	8	3	0	2
LK-4130025	Kaithady South East	Kaithady South East	gnd	57	0	112	6	5	0	0
LK-4130030	Kaithady West	Kaithady West	gnd	104	4	232	11	3	0	3
LK-4130035	Navatkuli West	Navatkuli West	gnd	510	7	251	12	21	0	3
LK-4130040	Navatkuli East	Navatkuli East	gnd	53	2	214	6	6	0	1
LK-4130045	Kovilakandy	kovilakandy	gnd	132	1	0	1	6	0	0
LK-4130050	Kaithady Navatkuli	Kaithady Navatkuli	gnd	20	0	230	7	6	0	1
LK-4130055	Maravanpulo	Maravanpulo	gnd	111	6	195	5	6	0	0
LK-4130060	Thanankilappu	Thanankilappu	gnd	11	2	113	1	0	0	0
LK-4130065	Chavakachcheri Town	Chavakachcheri Town	gnd	257	13	0	0	0	1	2
LK-4130070	Kovilkudyiruppu	Kovilkudyiruppu	gnd	426	29	230	11	23	3	4
LK-4130075	Sangathanai	Sangathanai	gnd	284	6	189	5	9	0	0
LK-4130080	Chavakachcheri North	Chavakachcheri North	gnd	131	2	128	1	7	0	0
LK-4130085	Manduvil	Manduvil	gnd	323	3	0	0	15	0	3
LK-4130090	Kalvayal	Kalvayal	gnd	540	6	0	1	9	1	0
LK-4130095	Nunavil East	Nunavil East	gnd	351	0	0	1	0	0	0
LK-4130100	Nunavil Centre	Nunavil Centre	gnd	74	2	126	0	1	0	0
LK-4130105	Nunavil West	Nunavil West	gnd	340	12	40	0	10	0	0
LK-4130110	Kaithady Nunavil	Kaithady Nunavil	gnd	177	7	0	2	5	0	0
LK-4130115	Thenmadduvil	Thenmadduvil	gnd	42	4	163	0	3	0	0
LK-4130120	Madduvil Nunavil	Madduvil Nunavil	gnd	155	2	5	0	0	0	0
LK-4130125	Madduvil Centre	Madduvil Centre	gnd	174	10	100	9	6	0	0
LK-4130130	Madduvil North	Madduvil North	gnd	53	7	258	1	5	0	3
LK-4130135	Madduvil East	Madduvil East	gnd	15	2	242	3	4	0	0
LK-4130140	Chandrapuram	Chandrapuram	gnd	397	17	2	1	4	0	0
LK-4130145	Sarasalai South	Sarasalai South	gnd	101	1	271	7	7	0	5
LK-4130150	Sarasalai North	Sarasalai North	gnd	57	3	154	2	5	0	0
LK-4130155	Meesalai East	Meesalai East	gnd	407	14	116	5	5	1	0
LK-4130160	Meesalai West	Meesalai West	gnd	406	10	78	3	5	0	0
LK-4130165	Ramavil	Ramavil	gnd	186	3	160	2	0	0	0
LK-4130170	Meesalai North	Meesalai North	gnd	297	16	102	40	5	0	0
LK-4130175	Allarai	Allarai	gnd	71	6	334	7	16	0	4
LK-4130180	Vellampokkady	Vellampokkady	gnd	180	1	0	0	13	0	0
LK-4130185	Kachchai	Kachchai	gnd	395	5	0	0	9	0	10
LK-4130190	Palavi	Palavi	gnd	255	7	1	8	7	0	0
LK-4130195	Kodikamam North	Kodikamam North	gnd	350	3	16	0	20	1	7
LK-4130200	Kodikamam Centre	Kodikamam Centre	gnd	240	33	193	12	16	0	0
LK-4130205	Kodikamam South	Kodikamam South	gnd	73	18	332	7	44	0	1
LK-4130210	Usan	Usan	gnd	120	1	163	3	1	0	0
LK-4130215	Karampaham	Karampaham	gnd	169	6	1	1	3	0	1
LK-4130220	Vidaththalpalai	Vidaththalpalai	gnd	55	3	91	1	4	0	0
LK-4130225	Ketpeli	Ketpeli	gnd	36	16	308	15	31	0	1
LK-4130230	Eluthumadduval South	Eluthumadduval South	gnd	101	6	85	1	0	0	0
LK-4130235	Eluthumadduval North	Eluthumadduval North	gnd	225	2	0	1	1	0	0
LK-4130240	Mirusuvil North	Mirusuvil North	gnd	140	7	154	7	8	0	5
LK-4130245	Mirusuvil South	Mirusuvil South	gnd	46	4	128	19	8	0	3
LK-4130250	Kudamiyan	Kudamiyan	gnd	24	0	185	1	25	0	0
LK-4130255	Navatkadu	Navatkadu	gnd	18	2	154	2	9	0	0
LK-4130260	Varani North	Varani North	gnd	237	10	1	0	7	0	2
LK-4130265	Maaseri	Maaseri	gnd	92	3	0	1	0	1	1
LK-4130270	Iddaikurichchi	Iddaikurichchi	gnd	67	2	226	6	7	1	2
LK-4130275	Karambaikkurichchi	Karampaikurichchi	gnd	209	20	116	2	9	0	2
LK-4130280	Varani-Iyattalai	Varani-lyattalai	gnd	333	0	1	1	2	0	0
LK-4130285	Thavalai-Iyattalai	Thavalai- Iyattalai	gnd	158	3	106	9	8	0	2
LK-4130290	Manthuvil East	Manthuvil East	gnd	133	1	179	3	2	0	0
LK-4130295	Manthuvil West	Manthuvil West	gnd	11	2	175	5	14	0	0
LK-4130300	Manthuvil North	Manthuvil North	gnd	79	17	0	0	4	1	2
LK-4133005	Ariyalai South West	Ariyalai South West	gnd	277	83	328	30	4	0	2
LK-4133010	Ariyalai East	Ariyalai East	gnd	71	18	315	52	26	0	5
LK-4133015	Ariyalai North West	Ariyalai North West	gnd	322	11	130	7	5	0	0
LK-4133020	Ariyalai Center West	Ariyalai West (Centre)	gnd	186	2	209	7	0	0	0
LK-4133025	Ariyalai S. W. (East)	Ariyalai S. W.	gnd	306	4	20	0	3	0	0
LK-4133030	Ariyalai Centre North	Ariyalai Centre North	gnd	282	2	30	1	2	0	0
LK-4133035	Ariyalai Centre	Ariyalai Centre	gnd	254	5	221	2	0	0	0
LK-4133040	Ariyalai Centre South	Ariyalai Centre South	gnd	238	9	134	2	6	0	2
LK-4133045	Iyanar Kovilady	Iyanar Kovilady	gnd	326	57	121	0	0	0	0
LK-4133050	Vannarponnai N.W. (North)	Vannarpannai North	gnd	210	4	230	1	2	0	0
LK-4133055	Vannarponnai N.W. (West)	Vannarpannai N.W.	gnd	293	4	340	2	10	1	1
LK-4133060	Vannarponnai N.E. (North)	Vannarpannai N.E.	gnd	454	21	132	6	3	0	1
LK-4133065	Vannarponnai N.E. (South)	Neeraviyady	gnd	297	1	104	0	1	0	0
LK-4133070	Kantharmadam North West	Kantharmadam North West	gnd	391	8	81	14	6	0	1
LK-4133075	Kantharmadam North East	Kantharmadam North East	gnd	365	10	170	3	1	0	0
LK-4133080	Kantharmadam South West	Kantharmadam South West	gnd	340	4	48	1	0	0	0
LK-4133085	Kantharmadam South East	Kantharmadam South East	gnd	111	2	204	2	0	0	0
LK-4133090	Nallur North	Nallur North	gnd	238	5	196	13	2	0	0
LK-4133095	Nallur Rajathani	Nallur Irajathani	gnd	111	0	68	4	1	0	0
LK-4133100	Nallur South	Nallur South	gnd	167	2	235	3	0	0	0
LK-4133105	Sangiliyan Thoppu	Sangiliyan Thoppu	gnd	472	7	448	17	8	0	0
LK-4133110	Thirunelvely West	Thirunelvely West	gnd	581	4	97	5	6	0	0
LK-4133115	Thirunelvely Centre South	Thirunelvely Centre South	gnd	204	3	0	0	0	0	0
LK-4133120	Thirunelvely South East	Thirunelvely South East	gnd	190	24	134	0	0	0	0
LK-4133125	Thirunelvely North East	Thirunelvely North East	gnd	459	2	0	0	0	0	0
LK-4133130	Thirunelvely Centre North	Thirunelvely Centre North	gnd	293	3	597	23	14	0	2
LK-4133135	Kondavil North West	Kondavil North West	gnd	102	2	370	16	1	1	0
LK-4133140	Kondavil South West	Kondavil South West	gnd	396	4	69	7	0	0	0
LK-4133145	Kondavil Centre West	Kondavil Centre West	gnd	39	1	258	9	3	0	0
LK-4133150	Kondavil Centre East	Kondavil Centre East	gnd	203	20	226	7	2	0	0
LK-4133155	Kondavil North East	Kondavil North East	gnd	446	11	207	10	7	0	1
LK-4133160	Kondavil South East	Kondavil South East	gnd	269	2	167	3	4	0	0
LK-4133165	Kokuvil North East	Kokuvil North East	gnd	368	0	175	7	0	0	1
LK-4133170	Kokuvil East	Kokuvil East	gnd	542	11	158	14	5	1	0
LK-4133175	Kokuvil South East	Kokuvil South East	gnd	367	7	73	2	0	0	0
LK-4133180	Kokuvil North West	Kokuvil North West	gnd	180	13	36	0	0	0	0
LK-4133185	Kokuvil West	Kokuvil West	gnd	160	0	162	9	2	0	0
LK-4133190	Kokuvil Centre East	Kokuvil Centre East	gnd	297	138	32	28	1	1	2
LK-4133195	Kokuvil South West	Kokuvil South West	gnd	115	2	236	5	3	0	0
LK-4133200	Kokuvil Centre West	Kokuvil Centre (West)	gnd	279	4	125	3	1	0	0
LK-4136005	Nedunkulam	Nedunkulam	gnd	90	0	390	5	3	0	0
LK-4136010	Columbuthurai East	Columbuthurai East	gnd	282	1	259	5	4	0	0
LK-4136015	Columbuthurai West	Columbuthurai West	gnd	252	11	112	5	1	0	0
LK-4136020	Passaiyoor East	Passaiyoor East	gnd	241	0	2	0	1	0	0
LK-4136025	Passaiyoor West	Passaiyoor West	gnd	108	4	116	1	0	0	0
LK-4136030	Eachchamoddai	Eachchamoddai	gnd	469	10	179	0	0	0	0
LK-4136035	Thirunagar	Thirunagar	gnd	58	0	171	1	5	0	0
LK-4136040	Reclamation East	Reclamation East	gnd	551	118	187	36	39	0	1
LK-4136045	Reclamation West	Reclamation West	gnd	516	105	47	86	10	0	2
LK-4136050	Gurunagar East	Gurunagar East	gnd	293	25	85	1	2	0	0
LK-4136055	Gurunagar West	Gurunagar West	gnd	142	15	145	67	7	0	0
LK-4136060	Small Bazaar	Small Bazaar	gnd	164	8	0	0	1	0	0
LK-4136065	Jaffna Town West	Jaffna Town West	gnd	385	92	103	58	7	0	0
LK-4136070	Jaffna Town East	Jaffna Town East	gnd	349	4	5	0	1	0	0
LK-4136075	Chundikuli South	Chundikuli South	gnd	191	8	206	13	5	1	0
LK-4136080	Chundikuli North	Chundikuli North	gnd	370	8	29	2	0	0	0
LK-4136085	Maruthady	Maruthady	gnd	328	11	105	3	0	0	0
LK-4136090	Aththiyadi	Attiaddy	gnd	324	24	111	3	0	0	0
LK-4136095	Chirampiyadi	Sirambiady	gnd	172	13	124	12	0	0	0
LK-4136100	Grand Bazaar	Grand Bazaar	gnd	119	12	100	24	1	0	0
LK-4136105	Fort	Fort	gnd	369	3	3	8	7	0	1
LK-4136110	Vannarpannai	Vannarpannai	gnd	146	13	163	8	1	0	0
LK-4136115	Koddady	Koddady	gnd	192	30	163	10	2	0	0
LK-4136120	Navanthurai South	Navanthurai South	gnd	44	4	362	3	3	0	0
LK-4136125	Navanthurai North	Navanthurai North	gnd	491	5	0	14	16	0	8
LK-4136130	Moor Street South	Moor Street South	gnd	76	10	286	38	1	2	0
LK-4136135	Moor Street North	Moor Street North	gnd	120	12	337	23	0	10	0
LK-4136140	New Moor Street	New Moor Street	gnd	229	9	148	1	15	0	0
LK-4139005	Mandaitivu East	Mandaitivu East	gnd	23	3	104	1	8	0	0
LK-4139010	Mandaitivu West	Mandaitivu West	gnd	16	0	80	3	2	0	1
LK-4139015	Mandaitivu South	Mandaitivu South	gnd	13	3	176	7	18	0	1
LK-4139020	Allaipiddy	Allaipiddy	gnd	163	12	292	14	48	0	4
LK-4139025	Mankumpan	Mankumban	gnd	20	1	121	10	11	9	1
LK-4139030	Velanai North	Velanai North	gnd	33	0	68	4	2	0	0
LK-4139035	Velanai North East	Velanai North East	gnd	21	0	75	2	3	0	2
LK-4139040	Velanai East	Velanai East	gnd	160	5	88	2	17	0	5
LK-4139045	Velanai South East	Velanai South East	gnd	11	5	59	2	4	0	1
LK-4139050	Velanai East Centre	Velanai East Centre	gnd	16	6	84	26	10	0	12
LK-4139055	Velanai South	Velanai South	gnd	16	1	268	4	12	0	1
LK-4139060	Velanai West Centre	Velanai West Centre	gnd	14	2	68	3	4	0	0
LK-4139065	Velanai West	Velanai West	gnd	161	35	39	0	4	0	16
LK-4139070	Saravanai East	Saravanai East	gnd	0	0	92	2	0	0	0
LK-4139075	Saravanai West	Saravanai West	gnd	6	5	136	0	4	0	0
LK-4139080	Pungudutivu North East	Pungudutivu North East	gnd	1	0	24	2	2	0	4
LK-4139085	Pungudutivu East	Pungudutivu East	gnd	40	5	0	1	1	0	28
LK-4139090	Pungudutivu South East	Pungudutivu South East	gnd	1	1	17	1	0	0	0
LK-4139095	Pungudutivu East South	Pungudutivu East South	gnd	15	1	47	3	9	0	15
LK-4139100	Pungudutivu South	Pungudutivu South	gnd	15	1	189	1	34	0	11
LK-4139105	Pungudutivu North	Pungudutivu North	gnd	11	4	51	2	5	0	4
LK-4139110	Pungudutivu Centre North	Pungudutivu Centre North	gnd	1	0	122	1	3	0	13
LK-4139115	Pungudutivu South West	Pungudutivu South West	gnd	4	0	54	3	4	0	1
LK-4139120	Pungudutivu Centre West	Pungudutivu Centre West	gnd	25	0	32	2	1	0	1
LK-4139125	Pungudutivu Centre East	Pungudutivu Centre East	gnd	10	2	49	4	2	0	0
LK-4139130	Pungudutivu North West	Pungudutivu North West	gnd	5	2	29	0	0	0	6
LK-4139135	Pungudutivu West	Pungudutivu West	gnd	21	1	50	4	15	0	10
LK-4139140	Nainativu North	Nainativu North	gnd	11	0	175	9	23	4	11
LK-4139145	Nainativu Centre	Nainativu Centre	gnd	33	2	99	2	10	1	0
LK-4139150	Nainativu South	Nainativu South	gnd	30	0	196	4	15	2	3
LK-4142005	Delft West	Delft West	gnd	8	0	129	0	1	0	0
LK-4142010	Delft South	Delft South	gnd	1	1	77	0	3	0	1
LK-4142015	Delft Centre West	Delft Centre West	gnd	7	2	184	2	6	0	0
LK-4142020	Delft Centre	Delft Centre	gnd	18	2	140	1	8	0	0
LK-4142025	Delft Centre East	Delft Centre East	gnd	9	0	130	9	1	0	0
LK-4142030	Delft East	Delft East	gnd	4	1	136	2	14	0	0
LK-4203005	Talaimannar North	Talaimannar North	gnd	130	21	130	24	3	0	2
LK-4203010	Thalaimannar Pier West	Talaimannar Pier West	gnd	0	0	13	0	0	0	1
LK-4203015	Thalaimannar Pier East	Talaimannar Pier East	gnd	295	3	222	3	26	1	5
LK-4203020	Thalaimannar	Talaimannar	gnd	63	3	114	2	7	1	13
LK-4203025	Talaimannar South	Talaimannar South	gnd	16	0	108	12	4	0	2
LK-4203030	Kaddukarankudiyiruppu	Kaddukarankudiyiruppu	gnd	13	1	70	16	11	1	7
LK-4203035	Thullukudiyiruppu	Thullukudiyiruppu	gnd	201	28	105	12	21	0	0
LK-4203040	Pesalai South	Pesalai South	gnd	370	7	352	13	11	0	0
LK-4203045	Pesalai North	Pesalai North	gnd	73	2	212	10	11	0	0
LK-4203050	Pesalai West	Pesalai West	gnd	92	71	73	6	3	0	0
LK-4203055	Siruthoppu	Siruthoppu	gnd	386	15	102	6	14	1	4
LK-4203060	Periyakarisal	Periyakarisal	gnd	210	28	114	3	6	0	8
LK-4203065	Olaithoduwai	Olaithoduwai	gnd	13	1	150	5	6	0	3
LK-4203070	Puthukudiyiruppu	Puthukudiyiruppu	gnd	41	5	484	23	19	0	3
LK-4203075	Erukkalampiddy West	Erukkalampiddy West	gnd	323	7	0	3	7	0	0
LK-4203080	Erukkalampiddy North	Erukkalampiddy North	gnd	80	0	81	0	0	0	1
LK-4203085	Erukkalampiddy East	Erukkalampiddy East	gnd	263	4	89	0	11	0	0
LK-4203090	Erukkalampiddy South	Erukkalampiddy South	gnd	51	2	85	1	0	0	0
LK-4203095	Erukkalampiddy Centre	Erukkalampiddy Centre	gnd	27	1	63	6	4	0	0
LK-4203100	Pallimunai East	Pallimunai East	gnd	51	0	326	5	3	0	0
LK-4203105	Moor Street	Moor Street	gnd	384	11	231	6	2	0	1
LK-4203110	Emilnagar	Emil Nagar	gnd	470	17	208	7	25	0	0
LK-4203115	Tharapuram East	Tharapuram East	gnd	48	1	254	8	3	0	0
LK-4203120	Tharapuram West	Tharapuram West	gnd	22	3	273	2	1	0	0
LK-4203125	Thoddaveli	Thoddaveli	gnd	196	4	270	1	12	0	2
LK-4203130	Thalvupadu	Thalvupadu	gnd	202	2	337	4	9	0	1
LK-4203135	Pattithoddam	Pattithoddam	gnd	145	9	174	1	0	0	2
LK-4203140	Eluthur	Eluthur	gnd	404	6	503	34	7	1	1
LK-4203145	Southbar	South Bar	gnd	60	1	380	4	20	0	6
LK-4203150	Savatkaddu	Savatkaddu	gnd	149	0	272	0	4	0	0
LK-4203155	Sinnakadai	Sinnakadai	gnd	246	5	43	0	0	0	0
LK-4203160	Uppukulam North	Uppukkulam North	gnd	217	5	148	2	0	0	0
LK-4203165	Pallimunai West	Pallimunai West	gnd	26	5	258	36	6	0	1
LK-4203170	Uppukulam South	Uppukkulam South	gnd	155	4	146	2	0	0	0
LK-4203175	Periyakadai	Periyakadai	gnd	134	7	8	0	1	0	0
LK-4203180	Pettah	Pettah	gnd	75	1	60	1	0	0	0
LK-4203185	Panankaddikoddu West	Panankaddukoddu West	gnd	92	7	241	2	5	0	0
LK-4203190	Panankaddikoddu East	Panankaddukoddu East	gnd	10	1	128	12	0	0	0
LK-4203195	Periyanavatkulam	Periyanavatkulam	gnd	17	0	0	0	0	0	0
LK-4203200	Thiruketheeswaram	Thiruketheeswaram	gnd	38	4	116	4	4	0	0
LK-4203205	Nagathalvu	Nagathalvu	gnd	8	2	55	2	4	0	1
LK-4203210	Neelasenai	Neelasenai	gnd	22	0	34	1	0	0	0
LK-4203215	Mathoddam	Mathoddam	gnd	81	1	16	0	1	0	1
LK-4203220	Kallikattaikadu	Kallikaddaikkadu	gnd	86	8	23	0	0	0	0
LK-4203225	Vannamottai	Vannamoddai	gnd	31	1	0	0	1	0	0
LK-4203230	Uyilankulam	Uyilankulam	gnd	129	1	0	0	0	0	0
LK-4203235	Puthukkamam	Puthukkamam	gnd	4	0	216	0	10	0	0
LK-4203240	Uyirtharasankulam	Uyirtharasankulam	gnd	11	3	70	2	0	0	3
LK-4203245	Parappankandal	Parappankandal	gnd	32	1	182	2	1	0	17
LK-4206005	Thevanpiddy	Thevanpiddy	gnd	132	1	72	4	13	0	4
LK-4206010	Vellankulam	Vellankulam	gnd	15	1	172	5	8	0	5
LK-4206015	Paliaru	Pali Aru	gnd	293	20	1	0	17	1	8
LK-4206020	Anthoniyarpuram	Anthoniyarpuram	gnd	9	0	164	7	1	0	15
LK-4206025	Illupaikadavai	Illupaikadavai	gnd	10	0	177	3	5	0	0
LK-4206030	Kalliyadi	Kalliyadi	gnd	21	0	57	0	5	0	3
LK-4206035	Aththimoddai	Aththimoddai	gnd	2	0	23	0	2	0	0
LK-4206040	Koorai	Koorai	gnd	0	0	65	0	8	0	1
LK-4206045	Periyamadhu East	Periyamadhu East	gnd	116	1	1	0	0	0	0
LK-4206050	Periyamadhu West	Periyamadhu West	gnd	99	1	0	0	1	0	0
LK-4206055	Kayanagar	Kayanagar	gnd	67	1	119	5	2	0	11
LK-4206060	Pallamadhu	Pallamadhu	gnd	3	1	125	6	10	1	27
LK-4206065	Kovilkulam	Kovilkulam	gnd	4	0	78	0	7	0	0
LK-4206070	Vidathaltheevu North	Vidathaltheevu North	gnd	87	1	0	1	2	0	0
LK-4206075	Vidathaltheevu West	Vidathaltheevu West	gnd	128	11	0	2	3	0	0
LK-4206080	Vidathaltheevu Central	Vidathaltheevu Central	gnd	9	0	0	0	1	0	0
LK-4206085	Vidathaltheevu East	Vidathaltheevu East	gnd	4	1	108	6	4	0	0
LK-4206090	Pappamoddai	Pappamoddai	gnd	30	5	69	0	7	0	1
LK-4206095	Parappukadanthan West	Parappukadanthan West	gnd	66	6	0	0	0	0	0
LK-4206100	Parappukadanthan East	Parappukadanthan East	gnd	29	10	0	0	0	1	0
LK-4206105	Kannady	Kannady	gnd	158	5	1	1	0	0	1
LK-4206110	Minnukkan	Minukkan	gnd	1	0	98	0	0	0	0
LK-4206115	Maligaithidal	Maligaithidal	gnd	7	1	127	6	11	0	0
LK-4206120	Veddayarmurrippu	Veddayarmurrippu	gnd	105	2	0	0	2	0	4
LK-4206125	Adampan	Adampan	gnd	165	1	1	0	0	0	0
LK-4206130	Nedunkandal	Nedunkandal	gnd	12	4	113	2	0	0	0
LK-4206135	Karunkandal Vannakulam	Karunkandal Vannakulam	gnd	79	4	40	3	1	0	0
LK-4206140	Alkaddiveli	Alkaddiveli	gnd	181	17	1	0	3	0	0
LK-4206145	Andankulam	Andankulam	gnd	11	0	68	0	0	0	1
LK-4206150	Karunkandal	Karunkandal	gnd	108	0	2	1	4	0	3
LK-4206155	Sornapuri	Sornapuri	gnd	52	7	167	8	12	0	0
LK-4206160	Palikuli	Palikuli	gnd	29	0	108	0	15	0	0
LK-4206165	Kaththankulam	Kaththankulam	gnd	79	12	91	0	1	0	3
LK-4206170	Vaddakandal	Vaddakandal	gnd	15	2	150	16	5	0	0
LK-4206175	Palaiyadiputhukulam	Palaiyadiputhukulam	gnd	90	2	2	0	1	0	1
LK-4206180	Palaiperumalkaddu	Palaiperumalkaddu	gnd	18	2	203	13	19	0	3
LK-4209005	Palampiddy	Palampiddy	gnd	9	0	246	2	2	0	1
LK-4209010	Keerisuddan	Keerisuddan	gnd	0	0	36	0	0	0	0
LK-4209015	Parasankulam	Parasankulam	gnd	2	0	119	5	7	0	3
LK-4209020	Vilathikulam	Vilathikulam	gnd	9	0	59	2	6	0	3
LK-4209025	Kakkayankulam East	Kakkayankulam East	gnd	15	0	111	1	1	0	0
LK-4209030	Kalmadu	Kalmadu	gnd	18	1	100	8	6	0	3
LK-4209035	Kakkayankulam West	Kakkayankulam West	gnd	13	0	153	0	1	0	0
LK-4209040	Iranailluppaikulam	Iranai Illuppaikulam	gnd	6	3	282	11	21	0	21
LK-4209045	Periya-Pandivirichchan East	Periya-Pandivirichchan East	gnd	190	6	2	1	1	0	2
LK-4209050	Periya-Pandivirichchan West	Periya-Pandivirichchan West	gnd	44	0	118	14	2	0	4
LK-4209055	Madhu	Madhu	gnd	22	0	102	13	0	0	0
LK-4209060	Maluvarayarkaddayadampan	Maluvarayarkaddayadampan	gnd	7	2	207	3	14	0	1
LK-4209065	Poomalarnthan	Poomalarnthan	gnd	30	1	274	10	2	0	8
LK-4209070	Thekkam	Thekkam	gnd	2	0	26	1	2	0	3
LK-4209075	Pannavedduvan	Pannavedduvan	gnd	62	2	5	0	1	0	3
LK-4209080	Periyamurippu	Periyamurippu	gnd	1	2	68	0	3	0	9
LK-4209085	Mathakiramam	Matha Kiramam	gnd	13	0	149	2	0	0	3
LK-4212005	Vankalai North	Vankalai North	gnd	45	3	110	1	1	0	0
LK-4212010	Vankalai West	Vankalai West	gnd	26	1	112	0	0	0	0
LK-4212015	Vankalai East	Vankalai East	gnd	120	2	376	7	7	0	0
LK-4212020	Thomaspuri	Thomaspuri	gnd	172	15	119	0	5	0	0
LK-4212025	Naruvilikkulam	Naruvilikkulam	gnd	26	0	225	4	10	0	1
LK-4212030	Vanchiyankulam	Vanchiyankulam	gnd	44	0	79	3	0	0	0
LK-4212035	Ilahadipiddy	Ilahadipiddy	gnd	23	2	95	0	10	0	0
LK-4212040	Ilanthaimoddai	Ilanthamoddai	gnd	1	1	68	2	4	0	0
LK-4212045	Periyakaddaikadu	Periyakaddaikadu	gnd	10	0	121	0	1	0	0
LK-4212050	Aththikkuli	Aththikkuly	gnd	15	0	93	0	0	1	0
LK-4212055	Kanchithalvu	Kanchithalvu	gnd	7	0	14	0	1	0	0
LK-4212060	Chemmantheevu	Chemmantivu	gnd	22	8	152	5	5	0	0
LK-4212065	Murunkan	Murunkan	gnd	187	83	3	2	2	3	2
LK-4212070	Cheddiyar Mahankaddai Adampan	Cheddiyar Mahan kaddaiadampan	gnd	76	2	1	1	4	1	2
LK-4212075	Iraddaikkulam	Iraddaikkulam	gnd	57	5	1	1	0	0	9
LK-4212080	Chundikkuli	Chundikkuli	gnd	11	0	74	0	1	0	0
LK-4212085	Puthirarkandan	Puttirarkandan	gnd	36	1	87	0	4	0	0
LK-4212090	Razoolputhuveli	Razoolputhuveli	gnd	14	2	102	1	0	0	0
LK-4212095	Nanattan	Nannattan	gnd	78	1	7	0	4	0	0
LK-4212100	Umanagari	Umanagari	gnd	14	41	63	0	5	0	0
LK-4212105	Achchankulam	Achchankulam	gnd	5	2	254	4	16	0	1
LK-4212110	Moddaikadai	Moddaikadai	gnd	27	0	72	0	5	0	2
LK-4212115	Rasamadhu	Rasamadhu	gnd	146	3	0	4	5	0	0
LK-4212120	Pallankoddai	Pallankoddai	gnd	16	1	114	2	10	1	6
LK-4212125	Valkkaipettankandal	Valkaipattankandal	gnd	111	12	288	11	22	0	19
LK-4212130	Pontheevukandal	Pontheevukandal	gnd	22	2	153	2	0	0	0
LK-4212135	Kalimoddai Puliyankulam	Kalimoddai Puliyankulam	gnd	28	0	78	2	0	0	0
LK-4212140	Parikarikandal	Pariharikandal	gnd	236	4	20	0	3	0	2
LK-4212145	Sirukkandal	Sirukkandal	gnd	16	0	138	5	5	1	0
LK-4212150	Katkidanthakulam	Katkidanthakulam	gnd	37	3	200	9	19	0	0
LK-4212155	Issaimalaithalvu	Issaimalaithalvu	gnd	62	0	24	1	0	0	0
LK-4215005	Arippu West	Arippu West	gnd	304	2	1	1	2	0	0
LK-4215010	Arippu East	Arippu East	gnd	13	7	170	44	5	0	2
LK-4215015	Methanveli	Methanveli	gnd	13	0	65	2	0	0	0
LK-4215020	Poonochchikulam	Poonochchikulam	gnd	6	1	80	9	0	0	0
LK-4215025	Pandaraveli	Pandaraveli	gnd	90	0	156	0	2	0	0
LK-4215030	Sinnapullachchi Potkerni	Sinnapullachchi Potkerni	gnd	211	13	2	1	0	0	1
LK-4215035	Periyapullachchi Potkerni	Periyapullachchi Potkerni	gnd	204	4	0	0	0	0	0
LK-4215040	Veppankulam	Veppankulam	gnd	275	9	1	0	0	0	1
LK-4215045	Marudhamadu	Maruthamadhu	gnd	212	2	43	2	5	0	0
LK-4215050	Ahathimurippu	Ahathimurippu	gnd	179	45	3	0	0	0	0
LK-4215055	Puthuveli	Puthuveli	gnd	108	0	1	1	1	0	0
LK-4215060	Saveriyarpuram	Severiyarpuram	gnd	205	12	1	0	2	0	1
LK-4215065	Chilavathurai	Chilavathurai	gnd	64	3	184	2	0	0	0
LK-4215070	Koolankulam	Kollankulam	gnd	66	13	186	9	1	0	0
LK-4215075	Kondachchi	Kondachchi	gnd	175	1	197	5	4	0	1
LK-4215080	Kokkupadayan	Kokkupadayan	gnd	129	3	5	1	0	0	0
LK-4215085	Palaikuli	Palaikuli	gnd	93	3	258	2	0	0	0
LK-4215090	Karadikkuli	Karadikkuli	gnd	29	3	176	12	1	0	0
LK-4215095	Mullikulam	Mullikkulam	gnd	94	1	22	0	0	0	0
LK-4215100	Marichchukkaddi	Marichchukaddy	gnd	57	18	69	1	0	0	0
LK-4303005	Unchalkaddy	Unchalkaddy	gnd	0	0	19	0	2	0	0
LK-4303010	Vedivaithakallu	Vedivaithakallu	gnd	18	2	343	4	29	1	11
LK-4303015	Maruthoddai	Maruthoddai	gnd	4	0	54	1	8	0	2
LK-4303020	Paddikudiyiruppu	Paddikudiyiruppu	gnd	3	0	74	2	8	0	4
LK-4303025	Katkulam	Katkulam	gnd	159	0	6	0	0	1	10
LK-4303030	Nedunkerny South	Nedunkerny South	gnd	34	8	214	16	9	0	3
LK-4303035	Nedunkerny North	Nedunkerny North	gnd	7	4	137	7	6	0	3
LK-4303040	Olumadu	Olumadu	gnd	6	8	276	2	17	0	4
LK-4303045	Mamadu	Mamadu	gnd	7	3	186	13	5	0	1
LK-4303050	Kulavisuddan	Kulavisuddan	gnd	6	1	144	7	5	0	5
LK-4303055	Marailuppai	Marailuppai	gnd	7	2	146	5	9	0	1
LK-4303060	Paranthan	Paranthan	gnd	24	4	188	2	3	0	1
LK-4303065	Anandar Pulliyankulam	Anandar Pulliyankulam	gnd	13	0	69	3	11	0	2
LK-4303070	Sinnadampan	Sinnadampan	gnd	30	1	167	31	4	0	2
LK-4303075	Nainamadu	Nainamadu	gnd	15	0	187	20	7	0	4
LK-4303080	Puliyankulam South	Puliyankulam South	gnd	163	8	124	8	7	0	1
LK-4303085	Puliyankulam North	Puliyankulam North	gnd	23	3	293	3	14	0	3
LK-4303090	Kanagarayankulam South	Kanagarayankulam South	gnd	22	4	312	14	19	2	1
LK-4303095	Kanagarayankulam North	Kanagarayankulam North	gnd	110	11	128	1	1	0	0
LK-4303100	Mannakulam	Mannakulam	gnd	95	12	59	2	6	0	2
LK-4306005	Periya Ulukkulama	Periya Ulukkulama	gnd	268	9	0	0	1	0	0
LK-4306010	Poomaduwa	Poomaduwa	gnd	2	0	27	0	0	0	0
LK-4306015	Rankethgama	Rankethgama	gnd	70	2	0	0	3	0	2
LK-4306020	Maradanmaduwa	Maradanmaduwa	gnd	95	76	73	18	0	0	2
LK-4306025	Pavakkulam South Bank, Track 07	Pavakkulam South Bank, Track 07	gnd	15	1	45	0	0	0	1
LK-4306030	Awaranthulawa	Awaranthulawa	gnd	2	16	85	3	2	0	0
LK-4306035	Acres 20,40,60	Acres 20,40,60	gnd	115	8	0	2	6	0	0
LK-4306040	Acres 400	Acres 400	gnd	86	3	188	26	3	0	3
LK-4306045	Madukanda	Madukanda	gnd	219	15	92	4	2	0	0
LK-4306050	Eramperiyakulama	Eramperiyakulama	gnd	171	6	121	7	7	0	0
LK-4306055	Alagalla	Alagalla	gnd	64	1	121	6	3	0	2
LK-4306060	Avusathapitiya	Avusathapitiya	gnd	305	15	110	10	1	0	11
LK-4306065	Kalukunnammaduwa	Kalukunnammaduwa	gnd	54	6	176	7	10	0	1
LK-4306070	Nedunkulam	Nedunkulam	gnd	212	5	50	2	0	0	1
LK-4306075	Mahamylankulama	Mahamylankulama	gnd	158	16	103	21	1	0	1
LK-4306080	Mamaduwa	Mamaduwa	gnd	39	3	127	3	6	0	0
LK-4306085	Mahakachchakodiya	Mahakachchikodiya	gnd	78	6	215	2	0	0	0
LK-4306090	Pudubulankulama	Pudubulankulama	gnd	103	1	139	10	0	0	0
LK-4306095	Pirappanmaduwa	Pirappanmaduwa	gnd	19	4	175	19	8	0	5
LK-4306100	Agbopura	Agbopura	gnd	190	2	59	1	5	0	3
LK-4309005	Palamoddai	Palamoddai	gnd	14	0	273	0	20	0	0
LK-4309010	Maruthamadhu	Maruthamadhu	gnd	84	2	94	2	0	0	5
LK-4309015	Panrikkeithakulam	Panrikkeithakulam	gnd	0	7	182	2	3	0	4
LK-4309020	Arumugathanputhukulam	Arumuhathanputhukulam	gnd	14	2	110	5	2	0	0
LK-4309025	Semamadhu	Semamadhu	gnd	7	0	82	1	2	0	2
LK-4309030	Maligai	Maligai	gnd	4	1	83	8	2	0	5
LK-4309035	Mahilankulam	Mahilankulam	gnd	17	1	222	3	20	0	3
LK-4309040	Maruthankulam	Maruthankulam	gnd	20	1	214	16	2	0	0
LK-4309045	Ilamaruthankulam	Ilamaruthankulam	gnd	7	1	64	2	8	0	0
LK-4309050	Kallikulam	Kallikulam	gnd	125	7	517	3	0	0	8
LK-4309055	Nochchimoddai	Nochchimoddai	gnd	167	7	242	26	28	0	2
LK-4309060	Paranaddakal	Paranaddakal	gnd	29	12	164	21	3	0	0
LK-4309065	Puthukkulam	Puthukkulam	gnd	133	7	60	5	5	0	0
LK-4309070	Marukkarampalai	Marekkarampalai	gnd	827	31	380	39	53	0	1
LK-4309075	Thandikulam	Thandikulam	gnd	364	14	619	11	1	0	0
LK-4309080	Maharambaikulam	Maharambaikulam	gnd	944	26	729	74	24	1	2
LK-4309085	Kaththarsinnakulam	Katharsinnakulam	gnd	727	19	352	19	9	1	1
LK-4309090	Nelukkulam	Nelukkulam	gnd	1038	45	333	33	4	0	0
LK-4309095	Pattanichchoor Puliyankulam	Pattanichchi puliyankulam	gnd	1077	26	550	42	6	0	0
LK-4309100	Vavuniya Town	Vavuniya Town	gnd	383	14	248	8	0	0	0
LK-4309105	Omanthai	Omanthai	gnd	180	9	246	3	1	0	0
LK-4309110	Salambaikkulam	Salambaikkulam	gnd	475	24	134	6	22	0	1
LK-4309115	Sasthrikoolankulam	Sasthirikoolankulam	gnd	445	27	322	68	45	0	4
LK-4309120	Echchankulam	Echchankulam	gnd	334	28	788	84	73	0	6
LK-4309125	Kalmadu	Kalmadu	gnd	68	7	389	38	39	0	16
LK-4309130	Poovarasankulam	Poovarasankulam	gnd	267	13	257	23	19	0	2
LK-4309135	Sekkadipulavu	Sekkadipulavu	gnd	119	26	658	50	28	3	4
LK-4309140	Pampaimadu	Pampaimadu	gnd	209	5	400	27	21	0	1
LK-4309145	Rejendrankulam	Rajendrankulam	gnd	285	39	360	47	22	0	8
LK-4309150	Koomankulam	Koomankulam	gnd	377	20	798	31	35	0	1
LK-4309155	Kovilkulam	Kovilkulam	gnd	353	17	244	13	14	1	0
LK-4309160	Velikulam	Velikulam	gnd	305	18	317	15	3	1	0
LK-4309165	Moonrumurippu	Moonrumurippu	gnd	271	4	176	5	6	0	1
LK-4309170	Kandapuram	Kandapuram	gnd	269	60	625	41	20	0	0
LK-4309175	Thonikal	Thonikal	gnd	1004	42	921	30	9	0	1
LK-4309180	Samalankulam	Samalankulam	gnd	183	166	557	22	58	0	2
LK-4309185	Asikulam	Asikulam	gnd	332	21	1121	55	46	3	6
LK-4309190	Rambaikulam	Rambaikulam	gnd	605	7	177	11	0	0	1
LK-4309195	Vairavapuliyankulam	Vairavapuliyankulam	gnd	1059	24	76	7	3	1	0
LK-4309200	Pandarikulam	Pandarikkulam	gnd	973	13	503	25	3	0	0
LK-4309205	Vavuniya Town North	Vavuniya Town North	gnd	548	8	366	13	0	0	0
LK-4309210	Velankulam	Velankulam	gnd	161	43	52	11	7	0	2
LK-4312005	Andiyapuliyankulam	Andiyapuliyankulam	gnd	156	30	887	88	47	0	10
LK-4312010	Periyathampanai	Periyathampanai	gnd	2	0	85	2	7	0	0
LK-4312015	Periyakaddu	Periyakaddu	gnd	33	6	136	9	4	0	32
LK-4312020	Kannaddy	Kannaddy	gnd	32	2	44	3	3	0	6
LK-4312025	Piramanalankulam	Piramanalankulam	gnd	7	1	181	1	0	0	11
LK-4312030	Sooduventhapulavu	Sooduventhapulavu	gnd	174	6	452	61	54	0	5
LK-4312035	Kurukkalputhukkulam	Kurukkalputhukkulam	gnd	64	1	217	10	14	0	0
LK-4312040	Kanthasamy Nagar	Kanthasamy Nagar	gnd	76	6	190	17	4	0	2
LK-4312045	Unit 5 & 6. Pavatkulam	Unit 5 & 6 Pavatkulam	gnd	3	3	221	5	3	0	0
LK-4312050	Unit 4. Pavatkulam	Unit 4 Pavatkulam	gnd	80	2	108	0	1	0	0
LK-4312055	Unit 2. Pavatkulam	Unit 2 Pavatkulam	gnd	79	3	320	5	15	0	0
LK-4312060	Muthaliyarkulam	Muthaliyarkulam	gnd	391	19	46	1	2	0	4
LK-4312065	Sinnasippikulam	Sinnasippikulam	gnd	276	4	344	12	6	0	0
LK-4312070	Neriyakulam	Neriyakulam	gnd	206	17	286	23	16	0	0
LK-4312075	Periyapuliyalankulam	Periyapuliyalankulam	gnd	76	2	493	13	13	0	7
LK-4312080	Cheddikulam	Cheddikulam	gnd	63	1	117	11	5	0	2
LK-4312085	Mugaththankulam	Mugaththankulam	gnd	59	0	126	11	11	0	4
LK-4312090	Unit 9 & 10. Pavatkulam	Unit 9 & 10 Pavatkulam	gnd	93	0	0	2	1	0	0
LK-4312095	Kristhavakulam	Kiristhavakulam	gnd	16	0	64	5	13	0	9
LK-4312100	Kangankulam	Kangankulam	gnd	6	1	196	3	5	0	14
LK-4403005	Alankulam	Alankulam	gnd	15	2	108	3	0	0	0
LK-4403010	Amaithipuram	Amaithipuram	gnd	91	3	0	5	12	0	0
LK-4403015	Ambalaperumalkulam	Ambalaperumalkulam	gnd	67	0	0	0	9	0	0
LK-4403020	Aninchiyankulam	Aninchiyankulam	gnd	154	15	282	13	29	0	3
LK-4403025	Barathinagar	Barathinagar	gnd	29	6	105	8	0	0	0
LK-4403030	Iyankankulam	Iyankankulam	gnd	0	1	147	8	8	0	4
LK-4403035	Kalvilan	Kalvilan	gnd	5	2	113	2	6	0	0
LK-4403040	Koddaikaddiyakulam	Koddaikaddiyakulam	gnd	3	3	90	2	1	0	5
LK-4403045	Mallavi	Mallavi	gnd	33	1	198	12	8	0	3
LK-4403050	Palayamurikandy	Palayamurikandy	gnd	0	0	30	0	0	0	3
LK-4403055	Pugalenthinagar	Pugalenthinagar	gnd	14	0	89	1	1	0	0
LK-4403060	Puththuvedduvan	Puththuvedduvan	gnd	7	0	44	4	2	0	3
LK-4403065	Thenniyankulam	Thenniyankulam	gnd	0	0	82	6	0	0	12
LK-4403070	Therankandal	Therankandal	gnd	5	0	200	14	18	0	2
LK-4403075	Thirunagar	Thirunagar	gnd	6	4	100	4	1	0	0
LK-4403080	Thunukkai	Thunukkai	gnd	14	3	136	2	1	0	1
LK-4403085	Uyilankulam	Uyilankulam	gnd	13	5	61	2	1	0	1
LK-4403090	Yogapuram Centre	Yogapuram Centre	gnd	121	3	30	2	0	0	0
LK-4403095	Yogapuram East	Yogapuram East	gnd	14	0	77	0	0	0	0
LK-4403100	Yogapuram West	Yogapuram West	gnd	23	7	71	4	2	0	0
LK-4406005	Ampalpuram	Ampalpuram	gnd	7	2	195	11	4	0	15
LK-4406010	Karumpulliyan	Karumpulliyan	gnd	29	1	95	2	0	0	2
LK-4406015	Kollavilankulam	Kollavilankulam	gnd	17	1	115	3	0	0	1
LK-4406020	Moonrumurippu	Moonrumurippu	gnd	9	1	155	2	9	0	0
LK-4406025	Naddankandal	Naddankandal	gnd	10	1	103	1	5	0	4
LK-4406030	Oddaruththakulam	Oddaruththakulam	gnd	24	3	164	3	1	0	0
LK-4406035	Palinagar	Palinagar	gnd	56	5	236	12	3	0	0
LK-4406040	Pandiyankulam	Pandiyankulam	gnd	38	4	190	7	10	0	2
LK-4406045	Ponnagar/Kuttymulai	Ponnagar/Kuttymulai	gnd	36	0	0	0	1	0	1
LK-4406050	Poovarasankulam	Poovarasankulam	gnd	96	3	0	0	1	0	10
LK-4406055	Selvapuram	Selvapuram	gnd	120	4	45	0	1	0	1
LK-4406060	Siraddikulam	Siraddikulam	gnd	0	0	35	2	0	0	14
LK-4406065	Sivapuram	Sivapuram	gnd	16	0	28	0	1	0	1
LK-4406070	Vannivilankulam	Vannivilankulam	gnd	16	0	93	0	5	0	5
LK-4406075	Vinayagapuram	Vinayagapuram	gnd	8	0	74	0	7	0	0
LK-4409005	Anandapuram	Anandapuram	gnd	21	3	181	7	14	0	1
LK-4409010	Iranaippalai	Iranaippalai	gnd	129	5	208	4	9	0	1
LK-4409015	Kombavil	Kombavil	gnd	766	32	356	22	18	2	1
LK-4409020	Mallikaithivu	Mallikaithivu	gnd	75	1	313	10	7	0	4
LK-4409025	Manikkapuram	Manikkapuram	gnd	90	16	211	17	5	0	0
LK-4409030	Mannakandal	Mannakandal	gnd	238	2	3	5	8	0	3
LK-4409035	Manthuvil	Manthuvil	gnd	99	9	363	17	21	0	0
LK-4409040	Puthukudiyiruppu East	Puthukudiyiruppu East	gnd	632	18	12	3	2	0	0
LK-4409045	Puthukudiyiruppu West	Puthukudiyiruppu West	gnd	497	31	615	18	42	6	13
LK-4409050	Sivanagar	Sivanagar	gnd	190	31	141	1	8	1	0
LK-4409055	Suthanthirapuram	Suthanthirapuram	gnd	384	88	211	34	10	1	0
LK-4409060	Theravil	Theravil	gnd	231	94	27	3	0	0	0
LK-4409065	Thevipuram	Thevipuram	gnd	407	13	343	2	23	1	1
LK-4409070	Udayarkattu North	Udaiyarkaddu North	gnd	257	90	206	9	19	3	4
LK-4409075	Udayarkattu South	Udaiyarkaddu South	gnd	444	45	357	12	37	0	0
LK-4409080	Vallipunam	Vallipunam	gnd	400	49	111	4	1	1	2
LK-4409085	Valluvarpuram	Valluvarpuram	gnd	129	6	195	1	9	0	1
LK-4409090	Visuvamadu East	Visuvamadu East	gnd	53	1	307	21	27	0	1
LK-4409095	Visuvamadu West	Visuvamadu West	gnd	101	195	343	32	32	2	2
LK-4412005	Ampakamam	Ampakamam	gnd	4	0	100	4	3	0	2
LK-4412010	Ganeshapuram	Ganeshapuram	gnd	9	0	52	1	3	0	0
LK-4412015	Indupuram	Indupuram	gnd	157	9	135	12	14	0	0
LK-4412020	Kanagarathinapuram	Kanagarathinapuram	gnd	0	0	90	2	2	0	0
LK-4412025	Karuvelankandal	Karuvelankandal	gnd	12	1	81	0	2	0	1
LK-4412030	Katchilaimadu	Katchilaimadu	gnd	173	73	3	2	5	0	0
LK-4412035	Kathaliyarsamalankulam	Kathaliyarsamlankulam	gnd	128	3	130	0	5	0	3
LK-4412040	Koolamurippu	koolamurippu	gnd	106	1	0	4	7	0	7
LK-4412045	Manavalanpaddamurippu	Manavalanpaddamurippu	gnd	9	3	106	12	11	0	7
LK-4412050	Mankulam	Mankulam	gnd	172	18	348	11	18	0	6
LK-4412055	Muththuaiyankaddukulam	Muththaiyankaddukulam	gnd	56	14	209	5	9	0	5
LK-4412060	Muthuvinayagapuram	Muthuvinayagarpuram	gnd	40	6	142	9	5	0	0
LK-4412065	Oddusuddan	Oddusuddan	gnd	251	19	32	6	3	0	2
LK-4412070	Olumadu	Olumadu	gnd	4	1	143	3	7	0	0
LK-4412075	Othiyamalai	Othiyamalai	gnd	59	0	0	0	4	0	4
LK-4412080	Palampasi	Palampasi	gnd	63	36	184	13	9	0	1
LK-4412085	Pandaravanni	Pandaravanni	gnd	13	2	104	0	2	0	0
LK-4412090	Panikkankulam	Panikkankulam	gnd	17	1	94	10	11	0	19
LK-4412095	Peraru	Peraru	gnd	79	8	0	1	1	0	0
LK-4412100	Periyaithimadu	Periyaithimadu	gnd	6	1	47	0	1	0	0
LK-4412105	Periyakulam	Periyakulam	gnd	18	0	0	0	1	0	5
LK-4412110	Puliyankulam	Puliyankulam	gnd	0	0	99	0	1	0	0
LK-4412115	Thachchadampan	Thachchadampan	gnd	173	2	7	1	1	0	1
LK-4412120	Thanduvan	Thanduvan	gnd	11	30	62	6	3	0	4
LK-4412125	Thaddayarmalai	Thaddayarmalai	gnd	178	11	0	0	0	0	0
LK-4412130	Thirumurukandi	Thirumurukanndy	gnd	28	4	306	21	33	0	8
LK-4412135	Vithyapuram	Vithyapuram	gnd	127	15	108	3	2	0	1
LK-4415005	Alampil North	Alampil North	gnd	65	20	52	0	6	0	5
LK-4415010	Alampil South	Alampil South	gnd	47	0	222	12	6	0	2
LK-4415015	Ampalavanpokkanai	Ampalavanpokkanai	gnd	26	0	259	14	15	0	9
LK-4415020	Shemmalai	Chemmalai	gnd	107	7	182	0	7	0	1
LK-4415025	Shemmalai East	Chemmalai East	gnd	73	4	0	0	6	0	4
LK-4415030	Chilawattai	Chilawattai	gnd	254	5	172	0	17	0	1
LK-4415035	Chilawattai South	Chilawattai South	gnd	133	6	0	0	2	1	0
LK-4415040	Keekkirapuram	Keekkirapuram	gnd	98	3	202	13	11	0	0
LK-4415045	Kallappadu North	Kallappadu North	gnd	151	8	0	1	5	0	0
LK-4415050	Kallappadu South	Kallappadu South	gnd	291	14	151	0	15	0	1
LK-4415055	Kanukerny East	Kanukerny East	gnd	39	2	115	2	0	0	0
LK-4415060	Kanukerny West	Kanukerny West	gnd	186	6	0	1	0	0	0
LK-4415065	Karunaddukerny	Karunaddukerny	gnd	4	0	154	4	6	0	2
LK-4415070	Keppapulavu	Keppapulavu	gnd	281	7	82	3	1	0	1
LK-4415075	Kokkilai East	Kokkilai East	gnd	155	0	0	0	2	0	0
LK-4415080	Kokkilai West	Kokkilai West	gnd	3	0	163	2	36	0	3
LK-4415085	Kokuthoduvai Centre	Kokuthoduvai Centre	gnd	95	1	0	0	1	0	2
LK-4415090	Kokuthoduvai North	Kokuthoduvai North	gnd	111	8	0	0	0	0	0
LK-4415095	Kokuthoduvai South	Kokuthoduvai South	gnd	25	0	34	0	0	0	0
LK-4415100	Kovilkudiyiruppu	Kovilkudiyiruppu	gnd	59	0	0	0	0	0	0
LK-4415105	Kumarapuram	Kumarapuram	gnd	50	2	259	37	37	0	0
LK-4415110	Kumulamunai Centre	Kumulamunai Centre	gnd	48	15	133	1	1	0	0
LK-4415115	Kumulamunai East	Kumulamunai East	gnd	233	2	0	0	3	0	5
LK-4415120	Kumulamunai West	Kumulamunai West	gnd	19	0	101	3	12	0	1
LK-4415125	Mamoolai	Mamoolai	gnd	177	7	182	7	20	0	0
LK-4415130	Manalkudiyiruppu	Manalkudiyiruppu	gnd	11	0	49	0	0	0	0
LK-4415135	Mathavalasingankulam	Mathavalasingankulam	gnd	101	1	82	0	20	0	6
LK-4415140	Mullaitivu South	Mullaitivu South	gnd	179	0	55	1	2	0	0
LK-4415145	Mullaitivu Town	Mullaitivu Town	gnd	30	0	0	0	0	0	0
LK-4415150	Mullivaikkal East	Mullivaikkal East	gnd	191	14	164	4	4	0	0
LK-4415155	Mullivaikkal West	Mullivaikkal West	gnd	267	3	11	1	4	0	1
LK-4415160	Mulliyawalai Centre	Mulliyawalai Centre	gnd	106	1	28	3	2	0	0
LK-4415165	Mulliyawalai East	Mulliyawalai East	gnd	284	3	100	7	4	0	0
LK-4415170	Mulliyawalai North	Mulliyawalai North	gnd	263	6	26	2	10	0	3
LK-4415175	Mulliyawalai South	Mulliyawalai South	gnd	44	1	96	1	2	0	0
LK-4415180	Mulliyawalai West	Mulliyawalai West	gnd	223	1	305	3	23	2	0
LK-4415185	Neeravippiddy East	Neeravippiddy East	gnd	132	0	0	0	0	0	0
LK-4415190	Neeravippiddy West	Neeravippiddy West	gnd	174	5	3	0	0	0	0
LK-4415195	Putharikuda	Putharikuda	gnd	46	8	73	0	1	0	0
LK-4415200	Selvapuram	Selvapuram	gnd	53	4	314	4	10	0	0
LK-4415205	Thannimurippu	Thannimurippu	gnd	80	27	0	0	0	0	0
LK-4415210	Thanneerudru East	Thanneerudru East	gnd	60	1	2	0	0	0	0
LK-4415215	Thanneerudru West	Thanneerudru West	gnd	96	0	148	0	0	0	0
LK-4415220	Uppumaveli	Uppumaveli	gnd	117	2	218	4	3	0	1
LK-4415225	Vannankulam	Vannankulam	gnd	23	0	52	4	1	0	0
LK-4415230	Vattapalai	Vattappalai	gnd	379	5	1	10	9	0	1
LK-4418005	Gajabapura	Gajabapura	gnd	124	5	189	6	14	0	0
LK-4418010	Kalyanapura	Kalayanapura	gnd	23	2	323	7	6	0	12
LK-4418015	Ehetugaswewa	Ehetugaswewa	gnd	53	4	410	3	6	0	0
LK-4418020	Kiriibbanwewa	Kiriebbanwewa	gnd	25	5	274	13	12	0	0
LK-4418025	Janakapura	Janakapura	gnd	25	1	360	7	18	0	7
LK-4418030	Nawagajabapura	Nawagajabapura	gnd	9	0	98	3	6	0	2
LK-4418035	Nikawewa Left	Nikawewa Left	gnd	175	12	286	4	1	0	1
LK-4418040	Ethawetunawewa	Ethawatunawewa	gnd	213	1	86	0	0	0	5
LK-4418045	Nikawewa South	Nikawewa South	gnd	32	6	336	5	12	0	1
LK-4503005	Allipalai	Allipallai	gnd	6	3	63	6	14	0	0
LK-4503010	Arasarkeni	Arasarkerni	gnd	9	1	105	1	10	0	0
LK-4503015	Ittavil	Ittavil	gnd	271	0	1	0	0	0	0
LK-4503020	Iyakkachchi	Iyakkachchi	gnd	20	3	181	16	34	0	5
LK-4503025	Kachcharveli	Kachcharveli	gnd	8	16	105	3	9	0	1
LK-4503030	Kilaly	Kilaly	gnd	214	4	0	1	8	0	3
LK-4503035	Kovilvayal	Kovilvayal	gnd	6	4	209	9	13	0	1
LK-4503040	Masar	Masar	gnd	13	0	173	1	0	0	0
LK-4503045	Muhamalai	Muhamalai	gnd	3	0	139	1	0	0	0
LK-4503050	Muhavil	Muhavil	gnd	7	11	217	13	2	0	7
LK-4503055	Mullaiyadi	Mullaiyadi	gnd	23	1	149	3	5	0	0
LK-4503060	Pallai Town	Pallai Town	gnd	3	2	156	9	9	0	0
LK-4503065	Pulopalai	Pulopallai	gnd	33	1	178	1	9	0	1
LK-4503070	Pulopalai West	Pulopallai West	gnd	4	1	117	3	3	0	1
LK-4503075	Soranpattu	Soranpattu	gnd	1	6	244	9	25	0	0
LK-4503080	Thambagamam	Thampakamam	gnd	44	11	366	1	10	0	1
LK-4503085	Tharmakeny	Tharmakerny	gnd	3	1	205	5	13	0	0
LK-4503090	Vempodukeny	Vempodukerny	gnd	5	7	250	2	1	0	0
LK-4506005	Elephant Pass	Elephant pass	gnd	1	0	10	0	0	0	0
LK-4506010	Kalmadunagar	Kalmadunagar	gnd	61	10	556	18	27	0	12
LK-4506015	Kandawalai	Kandawalai	gnd	79	4	187	1	13	0	2
LK-4506020	Korakkankattu	Korakkankaddu	gnd	199	9	244	13	24	0	0
LK-4506025	Kumarapuram	Kumarapuram	gnd	139	11	123	0	1	0	0
LK-4506030	Murasumoddai	Murasumoddai	gnd	71	1	128	3	6	0	0
LK-4506035	Paranthan Town	Paranthan Town	gnd	56	13	575	27	26	0	4
LK-4506040	Periyakulam	Periyakulam	gnd	52	4	287	12	8	0	0
LK-4506045	Piramanthanaru	Piramanthalaru	gnd	25	0	532	29	25	0	6
LK-4506050	Puliyampokkanai	Puliyampokkanai	gnd	103	3	210	11	26	0	3
LK-4506055	Punnaineeravi	Puthiya punnaineeravi	gnd	489	43	957	68	82	0	8
LK-4506060	Thattuwankotty	Thadduvankoddy	gnd	9	3	51	1	0	0	19
LK-4506065	Tharmapuram East	Tharmapuram East	gnd	252	16	134	9	38	0	4
LK-4506070	Tharmapuram West	Tharmapuram west	gnd	28	25	219	3	34	0	2
LK-4506075	Umaiyalpuram	Umaiyalpuram	gnd	21	0	180	15	24	0	6
LK-4506080	Uriyan	Uriyan	gnd	183	10	4	0	2	0	0
LK-4509005	Akkarayankulam	Akkarayankulam	gnd	299	12	288	6	38	0	8
LK-4509010	Ambalkulam	Ambalkulam	gnd	399	34	344	18	13	0	0
LK-4509015	Ambalnagar	Ambalnagar	gnd	160	14	615	40	24	0	3
LK-4509020	Anaivilunthankulam	Anaivilunthankulam	gnd	13	5	289	5	21	0	2
LK-4509025	Anandapuram	Anandapuram	gnd	204	14	281	28	3	0	2
LK-4509030	Civic Centre	Civic Centre	gnd	69	0	93	9	10	0	0
LK-4509035	Jeyanthinagar	Jeyanthinagar	gnd	101	24	391	12	5	0	0
LK-4509040	Kanagampikaikulam	Kanagambigaikulam	gnd	200	1	151	14	2	1	0
LK-4509045	Kanakapuram	Kanagapuram	gnd	119	1	173	12	3	0	0
LK-4509050	Ganeshapuram	Kaneshapuram	gnd	120	6	118	9	0	0	0
LK-4509055	Kannagaipuram	Kannagaipuram	gnd	132	3	154	4	5	0	4
LK-4509060	Kilinochchi Town	Kilinochchi Town	gnd	288	2	92	7	8	0	0
LK-4509065	Konavil	Konavil	gnd	64	5	767	52	45	0	8
LK-4509070	Krishnapuram	Krishnapuram	gnd	46	1	640	31	26	0	4
LK-4509075	Malaiyalapuram	Malaiyalapuram	gnd	205	7	303	5	21	1	1
LK-4509080	Maruthanagar	Maruthanagar	gnd	32	0	216	12	32	1	11
LK-4509085	Mavadiyamman	Mavadiyamman	gnd	86	0	266	6	28	0	0
LK-4509090	Mayavanoor	Mayavanoor	gnd	158	12	492	42	21	0	2
LK-4509095	Pannankandy	Pannakandy	gnd	4	1	173	5	23	0	1
LK-4509100	Barathipuram	Barathypuram	gnd	227	30	455	30	24	0	0
LK-4509105	Periyaparanthan	Periya Paranthan	gnd	37	2	242	9	38	0	0
LK-4509110	Ponnagar	Ponnagar	gnd	44	5	403	39	11	0	0
LK-4509115	Puthumurippu	Puthumurippu	gnd	48	9	327	9	23	0	2
LK-4509120	Ramanathapuram	Ramanathapuram	gnd	93	3	455	26	30	0	3
LK-4509125	Rathinapuram	Rathinapuram	gnd	100	21	189	8	6	0	0
LK-4509130	Selvanagar	Selvanagar	gnd	35	3	625	26	38	0	3
LK-4509135	Sivanagar	Sivanagar	gnd	54	0	264	5	19	1	0
LK-4509140	Skandapuram	Skanthapuram	gnd	78	5	486	21	16	0	12
LK-4509145	Thirunagar North	Thirunagar North	gnd	106	2	260	15	2	0	0
LK-4509150	Thirunagar South	Thirunagar South	gnd	135	4	161	21	4	0	0
LK-4509155	Thiruvaiaru	Thiruvaiaru	gnd	55	1	189	7	4	0	0
LK-4509160	Thiruvaiaru West	Thiruvaiaru West	gnd	124	5	127	9	2	0	0
LK-4509165	Thondamannagar	Thondamannagar	gnd	83	13	122	12	4	0	0
LK-4509170	Urithirapuram East	Uruththirapuram East	gnd	65	7	262	23	6	0	0
LK-4509175	Urithirapuram North	Urithirapuram North	gnd	62	0	297	9	58	0	5
LK-4509180	Urithirapuram West	Uruththirapuram West	gnd	56	1	236	4	12	0	0
LK-4509185	Uthayanagar East	Uthayanagar East	gnd	181	6	341	41	33	0	0
LK-4509190	Uthayanagar West	Uthayanagar West	gnd	162	16	427	62	7	0	0
LK-4509195	Uttupulam	Uttupulam	gnd	23	4	262	18	14	0	0
LK-4509200	Vaddakachchi	Vaddakachchi	gnd	135	6	328	22	15	0	2
LK-4509205	Vannerikulam	Vannerikulam	gnd	25	3	260	5	24	0	3
LK-4509210	Vivekanandanagar	Vivehananthanagar	gnd	116	5	380	31	16	1	0
LK-4512005	Alankeni	Alankerni	gnd	12	0	54	0	1	0	0
LK-4512010	Cheddiakurichchi	Cheddiakurichchi	gnd	3	0	161	4	9	0	4
LK-4512015	Gnanimadam	Gnanimadam	gnd	11	0	89	2	5	0	0
LK-4512020	Iranaithivu	Iranaitivu	gnd	0	0	0	0	0	2	17
LK-4512025	Jeyapuram North	Jayapuram North	gnd	4	4	156	6	6	0	5
LK-4512030	Jeyapuram South	Jayapuram South	gnd	4	0	158	4	4	0	9
LK-4512035	Kariyalainagapaduvan	Kariyalainagapaduvan	gnd	184	14	276	8	27	0	2
LK-4512040	Kiranchi	Kiranchi	gnd	276	3	211	3	6	0	0
LK-4512045	Kollakuruchchi	Kollakuruchchi	gnd	55	5	179	10	27	1	0
LK-4512050	Kowtharimunai	Kowtharimunai	gnd	0	2	96	8	9	0	0
LK-4512055	Madduvilnadu East	Madduvilnadu East	gnd	7	0	97	2	5	0	1
LK-4512060	Madduvilnadu West	Madduvilnadu West	gnd	39	2	159	16	9	0	0
LK-4512065	Mulankavil	Mulankavil	gnd	275	68	667	50	40	0	17
LK-4512070	Nachchikuda	Nachchikkuda	gnd	55	2	479	14	45	0	4
LK-4512075	Nallur	Nallur	gnd	134	5	280	13	16	0	4
LK-4512080	Pallavarayankattu	Pallavarayankaddu	gnd	21	1	243	14	14	0	4
LK-4512085	Pallikuda	Pallikuda	gnd	83	11	621	30	77	0	10
LK-4512090	Paramankirai	Paramankirai	gnd	134	8	2	2	10	0	2
LK-4512095	Ponnaveli	Ponnaveli	gnd	108	7	276	7	28	0	15
LK-5103005	Kathiraveli	Kathiraveli	gnd	511	35	85	14	142	1	47
LK-5103010	Ammanthanaveli	Ammanthanaaveli	gnd	342	31	120	24	150	0	2
LK-5103015	Puchchakkerni	Puchchakerny	gnd	117	4	216	17	66	0	69
LK-5103020	Palchenai	Palchenai	gnd	81	139	227	109	167	0	11
LK-5103025	Vakarai North	Vakarai North	gnd	234	15	294	35	102	0	30
LK-5103030	Ooriyankattu	Ooriyankattu	gnd	363	23	188	30	65	0	27
LK-5103035	Kaddumurivu	Kaddumurivu	gnd	89	67	21	30	5	0	33
LK-5103040	Vakarai Central	Vakarai Central	gnd	7	1	88	14	18	1	8
LK-5103045	Panichchankerni	Panichchankerni	gnd	202	16	263	35	83	0	44
LK-5103050	Mathurankernikulam	Mathurankernikulam	gnd	2	0	138	2	27	0	24
LK-5103055	Punanai East	Punanai East	gnd	345	30	181	12	149	4	89
LK-5103060	Kirimichchai	Kirimichai	gnd	131	4	176	28	23	1	44
LK-5103065	Mankerny Central	Mankerny Central	gnd	50	30	54	3	16	1	18
LK-5103070	Mankerny South	Mankerny South	gnd	251	40	6	3	7	1	3
LK-5103075	Kayankerny	Kayankerny	gnd	272	0	80	2	1	1	28
LK-5103080	Vattavan	Vattavan	gnd	128	4	225	5	26	4	55
LK-5104005	nan	Punanai East	gnd	501	18	108	11	19	1	4
LK-5104010	Thiyavattavan	Thiyavattavan	gnd	680	19	385	34	53	2	2
LK-5104015	Valaichchenai 5 Muslim	Valaichchenai 5 Muslim	gnd	534	14	20	3	2	0	0
LK-5104020	Valaichchenai 4 Muslim	Valaichchenai 4 Muslim	gnd	637	9	12	5	7	0	0
LK-5104025	Valaichchenai 5 Muslim South	Valaichchenai 5 Muslim South	gnd	713	30	100	10	8	0	0
LK-5104030	Brynthuraichenai North	Brynthuraichenai North	gnd	768	23	131	24	6	0	0
LK-5104035	Brynthuraichenai South	Brynthuraichenai South	gnd	1149	27	178	37	13	0	0
LK-5104040	Mavadichenai	Mavadichenai	gnd	706	15	114	21	9	0	0
LK-5104045	Semmanodai	Chemmann Odai	gnd	1141	11	222	25	29	0	0
LK-5106005	Paper Town	Paper Town	gnd	969	24	331	29	33	0	9
LK-5106010	Oddamavadi 01 North	Oddamavadi 01 North	gnd	816	19	95	26	5	0	0
LK-5106015	Oddamavadi 01 South	Oddamavadi 01 South	gnd	530	8	76	12	4	0	0
LK-5106020	Oddamavadi 02	Oddamavadi 02	gnd	569	7	10	7	0	0	0
LK-5106025	Oddamavadi 03	Oddamavadi 03	gnd	634	5	61	13	6	0	0
LK-5106030	Meeravodai Muslim West	Meeravodai Muslim West	gnd	738	23	51	8	7	0	1
LK-5106035	Meeravodai Muslim East	Meeravodai Muslim East	gnd	830	15	89	22	14	0	0
LK-5106040	Mancholai	Mancholai	gnd	826	43	210	32	15	0	1
LK-5109005	Nasivanthivu	Nasivanthivu	gnd	213	3	95	15	94	0	3
LK-5109010	Valachchenai Tamil	Valachchenai Tamil	gnd	152	4	167	16	0	0	0
LK-5109015	Puthukudiyiruppu	Puthukudiyiruppu	gnd	293	6	237	11	9	0	0
LK-5109020	Peththalai	Peththalai	gnd	547	60	275	11	66	0	5
LK-5109025	Kalkudah	Kalkuda	gnd	136	7	608	41	33	0	5
LK-5109030	Kalmadu	Kalmadu	gnd	491	169	793	49	72	0	16
LK-5109035	Kannagipuram	Kannagipuram	gnd	277	4	392	58	22	0	1
LK-5109040	Kumburumulai	Kumburumulai	gnd	37	1	232	1	27	0	21
LK-5109045	Sungankerny	Sungankerny	gnd	491	12	21	3	114	0	0
LK-5109050	Kinnaiyady	Kinnayadi	gnd	263	5	434	13	136	0	21
LK-5109055	Karuwakerni	Karuwakerni	gnd	103	21	516	31	61	0	7
LK-5109060	Meeravodai Tamil	Meeravodai Tamil	gnd	9	2	284	12	44	0	1
LK-5110005	Punanai West	Punanai West	gnd	55	4	68	2	26	3	59
LK-5110010	Vahaneri	Vahaneri	gnd	109	21	81	10	148	2	85
LK-5110015	Maruththanai	Muruthanai	gnd	43	1	3	1	0	0	208
LK-5110020	Uthuchchenai	Uthuchenai	gnd	9	0	89	0	36	0	6
LK-5110025	Kallichchai	Kallichchai	gnd	0	0	0	0	0	0	0
LK-5110030	Vadamunai	Vadamunai	gnd	18	6	59	20	20	0	7
LK-5110035	Kudumpimalai	Kudumpimalai	gnd	54	1	1	0	0	0	128
LK-5110040	Perillaveli	Perillaveli	gnd	24	0	59	11	28	0	89
LK-5110045	Poolakadu	Poolakadu	gnd	156	84	3	2	13	1	42
LK-5110050	Kiran East	Kiran East	gnd	417	37	657	43	141	1	19
LK-5110055	Kiran West	Kiran West	gnd	152	14	294	14	39	0	16
LK-5110060	Korakallimadu	Korakallimadu	gnd	363	30	353	45	63	0	19
LK-5110065	Santhiveli	Santhiveli	gnd	156	23	670	40	76	0	2
LK-5110070	Palaiyadithona	Palaiyadithona	gnd	81	14	610	90	126	0	37
LK-5110075	Thevapuram	Thevapuram	gnd	90	11	466	44	89	0	4
LK-5110080	Murakkottanchenai	Murakkottanchenai	gnd	87	8	459	3	74	0	1
LK-5110085	Thihiliveddai	Thihilivaddai	gnd	92	27	113	26	75	0	83
LK-5110090	Koraveli	Koraveli	gnd	17	9	113	27	37	0	116
LK-5112005	Sittandy 3	Sittandy 3	gnd	61	1	406	34	67	2	26
LK-5112010	Sittandy 2	Sittandy 2	gnd	20	1	181	4	38	0	0
LK-5112015	Sittandy 4	Sittandy 4	gnd	57	7	439	44	80	0	8
LK-5112020	Sittandy 1	Sittandy 1	gnd	134	8	646	40	124	0	1
LK-5112025	Mavadivembu 2	Mavadivembu 2	gnd	161	3	360	22	142	0	5
LK-5112030	Mavadivembu 1	Mavadivembu 1	gnd	158	10	544	158	172	0	3
LK-5112035	Kaluvankerny 1	Kaluvankerny 1	gnd	4	3	559	75	105	0	97
LK-5112040	Kaluwankerny 2	Kaluwankerny 2	gnd	185	1	284	18	79	5	18
LK-5112045	Thalavai	Thalavai	gnd	107	12	465	30	33	1	32
LK-5112050	Iyankerny Tamil	Iyankerny Tamil	gnd	132	9	709	89	123	0	3
LK-5112055	Kommathurai North	Kommathurai North	gnd	110	4	277	9	47	0	4
LK-5112060	Palachcholai	Palachcholai	gnd	26	3	340	58	113	0	13
LK-5112065	Vantharumoolai East	Vantharumoolai East	gnd	213	5	536	96	85	0	5
LK-5112070	Vantharumoolai West	Vantharumoolai West	gnd	207	17	617	58	135	0	3
LK-5112075	Eralakkulam	Eralakkulam	gnd	51	15	150	8	27	1	19
LK-5112080	Mailavaddavan	Mailavaddavan	gnd	31	6	12	11	20	0	0
LK-5112085	Koduwamadu	Koduwamadu	gnd	120	4	237	23	67	0	0
LK-5112090	Kommathurai West	Kommathurai West	gnd	47	6	173	3	3	0	2
LK-5112095	Kommathurai East	Kommathurai East	gnd	93	5	398	55	33	1	1
LK-5112100	Chenkalady 2	Chenkalady 2	gnd	181	4	259	24	6	0	0
LK-5112105	Chenkalady 1	Chenkalady 1	gnd	268	12	497	9	35	0	1
LK-5112110	Iyankerny Muslim	Iyankerny Muslim	gnd	807	20	36	31	1	0	0
LK-5112115	Meerakerny	Meerakerny	gnd	1473	52	185	62	17	1	0
LK-5112120	Mich Nagar	Mich Nagar	gnd	1662	35	201	49	35	0	0
LK-5112125	Savukkady	Savukkady	gnd	17	7	516	4	78	0	2
LK-5112130	Thannamunai	Thannamunai	gnd	359	14	110	7	4	0	0
LK-5112135	Mylampavely	Mylampavely	gnd	200	3	673	9	19	0	3
LK-5112140	Arumugathan kudiyiruppu 2	Arumugathan kudiyiruppu 2	gnd	91	6	387	41	90	0	4
LK-5112145	Arumugathan Kudiyiruppu 1	Arumugathan Kudiyiruppu 1	gnd	272	3	229	10	31	0	0
LK-5112150	Kumaraveliar Kiramam	Kumaraveliar Kiramam	gnd	207	3	314	24	29	0	0
LK-5112155	Pankudahvely	Pankudahvely	gnd	420	50	44	30	37	2	1
LK-5112160	Vepavedduwan	Vepavedduwan	gnd	197	77	402	9	78	0	58
LK-5112165	Karadiyanaru	Karadiyanaru	gnd	385	31	0	6	107	0	43
LK-5112170	Marappalam	Marappalam	gnd	345	10	47	15	48	0	57
LK-5112175	Kithulwewa	Kithulwewa	gnd	112	7	174	16	47	1	51
LK-5112180	Rugam	Rugam	gnd	80	27	22	44	29	0	12
LK-5112185	Koppavely	Koppavely	gnd	8	7	216	9	30	0	11
LK-5112190	Periyapullumalai	Periyapullumalai	gnd	3	0	127	1	26	0	44
LK-5112195	Gemunupura	Gemunupura	gnd	412	8	69	4	6	0	1
LK-5115005	Sittandy 3	Ellainagar	gnd	148	0	161	3	2	0	0
LK-5115010	Sittandy 2	Eravur 04	gnd	81	9	121	13	8	0	0
LK-5115015	Sittandy 4	Eravur 03	gnd	711	33	53	2	10	0	1
LK-5115020	Sittandy 1	Eravur 03A	gnd	902	7	15	29	3	0	0
LK-5115025	Mavadivembu 2	Eravur 02	gnd	438	9	20	3	0	0	0
LK-5115030	Mavadivembu 1	Eravur 02B	gnd	277	8	17	6	9	0	0
LK-5115035	Kaluwankerny 1	Eravur 02C	gnd	618	13	26	9	6	0	0
LK-5115040	Kaluwankerny 2	Eravur 02A	gnd	438	10	13	3	15	0	0
LK-5115045	Thalavai	Eravur 01B	gnd	457	20	9	1	0	0	0
LK-5115050	Iyankerny Tamil	Eravur 01	gnd	399	9	32	13	9	0	0
LK-5115055	Kommathurai North	Eravur 01A	gnd	427	28	15	0	0	0	0
LK-5115060	Palachcholai	Eravur 06A	gnd	434	16	10	2	3	0	0
LK-5115065	Vantharumoolai East	Eravur 06D	gnd	294	11	25	2	1	0	0
LK-5115070	Vantharumoolai West	Eravur 06	gnd	334	3	0	2	0	0	0
LK-5115075	Eralakkulam	Eravur 05	gnd	139	2	233	4	30	0	0
LK-5118005	Palameenmadu	Palameenmadu	gnd	148	4	143	16	3	0	32
LK-5118010	Navalady	Navalady	gnd	25	2	109	3	0	0	6
LK-5118015	Amirthakali	Amirthakali	gnd	471	13	202	1	1	0	0
LK-5118020	Punnachcholai	Punnachcholai	gnd	158	0	398	22	54	0	2
LK-5118025	Thiraimadu	Thiraimadu	gnd	305	8	747	55	31	0	17
LK-5118030	Saththurukondan	Saththurukondan	gnd	117	27	377	151	75	0	2
LK-5118035	Panichchaiyady	Panichalady	gnd	477	6	47	7	13	0	0
LK-5118040	Kokkuvil	Kokkuvil	gnd	494	60	306	5	6	0	1
LK-5118045	Sinna Oorani	Sinna Oorani	gnd	456	20	781	112	47	0	1
LK-5118050	Jayanthipuram	Jayanthipuram	gnd	184	14	87	45	3	0	0
LK-5118055	Karuvappankerny	Karuvappankerny	gnd	589	28	305	120	15	0	1
LK-5118060	Mamangam	Mamangam	gnd	341	25	127	29	2	0	0
LK-5118065	Koolavadi	Koolavadi	gnd	267	1	2	0	0	0	0
LK-5118070	Koolavadi East	Koolavadi East	gnd	226	19	65	16	0	0	0
LK-5118075	Thamaraikerny	Thamaraikerny	gnd	345	9	18	2	3	0	0
LK-5118080	Periya Uppodai	Periya Uppodai	gnd	1015	7	51	7	1	0	1
LK-5118085	Dutch Bar	Dutch Bar	gnd	32	1	75	0	0	0	0
LK-5118090	Thissaweerasingam Square	Thissaveerasingam Sathukam	gnd	288	3	52	13	1	0	0
LK-5118095	Iruthayapuram East	Iruthayapuram East	gnd	318	13	89	19	3	0	0
LK-5118100	Iruthayapuram Central	Iruthayapuram Central	gnd	258	5	0	0	0	0	0
LK-5118105	Iruthayapuram West	Iruthayapuram West	gnd	362	12	265	63	18	0	0
LK-5118110	Periya Oorani	Periya Oorani	gnd	317	3	1	0	0	0	0
LK-5118115	Gnanasooriyam Square	Gnasooriyam Sathukam	gnd	383	0	19	1	0	0	0
LK-5118120	Vettukkadu	Vettukkadu	gnd	145	3	2	1	1	0	0
LK-5118125	Barathipuram	Barathipuram	gnd	424	1	2	0	1	0	0
LK-5118130	Thandavanveli	Thandavanveli	gnd	822	20	1	0	1	0	0
LK-5118135	Arasadi	Arasadi	gnd	292	8	17	1	0	0	0
LK-5118140	Koddamunai	Koddamunai	gnd	300	1	42	3	1	0	0
LK-5118145	Kallady Mugaththuwaram	Kallady Mugathuvaram	gnd	188	1	155	9	0	0	0
LK-5118150	Thiruchendhoor	Thiruchendhoor	gnd	355	13	304	19	7	0	0
LK-5118155	Kallady	Kallady	gnd	507	2	147	9	1	0	0
LK-5118160	Kallady Veloor	Kallady Veloor	gnd	470	5	343	38	4	0	0
LK-5118165	Kallady Uppodai	Kallady Uppodai	gnd	241	7	290	18	8	0	0
LK-5118170	Puliyantivu East	Puliyanthivu East	gnd	372	10	13	1	0	0	0
LK-5118175	Puliyantivu Central	Puliyanthivu Central	gnd	245	1	3	1	1	0	1
LK-5118180	Puliyantivu West	Puliyanthivu West	gnd	311	2	2	0	0	0	0
LK-5118185	Puliyantivu South	Puliyanthivu South	gnd	580	1	110	5	5	1	0
LK-5118190	Thiruperunthurai	Thiruperunthurai	gnd	226	0	219	18	23	1	6
LK-5118195	Puthunagar	Puthunagar	gnd	365	3	232	16	13	0	0
LK-5118200	Seththukudah	Seththukudah	gnd	163	22	102	59	4	0	0
LK-5118205	Veechchukalmunai	Veechikalmunai	gnd	66	5	95	101	12	0	0
LK-5118210	Thimilathivu	Thimilathivu	gnd	87	18	163	99	29	0	0
LK-5118215	Nochchimunai	Nochchimunai	gnd	790	35	484	60	5	0	3
LK-5118220	Navatkudah	Navatkudah	gnd	228	31	162	25	2	0	1
LK-5118225	Navatkudah East	Navatkudah East	gnd	575	12	297	32	26	0	2
LK-5118230	Navatkudah South	Navatkudah South	gnd	108	0	154	0	0	0	1
LK-5118235	Manjanthoduvai North	Manjanthoduvai North	gnd	73	22	68	43	10	0	3
LK-5118240	Manjanthoduvai South	Manjanthoduvai South	gnd	908	58	223	41	18	2	1
LK-5121005	Narippulthoddam	Narippulthoddam	gnd	16	3	223	11	90	0	1
LK-5121010	Mahilavedduvaan	Mahilavedduvan	gnd	244	29	195	16	39	0	13
LK-5121015	Karaveddi	Karaveddi	gnd	332	26	151	21	81	0	17
LK-5121020	Vilavedduwan	Vilavedduwan	gnd	263	18	164	13	98	0	15
LK-5121025	Naavatkaadu	Naavatkaadu	gnd	188	18	194	34	70	0	6
LK-5121030	Eachchantivu	Echchantivu	gnd	214	77	22	9	0	0	19
LK-5121035	Mankikaddu	Mankikaddu	gnd	5	1	129	4	34	0	0
LK-5121040	Vavunativu	Vavunativu	gnd	46	129	39	6	11	0	42
LK-5121045	Ayiththiyamalai South	Ayithiyamalai South	gnd	37	4	205	11	27	0	11
LK-5121050	Ayiththiyamalai North	Ayithiyamalai North	gnd	78	11	373	53	137	3	32
LK-5121055	Nediyamadu	Nediyamadu	gnd	6	4	166	7	33	0	18
LK-5121060	Pavatkodichenai	Pavatkodichenai	gnd	135	19	224	69	122	0	20
LK-5121065	Kurinchamunai	Kurinchaamunai	gnd	48	161	81	14	46	0	14
LK-5121070	Paruththichenai	Paruththichenai	gnd	100	14	173	8	43	0	6
LK-5121075	Kannankudah	Kannakudah	gnd	208	62	8	4	0	0	0
LK-5121080	Mandapathadi	Mandapathadi	gnd	41	3	183	1	9	1	6
LK-5121085	Karaiyakkantivu	Karaiyakkantivu	gnd	8	3	220	13	55	0	1
LK-5121090	Puthumandapaththadi	Puthumandapaththadi	gnd	262	18	253	43	49	0	1
LK-5121095	Ganthinagar	Kaanthinagar	gnd	72	9	69	13	29	0	8
LK-5121100	Unnichchai	Unnichchi	gnd	41	32	94	32	120	0	37
LK-5121105	Panchenai	Panchenai	gnd	26	1	94	2	13	0	82
LK-5121110	Iluppadichenai	Illuppadichenai	gnd	257	35	13	4	21	0	117
LK-5121115	Koththiyapulai	Koththiyapulai	gnd	130	0	148	18	80	0	13
LK-5121120	Kaanchirankudah	Kaanchirankudah	gnd	393	31	26	37	141	1	142
LK-5124005	Kattankudy Division 1	Kattankudy Division 1	gnd	342	6	1	4	1	0	0
LK-5124010	Kattankudy Division 1 South	Kattankudy 1 South	gnd	567	9	8	0	2	0	0
LK-5124015	Kattankudy Division 2	Kattankudy Division 2	gnd	540	7	42	2	0	0	0
LK-5124020	Kattankudy Division 2 North	Kattankudy 2 North	gnd	802	3	13	4	0	0	0
LK-5124025	New Kattankudy North	New Kattankudy Division North	gnd	1477	176	87	26	12	0	2
LK-5124030	New Kattankudy South	New Kattankudy Division South	gnd	1465	49	5	0	7	0	3
LK-5124035	Kattankudy Division 3 East	Kattankudy 3 East	gnd	368	9	4	1	0	0	0
LK-5124040	Kattankudy Division 3	Kattankudy Division 3	gnd	398	15	0	3	1	0	0
LK-5124045	Kattankudy Division 3 West	Kattankudy 3 West	gnd	274	1	0	0	0	0	0
LK-5124050	Kattankudy Division 4 West	Kattankudy 4 West	gnd	365	9	1	0	0	0	0
LK-5124055	Kattankudy Division 4	Kattankudy Division 4	gnd	298	1	3	1	0	0	0
LK-5124060	Kattankudy Division 6	Kattankudy Division 6	gnd	813	9	1	3	2	0	1
LK-5124065	New Kattankudy West	New Kattankudy Division West	gnd	665	37	5	5	1	0	0
LK-5124070	New Kattankudy East	New Kattankudy Division East	gnd	1814	28	9	0	0	0	2
LK-5124075	Kattankudy Division 6 South	Kattankudy 6 South	gnd	828	33	17	2	8	0	0
LK-5124080	Kattankudy Division 6 West	Kattankudy 6 West	gnd	526	15	9	1	1	0	0
LK-5124085	Kattankudy Division 5	Kattankudy Division 5	gnd	601	54	2	0	2	0	0
LK-5124090	Kattankudy Division 5 South	Kattankudy 5 South	gnd	252	18	9	1	1	0	0
LK-5127005	Kirankulam North	Kirankulam North	gnd	55	1	362	7	41	0	21
LK-5127010	Kirankulam South	Kirankulam South	gnd	362	20	4	16	34	0	2
LK-5127015	Kirankulam	Kirankulam	gnd	187	17	146	6	23	0	4
LK-5127020	Kirankulam Central	Kirankulam Central	gnd	279	4	2	1	14	0	0
LK-5127025	Puthukudiyiruppu	Puthukudiyiruppu	gnd	137	0	170	20	24	0	0
LK-5127030	Puthukudiyiruppu South	Puthukudiyiruppu South	gnd	137	7	128	14	18	0	12
LK-5127035	Puthukudiyiruppu North	Puthukudiyiruppu North	gnd	369	26	69	20	25	0	2
LK-5127040	Palamunai	Palamunai	gnd	781	30	199	30	28	0	9
LK-5127045	Thalankudah	Thalankudah	gnd	74	2	275	18	41	0	0
LK-5127050	Manmunai	Manmunai	gnd	47	3	274	33	26	0	15
LK-5127055	Vedarkudiyiruppu	Vedarkudiyiruppu	gnd	179	3	116	13	39	0	8
LK-5127060	Mavilankanthurai	Mavilankanthurai	gnd	220	13	71	10	25	0	13
LK-5127065	Kankeyanodai	Kankeyanodai	gnd	282	7	26	3	0	0	0
LK-5127070	Ollikulam	Ollikulam	gnd	118	13	63	8	3	0	0
LK-5127075	Kankeyanodai South	Kankeyanodai South	gnd	395	9	71	6	9	0	2
LK-5127080	Arayampathy 3	Araipattai 3	gnd	58	16	72	6	5	0	0
LK-5127085	Rajadurai Gramam	Rajadurai Kiramam	gnd	173	11	67	3	8	0	0
LK-5127090	Arayampathy South	Araipattai South	gnd	116	5	106	6	28	0	0
LK-5127095	Kovilkulam	Kovilkulam	gnd	231	2	78	7	22	0	0
LK-5127100	Arayampathy Central	Araipattai Central	gnd	138	1	0	0	7	0	0
LK-5127105	Arayampathy 2	Araipattai 2	gnd	109	0	0	1	1	0	0
LK-5127110	Selvanagar	Selvanagar	gnd	150	11	204	16	7	0	0
LK-5127115	Selvanagar East	Selvanagar East	gnd	366	10	390	37	65	1	1
LK-5127120	Arayampathy East	Araipattai East	gnd	438	21	455	40	43	2	1
LK-5127125	Arayampathy North	Araipattai North	gnd	105	11	34	2	4	0	1
LK-5127130	Arayampathy 1	Araipattai 1	gnd	179	4	0	1	5	0	0
LK-5127135	Arayampathy West	Araipattai West	gnd	154	2	0	0	0	0	0
LK-5130005	Munaikkadu West	Munaikkadu West	gnd	29	0	233	25	39	0	3
LK-5130010	Munaikkadu North	Munaikkadu North	gnd	17	1	330	4	68	0	7
LK-5130015	Munaikkadu East	Munaikkadu East	gnd	31	60	80	5	21	0	0
LK-5130020	Muthalaikkudah West	Muthalaikkudah West	gnd	12	9	289	41	40	0	3
LK-5130025	Muthalaikkudah	Muthalaikkudah	gnd	210	5	0	3	7	0	3
LK-5130030	Mahiladitivu	Mahiladitivu	gnd	7	1	187	8	36	0	2
LK-5130035	Mahiladitivu South	Mahiladithivu South	gnd	4	8	510	36	39	0	1
LK-5130040	Kokkadicholai	Kokkadichcholai	gnd	8	9	467	16	58	0	0
LK-5130045	Munaikkadu South	Munaikkadu South	gnd	131	5	138	23	14	0	0
LK-5130050	Kokkadicholai South	Kokkadichcholai South	gnd	107	3	272	17	46	0	0
LK-5130055	Pandariyaveli	Pandariyaveli	gnd	112	15	215	29	21	0	3
LK-5130060	Arasaditivu North	Arasaditivu North	gnd	13	0	224	7	15	0	1
LK-5130065	Paddippalai	Paddippalai	gnd	12	1	228	37	23	0	3
LK-5130070	Kuluvinamadu	Kuluvinamadu	gnd	2	8	138	4	43	1	15
LK-5130075	Arasaditivu	Arasaditivu	gnd	37	1	280	5	28	0	7
LK-5130080	Kadukkamunai	Kadukkamunai	gnd	20	4	416	28	59	0	2
LK-5130085	Ampilanthurai North	Ampilanthurai North	gnd	17	1	140	4	23	0	0
LK-5130090	Ampilanthurai	Ampilanthurai	gnd	143	7	117	0	19	0	0
LK-5130095	Ampilanthurai West	Ampilanthurai West	gnd	210	12	0	0	20	0	0
LK-5130100	Katchenai	Katchenai	gnd	59	2	97	1	43	0	10
LK-5130105	Mavadimunmaari	Mavadimunmaari	gnd	38	3	116	11	2	0	24
LK-5130110	Thanthamalai	Thanthamalai	gnd	4	4	197	2	21	1	64
LK-5130115	Kachchakodi	Kachchakodi	gnd	93	4	257	13	41	1	62
LK-5130120	Panichchiyadimunmari	Panichchiyadimunmari	gnd	65	32	1	0	1	0	0
LK-5133005	Selvapuram	Selvapuram	gnd	143	14	92	23	45	0	13
LK-5133010	Vammiyadiyoottu	Vammiyadiyoottu	gnd	12	8	370	14	77	0	9
LK-5133015	Thumpankerni (Y.F.S.)	Thumpankerni (Y.F.S)	gnd	3	0	167	10	43	0	0
LK-5133020	Kalumunthanveli	Kalumunthanveli	gnd	7	1	163	5	45	0	4
LK-5133025	Ganthipuram	Kanthipuram	gnd	5	0	149	27	42	0	2
LK-5133030	Mavetkudah	Mavetkudah	gnd	76	6	203	12	30	0	14
LK-5133035	Vipulananthapuram	Vipulananthapuram	gnd	217	2	7	1	7	0	0
LK-5133040	Palugaamam I	Palugaamam I	gnd	14	0	99	0	7	0	0
LK-5133045	Palugaamam II	Palugaamam II	gnd	55	0	135	1	2	0	1
LK-5133050	Vanninagar	Vanninagar	gnd	17	0	238	6	29	0	5
LK-5133055	Veeranchenai	Veeranchenai	gnd	7	2	140	1	18	0	0
LK-5133060	Thumpankerni	Thumbankerny	gnd	5	0	89	15	26	1	0
LK-5133065	Suravanayadiyoottu	Saravanaiyadiyoottu	gnd	5	0	134	6	21	0	0
LK-5133070	Thikkodai	Thikkodai	gnd	36	1	365	26	67	0	12
LK-5133075	Navagrinagar	Navakirinagar	gnd	33	3	55	2	25	0	2
LK-5133080	Kannapuram	Kannapuram	gnd	126	0	6	0	0	0	0
LK-5133085	Paalaiyadivaddai	Paalaiyadivaddai	gnd	3	0	177	12	3	0	0
LK-5133090	Nellikkadu	Nellikkadu	gnd	74	1	70	6	40	3	9
LK-5133095	Vivekananthapuram	Vivekananthapuram	gnd	162	3	0	3	6	0	9
LK-5133100	Vellaveli	Vellaveli	gnd	16	1	187	15	60	0	5
LK-5133105	Punnakkulam	Punnakkulam	gnd	4	1	125	0	49	0	2
LK-5133110	Kovilporativu West	Kovilporativu West	gnd	64	3	268	14	43	0	2
LK-5133115	Kovilporativu	Kovilporativu	gnd	12	2	222	15	23	0	0
LK-5133120	Munaitivu	Munaitivu	gnd	193	4	173	0	1	0	0
LK-5133125	Paddaapuram	Paddaapuram	gnd	35	0	171	8	20	0	0
LK-5133130	Periyaporativu	Periyaporativu	gnd	226	8	0	2	1	0	0
LK-5133135	Kovilporativu South	Kovilporativu South	gnd	60	0	147	11	38	0	0
LK-5133140	Mandur 1 And 2 South	Mandur 1 &2 South	gnd	49	13	180	36	28	0	0
LK-5133145	Mandur Kottamunai	Mandur Koddaimunai	gnd	69	6	170	13	26	0	0
LK-5133150	Mandur 3	Mandur 3	gnd	231	24	1	1	2	0	0
LK-5133155	Mandur 1 And 2 North	Mandur 1 &2 (North part)	gnd	57	6	103	1	1	0	0
LK-5133160	Paalamunai	Paalamunai	gnd	69	4	439	35	50	0	2
LK-5133165	Thampalawattai	Thambalawatta	gnd	76	0	277	4	64	0	0
LK-5133170	Kaneshapuram	Ganeshapuram	gnd	30	4	291	29	33	0	1
LK-5133175	Sangarpuram	Shangarpuram	gnd	133	4	265	9	45	0	2
LK-5133180	Palachcholai	Palachcholai	gnd	183	26	25	17	51	0	3
LK-5133185	Kaakkachchivaddai	Kaakkachchivaddai	gnd	8	2	264	24	48	0	1
LK-5133190	Kannapuram East	Kannapuram East	gnd	1	1	187	2	22	0	3
LK-5133195	Vilanthoddam	Vilanthoddam	gnd	8	1	94	0	61	0	0
LK-5133200	Sinnawattai	Sinnawattai	gnd	71	22	171	22	39	0	3
LK-5133205	Maalaiyarkaddu	Maalaiyarkaddu	gnd	0	1	96	1	22	0	20
LK-5133210	Anaikaddiyaveli	Anaikaddiyaveli	gnd	166	8	0	3	34	0	1
LK-5133215	Raanamadu	Raanamadu	gnd	1	1	119	10	23	0	0
LK-5136005	Kurukkalmadam North	Kurukkalmadam North	gnd	165	8	103	11	6	0	0
LK-5136010	Kurukkalmadam South	Kurukkalmadam South	gnd	109	1	49	0	1	0	0
LK-5136015	Cheddipalayam North	Cheddipalayam North	gnd	249	2	252	70	32	0	1
LK-5136020	Cheddipalayam South	Cheddipalayalam South	gnd	177	26	289	47	30	0	8
LK-5136025	Mankadu	Mankadu	gnd	174	17	252	87	11	0	1
LK-5136030	Thettativu North	Thettathivu North	gnd	110	6	143	64	22	0	0
LK-5136035	Thettativu South	Thettathivu South	gnd	161	7	2	2	1	0	0
LK-5136040	Thettativu South - 02	Thettathivu South 2	gnd	237	0	38	6	2	1	0
LK-5136045	Thettativu South - 01	Thettathivu South 1	gnd	22	9	162	75	15	0	1
LK-5136050	Kaluthawalai 1	Kaluthawalai 1	gnd	340	12	120	2	14	0	0
LK-5136055	Kaluthawalai Central	Kaluthawalai Central	gnd	306	20	2	3	2	0	0
LK-5136060	Kaluthawalai 2	Kaluthawalai 2	gnd	259	2	16	4	3	0	0
LK-5136065	Kaluthawalai 3	Kaluthawalai 3	gnd	186	34	124	2	5	0	0
LK-5136070	Kaluthawalai 4	Kaluthawalai 4	gnd	445	7	0	2	26	0	0
LK-5136075	Kaluthawalai 4 Santhipuram	Kaluthavalai 04 Santhipuram	gnd	177	3	256	44	19	0	0
LK-5136080	Kaluwanchikudy North 1	Kaluwanchikudy North 1	gnd	440	52	0	2	31	0	1
LK-5136085	Kaluwanchikudy North	Kaluwanchikudy North	gnd	149	2	156	2	6	0	0
LK-5136090	Paddiruppu	Paddiruppu	gnd	160	3	89	11	4	0	0
LK-5136095	Eruvil North	Eruvil North	gnd	211	23	167	18	4	0	0
LK-5136100	Kaluwanchikudy South	kaluwanchikudy South	gnd	670	14	371	26	25	0	5
LK-5136105	Onthachimadam North	Onthachimadam North	gnd	162	2	399	10	53	0	3
LK-5136110	Eruvil East	Eruvil East	gnd	199	16	390	69	79	0	2
LK-5136115	Eruvil South	Eruvil South	gnd	341	54	102	11	7	1	4
LK-5136120	Kurumanvely 11 West	Kurumanvely 11West	gnd	178	2	95	4	8	0	0
LK-5136125	Kurumanvely 11 East	Kurumanvely 11 East	gnd	135	8	85	3	6	0	0
LK-5136130	Kurumanvely 12	Kurumanvely 12	gnd	72	6	230	18	6	0	0
LK-5136135	Mahiloor West	Mahiloor West	gnd	156	4	201	27	34	0	0
LK-5136140	Mahiloor South West	Mahiloor South West	gnd	220	3	154	13	8	0	1
LK-5136145	Mahiloor East	Mahiloor East	gnd	466	17	48	5	16	0	0
LK-5136150	Onthachimadam South	Onthachimadam South	gnd	51	1	230	0	1	0	0
LK-5136155	Koddaikallar North	Koddaikallar North	gnd	196	16	189	10	9	0	2
LK-5136160	Koddaikallar West	Koddaikallar West	gnd	86	28	160	4	3	1	0
LK-5136165	Mahiloormunai	Mahiloor Munai	gnd	288	4	0	0	22	0	0
LK-5136170	Koddaikallar East	Koddaikallar East	gnd	245	2	1	0	1	0	0
LK-5136175	Koddaikallar South	Koddaikallar South	gnd	187	0	42	6	1	0	0
LK-5136180	Periyakallar 01	Periyakallar 1	gnd	245	32	19	2	1	0	0
LK-5136185	Periyakallar 01 South	Periyakallar 1 South	gnd	247	32	4	1	0	0	0
LK-5136190	Periyakallar 02 West	Periyakallar 2 West	gnd	270	3	62	0	0	0	0
LK-5136195	Periyakallar 02	Periyakallar 2	gnd	120	5	112	7	5	0	0
LK-5136200	Periyakallar 03 South	Periyakallar 3 South	gnd	100	4	220	13	16	1	2
LK-5136205	Periyakallar 03	Periyakallar 3	gnd	180	4	35	1	1	0	0
LK-5136210	Thuraineelavanai North	Thuraineelavanai North	gnd	80	3	250	16	28	0	0
LK-5136215	Thuraineelavanai North 01	Thuraineelavanai North 1	gnd	109	1	112	1	0	0	0
LK-5136220	Thuraineelavanai South	Thuraineelavanai South	gnd	49	0	178	11	12	0	0
LK-5136225	Thuraineelavanai South 01	Thuraineelavanai South1	gnd	16	1	387	37	20	0	0
LK-5203005	Rideela	Rideela	gnd	532	27	616	67	37	0	0
LK-5203010	Bakmeedeniya	Bakmeedeniya	gnd	525	20	671	35	2	0	1
LK-5203015	Dehiattakandiya	Dehiattakandiya	gnd	1356	66	1113	56	14	0	0
LK-5203020	Kadirapura	Kadirapura	gnd	1735	56	1382	114	39	1	2
LK-5203025	Mawanagama	Mawanagama	gnd	334	12	816	65	25	0	1
LK-5203030	Lihiniyagama	Lihiniyagama	gnd	459	13	650	36	26	0	0
LK-5203035	Serupitiya	Serupitiya	gnd	625	61	496	47	7	2	1
LK-5203040	Sandamadulla	Sadamadulla	gnd	608	35	346	77	9	0	0
LK-5203045	Sandunpura	Sandunpura	gnd	641	24	725	48	26	1	1
LK-5203050	Paranagama	Paranagama	gnd	232	28	1111	74	67	0	11
LK-5203055	Ihalagama	Ihalagama	gnd	76	10	692	78	14	0	0
LK-5203060	Nawa Medagama	Nawa Medagama	gnd	303	11	469	56	6	0	0
LK-5203065	Wewmedagama	Wewmedagama	gnd	310	7	372	10	6	0	0
LK-5206005	Galode	Galode	gnd	61	3	251	21	40	0	6
LK-5206010	Palathuruwella	Palathuruwella	gnd	23	1	216	14	25	0	2
LK-5206015	Pulungasmulla	Pulungasmulla	gnd	37	0	227	17	41	0	13
LK-5206020	Serankada	Serankada	gnd	120	5	177	41	4	0	4
LK-5206025	Unapana	Unapana	gnd	11	0	137	3	18	0	8
LK-5206030	Hagamwela	Hagamwela	gnd	26	3	221	15	16	0	11
LK-5206035	Kirawana	Kirawana	gnd	60	4	297	23	49	0	12
LK-5206040	Padiyathalawa	Padiyathalawa	gnd	230	7	182	36	5	0	3
LK-5206045	Thalapitaoya Left	Thalapitaoya Left	gnd	239	11	1	10	12	0	0
LK-5206050	Saranagama	Saranagama	gnd	22	0	262	12	20	0	0
LK-5206055	Pallegama	Pallegama	gnd	41	0	186	43	2	0	2
LK-5206060	Moradeniya	Moradeniya	gnd	46	2	220	58	19	0	30
LK-5206065	Thalapitaoya South	Thalapitaoya South	gnd	31	1	174	5	1	0	8
LK-5206070	Holike	Holike	gnd	218	14	48	27	7	0	2
LK-5206075	Kehelulla	Kehelulla	gnd	165	10	184	5	13	0	0
LK-5206080	Miriswatta	Miriswatta	gnd	12	0	204	22	38	0	6
LK-5206085	Kolamanthalawa	Kolamanthalawa	gnd	14	3	192	19	33	0	9
LK-5206090	Dorakumbura	Dorakumbura	gnd	3	4	205	3	25	0	12
LK-5206095	Marangala	Marangala	gnd	255	2	1	2	28	0	18
LK-5206100	Komana	Komana	gnd	241	12	8	4	16	0	1
LK-5209005	Bogamuyaya	Bogamuyaya	gnd	12	2	62	1	2	0	1
LK-5209010	Tempitiya	Tempitiya	gnd	23	2	161	10	10	0	0
LK-5209015	Poolawala	Poolawala	gnd	133	3	35	4	11	0	1
LK-5209020	Bedirekka	Bedirekka	gnd	59	4	105	7	9	0	0
LK-5209025	Unuwathura Bubula	Unuwathura Bubula	gnd	79	11	437	40	40	0	5
LK-5209030	Iddapola	Iddapola	gnd	11	8	259	25	19	0	7
LK-5209035	Thepelpola	Thepelpola	gnd	107	6	328	14	24	0	3
LK-5209040	Mahaoya	Mahaoya	gnd	122	5	139	13	7	0	1
LK-5209045	Samagipura	Samagipura	gnd	212	83	273	7	52	0	8
LK-5209050	Borapola	Borapola	gnd	22	0	227	16	21	0	1
LK-5209055	Kelavinna	Kelavinna	gnd	275	15	174	29	15	0	6
LK-5209060	Dambadeniya	Dambadeniya	gnd	200	13	352	35	51	0	4
LK-5209065	Kekirihena	Kekirihena	gnd	103	4	402	6	23	0	68
LK-5209070	Kudaharasgala	Kudaharasgala	gnd	290	6	140	6	23	0	14
LK-5209075	Lahugala	Lahugala	gnd	11	0	280	6	61	0	33
LK-5209080	Pollebedda	Pollebedda	gnd	47	12	390	52	45	0	52
LK-5209085	Aranthalawa	Aranthalawa	gnd	300	6	100	19	20	0	1
LK-5212005	Piyangala	Piyangala	gnd	14	1	96	20	28	0	6
LK-5212010	Nugelanda North	Nugelanda North	gnd	27	2	169	19	4	0	0
LK-5212015	Nugelanda South	Nugelanda South	gnd	61	8	128	17	2	0	0
LK-5212020	Bakkiella	Bakkiella	gnd	18	0	100	6	0	0	0
LK-5212025	Rajagalathenna South	Rajagalathenna South	gnd	122	16	172	30	0	0	0
LK-5212030	Rajagalathenna North	Rajagalathenna North	gnd	218	5	293	32	30	0	4
LK-5212035	Gonagolla	Gonagolla	gnd	100	3	285	20	19	0	0
LK-5212040	Galapitagala West	Galapitagala West	gnd	49	2	155	8	1	0	0
LK-5212045	Galapitagala East	Galapitagala East	gnd	35	1	125	6	8	0	0
LK-5212050	Kothmale	Kothmale	gnd	200	6	19	1	0	0	0
LK-5212055	Mayadunna	Mayadunna	gnd	145	1	513	23	19	0	1
LK-5212060	Nawagiriyawa	Nawagiriyawa	gnd	84	2	302	28	7	0	2
LK-5212065	Bandaradoowa	Bandaradoowa	gnd	120	1	301	39	65	0	8
LK-5212070	Lathugala	Lathugala	gnd	153	7	0	41	12	0	15
LK-5212075	Bokkabedda	Bokkabedda	gnd	17	1	156	18	29	0	1
LK-5212080	Kohombana	Kohombana	gnd	25	0	118	19	0	0	0
LK-5212085	Walagampura	Walagampura	gnd	85	3	436	80	44	0	0
LK-5212090	Verenketagoda	Verenketagoda	gnd	400	8	337	27	25	0	0
LK-5212095	Senagama North	Senagama North	gnd	160	5	125	11	4	0	1
LK-5212100	Senagama South	Senagama South	gnd	24	3	148	18	0	0	0
LK-5212105	Gonagala	Gonagala	gnd	45	2	252	10	14	0	0
LK-5212110	Veheragama East	Veheragama East	gnd	117	3	0	0	0	0	0
LK-5212115	Veheragama West	Veheragama West	gnd	116	4	0	0	0	0	0
LK-5212120	Gemunupura	Gemunupura	gnd	38	0	223	26	4	0	0
LK-5212125	Siyambalawewa	Siyambalawewa	gnd	28	0	137	1	10	0	0
LK-5212130	Rajagama North	Rajagama North	gnd	18	0	111	11	5	0	0
LK-5212135	Rajagama South	Rajagama South	gnd	22	4	130	11	0	0	0
LK-5212140	Suhadagama North	Suhadagama North	gnd	50	2	9	1	0	0	0
LK-5212145	Suhadagama South	Suhadagama South	gnd	50	0	0	0	0	0	0
LK-5212150	Kumarigama	Kumarigama	gnd	82	1	199	14	18	0	0
LK-5212155	Komariya	Komariya	gnd	56	7	211	17	1	0	0
LK-5212160	Udagirigama West	Udagirigama West	gnd	33	2	125	39	1	0	0
LK-5212165	Udagirigama East	Udagirigama East	gnd	29	4	250	25	1	0	0
LK-5212170	Galahitiyagoda	Galahitiyagoda	gnd	296	26	280	28	19	0	0
LK-5212175	Mahakandiya	Mahakandiya	gnd	247	11	236	13	34	0	6
LK-5212180	Kahatagasyaya	Kahatagasyaya	gnd	25	4	151	3	18	0	2
LK-5212185	Velikahagolla	Velikahagolla	gnd	251	32	172	5	16	0	1
LK-5212190	Dematamalpelessa	Dematamalpelessa	gnd	225	12	171	14	6	0	0
LK-5212195	Uhana	Uhana	gnd	496	15	157	16	4	0	0
LK-5212200	Uhana Thissapura East	Uhana Thissapura West	gnd	414	22	110	22	11	0	1
LK-5212205	Uhana Thissapura West	Uhana Thissapura East	gnd	77	2	142	8	12	0	0
LK-5212210	Udayapura	Udayapura	gnd	75	2	205	12	12	0	2
LK-5212215	Sandanadapura	Sandanadapura	gnd	88	1	221	13	5	0	0
LK-5212220	Weeragoda North	Weeragoda North	gnd	49	4	171	1	16	0	7
LK-5212225	Weeragoda South	Weeragoda South	gnd	44	0	217	4	9	0	0
LK-5212230	Dadayanthalawa West	Dadayanthalawa West	gnd	93	2	238	8	10	0	0
LK-5212235	Dadayanthalawa East	Dadayanthalawa East	gnd	22	2	151	7	2	0	0
LK-5212240	Wijayapura East	Wijayapura East	gnd	38	14	82	12	1	0	0
LK-5212245	Wijayapura West	Wijayapura West	gnd	32	2	137	2	3	0	0
LK-5212250	Kumudugama	Kumudugama	gnd	48	7	159	3	0	0	0
LK-5212255	Ruhunugama	Ruhunugama	gnd	53	0	183	6	0	0	0
LK-5212260	Buddhangala	Buddhangala	gnd	38	3	125	26	7	0	0
LK-5212265	Palam Kandavura	Palam Kandavura	gnd	252	2	309	30	4	0	0
LK-5212270	Himidurawa	Himidurawa	gnd	206	12	309	17	32	0	0
LK-5212275	Abhayapura	Abhayapura	gnd	110	26	113	0	12	0	1
LK-5215005	Dambethalawa	Dambethalawa	gnd	63	6	699	38	64	0	4
LK-5215010	Samapura	Samapura	gnd	356	5	44	9	7	0	0
LK-5215015	Karangawa	Karangawa	gnd	534	11	409	36	24	1	3
LK-5215020	Gemunupura	Gemunupura	gnd	289	3	107	5	3	0	0
LK-5215025	Thissapura	Thissapura	gnd	420	3	168	14	6	0	0
LK-5215030	Nawagampura	"Nawagampura_x000D_
Nawagamp"	gnd	980	3	379	12	11	0	0
LK-5215035	Senanayakepura	Senanayakepura	gnd	838	7	17	3	8	0	0
LK-5215040	Jayawardhanapura	Jayawardhanapura	gnd	812	8	67	13	3	0	0
LK-5215045	Indrasarapura	Indrasarapura	gnd	331	2	65	10	1	12	0
LK-5215050	Mihindupura	Mihindupura	gnd	384	3	281	18	10	0	0
LK-5215055	Saddhathissapura	Saddhathissapura	gnd	452	6	109	11	2	0	0
LK-5215060	Kotavehera	Kotavehera	gnd	93	2	270	5	30	0	0
LK-5215065	Paragahakele East	Paragahakele East	gnd	103	3	269	21	31	0	9
LK-5215070	Paragahakele West	Paragahakele West	gnd	87	1	325	43	32	0	1
LK-5215075	Ambagahawella	Ambagahawella	gnd	236	10	159	29	19	0	2
LK-5215080	Ambamalthalawa	Ambamalthalawa	gnd	92	3	306	32	8	0	0
LK-5215085	Namalthalawa	Namalthalawa	gnd	79	0	319	12	28	0	0
LK-5215090	Namaloya II	Namaloya (ii)	gnd	82	2	296	2	36	0	0
LK-5215095	Polwaga Janapadaya	Polwaga Janapadaya	gnd	155	0	473	22	2	0	0
LK-5215100	Wavinna North	Wavinna North	gnd	52	3	257	27	35	0	2
LK-5215105	Wavinna South	Wavinna South	gnd	241	15	251	28	29	0	2
LK-5215110	Namaloya I	Namaloya ( i )	gnd	130	2	204	22	22	0	1
LK-5216005	Central Camp 01	Central Camp 01	gnd	122	1	136	8	22	0	0
LK-5216010	Central Camp 02	Central Camp 02	gnd	97	1	113	3	17	0	2
LK-5216015	Central Camp 03	Central Camp 03	gnd	162	14	100	11	10	0	0
LK-5216020	Central Camp 05	Central Camp 05	gnd	148	2	100	11	25	0	0
LK-5216025	Central Camp 06	Central Camp 06	gnd	58	3	284	44	10	0	0
LK-5216030	Central Camp 04	Central Camp 04	gnd	15	1	167	13	26	0	0
LK-5216035	Chalambaikerny 03	Chalambaikerny 03	gnd	262	6	76	13	6	0	0
LK-5216040	Chalambaikerny 04	Chalambaikerny 04	gnd	428	53	94	42	25	0	1
LK-5216045	Chalambaikerny 05	Chalambaikerny 05	gnd	124	14	30	6	14	0	0
LK-5216050	Chalambaikerny 01	Chalambaikerny 01	gnd	372	11	143	27	2	0	1
LK-5216055	Chalambaikerny 02	Chalambaikerny 02	gnd	135	3	54	2	1	0	0
LK-5216060	Sorikalmunai 3	Sorikalmunai 03	gnd	175	39	89	6	7	0	2
LK-5216065	Sorikalmunai 1	Sorikalmunai 01	gnd	18	3	308	26	28	0	0
LK-5216070	Sorikalmunai 2	Sorikalmunai 02	gnd	138	2	0	0	29	0	0
LK-5216075	Chavalakade	Chavalakade	gnd	53	5	136	10	10	0	0
LK-5216080	Navithanveli 02	Navithanveli 02	gnd	20	1	236	29	26	0	3
LK-5216085	Annamalai 03	Annamalai 03	gnd	166	2	2	1	0	0	2
LK-5216090	Annamalai 02	Annamalai 02	gnd	153	9	310	28	16	0	2
LK-5216095	Navithanveli 01	Navithanveli 01	gnd	111	3	231	11	27	0	1
LK-5216100	Annamalai 01	Annamalai 01	gnd	243	1	0	2	3	0	0
LK-5218005	Veeramunai 04	Veeramunai 04	gnd	91	1	88	3	3	0	0
LK-5218010	Sammanthurai 08	Sammanthurai 08	gnd	302	19	7	4	0	0	0
LK-5218015	Sammanthurai 06	Sammanthurai 06	gnd	145	0	0	0	0	0	0
LK-5218020	Sammanthurai TD 01	Sammanthurai Tamil Division 01	gnd	170	9	8	0	0	0	0
LK-5218025	Sammanthurai TD 04	Sammanthurai Tamil Division 04	gnd	37	2	35	13	1	0	0
LK-5218030	Sammanthurai TD 02	Sammanthurai Tamil Division 02	gnd	211	0	0	0	0	0	0
LK-5218035	Sammanthurai 01	Sammanthurai 01	gnd	240	0	0	0	0	0	0
LK-5218040	Sammanthurai 02	Sammanthurai 02	gnd	424	13	0	0	0	0	0
LK-5218045	Sammanthurai 05	Sammanthurai 05	gnd	180	17	1	0	0	1	0
LK-5218050	Karuwaddukal 01	Karuwaddukal 01	gnd	363	5	8	2	4	0	0
LK-5218055	Karuwaddukal 03	Karuwaddukal 03	gnd	450	2	7	1	1	0	0
LK-5218060	Karuwaddukal 02	Karuwaddukal 02	gnd	357	3	3	1	1	0	0
LK-5218065	Sammanthurai 11	Sammanthurai 11	gnd	184	0	1	7	4	0	0
LK-5218070	Sammanthurai 10	Sammanthurai 10	gnd	214	0	1	1	6	0	0
LK-5218075	Sammanthurai 09	Sammanthurai 09	gnd	385	0	2	0	1	0	0
LK-5218080	Sammanthurai 07	Sammanthurai 07	gnd	244	3	8	3	2	0	0
LK-5218085	Sammanthurai 04	Sammanthurai 04	gnd	243	4	1	0	0	0	0
LK-5218090	Sammanthurai TD 03	Sammanthurai Tamil Division 03	gnd	361	15	1	0	0	0	0
LK-5218095	Maddakalaputharavai 02	Maddakalaputharavai 02	gnd	374	26	3	0	1	0	0
LK-5218100	Maddakalaputharavai 01	Maddakalaputharavai 01	gnd	296	3	25	8	11	0	0
LK-5218105	Sammanthurai 03	Sammanthurai 03	gnd	364	6	24	4	1	0	0
LK-5218110	Veeramunai 03	Veeramunai 03	gnd	74	0	84	15	1	0	0
LK-5218115	Veeramunai 02	Veeramunai 02	gnd	54	0	76	7	1	0	0
LK-5218120	Veeramunai 01	Veeramunai 01	gnd	74	1	75	12	0	0	0
LK-5218125	Sammanthurai 12	Sammanthurai 12	gnd	236	7	0	0	2	0	1
LK-5218130	Malwatte 02	Malwatte 02	gnd	269	32	41	2	12	0	0
LK-5218135	Block 'J' East 01	Block 'J' East 01	gnd	433	37	13	1	1	0	0
LK-5218140	Block 'J' West 02	Block 'J' West 02	gnd	460	18	17	2	7	0	2
LK-5218145	Kallarichchel 02	Kallarichchel 02	gnd	734	25	26	11	17	0	3
LK-5218150	Block 'J' West 01	Block 'J' West 01	gnd	323	28	11	1	15	0	0
LK-5218155	Kallarichchel 03	Kallarichchel 03	gnd	413	7	4	5	11	0	0
LK-5218160	Udanga 01	Udanga 01	gnd	508	31	22	8	23	0	0
LK-5218165	Udanga 02	Udanga02	gnd	494	3	1	3	3	0	0
LK-5218170	Vilinayadi 01	Vilinayadi 01	gnd	600	41	31	14	12	0	1
LK-5218175	Sennelgramam 01	Sennelgramam 01	gnd	598	26	41	32	16	0	0
LK-5218180	Sennelgramam 02	Sennelgramam 02	gnd	875	41	42	39	16	0	0
LK-5218185	Block 'J' East 03	Block 'J' East 03	gnd	461	1	27	10	22	0	1
LK-5218190	Block 'J' East 02	Block 'J' East 02	gnd	435	7	11	3	9	0	0
LK-5218195	Malayadikiramam 01	Malayadikiramam 01	gnd	567	22	11	3	25	0	0
LK-5218200	Malayadikiramam 03	Malayadikiramam 03	gnd	524	4	17	6	26	0	0
LK-5218205	Malwatte 03	Malwatte 03	gnd	299	18	8	2	3	0	0
LK-5218210	Malwatte 01	Malwatte 01	gnd	51	5	251	31	43	0	2
LK-5218215	Malkampiddy	Malkampiddy	gnd	110	0	1	0	11	2	2
LK-5218220	Malayadikiramam 04	Malayadikiramam 04	gnd	358	23	34	9	30	0	1
LK-5218225	Malayadikiramam 02	Malayadikiramam 02	gnd	664	16	7	9	2	0	0
LK-5218230	Vilinayadi 02	Vilinayadi 02	gnd	343	8	5	6	3	0	0
LK-5218235	Vilinayadi 03	Vilinayadi 03	gnd	395	7	0	0	2	0	0
LK-5218240	Kallarichchel 01	Kallarichchel 01	gnd	273	12	0	6	1	0	0
LK-5218245	Valathapitty 02	Valathapitty 02	gnd	8	1	46	19	4	1	0
LK-5218250	Valathapitty 01	Valathapitty 01	gnd	363	39	448	30	49	3	7
LK-5218255	Malwatte 04	Malwatte 04	gnd	38	2	90	8	26	0	0
LK-5221005	Periyaneelavanai 01B	Periyaneelavanai  01B	gnd	457	7	152	10	1	0	0
LK-5221010	Periyaneelavanai 01A	Periyaneelavanai  01A	gnd	99	15	142	30	4	0	0
LK-5221015	Periyaneelavanai 01	Periyaneelavanai  01	gnd	193	4	207	6	9	0	1
LK-5221020	Periyaneelavanai 02	Periyaneelavanai  02	gnd	770	14	150	13	4	0	1
LK-5221025	Chenaikudiyiruppu 01A	Chenaikudiyiruppu 01A	gnd	135	16	209	47	19	1	0
LK-5221030	Pandiruppu 01	Pandiruppu 01	gnd	106	0	169	19	2	0	0
LK-5221035	Pandiruppu 01B	Pandiruppu 01B	gnd	141	9	80	0	1	0	0
LK-5221040	Pandiruppu 01C	Pandiruppu 01C	gnd	137	5	95	0	1	0	0
LK-5221045	Pandiruppu 01A	Pandiruppu 01A	gnd	34	0	185	24	6	0	0
LK-5221050	Pandiruppu 02	"Pandiruppu 02_x000D_
"	gnd	316	8	133	21	3	0	0
LK-5221055	Pandiruppu 02B	Pandiruppu 02B	gnd	151	5	35	3	0	0	0
LK-5221060	Pandiruppu 02C	Pandiruppu 02C	gnd	196	0	89	6	5	0	0
LK-5221065	Pandiruppu 02A	Pandiruppu 02A	gnd	53	0	152	0	3	0	0
LK-5221070	Kalmunai 01D	Kalmunai  01D	gnd	209	3	42	8	1	0	0
LK-5221075	Kalmunai 01B	Kalmunai  01B	gnd	133	0	0	0	0	0	0
LK-5221080	Kalmunai 01A	Kalmunai  01A	gnd	231	3	11	4	5	1	0
LK-5221085	Kalmunai 01	Kalmunai  01	gnd	277	8	21	1	0	0	0
LK-5221090	Natpiddimunai Td 03	Natpiddimunai (T.P ) 03	gnd	293	2	1	0	0	0	0
LK-5221095	Natpiddimunai Td 02	Natpiddimunai (T.P ) 02	gnd	275	50	33	23	1	0	0
LK-5221100	Natpiddimunai Td 01	Natpiddimunai (T.P ) 01	gnd	92	0	119	4	12	0	0
LK-5221105	Chenaikudiyiruppu 01B	Chenaikudiyiruppu 01B	gnd	137	2	120	11	1	0	0
LK-5221110	Chenaikudiyiruppu 01	Chenaikudiyiruppu 01	gnd	228	32	2	0	4	0	0
LK-5221115	Kalmunai 01C	Kalmunai  01C	gnd	138	7	44	14	0	1	0
LK-5221120	Kalmunai 01E	Kalmunai  01E	gnd	268	13	2	0	4	0	1
LK-5221125	Kalmunai 02B	Kalmunai  02B	gnd	174	2	0	0	1	0	0
LK-5221130	Kalmunai 02A	Kalmunai  02A	gnd	93	11	115	22	3	0	0
LK-5221135	Kalmunai 02	Kalmunai  02	gnd	310	9	36	1	0	0	0
LK-5221140	Kalmunai 03	Kalmunai  03	gnd	203	6	39	1	0	0	0
LK-5221145	Kalmunai 03A	Kalmunai  03A	gnd	23	10	74	24	2	0	0
LK-5224005	Periyaneelavanai  Muslim Section	Periyaneelavanai  Muslim Section	gnd	580	107	9	4	1	0	0
LK-5224010	Periyaneelavanai  Muslim Section	Periyaneelavanai  Muslim Section	gnd	292	9	12	4	0	0	0
LK-5224015	Maruthamunai 01	Maruthamunai 01	gnd	266	5	3	1	1	0	0
LK-5224020	Maruthamunai 02	Maruthamunai 02	gnd	371	2	6	1	1	0	0
LK-5224025	Maruthamunai 03	Maruthamunai 03	gnd	1218	37	3	0	1	0	1
LK-5224030	Maruthamunai 04	Maruthamunai 04	gnd	519	20	33	13	0	0	1
LK-5224035	Maruthamunai 05	Maruthamunai 05	gnd	364	4	3	0	0	0	0
LK-5224040	Maruthamunai 06	Maruthamunai 06	gnd	1085	4	15	1	5	0	1
LK-5224045	Natpiddimunai (M.P ) 03	Natpiddimunai (M.P ) 03	gnd	115	9	195	35	0	0	0
LK-5224050	Natpiddimunai (M.P ) 02	Natpiddimunai (M.P ) 02	gnd	173	71	0	0	0	0	0
LK-5224055	Natpiddimunai (M.P ) 01	Natpiddimunai (M.P ) 01	gnd	268	13	0	0	3	0	0
LK-5224060	Natpiddimunai (M.P ) 05	Natpiddimunai (M.P ) 05	gnd	271	6	0	0	2	0	0
LK-5224065	Natpiddimunai (M.P ) 04	Natpiddimunai (M.P ) 04	gnd	218	1	74	6	5	0	1
LK-5224070	Islamabad & kalmunai Town	Islamabad & kalmunai Town	gnd	264	12	49	10	5	0	0
LK-5224075	Kalmunai Muslim Section	Kalmunai Muslim Section	gnd	761	11	52	4	6	0	0
LK-5224080	Kalmunaikudi 01	Kalmunaikudi 01	gnd	345	129	1	1	2	0	0
LK-5224085	Kalmunaikudi 03	Kalmunaikudi 03	gnd	679	126	21	5	1	0	0
LK-5224090	Kalmunaikudi 02	Kalmunaikudi 02	gnd	371	3	3	0	1	0	0
LK-5224095	Kalmunaikudi 04	Kalmunaikudi 04	gnd	210	1	0	0	0	0	0
LK-5224100	Kalmunaikudi 05	Kalmunaikudi 05	gnd	446	4	2	0	0	0	1
LK-5224105	Kalmunaikudi 06	Kalmunaikudi 06	gnd	342	1	0	2	0	0	0
LK-5224110	Kalmunaikudi 08	Kalmunaikudi 08	gnd	297	7	6	7	1	0	0
LK-5224115	Kalmunaikudi 09	Kalmunaikudi 09	gnd	822	62	5	5	6	0	0
LK-5224120	Kalmunaikudi 07	Kalmunaikudi 07	gnd	397	19	0	1	1	0	1
LK-5224125	Kalmunaikudi 10	Kalmunaikudi 10	gnd	285	10	1	1	4	0	0
LK-5224130	Kalmunaikudi 11	Kalmunaikudi 11	gnd	313	2	0	1	1	0	1
LK-5224135	Kalmunaikudi 12	Kalmunaikudi 12	gnd	272	45	1	4	3	0	1
LK-5224140	Kalmunaikudi 13	Kalmunaikudi 13	gnd	490	4	21	3	3	0	0
LK-5224145	Kalmunaikudi 14	Kalmunaikudi 14	gnd	570	31	12	7	2	0	0
LK-5225005	Sainthamaruthu 01	Sainthamaruthu 01	gnd	707	3	0	0	2	0	0
LK-5225010	Sainthamaruthu 02	Sainthamaruthu 02	gnd	680	1	1	2	1	0	0
LK-5225015	Sainthamaruthu 03	Sainthamaruthu 03	gnd	609	46	21	3	6	0	0
LK-5225020	Sainthamaruthu 04	Sainthamaruthu 04	gnd	347	75	2	2	4	0	0
LK-5225025	Sainthamaruthu 05	Sainthamaruthu 05	gnd	372	1	1	0	1	0	0
LK-5225030	Sainthamaruthu 06	Sainthamaruthu 06	gnd	310	10	10	1	1	0	0
LK-5225035	Sainthamaruthu 07	Sainthamaruthu 07	gnd	427	15	0	0	2	0	1
LK-5225040	Sainthamaruthu 08	Sainthamaruthu 08	gnd	258	148	1	1	3	0	0
LK-5225045	Sainthamaruthu 09	Sainthamaruthu 09	gnd	817	17	5	0	0	0	1
LK-5225050	Sainthamaruthu 10	Sainthamaruthu 10	gnd	425	17	2	1	1	0	0
LK-5225055	Sainthamaruthu 11	Sainthamaruthu 11	gnd	476	26	0	0	0	0	0
LK-5225060	Sainthamaruthu 13	Sainthamaruthu 13	gnd	272	92	3	2	0	0	0
LK-5225065	Sainthamaruthu 12	Sainthamaruthu 12	gnd	383	96	13	4	3	0	0
LK-5225070	Sainthamaruthu 17	Sainthamaruthu 17	gnd	514	0	6	7	2	0	1
LK-5225075	Sainthamaruthu 14	Sainthamaruthu 14	gnd	379	10	2	0	0	0	0
LK-5225080	Sainthamaruthu 15	Sainthamaruthu 15	gnd	569	30	11	0	0	0	1
LK-5225085	Sainthamaruthu 16	Sainthamaruthu 16	gnd	568	72	10	3	4	0	0
LK-5227005	Mavadipalli West	Mavadipalli West	gnd	397	60	15	1	21	0	0
LK-5227010	Mavadipalli East	Mavadipalli East	gnd	438	13	9	4	7	0	0
LK-5227015	Maligaikadu West	Maligaikadu West	gnd	446	11	2	0	2	0	0
LK-5227020	Maligaikadu Central	Maligaikadu Central	gnd	361	23	21	5	5	0	0
LK-5227025	Maligaikadu East	Maligaikadu East	gnd	405	10	2	0	3	0	0
LK-5227030	Karaitheevu 03	Karaitheevu 03	gnd	147	0	0	0	5	0	0
LK-5227035	Karaitheevu 02	Karaitheevu 02	gnd	169	1	0	0	0	0	0
LK-5227040	Karaitheevu 01	Karaitheevu 01	gnd	205	10	56	4	0	0	0
LK-5227045	Karaitheevu 06	Karaitheevu 06	gnd	129	1	1	0	1	0	0
LK-5227050	Karaitheevu 05	Karaitheevu 05	gnd	170	5	0	0	0	0	0
LK-5227055	Karaitheevu 04	Karaitheevu 04	gnd	56	0	66	3	3	0	0
LK-5227060	Karaitheevu 08	Karaitheevu 08	gnd	215	0	137	2	5	1	1
LK-5227065	Karaitheevu 07	Karaitheevu 07	gnd	258	0	64	6	3	0	0
LK-5227070	Karaitheevu 10	Karaitheevu 10	gnd	252	0	3	2	0	0	0
LK-5227075	Karaitheevu 09	Karaitheevu 09	gnd	120	1	0	0	4	2	1
LK-5227080	Karaitheevu 11	Karaitheevu 11	gnd	317	18	32	1	3	0	0
LK-5227085	Karaitheevu 12	Karaitheevu 12	gnd	569	17	6	3	11	0	0
LK-5230005	Ninthavur 24	Ninthavur 24	gnd	177	0	2	0	0	0	0
LK-5230010	Ninthavur 11	Ninthavur 11	gnd	417	8	24	1	7	0	0
LK-5230015	Ninthavur 12	Ninthavur 12	gnd	276	9	10	0	0	0	0
LK-5230020	Ninthavur 01	Ninthavur 01	gnd	504	34	11	6	3	0	1
LK-5230025	Ninthavur 02	Ninthavur 02	gnd	342	7	29	1	0	0	0
LK-5230030	Ninthavur 13	Ninthavur 13	gnd	238	0	0	1	0	0	0
LK-5230035	Ninthavur 14	Ninthavur 14	gnd	221	1	3	0	0	0	0
LK-5230040	Ninthavur 15	Ninthavur 15	gnd	277	12	7	4	0	0	0
LK-5230045	Ninthavur 03	Ninthavur 03	gnd	449	10	7	2	2	0	1
LK-5230050	Ninthavur 04	Ninthavur 04	gnd	522	0	20	4	4	0	0
LK-5230055	Ninthavur 16	Ninthavur 16	gnd	217	21	2	4	0	0	0
LK-5230060	Ninthavur 17	Ninthavur 17	gnd	236	0	0	0	0	0	0
LK-5230065	Ninthavur 18	Ninthavur 18	gnd	174	1	7	1	5	0	0
LK-5230070	Ninthavur 05	Ninthavur 05	gnd	611	54	2	1	0	0	0
LK-5230075	Ninthavur 06	Ninthavur 06	gnd	359	51	19	3	7	0	1
LK-5230080	Ninthavur 19	Ninthavur 19	gnd	184	5	11	1	4	0	0
LK-5230085	Ninthavur 25	Ninthavur 25	gnd	143	3	2	0	3	0	1
LK-5230090	Ninthavur 20	Ninthavur 20	gnd	161	16	5	13	1	0	0
LK-5230095	Ninthavur 07	Ninthavur 07	gnd	394	13	4	13	9	0	0
LK-5230100	Ninthavur 08	Ninthavur 08	gnd	473	11	13	7	5	0	1
LK-5230105	Ninthavur 21	Ninthavur 21	gnd	205	15	0	0	1	0	0
LK-5230110	Ninthavur 22	Ninthavur 22	gnd	374	3	49	6	7	0	1
LK-5230115	Ninthavur 09	Ninthavur 09	gnd	580	29	65	21	9	0	5
LK-5230120	Ninthavur 10	Ninthavur 10	gnd	196	20	44	1	7	0	2
LK-5230125	Ninthavur 23	Ninthavur 23	gnd	303	4	10	0	1	0	0
LK-5233005	Deegawapie 01	Deeghawapiya 01	gnd	54	7	289	11	26	0	6
LK-5233010	Oluvil 01	Oluvil 01	gnd	258	16	62	15	8	1	22
LK-5233015	Oluvil 04	Oluvil 04	gnd	351	4	23	5	31	0	1
LK-5233020	Oluvil 06	Oluvil 06	gnd	312	40	3	18	10	0	1
LK-5233025	Oluvil 05	Oluvil 05	gnd	196	5	22	1	10	0	0
LK-5233030	Oluvil 03	Oluvil 03	gnd	116	0	18	2	2	0	0
LK-5233035	Oluvil 02	Oluvil 02	gnd	568	38	82	43	14	3	6
LK-5233040	Palamuna 06	Palamuna 06	gnd	61	5	24	1	8	2	1
LK-5233045	Oluvil 07	Oluvil 07	gnd	448	8	49	2	16	1	1
LK-5233050	Palamuna 02	Palamuna 02	gnd	328	44	79	36	7	0	0
LK-5233055	Palamuna 01	Palamuna 01	gnd	659	12	29	3	5	0	2
LK-5233060	Palamuna 03	Palamuna 03	gnd	352	8	1	1	12	1	2
LK-5233065	Palamuna 04	Palamuna 04	gnd	524	5	1	2	5	0	1
LK-5233070	Palamuna 05	Palamuna 05	gnd	480	1	27	1	3	1	1
LK-5233075	Addalachchenai 02	Addalachchenai 02	gnd	312	9	3	0	4	0	0
LK-5233080	Addalachchenai 09	Addalachchenai 09	gnd	424	66	25	20	7	0	2
LK-5233085	Addalachchenai 10	Addalachchenai 10	gnd	402	26	26	4	3	0	1
LK-5233090	Addalachchenai 08	Addalachchenai 08	gnd	592	32	69	5	17	0	2
LK-5233095	Addalachchenai 06	Addalachchenai 06	gnd	612	11	3	17	3	0	0
LK-5233100	Addalachchenai 01	Addalachchenai 01	gnd	324	1	2	4	1	0	0
LK-5233105	Addalachchenai 11	Addalachchenai 11	gnd	299	17	0	0	1	0	0
LK-5233110	Addalachchenai 03	Addalachchenai 03	gnd	272	1	1	0	0	0	0
LK-5233115	Addalachchenai 07	Addalachchenai 07	gnd	361	2	20	6	7	0	0
LK-5233120	Addalachchenai 12	Addalachchenai 12	gnd	219	16	14	4	21	1	0
LK-5233125	Addalachchenai 14	Addalachchenai 14	gnd	314	6	0	0	2	0	0
LK-5233130	Addalachchenai 13	Addalachchenai 13	gnd	391	6	7	3	5	0	1
LK-5233135	Addalachchenai 04	Addalachchenai 04	gnd	454	10	28	0	0	0	0
LK-5233140	Addalachchenai 15	Addalachchenai 15	gnd	543	26	59	7	1	0	1
LK-5233145	Addalachchenai 16	Addalachchenai 16	gnd	477	15	2	0	3	0	0
LK-5233150	Addalachchenai 05	Addalachchenai 05	gnd	250	5	58	2	2	0	1
LK-5233155	Addalachchenai 17	Addalachchenai 17	gnd	264	8	2	2	4	0	2
LK-5233160	Deegawapie 02	Deeghawapiya 02	gnd	68	0	207	10	6	0	0
LK-5234005	Irakkamam 07	Irakkamam 07	gnd	86	0	227	9	32	1	3
LK-5234010	Varipathanchenai 01	Varipathanchenai 01	gnd	346	4	37	8	15	0	0
LK-5234015	Irakkamam 02	Irakkamam 02	gnd	196	7	162	15	18	1	6
LK-5234020	Irakkamam 08	Irakkamam 08	gnd	315	19	38	5	11	1	4
LK-5234025	Irakkamam 09	Irakkamam 09	gnd	144	1	0	0	0	0	0
LK-5234030	Irakkamam 06	Irakkamam 06	gnd	164	2	37	1	3	0	0
LK-5234035	Irakkamam 01	Irakkamam 01	gnd	220	3	23	6	7	0	1
LK-5234040	Irakkamam 03	Irakkamam 03	gnd	552	3	68	13	27	0	0
LK-5234045	Varipathanchenai 03	Varipathanchenai 03	gnd	384	9	117	4	3	0	14
LK-5234050	Irakkamam 05	Irakkamam 05	gnd	236	2	149	11	18	0	3
LK-5234055	Irakkamam 04	Irakkamam 04	gnd	321	8	1	3	9	0	0
LK-5234060	Varipathanchenai 02	Varipathanchenai 02	gnd	528	4	4	1	4	0	0
LK-5236005	Alim Nagar	Alim Nagar	gnd	167	8	147	43	26	0	2
LK-5236010	Easankanichcheemai	Easankanichcheemai	gnd	130	1	25	2	4	0	2
LK-5236015	Pallikudiyiruppu 02	Pallikudiyiruppu 02	gnd	536	19	21	6	14	0	1
LK-5236020	Paddiyadipiddy	Paddyadippiddy	gnd	487	6	71	11	18	0	0
LK-5236025	Akkaraipattu 06	Akkaraipattu 06	gnd	869	45	9	10	2	0	0
LK-5236030	Akkaraipattu 05	Akkaraipattu 05	gnd	424	16	3	7	4	0	0
LK-5236035	Akkaraipattu 04	Akkaraipattu 04	gnd	319	5	1	0	0	0	0
LK-5236040	Akkaraipattu 16	Akkaraipattu 16	gnd	252	1	0	0	1	0	0
LK-5236045	Akkaraipattu 15	Akkaraipattu 15	gnd	275	6	2	0	0	0	0
LK-5236050	Akkaraipattu 14	Akkaraipattu 14	gnd	676	6	18	8	2	0	0
LK-5236055	Akkaraipattu 13	Akkaraipattu 13	gnd	866	6	8	2	1	0	1
LK-5236060	Akkaraipattu 12	Akkaraipattu 12	gnd	394	0	23	8	3	0	0
LK-5236065	Akkaraipattu 11	Akkaraipattu 11	gnd	378	3	31	5	1	0	0
LK-5236070	Akkaraipattu 01	Akkaraipattu 01	gnd	315	2	13	2	2	0	1
LK-5236075	Town Division 03	Town Division 03	gnd	419	1	10	2	1	0	0
LK-5236080	Akkaraipattu 10	Akkaraipattu 10	gnd	345	6	2	0	1	0	0
LK-5236085	Town Division 02	Town Division 02	gnd	378	11	0	2	1	0	0
LK-5236090	Akkaraipattu 02	Akkaraipattu 02	gnd	308	3	0	0	0	0	0
LK-5236095	Akkaraipattu 03	Akkaraipattu 03	gnd	191	3	0	0	0	0	0
LK-5236100	Akkaraipattu 17	Akkaraipattu 17	gnd	326	0	0	0	0	0	0
LK-5236105	Akkaraipattu 18	Akkaraipattu 18	gnd	317	13	11	0	0	0	0
LK-5236110	Akkaraipattu 20	Akkaraipattu 20	gnd	308	8	66	4	1	0	0
LK-5236115	Akkaraipattu 21	Akkaraipattu 21	gnd	390	0	0	0	0	0	0
LK-5236120	Pallikudiyiruppu 01	Pallikudiyiruppu 01	gnd	516	59	11	2	8	0	0
LK-5236125	Akkaraipattu 19	Akkaraipattu 19	gnd	300	5	12	1	1	0	0
LK-5236130	Town Division 01	Town Division 01	gnd	254	1	1	0	0	0	0
LK-5236135	Town Division 05	Town Division 05	gnd	699	6	83	16	11	0	0
LK-5236140	Town Division 04	Town Division 04	gnd	366	1	38	6	2	0	0
LK-5239005	Akkaraipattu 8/1	Akkaraipattu 8/1	gnd	68	0	37	9	4	0	0
LK-5239010	Akkaraipattu 09	Akkaraipattu 9	gnd	84	6	67	8	18	0	0
LK-5239015	Akkaraipattu 8/3	Akkaraipattu 8/3	gnd	49	0	108	13	4	0	0
LK-5239020	Akkaraipattu 8/2	Akkaraipattu 8/2	gnd	90	3	58	1	0	0	0
LK-5239025	Akkaraipattu 7/1	Akkaraipattu 7/1	gnd	74	1	45	5	3	0	0
LK-5239030	Akkaraipattu 7/2	Akkaraipattu 7/2	gnd	82	7	49	9	3	0	1
LK-5239035	Vachchikudah	Vachchikuda	gnd	114	5	218	21	38	0	2
LK-5239040	Kannakigramam 01	Kannahikiramam 01	gnd	11	4	156	8	37	0	1
LK-5239045	Aligambai	Aligambai	gnd	6	2	224	8	50	0	0
LK-5239050	Akkaraipattu 7/4	Akkaraipattu 7/4	gnd	152	1	250	37	12	0	0
LK-5239055	Akkaraipattu 7/3	Akkaraipattu 7/3	gnd	86	3	63	5	3	0	0
LK-5239060	Akkaraipattu 7	Akkaraipattu 7	gnd	182	5	20	13	5	0	0
LK-5239065	Akkaraipattu 8	Akkaraipattu 8	gnd	73	0	229	22	19	0	1
LK-5239070	Sinnamugathuwaram	Sinnamugathuwaram	gnd	52	9	1	3	0	0	8
LK-5239075	Kolavil 03	Kolavil 03	gnd	83	3	338	40	41	0	1
LK-5239080	Navatkadu	Navatkadu	gnd	109	3	353	49	53	0	0
LK-5239085	Kolavil 02	Kolavil 02	gnd	88	3	397	60	34	0	1
LK-5239090	Kolavil 01	Kolavil 01	gnd	334	11	91	22	7	0	0
LK-5239095	Panankadu	Panankadu	gnd	95	1	345	7	43	0	2
LK-5239100	Sinna Panankadu	Sinna Panankadu	gnd	118	21	192	1	22	0	1
LK-5239105	Kannakigramam 02	Kannahikiramam 02	gnd	2	0	166	6	90	0	0
LK-5239110	Alayadivembu	Alayadivembu	gnd	188	4	519	32	60	0	3
LK-5242005	Keenawatta	Keenawatta	gnd	59	2	182	3	9	0	1
LK-5242010	Muwangala	Muwangala	gnd	557	11	7	8	4	0	5
LK-5242015	Galmaduwa	Galmaduwa	gnd	208	0	150	16	28	0	0
LK-5242020	Uksiripura	Uksiripura	gnd	361	8	217	13	11	0	1
LK-5242025	Helagampura	Helagampura	gnd	134	2	11	4	9	1	1
LK-5242030	Karalewa	Karalewa	gnd	489	3	245	12	31	2	1
LK-5242035	Hingurana	Hingurana	gnd	73	1	142	4	20	0	2
LK-5242040	Diviyagala	Diviyagala	gnd	236	2	195	10	17	0	4
LK-5242045	Padagoda	Padagoda	gnd	56	0	249	15	14	0	0
LK-5242050	Pahalalanda	Pahalalanda	gnd	67	1	268	16	3	0	0
LK-5242055	Hindakalugama	Hindakalugama	gnd	277	4	66	10	2	0	1
LK-5242060	Kalugolla	Kalugolla	gnd	72	4	39	3	1	0	0
LK-5242065	Dewalahinda	Dewalahida	gnd	48	1	308	9	14	1	3
LK-5242070	Koknahara	Koknahara	gnd	77	0	410	10	25	0	0
LK-5242075	Moragahapallama	Moragahapallama	gnd	58	2	228	6	14	0	1
LK-5242080	Damana	Damana	gnd	272	0	0	0	34	0	0
LK-5242085	Alahena	Alahena	gnd	142	4	139	14	6	0	1
LK-5242090	Madawalalanda	Madawalalanda	gnd	302	32	0	0	1	0	1
LK-5242095	Madana	Madana	gnd	56	2	270	0	11	0	0
LK-5242100	Eggaloya	Ekgaloya	gnd	85	1	185	19	10	0	2
LK-5242105	Kethsirigama	Kethsirigama	gnd	48	3	223	13	15	0	0
LK-5242110	Galkanda	Galkanda	gnd	249	5	0	0	12	0	0
LK-5242115	Pallanoya	Pallanoya	gnd	44	3	107	15	6	0	1
LK-5242120	Kivulegama	Kivulegama	gnd	78	7	0	1	1	0	1
LK-5242125	Thimbirigolla	Thimbirigolla	gnd	380	18	4	1	12	0	3
LK-5242130	Ambalanoya	Ambalanoya	gnd	68	2	315	10	7	0	3
LK-5242135	Veheragala	Veheragala	gnd	5	1	126	0	5	0	1
LK-5242140	18A. Janapadaya	18A Janapadaya	gnd	27	1	239	10	23	1	2
LK-5242145	Thottama	Thottama	gnd	347	14	109	18	13	0	0
LK-5242150	Kumana	Kumana	gnd	69	0	179	12	13	0	1
LK-5242155	Wadinagala	Wadinagala	gnd	294	4	280	23	30	0	0
LK-5242160	Pannalgama	Pannalgama	gnd	36	2	269	32	1	0	2
LK-5242165	Bakmitiyawa	Bakmitiyawa	gnd	14	2	125	6	20	0	6
LK-5245005	Thambiluvil 2	Thambiluvil 2	gnd	1	0	101	0	24	0	0
LK-5245010	Thambiluvil 1	Thambiluvil 1	gnd	230	0	1	0	0	0	0
LK-5245015	Thambiluvil 1 West	Thambiluvil 1 West	gnd	87	2	285	29	26	0	0
LK-5245020	Thambiluvil 1 East	Thambiluvil 1 East	gnd	105	6	418	20	11	0	0
LK-5245025	Thambiluvil 1 South	Thambiluvil 1 South	gnd	129	21	168	3	1	0	0
LK-5245030	Sagamam	Sangamam	gnd	136	17	3	0	1	0	0
LK-5245035	Thambiluvil 2 West	Thambiluvil 2 West	gnd	241	14	77	18	4	0	0
LK-5245040	Thambiluvil 2 North	Thambiluvil 2 North	gnd	262	2	98	6	1	0	0
LK-5245045	Thambiluvil 2 East	Thambiluvil 2 East	gnd	166	10	199	2	0	0	0
LK-5245050	Thirukkovil 3	Thirukkovil 3	gnd	61	6	364	15	15	0	0
LK-5245055	Thirukkovil 1	Thirukkovil 1	gnd	99	1	282	3	12	0	0
LK-5245060	Thirukkovil 2	Thirukkovil 2	gnd	197	4	179	5	15	0	0
LK-5245065	Vinayahapuram 4	Vinayagapuram 4	gnd	71	15	411	25	41	0	1
LK-5245070	Vinayahapuram 1	Vinayagapuram 1	gnd	82	9	223	2	54	0	0
LK-5245075	Vinayahapuram 2	Vinayagapuram 2	gnd	229	12	180	9	40	0	1
LK-5245080	Thirukkovil 4	Thirukkovil 4	gnd	631	9	448	23	120	0	4
LK-5245085	Kanchirankudah	Kanchirankuda	gnd	3	3	117	3	23	0	1
LK-5245090	Kanchikudicharu	Kanchikudicharu	gnd	72	2	0	0	14	0	1
LK-5245095	Vinayahapuram 3	Vinayagapuram 3	gnd	50	5	514	23	98	0	0
LK-5245100	Sangamangramam	Sangamangramam	gnd	182	8	103	3	16	0	1
LK-5245105	Thandiyadi	Thandiyadi	gnd	101	1	48	1	1	0	14
LK-5245110	Thangavelauthapuram	Thangavelayudapuram	gnd	2	1	120	6	8	0	1
LK-5248005	Sangamankanda	Sangaman Kandy	gnd	25	13	175	20	41	0	5
LK-5248010	Sinna Ullai	Sinna Ullai	gnd	367	7	27	2	2	0	0
LK-5248015	Sinna Puthukkudiyiruppu	Sinna Puthukudiyiruppu	gnd	457	19	184	57	38	0	1
LK-5248020	Victor Estate 2	Victor Estate 2	gnd	454	43	28	67	20	0	20
LK-5248025	Vaddively	Vaddively	gnd	87	4	76	20	11	0	1
LK-5248030	Victor Estate 1	Victor Estate 1	gnd	389	8	36	1	62	1	17
LK-5248035	Rasak Moulana Nagar	Rasak Moulana Nagar	gnd	457	19	375	74	14	5	0
LK-5248040	Sarvodayapuram	Sarvodayapuram	gnd	734	5	32	25	7	0	19
LK-5248045	Pothuvil 02 / Unit 3	Pothuvil 02/Unit II	gnd	214	0	0	0	11	0	0
LK-5248050	Kundumadu	Kundumadu	gnd	26	0	271	12	46	0	1
LK-5248055	Pothuvil 01/Unit II	Pothuvil 01/Unit II	gnd	283	4	15	1	0	0	0
LK-5248060	Pakkiyawatta 2	Pakkiyawatta 2	gnd	227	9	58	10	12	0	0
LK-5248065	Pasarichchenai	Pasarichchenai	gnd	254	24	162	37	5	0	2
LK-5248070	Pothuvil Town	Pothuvil Town	gnd	33	4	74	3	0	0	0
LK-5248075	Pakkiyawatta 1	Pakkiyawatta 1	gnd	205	14	60	11	0	0	0
LK-5248080	Komarie 02	Komarie 02	gnd	370	10	6	6	2	0	0
LK-5248085	Komarie 01	Komarie 01	gnd	97	15	229	87	26	0	0
LK-5248090	Kalappukaddu	Kalappukaddu	gnd	691	24	226	83	43	0	1
LK-5248095	Jalaldeen Square	Jalaldeen Square	gnd	247	31	109	46	27	1	1
LK-5248100	Hidayapuram 2	Hidayapuram 2	gnd	168	16	160	56	34	0	1
LK-5248105	Hidayapuram 1	Hidayapuram 1	gnd	312	13	199	50	39	1	6
LK-5248110	Kanagarkiramam	Kanagarkiramam	gnd	21	2	201	21	38	3	2
LK-5248115	Hijra Nagar	Hijra Nagar	gnd	209	2	55	6	3	1	14
LK-5248120	Pothuvil 01/Unit I	Pothuvil 01/Unit I	gnd	191	1	1	0	0	0	0
LK-5248125	Pothuvil 01/Unit III	Pothuvil 01/Unit III	gnd	330	3	27	9	5	0	0
LK-5248130	Inspector Etham	Inspector Etham	gnd	11	3	228	50	11	0	1
LK-5248135	Pothuvil 02 / Unit 2	Pothuvil 02/Unit I	gnd	274	4	38	12	1	0	0
LK-5251005	Kandahindagama	Kandahindagama	gnd	19	2	81	13	14	0	0
LK-5251010	Hulannuge West	Hulannugee West	gnd	113	0	81	1	2	0	0
LK-5251015	Hulannuge	Hulannuge	gnd	133	1	124	4	2	0	0
LK-5251020	Perani Lahugala	Perani Lahugala	gnd	44	0	117	2	5	0	0
LK-5251025	Lahugala	Lahugala	gnd	82	0	115	15	1	0	0
LK-5251030	Dewalagoda	Dewalagoda	gnd	80	6	115	6	1	0	0
LK-5251035	Pansalgoda	Pansalgoda	gnd	11	0	126	8	6	1	0
LK-5251040	Panama West	Panama West	gnd	124	4	106	2	0	0	0
LK-5251045	Shasthrawela	Shasthrawela	gnd	239	1	0	2	8	0	0
LK-5251050	Panama Central	Panama Central	gnd	184	0	0	1	18	0	0
LK-5251055	Panama North	Panama North	gnd	411	17	5	8	25	0	0
LK-5251060	Panama South	Panama South	gnd	212	11	156	10	21	6	1
LK-5303005	Seva Janapadaya	Seva Janapadaya	gnd	569	8	1	16	4	0	3
LK-5303010	Gemunupura	Gemunupura	gnd	62	1	74	5	2	0	0
LK-5303015	Kavanthissapura	Kawanthissapura	gnd	14	0	147	3	2	0	0
LK-5303020	Lassanagama	Lassanagama	gnd	8	1	196	13	12	0	0
LK-5303025	Singhapura	Singhapura	gnd	19	5	233	10	0	0	0
LK-5303030	Parana Medawachchiya	Parana Medawachchiya	gnd	108	4	159	5	6	0	5
LK-5303035	Samanpura	Samanpura	gnd	37	0	338	15	4	0	3
LK-5303040	Sri Thissapura	Sri Thissapura	gnd	87	10	257	21	2	0	0
LK-5303045	Sripura	Sri Pura	gnd	92	12	347	10	2	0	0
LK-5303050	Jayanthiwewa	Jayanthiwewa	gnd	50	1	421	29	6	0	0
LK-5306005	Thennamaranvadiya	Thennaimaravady	gnd	19	0	37	1	2	0	3
LK-5306010	Pulmoddai Division No. 3	Pulmoddai Division No 03	gnd	375	24	67	8	5	0	2
LK-5306015	Pulmoddai Division No. 2	Pulmoddai Division No 02	gnd	452	54	72	59	8	1	0
LK-5306020	Pulmoddai Division No. 1	Pulmoddai Division No 01	gnd	814	125	337	25	104	2	4
LK-5306025	Pulmoddai Division No. 4	Pulmoddai Division No 04	gnd	850	98	107	10	31	1	5
LK-5306030	Thiriyaya	Thiriyai	gnd	166	18	1	1	1	0	2
LK-5306035	Senthoor	Senthoor	gnd	276	16	100	9	20	0	1
LK-5306040	Kaddukulam	Kaddukulam	gnd	125	0	6	1	4	0	0
LK-5306045	Kallampattu	Kallampattai	gnd	31	2	14	0	6	0	6
LK-5306050	Kuchchaveli	Kuchchaveli	gnd	169	0	1	0	3	0	0
LK-5306055	Iranaikerni	Iranaikerni	gnd	18	4	95	13	10	0	6
LK-5306060	Veerancholai	Veerancholai	gnd	10	1	60	9	9	1	6
LK-5306065	Jayanagar	Jayanagar	gnd	353	19	201	33	27	1	2
LK-5306070	Cassimnagar	Cassimnagar	gnd	279	41	18	7	0	0	1
LK-5306075	Kumburupiddy South	Kumburupiddy South	gnd	84	12	80	16	42	0	0
LK-5306080	Kumburupiddy North	Kumburupiddy North	gnd	45	8	74	4	1	0	0
LK-5306085	Kumburupiddy East	Kumburupiddy East	gnd	272	25	469	119	15	3	3
LK-5306090	Nilaveli	Nilaveli	gnd	190	58	1	0	2	0	0
LK-5306095	Irakkandy	Irakkandy	gnd	474	62	186	28	20	0	0
LK-5306100	Gopalapuram	Gopalapuram	gnd	350	82	140	59	13	0	1
LK-5306105	Veloor	Veloor	gnd	191	3	231	44	10	0	0
LK-5306110	Iqbalnagar	Iqbalnagar	gnd	816	48	157	38	35	1	2
LK-5306115	Periyakulam	Periyakulam	gnd	219	47	170	6	21	0	0
LK-5306120	Vallaiyoothu	Valayoothu	gnd	90	7	264	44	23	0	3
LK-5309005	Gomarankadawala	Gomarankadawala	gnd	160	21	72	3	2	0	1
LK-5309010	Kalyanapura	Kalyanapura	gnd	139	15	173	10	4	0	1
LK-5309015	Galkadawala	Galkadawala	gnd	71	0	226	14	22	0	0
LK-5309020	Pamburugaswewa	Pamburugaswewa	gnd	6	0	79	0	8	0	3
LK-5309025	Kandamalawa	Kandamalawa	gnd	54	5	221	52	3	0	0
LK-5309030	Medawachchiya	Madawachchiya	gnd	7	2	150	0	1	0	3
LK-5309035	Kivulakadawala	Kivulakadawala	gnd	17	4	248	38	28	0	2
LK-5309040	Pulikandikulama	Pulikandikulama	gnd	3	0	152	1	3	0	0
LK-5309045	Mailawewa	Mailawewa	gnd	37	2	136	5	1	0	17
LK-5309050	Bakmeegama	Bakmeegama	gnd	52	7	153	4	27	0	2
LK-5312005	Peniketiyawa	Peniketiyawa	gnd	359	15	187	40	16	0	0
LK-5312010	Mahadivulwewa	Mahadivulwewa Stage I	gnd	307	5	251	17	21	0	2
LK-5312015	Mahadiulwewa Stage 2	Mahadivulwewa Stage II	gnd	90	4	164	21	9	0	4
LK-5312020	Nochchikulama	Nochchikulama	gnd	68	8	182	11	10	0	3
LK-5312025	Morawewa South	Morawewa South	gnd	24	1	221	7	9	0	1
LK-5312030	Morawewa North	Morawewa North	gnd	1	5	167	37	1	0	1
LK-5312035	Awvainagar	Awvainagar	gnd	4	0	67	0	4	0	3
LK-5312040	Namalwatta	Namalwatta	gnd	9	5	141	2	0	0	0
LK-5312045	Kithuluthuwa	Kithuluthuwa	gnd	33	0	111	10	1	0	13
LK-5312050	Morawewa Pankulama	Pankulama	gnd	43	1	28	6	2	0	0
LK-5315005	Wilgama	Wilgama	gnd	100	9	0	3	18	0	2
LK-5315010	Welveri	Welveri	gnd	0	0	0	0	0	0	1
LK-5315015	Kanniya	Kanniya	gnd	218	10	3	0	0	0	0
LK-5315020	Eluppaikulam	Eluppaikulam	gnd	257	33	180	15	12	0	1
LK-5315025	Sampalthivu	Sampalthivu	gnd	362	4	271	4	9	0	4
LK-5315030	Salli	Salli	gnd	282	12	283	9	14	1	11
LK-5315035	Uppuveli	Uppuveli	gnd	177	7	218	29	4	0	1
LK-5315040	Puliyankulam	Puliyankulam	gnd	1316	106	363	24	4	0	4
LK-5315045	Varodayanagar	Varothayanagar	gnd	286	7	363	58	13	0	3
LK-5315050	Peeliyady	Peeliyady	gnd	76	4	160	9	11	0	1
LK-5315055	Mankaiyoottu	Mankaiyoottu	gnd	353	27	69	2	2	0	0
LK-5315060	Andankulam	Andankulama	gnd	708	34	75	2	3	0	0
LK-5315065	Singhapura	Singhapura	gnd	288	17	291	26	5	0	1
LK-5315070	Kovilady	Kovilady	gnd	255	33	135	10	3	0	1
LK-5315075	Palaiyoottu	Palaiyoottu	gnd	383	8	183	8	3	0	0
LK-5315080	Abayapura	Abayapura	gnd	809	7	285	31	8	0	1
LK-5315085	Anpuvalipuram	Anpuvalipuram	gnd	580	18	393	62	19	13	1
LK-5315090	Mihindupura	Mihindupura	gnd	259	93	0	0	0	0	0
LK-5315095	Selvanayahapuram	Selvanayahapuram	gnd	273	41	265	48	9	0	0
LK-5315100	Jinnanagar	Jinnanagar	gnd	311	97	163	149	8	4	0
LK-5315105	Murugapuri	Murugapuri	gnd	419	140	193	93	4	0	0
LK-5315110	Thirukkadaloor	Thirukadaloor	gnd	616	70	156	57	4	0	1
LK-5315115	Pattanatheru	Pattanatheru	gnd	204	1	6	0	2	1	0
LK-5315120	Peruntheru	Peruntheru	gnd	322	20	12	5	0	1	0
LK-5315125	Sivapuri	Sivapuri	gnd	712	15	140	23	8	3	0
LK-5315130	Linganagar	Linganagar	gnd	422	25	374	23	12	0	0
LK-5315135	Mudcove	Mudcove	gnd	452	16	113	51	3	0	2
LK-5315140	Poompuhar	Poompuhar	gnd	628	70	211	24	5	0	2
LK-5315145	Sumedhankarapura	Sumedhankarapura	gnd	665	31	391	15	6	0	2
LK-5315150	Muththunagar	Muththunagar	gnd	17	0	211	7	40	1	0
LK-5315155	Kappalthurai	Kappalthurai	gnd	43	5	351	54	61	0	7
LK-5315160	Kawattikuda	Kavattikudah	gnd	380	9	326	43	19	0	4
LK-5315165	Nachchikuda	Nachchikuda	gnd	405	17	94	7	3	0	0
LK-5315170	Wellaimanal	Wellaimanal	gnd	749	7	182	35	34	0	3
LK-5315175	Chinabay	Chaina Bay	gnd	326	18	112	21	11	0	0
LK-5315180	Orr's Hill	Orr's Hill	gnd	1003	24	202	30	1	0	0
LK-5315185	Thillainagar	Thillainagar	gnd	491	8	1	1	0	2	0
LK-5315190	Arasadi	Arasadi	gnd	443	13	72	17	3	0	0
LK-5315195	Manayaveli	Manayaweli	gnd	1020	18	49	17	25	10	0
LK-5315200	Sonagavadi	Sonagavadi	gnd	574	8	0	1	2	1	0
LK-5315205	Arunagirinagar	Arunagirinagar	gnd	357	27	36	18	1	0	0
LK-5315210	Villundy	Villundy	gnd	415	20	98	15	28	0	0
LK-5318005	Galmetiyawa North	Galmetiyawa North	gnd	344	18	301	23	16	0	1
LK-5318010	Palampoddaru	Palampottaru	gnd	259	8	55	22	28	0	1
LK-5318015	Puthukudiyirippu	Puthukudiyirippu	gnd	93	2	306	10	20	0	2
LK-5318020	Pokkuruni	Pokkuruni	gnd	129	3	190	17	9	0	2
LK-5318025	Meeranagar	Meeranagar	gnd	783	67	232	35	24	0	0
LK-5318030	Sirajnagar	Siraj Nagar	gnd	1263	79	157	38	34	1	1
LK-5318035	Kovil Kudiyiruppu	Kovil Kudiyiruppu	gnd	111	7	2	0	0	0	0
LK-5318040	Thampalagauwa	Thambalagamuwa	gnd	64	31	258	24	5	1	2
LK-5318045	Mollipothana North	Mollipothana North	gnd	855	124	240	43	0	0	1
LK-5318050	Galmetiyawa South	Galmetiyawa South	gnd	368	33	463	35	11	1	3
LK-5318055	Mollipothana	Mollipothana	gnd	823	41	798	93	26	4	0
LK-5318060	Mollipothana East	Mollipothana East	gnd	316	16	92	23	18	0	0
LK-5321005	Vendrasanpura Unit 16	Vendrasanpura Unit 16	gnd	260	3	284	9	0	0	3
LK-5321010	Ganthalawa Unit 12	Ganthalawa Unit 12	gnd	209	14	71	1	2	0	0
LK-5321015	Ganthalawa Unit 11	Ganthalawa Unit 11	gnd	242	31	0	10	3	0	0
LK-5321020	Wanela East	Wanela East	gnd	95	4	400	19	15	0	0
LK-5321025	Wanela West	Wanela  West	gnd	38	4	214	32	6	0	1
LK-5321030	Pansalgodella	Pansalgodella	gnd	188	16	206	0	0	0	0
LK-5321035	Sooriyapura	Sooriyapura	gnd	143	17	261	31	5	0	1
LK-5321040	Jayanthipura	Jayanthipura	gnd	434	61	339	25	10	0	0
LK-5321045	Rajaela Unit 04	Rajaela Unit 04	gnd	156	32	276	72	14	0	0
LK-5321050	Rajaela Unit 05	Rajaela Unit 05	gnd	85	1	205	29	1	0	0
LK-5321055	Vendrasanpura Unit 15	Vendrasanpura Unit 15	gnd	121	6	329	56	11	0	1
LK-5321060	Vendrasanpura Unit 14	Vendrasanpura Unit 14	gnd	135	11	475	37	11	0	0
LK-5321065	Bhathiyagama	Bhathiyagama	gnd	777	75	750	135	14	0	4
LK-5321070	Rajaela Unit 03	Rajaela Unit 03	gnd	210	15	64	10	3	0	4
LK-5321075	Peraru Unit 02	Peraru Unit 02	gnd	249	0	181	40	9	0	0
LK-5321080	Peraru East	Peraru East	gnd	472	32	202	59	22	0	2
LK-5321085	Peraru West	Peraru West	gnd	806	53	189	13	7	0	0
LK-5321090	Kantale Town South	Kanthale Town South	gnd	607	67	7	6	0	4	0
LK-5321095	Kantale Town	Kanthale Town	gnd	458	20	307	46	18	1	5
LK-5321100	Agbopura	Agbopura	gnd	388	15	544	31	26	0	3
LK-5321105	Batukachchiya	Batukachchiya	gnd	219	5	381	57	10	0	3
LK-5321110	Rajawewa	Rajawewa	gnd	616	14	232	23	43	0	0
LK-5321115	Seenipura	Seenipura	gnd	15	23	123	6	5	0	3
LK-5324005	Munaichenai	Munaichenai	gnd	772	69	282	30	39	0	0
LK-5324010	Maniarasankulam	Maniarasankulam	gnd	236	8	94	12	27	1	1
LK-5324015	Mancholai	Mancholai	gnd	621	26	20	8	9	0	0
LK-5324020	Malinthurai	Malinthurai	gnd	313	5	6	6	15	0	0
LK-5324025	Majeed Nagar	Majeed Nagar	gnd	139	3	91	0	35	0	0
LK-5324030	Maharoof Gramam	Maharoof Gramam	gnd	818	35	178	73	20	2	6
LK-5324035	Maharuf Nagar	Maharuf Nagar	gnd	765	37	86	16	4	0	0
LK-5324040	Ayiliyady	Ayiliyady	gnd	825	12	118	13	23	2	6
LK-5324045	Annalnagar	Annal Nagar	gnd	700	14	189	45	4	0	0
LK-5324050	Alankerny	Alankerny	gnd	38	8	184	80	81	0	2
LK-5324055	Ehutharnagar	Ehuthar  Nagar	gnd	338	8	26	12	0	0	0
LK-5324060	Echchanthivu	Echchanthivu	gnd	36	2	96	8	23	0	0
LK-5324065	Kuddikarachchi	Kuddikarachchi	gnd	517	19	23	23	6	0	1
LK-5324070	Kurinchakerny	Kurinchakerny	gnd	676	9	69	14	25	4	13
LK-5324075	Mancholaichenai	Mancholaichenai	gnd	942	24	122	45	6	0	0
LK-5324080	Naduuttu	Nadoottu	gnd	904	79	71	7	63	3	10
LK-5324085	Naduthivu	Naduthivu	gnd	653	14	126	62	8	0	1
LK-5324090	Periya Kinniya	Periya Kinniya	gnd	252	13	41	6	0	0	0
LK-5324095	Periyathumunai	Periyaththumunai	gnd	392	31	9	6	7	0	0
LK-5324100	Poovarasanthivu	Poovarasanthivu	gnd	317	12	80	32	42	1	0
LK-5324105	Kinniya	Kinniya	gnd	362	14	32	7	1	0	0
LK-5324110	Idiman	Idiman	gnd	400	13	134	42	25	0	0
LK-5324115	Faizalnagar	Faizal Nagar	gnd	1633	50	379	72	30	1	8
LK-5324120	Kachchakodithivu	Kachchekoditheevu	gnd	885	20	198	14	24	1	3
LK-5324125	Kattaiaru	Kattaiaru	gnd	250	9	48	6	0	0	1
LK-5324130	Kakkamunai	Kakamunai	gnd	905	54	115	35	32	0	4
LK-5324135	Rahumaniyanagar	Rahumaniya Nagar	gnd	437	28	58	42	1	0	0
LK-5324140	Samavachchathivu	Samavechchativu	gnd	501	31	32	15	36	1	0
LK-5324145	Sinna Kinniya	Sinna Kinniya	gnd	511	5	8	7	7	0	0
LK-5324150	Soorangal	Soorangal	gnd	740	66	38	18	3	1	2
LK-5324155	Upparu	Upparu	gnd	8	1	117	16	1	0	20
LK-5327005	Sampoor West	Sampoor West	gnd	76	2	378	16	22	0	0
LK-5327010	Koonitivu	Koonitivu	gnd	93	0	10	2	1	0	0
LK-5327015	Navarathnapuram	Navarathnapuram	gnd	3	1	88	0	0	0	0
LK-5327020	Sampoor East	Sampoor East	gnd	144	4	151	6	0	0	0
LK-5327025	Kadarkaraichenai	Kadarkaraichenai	gnd	416	106	77	1	10	3	10
LK-5327030	Kaddaiparichchan North	Kaddaiparichchan North	gnd	64	5	239	6	5	0	0
LK-5327035	Thaqwanagar	Thaqwa Nagar	gnd	344	7	303	45	8	0	0
LK-5327040	Muthur East	Muttur East	gnd	701	34	180	15	17	1	0
LK-5327045	Naduthivu	Naduthivu	gnd	355	19	378	42	17	0	2
LK-5327050	Thahanagar	Thaha Nagar	gnd	243	6	44	33	27	2	0
LK-5327055	Muthur Central	Muttur Central	gnd	83	4	35	4	0	0	0
LK-5327060	Muthur West	Muttur West	gnd	204	14	50	2	1	1	0
LK-5327065	Ralkully	Ralkully	gnd	159	18	160	20	14	0	2
LK-5327070	Shafinagar	Shaffi Nagar	gnd	442	15	58	6	11	1	8
LK-5327075	Periyapalam	Periyapalam	gnd	732	13	98	3	7	1	3
LK-5327080	Jayanagar	Jayanagar	gnd	777	9	39	2	3	1	0
LK-5327085	Alimnagar	Alimnagar	gnd	389	20	181	36	32	0	0
LK-5327090	Anaichenai	Anaichenai	gnd	403	15	22	0	0	0	0
LK-5327095	Neithalnagar	Neithal Nagar	gnd	754	64	90	18	3	0	0
LK-5327100	Palanagar	Palanagar	gnd	377	16	231	7	13	0	0
LK-5327105	Kaddaiparichchan South	Kaddaiparichchan South	gnd	374	36	237	32	26	0	14
LK-5327110	Pallikudiyiruppu	Pallikkudiyiruppu	gnd	193	1	341	19	58	0	0
LK-5327115	Chenaiyoor	Chenaiyoor	gnd	264	8	134	6	23	38	6
LK-5327120	Paddalipuram	Paddalipuram	gnd	323	15	225	17	69	0	16
LK-5327125	Nalloor	Nalloor	gnd	102	5	122	2	25	0	8
LK-5327130	Iqbal Nagar	Iqbal Nagar	gnd	175	24	161	14	10	0	5
LK-5327135	Allainagar East	Allainagar East	gnd	253	5	312	13	9	0	1
LK-5327140	Allainagar West	Allainagar West	gnd	509	22	39	5	3	1	0
LK-5327145	Thoppur	Thoppur	gnd	281	3	23	1	0	0	0
LK-5327150	Palathoppur	Palathoppur	gnd	393	8	134	12	36	0	0
LK-5327155	Jinna Nagar	Jinna Nagar	gnd	366	26	2	6	5	0	8
LK-5327160	Iruthayapuram	Iruthayapuram	gnd	84	16	201	8	42	0	3
LK-5327165	Peruveli	Peruveli	gnd	27	2	290	12	59	0	2
LK-5327170	Malligaithivu	Mallikaithivu	gnd	182	7	1	0	1	0	0
LK-5327175	Paddithidal	Paddithidal	gnd	46	1	203	6	38	0	1
LK-5327180	Palathadichenai	Palathadichenai	gnd	65	2	140	5	26	0	1
LK-5327185	Jinna Nagar	Jinna Nagar	gnd	370	6	48	4	26	0	2
LK-5327190	Azathnagar	Assathnagar	gnd	72	2	229	18	19	0	8
LK-5327195	Bharathipuram	Barathipuram	gnd	248	3	124	24	13	1	1
LK-5327200	Kiliveddi	Kiliveddi	gnd	129	1	61	1	1	0	5
LK-5327205	Mengamam	Mengamam	gnd	86	4	134	10	18	0	0
LK-5327210	Kanguvely	Kanguvely	gnd	42	4	194	15	71	0	0
LK-5330005	Neelapola	Neelapola	gnd	35	0	174	3	2	0	1
LK-5330010	Samagipura	Samagipura	gnd	24	0	201	8	11	0	0
LK-5330015	Sivapuram	Sivapuram	gnd	91	2	0	0	4	0	0
LK-5330020	Dehiwatta	Dehiwatta	gnd	100	0	62	18	12	0	1
LK-5330025	Thanganagar	Thanganagar	gnd	17	1	277	9	70	0	2
LK-5330030	Kavanthissapura	Kavanthissapura	gnd	18	2	235	6	7	0	0
LK-5330035	Seruvila	Seruvila	gnd	24	1	107	2	6	0	0
LK-5330040	Navatkernikadu	Navatkernikadu	gnd	236	5	556	36	49	0	1
LK-5330045	Sumedhankarapura	Sumedhankarapura	gnd	0	1	92	2	22	0	1
LK-5330050	Mahindapura	Mahindapura	gnd	6	2	118	1	3	0	0
LK-5330055	Serunuwara	Serunuwara	gnd	474	10	207	5	10	0	33
LK-5330060	Mahaweligama	Mahaweligama	gnd	105	2	252	3	5	0	0
LK-5330065	Lingapuram	Lingapuram	gnd	11	2	160	6	5	0	2
LK-5330070	Ariyamankerni	Ariyamankerni	gnd	2	0	168	0	10	0	0
LK-5330075	Sirimangalapura	Sirimangalapura	gnd	224	61	18	1	7	0	1
LK-5330080	Somapura	Somapura	gnd	29	0	213	11	3	0	0
LK-5333005	Ilangaithurai	Ilangaithurai	gnd	188	2	0	6	20	1	1
LK-5333010	Ilangaithurai Mugathuvaram	Ilangaithurai Mugathuvaram	gnd	46	4	410	32	77	3	5
LK-5333015	Karukkamunai	Karukkamunai	gnd	4	2	274	2	21	0	0
LK-5333020	Poonagar	Poonagar	gnd	268	23	169	2	18	0	0
LK-5333025	Poomarathadichenai	Poomarathadichenai	gnd	247	16	13	1	2	0	0
LK-5333030	Echchalampattu	Eachchilampattu	gnd	226	14	10	0	3	0	0
LK-5333035	Verugal	Verugal	gnd	84	2	350	6	88	0	2
LK-5333040	Anaithivu	Anaitheevu	gnd	11	8	391	48	18	0	0
LK-5333045	Verugal Mugathuvaram	Verugal Mugathuvaram	gnd	194	16	264	10	80	0	8
LK-5333050	Uppooral	Uppooral	gnd	14	1	209	5	40	0	1
LK-6103005	Jayanthipura	Jayanthipura	gnd	43	3	199	21	1	0	2
LK-6103010	Bambare	Bambare	gnd	47	2	282	32	1	0	0
LK-6103015	Sandagala Palatha	Sandagala Palatha	gnd	87	7	202	13	2	0	0
LK-6103020	Perakumpura	Perakumpura	gnd	136	19	238	37	16	0	0
LK-6103025	Solepura	Solepura	gnd	217	15	114	14	0	0	0
LK-6103030	Halmillagala	Halmillagala	gnd	65	6	162	23	2	0	1
LK-6103035	Thimbiripokuna	Thimbiripokuna	gnd	157	4	71	15	0	0	0
LK-6103040	Serasumgala	Serasumgala	gnd	190	3	1	2	0	0	1
LK-6103045	Kokmaduwa	Kokmaduwa	gnd	119	4	73	8	7	0	7
LK-6103050	Orugala	Orugala	gnd	27	0	308	13	1	0	0
LK-6103055	Mahasenpura	Mahasenpura	gnd	125	5	98	14	0	0	0
LK-6103060	Weerapokuna	Weerapokuna	gnd	86	4	252	8	4	0	0
LK-6103065	Hasthirajapura	Hasthirajapura	gnd	167	10	193	38	7	0	0
LK-6103070	Thammitagama	Thammitagama	gnd	8	3	148	44	1	0	0
LK-6103075	Damsopura	Damsopura	gnd	117	3	172	53	7	0	0
LK-6103080	Solewewa	Solewewa	gnd	215	44	281	32	2	0	1
LK-6103085	Pathane Wewa	Pathane Wewa	gnd	204	3	67	8	2	0	0
LK-6103090	Abhayapura	Abhayapura	gnd	82	3	101	2	1	0	0
LK-6103095	Sangabopura	Sangabopura	gnd	21	11	259	1	1	0	0
LK-6103100	Gurulupitigama	Gurulupitigama	gnd	151	37	237	65	11	0	1
LK-6103105	Warawewa	Warawewa	gnd	195	23	142	47	10	0	0
LK-6103110	Pothana	Pothana	gnd	11	4	231	21	11	0	2
LK-6103115	Pahala Giribawa	Pahala Giribawa	gnd	146	11	54	16	4	0	1
LK-6103120	Ihala Giribawa	Ihala Giribawa	gnd	65	2	215	44	2	0	7
LK-6103125	Weragala	Weragala	gnd	2	0	104	7	3	0	0
LK-6103130	Ihala Maradankadawala	Ihala Maradankadawala	gnd	104	3	75	4	5	0	2
LK-6103135	Hettiarachchigama	Hettiarachchigama	gnd	125	20	159	6	4	0	2
LK-6103140	Gampola	Gampola	gnd	121	4	3	3	0	0	1
LK-6103145	Aliyawetunuwewa	Aliyawetunuwewa	gnd	188	13	141	7	10	0	0
LK-6103150	Thambutta	Thambutta	gnd	63	5	131	3	3	0	1
LK-6103155	Thammennawa	Thammennawa	gnd	137	6	1	0	0	0	0
LK-6103160	Mailewa	Mailewa	gnd	103	14	98	3	0	0	0
LK-6103165	Madige	Madige	gnd	196	29	172	41	7	0	1
LK-6103170	Wannikudawewa	Wannikudawewa	gnd	125	0	157	31	19	0	1
LK-6103175	Sangappalaya	Sangappalaya	gnd	149	23	149	33	9	0	2
LK-6106005	Medagama West	Medagama	gnd	321	15	123	26	17	0	5
LK-6106010	Walagambapura	Walagambapura	gnd	172	6	43	21	11	0	2
LK-6106015	Gemunupura	Gemunupura	gnd	6	0	145	3	4	0	0
LK-6106020	Ethiniwetunugala	Ethiniwetunugala	gnd	28	21	212	42	23	0	2
LK-6106025	Thissapura	Thissapura	gnd	40	0	162	38	1	0	0
LK-6106030	Medagama East	Medagama East	gnd	75	5	135	36	3	0	0
LK-6106035	Senarathgama	Senarathgama	gnd	127	0	104	10	9	0	0
LK-6106040	Kumbukwewa	Kumbukwewa	gnd	1	1	167	5	2	0	0
LK-6106045	Mahagalkadawala	Mahagalkadawala	gnd	244	2	107	16	0	0	0
LK-6106050	Usgala Siyambalangamuwa	Usgala Siyambalangamuwa	gnd	26	0	201	15	1	0	2
LK-6106055	Kepela	Kepela	gnd	168	2	136	7	6	0	1
LK-6106060	Bandaragama	Bandaragama	gnd	327	6	75	8	7	0	0
LK-6106065	Ganangamuwa	Ganangamuwa	gnd	254	4	169	13	2	0	0
LK-6106070	Padavigama	Padavigama	gnd	359	11	124	7	4	0	0
LK-6106075	Meegalewa	Meegalewa	gnd	566	11	55	11	4	0	0
LK-6106080	Lassanagama	Lassanagama	gnd	57	3	168	13	1	0	0
LK-6106085	Track 4 Usgala	Track 4 Usgala	gnd	31	1	120	10	7	0	0
LK-6106090	Jayalanda	Jayalanda	gnd	48	0	237	19	0	0	1
LK-6106095	Padipanchawa	Padipanchawa	gnd	27	1	201	17	6	0	26
LK-6106100	Buduruwakanda	Buduruwakanda	gnd	106	3	248	10	2	0	0
LK-6106105	Kallanchiya	Kallanchiya	gnd	140	7	56	2	0	0	1
LK-6106110	Molewa	Molewa	gnd	245	3	0	0	5	0	0
LK-6106115	Nochchiya	Nochchiya	gnd	67	9	134	15	2	0	2
LK-6106120	Kohombankulama	Kohombankulama	gnd	221	11	130	30	14	0	1
LK-6106125	Ihala Nanneriya	Ihala Nanneriya	gnd	156	4	79	11	4	0	1
LK-6106130	Ihalagama	Ihalagama	gnd	82	1	163	11	5	0	0
LK-6106135	Ihala Palukandewa	Ihala Palukandewa	gnd	102	3	216	40	7	0	3
LK-6106140	Pahala Palukandewa	Pahala Palukandewa	gnd	316	21	65	13	1	0	0
LK-6106145	Monnankulama	Monnankulama	gnd	336	30	86	27	3	0	0
LK-6106150	Divullewa	Divullewa	gnd	111	1	198	21	8	0	3
LK-6106155	Kurundankulama	Kurundankulama	gnd	180	6	115	8	1	0	2
LK-6106160	Kelegama	Kelegama	gnd	17	5	175	11	2	0	0
LK-6106165	Siyambalewa	Siyambalewa	gnd	43	7	132	21	11	0	2
LK-6106170	Walaswewa	Walaswewa	gnd	52	0	171	2	22	0	3
LK-6106175	Porottukadawala	Porottukadawala	gnd	2	0	122	11	13	0	0
LK-6106180	Bulnewa	Bulnewa	gnd	236	14	56	10	4	0	2
LK-6106185	Ulpathagama	Ulpathagama	gnd	92	3	160	16	1	0	1
LK-6106190	Kokwewa	Kokwewa	gnd	54	3	197	25	5	0	4
LK-6106195	Mahagalgamuwa	Mahagalgamuwa	gnd	422	17	62	3	7	0	5
LK-6106200	Galgamuwa Town	Galgamuwa Town	gnd	254	4	22	2	1	0	0
LK-6106205	Aluthherathgama	Aluthherathgama	gnd	80	5	111	20	0	0	0
LK-6106210	Mottapettewa	Mottapettewa	gnd	33	1	128	24	4	0	1
LK-6106215	Karuwalagaswewa	Karuwalagaswewa	gnd	54	1	172	20	30	0	1
LK-6106220	Jayabima	Jayabima	gnd	71	6	217	5	4	0	1
LK-6106225	Palugolla	Palugolla	gnd	91	44	30	5	0	0	0
LK-6106230	Mahananneriya North	Mahananneriya North	gnd	78	3	140	30	0	0	2
LK-6106235	Mahananneriya South	Mahananneriya South	gnd	87	3	90	6	2	0	1
LK-6106240	Wewaranawetiya	Wewaranawetiya	gnd	69	1	151	22	6	0	0
LK-6106245	Nallachchiya	Nallachchiya	gnd	78	3	170	25	9	0	2
LK-6106250	Madawachchiya	Medawachchiya	gnd	134	15	1	0	0	0	7
LK-6106255	Peddegama	Peddogama	gnd	27	1	98	25	5	0	0
LK-6106260	Katuwewa	Katuwewa	gnd	132	7	97	38	1	0	0
LK-6106265	Thorawa	Thorawa	gnd	200	6	46	16	8	0	0
LK-6106270	Nahettikulama	Nahettikulama	gnd	45	9	166	39	13	0	3
LK-6106275	Wadugama	Wadugama	gnd	93	12	268	9	7	0	1
LK-6106280	Konwewa	Konwewa	gnd	74	16	137	30	10	0	2
LK-6106285	Kattakaduwa	Kattakaduwa	gnd	61	3	252	27	10	0	0
LK-6106290	Ganedivulwewa	Ganedivulwewa	gnd	128	16	85	8	6	0	3
LK-6106295	Wegedara	Wegedara	gnd	22	3	153	14	0	0	3
LK-6106300	Madadombe	Madadombe	gnd	53	4	122	12	13	0	2
LK-6106305	Kurundewa	Kurundewa	gnd	43	2	197	8	10	0	0
LK-6106310	Palukadawala	Palukadawala	gnd	314	1	2	0	0	0	0
LK-6109005	Medinnoruwa	Medinnoruwa	gnd	84	2	201	10	5	0	0
LK-6109010	Mahawelithenna	Mahaweli Thenna	gnd	92	6	172	6	0	0	0
LK-6109015	Andarawewa	Andarawewa	gnd	198	6	39	3	0	0	0
LK-6109020	Bongama	Bongama	gnd	192	8	79	3	3	0	9
LK-6109025	Katugampalagama	Katugampalagama	gnd	62	7	219	14	4	0	0
LK-6109030	Mahakathnoruwa	Maha Kathnoruwa	gnd	50	9	100	1	0	0	3
LK-6109035	Weliyawa	Weliyawa	gnd	59	4	153	19	12	0	1
LK-6109040	Makulewa	Makulewa	gnd	8	2	139	17	4	0	0
LK-6109045	Vikadenigama	Vikadenigama	gnd	119	5	42	3	2	0	0
LK-6109050	Kathnoruwa	Kuda Kathnoruwa	gnd	21	4	188	1	1	0	0
LK-6109055	Wedinigama	Wedinigama	gnd	119	4	64	0	0	0	0
LK-6109060	Pothanegama	Pothanegama	gnd	9	1	195	7	13	0	0
LK-6109065	Mudiyannegama	Mudiyannegama	gnd	23	0	204	12	17	0	0
LK-6109070	Divulgane	Divulgane	gnd	50	2	98	8	6	0	0
LK-6109075	Ihala Digana	Ihala Digana	gnd	63	8	178	20	3	0	0
LK-6109080	Nithalawa	Nithalawa	gnd	29	0	114	9	4	0	1
LK-6109085	Galapitadigana	Galapitadigana	gnd	170	2	27	3	2	0	0
LK-6109090	Ethinimale	Ethinimole	gnd	76	2	165	25	3	0	0
LK-6109095	Rathnadivulwewa	Ratnadivulwewa	gnd	190	11	70	16	3	0	0
LK-6109100	Nithogama	Nithogama	gnd	76	0	147	16	2	0	3
LK-6109105	Hiddewa	Hiddewa	gnd	76	1	202	18	3	0	0
LK-6109110	Kaduruwewa	Kaduruwewa	gnd	42	3	115	1	5	0	0
LK-6109115	Ihala Embogama	Ihala Embogama	gnd	74	1	127	33	4	0	0
LK-6109120	Maha Embogama	Maha Embogama	gnd	187	11	2	2	0	0	0
LK-6109125	Ehetuwewa	Ehetuwewa	gnd	145	4	123	13	2	0	1
LK-6109130	Nakolagane	Nakolagane	gnd	24	2	165	7	15	0	0
LK-6109135	Veheragodayaya	Veheragodayaya	gnd	49	1	114	15	7	0	0
LK-6109140	Yaddessawa	Yaddessawa	gnd	21	0	153	23	13	0	1
LK-6109145	Atharagalla	Atharagalla	gnd	16	1	185	37	8	0	1
LK-6109150	Gurugoda	Gurugoda	gnd	163	1	167	16	1	0	0
LK-6109155	Eriyawa	Eriyawa	gnd	63	8	230	15	3	0	2
LK-6109160	Hunugallewa	Hunugallewa	gnd	178	13	71	8	4	0	1
LK-6109165	Thimbiriyawa	Thimbiriyawa	gnd	79	18	83	5	4	0	2
LK-6109170	Walathwewa	Walathwewa	gnd	151	1	0	1	12	0	2
LK-6109175	Nabadewa	Nabadewa	gnd	214	0	0	0	18	0	2
LK-6112005	Kasikote West	Kasikote West	gnd	66	1	193	17	4	0	2
LK-6112010	Kasikote East	Kasikote East	gnd	155	6	42	5	4	0	0
LK-6112015	Belungala	Belungala	gnd	338	45	1	0	3	0	1
LK-6112020	Abakolawewa North	Abakolawewa North	gnd	33	4	109	47	2	0	0
LK-6112025	Amunugama	Amunugama	gnd	211	37	114	27	5	0	0
LK-6112030	Ambanpola North	Ambanpola North	gnd	147	11	300	43	16	0	2
LK-6112035	Nelumpathwewa	Nelumpathwewa	gnd	184	18	128	12	9	0	1
LK-6112040	Maha Divulwewa	Maha Divulwewa	gnd	159	8	47	10	3	0	0
LK-6112045	Ranoruwa	Ranoruwa	gnd	4	1	136	4	7	0	1
LK-6112050	Uda Divulwewa	Uda Divulwewa	gnd	206	3	0	6	10	0	0
LK-6112055	Ellabadagama	Ellabadagama	gnd	154	2	158	21	4	0	0
LK-6112060	Ambanpola South	Ambanpola South	gnd	116	2	195	11	5	0	0
LK-6112065	Kirimetiyawa	Kirimetiyawa	gnd	80	6	218	29	2	0	2
LK-6112070	Abakolawewa South	Abakolawewa South	gnd	24	0	122	34	2	0	1
LK-6112075	Serugoda	Serugoda	gnd	10	4	181	18	3	0	1
LK-6112080	Mediyawa	Mediyawa	gnd	192	8	126	3	10	0	1
LK-6112085	Dethawa	Dethawa	gnd	28	1	187	29	1	0	1
LK-6112090	Udangawa	Udangawa	gnd	173	16	173	66	8	0	1
LK-6112095	Waragammana	Waragammana	gnd	243	1	3	1	0	0	0
LK-6112100	Borawewa	Borawewa	gnd	23	2	158	6	1	0	0
LK-6112105	Bakmeewewa	Bakmeewewa	gnd	46	0	124	10	8	0	1
LK-6112110	Walaliya	Walaliya	gnd	37	12	186	11	3	0	6
LK-6112115	Palapathwala	Palapathwala	gnd	16	7	173	8	2	0	1
LK-6112120	Kettapahuwa	Kettapahuwa	gnd	153	10	185	18	9	0	0
LK-6112125	Rolawa	Rolawa	gnd	80	5	148	39	0	0	0
LK-6112130	Udhagama	Udagama	gnd	37	8	234	52	4	0	2
LK-6112135	Nekathi Kumbukwewa	Nekathi Kumbukwewa	gnd	125	1	65	5	3	0	0
LK-6112140	Wanduressa	Waduressa	gnd	33	2	169	15	5	0	2
LK-6115005	Palugolla Track 10 A	Palugolla Track 10 A	gnd	39	2	243	3	4	0	2
LK-6115010	Palugolla Track 10 B	Palugolla Track 10 B	gnd	5	5	210	14	4	0	2
LK-6115015	Paalu Uswewa	Palu Uswewa	gnd	206	9	1	0	0	0	0
LK-6115020	Kumbukwewa	Kumbukwewa	gnd	42	2	240	16	15	0	2
LK-6115025	Digannewa	Digannewa	gnd	25	0	143	6	5	0	3
LK-6115030	Kelegama	Kelegama	gnd	15	0	177	4	13	0	2
LK-6115035	Digannewatta	Digannewatta	gnd	18	1	90	37	2	0	3
LK-6115040	Mahamithawa	Maha Mithawa	gnd	19	0	266	24	7	0	1
LK-6115045	Aluthgama	Aluthgama	gnd	66	12	114	11	4	0	3
LK-6115050	Divullepitiya	Divullepitiya	gnd	34	1	180	8	14	0	3
LK-6115055	Meewellewa	Meewellewa	gnd	66	5	99	4	0	0	0
LK-6115060	Galkadawala	Galkadawala	gnd	21	2	216	18	8	0	0
LK-6115065	Elagammillawa	Elagammillawa	gnd	66	9	208	23	10	0	4
LK-6115070	Yakadapatha	Yakadapatha	gnd	160	11	61	0	1	0	0
LK-6115075	Kudarawaliya	Kudarawaliya	gnd	41	4	165	11	13	0	5
LK-6115080	Moragolla	Moragolla	gnd	7	0	187	13	9	0	1
LK-6115085	Kuda Mithawa	Kuda Mithawa	gnd	7	1	93	23	7	0	2
LK-6115090	Dehennegama	Dehennegama	gnd	9	4	171	36	2	0	8
LK-6115095	Ihala Weeradadana	Ihala Weeradadana	gnd	45	2	131	13	15	0	1
LK-6115100	Monnekulama	Monnekulama	gnd	194	0	0	0	0	0	0
LK-6115105	Kotavehera	Kotavehera	gnd	136	1	252	29	8	0	1
LK-6115110	Maha Kirinda A	Maha Kirinda A	gnd	30	3	125	7	0	0	0
LK-6115115	Maha Kirinda B	Maha Kirinda B	gnd	52	0	138	15	9	0	2
LK-6115120	Girilla	Girilla	gnd	41	3	123	2	3	0	0
LK-6115125	Hidogama	Hidogama	gnd	31	0	135	8	3	0	0
LK-6115130	Sirisethagama	Sirisethagama	gnd	27	2	112	5	3	0	1
LK-6115135	Nawana	Nawana	gnd	34	1	96	19	1	0	3
LK-6115140	Nagala	Nagala	gnd	117	10	249	21	4	0	3
LK-6115145	Ithewa	Ithewa	gnd	40	4	176	20	3	0	1
LK-6115150	Dodamgollegama	Dodamgollegama	gnd	146	12	1	0	0	0	0
LK-6115155	Hulawa	Hulawa	gnd	27	2	112	13	0	0	4
LK-6118005	Koralayagama	Koralayagama	gnd	21	1	131	8	3	0	2
LK-6118010	Malpanawa	Malpanawa	gnd	16	2	101	11	12	0	3
LK-6118015	Abokkagama	Abokkagama	gnd	156	3	98	5	0	0	0
LK-6118020	Kanuketiya	Kanuketiya	gnd	85	1	122	16	0	0	0
LK-6118025	Ambale	Ambale	gnd	174	12	0	0	0	0	1
LK-6118030	Udunowa	Udunowa	gnd	23	4	121	4	1	0	1
LK-6118035	Galpanawa	Galpanawa	gnd	90	0	55	3	2	0	0
LK-6118040	Halambe	Halambe	gnd	18	4	86	15	0	0	0
LK-6118045	Ottukulama	Ottukulama	gnd	31	9	172	35	0	0	0
LK-6118050	Leekolapitiya	Leekolapitiya	gnd	111	9	103	6	2	0	1
LK-6118055	Agara Uda	Agara Uda	gnd	96	8	0	0	1	0	0
LK-6118060	Udahenegama	Udahenegama	gnd	126	4	103	19	5	0	5
LK-6118065	Rambewa	Rambewa	gnd	32	4	215	14	1	0	0
LK-6118070	Thalakolawewa	Thalakolawewa	gnd	296	7	0	13	6	0	1
LK-6118075	Kanagullewa	Kanagullewa	gnd	91	1	271	51	19	0	3
LK-6118080	Rasnayakapura	Rasnayakapura	gnd	290	7	190	15	12	0	1
LK-6118085	Kallanchiya	Kallanchiya	gnd	89	11	112	9	14	0	4
LK-6118090	Kuruvikulama	Kuruvikulama	gnd	176	12	0	0	0	0	0
LK-6118095	Nammuwawa	Nammuwawa	gnd	281	29	316	32	11	0	1
LK-6118100	Niraliyadda	Niraliyadda	gnd	52	1	181	23	13	0	1
LK-6118105	Ambagammana	Ambagammana	gnd	19	1	120	19	4	0	3
LK-6118110	Unagolla	Unagolla	gnd	117	5	156	20	3	0	0
LK-6118115	Kongaswalayagama	Kongaswalayagama	gnd	19	4	236	14	3	0	0
LK-6118120	Divullewa	Divullewa	gnd	107	7	123	6	2	0	1
LK-6118125	Kadigawa Track 1	Kadigawa Track 1	gnd	65	1	155	39	6	0	0
LK-6118130	Kadigawa Track 3	Kadigawa Track 3	gnd	180	2	100	14	1	0	2
LK-6118135	Subhasinghapura	Subhasinghapura	gnd	188	19	104	22	2	0	3
LK-6118140	Magurankadawala	Magurankadawala	gnd	89	0	121	4	15	0	2
LK-6121005	Thumbulla	Thumbulla	gnd	185	18	124	14	5	0	0
LK-6121010	Wanduressa	Waduressa	gnd	39	3	104	18	2	0	0
LK-6121015	Olupeliyawa	Olupeliyawa	gnd	204	22	0	0	2	0	0
LK-6121020	Kandegedara	Kandegedara	gnd	169	15	82	26	20	0	2
LK-6121025	Hulugalla	Hulugalla	gnd	110	1	158	6	1	0	0
LK-6121030	Mawathagama	Mawathagama	gnd	75	3	87	8	0	0	0
LK-6121035	Pinnapolegama	Pinnapolegama	gnd	61	5	236	12	6	0	2
LK-6121040	Hulogedara	Hulogedara	gnd	263	20	1	0	0	0	2
LK-6121045	Bogollagama	Bogollagama	gnd	263	10	0	1	9	0	1
LK-6121050	Dalukgolla	Dalukgolla	gnd	51	6	214	1	1	0	1
LK-6121055	Ihakolagama	Ihakolagama	gnd	166	5	187	16	2	0	4
LK-6121060	Karakole	Karakole	gnd	117	8	177	22	18	0	1
LK-6121065	Hewenpelessa	Hewenpelessa	gnd	248	22	193	20	16	0	5
LK-6121070	Kivulegama	Kivulegama	gnd	177	3	32	7	0	0	0
LK-6121075	Nabadewa	Nabadewa	gnd	144	2	149	41	6	0	3
LK-6121080	Diyagama	Diyagama	gnd	115	10	94	16	16	0	1
LK-6121085	Hathigammana	Hathigammana	gnd	149	7	150	8	6	0	1
LK-6121090	Kaluwennewa	Kaluwennewa	gnd	197	10	0	0	1	0	2
LK-6121095	Heelogama	Heelogama	gnd	97	0	132	17	2	0	0
LK-6121100	Kebellewa	Kebellewa	gnd	134	13	173	19	0	0	0
LK-6121105	Budumuttawa	Budumuttawa	gnd	358	4	122	14	8	0	0
LK-6121110	Galapitiyagama	Galapitiyagama	gnd	313	70	47	6	3	0	0
LK-6121115	Nikaweratiya North	Nikaweratiya North	gnd	252	9	169	15	12	0	1
LK-6121120	Thimbiriyawa	Thimbiriyawa	gnd	227	4	2	11	2	0	6
LK-6121125	Galagedara	Galagedara	gnd	83	12	220	6	4	0	3
LK-6121130	Randenigama	Randenigama	gnd	141	12	95	5	3	0	0
LK-6121135	Divullegoda	Divullegoda	gnd	207	5	73	8	9	0	2
LK-6121140	Siyambalewa	Siyambalewa	gnd	130	6	88	11	7	0	3
LK-6121145	Wasiwewa	Wasiwewa	gnd	55	4	105	10	2	0	0
LK-6121150	Kirindigalla	Kirindigalla	gnd	94	1	229	14	7	0	3
LK-6121155	Othota Divullewa	Othota Divullewa	gnd	148	15	173	39	0	0	2
LK-6121160	Halmillewa	Halmillewa	gnd	91	6	238	12	4	0	1
LK-6121165	Katagamuwa	Katagamuwa	gnd	187	15	0	2	0	0	1
LK-6121170	Kumbukwewa	Kumbukwewa	gnd	261	14	0	15	2	0	0
LK-6121175	Elawaka	Elawaka	gnd	57	11	192	19	6	0	1
LK-6121180	Magallegama	Magallegama	gnd	162	1	225	13	2	0	0
LK-6121185	Millagoda	Millagoda	gnd	367	10	60	10	9	0	0
LK-6121190	Nikaweratiya South	Nikaweratiya South	gnd	363	5	87	7	0	0	0
LK-6121195	Viharagama	Viharagama	gnd	226	17	0	5	0	0	1
LK-6121200	Danduwawa	Danduwawa	gnd	148	17	0	0	2	0	0
LK-6121205	Pahala Galapitiyagama	Pahala Galapitiyagama	gnd	98	1	152	26	13	0	0
LK-6121210	Tharanagolla	Tharanagolla	gnd	198	2	1	14	6	0	0
LK-6124005	Kohombakadawala	Kohombakadawala	gnd	29	0	145	5	5	0	0
LK-6124010	Ihalagama	Ihalagama	gnd	143	10	158	4	2	0	0
LK-6124015	Pahalagama	Pahalagama	gnd	97	51	0	0	0	0	0
LK-6124020	Moragaswewa	Moragaswewa	gnd	65	1	134	13	7	0	1
LK-6124025	Konwewa	Konwewa	gnd	232	4	1	2	1	0	0
LK-6124030	Yaddigama	Yaddigama	gnd	202	1	62	13	3	0	0
LK-6124035	Bamunugama	Bamunugama	gnd	248	6	0	0	0	0	0
LK-6124040	Kirimetiyawa	Kirimetiyawa	gnd	150	11	143	18	1	0	1
LK-6124045	Bakmeegahawatta	Bakmeegahawatta	gnd	36	5	186	12	7	0	3
LK-6124050	Karuwalagahawatta	Karuwalagahawatta	gnd	69	2	172	17	2	0	0
LK-6124055	Makaduwawa	Makaduwawa	gnd	78	7	163	4	1	0	0
LK-6124060	Thumbullegama	Thumbullegama	gnd	137	5	120	5	6	0	1
LK-6124065	Hithokadawala	Hithokadawala	gnd	280	38	8	4	0	0	0
LK-6124070	Thambare	Thambare	gnd	136	5	154	3	0	0	0
LK-6124075	Liyanagama	Liyanagama	gnd	218	29	126	16	6	0	1
LK-6124080	Uduweriya	Uduweriya	gnd	64	0	121	21	5	0	1
LK-6124085	Maningamuwa	Maningamuwa	gnd	40	2	143	21	11	0	0
LK-6124090	Ipalogama	Ipalogama	gnd	127	4	127	9	3	0	0
LK-6124095	Thammitagama	Thammitagama	gnd	48	2	130	11	1	0	2
LK-6124100	Daladagama	Daladagama	gnd	230	11	133	6	5	0	0
LK-6124105	Ullalapola	Ullalapola	gnd	121	1	172	16	13	0	0
LK-6124110	Atawarala	Atawarala	gnd	132	8	195	16	2	0	0
LK-6124115	Digana	Digana	gnd	144	0	121	9	4	0	0
LK-6124120	Moonamalegama	Moonamalegama	gnd	212	3	38	16	3	0	0
LK-6124125	Madurugama	Madurugama	gnd	191	19	53	8	1	0	0
LK-6124130	Mahawa West	Mahawa West	gnd	131	1	161	15	3	0	1
LK-6124135	Mahawa East	Mahawa East	gnd	124	4	123	13	4	0	1
LK-6124140	Nettipalagama	Nettipalagama	gnd	251	32	61	2	1	0	0
LK-6124145	Divullewa	Divullewa	gnd	150	10	211	4	2	0	1
LK-6124150	Pailigama	Pailigama	gnd	190	5	138	14	2	0	2
LK-6124155	Kattambuwawa	Kattambuwawa	gnd	67	4	250	18	5	0	5
LK-6124160	Deheneggama	Deheneggama	gnd	25	2	176	7	3	0	3
LK-6124165	Karambe	Karambe	gnd	112	14	251	18	10	0	1
LK-6124170	Kandubadagama	Kandubadagama	gnd	46	2	132	13	8	0	0
LK-6124175	Embogama	Embogama	gnd	93	8	122	2	0	0	0
LK-6124180	Thalambuwa	Thalambuwa	gnd	122	0	86	14	13	0	3
LK-6124185	Kumbukwewa	Kumbukwewa	gnd	62	2	155	17	4	0	0
LK-6124190	Kekunawa	Kekunawa	gnd	153	3	189	10	5	0	0
LK-6124195	Rekogama	Rekogama	gnd	279	2	89	17	2	0	2
LK-6124200	Imbulgodayagama	Imbulgodayagama	gnd	114	3	111	10	0	0	0
LK-6124205	Vilawa	Vilawa	gnd	106	4	165	5	2	0	0
LK-6124210	Kumbukwewa	Kumbukwewa	gnd	66	13	130	8	1	0	4
LK-6124215	Konwewa	Konwewa	gnd	62	10	148	3	0	0	0
LK-6124220	Heenuggala	Heenuggala	gnd	19	7	142	32	8	0	0
LK-6124225	Kumbukwewa	Kumbukwewa	gnd	51	0	229	16	10	0	0
LK-6124230	Balalla	Balalla	gnd	133	4	99	8	12	0	1
LK-6124235	Pahala Balalla	Pahala Balalla	gnd	221	5	61	9	0	0	0
LK-6124240	Thisnampalagama	Thisnampalagama	gnd	188	5	114	8	11	0	1
LK-6124245	Heenukwewa	Heenukwewa	gnd	224	2	1	2	12	0	0
LK-6124250	Gallewa	Gallewa	gnd	48	9	266	18	16	0	1
LK-6124255	Galewewa	Galewewa	gnd	264	55	4	6	2	0	1
LK-6124260	Kadambawa	Kadambawa	gnd	100	4	201	22	4	0	4
LK-6124265	Metiyakgama	Metiyakgama	gnd	273	1	0	0	2	0	1
LK-6124270	Medagama	Medagama	gnd	71	5	168	17	5	0	4
LK-6124275	Gala Ambagaswewa	Gala Ambagaswewa	gnd	21	3	211	7	0	0	1
LK-6124280	Rathmale	Rathmale	gnd	229	20	19	3	3	0	1
LK-6124285	Dampitigama	Dampitigama	gnd	73	5	110	20	23	0	0
LK-6124290	Nagollagama	Nagollagama	gnd	141	33	73	8	0	0	0
LK-6124295	Thalagalla	Thalagalla	gnd	203	14	139	2	0	0	0
LK-6124300	Panwewa	Panwewa	gnd	66	3	293	8	11	0	0
LK-6124305	Balagollagama	Balagollagama	gnd	183	4	0	0	0	0	0
LK-6124310	Ambagaswewa	Ambagaswewa	gnd	200	3	0	1	0	0	0
LK-6124315	Gajaneggama	Gajaneggama	gnd	139	8	250	20	7	0	2
LK-6124320	Pothuwewa	Pothuwewa	gnd	27	1	195	16	2	0	0
LK-6124325	Katuwannawa	Katuwannawa	gnd	18	0	222	8	8	0	0
LK-6124330	Walpaluwa	Walpaluwa	gnd	29	0	183	3	9	0	1
LK-6124335	Palugaswewa	Palugaswewa	gnd	43	0	211	35	5	0	2
LK-6124340	Mirihanpitigama	Mirihanpitigama	gnd	33	1	219	10	12	0	1
LK-6127005	Kumbukkadawala	Kumbukkadawala	gnd	65	5	265	31	7	0	1
LK-6127010	Thaladapitiya	Thaladapitiya	gnd	274	22	1	0	3	0	1
LK-6127015	Thalawa	Thalawa	gnd	37	0	241	22	2	0	0
LK-6127020	Siyambalangamuwa	Siyambalangamuwa	gnd	6	8	208	20	1	0	1
LK-6127025	Bulnewa	Bulnewa	gnd	280	3	0	0	3	0	1
LK-6127030	Kambuwatawana	Kambuwatawana	gnd	277	27	2	5	0	0	1
LK-6127035	Galgiriyawa	Galgiriyawa	gnd	121	6	72	18	0	0	0
LK-6127040	Pohorawatta	Pohorawatta	gnd	53	4	181	12	5	0	2
LK-6127045	Moragollagama	Moragollagama	gnd	186	11	77	7	2	0	2
LK-6127050	Galahitiyagama	Galahitiyagama	gnd	3	0	174	14	9	0	0
LK-6127055	Nikawewa	Nikawewa	gnd	119	1	29	8	2	0	1
LK-6127060	Ihala Thimbiriyawa	Ihala Thimbiriyawa	gnd	25	4	278	19	4	0	2
LK-6127065	Mamunugama	Mamunugama	gnd	211	2	3	1	1	0	0
LK-6127070	Pathirennegama	Pathirennegama	gnd	209	0	70	13	17	0	0
LK-6127075	Saliyagama	Saliyagama	gnd	39	3	230	33	5	0	0
LK-6127080	Serugasyaya	Serugasyaya	gnd	49	3	87	5	3	0	1
LK-6127085	Herathgama	Herathgama	gnd	30	2	159	2	2	0	1
LK-6127090	Dambe	Dambe	gnd	15	1	169	3	9	0	0
LK-6127095	Kiribamunegama	Kiribamunegama	gnd	128	4	153	20	22	0	1
LK-6127100	Madagalla	Madagalla	gnd	70	3	157	18	16	0	3
LK-6127105	Galagedaragama	Galagedaragama	gnd	142	13	80	19	1	1	1
LK-6127110	Hathigamuwa	Hathigamuwa	gnd	69	6	117	26	1	0	0
LK-6127115	Amunakole	Amunakole	gnd	115	12	177	16	1	0	1
LK-6127120	Kumbukulawa	Kumbukulawa	gnd	148	0	275	18	21	0	1
LK-6127125	Pallekele	Pallekele	gnd	331	5	204	31	15	0	0
LK-6127130	Pothuvila	Pothuvila	gnd	222	28	415	18	31	0	6
LK-6127135	Rekevula	Rekevula	gnd	60	2	191	7	2	0	0
LK-6127140	Bogolla	Bogolla	gnd	73	7	144	9	6	0	0
LK-6127145	Polpithigama	Polpithigama	gnd	189	18	281	40	4	2	0
LK-6127150	Mal Asna	Mal Asna	gnd	83	5	158	6	1	0	2
LK-6127155	Meegaswewa	Meegaswewa	gnd	23	1	163	32	3	0	1
LK-6127160	Niyandawanaya	Niyandawanaya	gnd	54	7	145	22	7	0	1
LK-6127165	Hathpokuna	Hathpokuna	gnd	23	2	282	28	18	0	3
LK-6127170	Thalpathwewa	Thalpathwewa	gnd	55	20	193	121	5	0	2
LK-6127175	Koruwawa	Koruwawa	gnd	34	1	362	17	5	0	0
LK-6127180	Galtenwewa	Galtenwewa	gnd	252	2	160	31	21	0	2
LK-6127185	Balagolla	Balagolla	gnd	38	2	196	11	2	0	1
LK-6127190	Siyambalawewa	Siyambalawewa	gnd	241	11	1	2	4	0	1
LK-6127195	Thalakolawewa	Thalakolawewa	gnd	65	1	184	17	4	0	2
LK-6127200	Elagamuwa	Elagamuwa	gnd	16	1	232	27	0	0	0
LK-6127205	Halmillawewa	Halmillawewa	gnd	70	12	465	34	6	0	1
LK-6127210	Imihaminegama	Imihaminegama	gnd	10	3	150	33	0	0	0
LK-6127215	Angulgamuwa	Angulgamuwa	gnd	73	1	248	22	3	0	0
LK-6127220	Nikawehera	Nikawehera	gnd	465	42	236	23	0	0	1
LK-6127225	Kosgaha Ela	Kosgaha Ela	gnd	230	7	0	3	10	0	2
LK-6127230	Hakwatunawa	Hakwatunawa	gnd	256	15	0	2	2	0	1
LK-6127235	Rawa Ela	Rawa Ela	gnd	104	2	152	7	0	0	0
LK-6127240	Dagama	Dagama	gnd	124	34	131	11	3	0	0
LK-6127245	Indigolla	Indigolla	gnd	40	1	137	21	12	0	0
LK-6127250	Dembatagala	Dembatagala	gnd	363	4	4	15	11	0	3
LK-6127255	Galketiyagama	Galketiyagama	gnd	241	19	1	0	0	0	0
LK-6127260	Bakmeewewa	Bakmeewewa	gnd	195	25	59	8	4	0	0
LK-6127265	Welangolla	Welangolla	gnd	12	0	134	27	5	0	1
LK-6127270	Wanduressa	Wanduressa	gnd	18	2	151	20	25	0	0
LK-6127275	Maeliya North	Maeliya North	gnd	399	26	2	4	1	0	5
LK-6127280	Agare	Agare	gnd	114	3	107	22	7	0	0
LK-6127285	Makulpotha	Makulpotha	gnd	58	1	105	4	2	0	0
LK-6127290	Thalwehera	Thalwehera	gnd	28	18	211	15	0	0	0
LK-6127295	Welipitiya	Welipitiya	gnd	236	10	171	27	6	0	3
LK-6127300	Morotta	Morotta	gnd	52	0	169	10	26	0	0
LK-6127305	Keralankadawala	Keralankadawala	gnd	109	6	253	20	0	0	0
LK-6127310	Polgahangoda	Polgahangoda	gnd	40	0	236	2	12	0	1
LK-6127315	Paragaha Ela	Paragaha Ela	gnd	10	1	158	3	0	0	0
LK-6127320	Medakanda	Medakanda	gnd	79	3	145	16	1	0	0
LK-6127325	Madahapola	Madahapola	gnd	199	13	183	12	2	0	0
LK-6127330	Uthuruwella	Uthuruwella	gnd	111	31	170	11	1	0	1
LK-6127335	Rambe	Rambe	gnd	111	1	296	29	18	0	2
LK-6127340	Maeliya South	Maeliya South	gnd	234	59	114	9	2	0	3
LK-6127345	Dekanduwala	Dekaduwala	gnd	66	7	124	3	2	0	0
LK-6127350	Kalugalla	Kalugalla	gnd	136	32	235	16	4	0	0
LK-6127355	Ihala Thelambiyawa	Ihala Thelambiyawa	gnd	71	5	220	37	26	0	0
LK-6127360	Ambagaswewa	Ambagaswewa	gnd	76	7	168	28	4	0	0
LK-6127365	Thalamalgama	Thalamalgama	gnd	97	16	48	7	3	0	0
LK-6127370	Kalawana	Kalawana	gnd	42	0	269	24	13	0	4
LK-6127375	Welidalla	Welidalla	gnd	47	3	161	30	36	1	1
LK-6127380	Ponnilawa	Ponnilawa	gnd	122	8	1	13	7	0	0
LK-6127385	Thambuwa	Thambuwa	gnd	122	8	341	22	0	0	0
LK-6127390	Henawa	Henawa	gnd	59	2	154	19	0	0	0
LK-6127395	Baddegama	Baddegama	gnd	396	0	2	1	1	0	0
LK-6127400	Hangamuwa	Hangamuwa	gnd	169	6	102	16	2	2	1
LK-6127405	Doraweruwa	Doraweruwa	gnd	88	28	224	6	0	0	0
LK-6127410	Deegama	Deegama	gnd	31	0	228	18	4	0	1
LK-6130005	Welgala	Welgala	gnd	54	10	269	19	4	0	0
LK-6130010	Kimbulwana Oya	Kimbulwana Oya	gnd	135	25	114	8	8	0	1
LK-6130015	Nelliya	Nelliya	gnd	33	5	149	8	6	0	1
LK-6130020	Diddeniya	Diddeniya	gnd	90	1	237	4	6	0	1
LK-6130025	Polkatuwa	Polkatuwa	gnd	91	4	387	62	25	0	0
LK-6130030	Diggalawatta	Diggalawatta	gnd	190	1	124	19	9	0	1
LK-6130035	Gurussa	Gurussa	gnd	66	5	209	11	1	0	0
LK-6130040	Omaragolla	Omaragolla	gnd	179	7	157	10	5	0	2
LK-6130045	Panliyadda	Panliyadda	gnd	143	4	412	30	5	0	0
LK-6130050	Nabeta	Nabeta	gnd	392	49	63	3	2	0	0
LK-6130055	Ussawa	Ussawa	gnd	90	2	251	26	17	1	0
LK-6130060	Neerammulla	Neerammulla	gnd	205	11	218	27	6	0	3
LK-6130065	Dewagiriya	Dewagiriya	gnd	121	1	131	12	7	0	4
LK-6130070	Katupotha	Katupotha	gnd	168	7	1	6	4	0	0
LK-6130075	Unit 3	Kimbulwana Oya Unit 3	gnd	109	11	315	23	18	0	1
LK-6130080	Hipawwa	Hipawwa	gnd	69	7	155	7	10	0	0
LK-6130085	Thammita	Thammita	gnd	120	10	243	27	4	0	1
LK-6130090	Thihawa	Thihawa	gnd	344	3	0	6	3	0	2
LK-6130095	Ganegoda	Ganegoda	gnd	103	11	252	17	0	0	0
LK-6130100	Lenawa	Lenawa	gnd	112	2	121	1	1	0	0
LK-6130105	Bandipola	Bandipola	gnd	144	3	104	24	9	1	0
LK-6130110	Pitapahamuna	Pitipahamuna	gnd	51	3	195	26	4	0	2
LK-6130115	Medamulla	Medamulla	gnd	108	0	49	7	3	0	1
LK-6130120	Diyathure	Diyathure	gnd	228	28	82	35	9	0	6
LK-6130125	Megodadiyathure	Megodadiyathure	gnd	73	1	0	0	0	0	0
LK-6130130	Ragedara	Ragedara	gnd	230	5	266	21	1	0	1
LK-6130135	Kendawala	Kendawala	gnd	154	8	367	52	5	1	1
LK-6130140	Mahagama	Mahagama	gnd	117	5	93	9	8	0	0
LK-6130145	Puswellegama	Puswellegama	gnd	57	0	80	6	4	0	0
LK-6130150	Karandagolla	Karandagolla	gnd	399	3	80	6	0	0	0
LK-6130155	Kahatawela	Kahatawela	gnd	241	5	44	10	5	0	0
LK-6130160	Neketta	Neketta	gnd	96	2	142	11	0	0	0
LK-6130165	Godarathmale	Godarathmale	gnd	107	6	0	0	3	0	0
LK-6130170	Pudukkulama	Pudukkulama	gnd	142	1	68	2	0	0	0
LK-6130175	Manapaya	Manapaya	gnd	61	0	82	6	1	0	0
LK-6130180	Doluwa	Doluwa	gnd	92	5	81	32	0	0	0
LK-6130185	Wewalagama	Wewalagama	gnd	178	20	68	17	8	0	2
LK-6130190	Deeyawa	Deeyawa	gnd	167	7	73	13	0	0	3
LK-6130195	Aragama	Aragama	gnd	221	9	50	1	0	0	0
LK-6130200	Nindapella	Nindapella	gnd	94	3	115	24	2	0	0
LK-6130205	Ihala Gokarella	Ihala Gokarella	gnd	131	1	176	12	4	0	0
LK-6130210	Medagampola	Medagampola	gnd	202	3	35	9	1	0	0
LK-6130215	Kandegedara	Kandegedara	gnd	238	7	1	1	0	0	0
LK-6130220	Ambanpola	Ambanpola	gnd	171	8	195	43	9	0	1
LK-6130225	Meddeketiya	Meddeketiya	gnd	37	0	128	13	3	0	6
LK-6130230	Siyambalawehera	Siyambalawehera	gnd	464	15	0	3	2	0	0
LK-6130235	Daramitipola	Daramitipola	gnd	220	2	30	0	1	0	0
LK-6130240	Hiddana	Hiddana	gnd	221	9	0	0	0	0	0
LK-6130245	Godagama	Godagama	gnd	115	4	77	1	3	0	0
LK-6130250	Kiribamuna	Kiribamuna	gnd	194	4	93	2	2	0	0
LK-6130255	Periyakadunelawa	Periyakadu Nelawa	gnd	181	8	181	29	3	0	0
LK-6130260	Peddawa	Peddawa	gnd	81	1	220	10	4	0	0
LK-6130265	Muruthawa	Muruthawa	gnd	144	5	172	20	4	0	0
LK-6130270	Kandulawa	Kanduluwa	gnd	210	4	294	25	6	0	1
LK-6130275	Ipalawa	Ipalawa	gnd	584	17	28	6	0	0	0
LK-6130280	Polgolla	Polgolla	gnd	284	3	132	9	4	0	0
LK-6130285	Udathammita	Udathammita	gnd	96	5	192	14	3	0	0
LK-6130290	Medagedara	Medagedara	gnd	190	15	154	15	1	0	0
LK-6130295	Thalgodapitiya	Thalgodapitiya	gnd	393	10	189	26	7	4	0
LK-6130300	Ibbagamuwa	Ibbagamuwa	gnd	426	7	24	0	1	0	1
LK-6130305	Dehelgamuwa	Dehelgamuwa	gnd	321	11	97	8	6	0	0
LK-6130310	Mahamookalanyaya	Mahamookalanyaya	gnd	96	8	170	24	3	0	0
LK-6130315	Bogamuwa	Bogamuwa	gnd	39	7	179	5	0	0	0
LK-6130320	Hangamuwa	Hangamuwa	gnd	250	2	102	15	10	0	0
LK-6130325	Wadupola	Wadupola	gnd	197	6	50	16	4	0	0
LK-6130330	Pannala	Pannala	gnd	333	11	138	15	2	0	2
LK-6130335	Udawela	Udawela	gnd	518	29	180	15	2	0	0
LK-6130340	Kirindigalla	Kirindigalla	gnd	400	10	116	10	2	0	0
LK-6130345	Henegedara	Henegedara	gnd	342	6	94	14	3	26	0
LK-6130350	Madigedethilianga	Madigedethilianga	gnd	407	9	52	9	2	0	0
LK-6130355	Galketigama	Galketigama	gnd	523	17	11	18	9	0	1
LK-6130360	Bakmeegolla	Bakmeegolla	gnd	574	5	180	9	1	0	0
LK-6130365	Kumbalanga	Kumbulanga	gnd	524	7	50	5	6	0	0
LK-6130370	Nembilikumbura	Nembilikumbura	gnd	370	33	100	11	5	0	1
LK-6133005	Digankonwewa	Digankonwewa	gnd	55	3	192	13	15	0	0
LK-6133010	Weragala	Weragala	gnd	29	3	158	25	5	0	0
LK-6133015	Thimbiriwewa	Thimbiriwewa	gnd	53	7	144	24	3	0	2
LK-6133020	Kekulawala	Kekulawala	gnd	72	0	3	0	0	0	0
LK-6133025	Divulwewa	Divulwewa	gnd	30	0	131	4	0	0	0
LK-6133030	Pothuwagonna	Pothuwagonna	gnd	202	21	0	3	0	0	0
LK-6133035	Kuda Uyangalla	Kuda Uyangalla	gnd	193	2	0	1	0	0	0
LK-6133040	Uyangalla	Uyangalla	gnd	37	0	239	19	36	0	1
LK-6133045	Kalatuwagama	Kalatuwagama	gnd	142	12	112	25	2	0	0
LK-6133050	Aluthgama	Aluthgama	gnd	156	32	134	16	4	0	0
LK-6133055	Seerangoda	Seerangoda	gnd	132	15	82	7	1	0	0
LK-6133060	Thambagalla	Thambagalla	gnd	344	19	200	3	2	0	0
LK-6133065	Pannawa	Pannawa	gnd	282	12	69	13	0	0	1
LK-6133070	Nelawa	Nelawa	gnd	286	7	84	4	13	0	0
LK-6133075	Makulmade	Makulmade	gnd	103	5	85	3	7	0	0
LK-6133080	Neeraviya	Neeraviya	gnd	200	10	331	42	10	0	1
LK-6133085	Waduwawa	Waduwawa	gnd	42	2	198	17	18	0	0
LK-6133090	Santhanagama	Santhanagama	gnd	123	5	279	34	13	0	4
LK-6133095	Kumbukgete	Kumbukgete	gnd	144	10	175	13	4	0	0
LK-6133100	Hettigama	Hettigama	gnd	135	6	254	24	2	0	0
LK-6133105	Boraluwa	Boraluwa	gnd	201	28	66	9	2	0	1
LK-6133110	Nikagolla	Nikagolla	gnd	67	11	265	22	1	0	0
LK-6133115	Thittawella	Thittawella	gnd	290	24	1	1	2	0	1
LK-6133120	Jahapagama	Jahapagama	gnd	53	2	146	7	1	0	0
LK-6133125	Neriyawa	Neriyawa	gnd	121	15	250	33	1	0	1
LK-6133130	Arankele	Arankele	gnd	164	3	0	0	20	0	2
LK-6133135	Thittawelgala	Thittawelgala	gnd	342	15	89	9	11	0	0
LK-6133140	Nikadalupotha	Nikadalupotha	gnd	340	11	74	17	3	0	0
LK-6133145	Hiripitiya	Hiripitiya	gnd	278	7	116	9	3	0	0
LK-6133150	Hindawewa	Hidawewa	gnd	228	3	0	0	2	0	1
LK-6133155	Nelumpathgama	Nelumpathgama	gnd	57	5	46	1	0	0	0
LK-6133160	Malagamuwa	Malagamuwa	gnd	159	3	103	1	0	0	0
LK-6133165	Othuwela	Othuwela	gnd	206	10	59	6	0	0	1
LK-6133170	Moragolla	Moragolla	gnd	320	45	47	8	0	0	1
LK-6133175	Hunupola	Hunupola	gnd	63	2	187	1	0	0	0
LK-6133180	Wegolla	Wegolla	gnd	195	8	119	12	14	0	4
LK-6133185	Makulwewa	Makulwewa	gnd	274	13	0	1	0	0	1
LK-6133190	Thanthirigama	Thanthirigama	gnd	44	2	117	13	6	0	0
LK-6133195	Kirindiwelmada/ Galagedara	Kirindiwelmada / Galagedara	gnd	158	22	260	16	3	0	0
LK-6133200	Seeradunna	Seeradunna	gnd	48	0	189	20	7	0	0
LK-6133205	Kanawa	Kanawa	gnd	209	8	66	0	2	0	0
LK-6133210	Pothuvila	Pothuvila	gnd	163	3	59	7	3	0	0
LK-6136005	Halmillewa	Halmillewa	gnd	142	13	122	38	4	0	0
LK-6136010	Thennakongama	Thennakongama	gnd	66	1	157	30	4	0	1
LK-6136015	Kelegama	Kelegama	gnd	243	13	34	3	2	0	0
LK-6136020	Konotta	Konotta	gnd	31	4	242	23	1	0	4
LK-6136025	Ebawalapitiya	Ebawalapitiya	gnd	296	4	53	5	20	0	0
LK-6136030	Mellapotta	Mellapotta	gnd	95	16	210	22	6	0	1
LK-6136035	Wanduressa Welgala	Wanduressa Welgala	gnd	28	0	209	7	7	0	1
LK-6136040	Walpaluwa	Walpaluwa	gnd	33	1	230	31	13	0	1
LK-6136045	Minuwangete	Minuwangete	gnd	182	3	210	9	25	0	0
LK-6136050	Nelliya	Nelliya	gnd	74	1	85	7	2	0	0
LK-6136055	Deegithawa	Deegithawa	gnd	249	7	152	27	4	0	1
LK-6136060	Karagaswewa	Karagaswewa	gnd	41	7	204	23	2	0	1
LK-6136065	Wanduressa	Wanduressa	gnd	51	5	236	14	0	0	0
LK-6136070	Karandawetiya	Karandawetiya	gnd	126	20	66	2	0	0	0
LK-6136075	Ethawa	Ethawa	gnd	192	6	273	30	4	0	0
LK-6136080	Welawa	Welawa	gnd	58	7	148	9	2	0	0
LK-6136085	Rabukana	Rabukana	gnd	166	1	21	0	0	0	0
LK-6136090	Avulegama	Avulegama	gnd	108	1	174	24	4	0	0
LK-6136095	Bayawa	Bayawa	gnd	158	10	209	8	8	0	0
LK-6136100	Muwanwellegedara	Muwanwellegedara	gnd	53	0	176	7	7	0	4
LK-6136105	Magulagama	Magulagama	gnd	157	3	205	20	6	0	1
LK-6136110	Divulakele	Divulakele	gnd	127	4	152	4	0	0	0
LK-6136115	Werella	Werella	gnd	148	6	349	10	9	0	0
LK-6136120	Naramana	Naramana	gnd	160	7	296	10	3	0	1
LK-6136125	Thambarawa	Thambarawa	gnd	43	4	255	44	0	0	0
LK-6136130	Pothuwewa	Pothuwewa	gnd	26	0	77	14	1	0	1
LK-6136135	Netiya	Netiya	gnd	23	1	326	28	6	0	0
LK-6136140	Thissawa	Thissawa	gnd	184	4	0	3	2	0	1
LK-6136145	Amunugama	Amunugama	gnd	86	6	287	6	6	0	1
LK-6136150	Goluwawa	Goluwawa	gnd	45	0	215	16	2	0	0
LK-6136155	Kithulwehera	Kithulwehera	gnd	321	1	99	8	2	0	0
LK-6136160	Ipalawa	Ipalawa	gnd	89	1	253	9	14	1	0
LK-6136165	Mamunuwa	Mamunuwa	gnd	154	0	347	22	13	0	3
LK-6136170	Padeniya	Padeniya	gnd	144	21	199	38	11	0	0
LK-6136175	Madatuwa	Madatuwa	gnd	321	20	85	6	1	0	2
LK-6136180	Pattalegedara	Pattalegedara	gnd	73	1	188	7	2	0	0
LK-6136185	Mirihanegama	Mirihanegama	gnd	218	1	0	0	0	0	0
LK-6136190	Nabadawewa	Nabadawewa	gnd	66	2	145	24	0	0	0
LK-6136195	Kahagolla	Kahagolla	gnd	67	5	177	12	1	0	0
LK-6136200	Habarawa	Habarawa	gnd	31	3	258	6	2	0	0
LK-6136205	Ambakadawara	Ambakadawara	gnd	69	1	212	15	0	0	0
LK-6136210	Pennithawa	Pennithawa	gnd	52	3	263	3	1	0	0
LK-6136215	Hettigedara	Hettigedara	gnd	165	1	50	1	0	0	0
LK-6136220	Medagama	Medagama	gnd	155	1	155	1	0	0	0
LK-6136225	Ginipendegama	Ginipendegama	gnd	313	14	194	8	1	0	1
LK-6136230	Wariyapola	Wariyapola	gnd	524	14	168	10	3	0	1
LK-6136235	Rathmale	Rathmale	gnd	130	3	188	48	0	0	0
LK-6136240	Piyumgalla	Piyumgalla	gnd	278	0	33	3	0	0	0
LK-6136245	Elavitigama	Elavitigama	gnd	320	15	20	0	0	0	0
LK-6136250	Wewagedara	Wewagedara	gnd	392	25	103	2	2	0	0
LK-6136255	Randeniya	Randeniya	gnd	314	6	6	15	8	0	0
LK-6136260	Werapola	Werapola	gnd	391	9	215	11	14	0	2
LK-6136265	Horombuwa	Horombuwa	gnd	289	6	123	15	1	0	0
LK-6136270	Vilakatupotha	Vilakatupotha	gnd	284	5	128	10	0	31	1
LK-6136275	Embawa	Embawa	gnd	95	5	130	7	4	0	2
LK-6136280	Malwana	Malwana	gnd	213	4	338	46	6	0	1
LK-6139005	Hathalawa	Hathalawa	gnd	19	1	308	21	2	0	0
LK-6139010	Makeliyawa	Makeliyawa	gnd	186	21	208	22	9	0	0
LK-6139015	Mawathagama	Mawathagama	gnd	63	2	243	25	5	0	0
LK-6139020	Hengamuwa	Hengamuwa	gnd	69	5	254	39	0	0	0
LK-6139025	Waduressa	Waduressa	gnd	178	8	104	12	11	0	1
LK-6139030	Wannigama	Wannigama	gnd	362	6	0	19	1	0	0
LK-6139035	Vithikuliya	Vithikuliya	gnd	257	17	199	13	3	0	1
LK-6139040	Beddegama	Beddegama	gnd	207	2	133	22	10	0	0
LK-6139045	Pubbiliya	Pubbiliya	gnd	42	4	241	15	3	0	1
LK-6139050	Kandattawa	Kadaththawa	gnd	87	3	227	21	6	0	0
LK-6139055	Amunukole	Amunukole	gnd	267	2	43	4	1	0	0
LK-6139060	Kithagama	Kithagama	gnd	41	0	178	19	3	0	1
LK-6139065	Thelahera	Thelahera	gnd	71	7	254	17	6	0	0
LK-6139070	Assedduma	Assedduma	gnd	10	0	224	33	2	0	0
LK-6139075	Leekolawewa	Leekolawewa	gnd	113	8	102	9	2	0	0
LK-6139080	Kahatagaswewa	Kahatagaswewa	gnd	71	10	199	15	3	0	0
LK-6139085	Welpothuwewa	Welpothuwewa	gnd	189	3	236	22	8	0	0
LK-6139090	Boraluwewa	Boraluwewa	gnd	203	5	137	5	2	0	0
LK-6139095	Maulla	Maulla	gnd	130	20	94	45	0	0	1
LK-6139100	Beliwewa	Beliwewa	gnd	151	16	114	8	1	0	0
LK-6139105	Bakunawala	Bakunawala	gnd	47	2	215	5	0	0	1
LK-6139110	Alahenegama	Alahenegama	gnd	67	3	114	23	0	0	0
LK-6139115	Aralugaswewa	Aralugaswewa	gnd	143	5	175	9	3	0	1
LK-6139120	Walaswewa	Walaswewa	gnd	176	13	95	6	2	0	0
LK-6139125	Pannawa	Pannawa	gnd	510	8	115	22	3	0	0
LK-6139130	Galatabendiwewa	Galatabendiwewa	gnd	282	12	6	8	3	0	4
LK-6139135	Bamunugama	Bamunugama	gnd	130	5	243	32	11	0	1
LK-6139140	Hirigolla	Hirigolla	gnd	105	10	229	7	1	0	0
LK-6139145	Kobeigane	Kobeigane	gnd	173	0	145	11	7	0	0
LK-6139150	Holambalewa	Holambalewa	gnd	286	9	1	0	1	0	0
LK-6139155	Halmillakotuwa	Halmillakotuwa	gnd	82	4	272	18	11	0	0
LK-6139160	Kattapitiya	Kattapitiya	gnd	165	10	93	29	0	0	0
LK-6139165	Baladora	Baladora	gnd	230	11	74	5	0	0	1
LK-6139170	Midellawa	Midellawa	gnd	134	3	112	6	1	0	1
LK-6139175	Hindagahawewa	Hindagahawewa	gnd	90	1	119	0	0	0	1
LK-6142005	Molaeliya	Molaeliya	gnd	106	3	166	18	12	0	0
LK-6142010	Getulawa	Getulawa	gnd	88	1	418	26	20	0	2
LK-6142015	Pahala Thalampola	Pahala Thalampola	gnd	151	6	156	36	5	0	1
LK-6142020	Ihala Konkandawala	Ihala Konkandawala	gnd	133	2	330	42	18	1	3
LK-6142025	Bandarigalgoda	Bandarigalgoda	gnd	39	4	253	15	22	0	1
LK-6142030	Manelembuwa	Manelembuwa	gnd	165	8	131	41	4	0	0
LK-6142035	Pahala Kiniyama	"Pahala Kiniyama
"	gnd	259	3	0	1	4	0	0
LK-6142040	Kiniyama East	Kiniyama East	gnd	223	0	36	43	10	0	0
LK-6142045	Kiniyama West	Kiniyama West	gnd	199	5	276	22	4	0	0
LK-6142050	Puwakgahakadawala	Puwakgahakadawala	gnd	91	0	175	2	0	0	0
LK-6142055	Weerapokuna	Weerapokuna	gnd	104	0	225	6	3	0	0
LK-6142060	Koshenagara	Koshenagara	gnd	295	12	43	9	20	0	1
LK-6142065	Ihala Galwewa	Ihala Galwewa	gnd	71	0	186	7	9	0	1
LK-6142070	Pahala Galwewa	Pahala Galwewa	gnd	40	1	267	38	17	0	1
LK-6142075	Urapotta	Urapotta	gnd	123	18	112	40	9	0	0
LK-6142080	Brahmanayagama	Brahmanayagama	gnd	41	5	104	5	2	0	1
LK-6142085	Hendiyapola	Hendiyapola	gnd	179	17	162	3	0	0	0
LK-6142090	Karandanayagama	Karandanayagama	gnd	95	11	321	44	9	0	0
LK-6142095	Kosagama	Kosagama	gnd	274	3	50	9	10	0	1
LK-6142100	Wanduressa	Wanduressa	gnd	160	21	110	55	7	0	3
LK-6142105	Pahala Koswatta	Pahala Koswatta	gnd	185	5	28	20	4	0	0
LK-6142110	Maunawa	Maunawa	gnd	211	2	88	0	1	0	0
LK-6142115	Bowatta	Bowatta	gnd	224	5	263	34	18	0	0
LK-6142120	Panawewa	Panawewa	gnd	293	1	173	22	14	0	1
LK-6142125	Mookalanhena	Mookalanhena	gnd	262	5	174	12	5	0	1
LK-6142130	Murukandiya	Murukandiya	gnd	95	5	105	1	2	0	0
LK-6142135	Bingiriya	Bingiriya	gnd	207	0	133	18	6	0	0
LK-6142140	Vilattawa Palatha	Vilattawa	gnd	108	8	210	37	26	0	1
LK-6142145	Aluthgama	Aluthgama	gnd	263	21	232	5	18	1	2
LK-6142150	Ihala Kalugama	Ihala Kalugama	gnd	223	11	158	40	53	0	5
LK-6142155	Wellarawa	Wellarawa	gnd	168	15	311	39	2	0	1
LK-6142160	Bakmeeruppa	Bakmeeruppa	gnd	97	11	276	88	10	0	0
LK-6142165	Hiruwalpola	Hiruwalpola	gnd	179	4	144	37	5	0	1
LK-6142170	Kaduruwewa	Kaduruwewa	gnd	243	8	443	54	14	1	0
LK-6142175	Horagasagara	Horagasagara	gnd	117	0	230	27	7	0	1
LK-6142180	Ihala Kadigamuwa	Ihala Kadigamuwa	gnd	253	1	401	24	63	0	0
LK-6142185	Ihala Koswatta	Ihala Koswatta	gnd	337	22	239	26	19	0	0
LK-6142190	Nithalawa	Nithalawa	gnd	350	5	39	0	7	0	0
LK-6142195	Kudakalawa	Kudakalawa	gnd	99	1	203	18	5	0	0
LK-6142200	Tharana	Tharana	gnd	235	27	131	19	6	0	3
LK-6142205	Konkadawala	Konkadawala	gnd	190	4	187	34	16	0	0
LK-6142210	Hamannapahuwa	Hamannapahuwa	gnd	257	1	0	0	3	0	0
LK-6142215	Kurundupotha	Kurundupotha	gnd	92	4	260	19	10	0	0
LK-6142220	Madulupitiya	Madulupitiya	gnd	134	5	63	12	6	0	0
LK-6142225	Udawela	Udawela	gnd	118	9	257	18	8	0	1
LK-6142230	Meladeniya	Meladeniya	gnd	67	3	128	7	1	0	1
LK-6142235	Padiwela	Padiwela	gnd	173	4	125	15	0	0	0
LK-6142240	Kelegedara	Kelegedara	gnd	79	7	145	6	5	0	2
LK-6142245	Thorabichchiya	Thorabichchiya	gnd	91	1	138	5	3	0	0
LK-6142250	Heenpannawa	Heenpannawa	gnd	54	8	187	38	0	0	0
LK-6142255	Pahala Kadigamuwa	Pahala Kadigamuwa	gnd	101	8	166	14	6	0	1
LK-6142260	Pahala Mandakondana	Pahala Mandakondana	gnd	38	2	97	33	0	0	1
LK-6145005	Kahatavila	Kahatavila	gnd	35	2	238	22	4	0	0
LK-6145010	Madaina	Madaina	gnd	124	4	129	20	3	0	2
LK-6145015	Dothella	Dothella	gnd	48	4	284	25	12	0	2
LK-6145020	Ganegama	Ganegama	gnd	35	3	173	7	0	0	0
LK-6145025	Mandapola	Mandapola	gnd	263	13	101	2	3	0	0
LK-6145030	Konwewa	Konwewa	gnd	101	19	282	70	5	0	0
LK-6145035	Rambewa	Rambewa	gnd	84	7	111	11	1	0	0
LK-6145040	Madulla	Madulla	gnd	49	0	172	4	6	0	0
LK-6145045	Wadumunna	Wadumunna	gnd	37	2	294	20	0	0	0
LK-6145050	Akurana	Akurana	gnd	87	11	157	26	2	1	2
LK-6145055	Yodhayakanda	Yodhayakanda	gnd	18	4	138	5	1	0	0
LK-6145060	Udagama	Udagama	gnd	134	14	96	11	7	0	0
LK-6145065	Karandawa	Karandawa	gnd	21	0	191	3	21	0	0
LK-6145070	Pallegama	Pallegama	gnd	73	0	195	7	1	0	0
LK-6145075	Divulwewa	Divulwewa	gnd	60	2	154	10	5	0	0
LK-6145080	Girathalana	Girathalana	gnd	142	3	217	5	3	0	0
LK-6145085	Nikapitiya	Nikapitiya	gnd	171	8	138	2	3	0	0
LK-6145090	Othegama	Othegama	gnd	58	2	187	20	9	0	2
LK-6145095	Diggalagedara	Diggalagedara	gnd	33	3	219	15	1	0	0
LK-6145100	Dorabavila	Dorabavila	gnd	186	0	133	7	9	0	0
LK-6145105	Nallura	Nallura	gnd	63	2	265	21	6	0	0
LK-6145110	Palugaswewa	Palugaswewa	gnd	119	2	192	15	6	0	0
LK-6145115	Madige Midiyala	Madige Midiyala	gnd	302	9	362	36	4	0	0
LK-6145120	Midiyala	Midiyala	gnd	224	8	147	20	2	0	1
LK-6145125	Hidagahawewa	Hindagahawewa	gnd	138	1	114	10	6	0	0
LK-6145130	Hammaliya	Hammaliya	gnd	77	8	313	17	1	0	0
LK-6145135	Bandara Koswatta	Bandara Koswatta	gnd	171	1	86	9	4	0	0
LK-6145140	Hathapola	Hathapola	gnd	64	8	176	3	1	0	1
LK-6145145	Kadawalagedara	Kadawalagedara	gnd	175	7	230	21	15	0	0
LK-6145150	Panduwasnuwara	Panduwasnuwara	gnd	53	3	214	27	1	0	0
LK-6145155	Kotambapitiya	Kotambapitiya	gnd	246	10	142	0	8	0	0
LK-6145160	Hettipola	Hettipola	gnd	244	7	153	8	7	0	0
LK-6145165	Dolahamuna	Dolahomuna	gnd	221	10	82	7	2	0	0
LK-6145170	Munihirigama	Munihirigama	gnd	121	6	120	21	1	0	1
LK-6145175	Kevitiya	Kevitiya	gnd	44	0	173	17	4	0	2
LK-6145180	Pepolegama	Pepolegama	gnd	62	0	106	11	6	0	0
LK-6145185	Hanthihawa	Hanthihawa	gnd	221	8	84	8	2	0	0
LK-6145190	Barampola	Barampola	gnd	95	3	172	11	10	0	0
LK-6145195	Hettigama	"Hettigama
"	gnd	70	2	130	16	1	0	0
LK-6145200	Ehetumulla	Ehetumulla	gnd	154	17	85	16	0	0	0
LK-6145205	Kurundukumbura	Kurundu Kumbura	gnd	207	2	282	29	3	0	1
LK-6145210	Bogolla	Bogolla	gnd	50	0	240	12	6	0	0
LK-6145215	Bamunumulla	Bamunumulla	gnd	33	12	189	4	0	0	0
LK-6145220	Meegaspitiya	Meegaspitiya	gnd	41	0	141	17	14	0	0
LK-6145225	Yayegedara	Yayegedara	gnd	91	0	196	16	3	0	2
LK-6145226	nan	Moragolla	gnd	70	2	162	9	0	0	1
LK-6145227	nan	Rideekanda	gnd	180	13	113	15	22	0	0
LK-6145228	nan	Thengodagedara	gnd	41	10	136	8	0	0	0
LK-6145230	Tekewa	Tekewa	gnd	53	0	175	23	2	0	1
LK-6145235	Rittadeniya	Rittadeniya	gnd	205	1	0	0	0	0	0
LK-6145240	Jayasiripura	Jayasiripura	gnd	124	8	98	27	15	0	3
LK-6145245	Pihimbiya	Pihimbiya	gnd	58	1	110	6	5	0	0
LK-6145250	Rathmale	Rathmale	gnd	199	4	111	13	4	0	0
LK-6145255	Nagollagoda	Nagollagoda	gnd	51	1	147	7	3	0	0
LK-6145260	Ambagahagedara	Ambagahagedara	gnd	36	0	153	1	8	4	0
LK-6145265	Dahanekgedara	Dahanekgedara	gnd	91	1	230	5	7	0	0
LK-6145270	Ebogedara	Ebogedara	gnd	83	0	125	8	2	0	0
LK-6145275	Doratiyagedara	Doratiyagedara	gnd	57	1	169	19	0	0	0
LK-6145280	Akarawatta	Akarawatta	gnd	55	6	211	19	1	0	0
LK-6145285	Malwanegedara	Malwanegedara	gnd	76	0	150	10	7	0	0
LK-6145290	Moonamaldeniya	Moonamaldeniya	gnd	43	2	98	5	0	0	0
LK-6145295	Kamburapola	Kamburapola	gnd	72	3	233	29	1	0	3
LK-6145300	Pahala Gomugomuwa	Pahala Gomugomuwa	gnd	89	2	245	12	3	0	1
LK-6145305	Ihala Gomugomuwa	Ihala Gomugomuwa	gnd	85	3	186	24	3	0	1
LK-6145310	Hidiyamulla	Hidiyamulla	gnd	203	2	184	31	2	2	0
LK-6145315	Karagahagedara	Karagahagedara	gnd	306	9	197	11	0	0	0
LK-6145320	Epaladeniya	Epaladeniya	gnd	169	8	93	4	0	0	0
LK-6148020	Medagama	Medagama	gnd	228	2	0	1	1	0	1
LK-6148025	Kosdeniya	Kosdeniya	gnd	139	2	84	14	7	0	4
LK-6148030	Wilbagedara	"Wilbagedara
"	gnd	114	2	115	6	4	0	0
LK-6148035	Hanwella	Hanwella	gnd	55	1	162	7	2	0	1
LK-6148040	Palavitiya	Palavitiya	gnd	222	15	2	0	0	0	0
LK-6148045	Kolambagama	Kolambagama	gnd	241	2	2	0	0	0	0
LK-6148050	Gallehepitiya	Gallehepitiya	gnd	179	3	293	11	0	0	1
LK-6148055	Ranorawa	Ranorawa	gnd	105	4	221	18	5	0	0
LK-6148060	Katumuluwa	Katumuluwa	gnd	83	2	177	6	0	0	1
LK-6148065	Maveehena	Maveehena	gnd	93	3	145	12	10	0	0
LK-6148070	Rathmalla	Rathmalla	gnd	228	11	48	4	2	0	0
LK-6148075	Dunupotha	Dunupotha	gnd	82	1	195	25	6	0	0
LK-6148080	Beddegama	Beddegama	gnd	173	9	3	11	0	0	0
LK-6148085	Thissawa	Thissawa	gnd	73	2	190	1	2	0	1
LK-6148090	Nelibewa	Nelibewa	gnd	26	0	114	8	0	0	0
LK-6148095	Dematawa	Dematawa	gnd	62	0	138	14	3	0	1
LK-6148100	Kanduboda	Kanduboda	gnd	79	2	242	9	1	0	0
LK-6148105	Henegedara	Henegedara	gnd	84	3	152	5	1	0	0
LK-6148110	Magulagama	Magulagama	gnd	50	1	227	18	8	0	0
LK-6148115	Angamuwa	Angamuwa	gnd	291	22	1	3	1	0	3
LK-6148120	Anukkanhena	Anukkanhena	gnd	40	2	217	23	6	0	6
LK-6148125	Moragane	Moragane	gnd	236	3	51	5	13	0	0
LK-6148130	Kanapothuhera	Kanapothuhera	gnd	50	3	118	4	4	0	1
LK-6148135	Kanogama	Kanogama	gnd	59	11	101	2	1	0	2
LK-6148140	Kandegedara	"Kandegedara
"	gnd	162	1	0	1	0	0	0
LK-6148145	Galagedara	Galagedara	gnd	42	0	178	7	3	0	0
LK-6148150	Adukkane	Adukkane	gnd	32	3	188	33	0	0	0
LK-6148155	Udugampalagedara	Udugampalagedara	gnd	35	1	66	17	3	0	0
LK-6148160	Weliwehera	Weliwehera	gnd	60	3	171	8	16	0	0
LK-6148165	Gonnawa	Gonnawa	gnd	225	8	161	33	28	0	0
LK-6148170	Bodhimulla	Bodhimulla	gnd	61	8	173	3	14	0	1
LK-6148175	Nindawela	Nindawela	gnd	175	2	39	2	1	0	0
LK-6148180	Wijaya Udagama	Wijaya Udagama	gnd	155	4	42	19	11	0	1
LK-6148185	Wetehepitiya	Wetehepitiya	gnd	77	1	133	9	9	0	1
LK-6148190	Hindawa	Hindawa	gnd	62	3	242	24	6	0	2
LK-6148195	Kanoyaya	Kanoyaya	gnd	176	4	58	22	4	0	0
LK-6149005	Erihabe	Erihabe	gnd	208	7	1	2	1	0	1
LK-6149010	Panawa	Panawa	gnd	109	3	75	5	9	0	0
LK-6149015	Pahala Imiyangoda	Pahala Imiyangoda	gnd	102	3	172	5	2	0	0
LK-6149020	Walpola	Walpola	gnd	272	7	138	16	5	0	0
LK-6149025	Mahakeliya	"Mahakeliya
"	gnd	462	18	1	15	8	0	0
LK-6149030	Kelimune	Kelimune	gnd	719	15	106	15	0	0	3
LK-6149035	Nathagane	Nathagane	gnd	191	7	0	3	0	0	0
LK-6149040	Kadiharaya	Kadiharaya	gnd	325	16	95	8	2	0	1
LK-6149045	Bamunakotuwa	Bamunakotuwa	gnd	195	4	100	4	1	0	1
LK-6149050	Moonamale	Munamale	gnd	227	7	0	0	0	0	0
LK-6149055	Thalgahagama	Thalgahagama	gnd	241	2	118	5	3	0	0
LK-6149060	Ganthiriyawa	Ganthiriyawa	gnd	115	3	126	5	2	0	0
LK-6149065	Panakaduwa	Panakaduwa	gnd	126	1	106	4	2	0	2
LK-6149070	Pahala Kolamunna	Pahala Kolamunna	gnd	315	1	1	2	0	0	0
LK-6149075	Wathukana	Wathukana	gnd	265	1	50	2	0	0	0
LK-6149080	Nelunkanuwa	Nelunkanuwa	gnd	291	12	0	2	1	0	0
LK-6149085	Weudagama	"Weudagama
"	gnd	128	0	0	0	0	0	0
LK-6149090	Panagamuwa	Panagamuwa	gnd	132	8	104	5	16	0	0
LK-6149095	Panadare	Panadare	gnd	108	7	91	5	2	0	0
LK-6149100	Walaliya	Walaliya	gnd	209	3	286	29	6	0	2
LK-6149105	Kedapath Vehera	Kedapath Vehera	gnd	106	3	222	25	8	0	0
LK-6149110	Rukattane	Rukattane	gnd	54	1	72	8	0	0	0
LK-6149115	Bogoda	Bogoda	gnd	216	0	1	2	1	0	0
LK-6149120	Hanhamunawa	Hanhamunawa	gnd	443	4	145	7	2	0	1
LK-6149125	Nawagatta	Nawagatta	gnd	176	6	251	14	1	0	2
LK-6149130	Mirihampitiya	Mirihampitiya	gnd	338	16	42	2	1	0	0
LK-6149135	Henegedara	Henegedara	gnd	169	5	261	19	4	0	1
LK-6149140	Dampitiya	Dampitiya	gnd	157	1	31	6	4	0	0
LK-6149145	Ethanawatta	Ethanawatta	gnd	129	2	43	3	0	0	0
LK-6149150	Wedanda	Wedanda	gnd	323	32	0	4	2	0	0
LK-6149155	Pallawa Dampitiya	Pallawa Dampitiya	gnd	79	0	170	15	16	0	0
LK-6149160	Demataluwa	Demataluwa	gnd	508	8	30	1	1	0	1
LK-6149165	Kanotuwa	Kanotuwa	gnd	320	11	33	2	0	0	0
LK-6149170	Siwallawagedara	Siwallawagedara	gnd	67	2	42	4	1	0	0
LK-6149175	Homathagama	Homathagama	gnd	70	2	91	10	3	0	2
LK-6149180	Divulgaspitiya	Divulgaspitiya	gnd	204	10	0	0	0	0	0
LK-6151005	Wilgamdematawa	Wilgamdematawa	gnd	220	1	93	22	1	0	0
LK-6151010	Gonagama	Gonagama	gnd	245	12	130	10	7	0	1
LK-6151015	Rekawa	Rekawa	gnd	59	4	178	14	7	0	2
LK-6151020	Pimburuwellegama	Pimburuwellegama	gnd	35	0	78	19	3	0	1
LK-6151025	Galagedara	Galagedara	gnd	177	6	86	11	7	0	0
LK-6151030	Minhettiya	Minhettiya	gnd	134	1	67	5	0	0	0
LK-6151035	Hanwella	Hanwella	gnd	116	3	104	11	3	0	0
LK-6151040	Maragama	Maragama	gnd	37	0	118	32	0	0	0
LK-6151045	Wegolla	Wegolla	gnd	27	3	117	8	0	0	0
LK-6151050	Oggamuwa	Oggamuwa	gnd	139	0	177	12	6	0	0
LK-6151055	Thisnampola	Thisnampola	gnd	98	2	55	4	0	0	0
LK-6151060	Kudagalgamuwa	Kudagalgamuwa	gnd	223	6	88	3	1	0	0
LK-6151065	Gane Kolaniya	Gane Kolaniya	gnd	173	5	51	20	4	0	0
LK-6151070	Kidapola	Kidapola	gnd	186	0	273	5	2	0	0
LK-6151075	Demalussa	Demalussa	gnd	148	4	2	0	0	0	0
LK-6151080	Maspotha	Maspotha	gnd	424	9	130	17	1	0	0
LK-6151085	Rathkarawwa	Rathkarawwa	gnd	406	17	140	19	2	0	0
LK-6151090	Mapegamuwa	Mapegamuwa	gnd	161	2	28	8	1	0	0
LK-6151095	Dahigamuwa	Dahigamuwa	gnd	191	4	75	0	6	1	0
LK-6151100	Siyambalangamuwa	Siyambalangamuwa	gnd	409	5	83	3	12	0	0
LK-6151105	Gurulepola	Gurulepola	gnd	376	14	2	8	0	0	0
LK-6151110	Pellandeniya	Pellandeniya	gnd	368	17	74	3	3	4	4
LK-6151115	Hettigedara	Hettigedara	gnd	942	9	129	14	0	0	0
LK-6151120	Wawagedara	Wewagedara	gnd	294	3	0	1	1	0	0
LK-6151125	Kalahogedara	Kalahogedara	gnd	477	3	42	4	2	0	0
LK-6151130	Maveedalupotha	Maveedalupotha	gnd	464	15	2	6	0	0	0
LK-6151135	Udabadalawa	Udabadalawa	gnd	243	6	87	7	2	0	0
LK-6151140	Thiththawella	Thiththawella	gnd	419	16	30	10	4	0	1
LK-6151145	Udadigana	Udadigana	gnd	135	1	57	7	1	0	0
LK-6151150	Yanthampalawa	Yanthampalawa	gnd	253	19	29	6	0	0	0
LK-6151155	Kavdawatta	Kavudawatta	gnd	320	4	24	1	0	0	0
LK-6151160	Aswedduma	Aswedduma	gnd	610	9	173	13	2	0	0
LK-6151165	Dematagahapelessa	Dematagahapelessa	gnd	204	12	109	9	0	0	0
LK-6154005	Kalatuwa Pelessa	Kalatuwa Pelessa	gnd	40	1	149	4	7	0	0
LK-6154010	Seeradunna	Seeradunna	gnd	30	0	174	8	3	0	0
LK-6154015	Seruwawa	Seruwawa	gnd	202	20	23	9	5	0	0
LK-6154020	Pubbowa	Pubbowa	gnd	110	5	125	22	3	0	2
LK-6154025	Thalvita	Thalvita	gnd	212	7	63	4	2	0	1
LK-6154030	Waraddana	Waraddana	gnd	126	0	144	8	5	0	4
LK-6154035	Pahala Waraddana	Pahala Waraddana	gnd	142	10	146	15	12	0	0
LK-6154040	Rangama	Rangama	gnd	363	2	0	1	1	0	0
LK-6154045	Wellawa	Wellawa	gnd	390	14	54	7	4	0	0
LK-6154050	Ginikarawa	Ginikarawa	gnd	246	31	65	8	0	0	0
LK-6154055	Pahala Hadirawalana	Pahala Hadirawalana	gnd	225	12	18	1	0	0	0
LK-6154060	Thalatuwa	Thalatuwa	gnd	137	3	159	19	1	0	0
LK-6154065	Rikillagamuwa	"Rikillagamuwa
"	gnd	181	9	141	2	0	0	0
LK-6154070	Dematagolla	Dematagolla	gnd	21	8	195	0	0	0	0
LK-6154075	Budanapitiya	Budanapitiya	gnd	112	20	343	46	17	0	0
LK-6154080	Hadirawalana Ihala	Hadirawalana Ihala	gnd	249	23	0	1	1	0	0
LK-6154085	Mahakandegama	Mahakandegama	gnd	222	8	10	9	0	0	0
LK-6154090	Alakoladeniya	Alakoladeniya	gnd	479	26	1	1	2	0	1
LK-6154095	Bamunugedara	Bamunugedara	gnd	686	2	103	11	1	0	1
LK-6154100	Kurunegala Town - North East	Kurunegala Town - North East	gnd	924	6	36	3	3	0	0
LK-6154105	Kurunegala Town - North	Kurunegala Town - North	gnd	278	7	29	8	0	0	19
LK-6154110	Gangoda	Gangoda	gnd	484	0	0	0	0	0	0
LK-6154115	Vilgoda	Vilgoda	gnd	267	5	72	44	20	3	1
LK-6154120	Heraliyawala	Heraliyawala	gnd	401	12	142	20	2	0	0
LK-6154125	Bamunawala	Bamunawala	gnd	992	48	36	4	1	12	0
LK-6154130	Malkaduwawa	Malkaduwawa	gnd	673	16	6	2	0	0	0
LK-6154135	Malkaduwawa South	Malkaduwawa South	gnd	331	10	64	30	0	0	0
LK-6154140	Malkaduwawa North	Malkaduwawa North	gnd	476	5	49	5	0	1	0
LK-6154145	Kurunegala Town - West	Kurunegala Town - West	gnd	989	9	34	3	0	6	0
LK-6154150	Iluppugedara	Iluppugedara	gnd	691	76	50	19	16	3	0
LK-6154155	Kurunegala Town - Central	Kurunegala Town - Central	gnd	284	0	0	0	0	0	0
LK-6154160	Kurunegala Town - Bazaar	Kurunegala Town - Bazaar	gnd	20	0	0	0	0	0	0
LK-6154165	Gettuwana	Gettuwana	gnd	335	7	74	6	1	3	0
LK-6154170	Kurunegala Town - East	Kurunegala Town - East	gnd	358	16	34	2	0	21	0
LK-6154175	Theliyagonna	Theliyagonna	gnd	600	13	74	9	2	0	0
LK-6154180	Udawalpola	Udawalpola	gnd	295	6	19	2	1	0	0
LK-6154185	Kurunegala Town - South	Kurunegala Town - South	gnd	518	5	67	2	1	0	0
LK-6154190	Veherabenda	Veherabenda	gnd	331	16	99	10	3	0	0
LK-6154195	Henamulla	Henamulla	gnd	364	7	36	3	1	0	0
LK-6154200	Wehera East	Wehera East	gnd	380	1	44	5	2	0	0
LK-6154205	Wehera West	Wehera West	gnd	312	18	71	13	1	0	0
LK-6154210	Akaragana North	Akaragana North	gnd	236	21	19	0	0	0	0
LK-6154215	Wanduragala	Wanduragala	gnd	206	1	38	2	2	0	0
LK-6154220	Rathgalla	Rathgalla	gnd	424	42	0	0	1	0	0
LK-6154225	Boyagane	Boyagane	gnd	348	7	12	3	1	0	0
LK-6154230	Akaragana South	Akaragana South	gnd	425	5	3	1	1	0	0
LK-6154235	Vilbawa	Vilbawa	gnd	456	3	18	2	1	0	0
LK-6154240	Nailiya	Nailiya	gnd	547	6	1	9	1	0	0
LK-6154245	Madithiyawala	Madithiyawala	gnd	714	22	52	4	5	0	2
LK-6154250	Thorawathura	Thorawathura	gnd	398	17	13	4	1	1	0
LK-6154255	Mathawa	Mathawa	gnd	559	34	54	1	1	0	0
LK-6154260	Attanapitiya	Attanapitiya	gnd	85	3	128	3	7	0	0
LK-6154265	Pahala Thalampitiya	Pahala Thalampitiya	gnd	200	54	0	0	1	0	0
LK-6154270	Kudumbuwa	Kudumbuwa	gnd	312	7	45	1	0	0	0
LK-6157005	Meddegama West	Meddegama West	gnd	169	0	141	10	0	0	0
LK-6157010	Udagama	Udagama	gnd	63	0	189	8	11	0	0
LK-6157015	Pillawa	Pillawa	gnd	131	13	294	59	22	0	0
LK-6157020	Hengawa	Hengawa	gnd	97	4	192	12	21	0	0
LK-6157025	Narampola	Narampola	gnd	287	14	140	2	1	0	0
LK-6157030	Ranawana	Ranawana	gnd	234	4	88	9	0	0	0
LK-6157035	Kahatapitiya	Kahatapitiya	gnd	99	1	105	14	3	0	0
LK-6157040	Meddegama East	Meddegama East	gnd	92	1	119	2	4	0	0
LK-6157045	Maraluwawa	Maraluwawa	gnd	543	13	75	5	0	0	0
LK-6157050	Pahala Gettuwana	Pahala Gattuwana	gnd	298	6	79	2	0	0	0
LK-6157055	Thorayaya	Thorayaya	gnd	727	23	204	33	7	0	0
LK-6157060	Kuda Kowana	Kuda Kowana	gnd	212	11	210	24	14	5	0
LK-6157065	Kowana	Kowana	gnd	165	8	94	32	2	0	0
LK-6157070	Denagamuwa	Denagamuwa	gnd	254	5	52	3	3	0	0
LK-6157075	Yaggapitiya	"Yaggapitiya
"	gnd	160	10	0	0	0	0	0
LK-6157080	Mehiella North	Mehiella North	gnd	382	13	159	6	1	0	1
LK-6157085	Hewana	Hewana	gnd	484	26	98	32	4	0	0
LK-6157090	Uyandana	Uyandana	gnd	346	3	146	2	1	0	0
LK-6157095	Mehiella South	Mehiella South	gnd	512	17	3	1	1	0	0
LK-6157100	Mallawapitiya	Mallawapitiya	gnd	1064	61	104	2	2	0	0
LK-6157105	Millawa	Millawa	gnd	918	17	50	20	0	1	0
LK-6157110	Kolapelalikanda	Kolapelalikanda	gnd	258	20	88	18	1	0	0
LK-6157115	Doratiyawa	Doratiyawa	gnd	327	7	209	15	6	0	0
LK-6157120	Messagammana	Messagammana	gnd	163	1	63	7	1	0	1
LK-6157125	Hewapola	Hewapola	gnd	397	12	43	2	0	0	0
LK-6157130	Manel Oluwa	Manel Oluwa	gnd	145	3	53	6	3	0	0
LK-6157135	Walpolakanda North	Walpolakanda North	gnd	23	1	101	2	1	0	0
LK-6157140	Walpolakanda South	Walpolakanda South	gnd	50	0	119	1	1	0	0
LK-6157145	Indulgoda	Indulgoda	gnd	57	1	189	23	14	0	0
LK-6157150	Konpala	Konpala	gnd	171	6	98	4	5	0	0
LK-6157155	Dembepola	Dembepola	gnd	112	8	66	5	1	1	0
LK-6157160	Bodhigama	Bodhigama	gnd	148	21	8	4	1	0	0
LK-6157165	Thiragama	Thiragama	gnd	251	16	10	1	2	0	0
LK-6157170	Bogamuwa	Bogamuwa	gnd	255	24	47	0	3	0	0
LK-6157175	Werawella	Werawella	gnd	144	11	20	5	1	0	0
LK-6157180	Indulgodakanda	Indulgodakanda	gnd	262	9	139	2	0	0	0
LK-6157185	Morathenna	Morathenna	gnd	153	7	0	2	0	0	2
LK-6157190	Katupitiya North	Katupitiya North	gnd	199	11	0	0	1	0	1
LK-6157195	Katupitiya South	Katupitiya South	gnd	92	11	153	6	1	0	0
LK-6157200	Ihala Thalampitiya	Ihala Thalampitiya	gnd	72	2	178	1	2	0	0
LK-6157205	Wattegedara	Wattegedara	gnd	229	5	32	14	2	0	0
LK-6157210	Koralegedara	Koralegedara	gnd	94	0	87	17	9	0	1
LK-6157215	Mahagama	Mahagama	gnd	184	5	91	6	1	0	0
LK-6157220	Belgoda	Belgoda	gnd	80	4	152	0	0	0	0
LK-6157225	Belgodakanda	Belgoda Kanda	gnd	1	0	74	0	2	0	0
LK-6160005	Kongaswala	Kongaswala	gnd	459	14	1	0	1	0	0
LK-6160010	Barandana	Barandana	gnd	222	14	83	2	1	0	0
LK-6160015	Wewagedara	Wewagedara	gnd	256	2	0	1	0	0	0
LK-6160020	Etagahawela	Etagahawela	gnd	205	21	157	8	2	0	0
LK-6160025	Galapitamulla	Galapitamulla	gnd	413	13	69	5	6	0	1
LK-6160030	Hidagolla	Hidagolla	gnd	361	5	0	0	1	0	0
LK-6160035	Udanagama	Udanagama	gnd	26	1	100	15	14	0	0
LK-6160040	Tharapotha	Tharapotha	gnd	229	5	88	6	1	0	0
LK-6160045	Tigola	Tigola	gnd	264	19	1	0	1	0	0
LK-6160050	Arampola Watta North	Arampola Watta North	gnd	166	2	72	1	8	0	0
LK-6160055	Arampola Watta South	Arampola Watta South	gnd	205	22	0	0	0	0	0
LK-6160060	Ellagonna	Ellagonna	gnd	148	0	0	1	1	0	1
LK-6160065	Pothubowa	Pothubowa	gnd	64	8	128	26	1	0	0
LK-6160070	Madawa	Madawa	gnd	438	4	42	7	3	0	0
LK-6160075	Kanduboda	Kanduboda	gnd	61	5	103	14	0	0	0
LK-6160080	Kahandawelipotha	Kahandawelipotha	gnd	359	0	65	2	9	0	0
LK-6160085	Maswewa	Maswewa	gnd	185	40	0	0	0	0	4
LK-6160090	Pilessa Ihalagama	Pilessa Ihalagama	gnd	263	3	4	3	4	0	0
LK-6160095	Pilessa Pahalagama	Pilessa Pahalagama	gnd	156	2	0	1	0	0	0
LK-6160100	Henepola	Henepola	gnd	212	18	57	9	0	0	0
LK-6160105	Maralanda	Maralanda	gnd	194	8	170	11	4	0	1
LK-6160110	Arampola	Arampola	gnd	321	2	32	4	5	0	0
LK-6160115	Delgolla Watta North	Delgolla Watta North	gnd	153	11	279	56	5	1	1
LK-6160120	Nawa Pothubowa	Nawa Pothubowa	gnd	197	2	107	8	0	0	0
LK-6160125	Welikumbura	Welikumbura	gnd	120	0	191	23	12	0	0
LK-6160130	Ilukewela North	Ilukewela North	gnd	331	13	112	12	1	0	2
LK-6160135	Mawathagama	Mawathagama	gnd	561	5	224	19	3	0	0
LK-6160140	Delgolla Watta South	Delgolla Watta South	gnd	167	3	60	13	21	0	0
LK-6160145	Mawathagama North	Mawathagama North	gnd	253	5	103	24	9	0	0
LK-6160150	Mee/ Pallegama East	Mee/Pallegama East	gnd	83	0	117	11	0	1	0
LK-6160155	Bulathwatta	Bulathwatta	gnd	60	0	26	3	1	0	0
LK-6160160	Rathneggama	Rathneggama	gnd	155	3	3	4	5	0	0
LK-6160165	Yatiwala	Yatiwala	gnd	59	0	45	1	1	0	0
LK-6160170	Mee/Pallegama West	Mee/ Pallegama West	gnd	227	6	1	2	0	0	0
LK-6160175	Mee/Medagamgoda	Mee/ Medagamgoda	gnd	106	1	0	0	1	0	1
LK-6160180	Mee/Wambugamgoda	Mee/ Wambugamgoda	gnd	113	6	29	6	0	0	0
LK-6160185	Mawathagama West	Mawathagama West	gnd	138	0	31	1	0	0	0
LK-6160190	Samodagama	Samodagama	gnd	154	1	3	0	1	0	0
LK-6160195	Ilukewela South	Ilukewela South	gnd	165	8	106	12	1	0	0
LK-6160200	Ihala Weligepola	Ihala Weligepola	gnd	456	18	104	18	0	0	0
LK-6160205	Akade	Akade	gnd	61	2	114	6	1	0	0
LK-6160210	Waraddana	Waraddana	gnd	92	1	146	8	5	0	1
LK-6160215	Wadiyagoda	Wadiyagoda	gnd	266	9	31	2	1	0	1
LK-6160220	Bandaragala	Bandaragala	gnd	216	5	196	10	3	0	0
LK-6160225	Singhapura	Singhapura	gnd	246	10	122	7	3	1	0
LK-6160230	Paragahadeniya	Paragahadeniya	gnd	433	8	105	9	3	0	0
LK-6160235	Delpaddana	Delpaddana	gnd	96	14	115	19	0	0	0
LK-6160240	Kotikapala	Kotikapala	gnd	139	2	102	38	8	0	0
LK-6160245	Kotikapola Ihalagama	Kotikapola Ihalagama	gnd	112	2	101	9	0	0	0
LK-6160250	Mawathagama South	Mawathagama South	gnd	190	47	191	51	0	0	0
LK-6160255	Meddegamgoda	Meddegamgoda	gnd	135	11	13	10	0	0	0
LK-6160260	Mee/Udagama	Mee/Udagama	gnd	242	5	137	30	6	0	0
LK-6160265	Gonagaldeniya	Gonagaldeniya	gnd	16	1	103	0	0	0	0
LK-6160270	Gonagala	Gonagala	gnd	169	4	0	0	0	0	0
LK-6160275	Dunukewatta	Dunukewatta	gnd	50	3	187	7	0	0	2
LK-6160280	Kalugamuwa	Kalugamuwa	gnd	42	2	185	18	2	0	0
LK-6160285	Watareka	Watareka	gnd	202	9	168	8	0	0	0
LK-6160290	Katugampalagedara	Katugampalagedara	gnd	164	0	0	0	1	0	0
LK-6160295	Kahapathwala North	Kahapathwala North	gnd	32	0	170	5	20	0	0
LK-6160300	Malandeniya	Malandeniya	gnd	100	0	220	6	4	0	0
LK-6160305	Kahapathwala	Kahapathwala	gnd	131	0	187	11	7	0	3
LK-6160310	Hettipola	Hettipola	gnd	196	3	37	4	0	0	0
LK-6160315	Boyagoda	Boyagoda	gnd	68	2	86	4	1	0	1
LK-6160320	Udakottamulla	Udakottamulla	gnd	206	0	0	0	0	0	0
LK-6160325	Metibokka	Metibokka	gnd	72	1	115	0	1	0	0
LK-6160330	Kossinna	Kossinna	gnd	46	5	101	3	1	0	0
LK-6160335	Eriminna	Eriminna	gnd	51	1	105	2	6	0	0
LK-6160340	Uda Iguruwatta	Uda Inguruwatta	gnd	33	0	75	2	2	0	0
LK-6160345	Kandehena	Kandehena	gnd	38	0	83	0	0	0	0
LK-6160350	Uggalpaya	Uggalpaya	gnd	19	1	133	0	0	0	0
LK-6160355	Halwahala	Halwahala	gnd	38	2	47	0	0	0	0
LK-6163005	Paragaswewa	Paragaswewa	gnd	136	2	0	0	0	0	0
LK-6163010	Adapola	Adapola	gnd	103	2	167	20	4	0	0
LK-6163015	Udakendawala	Udakendawala	gnd	56	4	164	19	11	0	1
LK-6163020	Katiyawa	Katiyawa	gnd	307	7	1	10	4	0	0
LK-6163025	Udahena	Udahena	gnd	10	0	212	4	2	0	0
LK-6163030	Wanduressa	Wanduressa	gnd	46	0	224	11	18	0	2
LK-6163035	Meepitiya	Meepitiya	gnd	169	2	1	2	0	0	0
LK-6163040	Kanugolla	Kanugolla	gnd	33	0	211	3	10	0	0
LK-6163045	Koswatta	Koswatta	gnd	136	16	110	22	7	0	0
LK-6163050	Dodangahakotuwa	Dodangahakotuwa	gnd	6	0	81	11	3	0	0
LK-6163055	Wegama	Wegama	gnd	57	4	160	13	1	0	0
LK-6163060	Gopallawa	Gopallawa	gnd	210	4	1	0	8	0	0
LK-6163065	Rathvita	Rathvita	gnd	235	7	0	4	0	0	0
LK-6163070	Balawattala	Balawattala	gnd	234	8	253	10	4	0	0
LK-6163075	Udattapola Pahala	Udattapola Pahala	gnd	69	2	185	4	0	0	0
LK-6163080	Ihala Udattapola	Ihala Udattapola	gnd	214	9	2	1	4	0	0
LK-6163085	Kotuhena	Kotuhena	gnd	47	0	243	4	0	0	2
LK-6163090	Kelemulla	Kelemulla	gnd	54	4	153	20	0	0	0
LK-6163095	Nithulpitiya	Nithulpitiya	gnd	59	2	153	12	1	0	0
LK-6163100	Kandupalatha	Kandupalatha	gnd	86	1	51	12	2	0	0
LK-6163105	Diniminiyathenna	Diniminiyathenna	gnd	162	0	103	5	6	0	0
LK-6163110	Minirangama	Minirangama	gnd	67	1	184	17	15	0	0
LK-6163115	Alakolamada	Alakolamada	gnd	217	3	0	0	0	0	0
LK-6163120	Korossa	Korossa	gnd	551	42	0	2	0	0	0
LK-6163125	Dodamgasalanada	Dodamgaslanda	gnd	146	11	1	0	1	0	1
LK-6163130	Kothalawalagama	Kothalawalagama	gnd	112	2	196	13	5	0	0
LK-6163135	Nuwarayaya	Nuwarayaya	gnd	272	1	0	21	1	0	0
LK-6163140	Lihiniwehera	Lihiniwehera	gnd	464	12	84	5	0	0	0
LK-6163145	Wewegedara	Wewegedara	gnd	178	4	255	6	2	0	0
LK-6163150	Rambukandana	Rambukandana	gnd	365	3	60	6	1	0	0
LK-6163155	Warakawehera	Warakawehera	gnd	278	6	104	6	3	0	1
LK-6163160	Rideegama	Rideegama	gnd	346	4	50	10	13	2	0
LK-6163165	Madithiyawa	Madithiyawa	gnd	119	3	141	7	10	0	1
LK-6163170	Thelambugalla	Thelambugalla	gnd	278	11	40	15	3	0	0
LK-6163175	Reddagoda	Reddagoda	gnd	97	9	102	18	34	0	1
LK-6163180	Pallehorombuwa	Pallehorombuwa	gnd	91	1	165	23	0	0	0
LK-6163185	Ginihiriya	Ginihiriya	gnd	286	83	0	1	10	0	0
LK-6163190	Palleyaya	Palleyaya	gnd	225	12	1	0	2	0	1
LK-6163195	Kahahena	Kahahena	gnd	129	0	65	10	6	0	0
LK-6163200	Udahorombuwa	Udahorombuwa	gnd	89	3	73	9	0	0	0
LK-6163205	Jankure	Jankure	gnd	80	13	0	1	2	0	0
LK-6163210	Rambadagalla	Rambadagalla	gnd	310	29	246	0	3	0	1
LK-6163215	Nahalla	Nahalla	gnd	236	13	221	19	13	0	1
LK-6163220	Olagama	Olagama	gnd	160	1	0	1	2	0	0
LK-6163225	Morathiha	Morathiha	gnd	70	0	209	3	7	0	2
LK-6163230	Hunugalkadulla	Hunugalkadulla	gnd	256	12	44	7	3	0	1
LK-6163235	Kavisigamuwa	Kavisigamuwa	gnd	235	5	90	5	1	0	0
LK-6163240	Doranepola	Doranepola	gnd	58	1	70	2	1	0	0
LK-6163245	Hunupolagedara	Hunupolagedara	gnd	230	8	2	2	2	0	0
LK-6163250	Kuthurumahana	Kukurumahana	gnd	56	5	148	10	0	0	0
LK-6163255	Dedurunadeegama	Dedurunadeegama	gnd	72	2	74	18	0	0	0
LK-6163260	Karandagolla	Karandagolla	gnd	131	3	122	6	0	0	0
LK-6163265	Ambakote	Ambakote	gnd	223	2	6	2	6	0	0
LK-6163270	Kosgollepola	Kosgollepola	gnd	159	2	0	3	1	0	0
LK-6163275	Kandepola	Kandepola	gnd	47	0	1	0	0	0	0
LK-6163280	Gabadagama	Gabadagama	gnd	14	4	64	0	1	0	0
LK-6163285	Kandegedara	Kandegedara	gnd	213	2	1	0	3	0	0
LK-6163290	Haliyamulla	Haliyamulla	gnd	322	7	20	1	1	0	1
LK-6163295	Welikanda	Welikanda	gnd	29	22	54	5	1	0	0
LK-6163300	Kithulwala	Kithulwala	gnd	14	1	94	5	7	23	0
LK-6163305	Delvita	Delvita	gnd	141	3	105	15	2	0	0
LK-6163310	Goraka Ela	Goraka Ela	gnd	24	3	108	6	4	0	0
LK-6163315	Pallekanda	Pallekanda	gnd	12	7	199	5	5	0	1
LK-6163320	Kalugahathenna	Kalugahathenna	gnd	5	0	113	5	2	0	0
LK-6163325	Kiribathgalla	Kiribathgalla	gnd	2	3	197	2	1	0	0
LK-6163330	Bambaragahakanda	Bambaragahakanda	gnd	57	3	97	4	2	0	0
LK-6163335	Kithulgolla	Kithulgolla	gnd	12	6	71	30	2	0	0
LK-6163340	Eriyagolla	Eriyagolla	gnd	271	4	0	0	0	0	0
LK-6163345	Gurumada	Gurumada	gnd	111	8	43	15	1	0	0
LK-6163350	Polwatta	Polwatta	gnd	211	11	18	2	2	0	0
LK-6163355	Panagamuwa	Panagamuwa	gnd	89	2	39	7	1	0	0
LK-6163360	Pitiyegedara	Pitiyegedara	gnd	177	0	0	0	0	0	0
LK-6163365	Hadiramulla	Hadiramulla	gnd	325	6	35	3	3	0	5
LK-6163370	Ogodapola	Ogodapola	gnd	154	2	152	12	0	0	0
LK-6163375	Ranthetikanda	Ranthetikanda	gnd	4	0	60	6	1	0	0
LK-6163380	Gonamada	Gonamada	gnd	2	0	88	2	1	0	0
LK-6163385	Buluwalakanda	Buluwalakanda	gnd	40	0	45	1	0	0	0
LK-6163390	Buluwala	Buluwala	gnd	190	12	0	14	0	0	0
LK-6163395	Hewenpola	Hawenpola	gnd	94	1	204	33	2	0	1
LK-6163400	Kongoda	Kongoda	gnd	65	1	83	12	3	0	0
LK-6163405	Akkara Panaha	Akkara Panaha	gnd	43	0	131	24	14	0	2
LK-6163410	Welagedara	Welagedara	gnd	139	5	192	4	1	0	0
LK-6163415	Paliella	Paliella	gnd	273	2	2	1	1	0	0
LK-6163420	Metiyampotha	Metiyampotha	gnd	288	5	16	0	2	0	0
LK-6163425	Gonadeniya	Gonadeniya	gnd	66	1	99	2	1	1	0
LK-6163430	Medakanda	Medakanda	gnd	2	0	54	0	1	0	0
LK-6163435	Medagama	Medagama	gnd	57	1	128	6	2	0	1
LK-6163440	Nelaulla	Nelaulla	gnd	22	4	158	11	4	0	1
LK-6163445	Malbe	Malbe	gnd	220	1	0	0	17	0	0
LK-6163450	Mahawela	Mahawela	gnd	300	27	141	11	11	16	2
LK-6163455	Gallawa	Gallawa	gnd	256	21	4	2	1	0	0
LK-6163460	Mirissala	Mirissala	gnd	133	11	4	0	1	0	2
LK-6163465	Dunumawa	Dunumawa	gnd	14	0	111	2	1	0	0
LK-6163470	Galbindinaela	Galbindinaela	gnd	126	8	1	2	1	0	0
LK-6163475	Kosgolla	Kosgolla	gnd	136	3	0	0	0	0	0
LK-6163480	Pihimbuwa	Pihimbuwa	gnd	201	16	1	5	1	0	0
LK-6163485	Maspotha	Maspotha	gnd	26	3	132	13	1	0	0
LK-6163490	Erepolakanda	Erepolakanda	gnd	54	1	0	0	0	0	0
LK-6163495	Siyambalangamuwa	Siyambalangamuwa	gnd	45	1	142	15	3	0	0
LK-6163500	Thalgaspitiya	Thalgaspitiya	gnd	116	5	43	1	0	0	0
LK-6163505	Jakaduwa	Jakaduwa	gnd	66	0	128	8	1	0	0
LK-6163510	Balagala	Balagala	gnd	63	0	108	1	0	0	0
LK-6163515	Pussella	Pussella	gnd	287	3	0	0	0	0	0
LK-6163520	Pusselikanda	Pusselikanda	gnd	100	1	0	0	2	0	4
LK-6163525	Gonigoda	Gonigoda	gnd	218	11	0	0	1	0	0
LK-6163530	Meeliyadda	Meeliyadda	gnd	98	8	101	20	1	0	0
LK-6163535	Kanadeniyawala	Kanadeniyawala	gnd	37	1	217	14	1	0	0
LK-6163540	Ganegoda	Ganegoda	gnd	151	0	0	9	0	0	0
LK-6163545	Bogamuwa	Bogamuwa	gnd	284	8	1	1	1	0	0
LK-6163550	Kurukeppitiya	Kurukeppitiya	gnd	71	1	82	3	1	0	1
LK-6163555	Paragoda	Paragoda	gnd	58	2	137	7	5	0	0
LK-6163560	Ikiriwatta	Ikiriwatta	gnd	157	17	73	7	1	0	0
LK-6163565	Niyangama	Niyangama	gnd	268	9	0	3	0	0	1
LK-6166005	Lokahettiya	Lokahettiya	gnd	45	0	78	2	1	0	0
LK-6166010	Medagama	Medagama	gnd	193	1	109	2	1	0	1
LK-6166015	Pathinwatta	Pathinwatta	gnd	137	1	70	6	4	0	1
LK-6166020	Bamunugedara	Bamunugedara	gnd	192	7	0	1	2	0	1
LK-6166025	Gallehera	Gallehera	gnd	184	3	6	5	3	0	1
LK-6166030	Kadadunna	Kadadunna	gnd	48	1	87	4	0	0	0
LK-6166035	Weerambugedara	Weerambugedara	gnd	120	3	220	4	7	0	1
LK-6166040	Gonawa	Gonawa	gnd	182	5	83	3	11	0	0
LK-6166045	Yalawa	Yalawa	gnd	113	9	199	16	7	0	1
LK-6166050	Madawala North	Madawala North	gnd	64	0	115	0	3	0	0
LK-6166055	Sandagala South	Sandagala South	gnd	196	14	30	5	3	0	0
LK-6166060	Sandagala North	Sandagala North	gnd	236	1	0	0	1	0	0
LK-6166065	Damunugala	Damunugala	gnd	52	4	132	11	1	0	0
LK-6166070	Piduruwella	Piduruwella	gnd	423	3	86	7	2	0	1
LK-6166075	Clovis Watta	Clovis Watta	gnd	328	12	24	1	0	0	0
LK-6166080	Madawala South	Madawala South	gnd	79	3	170	12	3	0	0
LK-6166085	Mudunna	Mudunna	gnd	116	3	116	9	0	0	0
LK-6166090	Hanwella	Hanwella	gnd	131	7	96	15	1	0	0
LK-6166095	Huruggamuwa	Huruggamuwa	gnd	158	5	148	17	6	0	0
LK-6166100	Ginipenda	Ginipenda	gnd	193	2	57	0	0	0	0
LK-6166105	Kalugamuwa	Kalugamuwa	gnd	316	22	60	1	2	0	0
LK-6166110	Yanthampola	Yanthampola	gnd	139	3	0	0	0	0	0
LK-6166115	Bulupitiya	Bulupitiya	gnd	219	10	24	6	11	0	1
LK-6166120	Uhumeeya	Uhumeeya	gnd	347	26	56	5	1	0	0
LK-6166125	Wewelpola	Wewelpola	gnd	97	6	66	7	0	0	1
LK-6166130	Ranjanagama	Ranjanagama	gnd	261	1	187	5	0	0	0
LK-6166135	Kanumale	Kanumale	gnd	551	9	191	3	3	0	4
LK-6166140	Godavita	Godavita	gnd	233	14	56	2	0	0	0
LK-6166145	Ambahera	Ambahera	gnd	216	3	140	4	2	0	0
LK-6166150	Galabadagama	Galabadagama	gnd	184	1	30	0	2	0	0
LK-6166155	Dehikumbura	Dehikumbura	gnd	252	2	200	4	4	0	0
LK-6166160	Poogalla	Poogalla	gnd	61	4	176	7	21	0	2
LK-6166165	Udugama	Udugama	gnd	168	22	0	1	0	0	0
LK-6166170	Thammita	Thammita	gnd	125	2	44	9	4	0	0
LK-6166175	Parakumbura	Parakumbura	gnd	265	6	29	4	4	0	0
LK-6166180	Algama	Algama	gnd	223	4	0	0	0	0	1
LK-6166185	Kaduruwella	Kaduruwella	gnd	145	12	0	6	1	0	1
LK-6166190	Sevendana	Sevendana	gnd	109	4	88	21	2	0	0
LK-6169005	Karangamuwa	Karangamuwa	gnd	276	9	64	6	4	0	0
LK-6169010	Dalupothagama	Dalupothagama	gnd	151	10	160	23	3	0	1
LK-6169015	Polpitiya	Polpitiya	gnd	192	2	191	28	1	0	0
LK-6169020	Pothuwewa	Pothuwewa	gnd	254	7	0	13	3	0	0
LK-6169025	Kotadeniyawa	Kotadeniyawa	gnd	78	6	261	3	3	0	1
LK-6169030	Thelahera	Thelahera	gnd	74	1	135	21	3	0	0
LK-6169035	Nettipolagedara	Nettipolagedara	gnd	289	4	87	11	0	1	0
LK-6169040	Arakyala	Arakyala	gnd	450	17	151	10	6	0	0
LK-6169045	Thoranegedara	Thoranegedara	gnd	114	0	208	23	5	0	0
LK-6169050	Medelpola	Medelpola	gnd	233	9	121	37	11	0	3
LK-6169055	Pothuhera	Pothuhera	gnd	467	18	48	6	0	0	0
LK-6169060	Kekunagolla	Kekunagolla	gnd	736	10	154	9	18	0	1
LK-6169065	Dehigama	Dehigama	gnd	227	3	241	1	2	0	0
LK-6169070	Siyambalagaskotuwa	Siyambalagaskotuwa	gnd	543	14	114	10	0	0	0
LK-6169075	Ambahenwewa	"Ambahenwewa
"	gnd	382	12	26	0	2	0	0
LK-6169080	Bogamulla	Bogamulla	gnd	115	0	110	3	0	0	0
LK-6169085	Andigedara	Andigedara	gnd	220	3	40	4	1	0	0
LK-6169090	Karagahagedara	Karagahagedara	gnd	115	6	139	16	1	0	1
LK-6169095	Bogahapitiya	Bogahapitiya	gnd	68	5	200	19	0	0	0
LK-6169100	Kureekotuwa	Kureekotuwa	gnd	222	9	146	4	2	0	0
LK-6169105	Alahitiyawa	Alahitiyawa	gnd	171	30	143	60	6	0	0
LK-6169110	Godagama	Godagama	gnd	135	8	131	9	7	0	0
LK-6169115	Thalliyadda	"Thalliyadda
"	gnd	123	16	236	16	23	0	1
LK-6169120	Konduruwapola	Konduruwapola	gnd	104	7	136	10	1	0	1
LK-6169125	Barigoda	Barigoda	gnd	231	6	251	28	2	0	0
LK-6169130	Ganangamuwa	Ganangamuwa	gnd	164	5	145	15	1	1	1
LK-6169135	Bihalpola	Bihalpola	gnd	221	17	35	3	2	0	0
LK-6169140	Udagedara	Udagedara	gnd	121	3	213	25	2	0	1
LK-6169145	Horombawa	Horombawa	gnd	660	36	249	15	5	0	0
LK-6169150	Molligoda	Molligoda	gnd	232	4	210	15	3	0	2
LK-6169155	Kosgolla	Kosgolla	gnd	282	2	195	24	15	0	1
LK-6169160	Mahagama	Mahagama	gnd	39	3	153	19	8	0	0
LK-6169165	Nakkawatta	Nakkawatta	gnd	80	6	162	3	1	0	2
LK-6169170	Hewanellagara	Hewanellagaraya	gnd	211	0	9	5	4	0	2
LK-6169175	Ihala Muruthenge	Ihala Muruthenge	gnd	208	4	169	18	14	0	1
LK-6169180	Pahala Muruthenge	Pahala Muruthenge	gnd	55	2	171	10	7	0	2
LK-6169185	Galgammulla	Galgammulla	gnd	63	9	175	32	8	2	0
LK-6169190	Ranasgalla	Ranasgalla	gnd	86	0	66	0	0	0	0
LK-6169195	Wakkunuwala	Wakkunuwala	gnd	79	1	90	2	5	0	0
LK-6169200	Etampola	Etampola	gnd	86	4	160	9	9	0	1
LK-6169205	Rathneheruwa	Rathneheruwa	gnd	39	0	152	7	1	0	1
LK-6169210	Deekirikewa	Deekirikewa	gnd	41	21	198	5	1	0	0
LK-6169215	Panavitiya	Panavitiya	gnd	101	5	191	15	7	0	0
LK-6169220	Dethawa	Dethawa	gnd	194	2	1	4	0	0	0
LK-6169225	Saliyala	Saliyala	gnd	70	0	126	11	7	0	1
LK-6172005	Katuwella	Katuwella	gnd	67	3	59	14	1	0	0
LK-6172010	Pahala Elathalawa	Pahala Elathalawa	gnd	153	0	246	32	5	0	0
LK-6172015	Mawela	Mawela	gnd	42	0	83	17	6	0	0
LK-6172020	Koshena	Koshena	gnd	231	14	182	11	4	0	0
LK-6172025	Pahala Galpola	Pahala Galpola	gnd	64	10	327	13	3	0	0
LK-6172030	Ihala Galpola	Ihala Galpola	gnd	48	0	216	17	7	0	0
LK-6172035	Ihala Elathalawa	Ihala Elathalawa	gnd	67	2	221	23	0	0	0
LK-6172040	Deegalla	Deegalla	gnd	182	6	269	36	10	8	1
LK-6172045	Ihala Embawa	Ihala Embawa	gnd	155	2	247	26	9	0	2
LK-6172050	Kabalewa	Kabalewa	gnd	363	6	294	21	16	0	0
LK-6172055	Dikhera	Dikhera	gnd	162	0	144	23	9	0	0
LK-6172060	Ilukhena	Ilukhena	gnd	131	3	267	30	3	0	0
LK-6172065	Kumbalwala	Kumbalwala	gnd	118	2	181	23	2	0	1
LK-6172070	Pallewela	Pallewela	gnd	258	9	140	4	3	0	0
LK-6172075	Pahala Weerambuwa	Pahala Weerambuwa	gnd	121	1	183	19	10	2	3
LK-6172080	Ihala Weerambuwa	Ihala Weerambuwa	gnd	168	2	333	37	12	0	0
LK-6172085	Kurudelpotha	Kurudelpotha	gnd	162	1	122	17	12	0	0
LK-6172090	Thabbomulla	Thabbomulla	gnd	245	20	169	42	5	0	0
LK-6172095	Meegahakotuwa	Meegahakotuwa	gnd	474	9	79	19	12	2	0
LK-6172100	Kuliyapitiya Town	Kuliyapitiya Town	gnd	462	7	21	0	0	0	0
LK-6172105	Embawa	Embawa	gnd	86	2	169	20	44	0	0
LK-6172110	Pahala Embawa	Pahala Embawa	gnd	247	0	162	18	2	0	1
LK-6172115	Pahala Piduma	Pahala Piduma	gnd	343	3	45	10	2	0	0
LK-6172120	Esseddama	Assedduma	gnd	287	2	25	2	0	0	0
LK-6172125	Kongahagedara	Kongahagedara	gnd	232	0	92	0	0	0	1
LK-6172130	Thummodara	Thummodara	gnd	319	17	192	30	6	0	0
LK-6172135	Ihala Piduma	Ihala Piduma	gnd	66	0	114	13	6	0	0
LK-6172140	Henegedara	Henegedara	gnd	94	0	390	37	43	0	0
LK-6172145	Delana	Delana	gnd	374	16	1	1	2	0	0
LK-6172150	Mookalanyaya	Mookalanyaya	gnd	186	2	180	21	2	0	0
LK-6172155	Kirindawa	Kirindawa	gnd	107	0	192	12	1	0	0
LK-6172160	Anukkane	Anukkane	gnd	120	7	164	10	0	0	0
LK-6172165	Beminigalla	Beminigalla	gnd	43	2	227	15	4	0	5
LK-6172170	Kumbukkotuwa	Kumbukkotuwa	gnd	210	8	62	25	4	0	0
LK-6172175	Wahumuwa	Wahumuwa	gnd	144	1	254	18	7	0	0
LK-6172180	Unaleeya	Unaleeya	gnd	161	7	232	50	1	0	0
LK-6172185	Kithalawa	Kithalawa	gnd	200	5	185	7	1	0	0
LK-6172190	Yakarawatta	Yakarawatta	gnd	182	0	149	9	3	0	0
LK-6172195	Bohingamuwa	Bohingamuwa	gnd	223	2	146	15	4	1	0
LK-6172200	Haggamuwa	Haggamuwa	gnd	96	2	88	13	9	0	0
LK-6172205	Galahitiyawa	Galahitiyawa	gnd	376	7	265	14	4	0	0
LK-6172210	Dandagamuwa East	Dandagamuwa East	gnd	211	4	130	22	6	0	0
LK-6172215	Dandagamuwa West	Dandagamuwa West	gnd	206	2	132	16	4	0	0
LK-6172220	Pahala Kalugamuwa	Pahala Kalugamuwa	gnd	180	6	135	27	25	0	0
LK-6172225	Mahimpitiya	Mahimpitiya	gnd	127	1	166	5	0	0	0
LK-6172230	Madakumburumulla	Madakumburumulla	gnd	158	2	209	21	16	0	0
LK-6172235	Thalahitimulla	Thalahitimulla	gnd	71	0	131	8	8	0	0
LK-6172240	Weralugama	Weralugama	gnd	187	3	200	9	1	0	0
LK-6172245	Ihala Kalugamuwa	Ihala Kalugamuwa	gnd	173	2	247	41	21	14	0
LK-6172250	Hammalawa	Hammalawa	gnd	184	3	107	19	9	0	0
LK-6172255	Galagedara	Galagedara	gnd	23	0	87	7	15	0	0
LK-6172260	Pitadeniya	Pitadeniya	gnd	28	0	141	2	8	0	2
LK-6172265	Diyadora	Diyadora	gnd	163	17	83	14	2	0	0
LK-6172270	Inguruwatta	Inguruwatta	gnd	193	1	236	16	29	0	0
LK-6172275	Diyadora Ihala Watta	Diyadora Ihala Watta	gnd	131	6	271	6	1	0	1
LK-6172280	Narangalla	Narangalla	gnd	239	1	197	21	9	0	1
LK-6172285	Wadugedara	Wadugedara	gnd	59	1	96	19	0	0	0
LK-6172290	Kongolla	Kongolla	gnd	44	1	218	27	17	0	0
LK-6172295	Ihala Ennaruwa	Ihala Ennaruwa	gnd	64	4	119	11	10	0	0
LK-6172300	Deeyawala	Deeyawala	gnd	76	1	134	16	4	0	0
LK-6172305	Udihitimulla	Udihitimulla	gnd	160	0	1	1	0	0	0
LK-6172310	Ketawalegedara	Ketawalegedara	gnd	57	0	116	11	0	0	0
LK-6172315	Eluwapola	Eluwapola	gnd	71	0	142	4	8	0	0
LK-6172320	Kandegedara	Kandegedara	gnd	72	1	126	13	1	0	0
LK-6172325	Katuwattewela	Katuwattewela	gnd	140	1	178	33	12	0	1
LK-6172330	Edandewela	Edandewela	gnd	117	2	53	2	5	0	0
LK-6172335	Wewagama	Wewagama	gnd	24	16	222	8	1	0	0
LK-6172340	Degammeda	Degammeda	gnd	167	6	127	39	5	0	0
LK-6175005	Ihala Weerakodiyana	Ihala Weerakodiyana	gnd	244	12	42	2	1	0	0
LK-6175010	Kovulwewa	Kovulwewa	gnd	208	10	118	8	2	0	0
LK-6175015	Pahala Weerakodiyana	Pahala Weerakodiyana	gnd	79	1	216	21	8	0	0
LK-6175020	Rantetiyawa	Ranthetiyawa	gnd	69	0	131	9	4	1	1
LK-6175025	Wathuwatta	Wathuwatta	gnd	59	8	215	15	0	0	0
LK-6175030	Habarawewa	Habarawewa	gnd	130	11	141	19	0	0	0
LK-6175035	Kekunawala	Kekunawala	gnd	490	11	1	3	0	0	0
LK-6175040	Kandayaya	Kandayaya	gnd	140	3	75	5	17	1	0
LK-6175045	Kappangamuwa	Kappangamuwa	gnd	174	2	213	15	0	0	0
LK-6175050	Kahadenigama	Kahadenigama	gnd	42	6	168	9	2	0	0
LK-6175055	Divurumpola	Divurumpola	gnd	295	14	44	2	3	1	0
LK-6175060	Pahala Yagamwela	Pahala Yagamwela	gnd	191	1	268	15	1	2	0
LK-6175065	Ihala Yagamwela	Ihala Yagamwela	gnd	280	27	1	0	1	0	0
LK-6175070	Gahalagaswala	Gahalagaswala	gnd	60	8	224	31	1	0	0
LK-6175075	Siyambalagasruppa East	Siyambalagasruppa East	gnd	172	28	106	17	3	0	0
LK-6175080	Siyambalagasruppa West	Siyambalagasruppa West	gnd	362	5	321	20	17	0	0
LK-6175085	Dummalasooriya	Dummalasooriya	gnd	134	3	68	10	0	0	0
LK-6175090	Thunthota	Thunthota	gnd	98	1	102	23	10	0	0
LK-6175095	Kattimahana	Kattimahana	gnd	155	6	118	7	8	0	0
LK-6175100	Palugamuwa	Palugamuwa	gnd	402	18	48	4	14	0	0
LK-6175105	Karandavila	Karandavila	gnd	187	0	116	7	8	0	1
LK-6175110	Bunnehepola	Bunnehepola	gnd	409	16	254	28	12	0	0
LK-6175115	Ihalagama North	Ihalagama North	gnd	197	3	85	6	4	0	0
LK-6175120	Paranagama	Paranagama	gnd	185	30	150	6	1	0	1
LK-6175125	Pahalagama	Pahalagama	gnd	300	1	95	5	5	0	0
LK-6175130	Ihalagama South	Ihalagama South	gnd	241	9	89	3	0	0	1
LK-6175135	Mahaagara	Mahaagara	gnd	469	15	129	10	8	0	4
LK-6175140	Henegedara	Henegedara	gnd	309	5	0	0	3	0	0
LK-6175145	Kanubichchiya	Kanubichchiya	gnd	160	3	104	19	4	0	0
LK-6175150	Polgaha Agara	Polgaha Agara	gnd	203	1	0	7	6	0	0
LK-6175155	Dunakadeniya North	Dunakadeniya North	gnd	421	15	1	13	5	0	0
LK-6175160	Udadeniya	Udadeniya	gnd	106	0	213	10	6	0	0
LK-6175165	Meegahapelessa	Meegahapelessa	gnd	400	5	8	10	6	1	1
LK-6175170	Bibiladeniya	Bibiladeniya	gnd	597	4	4	8	2	0	0
LK-6175175	Ammanamulla	Ammanamulla	gnd	74	2	144	16	27	0	0
LK-6175180	Walpitagama	Walpitagama	gnd	211	2	112	10	1	0	0
LK-6175185	Horathepola	Horathepola	gnd	416	37	0	2	1	0	1
LK-6175190	Nawasigahawatta	Nawasigahawatta	gnd	317	14	39	9	6	0	0
LK-6175195	Kootharippuwa	Kootharippuwa	gnd	271	2	2	1	8	0	0
LK-6175200	Dunakadeniya South	Dunakadeniya South	gnd	359	4	136	14	10	0	0
LK-6175205	Kumbukgahamulla	Kumbukgahamulla	gnd	228	14	50	8	0	0	0
LK-6175210	Ilippugamuwa	Ilippugamuwa	gnd	319	6	55	12	2	0	0
LK-6175215	Kumara Udawela	Kumara Udawela	gnd	264	13	0	2	2	0	0
LK-6178005	Gallehemulla	Gallehemulla	gnd	217	0	109	6	2	0	0
LK-6178010	Nabirittankadawara	Nabirittankadawara	gnd	538	6	121	1	3	0	1
LK-6178015	Udugama	Udugama	gnd	195	9	234	12	4	0	0
LK-6178020	Pethigodagedara	Pethigodagedara	gnd	314	6	114	12	11	0	0
LK-6178025	Eriyagolla	Eriyagolla	gnd	403	10	412	12	2	0	0
LK-6178030	Yatattawala	Yatattawala	gnd	154	4	147	29	2	0	0
LK-6178035	Thelambugammana	Thelambugammana	gnd	99	0	210	16	8	0	1
LK-6178040	Ingaradavula	Ingaradavula	gnd	182	4	138	2	2	0	0
LK-6178045	Mohottawa	Mohottawa	gnd	81	1	183	14	5	0	0
LK-6178050	Batapotha Ela	Batapotha Ela	gnd	103	2	286	6	9	0	0
LK-6178055	Katugampala	Katugampala	gnd	177	4	235	18	30	0	0
LK-6178060	Hamanagoda	Hamanagoda	gnd	86	1	140	11	4	0	0
LK-6178065	Mummana	Mummana	gnd	140	16	216	21	2	0	0
LK-6178070	Wattegedara	Wattegedara	gnd	222	7	101	4	1	1	0
LK-6178075	Wettewa	Wettewa	gnd	222	2	147	24	5	0	0
LK-6178080	Kavudumunna	Kavudumunna	gnd	122	4	250	69	15	0	2
LK-6178085	Hamangalla	Hamangalla	gnd	76	5	291	6	1	0	0
LK-6178090	Narangoda South	Narangoda South	gnd	139	6	128	11	1	0	0
LK-6178095	Narangoda North	Narangoda North	gnd	412	12	0	7	5	0	0
LK-6178100	Erepola	Erepola	gnd	211	9	235	7	1	0	0
LK-6178105	Madigepola	Madigepola	gnd	70	2	132	17	3	0	0
LK-6178110	Hengawa	Hengawa	gnd	284	11	49	13	9	0	1
LK-6178115	Paragammana	Paragammana	gnd	266	23	179	10	11	0	2
LK-6178120	Nedalagamuwa North	Nedalagamuwa North	gnd	155	0	300	24	2	0	0
LK-6178125	Nedalagamuwa South	Nedalagamuwa South	gnd	122	1	347	29	7	0	0
LK-6178130	Yayamulla	Yayamulla	gnd	157	9	116	21	1	0	0
LK-6178135	Raddalana	Raddalana	gnd	159	2	164	12	3	0	0
LK-6178140	Waguruwela	Waguruwela	gnd	91	2	143	10	7	0	0
LK-6178145	Muthugalayagama	Mutugalayayagama	gnd	265	17	177	3	2	0	0
LK-6178150	Kandepola	Kandepola	gnd	217	6	184	18	13	0	1
LK-6178155	Hundirapola	Hundirapola	gnd	77	7	310	47	7	1	0
LK-6178160	Welpalla	Welpalla	gnd	186	4	161	5	3	0	0
LK-6178165	Daraluwa	Daraluwa	gnd	247	2	305	9	13	0	0
LK-6178170	Hunuvila	Hunuvila	gnd	69	2	233	28	1	0	0
LK-6178175	Kongoda	Kongoda	gnd	46	2	231	6	0	0	0
LK-6178180	Werahera	Werahera	gnd	129	4	310	38	12	0	0
LK-6178185	Bowatta	Bowatta	gnd	215	9	156	41	2	0	1
LK-6178190	Koodalupotta	Koodalupotta	gnd	186	7	310	38	34	0	0
LK-6178195	Bammanna	Bammanna	gnd	309	16	159	12	11	1	0
LK-6178200	Kadirapola	Kadirapola	gnd	96	1	193	11	8	0	0
LK-6178205	Mahingamuwa	Mahingamuwa	gnd	216	20	250	22	12	0	0
LK-6178210	Dodampotta	Dodampotta	gnd	182	0	86	7	2	0	1
LK-6178215	Konduruwawela	Konduruwawela	gnd	135	1	198	10	2	0	0
LK-6178220	Meddepola Pahala	Meddepola Pahala	gnd	86	0	271	34	8	0	2
LK-6178225	Maharagama	Maharagama	gnd	508	5	109	19	0	0	0
LK-6178230	Meddepola Ihala	Meddepola Ihala	gnd	204	11	6	1	1	0	0
LK-6178235	Siyambalawalana	Siyambalawalana	gnd	187	7	5	1	2	0	1
LK-6178240	Ihala Labbala	Ihala Labbala	gnd	127	1	109	0	4	0	1
LK-6178245	Ihala Kotuwella	Ihala Kotuwella	gnd	184	9	131	21	3	0	0
LK-6178250	Horawadunna	Horawadunna	gnd	361	1	116	4	0	0	0
LK-6178255	Elabadagama East	Elabadagama East	gnd	650	45	172	23	3	0	0
LK-6178260	Elabadagama North	Elabadagama North	gnd	462	6	159	22	9	0	1
LK-6178265	Elabadagama West	Elabadagama West	gnd	562	23	137	30	8	0	0
LK-6178270	Mookalana	Mookalana	gnd	135	7	98	7	3	0	0
LK-6178275	Makandura Ihala	Makandura Ihala	gnd	422	13	373	48	6	0	0
LK-6178280	Elivila	Elivila	gnd	170	5	181	21	0	0	2
LK-6178285	Gonulla East	Gonulla East	gnd	276	20	33	5	4	0	0
LK-6178290	Indivinna	Indivinna	gnd	399	3	39	24	4	0	2
LK-6178295	Hettirippuwa	Hettirippuwa	gnd	307	9	1	9	1	0	0
LK-6178300	Villiyagama	Villiyagama	gnd	122	2	157	13	14	0	0
LK-6178305	Gonulla West	Gonulla West	gnd	437	3	5	7	7	0	2
LK-6178310	Irabadagama	Irabadagama	gnd	425	15	194	7	7	0	1
LK-6178315	Wetakeyawa	Wetakeyawa	gnd	503	6	3	2	3	1	1
LK-6178320	Makandura Pahala	Makandura Pahala	gnd	349	18	87	9	2	0	0
LK-6178325	Panwalakumbura	Panwalakumbura	gnd	246	10	235	24	13	0	0
LK-6178330	Hendiyagala	Hendiyagala	gnd	562	19	126	7	18	0	3
LK-6178335	Sandalankawa	Sandalankawa	gnd	388	0	173	25	4	0	0
LK-6178340	Thambakanda	Thambakanda	gnd	320	4	8	7	2	0	0
LK-6178345	Nalawalana	Nalawalana	gnd	184	0	356	21	21	0	1
LK-6178350	Medirivila	Medirivila	gnd	330	13	47	19	6	0	0
LK-6178355	Pahala Galayaya	Pahala Galayaya	gnd	392	20	176	11	10	0	0
LK-6178360	Ihala Galayaya	Ihala Galayaya	gnd	222	0	151	51	0	0	0
LK-6178365	Pannala	Pannala	gnd	427	16	150	27	6	0	0
LK-6178370	Kekillapitiya	Kekillapitiya	gnd	149	11	239	50	7	0	0
LK-6178375	Maholawa	Maholawa	gnd	432	1	188	17	2	0	0
LK-6178380	Thalammehera	Thalammehera	gnd	423	10	263	19	10	0	0
LK-6178385	Badabedda	Badabedda	gnd	450	28	178	22	13	0	1
LK-6178390	Kohombapola	Kohombapola	gnd	150	2	161	7	1	0	1
LK-6178395	Elibichchiya	Elibichchiya	gnd	224	25	42	14	3	0	2
LK-6178400	Mellawalana	Mellawalana	gnd	376	42	63	1	0	0	1
LK-6178405	Pahala Labbala	Pahala Labbala	gnd	153	5	134	10	14	0	1
LK-6178410	Bopitiya	Bopitiya	gnd	352	12	219	16	3	0	0
LK-6178415	Balawala	Balawala	gnd	253	6	64	42	0	0	1
LK-6178420	Mattegama	Mattegama	gnd	250	5	179	28	8	0	1
LK-6178425	Wellewa	Wellewa	gnd	261	6	272	23	14	0	0
LK-6178430	Narangamuwa	Narangamuwa	gnd	296	4	29	6	4	0	0
LK-6178435	Malgamuwa	Malgamuwa	gnd	158	1	190	20	6	0	0
LK-6181005	Pahamune	Pahamune	gnd	334	21	56	1	1	0	0
LK-6181010	Kadahapola	Kadahapola	gnd	349	2	160	10	2	0	0
LK-6181015	Penthenigoda	Penthenigoda	gnd	262	2	135	21	8	0	2
LK-6181020	Ganegoda	Ganegoda	gnd	97	0	60	0	0	0	0
LK-6181025	Meewewa	Meewewa	gnd	70	1	134	12	3	0	1
LK-6181030	Dangolla	Dangolla	gnd	156	20	103	10	9	0	0
LK-6181035	Meewewa/ Bemmullegedara	Meewewa / Bemmullegedara	gnd	144	3	86	10	2	0	1
LK-6181040	Puwakgahakotuwa	Puwakgahakotuwa	gnd	89	2	116	7	1	0	0
LK-6181045	Polgahayaya	Polgahayaya	gnd	326	11	69	8	4	0	0
LK-6181050	Ginigathpitiya	Ginigathpitiya	gnd	351	7	1	1	1	0	0
LK-6181055	Dambagirigama East	Dambagirigama East	gnd	71	8	250	19	15	0	1
LK-6181060	Medagoda	Medagoda	gnd	230	12	0	2	1	0	0
LK-6181065	Dambagirigama West	Dambagirigama West	gnd	47	0	198	37	23	0	0
LK-6181070	Narammala	Narammala	gnd	460	4	77	7	3	0	0
LK-6181075	Ranawatta	Ranawatta	gnd	127	0	155	7	16	0	0
LK-6181080	Senanayaka Colony	Senanayaka Colony	gnd	122	17	6	5	10	0	0
LK-6181085	Kottapitiya	Kottapitiya	gnd	66	1	75	5	6	0	0
LK-6181090	Ambagammana	Ambagammana	gnd	116	0	124	16	2	0	0
LK-6181095	Yakkavita	Yakkavita	gnd	174	6	10	0	1	0	0
LK-6181100	Halwella	Halwella	gnd	276	14	415	57	23	0	0
LK-6181105	Rammuthugala	Rammuthugala	gnd	184	5	0	2	0	0	0
LK-6181110	Welikumbura	Welikumbura	gnd	74	0	176	22	16	0	0
LK-6181115	Dampelessa	Dampelessa	gnd	208	3	94	10	1	0	0
LK-6181120	Kivulegedara	Kivulegedara	gnd	98	5	234	41	2	0	0
LK-6181125	Polwattegedara	Polwattegedara	gnd	83	4	160	17	9	0	1
LK-6181130	Karalappala	Karalappala	gnd	72	1	104	0	1	0	0
LK-6181135	Embalapola	Embalapola	gnd	28	0	74	13	5	0	0
LK-6181140	Weragala	Weragala	gnd	78	3	153	8	1	0	0
LK-6181145	Rangallepola	Rangallepola	gnd	81	1	116	22	1	0	0
LK-6181150	Nakalagamuwa	Nakalagamuwa	gnd	111	9	48	6	0	0	0
LK-6181155	Godakooruwa	Godakooruwa	gnd	82	2	173	25	0	0	1
LK-6181160	Kivulgalla	Kivulgalla	gnd	537	9	149	9	12	0	0
LK-6181165	Eriyagolla	Eriyagolla	gnd	48	1	132	31	0	0	0
LK-6181170	Metiyagane West	Metiyagane West	gnd	61	4	115	16	6	0	0
LK-6181175	Maravita	Maravita	gnd	139	5	250	13	9	0	0
LK-6181180	Muthugala East	Muthugala East	gnd	129	2	176	6	1	0	0
LK-6181185	Metiyagane East	Metiyagane East	gnd	235	3	92	8	0	0	0
LK-6181190	Kasungama	Kasungama	gnd	71	6	218	20	9	0	1
LK-6181195	Pelawatta	Pelawatta	gnd	73	0	216	17	9	0	0
LK-6181200	Pothupitiya	Pothupitiya	gnd	58	1	189	7	1	0	0
LK-6181205	Muthugala West	Muthugala West	gnd	103	3	129	14	3	0	1
LK-6181210	Dambadeniya South	Dambadeniya South	gnd	238	2	286	36	1	0	0
LK-6181215	Dambadeniya North	Dambadeniya North	gnd	114	0	63	3	6	0	0
LK-6181220	Udawelawatta	Udawelawatta	gnd	73	2	176	12	0	0	0
LK-6181225	Riligala	Riligala	gnd	292	3	214	5	22	0	0
LK-6181230	Athuruwala	Athuruwala	gnd	325	6	199	19	2	0	1
LK-6181235	Puskoladeniya	Puskoladeniya	gnd	243	0	61	14	7	0	0
LK-6181240	Delikanu Anga	Delikanu Anga	gnd	103	5	125	16	0	0	0
LK-6181245	Kudagammana	Kudagammana	gnd	132	3	214	28	12	0	0
LK-6181250	Riloluwa	Riloluwa	gnd	74	1	118	23	2	0	0
LK-6181255	Handapangala	Handapangala	gnd	43	1	213	18	2	0	0
LK-6181260	Paranagama	Paranagama	gnd	76	0	119	1	3	0	0
LK-6181265	Marandagolla	Maradagolla	gnd	258	7	149	6	12	0	0
LK-6181270	Epaladeniya	Epaladeniya	gnd	160	1	108	4	0	0	0
LK-6184005	Vilgamuwa	Vilgamuwa	gnd	88	3	128	11	3	0	2
LK-6184010	Vilgamuwa Watta	Vilgamuwa Watta	gnd	70	1	94	13	4	0	0
LK-6184015	Wennoruwa West	Wennoruwa West	gnd	166	10	81	2	2	0	0
LK-6184020	Wennoruwa East	Wennoruwa East	gnd	223	6	78	0	1	0	0
LK-6184025	Damunupola	Damunupola	gnd	36	2	151	13	2	0	0
LK-6184030	Pannala	Pannala	gnd	240	7	50	0	1	0	0
LK-6184035	Nungamuwa Pahala	Nungamuwa Pahala	gnd	49	0	152	11	1	0	0
LK-6184040	Wadawa	Wadawa	gnd	45	4	183	10	3	0	3
LK-6184045	Nungamuwa Ihala	Nungamuwa Ihala	gnd	78	1	98	9	1	0	0
LK-6184050	Dehelgamuwa	Dehelgamuwa	gnd	181	9	2	0	1	0	3
LK-6184055	Ihala Wettewa	Ihala Wettewa	gnd	93	1	155	5	2	0	0
LK-6184060	Kiriwanapola	Kiriwanapola	gnd	94	2	168	14	3	0	0
LK-6184065	Kandegedara South	Kandegedara South	gnd	43	1	155	21	0	0	0
LK-6184070	Welikare	Welikare	gnd	44	2	172	16	4	0	0
LK-6184075	Galgamuwa North	Galgamuwa North	gnd	79	1	163	21	1	0	0
LK-6184080	Galgamuwa South	Galgamuwa South	gnd	216	8	1	1	3	0	0
LK-6184085	Pangolla	Pangolla	gnd	85	1	122	7	15	0	0
LK-6184090	Kandegedara North	Kandegedara North	gnd	245	24	0	1	1	0	1
LK-6184095	Divulgahakotuwa	Divulgahakotuwa	gnd	107	6	85	2	3	0	0
LK-6184100	Waduwawa	Waduwawa	gnd	263	13	141	28	3	0	0
LK-6184105	Lewdeniya	Lewdeniya	gnd	52	0	171	2	2	0	0
LK-6184110	Poramadala	Poramadala	gnd	172	9	140	15	0	0	3
LK-6184115	Galatharaya	Galatharaya	gnd	36	1	94	6	4	0	2
LK-6184120	Hinnarapola	Hinnarapola	gnd	57	3	128	4	0	0	0
LK-6184125	Nugawela	Nugawela	gnd	361	31	34	5	6	0	0
LK-6184130	Maharachchimulla	Maharachchimulla	gnd	64	1	144	7	6	0	0
LK-6184135	Pahala Kalalpitiya	Pahala Kalalpitiya	gnd	93	2	174	63	2	0	0
LK-6184140	Henduwawa	Henduwawa	gnd	79	1	141	10	1	0	0
LK-6184145	Kendagolla	Kendagolla	gnd	70	12	125	28	1	0	0
LK-6184150	Boyawalana	Boyawalana	gnd	75	1	138	14	3	0	1
LK-6184155	Henduwawa Colony	Henduwawa Colony	gnd	59	3	234	27	13	0	0
LK-6184160	Ihala Kalalpitiya	Ihala Kalalpitiya	gnd	75	3	132	5	3	0	0
LK-6184165	Medagampola	Medagampola	gnd	267	8	11	4	3	0	0
LK-6184170	Maldeniya	Maldeniya	gnd	56	0	107	9	6	0	1
LK-6184175	Koholana	Koholana	gnd	374	14	119	9	8	0	0
LK-6184180	Ihala Walakumbura	Ihala Walakumbura	gnd	314	7	29	5	9	0	0
LK-6184185	Yatigaloluwa	Yatigaloluwa	gnd	270	6	39	3	2	0	0
LK-6184190	Pahala Walakumbura	Pahala Walakumbura	gnd	129	3	178	17	0	0	0
LK-6184195	Alawwa South	Alawwa South	gnd	485	21	105	10	3	0	2
LK-6184200	Alawwa North	Alawwa North	gnd	366	16	186	17	7	0	1
LK-6184205	Kebellavita	Kebellavita	gnd	32	2	157	14	2	0	0
LK-6184210	Humbuluwa East	Humbuluwa East	gnd	220	8	145	3	3	0	0
LK-6184215	Humbuluwa West	Humbuluwa West	gnd	413	13	72	7	0	0	0
LK-6184220	Imbulgoda	Imbulgoda	gnd	165	4	11	3	1	0	0
LK-6184225	Keppitiwalana	Keppitiwalana	gnd	406	3	0	3	3	0	1
LK-6184230	Madawala	Madawala	gnd	136	3	126	1	2	0	1
LK-6184235	Othara Kiruwampola	Othara Kiruwampola	gnd	112	0	72	18	3	0	0
LK-6184240	Nebadawathura	Nebadawathura	gnd	101	2	137	14	4	0	1
LK-6184245	Galdeniya	Galdeniya	gnd	147	2	0	0	2	0	0
LK-6184250	Kanameewala	Kanameewala	gnd	67	9	120	2	3	0	0
LK-6184255	Wedeniya	Wedeniya	gnd	233	3	0	7	2	0	1
LK-6184260	Nawathalwatta	Nawathalwatta	gnd	306	3	64	4	10	0	1
LK-6184265	Thumbulla	Thumbulla	gnd	225	2	185	17	3	0	0
LK-6184270	Abbowa	Abbowa	gnd	174	20	387	55	12	0	1
LK-6184275	Paramaulla	Paramaulla	gnd	391	12	86	5	3	0	0
LK-6184280	Galpottepola	Galpottepola	gnd	254	11	1	0	2	0	0
LK-6184285	Miriheliya	Miriheliya	gnd	209	8	112	4	13	0	1
LK-6184290	Pallemorugama	Pallemorugama	gnd	170	0	1	6	1	0	0
LK-6184295	Udakekulawala	Udakekulawala	gnd	156	4	45	12	0	0	0
LK-6184300	Udagankanda	Udagankanda	gnd	159	4	103	28	2	0	1
LK-6184305	Wewala	Wewala	gnd	104	7	133	6	2	0	0
LK-6184310	Pallekekulawala	Pallekekulawala	gnd	104	1	94	3	3	0	0
LK-6184315	Yattalgoda	Yattalgoda	gnd	61	2	113	8	8	0	0
LK-6184320	Bowala	Bowala	gnd	101	2	136	20	12	0	0
LK-6184325	Bujjomuwa	Bujjomuwa	gnd	190	31	104	11	4	0	0
LK-6184330	Kendahena	Kendahena	gnd	44	0	132	20	6	0	2
LK-6187005	Ahugoda East	Ahugoda East	gnd	185	4	93	15	2	0	0
LK-6187010	Amunugama	Amunugama	gnd	213	4	51	29	3	1	0
LK-6187015	Gammana	Gammana	gnd	195	3	7	0	0	0	0
LK-6187020	Pothuhera East	Pothuhera East	gnd	168	2	41	1	2	0	0
LK-6187025	Pothuhera West	Pothuhera West	gnd	340	4	49	4	1	0	0
LK-6187030	Ahugoda Meda	Ahugoda Meda	gnd	101	0	69	2	0	0	0
LK-6187035	Ahugoda West	Ahugoda West	gnd	166	1	8	0	0	0	0
LK-6187040	Mahapitiya	Mahapitiya	gnd	148	1	11	0	0	0	1
LK-6187045	Dewategedara	Dewate Gedara	gnd	69	0	0	0	0	0	0
LK-6187050	Hiripathwella	Hiripathwella	gnd	136	12	71	7	3	0	0
LK-6187055	Ginneriya	Ginneriya	gnd	49	1	56	4	0	0	1
LK-6187060	Wadakada	Wadakada	gnd	96	6	97	19	3	0	0
LK-6187065	Habarawa	Habarawa	gnd	151	0	0	0	2	0	0
LK-6187070	Embalawatta	Embalawatta	gnd	60	0	50	7	0	0	0
LK-6187075	Lihinigiriya	Lihinigiriya	gnd	141	0	0	0	0	0	0
LK-6187080	Medalassa Kalugamuwa	Medalassa Kalugamuwa	gnd	55	3	52	19	5	0	0
LK-6187085	Yatihena	Yatihena	gnd	102	0	0	0	0	0	0
LK-6187090	Maningamuwa	Maningamuwa	gnd	129	0	12	0	0	1	0
LK-6187095	Mawathagama	Mawathagama	gnd	154	0	1	0	0	0	0
LK-6187100	Mandawela	Mandawela	gnd	156	6	2	1	0	0	0
LK-6187105	Kureepotta	Kureepotta	gnd	201	4	2	0	0	0	0
LK-6187110	Arambepola	Arambepola	gnd	102	29	63	9	0	0	0
LK-6187115	Handugala	Handugala	gnd	208	5	153	1	2	0	0
LK-6187120	Bevilgamuwa East	Bevilgamuwa East	gnd	184	1	82	8	1	0	0
LK-6187125	Bevilgamuwa West	Bevilgamuwa West	gnd	103	2	14	1	0	0	0
LK-6187130	Thiyador Watta	Thiyador Watta	gnd	166	0	0	0	0	0	0
LK-6187135	Dembegoda	Dembegoda	gnd	129	0	0	0	1	0	0
LK-6187140	Imbulana	Imbulana	gnd	143	3	0	2	5	0	0
LK-6187145	Kebilittawala	Kebilittawala	gnd	63	2	111	19	4	0	3
LK-6187150	Egalla	Egalla	gnd	290	3	0	3	0	0	0
LK-6187155	Gallenamulla	Gallenamulla	gnd	163	2	21	15	5	0	0
LK-6187160	Udapola	Udapola	gnd	93	3	84	0	2	0	0
LK-6187165	Kaluhendiwala	Kaluhendiwala	gnd	57	2	41	0	1	0	0
LK-6187170	Thalawattegedara	Thalawattegedara	gnd	197	13	0	3	2	0	0
LK-6187175	Kolambalamulla	Kolambalamulla	gnd	116	1	0	3	1	0	0
LK-6187180	Parabevila	Parabevila	gnd	373	8	16	1	2	0	0
LK-6187185	Koradoluwa	Koradoluwa	gnd	106	0	101	5	6	0	0
LK-6187190	Walagammulla	Walagammulla	gnd	82	1	107	12	2	0	0
LK-6187195	Kendahena	Kendahena	gnd	93	0	0	0	4	0	0
LK-6187200	Polpitiya North	Polpitiya North	gnd	40	0	67	3	2	0	0
LK-6187205	Poojapitiya	Poojapitiya	gnd	80	0	0	0	0	0	0
LK-6187210	Polambe	Polambe	gnd	82	0	0	0	0	0	0
LK-6187215	Hondella	Hondella	gnd	174	2	133	13	2	0	0
LK-6187220	Imbulgoda	Imbulgoda	gnd	180	4	2	4	3	0	0
LK-6187225	Barahelagamuwa	Barahelagamuwa	gnd	174	0	1	0	0	0	0
LK-6187230	Dewalepola	Dewalepola	gnd	179	0	52	2	1	0	0
LK-6187235	Ihala Udapola	Ihala Udapola	gnd	136	0	1	0	2	0	1
LK-6187240	Divulkumbura	Divulkumbura	gnd	151	4	1	0	1	0	0
LK-6187245	Bandawa	Bandawa	gnd	506	13	85	16	3	0	1
LK-6187250	Hathalispahuwa	Hathalispahuwa	gnd	107	6	24	1	2	0	0
LK-6187255	Rathmalgoda	Rathmalgoda	gnd	184	0	87	3	1	0	1
LK-6187260	Kollura	Kollura	gnd	61	2	94	4	0	0	0
LK-6187265	Wellewa	Wellewa	gnd	175	5	121	6	1	0	0
LK-6187270	Polpitiya South	Polpitiya South	gnd	54	3	101	3	0	0	0
LK-6187275	Nahakotamada	Nahakotamada	gnd	27	2	78	5	2	0	1
LK-6187280	Aragoda	Aragoda	gnd	230	32	1	0	2	0	0
LK-6187285	Sunilagama	Sunilagama	gnd	82	0	121	0	1	0	0
LK-6187290	Denagamuwa	Denagamuwa	gnd	287	4	150	22	6	0	0
LK-6187295	Madalagama	Madalagama	gnd	202	0	48	5	1	0	0
LK-6187300	Godawela	Godawela	gnd	186	3	6	0	1	0	0
LK-6187305	Kotambule	Kotambule	gnd	196	4	0	0	1	0	0
LK-6187310	Mawatta	Mawatta	gnd	202	4	10	0	3	0	0
LK-6187315	Weeragala	Weeragala	gnd	88	14	37	4	0	0	0
LK-6187320	Yogamuwakanda	Yogamuwakanda	gnd	108	7	1	0	0	0	0
LK-6187325	Epakanda	Epakanda	gnd	273	8	60	5	0	0	0
LK-6187330	Ganegoda North	Ganegoda North	gnd	161	1	5	2	0	0	0
LK-6187335	Delgolla	Delgolla	gnd	133	0	127	8	0	0	0
LK-6187340	Gorokgahapotta	Gorokgahapotta	gnd	73	2	100	27	10	0	0
LK-6187345	Godigamuwa	Godigamuwa	gnd	114	8	153	15	9	0	0
LK-6187350	Udukedeniya	Udukedeniya	gnd	64	1	189	14	6	0	1
LK-6187355	Panaliya North	Panaliya North	gnd	226	15	0	18	7	0	0
LK-6187360	Tenpana	Tenpana	gnd	62	6	201	17	5	0	0
LK-6187365	Kuleepitiya North	Kuleepitiya North	gnd	200	7	0	28	0	0	0
LK-6187370	Ganegoda South	Ganegoda South	gnd	268	3	0	0	0	0	0
LK-6187375	Polgahawela North	Polgahawela North	gnd	283	5	57	3	6	1	0
LK-6187380	Meddalanda	Meddalanda	gnd	237	2	125	8	2	0	0
LK-6187385	Morugama	Morugama	gnd	192	8	109	4	0	0	0
LK-6187390	Galbadagama	Galbadagama	gnd	190	1	0	3	2	0	0
LK-6187395	Weligodapitiya	Weligodapitiya	gnd	295	8	0	0	1	0	0
LK-6187400	Polgahawela South	Polgahawela South	gnd	336	18	97	8	4	34	0
LK-6187405	Kuleepitiya South	Kuleepitiya South	gnd	296	11	11	0	1	3	0
LK-6187410	Serapees Watta	Serapees Watta	gnd	168	11	97	49	3	0	0
LK-6187415	Panaliya South	Panaliya South	gnd	58	1	173	14	4	0	0
LK-6187420	Oruliyadda	Oruliyadda	gnd	645	36	21	2	0	0	0
LK-6203005	Duechbay	Dutchbay	gnd	57	1	126	14	34	13	104
LK-6203010	Palliyawatta	Palliyawatta	gnd	1	1	4	3	5	118	48
LK-6203015	Anawasala	Anawasala	gnd	458	53	385	42	28	1	11
LK-6203020	Sinnakudirippu	Sinnakudirippu	gnd	176	0	82	4	0	0	7
LK-6203025	Wanni Mundalama	Wanni Mundalama	gnd	461	23	153	13	4	0	0
LK-6203030	Mandalakudawa	Mandalakudawa	gnd	1147	28	395	45	15	0	2
LK-6203035	Periyakudirippu	Periyakudirippu	gnd	161	11	79	6	2	2	6
LK-6203040	Pudukudirippuwa	Pudukudirippuwa	gnd	351	16	172	1	1	1	4
LK-6203045	Kandakuliya Kudawa	Kandakuliya Kudawa	gnd	70	1	88	13	5	0	6
LK-6203050	Kurinjipitiya North	Kurinjipitiya North	gnd	159	17	445	36	34	0	2
LK-6203055	Kurinjipitiya South	Kurinjipitiya South	gnd	423	22	149	40	16	0	12
LK-6203060	Kandakuliya	Kandakuliya	gnd	478	51	743	22	44	1	13
LK-6203065	Palliwasalthure	Palliwasalthure	gnd	702	33	264	4	6	2	3
LK-6203070	Musalpitiya	Musalpitiya	gnd	403	47	190	14	3	0	19
LK-6203075	Mudalappaliya	Mudalappaliya	gnd	620	13	356	17	31	0	2
LK-6203080	Thalavila East	Thalavila East	gnd	447	31	50	6	9	0	0
LK-6203085	Thalavila West	Thalavila West	gnd	108	2	211	66	7	4	0
LK-6203090	Palakudawa	Palakudawa	gnd	443	161	138	9	3	0	0
LK-6203095	Thigali	Thigali	gnd	423	27	248	3	0	0	0
LK-6203100	Ettala	Ettala	gnd	263	31	683	44	25	0	7
LK-6203105	Andankanniya	Andankanniya	gnd	51	59	219	37	9	0	1
LK-6203110	Alankudawa	Alankudawa	gnd	626	79	996	123	43	2	13
LK-6203115	Norochchola	Norochchola	gnd	1549	49	196	38	12	1	3
LK-6203120	Paniyadiya	Paniyadiya	gnd	315	19	368	63	11	0	3
LK-6203125	Narakkalliya	Narakkalliya	gnd	286	23	85	69	0	0	0
LK-6203130	Mampuriya	Mampuriya	gnd	384	35	355	58	34	0	7
LK-6203135	Nawakkaduwa	Nawakkaduwa	gnd	517	24	0	0	5	0	1
LK-6203140	Nirmalapura	Nirmalapura	gnd	502	49	94	29	1	0	1
LK-6203145	Daluwa	Daluwa	gnd	264	6	48	17	24	0	5
LK-6203150	Thethapola	Thethapola	gnd	472	50	63	18	7	16	1
LK-6203155	Karamba	Karamba	gnd	1574	81	551	42	39	0	3
LK-6206005	Pukkulama	Pukkulama	gnd	0	0	0	0	0	0	41
LK-6206010	Ralmaduwa	Ralmaduwa	gnd	111	16	165	4	29	0	9
LK-6206015	Parana Eluwankulama	Parana Eluwankulama	gnd	45	6	0	0	1	0	0
LK-6206020	Aluth Eluwankulama	Aluth Eluwankulama	gnd	167	33	79	33	27	1	10
LK-6206025	Serakkuliya	Serakkuliya	gnd	229	26	158	17	18	0	14
LK-6206030	Karathivu North	Karathivu North	gnd	339	14	273	31	14	1	1
LK-6206035	Karathivu South	Karathivu South	gnd	68	10	223	8	10	0	8
LK-6206040	Mangala Pura	Mangalapura	gnd	196	8	114	19	9	0	6
LK-6206045	Bandaranayakapura	Bandaranayakapura	gnd	246	15	69	3	7	0	5
LK-6206050	Vanathavilluwa North	Vanathawilluwa North	gnd	218	14	60	5	9	0	1
LK-6206055	Vanathavilluwa South	Vanathawilluwa South	gnd	296	15	92	10	20	1	6
LK-6206060	Wijayapura West	Wijayapura West	gnd	113	8	145	11	5	0	1
LK-6206065	Wijayapura East	Wijayapura East	gnd	95	4	137	13	6	0	4
LK-6206070	Karadipuwal	Karadipuwal	gnd	46	10	114	0	4	0	1
LK-6206075	Samagipura	Samagipura	gnd	121	8	160	27	6	0	7
LK-6206080	Vattakandal	Vattakandal	gnd	440	37	363	9	24	0	1
LK-6206085	Mailankulama	Mailankulama	gnd	12	3	275	12	4	0	1
LK-6209005	Pahala Puliyankulama	Pahala Puliyankulama	gnd	48	4	233	39	7	0	11
LK-6209010	Moonamalgaswewa	Moonamalgaswewa	gnd	212	4	73	8	6	0	9
LK-6209015	Saliyawewa	Saliyawewa	gnd	290	2	324	14	24	0	6
LK-6209020	Ranawarapitiya	Ranawarapitiya	gnd	101	1	76	2	10	0	2
LK-6209025	Saliyawewa C	Saliyawewa - C	gnd	19	2	194	26	9	0	3
LK-6209030	Saliyawewa B	Saliyawewa - B	gnd	25	0	152	15	4	0	1
LK-6209035	Palugassegama	Palugassegama	gnd	191	9	173	11	14	0	0
LK-6209040	Ihala Puliyankulama	Ihala Puliyankulama	gnd	28	5	171	11	1	0	0
LK-6209045	Thambapanniya	Thambapanniya	gnd	17	4	198	14	4	0	17
LK-6209050	Medagama	Medagama	gnd	144	2	82	10	0	0	0
LK-6209055	Aluthgama	Aluthgama	gnd	254	23	231	11	2	0	2
LK-6209060	Weerapura	Weerapura	gnd	364	10	107	29	10	0	0
LK-6209065	Dangaswewa	Dangaswewa	gnd	144	10	70	7	4	0	5
LK-6209070	Ipalogama	Ipalogama	gnd	127	5	105	10	0	0	5
LK-6209075	Kumbukwewa	Kumbukwewa	gnd	30	3	214	13	0	0	2
LK-6209080	Rambawewa	Rambawewa	gnd	12	6	194	39	3	0	6
LK-6209085	Pahariya	Pahariya	gnd	81	4	126	8	0	0	2
LK-6209090	Murukkuwatawana	Murukkuwatawana	gnd	207	12	1	0	1	0	2
LK-6209095	Thabbowa South	Thabbowa South	gnd	392	2	128	1	7	0	3
LK-6209100	Thabbowa North	Thabbowa North	gnd	39	0	114	3	8	0	0
LK-6209105	Thewanuwara	Thewanuwara	gnd	51	5	216	11	6	0	8
LK-6209110	Pawattamaduwa	Pawattamaduwa	gnd	201	36	1	2	2	0	0
LK-6209115	Karuwalagaswewa	Karuwalagaswewa	gnd	206	15	201	8	6	0	1
LK-6209120	Kuda Medawachchiya	Kuda Medawachchiya	gnd	77	0	60	4	3	0	1
LK-6209125	Paleegama	Paleegama	gnd	31	16	273	23	15	0	11
LK-6209130	Egodapitiya	Egodapitiya	gnd	75	4	178	11	3	0	3
LK-6212005	Mahameddewa	Mahameddewa	gnd	60	4	257	32	23	0	16
LK-6212010	Moragahawewa	Moragahawewa	gnd	172	6	20	1	1	0	0
LK-6212015	Maha Andarawewa	Maha Andarawewa	gnd	20	0	181	14	5	0	0
LK-6212020	Kirimetiyawa	Kirimetiyawa	gnd	91	1	354	3	7	0	1
LK-6212025	Miyellewa	Miyellewa	gnd	39	1	302	39	10	0	8
LK-6212030	Thammennawetiya	Thammennawetiya	gnd	42	0	185	17	5	0	3
LK-6212035	Samurdhigama	Samurdhigama	gnd	9	4	179	9	1	0	5
LK-6212040	Amunuwewa	Amunuwewa	gnd	4	0	112	4	0	0	4
LK-6212045	Kuruluwewa	Kuruluwewa	gnd	29	5	186	3	7	0	1
LK-6212050	Tharanagahawewa	Tharanagahawewa	gnd	175	6	0	0	0	0	0
LK-6212055	Kelewewa	Kelewewa	gnd	10	1	171	13	5	0	1
LK-6212060	Welewewa North	Welewewa North	gnd	16	3	236	17	2	0	3
LK-6212065	Mullegama	Mullegama	gnd	24	3	297	8	7	0	4
LK-6212070	Welewewa South	Welewewa South	gnd	96	0	171	25	0	0	3
LK-6212075	Gedarawewa	Gedarawewa	gnd	0	0	144	2	7	0	2
LK-6212080	Rambakanayagama	Rambakanayagama	gnd	25	1	291	24	19	0	0
LK-6212085	Inginimitiya East	Inginimitiya East	gnd	177	66	75	14	3	0	0
LK-6212090	Inginimitiya West	Inginimitiya West	gnd	186	3	147	23	5	0	1
LK-6212095	Konkadawala	Konkadawala	gnd	85	8	203	10	0	0	1
LK-6215005	Manalthivu	Manalthivu	gnd	1397	73	455	38	77	0	6
LK-6215010	Sirambiadiya	Sirambiadiya	gnd	343	2	343	31	25	0	10
LK-6215015	Sella Kandal	Sella Kandal	gnd	279	13	0	0	0	0	0
LK-6215020	Nelumwewa	Nelumwewa	gnd	332	13	0	5	34	0	8
LK-6215025	Marikkar Street	Marikkar Street	gnd	600	16	238	2	21	5	4
LK-6215030	Mullipuram	Mullipuram	gnd	695	135	368	22	48	1	4
LK-6215035	Pudukudirippuwa	Pudukudirippuwa	gnd	1073	21	452	17	4	0	1
LK-6215040	Puttalam East	Puttalam East	gnd	2336	38	1550	122	18	0	5
LK-6215045	Senakudirippuwa	Senakudirippuwa	gnd	1085	20	384	35	17	3	7
LK-6215050	Thiladiya	Thiladiya	gnd	2446	36	316	22	25	0	5
LK-6215055	Puttalam South	Puttalam South	gnd	720	51	51	11	7	14	2
LK-6215060	Parana Jumma Palli	Parana Jumma Palli	gnd	323	2	45	2	0	0	0
LK-6215065	Puttalam North	Puttalam North	gnd	373	6	47	1	1	0	0
LK-6215070	Periyapalli Kudiyiruppuwa	Periyapalli Kudiyiruppuwa	gnd	80	16	27	9	0	0	1
LK-6215075	Rathmalyaya	Rathmalyaya	gnd	1206	118	622	26	8	1	1
LK-6215080	Thammennagama	Thammannagama	gnd	289	29	2	2	6	1	1
LK-6215085	Kaladiya	Kaladiya	gnd	153	11	313	31	26	0	1
LK-6215090	Bodhirajapura	Bodhirajapura	gnd	102	2	147	9	8	0	0
LK-6215095	Attavilluwa	Attavilluwa	gnd	104	1	204	5	2	2	0
LK-6215100	Palaviya	Palaviya	gnd	658	73	270	45	22	4	3
LK-6215105	Pottuvilluwa	Pottuvilluwa	gnd	881	74	528	41	10	0	2
LK-6215110	Attavilluwa Central	Attavilluwa Central	gnd	305	18	248	20	9	0	8
LK-6218005	Puludiviyal	Puludiviyal	gnd	442	74	314	55	21	0	3
LK-6218010	Viruthodai	Viruthodai	gnd	800	96	54	10	3	1	1
LK-6218015	Weerapura	Weerapura	gnd	998	41	139	18	12	0	2
LK-6218020	Welusumanapura	Welusumanapura	gnd	276	34	434	6	15	0	3
LK-6218025	Madurankuliya	Madurankuliya	gnd	390	34	428	40	34	0	7
LK-6218030	Kanamulla North	Kanamulla North	gnd	519	7	9	0	1	0	0
LK-6218035	Kadayamotte	Kadayamotte	gnd	447	30	70	9	6	0	0
LK-6218040	Nallandaluwa	Nallandaluwa	gnd	437	22	11	7	11	0	0
LK-6218045	Palasola	Palasola	gnd	487	11	223	21	2	0	2
LK-6218050	Mukkuthoduwawa	Mukkuthoduwawa	gnd	263	59	543	91	73	0	2
LK-6218055	Kandathoduwawa	Kandathoduwawa	gnd	76	0	356	0	25	0	1
LK-6218060	Kanamulla South	Kanamulla South	gnd	279	53	124	8	1	0	0
LK-6218065	Pubudugama	Pubudugama	gnd	45	8	252	38	25	0	3
LK-6218070	Sameeragama	Sameeragama	gnd	359	13	9	1	1	0	1
LK-6218075	Palliwasalpaduwa	Palliwasalpaduwa	gnd	164	22	315	52	50	0	4
LK-6218080	Perukkuvattan	Perukkuwattan	gnd	242	32	206	18	7	1	1
LK-6218085	Kottanthievu	Kottanthievu	gnd	562	11	33	7	9	0	1
LK-6218090	Mangalaeliya	Mangalaeliya	gnd	231	10	151	16	14	0	2
LK-6218095	Nawadankulama	Nawadankulama	gnd	223	14	0	3	6	0	1
LK-6218100	Mundalama	Mundalama	gnd	153	16	125	3	2	0	0
LK-6218105	Kudirippuwa	Kudirippuwa	gnd	250	6	63	4	4	0	2
LK-6218110	Kattakaduwa	Kattakaduwa	gnd	442	16	156	24	17	1	1
LK-6218115	Sinnapaduwa	Sinnapaduwa	gnd	296	4	146	18	5	0	1
LK-6218120	Poonapitiya	Poonapitiya	gnd	63	3	337	46	17	0	5
LK-6218125	Andimunai	Andimunai	gnd	160	43	475	9	6	0	0
LK-6218130	Udappuwa	Udappuwa	gnd	173	10	87	6	2	0	1
LK-6218135	Udappuwa	Udappuwa	gnd	97	10	582	23	45	0	6
LK-6218140	Pulichchakulama	Pulichchakulama	gnd	657	32	559	46	33	0	2
LK-6218145	Karathanvilluwa	Karathanvilluwa	gnd	410	28	56	7	8	0	1
LK-6218150	Tharakudivilluwa	Tharakudivilluwa	gnd	508	57	165	23	17	0	5
LK-6218155	Angunavila	Angunavila	gnd	172	3	117	11	0	3	0
LK-6221005	Kivula No. 4-2	Kivula No. 4-2	gnd	36	4	217	8	17	0	4
LK-6221010	Dangahawala	Dangahawala	gnd	67	1	173	10	0	0	1
LK-6221015	Kivula No. 4-1	Kivula No. 4-1	gnd	95	1	214	11	11	0	1
LK-6221020	Kivula Youth Project	Kivula Youth Project	gnd	162	31	221	19	23	0	13
LK-6221025	Kivula No. 1	Kivula No. 1	gnd	8	1	259	25	24	0	0
LK-6221030	Kivulagoda Govi Janapadaya	Kivulagoda Govi Janapadaya	gnd	14	1	151	7	6	0	1
LK-6221035	Rathmalgaswewa	Rathmalgaswewa	gnd	12	9	168	19	3	0	1
LK-6221040	Dangaswewa	Dangaswewa	gnd	233	23	0	0	0	0	0
LK-6221045	Kawayankulama	Kawayankulama	gnd	28	0	139	13	21	0	2
LK-6221050	Jayarajapura	Jayarajapura	gnd	5	1	153	8	1	0	2
LK-6221055	Karuwalabedda	Karuwalabedda	gnd	108	4	101	1	1	0	8
LK-6221060	Maha Kumbukkadawala	Maha Kumbukkadawala	gnd	16	5	197	9	1	0	1
LK-6221065	Sembukuliya	Sembukuliya	gnd	21	20	87	11	2	0	2
LK-6221070	Walpaluwa	Walpaluwa	gnd	150	2	153	5	19	0	3
LK-6221075	Kakupandiyawa	Kakupandiyawa	gnd	41	4	177	16	1	0	1
LK-6221080	Punavitiya	Punavitiya	gnd	17	3	172	10	9	0	3
LK-6221085	Garayakgama	Garayakgama	gnd	295	28	5	1	0	0	0
LK-6221090	Daluwegama	Daluwegama	gnd	8	2	159	9	28	0	0
LK-6221095	Mohoriya	Mohoriya	gnd	1	0	285	10	32	0	4
LK-6221100	Baranankattuwa	Baranankattuwa	gnd	109	2	179	18	0	0	0
LK-6221105	Karungalichole	Karungalichole	gnd	25	5	165	16	13	0	10
LK-6221110	Mahasembukuliya	Mahasembukuliya	gnd	42	0	207	28	29	0	2
LK-6221115	Galkuliya West	Galkuliya West	gnd	186	2	0	5	9	0	0
LK-6221120	Galkuliya East	Galkuliya East	gnd	251	2	0	2	9	0	0
LK-6221125	Andigama	Adigama	gnd	91	12	275	7	16	0	1
LK-6224005	Kottukachchiya Colony 2	Kottukachchiya Colony 2	gnd	47	2	360	19	28	0	7
LK-6224010	Kottukachchiya Colony 1	Kottukachchiya Colony 1	gnd	78	0	166	9	11	0	0
LK-6224015	Mellankulama	Mellankulama	gnd	119	0	183	9	23	0	3
LK-6224020	Kottukachchiya	Kottukachchiya	gnd	256	22	151	27	6	0	3
LK-6224025	Paliyagama	Paliyagama	gnd	184	8	127	12	7	0	9
LK-6224030	Uriyawa	Uriyawa	gnd	266	16	131	7	8	0	13
LK-6224035	Koilandigama	Koiladigama	gnd	173	4	193	13	4	0	8
LK-6224040	07 Gammanaya	07 Gammanaya	gnd	218	3	9	5	5	0	0
LK-6224045	Maha Uswewa South	Maha Uswewa South	gnd	184	16	111	13	0	0	2
LK-6224050	Maha Uswewa North	Maha Uswewa North	gnd	353	31	3	0	3	0	1
LK-6224055	Alankulama	Alankulama	gnd	193	38	185	24	14	0	4
LK-6224060	Merungoda	Merungoda	gnd	203	3	165	20	5	0	1
LK-6224065	Labugala	Labugala	gnd	233	36	2	1	0	0	2
LK-6224070	Karambewa	Karambewa	gnd	60	13	61	2	1	0	3
LK-6224075	Thalgaswewa	Thalgaswewa	gnd	136	3	26	9	5	0	4
LK-6224080	Periyakulama	Periyakulama	gnd	22	7	319	39	38	0	4
LK-6224085	Paramakandagama	Paramakandagama	gnd	307	16	0	0	5	0	2
LK-6224090	Thonigala	Thonigala	gnd	296	36	105	5	5	0	8
LK-6224095	Wadatta	Wadatta	gnd	331	10	0	6	1	0	2
LK-6224100	Viharagama	Viharagama	gnd	114	1	87	17	9	0	4
LK-6224105	Siyambalagashena	Siyabalagashena	gnd	356	9	0	13	24	0	2
LK-6224110	Thattewa	Thattewa	gnd	382	21	0	2	0	0	3
LK-6224115	Thammennagama	Thanmmennagama	gnd	507	5	101	4	6	0	1
LK-6224120	Bammannegama	Bammannegama	gnd	384	8	0	1	3	0	0
LK-6224125	Kothalakemiyawa	Kothalakemiyawa	gnd	20	4	232	6	1	0	1
LK-6224130	Gallewa	Gallewa	gnd	166	6	0	0	4	0	0
LK-6224135	Thalakolawewa	Thalakolawewa	gnd	176	2	275	1	4	0	3
LK-6224140	Anamaduwa	Anamaduwa	gnd	304	1	127	6	10	0	0
LK-6224145	Peramakuttuwa	Peramakuttuwa	gnd	250	12	179	24	9	0	3
LK-6224150	Divulwewa	Divulwewa	gnd	87	3	232	9	3	0	10
LK-6224155	Wadigamangawa	Wadigamangawa	gnd	342	11	14	10	10	0	4
LK-6224160	Dharmapalaya	Dharmapalaya	gnd	368	16	3	0	6	0	0
LK-6224165	Uppalawatta	Uppalawatta	gnd	149	6	169	15	7	0	3
LK-6224170	Sangattikulama	Sangattikulama	gnd	87	1	302	24	0	3	2
LK-6224175	Mudalakkuliya	Mudalakkuliya	gnd	151	7	329	15	2	0	0
LK-6227005	Dewala Handiya	Dewala Handiya	gnd	173	3	375	31	6	0	3
LK-6227010	Wilpatha East	Wilpatha East	gnd	94	6	350	39	13	0	7
LK-6227015	Siyambalagaswewa	Siyabalagaswewa	gnd	110	10	137	23	13	0	2
LK-6227020	Nagavila	Nagavila	gnd	43	6	277	18	10	1	4
LK-6227025	Periyamaduwa	Periyamaduwa	gnd	210	8	155	4	8	0	2
LK-6227030	Kammanadaluwa	Kammandaluwa	gnd	305	6	198	23	17	0	3
LK-6227035	Wilpatha West	Wilpatha West	gnd	266	9	184	12	15	0	5
LK-6227040	Thamarakkulama	Thamarakkulama	gnd	278	4	162	24	22	0	1
LK-6227045	Serukele	Serukele	gnd	72	1	178	14	2	0	4
LK-6227050	Katupotha	Katupotha	gnd	255	7	128	9	15	0	2
LK-6227055	Madawakkulama	Madawakkulama	gnd	316	4	187	16	22	9	2
LK-6227060	Wetiya	Wetiya	gnd	487	21	131	31	7	0	0
LK-6227065	Nandimithrapura	Nandimithtrapura	gnd	479	15	286	31	22	0	1
LK-6227070	Wendakaduwa	Wendakaduwa	gnd	141	1	112	18	20	0	5
LK-6227075	Pallama	Pallama	gnd	512	13	10	17	22	3	1
LK-6227080	Wathupola	Wathupola	gnd	300	4	0	2	11	0	2
LK-6227085	Puliyankulama	Puliyankulama	gnd	106	2	137	15	7	0	2
LK-6227090	Thammana	Thammana	gnd	225	11	142	10	14	0	2
LK-6230005	Battaluoya	Battuluoya	gnd	191	1	193	2	6	0	0
LK-6230010	Mahamaeliya	Mahamaeliya	gnd	70	3	198	27	7	0	2
LK-6230015	Buruthakele	Buruthakele	gnd	93	0	318	35	15	0	0
LK-6230020	Wijayakatupatha Elen Megoda	Wijayakatupatha Elen Megoda	gnd	210	7	441	27	20	0	0
LK-6230025	Pahala Attanganaya	Pahala Attanganaya	gnd	201	2	0	2	0	0	0
LK-6230030	Wijayakatupatha Elen Egoda	Wijayakatupatha Elen Egoda	gnd	41	1	121	15	4	0	1
LK-6230035	Anavilundawa	Anavilundawa	gnd	55	1	194	6	2	0	0
LK-6230040	Suruvila	Suruvila	gnd	154	1	82	1	0	0	0
LK-6230045	Ilakkattuwa	Ilakkattuwa	gnd	430	7	134	18	5	0	0
LK-6230050	Pankulawa	Pankulawa	gnd	83	4	145	4	3	0	1
LK-6230055	Ihala Attanganaya	Ihala Attanganaya	gnd	84	10	152	3	0	0	1
LK-6230060	Ambakele	Ambakele	gnd	73	3	121	7	4	0	1
LK-6230065	Welipelessa	Welipelessa	gnd	245	10	59	4	11	0	0
LK-6230070	Nalladarankattuwa	Nalladarankattuwa	gnd	104	2	92	9	4	0	0
LK-6230075	Karukupane	Karukupane	gnd	112	6	476	76	16	0	2
LK-6230080	Wairankattuwa	Wairankattuwa	gnd	225	0	65	8	2	0	0
LK-6230085	Sengaloya	Sengaloya	gnd	134	5	244	17	1	0	1
LK-6230090	Arachchikattuwa West	Arachchikattuwa West	gnd	322	18	109	15	6	1	1
LK-6230095	Arachchikattuwa East	Arachchikattuwa East	gnd	138	2	148	9	0	0	0
LK-6230100	Bandarahena	Bandarahena	gnd	240	9	256	17	19	0	0
LK-6230105	Adippala	Adippala	gnd	11	0	214	18	1	0	2
LK-6230110	Andanan Kattuwa	Andanan Kattuwa	gnd	28	8	148	10	6	0	4
LK-6230115	Kumarakattuwa	Kumarakattuwa	gnd	198	3	194	22	7	3	4
LK-6230120	Elivitiya	Elivitiya	gnd	254	13	184	16	20	0	3
LK-6230125	Diganwewa	Diganwewa	gnd	82	1	214	51	5	0	4
LK-6230130	Rajakadaluwa	Rajakadaluwa	gnd	377	5	246	12	2	0	1
LK-6230135	Kusala	Kusala	gnd	109	3	122	20	5	0	0
LK-6230140	Kottapitiya	Kottapitiya	gnd	127	3	226	24	2	0	0
LK-6230145	Bangadeniya	Bangadeniya	gnd	156	7	170	14	5	0	6
LK-6230150	Weerakumandaluwa	Weerakumandaluwa	gnd	567	33	180	10	5	1	0
LK-6230155	Karukkuliya	Karukkuliya	gnd	227	3	109	8	5	0	0
LK-6230160	Mukkandaluwa	Mukkandaluwa	gnd	215	12	314	17	4	0	1
LK-6230165	Dematapitiya	Dematapitiya	gnd	167	1	160	12	4	0	0
LK-6233005	Kurusapaduwa	Kurusapaduwa	gnd	197	117	0	3	9	0	7
LK-6233010	Deduruoya	Deduruoya	gnd	440	31	298	80	10	0	2
LK-6233015	Manuwangama West	Manuwangama West	gnd	55	6	160	24	5	0	0
LK-6233020	Manuwangama East	Manuwangama East	gnd	12	2	130	5	0	0	0
LK-6233025	Nariyagama North	Nariyagama North	gnd	43	1	147	21	1	0	0
LK-6233030	Parappanmulla	Parappanmulla	gnd	78	2	169	11	3	0	0
LK-6233035	Weerapandiyana	Weerapandiyana	gnd	29	0	178	31	1	0	1
LK-6233040	Maha Vilattawa	Maha Vilattawa	gnd	48	12	188	10	1	0	0
LK-6233045	Kanattawa	Kanattawa	gnd	127	7	41	11	4	0	1
LK-6233050	Nariyagama South	Nariyagama South	gnd	33	4	123	13	5	0	0
LK-6233055	Urudayandaluwa	Urudayandaluwa	gnd	132	7	0	0	1	0	0
LK-6233060	Thissogama	Thissogama	gnd	146	5	131	11	23	0	1
LK-6233065	Thimbilla	Thimbilla	gnd	402	7	230	32	5	1	1
LK-6233070	Wattakkaliya	Wattakkaliya	gnd	816	45	105	6	6	1	0
LK-6233075	Weralabada South	Weralabada South	gnd	113	39	318	49	20	0	3
LK-6233080	Weralabada North	Weralabada North	gnd	77	1	179	8	0	0	0
LK-6233085	Egodawatta	Egodawatta	gnd	233	1	10	2	3	0	0
LK-6233090	Aluthwatta	Aluthwatta	gnd	289	10	118	8	2	0	0
LK-6233095	Aluthwatta	Aluthwatta	gnd	276	17	22	1	2	1	0
LK-6233100	Ichchampitiya	Ichchampitiya	gnd	913	8	11	0	0	1	0
LK-6233105	Munneshwarama	Munneshwarama	gnd	149	11	168	23	4	2	3
LK-6233110	Thittakade	Thittakade	gnd	215	29	329	15	4	0	0
LK-6233115	Mugunuwatawana	Mugunuwatawana	gnd	328	18	85	4	7	0	0
LK-6233120	Kokkavila	Kokkavila	gnd	240	15	273	16	6	0	0
LK-6233125	Puliyankadawara	Pulliyankadawara	gnd	101	2	175	13	5	0	0
LK-6233130	Punchi Vilattawa	Punchi Vilattawa	gnd	187	11	59	7	0	0	0
LK-6233135	Karavitagara West	Karawitagara West	gnd	53	1	196	48	39	0	3
LK-6233140	Karavitagara East	Karavitagara East	gnd	327	56	1	1	0	0	1
LK-6233145	Dambakele	Dambakele	gnd	57	0	117	29	3	0	3
LK-6233150	Weerakelewatta	Weerakelewatta	gnd	61	4	209	70	13	0	0
LK-6233155	Karavita	Karavita	gnd	66	1	88	22	2	0	1
LK-6233160	Mungandaluwa East	Mungandaluwa East	gnd	144	0	66	3	3	0	0
LK-6233165	Mungandaluwa West	Mungandaluwa West	gnd	179	3	58	3	2	0	0
LK-6233170	Ilippadeniya	Ilippadeniya	gnd	274	5	103	10	2	0	2
LK-6233175	Sawarana	Sawarana	gnd	207	8	367	22	11	0	2
LK-6233180	Maikkulama	Maikkulama	gnd	835	13	279	15	1	1	0
LK-6233185	Pitipana East	Pitipana East	gnd	267	4	13	2	0	1	0
LK-6233190	Melpura	Melpura	gnd	276	13	76	0	0	1	0
LK-6233195	Pitipana North	Pitipana North	gnd	256	2	33	1	1	0	0
LK-6233200	Pitipana South	Pitipana South	gnd	333	12	2	0	2	4	1
LK-6233205	Weralabada	Weralabada	gnd	394	5	291	10	8	0	1
LK-6233210	Welihena	Welihena	gnd	135	5	248	41	9	0	0
LK-6233215	Merawala	Merawala	gnd	263	4	0	0	1	0	0
LK-6233220	Inigodawela	Inigodawela	gnd	251	0	0	1	0	0	0
LK-6233225	Ihala Olidaluwa	Ihala Olidaluwa	gnd	137	5	0	2	6	0	1
LK-6233230	Maradankulama	Maradankulama	gnd	85	5	105	16	2	0	0
LK-6233235	Olidaluwa	Olidaluwa	gnd	222	15	34	3	0	0	0
LK-6233240	Ambakandavila	Ambakandavila	gnd	433	12	0	2	6	0	0
LK-6233245	Kakkapalliya	Kakkapalliya	gnd	259	4	22	3	1	1	2
LK-6236005	Athuwana	Athuwana	gnd	65	4	182	73	10	0	0
LK-6236010	Mahagama North	Mahagama North	gnd	68	1	211	57	12	0	0
LK-6236015	Mahagama South	Mahagama South	gnd	36	0	192	36	7	0	0
LK-6236020	Kongasyaya	Kongasyaya	gnd	30	1	108	44	1	0	6
LK-6236025	Ponnankanniya	Ponnankanniya	gnd	37	0	103	10	13	0	0
LK-6236030	Manakkulama	Manakkulama	gnd	197	3	293	19	22	0	1
LK-6236035	Dematapitiya	Dematapitiya	gnd	207	12	1	1	8	0	0
LK-6236040	Thambagalla West	Thambagalla West	gnd	44	0	160	10	3	0	0
LK-6236045	Thambagalla	Thambagalla	gnd	114	3	30	4	0	0	0
LK-6236050	Thambagalla Watta	Thambagalla Watta	gnd	275	12	1	2	4	0	0
LK-6236055	Medagama	Medagama	gnd	85	2	175	20	0	0	1
LK-6236060	Panirendawa	Panirendawa	gnd	46	5	112	14	1	0	0
LK-6236065	Rathmal Agara	Rathmal Agara	gnd	154	23	0	0	0	0	0
LK-6236070	Rathnagiriya	Rathnagiriya	gnd	147	38	1	2	0	0	0
LK-6236075	Nankadawara	Nankadawara	gnd	96	3	140	11	12	0	0
LK-6236080	Kuda Bingiriya	Kuda Bingiriya	gnd	163	3	183	2	1	0	0
LK-6236085	Indigasvila	Indigasvila	gnd	131	6	18	1	0	0	0
LK-6236090	Walahena	Walahena	gnd	45	0	244	23	3	0	0
LK-6236095	Pambala	Pambala	gnd	153	2	47	2	1	0	0
LK-6236100	Pambala South	Pambala South	gnd	275	1	0	2	1	0	0
LK-6236105	Hareendragama	Hareendragama	gnd	133	3	17	1	0	0	0
LK-6236110	Sembukattiya	Sembukattiya	gnd	142	1	230	20	2	0	0
LK-6236115	Uraliya	Uraliya	gnd	112	1	167	2	10	0	0
LK-6236120	Heen Agara	Heen Agara	gnd	90	3	269	51	13	0	0
LK-6236125	Kachchakaduwa	Kachchakaduwa	gnd	143	23	11	2	0	0	0
LK-6236130	Galmuruwa North	Galmuruwa North	gnd	67	2	106	1	14	9	0
LK-6236135	Kudirippuwa	Kudirippuwa	gnd	218	0	127	2	1	0	0
LK-6236140	Karukkuwatawana	Karukkuwatawana	gnd	58	2	188	14	6	0	0
LK-6236145	Erunvila	Erunvila	gnd	315	6	1	11	6	0	0
LK-6236150	Karukkuwa	Karukkuwa	gnd	218	21	96	13	8	0	0
LK-6236155	Galahitiyawa	Galahitiyawa	gnd	322	17	116	12	4	1	0
LK-6236160	Maraggalagama	Maraggalagama	gnd	425	10	86	13	3	0	0
LK-6236165	Irattakulama North	Irattakulama North	gnd	205	8	46	3	0	0	0
LK-6236170	Irattakulama South	Irattakulama South	gnd	109	0	85	8	2	0	0
LK-6236175	Egodayagama	Egodayagama	gnd	78	2	44	8	2	0	0
LK-6236180	Pattiyagama	Pattiyagama	gnd	137	2	74	0	4	0	0
LK-6236185	Ihalagama	Ihalagama	gnd	204	1	63	12	1	15	1
LK-6236190	Uraliyagara	Uraliyagara	gnd	729	30	169	12	3	0	0
LK-6236195	Mellawagara	Mellawagara	gnd	349	5	198	9	7	0	1
LK-6236200	Suduwella	Suduwella	gnd	163	4	162	22	6	0	0
LK-6236205	Pothuvila	Pothuvila	gnd	296	7	136	15	3	0	0
LK-6236210	Pallakele	Pallakele	gnd	155	22	125	26	3	0	1
LK-6236215	Galmuruwa South	Galmuruwa South	gnd	135	0	209	33	22	0	0
LK-6236220	Henapola	Henapola	gnd	203	60	21	3	0	0	0
LK-6236225	Mugunuwatawana	Mugunuwatawana	gnd	104	3	175	9	15	0	0
LK-6236230	Pookulama	Pookulama	gnd	86	0	43	2	0	0	1
LK-6236235	Nelumpokuna	Nelumpokuna	gnd	73	2	103	4	2	0	1
LK-6236240	Mahabaddegama	Mahabaddegama	gnd	301	7	23	7	1	1	0
LK-6236245	Thaniwellagama	Thaniwellegama	gnd	85	2	95	23	0	0	0
LK-6239005	Iranavila West	Iranavila West	gnd	381	5	651	58	13	0	0
LK-6239010	Iranavila East	Iranavila East	gnd	325	1	3	0	0	0	0
LK-6239015	Thoduwawa North	Thoduwawa North	gnd	347	6	410	17	4	0	0
LK-6239020	Meda Thoduwawa	Meda Thoduwawa	gnd	363	10	132	9	1	0	0
LK-6239025	Thoduwawa South	Thoduwawa South	gnd	309	0	73	3	2	0	0
LK-6239030	Mattakotuwa	Mattakotuwa	gnd	139	1	115	10	1	0	0
LK-6239035	Pahala Mahawewa	Pahala Mahawewa	gnd	130	6	4	0	1	1	0
LK-6239040	Adapparagama	Adapparagama	gnd	100	1	69	1	2	0	0
LK-6239045	Ihala Kudawewa	Ihala Kudawewa	gnd	112	3	126	6	0	0	0
LK-6239050	Puruduwella	Puruduwella	gnd	61	0	69	8	1	0	0
LK-6239055	Galamuna	Galamuna	gnd	72	4	192	25	3	0	1
LK-6239060	Medagoda	Medagoda	gnd	80	6	96	1	1	0	0
LK-6239065	Hewana	Hewana	gnd	78	8	110	13	6	0	1
LK-6239070	Yatakalana	Yatakalana	gnd	57	2	142	11	12	0	0
LK-6239075	Muttibendivila	Muttibendivila	gnd	61	1	99	27	1	0	0
LK-6239080	Ihala Walahapitiya	Ihala Walahapitiya	gnd	185	12	62	7	4	0	3
LK-6239085	Meda Walahapitiya	Meda Walahapitiya	gnd	245	0	60	2	0	0	0
LK-6239090	Pahala Kudawewa	Pahala Kudawewa	gnd	73	6	82	7	0	0	0
LK-6239095	Maligawatta	Maligawatta	gnd	130	0	123	9	0	2	0
LK-6239100	Meda Mahawewa	Meda Mahawewa	gnd	137	1	47	1	1	0	0
LK-6239105	Veehena	Veehena	gnd	126	3	77	6	0	0	0
LK-6239110	Mattakotuwella	Mattakotuwella	gnd	291	0	97	6	1	0	0
LK-6239115	Barudelpola	Barudelpola	gnd	188	7	124	8	4	0	2
LK-6239120	Ihala Mahawewa	Ihala Mahawewa	gnd	399	16	221	4	8	0	0
LK-6239125	Pahala Koswadiya	Pahala Koswadiya	gnd	135	13	47	1	2	1	0
LK-6239130	Meda Koswadiya	Meda Koswadiya	gnd	129	0	119	2	13	0	2
LK-6239135	Ihala Koswadiya	Ihala Koswadiya	gnd	167	2	114	8	2	0	0
LK-6239140	Pahala Walahapitiya	Pahala Walahapitiya	gnd	105	28	28	6	2	0	0
LK-6239145	Panangoda	Panangoda	gnd	397	12	160	20	12	0	0
LK-6239150	Sagaragama	Sagaragama	gnd	164	12	55	2	1	0	0
LK-6239155	Egodagoda	Egodagoda	gnd	82	3	104	12	5	0	0
LK-6239160	Puhulhena	Puhulhena	gnd	77	5	155	20	3	0	0
LK-6239165	Halpanvila East	Halpanvila East	gnd	203	5	232	19	2	0	0
LK-6239170	Meda Hattiniya	Meda Hattiniya	gnd	161	1	91	7	3	0	0
LK-6239175	Halpanvila West	Halpanvila West	gnd	216	3	4	0	2	0	0
LK-6239180	Thalvila	Thalvila	gnd	325	15	47	16	1	1	2
LK-6239185	Modarawella	Modarawella	gnd	133	1	1	0	0	0	0
LK-6239190	Pahala Hattiniya	Pahala Hattiniya	gnd	271	10	20	9	1	0	0
LK-6239195	Maravila North	Maravila North	gnd	127	4	1	1	2	0	0
LK-6239200	Ihala Hattiniya	Ihala Hattiniya	gnd	236	0	132	17	0	0	0
LK-6239205	Maranda North	Maranda North	gnd	306	17	140	29	4	0	0
LK-6239210	Maranda South	Maranda South	gnd	167	8	109	17	5	0	0
LK-6239215	Horagolla North	Horagolla North	gnd	301	5	0	1	0	0	0
LK-6239220	Horagolla South	Horagolla South	gnd	220	3	54	16	1	0	0
LK-6239225	Maravila Town	Maravila Town	gnd	192	2	28	1	0	0	0
LK-6239230	Maravila South	Maravila South	gnd	230	0	123	2	1	0	0
LK-6239235	Maravila Wella	Maravila Wella	gnd	68	6	86	32	8	0	0
LK-6242005	Pahala Nattandiya	Pahala Nattandiya	gnd	153	11	205	14	24	1	2
LK-6242010	Mailawa	Mailawa	gnd	241	8	131	9	4	0	0
LK-6242015	Pilakatumulla	Pilakatumulla	gnd	164	0	50	1	1	0	0
LK-6242020	Dunkannawa	Dukkannawa	gnd	580	18	160	3	1	0	0
LK-6242025	Maningala	Maningala	gnd	650	29	527	12	25	0	0
LK-6242030	Sandanangama	Sandanangama	gnd	159	6	208	16	7	0	0
LK-6242035	Ihala Thabbowa	Ihala Thabbowa	gnd	316	0	200	1	4	0	0
LK-6242040	Meda Thabbowa	Meda Thabbowa	gnd	284	2	48	7	0	0	0
LK-6242045	Pahala Thabbowa	Pahala Thabbowa	gnd	416	9	28	3	0	0	0
LK-6242050	Weerahena East	Weerahena East	gnd	333	4	68	2	0	0	0
LK-6242055	Ihala Nattandiya	Ihala Nattandiya	gnd	442	2	38	0	0	14	0
LK-6242060	Meda Nattandiya	Meda Nattandiya	gnd	177	27	369	14	2	5	0
LK-6242065	Weerahena West	Weerahena West	gnd	723	22	70	2	0	0	2
LK-6242070	Mudukatuwa North	Mudukatuwa North	gnd	588	20	182	34	5	1	0
LK-6242075	Mudukatuwa South	Mudukatuwa South	gnd	820	32	109	3	5	0	0
LK-6242080	Mudukatuwa East	Mudukatuwa East	gnd	123	0	0	4	0	0	0
LK-6242085	Pahala Mavila	Pahala Mavila	gnd	411	6	41	4	3	0	0
LK-6242090	Meda Mavila	Meda Mavila	gnd	455	16	146	7	3	0	1
LK-6242095	Ihala Mavila	Ihala Mavila	gnd	197	1	64	3	3	0	0
LK-6242100	Pahala Kottaramulla	Pahala Kottaramulla	gnd	149	0	154	3	4	0	0
LK-6242105	Paluwelgala North	Paluwelgala North	gnd	108	0	79	12	1	0	1
LK-6242110	Kachchirawa	Kachchirawa	gnd	45	1	84	0	0	0	0
LK-6242115	Paluwelgala South	Paluwelgala South	gnd	155	0	4	3	1	0	0
LK-6242120	Naravila	Naravila	gnd	165	4	142	8	8	0	0
LK-6242125	Kuddetiyawa	Kuddetiyawa	gnd	16	0	167	3	0	0	0
LK-6242130	Yakdessawa	Yakdessawa	gnd	93	7	83	2	0	0	0
LK-6242135	Koswatta North	Koswatta North	gnd	102	0	120	3	1	3	0
LK-6242140	Meegahawela	Meegahawela	gnd	75	0	165	3	3	0	0
LK-6242145	Koswatta South	Koswatta South	gnd	100	1	132	14	2	0	0
LK-6242150	Morakele South	Morakele South	gnd	192	5	196	9	0	0	0
LK-6242155	Meda Kottaramulla	Meda Kottaramulla	gnd	619	23	32	3	3	0	0
LK-6242160	Morakele North	Morakele North	gnd	120	2	204	7	12	0	1
LK-6242165	Ihala Kottaramulla	Ihala Kottaramulla	gnd	435	16	108	5	4	0	0
LK-6242170	Thummodara East	Thunmodara East	gnd	146	1	126	4	6	0	1
LK-6242175	Thummodara West	Thunmodara West	gnd	399	22	25	27	9	2	0
LK-6242180	Nakele	Nakele	gnd	92	17	7	0	0	0	0
LK-6242185	Ihala Katuneriya	Ihala Katuneriya	gnd	301	12	191	11	9	0	0
LK-6242190	Bulugahawewa	Bulugahawewa	gnd	266	14	43	0	0	0	1
LK-6242195	Nebadagahayaya	Nebadagahayaya	gnd	484	0	57	2	0	0	0
LK-6242200	Lansigama	Lansigama	gnd	269	8	170	19	2	0	0
LK-6242205	Pahala Katuneriya North	Pahala Katuneriya North	gnd	261	1	82	1	0	0	0
LK-6242210	Meda Pahala Katuneriya	Meda Pahala Katuneriya	gnd	193	1	168	7	1	0	0
LK-6242215	Pahala Katuneriya South	Pahala Katuneriya South	gnd	303	5	47	3	2	0	0
LK-6242220	Meda Katuneriya	Meda Katuneriya	gnd	214	0	1	0	0	0	0
LK-6242225	Meegahawewa	Meegahawewa	gnd	225	1	0	9	3	0	0
LK-6242230	Dematapitiya	Dematapitiya	gnd	155	4	82	18	0	0	0
LK-6242235	Dhammikagama	Dhammikagama	gnd	140	0	94	8	0	0	0
LK-6245005	Kolinjadiya West	Kolinjadiya West	gnd	340	18	66	30	7	2	0
LK-6245010	Kolinjadiya North	Kolinjadiya North	gnd	291	4	6	2	1	0	0
LK-6245015	Udasirigama	Udasirigama	gnd	273	19	0	1	7	0	0
LK-6245020	Sirigampala North	Sirigampala North	gnd	135	4	209	17	0	0	0
LK-6245025	Lunuvila East	Lunuvila East	gnd	349	30	233	3	7	0	0
LK-6245030	Sirigampala South	Sirigampola South	gnd	184	2	276	24	1	0	0
LK-6245035	Meda Lunuvila	Meda Lunuwila	gnd	511	13	800	51	9	0	0
LK-6245040	Lunuvila West	Lunuwila West	gnd	252	22	79	21	2	0	0
LK-6245045	Wennappuwa North	Wennappuwa North	gnd	371	5	97	17	9	0	0
LK-6245050	Kolinjadiya East	Kolinjadiya East	gnd	185	11	34	4	0	0	0
LK-6245055	Kolinjadiya South	Kolinjadiya South	gnd	128	0	87	0	6	0	0
LK-6245060	Ulhitiyawa West	Ulhitiyawa West	gnd	352	30	4	1	0	0	0
LK-6245065	Ulhitiyawa North	Ulhitiyawa North	gnd	384	4	17	1	0	0	0
LK-6245070	Meda Ulhitiyawa	Meda Ulhitiyawa	gnd	480	3	36	2	0	0	1
LK-6245075	Wennappuwa West	Wennappuwa West	gnd	424	6	9	7	2	0	0
LK-6245080	Meda Wennappuwa	Meda Wennappuwa	gnd	325	5	3	3	8	0	0
LK-6245085	Wennappuwa East	Wennappuwa East	gnd	297	28	1	4	15	0	0
LK-6245090	Lunuvila South	Lunuwila South	gnd	345	16	79	6	0	0	0
LK-6245095	Bandirippuwa North	Bandirippuwa North	gnd	313	1	105	18	2	2	0
LK-6245100	Bandirippuwa West	Bandirippuwa West	gnd	176	5	223	41	1	0	0
LK-6245105	Wennappuwa South	Wennappuwa South	gnd	361	1	47	4	0	0	0
LK-6245110	Ulhitiyawa South	Ulhitiyawa South	gnd	468	2	56	8	1	0	0
LK-6245115	Kadawatha	Kadawatha	gnd	189	8	220	24	6	0	0
LK-6245120	Dummaladeniya West	Dummaladeniya West	gnd	220	5	98	8	1	0	0
LK-6245125	Meda Dummaladeniya	Meda Dummaladeniya	gnd	392	1	78	9	0	0	1
LK-6245130	Dummaladeniya North	Dummaladeniya North	gnd	221	1	0	1	1	0	0
LK-6245135	Bandirippuwa East	Bandirippuwa East	gnd	342	13	233	33	18	1	0
LK-6245140	Dummaladeniya East	Dummaladeniya East	gnd	116	5	72	15	0	0	0
LK-6245145	Dummaladeniya South	Dummaladeniya South	gnd	175	2	79	4	1	0	0
LK-6245150	Wellamankaraya	Wellamankaraya	gnd	147	9	210	16	2	0	0
LK-6245155	Meda Nainamadama	Meda Nainamadama	gnd	353	0	109	1	4	11	0
LK-6245160	Hanathotupola	Hanathotupola	gnd	220	0	39	1	0	0	0
LK-6245165	Boralessa West	Boralessa West	gnd	169	1	99	10	1	0	0
LK-6245170	Boralessa North	Boralessa North	gnd	258	3	18	17	1	0	0
LK-6245175	Boralessa East	Boralessa East	gnd	220	3	168	26	3	0	0
LK-6245180	Boralessa South	Boralessa South	gnd	251	16	6	7	1	0	1
LK-6245185	Nainamadama West	Nainamadama West	gnd	340	1	30	0	0	0	0
LK-6245190	Nainamadama East	Nainamadama East	gnd	216	6	51	4	1	0	0
LK-6245195	Mirissankotuwa North	Mirissankotuwa North	gnd	123	1	74	2	6	0	0
LK-6245200	Mirissankotuwa South	Mirissankotuwa South	gnd	199	4	51	13	5	0	1
LK-6245205	Bolawatta	Bolawatta	gnd	179	2	81	10	2	2	0
LK-6245210	Rangammulla	Rangammulla	gnd	167	13	55	8	1	1	0
LK-6245215	Kammala	Kammala	gnd	323	40	6	0	3	0	1
LK-6245220	Angampitiya East	Angampitiya East	gnd	205	4	73	8	0	0	0
LK-6245225	Angampitiya West	Angampitiya West	gnd	296	22	22	5	10	7	0
LK-6245230	Aluttota	Aluttota	gnd	263	11	78	15	26	0	0
LK-6245235	Sindathriya	Sindathriya	gnd	261	9	74	0	4	2	1
LK-6245240	Waikkala North	Waikkala North	gnd	222	8	66	8	2	0	0
LK-6245245	Waikkala South	Waikkala South	gnd	93	0	278	16	3	4	0
LK-6245250	Bolana	Bolana	gnd	187	5	112	14	2	0	0
LK-6245255	Thambaravila	Thambarawila	gnd	142	3	71	39	1	11	1
LK-6245260	Thopputhota	Thopputhota	gnd	155	3	80	12	0	0	1
LK-6248005	Bothalegama	Bothalegama	gnd	332	11	71	2	0	0	0
LK-6248010	Kirimetiyana East	Kirimetiyana East	gnd	225	20	60	1	10	0	0
LK-6248015	Thulawala	Thulawala	gnd	138	1	155	17	1	0	1
LK-6248020	Hundirapola	Hundirapola	gnd	218	2	0	1	0	0	0
LK-6248025	Pothuwatawana	Pothuwatawana	gnd	390	8	144	23	24	0	0
LK-6248030	Lihiriyagama	Lihiriyagama	gnd	86	3	199	29	21	0	0
LK-6248035	Kahatavila Part	Kahatavila East	gnd	289	3	329	15	4	0	2
LK-6248040	Kahatavila West	Kahatavila West	gnd	373	0	85	5	0	0	0
LK-6248045	Meda Kirimetiyana	Meda Kirimetiyana	gnd	303	9	113	5	9	0	0
LK-6248050	Kirimetiyana North	Kirimetiyana North	gnd	280	5	90	23	9	1	1
LK-6248055	Kirimetiyana West	Kirimetiyana West	gnd	183	4	175	0	0	0	0
LK-6248060	Kirimetiyana South	Kirimetiyana South	gnd	107	0	154	8	3	0	0
LK-6248065	Pansal Handiya	Pansal Handiya	gnd	148	4	209	9	0	0	0
LK-6248070	Haldanduwana North	Haldanduwana North	gnd	264	4	89	2	0	1	0
LK-6248075	Mellawa	Mellawa	gnd	367	34	227	29	7	0	1
LK-6248080	Ihala Bujjampola	Ihala Bujjampola	gnd	191	54	2	0	0	0	0
LK-6248085	Pahala Bujjampola	Pahala Bujjampola	gnd	394	43	145	27	3	0	0
LK-6248090	Haldanduwana West	Haldanduwana West	gnd	498	31	81	6	0	0	0
LK-6248095	Meda Haldanduwana	Meda Haldanduwana	gnd	476	24	248	63	16	0	1
LK-6248100	Katukenda East	Katukenda East	gnd	390	12	36	2	1	0	0
LK-6248105	Meda Katukenda	Meda Katukenda	gnd	349	18	0	3	4	0	0
LK-6248110	Gonavila North	Gonavila North	gnd	112	3	85	5	11	0	0
LK-6248115	Meda Gonavila	Meda Gonavila	gnd	292	1	11	7	6	0	0
LK-6248120	Katukenda West	Katukenda West	gnd	67	2	89	7	8	0	0
LK-6248125	Dankotuwa West	Dankotuwa West	gnd	359	7	52	3	0	0	0
LK-6248130	Dankotuwa North	Dankotuwa North	gnd	175	0	11	6	2	1	0
LK-6248135	Ihala Dummalakotuwa	Ihala Dummalakotuwa	gnd	164	1	98	1	0	0	0
LK-6248140	Haldanduwana South	Haldanduwana South	gnd	314	12	19	18	0	0	0
LK-6248145	Pahala Mohottimulla	Pahala Mohottimulla	gnd	275	30	127	19	5	0	0
LK-6248150	Ihala Mohottimulla	Ihala Mohottimulla	gnd	63	1	194	28	18	0	0
LK-6248155	Sendiriyamulla	Sendiriyamulla	gnd	267	5	91	7	7	1	0
LK-6248160	Singakkuliya	Singakkuliya	gnd	149	1	159	44	8	0	1
LK-6248165	Kaluwachchimulla	Kaluwachchimulla	gnd	173	4	136	15	8	4	1
LK-6248170	Motemulla	Motemulla	gnd	364	25	33	40	4	0	0
LK-6248175	Etiyawala North	Etiyawala North	gnd	310	9	41	10	8	0	2
LK-6248180	Pahala Dummalakotuwa	Pahala Dummalakotuwa	gnd	398	4	0	16	0	0	0
LK-6248185	Dankotuwa East	Dankotuwa East	gnd	379	10	63	16	1	0	0
LK-6248190	Dankotuwa South	Dankotuwa South	gnd	178	23	9	9	2	0	0
LK-6248195	Gonavila South	Gonavila South	gnd	378	5	38	20	24	0	0
LK-6248200	Godella	Godella	gnd	400	2	53	14	18	10	0
LK-6248205	Morukkuliya	Morukkuliya	gnd	511	32	103	29	10	0	1
LK-6248210	Metikotuwa	Metikotuwa	gnd	315	16	202	22	7	0	0
LK-6248215	Thamarakuliya	Thamarakuliya	gnd	146	5	0	36	2	0	0
LK-6248220	Etiyawala South	Etiyawala South	gnd	392	22	155	6	7	0	1
LK-6248225	Jankurawela	Jankurawela	gnd	29	1	171	7	6	1	0
LK-6248230	Yogiyana	Yogiyana	gnd	252	3	0	0	0	0	0
LK-6248235	Dikwela	Dikwela	gnd	218	0	116	0	0	0	0
LK-7103005	Buddhangala	Buddhangala	gnd	222	1	351	15	13	0	3
LK-7103010	Elikimbulagala	Elikimbulagala	gnd	214	7	262	28	2	0	0
LK-7103015	Abhayapura	Abhayapura	gnd	82	10	369	37	5	0	2
LK-7103020	Maithreepura	Maithreepura	gnd	288	12	124	3	6	0	1
LK-7103025	Parakramapura	Parakramapura	gnd	243	11	387	23	1	0	0
LK-7103030	Track B	Track B	gnd	181	6	380	37	18	0	9
LK-7103035	Bisokotuwa	Bisokotuwa	gnd	84	7	240	12	2	0	3
LK-7103040	Sudarshanagama	Sudarshanagama	gnd	224	19	361	39	20	0	5
LK-7103045	Balayawewa	Balayawewa	gnd	54	18	148	24	1	0	3
LK-7103050	Mahasenpura	Mahasenpura	gnd	22	6	329	25	2	0	3
LK-7103055	Urewa	Urewa	gnd	6	0	87	1	5	0	2
LK-7103060	Kumbukwewa	Kumbukwewa	gnd	191	3	260	42	15	0	8
LK-7103065	Ruwanpura	Ruwanpura	gnd	63	5	234	18	10	0	1
LK-7103070	Bogahawewa	Bogahawewa	gnd	185	17	406	16	8	0	10
LK-7103075	Padaviya	Padaviya	gnd	175	5	401	22	11	0	0
LK-7106005	Halmillawetiya	Halmillawetiya	gnd	247	6	30	1	2	0	1
LK-7106010	Kanugahawewa	Kanugahawewa	gnd	418	26	415	25	25	0	11
LK-7106015	Herathhalmillewa	Herathhalmillewa	gnd	104	3	0	0	0	0	0
LK-7106020	Bellankadawala	Bellankadawala	gnd	215	11	1	1	2	0	0
LK-7106025	Punchimudagama	Punchimudagama	gnd	6	0	71	14	10	2	0
LK-7106030	D 06 Wahalkada	D 06 Wahalkada	gnd	112	9	2	0	0	0	0
LK-7106035	D 05 Wahalkada	D 05 Wahalkada	gnd	226	4	9	0	1	0	0
LK-7106040	D 04 Wahalkada	D 04 Wahalkada	gnd	198	10	12	1	1	0	3
LK-7106045	Kahatagollewa	Kahatagollewa	gnd	116	7	82	4	0	0	3
LK-7106050	Thammennawa	Thammennawa	gnd	164	5	0	0	0	0	0
LK-7106055	Kunchuttuwa	Kunchuttuwa	gnd	14	0	181	7	4	0	1
LK-7106060	Galawewa	Galawewa	gnd	82	8	178	14	50	0	8
LK-7106065	Thittagonewa	Thittagonewa	gnd	260	14	1	1	3	0	2
LK-7106070	Kurulugama	Kurulugama	gnd	161	23	255	78	41	0	0
LK-7106075	Sinhalaetaweerawewa	Sinhalaetaweerawewa	gnd	4	0	157	18	9	0	0
LK-7106080	Ethalvidda Wewa	Ethalvidda Wewa	gnd	67	9	106	9	2	0	0
LK-7106085	Gonumeriyawa	Gonumeriyawa	gnd	56	1	310	13	21	0	1
LK-7106090	Kebithigollewa	Kebithigollewa	gnd	580	23	108	8	4	1	1
LK-7106095	Ihala Usgollewa	Ihala Usgollewa	gnd	287	24	0	0	0	0	0
LK-7106100	Aiyathigewewa	Aiyathigewewa	gnd	276	19	55	5	0	0	0
LK-7106105	Bandaraulpatha	Bandaraulpatha	gnd	17	1	118	4	5	0	0
LK-7106110	Kiriketuwewa	Kiriketuwewa	gnd	284	5	111	16	11	0	0
LK-7106115	Gonahathdenawa	Gonahathdenawa	gnd	133	25	43	2	1	1	0
LK-7106120	Thimbiriwewa	Thimbiriwewa	gnd	141	2	74	1	0	0	0
LK-7106125	Handagala Kirimetiyawa	Handagala Kirimetiyawa	gnd	28	4	161	17	0	0	5
LK-7106130	Wattewewa	Wattewewa	gnd	153	23	137	3	0	0	0
LK-7109005	Prabodhagama	Prabodhagama	gnd	409	67	71	12	10	0	4
LK-7109010	Paranahalmillewa	Paranahalmillewa	gnd	30	10	360	34	26	0	0
LK-7109015	Lolugaswewa	Lolugaswewa	gnd	71	10	269	31	8	1	5
LK-7109020	Puhudivula	Puhudivula	gnd	64	3	277	49	28	0	0
LK-7109025	Heerallugama	Heerallugama	gnd	45	25	281	86	41	0	13
LK-7109030	Ethakada	Ethakada	gnd	205	23	235	75	11	0	2
LK-7109035	Etaweeragollewa	Etaweeragollewa	gnd	110	6	159	44	8	1	0
LK-7109040	Kadawath Rambewa	Kadawath Rambewa	gnd	8	0	142	45	18	0	1
LK-7109045	Maha Kumbukgollewa	Maha Kumbukgollewa	gnd	441	15	0	1	3	0	0
LK-7109050	Kidawarankulama	Kidawarankulama	gnd	254	29	131	86	20	0	1
LK-7109055	Anekattiya	Anekattiya	gnd	183	37	42	3	1	0	0
LK-7109060	Periyakulama	Periyakulama	gnd	127	44	180	33	15	0	7
LK-7109065	Poonewa	Poonewa	gnd	216	3	239	1	10	0	0
LK-7109070	Isinbessagama	Isinbessagama	gnd	453	18	1	1	3	1	0
LK-7109075	Mahadivulwewa	Maha Divulwewa	gnd	124	11	155	11	2	0	2
LK-7109080	Kidagalegama	Kidagalegama	gnd	85	13	120	16	12	0	4
LK-7109085	Moragoda	Moragoda	gnd	227	38	115	19	8	0	0
LK-7109090	Unagaswewa	Unagaswewa	gnd	47	2	171	17	2	0	0
LK-7109095	Kirigalwewa	Kirigalwewa	gnd	189	4	62	6	9	0	1
LK-7109100	Angunochchiya	Angunochchiya	gnd	48	4	222	43	49	0	3
LK-7109105	Ekirikanda	Ekirikanda	gnd	445	16	13	2	1	0	0
LK-7109110	Railway Town	Railway Town	gnd	173	7	121	13	6	0	0
LK-7109115	Kadawathgama	Kadawathgama	gnd	239	29	113	1	7	0	1
LK-7109120	Kuda Kumbukgollewa	Kuda Kumbukgollewa	gnd	101	33	233	26	14	0	2
LK-7109125	Yakawewa	Yakawewa	gnd	105	9	316	65	20	0	1
LK-7109130	Thammenna Elawaka	Thammenne Elawaka	gnd	189	39	201	67	27	0	14
LK-7109135	Puleliya	Puleliya	gnd	240	32	144	58	11	0	20
LK-7109140	Viralmurippuwa	Viralmurippuwa	gnd	140	21	224	54	5	0	0
LK-7109145	Walpola	Walpola	gnd	262	1	0	11	16	0	0
LK-7109150	Katuwela	Katuwela	gnd	306	16	296	53	45	0	13
LK-7109155	Medawachchiya West	Medawachchiya West	gnd	426	9	179	23	7	0	0
LK-7109160	Medawachchiya East	Medawachchiya East	gnd	219	22	222	6	4	0	0
LK-7109165	Kanadara Divulwewa	Kanadara Divulwewa	gnd	211	15	86	17	14	0	1
LK-7109170	Helambagaswewa	Helambagaswewa	gnd	154	17	122	33	6	0	1
LK-7109175	Sangilikanadarawa	Sangilikanadarawa	gnd	203	5	263	16	4	0	0
LK-7109180	Lindawewa	Lindawewa	gnd	121	8	127	17	10	0	2
LK-7109185	Karambankulama	Karambankulama	gnd	78	6	179	12	11	0	0
LK-7112005	Dematamalgama	Dematamalgama	gnd	293	27	19	18	4	0	1
LK-7112010	Thanthirimale	Thanthirimale	gnd	207	7	134	30	24	0	3
LK-7112015	Nelumvila	Nelumvila	gnd	181	27	312	18	24	0	1
LK-7112020	Sandamaleliya	Sandamaleliya	gnd	130	5	236	44	39	0	3
LK-7112025	Thuppitiyawa	Thuppitiyawa	gnd	160	4	197	0	26	0	2
LK-7112030	Ethdathkalla	Ethdathkalla	gnd	345	19	27	6	10	0	4
LK-7112035	Randoowa	Randoowa	gnd	350	24	95	9	8	0	1
LK-7112040	Palugaswewa	Palugaswewa	gnd	27	4	268	61	4	0	1
LK-7112045	Mannaram Junction	Mannaram Junction	gnd	325	4	111	30	10	0	0
LK-7112050	Kuda Vilachchiya	Kuda Vilachchiya	gnd	65	0	237	34	1	0	0
LK-7112055	Mahavillachchiya	Maha Vilachchiya	gnd	321	30	14	2	0	0	0
LK-7112060	Pemaduwa	Pemaduwa	gnd	230	1	177	16	6	0	0
LK-7112065	Kiralpetiyawa	Kiralpetiyawa	gnd	62	1	227	22	10	0	0
LK-7112070	Navodagama	Navodagama	gnd	444	58	53	11	26	0	1
LK-7112075	Oyamaduwa	Oyamaduwa	gnd	218	33	294	44	12	0	0
LK-7112080	Helambawewa	Helambawewa	gnd	68	2	190	11	12	0	13
LK-7112085	Dunumadalawa	Dunumadalawa	gnd	65	12	156	33	2	0	1
LK-7115005	Helambagaswewa	Helambagaswewa	gnd	183	0	0	0	24	0	6
LK-7115010	Asirikgama	Asirikgama	gnd	236	2	57	5	4	0	0
LK-7115015	Gambirigaswewa	Gambirigaswewa	gnd	298	5	130	27	10	0	0
LK-7115020	Aluthgama	Aluthgama	gnd	332	23	107	29	19	0	3
LK-7115025	Galpottegama	Galpottegama	gnd	50	12	315	65	16	0	1
LK-7115030	Maha Ehetuwewa	Maha Ehetuwewa	gnd	228	36	88	6	0	0	1
LK-7115035	Maningamuwa	Maningamuwa	gnd	172	19	154	27	11	0	1
LK-7115040	Elayapattuwa	Elayapattuwa	gnd	184	10	173	10	14	0	0
LK-7115045	Diganegama	Diganegama	gnd	49	6	140	33	3	0	5
LK-7115050	Karambewa	Karambewa	gnd	74	30	320	12	11	0	3
LK-7115055	Galkadawala	Galkadawala	gnd	232	18	106	7	2	0	0
LK-7115060	Poowarsankulama	Poowarsankulama	gnd	91	5	391	34	2	0	2
LK-7115065	Paniyankadawala	Paniyankadawala	gnd	387	8	4	2	0	0	2
LK-7115070	Parasangaswewa	Parasangahawewa	gnd	102	18	347	15	26	0	2
LK-7115075	Mankadawala	Mankadawala	gnd	480	7	255	19	7	0	1
LK-7115080	Saliyapura	Saliyapura	gnd	131	3	135	15	4	0	1
LK-7115085	Ashokaramaya	Ashokaramaya	gnd	216	1	161	8	8	0	0
LK-7115090	Perimiyankulama	Perimiyankulama	gnd	321	13	137	8	1	0	0
LK-7115095	Katukeliyawa	Katukeliyawa	gnd	299	11	256	24	7	0	0
LK-7115100	Pusiyankulama	Pusiyankulama	gnd	151	5	376	50	12	0	0
LK-7115105	Mahamankadawala	Maha Mankadawala	gnd	168	19	187	30	10	0	0
LK-7115110	Ilandagahawewa	Ilandagahawewa	gnd	54	9	262	41	14	0	3
LK-7115115	Vihara Kallanchiya	Vihara Kallanchiya	gnd	341	2	0	0	3	0	0
LK-7115120	Vihara Palugama	Vihara Palugama	gnd	345	17	154	22	28	0	0
LK-7115125	Devanampiyathissapura	Dewanampiyathissa Pura	gnd	1138	65	577	99	5	0	2
LK-7115130	Abhayawewa	Abhayawewa	gnd	410	13	283	25	6	0	0
LK-7115135	Pethispura	Pethispura	gnd	308	36	194	18	3	0	0
LK-7115140	Bandara Puliyankulama	Bandara  Puliyankulama	gnd	335	2	172	5	0	0	0
LK-7115145	Jayanthi Gramaya	Jayanthi Gramaya	gnd	452	34	144	29	5	0	0
LK-7115150	Theppankulama	Theppankulama	gnd	529	36	207	29	6	0	2
LK-7115155	Thannayamkulama	Thannayamkulama	gnd	279	7	110	13	7	0	1
LK-7115160	Saliya Mawatha	Saliya Mawatha	gnd	694	7	88	7	3	0	0
LK-7115165	Shuddha Nagaraya	Shuddha Nagaraya	gnd	48	1	48	6	2	0	1
LK-7115170	Thisawewa	Thisawewa	gnd	14	0	9	0	0	0	0
LK-7115175	Wessagiriya	Wessagiriya	gnd	260	18	84	16	2	0	0
LK-7115180	Isurumuniya	Isurumuniya	gnd	452	8	59	17	0	0	6
LK-7115185	Pandulagama	Pandulagama	gnd	545	14	159	9	0	0	0
LK-7115190	Pahalagama	Pahalagama	gnd	294	5	180	2	1	0	0
LK-7115195	Mahabulankulama	Maha Bulankulama	gnd	236	7	265	19	11	0	0
LK-7115200	Ulukkulama	Ulukkulama	gnd	436	3	88	13	17	0	0
LK-7118005	Kolibendawewa	Kolibendawewa	gnd	143	4	134	20	13	0	2
LK-7118010	Medagama	Medagama	gnd	84	14	212	60	15	0	1
LK-7118015	Kadurugasdamana	Kadurugasdamana	gnd	175	17	214	32	8	0	6
LK-7118020	Siyambalagaswewa	Siyambalagaswewa	gnd	27	2	147	25	17	0	0
LK-7118025	Katukeliyawa	Katukeliyawa	gnd	30	1	211	36	0	0	0
LK-7118030	Wahamalgollewa Track 05	Wahamalgollewa Track 05	gnd	113	7	276	24	1	0	2
LK-7118035	Sangilikanadarawa	Sangilikanadarawa	gnd	197	18	130	39	0	0	0
LK-7118040	Diviyaudabendawewa	Diviyaudabendawewa	gnd	133	34	87	14	3	0	14
LK-7118045	Thalgahawewa	Talgahawewa	gnd	109	0	147	1	6	0	0
LK-7118050	Galkandegama	Galkandegama	gnd	30	8	278	52	49	0	4
LK-7118055	Balahondawewa	Balahondawewa	gnd	48	6	147	48	0	0	4
LK-7118060	Pihimbiyagollewa	Pihimbiyagollewa	gnd	72	4	176	42	16	0	3
LK-7118065	Galweeragollewa	Galweeragollewa	gnd	35	0	87	16	1	0	0
LK-7118070	Ambagahawewa	Ambagahawewa	gnd	10	1	171	25	1	0	0
LK-7118075	Thamarahalmillewa	Thamarahalmillewa	gnd	30	0	112	19	15	0	1
LK-7118080	Wewelketiya	Wewelketiya	gnd	116	10	187	57	8	0	0
LK-7118085	Ihala Kolongaswewa	Ihala Kolongaswewa	gnd	22	0	133	9	8	0	1
LK-7118090	Konakumbukwewa	Konakumbukwewa	gnd	67	29	108	60	0	0	0
LK-7118095	Kedewa	Kedewa	gnd	34	0	147	10	12	0	2
LK-7118100	Kallanchiya	Kallanchiya	gnd	39	7	166	15	14	0	1
LK-7118105	Gonewa	Gonewa	gnd	185	15	138	44	32	0	3
LK-7118110	Ikirigollewa	Ikirigollewa	gnd	493	16	238	36	9	0	0
LK-7118115	Wahamalgollewa	Wahamalgollewa	gnd	98	3	159	21	1	0	0
LK-7118120	Wahamalgollewa Track 03	Wahamalgollewa Track 03	gnd	42	1	141	42	1	0	1
LK-7118125	Pallankulama	Pallankulama	gnd	77	8	283	21	19	0	1
LK-7118130	Mahawewa	Mahawewa	gnd	46	1	300	31	2	0	0
LK-7118135	Pandukabhayapura	Pandukabhayapura	gnd	21	0	211	61	6	0	3
LK-7118140	Katupuliyankulama	Katupuliyankulama	gnd	127	0	229	27	28	0	2
LK-7118145	Sandamalgama	Sandamalgama	gnd	178	4	96	9	22	0	0
LK-7118150	Rambewa	Rambewa	gnd	341	15	70	11	0	0	0
LK-7118155	Nabadagaswewa	Nebadagaswewa	gnd	138	0	117	2	0	0	0
LK-7118160	Mahakanadarawa R. B. Track 02	Mahakanadarawa R.B. Track 02	gnd	66	0	171	35	27	0	3
LK-7118165	Kapiriggama	Kapiriggama	gnd	122	1	1	0	0	0	0
LK-7118170	Peenagama	Peenagama	gnd	108	26	116	14	3	0	1
LK-7118175	Meemalwewa	Meemalwewa	gnd	7	1	116	7	17	0	0
LK-7118180	Rotawewa	Rotawewa	gnd	8	0	150	31	27	0	1
LK-7118185	Kudagama	Kudagama	gnd	99	40	87	9	1	0	2
LK-7118190	Mahakanadarawa R. B. Track 01	Mahakanadarawa R.B. Track 01	gnd	100	36	158	4	0	0	1
LK-7121005	Kirigallewa	Kirigallewa	gnd	194	12	28	20	2	0	0
LK-7121010	Rathmalgahawewa	Rathmalgahawewa	gnd	117	3	123	30	5	0	0
LK-7121015	Kudapattiya	Kudapattiya	gnd	223	18	157	16	1	5	2
LK-7121020	Mahakumbukwewa	Maha Kumbukwewa	gnd	218	3	26	0	0	0	0
LK-7121025	Palippothana	Palippothana	gnd	44	0	133	11	9	0	1
LK-7121030	Gonumeruwewa	Gonumeru Wewa	gnd	56	12	158	20	11	0	0
LK-7121035	Thurukkuragama	Thurukkuragama	gnd	483	76	31	19	17	0	4
LK-7121040	Maha Kiribbewa	Maha Kiribbewa	gnd	26	0	40	4	2	0	1
LK-7121045	Maha Galkandegama	Maha Galkandegama	gnd	133	19	86	6	3	0	3
LK-7121050	Dachchihalmillawewa	Dachchihalmillewa	gnd	66	14	257	24	2	0	3
LK-7121055	Maha Hammillawewa	Maha Halmillewa	gnd	195	17	50	1	1	0	0
LK-7121060	Kumbukgollewa	Kumbukgollewa	gnd	253	10	28	5	4	1	0
LK-7121065	Pandarellewa	Pandarellewa	gnd	149	16	53	11	15	0	0
LK-7121070	Sampathgama	Sampathgama	gnd	185	30	178	65	7	0	1
LK-7121075	Thallattewa	Thallattewa	gnd	15	2	212	32	16	0	10
LK-7121080	Mahawewa	Mahawewa	gnd	276	14	114	23	34	3	2
LK-7121085	Kahatagasdigiliya East	Kahatagasdigiliya East	gnd	340	4	201	6	9	0	0
LK-7121090	Kahatagasdigiliya West	Kahatagasdigiliya West	gnd	384	28	144	59	7	0	2
LK-7121095	Kokmaduwa	Kokmaduwa	gnd	88	6	205	16	19	0	1
LK-7121100	Moragahawela	Moragahawela	gnd	32	3	111	38	4	0	1
LK-7121105	Samadhigama	Samadhigama	gnd	49	2	124	27	24	0	1
LK-7121110	Mekichchawa	Mekichchawa	gnd	94	21	214	95	44	0	4
LK-7121115	Ranpathvila	Ranpathvila	gnd	370	9	60	8	1	0	1
LK-7121120	Bethkewa - Thulana	Bethkewa - Thulana	gnd	145	6	168	17	11	0	3
LK-7121125	Maha Messalewa	Maha Messalewa	gnd	385	10	106	2	3	0	0
LK-7121130	Kohombagaskada	Kohombagaskada	gnd	132	8	135	29	5	0	0
LK-7121135	Konwewa	Konwewa	gnd	173	15	164	26	1	2	0
LK-7121140	Ambagahawewa	Ambagahawewa	gnd	126	38	63	63	11	0	2
LK-7121145	Panwella	Panwella	gnd	114	8	52	6	2	0	1
LK-7121150	Mee - Kumbukwewa	Mee - Kumbukwewa	gnd	134	16	98	0	1	0	0
LK-7121155	Tikkanpothana	Tikkampothana	gnd	30	2	100	15	1	0	3
LK-7121160	Punchi Halmillewa	Punchi Halmillewa	gnd	21	1	132	14	27	0	1
LK-7121165	Weligollewa	Weligollewa	gnd	140	48	71	34	0	0	2
LK-7121170	Divulwewa	Divulwewa	gnd	177	14	146	31	6	0	0
LK-7121175	Diganhalmillawewa	Diganhalmillewa	gnd	238	22	99	18	4	1	1
LK-7121180	Kelenikawewa	Kelenikawewa	gnd	99	21	152	21	14	0	4
LK-7121185	Nelugollakada	Nelugollakada	gnd	18	8	130	13	4	0	0
LK-7121190	Ellawewa	Ellawewa	gnd	258	19	0	0	1	0	1
LK-7121195	Nekutunu Wewa	Nekutunu Wewa	gnd	140	7	132	23	17	0	0
LK-7121200	Kanadara Rathmale	Kanadara - Rathmale	gnd	21	2	146	76	3	0	1
LK-7124005	Wahalkada D 2	Wahalkada D 2	gnd	66	3	282	16	21	0	0
LK-7124010	Wahalkada D 1	Wahalkada D 1	gnd	50	1	213	1	7	0	0
LK-7124015	Maradanmaduwa	Maradanmaduwa	gnd	8	1	204	4	18	0	2
LK-7124020	Pahala Divulwewa	Pahala Divulwewa	gnd	0	13	124	37	9	0	0
LK-7124025	Weerasole	Weerasole	gnd	119	1	168	34	18	0	1
LK-7124030	Anaolondewa	Anaolondewa	gnd	276	8	135	21	2	0	2
LK-7124035	Kapugollewa	Kapugollewa	gnd	66	12	167	27	3	0	4
LK-7124040	Wagollakada	Wagollakada	gnd	139	8	0	1	6	0	0
LK-7124045	Dutuwewa	Dutuwewa	gnd	213	11	75	9	7	1	1
LK-7124050	Morawewa	Morawewa	gnd	200	1	77	1	2	0	0
LK-7124055	Thawalanhalmillewa	Thawalanhalmillewa	gnd	5	6	113	11	8	0	1
LK-7124060	Thimbiriattawala	Thimbiriettawala	gnd	74	7	163	50	5	0	9
LK-7124065	Nikawewa	Nikawewa	gnd	193	0	148	47	9	0	3
LK-7124070	Welimuwapothana	Welimuwapothana	gnd	146	2	113	7	35	0	0
LK-7124075	Kivulekada	Kivulekada	gnd	211	14	116	22	0	0	0
LK-7124080	Puhulewewa	Puhulewewa	gnd	211	12	123	14	10	0	1
LK-7124085	Rathmale	Rathmale	gnd	86	1	161	21	2	0	1
LK-7124090	Welangahaulpatha	Welangahaulpatha	gnd	9	0	74	6	4	0	1
LK-7124095	Maradankadawala	Maradankadawala	gnd	119	9	345	17	3	0	0
LK-7124100	Horowpothana	Horowpothana	gnd	332	21	218	18	11	5	1
LK-7124105	Medawachchi Handiya	Medawachchiya Handiya	gnd	143	12	68	2	2	0	0
LK-7124110	Mukkarawewa	Mukkarawewa	gnd	224	10	131	39	10	0	5
LK-7124115	Ihala Angunachchiya	Ihala Angunachchiya	gnd	273	25	22	0	0	0	1
LK-7124120	Rasnakawewa	Rasnaka Wewa	gnd	30	6	103	8	3	0	3
LK-7124125	Walahaviddawewa	Walahaviddawewa	gnd	70	1	241	38	19	0	0
LK-7124130	Gammahegewewa	Gammahegewewa	gnd	53	1	126	24	23	0	0
LK-7124135	Morakewa	Morakewa	gnd	82	23	346	89	51	0	3
LK-7124140	Nanumillawewa	Nanumillawewa	gnd	175	21	56	27	0	0	0
LK-7124145	Thirappankadawala	Thirappankadawala	gnd	49	0	169	12	4	0	2
LK-7124150	Parangiyawadiya	Parangiyawadiya	gnd	47	7	203	4	2	0	0
LK-7124155	Nabadawewa	Nabadawewa	gnd	124	11	154	8	10	0	1
LK-7124160	Puliyankadawala	Puliyankadawala	gnd	163	6	137	34	12	0	1
LK-7124165	Vilewewa	Vilewewa	gnd	29	0	119	18	21	0	1
LK-7124170	Wadigawewa	Wadigawewa	gnd	120	7	94	9	2	0	1
LK-7124175	Kalpe	Kalpe	gnd	146	1	102	7	2	0	2
LK-7124180	Dekethipothana	Dekethipothana	gnd	53	7	176	26	0	0	0
LK-7124185	Dematawewa	Dematawewa	gnd	30	2	113	19	13	0	1
LK-7124190	Diyatittawewa	Diyatittawewa	gnd	137	8	47	13	14	0	0
LK-7127005	Konwewa	Konwewa	gnd	2	4	198	6	0	0	0
LK-7127010	Ellawewa	Ellawewa	gnd	353	9	171	22	13	0	0
LK-7127015	Kataranpuraya	Kataranpuraya	gnd	220	12	55	4	1	0	1
LK-7127020	Dutuwewa	Dutuwewa	gnd	32	3	188	25	5	0	0
LK-7127025	Perettupalagama	Perettupala Gama	gnd	135	6	155	28	13	0	0
LK-7127030	Kokawewa	Kokawewa	gnd	319	25	236	15	5	0	0
LK-7127035	Dutuwewa Paranagama	Dutuwewa Paranagama	gnd	73	1	304	9	18	0	0
LK-7127040	21 Colony East	21 Colony East	gnd	47	1	125	14	6	0	0
LK-7127045	21 Colony West	21 Colony West	gnd	57	3	182	17	0	0	0
LK-7127050	Ulpathgama	Ulpathgama	gnd	148	2	168	30	7	0	0
LK-7127055	Upuldeniya	Upuldeniya	gnd	166	28	245	10	0	0	2
LK-7127060	Himbutugollewa	Himbutugollewa	gnd	52	5	190	34	1	0	1
LK-7127065	Mailagaswewa	Mailagaswewa	gnd	43	2	175	3	4	0	1
LK-7127070	Ihalagama	Ihalagama	gnd	162	1	6	2	1	0	0
LK-7127075	Galenbindunuwewa	Galenbindunuwewa	gnd	405	25	113	14	0	0	1
LK-7127080	Karuwalagaswewa	Karuwalagaswewa	gnd	33	10	396	28	6	0	0
LK-7127085	Palugollagama	Palugollagama	gnd	78	3	262	14	18	0	0
LK-7127090	Aluth Divulwewa	Aluth Divulwewa	gnd	106	4	178	18	23	0	0
LK-7127095	Getalawa	Getalawa	gnd	154	7	313	37	7	0	0
LK-7127100	Hurulunikawewa Track-04	Hurulunikawewa	gnd	122	3	203	16	8	0	1
LK-7127105	Ilukbadayagama	Ilukbadayagama	gnd	159	1	370	30	8	0	0
LK-7127110	Kudagalenbidunuwewa	Kuda Galenbindunuwewa	gnd	67	1	264	2	0	0	0
LK-7127115	Thammennagama	Thammennagama	gnd	118	0	1	0	0	0	0
LK-7127120	Sivalakulama	Sivalakulama	gnd	13	2	256	8	1	0	0
LK-7127125	Gomarankalla	Gomarankalla	gnd	36	0	169	32	11	0	0
LK-7127130	Hurulunikawewa Track-03	Hurulunikawewa	gnd	34	0	260	0	0	0	0
LK-7127135	Kumbukwewa	Kumbukwewa	gnd	61	4	378	27	15	0	0
LK-7127140	Janasirigama	Janasirigama	gnd	168	5	434	39	8	0	0
LK-7127145	Kurunegala Colony	Kurunegala Colony	gnd	49	1	353	15	14	0	0
LK-7127150	Nuwaragam Colony	Nuwaragam Colony	gnd	3	0	194	0	19	0	0
LK-7127155	Hurulu Jayapura	Hurulu Jayapura	gnd	99	0	175	0	4	0	0
LK-7127160	Sunanda Mawatha	Sunanda Mawatha	gnd	142	3	142	44	3	0	0
LK-7127165	Galwaduwagama	Galwaduwagama	gnd	299	1	136	2	17	0	1
LK-7127170	Muriyakadawala	Muriyakadawala	gnd	22	1	241	18	4	0	1
LK-7127175	Ihala Galkulama	Ihala Galkulama	gnd	144	18	309	3	4	0	0
LK-7127180	Hurulumeegahapattiya	Hurulumeegahapattiya	gnd	45	0	173	4	13	0	1
LK-7127185	Nuwaraeli Colony	Nuwaraeli Colony	gnd	12	1	117	5	2	0	0
LK-7127190	Pandikaramaduwa	Pandikaramaduwa	gnd	14	0	272	16	0	0	0
LK-7127195	Yakalla	Yakalla	gnd	126	9	429	42	3	0	0
LK-7127200	Manankattiya	Manankattiya	gnd	199	11	137	3	4	0	0
LK-7127205	Wannamkulama	Wannamkulama	gnd	22	0	117	5	0	0	0
LK-7130005	Ukkulankulama	Ukkulankulama	gnd	134	8	186	26	12	0	0
LK-7130010	Mahakanadarawa L.B. Track 03	Mahakanadarawa Track 3	gnd	65	0	205	2	1	0	0
LK-7130015	Mahakanadarawa L.B. Track 02	Mahakanadarawa Track 2	gnd	103	4	178	8	32	0	0
LK-7130020	Mahakanadarawa L.B. Track 01	Mahakanadarawa Track 1	gnd	274	15	0	0	2	0	0
LK-7130025	Maradankulama	Maradankulama	gnd	171	19	239	12	20	0	0
LK-7130030	Doramadalawa	Doramadalawa	gnd	13	0	234	16	30	0	2
LK-7130035	Kunchikulama	Kunchikulama	gnd	767	15	292	24	3	0	0
LK-7130040	Henewatta	Henawatta	gnd	522	43	186	7	1	0	2
LK-7130045	Nuwarawewa	Nuwarawewa	gnd	320	8	188	23	3	0	0
LK-7130050	Kurundankulama	Kurundankulama	gnd	582	5	246	12	3	0	1
LK-7130055	Kannattiya	Kannattiya	gnd	335	6	166	22	14	0	0
LK-7130060	Mihinthale	Mihinthale	gnd	662	41	4	7	3	0	0
LK-7130065	Ruwangama	Ruwangama	gnd	479	28	242	9	17	0	2
LK-7130070	Namalwewa	Namalwewa	gnd	263	7	159	25	1	0	0
LK-7130075	Bogahayaya	Bogahayaya	gnd	130	5	239	34	8	0	2
LK-7130080	Pothana	Pothana	gnd	83	1	288	43	19	60	0
LK-7130085	Seeppukulama	Seeppukulama	gnd	223	10	157	6	14	0	0
LK-7130090	Thammennawa	Thammmennawa	gnd	56	1	122	18	5	0	0
LK-7130095	Kasamaduwa	Kasamaduwa	gnd	315	18	0	1	0	0	23
LK-7130100	Katukeliyawa	Katukeliyawa	gnd	123	13	244	43	2	0	0
LK-7130105	Kattaduwagama	Kattambuwagama	gnd	10	4	181	11	3	0	1
LK-7130110	Kahapathvilagama	Kahapathvilagama	gnd	16	2	146	3	2	0	1
LK-7130115	Ihalagama	Ihalagama	gnd	46	5	181	22	11	0	3
LK-7130120	Maradankalla	Maradankalla	gnd	30	2	323	33	26	0	2
LK-7130125	Wellaragama	Wellaragama	gnd	345	14	9	20	9	0	2
LK-7133005	Nuwara Wewa	Nuwara Wewa	gnd	409	9	93	14	1	1	0
LK-7133010	Step1 Part 1	Step 1 part 1	gnd	381	16	30	0	0	0	0
LK-7133015	Mahakalattewa	Mahakalattewa	gnd	249	6	348	25	4	0	0
LK-7133020	Thariyankulama	Thariyankulama	gnd	69	7	293	29	24	3	0
LK-7133025	Nelumkanniya	Nelunkanniya	gnd	64	7	332	29	14	0	0
LK-7133030	Kuda Nelumkulama	Kuda Nelumkulama	gnd	613	11	27	1	0	0	0
LK-7133035	Keerikkulama	Keerikkulama	gnd	151	13	448	14	10	0	0
LK-7133040	Thammennapura	Thammennapura	gnd	647	30	158	1	0	0	0
LK-7133045	Wannithammennawa	Wannithammennawa	gnd	547	38	42	1	4	0	0
LK-7133050	Thammennakulama	Thammennakulama	gnd	1266	40	160	8	0	1	0
LK-7133055	Step 1 Part 2	Step 1 part 2	gnd	394	6	6	0	2	0	1
LK-7133060	Step 2 Part 3	Step 2 part 3	gnd	687	8	29	1	0	0	0
LK-7133065	Step 2 Part 2	Step 2 part 2	gnd	815	14	111	35	0	1	2
LK-7133070	Pothanegama	Pothanegama	gnd	755	16	178	14	6	0	0
LK-7133075	Step 3 Part 3	Step 3 part 3	gnd	1340	32	44	1	1	0	0
LK-7133080	Step 2 Part 1	Step2 part 1	gnd	933	10	33	0	0	0	0
LK-7133085	Step 2 Part 4	Step 2 part 4	gnd	865	2	22	2	0	0	0
LK-7133090	Wanniyankulama Kotasa 4	Wanniyankulama Kotasa 4	gnd	519	13	19	7	0	0	0
LK-7133095	Wanniyankulama Kotasa 5	Wanniyankulama Kotasa 5	gnd	545	21	57	7	2	0	0
LK-7133100	Wanniyankulama Kotasa 6	Wanniyankulama Kotasa 6	gnd	553	12	52	3	0	0	0
LK-7133105	Gnanikulama	Gnanikulama	gnd	269	3	178	14	5	0	0
LK-7133110	Kawarakkulama	Kawarakkulama	gnd	307	14	431	47	9	0	2
LK-7133115	Mahapaladikulama	MahaPaladikulama	gnd	413	13	532	28	2	0	3
LK-7133120	Step 3 Part 1	Step 3 part 1	gnd	804	8	63	16	2	0	0
LK-7133125	Step 3 Part 2	Step 3 part 2	gnd	910	30	58	2	0	0	0
LK-7133130	Wanniyankulama Kotasa 3	Wanniyankulama kotasa 3	gnd	410	4	3	1	2	0	0
LK-7133135	Wanniyankulama Kotasa 1	Wanniyankulama kotasa 1	gnd	625	33	295	20	4	0	0
LK-7133140	Wanniyankulama Kotasa 2	Wanniyankulama kotasa 2	gnd	522	4	34	0	0	0	0
LK-7133145	Sucharithagama	Sucharithagama	gnd	151	4	324	26	13	0	0
LK-7136005	Kimbulakada	Kimbulakada	gnd	314	14	233	9	2	0	3
LK-7136010	Shrawasthipura	Shrawasthipura	gnd	470	15	190	30	2	0	1
LK-7136015	Kuda Nelubewa	Kuda Nelubewa	gnd	386	27	1	2	2	0	0
LK-7136020	Shrawasthiwatta	Shrawasthiwatta	gnd	217	15	240	44	22	0	0
LK-7136025	Aluthwewa	Aluthwewa	gnd	268	33	286	40	6	0	0
LK-7136030	Amane	Amane	gnd	258	19	225	11	13	0	1
LK-7136035	Maha Nelubewa	Maha Nelubewa	gnd	203	12	157	13	1	0	1
LK-7136040	Divulwewa	Divulwewa	gnd	129	10	202	3	5	0	0
LK-7136045	Hidogama	Hidogama	gnd	319	12	137	12	4	0	1
LK-7136050	Pawakkulama	Pawakkulama	gnd	227	47	78	7	7	0	1
LK-7136055	Kaluvila North	Kaluvila North	gnd	203	1	82	3	0	0	0
LK-7136060	Madawalagama	Madawalagama	gnd	182	9	0	0	0	0	0
LK-7136065	Nachchadoowa	"Nachchaduwa
"	gnd	253	13	33	13	1	0	0
LK-7136070	Nachchadoowa New Town	Nachchaduwa New Town	gnd	379	20	127	29	5	0	0
LK-7136075	Palayakulama	Palayakulama	gnd	366	13	1	0	7	0	1
LK-7136080	Suhadagama	Suhadagama	gnd	233	28	122	12	1	0	4
LK-7136085	Thuruvila	Thuruwila	gnd	148	4	261	35	5	0	1
LK-7136090	Kaluarachchiyagama	Kaluarachchiyagama	gnd	184	16	123	16	14	0	1
LK-7136095	Pahalawewa	Pahalawewa	gnd	103	3	206	16	10	0	1
LK-7139005	Kukulkatuwa	Kukulkatuwa	gnd	204	11	0	7	2	0	3
LK-7139010	Ittikulama	Ittikulama	gnd	16	1	230	19	17	0	6
LK-7139015	Ranorawa	Ranorawa	gnd	121	3	0	6	2	0	1
LK-7139020	Mahalindawewa	Mahalindawewa	gnd	34	0	0	1	2	0	0
LK-7139025	Bogahawewa	Bogahawewa	gnd	407	84	3	15	13	0	1
LK-7139030	Ambagahawewa	Ambagahawewa	gnd	240	0	0	1	3	0	0
LK-7139035	Ehetuwagama	Ehetuwagama	gnd	288	14	0	12	4	0	2
LK-7139040	Thalgaswewa	Thalgaswewa	gnd	28	4	217	17	0	0	7
LK-7139045	Hunuvilagama	Hunuvilagama	gnd	74	0	218	4	8	0	0
LK-7139050	Horuvila	Horuvila	gnd	105	6	157	6	9	0	0
LK-7139055	Lindawewa	Lindawewa	gnd	25	3	348	4	7	0	2
LK-7139060	Kusumpura	Kusumpura	gnd	349	19	249	43	20	0	17
LK-7139065	Mudithagama	Mudithagama	gnd	509	16	425	70	21	0	0
LK-7139070	Ralapanawagama	Ralapanawagama	gnd	105	2	348	35	7	0	2
LK-7139075	Adampane	Adampane	gnd	215	0	154	5	36	0	0
LK-7139080	Andarawewa	Andarawewa	gnd	327	13	112	19	17	0	3
LK-7139085	Ralapanawa Colony	Ralapanawa Colony	gnd	343	19	128	18	1	0	0
LK-7139090	Nochchiyagama	Nochchiyagama	gnd	689	45	210	26	1	0	0
LK-7139095	Dunudambuwewa	Dunudambuwewa	gnd	81	1	286	20	6	0	0
LK-7139100	Thimbiriwewa	Thimbiriwewa	gnd	71	1	299	25	3	0	3
LK-7139105	Katupathwewa	Katupathwewa	gnd	12	0	341	43	2	0	2
LK-7139110	Pahala Maragahawewa	Pahala Maragahawewa	gnd	122	3	169	6	2	0	0
LK-7139115	Nelawagama	Nelawagama	gnd	63	4	491	100	22	0	1
LK-7139120	Pahala Halmillewa	Pahala Halmillewa	gnd	557	59	0	0	2	0	1
LK-7139125	Halmillakulama	Halmillakulama	gnd	194	4	432	44	12	0	1
LK-7139130	Dunupothagama	Dunupothagama	gnd	95	0	218	11	6	0	0
LK-7139135	Dombawalagama	Dombawalagama	gnd	266	7	179	14	5	0	0
LK-7139140	Pahamunegama	Pahamunegama	gnd	388	40	39	38	4	0	1
LK-7139145	Navakkulama	Navakkulama	gnd	255	11	181	26	5	0	3
LK-7139150	Galadivulwewa	Galadivulwewa	gnd	77	0	185	15	2	0	0
LK-7139155	Jayagama	Jayagama	gnd	42	3	268	39	0	0	1
LK-7139160	Amunukole	Amunukole	gnd	233	17	310	17	19	0	1
LK-7139165	Mihiripura	Mihiripura	gnd	25	8	254	7	1	0	0
LK-7139170	Pahala Kedithokkuwa	Pahala Kedithokkuwa	gnd	126	13	262	10	2	0	3
LK-7139175	Rankethgama	Rankethgama	gnd	374	38	248	27	8	0	0
LK-7139180	Ottappuwa	Ottappuwa	gnd	63	5	421	48	3	0	0
LK-7142005	Track 13,18	Thulana Track 18	gnd	199	11	258	34	11	0	2
LK-7142010	Track 16,17	Track 16, 17	gnd	213	30	724	62	27	0	1
LK-7142015	Veheragala	Veheragala	gnd	536	8	263	35	10	0	1
LK-7142020	Yaya 12	Track 12	gnd	248	22	157	18	16	0	2
LK-7142025	Track 09 - 10	Track 09 - 10	gnd	222	47	260	37	19	0	1
LK-7142030	Track 11	Track 11	gnd	54	4	274	39	1	0	1
LK-7142035	Track 15	Track 15	gnd	333	6	418	52	16	0	1
LK-7142040	Gemunupura	Gemunupura	gnd	121	6	399	26	23	0	2
LK-7142045	Track 07	Track 07	gnd	156	4	203	26	23	0	0
LK-7142050	Thumbullegama	Thumbullegama	gnd	21	1	373	59	17	0	0
LK-7142055	Randenigama	Randenigama	gnd	226	14	160	17	13	0	0
LK-7142060	Track 04	Track 04	gnd	206	6	173	13	4	0	0
LK-7142065	Track 03	Track 03	gnd	117	2	173	30	1	0	0
LK-7142070	Naigala	Naigala	gnd	242	9	157	19	2	0	0
LK-7142075	Thissapura	Thissapura	gnd	84	19	145	19	2	0	0
LK-7142080	Maha Thimbirikalla	Maha Thimbirikalla	gnd	285	6	290	22	4	0	2
LK-7142085	Angamuwa	Angamuwa	gnd	63	11	321	27	12	0	0
LK-7142090	04 1/2 Kanuwa	4 1/2 Kanuwa	gnd	270	5	130	16	5	0	1
LK-7142095	Sirimapura	Sirimapura	gnd	108	2	249	31	14	0	0
LK-7142100	Panthiyawa	Panthiyawa	gnd	60	1	291	19	0	0	0
LK-7142105	Kalundegama	Kalundegama	gnd	181	7	293	20	2	0	0
LK-7145005	Kongollewa	Kongollewa	gnd	238	20	433	56	16	0	1
LK-7145010	Kelegama	Kelegama	gnd	116	14	353	20	4	0	0
LK-7145015	Pahalagama	Pahalagama	gnd	222	2	210	34	6	0	0
LK-7145020	Solama	Solama	gnd	301	36	23	24	1	0	1
LK-7145025	Maha Bellankadawala	Maha Bellankadawala	gnd	208	16	308	27	12	0	1
LK-7145030	Eriyagama	Eriyagama	gnd	240	22	76	6	1	0	0
LK-7145035	Delnegama	Delnegama	gnd	352	18	26	2	6	0	4
LK-7145040	Kuda Bellankadawala	Kuda Bellankadawala	gnd	264	53	48	16	8	0	1
LK-7145045	Konwewa	Konwewa	gnd	265	15	238	40	10	0	0
LK-7145050	Jayasirigama	Jayasirigama	gnd	216	14	63	12	4	0	0
LK-7145055	Lunuwewa	Lunuwewa	gnd	112	5	228	18	6	0	0
LK-7145060	Veheragala	Veheragala	gnd	377	34	222	27	30	0	0
LK-7145065	Thammennagama	Thammennagama	gnd	852	26	224	19	7	0	0
LK-7145070	Nallachchiya	Nallachchiya	gnd	540	33	243	30	15	0	0
LK-7145075	Galviharawewa	Galviharawewa	gnd	293	35	59	13	0	0	0
LK-7145080	Thelhiriyawa	Thelhiriyawa	gnd	101	11	320	28	7	0	0
LK-7145085	Ikiriwewa	Ikiriwewa	gnd	540	49	366	83	65	0	0
LK-7145090	Musalpitiya	Musalpitiya	gnd	321	16	136	22	7	0	1
LK-7145095	Thambuttegama	Thambuttegama	gnd	371	22	107	19	3	0	0
LK-7145100	Thispanepura	Thispanepura	gnd	67	12	181	26	4	0	2
LK-7145105	Makulewa	Makulewa	gnd	59	4	305	45	15	0	0
LK-7145110	Thammennawa	Thammennawa	gnd	231	21	235	44	7	0	0
LK-7145115	Mudungoda	Mudungoda	gnd	79	3	302	53	22	0	0
LK-7145120	Helambawewa	Helambawewa	gnd	227	11	0	0	0	0	0
LK-7145125	Hureegaswewa	Hureegaswewa	gnd	62	1	271	22	21	0	0
LK-7145130	Weliyawa	Weliyawa	gnd	100	2	212	14	6	0	0
LK-7148005	Daladapura	Daladapura	gnd	17	5	202	12	7	0	0
LK-7148010	Pahala Thalawa	Pahala Thalawa	gnd	53	2	302	17	6	0	7
LK-7148015	Moragoda	Moragoda	gnd	384	1	203	16	8	0	0
LK-7148020	Kumbukgahawewa	Kumbukgahawewa	gnd	309	26	165	23	8	0	5
LK-7148025	Nawa Hanguranketha	Nawa Hanguranketha	gnd	352	22	105	50	10	0	1
LK-7148030	Hirigollegama	Hirigollegama	gnd	220	39	192	12	5	0	0
LK-7148035	Karagahawewa	Karagahawewa	gnd	363	26	374	17	19	0	0
LK-7148040	Ihala Thalawa	Ihala Thalawa	gnd	552	30	43	11	1	0	0
LK-7148045	Hinguruwewa	Hinguruwewa	gnd	248	10	105	8	0	0	1
LK-7148050	Korakahawewa	Korakahawewa	gnd	78	0	202	11	3	0	0
LK-7148055	Kurunduwewa	Kurunduwewa	gnd	428	13	173	48	17	0	0
LK-7148060	Meegassegama	Meegassegama	gnd	317	1	118	45	3	0	1
LK-7148065	Kiralogama	Kiralogama	gnd	195	12	209	11	4	0	0
LK-7148070	Kadurugaswewa	Kadurugaswewa	gnd	140	7	148	12	12	1	0
LK-7148075	Palugaswewa	Palugaswewa	gnd	249	33	320	63	5	0	0
LK-7148080	Ketakale	Ketakale	gnd	141	9	354	37	5	0	0
LK-7148085	Rajjallegama	Rajjallegama	gnd	120	0	166	7	3	0	0
LK-7148090	Eliyadivulwewa	Eliyadivulwewa	gnd	159	5	337	37	9	0	1
LK-7148095	Ihala Siyambalewa	Ihala Siyambalewa	gnd	379	25	243	51	9	0	0
LK-7148100	Eppawala	Eppawala	gnd	433	22	103	18	3	0	0
LK-7148105	Mawathawewa	Mawathawewa	gnd	47	5	248	74	8	0	0
LK-7148110	Nallamudawa	Nallamudawa	gnd	43	14	293	98	5	0	2
LK-7148115	Medagama	Medagama	gnd	215	0	218	67	4	0	2
LK-7148120	Kiriamunukole	Kiriamunukole	gnd	371	16	70	17	3	1	2
LK-7148125	Kadigawa	Kadigawa	gnd	228	18	1	7	2	0	0
LK-7148130	Mediyawa	Mediyawa	gnd	153	64	53	2	5	0	0
LK-7148135	Katiyawa Track 02	Katiyawa Track 02	gnd	204	27	1	0	0	3	0
LK-7148140	Galwaduwagama	Galwaduwagama	gnd	117	15	172	52	1	0	0
LK-7148145	Ihala Halmillewa	Ihala Halmillewa	gnd	291	21	27	4	5	0	0
LK-7148150	Adhiranigama	Adhiranigama	gnd	279	3	172	19	14	0	1
LK-7148155	Katiyawa Track 10	Katiyawa Track 10	gnd	273	4	46	2	0	0	1
LK-7148160	Katiyawa Track 09	Katiyawa Track 09	gnd	339	17	144	18	1	0	0
LK-7148165	Katiyawa Track 01	Katiyawa Track 01	gnd	137	8	392	36	10	0	0
LK-7148170	Endagala	Endagala	gnd	130	2	286	32	15	0	0
LK-7148175	Kelesiyambalewa	Kelesiyambalewa	gnd	166	7	225	40	4	0	0
LK-7148180	Galmaduwa	Galmaduwa	gnd	288	0	1	3	1	0	1
LK-7148185	Ihalagama	Ihalagama	gnd	168	1	177	24	20	0	4
LK-7148190	Keledivulwewa	Keledivulwewa	gnd	145	4	197	2	1	0	0
LK-7148195	Katiyawa Track 06	Katiyawa Track 06	gnd	335	42	233	16	21	0	1
LK-7151005	Karuwalagaswewa	Karuwalagaswewa	gnd	65	2	65	6	10	0	0
LK-7151010	Galkulama	Galkulama	gnd	44	0	142	26	11	0	2
LK-7151015	Gnanikkulama	Gnanikkulama	gnd	61	1	113	25	5	0	0
LK-7151020	Perimiyankulama	Perimiyankulama	gnd	130	4	0	0	1	0	0
LK-7151025	Wannamkulama	Wannamkulama	gnd	11	0	52	24	1	0	0
LK-7151030	Uttimaduwa	Uttimaduwa	gnd	149	0	1	8	7	0	0
LK-7151035	Dematawewa	Dematawewa	gnd	29	1	70	14	4	0	5
LK-7151040	Pairimaduwa	Pairimaduwa	gnd	45	6	174	13	19	0	3
LK-7151045	Kuttikulama	Kuttikulama	gnd	152	19	108	23	1	0	0
LK-7151050	Puliyankulama	Puliyankulama	gnd	154	3	73	19	11	0	0
LK-7151055	Mawathawewa	Mawathawewa	gnd	27	0	97	2	8	0	0
LK-7151060	Periyakulama	Periyakulama	gnd	120	1	0	0	0	0	0
LK-7151065	Ethungama South	Ethungama South	gnd	26	1	222	12	23	0	4
LK-7151070	Meewellewa	Meewellewa	gnd	101	20	186	27	13	0	1
LK-7151075	Ethungama North	Ethungama North	gnd	295	20	0	2	0	0	1
LK-7151080	Aluth Punchikulama	Aluth Punchikulama	gnd	184	41	44	3	1	0	0
LK-7151085	Wannammaduwa	Wannammaduwa	gnd	59	1	202	17	19	0	2
LK-7151090	Thirappane Kadaweediya	Thirappane Kadaweediya	gnd	156	1	102	19	0	0	0
LK-7151095	Thirappanegama	Thirappanegama	gnd	155	2	69	8	16	0	6
LK-7151100	Sembukulama	Sembukulama	gnd	85	10	120	21	23	0	1
LK-7151105	Wellamudawa	Wellamudawa	gnd	91	8	114	10	10	0	3
LK-7151110	Selesthimaduwa	Selesthimaduwa	gnd	77	1	182	21	4	0	4
LK-7151115	Idigahawewa	Idigahawewa	gnd	20	5	77	72	2	0	0
LK-7151120	Paindikulama	Paindikulama	gnd	22	1	170	7	4	0	2
LK-7151125	Walagambahuwa	Walagambahuwa	gnd	148	0	0	3	7	0	0
LK-7151130	Mahakanumulla	Mahakanumulla	gnd	43	6	56	16	1	0	0
LK-7151135	Alisthana	Alisthana	gnd	152	7	190	16	2	0	0
LK-7151140	Dayagama	Dayagama	gnd	79	9	1	2	4	0	1
LK-7151145	Wanamal Uyana	Wanamal Uyana	gnd	129	1	196	21	12	0	0
LK-7151150	Manakkulama	Manakkulama	gnd	14	0	119	28	32	0	2
LK-7151155	Pethis Rambewa	Pethis Rambewa	gnd	31	10	154	14	21	0	0
LK-7151160	Kattamurichchana	Kattamurichchana	gnd	59	2	132	22	15	0	0
LK-7151165	Kandupagama	Kandupagama	gnd	30	3	86	59	4	0	1
LK-7151170	Labunoruwa	Labunoruwa	gnd	25	6	218	26	16	0	3
LK-7151175	Pahala Ambathale	Pahala Ambathale	gnd	25	1	48	4	1	0	0
LK-7151180	Ihala Ambathale	Ihala Ambathale	gnd	108	9	174	21	9	0	0
LK-7151185	Alagollewa	Alagollewa	gnd	41	6	148	11	18	0	0
LK-7151190	Muriyakadawala	Muriyakadawala	gnd	47	0	104	5	17	0	1
LK-7151195	Amunichchiya	Amunichchiya	gnd	31	1	98	16	8	0	0
LK-7151200	Sandapagama	Sandapagama	gnd	179	9	2	12	0	0	0
LK-7151205	Uttupitiya	Uttupitiya	gnd	161	7	69	18	16	0	0
LK-7154005	Navakkulama	Navakkulama	gnd	294	7	0	2	8	0	1
LK-7154010	Moragoda	Moragoda	gnd	74	2	154	36	11	0	0
LK-7154015	Mahadivulwewa	Mahadivulwewa	gnd	61	12	97	2	9	0	6
LK-7154020	Keeriyagaswewa	Keeriyagaswewa	gnd	11	1	93	9	1	0	1
LK-7154025	Ihala Puliyankulama	Ihala Puliyankulama	gnd	221	9	170	34	12	0	0
LK-7154030	Kelepuliyankulama	Kelepuliyankulama	gnd	109	1	127	13	3	0	0
LK-7154035	Maradankadawala	Maradankadawala	gnd	465	6	275	25	12	0	0
LK-7154040	Thoruwewa	Thoruwewa	gnd	47	6	124	16	10	0	0
LK-7154045	Maminiyawa	Maminiyawa	gnd	164	4	1	0	3	0	0
LK-7154050	Maminiya Rambewa	Maminiya Rambewa	gnd	168	2	189	25	15	0	1
LK-7154055	Ganewalpola	Ganewalpola	gnd	346	33	72	21	1	0	2
LK-7154060	Heenukkiriyawa	Heenukkiriyawa	gnd	290	26	40	0	2	0	0
LK-7154065	Embulgaswewa	Embulgaswewa	gnd	55	6	119	10	3	0	3
LK-7154070	Olukarada	Olukarada	gnd	149	0	83	2	0	0	0
LK-7154075	Kollankuttigama	Kollankuttigama	gnd	197	8	204	24	4	0	1
LK-7154080	Mudaperumagama	Mudaperumagama	gnd	47	8	157	14	6	1	1
LK-7154085	Ihalagama	Ihalagama	gnd	89	0	148	12	3	0	0
LK-7154090	Shasthrawelliya	Shasthrawelliya	gnd	76	4	71	3	1	0	3
LK-7154095	Railway Town	Railway Town	gnd	218	1	123	8	7	0	1
LK-7154100	Maradankadawala Road	Maradankadawala Road	gnd	331	11	67	17	3	0	0
LK-7154105	Maldenipura	Maldenipura	gnd	272	11	45	26	1	0	0
LK-7154110	Mankadawala	Mankadawala	gnd	98	1	90	14	11	0	0
LK-7154115	Medawewa	Medawewa	gnd	33	1	122	27	18	0	1
LK-7154120	Pothanegama	Pothanegama	gnd	539	59	7	0	4	0	0
LK-7154125	Kuda Kekirawa	Kuda Kekirawa	gnd	417	28	43	8	3	0	0
LK-7154130	Kekirawa Town	Kekirawa Town	gnd	212	8	18	7	2	0	0
LK-7154135	Malawa	Malawa	gnd	308	11	50	22	7	0	0
LK-7154140	Neekiniyawa	Neekiniyawa	gnd	268	1	92	6	2	0	0
LK-7154145	Mailagaswewa	Mailagaswewa	gnd	200	3	18	0	0	0	0
LK-7154150	Karukkankulama	Karukkankulama	gnd	74	1	111	15	1	0	5
LK-7154155	Olombewa	Olombewa	gnd	211	24	311	32	6	0	1
LK-7154160	Maha Kekirawa	Maha Kekirawa	gnd	464	17	262	55	22	0	1
LK-7154165	Kumbukwewa	Kumbukwewa	gnd	57	3	232	10	1	0	0
LK-7154170	Rathmallewa	Rathmallewa	gnd	26	1	172	18	11	0	0
LK-7154175	Medagama	Medagama	gnd	51	2	122	21	3	0	0
LK-7154180	Korasagalla	Korasagalla	gnd	106	7	94	5	0	0	1
LK-7154185	Unagollewa	Unagollewa	gnd	247	8	0	6	1	0	0
LK-7154190	Horapola	Horapola	gnd	162	1	184	57	20	0	0
LK-7154195	Dambewatana	Dambewatana	gnd	227	5	141	7	2	0	0
LK-7154200	Uduruwa	Uduruwa	gnd	288	0	21	5	1	0	0
LK-7154205	Nidigama	Nidigama	gnd	444	19	42	26	14	0	1
LK-7154210	Maha Elagamuwa	Maha Elagamuwa	gnd	243	6	275	17	3	0	0
LK-7154215	Pallehingura	Pallehingura	gnd	85	8	110	8	7	0	0
LK-7154220	Nelbegama	Nelbegama	gnd	105	58	0	0	0	0	0
LK-7154225	Murungahitikanda	Murungahitikanda	gnd	230	9	138	15	9	0	0
LK-7154230	Baravila	Baravila	gnd	45	2	92	22	0	0	0
LK-7154235	Bandarapothana	Bandarapothana	gnd	396	4	27	3	4	0	0
LK-7154240	Kotagala	Kotagala	gnd	167	25	117	26	3	0	0
LK-7154245	Madatugama	Madatugama	gnd	404	7	89	9	5	1	0
LK-7154250	Dunumadalawa	Dunumadalawa	gnd	192	3	119	9	1	0	0
LK-7154255	Kandalama West	Kandalama West	gnd	144	7	208	5	1	0	0
LK-7154260	Kithulhitiyawa	Kithulhitiyawa	gnd	176	3	188	18	5	1	0
LK-7154265	Kandalama East	Kandalama East	gnd	307	7	207	27	19	0	1
LK-7157005	Maithrigama	Maithreegama	gnd	34	0	72	13	6	0	3
LK-7157010	Maha Rambawewa	Maharabawewa	gnd	18	2	146	27	9	0	2
LK-7157015	Madawala	Madawala	gnd	20	2	255	41	32	0	0
LK-7157020	Eppawala	Eppawala	gnd	27	16	215	37	17	0	4
LK-7157025	Galapitagala	Galapitagala	gnd	150	6	1	0	0	0	0
LK-7157030	Kumbukwewa	Kumbukwewa	gnd	29	1	163	8	8	0	0
LK-7157035	Senadhiriyagama	Senadhiriyagama	gnd	207	1	72	9	3	0	0
LK-7157040	Horivila	Horivila	gnd	113	1	235	18	5	0	2
LK-7157045	Palugaswewa	Palugaswewa	gnd	178	11	144	10	11	0	1
LK-7157050	Kuda Rambawewa	Kuda Rambawewa	gnd	15	2	182	21	14	0	2
LK-7157055	Habarana	Habarana	gnd	710	28	291	44	13	0	0
LK-7157060	Demuththewa	Demuththewa	gnd	20	3	103	3	9	0	1
LK-7157065	Kelewa	Kelewa	gnd	176	28	111	17	10	0	1
LK-7157070	Wayaulpatha	Wayaulpatha	gnd	106	9	161	42	8	0	9
LK-7157075	Hiriwadunna	Hiriwadunna	gnd	81	4	203	32	11	0	0
LK-7157080	Kashyapagama	Kashyapagama	gnd	296	27	39	10	8	0	4
LK-7160005	Dikwewa Senapura	Dikwewa-Senapura	gnd	205	15	266	46	6	0	0
LK-7160010	Galagedara Gama	Galagedara Gama	gnd	80	3	1	4	1	0	1
LK-7160015	Senapuragama	Senapura Gama	gnd	68	0	94	19	3	0	0
LK-7160020	Mahailuppallama	Mahailuppallama	gnd	258	30	38	8	3	0	0
LK-7160025	Gonapathirawa	Gonapathirawa	gnd	166	13	250	57	8	0	0
LK-7160030	Sangattewa	Sangattewa	gnd	136	3	383	9	14	0	1
LK-7160035	Kadiyangalla	Kadiyangalla	gnd	252	9	193	14	15	0	0
LK-7160040	Ipalogama	Ipalogama	gnd	78	0	249	24	18	0	2
LK-7160045	Manewa	Manewa	gnd	42	0	186	10	2	0	2
LK-7160050	Heenukwegama	Heenukwe Gama	gnd	33	0	136	8	1	0	0
LK-7160055	Dampelassagama	Dampelessa Gama	gnd	79	1	183	13	8	0	0
LK-7160060	Ihala Kagama	Ihala Kagama	gnd	101	5	160	19	2	0	0
LK-7160065	Kunchikulama	Kunchikulama	gnd	1382	18	190	21	4	0	1
LK-7160070	Hiripitiyagama	Hiripitiya Gama	gnd	422	19	143	14	19	0	0
LK-7160075	Aswedduma	Aswedduma	gnd	112	2	114	2	4	0	0
LK-7160080	Ganthiriyagama	Ganthiriya Gama	gnd	195	9	133	11	3	0	2
LK-7160085	Galwanguwa	Galwanguwa	gnd	85	0	243	33	10	0	0
LK-7160090	Wedinigama	Wedinigama	gnd	36	3	269	8	6	0	0
LK-7160095	Narangallegama	Narangallegama	gnd	93	11	160	19	3	0	0
LK-7160100	Kallanchiyagama	Kallanchiya Gama	gnd	272	23	165	26	1	0	0
LK-7160105	Aluth Dambewatana	Aluth Dambewatana	gnd	74	1	43	4	6	0	6
LK-7160110	Kagama 5 Ela	Kagama 5 Ela	gnd	110	0	159	11	2	0	0
LK-7160115	2 Ela - Kagama	2 Ela Kagama	gnd	77	16	123	16	5	0	0
LK-7160120	Akkara 500	Akkara 500	gnd	89	0	129	38	10	0	0
LK-7160125	Amunuwetiya	Amunuwetiya	gnd	219	3	93	9	9	0	0
LK-7160130	Puliyankulama	Puliyankulama	gnd	215	11	299	33	18	0	3
LK-7160135	Vijithapura	Vijithapura	gnd	155	24	137	25	6	0	3
LK-7160140	Amanakkattuwa	Amanakkattuwa	gnd	62	3	15	0	0	0	0
LK-7160145	Kalawewa	Kalawewa	gnd	273	2	13	0	0	0	0
LK-7160150	Kusalanagama	Kusalanagama	gnd	376	38	111	16	6	0	0
LK-7160155	Palugaswewa Farm	Palugaswewa Farm	gnd	294	31	73	14	5	0	1
LK-7160160	Walawwegama	Walawwegama	gnd	216	15	378	43	12	0	3
LK-7163005	Namalgamuwa	Namalgamuwa	gnd	143	9	225	18	2	0	0
LK-7163010	Obadayagama	Obadayagama	gnd	285	14	138	11	2	1	0
LK-7163015	Otunupelandigama	Otunupelandigama	gnd	232	12	187	46	5	0	1
LK-7163020	Karuwalagaswewa	Karuwalagaswewa	gnd	107	17	479	41	11	0	1
LK-7163025	Usgala Halmillawewa	Usgala Halmillawewa	gnd	188	6	170	9	6	0	0
LK-7163030	Helabodugama	Helabodu Gama	gnd	363	10	169	32	1	0	1
LK-7163035	Kattaragama	Kattaragama	gnd	82	3	268	12	19	0	0
LK-7163040	Bulnewa	Bulnewa	gnd	248	4	258	24	4	1	0
LK-7163045	Thorane Gama	Thorane Gama	gnd	103	1	249	34	17	0	0
LK-7163050	Midellewa	Midellewa	gnd	207	14	321	34	20	0	0
LK-7163055	Ihala Kalankuttiya	Ihala Kalankuttiya	gnd	124	6	276	36	1	0	0
LK-7163060	Pahala Kalankuttiya	Pahala Kalankuttiya	gnd	122	6	255	70	7	0	0
LK-7163065	Siyambalewa	Siyambalewa	gnd	164	2	49	26	2	0	0
LK-7163070	Lolugaswewa	Lolugaswewa	gnd	75	17	291	23	16	0	0
LK-7163075	Pitiye Yaya	Pitiye Yaya	gnd	191	8	247	11	8	0	1
LK-7163080	Galnewagama	Galnewa Gama	gnd	119	0	214	17	2	0	0
LK-7163085	Galnewa Town	Galnewa Town	gnd	55	0	124	2	1	1	0
LK-7163090	Malbaligala	"Malbaligala
"	gnd	124	10	354	56	33	0	1
LK-7163095	Hadungama	Hadungama	gnd	101	4	212	17	2	0	0
LK-7163100	Musnawa	Musnawa	gnd	161	30	10	3	3	0	0
LK-7163105	Kala - Medawachchiya	Kala-Medawachchiya	gnd	82	3	362	47	11	0	9
LK-7163110	Kumbukwewa	Kumbukwewa	gnd	74	1	0	0	0	0	0
LK-7163115	Kallanchiya	Kallanchiya	gnd	22	2	148	31	2	0	0
LK-7163120	Negama	Negama	gnd	319	17	68	22	1	0	1
LK-7163125	Verunkulama	Verunkulama	gnd	222	11	126	19	2	0	2
LK-7163130	Walaswewa	Walaswewa	gnd	103	3	518	13	25	0	6
LK-7163135	Kandegama	Kandegama	gnd	30	15	137	12	3	0	0
LK-7163140	Kandulegama	Kandule Gama	gnd	5	0	56	9	1	0	0
LK-7163145	Kandulugamuwa	Kandulugamuwa	gnd	29	0	109	30	15	0	0
LK-7163150	Siyambalangamuwa South	Siyambalangamuwa South	gnd	36	2	157	16	0	0	1
LK-7166005	Nelliyagama	Nelliyagama	gnd	226	31	84	2	0	0	0
LK-7166010	Balaluwewa 2	Balaluwewa 2	gnd	239	15	16	18	6	0	0
LK-7166015	Balaluwewa1	Balaluwewa	gnd	214	7	36	16	1	0	0
LK-7166020	Pahalagama	Pahalagama	gnd	42	0	159	13	4	0	1
LK-7166025	Karavilagala	Karavilagala	gnd	11	3	98	12	5	0	0
LK-7166030	Gam Sabha Halmilla Wewa	Gam Sabha Halmilla Wewa	gnd	73	7	298	19	37	0	2
LK-7166035	Gonadeniyagama	Gonadeniyagama	gnd	44	6	182	31	32	0	1
LK-7166040	Meewewa	Meewewa	gnd	5	2	100	16	0	0	0
LK-7166045	Ambagaswewa	Ambagaswewa	gnd	8	4	156	28	2	0	0
LK-7166050	Wambatuwewa	Wambatuwewa	gnd	189	5	4	0	3	0	2
LK-7166055	Hinguruwewa	Hinguruwewa	gnd	120	1	124	19	3	0	1
LK-7166060	Kirindiwatta	Kirindiwatta	gnd	93	13	141	12	7	0	1
LK-7166065	Aluth Galkiriyagama	Aluth Galkiriyagama	gnd	141	6	188	19	7	0	0
LK-7166070	Daniyagama	Daniyagama	gnd	162	13	167	4	3	0	4
LK-7166075	Undurawa Halmilla Wewa	Undurawa Halmillawewa	gnd	36	3	168	19	2	0	1
LK-7166080	Katukeliyawa	Katukeliyawa	gnd	186	2	146	32	1	0	2
LK-7166085	Aluth Kadadugama	Aluth Kadadugama	gnd	196	29	125	77	25	0	0
LK-7166090	Ranawa	Ranawa	gnd	226	38	264	21	22	0	0
LK-7166095	Hinguruwelpitiya	Hinguruwelpitiya	gnd	29	0	293	27	3	0	0
LK-7166100	Anakatawewa	Anakatawewa	gnd	39	10	417	21	34	0	0
LK-7166105	Giranegama	Giranegama	gnd	276	76	315	26	18	0	0
LK-7166110	Dambulu Halmilla Wewa	Dambuluhalmillawewa	gnd	153	5	211	31	3	0	1
LK-7166115	Narangaswewa	Narangaswewa	gnd	151	34	178	28	4	0	3
LK-7166120	Ulpathagama	Ulpathagama	gnd	115	14	210	23	4	0	2
LK-7166125	Ellawewa	Ellawewa	gnd	37	6	263	56	17	0	3
LK-7166130	Andiyagala	Andiyagala	gnd	156	9	113	3	0	0	2
LK-7166135	Maneruwa	Maneruwa	gnd	25	2	185	4	1	0	2
LK-7166140	Ipulwehera	Ipulwehera	gnd	249	16	5	1	1	0	1
LK-7166145	Gambirigaswewa	Gambirigaswewa	gnd	11	0	165	17	1	0	0
LK-7166150	Parawahagama	Parawahagama	gnd	60	6	182	21	20	0	0
LK-7166155	Kalugala	Kalugala	gnd	220	20	143	11	4	0	1
LK-7166160	Pelbendiyawa	Pelbendiyawa	gnd	54	9	150	6	5	0	5
LK-7166165	Morotte Gama	Morottegama	gnd	5	1	242	53	21	0	1
LK-7166170	Dematagollagama	Dematagollagama	gnd	28	17	160	9	0	0	2
LK-7166175	Budugehinna	Budugehinna	gnd	46	4	167	4	2	0	0
LK-7203005	Sinhagama	Sinhagama	gnd	37	7	381	57	33	0	3
LK-7203010	Galoya	Galoya	gnd	70	4	347	17	9	0	0
LK-7203015	Rotawewa	Rotawewa	gnd	87	1	316	16	36	0	8
LK-7203020	Rathmale	Rathmale	gnd	108	5	167	7	12	0	2
LK-7203025	Paluwaddana	Paluwaddana	gnd	62	2	178	22	9	0	1
LK-7203030	Yodha Ela	Yodha Ela	gnd	208	8	283	15	3	0	0
LK-7203035	Yatiyalpathana	Yatiyalpathana	gnd	276	4	167	7	0	0	0
LK-7203040	Rankothgama	Rankothgama	gnd	122	5	228	34	4	0	1
LK-7203045	Siriketha	Siriketha	gnd	169	16	126	6	0	0	0
LK-7203050	Kumaragama	Kumaragama	gnd	204	3	60	21	2	0	0
LK-7203055	Samapura	Samapura	gnd	407	14	145	16	2	0	0
LK-7203060	Kimbulawala	Kimbulawala	gnd	319	3	80	23	13	0	0
LK-7203065	Ulpathwewa	Ulpathwewa	gnd	151	4	253	8	4	0	0
LK-7203070	Minihirigama	Minihirigama	gnd	248	7	4	4	12	0	0
LK-7203075	Moragaswewa	Moragaswewa	gnd	226	5	476	54	16	0	0
LK-7203080	Mahasengama	Mahasengama	gnd	49	2	223	39	4	0	1
LK-7203085	Bathgampattuwa	Bathgampaththuwa	gnd	104	4	343	49	16	0	0
LK-7203090	Samagipura	Samagipura	gnd	261	10	226	33	11	0	1
LK-7203095	Minneriya	Minneriya	gnd	119	8	58	8	1	0	0
LK-7203100	Pasiyawewa	Pasiyawewa	gnd	310	3	71	5	8	0	0
LK-7203105	Akkara 70	Akkara 70	gnd	179	2	271	28	12	0	1
LK-7203110	R.B. 01	R.B. 01	gnd	410	9	100	2	1	0	0
LK-7203115	Pulathisigama	Pulathisigama	gnd	280	2	61	6	0	0	0
LK-7203120	Ulkatupotha	Ulkatupotha	gnd	420	11	219	16	3	0	0
LK-7203125	Bopura	Bopura	gnd	212	6	194	19	0	0	0
LK-7203130	Jayapura	Jayapura	gnd	211	3	67	6	1	0	0
LK-7203135	Hinguraka Bandaragama	Hinguraka Bandaragama	gnd	141	4	149	10	1	0	0
LK-7203140	Hinguraka	Hinguraka	gnd	187	2	63	1	2	0	1
LK-7203145	Hathamuna	Hathamuna	gnd	204	1	192	12	8	0	0
LK-7203150	Hingurakgoda	Hingurakgoda	gnd	108	0	38	2	0	3	0
LK-7203155	Bubula	Bubula	gnd	234	10	0	0	0	0	0
LK-7203160	Raja Ela	Raja Ela	gnd	238	1	179	11	4	0	1
LK-7203165	Rajaelagama	Raja Ela Gama	gnd	40	3	306	5	7	0	1
LK-7203170	Muwanpelessa	Muwanpelessa	gnd	81	1	214	14	22	0	2
LK-7203175	C.P.Pura	C.P.Pura	gnd	90	3	187	47	9	0	3
LK-7203180	Girithale	Girithale	gnd	103	3	221	22	13	0	1
LK-7203185	Girithale Puranagama	Girithale Puranagama	gnd	100	1	103	11	3	0	0
LK-7203190	Girithale Colony	Girithale Colony	gnd	247	1	150	22	9	0	1
LK-7203195	Henkolawela	Henkolawela	gnd	158	1	183	18	0	0	1
LK-7203200	Jayanthipura	Jayanthipura	gnd	245	7	182	11	10	0	0
LK-7203205	Unagalavehera West	Unagalavehera West	gnd	145	4	290	28	4	0	0
LK-7203210	Unagalavehera East	Unagalavehera East	gnd	75	7	156	15	3	0	1
LK-7203215	Chandanapokuna	Chandana Pokuna	gnd	180	18	159	12	0	0	0
LK-7203220	Nagapokuna	Nagapokuna	gnd	98	1	172	20	2	0	0
LK-7203225	Yaya 12 Pedesa	Track 12 Pedesa	gnd	216	0	124	4	8	0	0
LK-7203230	Chethiyagirigama	Chethiyagirigama	gnd	134	1	119	24	0	0	0
LK-7203235	Weeragama	Weeragama	gnd	81	2	153	8	3	0	0
LK-7203240	Yaya 05 Pedesa	Track 05 Pedesa	gnd	112	3	150	10	4	0	1
LK-7203245	Wijayarajawewa	Wijayaraja Wewa	gnd	138	9	319	32	7	0	0
LK-7203250	Agbopura	Agbopura	gnd	310	4	101	11	5	0	0
LK-7203255	Katukeliyawa	Katukeliyawa	gnd	104	18	117	19	8	0	2
LK-7203260	Sudukanda - Nikawewa	Sudukanda - Nikawewa	gnd	27	11	221	40	9	0	7
LK-7203265	Thambalawewa	Thambalawewa	gnd	245	16	108	25	1	0	0
LK-7206005	Wedikachchiya	Wedikachchiya	gnd	418	27	339	12	10	0	1
LK-7206010	Jayathugama	Jayathugama	gnd	150	9	226	32	7	0	1
LK-7206015	Ekamuthugama	Ekamuthugama	gnd	158	6	176	15	7	1	2
LK-7206020	Meegaswewa	Meegaswewa	gnd	38	10	455	30	1	0	5
LK-7206025	Palliyagodella	Palliyagodella	gnd	150	6	51	12	3	0	0
LK-7206030	Wadigawewa	Wadigawewa	gnd	187	6	113	17	16	0	8
LK-7206035	Senarathpura	Senarathpura	gnd	303	43	264	34	3	0	1
LK-7206040	Etambaoya	Etambaoya	gnd	116	11	183	8	1	0	0
LK-7206045	Kavuduluwewa	Kavuduluwewa (Ralapanawa)	gnd	174	25	359	36	10	0	2
LK-7206050	Meniksorowwa	Meniksorowwa	gnd	127	18	142	21	6	0	1
LK-7206055	Bisobandara	Bisobandara	gnd	180	11	307	11	14	0	1
LK-7206060	Thissapura	Thissapura	gnd	209	7	50	10	1	0	0
LK-7206065	Abhayapuragama	Abhayapuragama	gnd	338	11	156	5	0	0	0
LK-7206070	New Town	New Town	gnd	463	13	187	12	3	0	0
LK-7206075	Diggalpura	Diggalpura	gnd	130	17	232	12	2	0	0
LK-7206080	Wedehapura	Wedehapura	gnd	189	27	149	17	1	0	0
LK-7206085	Bisobandaragama	Bisobandara Gama	gnd	85	1	368	41	13	0	0
LK-7206090	Ambagaswewa	Ambagaswewa	gnd	145	8	436	54	7	0	1
LK-7206095	Jayagampura	Jayagampura	gnd	122	21	62	6	0	0	0
LK-7206100	Nagarapura	Nagarapura	gnd	29	2	240	22	0	0	0
LK-7206105	Kumudupura	Kumudupura	gnd	116	10	197	3	2	0	0
LK-7206110	Damsopura	Damsopura	gnd	324	19	170	63	11	0	2
LK-7206115	Aluthwewa	Aluthwewa	gnd	30	15	371	5	4	0	0
LK-7206120	Thalakolawewa	Thalakolawewa	gnd	226	6	245	14	0	0	0
LK-7206125	Ihalagama	Ihalagama	gnd	275	16	216	14	3	0	0
LK-7206130	Wijayapura	Wijayapura	gnd	173	5	95	5	3	0	0
LK-7206135	Bisouyana	Bisouyana	gnd	382	14	60	4	18	0	0
LK-7206140	Diyasenpura	Diyasenpura	gnd	288	10	202	28	4	0	0
LK-7206145	Gajabapura	Gajabapura	gnd	301	5	189	27	15	0	0
LK-7206150	Kavudulugama	Kavudulugama	gnd	139	10	125	6	2	0	0
LK-7206155	Mandalagiriya	Mandalagiriya	gnd	381	11	0	1	5	0	0
LK-7206160	Medirigiriya	Medirigiriya	gnd	796	24	2	7	4	2	0
LK-7206165	Viharagama	Viharagama	gnd	232	19	117	20	11	0	2
LK-7206170	Divulankadawala	Divulankadawala	gnd	283	14	229	26	21	0	0
LK-7206175	Nelumpokuna	Nelumpokuna	gnd	211	17	150	3	9	0	0
LK-7206180	Thissa Amuna	Thissa Amuna	gnd	295	21	193	20	2	0	0
LK-7206185	Kusumpokuna	Kusumpokuna	gnd	253	1	144	39	4	0	0
LK-7206190	Wijayarajapura	Wijayarajapura	gnd	81	1	196	17	2	0	1
LK-7206195	Perakumpura	Perakumpura	gnd	224	16	161	8	1	0	1
LK-7206200	Kahambiliyawa	Kahambiliyawa	gnd	127	2	258	41	2	0	0
LK-7206205	Akbarpura	Akbarpura	gnd	223	0	21	1	0	0	0
LK-7206210	Sansungama	Sansungama	gnd	151	7	176	9	1	0	1
LK-7206215	Veheragala	Veheragala	gnd	376	11	37	4	17	0	0
LK-7206220	Mahasenpura	Mahasenpura	gnd	247	9	110	39	3	0	2
LK-7206225	Yudhaganawa	Yudhaganawa	gnd	755	21	165	6	10	0	1
LK-7209005	Weli Ela	Weli Ela	gnd	205	8	104	29	5	0	1
LK-7209010	Mahakirimetiya	Maha Kirimetiya	gnd	26	1	189	30	9	0	0
LK-7209015	Buddhayaya	Buddhayaya	gnd	175	2	142	8	0	0	0
LK-7209020	Sungavila	Sungavila	gnd	245	13	66	7	11	0	4
LK-7209025	Jayabima	Jayabima	gnd	29	5	108	21	2	0	0
LK-7209030	Jayapura	Jayapura	gnd	629	42	123	9	9	1	0
LK-7209035	Nelumpura	Nelumpura	gnd	371	2	103	16	12	0	0
LK-7209040	Patunugama	Patunugama	gnd	89	4	228	12	10	0	1
LK-7209045	Munisirigama	Munisirigama	gnd	175	6	91	6	1	0	0
LK-7209050	Pansalgodella	Pansalgodella	gnd	260	3	95	17	0	0	0
LK-7209055	Galamuna	Galamuna	gnd	190	7	0	0	0	0	0
LK-7209060	Hingurakdamana	Hingurakdamana	gnd	215	3	88	20	6	0	0
LK-7209065	Gemunupura	Gemunupura	gnd	424	6	60	3	1	0	0
LK-7209070	Senanayakapura	Senanayakapura	gnd	57	1	215	8	16	0	0
LK-7209075	Debarella	Debarella	gnd	70	4	296	15	18	0	0
LK-7209080	Somapura	Somapura	gnd	82	4	258	13	8	0	0
LK-7209085	Abhayapura	Abhayapura	gnd	99	3	305	33	17	0	1
LK-7209090	Sanghabodhi Gama	Sanghabodhigama	gnd	216	17	72	5	3	0	4
LK-7209095	Pulasthigama	Pulasthigama	gnd	329	9	108	12	0	0	0
LK-7209100	Kegalugama	Kegalugama	gnd	166	13	226	18	9	0	0
LK-7209105	Thalpotha	Thalpotha	gnd	114	13	193	25	6	1	2
LK-7209110	Bauddhartha Gama	Bauddhartha Gama	gnd	164	5	306	27	15	1	0
LK-7209115	Lankapura	Lankapura	gnd	186	6	204	8	1	0	0
LK-7209120	Rifaipura	Rifaipura	gnd	558	10	42	13	6	0	0
LK-7209125	Alhilalpura	Alhilalpura	gnd	761	15	52	11	8	0	0
LK-7209130	Thambala	Thambala	gnd	550	33	97	19	7	0	0
LK-7209135	Onegama Muslimgama	Onegama Muslimgama	gnd	25	1	31	0	0	0	0
LK-7209140	Weerapura	Weerapura	gnd	201	14	191	14	0	0	0
LK-7210005	Sinhapura	Sinhapura	gnd	234	22	856	23	18	0	7
LK-7210010	Kandakaduwa	Kandakaduwa	gnd	98	2	0	1	0	0	0
LK-7210015	Katuwanvila West	Katuwanvila West	gnd	282	11	1	2	0	0	2
LK-7210020	Katuwanvila East	Katuwanvila East	gnd	493	36	111	25	4	0	5
LK-7210025	Kudapokuna	Kudapokuna	gnd	73	1	187	21	18	0	32
LK-7210030	Muthuwella	Muthuwella	gnd	25	0	149	1	3	0	1
LK-7210035	Mahindagama	Mahindagama	gnd	291	13	1216	67	39	1	13
LK-7210040	Mangulpokuna	Mangulpokuna	gnd	48	2	458	8	16	0	2
LK-7210045	Ruhunuketha	Ruhunuketha	gnd	23	0	152	5	4	0	0
LK-7210050	Malvila	Malvila	gnd	7	2	124	2	3	0	1
LK-7210055	Nawasenapura	Senapura	gnd	350	29	83	5	1	0	0
LK-7210060	Muthugala	Muthugala	gnd	229	11	0	1	0	1	11
LK-7210065	Alinchipothana	Alinchipothana	gnd	0	0	0	0	0	0	0
LK-7210070	Madurangala	Madurangala	gnd	36	6	190	2	6	0	6
LK-7210075	Malinda	Malinda	gnd	14	0	122	6	0	0	0
LK-7210080	Sandunpitiya	Sandunpitiya	gnd	60	3	406	6	8	0	3
LK-7210085	Susirigama	Susirigama	gnd	35	6	269	32	1	0	1
LK-7210090	Monarathenna	Monarathenna	gnd	47	1	167	1	11	0	2
LK-7210095	Welikanda	Welikanda	gnd	56	1	261	4	2	1	3
LK-7210100	Kadawathmaduwa	Kadawathmaduwa	gnd	27	1	240	1	6	0	0
LK-7210105	Bo-Atta	Bo-Atta	gnd	42	1	180	4	27	0	2
LK-7210110	Menikwela	Menikwela	gnd	44	1	253	1	7	0	1
LK-7210115	Sevanapitiya	Sevanapitiya	gnd	101	1	223	29	10	0	2
LK-7210120	Mahawewa	Mahawewa	gnd	115	3	329	0	4	0	7
LK-7210125	Karapola	Karapola	gnd	30	3	298	38	17	0	33
LK-7210130	Ginidamana	Ginidamana	gnd	17	0	278	3	0	0	0
LK-7210135	Borawewa	Borawewa	gnd	13	1	172	1	2	0	0
LK-7210140	Nelumwewa	Nelumwewa	gnd	36	2	208	2	2	0	1
LK-7210145	Rideepokuna	Rideepokuna	gnd	187	13	0	0	1	0	0
LK-7210150	Aluthwewa	Aluthwewa	gnd	103	5	173	9	2	0	2
LK-7212005	Manampitiya	Manampitiya	gnd	302	6	231	18	36	2	19
LK-7212010	Manampitiya East	Manampitiya East	gnd	238	14	424	9	30	0	4
LK-7212015	Dalukana	Dalukana	gnd	106	12	308	26	24	1	12
LK-7212020	Kudawewa	Kudawewa	gnd	299	5	123	9	4	0	0
LK-7212025	Medagama	Medagama	gnd	96	0	364	22	2	0	2
LK-7212030	Jayapura	Jayapura	gnd	356	6	3	0	0	0	0
LK-7212035	Wijayabapura	Wijayabapura	gnd	247	7	323	34	18	1	1
LK-7212040	Veheragama	Veheragama	gnd	255	7	0	0	2	0	0
LK-7212045	Millana	Millana	gnd	19	2	211	5	6	0	1
LK-7212050	Dimbulagala	Dimbulagala	gnd	126	14	326	47	65	1	13
LK-7212055	Yakkure	Yakkure	gnd	14	1	210	8	3	0	0
LK-7212060	Damanewewa	Damanewewa	gnd	75	4	178	6	2	0	0
LK-7212065	Pihitiwewa	Pihitiwewa	gnd	117	10	201	5	1	0	0
LK-7212070	Pahala Yakkure	Pahala Yakkure	gnd	96	7	232	19	6	0	0
LK-7212075	Maguldamana	Maguldamana	gnd	112	4	349	23	7	0	1
LK-7212080	Pelatiyawa	Pelatiyawa	gnd	230	6	348	7	6	0	1
LK-7212085	Mahaulpatha	Mahaulpatha	gnd	168	22	63	2	1	0	0
LK-7212090	Bogaswewa	Bogaswewa	gnd	31	2	354	16	5	0	0
LK-7212095	Rathmalthenna	Rathmalthenna	gnd	176	1	232	10	0	0	0
LK-7212100	Track 05 Aralaganvila	Track 05 Aralaganvila	gnd	55	8	227	16	0	0	0
LK-7212105	Gomathiyaya	Gomathiyaya	gnd	202	20	0	8	4	0	0
LK-7212110	Arunapura	Arunapura	gnd	141	0	0	0	2	0	0
LK-7212115	Aralaganwila East	Aralaganvila	gnd	220	13	259	4	3	0	0
LK-7212120	Aralaganvila West	Aralaganvila West	gnd	719	56	3	2	1	1	9
LK-7212125	Weerana	Weerana	gnd	91	0	206	7	2	0	1
LK-7212130	Bimpokuna	Bimpokuna	gnd	8	4	304	2	2	0	0
LK-7212135	Pahala Ellewewa	Pahala Ellewewa	gnd	9	1	420	13	2	0	1
LK-7212140	Kalukele	Kalukele	gnd	635	21	85	7	6	0	1
LK-7212145	Navagaha Ela	Navagaha Ela	gnd	318	4	0	0	0	0	0
LK-7212150	Nuwaragala	Nuwaragala	gnd	355	5	0	14	7	0	0
LK-7212155	Bandanagala	Bandanagala	gnd	361	6	3	0	0	0	0
LK-7212160	Ellewewa	Ellewewa	gnd	381	34	236	2	0	0	2
LK-7212165	Ihala Ellewewa	Ihala Ellewewa	gnd	6	1	531	0	0	0	0
LK-7212170	Mahadamana	Mahadamana	gnd	411	31	2	1	4	0	4
LK-7212175	Pimburattewa West	Pimburattewa West	gnd	80	21	200	11	2	0	1
LK-7212180	Divuldamana	Divuldamana	gnd	46	1	372	27	4	0	0
LK-7212185	Nidanwala	Nidanwala	gnd	195	1	0	0	0	0	0
LK-7212190	Ihalawewa	Ihalawewa	gnd	237	5	134	2	1	0	0
LK-7212195	Pimburattewa East	Pimburattewa East	gnd	15	3	372	7	4	0	0
LK-7212200	Aluthoya	Aluthoya	gnd	389	30	114	10	6	0	0
LK-7212205	Veheragala	Veheragala	gnd	223	11	120	11	2	0	1
LK-7212210	Warapitiya	Warapitiya	gnd	479	28	322	14	19	0	9
LK-7212215	Gal Eliya	Gal Eliya	gnd	98	1	142	1	4	1	1
LK-7212220	Weeralanda	Weeralanda	gnd	178	3	34	3	3	1	0
LK-7212225	Sandagalathenna	Sandagalathenna	gnd	68	7	475	36	4	0	1
LK-7212230	Ulpathwewa	Ulpathwewa	gnd	222	8	0	3	9	0	1
LK-7212235	Alawakumbura	Alawakumbura	gnd	514	1	96	19	18	10	0
LK-7212240	Kandegama	Kandegama	gnd	269	12	107	10	3	0	3
LK-7212245	Kanichchagala	Kanichchagala	gnd	15	0	220	13	17	0	0
LK-7212250	Kekuluwela	Kekulawela	gnd	34	3	326	10	18	0	0
LK-7212255	Maldeniya	Maldeniya	gnd	10	2	160	0	2	0	0
LK-7212260	Meewathpura	Mewathpura	gnd	86	1	468	14	12	0	2
LK-7212265	Rankethgama	Rankethgama	gnd	558	11	1	24	8	0	1
LK-7212270	Mudungama	Mudungama	gnd	242	4	398	26	3	0	1
LK-7212275	Siripura	Siripura	gnd	395	2	282	4	13	0	0
LK-7212280	Selasumgama	Selasumgama	gnd	33	1	295	8	0	0	0
LK-7215005	Shanthipura	Shanthi Pura	gnd	375	28	48	20	6	0	0
LK-7215010	Sinhapura	Sinha Pura	gnd	239	18	68	10	1	0	1
LK-7215015	Wijayabahupura	Wijayabahu Pura	gnd	267	20	13	0	0	0	0
LK-7215020	Unagalavehera South	Unagalavehera South	gnd	267	4	0	0	0	0	0
LK-7215025	Laksha Uyana	Laksha Uyana	gnd	460	0	122	3	1	1	0
LK-7215030	Sevagama	Sevagama	gnd	373	1	155	1	0	0	0
LK-7215035	Wewethenna	Wewethenna	gnd	105	9	135	27	2	0	0
LK-7215040	Monarathenna	Monarathenna	gnd	170	4	173	10	9	0	0
LK-7215045	Damana Gemunupura	Damana Gemunupura	gnd	95	5	165	11	20	0	0
LK-7215050	Kalinga Ela	Kalinga Ela	gnd	77	5	314	12	5	0	0
LK-7215055	Onegama	Onegama	gnd	42	2	171	12	20	0	0
LK-7215060	Sinharajapura	Sinharajapura	gnd	193	3	104	10	14	0	0
LK-7215065	Pudur	Pudur	gnd	111	2	67	22	1	0	0
LK-7215070	Medamaluwa	Medamaluwa	gnd	176	7	140	11	1	0	0
LK-7215075	Wijayarajapura	Wijayaraja Pura	gnd	91	6	193	10	2	0	0
LK-7215080	Palugasdamana 03 Ela	Palugasdamana 03 Ela	gnd	193	3	101	0	0	0	0
LK-7215085	Palugasdamana 02 Ela	Palugasdamana 02 Ela	gnd	298	7	138	14	6	0	0
LK-7215090	Palugasdamana 01 Ela	Palugasdamana 01 Ela	gnd	130	5	96	8	2	0	0
LK-7215095	Palugasdamana South	Palugasdamana South	gnd	236	1	107	11	3	0	0
LK-7215100	Palugasdamana North	Palugasdamana North	gnd	136	1	111	42	1	1	0
LK-7215105	Nishshankamallapura	Nishshankamallapura	gnd	265	23	363	37	17	0	0
LK-7215110	Ethumalpitiya	Ethumalpitiya	gnd	255	8	245	46	18	0	2
LK-7215115	Nikawewa	Nikawewa	gnd	146	8	183	20	3	0	0
LK-7215120	Kadawalawewa	Kadawala Wewa	gnd	141	10	256	16	2	0	0
LK-7215125	Samudragama	Samudragama	gnd	207	8	238	12	8	0	0
LK-7215130	Sirisangabo Pedesa	Sirisangabo Pedesa	gnd	476	12	259	62	18	0	0
LK-7215135	Bendiwewa	Bendiwewa	gnd	278	17	24	5	5	1	0
LK-7215140	Galthambarawa	Galthambarawa	gnd	189	15	50	13	1	0	0
LK-7215145	Kuruppu Junction	Kuruppu Junction	gnd	155	2	139	5	0	0	0
LK-7215150	Mahasen Pedesa	Mahasen Pedesa	gnd	264	7	107	17	2	0	0
LK-7215155	Kaduruwela West	Kaduruwela West	gnd	228	5	74	10	1	0	0
LK-7215160	Kaduruwela East	Kaduruwela East	gnd	354	13	80	12	3	0	0
LK-7215165	Divulana	Divulana	gnd	251	3	67	9	11	0	1
LK-7215170	Gallalla East	Gallella	gnd	444	14	151	29	15	0	1
LK-7215175	Manikkampattiya	Manikkampattiya	gnd	528	14	41	18	9	0	0
LK-7215180	Gallella West	Gallella West	gnd	385	20	3	13	18	0	0
LK-7215185	Nelumvila	Nelumvila	gnd	276	13	177	33	15	0	0
LK-7215190	Kaduruwela South	Kaduruwela South	gnd	1346	43	45	27	21	0	1
LK-7215195	Perakum Pedesa	Perakum Pedesa	gnd	347	4	133	21	1	0	0
LK-7215200	Weera Pedesa	Weera Pedesa	gnd	410	1	286	40	11	0	0
LK-7215205	Pulathisi Pedesa	Pulathisi Pedesa	gnd	344	10	151	16	17	0	0
LK-7215210	Polonnaruwa Town	Polonnaruwa Town	gnd	563	10	144	19	3	0	0
LK-7215215	Thopawewa	Thopawewa	gnd	351	10	48	4	5	0	0
LK-7215220	Sinha Udagama	Sinha Udagama	gnd	251	20	331	73	26	0	2
LK-7215225	Pothgul Pedesa	Pothgul Pedesa	gnd	336	5	179	5	4	0	0
LK-7215230	Udawela	Udawela	gnd	514	7	44	9	1	0	0
LK-7215235	Ganangolla	Ganangolla	gnd	560	18	160	18	10	0	0
LK-7215240	Nishshankamalla Pedesa	Nishshankamalla Pedesa	gnd	490	11	2	0	0	0	0
LK-7215245	Mahaweli Pedesa	Mahaweli Pedesa	gnd	373	2	60	0	2	0	0
LK-7215250	Kotaleeya	Kotaleeya	gnd	139	3	178	10	14	0	1
LK-7215255	Aluthwewa East	Aluth Wewa East	gnd	64	2	187	4	3	0	0
LK-7215260	Aluthwewa West	Aluth Wewa West	gnd	68	4	183	15	5	0	1
LK-7215265	Parakrama Samudraya	Parakrama Samudraya	gnd	68	0	158	31	13	0	0
LK-7215270	Ambanganga	Ambanganga	gnd	431	43	152	11	2	0	0
LK-7215275	Kalahagala	Kalahagala	gnd	98	1	625	10	6	0	0
LK-7218005	Ihakuluwewa	Ihakuluwewa	gnd	192	20	340	9	59	0	1
LK-7218010	Katukeliyawa	Katukeliyawa	gnd	114	3	342	19	22	0	0
LK-7218015	Diyabeduma	Diyabeduma	gnd	841	60	153	5	25	0	3
LK-7218020	Konduruwawa	Konduruwawa	gnd	263	25	172	12	2	0	1
LK-7218025	Attanakadawala West	Attanakadawala West	gnd	258	2	0	1	6	0	1
LK-7218030	Radavigeoya	Radavigeoya	gnd	238	7	133	24	11	0	0
LK-7218035	Madudamana	Madudamana	gnd	134	7	284	22	1	0	0
LK-7218040	Attanakadawala North	Attanakadawala North	gnd	213	7	306	33	3	0	2
LK-7218045	Attanakadawala South	Attanakadawala South	gnd	41	5	269	7	0	0	0
LK-7218050	Ikiriwewa	Ikiriwewa	gnd	137	11	514	47	28	0	2
LK-7218055	Kahatagahapitiya	Kahatagahapitiya	gnd	93	4	393	33	4	0	0
LK-7218060	Nikapitiya	Nikapitiya	gnd	86	3	485	37	8	0	3
LK-7218065	Sarubima	Sarubima	gnd	195	11	220	58	9	0	0
LK-7218070	Segala	Segala	gnd	268	5	262	21	23	0	0
LK-7218075	Kottapitiya South	Kottapitiya South	gnd	151	8	254	25	16	0	0
LK-7218080	Somils	Somils	gnd	109	4	82	6	0	0	0
LK-7218085	Gangeyaya	Gangeyaya	gnd	45	0	350	4	4	0	0
LK-7218090	Kottapitiya North	Kottapitiya North	gnd	67	0	195	6	6	0	1
LK-7218095	Damanayaya	Damanayaya	gnd	213	16	426	41	13	0	0
LK-7218100	Elahera	Elahera	gnd	120	15	521	88	16	0	0
LK-7218105	Heeratiya	Heeratiya	gnd	47	5	150	18	5	0	0
LK-7218110	Bakamoona	Bakamoona	gnd	284	6	296	51	11	0	0
LK-7218115	Sirikaduyaya	Sirikanduruyaya	gnd	131	10	105	8	10	0	2
LK-7218120	Atharagallewa	Atharagallewa	gnd	132	11	551	41	13	0	4
LK-7218125	Maluweyaya	Maluweyaya	gnd	346	17	367	60	8	0	1
LK-7218130	Orubendi Siyambalawa	Orubendi Siyambalawa	gnd	67	1	327	25	15	0	0
LK-7218135	Kumaraella	Kumara Ella	gnd	230	17	12	25	7	0	1
LK-7218140	Kirioya	Kirioya	gnd	64	1	246	31	3	0	0
LK-8103005	Rotalawela	Rotalawela	gnd	192	30	327	50	31	0	1
LK-8103010	Divulapelessa	Divulapelessa	gnd	298	41	326	50	2	0	0
LK-8103015	Aluyatawela	Aluyatawela	gnd	43	3	461	93	5	2	0
LK-8103020	Theldeniyaya	Theldeniyaya	gnd	218	9	409	60	8	0	1
LK-8103025	Hebarawa	Hebarawa	gnd	122	11	284	45	34	0	0
LK-8103030	Ginnoruwa	Ginnoruwa	gnd	125	10	238	78	16	0	0
LK-8103035	Belaganwewa	Belaganwewa	gnd	104	8	415	59	20	0	0
LK-8103040	Ulhitiya	Ulhitiya	gnd	318	20	212	26	7	0	0
LK-8103045	Pahala Rathkinda	Pahala Rathkinda	gnd	175	19	495	63	57	0	1
LK-8103050	Hobariyawa	Hobariyawa	gnd	173	17	480	61	21	0	0
LK-8103055	Millattawa	Millattawa	gnd	544	16	262	8	13	0	0
LK-8103060	Viranegama	Viranegama	gnd	171	19	320	58	8	0	0
LK-8103065	Aluttarama	Aluttarama	gnd	301	14	170	16	4	0	0
LK-8103070	Girandurukotte	Girandurukotte	gnd	932	40	372	30	14	1	1
LK-8103075	Bathalayaya	Bathalayaya	gnd	493	27	536	42	5	0	2
LK-8103080	Haddattawa	Haddattawa	gnd	365	29	237	48	8	0	0
LK-8103085	Meegahahena	Meegahahena	gnd	246	6	274	25	4	0	0
LK-8103090	Galporuyaya	Galporuyaya	gnd	326	195	254	13	9	0	0
LK-8103095	Beligalla	Beligalla	gnd	404	45	369	23	18	0	3
LK-8103100	Dambana	Dambana	gnd	203	10	489	19	55	0	30
LK-8103105	Kukulapola	Kukulapola	gnd	47	1	299	39	44	0	29
LK-8103110	Wewatta	Wewatta	gnd	514	7	100	22	12	0	3
LK-8103115	Thalangamuwa	Thalangamuwa	gnd	476	31	148	29	7	0	4
LK-8103120	Sorabora	Sorabora	gnd	236	10	343	25	21	0	1
LK-8103125	Wewgampaha	Wewgampaha	gnd	520	11	466	39	20	0	0
LK-8103130	Dehigolla	Dehigolla	gnd	286	31	369	59	37	0	0
LK-8103135	Elewela	Elewela	gnd	383	11	385	37	15	0	1
LK-8103140	Mahiyanganaya Town	Mahiyanganaya Town	gnd	664	25	48	4	2	0	2
LK-8103145	Poojanagaraya	Poojanagaraya	gnd	402	10	224	22	21	0	0
LK-8103150	Dambarawa	Dambarawa	gnd	485	39	218	46	4	0	1
LK-8103155	Senanigama	Senanigama	gnd	268	18	366	57	18	0	2
LK-8103160	Mapakadawewa	Mapakadawewa	gnd	524	29	321	82	21	0	2
LK-8103165	Pangaragammana	Pangaragammana	gnd	472	117	101	39	24	0	0
LK-8103170	Dambagolla	Dambagolla	gnd	284	33	312	29	72	0	5
LK-8103175	Medayaya	Medayaya	gnd	383	27	115	6	17	0	0
LK-8106005	Orubendiwewa	Orubendiwewa	gnd	281	14	220	4	20	0	7
LK-8106010	Sangabopura	Sangabopura	gnd	161	13	197	11	9	0	0
LK-8106015	Welampele	Welampele	gnd	438	31	287	24	15	0	4
LK-8106020	Keselpotha North	Keselpotha North	gnd	350	24	224	56	20	0	1
LK-8106025	Ikiriyagoda	Ikiriyagoda	gnd	25	7	428	45	16	0	0
LK-8106030	Kandubedda	Kandubedda	gnd	8	10	232	27	32	0	11
LK-8106035	Aralupitiya	Aralupitiya	gnd	135	9	170	18	15	0	2
LK-8106040	Ekiriyankumbura	Ekiriyankumbura	gnd	311	5	74	40	19	0	3
LK-8106045	Dehigama	Dehigama	gnd	68	17	511	73	13	0	4
LK-8106050	Morana	Morana	gnd	4	1	144	10	4	0	3
LK-8106055	Kudalunuka	Kudalunuka	gnd	305	10	1	5	18	0	1
LK-8106060	Aluketiyawa	Aluketiyawa	gnd	214	5	2	0	1	0	0
LK-8106065	Keselpotha South	Keselpotha South	gnd	338	31	145	5	4	0	0
LK-8106070	Serana	Serana	gnd	73	12	574	37	15	0	0
LK-8106075	Arawatta	Arawatta	gnd	72	3	447	60	36	0	1
LK-8106080	Uva Gemunupura	Uva Gemunupura	gnd	284	15	234	16	15	0	0
LK-8106085	Senevigama	Senevigama	gnd	253	17	247	40	8	0	0
LK-8106090	Uva Thissapura	Uva Thissapura	gnd	79	6	569	39	54	0	0
LK-8106095	Gamakumbura North	Gamakumbura North	gnd	321	14	7	3	2	0	0
LK-8106100	Kuralewela	Kuralewela	gnd	3	1	155	6	12	0	0
LK-8106105	Nagadeepa	Nagadeepa	gnd	139	1	136	13	8	0	1
LK-8106110	Mahalunuka	Mahalunuka	gnd	55	9	303	14	18	0	4
LK-8106115	Pethiyagoda	Pethiyagoda	gnd	207	37	229	17	1	0	1
LK-8106120	Rideemaliyadda South	Rideemaliyadda South	gnd	111	12	414	40	17	0	1
LK-8106125	Rideemaliyadda North	Rideemaliyadda North	gnd	95	23	288	11	3	0	2
LK-8106130	Uraniya	Uraniya	gnd	213	0	0	5	0	0	0
LK-8106135	Kotathalawa	Kotathalawa	gnd	184	6	1	0	0	0	0
LK-8106140	Andaulpatha	Andaulpatha	gnd	363	26	160	17	10	0	1
LK-8106145	Gamakumbura South	Gamakumbura South	gnd	5	1	167	6	15	0	0
LK-8106150	Abhayapura	Abhayapura	gnd	244	5	171	27	3	0	0
LK-8106155	Dikkendayaya	Dikkendayaya	gnd	143	19	169	9	3	0	0
LK-8106160	Pahalaoyagama	Pahalaoyagama	gnd	43	2	272	37	1	0	1
LK-8106165	Bubula	Bubula	gnd	172	11	135	14	0	0	0
LK-8106170	Ritigahaarawa	Ritigahaarawa	gnd	7	0	138	8	5	0	2
LK-8106175	Kandegama	Kandegama	gnd	57	3	169	21	6	0	2
LK-8106180	Mahagama	Mahagama	gnd	117	7	142	10	9	0	1
LK-8106185	Kuruvithenna	Kuruvithenna	gnd	200	12	268	22	11	0	0
LK-8106190	Deekirigolla	Deekirigolla	gnd	30	4	189	13	10	0	0
LK-8106195	Pinnagolla	Pinnagolla	gnd	24	7	293	17	10	0	1
LK-8106200	Arawa	Arawa	gnd	134	0	101	19	13	0	0
LK-8106205	Dikyaya	Dikyaya	gnd	4	0	171	34	12	0	1
LK-8106210	Diyakombala	Diyakombala	gnd	400	27	30	2	1	0	1
LK-8109005	Karametiya	Karametiya	gnd	60	0	435	93	25	0	3
LK-8109010	Balagolla	Balagolla	gnd	124	17	255	44	6	0	1
LK-8109015	Aggalaulpatha	Aggalaulpatha	gnd	111	2	328	20	12	0	0
LK-8109020	Karandagahamada	Karandagahamada	gnd	92	47	259	12	6	0	0
LK-8109025	Polgaha Arawa	Polgaha Arawa	gnd	177	5	32	1	5	0	6
LK-8109030	Polwatta	Polwatta	gnd	1	1	92	2	1	0	0
LK-8109035	Watagommana	Watagommana	gnd	62	0	44	0	0	0	0
LK-8109040	Roberiya	Roberiya	gnd	112	15	329	81	22	0	1
LK-8109045	Pitamaruwa	Pitamaruwa	gnd	19	9	268	14	5	0	0
LK-8109050	Wewathenna	Wewathenna	gnd	137	0	5	5	2	0	0
LK-8109055	Ellanda	Ellanda	gnd	15	3	163	22	5	0	6
LK-8109060	Kalugahakandura	Kalugahakandura	gnd	84	3	96	22	8	0	0
LK-8109065	Komarika	Komarika	gnd	232	10	127	11	6	0	0
LK-8109070	Akurukaduwa	Akurukaduwa	gnd	274	42	174	28	2	0	2
LK-8109075	Meegahakivula	Meegahakivula	gnd	295	18	102	0	0	0	0
LK-8109080	Thaldena	Thaldena	gnd	85	8	387	51	5	0	2
LK-8109085	Kohana	Kohana	gnd	3	1	189	1	0	0	0
LK-8109090	Ketawatta	Ketawatta	gnd	150	14	83	5	12	0	3
LK-8109095	Morahela	Morahela	gnd	161	15	3	4	6	0	0
LK-8109100	Hunuketapitiya	Hunuketapitiya	gnd	34	1	173	29	3	0	0
LK-8112005	Mahakele	Mahakele	gnd	101	5	231	32	8	0	0
LK-8112010	Baduluoya West	Baduluoya West	gnd	253	51	5	1	2	0	2
LK-8112015	Kandakepoo Ulpotha	Kandakepoo Ulpotha	gnd	260	24	1	5	1	1	0
LK-8112020	Hevandana	Hevandana	gnd	21	17	180	34	11	0	0
LK-8112025	Mahathenna	Mahathenna	gnd	75	15	283	64	6	0	0
LK-8112030	Baduluoya East	Baduluoya East	gnd	56	30	424	106	26	0	0
LK-8112035	Kandaketiya	Kandaketiya	gnd	178	21	76	4	0	0	1
LK-8112040	Welaoya	Welaoya	gnd	136	30	97	14	0	0	0
LK-8112045	Kivulegedara	Kivulegedara	gnd	36	15	343	34	2	0	0
LK-8112050	Kirivehera	Kirivehera	gnd	308	15	12	12	4	0	1
LK-8112055	Wewathenna	Wewathenna	gnd	96	25	135	31	6	1	0
LK-8112060	Maliyadda	Maliyadda	gnd	143	8	131	29	6	0	5
LK-8112065	Pallewela	Pallewela	gnd	49	16	118	15	2	0	0
LK-8112070	Mudagamuwa	Mudagamuwa	gnd	5	5	192	35	14	0	0
LK-8112075	Dikkumbura	Dikkumbura	gnd	209	23	0	1	0	0	0
LK-8112080	Hapathgamuwa	Hapathgamuwa	gnd	7	4	163	5	13	0	0
LK-8112085	Bopitiya	Bopitiya	gnd	74	5	50	2	3	0	0
LK-8112090	Bogahakumbura	Bogahakumbura	gnd	42	1	185	11	2	0	0
LK-8112095	Beramada	Beramada	gnd	181	19	68	25	6	0	2
LK-8112100	Godunna	Godunna	gnd	208	11	1	0	2	0	1
LK-8112105	Wasanagama	Wasanagama	gnd	127	11	0	0	2	0	0
LK-8112110	Thetilla	Thetilla	gnd	90	71	73	6	9	3	0
LK-8112115	Thalakumbura	Thalakumbura	gnd	171	7	75	9	0	0	0
LK-8112120	Galauda	Galauda	gnd	267	70	45	3	2	0	0
LK-8112125	Bokanoruwa	Bokanoruwa	gnd	210	32	234	52	7	0	0
LK-8112130	Narangala	Narangala	gnd	167	17	3	0	0	0	0
LK-8115005	Idamepanguwa	Idamepanguwa	gnd	5	1	85	25	3	0	0
LK-8115010	Budugekanda	Budugekanda	gnd	7	3	116	42	3	0	0
LK-8115015	Pallekanda	Pallekanda	gnd	90	1	35	4	4	0	0
LK-8115020	Boliyadda	Boliyadda	gnd	154	4	139	20	12	0	0
LK-8115025	Pathanegedara	Pathanegedara	gnd	46	5	119	2	0	0	0
LK-8115030	Egodawela	Egodawela	gnd	26	0	150	12	1	0	0
LK-8115035	Wattekele	Wattekele	gnd	12	18	53	10	1	2	0
LK-8115040	Pussellawa	Pussellawa	gnd	64	11	197	22	1	1	0
LK-8115045	Pussellakanda	Pussellakanda	gnd	286	1	0	1	0	0	0
LK-8115050	Moragolla	Moragolla	gnd	119	6	0	0	1	0	0
LK-8115055	Dikpitiya	Dikpitiya	gnd	206	41	26	0	0	0	0
LK-8115060	Ledgerwatta	Ledgerwaththa	gnd	114	23	78	63	13	0	0
LK-8115065	Idamegama	Idamegama	gnd	81	6	273	32	22	0	0
LK-8115070	Soranathota	Soranathota	gnd	37	16	152	63	3	0	0
LK-8115075	Yatilellagama	Yatilellagama	gnd	277	14	0	0	1	0	0
LK-8115080	Ambagasdowa	Ambagasdowa	gnd	219	6	27	6	9	0	0
LK-8115085	Ketakellagama	Ketakellagama	gnd	127	6	192	81	18	0	0
LK-8115090	Kuttiyagolla	Kuttiyagolla	gnd	36	7	242	53	6	0	0
LK-8115095	Angoda	Angoda	gnd	110	24	0	10	12	0	5
LK-8115100	Kosgolla	Kosgolla	gnd	120	9	120	21	11	0	0
LK-8115105	Rideepana	Rideepana	gnd	535	52	28	1	3	0	1
LK-8115110	Kohovila	Kohovila	gnd	282	22	138	16	5	0	0
LK-8115115	Kithulwattagama	Kithulwattagama	gnd	20	2	143	14	1	0	0
LK-8115120	Kirioruwa	Kirioruwa	gnd	315	75	114	44	8	0	0
LK-8115125	Kandegedara Town	Kandegedara Town	gnd	162	20	229	19	8	0	0
LK-8118005	Demodara	Demodara	gnd	55	2	119	15	9	0	0
LK-8118010	Palawatta	Palawatta	gnd	90	12	115	4	0	0	0
LK-8118015	Kahataruppa	Kahataruppa	gnd	277	15	0	0	1	0	0
LK-8118020	Dambakote	Dambakote	gnd	247	11	103	6	10	0	0
LK-8118025	Madugasthalawa North	Madugasthalawa North	gnd	74	2	84	53	1	0	1
LK-8118030	Thalagahagedara	Thalagahagedara	gnd	58	1	199	21	1	0	0
LK-8118035	Welgolla	Welgolla	gnd	31	0	207	16	0	0	0
LK-8118040	Madugasthalawa South	Madugasthalawa South	gnd	16	7	162	59	48	0	0
LK-8118045	Gerandiella	Gerandiella	gnd	382	35	2	11	4	1	1
LK-8118050	Maligathenna	Maligathenna	gnd	186	18	1	0	2	6	2
LK-8118055	Medawelagama	Medawelagama	gnd	373	18	143	11	10	1	6
LK-8118060	Paramahankada	Paramahankada	gnd	187	23	115	21	1	0	0
LK-8118065	Nikebedda	Nikebedda	gnd	474	71	3	10	10	0	1
LK-8118070	Udagama	Udagama	gnd	196	17	91	9	3	0	0
LK-8118075	Pelgahathenna	Pelgahathenna	gnd	375	40	242	63	19	0	1
LK-8118080	Sapuroda	Sapuroda	gnd	58	3	228	11	16	0	0
LK-8118085	Palagolla	Palagolla	gnd	99	13	140	45	17	0	0
LK-8118090	Gonagala West	Gonagala West	gnd	250	3	0	0	2	0	0
LK-8118095	Gonagala East	Gonagala East	gnd	345	35	4	2	0	0	1
LK-8118100	Kanahela	Kanahela	gnd	57	8	256	7	0	0	0
LK-8118105	Pallegama	Pallegama	gnd	287	25	1	1	1	0	0
LK-8118110	Passara Town North	Passara Town North	gnd	308	15	105	3	1	0	1
LK-8118115	Passara Town South	Passara Town South	gnd	208	6	1	0	0	0	0
LK-8118120	Passara Town East	Passara Town East	gnd	265	4	0	0	0	1	0
LK-8118125	Ambathenna West	Ambathenna West	gnd	458	39	46	17	2	0	0
LK-8118130	Thennuge	Thennuge	gnd	351	28	0	1	0	0	0
LK-8118135	Meedumpitiya	Meedumpitiya	gnd	170	26	299	75	34	0	2
LK-8118140	Kudugala Pathana	Kudugala Pathana	gnd	226	28	0	0	14	0	0
LK-8118145	Tholabowatta	Tholabowatta	gnd	48	19	349	55	4	0	2
LK-8118150	Ambathenna	Ambathenna	gnd	32	5	119	5	7	0	3
LK-8118155	Meeriyabedda	Meeriyabedda	gnd	268	5	199	6	23	0	1
LK-8118160	Puhulwatta	Puhulwatta	gnd	160	11	205	38	25	4	0
LK-8118165	Maussagolla West	Maussagolla West	gnd	305	9	50	0	2	0	1
LK-8118170	Kanawerella West	Kanawerella West	gnd	180	28	0	2	20	0	0
LK-8118175	Kanawerella	Kanawerella	gnd	249	13	229	20	3	0	0
LK-8118180	Kanawerella East	Kanawerella East	gnd	404	2	82	12	15	0	0
LK-8118185	Bibilegama West	Bibilegama West	gnd	297	23	0	0	2	0	0
LK-8118190	Wewekele	Wewekele	gnd	55	12	46	23	0	0	0
LK-8118195	Bibilegama East	Bibilegama East	gnd	85	0	8	0	0	0	0
LK-8118200	Maussagolla East	Maussagolla East	gnd	134	35	127	5	2	0	1
LK-8118205	Dambewela	Dambewela	gnd	46	2	109	15	11	0	4
LK-8119005	Ekiriya	Ekiriya	gnd	147	1	82	0	3	0	0
LK-8119010	Metigahathenna	Metigahathenna	gnd	139	0	95	0	0	0	1
LK-8119015	Galwelagama	Galwelagama	gnd	98	0	0	0	0	0	0
LK-8119020	Wewabedda	Wewabedda	gnd	210	17	224	33	18	6	1
LK-8119025	Janathapura North	Janathapura North	gnd	62	4	63	1	0	0	0
LK-8119030	Arawakumbura	Arawakumbura	gnd	76	2	305	45	10	1	3
LK-8119035	Udakiruwa	Udakiruwa	gnd	127	8	1	0	0	0	0
LK-8119040	Alakolagala	Alakolagala	gnd	276	7	6	1	3	0	0
LK-8119045	Udapanguwa	Udapanguwa	gnd	275	36	122	48	10	1	0
LK-8119050	Lunugala Town	Lunugala Town	gnd	352	14	31	2	1	0	0
LK-8119055	Janathapura South	Janathapura South	gnd	53	5	63	1	0	0	0
LK-8119060	Janathapura	Janathapura	gnd	35	9	259	5	1	0	4
LK-8119065	Batawatta	Batawatta	gnd	159	13	94	74	12	0	0
LK-8119070	Gallulla	Gallulla	gnd	234	29	55	14	8	1	0
LK-8119075	Madulsima	Madulsima	gnd	272	43	395	72	41	0	1
LK-8119080	Sumudugama	Sumudugama	gnd	283	9	118	8	0	0	0
LK-8119085	Attanagolla	Aththanagolla	gnd	326	2	3	2	1	0	0
LK-8119090	Sooriyagoda	Sooriyagoda	gnd	209	10	0	2	9	0	0
LK-8119095	Weragoda	Weragoda	gnd	71	10	3	0	14	0	0
LK-8119100	Pallekiruwa	Pallekiruwa	gnd	134	4	79	23	1	0	5
LK-8119105	Kottalbedda	Kottalbedda	gnd	251	26	272	11	5	0	2
LK-8119110	Mahadowa	Mahadowa	gnd	193	14	225	16	52	0	0
LK-8119115	Yapamma	Yapamma	gnd	354	23	0	0	1	0	0
LK-8119120	Peessagama	Peessagama	gnd	20	5	201	34	12	0	0
LK-8119125	Rendapola	Rendapola	gnd	90	9	85	82	10	2	1
LK-8119130	Hopton	Hopton	gnd	267	15	62	13	5	0	0
LK-8119135	Maduwatta	Maduwatta	gnd	204	21	280	75	17	0	0
LK-8119140	Millabedda	Millabedda	gnd	221	0	0	0	0	0	0
LK-8121005	Pitawelagama	Pitawelagama	gnd	639	5	151	9	1	0	0
LK-8121010	Badulla North	Badulla North	gnd	922	36	243	24	4	0	0
LK-8121015	Medapathana	Medapathana	gnd	410	25	236	49	5	0	0
LK-8121020	Kailagoda	Kailagoda	gnd	574	48	38	6	0	0	0
LK-8121025	Andeniya	Andeniya	gnd	432	17	250	25	24	0	1
LK-8121030	Sirimalgoda	Sirimalgoda	gnd	414	52	321	139	16	0	0
LK-8121035	Damanwara	Damanwara	gnd	216	14	200	42	6	0	1
LK-8121040	Hinnarangolla	Hinnarangolla	gnd	339	14	159	10	1	0	1
LK-8121045	Kendagolla	Kendagolla	gnd	120	1	459	15	5	0	5
LK-8121050	Thelbedda Estate	Thelbedda	gnd	337	63	554	69	14	0	0
LK-8121055	Ilukthenna	Ilukthenna	gnd	361	17	86	0	0	0	0
LK-8121060	Hegoda	Hegoda	gnd	569	26	67	4	3	0	0
LK-8121065	Badulupitiya	Badulupitiya	gnd	1302	80	25	1	0	0	1
LK-8121070	Badulla Central	Badulla Central	gnd	848	91	18	8	4	0	0
LK-8121075	Badulla West	Badulla West	gnd	736	2	72	0	1	5	0
LK-8121080	Katupelella	Katupelella	gnd	723	8	32	1	0	0	0
LK-8121085	Badulla South	Badulla South	gnd	882	53	89	30	16	0	0
LK-8121090	Badulla East	Badulla East	gnd	914	19	70	13	0	0	0
LK-8121095	Hindagoda	Hindagoda	gnd	796	8	101	10	4	1	0
LK-8121100	Rambukpotha	Rambukpotha	gnd	712	117	91	15	1	0	0
LK-8121105	Malangamuwa	Malangamuwa	gnd	186	9	188	3	1	0	0
LK-8121110	Viyadiguna	Viyadiguna	gnd	343	8	220	13	3	0	0
LK-8121115	Vineethagama	Vineethagama	gnd	186	1	133	3	1	0	0
LK-8121120	Wewessa	Wewessa	gnd	160	47	377	15	10	0	3
LK-8121125	Welibissa	Welibissa	gnd	39	9	183	14	15	0	0
LK-8121130	Glen Alpin Estate	Glen Alpin	gnd	167	15	373	46	15	1	1
LK-8121135	Udawela	Udawela	gnd	636	11	65	6	3	0	0
LK-8121140	Hingurugamuwa	Hingurugamuwa	gnd	1120	42	62	15	2	0	0
LK-8121145	Kanupelella	Kanupelella	gnd	565	44	5	2	0	0	0
LK-8124005	Kokatiyamaluwa	Kokatiyamaluwa	gnd	29	23	272	48	3	0	0
LK-8124010	Wegama	Wegama	gnd	198	6	139	26	3	0	0
LK-8124015	Jangulla	Jangulla	gnd	198	5	251	15	6	0	0
LK-8124020	Landewela	Landewela	gnd	82	3	41	11	0	0	0
LK-8124025	Bogoda	Bogoda	gnd	21	3	173	15	2	0	0
LK-8124030	Panakanniya	Panakanniya	gnd	44	9	218	42	4	0	0
LK-8124035	Ketawala	Ketawala	gnd	147	19	217	18	9	0	0
LK-8124040	Udakohovila	Udakohovila	gnd	194	11	284	31	7	0	0
LK-8124045	Hethekma	Hethekma	gnd	175	6	178	41	5	0	0
LK-8124050	Deegalla	Deegalla	gnd	55	70	204	27	1	0	0
LK-8124055	Pattipola	Pattipola	gnd	191	61	166	33	11	0	0
LK-8124060	Anthuduwawela	Anthuduwawela	gnd	377	34	223	41	12	0	1
LK-8124065	Bogahamaditta	Bogahamaditta	gnd	670	31	193	43	28	0	0
LK-8124070	Mahawattagama	Mahawattagama	gnd	306	36	466	53	34	4	2
LK-8124075	Dematawelhinna	Dematawelhinna	gnd	149	9	272	32	8	0	0
LK-8124080	Welikemulla	Welikemulla	gnd	71	3	175	39	21	0	1
LK-8124085	Unagolla	Unagolla	gnd	255	43	4	0	0	0	0
LK-8124090	Medapitigama	Medapitigama	gnd	286	60	173	18	19	0	0
LK-8124095	Dickwella	Dickwella	gnd	892	45	206	30	9	3	1
LK-8124100	Hali-Ela	Hali Ela	gnd	232	21	9	0	2	0	0
LK-8124105	Samagipura	Samagipura	gnd	310	15	198	33	9	0	0
LK-8124110	Udagama	Udagama	gnd	86	12	126	19	1	0	0
LK-8124115	Gawela	Gawela	gnd	152	19	433	76	58	0	3
LK-8124120	Pahamunuthota	Pahamunuthota	gnd	52	1	138	15	3	0	1
LK-8124125	Neludanda	Neludanda	gnd	73	10	134	48	22	0	0
LK-8124130	Hinnarangolla	Hinnarangolla	gnd	149	8	355	33	42	0	0
LK-8124135	Mugunumatha West	Mugunumatha West	gnd	503	109	127	24	4	7	3
LK-8124140	Mugunumatha East	Mugunumatha East	gnd	187	14	165	51	19	0	0
LK-8124145	Godegama	Godegama	gnd	104	7	129	36	0	0	1
LK-8124150	Medagama	Medagama	gnd	241	40	221	3	1	0	0
LK-8124155	Imbulgoda	Imbulgoda	gnd	409	41	276	49	10	0	0
LK-8124160	Imbulgoda	Kottagoda	gnd	378	23	118	2	18	0	0
LK-8124165	Kandana	Kandana	gnd	312	27	304	15	2	0	0
LK-8124170	Bulathwatta	Bulathwatta	gnd	33	1	204	0	0	0	0
LK-8124175	Springvalley Estate	Springvalley Estate	gnd	202	51	128	11	3	0	0
LK-8124180	Springvalley	Springvalley	gnd	69	6	125	13	4	0	0
LK-8124185	Beddegama	Beddegama	gnd	287	13	67	0	2	0	0
LK-8124190	Wewelhinna	Wewalhinna	gnd	293	79	341	39	0	0	0
LK-8124195	Uduwara	Uduwara	gnd	199	134	209	26	10	0	1
LK-8124200	Hapuwalakumbura	Hapuwalakumbura	gnd	199	21	351	40	25	0	0
LK-8124205	Kirinda	Kirinda	gnd	44	11	335	48	4	0	0
LK-8124210	Morethota	Morethota	gnd	134	43	420	149	50	0	0
LK-8124215	Uva Mahawela	Uva Mahawela	gnd	207	13	137	5	7	0	0
LK-8124220	Etampitiya	Etampitiya	gnd	280	40	150	100	5	1	0
LK-8124225	Pallegama	Pallegama	gnd	129	6	172	11	1	0	0
LK-8124230	Dehivinna	Dehivinna	gnd	207	18	235	22	4	0	0
LK-8124235	Niliathugoda	Niliathugoda	gnd	57	12	218	111	25	0	0
LK-8124240	Neluwa	Neluwa	gnd	187	13	347	42	8	0	0
LK-8124245	Kudumahuwela	Kudumahuwela	gnd	90	7	132	13	3	0	0
LK-8124250	Wepassawela	Wepassawela	gnd	183	24	152	18	7	0	0
LK-8124255	Maligathenna	Maligathenna	gnd	255	38	278	93	21	0	0
LK-8124260	Perahettiya	Perahettiya	gnd	67	10	275	48	4	0	0
LK-8124265	Katugaha	Katugaha	gnd	106	8	227	12	3	0	1
LK-8124270	Mahathenna	Mahathenna	gnd	71	3	381	56	13	0	1
LK-8124275	Malitta	Malitta	gnd	103	6	268	43	11	4	0
LK-8124280	Kurukude	Kurukude	gnd	92	4	370	51	10	0	0
LK-8124285	Warakadanda	Warakadanda	gnd	132	8	146	24	24	0	0
LK-8127005	Yalagamuwa	Yalagamuwa	gnd	216	13	43	2	1	0	2
LK-8127010	Ritikumbura	Ritikumbura	gnd	213	22	1	5	6	0	0
LK-8127015	Wethalawa	Wethalawa	gnd	184	3	0	0	8	0	0
LK-8127020	Maspanna	Maspanna	gnd	19	0	131	20	11	0	0
LK-8127025	Kohilegama	Kohilegama	gnd	81	10	78	8	2	0	0
LK-8127030	Ellanda	Ellanda	gnd	55	100	9	1	6	2	0
LK-8127035	Kindigoda	Kindigoda	gnd	12	1	125	7	2	0	1
LK-8127040	Hathkinda	Hathkinda	gnd	133	18	0	0	0	0	0
LK-8127045	Dimbulana	Dimbulana	gnd	212	32	0	1	8	0	0
LK-8127050	Ilukwela	Ilukwela	gnd	274	41	0	0	2	0	0
LK-8127055	Gampaha	Gampaha	gnd	119	43	166	41	12	1	0
LK-8127060	Wewegama	Wewegama	gnd	35	11	126	0	1	0	0
LK-8127065	Kerklis	Kerklis	gnd	15	2	380	2	3	0	0
LK-8127070	Malwattegama	Malwattegama	gnd	95	7	123	1	0	0	0
LK-8127075	Medipokuna	Medipokuna	gnd	186	50	14	1	4	0	0
LK-8127080	Thuppitiya	Thuppitiya	gnd	156	3	71	4	1	0	1
LK-8127085	Panagoda	Panagoda	gnd	12	0	187	2	2	0	0
LK-8127090	Pitiyakumbura	Pitiyakumbura	gnd	253	20	103	12	2	0	1
LK-8127095	Bambarapana	Bambarapana	gnd	311	35	0	0	0	0	0
LK-8127100	Alagolla	Alagolla	gnd	405	28	45	5	4	0	2
LK-8127105	Voldemar	Voldemar	gnd	38	10	248	147	19	6	0
LK-8127110	Thawalampola	Thawalampola	gnd	86	12	91	7	2	0	0
LK-8127115	Kodakumbura	Kodakumbura	gnd	221	11	104	20	5	0	0
LK-8127120	Koradekumbura	Koradekumbura	gnd	108	11	136	7	7	0	2
LK-8127125	Malapolagama	Malapolagama	gnd	12	0	252	18	5	1	0
LK-8127130	Welamedagama	Welamedagama	gnd	45	9	55	15	7	0	0
LK-8127135	Uduhawara	Uduhawara	gnd	270	61	0	2	0	0	0
LK-8127140	Hangunnawa	Hangunnawa	gnd	287	25	0	0	4	0	1
LK-8127145	Ranhawadigama	Ranhawadigama	gnd	66	14	202	20	2	0	0
LK-8127150	Idamegama	Idamegama	gnd	234	22	1	1	2	0	0
LK-8127155	Paranagama	Paranagama	gnd	292	11	54	0	0	0	0
LK-8127160	Mudanawa	Mudanawa	gnd	19	1	105	3	0	0	0
LK-8127165	Sapugolla	Sapugolla	gnd	416	24	29	3	1	0	0
LK-8127170	Ethkandawaka	Ethkandawaka	gnd	198	43	118	6	0	0	0
LK-8127175	Kirawanagama	Kirawanagama	gnd	189	7	85	13	0	0	0
LK-8127180	Beraliyapola	Beraliyapola	gnd	235	29	1	4	1	0	0
LK-8127185	Pannalawela	Pannalawela	gnd	284	2	2	1	2	0	0
LK-8127190	Rahupola	Rahupola	gnd	227	9	1	0	0	0	0
LK-8127195	Udaperuwa	Udaperuwa	gnd	25	0	208	15	0	0	0
LK-8127200	Weliulla	Weliulla	gnd	118	5	167	10	2	0	0
LK-8127205	Metiwalalanda	Metiwalalanda	gnd	39	5	352	38	6	0	1
LK-8127210	Unapana	Unapana	gnd	404	33	74	12	1	0	1
LK-8127215	Lunuwatta	Lunuwatta	gnd	478	5	1	10	26	1	0
LK-8127220	Pallewela	Pallewela	gnd	109	2	273	29	7	0	0
LK-8127225	Busdulla	Busdulla	gnd	118	2	155	13	0	0	0
LK-8127230	Kurundugolla	Kurundugolla	gnd	208	43	70	15	2	0	0
LK-8127235	Ambagasdowa	Ambagasdowa	gnd	527	27	51	7	1	0	0
LK-8127240	Pannalagama	Pannalagama	gnd	401	11	0	1	0	0	0
LK-8127245	Uma Ela	Uma Ela	gnd	85	5	405	20	6	0	0
LK-8127250	Karagahaulpatha	Karagahaulpatha	gnd	197	22	166	41	2	0	0
LK-8127255	Medawela	Medawela	gnd	139	14	368	25	7	0	1
LK-8127260	Perawella	Perawella	gnd	47	5	398	59	4	0	0
LK-8127265	Galahagama	Galahagama	gnd	496	67	1	2	6	0	0
LK-8127270	Medagodagama	Medagodagama	gnd	26	9	261	64	18	0	0
LK-8127275	Thelhawadigama	Thelhawadigama	gnd	136	84	109	2	2	0	1
LK-8127280	Ketagoda	Ketagoda	gnd	89	11	354	18	6	0	0
LK-8127285	Dangamuwa	Dangamuwa	gnd	82	2	207	8	1	0	0
LK-8127290	Rathamba	Rathamba	gnd	483	38	0	2	2	0	0
LK-8127295	Kumarapattiya	Kumarapattiya	gnd	216	50	241	42	4	0	0
LK-8127300	Balagala	Balagala	gnd	158	18	236	40	10	0	0
LK-8127305	Downside	Downside	gnd	225	7	111	12	33	0	0
LK-8127310	Kendagolla	Kendagolla	gnd	206	54	118	5	3	0	0
LK-8127315	Yahala Arawa	Yahala Arawa	gnd	197	86	60	4	3	0	0
LK-8127320	Ulugala	Ulugala	gnd	120	0	1	0	13	0	0
LK-8127325	Hangiliella	Hangiliella	gnd	111	23	82	18	2	0	0
LK-8127330	Kotawera Udagama	Kotawera Udagama	gnd	227	23	218	40	4	0	0
LK-8127335	Kotawera Pahalagama	Kotawera Pahalagama	gnd	99	0	258	3	4	0	0
LK-8127340	Daragala	Daragala	gnd	184	15	364	43	25	0	1
LK-8130005	Alakolagala	Alakolagala	gnd	299	29	187	74	38	0	3
LK-8130010	Hulankapolla	Hulankapolla	gnd	563	55	82	11	0	0	0
LK-8130015	Silmiyapura	Silmiyapura	gnd	335	16	41	16	4	0	0
LK-8130020	Boragas	Boragas	gnd	364	28	367	55	50	0	1
LK-8130025	Vidurupola	Vidurupola	gnd	316	21	320	16	31	0	3
LK-8130030	Gavarammana	Gavarammana	gnd	428	27	110	17	13	0	0
LK-8130035	Palugama Town	Palugama Town	gnd	368	19	109	40	5	1	0
LK-8130040	Puranwela	Puranwela	gnd	414	36	98	12	0	0	0
LK-8130045	Girambe	Girambe	gnd	115	5	296	57	6	0	1
LK-8130050	Divurumgama	Divurumgama	gnd	237	40	154	22	3	0	0
LK-8130055	Palugama Ella	Palugama Ella	gnd	237	33	110	18	2	0	1
LK-8130060	Welimada Watta	Welimadawatta	gnd	10	2	158	5	34	0	0
LK-8130065	Ambagahakumbura	Ambagahakumbura	gnd	383	14	178	32	5	0	0
LK-8130070	Dimuthugama	Dimuthugama	gnd	577	63	1	2	0	0	0
LK-8130075	Welimada Town	Welimada Town	gnd	423	47	17	7	2	24	0
LK-8130080	Landegama	Landegama	gnd	223	14	217	29	10	0	0
LK-8130085	Divithotawela	Divithotawela	gnd	351	8	243	20	5	0	0
LK-8130090	Puhulpola	Puhulpola	gnd	57	9	146	27	3	0	0
LK-8130095	Dikkapitiya	Dikkapitiya	gnd	226	8	0	2	4	0	0
LK-8130100	Koskanuwegama	Koskanuwegama	gnd	226	9	1	1	2	0	1
LK-8130105	Dayaraba Watta	Dayaraba Watta	gnd	503	36	154	58	31	0	2
LK-8130110	Ketakella	Ketakella	gnd	26	4	93	23	4	0	0
LK-8130115	Yalpathwela	Yalpathwela	gnd	233	12	122	34	1	0	0
LK-8130120	Dambavinna	Dambawinna	gnd	464	33	175	66	14	0	0
LK-8130125	Kabillegama	Kabillegama	gnd	388	17	0	2	0	0	0
LK-8130130	Idamegama	Idamegama	gnd	354	13	80	15	3	0	1
LK-8130135	Erabadda	Erabadda	gnd	177	80	118	10	0	0	0
LK-8130140	Keppetipola	Keppetipola	gnd	114	24	218	41	8	0	1
LK-8130145	Hewanakumbura	Hewanakumbura	gnd	99	3	156	8	3	0	0
LK-8130150	Ambewela	Ambewela	gnd	233	8	180	90	59	0	4
LK-8130155	Himbiliyagolla	Himbiliyagolla	gnd	20	11	152	20	0	0	0
LK-8130160	Thennakonwela	Thennakonwela	gnd	348	27	0	0	1	0	0
LK-8130165	Kalubululanda	Kalubululanda	gnd	268	22	256	9	6	0	0
LK-8130170	Mavithikumbura	Mavithikumbura	gnd	191	89	161	18	0	0	0
LK-8130175	Nedungamuwa	Nedungamuwa	gnd	98	4	425	129	8	0	0
LK-8130180	Medagedaragama	Medagedaragama	gnd	485	42	16	10	1	0	2
LK-8130185	Nawela	Nawela	gnd	266	3	272	5	1	0	0
LK-8130190	Pahalayalkumbura	Pahalayalkumbura	gnd	115	5	167	7	2	0	0
LK-8130195	Welikadagama	Welikadagama	gnd	230	7	140	14	4	0	0
LK-8130200	Mirahawatta	Mirahawatta	gnd	374	18	95	0	0	0	0
LK-8130205	Udupeella	Udupeella	gnd	240	11	92	12	0	0	0
LK-8130210	Kotakithula	Kotakithula	gnd	183	3	357	48	14	0	0
LK-8130215	Malpotha	Malpotha	gnd	140	12	71	12	0	0	0
LK-8130220	Karagasthenna	Karagasthenna	gnd	709	28	127	27	22	0	0
LK-8130225	Alugolla	Alugolla	gnd	136	5	260	24	14	0	1
LK-8130230	Bogahakumbura	Bogahakumbura	gnd	315	56	0	2	4	1	0
LK-8130235	Bibiligamuwa	Bibiligamuwa	gnd	228	0	0	0	0	0	0
LK-8130240	Alawathugoda	Alawathugoda	gnd	42	7	248	22	1	0	0
LK-8130245	Kandepuhulpola	Kandepuhulpola	gnd	401	17	1	2	0	0	1
LK-8130250	Helayalkumbura	Helayalkumbura	gnd	111	1	198	34	3	0	0
LK-8130255	Guruthalawa	Guruthalawa	gnd	313	28	170	11	6	0	0
LK-8130260	Mahathenna	Mahathenna	gnd	394	30	62	11	5	1	0
LK-8130265	Hingurugamuwa	Hingurugamuwa	gnd	121	12	237	49	21	0	0
LK-8130270	Galedanda	Galedanda	gnd	176	11	284	48	2	0	0
LK-8130275	Boralanda	Boralanda	gnd	400	14	214	11	0	0	0
LK-8130280	Wangiyakumbura	Wangiyakumbura	gnd	273	10	167	11	2	0	0
LK-8130285	Ohiya	Ohiya	gnd	9	1	36	2	1	0	0
LK-8130290	Rahangala	Rahangala	gnd	287	15	165	14	4	0	0
LK-8130295	Hinnarangolla	Hinnarangolla	gnd	335	6	99	7	6	0	0
LK-8130300	Udakendagolla	Udakendagolla	gnd	333	34	64	11	3	0	0
LK-8130305	Rathkarawwa	Rathkarawwa	gnd	70	2	166	11	1	0	0
LK-8130310	Pitapola	Pitapola	gnd	59	7	306	66	11	0	0
LK-8130315	Ohiya Estate	Ohiya Estate	gnd	9	6	83	9	3	0	0
LK-8130320	Maligathenna	Maligathenna	gnd	220	24	363	69	38	3	1
LK-8133005	Mathetilla	Mathetilla	gnd	365	17	0	0	2	6	0
LK-8133010	Konthahela	Konthahela	gnd	67	33	268	18	8	0	0
LK-8133015	Icelab Watta	Icelab Watta	gnd	83	107	123	9	0	0	0
LK-8133020	Kirioruwa	Kirioruwa	gnd	253	64	174	40	9	0	0
LK-8133025	Ettalapitiya	Ettalapitiya	gnd	630	15	38	4	2	0	0
LK-8133030	Diganathenna	Diganathenna	gnd	480	11	271	18	2	0	0
LK-8133035	Ambegoda	Ambegoda	gnd	561	22	177	1	7	0	0
LK-8133040	Wewathenna	Wewathenna	gnd	600	14	125	25	0	1	0
LK-8133045	Watagamuwa	Watagamuwa	gnd	521	33	188	1	0	1	0
LK-8133050	Bindunuwewa	Bindunuwewa	gnd	457	11	30	0	1	0	1
LK-8133055	Kebillewela North	Kebillawela North	gnd	550	14	145	7	7	0	0
LK-8133060	Gediyaroda	Gediyaroda	gnd	352	6	168	5	2	0	0
LK-8133065	Bandarawela West	Bandarawela West	gnd	777	12	14	8	3	0	0
LK-8133070	Bandarawela East	Bandarawela East	gnd	760	18	9	5	0	0	0
LK-8133075	Thanthiriya	Thanthiriya	gnd	517	13	107	9	1	1	0
LK-8133080	Udaperuwa	Udaperuwa	gnd	399	93	0	1	3	0	0
LK-8133085	Egodagama	Egodagama	gnd	129	3	274	50	0	0	0
LK-8133090	Weheragalathenna	Weheragalathenna	gnd	297	15	165	15	1	0	1
LK-8133095	Bambaragama	Bambaragama	gnd	48	5	141	48	8	3	1
LK-8133100	Makulella	Makulella	gnd	122	14	341	61	9	0	0
LK-8133105	Kinigama	Kinigama	gnd	411	7	115	14	1	0	0
LK-8133110	Inikambedda	Inikambedda	gnd	771	35	87	27	2	0	0
LK-8133115	Karagahawela	Karagahawela	gnd	341	20	222	37	2	14	0
LK-8133120	Obadella	Obadella	gnd	277	5	167	15	2	0	0
LK-8133125	Beddekumbura	Beddekumbura	gnd	202	2	0	1	0	0	0
LK-8133130	Kebillewela South	Kebillewela South	gnd	208	16	169	32	0	0	0
LK-8133135	Mahaulpatha	Mahaulpatha	gnd	379	21	0	0	0	0	0
LK-8133140	Darahitawanagoda	Darahitawanagoda	gnd	208	5	126	9	1	0	0
LK-8133145	Doolgolla	Doolgolla	gnd	161	1	1	0	0	0	0
LK-8133150	Creig Watta	Creig Watta	gnd	123	23	303	21	8	0	0
LK-8133155	Liyangahawela Watta	Liyangahawela Watta	gnd	214	35	300	34	7	0	1
LK-8133160	Ambadandegama	Ambadandegama	gnd	300	43	1	1	5	0	0
LK-8133165	Beddearawa	Beddearawa	gnd	38	4	88	19	0	0	0
LK-8133170	Liyangahawela	Liyangahawela	gnd	70	5	147	12	0	0	0
LK-8133175	Nayabedda Estate	Nayabedda Estate	gnd	354	54	519	135	7	0	3
LK-8136005	Piyarapandowa	Piyarapandowa	gnd	169	12	312	84	2	0	0
LK-8136010	Halpe	Halpe	gnd	186	6	359	65	4	0	0
LK-8136015	Kirinda	Kirinda	gnd	184	86	150	108	15	0	2
LK-8136020	Demodara	Demodara	gnd	461	32	210	23	15	1	0
LK-8136025	Navulla	Navulla	gnd	124	12	277	50	26	0	1
LK-8136030	Gawarawela	Gawarawela	gnd	226	3	262	30	20	0	0
LK-8136035	Beddewela	Baddewela	gnd	357	48	61	4	6	0	0
LK-8136040	Pupula West	Pupula West	gnd	50	9	172	37	0	0	0
LK-8136045	Pupula	Pupula	gnd	33	16	392	28	0	0	0
LK-8136050	Galtenhena	Galtenhena	gnd	106	19	132	24	10	0	1
LK-8136055	Nawela East	Nawela East	gnd	14	4	243	54	5	0	0
LK-8136060	Nawela West	Nawela West	gnd	257	23	0	0	0	0	0
LK-8136065	Medawela West	Medawela West	gnd	318	22	6	1	1	0	2
LK-8136070	Yahalewela	Yahalewela	gnd	297	50	31	0	7	0	0
LK-8136075	Newberg	Newberg	gnd	138	36	84	5	0	0	0
LK-8136080	Ella	Ella	gnd	225	11	110	17	14	16	1
LK-8136085	Madhuragama	Madhuragama	gnd	392	24	1	0	0	0	0
LK-8136090	Idamegama	Idamegama	gnd	122	13	52	3	0	0	0
LK-8136095	Hettipola	Hettipola	gnd	347	41	17	11	5	0	0
LK-8136100	Millagama	Millagama	gnd	302	39	66	15	8	0	0
LK-8136105	Udukumbalwela	Udukumbalwela	gnd	237	10	173	52	5	0	1
LK-8136110	Dowa	Dowa	gnd	211	6	283	56	6	0	0
LK-8136115	Palleperuwa	Palleperuwa	gnd	540	9	144	28	14	0	0
LK-8136120	Heeloya	Heeloya	gnd	315	6	395	43	7	0	0
LK-8136125	Kithalella	Kithalella	gnd	169	7	260	17	4	0	0
LK-8136130	Rawanaella	Rawanaella	gnd	67	3	69	1	0	0	0
LK-8136135	Karandagolla	Karandagolla	gnd	238	59	163	20	13	0	1
LK-8136140	Govussa	Govussa	gnd	77	10	148	3	1	0	0
LK-8136145	Ilukpelessa	Ilukpelessa	gnd	15	2	192	15	1	0	0
LK-8136150	Ballaketuwa	Ballaketuwa	gnd	446	33	68	25	7	1	1
LK-8136155	Namunukula	Namunukula	gnd	312	24	18	1	6	1	0
LK-8136160	Dodamgolla	Dodamgolla	gnd	6	4	135	18	28	0	2
LK-8139005	Ellagama	Ellagama	gnd	236	13	127	5	0	0	0
LK-8139010	Kahattewela	Kahattewela	gnd	469	11	1	0	4	0	0
LK-8139015	Erenawela	Eranawela	gnd	468	22	56	6	4	0	1
LK-8139020	Ranjallawa	Ranjallawa	gnd	710	11	0	3	1	0	0
LK-8139025	Bingethenna	Bingethenna	gnd	350	12	87	9	6	0	0
LK-8139030	Kahagolla	Kahagolla	gnd	548	34	45	6	2	0	0
LK-8139035	Dodamwatta	Dodamwatta	gnd	203	7	202	14	3	1	0
LK-8139040	Diyathalawa	Diyathalawa	gnd	301	12	112	16	0	0	0
LK-8139045	Jayaminipura	Jayaminipura	gnd	285	24	47	14	1	0	0
LK-8139050	Aluthwela	Aluthwela	gnd	212	12	120	8	1	0	0
LK-8139055	Welanhinna	Welanhinna	gnd	229	5	111	10	1	0	0
LK-8139060	Pahala Kadurugamuwa	Pahala kadurugamuwa	gnd	566	4	60	4	0	0	1
LK-8139065	Viharakele	Viharakele	gnd	267	12	55	18	3	0	0
LK-8139070	Umankandura	Umankandura	gnd	465	41	112	19	7	0	0
LK-8139075	Panketiya	Panketiya	gnd	161	37	462	100	2	0	0
LK-8139080	Hela Kadurugamuwa	Helakadurugamuwa	gnd	393	7	54	6	1	0	0
LK-8139085	Haputhalegama	Haputhalegama	gnd	336	34	123	19	2	0	0
LK-8139090	Glenanore	Glenanore	gnd	430	121	170	29	16	1	1
LK-8139095	Horadorowwa	Horadorowwa	gnd	78	2	196	4	0	0	0
LK-8139100	Magiripura	Magiripura	gnd	238	15	282	42	3	0	0
LK-8139105	Kolathenna	Kolathenna	gnd	78	1	87	1	1	0	0
LK-8139110	Haputhale Town	Haputhale Town	gnd	442	64	386	137	17	3	1
LK-8139115	Pitarathmale	Pitarathmale	gnd	193	68	347	46	39	3	15
LK-8139120	Dambethenna	Dambethenna	gnd	473	54	497	66	7	1	2
LK-8139125	Thotalagala	Thotalagala	gnd	99	86	67	114	21	1	0
LK-8139130	Galkanda	Galkanda	gnd	120	13	177	47	14	5	2
LK-8142005	Weerakongama	Weerakongama	gnd	164	93	12	8	1	0	0
LK-8142010	Kalupahana	Kalupahana	gnd	190	7	85	1	5	0	0
LK-8142015	Haldummulla	Haldummulla	gnd	306	29	93	20	19	1	0
LK-8142020	Beragala	Beragala	gnd	358	33	273	47	41	0	0
LK-8142025	Viharagala	Viharagala	gnd	298	51	323	75	15	3	0
LK-8142030	Nikapotha West	Nikapotha West	gnd	99	1	1	2	2	0	0
LK-8142035	Nikapotha East	Nikapotha East	gnd	132	5	68	6	1	0	0
LK-8142040	Lemasthota	Lemasthota	gnd	16	0	68	9	0	0	0
LK-8142045	Ranasinghegama	Ranasinghegama	gnd	45	11	127	31	2	0	0
LK-8142050	Kotabakma	Kotabakma	gnd	248	66	99	21	15	11	2
LK-8142055	Koslanda	Koslanda	gnd	427	15	242	4	0	0	0
LK-8142060	Mahakanda	Mahakanda	gnd	138	17	73	16	6	0	0
LK-8142065	Poonagala	Poonagala	gnd	532	90	412	71	3	0	0
LK-8142070	Divulgasmulla	Divulgasmulla	gnd	56	8	335	73	12	0	0
LK-8142075	Gampaha	Gampaha	gnd	217	68	116	41	11	2	2
LK-8142080	Ampitithenna	Ampitithenna	gnd	241	20	0	18	6	1	2
LK-8142085	Kelipanawela	Kelipanawela	gnd	45	12	57	37	2	7	2
LK-8142090	Moraketiya	Moraketiya	gnd	140	31	1	1	0	0	0
LK-8142095	Kirawanagama	Kirawanagama	gnd	205	18	1	14	2	0	1
LK-8142100	Manthenna	Manthenna	gnd	115	13	61	4	2	0	0
LK-8142105	Amilagama	Amilagama	gnd	25	9	135	17	9	0	0
LK-8142110	Soragune	Soragune	gnd	126	33	0	0	0	0	0
LK-8142115	Kithulgahaarawa	Kithulgahaarawa	gnd	158	4	4	5	3	0	2
LK-8142120	Watagamuwa	Watagamuwa	gnd	344	3	4	1	14	1	0
LK-8142125	Walhaputhenna	Walhaputhenna	gnd	120	10	80	0	2	0	1
LK-8142130	Uvathenna	Uvathenna	gnd	90	2	97	2	2	0	0
LK-8142135	Marangahawela	Marangahawela	gnd	120	6	0	1	0	0	0
LK-8142140	Seelathenna	Seelathenna	gnd	59	0	122	19	6	0	0
LK-8142145	Harankahawa	Harankahawa	gnd	116	0	88	1	1	0	1
LK-8142150	Medawela	Medawela	gnd	120	13	0	7	3	0	1
LK-8142155	Welibissa	Welibissa	gnd	113	4	0	0	1	0	0
LK-8142160	We Eliya	We Eliya	gnd	86	3	101	20	6	0	0
LK-8142165	Kosgama	Kosgama	gnd	62	1	150	4	7	0	0
LK-8142170	Ranwanguhawa	Ranwanguhawa	gnd	104	10	0	0	1	0	2
LK-8142175	Akkara Seeya	Akkara Seeya	gnd	6	0	60	0	1	0	0
LK-8142180	Welanvita	Welanvita	gnd	127	4	0	8	0	0	0
LK-8142185	Kolongasthenna	Kolongasthenna	gnd	24	5	189	5	13	0	1
LK-8142190	Bambara Pokuna	Bambara Pokuna	gnd	7	0	49	4	2	0	0
LK-8142195	Mahalanda	Mahalanda	gnd	158	7	217	10	13	0	8
LK-8203005	Uravula	Uravula	gnd	102	2	1	2	2	0	0
LK-8203010	Karandugala	Karandugala	gnd	33	5	147	31	38	0	12
LK-8203015	Bulupitiya	Bulupitiya	gnd	11	1	277	18	7	0	4
LK-8203020	Nilgala	Nilgala	gnd	35	1	225	16	12	0	1
LK-8203025	Kanawegalla	Kanawegalla	gnd	22	0	117	19	8	0	0
LK-8203030	Ussagala	Ussagala	gnd	30	0	134	19	11	0	2
LK-8203035	Bokagonna	Bokagonna	gnd	160	8	272	12	38	0	3
LK-8203040	Pitakumbura	Pitakumbura	gnd	49	8	291	31	2	0	2
LK-8203045	Hamapola	Hamapola	gnd	17	2	316	7	31	0	0
LK-8203050	Thotillaketiya	Thotillaketiya	gnd	31	7	208	15	4	0	0
LK-8203055	Kokunnewa	Kokunnewa	gnd	57	1	260	8	5	0	1
LK-8203060	Morattamulla	Morattamulla	gnd	31	1	216	21	16	0	0
LK-8203065	Nagala	Nagala	gnd	148	22	315	14	10	0	0
LK-8203070	Radaliyadda	Radaliyadda	gnd	91	12	233	37	6	0	0
LK-8203075	Ambagolla	Ambagolla	gnd	48	4	246	52	2	0	0
LK-8203080	Wegama	Wegama	gnd	162	2	180	6	11	0	0
LK-8203085	Wegama South	Wegama South	gnd	249	17	224	21	11	0	1
LK-8203090	Mallehewa	Mallehewa	gnd	165	19	201	16	10	0	0
LK-8203095	Karagahawela East	Karagahawela East	gnd	110	12	113	14	5	0	0
LK-8203100	Kehel Attawala	Kehel Attawala	gnd	67	4	225	21	4	0	1
LK-8203105	Karagahawela West	Karagahawela West	gnd	84	3	256	8	16	0	0
LK-8203110	Udamallehewa	Udamallehewa	gnd	79	3	176	15	1	0	0
LK-8203115	Egoda Kotagama	Egoda Kotagama	gnd	66	2	130	2	4	0	0
LK-8203120	Kotagama	Kotagama	gnd	80	2	197	12	6	0	0
LK-8203125	Badullagammana	Badullagammana	gnd	62	5	396	24	14	0	0
LK-8203130	Kavudella	Kavudella	gnd	57	0	269	9	18	0	0
LK-8203135	Rathupasketiya	Rathupasketiya	gnd	420	9	207	23	14	0	0
LK-8203140	Lindakumbura	Lindakumbura	gnd	295	8	102	11	24	0	0
LK-8203145	Bibila	Bibile	gnd	361	4	134	6	2	0	0
LK-8203150	Ambelanda	Ambelanda	gnd	147	1	118	3	14	0	0
LK-8203155	Dodamgolla	Dodamgolla	gnd	267	13	152	13	18	0	0
LK-8203160	Dehiattawela	Dehiattawela	gnd	43	1	207	4	18	0	1
LK-8203165	Kanulwela	Kanulwela	gnd	163	5	423	23	38	0	0
LK-8203170	Ethanawatta	Ethanawatta	gnd	35	0	186	19	2	0	2
LK-8203175	Kuruwamba	Kuruwamba	gnd	69	4	211	21	23	0	0
LK-8203180	Hewelwela	Hewelwela	gnd	97	1	149	16	10	0	0
LK-8203185	Mudiyala	Mudiyala	gnd	119	3	126	4	2	0	0
LK-8203190	Yalkumbura	Yalkumbura	gnd	71	1	144	11	5	0	0
LK-8203195	Thanayamgama	Thanayamgama	gnd	21	0	177	1	14	0	1
LK-8203200	Medipitiya	Medipitiya	gnd	132	5	146	8	4	0	0
LK-8206005	Nelliyadda	Nelliyadda	gnd	2	0	124	2	3	0	5
LK-8206010	Mullegama	Mullegama	gnd	23	1	217	5	15	0	4
LK-8206015	Galgamuwa	Galgamuwa	gnd	59	1	281	3	22	0	9
LK-8206020	Inginiyagala	Inginiyagala	gnd	221	12	122	5	6	0	0
LK-8206025	Baduluwela	Baduluwela	gnd	107	6	100	1	1	0	9
LK-8206030	Bandarawadiya	Bandarawadiya	gnd	23	0	213	0	3	0	0
LK-8206035	Panguwa	Panguwa	gnd	93	0	204	2	20	0	3
LK-8206040	Thalkotayaya	Thalkotayaya	gnd	73	0	140	3	0	0	0
LK-8206045	Deliwa	Deliwa	gnd	50	1	144	2	18	0	0
LK-8206050	Thampalawela	Thampalawela	gnd	36	0	245	11	10	0	0
LK-8206055	Ruwalwela	Ruwalwela	gnd	22	1	305	7	31	0	0
LK-8206060	Watawanagama	Watawanagama	gnd	12	0	104	4	4	0	0
LK-8206065	Gangodagama	Gangodagama	gnd	7	1	84	15	12	0	4
LK-8206070	Ritigahawatta	Ritigahawatta	gnd	73	8	175	6	8	0	6
LK-8206075	Mariarawa	Mariarawa	gnd	28	2	283	17	3	0	2
LK-8206080	Kolladeniya	Kolladeniya	gnd	142	10	282	11	6	0	0
LK-8206085	Ihawa	Ihawa	gnd	77	0	229	12	5	0	0
LK-8206090	Alpitiya	Alpitiya	gnd	133	0	172	14	2	0	0
LK-8206095	Makulla	Makulla	gnd	167	9	119	5	2	0	0
LK-8206100	Namaloya Colony	Namaloya Colony	gnd	58	6	256	0	8	0	0
LK-8206105	Aratugaswela	Aratugaswela	gnd	9	0	208	10	10	0	0
LK-8206110	Pagura	Pagura	gnd	37	7	168	25	5	0	1
LK-8206115	Galbokka	Galbokka	gnd	31	4	151	15	1	0	1
LK-8206120	Magandana	Magandana	gnd	27	2	161	8	3	0	6
LK-8206125	Udumulla	Udumulla	gnd	59	1	157	11	2	0	2
LK-8206130	Kottagala	Kottagala	gnd	29	0	222	0	1	0	0
LK-8206135	Gangoda Arawa	Gangoda Arawa	gnd	5	0	179	4	2	0	0
LK-8206140	Polgahagama	Polgahagama	gnd	10	2	287	1	3	0	0
LK-8206145	Alugalge	Alugalge	gnd	11	1	156	6	7	0	0
LK-8206150	Neelawa Bedda	Neelawa Bedda	gnd	49	1	127	3	20	0	2
LK-8206155	Kahagolla	Kahagolla	gnd	7	0	166	5	3	0	0
LK-8206160	Magandaoya Colony	Magandaoya Colony	gnd	30	0	219	4	4	0	0
LK-8206165	Gonathalawa	Gonathalawa	gnd	47	4	225	7	1	0	0
LK-8206170	Dambagalla	Dambagalla	gnd	156	6	284	9	1	0	0
LK-8206175	Ellekona	Ellekona	gnd	161	5	303	19	10	0	0
LK-8206180	Therela	Therela	gnd	74	0	185	2	2	0	0
LK-8206185	Iluklanda	Iluklanda	gnd	58	0	148	19	2	0	0
LK-8206190	Obbegoda	Obbegoda	gnd	168	0	119	14	0	0	0
LK-8209005	Pothubandhana	Pothubandana	gnd	148	3	204	8	7	0	0
LK-8209010	Yakunnawa	Yakunnawa	gnd	142	6	176	1	9	0	0
LK-8209015	Bendiyawa	Bendiyawa	gnd	43	1	379	29	23	0	0
LK-8209020	Kotabowa	Kotabowa	gnd	202	9	169	19	12	0	7
LK-8209025	Godigamuwa	Godigamuwa	gnd	302	25	163	41	9	0	0
LK-8209030	Senpathigama	Senpathigama	gnd	88	2	153	3	12	0	2
LK-8209035	Aiwela	Aiwela	gnd	170	14	136	37	28	0	1
LK-8209040	Senapathiya	Senapathiya	gnd	110	4	154	16	5	0	3
LK-8209045	Bibilamulla	Bibilamulla	gnd	54	2	238	36	14	0	1
LK-8209050	Nannapurawa	Nannapurawa	gnd	388	49	7	9	4	0	0
LK-8209055	Dahamgama	Dahamgama	gnd	392	25	19	7	0	0	1
LK-8209060	Kalugahawadiya	Kalugahawadiya	gnd	245	14	29	8	3	0	2
LK-8209065	Kongolla	Kongolla	gnd	75	1	180	3	27	0	0
LK-8209070	Diviyapola	Diviyapola	gnd	142	1	2	0	0	0	0
LK-8209075	Kohukumbura	Kohukumbura	gnd	23	1	172	2	8	0	0
LK-8209080	Nugamura	Nugamura	gnd	144	4	89	16	25	0	1
LK-8209085	Ellekona	Ellekona	gnd	376	19	30	3	0	0	0
LK-8209090	Dahagoniya	Dahagoniya	gnd	313	5	5	1	3	0	0
LK-8209095	Monarawana	Monarawana	gnd	179	8	204	11	10	0	0
LK-8209100	Mellagama	Mellagama	gnd	126	5	265	17	11	0	0
LK-8209105	Thambana	Thambana	gnd	16	8	267	7	6	0	3
LK-8209110	Thimbiriya	Thimbiriya	gnd	276	2	229	14	13	0	2
LK-8209115	Medagama	Medagama	gnd	329	33	114	66	9	0	0
LK-8209120	Elhena	Elhena	gnd	77	0	181	24	1	0	1
LK-8209125	Pitadeniya	Pitadeniya	gnd	83	5	180	8	2	0	0
LK-8209130	Kinnarabowa	Kinnarabowa	gnd	88	5	136	5	1	0	0
LK-8209135	Ilukkumbura	Ilukkumbura	gnd	203	27	103	9	1	0	0
LK-8209140	Bakinigahawela	Bakinigahawela	gnd	308	37	55	0	15	0	0
LK-8209145	Pubbara	Pubbara	gnd	8	0	153	0	5	0	0
LK-8209150	Polgahapitiya	Polgahapitiya	gnd	141	1	453	35	19	0	2
LK-8209155	Kendavinna	Kendavinna	gnd	308	30	8	2	10	0	1
LK-8209160	Alana	Alana	gnd	191	6	6	0	0	0	1
LK-8209165	Rattanadeniya	Rattanadeniya	gnd	142	17	241	5	3	0	2
LK-8209170	Amunekandura	Amunekandura	gnd	358	3	0	1	0	0	0
LK-8209175	Keenagoda	Keenagoda	gnd	40	1	188	4	7	0	0
LK-8212005	Nape	Nape	gnd	19	1	232	14	23	0	7
LK-8212010	Buddama	Buddama	gnd	41	3	311	70	8	1	13
LK-8212015	Waragama	Waragama	gnd	35	0	325	8	25	0	7
LK-8212020	Kotagoda	Kotagoda	gnd	97	4	169	21	22	0	7
LK-8212025	Weragoda	Weragoda	gnd	1	0	114	22	21	0	21
LK-8212030	Newgala	Newgala	gnd	87	11	149	15	6	0	1
LK-8212035	Govindupura	Govindupura	gnd	43	14	308	26	12	0	3
LK-8212040	Pallewela	Pallewela	gnd	24	0	320	11	8	0	13
LK-8212045	Ambagahapitiya	Ambagahapitiya	gnd	8	0	195	49	2	0	5
LK-8212050	Meeyagala	Meeyagala	gnd	1	1	172	20	28	0	18
LK-8212055	Barawaya	Barawaya	gnd	45	2	358	5	27	1	0
LK-8212060	Kooragammana	Kooragammana	gnd	7	2	177	11	9	0	0
LK-8212065	Kalugollayaya	Kalugollayaya	gnd	18	2	191	0	9	0	0
LK-8212070	Samanala Bedda	Samanala Bedda	gnd	50	0	224	30	29	0	0
LK-8212075	Muthukandiya	Muthukandiya	gnd	65	1	151	4	11	0	0
LK-8212080	Yakkadurawa	Yakkadurawa	gnd	99	0	337	9	5	0	0
LK-8212085	Galamuna	Galamuna	gnd	109	2	115	13	2	0	0
LK-8212090	Helamulla	Helamulla	gnd	28	1	224	25	4	0	1
LK-8212095	Pallegama	Pallegama	gnd	53	2	263	19	11	0	8
LK-8212100	Maha Kalugolla	Maha Kalugolla	gnd	49	8	253	23	9	0	0
LK-8212105	Karambagoda	Karambagoda	gnd	20	0	265	22	15	0	3
LK-8212110	Ruhunu Danawwa	Ruhunu Danawwa	gnd	22	1	181	15	8	0	2
LK-8212115	Sri Wijithapura	Sri Wijithapura	gnd	105	2	302	20	32	0	1
LK-8212120	Siyambalanduwa	Siyambalanduwa	gnd	137	0	151	12	7	0	0
LK-8212125	Manabharana	Manabharana	gnd	81	2	253	39	6	0	2
LK-8212130	Madugama	Madugama	gnd	78	10	548	35	43	7	9
LK-8212135	Kivulayaya	Kivuleyaya	gnd	118	7	320	14	16	0	3
LK-8212140	Kodayana	Kodayana	gnd	89	14	254	30	23	0	0
LK-8212145	Nugagahakivula	Nugagahakivula	gnd	22	2	285	21	27	0	2
LK-8212150	Kotiyagoda	Kotiyagoda	gnd	50	7	230	30	11	0	3
LK-8212155	Indigasella	Indigasella	gnd	90	1	230	23	9	0	1
LK-8212160	Dombagahawela	Dombagahawela	gnd	129	8	643	40	48	0	4
LK-8212165	Liyangolla	Liyangolla	gnd	132	2	243	16	15	0	3
LK-8212170	Beraliyapola	Beraliyapola	gnd	75	0	147	16	9	0	3
LK-8212175	Kimbulawela	Kimbulawela	gnd	78	3	151	17	1	1	0
LK-8212180	Pahatha Arawa	Pahatha Arawa	gnd	37	11	359	19	27	0	51
LK-8212185	Ethimale	Ethimale	gnd	35	8	267	49	35	0	1
LK-8212190	Guruhela	Guruhela	gnd	51	3	262	20	12	0	1
LK-8212195	Gemunupura	Gemunupura	gnd	49	7	203	9	14	0	0
LK-8212200	Perakumpura	Perakumpura	gnd	70	7	217	36	8	0	0
LK-8212205	Siripura	Siripura	gnd	275	21	141	15	7	0	2
LK-8212210	Thissapura	Thissapura	gnd	48	7	365	85	13	0	0
LK-8212215	Ethimale Colony	Ethimale Colony	gnd	44	2	262	59	2	3	0
LK-8212220	Minipura	Minipura	gnd	18	0	258	9	15	0	1
LK-8212225	Vilaoya	Vilaoya	gnd	53	0	409	27	56	0	6
LK-8212230	Wattegama	Wattegama	gnd	195	7	292	12	14	0	6
LK-8212235	Wijayapura	Wijayapura	gnd	8	0	244	43	5	0	0
LK-8212240	Kotiyagala	Kotiyagala	gnd	12	6	441	51	11	0	2
LK-8215005	Tenwatta	Tenwatta	gnd	179	10	291	11	21	0	0
LK-8215010	Guruhela	Guruhela	gnd	199	4	216	10	25	0	0
LK-8215015	Batugammana	Batugammana	gnd	203	9	48	4	2	0	0
LK-8215020	Debeddekivula	Debeddekivula	gnd	323	0	0	0	3	0	0
LK-8215025	Weliyaya	Weliyaya	gnd	313	7	164	56	48	1	22
LK-8215030	Rattanapitiya	Rattanapitiya	gnd	272	5	206	30	28	0	0
LK-8215035	Nakkala	Nakkala	gnd	258	6	298	9	23	0	0
LK-8215040	Hidikivula	Hidikivula	gnd	311	12	291	37	24	0	0
LK-8215045	Hulandawa	Hulandawa	gnd	611	11	220	11	5	0	0
LK-8215050	Magandanamulla	Magandanamulla	gnd	531	2	117	5	3	0	0
LK-8215055	Monaragala	Monaragala	gnd	427	6	155	34	18	0	0
LK-8215060	Aliyawatta	Aliyawatta	gnd	138	13	313	38	66	18	1
LK-8215065	Kolonvinna	Kolonvinna	gnd	46	0	247	15	1	0	0
LK-8215070	Bohitiya	Bohitiya	gnd	490	32	1	23	40	0	1
LK-8215075	Kawdawa	Kawdawa	gnd	183	8	119	18	4	0	0
LK-8215080	Hulandawa Left	Hulandawa Left	gnd	477	17	117	3	3	0	0
LK-8215085	Viharamulla	Viharamulla	gnd	585	18	216	10	11	0	0
LK-8215090	Muppane	Muppane	gnd	934	46	108	14	13	0	0
LK-8215095	Maduruketiya	Maduruketiya	gnd	752	49	719	48	16	0	1
LK-8215100	Kumbukkana	Kumbukkana	gnd	494	66	129	10	2	0	2
LK-8215105	Horombuwa	Horombuwa	gnd	182	10	520	34	49	0	0
LK-8215110	Hulandawa South	Hulandawa South	gnd	196	15	556	8	7	0	0
LK-8215115	Marawa	Marawa	gnd	209	12	215	12	1	0	0
LK-8215120	Veheragala	Veheragala	gnd	171	0	110	12	23	0	1
LK-8215125	Thenagallanda	Thenagallanda	gnd	266	16	236	21	8	0	2
LK-8215130	Kahambana	Kahambana	gnd	5	2	211	30	22	0	9
LK-8218005	Gedavila	Gedavila	gnd	13	0	128	5	5	0	5
LK-8218010	Karandagama	Karandagama	gnd	86	2	259	4	6	0	1
LK-8218015	Ella	Ella	gnd	50	0	234	1	1	0	0
LK-8218020	Pallegama	Pallegama	gnd	13	1	131	2	4	0	0
LK-8218025	Thalawagama	Thalawagama	gnd	16	0	307	20	8	0	0
LK-8218030	Mailagasthenna	Mailagasthenna	gnd	23	1	248	18	26	0	0
LK-8218035	Karavila	Karavila	gnd	41	2	265	14	3	0	0
LK-8218040	Madamagama	Madamagama	gnd	48	2	239	11	24	0	0
LK-8218045	Wekumbura	Wekumbura	gnd	88	0	117	10	0	0	0
LK-8218050	Maiyokka Watta	Maiyokka Watta	gnd	24	0	196	25	0	0	0
LK-8218055	Waradola	Waradola	gnd	21	0	297	62	17	0	1
LK-8218060	Ankada	Ankada	gnd	68	2	144	26	9	0	2
LK-8218065	Kotamuduna	Kotamuduna	gnd	57	1	206	16	5	0	0
LK-8218070	Alupotha	Alupotha	gnd	179	0	395	12	27	0	1
LK-8218075	Wasipaha	Wasipaha	gnd	89	2	287	18	1	0	0
LK-8218080	Badalkumbura	Badalkumbura	gnd	281	3	233	2	0	0	1
LK-8218085	Maligathenna	Maligathenna	gnd	101	3	279	28	0	0	2
LK-8218090	Pussellawa	Pussellawa	gnd	171	0	281	2	3	0	0
LK-8218095	Madukotan Arawa	Madukotan Arawa	gnd	101	0	198	5	0	0	0
LK-8218100	Yakurawa	Yakurawa	gnd	20	0	386	15	1	0	0
LK-8218105	Therappahuwa	Therappahuwa	gnd	178	4	312	13	22	0	0
LK-8218110	Punsisigama	Punsisigama	gnd	41	0	218	25	3	0	0
LK-8218115	Madugahapattiya	Madugahapattiya	gnd	163	12	203	19	0	0	1
LK-8218120	Kalagahakivula	Kalagahakivula	gnd	41	3	139	0	1	0	0
LK-8218125	Madugasmulla	Madugasmulla	gnd	31	4	253	11	5	0	0
LK-8218130	Ranugalla	Ranugalla	gnd	98	8	274	6	11	0	1
LK-8218135	Ethpattiya	Ethpattiya	gnd	46	1	120	0	1	0	0
LK-8218140	Miyanakadura	Miyanakandura	gnd	34	6	380	7	2	0	0
LK-8218145	Dewathura	Dewathura	gnd	26	8	402	92	20	0	2
LK-8218150	Naranwatta	Naranwatta	gnd	86	4	85	0	0	0	0
LK-8218155	Athala	Athala	gnd	64	0	258	13	2	0	0
LK-8218160	Eththalamulla	Ettalamulla	gnd	7	0	153	5	0	0	0
LK-8218165	Muthukeliyawa	Muthukeliyawa	gnd	49	2	308	13	13	0	1
LK-8218170	Meegahayaya	Meegahayaya	gnd	22	1	148	2	1	0	0
LK-8218175	Bogahapelessa	Bogahapelessa	gnd	69	1	93	1	1	0	0
LK-8218180	Dambagahawela	Dambagahawela	gnd	52	0	119	2	5	0	0
LK-8218185	Hingurukaduwa	Hingurukaduwa	gnd	58	3	214	11	3	0	0
LK-8218190	Keliwessa	Keliwessa	gnd	12	0	241	5	2	0	0
LK-8218195	Moratuwagama	Moratuwagama	gnd	12	1	119	10	4	0	0
LK-8218200	Lunugala Colony	Lunugala Colony	gnd	23	0	411	38	4	0	1
LK-8218205	Katugahagalge	Katugahagalge	gnd	135	7	318	13	1	0	1
LK-8221005	Kurugama	Kurugama	gnd	270	9	245	9	20	0	1
LK-8221010	Randeniya	Randeniya	gnd	309	14	259	41	8	0	0
LK-8221015	Siyambalagunaya	Siyambalagunaya	gnd	184	9	345	23	5	0	0
LK-8221020	Sudupanawela	Sudupanawela	gnd	322	4	504	22	3	0	0
LK-8221025	Kotikambokka	Kotikambokka	gnd	346	43	190	30	2	0	0
LK-8221030	Galbokka	Galbokka	gnd	46	15	286	2	12	0	0
LK-8221035	Dimbulamure	Dimbulamuraya	gnd	324	10	274	45	15	0	0
LK-8221040	Wellawaya	Wellawaya	gnd	485	46	764	52	42	1	0
LK-8221045	Yalabowa	Yalabowa	gnd	250	3	322	31	27	0	0
LK-8221050	Nugayaya	Nugayaya	gnd	128	2	434	50	21	2	0
LK-8221055	Warunagama	Warunagama	gnd	439	23	1208	141	94	0	4
LK-8221060	Anapallama	Anapallama	gnd	352	21	337	31	44	0	3
LK-8221065	Pubuduwewa	Pubuduwewa	gnd	118	5	544	43	26	0	2
LK-8221070	Neluwagala	Neluwagala	gnd	85	5	462	70	57	0	1
LK-8221075	Buduruwagala	Buduruwagala	gnd	151	4	464	41	48	1	2
LK-8221080	Andawelayaya	Andawelayaya	gnd	432	26	273	33	6	0	0
LK-8221085	Siripuragama	Siripuragama	gnd	417	34	89	20	0	1	1
LK-8221090	Veherayaya Colony	Veherayaya Colony	gnd	219	14	567	60	73	0	0
LK-8221095	Veherayaya	Veherayaya	gnd	170	8	415	68	33	0	1
LK-8221100	Randenigodayaya	Randenigodayaya	gnd	107	18	260	32	19	0	0
LK-8221105	Handapanagala	Handapanagala	gnd	328	13	91	19	3	0	0
LK-8221110	Mahaaragama	Maha Aragama	gnd	131	24	422	26	11	0	2
LK-8221115	Thelulla Colony	Thelulla Colony	gnd	113	20	779	80	15	0	1
LK-8221120	Ethiliwewa	Ethiliwewa	gnd	124	14	570	112	17	0	1
LK-8221125	Thelulla	Thelulla	gnd	97	13	324	9	11	0	0
LK-8221130	Balaharuwa	Balaharuwa	gnd	64	3	798	41	46	0	2
LK-8221135	Debaraara	Debara Ara	gnd	42	8	316	63	25	0	17
LK-8221140	Kithulkote	Kithulkote	gnd	203	10	572	22	21	0	2
LK-8221145	Uva Kudaoya	Uva Kudaoya	gnd	181	27	542	66	20	0	1
LK-8224005	Uda Arawa	Uda Arawa	gnd	327	44	0	1	0	0	0
LK-8224010	Horabokka	Horabokka	gnd	61	3	435	30	11	0	1
LK-8224015	Unawatuna	Unawatuna	gnd	290	24	525	78	9	0	1
LK-8224020	Yudaganawa	Yudaganawa	gnd	377	13	304	16	16	0	0
LK-8224025	Dikyaya	Dikyaya	gnd	225	2	482	19	42	0	0
LK-8224030	Udagama	Udagama	gnd	330	6	350	24	7	0	0
LK-8224035	Mahagodayaya	Mahagodayaya	gnd	325	1	367	9	22	0	1
LK-8224040	Gaminipura	Gaminipura	gnd	76	11	467	48	17	0	2
LK-8224045	Okkampitiya	Okkampitiya	gnd	153	1	270	59	8	0	1
LK-8224050	Galtemmandiya	Galtemmandiya	gnd	37	6	364	8	30	0	2
LK-8224055	Ulugala	Ulugala	gnd	114	11	385	51	37	0	1
LK-8224060	Maligavila	Maligavila	gnd	44	12	573	38	44	0	16
LK-8224065	Minipuragama	Minipuragama	gnd	6	2	167	19	6	0	2
LK-8224070	Buruthagolla	Buruthagolla	gnd	315	12	155	15	21	0	0
LK-8224075	Pahalagama	Pahalagama	gnd	31	9	511	76	2	0	1
LK-8224080	Konketiya	Konketiya	gnd	89	3	514	121	30	0	0
LK-8224085	Medagama	Medagama	gnd	284	13	270	25	13	0	0
LK-8224090	Pettagamwela	Pettagamwela	gnd	271	14	178	25	11	0	1
LK-8224095	Puhulkotuwa	Puhulkotuwa	gnd	281	28	378	67	3	0	0
LK-8224100	Veheragala	Veheragala	gnd	66	0	328	20	6	0	0
LK-8224105	Pelwatta	Pelwatta	gnd	473	23	424	42	22	0	0
LK-8224110	Mahasenpura	Mahasenpura	gnd	209	6	383	49	16	0	1
LK-8224115	Kumaragama	Kumaragama	gnd	50	14	342	57	5	0	0
LK-8224120	Kukurampola	Kukurampola	gnd	108	6	434	41	25	0	1
LK-8224125	Kumarapura	Kumarapura	gnd	315	2	201	27	10	0	0
LK-8224130	Yatiyallathota	Yatiyallathota	gnd	109	11	274	35	12	0	1
LK-8224135	Waguruwela	Waguruwela	gnd	353	16	212	36	26	0	1
LK-8224140	Gonagan Ara	Gonagan Ara	gnd	125	9	337	30	23	0	0
LK-8224145	Rahathangama	Rahathangama	gnd	125	9	536	50	37	0	0
LK-8227005	Sella Katharagama	Sella Katharagama	gnd	208	22	313	43	22	2	5
LK-8227010	Katharagama	Katharagama	gnd	232	17	708	67	144	1	4
LK-8227015	Detagamuwa	Datagamuwa	gnd	487	34	508	39	26	12	4
LK-8227020	Kandasurindugama	Kandasurindugama	gnd	679	22	488	43	44	0	1
LK-8227025	Karavile	Karavile	gnd	357	12	759	64	26	0	2
LK-8230005	Kandiyapitawewa	Kandiyapitawewa	gnd	277	80	442	69	6	0	4
LK-8230010	Kotavehera Mankada	Kotavehera Mankada	gnd	103	12	783	93	46	1	3
LK-8230015	Aluthwewa	Aluthwewa	gnd	343	103	294	56	21	0	3
LK-8230020	Hambegamuwa	Hambegamuwa	gnd	124	8	607	32	2	0	0
LK-8230025	Hambegamuwa Colony	Hambegamuwa Colony	gnd	240	49	353	23	14	2	2
LK-8230030	Kahakurullan Pelessa	Kahakurullan Pelessa	gnd	146	10	366	71	12	0	4
LK-8230035	Mahawewa	Mahawewa	gnd	159	3	202	21	9	0	2
LK-8230040	Sooriyaara	Sooriyaara	gnd	152	3	628	51	16	1	2
LK-8230045	Usgala	Usgala	gnd	36	1	238	39	12	0	2
LK-8230050	Nikawewa	Nikawewa	gnd	28	7	232	50	20	0	1
LK-8230055	Bodagama	Bodagama	gnd	85	7	473	35	15	0	0
LK-8230060	Kivul Ara	Kivul Ara	gnd	67	26	392	12	4	0	1
LK-8230065	Sittarama	Sittarama	gnd	313	10	674	44	44	0	1
LK-8230070	Seenukkuwa	Seenukkuwa	gnd	139	1	414	41	16	1	3
LK-8233005	Katupilagama	Katupilagama	gnd	491	29	1592	77	60	0	3
LK-8233010	Habaraluwewa	Habaraluwewa	gnd	143	4	618	22	6	0	1
LK-8233015	Samagipura	Samagipura	gnd	126	17	468	32	7	0	1
LK-8233020	Weliara	Weliara	gnd	70	3	227	30	23	0	1
LK-8233025	Punchiwewa	Punchiwewa	gnd	98	20	122	7	21	0	0
LK-8233030	Kiri Ibbanwewa	Kiri Ibbanwewa	gnd	293	8	639	89	31	0	0
LK-8233035	Sevanagala	Sevanagala	gnd	665	7	697	81	12	0	1
LK-8233040	Muthuminigama	Muthuminigama	gnd	552	15	435	36	15	0	2
LK-8233045	Bahirawa	Bahirawa	gnd	271	10	211	35	6	0	0
LK-8233050	Indikolapelessa	Indikolapelessa	gnd	51	7	434	15	1	0	0
LK-8233055	Habarugala	Habarugala	gnd	301	6	1256	94	56	0	0
LK-8233060	Nugegalayaya	Nugegalayaya	gnd	461	12	722	54	30	0	2
LK-8233065	Mahagama	Mahagama	gnd	169	8	743	51	27	0	1
LK-8233070	Habarattawela	Habarattawela	gnd	367	27	494	26	71	0	0
LK-9103005	Divurumpitiya	Divurumpitiya	gnd	739	19	327	46	7	0	0
LK-9103010	Hewainna	Hewainna	gnd	319	13	218	8	7	0	1
LK-9103015	Kalatuwawa East	Kalatuwawa East	gnd	220	5	156	19	7	0	0
LK-9103020	Getahetta	Getahetta	gnd	394	17	31	8	3	0	0
LK-9103025	Walavita	Walavita	gnd	382	13	62	11	1	0	1
LK-9103030	Meennana	Meennana	gnd	648	26	461	26	21	0	1
LK-9103035	Bopetta Didda	Bopetta Didda	gnd	397	14	299	24	19	0	0
LK-9103040	Thoranakada	Thoranakada	gnd	279	3	389	33	8	0	0
LK-9103045	Ganegoda	Ganegoda	gnd	182	1	192	13	10	0	0
LK-9103050	Iddamalgoda	Iddamalgoda	gnd	81	4	177	7	4	0	0
LK-9103055	Huladduwa	Huladduwa	gnd	111	8	69	3	2	0	0
LK-9103060	Kalatuwawa West	Kalatuwawa West	gnd	242	16	91	5	2	0	1
LK-9103065	Uduwaka	Uduwaka	gnd	60	11	75	1	2	0	0
LK-9103070	Napawala	Napawala	gnd	90	2	137	3	1	0	0
LK-9103075	Pelpitiya	Pelpitiya	gnd	184	5	107	4	3	0	0
LK-9103080	Udumatta	Udumatta	gnd	376	31	42	5	0	0	0
LK-9103085	Vilegoda	Vilegoda	gnd	290	4	145	25	4	0	0
LK-9103090	Vilegoda East	Vilegoda East	gnd	173	24	130	9	5	0	0
LK-9103095	Eheliyagoda Watta	Eheliyagoda Watta	gnd	113	5	152	26	7	0	3
LK-9103100	Asgangula North	Asgangula North	gnd	329	6	89	15	1	0	0
LK-9103105	Kendangamuwa Ihalagama	Kendangamuwa Ihalagama	gnd	527	26	23	13	3	0	0
LK-9103110	Moragala	Moragala	gnd	378	12	74	10	1	0	0
LK-9103115	Bulugahapitiya	Bulugahapitiya	gnd	681	11	163	10	4	0	1
LK-9103120	Yakudagoda	Yakudagoda	gnd	546	18	113	12	3	1	1
LK-9103125	Kendangamuwa	Kendangamuwa	gnd	237	7	50	15	0	1	0
LK-9103130	Asgangula South	Asgangula South	gnd	157	4	95	5	2	0	0
LK-9103135	Mahara	Mahara	gnd	78	6	128	4	0	0	0
LK-9103140	Mahingoda	Mahingoda	gnd	430	130	203	33	3	0	0
LK-9103145	Nakandala	Nakandala	gnd	244	14	55	4	7	0	0
LK-9103150	Viyalagoda	Viyalagoda	gnd	260	66	22	11	0	0	0
LK-9103155	Kendangamuwa Pahalagama	Kendangamuwa Pahalagama	gnd	365	25	126	10	4	0	0
LK-9103160	Paleegala	Paleegala	gnd	150	1	215	20	5	2	1
LK-9103165	Miyanakolathenna	Miyanakolathenna	gnd	4	2	131	8	17	0	0
LK-9103170	Mitipola	Mitipola	gnd	120	4	312	11	7	0	0
LK-9103175	Mapota	Mapota	gnd	73	4	150	14	1	0	0
LK-9103180	Karandana North	Karandana North	gnd	161	4	398	12	32	2	2
LK-9103185	Kiriporuwa	Kiriporuwa	gnd	65	0	272	7	3	0	0
LK-9103190	Nedurana	Nedurana	gnd	286	17	207	19	14	0	1
LK-9103195	Erepola	Erepola	gnd	310	9	1	1	5	0	1
LK-9103200	Sirisamanpura	Sirisamanpura	gnd	233	1	118	8	3	0	1
LK-9103205	Nugadanda	Nugadanda	gnd	152	9	241	19	10	0	0
LK-9103210	Karandana West	Karandana West	gnd	35	2	330	12	5	0	5
LK-9103215	Karandana South	Karandana South	gnd	224	6	293	5	1	0	0
LK-9103220	Hindurangala	Hindurangala	gnd	337	3	249	19	10	1	1
LK-9106005	Amuhenkanda	Amuhenkanda	gnd	334	31	271	17	21	0	0
LK-9106010	Pathberiya West	Pathberiya West	gnd	390	40	237	13	7	3	1
LK-9106015	Pathberiya	Pathberiya	gnd	421	8	332	26	58	16	0
LK-9106020	Meneripitiya	Meneripitiya	gnd	606	13	237	3	8	1	0
LK-9106025	Parakaduwa	Parakaduwa	gnd	466	13	119	0	1	0	0
LK-9106030	Bodhimaluwa	Bodhimaluwa	gnd	426	22	309	25	23	0	1
LK-9106035	Thalavitiya	Thalavitiya	gnd	567	16	350	21	8	0	0
LK-9106040	Pohorabawa	Pohorabawa	gnd	217	5	454	35	29	0	1
LK-9106045	Pussella	Pussella	gnd	674	27	287	18	3	0	2
LK-9106050	Devipahala	Devipahala	gnd	421	9	324	28	11	0	1
LK-9106055	Endiriyanwala	Endiriyanwala	gnd	442	7	0	2	17	0	0
LK-9106060	Erathna	Erathna	gnd	318	6	89	10	2	0	0
LK-9106065	Adavikanda	Adavikanda	gnd	190	6	54	3	11	0	1
LK-9106070	Lassakanda	Lassakanda	gnd	102	10	376	14	7	1	0
LK-9106075	Sudagala	Sudagala	gnd	340	8	245	38	4	1	0
LK-9106080	nan	Ekneligoda North	gnd	113	0	298	30	20	0	0
LK-9106085	Kiragala	Kiragala	gnd	603	14	0	0	0	0	0
LK-9106090	Kandangoda	Kandangoda	gnd	498	6	0	0	0	0	1
LK-9106095	Millavitiya	Millavitiya	gnd	599	14	390	20	9	0	0
LK-9106100	Miyanadeniya	Miyanadeniya	gnd	477	21	0	0	36	0	0
LK-9106105	Ovitigama	Ovitigama	gnd	80	10	207	14	9	0	0
LK-9106110	Theppanawa	Theppanawa	gnd	536	50	0	1	9	0	1
LK-9106115	Theppanawa Ihalagama	Theppanawa Ihalagama	gnd	436	6	260	23	23	0	1
LK-9106120	Pahala Kuruvita	Pahala Kuruvita	gnd	295	14	394	31	29	0	1
LK-9106125	Kandangoda South	Kandangoda South	gnd	601	34	63	5	1	0	1
LK-9106130	Wathuyaya	Wathuyaya	gnd	368	4	124	6	3	0	0
LK-9106135	Udakada	Udakada	gnd	112	7	111	7	2	0	0
LK-9106140	Ekneligoda	Ekneligoda	gnd	284	10	220	15	7	0	0
LK-9106145	Delgamuwa	Delgamuwa	gnd	625	2	122	13	4	0	0
LK-9106150	Kuruvita	Kuruvita	gnd	915	29	276	23	16	0	0
LK-9106155	Walandura	Walandura	gnd	566	42	54	2	11	0	2
LK-9106160	Nadukaradeniya	Nadukaradeniya	gnd	511	9	91	5	10	0	0
LK-9106165	Kahengama	Kahengama	gnd	485	34	519	30	24	6	0
LK-9106170	Pathagama	Pathagama	gnd	280	12	538	37	23	0	0
LK-9106175	Theppanawa Pahalagama	Theppanawa Pahalagama	gnd	179	7	148	25	5	0	0
LK-9106180	Kithulpe	Kithulpe	gnd	779	20	179	10	2	0	0
LK-9106185	Kahengama West	Kahengama West	gnd	493	37	329	68	81	0	0
LK-9106190	Kosgoda	Kosgoda	gnd	412	9	325	15	4	0	0
LK-9106195	Galukagama	Galukagama	gnd	551	9	151	5	7	0	0
LK-9109005	Ellawala	Ellawala	gnd	280	2	274	13	6	0	3
LK-9109010	Deheragoda	Deheragoda	gnd	421	34	474	22	4	0	0
LK-9109015	Kanuggalla	Kanuggalla	gnd	101	10	116	2	1	0	0
LK-9109020	Ellawala Pahalagama	Ellawala Pahalagama	gnd	401	28	210	9	18	0	0
LK-9109025	Mudunkotuwa	Mudunkotuwa	gnd	209	10	282	28	10	0	1
LK-9109030	Akurana	Akurana	gnd	405	10	0	0	1	0	0
LK-9109035	Kiriella	Kiriella	gnd	105	3	194	9	11	0	1
LK-9109040	Handukanda	Handukanda	gnd	186	3	110	5	5	0	0
LK-9109045	Epitawala	Epitawala	gnd	379	11	65	5	2	0	0
LK-9109050	Munasinhapura	Munasinhapura	gnd	48	1	169	15	8	0	0
LK-9109055	Yatipawwa	Yatipawwa	gnd	599	16	81	18	7	0	4
LK-9109060	Ellagawa	Ellagawa	gnd	218	10	106	9	5	0	0
LK-9109065	Idangoda	Idangoda	gnd	361	21	333	40	11	0	0
LK-9109070	Matuwagala	Matuwagala	gnd	351	16	516	77	42	3	0
LK-9109075	Dodampe West	Dodampe West	gnd	661	25	270	21	19	0	1
LK-9109080	Dodampe	Dodampe	gnd	358	18	390	17	45	0	0
LK-9109085	Holeepitiya	Holeepitiya	gnd	173	21	55	20	0	0	0
LK-9112005	Gileemale North	Gileemale North	gnd	191	9	244	21	16	0	1
LK-9112010	Ketawala	Ketawala	gnd	31	97	244	2	1	0	1
LK-9112015	Guruluwana	Guruluwana	gnd	166	25	165	33	0	0	0
LK-9112020	Siripagama	Siripagama	gnd	59	3	140	9	36	0	7
LK-9112025	Sri Palabaddala	Sri Palabaddala	gnd	17	1	276	28	3	2	0
LK-9112030	Mapalana	Mapalana	gnd	87	1	228	21	14	0	0
LK-9112035	Kudawa	Kudawa	gnd	170	18	597	20	14	0	1
LK-9112040	Dehenakanda	Dehenakanda	gnd	85	85	288	30	62	0	0
LK-9112045	Bambarabotuwa	Bambarabotuwa	gnd	279	7	390	20	4	0	0
LK-9112050	Alupola	Alupola	gnd	257	34	120	4	7	0	1
LK-9112055	Balakotunna	Balakotunna	gnd	300	17	131	22	9	0	3
LK-9112060	Hapugasthenna	Hapugasthenna	gnd	859	31	279	136	56	3	2
LK-9112065	Rathgama	Rathgama	gnd	454	1	1	7	6	0	0
LK-9112070	Gileemale South	Gileemale South	gnd	218	20	420	13	13	0	2
LK-9112075	Pagoda	Pagoda	gnd	175	11	329	21	5	0	0
LK-9112080	Embuldeniya	Embuldeniya	gnd	31	2	249	13	13	0	0
LK-9112085	Malangama	Malangama	gnd	762	15	207	36	4	0	0
LK-9112090	Amuthagoda	Amuthagoda	gnd	502	8	97	12	2	0	0
LK-9112095	Kahangama	Kahangama	gnd	371	31	314	22	35	10	0
LK-9112100	Ketaliyampalla	Ketaliyampalla	gnd	649	14	167	7	3	0	0
LK-9112105	New Town	New Town	gnd	1192	30	516	57	53	0	0
LK-9112110	Ellegedara	Ellegedara	gnd	71	1	180	27	3	0	1
LK-9112115	Malwala	Malwala	gnd	297	0	436	30	8	8	1
LK-9112120	Durekkanda	Durekkanda	gnd	791	0	79	12	4	1	0
LK-9112125	Galabada	Galabada	gnd	66	4	357	48	1	0	0
LK-9112130	Gallella	Gallella	gnd	531	6	143	25	2	1	0
LK-9112135	Amunuthenna	Amunuthenna	gnd	206	27	0	1	0	0	1
LK-9112140	Kempanawatta	Kempanawatta	gnd	20	0	221	16	14	0	1
LK-9112145	Gurubevilagama	Gurubevilagama	gnd	114	3	373	56	17	0	3
LK-9112150	Batewela	Batewela	gnd	171	1	51	11	11	0	1
LK-9112155	Hettikanda	Hettikanda	gnd	302	17	1	0	0	0	0
LK-9112160	Banagoda	Banagoda	gnd	321	1	0	0	0	0	1
LK-9112165	Heenberenduwa	Heenberenduwa	gnd	214	14	0	3	1	0	0
LK-9112170	Egoda Malwala	Egoda Malwala	gnd	280	15	1	1	7	1	0
LK-9112175	Meehitiya	Meehitiya	gnd	182	7	255	58	72	0	0
LK-9112180	Kospelavinna	Kospelavinna	gnd	962	26	199	20	9	0	1
LK-9112185	Weralupe	Weralupa	gnd	1057	10	124	13	5	0	0
LK-9112190	Dewalegawa	Dewalegawa	gnd	684	25	71	3	2	0	0
LK-9112195	Muwagama	Muwagama	gnd	660	10	176	26	3	0	0
LK-9112200	Ratnapura Town West	Ratnapura Town West	gnd	204	7	1	0	0	0	0
LK-9112205	Ratnapura Town North	Ratnapura Town North	gnd	827	10	6	5	8	2	0
LK-9112210	Mihindugama	Mihindugama	gnd	1428	35	121	32	3	0	0
LK-9112215	Mahawala	Mahawala	gnd	265	3	82	4	0	0	0
LK-9112220	Godigamuwa	Godigamuwa	gnd	649	6	79	8	0	1	0
LK-9112225	Ratnapura Town	Ratnapura Town	gnd	386	0	0	0	0	0	0
LK-9112230	Mudduwa East	Mudduva East	gnd	813	25	52	3	1	0	0
LK-9112235	Samagipura	Samagipura	gnd	365	9	365	24	5	0	0
LK-9112240	Ethoya	Ethoya	gnd	447	18	13	4	35	0	0
LK-9112245	Mudduwa	Mudduwa	gnd	448	16	185	9	4	1	0
LK-9112250	Batugedara	Batugedara	gnd	585	5	0	0	0	0	0
LK-9112255	Angammana	Angammana	gnd	476	18	86	3	4	0	0
LK-9112260	Thiriwanketiya	Thiriwanketiya	gnd	465	11	158	7	10	1	0
LK-9112265	Kolandagala	Kolandagala	gnd	214	7	365	10	48	3	0
LK-9115005	Rawanakanda	Rawanakanda	gnd	206	46	1	0	0	0	0
LK-9115010	Gallenakanda	Gallenakanda	gnd	204	41	1	0	0	0	0
LK-9115015	Kattadikanda	Kattadikanda	gnd	95	48	12	3	0	0	0
LK-9115020	Waleboda North	Waleboda North	gnd	116	1	51	1	1	0	0
LK-9115025	Bellankanda	Bellankanda	gnd	27	2	213	34	2	0	0
LK-9115030	Bolthumbe	Bolthumbe	gnd	288	44	1	0	1	4	0
LK-9115035	Pinnawala	Pinnawala	gnd	377	27	38	18	4	0	0
LK-9115040	Udagama	Udagama	gnd	122	21	182	16	39	0	2
LK-9115045	Maddegama	Maddegama	gnd	537	69	227	109	10	2	1
LK-9115050	Pidaligannawela	Pidaligannawela	gnd	96	17	250	36	81	0	1
LK-9115055	Ihalagalagama	Ihalagalagama	gnd	36	1	175	1	0	0	0
LK-9115060	Viharawela	Viharawela	gnd	78	10	71	1	0	0	0
LK-9115065	Kumburutheniwela	Kumburutheniwela	gnd	80	13	216	27	12	0	0
LK-9115070	Belihuloya	Belihuloya	gnd	100	1	86	14	1	0	0
LK-9115075	Yakdehiwela	Yakdehiwela	gnd	103	0	49	15	40	0	0
LK-9115080	Muttettuwegama	Muttettuwegama	gnd	537	85	163	26	6	1	1
LK-9115085	Puwakgahawela	Puwakgahawela	gnd	113	2	195	25	10	0	0
LK-9115090	Budunwela	Budunwela	gnd	21	2	67	7	8	0	0
LK-9115095	Halpe	Halpe	gnd	115	4	61	5	0	0	0
LK-9115100	Nittamaluwa	Nittamaluwa	gnd	118	12	49	11	0	0	0
LK-9115105	Kumbalgama	Kumbalgama	gnd	20	2	106	2	0	0	0
LK-9115110	Kinchigune	Kinchigune	gnd	69	1	88	5	2	0	0
LK-9115115	Karagasthalawa	Karagasthalawa	gnd	138	7	102	6	2	0	1
LK-9115120	Seelogama	Seelogama	gnd	190	3	97	0	0	0	0
LK-9115125	Imbulpe	Imbulpe	gnd	263	10	63	6	5	0	0
LK-9115130	Passaramulla	Passaramulla	gnd	347	7	1	3	15	0	0
LK-9115135	Alakolaella	Alakolaella	gnd	155	12	129	7	3	0	0
LK-9115140	Atawakwela	Atawakwela	gnd	312	41	125	16	1	0	2
LK-9115145	Kanathiriyanwala	Kanathiriyanwala	gnd	309	23	217	26	27	0	0
LK-9115150	Pallewela	Pallewela	gnd	288	17	2	1	0	0	0
LK-9115155	Gurubevila	Gurubevila	gnd	68	4	271	15	5	0	0
LK-9115160	Pandeniya	Pandeniya	gnd	330	2	36	6	4	0	0
LK-9115165	Pagalovita	Pagalovita	gnd	114	2	147	23	13	0	0
LK-9115170	Maddethalawa	Maddethalawa	gnd	123	10	211	15	0	0	1
LK-9115175	Amuwathugoda	Amuwathugoda	gnd	221	0	62	9	2	0	0
LK-9115180	Medagedaragoda	Medagedaragoda	gnd	185	6	138	16	4	0	0
LK-9115185	Aluthnuwara	Aluthnuwara	gnd	417	12	148	12	11	0	0
LK-9115190	Thotapalla	Thotapalla	gnd	96	16	171	20	3	0	0
LK-9115195	Ulupitiya	Ulupitiya	gnd	29	9	241	11	4	0	0
LK-9115200	Mamalgaha	Mamalgaha	gnd	63	4	238	18	6	0	0
LK-9115205	Welanhinna	Welanhinna	gnd	119	10	225	22	4	0	0
LK-9115210	Amupitiya	Amupitiya	gnd	235	17	88	9	2	0	0
LK-9115215	Naluwela	Naluwela	gnd	285	42	78	13	1	0	0
LK-9115220	Wegapitiya	Wegapitiya	gnd	752	62	347	41	5	0	1
LK-9115225	Morahela	Morahela	gnd	217	6	130	11	1	0	0
LK-9115230	Oluganthota	Oluganthota	gnd	719	65	161	12	5	0	0
LK-9115235	Rathmalavinna	Rathmalavinna	gnd	352	11	121	8	3	0	0
LK-9115240	Karadiyamulla	Karadiyamulla	gnd	409	26	208	34	10	0	0
LK-9115245	Hatharabage	Hatharabage	gnd	203	4	105	13	7	0	1
LK-9115250	Thunkinda	Thunkinda	gnd	24	3	94	17	7	0	0
LK-9118005	nan	Egoda Waleboda	gnd	73	5	419	43	11	0	3
LK-9118010	Welekumbura	Welekumbura	gnd	164	13	233	28	21	0	0
LK-9118015	Wijanathkumbura	Wijanathkumbura	gnd	93	7	145	20	15	0	3
LK-9118020	Bulathgama	Bulathgama	gnd	192	11	149	5	2	0	0
LK-9118025	Thumbagoda	Thumbagoda	gnd	1248	74	296	26	11	1	2
LK-9118030	Kirindigala	Kirindigala	gnd	1031	43	224	37	8	0	0
LK-9118035	Yahalewela	Yahalewela	gnd	248	19	95	3	3	0	1
LK-9118040	Batugammana	Batugammana	gnd	169	1	162	4	4	0	0
LK-9118045	Aldora	Aldora	gnd	234	18	136	35	28	0	3
LK-9118050	Watawala	Watawala	gnd	29	0	73	11	4	0	2
LK-9118055	Mulgama	Mulgama	gnd	13	0	144	13	1	0	0
LK-9118060	Rajawaka	Rajawaka	gnd	83	4	121	5	1	0	0
LK-9118065	Bowatta	Bowatta	gnd	134	3	254	18	4	0	1
LK-9118070	Vikiliya	Vikiliya	gnd	401	23	57	2	0	0	0
LK-9118075	Thotupalathenna	Thotupalathenna	gnd	169	2	308	36	24	0	0
LK-9118080	Kirimetithenna	Kirimetithenna	gnd	891	48	377	39	12	0	2
LK-9118085	Dehigasthalawa	Dehigasthalawa	gnd	1093	20	102	14	5	1	0
LK-9118090	Balangoda Town	Balangoda Town	gnd	535	9	11	0	0	0	0
LK-9118095	Balangoda	Balangoda	gnd	846	62	291	47	6	1	0
LK-9118100	Jahinkanda	Jahinkanda	gnd	150	11	274	33	4	0	1
LK-9118105	Rajawaka	Meddekanda	gnd	249	3	138	3	1	0	0
LK-9118110	Bowatta	Ellewatta	gnd	433	57	6	17	5	1	1
LK-9118115	Vikiliya	Polwathugoda	gnd	171	9	255	19	34	0	1
LK-9118120	Thotupalathenna	Durakanda	gnd	23	10	306	17	12	0	0
LK-9118125	Kirimetithenna	Rassagala	gnd	261	33	285	38	31	1	1
LK-9118130	Dehigasthalawa	Ampitiyawatta	gnd	330	1	42	39	13	0	0
LK-9118135	Balangoda Town	Massenna	gnd	136	0	120	10	6	0	0
LK-9118140	Balangoda	Pettigala	gnd	229	19	187	141	6	12	1
LK-9118145	Jahinkanda	Pallekanda	gnd	131	2	143	9	3	0	0
LK-9118150	Meddekanda	Ellepola	gnd	203	5	153	21	2	0	0
LK-9118155	Ellewatta	Thalangama	gnd	551	14	48	9	0	0	0
LK-9118160	Polwathugoda	Kumara Gama	gnd	448	13	175	13	1	0	0
LK-9118165	Durakanda	Damahana	gnd	278	9	173	29	4	0	1
LK-9118170	Rassagala	Godakumbura	gnd	56	3	104	12	3	0	0
LK-9118175	Ampitiyawatta	Imbulamura	gnd	101	4	139	10	1	0	0
LK-9118180	Massenna	Mahawalathenna	gnd	162	4	140	6	6	0	0
LK-9118185	Pettigala	Theladiriya	gnd	94	0	124	21	1	0	0
LK-9118190	Pallekanda	Mawela	gnd	271	21	188	14	5	0	1
LK-9118195	Ellepola	Welage	gnd	290	1	23	6	6	0	0
LK-9118200	Thalangama	"Gawaranhena
"	gnd	64	3	260	10	0	0	0
LK-9118205	Kumara Gama	Horaketiya	gnd	75	8	229	7	8	0	0
LK-9119005	Thanjanthenna	Thanjanthenna	gnd	138	19	327	29	13	0	0
LK-9119010	Kalthota	Kalthota	gnd	215	16	94	9	1	0	0
LK-9119015	Uggalkalthota Left Bank South	Uggalkalthota Left Bank South	gnd	31	7	179	27	2	1	0
LK-9119020	Medabedda	Medabedda	gnd	71	15	128	25	0	0	0
LK-9119025	Neluyaya	Neluyaya	gnd	241	27	52	2	0	0	1
LK-9119030	Uggalkalthota Left Bank Left	Uggalkalthota Left Bank Left	gnd	178	3	0	3	0	0	0
LK-9119035	Welipathayaya	Welipathayaya	gnd	179	9	278	53	3	0	3
LK-9119040	Kuragala	Kuragala	gnd	197	16	38	0	8	2	0
LK-9119045	Molamura	Molamura	gnd	59	6	152	29	3	0	0
LK-9119050	Kongahamankada	Kongahamankada	gnd	195	33	217	28	4	0	1
LK-9119055	Kalupedigama	Kalupedigama	gnd	22	7	284	18	2	0	1
LK-9119060	Thanjanthenna	Diyavinna	gnd	21	0	250	21	31	0	2
LK-9121005	Polwattahena	Polwattahena	gnd	70	3	169	39	13	0	0
LK-9121010	Metihakwala	Metihakwala	gnd	232	23	70	5	5	0	0
LK-9121015	Malmeekanda	Malmeekanda	gnd	64	6	271	27	5	0	1
LK-9121020	Meegahawela	Meegahawela	gnd	122	11	364	30	16	0	0
LK-9121025	Kendaketiya	Kendaketiya	gnd	174	3	0	0	0	0	0
LK-9121030	Pelendakanda	Pelendakanda	gnd	404	9	5	10	11	0	0
LK-9121035	Madola	Madola	gnd	165	3	114	1	12	0	0
LK-9121040	Udawela	Udawela	gnd	181	1	98	2	10	0	0
LK-9121045	Opanayaka	Opanayaka	gnd	334	25	376	61	13	0	0
LK-9121050	Hunuwala North	Hunuwala North	gnd	426	21	187	19	16	0	0
LK-9121055	Hallinna	Hallinna	gnd	283	15	193	17	2	0	0
LK-9121060	Hunuwala South	Hunuwala South	gnd	126	3	235	25	4	0	0
LK-9121065	Dandeniya	Dandeniya	gnd	232	4	133	8	1	0	0
LK-9121070	Wallaketiya	Wallaketiya	gnd	265	5	68	22	10	0	0
LK-9121075	Akarella	Akarella	gnd	37	5	470	59	31	0	0
LK-9121080	Hattella	Hattella	gnd	81	0	262	32	12	0	2
LK-9121085	Hattella Egoda	Hattella Egoda	gnd	267	24	2	1	1	0	0
LK-9121090	Batadura	Batadura	gnd	188	6	184	6	0	0	1
LK-9121095	Liyanagoda	Liyanagoda	gnd	206	4	137	21	32	0	2
LK-9121100	Galkanda	Galkanda	gnd	149	12	20	4	3	0	0
LK-9124005	Gonakumbura	Gonakumbura	gnd	126	2	175	4	21	0	0
LK-9124010	Bopetta	Bopetta	gnd	296	1	212	12	44	0	0
LK-9124015	Berenduwa	Berenduwa	gnd	605	55	423	38	76	22	4
LK-9124020	Narangoda	Narangoda	gnd	114	1	251	26	4	0	0
LK-9124025	Kuttapitiya	Kuttapitiya	gnd	336	33	439	21	22	0	0
LK-9124030	Ganegama	Ganegama	gnd	280	5	201	11	2	0	0
LK-9124035	Godagama	Godagama	gnd	404	23	148	20	26	21	0
LK-9124040	Dombagasvinna	Dombagasvinna	gnd	347	22	141	37	11	0	0
LK-9124045	Sannasgama	Sannasgama	gnd	502	59	84	3	0	0	0
LK-9124050	Dippitigala	Dippitigala	gnd	306	6	140	17	3	0	0
LK-9124055	Lellopitiya	Lellopitiya	gnd	455	16	48	17	0	0	1
LK-9124060	Welimaluwa	Welimaluwa	gnd	434	21	594	45	9	0	1
LK-9124065	Gallinna	Gallinna	gnd	382	10	259	15	5	3	0
LK-9124070	Maudella	Maudella	gnd	485	10	83	2	4	2	1
LK-9124075	Marapana	Marapana	gnd	619	8	225	32	4	0	2
LK-9124080	Pahala Hakamuwa	Pahala Hakamuwa	gnd	476	24	198	21	16	0	0
LK-9124085	Ihala Hakamuwa	Ihala Hakamuwa	gnd	85	11	209	2	2	0	0
LK-9124090	Pottakanda	Pottakanda	gnd	155	13	580	52	22	0	1
LK-9124095	Niralgama	Niralgama	gnd	243	11	346	37	12	0	0
LK-9124100	Alupotha	Alupotha	gnd	51	3	265	28	21	0	1
LK-9124105	Dewalegama	Dewalegama	gnd	305	26	471	24	12	0	4
LK-9124110	Denawaka Pathakada	Denawaka Pathakada	gnd	541	5	485	61	24	0	1
LK-9124115	Rilhena	Rilhena	gnd	551	61	169	13	21	0	0
LK-9124120	Pahala Bopitiya	Pahala Bopitiya	gnd	338	9	122	7	7	0	0
LK-9124125	Pelmadulla Town	pelmadulla Town	gnd	585	21	119	12	5	1	1
LK-9124130	Udathula	Udathula	gnd	299	8	214	23	23	1	0
LK-9124135	Warigama	Warigama	gnd	330	2	51	2	1	0	0
LK-9124140	Denawaka Udakada	Denawaka Udakada	gnd	262	15	101	11	4	0	0
LK-9124145	Pelmadullagama	Pelmadullagama	gnd	729	6	51	6	12	0	0
LK-9124150	Ihala Bopitiya	Ihala Bopitiya	gnd	354	50	182	36	33	0	0
LK-9124155	Halpawala	Halpawala	gnd	114	1	460	21	10	0	0
LK-9124160	Kapuhenthota	Kapuhenthota	gnd	337	52	417	50	12	2	1
LK-9124165	Panawenna	Panawenna	gnd	765	65	619	160	78	1	0
LK-9124170	Borala	Borala	gnd	785	38	88	4	74	0	0
LK-9124175	Morathota	Morathota	gnd	420	26	238	44	7	0	1
LK-9124180	Kattange	Kattange	gnd	574	35	167	33	40	0	1
LK-9124185	Poronuwa	Poronuwa	gnd	321	105	410	46	9	2	1
LK-9127005	Kahawatta	Kahawatta	gnd	80	5	274	22	5	0	0
LK-9127010	Dambuluwana	Dambuluwana	gnd	466	24	66	15	9	0	1
LK-9127015	Raddella	Raddella	gnd	146	7	291	12	8	0	2
LK-9127020	Haldola	Haldola	gnd	352	23	169	80	27	0	0
LK-9127025	Karangoda	Karangoda	gnd	239	4	363	56	14	0	0
LK-9127030	Samangama	Samangama	gnd	212	20	258	36	44	0	0
LK-9127035	Kehelovitigama	Kehelovitigama	gnd	187	28	256	16	8	0	0
LK-9127040	Weragama	Weragama	gnd	77	19	347	14	5	0	2
LK-9127045	Dellabada	Dellabada	gnd	87	1	249	13	9	0	2
LK-9127050	Elapatha	Elapatha	gnd	470	49	244	34	6	1	0
LK-9127055	Pallegedara	Pallegedara	gnd	56	13	387	83	29	5	0
LK-9127060	Kotamulla	Kotamulla	gnd	160	1	259	26	10	0	0
LK-9127065	Amuwala	Amuwala	gnd	216	0	204	34	13	0	1
LK-9127070	Gangulvitiya	Gangulvitiya	gnd	338	11	325	37	11	0	0
LK-9127075	Niriella	Niriella	gnd	197	3	447	53	32	2	0
LK-9127080	Palawela	Palawela	gnd	250	31	213	9	1	0	0
LK-9127085	Batakada	Batakada	gnd	85	9	230	13	14	0	0
LK-9127090	Digana	Digana	gnd	215	51	115	3	1	0	0
LK-9127095	Magurugoda	Magurugoda	gnd	293	8	235	26	19	0	0
LK-9127100	Hangamuwa	Hangamuwa	gnd	213	15	393	49	6	0	0
LK-9130005	Dumbara	Dumbara	gnd	167	3	319	27	7	48	1
LK-9130010	Ketepola	Ketepola	gnd	33	6	352	34	34	0	0
LK-9130015	Dethabadakanda	Dethabadakanda	gnd	53	1	183	26	13	0	1
LK-9130020	Madabaddara	Madabaddara	gnd	93	9	298	32	34	0	2
LK-9130025	Pahala Galathura	Pahala Galathura	gnd	97	3	292	10	4	0	1
LK-9130030	Galathura	Galathura	gnd	369	28	223	29	65	0	0
LK-9130035	Sinhalagoda	Sinhalagoda	gnd	60	1	476	13	40	0	0
LK-9130040	Gangodakanda	Gangodakanda	gnd	175	1	111	8	10	0	3
LK-9130045	Dumbara Manana	Dumbara Manana	gnd	61	3	276	2	18	0	2
LK-9130050	Gawaragiriya	Gawaragiriya	gnd	44	2	265	24	0	1	2
LK-9130055	Pitakanda	Pitakanda	gnd	171	4	336	3	17	0	2
LK-9130060	Pallekada	Pallekada	gnd	232	2	153	7	8	0	0
LK-9130065	Ellahena	Ellahena	gnd	46	1	173	7	6	0	0
LK-9130070	Vithanagama	Vithanagama	gnd	143	11	141	12	24	0	2
LK-9130075	Ayagama	Ayagama	gnd	125	9	435	20	10	0	0
LK-9130080	Udugala North	Udugala North	gnd	73	6	231	10	14	0	0
LK-9130085	Kolambewa	Kolambewa	gnd	21	1	181	8	13	0	3
LK-9130090	Udugala	Udugala	gnd	458	22	145	8	8	3	2
LK-9130095	Paragala	Paragala	gnd	42	2	273	30	6	0	0
LK-9130100	Pimbura	Pimbura	gnd	131	2	230	15	9	0	3
LK-9130105	Nikagoda	Nikagoda	gnd	86	6	212	25	21	0	2
LK-9133005	Kodippilikanda	Kodippilikanda	gnd	161	3	355	91	30	0	0
LK-9133010	Jathuwangoda	Jathuwangoda	gnd	421	6	1	6	3	0	0
LK-9133015	Meepagama	Meepagama	gnd	298	7	43	17	11	0	0
LK-9133020	Kukulegama North	Kukulegama North	gnd	330	50	165	49	4	0	0
LK-9133025	Samanpura	Samanpura	gnd	127	5	385	49	23	0	1
LK-9133030	Kalawana West	Kalawana West	gnd	296	3	273	40	5	1	0
LK-9133035	Thapassarakanda	Thapassarakanda	gnd	468	7	297	17	16	0	0
LK-9133040	Koswatta	Koswatta	gnd	233	10	273	5	11	0	1
LK-9133045	Kukulegama South	Kukulegama South	gnd	231	18	87	23	6	0	2
LK-9133050	Pitigalakanda	Pitigalakanda	gnd	251	4	3	13	4	0	0
LK-9133055	Wewagama	Wewagama	gnd	29	14	178	14	2	1	2
LK-9133060	Davugalagama	Davugalagama	gnd	125	7	299	22	44	0	0
LK-9133065	Wembiyagoda	Wembiyagoda	gnd	133	1	245	13	3	1	1
LK-9133070	Kalawana East	Kalawana East	gnd	323	5	154	6	4	0	1
LK-9133075	Wewelkandura	Wewelkandura	gnd	378	55	277	87	15	0	0
LK-9133080	Hangarangala	Hangarangala	gnd	102	1	407	44	24	0	0
LK-9133085	Wathurawa	Wathurawa	gnd	410	2	0	3	18	0	0
LK-9133090	Delgoda East	Delgoda East	gnd	243	10	203	11	6	0	0
LK-9133095	Delgoda West	Delgoda West	gnd	121	8	230	31	1	0	1
LK-9133100	Weddagala West	Weddagala West	gnd	249	7	2	2	0	0	0
LK-9133105	Weddagala East	Weddagala East	gnd	88	8	202	12	7	2	0
LK-9133110	Kudumeeriya	Kudumeeriya	gnd	276	10	70	6	1	0	0
LK-9133115	Thanabela	Thanabela	gnd	346	21	56	17	9	0	0
LK-9133120	Rambuka	Rambuka	gnd	393	9	218	18	10	0	0
LK-9133125	Dolekanda	Dolekanda	gnd	42	12	238	40	35	0	0
LK-9133130	Kathlana	Kathlana	gnd	394	49	195	41	17	0	0
LK-9133135	Gangalagamuwa	Gangalagamuwa	gnd	296	15	101	14	10	0	0
LK-9133140	Panapola	Panapola	gnd	247	8	78	6	4	0	3
LK-9133145	Kudawa	Kudawa	gnd	25	0	238	8	1	0	0
LK-9133150	Hapugoda	Hapugoda	gnd	249	5	140	5	9	0	1
LK-9133155	Pothupitiya North	Pothupitiya North	gnd	162	7	268	17	8	0	0
LK-9133160	Pothupitiya South	Pothupitiya South	gnd	73	8	141	10	8	8	0
LK-9133165	Ilumbakanda	Ilumbakanda	gnd	297	27	3	8	13	2	1
LK-9136005	Pathakada	Pathakada	gnd	286	7	279	59	7	0	2
LK-9136010	Noragalla	Noragalla	gnd	624	89	187	21	4	0	1
LK-9136015	Dombagammana	Dombagammana	gnd	536	23	230	28	24	0	1
LK-9136020	Erabadda	Erabadda	gnd	75	4	405	34	29	5	1
LK-9136025	Kiribathgala	Kiribathgala	gnd	168	6	206	8	47	0	1
LK-9136030	Wanniyawatta	Wanniyawatta	gnd	46	9	404	46	18	0	1
LK-9136035	Watapotha	Watapotha	gnd	324	7	44	42	1	0	0
LK-9136040	Thuttiripitiya	Thuttiripitiya	gnd	239	7	211	26	13	0	0
LK-9136045	Nivithigala	Nivithigala	gnd	594	24	227	14	15	4	0
LK-9136050	Yakdehiwatta	Yakdehiwatta	gnd	404	11	412	80	5	0	0
LK-9136055	Wathupitiya	Wathupitiya	gnd	199	4	353	69	14	0	0
LK-9136060	Horangala	Horangala	gnd	69	5	457	28	33	0	0
LK-9136065	Pahala Karavita	Pahala Karavita	gnd	314	29	648	44	72	0	0
LK-9136070	Uda Karavita	Uda Karavita	gnd	306	5	461	39	13	0	1
LK-9136075	Pinkanda	Pinkanda	gnd	171	19	355	28	75	0	0
LK-9136080	Halkandaliya	Halkandaliya	gnd	265	12	301	17	7	0	2
LK-9136085	Sidurupitiya	Sidurupitiya	gnd	271	13	226	36	4	1	0
LK-9136090	Doloswala	Doloswala	gnd	94	7	326	68	4	0	0
LK-9136095	Kolombugama	Kolombugama	gnd	395	40	626	107	76	0	0
LK-9136100	Doloswalakanda	Doloswalakanda	gnd	336	37	367	24	83	0	0
LK-9136105	Pebotuwa	Pebotuwa	gnd	393	53	3	4	3	0	0
LK-9136110	Horanekarakanda	Horanekarakanda	gnd	227	4	386	40	11	0	5
LK-9136115	Delwala	Delwala	gnd	277	23	865	105	38	21	2
LK-9136120	Panahetagala	Panahetagala	gnd	6	0	120	13	2	0	0
LK-9139005	Yainna	Yainna	gnd	654	110	302	25	7	7	2
LK-9139010	Nugawela West	Nugawela West	gnd	662	8	58	1	3	1	0
LK-9139015	Nugawela East	Nugawela East	gnd	333	5	25	0	2	1	0
LK-9139020	Weladura	Weladura	gnd	729	96	249	46	28	0	0
LK-9139025	Bungiriya	Bungiriya	gnd	366	11	1	10	8	0	1
LK-9139030	Uda Hawpe	Uda Hawpe	gnd	619	95	106	25	16	0	25
LK-9139035	Yatagare	Yatagare	gnd	135	1	246	30	33	0	1
LK-9139040	Madalagama Colony	Madalagama Colony	gnd	320	23	222	11	3	0	2
LK-9139045	Panapitiya North	Panapitiya North	gnd	48	1	324	23	10	0	0
LK-9139050	Nambuluwa	Nambuluwa	gnd	364	99	225	9	16	0	1
LK-9139055	Atakalanpanna	Atakalanpanna	gnd	423	20	257	38	26	0	0
LK-9139060	Pahamunupanna	Pahamunupanna	gnd	35	0	174	12	5	0	0
LK-9139065	Kalalella	Kalalella	gnd	208	22	530	119	71	0	1
LK-9139070	Panapitiya South	Panapitiya South	gnd	205	8	187	7	19	0	0
LK-9139075	Gabbela	Gabbela	gnd	70	7	436	18	10	0	0
LK-9139080	Endana	Endana	gnd	671	41	168	2	4	0	1
LK-9139085	Madalagama	Madalagama	gnd	241	2	52	5	11	0	1
LK-9139090	Miyanavita West	Miyanavita West	gnd	210	12	330	39	25	0	0
LK-9139095	Miyanavita East	Miyanavita East	gnd	85	2	190	25	4	0	0
LK-9139100	Kiranodagama	Kiranodagama	gnd	287	8	180	27	15	0	2
LK-9139105	Pannila	Pannila	gnd	90	1	48	1	7	2	1
LK-9142005	Kotakethana	Kotakethana	gnd	294	20	396	89	85	0	2
LK-9142010	Dimbulwala	Dimbulwala	gnd	135	13	414	34	42	0	0
LK-9142015	Hapurudeniya	Hapurudeniya	gnd	47	17	360	46	38	0	0
LK-9142020	Panawala	Panawala	gnd	84	3	185	36	14	0	0
LK-9142025	Buluwana	Buluwana	gnd	291	7	98	13	10	0	0
LK-9142030	Makandura	Makandura	gnd	162	17	201	11	3	0	0
LK-9142035	Ematiyagoda	Ematiyagoda	gnd	41	1	194	19	14	0	0
LK-9142040	Ridivita	Ridivita	gnd	400	39	31	5	1	0	2
LK-9142045	Maragala	Maragala	gnd	163	2	101	9	0	0	0
LK-9142050	Hiramadagama	Hiramadagama	gnd	140	6	223	28	13	0	0
LK-9142055	Madampe North	Madampe North	gnd	609	15	250	44	21	0	0
LK-9142060	Kavuduwawa	Kavuduwawa	gnd	338	19	138	7	2	0	1
LK-9142065	Madampe South	Madampe South	gnd	234	64	143	43	66	0	0
LK-9142070	Horamula	Horamula	gnd	16	6	298	60	161	0	0
LK-9142075	Weralugahamula	Weralugahamula	gnd	327	20	6	0	0	0	0
LK-9142080	Alpitiya	Alpitiya	gnd	125	1	272	43	9	0	0
LK-9142085	Galahitiya	Galahitiya	gnd	201	9	353	52	15	0	3
LK-9142090	Kompitiya	Kompitiya	gnd	193	1	159	11	0	0	0
LK-9142095	Malwatta	Malwatta	gnd	358	38	156	16	7	1	0
LK-9142100	Werahera West	Werahera West	gnd	193	7	114	8	2	0	4
LK-9142105	Werahera East	Werahera East	gnd	102	5	116	2	1	0	0
LK-9142110	Godakawela	Godakawela	gnd	264	9	3	7	0	1	1
LK-9142115	Warayaya	Warayaya	gnd	237	19	169	24	8	0	1
LK-9142120	Niyangama	Niyangama	gnd	110	27	341	22	24	0	0
LK-9142125	Bambaragasthenna	Bambaragasthenna	gnd	428	18	174	17	17	1	0
LK-9142130	Balavinna North	Balavinna North	gnd	163	0	191	14	2	0	0
LK-9142135	Balavinna West	Balavinna West	gnd	513	7	230	15	11	0	2
LK-9142140	Kapuhenthenna	Kapuhenthenna	gnd	178	3	23	5	1	0	0
LK-9142145	Mawathalanda	Mawathalanda	gnd	100	4	278	30	5	0	0
LK-9142150	Meddegama	Meddegama	gnd	66	0	241	11	12	0	1
LK-9142155	Masimbula	Masimbula	gnd	356	13	680	82	53	0	1
LK-9142160	Rakwana Town	Rakwana Town	gnd	355	7	76	24	20	0	0
LK-9142165	Kottala	Kottala	gnd	446	22	615	64	13	2	0
LK-9142170	Rakwana South	Rakwana South	gnd	430	41	181	17	3	1	1
LK-9142175	Rakwana North	Rakwana North	gnd	406	28	423	44	5	0	1
LK-9142180	Yahalawela	Yahalawela	gnd	61	16	516	68	36	0	8
LK-9142185	Bibilegama West	Bibilegama West	gnd	391	19	154	39	43	0	0
LK-9142190	Bibilegama East	Bibilegama East	gnd	270	15	135	37	11	0	1
LK-9142195	Thambagamuwa West	Thambagamuwa West	gnd	78	3	265	24	46	0	1
LK-9142200	Dambavinna	Dambavinna	gnd	231	6	74	9	0	0	0
LK-9142205	Balavinna East	Balavinna East	gnd	533	17	294	49	18	0	1
LK-9142210	Thambagamuwa East	Thambagamuwa East	gnd	141	2	171	4	7	0	0
LK-9142215	Mahagama West	Mahagama West	gnd	184	6	182	11	11	0	0
LK-9142220	Mahagama East	Mahagama East	gnd	88	2	115	5	7	0	1
LK-9145005	Paragahamaditta	Paragahamaditta	gnd	11	2	259	18	7	0	0
LK-9145010	Ilukkumbura	Illukkumbura	gnd	27	1	247	21	13	0	0
LK-9145015	Panana	Panana	gnd	24	23	173	45	4	0	0
LK-9145020	Galgodagama	Galgodagama	gnd	99	6	205	17	3	0	0
LK-9145025	Kongasthenna	Kongasthenna	gnd	147	11	81	2	5	0	0
LK-9145030	Bopitigoda	Bopitigoda	gnd	88	0	206	40	6	0	2
LK-9145035	Gangodagama	Gangodagama	gnd	177	7	130	12	7	0	2
LK-9145040	Medaganoya	Medaganoya	gnd	21	0	149	3	6	0	0
LK-9145045	Udaranwala	Udaranwala	gnd	91	2	336	21	12	0	0
LK-9145050	Weligepola	Weligepola	gnd	98	3	261	22	13	0	0
LK-9145055	Udagangoda	Udagangoda	gnd	156	13	183	16	10	0	0
LK-9145060	Belimaliyadda	Belimaliyadda	gnd	49	5	179	9	11	0	2
LK-9145065	Handagiriya	Handagiriya	gnd	175	2	1	3	0	0	0
LK-9145070	Handagirigoda	Handagirigoda	gnd	85	1	180	7	3	0	0
LK-9145075	Palugahawela	Palugahawela	gnd	36	3	237	27	3	0	4
LK-9145080	Urawala	Urawala	gnd	50	0	298	11	10	0	0
LK-9145085	Kottimbulwala	Kottimbulwala	gnd	31	0	195	7	39	0	0
LK-9145090	Thalagaskanda	Thalagaskanda	gnd	68	0	311	26	7	0	1
LK-9145095	Ranwala	Ranwala	gnd	118	5	191	25	19	0	0
LK-9145100	Ammaduwa	Ammaduwa	gnd	63	4	294	11	7	0	0
LK-9145105	Elamalpe	Elamalpe	gnd	173	14	122	3	3	0	0
LK-9145110	Thennahena	Thennahena	gnd	56	6	213	29	17	0	0
LK-9145115	Kalatuwakanda	Kalatuwakanda	gnd	45	1	197	11	1	0	1
LK-9145120	Badullegama	Badullegama	gnd	58	0	303	58	14	0	1
LK-9145125	Hatangala	Hatangala	gnd	96	15	381	29	6	0	0
LK-9145130	Bambaragala	Bambaragala	gnd	41	1	480	28	23	0	1
LK-9145135	Pussathota	Pussathota	gnd	26	9	379	29	8	0	0
LK-9145140	Madawalalanda	Madawalalanda	gnd	36	2	240	17	10	0	0
LK-9145145	Galpaya	Galpaya	gnd	159	14	599	23	28	0	1
LK-9145150	Muttettupola	Muttettupola	gnd	193	13	79	18	9	0	1
LK-9148005	Pallebedda	Pallebedda	gnd	304	40	363	13	19	0	2
LK-9148010	Thittawelpotha	Thittawelpotha	gnd	375	3	242	2	3	0	0
LK-9148015	Panahaduwa	Panahaduwa	gnd	85	15	653	16	14	0	0
LK-9148020	Udawalawa	Udawalawa	gnd	416	13	441	66	15	0	1
LK-9148025	Thimbolketiya	Thimbolketiya	gnd	459	9	232	25	9	0	0
LK-9148030	Kolambage Ara	Kolambage Ara	gnd	408	15	664	20	6	0	0
LK-9148035	Sankhapala	Sankhapala	gnd	473	16	514	67	47	0	1
LK-9148040	Miriswelpatha	Miriswelpatha	gnd	137	16	478	15	2	0	1
LK-9148045	Adaluwa	Adaluwa	gnd	325	14	556	70	36	0	1
LK-9148050	Maduwanwela	Maduwanwela	gnd	517	30	809	73	72	0	1
LK-9148055	Udawalawa Track 02	Udawalawa Track 02	gnd	829	8	264	32	12	0	0
LK-9148060	Rathkarawwa	Rathkarawwa	gnd	1033	69	530	39	20	0	1
LK-9148065	Gangeyaya	Gangeyaya	gnd	447	21	480	33	40	1	0
LK-9148070	Ketagal Ara	Ketagal Ara	gnd	710	28	327	10	20	0	0
LK-9148075	Nindagam Pelessa	Nindagam Pelessa	gnd	108	2	641	36	21	0	0
LK-9148080	Ranchamadama	Ranchamadama	gnd	652	45	92	2	31	0	0
LK-9148085	Panamura	Panamura	gnd	694	75	896	102	77	0	3
LK-9148090	Konkatuwa	Konkatuwa	gnd	1016	33	76	9	3	0	0
LK-9148095	Embilipitiya Udagama	Embilipitiya Udagama	gnd	910	27	107	5	1	0	0
LK-9148100	Hingura Ara	Hingura Ara	gnd	876	30	235	23	22	0	0
LK-9148105	Kalagedi Ara	Kalagedi Ara	gnd	1085	43	235	6	18	1	0
LK-9148110	Moraketiya	Moraketiya	gnd	431	19	756	58	54	0	1
LK-9148115	Embilipitiya Pallegama	Embilipitiya Pallegama	gnd	1508	20	281	12	4	1	0
LK-9148120	Embilipitiya New Town	Embilipitiya New Town	gnd	1071	15	358	29	7	0	1
LK-9148125	Yodhagama	Yodhagama	gnd	1457	40	206	50	7	0	0
LK-9148130	Modarawana	Modarawana	gnd	548	20	429	28	7	0	0
LK-9148135	Sudugala	Sudugala	gnd	515	25	263	20	20	4	2
LK-9148140	Walalgoda	Walalgoda	gnd	222	6	551	20	27	0	5
LK-9148145	Jadura	Jadura	gnd	126	8	790	46	32	0	0
LK-9148150	Diyapota	Diyapota	gnd	411	34	277	14	2	2	0
LK-9148155	Mulendiyawala	Mulendiyawala	gnd	146	4	650	46	22	0	0
LK-9148160	Thorakolayaya	Thorakolayaya	gnd	513	74	417	27	15	0	2
LK-9148165	Kumbugoda Ara	Kumbugoda Ara	gnd	1024	12	536	48	52	0	1
LK-9148170	Hingura	Hingura	gnd	531	29	927	27	32	0	0
LK-9148175	Halmillaketiya	Halmillaketiya	gnd	537	21	319	53	8	0	2
LK-9148180	Thunkama	Thunkama	gnd	1217	43	555	65	19	2	1
LK-9148185	Hagala	Hagala	gnd	822	10	402	52	7	0	0
LK-9148190	Kuttigala	Kuttigala	gnd	499	16	727	74	56	0	1
LK-9148195	Julangete	Julangete	gnd	495	11	130	25	8	0	2
LK-9148200	Padalangala	Padalangala	gnd	809	24	541	23	2	1	0
LK-9151005	Buluthota	Buluthota	gnd	274	18	303	63	38	0	0
LK-9151010	Ranhotikanda	Ranhotikanda	gnd	86	8	455	45	27	0	0
LK-9151015	Yakmaditta	Yakmaditta	gnd	54	8	186	26	2	0	0
LK-9151020	Helaudakanda	Helaudakanda	gnd	12	1	321	13	16	0	0
LK-9151025	Heneggegoda	Heneggegoda	gnd	56	1	207	12	3	0	1
LK-9151030	Kumburugamuwa	Kumburugamuwa	gnd	89	0	339	8	7	0	0
LK-9151035	Dambemada	Dambemada	gnd	29	0	182	1	9	0	0
LK-9151040	Welewathugoda	Welewathugoda	gnd	4	0	161	8	6	0	0
LK-9151045	Ereporuwa	Ereporuwa	gnd	85	11	489	17	8	0	0
LK-9151050	Wijeriya	Wijeriya	gnd	114	5	343	38	22	1	1
LK-9151055	Poddana	Poddana	gnd	162	33	389	90	20	30	1
LK-9151060	Ittakanda	Ittakanda	gnd	119	0	396	53	3	0	0
LK-9151065	Buthkanda	Buthkanda	gnd	22	3	541	41	2	0	0
LK-9151070	Kolonna	Kolonna	gnd	563	23	349	27	14	0	0
LK-9151075	Maduwanwela Peranigama	Maduwanwela Peranigama	gnd	373	11	600	54	51	0	1
LK-9151080	Nandanagama	Nandanagama	gnd	46	3	434	17	27	0	1
LK-9151085	Ambagahayaya	Ambagahayaya	gnd	330	9	127	22	24	0	0
LK-9151090	Kella	Kella	gnd	62	4	320	8	30	0	0
LK-9151095	Boraluwageaina	Boraluwageaina	gnd	227	10	334	44	44	0	1
LK-9151100	Ullinduwawa	Ullinduwawa	gnd	461	16	281	48	31	0	0
LK-9151105	Pupulaketiya	Pupulaketiya	gnd	76	9	308	4	0	0	0
LK-9151110	Habbeliara	Habbeliara	gnd	151	2	334	27	1	0	0
LK-9151115	Walakada	Walakada	gnd	107	5	122	11	0	0	0
LK-9151120	Koppakanda	Koppakanda	gnd	111	13	222	40	17	0	2
LK-9151125	Dapane	Dapane	gnd	395	48	32	9	5	0	0
LK-9151130	Dorapane	Dorapane	gnd	278	10	17	11	3	0	0
LK-9151135	Morawadiya	Morawadiya	gnd	22	5	209	9	2	0	0
LK-9151140	Omalpe	Omalpe	gnd	29	1	446	27	27	0	0
LK-9151145	Kempane	Kempane	gnd	124	14	401	9	13	0	1
LK-9203005	Dombemada East	Dombemada East	gnd	64	0	68	2	7	0	2
LK-9203010	Dombemada West	Dombemada west	gnd	115	4	0	2	1	0	0
LK-9203015	Udanvita	Udanvita	gnd	127	2	0	0	0	0	0
LK-9203020	Maligathenna	Maligathenna	gnd	167	12	1	2	0	0	1
LK-9203025	Alugolla	Alugolla	gnd	3	0	124	4	1	0	0
LK-9203030	Gabbala North	Gabbala North	gnd	291	10	1	8	3	0	2
LK-9203035	Gabbala South	Gabbala South	gnd	103	11	187	26	1	0	2
LK-9203040	Mahagama	Mahagama	gnd	211	15	0	0	0	0	0
LK-9203045	Halwatta	Halwatta	gnd	62	4	52	10	3	0	0
LK-9203050	Hewadiwela	Hewadiwela	gnd	186	9	33	1	2	0	0
LK-9203055	Nattambura	Nattambura	gnd	220	5	0	2	0	0	1
LK-9203060	Kudagama North	Kudagama North	gnd	125	6	42	0	0	0	0
LK-9203065	Kudagama South	Kudagama South	gnd	100	6	44	3	1	0	0
LK-9203070	Medagaladeniya	Medagaladeniya	gnd	106	4	16	1	3	0	0
LK-9203075	Walgama	Walgama	gnd	259	12	20	0	0	0	0
LK-9203080	Udagaladeniya	Udagaladeniya	gnd	123	7	0	0	2	0	0
LK-9203085	Dambulla	Dambulla	gnd	56	0	66	5	0	0	0
LK-9203090	Deliwala	Deliwala	gnd	318	4	68	3	1	0	0
LK-9203095	Hangawela	Hangawela	gnd	135	0	0	1	4	0	1
LK-9203100	Ihala Walpola	Ihala Walpola	gnd	121	0	66	1	0	0	0
LK-9203105	Kotawella	Kotawella	gnd	245	3	99	2	0	0	0
LK-9203110	Kanugolla	Kanugolla	gnd	239	11	9	3	1	0	0
LK-9203115	Parape North	Parape North	gnd	173	2	0	0	6	0	0
LK-9203120	Parape South	Parape South	gnd	252	7	1	1	1	0	0
LK-9203125	Kossinna	Kossinna	gnd	237	6	0	3	2	0	0
LK-9203130	Kansalagamuwa	Kansalagamuwa	gnd	138	1	225	20	11	0	0
LK-9203135	Heenabowa	Heenabowa	gnd	129	4	50	1	1	0	0
LK-9203140	Walalgoda	Walalgoda	gnd	91	3	182	17	1	0	2
LK-9203145	Kiriwallapitiya	Kiriwallapitiya	gnd	175	0	42	0	0	0	0
LK-9203150	Eriyagolla	Eriyagolla	gnd	270	37	9	7	3	0	0
LK-9203155	Werellapatha	Werellapatha	gnd	174	3	0	0	1	0	0
LK-9203160	Weligamuwa	Weligamuwa	gnd	251	6	18	0	1	0	0
LK-9203165	Thaldewa	Thaldewa	gnd	266	3	59	0	5	0	0
LK-9203170	Wahawa	Wahawa	gnd	238	13	151	23	6	0	2
LK-9203175	Padavigampala	Padavigampala	gnd	329	15	69	10	6	0	0
LK-9203180	Puwakmote	Puwakmote	gnd	184	4	1	1	0	0	0
LK-9203185	Udugama	Udugama	gnd	61	0	91	11	0	0	0
LK-9203190	Thismalpola	Thismalpola	gnd	182	0	0	0	1	0	0
LK-9203195	Yatagama	Yatagama	gnd	105	0	94	5	5	0	0
LK-9203200	Meeduma	Meeduma	gnd	249	16	56	4	2	0	0
LK-9203205	Hurimaluwa	Hurimaluwa	gnd	688	15	71	9	4	0	0
LK-9203210	Eriyawa	Eriyawa	gnd	363	6	0	8	1	0	0
LK-9203215	Rambukkana Town	Rambukkana Town	gnd	194	2	0	2	1	0	0
LK-9203220	Diyasunnatha	Diyasunnatha	gnd	200	12	0	0	0	0	0
LK-9203225	Madawala	Madawala	gnd	229	7	37	6	2	0	0
LK-9203230	Godagandeniya	Godagandeniya	gnd	179	0	29	0	1	0	0
LK-9203235	Kempitiya	Kempitiya	gnd	64	11	0	2	1	0	0
LK-9203240	Kadigamuwa	Kadigamuwa	gnd	140	9	281	38	5	0	0
LK-9203245	Halagiriya	Halagiriya	gnd	57	4	165	9	2	0	0
LK-9203250	Muwapitiya	Muwapitiya	gnd	75	4	126	12	2	0	1
LK-9203255	Beligodapitiya	Beligodapitiya	gnd	93	1	37	0	2	0	0
LK-9203260	Pinnawala	Pinnawala	gnd	353	5	0	0	1	0	0
LK-9203265	Daluggala	Daluggala	gnd	137	3	0	0	2	0	0
LK-9203270	Mottappuliya	Mottappuliya	gnd	391	9	1	5	2	0	0
LK-9203275	Koorempola	Koorempola	gnd	400	15	80	15	7	0	0
LK-9203280	Halpitiya	Halpitiya	gnd	223	5	19	2	1	0	1
LK-9203285	Naranbedda East	Naranbedda East	gnd	118	9	66	5	4	0	0
LK-9203290	Naranbedda West	Naranbedda West	gnd	54	6	145	3	0	0	0
LK-9203295	Marukwathura	Marukwathura	gnd	271	6	200	17	14	0	0
LK-9203300	Imbulgasdeniya	Imbulgasdeniya	gnd	736	23	18	3	2	0	0
LK-9203305	Ambuwangala	Ambuwangala	gnd	170	1	99	4	5	0	0
LK-9203310	Kehelwathugoda	Kehelwathugoda	gnd	280	5	240	10	17	0	4
LK-9203315	Dunukewala	Dunukewala	gnd	153	26	171	5	1	0	0
LK-9203320	Waduwadeniya	Waduwadeniya	gnd	82	1	83	1	2	0	0
LK-9203325	Hiriwadunna	Hiriwadunna	gnd	392	12	1	1	0	0	0
LK-9203330	Bathambure	Bathambure	gnd	332	11	17	2	1	0	0
LK-9203335	Kottana Watta	Kottana Watta	gnd	236	1	1	0	1	0	0
LK-9203340	Kotagama	Kotagama	gnd	230	7	92	4	6	0	2
LK-9203345	Kiriwandeniya	Kiriwandeniya	gnd	196	12	107	9	6	0	0
LK-9203350	Netiyapana	Netiyapana	gnd	108	1	42	2	0	0	0
LK-9203355	Udugama Gondewala	Udugama Gondewala	gnd	157	4	122	3	3	0	0
LK-9203360	Pattampitiya	Pattampitiya	gnd	124	5	34	3	2	0	0
LK-9203365	Yatiwaldeniya	Yatiwaldeniya	gnd	216	3	0	0	0	0	0
LK-9203370	Henepola	Henepola	gnd	85	6	193	15	12	0	0
LK-9203375	Deegana Kanda	Deegana Kanda	gnd	165	2	104	1	5	0	0
LK-9203380	Gangoda	Gangoda	gnd	177	4	136	12	10	0	0
LK-9203385	Beddawala	Beddawala	gnd	106	1	75	13	2	0	0
LK-9203390	Yodhagama	Yodhagama	gnd	312	2	111	0	0	0	1
LK-9203395	Pitiyegama	Pitiyegama	gnd	220	4	52	2	4	0	0
LK-9203400	Deldeniya	Deldeniya	gnd	141	16	53	5	0	0	1
LK-9203405	Kivulpana	Kivulpana	gnd	257	3	0	1	0	0	0
LK-9203410	Minwana	Minwana	gnd	87	4	73	12	0	0	0
LK-9203415	Kumbaldiwela	Kumbaldiwela	gnd	255	6	65	5	0	0	0
LK-9203420	Galpala	Galpala	gnd	196	0	1	0	0	0	0
LK-9203425	Kumbaloluwa	Kumbaloluwa	gnd	273	21	93	15	1	0	0
LK-9203430	Kavudaulla	Kavudaulla	gnd	171	1	137	4	11	0	0
LK-9203435	Molagoda	Molagoda	gnd	399	7	117	16	3	0	0
LK-9203440	Waragoda	Waragoda	gnd	100	2	170	7	11	0	2
LK-9203445	Mangalagama	Mangalagama	gnd	236	4	221	10	2	0	0
LK-9206005	Weganthale	Weganthale	gnd	300	3	127	7	4	0	0
LK-9206010	Yatimahana	Yatimahana	gnd	252	9	2	5	2	0	0
LK-9206015	Keppetipola	Keppetipola	gnd	443	7	151	18	6	0	1
LK-9206020	Ihala Kotte	Ihala Kotte	gnd	79	1	147	0	4	0	0
LK-9206025	Makehelwala	Makehelwala	gnd	206	5	205	12	4	0	0
LK-9206030	Dunugama Maliyadda	Dunugama Maliyadda	gnd	272	14	182	13	4	0	0
LK-9206035	Karapane	Karapane	gnd	227	5	47	3	3	0	0
LK-9206040	Kondeniya	Kondeniya	gnd	314	25	83	19	1	0	0
LK-9206045	Gondiwala	Gondiwala	gnd	626	20	216	10	0	0	2
LK-9206050	Uthuwankanda	Uthuwankanda	gnd	389	6	100	8	4	0	0
LK-9206055	Ambulugala	Ambulugala	gnd	253	26	303	10	5	0	1
LK-9206060	Attanagoda	Attanagoda	gnd	118	2	256	33	6	1	1
LK-9206065	Panagamuwa	Panagamuwa	gnd	100	12	119	19	10	0	0
LK-9206070	Dehimaduwa	Dehimaduwa	gnd	382	9	178	15	10	0	0
LK-9206075	Habbunkaduwa	Habbunkaduwa	gnd	361	7	161	6	1	0	0
LK-9206080	Mahawatta	Mahawatta	gnd	967	31	16	6	0	0	0
LK-9206085	Muruthawala	Muruthawala	gnd	1157	13	81	1	0	0	1
LK-9206090	Randiwala	Randiwala	gnd	319	3	108	5	0	0	1
LK-9206095	Uda Makadawara	Uda Makadawara	gnd	176	6	182	44	5	0	0
LK-9206100	Ganethenna	Ganethenna	gnd	378	13	53	6	1	0	0
LK-9206105	Makadawara	Makadawara	gnd	434	13	8	3	0	0	0
LK-9206110	Batawala	Batawala	gnd	515	3	169	12	5	0	0
LK-9206115	Hingula	Hingula	gnd	641	26	52	4	2	0	0
LK-9206120	Owatta	Owatta	gnd	301	6	109	4	2	0	0
LK-9206125	Hinguloya	Hinguloya	gnd	1214	11	17	2	0	0	0
LK-9206130	Rankothdiwala	Rankothdiwala	gnd	365	8	2	0	1	0	0
LK-9206135	Mawanella	Mawanella	gnd	332	14	51	8	0	0	0
LK-9206140	Mawana	Mawana	gnd	337	4	14	3	0	1	0
LK-9206145	Kiringadeniya	Kiringadeniya	gnd	803	13	2	2	0	0	0
LK-9206150	Weligalla	Weligalla	gnd	393	6	8	0	0	0	0
LK-9206155	Dodanthale	Dodanthale	gnd	222	10	157	19	11	0	0
LK-9206160	Kappagoda	Kappagoda	gnd	785	22	143	8	9	0	1
LK-9206165	Nankurugama	Nankurugama	gnd	441	2	86	4	1	0	0
LK-9206170	Kongamuwa	Kongamuwa	gnd	669	6	221	12	10	0	0
LK-9206175	Beligammana	Beligammana	gnd	481	5	65	4	4	0	1
LK-9206180	Edanduwawa	Edanduwawa	gnd	241	4	1	4	1	0	0
LK-9206185	Idampitiya	Idampitiya	gnd	425	17	11	0	0	0	0
LK-9206190	Kekirigoda	Kekirigoda	gnd	344	3	135	5	5	1	0
LK-9206195	Uyanwatta	Uyanwatta	gnd	675	11	31	1	0	0	0
LK-9206200	Aluthnuwara	Aluthnuwara	gnd	201	6	227	10	3	0	0
LK-9206205	Molligoda	Molligoda	gnd	422	16	0	0	0	0	0
LK-9206210	Mawela	Mawela	gnd	339	4	302	17	2	0	0
LK-9206215	Warakapana	Warakapana	gnd	182	4	48	2	5	0	2
LK-9206220	Kahawandala	Kahawandala	gnd	123	1	143	0	4	0	1
LK-9206225	Mahanthegama	Mahanthegama	gnd	164	12	116	7	4	0	0
LK-9206230	Heenatipana	Heenatipana	gnd	258	8	143	8	5	0	0
LK-9206235	Rukulagama	Rukulagama	gnd	244	9	231	9	1	0	0
LK-9206240	Daswatta	Daswatta	gnd	229	1	101	7	1	0	0
LK-9206245	Lewke	Lewke	gnd	175	2	176	10	3	0	0
LK-9206250	Kumbalgama	Kumbalgama	gnd	187	1	66	0	4	0	0
LK-9206255	Balawathgama	Balawathgama	gnd	155	1	107	4	0	0	0
LK-9206260	Werake	Werake	gnd	372	24	153	17	2	0	1
LK-9206265	Embilmeewala	Embilmeewala	gnd	82	60	4	3	3	0	1
LK-9206270	Thambavita	Thambavita	gnd	272	0	3	1	0	0	0
LK-9206275	Eraminigammana	Eraminigammana	gnd	132	2	228	10	8	0	0
LK-9206280	Ambadeniya	Ambadeniya	gnd	167	9	105	11	4	0	0
LK-9206285	Weragoda	Weragoda	gnd	214	6	35	7	9	0	1
LK-9206290	Kooragala	Kooragala	gnd	159	1	6	3	6	0	0
LK-9206295	Waduwawala	Waduwawala	gnd	167	28	203	10	0	0	0
LK-9206300	Ginihappitiya West	Ginihappitiya West	gnd	318	4	74	2	1	0	0
LK-9206305	Ginihappitiya East	Ginihappitiya  East	gnd	556	14	2	5	3	0	0
LK-9206310	Ambaruppa	Ambaruppa	gnd	274	1	4	1	0	0	0
LK-9206315	Madulbowa	Madulbowa	gnd	335	12	45	2	1	0	0
LK-9206320	Ambalawa	Ambalawa	gnd	110	7	187	11	4	0	0
LK-9206325	Balathgamuwa	Balathgamuwa	gnd	109	11	51	1	1	0	1
LK-9206330	Kehelpannala East	Kehelpannala East	gnd	212	2	0	0	1	0	0
LK-9206335	Wadiyathenna	Wadiyathenna	gnd	451	12	69	5	2	1	0
LK-9206340	Hemmathagama	Hemmathagama	gnd	300	3	1	1	0	1	1
LK-9206345	Palliporuwa	Palliporuwa	gnd	175	1	306	14	2	0	0
LK-9206350	Dumbuluwawa	Dumbuluwawa	gnd	575	14	6	1	1	0	0
LK-9206355	Kehelpannala West	Kehelpannala West	gnd	87	20	54	17	4	0	0
LK-9209005	Deewela Udagama	Deewela Udagama	gnd	144	3	186	6	0	0	0
LK-9209010	Wakirigala	Wakirigala	gnd	230	2	82	4	2	0	0
LK-9209015	Epalawa Watta	Epalawa Watta	gnd	147	3	155	17	6	0	1
LK-9209020	Uduwewela	Uduwewela	gnd	108	1	203	27	3	0	0
LK-9209025	Kande Watta	Kande Watta	gnd	112	8	212	47	8	1	0
LK-9209030	Gal Athara	Gal Athara	gnd	203	37	98	5	4	0	0
LK-9209035	Gammannagoda	Gammannagoda	gnd	213	6	0	0	0	0	0
LK-9209040	Katugaha	Katugaha	gnd	154	17	120	13	3	0	0
LK-9209045	Ussapitiya	Ussapitiya	gnd	423	7	1	1	0	0	0
LK-9209050	Waharakgoda	Waharakgoda	gnd	270	13	61	9	1	0	0
LK-9209055	Ruwandeniya	Ruwandeniya	gnd	365	2	106	3	1	0	1
LK-9209060	Attapitiya	Attapitiya	gnd	156	4	137	39	0	0	0
LK-9209065	Devanagala	Devanagala	gnd	234	4	89	6	6	0	0
LK-9209070	Kariyagama	Kariyagama	gnd	328	11	0	0	1	0	0
LK-9209075	Godigamuwa	Godigamuwa	gnd	281	14	158	14	0	0	1
LK-9209080	Narangammana	Narangammana	gnd	464	38	64	0	1	0	0
LK-9209085	Lambutuwa	Lambutuwa	gnd	204	10	154	2	3	0	1
LK-9209090	Wattegedara	Wattegedara	gnd	34	2	188	6	0	0	0
LK-9209095	Asmadala	Asmadala	gnd	232	9	52	7	0	0	1
LK-9209100	Kandamulla	Kandamulla	gnd	93	0	202	13	5	0	2
LK-9209105	Kumarapura	Kumarapura	gnd	54	0	172	25	1	0	0
LK-9209110	Debathgama Udabage	Debathgama Udabage	gnd	214	5	249	10	0	0	0
LK-9209115	Debathgama Pallebage	Debathgama Pallebage	gnd	158	9	139	11	4	0	0
LK-9209120	Hathgampala	Hathgampala	gnd	94	1	134	4	5	0	1
LK-9209125	Moragammana	Moragammana	gnd	237	4	137	7	14	0	0
LK-9209130	Gevilipitiya Town	Gevilipitiya Town	gnd	280	16	98	8	1	0	1
LK-9209135	Gevilipitiya Gama	Gevilipitiya Gama	gnd	188	2	75	7	2	0	1
LK-9209140	Pehinipeddara	Pehinipeddara	gnd	265	7	2	1	2	0	0
LK-9209145	Nikapitiya	Nikapitiya	gnd	381	23	148	6	2	0	1
LK-9209150	Thalgamuwa	Thalgamuwa	gnd	246	5	90	8	2	0	0
LK-9209155	Dippitiya	Dippitiya	gnd	338	7	133	1	4	0	0
LK-9209160	Habalakkawa	Habalakkawa	gnd	117	1	338	4	5	0	0
LK-9209165	Keerapana	Keerapana	gnd	305	2	41	2	3	0	1
LK-9209170	Vilpola	Vilpola	gnd	536	13	83	1	1	0	0
LK-9209175	Galbokka	Galbokka	gnd	183	5	117	12	0	0	0
LK-9209180	Elangipitiya	Elangipitiya	gnd	95	2	92	1	1	0	0
LK-9209185	Kalugala	Kalugala	gnd	53	9	243	46	2	1	0
LK-9209190	Kehelwatta	Kehelwatta	gnd	45	2	155	1	0	0	0
LK-9209195	Dampelgoda	Dampelgoda	gnd	43	2	130	1	2	0	0
LK-9209200	Narangala	Narangala	gnd	133	6	82	12	5	0	1
LK-9209205	Getaberi Kanda	Getaberi Kanda	gnd	208	5	145	17	0	0	0
LK-9209210	Pannala	Pannala	gnd	303	2	0	1	2	0	0
LK-9209215	Duldeniya	Duldeniya	gnd	238	9	148	4	0	0	0
LK-9209220	Thalgaspitiya Muslimgama	Thalgaspitiya Muslimgama	gnd	597	15	19	1	1	0	0
LK-9209225	Thalgaspitiya	Thalgaspitiya	gnd	179	1	49	15	1	0	0
LK-9209230	Thelleka	Thelleka	gnd	57	2	205	14	14	0	2
LK-9209235	Hakurugammana	Hakurugammana	gnd	259	13	13	3	0	0	0
LK-9209240	Aranayaka	Aranayaka	gnd	122	3	146	17	4	0	0
LK-9209245	Udagama	Udagama	gnd	94	4	131	14	2	0	0
LK-9209250	Ambalakanda	Ambalakanda	gnd	209	2	4	0	1	0	0
LK-9209255	Ganthuna Udagama	Ganthuna Udagama	gnd	214	9	64	12	0	0	0
LK-9209260	Ganthuna Medagama	Ganthuna Medagama	gnd	33	19	147	20	8	0	0
LK-9209265	Jambugasmada	Jambugasmada	gnd	55	8	67	14	11	2	0
LK-9209270	Podape	Podape	gnd	219	9	47	3	0	0	0
LK-9209275	Deiyanwala	Deiyanwala	gnd	103	1	120	11	6	0	0
LK-9209280	Arama	Arama	gnd	80	2	146	20	0	0	0
LK-9209285	Rahala	Rahala	gnd	253	6	162	4	5	0	0
LK-9209290	Randiligama	Randiligama	gnd	259	4	0	0	2	0	1
LK-9209295	Yodhagama	Yodhagama	gnd	80	5	118	5	3	0	0
LK-9209300	Selawa East	Selawa East	gnd	14	0	135	7	3	0	0
LK-9209305	Selawa West	Selawa West	gnd	106	3	39	1	2	0	0
LK-9212005	Siyambalapitiya	Siyambalapitiya	gnd	431	3	117	14	8	0	0
LK-9212010	Pussella	Pussella	gnd	343	8	112	1	5	0	0
LK-9212015	Dimbulgamuwa	Dimbulgamuwa	gnd	331	15	28	1	0	0	0
LK-9212020	Kolongalla	Kolongalla	gnd	430	8	30	20	4	0	0
LK-9212025	Diyagama	Diyagama	gnd	156	11	184	9	6	0	0
LK-9212030	Kalugalla	Kalugalla	gnd	305	3	0	8	6	0	0
LK-9212035	Puwakdeniya	Puwakdeniya	gnd	518	38	131	6	3	0	0
LK-9212040	Meepitiya	Meepitiya	gnd	1234	12	75	2	2	0	0
LK-9212045	Olagankanda	Olagankanda	gnd	252	9	239	24	6	0	0
LK-9212050	Wewaladeniya	Wewaladeniya	gnd	285	19	127	14	7	0	0
LK-9212055	Ranwala	Ranwala	gnd	1052	12	60	4	7	4	0
LK-9212060	Paranagampola	Paranagampola	gnd	443	2	184	3	2	1	0
LK-9212065	Uraulla	Uraulla	gnd	225	3	181	40	6	0	1
LK-9212070	Ambanpitiya	Ambanpitiya	gnd	339	3	179	11	13	0	0
LK-9212075	Beragala	Beragala	gnd	475	16	140	14	5	0	0
LK-9212080	Kegalle Town	Kegalle Town	gnd	542	9	34	4	5	1	0
LK-9212085	Golahela	Golahela	gnd	1325	25	69	11	2	0	0
LK-9212090	Pallewela	Pallewela	gnd	230	0	120	14	7	0	1
LK-9212095	Karandupotha	Karandupotha	gnd	393	2	92	13	3	0	0
LK-9212100	Uda Karadupana	Uda Karandupana	gnd	248	45	16	7	5	0	2
LK-9212105	Nilmalgoda	Nilmalgoda	gnd	243	8	93	13	2	0	1
LK-9212110	Paragammana	Paragammana	gnd	404	26	108	15	2	0	0
LK-9212115	Waldeniya	Waldeniya	gnd	382	16	0	0	0	0	0
LK-9212120	Dikella	Dikella	gnd	335	15	416	43	15	0	2
LK-9212125	Buluruppa	Buluruppa	gnd	348	23	32	1	1	0	0
LK-9212130	Ekiriyagala	Ekiriyagala	gnd	316	5	83	3	4	0	1
LK-9212135	Deewela Medagama	Deewela Medagama	gnd	238	32	95	0	0	0	1
LK-9212140	Deewela Pallegama	Deewela Pallegama	gnd	319	13	8	1	3	0	0
LK-9212145	Ewunugalla	Ewunugalla	gnd	146	1	339	11	1	0	0
LK-9212150	Dikkohupitiya	Dikkohupitiya	gnd	216	4	86	2	5	0	0
LK-9212155	Kavudugama	Kawudugama	gnd	386	5	1	0	10	0	0
LK-9212160	Makoora	Makoora	gnd	248	25	93	37	0	0	0
LK-9212165	Bulugahadeniya	Bulugahadeniya	gnd	367	3	78	19	1	0	0
LK-9212170	Thalewala	Thalewela	gnd	171	5	158	10	0	0	0
LK-9212175	Hettimulla	Hettimulla	gnd	287	15	106	7	2	0	0
LK-9212180	Minuwangamuwa	Minuwangamuwa	gnd	390	7	53	3	9	1	0
LK-9212185	Udumagama	Udumagama	gnd	293	4	0	2	1	0	0
LK-9212190	Wadupola	Wadupola	gnd	65	1	262	11	9	0	2
LK-9212195	Wathura	Wathura	gnd	217	4	164	3	3	0	1
LK-9212200	Meedeniya South	Meedeniya South	gnd	168	7	182	5	6	0	0
LK-9212205	Meedeniya North	Meedeniya North	gnd	173	5	156	4	3	0	0
LK-9212210	Malavita	Malavita	gnd	208	18	273	37	32	1	0
LK-9212215	Godigamuwa	Godigamuwa	gnd	260	10	65	8	0	0	0
LK-9212220	Hapuvita Pallegama	Hapuwita Pallegama	gnd	80	0	162	16	5	0	0
LK-9212225	Alapalawala	Alapalawala	gnd	271	5	107	16	3	0	1
LK-9212230	Nilapalagammana	Nilapalagammana	gnd	159	1	104	10	0	0	0
LK-9212235	Eregama	Eregama	gnd	130	4	151	7	2	0	0
LK-9212240	Athurupana	Athurupana	gnd	51	2	187	3	2	0	0
LK-9212245	Rotuwa	Rotuwa	gnd	96	1	105	2	3	0	1
LK-9212250	Hungampola	Hungampola	gnd	141	5	75	4	3	0	0
LK-9212255	Gurullawala	Gurullawala	gnd	78	6	241	1	6	0	1
LK-9212260	Moradana	Moradana	gnd	120	1	95	12	7	0	0
LK-9212265	Mabopitiya	Mabopitiya	gnd	115	3	125	9	3	0	1
LK-9212270	Higgoda	Higgoda	gnd	272	3	0	9	7	0	0
LK-9212275	Bossella	Bossella	gnd	161	5	150	13	2	0	0
LK-9212280	Ganthuna Pallegama North	Ganthuna Pallegama North	gnd	110	2	170	2	1	0	1
LK-9212285	Bogala	Bogala	gnd	267	4	1	3	2	0	0
LK-9212290	Thiyambarahena	Thiyambarahena	gnd	137	1	110	6	5	0	0
LK-9212295	Undugoda	Undugoda	gnd	300	13	65	4	2	0	0
LK-9212300	Belihulwana	Belihulwana	gnd	212	9	27	0	0	0	2
LK-9212305	Ganthuna Pallegama South	Ganthuna Pallegama South	gnd	40	2	76	0	2	0	1
LK-9215005	Helamada	Helamada	gnd	322	10	212	13	7	0	0
LK-9215010	Godapola	Godapola	gnd	398	4	189	11	1	0	0
LK-9215015	Batuwatta	Batuwatta	gnd	388	9	100	7	3	0	1
LK-9215020	Makuddala	Makuddala	gnd	90	0	270	4	6	0	1
LK-9215025	Weragoda	Weragoda	gnd	179	4	156	18	3	0	0
LK-9215030	Jeewana	Jeewana	gnd	136	0	197	1	3	0	0
LK-9215035	Dewalegama	Dewalegama	gnd	420	6	78	11	6	0	1
LK-9215040	Walagama	Walagama	gnd	276	3	94	2	0	0	0
LK-9215045	Kandegedara	Kandegedara	gnd	97	6	275	21	4	0	0
LK-9215050	Edurapotha West	Edurapotha West	gnd	224	3	58	2	0	0	0
LK-9215055	Panakawa	Panakawa	gnd	293	5	258	8	8	0	0
LK-9215060	Edurapotha East	Edurapotha East	gnd	335	3	112	2	1	0	0
LK-9215065	Nawagamuwa	Nawagamuwa	gnd	238	5	128	1	1	0	1
LK-9215070	Hathnagoda	Hathnagoda	gnd	225	13	117	7	12	0	2
LK-9215075	Peherambe	Peherambe	gnd	164	1	58	0	1	0	0
LK-9215080	Palapoluwa	Palapoluwa	gnd	116	1	266	22	4	0	2
LK-9215085	Yattogoda	Yattogoda	gnd	393	9	19	1	1	0	0
LK-9215090	Ballapana Pathabage	Ballapana Pathabage	gnd	407	9	35	22	1	0	0
LK-9215095	Kobbewala	Kobbewala	gnd	215	7	277	6	4	0	1
LK-9215100	Galigamuwa	Galigamuwa	gnd	343	10	130	25	4	0	2
LK-9215105	Ballapana Udabage	Ballapana Udabage	gnd	415	20	2	1	1	0	0
LK-9215110	Mayfield	Mayfield	gnd	255	6	83	2	2	0	0
LK-9215115	Asideniya	Asideniya	gnd	326	5	67	0	0	0	0
LK-9215120	Dematanpitiya	Dematanpitiya	gnd	290	5	229	4	0	0	0
LK-9215125	Bisowela	Bisowela	gnd	375	6	338	27	5	0	0
LK-9215130	Imbulgala	Imbulgala	gnd	344	11	2	0	0	0	0
LK-9215135	Atugoda	Atugoda	gnd	382	15	92	8	2	0	0
LK-9215140	Renapana	Renapana	gnd	185	15	257	15	9	0	1
LK-9215145	Bambaragama	Bambaragama	gnd	147	2	222	20	1	0	0
LK-9215150	Naberiyawa	Naberiyawa	gnd	477	9	125	1	0	0	0
LK-9215155	Narangoda	Narangoda	gnd	175	5	180	12	1	0	0
LK-9215160	Alawala	Alawala	gnd	251	2	39	4	3	0	0
LK-9215165	Holombuwa	Holombuwa	gnd	262	3	16	3	0	0	1
LK-9215170	Boyagoda	Boyagoda	gnd	86	9	305	17	5	0	0
LK-9215175	Arandara	Arandara	gnd	514	15	144	5	8	0	0
LK-9215180	Kiridana	Kiridana	gnd	46	0	219	6	4	0	0
LK-9215185	Kinigama	Kinigama	gnd	179	8	109	5	6	0	0
LK-9215190	Damunupola	Damunupola	gnd	258	5	168	2	3	0	0
LK-9215195	Lahupana	Lahupana	gnd	177	4	164	6	4	0	0
LK-9215200	Pothukoladeniya	Pothukoladeniya	gnd	96	0	314	14	14	0	0
LK-9215205	Pindeniya	Pindeniya	gnd	100	0	165	0	2	0	0
LK-9215210	Udugama	Udugama	gnd	176	0	137	2	2	0	0
LK-9215215	Nadeniya	Nadeniya	gnd	184	3	60	1	1	0	0
LK-9215220	Atala	Atala	gnd	293	4	238	24	21	0	1
LK-9215225	Hapudeniya	Hapudeniya	gnd	332	2	0	1	7	0	0
LK-9215230	Kurunegoda	Kurunegoda	gnd	459	10	1	2	2	0	2
LK-9215235	Ruggahathenna	Ruggahathenna	gnd	66	0	209	9	8	0	1
LK-9215240	Ampe	Ampe	gnd	462	0	45	1	1	0	0
LK-9215245	Hathnapitiya	Hathnapitiya	gnd	254	10	26	2	2	0	0
LK-9215250	Karagala	Karagala	gnd	197	10	0	0	0	0	0
LK-9215255	Aruggammana	Aruggammana	gnd	251	3	89	1	2	0	0
LK-9218005	Waddeniya	Waddeniya	gnd	218	3	249	12	9	0	0
LK-9218010	Kalugala	Kalugala	gnd	233	12	0	0	1	0	1
LK-9218015	Weniwellakaduwa	Weniwellakaduwa	gnd	91	12	262	9	4	0	0
LK-9218020	Kodapaluwa	Kodapaluwa	gnd	398	3	197	31	9	0	0
LK-9218025	Opatha	Opatha	gnd	282	2	234	35	3	0	0
LK-9218030	Paspolakanda	Paspolakanda	gnd	157	5	66	6	1	0	0
LK-9218035	Thulhiriya	Thulhiriya	gnd	280	37	249	35	4	0	0
LK-9218040	Parakramagama	Parakramagama	gnd	159	2	87	1	1	0	0
LK-9218045	Nangalla	Nangalla	gnd	578	18	273	6	13	0	0
LK-9218050	Ragalkanda	Ragalkanda	gnd	101	2	128	7	3	0	0
LK-9218055	Heliyagoda	Heliyagoda	gnd	97	3	124	17	3	0	4
LK-9218060	Metiyagane	Metiyagane	gnd	210	24	45	3	1	0	1
LK-9218065	Thalgama	Thalgama	gnd	324	8	49	2	3	0	0
LK-9218070	Egalla	Egalla	gnd	257	11	134	1	2	1	0
LK-9218075	Kumbalgama	Kumbalgama	gnd	116	3	126	15	3	0	1
LK-9218080	Akwatta	Akwatta	gnd	67	2	136	1	0	0	0
LK-9218085	Pinnagoda Kanda	Pinnagoda Kanda	gnd	136	5	74	1	3	0	0
LK-9218090	Gasnawa	Gasnawa	gnd	71	4	289	23	15	0	0
LK-9218095	Mangedara	Mangedara	gnd	321	10	290	10	7	0	0
LK-9218100	Ambepussa	Ambepussa	gnd	555	22	383	19	12	0	1
LK-9218105	Warakapola	Warakapola	gnd	996	44	130	19	2	0	0
LK-9218110	Mahena Colony	Mahena Colony	gnd	277	8	77	15	6	0	0
LK-9218115	Mahena	Mahena	gnd	425	6	256	27	5	0	0
LK-9218120	Tholangamuwa	Tholangamuwa	gnd	703	24	89	8	3	0	0
LK-9218125	Nape	Nape	gnd	170	2	139	9	2	0	0
LK-9218130	Morawaka	Morawaka	gnd	250	1	331	14	7	0	0
LK-9218135	Mampita	Mampita	gnd	326	2	323	6	10	0	0
LK-9218140	Nelumdeniya	Nelumdeniya	gnd	345	6	120	12	4	0	0
LK-9218145	Othnapitiya	Othnapitiya	gnd	248	4	106	17	10	0	0
LK-9218150	Boorunnawa	Boorunnawa	gnd	120	0	165	20	8	0	0
LK-9218155	Iipangamuwa	Elipangamuwa	gnd	63	8	149	24	19	1	2
LK-9218160	Delgamuwa	Delgamuwa	gnd	111	2	132	5	7	0	1
LK-9218165	Thumbaliyadda	Thumbaliyadda	gnd	358	3	44	12	3	0	0
LK-9218170	Ganithapura	Ganithapura	gnd	761	21	249	17	2	0	0
LK-9218175	Ethnawala	Ethnawala	gnd	143	6	526	20	24	0	0
LK-9218180	Dummaladeniya	Dummaladeniya	gnd	474	9	147	30	17	0	0
LK-9218185	Puhulegama	Puhulegama	gnd	66	0	117	6	2	0	0
LK-9218190	Godawela	Godawela	gnd	426	10	4	0	2	0	0
LK-9218195	Penihela	Penihela	gnd	157	10	47	7	1	0	0
LK-9218200	Thambugala	Thambugala	gnd	138	0	167	3	1	0	0
LK-9218205	Thalgahadeniya	Thalgahadeniya	gnd	148	2	18	1	0	0	0
LK-9218210	Niwatuwa	Niwatuwa	gnd	167	1	215	7	3	0	0
LK-9218215	Kukulpane	Kukulpane	gnd	467	9	84	4	20	0	0
LK-9218220	Thalliyadda	Thalliyadda	gnd	102	10	209	28	7	0	1
LK-9218225	Dorawaka Pallebage	Dorawaka Pallebage	gnd	136	4	293	35	4	0	3
LK-9218230	Yaddehimulla	Yaddehimulla	gnd	327	9	88	29	7	0	2
LK-9218235	Kohombadeniya	Kohombadeniya	gnd	102	34	187	6	5	0	0
LK-9218240	Ihala Lenagala	Ihala Lenagala	gnd	120	11	186	6	1	0	0
LK-9218245	Dedigama	Dedigama	gnd	219	9	168	3	1	0	0
LK-9218250	Pitadeniya	Pitadeniya	gnd	275	21	222	13	5	0	2
LK-9218255	Thunthota	Thunthota	gnd	241	12	65	1	2	0	1
LK-9218260	Imbulovita	Imbulovita	gnd	113	2	0	0	0	0	0
LK-9218265	Menikkadawara	Menikkadawara	gnd	423	6	0	3	0	0	1
LK-9218270	Maha Pallegama	Maha Pallegama	gnd	381	6	53	25	1	0	0
LK-9218275	Kinivita	Kinivita	gnd	320	13	0	1	0	0	0
LK-9218280	Hapugoda	Hapugoda	gnd	126	6	0	0	0	0	0
LK-9218285	Dorawaka Udabage	Dorawaka Udabage	gnd	171	13	237	5	17	0	0
LK-9218290	Weragoda	Weragoda	gnd	177	2	260	3	0	0	0
LK-9218295	Palamure	Palamure	gnd	84	0	369	12	3	0	0
LK-9218300	Bopitiya	Bopitiya	gnd	157	5	233	11	4	0	0
LK-9218305	Algama Ihalagama	Algama Ihalagama	gnd	242	14	0	0	0	0	0
LK-9218310	Algama	Algama	gnd	295	5	190	7	4	0	0
LK-9218315	Madurupitiya	Madurupitiya	gnd	171	2	88	13	3	0	0
LK-9218320	Kandegama	Kandegama	gnd	48	4	208	8	0	0	0
LK-9218325	Uduwaka	Uduwaka	gnd	227	13	320	23	4	0	0
LK-9218330	Hallawa	Hallawa	gnd	56	8	117	10	2	1	1
LK-9218335	Ebidigala	Ebidigala	gnd	209	1	1	1	3	1	0
LK-9218340	Alpitiya	Alpitiya	gnd	92	0	159	6	5	0	0
LK-9218345	Kivuldeniya	Kivuldeniya	gnd	143	6	290	13	6	0	0
LK-9218350	Kudapallegama	Kudapallegama	gnd	187	8	102	0	3	0	0
LK-9218355	Thambadiya	Thambadiya	gnd	258	10	36	2	1	0	2
LK-9218360	Elamaldeniya	Elamaldeniya	gnd	148	25	2	1	2	0	0
LK-9218365	Malmaduwa	Malmaduwa	gnd	41	0	161	3	2	0	0
LK-9218370	Polgampala	Polgampala	gnd	116	3	181	4	8	0	0
LK-9218375	Weragala	Weragala	gnd	256	13	96	10	1	0	0
LK-9218380	Pallepelpita	Pallepelpita	gnd	177	0	138	20	3	0	0
LK-9218385	Pahala Lenagala	Pahala Lenagala	gnd	93	0	209	4	4	0	2
LK-9218390	Welhella	Welhella	gnd	286	10	98	5	2	0	0
LK-9221005	Dunumala	Dunumala	gnd	174	1	197	15	38	1	1
LK-9221010	Galapitamada	Galapitamada	gnd	206	7	78	3	6	0	1
LK-9221015	Walgampatha	Walgampatha	gnd	64	0	194	0	2	0	0
LK-9221020	Kadigamuwa	Kadigamuwa	gnd	469	14	3	1	8	0	0
LK-9221025	Mahakanda	Mahakanda	gnd	46	1	241	8	2	0	0
LK-9221030	Lenagala	Lenagala	gnd	123	0	172	8	3	0	0
LK-9221035	Lewangama North	Lewangama North	gnd	238	0	60	0	0	0	0
LK-9221040	Lewangama South	Lewangama South	gnd	243	5	286	18	4	0	0
LK-9221045	Morathota	Morathota	gnd	132	1	163	1	1	0	0
LK-9221050	Waharaka	Waharaka	gnd	402	5	89	7	2	0	1
LK-9221055	Daluwalana	Daluwalana	gnd	309	5	173	30	12	0	0
LK-9221060	Wahakula	Wahakula	gnd	251	16	86	18	35	0	2
LK-9221065	Dannoruwa	Dannoruwa	gnd	295	1	184	10	10	0	10
LK-9221070	Nivunhella	Nivunhella	gnd	401	2	106	10	4	0	1
LK-9221075	Imbulana	Imbulana	gnd	664	11	66	5	1	0	0
LK-9221080	Siyambalawala	Siyambalawala	gnd	200	1	262	14	9	0	0
LK-9221085	Pethangoda	Pethangoda	gnd	82	3	409	34	9	0	1
LK-9221090	Kannattota	Kannattota	gnd	553	8	177	14	7	0	0
LK-9221095	Gonaramba	Gonaramba	gnd	602	30	92	10	9	0	1
LK-9221100	Doranuwa	Doranuwa	gnd	556	9	143	13	8	1	1
LK-9221105	Bopetta	Bopetta	gnd	237	3	105	5	2	0	0
LK-9221110	Morawatta	Morawatta	gnd	330	5	344	14	9	0	1
LK-9221115	Mahalla	Mahalla	gnd	444	14	134	16	29	2	1
LK-9221120	Gonagala North	Gonagala North	gnd	380	9	15	17	22	0	1
LK-9221125	Indurana	Indurana	gnd	258	4	84	5	0	0	0
LK-9221130	Puranpotta	Puranpotta	gnd	125	5	155	14	30	0	0
LK-9221135	Batuvita	Batuvita	gnd	75	0	75	5	1	0	0
LK-9221140	Amithirigala North	Amithirigala North	gnd	378	12	19	3	0	0	0
LK-9221145	Amithirigala South	Amithirigala South	gnd	206	9	187	18	13	0	5
LK-9221150	Gonagala West	Gonagala West	gnd	83	1	212	13	24	0	0
LK-9221155	Mapitigama	Mapitigama	gnd	215	4	302	26	5	0	1
LK-9221160	Moraliya	Moraliya	gnd	457	8	64	11	18	0	0
LK-9221165	Ruwanwella	Ruwanwella	gnd	976	13	26	1	2	1	0
LK-9221170	Wendala	Wendala	gnd	702	30	43	11	4	0	0
LK-9221175	Mahadeniya	Mahadeniya	gnd	120	8	105	21	3	0	0
LK-9221180	Udakanugala	Udakanugala	gnd	303	8	1	5	0	0	0
LK-9221185	Palle Kanugala	Palle Kanugala	gnd	357	14	116	13	7	0	0
LK-9221190	Medagoda	Medagoda	gnd	262	4	194	14	14	2	0
LK-9224005	Kanangamuwa	Kanangamuwa	gnd	190	4	118	2	1	0	1
LK-9224010	Getiyamulla	Getiyamulla	gnd	244	14	48	2	4	0	0
LK-9224015	Higgoda	Higgoda	gnd	96	1	116	4	1	0	0
LK-9224020	Puspane	Puspane	gnd	222	34	353	26	27	0	2
LK-9224025	Kabagamuwa	Kabagamuwa	gnd	235	1	165	5	1	0	0
LK-9224030	Alawathura	Alawathura	gnd	320	16	322	12	3	2	0
LK-9224035	Ambuwakka	Ambuwakka	gnd	204	8	136	3	4	0	0
LK-9224040	Haloluwa	Haloluwa	gnd	391	13	92	20	7	0	1
LK-9224045	Wegalla	Wegalla	gnd	290	6	425	2	11	0	1
LK-9224050	Lewala	Lewala	gnd	680	21	300	54	9	0	0
LK-9224055	Bulathkohupitiya	Bulathkohupitiya	gnd	332	8	173	10	5	0	0
LK-9224060	Rangalla	Rangalla	gnd	192	8	272	25	8	0	0
LK-9224065	Nevismiyar Ihala	Nevismiyar Ihala	gnd	149	6	539	63	19	0	0
LK-9224070	Uduwa	Uduwa	gnd	210	0	206	3	1	0	0
LK-9224075	Dedugala	Dedugala	gnd	246	4	34	9	1	0	0
LK-9224080	Pelempitiya	Pelempitiya	gnd	242	68	78	1	0	1	5
LK-9224085	Neluwakkana	Neluwakkana	gnd	45	4	118	3	4	0	0
LK-9224090	Udapotha	Udapotha	gnd	197	9	214	18	6	1	0
LK-9224095	Kendawa	Kendawa	gnd	376	3	245	7	6	0	1
LK-9224100	Narangala	Narangala	gnd	147	0	237	8	16	9	1
LK-9224105	Urumeewala	Urumeewala	gnd	137	6	152	24	4	1	0
LK-9224110	Punehela	Punehela	gnd	73	39	175	10	12	0	0
LK-9224115	Panapitiya	Panapitiya	gnd	378	40	305	14	6	0	1
LK-9224120	Ampagala	Ampagala	gnd	384	16	309	17	13	0	0
LK-9224125	Thelkumuduwala	Thelkumuduwala	gnd	145	6	179	11	8	0	1
LK-9224130	Kiriporuwa	Kiriporuwa	gnd	233	6	101	31	18	0	1
LK-9224135	Ambamalla	Ambamalla	gnd	116	2	117	0	23	0	1
LK-9227005	Mattamagoda	Mattamagoda	gnd	1375	13	37	6	8	0	0
LK-9227010	Galpatha	Galpatha	gnd	663	36	0	0	0	0	0
LK-9227015	Kabulumulla	Kabulumulla	gnd	802	28	109	18	9	0	0
LK-9227020	Garagoda Pahala	Garagoda Pahala	gnd	654	22	97	7	1	0	0
LK-9227025	Garagoda Ihala	Garagoda Ihala	gnd	291	19	103	1	0	0	0
LK-9227030	Yatiyanthota	Yatiyanthota	gnd	685	30	114	4	0	0	1
LK-9227035	Mahavila	Mahavila	gnd	240	8	197	17	10	0	1
LK-9227040	Parussella	Parussella	gnd	319	8	466	64	23	0	1
LK-9227045	Jayavinda Gama	Jayavindagama	gnd	144	43	475	41	12	4	0
LK-9227050	Welihelathenna	Welihelathenna	gnd	435	5	125	3	2	0	0
LK-9227055	Malalpola	Malalpola	gnd	371	25	2	1	4	0	0
LK-9227060	Dombepola	Dombepola	gnd	60	8	400	41	12	0	0
LK-9227065	Amanawala	Amanawala	gnd	330	14	56	0	1	0	1
LK-9227070	Berannawa	Berannawa	gnd	219	10	68	12	6	0	4
LK-9227075	Seepoth	Seepoth	gnd	224	35	253	12	5	0	0
LK-9227080	Mahabage	Mahabage	gnd	242	17	54	5	2	0	0
LK-9227085	Dunukedeniya	Dunukedeniya	gnd	310	3	46	2	1	0	0
LK-9227090	Malwatta	Malwatta	gnd	75	0	378	3	6	0	1
LK-9227095	Kirikohuthenna	Kirikohuthenna	gnd	394	7	1	1	3	0	0
LK-9227100	Neluwathukanda	Neluwathukanda	gnd	199	39	35	22	41	0	0
LK-9227105	Polpitiya	Polpitiya	gnd	45	8	230	4	6	0	0
LK-9227110	Weeragalla	Weeragalla	gnd	36	3	196	57	30	0	2
LK-9227115	Nawata	Nawata	gnd	122	6	181	12	6	0	0
LK-9227120	Meegasthenna	Meegasthenna	gnd	395	48	106	19	55	0	1
LK-9227125	Pelellegama	Pelellegama	gnd	257	7	276	17	26	0	3
LK-9227130	Hakbellawaka	Hakbellawaka	gnd	352	6	124	11	0	0	0
LK-9227135	Ganepalla	Ganepalla	gnd	365	9	175	19	12	0	2
LK-9227140	Theligama	Theligama	gnd	267	22	194	28	10	3	0
LK-9227145	Gonagamuwa	Gonagamuwa	gnd	137	10	329	10	8	0	1
LK-9227150	Kithulgala North	Kithulgala North	gnd	331	14	144	18	2	0	0
LK-9227155	Kalukohuthenna	Kalukohuthenna	gnd	380	1	95	10	3	0	2
LK-9227160	Kithulgala South	Kithulgala South	gnd	173	2	268	8	5	0	0
LK-9230005	Kurupetta	Kurupetta	gnd	219	6	233	8	10	0	0
LK-9230010	Daigala	Daigala	gnd	77	3	132	13	3	0	1
LK-9230015	Eluwana	Eluwana	gnd	240	4	129	16	7	0	2
LK-9230020	Magammana	Magammana	gnd	258	3	211	11	12	0	1
LK-9230025	Kanangama	Kanangama	gnd	613	29	186	13	49	0	0
LK-9230030	Walpola	Walpola	gnd	993	16	157	32	5	0	0
LK-9230035	Boralankada	Boralankada	gnd	576	58	9	6	11	0	0
LK-9230040	Dikella	Dikella	gnd	754	82	64	4	6	2	0
LK-9230045	Kahanavita	Kahanwita	gnd	337	14	61	3	1	0	0
LK-9230050	Dehiovita	Dehiovita	gnd	645	17	273	27	4	3	1
LK-9230055	Atulugamwela	Atulugamwela	gnd	94	1	156	17	2	0	0
LK-9230060	Atulugama	Atulugama	gnd	434	14	51	7	2	1	1
LK-9230065	Kelegama	Kelegama	gnd	200	7	117	0	1	0	0
LK-9230070	Napawala	Napawala	gnd	673	23	51	6	5	0	1
LK-9230075	Uduvila	Uduvila	gnd	437	19	53	11	3	0	1
LK-9230080	Epalapitiya	Epalapitiya	gnd	506	19	294	20	3	1	1
LK-9230085	Pahala Thaldoowa	Pahala Thaldoowa	gnd	1055	26	133	15	2	0	0
LK-9230090	Ihala Thaldoowa	Ihala Thaldoowa	gnd	654	14	109	12	5	0	0
LK-9230095	Debegama	Debegama	gnd	220	23	309	28	3	0	0
LK-9230100	Thimbiripola	Thimbiripola	gnd	515	7	365	19	17	0	2
LK-9230105	Algoda	Algoda	gnd	65	5	407	5	8	0	1
LK-9230110	Hinguralakanda East	Hinguralakanda East	gnd	116	9	145	17	16	0	3
LK-9230115	Batangala	Batangala	gnd	590	55	69	25	11	2	0
LK-9230120	Viharakanda	Viharakanda	gnd	197	4	158	20	8	0	2
LK-9230125	Galabalana Kanda	Galabalana Kanda	gnd	343	16	73	3	5	0	1
LK-9230130	Maniyangama	Maniyangama	gnd	248	31	252	20	4	0	0
LK-9230135	Madola	Madola	gnd	918	126	9	5	0	0	0
LK-9230140	Welangalla	Welangalla	gnd	360	12	359	20	6	0	0
LK-9230145	Bomaluwa	Bomaluwa	gnd	267	4	74	11	1	0	0
LK-9230150	Rangegama	Rangegama	gnd	579	14	151	37	10	0	1
LK-9230155	Panawala	Panawala	gnd	353	23	221	12	6	0	0
LK-9230160	Hinguralakanda West	Hinguralakanda West	gnd	305	25	206	15	16	0	4
LK-9230165	Pukunuwala	Pukunuwala	gnd	441	18	0	0	17	0	0
LK-9230170	Godagampala	Godagampala	gnd	80	9	327	66	13	4	2
LK-9230175	Ambalampitiya	Ambalampitiya	gnd	249	7	167	5	19	0	2
LK-9230180	Madagammana	Madagammana	gnd	128	5	75	6	9	0	0
LK-9230185	Pannila	Pannila	gnd	407	10	2	3	4	0	2
LK-9230190	Imbulpitiya	Imbulpitiya	gnd	206	4	196	13	4	0	1
LK-9230195	Elavulla	Elavulla	gnd	275	15	51	32	30	0	0
LK-9233005	Ballahela	Ballahela	gnd	32	1	159	2	1	0	0
LK-9233010	Behenella	Behenella	gnd	56	1	346	4	6	0	0
LK-9233015	Nilwala	Nilwala	gnd	63	1	278	4	1	0	1
LK-9233020	Dodawatta	Dodawatta	gnd	374	11	183	26	8	0	0
LK-9233025	Basnagala	Basnagala	gnd	119	5	430	38	4	0	0
LK-9233030	Keerihena	Keerihena	gnd	233	10	7	3	3	0	0
LK-9233035	Udabage	Udabage	gnd	234	32	265	15	7	0	1
LK-9233040	Wattegedara	Wattegedara	gnd	509	35	476	140	40	4	0
LK-9233045	Deraniyagala	Deraniyagala	gnd	790	32	68	15	2	0	0
LK-9233050	Lassegama	Lassegama	gnd	405	14	80	10	9	0	0
LK-9233055	Anhettigama	Anhettigama	gnd	266	8	110	4	2	0	0
LK-9233060	Panakoora	Panakoora	gnd	110	5	205	12	6	0	1
LK-9233065	Pandaha	Pandaha	gnd	345	9	62	3	2	0	0
LK-9233070	Polgaswatta	Polgaswatta	gnd	260	1	115	1	5	0	2
LK-9233075	Maliboda	Maliboda	gnd	54	6	371	74	22	5	9
LK-9233080	Poddenikanda	Poddenikanda	gnd	308	20	285	30	18	2	0
LK-9233085	Nakkavita	Nakkavita	gnd	226	4	147	3	7	0	0
LK-9233090	Miyanavita	Miyanawita	gnd	533	18	57	6	4	0	0
LK-9233095	Deraniyagala South	Deraniyagala South	gnd	575	18	247	17	11	1	0
LK-9233100	Rasnakkanda	Rasnakkanda	gnd	297	14	70	3	10	0	1
LK-9233105	Udapola	Udapola	gnd	250	37	244	14	4	0	2
LK-9233110	Demeda	Demeda	gnd	65	5	157	28	15	0	0
LK-9233115	Kosgahakanda	Kosgahakanda	gnd	320	4	305	16	19	0	4
LK-9233120	Yatiwala	Yatiwala	gnd	225	18	229	15	19	0	1
LK-9233125	Magala	Magala	gnd	42	0	240	10	6	0	0
LK-9233130	Dikellakanda	Dikellakanda	gnd	127	15	42	0	0	0	2
