region_id	region_name	region_name_in_data	region_ent_type	occupied_housing_units
LK	Sri Lanka	Sri Lanka	COUNTRY	6030541
LK-1	Western	Western	PROVINCE	1686506
LK-11	Colombo	Colombo	DISTRICT	654051
LK-1103	Colombo	Colombo	DSD	71142
LK-1103005	Sammanthranapura	Sammanthranapura	GND	1834
LK-1103010	Mattakkuliya	Mattakkuliya	GND	6838
LK-1103015	Modara	Modara	GND	7725
LK-1103020	Madampitiya	Madampitiya	GND	1893
LK-1103025	Mahawatta	Mahawatta	GND	1746
LK-1103030	Aluthmawatha	Aluthmawatha	GND	3648
LK-1103035	Lunupokuna	Lunupokuna	GND	3355
LK-1103040	Bloemendhal	Bloemendhal	GND	2111
LK-1103045	Kotahena East	Kotahena East	GND	1676
LK-1103050	Kotahena West	Kotahena West	GND	2497
LK-1103055	Kochchikade North	Kochchikade North	GND	1641
LK-1103060	Jinthupitiya	Jinthupitiya	GND	2202
LK-1103065	Masangasweediya	Masangasweediya	GND	1488
LK-1103070	New Bazaar	New Bazaar	GND	2647
LK-1103075	Grandpass South	Grandpass South	GND	3512
LK-1103080	Grandpass North	Grandpass North	GND	2363
LK-1103085	Nawagampura	Nawagampura	GND	1788
LK-1103090	Maligawatta East	Maligawatta East	GND	2477
LK-1103095	Khettarama	Khettarama	GND	2840
LK-1103100	Aluthkade East	Aluthkade East	GND	1815
LK-1103105	Aluthkade West	Aluthkade West	GND	1144
LK-1103110	Kochchikade South	Kochchikade South	GND	1596
LK-1103115	Pettah	Pettah	GND	11
LK-1103120	Fort	Fort	GND	171
LK-1103125	Galle Face	Galle Face	GND	820
LK-1103130	Slave Island	Kompagngnaweediya	GND	654
LK-1103135	Hunupitiya	Hunupitiya	GND	860
LK-1103140	Suduwella	Suduwella	GND	754
LK-1103145	Keselwatta	Keselwatta	GND	1327
LK-1103150	Panchikawatta	Panchikawatta	GND	1637
LK-1103155	Maligawatta West	Maligawatta West	GND	1713
LK-1103160	Maligakanda	Maligakanda	GND	1618
LK-1103165	Maradana	Maradana	GND	804
LK-1103170	Ibbanwala	Ibbanwala	GND	744
LK-1103175	Wekanda	Wekanda	GND	1193
LK-1106	Kolonnawa	Kolonnawa	DSD	56100
LK-1106005	Wadulla	Wadulla	GND	1789
LK-1106010	Sedawatta	Sedawatta	GND	1614
LK-1106015	Halmulla	Halmulla	GND	659
LK-1106020	Kotuvila	Kotuvila	GND	1412
LK-1106025	Veheragoda	Veheragoda	GND	511
LK-1106030	Orugodawatta	Orugodawatta	GND	1225
LK-1106035	Meethotamulla	Meethotamulla	GND	2163
LK-1106040	Welewatta	Welewatta	GND	1737
LK-1106045	Kittampahuwa	Kittampahuwa	GND	1632
LK-1106050	Wennawatta	Wennawatta	GND	2435
LK-1106055	Maha Buthgamuwa B	Maha Buthgamuwa B	GND	1319
LK-1106060	Kuda Buthgamuwa	Kuda Buthgamuwa	GND	1392
LK-1106065	Kelanimulla	Kelanimulla	GND	1103
LK-1106070	Ambathale	Ambathale	GND	944
LK-1106075	Mulleriyawa North	Mulleriyawa North	GND	1453
LK-1106080	Belagama	Belagama	GND	1089
LK-1106085	Kotikawatta East	Kotikawatta East	GND	1144
LK-1106090	Maha Buthgamuwa A	Maha Buthgamuwa A	GND	993
LK-1106095	Maha Buthgamuwa C	Maha Buthgamuwa C	GND	1324
LK-1106100	Wellampitiya	Wellampitiya	GND	532
LK-1106105	Kuruniyawatta	Kuruniyawatta	GND	978
LK-1106110	Kolonnawa	Kolonnawa	GND	553
LK-1106115	Dahampura	Dahampura	GND	893
LK-1106120	Singhapura	Singhapura	GND	1321
LK-1106125	Megoda Kolonnawa	Megoda Kolonnawa	GND	3298
LK-1106130	Bopetta	Bopetta	GND	1082
LK-1106135	Batalandahena	Batalandahena	GND	1312
LK-1106140	Kotikawatta West	Kotikawatta West	GND	889
LK-1106145	Mulleriyawa South	Mulleriyawa South	GND	1391
LK-1106150	Malgama	Malgama	GND	1566
LK-1106155	Udumulla North	Udumulla North	GND	808
LK-1106160	Maligagodella	Maligagodella	GND	689
LK-1106165	Rajasinghagama	Rajasinghagama	GND	2069
LK-1106170	Udumulla South	Udumulla South	GND	770
LK-1106175	Himbutana East	Himbutana East	GND	1121
LK-1106180	Himbutana West	Himbutana West	GND	1093
LK-1106185	Malpura	Malpura	GND	1265
LK-1106190	Gothatuwa New Town	Gothatuwa New Town	GND	589
LK-1106195	Kajugahawatta	Kajugahawatta	GND	692
LK-1106200	Gothatuwa	Gothatuwa	GND	751
LK-1106205	Salamulla	Salamulla	GND	2295
LK-1106210	Wijayapura	Wijayapura	GND	962
LK-1106215	Gajabapura	Gajabapura	GND	630
LK-1106220	Madinnagoda	Madinnagoda	GND	977
LK-1106225	Elhena	Elhena	GND	624
LK-1106230	Dodamgahahena	Dodamgahahena	GND	1012
LK-1109	Kaduwela	Kaduwela	DSD	79742
LK-1109005	Welivita	Welivita	GND	1438
LK-1109010	Raggahawatta	Raggahawatta	GND	1175
LK-1109015	Hewagama	Hewagama	GND	1299
LK-1109020	Kaduwela	Kaduwela	GND	1158
LK-1109025	Pahala Bomiriya A	Pahala Bomiriya	GND	1448
LK-1109030	Ihala Bomiriya	Ihala Bomiriya	GND	1310
LK-1109035	Wekewatta	Wekewatta	GND	1235
LK-1109040	Nawagamuwa	Nawagamuwa	GND	1651
LK-1109045	Pahala Bomiriya B	Pahala Bomiriya B	GND	1372
LK-1109050	Welihinda	Welihinda	GND	764
LK-1109055	Kothalawala	Kothalawala	GND	1988
LK-1109060	Mahadeniya	Mahadeniya	GND	2240
LK-1109065	Thalahena North	Thalahena North	GND	1055
LK-1109070	Malabe North	Malabe North	GND	2091
LK-1109075	Thunadahena	Thunadahena	GND	1769
LK-1109080	Korathota	Korathota	GND	3318
LK-1109085	Nawagamuwa South	Nawagamuwa South	GND	963
LK-1109090	Batewela	Batewela	GND	996
LK-1109095	Ranala	Ranala	GND	1669
LK-1109100	Dedigamuwa	Dedigamuwa	GND	755
LK-1109105	Embilladeniya	Embilladeniya	GND	664
LK-1109110	Welipillewa	Welipillewa	GND	897
LK-1109115	Shanthalokagama	Shanthalokagama	GND	2540
LK-1109120	Pore	Pore	GND	1722
LK-1109125	Malabe East	Malabe East	GND	1968
LK-1109130	Malabe West	Malabe West	GND	1672
LK-1109135	Thalangama North B	Thalangama North B	GND	1153
LK-1109140	Thalahena South	Thalahena South	GND	829
LK-1109145	Muttettugoda	Muttettugoda	GND	1963
LK-1109150	Thalangama North A	Thalangama North A	GND	2630
LK-1109155	Walpola	Walpola	GND	2299
LK-1109160	Kalapaluwawa	Kalapaluwawa	GND	1113
LK-1109165	Kotuwegoda	Kotuwegoda	GND	1102
LK-1109170	Subhoothipura	Subhoothipura	GND	620
LK-1109175	Udumulla	Udumulla	GND	683
LK-1109180	Battaramulla North	Battaramulla North	GND	655
LK-1109185	Batapotha	Batapotha	GND	2129
LK-1109190	Pothuarawa	Pothuarawa	GND	2361
LK-1109195	Hokandara North	Hokandara North	GND	2033
LK-1109200	Oruwala	Oruwala	GND	1375
LK-1109205	Athurugiriya	Athurugiriya	GND	1813
LK-1109210	Thaldiyawala	Thaldiyawala	GND	1105
LK-1109215	Boralugoda	Boralugoda	GND	1024
LK-1109220	Hokandara East	Hokandara East	GND	2016
LK-1109225	Arangala	Arangala	GND	1615
LK-1109230	Evarihena	Evarihena	GND	862
LK-1109235	Kumaragewatta	Kumaragewatta	GND	1325
LK-1109240	Jayawadanagama	Jayawadanagama	GND	748
LK-1109245	Aruppitiya	Aruppitiya	GND	611
LK-1109250	Asiri Uyana	Asiri Uyana	GND	857
LK-1109255	Battaramulla South	Battaramulla South	GND	466
LK-1109260	Rajamalwatta	Rajamalwatta	GND	477
LK-1109265	Pahalawela	Pahalawela	GND	1195
LK-1109270	Wickramasinghapura	Wickramasinghapura	GND	1020
LK-1109275	Wellangiriya	Wellangiriya	GND	1371
LK-1109280	Hokandara South	Hokandara South	GND	1842
LK-1109285	Athurugiriya South	Athurugiriya South	GND	1293
LK-1112	Homagama	Homagama	DSD	79737
LK-1112005	Jalthara	Jalthara	GND	2610
LK-1112010	Henpita	Henpita	GND	533
LK-1112015	Atigala West	Atigala West	GND	600
LK-1112020	Atigala East	Atigala East	GND	675
LK-1112025	Batawala	Batawala	GND	757
LK-1112030	Walpita	Walpita	GND	640
LK-1112035	Nawalamulla	Nawalamulla	GND	1098
LK-1112040	Meegasmulla	Meegasmulla	GND	1152
LK-1112045	Habarakada North	Habarakada North	GND	928
LK-1112050	Mullegama North	Mullegama North	GND	440
LK-1112055	Mullegama South	Mullegama South	GND	1166
LK-1112060	Habarakada South	Habarakada South	GND	876
LK-1112065	Panagoda Town	Panagoda Town	GND	504
LK-1112070	Henawatta	Henawatta	GND	2384
LK-1112075	Meegoda North	Meegoda North	GND	943
LK-1112080	Panaluwa	Panaluwa	GND	1557
LK-1112085	Watareka North	Watareka North	GND	1495
LK-1112090	Meegoda South	Meegoda South	GND	692
LK-1112095	Godagama North	Godagama North	GND	447
LK-1112100	Panagoda West	Panagoda West	GND	945
LK-1112105	Panagoda East	Panagoda East	GND	48
LK-1112110	Habarakada Watta	Habarakada Watta	GND	879
LK-1112115	Homagama North	Homagama North	GND	638
LK-1112120	Homagama West	Homagama West	GND	1088
LK-1112125	Homagama South	Homagama South	GND	1041
LK-1112130	Galavilawatta North	Galavilawatta North	GND	1026
LK-1112135	Homagama Town	Homagama Town	GND	652
LK-1112140	Homagama East	Homagama East	GND	714
LK-1112145	Pitipana Town	Pitipana Town	GND	840
LK-1112150	Godagama South	Godagama South	GND	1017
LK-1112155	Kurunduwatta	Kurunduwatta	GND	1241
LK-1112160	Gehenuwala	Gehenuwala	GND	571
LK-1112165	Watareka South	Watareka South	GND	2037
LK-1112170	Ovitigama	Ovitigama	GND	1505
LK-1112175	Kandanawatta	Kandanawatta	GND	973
LK-1112180	Kiriberiyakele	Kiriberiyakele	GND	953
LK-1112185	Mawathgama	Mawathgama	GND	836
LK-1112190	Katuwana	Katuwana	GND	1508
LK-1112195	Galavilawatta South	Galavilawatta South	GND	1042
LK-1112200	Niyandagala	Niyandagala	GND	1256
LK-1112205	Hiripitiya	Hiripitiya	GND	1545
LK-1112210	Mambulgoda	Mambulgoda	GND	845
LK-1112215	Kithulhena	Kithulhena	GND	515
LK-1112220	Siddamulla North	Siddamulla North	GND	744
LK-1112225	Siddamulla South	Siddamulla South	GND	766
LK-1112230	Mattegoda West	Mattegoda West	GND	1513
LK-1112235	Mattegoda Central 'A'	Mattegoda Central 'A'	GND	614
LK-1112240	Mattegoda East	Mattegoda East	GND	1129
LK-1112245	Brahmanagama	Brahmanagama	GND	1561
LK-1112250	Deepangoda	Deepangoda	GND	1069
LK-1112255	Magammana West	Magammana West	GND	939
LK-1112260	Magammana East	Magammana East	GND	1749
LK-1112265	Uduwana	Uduwana	GND	1211
LK-1112270	Prasannapura	Prasannapura	GND	916
LK-1112275	Pitipana North	Pitipana North	GND	1017
LK-1112280	Suwapubudugama	Suwapubudugama	GND	693
LK-1112285	Pitipana South	Pitipana South	GND	1022
LK-1112290	Dolahena	Dolahena	GND	1534
LK-1112295	Diyagama East	Diyagama East	GND	585
LK-1112300	Diyagama West	Diyagama West	GND	640
LK-1112305	Kirigampamunuwa	Kirigampamunuwa	GND	1112
LK-1112310	Mattegoda Central 'B'	Mattegoda Central 'B'	GND	875
LK-1112315	Siyambalagoda North	Siyambalagoda North	GND	1400
LK-1112320	Kudamaduwa	Kudamaduwa	GND	1049
LK-1112325	Sangharama	Sangharama	GND	706
LK-1112330	Siyambalagoda South	Siyambalagoda South	GND	741
LK-1112335	Rilawala	Rilawala	GND	561
LK-1112340	Kahathuduwa West	Kahathuduwa West	GND	903
LK-1112345	Kiriwattuduwa South	Kiriwattuduwa South	GND	1041
LK-1112350	Kiriwattuduwa North	Kiriwattuduwa North	GND	710
LK-1112355	Moonamale - Yakahaluwa	Moonamale - Yakahaluwa	GND	860
LK-1112360	Kithulavila	Kithulavila	GND	1254
LK-1112365	Kahathuduwa North	Kahathuduwa North	GND	1115
LK-1112370	Kahathuduwa East	Kahathuduwa East	GND	717
LK-1112375	Kahathuduwa South	Kahathuduwa South	GND	1055
LK-1112380	Undurugoda	Undurugoda	GND	457
LK-1112385	Wethara	Wethara	GND	559
LK-1112390	Ambalangoda	Ambalangoda	GND	730
LK-1112395	Heraliyawala	Heraliyawala	GND	343
LK-1112400	Palagama	Palagama	GND	890
LK-1112405	Weniwelkola	weniwelkola	GND	1745
LK-1115	Seethawaka	Seethawaka	DSD	34414
LK-1115005	Bollathawa	Bollathawa	GND	518
LK-1115010	Kanampella West	Kanampella West	GND	595
LK-1115015	Kanampella East	Kanampella East	GND	308
LK-1115020	Manakada	Manakada	GND	186
LK-1115025	Eswatta North	Eswatta North	GND	522
LK-1115030	Kiriwandala North	Kiriwandala North	GND	1165
LK-1115035	Kudagama	Kudagama	GND	623
LK-1115040	Weralupitiya	Weralupitiya	GND	257
LK-1115045	Seethagama	Seethagama	GND	850
LK-1115050	Avissawella	Avissawella	GND	507
LK-1115055	Ukwatta	Ukwatta	GND	765
LK-1115060	Agra Pedesa	Agra Pedesa	GND	545
LK-1115065	Eswatta South	Eswatta South	GND	527
LK-1115070	Ihala Kosgama North	Ihala Kosgama North	GND	874
LK-1115075	Thawalgoda	Thawalgoda	GND	468
LK-1115080	Muruthagama	Muruthagama	GND	330
LK-1115085	Akaravita	Akaravita	GND	414
LK-1115090	Kahatapitiya	Kahatapitiya	GND	343
LK-1115095	Kalu Aggala	Kalu Aggala	GND	392
LK-1115100	Salawa	Salawa	GND	709
LK-1115105	Pahala Kosgama West	Pahala Kosgama west	GND	638
LK-1115110	Pahala Kosgama East	Pahala Kosgama East	GND	655
LK-1115115	Ihala Kosgama South	Ihala Kosgama South	GND	478
LK-1115120	Miriswatta	Miriswatta	GND	708
LK-1115125	Aluth Ambalama	Aluth Ambalama	GND	538
LK-1115130	Kiriwandala South	Kiriwandala South	GND	782
LK-1115135	Kotahera	Kotahera	GND	431
LK-1115140	Seethawaka	Seethawaka	GND	479
LK-1115145	Aradhana Kanda	Aradhana Kanda	GND	815
LK-1115150	Puwakpitiya South	Puwakpitiya South	GND	1016
LK-1115155	Puwakpitiya	Puwakpitiya	GND	367
LK-1115160	Egodagama	Egodagama	GND	435
LK-1115165	Weragolla North	Weragolla North	GND	631
LK-1115170	Hingurala	Hingurala	GND	616
LK-1115175	Kadugoda North	Kadugoda North	GND	532
LK-1115180	Mawalgama	Mawalgama	GND	595
LK-1115185	Suduwella	Suduwella	GND	1120
LK-1115190	Gira Imbula	Gira Imbula	GND	284
LK-1115195	Walawwatta	Walawwatta	GND	406
LK-1115200	Pahala Hanwella	Pahala Hanwella	GND	387
LK-1115205	Hanwella Town	Hanwella Town	GND	801
LK-1115210	Ihala Hanwella North	Ihala Hanwella North	GND	422
LK-1115215	Niripola	Niripola	GND	457
LK-1115220	Brandigampala	Brandigampala	GND	350
LK-1115225	Kadugoda South	Kadugoda South	GND	517
LK-1115230	Weragolla South	Weragolla South	GND	311
LK-1115235	Digana	Digana	GND	488
LK-1115240	Lahirugama	Lahirugama	GND	584
LK-1115245	Mambula	Mambula	GND	319
LK-1115250	Welikanna	Welikanna	GND	433
LK-1115255	Kahahena	Kahahena	GND	460
LK-1115260	Neluwattuduwa	Neluwattuduwa	GND	201
LK-1115265	Diddeniya North	Diddeniya North	GND	480
LK-1115270	Ihala Hanwella South	Ihala Hanwella South	GND	282
LK-1115275	Pahathgama	Pahathgama	GND	526
LK-1115280	Jayaweeragoda	Jayaweeragoda	GND	627
LK-1115285	Koodaluvila	Koodaluvila	GND	877
LK-1115290	Thunnana East	Thunnana East	GND	237
LK-1115295	Diddeniya South	Diddeniya South	GND	404
LK-1115300	Elamalawala	Elamalawala	GND	189
LK-1115305	Ilukovita	Ilukovita	GND	145
LK-1115310	Koswatta	Koswatta	GND	197
LK-1115315	Pagngnagula	Pagngnagula	GND	192
LK-1115320	Pelpola	Pelpola	GND	213
LK-1115325	Kudakanda	Kudakanda	GND	393
LK-1115330	Thunnana West	Thunnana West	GND	534
LK-1115335	Mawathagama West	Mawathagama West	GND	651
LK-1115340	Mawathagama East	Mawathagama East	GND	313
LK-1118	Padukka	Padukka	DSD	20691
LK-1118005	Pinnawala North	Pinnawala North	GND	281
LK-1118010	Pinnawala South	Pinnawala South	GND	489
LK-1118015	Waga North	Waga North	GND	286
LK-1118020	Waga East	Waga East	GND	486
LK-1118025	Thummodara	Thummodara	GND	204
LK-1118030	Waga South	Waga South	GND	305
LK-1118035	Siyambalawa	Siyambalawa	GND	590
LK-1118040	Pahala Bope	Pahala Bope	GND	336
LK-1118045	Halpe	Halpe	GND	310
LK-1118050	Waga West	Waga West	GND	398
LK-1118055	Uggalla	Uggalla	GND	637
LK-1118060	Wewelpanawa	Wewelpanawa	GND	207
LK-1118065	Pitumpe North	Pitumpe North	GND	433
LK-1118070	Pitumpe South	Pitumpe South	GND	388
LK-1118075	Galagedara East	Galagedara East	GND	836
LK-1118080	Galagedara North	Galagedara North	GND	687
LK-1118085	Galagedara South	Galagedara South	GND	424
LK-1118090	Padukka	Padukka	GND	800
LK-1118095	Arukwatta North	Arukwatta North	GND	452
LK-1118100	Arukwatta South	Arukwatta South	GND	663
LK-1118105	Ganegoda	Ganegoda	GND	391
LK-1118110	Angampitiya	Angampitiya	GND	662
LK-1118115	Weragala	Weragala	GND	581
LK-1118120	Angamuwa	Angamuwa	GND	499
LK-1118125	Udumulla	Udumulla	GND	722
LK-1118130	Poregedara	Poregedara	GND	333
LK-1118135	Pahala Padukka	Pahala Padukka	GND	393
LK-1118140	Liyanwala	Liyanwala	GND	330
LK-1118145	Kurugala	Kurugala	GND	473
LK-1118150	Madulawa South	Madulawa South	GND	402
LK-1118155	Madulawa North	Madulawa North	GND	447
LK-1118160	Horakandawala	Horakandawala	GND	682
LK-1118165	Dampe	Dampe	GND	479
LK-1118170	Beruketiya	Beruketiya	GND	766
LK-1118175	Horagala West	Horagala West	GND	477
LK-1118180	Horagala East	Horagala East	GND	649
LK-1118185	Beliattavila	Beliattavila	GND	280
LK-1118190	Miriyagalla	Miriyagalla	GND	404
LK-1118195	Malagala	Malagala	GND	528
LK-1118200	Kahawala	Kahawala	GND	304
LK-1118205	Yatawathura	Yatawathura	GND	264
LK-1118210	Mahingala	Mahingala	GND	187
LK-1118215	Ihala Bope	Ihala Bope	GND	506
LK-1118220	Gurulana	Gurulana	GND	259
LK-1118225	Udagama	Udagama	GND	212
LK-1118230	Dambora	Dambora	GND	249
LK-1121	Maharagama	Maharagama	DSD	56550
LK-1121005	Mirihana South	Mirihana South	GND	1611
LK-1121010	Mirihana North	Mirihana North	GND	1835
LK-1121015	Madiwela	Madiwela	GND	1891
LK-1121020	Thalawathugoda West	Thalawathugoda West	GND	1532
LK-1121025	Thalawathugoda East	Thalawathugoda East	GND	1597
LK-1121030	Kalalgoda	Kalalgoda	GND	1857
LK-1121035	Kottawa East	Kottawa East	GND	1899
LK-1121040	Rukmale West	Rukmale West	GND	1513
LK-1121045	Rukmale East A	Rukmale East A	GND	381
LK-1121050	Rukmale East B	Rukmale East B	GND	741
LK-1121055	Liyanagoda	Liyanagoda	GND	1416
LK-1121060	Kottawa North	Kottawa North	GND	912
LK-1121065	Depanama	Depanama	GND	2253
LK-1121070	Polwatta	Polwatta	GND	1076
LK-1121075	Pamunuwa	Pamunuwa	GND	1196
LK-1121080	Thalapathpitiya	Thalapathpitiya	GND	1856
LK-1121085	Pragathipura	Pragathipura	GND	1600
LK-1121090	Udahamulla East	Udahamulla East	GND	1725
LK-1121095	Udahamulla West	Udahamulla West	GND	1333
LK-1121100	Pathiragoda	Pathiragoda	GND	1726
LK-1121105	Maharagama East	Maharagama East	GND	964
LK-1121110	Maharagama West	Maharagama West	GND	600
LK-1121115	Dambahena	Dambahena	GND	1638
LK-1121120	Pannipitiya North	Pannipitiya North	GND	1299
LK-1121125	Kottawa West	Kottawa West	GND	870
LK-1121130	Kottawa South	Kottawa South	GND	2044
LK-1121135	Malapalla West	Malapalla West	GND	769
LK-1121140	Malapalla East	Malapalla East	GND	1235
LK-1121145	Makumbura North	Makumbura North	GND	1296
LK-1121150	Makumbura South	Makumbura South	GND	449
LK-1121155	Kottawa Town	Kottawa Town	GND	1477
LK-1121160	Pannipitiya South	Pannipitiya South	GND	584
LK-1121165	Maharagama Town	Maharagama Town	GND	1457
LK-1121170	Godigamuwa South A	Godigamuwa South	GND	1667
LK-1121175	Godigamuwa South B	Godigamuwa South B	GND	2158
LK-1121180	Godigamuwa North	Godigamuwa North	GND	1078
LK-1121185	Wattegedara	Wattegedara	GND	2162
LK-1121190	Navinna	Navinna	GND	1438
LK-1121195	Wijerama	Wijerama	GND	702
LK-1121200	Gangodavila South B	Gangodavila South B	GND	1609
LK-1121205	Jambugasmulla	Jambugasmulla	GND	1104
LK-1124	Sri Jayawardanapura Kotte	Sri Jayawardanapura Kotte	DSD	27833
LK-1124005	Obeysekarapura	Obesekarapura	GND	2927
LK-1124010	Welikada West	Welikada West	GND	1485
LK-1124015	Welikada East	Welikada East	GND	1885
LK-1124020	Rajagiriya	Rajagiriya	GND	711
LK-1124025	Welikada North	Welikada North	GND	1237
LK-1124030	Nawala West	Nawala West	GND	1090
LK-1124035	Koswatta	Koswatta	GND	1271
LK-1124040	Ethulkotte West	Ethulkotte West	GND	958
LK-1124045	Ethulkotte	Ethulkotte	GND	1707
LK-1124050	Pitakotte East	Pitakotte East	GND	1114
LK-1124055	Pitakotte	Pitakotte	GND	1049
LK-1124060	Pitakotte West	Pitakotte West	GND	1509
LK-1124065	Nawala East	Nawala East	GND	1485
LK-1124070	Nugegoda West	Nugegoda West	GND	1560
LK-1124075	Pagoda	Pagoda	GND	1551
LK-1124080	Nugegoda	Nugegoda	GND	1076
LK-1124085	Pagoda East	Pagoda East	GND	1289
LK-1124090	Gangodavila North	Gangodavila North	GND	1191
LK-1124095	Gangodavila South	Gangodavila South	GND	1992
LK-1124100	Gangodavila East	Gangodavila East	GND	746
LK-1127	Thimbirigasyaya	Thimbirigasyaya	DSD	58102
LK-1127005	Kollupitiya	Kollupitiya	GND	1513
LK-1127010	Bambalapitiya	Bambalapitiya	GND	2158
LK-1127015	Kurunduwatta	Kurunduwatta	GND	1618
LK-1127020	Kuppiyawatta West	Kuppiyawatta West	GND	1217
LK-1127025	Kuppiyawatta East	Kuppiyawatta East	GND	2142
LK-1127030	Dematagoda	Dematagoda	GND	5311
LK-1127035	Wanathamulla	Wanathamulla	GND	4731
LK-1127040	Borella North	Borella North	GND	3546
LK-1127045	Borella South	Borella South	GND	919
LK-1127050	Gothamipura	Gothamipura	GND	1118
LK-1127055	Narahenpita	Narahenpita	GND	2840
LK-1127060	Thimbirigasyaya	Thimbirigasyaya	GND	2712
LK-1127065	Milagiriya	Milagiriya	GND	1530
LK-1127070	Havelock Town	Havelock Town	GND	2082
LK-1127075	Kirula	Kirula	GND	4770
LK-1127080	Kirulapone	Kirulapone	GND	4619
LK-1127085	Wellawatta North	Wellawatta North	GND	4907
LK-1127090	Wellawatta South	Wellawatta South	GND	3145
LK-1127095	Pamankada West	Pamankada West	GND	4283
LK-1127100	Pamankada East	Pamankada East	GND	2941
LK-1130	Dehiwala	Dehiwala	DSD	25382
LK-1130005	Sri Saranankara	Sri Saranankara	GND	1766
LK-1130010	Vilawala	Vilawala	GND	1555
LK-1130015	Dutugemunu	Dutugemunu	GND	1150
LK-1130020	Kohuwala	Kohuwala	GND	1820
LK-1130025	Kalubovila	Kalubovila	GND	1492
LK-1130030	Hathbodhiya	Hathbodhiya	GND	1969
LK-1130035	Galwala	Galwala	GND	1500
LK-1130040	Dehiwala West	Dehiwala West	GND	2210
LK-1130045	Dehiwala East	Dehiwala East	GND	1984
LK-1130050	Udyanaya	Udyanaya	GND	1777
LK-1130055	Nedimala	Nedimala	GND	2259
LK-1130060	Malwatta	Malwatta	GND	1006
LK-1130065	Jayathilaka	Jayathilaka	GND	1204
LK-1130070	Karagampitiya	Karagampitiya	GND	1449
LK-1130075	Kawdana East	Kawdana East	GND	2241
LK-1131	Ratmalana	Ratmalana	DSD	25005
LK-1131005	Mount Lavinia	Mount Lavinia	GND	2497
LK-1131010	Kawdana West	Kawdana West	GND	1850
LK-1131015	Watarappala	Watarappala	GND	1747
LK-1131020	Wathumulla	Wathumulla	GND	1362
LK-1131025	Katukurunduwatta	Katukurunduwatta	GND	3069
LK-1131030	Attidiya North	Attidiya North	GND	2247
LK-1131035	Attidiya South	Attidiya South	GND	2142
LK-1131040	Piriwena	Piriwena	GND	1512
LK-1131045	Wedikanda	Wedikanda	GND	1977
LK-1131050	Vihara	Vihara	GND	1727
LK-1131055	Rathmalana West	Ratmalana West	GND	1405
LK-1131060	Rathmalana East	Ratmalana East	GND	1494
LK-1131065	Kandawala	Kandawala	GND	1976
LK-1133	Moratuwa	Moratuwa	DSD	43985
LK-1133005	Angulana North	Angulana North	GND	1245
LK-1133010	Kaldemulla	Kaldemulla	GND	1312
LK-1133015	Soysapura North	Soysapura North	GND	906
LK-1133020	Soysapura South	Soysapura South	GND	767
LK-1133025	Dahampura	Dahampura	GND	722
LK-1133030	Thelawala North	Thelawala North	GND	1562
LK-1133035	Borupana	Borupana	GND	1445
LK-1133040	Thelawala South	Thelawala South	GND	1123
LK-1133045	Lakshapathiya North	Lakshapathiya North	GND	1236
LK-1133050	Lakshapathiya Central	Lakshapathiya Central	GND	964
LK-1133055	Angulana South	Angulana South	GND	688
LK-1133060	Uyana South	Uyana South	GND	1456
LK-1133065	Uyana North	Uyana North	GND	1009
LK-1133070	Rawathawatta South	Rawathawatta South	GND	556
LK-1133075	Rawathawatta East	Rawathawatta East	GND	1001
LK-1133080	Lakshapathiya South	Lakshapathiya South	GND	1599
LK-1133085	Kuduwamulla	Kuduwamulla	GND	893
LK-1133090	Katubedda	Katubedda	GND	2528
LK-1133095	Molpe	Molpe	GND	1652
LK-1133100	Moratumulla North	Moratumulla North	GND	787
LK-1133105	Kadalana	Kadalana	GND	961
LK-1133110	Rawathawatta West	Rawathawatta West	GND	939
LK-1133115	Idama	Idama	GND	777
LK-1133120	Uswatta	Uswatta	GND	522
LK-1133125	Moratuwella South	Moratuwella South	GND	1222
LK-1133130	Indibedda West	Indibedda West	GND	1061
LK-1133135	Moratumulla East	Moratumulla East	GND	960
LK-1133140	Moratumulla West	Moratumulla West	GND	930
LK-1133145	Villorawatta East	Villorawatta East	GND	923
LK-1133150	Villorawatta West	Villorawatta West	GND	1119
LK-1133155	Indibedda East	Indibedda East	GND	920
LK-1133160	Moratuwella North	Moratuwella North	GND	620
LK-1133165	Moratuwella West	Moratuwella West	GND	646
LK-1133170	Koralawella North	Koralawella North	GND	1578
LK-1133175	Koralawella East	Koralawella Eest	GND	640
LK-1133180	Koralawella West	Koralawella West	GND	857
LK-1133185	Koralawella South	Koralawella South	GND	841
LK-1133190	Katukurunda North	Katukurunda North	GND	904
LK-1133195	Katukurunda South	Katukurunda South	GND	1012
LK-1133200	Egoda Uyana North	Egoda Uyana North	GND	1226
LK-1133205	Egoda Uyana Central	Egoda Uyana Central	GND	731
LK-1133210	Egoda Uyana South	Egoda Uyana South	GND	1145
LK-1136	Kesbewa	Kesbewa	DSD	75368
LK-1136005	Pepiliyana West	Pepiliyana West	GND	1443
LK-1136010	Pepiliyana East	Pepiliyana East	GND	424
LK-1136015	Divulpitiya East	Divulpitiya East	GND	641
LK-1136020	Divulpitiya West	Divulpitiya West	GND	842
LK-1136025	Bellanvila	Bellanvila	GND	1104
LK-1136030	Boralesgamuwa West A	Boralesgamuwa West A	GND	1213
LK-1136035	Boralesgamuwa West C	Boralesgamuwa West C	GND	407
LK-1136040	Rattanapitiya	Rattanapitiya	GND	1085
LK-1136045	Egodawatta	Egodawatta	GND	889
LK-1136050	Boralesgamuwa East A	Boralesgamuwa East A	GND	1331
LK-1136055	Boralesgamuwa West B	Boralesgamuwa West B	GND	788
LK-1136060	Werahera North	Werahera North	GND	540
LK-1136065	Boralesgamuwa East B	Boralesgamuwa East B	GND	1477
LK-1136070	Neelammahara	Neelammahara	GND	1074
LK-1136075	Katuwawala North	Katuwawala North	GND	1029
LK-1136080	Vishwakalawa	Vishwakalawa	GND	526
LK-1136085	Werahera South	Werahera South	GND	1767
LK-1136090	Katuwawala South	Katuwawala South	GND	446
LK-1136095	Niwanthidiya	Niwanthidiya	GND	1029
LK-1136100	Erewwala West	Erewwala West	GND	1916
LK-1136105	Erewwala North	Erewwala North	GND	1360
LK-1136110	Erewwala East	Erewwala East	GND	808
LK-1136115	Rathmaldeniya	Rathmaldeniya	GND	1616
LK-1136120	Mahalwarawa	Mahalwarawa	GND	881
LK-1136125	Bangalawatta	Bangalawatta	GND	630
LK-1136130	Pelenwatta East	Pelenwatta East	GND	1273
LK-1136135	Pelenwatta North	Pelenwatta North	GND	1587
LK-1136140	Pelenwatta West	Pelenwatta West	GND	1907
LK-1136145	Paligedara	Paligedara	GND	1144
LK-1136150	Kaliyammahara	Kaliyammahara	GND	973
LK-1136155	Bokundara	Bokundara	GND	1135
LK-1136160	Thumbovila South	Thumbovila South	GND	1150
LK-1136165	Thumbovila North	Thumbovila North	GND	1482
LK-1136170	Wewala West	Wewala West	GND	1402
LK-1136175	Wewala East	Wewala East	GND	834
LK-1136180	Thumbovila West	Thumbovila West	GND	809
LK-1136185	Mampe North	Mampe North	GND	1580
LK-1136190	Makuludoowa	Makuludoowa	GND	1063
LK-1136195	Gorakapitiya	Gorakapitiya	GND	581
LK-1136200	Nampamunuwa	Nampamunuwa	GND	1052
LK-1136205	Mavittara North	Mavittara North	GND	909
LK-1136210	Mampe East	Mampe East	GND	652
LK-1136215	Bodhirajapura	Bodhirajapura	GND	594
LK-1136220	Mampe West	Mampe West	GND	872
LK-1136225	Mampe South	Mampe South	GND	569
LK-1136230	Kolamunna	Kolamunna	GND	1076
LK-1136235	Suwarapola East	Suwarapola East	GND	798
LK-1136240	Suwarapola West	Suwarapola West	GND	432
LK-1136245	Hedigama	Hedigama	GND	1293
LK-1136250	Batakettara North	Batakettara North	GND	1902
LK-1136255	Kesbewa North	Kesbewa North	GND	1129
LK-1136260	Kesbewa East	Kesbewa East	GND	598
LK-1136265	Mavittara South	Mavittara South	GND	585
LK-1136270	Honnanthara North	Honnanthara North	GND	1134
LK-1136275	Honnanthara South	Honnanthara South	GND	1426
LK-1136280	Makandana East	Makandana East	GND	1527
LK-1136285	Kesbewa South	Kesbewa South	GND	1872
LK-1136290	Batakettara South	Batakettara South	GND	1999
LK-1136295	Madapatha	Madapatha	GND	1148
LK-1136300	Delthara West	Delthara West	GND	640
LK-1136305	Delthara East	Delthara East	GND	443
LK-1136310	Dampe	Dampe	GND	1383
LK-1136315	Makandana West	Makandana west	GND	1585
LK-1136320	Nivungama	Nivungama	GND	672
LK-1136325	Halpita	Halpita	GND	1682
LK-1136330	Horathuduwa	Horathuduwa	GND	553
LK-1136335	Morenda	Morenda	GND	427
LK-1136340	Batuwandara North	Batuwandara North	GND	471
LK-1136345	Batuwandara South	Batuwandara South	GND	471
LK-1136350	Jamburaliya	Jamburaliya	GND	1125
LK-1136355	Polhena	Polhena	GND	836
LK-1136360	Regidel Watta	Regidel watta	GND	352
LK-1136365	Kahapola	Kahapola	GND	975
LK-12	Gampaha	Gampaha	DISTRICT	683025
LK-1203	Negombo	Negombo	DSD	35897
LK-1203005	Kammalthura	Kammalthura	GND	1005
LK-1203010	Pallansena North	Pallansena North	GND	1038
LK-1203015	Kochchikade	Kochchikade	GND	698
LK-1203020	Pallansena South	Pallansena South	GND	1041
LK-1203025	Daluwakotuwa	Daluwakotuwa	GND	1290
LK-1203030	Palangathure	Palangathure	GND	1335
LK-1203035	Ettukala	Ettukala	GND	896
LK-1203040	Daluwakotuwa East	Daluwakotuwa East	GND	1527
LK-1203045	Kattuwa	Kattuwa	GND	1400
LK-1203050	Dalupotha East	Dalupatha East	GND	1842
LK-1203055	Dalupotha	Dalupatha	GND	1001
LK-1203060	Kudapaduwa	Kudapaduwa	GND	762
LK-1203065	Kudapaduwa North	Kudapaduwa North	GND	901
LK-1203070	Kudapaduwa South	Kudapaduwa South	GND	733
LK-1203075	Wellaweediya	Wellaweediya	GND	825
LK-1203080	Wellaweediya East	Wellaweediya East	GND	568
LK-1203085	Periyamulla	Periyamulla	GND	719
LK-1203090	Hunupitiya	Hunupitiya	GND	1470
LK-1203095	Angurukaramulla	Angurukaramulla	GND	843
LK-1203100	Udayarthoppuwa	Udayarthoppuwa	GND	942
LK-1203105	Wellaweediya South	Wellaweediya South	GND	680
LK-1203110	Muttakkarai North	Munnakkaraya North	GND	535
LK-1203115	Doowa	Doowa	GND	666
LK-1203120	Pitipana North	Pitipana North	GND	807
LK-1203125	Pitipana Central	Pitipana Central	GND	739
LK-1203130	Muttakkarai	Munnakkaraya	GND	702
LK-1203135	Muttakkarai East	Munnakkaraya East	GND	472
LK-1203140	Thaladoowa	Thaladoowa	GND	1698
LK-1203145	Udayarthoppuwa South	Udayarthoppuwa South	GND	609
LK-1203150	Bolawalana	Bolawalana	GND	1275
LK-1203155	Kurana West	Kurana West	GND	932
LK-1203160	Kurana East	Kurana East	GND	730
LK-1203165	Siriwardana Pedesa	Siriwardana Pedesa	GND	790
LK-1203170	Pitipana South - East	Pitipana South - East	GND	899
LK-1203175	Pitipana South - West	Pitipana South - West	GND	969
LK-1203180	Thalahena	Thalahena	GND	1008
LK-1203185	Dungalpitiya	Dungalpitiya	GND	555
LK-1203190	Settappaduwa	Settappaduwa	GND	506
LK-1203195	Kepungoda	Kepungoda	GND	489
LK-1206	Katana	Katana	DSD	74870
LK-1206005	Muruthana	Muruthana	GND	350
LK-1206010	Manaveriya	Manaveriya	GND	518
LK-1206015	Udangawa	Udangawa	GND	535
LK-1206020	Thoppuwa	Thoppuwa	GND	879
LK-1206025	Bambukuliya	Bambukuliya	GND	807
LK-1206030	Katana North	Katana North	GND	859
LK-1206035	Katana East	Katana East	GND	564
LK-1206040	Katana West	Katana West	GND	939
LK-1206045	Maha Ethgala	Maha Ethgala	GND	503
LK-1206050	Ethgala	Ethgala	GND	950
LK-1206055	Adikkandiya	Adikkandiya	GND	315
LK-1206060	Welihena North	Welihena North	GND	500
LK-1206065	Welihena South	Welihena South	GND	1472
LK-1206070	Pahala Kandawala	Pahala Kandawala	GND	543
LK-1206075	Ethgala South	Ethgala South	GND	310
LK-1206080	Ihala Kandawala	Ihala Kandawala	GND	1519
LK-1206085	Kaluwarippuwa West	Kaluwarippuwa West	GND	1303
LK-1206090	Kondagammulla	Kondagammulla	GND	867
LK-1206095	Katiyala	Katiyala	GND	1016
LK-1206100	Kadirana North	Kadirana North	GND	1690
LK-1206105	K.C. De Silva Puraya	K.C. De Silva Puraya	GND	949
LK-1206110	Thimbirigaskatuwa	Thimbirigaskatuwa	GND	800
LK-1206115	Sellakanda	Sellakanda	GND	1278
LK-1206120	Katuwapitiya	Katuwapitiya	GND	718
LK-1206125	Mahahunupitiya West	Mahahunupitiya West	GND	685
LK-1206130	Mahahunupitiya East	Mahahunupitiya East	GND	742
LK-1206135	Pahala Kadirana	Pahala Kadirana	GND	698
LK-1206140	Kadirana	Kadirana	GND	1875
LK-1206145	Akkara 50	Akkara 50	GND	2062
LK-1206150	Kadirana South	Kadirana South	GND	1013
LK-1206155	Kimbulapitiya West	Kimbulapitiya West	GND	869
LK-1206160	Kimbulapitiya North	Kimbulapitiya North	GND	652
LK-1206165	Kimbulapitiya South	Kimbulapitiya South	GND	1087
LK-1206170	Kimbulapitiya Central	Kimbulapitiya Central	GND	1148
LK-1206175	Andiambalama West	Andiambalama West	GND	2007
LK-1206180	Walpola	Walpola	GND	626
LK-1206185	Andiambalama East	Andiambalama East	GND	1137
LK-1206190	Dewamottawa	Dewamottawa	GND	1213
LK-1206195	Kovinna	Kovinna	GND	1681
LK-1206200	Evariwatta	Evariwatta	GND	2775
LK-1206205	Air Force Camp	Air Force Camp	GND	260
LK-1206210	Kurana Katunayaka West	Kurana Katunayaka Central	GND	1022
LK-1206215	Kurana Katunayaka North	Kurana Katunayaka North	GND	837
LK-1206220	Kurana Katunayaka South	Kurana Katunayaka South	GND	564
LK-1206225	Katunayaka North	Katunayaka North	GND	688
LK-1206230	Katunayaka South	Katunayaka South	GND	2663
LK-1206235	Walanagoda	Walanagoda	GND	1158
LK-1206240	Kalahapitiya	Kalahapitiya	GND	855
LK-1206245	Madawala	Madawala	GND	810
LK-1206250	Muthuwadiya	Muthuwadiya	GND	478
LK-1206255	Liyanagemulla North	Liyanagemulla North	GND	1772
LK-1206260	Liyanagemulla South	Liyanagemulla South	GND	1469
LK-1206265	Amandoluwa	Amandoluwa	GND	3589
LK-1206270	Thempala	Thempala	GND	487
LK-1206275	Kuswala	Kuswala	GND	716
LK-1206280	Ganepola	Ganepola	GND	647
LK-1206285	Heenatiyana West	Heenatiyana West	GND	780
LK-1206290	Heenatiyana South	Heenatiyana South	GND	740
LK-1206295	Heenatiyana East	Heenatiyana East	GND	601
LK-1206300	Raddolugama North A	Raddolugama North A	GND	310
LK-1206305	Raddolugama North	Raddolugama North	GND	357
LK-1206310	Raddolugama South	Raddolugama South	GND	502
LK-1206315	Raddolugama South A	Raddolugama South A	GND	468
LK-1206320	Raddoluwa North	Raddoluwa North	GND	924
LK-1206325	Raddoluwa West	Raddoluwa West	GND	906
LK-1206330	Seeduwa	Seeduwa	GND	1488
LK-1206335	Mookalangamuwa West	Mookalangamuwa West	GND	925
LK-1206340	Mookalangamuwa East	Mookalangamuwa East	GND	697
LK-1206345	Bandarawatta East	Bandarawatta East	GND	420
LK-1206350	Bandarawatta West	Bandarawatta West	GND	1623
LK-1206355	Dambaduraya	Dambaduraya	GND	488
LK-1206360	Raddoluwa South	Raddoluwa South	GND	964
LK-1206365	Lansiyawadiya	Lansiyawadiya	GND	756
LK-1206370	Kotugoda	Kotugoda	GND	775
LK-1206375	Kasagahawatta	Kasagahawatta	GND	600
LK-1206380	Udammita North	Udammita North	GND	477
LK-1206385	Alawathupitiya	Alawathupitiya	GND	367
LK-1206390	Udammita South	Udammita South	GND	423
LK-1206395	Ambalammulla	Ambalammulla	GND	810
LK-1209	Divulapitiya	Divulapitiya	DSD	44830
LK-1209005	Andimulla	Andimulla	GND	412
LK-1209010	Ambalayaya	Ambalayaya	GND	356
LK-1209015	Bolagala	Bolagala	GND	202
LK-1209020	Otharawadiya	Otharawadiya	GND	268
LK-1209025	Godigamuwa West	Godigamuwa West	GND	278
LK-1209030	Godigamuwa East	Godigamuwa East	GND	522
LK-1209035	Balawala	Balawala	GND	173
LK-1209040	Badalgama	Badalgama	GND	400
LK-1209045	Delpakadawara	Delpakadawara	GND	157
LK-1209050	Siringapathawatta	Siringapathawatta	GND	101
LK-1209055	Pethigoda	Pethigoda	GND	511
LK-1209060	Alugolla	Alugolla	GND	457
LK-1209065	Polwatta	Polwatta	GND	342
LK-1209070	Polhena	Polhena	GND	302
LK-1209075	Mellawagedara	Mellawagedara	GND	442
LK-1209080	Diklanda	Diklanda	GND	224
LK-1209085	Katukenda	Katukenda	GND	484
LK-1209090	Akarangaha	Akarangaha	GND	336
LK-1209095	Kehelella West	Kehelella West	GND	288
LK-1209100	Lihiniyagammana	Lihiniyagammana	GND	311
LK-1209105	Akaragama East	Akaragama East	GND	256
LK-1209110	Akaragama West	Akaragama West	GND	494
LK-1209115	Akaragama North	Akaragama North	GND	397
LK-1209120	Pahala Madampella	Pahala Madampella	GND	526
LK-1209125	Halpe 1	Halpe	GND	678
LK-1209130	Kaluwarippuwa East - Uthura	Kaluwarippuwa East - Uthura	GND	574
LK-1209135	Kongodamulla North	Kongodamulla North	GND	247
LK-1209140	Kongodamulla West	Kongodamulla West	GND	531
LK-1209145	Kongodamulla South	Kongodamulla South	GND	430
LK-1209150	Kongodamulla East	Kongodamulla East	GND	500
LK-1209155	Ihala Madampella North	Ihala Madampella North	GND	278
LK-1209160	Ihala Madampella West	Ihala Madampella West	GND	337
LK-1209165	Ihala Madampella East	Ihala Madampella East	GND	294
LK-1209170	Ihalagama	Ihalagama	GND	248
LK-1209175	Kehelella South	Kehelella South	GND	448
LK-1209180	Kehelella North	Kehelella North	GND	295
LK-1209185	Delwagura	Delwagura	GND	258
LK-1209190	Wekada	Wekada	GND	305
LK-1209195	Kalumada	Kalumada	GND	196
LK-1209200	Agalegedara	Agalegedara	GND	303
LK-1209205	Waradala	Waradala	GND	537
LK-1209210	Kotadeniyawa	Kotadeniyawa	GND	622
LK-1209215	Erabadda	Erabadda	GND	214
LK-1209220	Diyagampala	Diyagampala	GND	380
LK-1209225	Koradaminna	Koradaminna	GND	261
LK-1209230	Dimbuldeniya	Dimbuldeniya	GND	301
LK-1209235	Paragoda North	Paragoda North	GND	252
LK-1209240	Paragoda South	Paragoda South	GND	202
LK-1209245	Moragalkanda	Moragalkanda	GND	103
LK-1209250	Nawana West	Nawana West	GND	240
LK-1209255	Hettimulla	Hettimulla	GND	310
LK-1209260	Haloluwa	Haloluwa	GND	265
LK-1209265	Kelegedara	Kelegedara	GND	248
LK-1209270	Heeralugedara	Heeralugedara	GND	484
LK-1209275	Walpita	Walpita	GND	369
LK-1209280	Welagana	Welagana	GND	277
LK-1209285	Thammita	Thammita	GND	481
LK-1209290	Palliyapitiya West	Palliyapitiya West	GND	272
LK-1209295	Induragara North	Induragara North	GND	609
LK-1209300	Induragara South	Induragara South	GND	242
LK-1209305	Kadawala North	Kadawala North	GND	607
LK-1209310	Kadawala	Kadawala	GND	296
LK-1209315	Kaluwarippuwa East - Dakuna	Kaluwarippuwa East - Dakuna	GND	800
LK-1209320	Miriswatta	Miriswatta	GND	545
LK-1209325	Dagonna North	Dagonna North	GND	457
LK-1209330	Dagonna East	Dagonna East	GND	453
LK-1209335	Halgahawelawatta	Halgahawelawatta	GND	199
LK-1209340	Katuwellegama North	Katuwellegama North	GND	330
LK-1209345	Kadawala South	Kadawala South	GND	329
LK-1209350	Batepola	Batepola	GND	489
LK-1209355	Doonagaha South	Doonagaha South	GND	524
LK-1209360	Doonagaha	Doonagaha	GND	270
LK-1209365	Palliyapitiya East	Palliyapitiya East	GND	443
LK-1209370	Hunumulla	Hunumulla	GND	509
LK-1209375	Hapugahagama	Hapugahagama	GND	222
LK-1209380	Barawavila	Barawavila	GND	345
LK-1209385	Kudagammana	Kudagammana	GND	561
LK-1209390	Pahala Madithiyawala	Pahala Madithiyawala	GND	340
LK-1209395	Kaluaggala	Kaluaggala	GND	284
LK-1209400	Kuleegedara	Kuleegedara	GND	284
LK-1209405	Nawana East	Nawana East	GND	171
LK-1209410	Nariyamulla	Nariyamulla	GND	156
LK-1209415	Halpe 2	Halpe	GND	850
LK-1209420	Parana Halpe West	Parana Halpe West	GND	352
LK-1209425	Parana Halpe East	Parana Halpe East	GND	231
LK-1209430	Gurullagama	Gurullagama	GND	234
LK-1209435	Kithulwala Ihala	Kithulwala Ihala	GND	334
LK-1209440	Kithulwala Pahala	Kithulwala Pahala	GND	273
LK-1209445	Kithulwala North	Kithulwala North	GND	313
LK-1209450	Kaluaggala Pahalagama	Kaluaggala Pahalagama	GND	192
LK-1209455	Wattemulla	Wattemulla	GND	353
LK-1209460	Ihala Madithiyawala	Ihala Madithiyawala	GND	271
LK-1209465	Hangawatta	Hangawatta	GND	119
LK-1209470	Rassapana	Rassapana	GND	132
LK-1209475	Balagalla West	Balagalla West	GND	357
LK-1209480	Parana Handiya	Parana Handiya	GND	118
LK-1209485	Pinnakele	Pinnakele	GND	262
LK-1209490	Pinnakele South	Pinnakele South	GND	269
LK-1209495	Urapana	Urapana	GND	420
LK-1209500	Kelepitimulla	Kelepitimulla	GND	670
LK-1209505	Sayakkaramulla	Sayakkaramulla	GND	217
LK-1209510	Henpitagedara	Henpitagedara	GND	355
LK-1209515	Aluthepola West	Aluthepola West	GND	520
LK-1209520	Thotillagahawatta	Thotillagahawatta	GND	412
LK-1209525	Katuwellegama South	Katuwellegama South	GND	476
LK-1209530	Palugahawela	Palugahawela	GND	403
LK-1209535	Dagonna South	Dagonna South	GND	922
LK-1209540	Hapuwalana South	Hapuwalana South	GND	231
LK-1209545	Hapuwalana	Hapuwalana	GND	232
LK-1209550	Bomugammana North	Bomugammana North	GND	559
LK-1209555	Bomugammana South	Bomugammana South	GND	297
LK-1209560	Pinnalanda	Pinnalanda	GND	233
LK-1209565	Divulapitiya	Divulapitiya	GND	487
LK-1209570	Balagalla East	Balagalla East	GND	250
LK-1209575	Ullalapola East	Ullalapola East	GND	321
LK-1209580	Ullalapola West	Ullalapola West	GND	360
LK-1209585	Wewagedara	Wewagedara	GND	298
LK-1209590	Horagasmulla	Horagasmulla	GND	481
LK-1209595	Assennawatta East	Assennawatta East	GND	1000
LK-1209600	Hapuwalana North	Hapuwalana North	GND	236
LK-1209605	Assennawatta West	Assennawatta West	GND	297
LK-1209610	Weragodamulla	Weragodamulla	GND	647
LK-1209615	Aluthepola East	Aluthepola East	GND	402
LK-1212	Mirigama	Mirigama	DSD	49540
LK-1212005	Nalla	Nalla	GND	1183
LK-1212010	Giriullagama	Giriullagama	GND	466
LK-1212015	Loluwagoda	Loluwagoda	GND	714
LK-1212020	Delwala South	Delwala South	GND	253
LK-1212025	Delwala	Delwala	GND	233
LK-1212030	Loluwagoda South	Loluwagoda South	GND	325
LK-1212035	Madurupitiya	Madurupitiya	GND	247
LK-1212040	Hapugahagedara	Hapugahagedara	GND	288
LK-1212045	Kandangamuwa	Kandangamuwa	GND	422
LK-1212050	Henegama	Henegama	GND	317
LK-1212055	Maladeniya	Maladeniya	GND	351
LK-1212060	Kahandawa	Kahandawa	GND	479
LK-1212065	Kandalama	Kandalama	GND	426
LK-1212070	Walbothale	Walbothale	GND	682
LK-1212075	Pirisyala	Pirisyala	GND	287
LK-1212080	Kamarangawa	Kamarangawa	GND	212
LK-1212085	Keenadeniya	Keenadeniya	GND	390
LK-1212090	Bothale Pahalagama North	Bothale Pahalagama North	GND	396
LK-1212095	Maveehena	Maveehena	GND	287
LK-1212100	Kurunduwatta	Kurunduwatta	GND	349
LK-1212105	Purana Meerigama	Purana Mirigama	GND	316
LK-1212110	Hakurukumbura	Hakurukumbura	GND	697
LK-1212115	Mugurugampala	Mugurugampala	GND	514
LK-1212120	Vilwatta	Vilwatta	GND	417
LK-1212125	Thawalampitiya	Thawalampitiya	GND	245
LK-1212130	Bothale Pahalagama	Bothale Pahalagama	GND	317
LK-1212135	Bothale Pahalagama West	Bothale Pahalagama West	GND	267
LK-1212140	Bothale Medagama	Bothale Medagama	GND	265
LK-1212145	Bothale Pahalagama East	Bothale Pahalagama East	GND	531
LK-1212150	Thalagama East	Thalagama East	GND	145
LK-1212155	Thalagama	Thalagama	GND	227
LK-1212160	Balathawa	Balathawa	GND	253
LK-1212165	Makoora	Makoora	GND	145
LK-1212170	Pottekanda	Pottekanda	GND	182
LK-1212175	Bothale Ihalagama	Bothale Ihalagama	GND	263
LK-1212180	Andagalakanda	Andagalakanda	GND	174
LK-1212185	Halugama Ihala	Halugama Ihala	GND	243
LK-1212190	Kindiwala	Kindiwala	GND	156
LK-1212195	Halugama Pahala	Halugama Pahala	GND	156
LK-1212200	Meerigama	Mirigama	GND	103
LK-1212205	Walawwatta	Walawwatta	GND	356
LK-1212210	Thilinagama	Thilinagama	GND	349
LK-1212215	Vijayarajadahana	Vijayarajadahana	GND	247
LK-1212220	Neligama Ihala	Neligama Ihala	GND	148
LK-1212225	Neligama Central	Neligama Central	GND	219
LK-1212230	Neligama	Neligama	GND	290
LK-1212235	Lindara	Lindara	GND	283
LK-1212240	Halugama	Halugama	GND	429
LK-1212245	Siyambalagoda	Siyambalagoda	GND	218
LK-1212250	Lindara Pahala	Lindara Pahala	GND	168
LK-1212255	Pohonnaruwa	Pohonnaruwa	GND	367
LK-1212260	Indiparape	Indiparape	GND	289
LK-1212265	Kosetadeniya	Kosetadeniya	GND	220
LK-1212270	Imbulanwala	Imbulanwala	GND	262
LK-1212275	Uduulla	Uduulla	GND	165
LK-1212280	Gaspe	Gaspe	GND	446
LK-1212285	Banduragoda	Banduragoda	GND	281
LK-1212290	Keppitiwalana	Keppitiwalana	GND	394
LK-1212295	Gaspe Pahalagama	Gaspe Pahalagama	GND	244
LK-1212300	Galgana	Galgana	GND	126
LK-1212305	Pelapitigama	Pelapitigama	GND	406
LK-1212310	Elhena	Elhena	GND	527
LK-1212315	Ganegoda	Ganegoda	GND	329
LK-1212320	Hiriwala	Hiriwala	GND	520
LK-1212325	Handurumulla	Handurumulla	GND	213
LK-1212330	Pamunuwatta	Pamunuwatta	GND	396
LK-1212335	Lindara Ihala	Lindara Ihala	GND	141
LK-1212340	Arukgoda	Arukgoda	GND	155
LK-1212345	Madabavita	Madabavita	GND	376
LK-1212350	Madabavita Ihalagama	Madabavita Ihalagama	GND	280
LK-1212355	Newgala	Newgala	GND	294
LK-1212360	Danovita	Danovita	GND	432
LK-1212365	Weweldeniya Pahalagama	Weweldeniya Pahalagama	GND	283
LK-1212370	Weweldeniya Pahalagama West	Weweldeniya Pahalagama West	GND	408
LK-1212375	Henepola	Henepola	GND	162
LK-1212380	Palmada	Palmada	GND	214
LK-1212385	Kal/ Pallewela	Kal/Pallewela	GND	318
LK-1212390	Raddalgoda	Raddalgoda	GND	257
LK-1212395	Ihala Bokalagama	Ihala Bokalagama	GND	339
LK-1212400	Pahala Bokalagama	Pahala Bokalagama	GND	641
LK-1212405	Kukulnape	Kukulnape	GND	209
LK-1212410	Gaspe South	Gaspe South	GND	243
LK-1212415	Muddaragama	Muddaragama	GND	286
LK-1212420	Hanchapola	Hanchapola	GND	296
LK-1212425	Hirikuluwa	Hirikuluwa	GND	190
LK-1212430	Pathagama	Pathagama	GND	210
LK-1212435	Borukgamuwa West	Borukgamuwa West	GND	259
LK-1212440	Borukgamuwa	Borukgamuwa	GND	330
LK-1212445	Pallewela	Pallewela	GND	208
LK-1212450	Weragoda/ Kakkele	Weragoda/Kakkele	GND	353
LK-1212455	Hansagiriya	Hansagiriya	GND	534
LK-1212460	Wellevilamulla North	Wellevilamulla North	GND	285
LK-1212465	Wellevilamulla	Wellevilamulla	GND	252
LK-1212470	Udawela	Udawela	GND	425
LK-1212475	Hapitigama	Hapitigama	GND	301
LK-1212480	Makkanigoda North	Makkanigoda North	GND	482
LK-1212485	Pahalawela	Pahalawela	GND	187
LK-1212490	Millawala	Millawala	GND	358
LK-1212495	Weweldeniya Ihalagama West	Weweldeniya Ihalagama West	GND	194
LK-1212500	Weweldeniya Ihalagama	Weweldeniya Ihalagama	GND	238
LK-1212505	Kotadeniya	Kotadeniya	GND	288
LK-1212510	Ilukpatha/ Weragoda	Ilukpatha/Weragoda	GND	340
LK-1212515	Hedidenikanda	Hedidenikanda	GND	215
LK-1212520	Radawadunna	Radawadunna	GND	314
LK-1212525	Bataleeya	Bataleeya	GND	331
LK-1212530	Bataleeya South	Bataleeya South	GND	267
LK-1212535	Bolana	Bolana	GND	242
LK-1212540	Mallehewa	Mallehewa	GND	249
LK-1212545	Webadamulla	Webadamulla	GND	626
LK-1212550	Weragoda	Weragoda	GND	262
LK-1212555	Midellawala	Midellawala	GND	138
LK-1212560	Kendalanda	Kendalanda	GND	314
LK-1212565	Nungamuwa	Nungamuwa	GND	381
LK-1212570	Uthuwanbogahawatta	Uthuwanbogahawatta	GND	462
LK-1212575	Maligathenna Pahala	Maligathenna Pahala	GND	488
LK-1212580	Maligathenna Central	Maligathenna Central	GND	548
LK-1212585	Wandurawa	Wandurawa	GND	514
LK-1212590	Galgamuwa West	Galgamuwa West	GND	463
LK-1212595	Galgamuwa East	Galgamuwa East	GND	291
LK-1212600	Kumbaloluwa	Kumbaloluwa	GND	147
LK-1212605	Kumbaloluwa Ihala	Kumbaloluwa Ihala	GND	343
LK-1212610	Kumbaloluwa Pahala	Kumbaloluwa Pahala	GND	321
LK-1212615	Dumunnegedara South	Dumunnegedara South	GND	211
LK-1212620	Dumunnegedara	Dumunnegedara	GND	233
LK-1212625	Pasyala	Pasyala	GND	316
LK-1212630	Pasyala West	Pasyala West	GND	222
LK-1212635	Muruthawala	Muruthawala	GND	176
LK-1212640	Kithanawatta	Kithanawatta	GND	771
LK-1212645	Kammalpitiya	Kammalpitiya	GND	395
LK-1212650	Radawadunna Central	Radawadunna Central	GND	292
LK-1212655	Imbulgasovita	Imbulgasovita	GND	285
LK-1212660	Radawadunna Pahala	Radawadunna Pahala	GND	222
LK-1212665	Weerasooriyakanda	Weerasooriyakanda	GND	494
LK-1212670	Pasyala East	Pasyala East	GND	295
LK-1212675	Udugama	Udugama	GND	445
LK-1212680	Panawala	Panawala	GND	268
LK-1212685	Delgahamedilla	Delgahamedilla	GND	382
LK-1212690	Mottunna West	Mottunna West	GND	296
LK-1212695	Mottunna	Mottunna	GND	238
LK-1212700	Maligathenna	Maligathenna	GND	704
LK-1212705	Kureekotuwa	Kureekotuwa	GND	953
LK-1212710	Hakwadunna	Hakwadunna	GND	318
LK-1212715	Kureekotuwa Pahala	Kureekotuwa Pahala	GND	267
LK-1212720	Ellalamulla	Ellalamulla	GND	539
LK-1212725	Debahera	Debahera	GND	367
LK-1212730	Mawathahena	Mawathahena	GND	349
LK-1212735	Meevitiya	Meevitiya	GND	507
LK-1212740	Ketakalapitiya	Ketakalapitiya	GND	207
LK-1212745	Dambutuwa	Dambutuwa	GND	289
LK-1215	Minuwangoda	Minuwangoda	DSD	56287
LK-1215005	Medemulla North	Medemulla North	GND	495
LK-1215010	Nilpanagoda West	Nilpanagoda West	GND	478
LK-1215015	Nilpanagoda East	Nilpanagoda East	GND	419
LK-1215020	Nilpanagoda	Nilpanagoda	GND	793
LK-1215025	Arangawa	Arangawa	GND	521
LK-1215030	Horampella North	Horampella North	GND	599
LK-1215035	Galkanda	Galkanda	GND	276
LK-1215040	Bodhipihituwala	Bodhipihituwala	GND	588
LK-1215045	Watinapaha	Watinapaha	GND	356
LK-1215050	Mabodala West	Mabodala West	GND	579
LK-1215055	Mabodala North	Mabodala North	GND	387
LK-1215060	Ihala Vithanamulla	Ihala Vithanamulla	GND	354
LK-1215065	Nalapaha	Nalapaha	GND	242
LK-1215070	Pahala Vithanamulla	Pahala Vithanamulla	GND	229
LK-1215075	Mabodala East	Mabodala East	GND	325
LK-1215080	Mabodala South	Mabodala South	GND	240
LK-1215085	Watinapaha South	Watinapaha South	GND	367
LK-1215090	Wankepumulla	Wankepumulla	GND	136
LK-1215095	Kamaragoda	Kamaragoda	GND	373
LK-1215100	Kudagoda	Kudagoda	GND	324
LK-1215105	Horampella South	Horampella South	GND	347
LK-1215110	Mahagama	Mahagama	GND	570
LK-1215115	Wegowwa South	Wegowwa South	GND	510
LK-1215120	Minuwangoda East	Minuwangoda East	GND	558
LK-1215125	Minuwangoda North	Minuwangoda North	GND	298
LK-1215130	Medemulla South	Medemulla South	GND	960
LK-1215135	Boragodawatta North	Boragodawatta North	GND	596
LK-1215140	Yatiyana	Yatiyana	GND	839
LK-1215145	Peellawatta	Peellawatta	GND	749
LK-1215150	Unnaruwa	Unnaruwa	GND	490
LK-1215155	Yatiyana Central	Yatiyana Central	GND	459
LK-1215160	Yatiyana East	Yatiyana East	GND	677
LK-1215165	Kopiwatta	Kopiwatta	GND	416
LK-1215170	Boragodawatta South	Boragodawatta South	GND	607
LK-1215175	Minuwangoda West	Minuwangoda West	GND	349
LK-1215180	Meda Minuwangoda	Meda Minuwangoda	GND	211
LK-1215185	Pansilgoda	Pansilgoda	GND	357
LK-1215190	Wegowwa East	Wegowwa East	GND	258
LK-1215195	Helakandana	Helakandana	GND	644
LK-1215200	Peralanda	Peralanda	GND	310
LK-1215205	Dewalapola	Dewalapola	GND	538
LK-1215210	Wadumulla	Wadumulla	GND	419
LK-1215215	Metikotumulla	Metikotumulla	GND	374
LK-1215220	Essella	Essella	GND	206
LK-1215225	Yatagama	Yatagama	GND	293
LK-1215230	Naiwala North	Naiwala North	GND	456
LK-1215235	Naiwala East	Naiwala East	GND	466
LK-1215240	Naiwala West	Naiwala West	GND	399
LK-1215245	Walpitamulla	Walpitamulla	GND	811
LK-1215250	Balabowa	Balabowa	GND	539
LK-1215255	Balabowa West	Balabowa West	GND	607
LK-1215260	Pethiyagoda North	Pethiyagoda North	GND	285
LK-1215265	Gallegedara	Gallegedara	GND	316
LK-1215270	Ganihimulla	Ganihimulla	GND	520
LK-1215275	Hendimahara	Hendimahara	GND	501
LK-1215280	Kalawana	Kalawana	GND	456
LK-1215285	Wattegedara	Wattegedara	GND	316
LK-1215290	Ambagahawatta	Ambagahawatta	GND	273
LK-1215295	Galloluwa East	Galloluwa East	GND	704
LK-1215300	Galloluwa	Galloluwa	GND	961
LK-1215305	Kalahugoda	Kalahugoda	GND	471
LK-1215310	Polwatta West	Polwatta west	GND	379
LK-1215315	Polwatta East	Polwatta East	GND	367
LK-1215320	Pattanduwana North	Pattanduwana North	GND	315
LK-1215325	Ellangala	Ellangala	GND	216
LK-1215330	Burullapitiya	Burullapitiya	GND	293
LK-1215335	Mathammana	Mathammana	GND	561
LK-1215340	Weediyawatta East	Weediyawatta East	GND	458
LK-1215345	Goigama	Goigama	GND	336
LK-1215350	Ihala Udugampala	Ihala Udugampala	GND	569
LK-1215355	Pethiyagoda South	Pethiyagoda South	GND	322
LK-1215360	Korase	Korase	GND	346
LK-1215365	Korase Meda	Korase Meda	GND	474
LK-1215370	Marapola	Marapola	GND	794
LK-1215375	Vigoda	Vigoda	GND	614
LK-1215380	Doranagoda East	Doranagoda East	GND	368
LK-1215385	Korase East	Korase East	GND	265
LK-1215390	Doranagoda North	Doranagoda North	GND	443
LK-1215395	Doranagoda West	Doranagoda West	GND	374
LK-1215400	Pahala Udugampola East	Pahala Udugampola East	GND	579
LK-1215405	Pahala Udugampola North	Pahala Udugampola North	GND	524
LK-1215410	Pahala Udugampola West	Pahala Udugampola West	GND	506
LK-1215415	Weediyawatta West	Weediyawatta West	GND	746
LK-1215420	Welhena	Welhena	GND	506
LK-1215425	Weliya	Weliya	GND	433
LK-1215430	Pattanduwana	Pattanduwana	GND	390
LK-1215435	Pattanduwana West	Pattanduwana West	GND	433
LK-1215440	Yagodamulla North	Yagodamulla North	GND	670
LK-1215445	Yagodamulla	Yagodamulla	GND	349
LK-1215450	Uggalboda West	Uggalboda West	GND	537
LK-1215455	Uggalboda	Uggalboda	GND	471
LK-1215460	Kehelbaddara West	Kehelbaddara West	GND	491
LK-1215465	Kehelbaddara East	Kehelbaddara East	GND	517
LK-1215470	Pahala Udugampola South	Pahala Udugampola South	GND	417
LK-1215475	Asgiriwalpola North	Asgiriwalpola North	GND	492
LK-1215480	Dombawala	Dombawala	GND	531
LK-1215485	Pedipola	Pedipola	GND	450
LK-1215490	Doranagoda South	Doranagoda South	GND	596
LK-1215495	Wathumulla	Wathumulla	GND	784
LK-1215500	Asgiriya North	Asgiriya North	GND	513
LK-1215505	Asgiriya South	Asgiriya South	GND	555
LK-1215510	Asgiriya	Asgiriya	GND	411
LK-1215515	Asgiriya West	Asgiriya West	GND	386
LK-1215520	Asgiriwalpola South	Asgiriwalpola South	GND	625
LK-1215525	Asgiriwalpola West	Asgiriwalpola West	GND	558
LK-1215530	Madelgamuwa East	Madelgamuwa East	GND	337
LK-1215535	Batapotha	Batapotha	GND	691
LK-1215540	Nedagamuwa North	Nedagamuwa North	GND	541
LK-1215545	Nedagamuwa South	Nedagamuwa South	GND	346
LK-1215550	Nedagamuwa West	Nedagamuwa West	GND	567
LK-1215555	Arachchiwatta	Arachchiwatta	GND	241
LK-1215560	Yagodamulla South	Yagodamulla South	GND	391
LK-1215565	Samurdhigama	Samurdhigama	GND	323
LK-1215570	Opatha	Opatha	GND	718
LK-1215575	Kotugoda 2	Kotugoda 2	GND	390
LK-1215580	Kotugoda 1	Kotugoda 1	GND	321
LK-1215585	Maduruvita	Maduruvita	GND	510
LK-1215590	Siyambalapitiya	Siyambalapitiya	GND	580
LK-1215595	Madelgamuwa West	Madelgamuwa West	GND	439
LK-1215600	Thammita West	Thammita West	GND	283
LK-1215605	Thammita	Thammita	GND	448
LK-1218	Wattala	Wattala	DSD	48787
LK-1218005	Pamunugama	Pamunugama	GND	699
LK-1218010	Maha Pamunugama	Maha Pamunugama	GND	501
LK-1218015	Delathura West	Delathura West	GND	714
LK-1218020	Delathura East	Delathura East	GND	398
LK-1218025	Bopitiyathuduwa	Bopitiyathuduwa	GND	604
LK-1218030	Bopitiya	Bopitiya	GND	677
LK-1218035	Pulluhena	Pulluhena	GND	507
LK-1218040	Paranambalama	Paranambalama	GND	794
LK-1218045	Nugape	Nugape	GND	420
LK-1218050	Kunjawatta	Kunjawatta	GND	959
LK-1218055	Mangulpokuna	Mangulpokuna	GND	1206
LK-1218060	Elehiwatta	Elehiwatta	GND	1290
LK-1218065	Welisara	Welisara	GND	1167
LK-1218070	Pattiyawala	Pattiyawala	GND	1448
LK-1218075	Uswetakeiyawa	Uswetakeiyawa	GND	1145
LK-1218080	Mahabage	Mahabage	GND	1072
LK-1218085	Elapitiwala	Elapitiwala	GND	1358
LK-1218090	Horapethuduwa	Horapethuduwa	GND	590
LK-1218095	Horape	Horape	GND	627
LK-1218100	Kurukulawa North	Kurukulawa North	GND	783
LK-1218105	Kurukulawa South	Kurukulawa South	GND	723
LK-1218110	Heenkenda	Heenkenda	GND	942
LK-1218115	Thuduwegedara	Thuduwegedara	GND	738
LK-1218120	Galudupita	Galudupita	GND	1196
LK-1218125	Mattumagala	Mattumagala	GND	1532
LK-1218130	Kerangapokuna	Kerangapokuna	GND	781
LK-1218135	Kerawalapitiya	Kerawalapitiya	GND	3561
LK-1218140	Matagoda	Matagoda	GND	2087
LK-1218145	Balagala	Balagala	GND	2298
LK-1218150	Dikovita	Dikovita	GND	424
LK-1218155	Palliyawatta North	Palliyawatta North	GND	1307
LK-1218160	Elakanda	Elakanda	GND	753
LK-1218165	Nayakakanda North	Nayakakanda North	GND	604
LK-1218170	Mabola	Mabola	GND	941
LK-1218175	Welikadamulla	Welikadamulla	GND	2429
LK-1218180	Wattala	Wattala	GND	812
LK-1218185	Hendala North	Hendala North	GND	1193
LK-1218190	Hendala South	Hendala South	GND	1160
LK-1218195	Nayakakanda South	Nayakakanda South	GND	813
LK-1218200	Thimbirigasyaya	Thimbirigasyaya	GND	1203
LK-1218205	Palliyawatta South	Palliyawatta South	GND	989
LK-1218210	Kurunduhena	Kurunduhena	GND	932
LK-1218215	Evariwatta	Evariwatta	GND	1221
LK-1218220	Telangapatha	Telangapatha	GND	1187
LK-1218225	Galwetiya	Galwetiya	GND	689
LK-1218230	Hekitta	Hekitta	GND	1313
LK-1221	Ja Ela	Ja-Ela	DSD	57159
LK-1221005	Mahawatta	Mahawatta	GND	3264
LK-1221010	Dandugama	Dandugama	GND	849
LK-1221015	Dehiyagatha North	Dehiyagatha North	GND	514
LK-1221020	Kudahakapola North	Kudahakapola North	GND	516
LK-1221025	Gallawatta	Gallawatta	GND	1652
LK-1221030	Ekala	Ekala	GND	1009
LK-1221035	Dehiyagatha South	Dehiyagatha South	GND	313
LK-1221040	Kudahakapola South	Kudahakapola South	GND	495
LK-1221045	Ekala Kurunduwatta	Ekala Kurunduwatta	GND	641
LK-1221050	Vishakawatta	Vishakawatta	GND	1255
LK-1221055	Thudella North	Thudella North	GND	684
LK-1221060	Thudella West	Thudella West	GND	998
LK-1221065	Thudella South	Thudella South	GND	409
LK-1221070	Kanuwana	Kanuwana	GND	774
LK-1221075	Alexendrawatta	Alexendrawatta	GND	1543
LK-1221080	Bandigoda	Bandigoda	GND	1005
LK-1221085	Yakkaduwa	Yakkaduwa	GND	1068
LK-1221090	Nivandama North	Nivandama North	GND	1059
LK-1221095	Nivandama South	Nivandama South	GND	970
LK-1221100	Batagama North	Batagama North	GND	1121
LK-1221105	Maeliya	Maeliya	GND	1159
LK-1221110	Ja-Ela	Ja-Ela	GND	612
LK-1221115	Weligampitiya North	Weligampitiya North	GND	530
LK-1221120	Indivitiya	Indivitiya	GND	832
LK-1221125	Wewala	Wewala	GND	1091
LK-1221130	Weligampitiya South	Weligampitiya South	GND	1153
LK-1221135	Thumpeliya	Thumpeliya	GND	864
LK-1221140	Indiminna	Indiminna	GND	961
LK-1221145	Dolahena	Dolahena	GND	731
LK-1221150	Hapugoda West	Hapugoda West	GND	501
LK-1221155	Kapuwatta	Kapuwatta	GND	1633
LK-1221160	Kalaeliya	Kalaeliya	GND	705
LK-1221165	Nedurupitiya	Nedurupitiya	GND	648
LK-1221170	Rilavulla	Rilavulla	GND	820
LK-1221175	Kandana East	Kandana East	GND	243
LK-1221180	Kandana West	Kandana West	GND	470
LK-1221185	Uswatta	Uswatta	GND	1002
LK-1221190	Hapugoda Central	Hapugoda Central	GND	611
LK-1221195	Batagama South	Batagama South	GND	945
LK-1221200	Polpitimookalana	Polpitimookalana	GND	1563
LK-1221205	Batuwatta West	Batuwatta West	GND	1151
LK-1221210	Batuwatta East	Batuwatta East	GND	1087
LK-1221215	Walpola East	Walpola East	GND	1218
LK-1221220	Jayasrigama	Jayasrigama	GND	1157
LK-1221225	Hapugoda East	Hapugoda East	GND	777
LK-1221230	Nagoda	Nagoda	GND	997
LK-1221235	Jayasamarugama	Jayasamarugama	GND	1440
LK-1221240	Peralanda	Peralanda	GND	1622
LK-1221245	Podiveekumbura	Podiveekumbura	GND	1590
LK-1221250	Walpola West	Walpola West	GND	1275
LK-1221255	Narangodapaluwa West	Narangodapaluwa West	GND	1107
LK-1221260	Narangodapaluwa East	Narangodapaluwa East	GND	1255
LK-1221265	Thewatta	Thewatta	GND	1090
LK-1221270	Ragama	Ragama	GND	1099
LK-1221275	Ketagewatta	Ketagewatta	GND	998
LK-1221280	Dambuwa	Dambuwa	GND	1130
LK-1221285	Rampitiya	Rampitiya	GND	953
LK-1224	Gampaha	Gampaha	DSD	57568
LK-1224005	Makevita North	Makevita North	GND	504
LK-1224010	Makevita South	Makevita South	GND	439
LK-1224015	Mabima	Mabima	GND	471
LK-1224020	Gonagaha II	Gonagaha II	GND	449
LK-1224025	Welikada	Welikada	GND	327
LK-1224030	Gonagaha I	Gonagaha i	GND	261
LK-1224035	Ambanvita	Ambanvita	GND	204
LK-1224040	Kirindivita	Kirindivita	GND	278
LK-1224045	Akaravita	Akaravita	GND	484
LK-1224050	Pahalagama	Pahalagama	GND	394
LK-1224055	Medagama II	Medagama ii	GND	537
LK-1224060	Ihalagama West	Ihalagama West	GND	547
LK-1224065	Ihalagama East	Ihalagama East	GND	603
LK-1224070	Gampaha Aluthgama North	Gampaha Aluthgama North	GND	629
LK-1224075	Karanekamulla	Karanekamulla	GND	200
LK-1224080	Baduwathugoda	Baduwathugoda	GND	330
LK-1224085	Boraliyawatha	Boraliyawatha	GND	367
LK-1224090	Thittalapitigoda	Thittalapitigoda	GND	363
LK-1224095	Aluthgama Bogamuwa North	Aluthgama Bogamuwa North	GND	1124
LK-1224100	Aluthgama Bogamuwa South	Aluthgama Bogamuwa South	GND	614
LK-1224105	Mahipalagoda	Mahipalagoda	GND	482
LK-1224110	Morenna	Morenna	GND	403
LK-1224115	Weediyawatta	Weediyawatta	GND	384
LK-1224120	Keselwathugoda North	Keselwathugoda North	GND	820
LK-1224125	Indigolla	Indigolla	GND	493
LK-1224130	Gampaha Aluthgama West	Gampaha Aluthgama West	GND	613
LK-1224135	Bendiyamulla North	Bendiyamulla North	GND	468
LK-1224140	Medagama IV	Medagama iv	GND	406
LK-1224145	Medagama III	Medagama iii	GND	322
LK-1224150	Medagama I	Medagama i	GND	54
LK-1224155	Oruthota South	Oruthota South	GND	489
LK-1224160	Kosovita	Kosovita	GND	366
LK-1224165	Rathmalavita	Rathmalavita	GND	184
LK-1224170	Makilangamuwa	Makilangamuwa	GND	329
LK-1224175	Horagolla North	Horagolla North	GND	752
LK-1224180	Thibbotugoda	Thibbotugoda	GND	608
LK-1224185	Midellavita	Midellavita	GND	176
LK-1224190	Kudabollatha	Kudabollatha	GND	507
LK-1224195	Bollatha North	Bollatha North	GND	821
LK-1224200	Wewel Agara	Wewel Agara	GND	183
LK-1224205	Bollatha West	Bollatha West	GND	402
LK-1224210	Bollatha South	Bollatha South	GND	894
LK-1224215	Bulugahagoda West	Bulugahagoda West	GND	409
LK-1224220	Bulugahagoda East	Bulugahagoda East	GND	298
LK-1224225	Galahitiyawa North	Galahitiyawa North	GND	933
LK-1224230	Horagolla South	Horagolla South	GND	538
LK-1224235	Neduna	Neduna	GND	343
LK-1224240	Pahala Yagoda	Pahala Yagoda	GND	629
LK-1224245	Oruthota North	Oruthota North	GND	454
LK-1224250	Moragoda 1	Moragoda 1	GND	353
LK-1224255	Bendiyamulla West	Bendiyamulla West	GND	831
LK-1224260	Kidagammulla	Kidagammulla	GND	548
LK-1224265	Bendiyamulla East	Bendiyamulla East	GND	578
LK-1224270	Gampaha Aluthgama East	Gampaha Aluthgama East	GND	977
LK-1224275	Keselwathugoda South	Keselwathugoda South	GND	338
LK-1224280	Yakkala North	Yakkala North	GND	1075
LK-1224285	Galthotamulla	Galthotamulla	GND	336
LK-1224290	Yakkala West	Yakkala West	GND	554
LK-1224295	Pepolgasdeniya	Pepolgasdeniya	GND	664
LK-1224300	Yakkala East	Yakkala East	GND	381
LK-1224305	Yakkala South	Yakkala South	GND	584
LK-1224310	Henarathgoda	Henarathgoda	GND	783
LK-1224315	Mudungoda West	Mudungoda West	GND	254
LK-1224320	Moragoda 2	Moragoda 2	GND	502
LK-1224325	Ihala Yagoda North	Ihala Yagoda North	GND	754
LK-1224330	Mahena	Mahena	GND	910
LK-1224335	Ganemulla South	Ganemulla South	GND	1557
LK-1224340	Ganemulla North	Ganemulla North	GND	674
LK-1224345	Galahitiyawa East	Galahitiyawa East	GND	594
LK-1224350	Galahitiyawa South	Galahitiyawa South	GND	1036
LK-1224355	Kossinna East	Kossinna East	GND	609
LK-1224360	Amunugoda North	Amunugoda North	GND	1036
LK-1224365	Ihala Yagoda South	Ihala Yagoda South	GND	844
LK-1224370	Mudungoda South	Mudungoda South	GND	548
LK-1224375	Mudungoda North	Mudungoda North	GND	452
LK-1224380	Godagedara	Godagedara	GND	600
LK-1224385	Rathupaswala	Rathupaswala	GND	973
LK-1224390	Galloluwa	Galloluwa	GND	662
LK-1224395	Belummahara	Belummahara	GND	951
LK-1224400	Ihala Imbulgoda North	Ihala Imbulgoda North	GND	463
LK-1224405	Ihala Imbulgoda South	Ihala Imbulgoda South	GND	673
LK-1224410	Pahala Imbulgoda South	Pahala Imbulgoda South	GND	775
LK-1224415	Pahala Imbulgoda West	Pahala Imbulgoda West	GND	903
LK-1224420	Amunugoda South	Amunugoda South	GND	517
LK-1224425	Parakandeniya North 1	Parakandeniya North 1	GND	588
LK-1224430	Kossinna West 1	Kossinna West 1	GND	553
LK-1224435	Katuwalamulla North	Katuwalamulla North	GND	531
LK-1224440	Kossinna West 2	Kossinna West 2	GND	639
LK-1224445	Katuwalamulla South	Katuwalamulla South	GND	487
LK-1224450	Parakandeniya North 2	Parakandeniya North 2	GND	557
LK-1224455	Parakandeniya	Parakandeniya	GND	603
LK-1224460	Pahala Imbulgoda East	Pahala Imbulgoda East	GND	318
LK-1224465	Embaraluwa North 2	Embaraluwa North 2	GND	465
LK-1224470	Embaraluwa North 1	Embaraluwa North 1	GND	673
LK-1224475	Weliweriya West	Weliweriya West	GND	835
LK-1224480	Nedungamuwa	Nedungamuwa	GND	652
LK-1224485	Weliweriya East	Weliweriya East	GND	692
LK-1224490	Weliweriya North	Weliweriya North	GND	814
LK-1224495	Weliweriya South	Weliweriya South	GND	499
LK-1224500	Embaraluwa South 1	Embaraluwa South 1	GND	582
LK-1224505	Embaraluwa South 2	Embaraluwa South 2	GND	906
LK-1227	Attanagalla	Attanagalla	DSD	54037
LK-1227005	Eluwapitiya West	Eluwapitiya West	GND	375
LK-1227010	Eluwapitiya	Eluwapitiya	GND	483
LK-1227015	Hiripitiya West	Hiripitiya West	GND	415
LK-1227020	Hiripitiya North	Hiripitiya North	GND	426
LK-1227025	Hiripitiya Central	Hiripitiya Central	GND	120
LK-1227030	Hiripitiya East	Hiripitiya East	GND	350
LK-1227035	Thalgasmote West	Thalgasmote West	GND	218
LK-1227040	Thalgasmote	Thalgasmote	GND	185
LK-1227045	Thalgasmote East	Thalgasmote East	GND	248
LK-1227050	Udammita	Udammita	GND	336
LK-1227055	Humbutiyawa West	Humbutiyawa West	GND	276
LK-1227060	Humbutiyawa	Humbutiyawa	GND	287
LK-1227065	Parana Veyangoda	Parana Veyangoda	GND	330
LK-1227070	Kongasdeniya	Kongasdeniya	GND	222
LK-1227075	Wedagama	Wedagama	GND	345
LK-1227080	Kalalpitiya	Kalalpitiya	GND	797
LK-1227085	Nawagamuwa	Nawagamuwa	GND	237
LK-1227090	Napagoda	Napagoda	GND	321
LK-1227095	Nittambuwa South	Nittambuwa South	GND	235
LK-1227100	Nittambuwa North	Nittambuwa North	GND	211
LK-1227105	Nittambuwa East	Nittambuwa East	GND	223
LK-1227110	Kolawatta	Kolawatta	GND	253
LK-1227115	Pattalagedara East	Pattalagedara East	GND	432
LK-1227120	Pattalagedara	Pattalagedara	GND	585
LK-1227125	Hiripitiya South	Hiripitiya South	GND	318
LK-1227130	Wataddara	Wataddara	GND	373
LK-1227135	Wataddara West	Wataddara West	GND	455
LK-1227140	Magalegoda	Magalegoda	GND	424
LK-1227145	Magalegoda South	Magalegoda South	GND	470
LK-1227150	Heendeniya	Heendeniya	GND	236
LK-1227155	Pattigoda	Pattigoda	GND	259
LK-1227160	Wataddara South	Wataddara South	GND	272
LK-1227165	Hiripitiya Pahala	Hiripitiya Pahala	GND	170
LK-1227170	Danvilana	Danvilana	GND	188
LK-1227175	Dadagamuwa East	Dadagamuwa East	GND	313
LK-1227180	Pinnagolla	Pinnagolla	GND	515
LK-1227185	Egoda Nittambuwa	Egoda Nittambuwa	GND	215
LK-1227190	Horagollagama	Horagollagama	GND	460
LK-1227195	Nambadaluwa West	Nambadaluwa West	GND	109
LK-1227200	Nambadaluwa East	Nambadaluwa East	GND	491
LK-1227205	Ranpokunagama A Zone	Ranpokunagama A Zone	GND	421
LK-1227210	Ellakkala West	Ellakkala West	GND	892
LK-1227215	Maimbula	Maimbula	GND	571
LK-1227220	Ranpokunagama	Ranpokunagama	GND	313
LK-1227225	Ranpokunagama D Zone	Ranpokunagama D Zone	GND	322
LK-1227230	Ranpokunagama C Zone	Ranpokunagama C Zone	GND	104
LK-1227235	Ranpokunagama B Zone	Ranpokunagama B Zone	GND	406
LK-1227240	Maduwegedara	Maduwegedara	GND	717
LK-1227245	Yatiyana	Yatiyana	GND	476
LK-1227250	Orchardwatta North	Orchardwatta North	GND	298
LK-1227255	Malwatta	Malwatta	GND	683
LK-1227260	Thihariya North	Thihariya North	GND	591
LK-1227265	Katuwasgoda West	Katuwasgoda West	GND	248
LK-1227270	Katuwasgoda	Katuwasgoda	GND	307
LK-1227275	Dadagamuwa	Dadagamuwa	GND	360
LK-1227280	Mudagamuwa	Mudagamuwa	GND	311
LK-1227285	Bandarabatawala	Bandarabatawala	GND	277
LK-1227290	Pitiyegedara	Pitiyegedara	GND	295
LK-1227295	Daraluwa	Daraluwa	GND	203
LK-1227300	Bemmulla	Bemmulla	GND	425
LK-1227305	Kandaoluwawa	Kandaoluwawa	GND	472
LK-1227310	Raniswala	Raniswala	GND	249
LK-1227315	Sapugasthenna	Sapugasthenna	GND	706
LK-1227320	Thiriwanegama South	Thiriwanegama South	GND	361
LK-1227325	Thiriwanegama North	Thiriwanegama North	GND	291
LK-1227330	Halgampitiya	Halgampitiya	GND	420
LK-1227335	Kalagedihena	Kalagedihena	GND	532
LK-1227340	Thihariyagama	Thihariyagama	GND	648
LK-1227345	Thihariya East	Thihariya East	GND	1610
LK-1227350	Kalotuwawa	Kalotuwawa	GND	404
LK-1227355	Kattota	Kattota	GND	552
LK-1227360	Orchardwatta South	Orchardwatta South	GND	275
LK-1227365	Bogoda	Bogoda	GND	282
LK-1227370	Mathalana West	Mathalana West	GND	345
LK-1227375	Wathupitiwala	Wathupitiwala	GND	716
LK-1227380	Walpola	Walpola	GND	750
LK-1227385	Haggalla	Haggalla	GND	673
LK-1227390	Ellakkala	Ellakkala	GND	435
LK-1227395	Godagama West	Godagama West	GND	159
LK-1227400	Godagama	Godagama	GND	183
LK-1227405	Welikadamulla	Welikadamulla	GND	351
LK-1227410	Karasnagala	Karasnagala	GND	173
LK-1227415	Alawala North	Alawala North	GND	355
LK-1227420	Etha Udakanda	Etha Udakanda	GND	161
LK-1227425	Alawala South	Alawala South	GND	251
LK-1227430	Nikahetikanda	Nikahetikanda	GND	187
LK-1227435	Karasnagala South	Karasnagala South	GND	150
LK-1227440	Palkumbura	Palkumbura	GND	337
LK-1227445	Pelpita	Pelpita	GND	272
LK-1227450	Walaliyadda	Walaliyadda	GND	265
LK-1227455	Haggalla East	Haggalla East	GND	210
LK-1227460	Diyakade	Diyakade	GND	204
LK-1227465	Welagedara	Welagedara	GND	307
LK-1227470	Kamburagalla	Kamburagalla	GND	790
LK-1227475	Mathalana North	Mathalana North	GND	223
LK-1227480	Mathalana	Mathalana	GND	437
LK-1227485	Meewala	Meewala	GND	245
LK-1227490	Kittammahara	Kittammahara	GND	80
LK-1227495	Thihariya South	Thihariya South	GND	496
LK-1227500	Pahala Thihariya	Pahala Thihariya	GND	818
LK-1227505	Thihariya West	Thihariya West	GND	381
LK-1227510	Bogamuwa	Bogamuwa	GND	187
LK-1227515	Mangalathiriya	Mangalathiriya	GND	327
LK-1227520	Pilankada	Pilankada	GND	183
LK-1227525	Bonegala	Bonegala	GND	420
LK-1227530	Meewala West	Meewala West	GND	276
LK-1227535	Udugoda West	Udugoda West	GND	389
LK-1227540	Mathalana East	Mathalana East	GND	429
LK-1227545	Udugoda	Udugoda	GND	251
LK-1227550	Pannila	Pannila	GND	179
LK-1227555	Hunupola	Hunupola	GND	391
LK-1227560	Halpandeniya	Halpandeniya	GND	262
LK-1227565	Urapola	Urapola	GND	300
LK-1227570	Wanduramulla	Wanduramulla	GND	353
LK-1227575	Deenapamunuwa West	Deenapamunuwa West	GND	205
LK-1227580	Deenapamunuwa	Deenapamunuwa	GND	248
LK-1227585	Yatawaka	Yatawaka	GND	220
LK-1227590	Sapugasthenna	Sapugasthenna	GND	305
LK-1227595	Bopagama	Bopagama	GND	506
LK-1227600	Bopagama East	Bopagama East	GND	208
LK-1227605	Meevitigammana	Meevitigammana	GND	371
LK-1227610	Bopetta South	Bopetta South	GND	379
LK-1227615	Bopetta	Bopetta	GND	292
LK-1227620	Nagoda	Nagoda	GND	274
LK-1227625	Kurawalana	Kurawalana	GND	520
LK-1227630	Kahatovita	Kahatovita	GND	373
LK-1227635	Kahatovita West	Kahatovita West	GND	456
LK-1227640	Ogodapola North	Ogodapola North	GND	517
LK-1227645	Ogodapola	Ogodapola	GND	197
LK-1227650	Kahambilihena	Kahambilihena	GND	234
LK-1227655	Udatuttiripitiya	Udatuttiripitiya	GND	493
LK-1227660	Mattagoda	Mattagoda	GND	358
LK-1227665	Weerangula	Weerangula	GND	361
LK-1227670	Weerangula South	Weerangula South	GND	371
LK-1227675	Koskandawala North	Koskandawala North	GND	283
LK-1227680	Kirikittamulla	Kirikittamulla	GND	146
LK-1227685	Kirikittamulla South	Kirikittamulla South	GND	297
LK-1227690	Koskandawala	Koskandawala	GND	445
LK-1227695	Opathella	Opathella	GND	263
LK-1227700	Paranagama	Paranagama	GND	350
LK-1227705	Paranagama East	Paranagama East	GND	362
LK-1227710	Aruppassa	Aruppassa	GND	441
LK-1227715	Madakotuwa West	Madakotuwa West	GND	226
LK-1227720	Madakotuwa	Madakotuwa	GND	120
LK-1227725	Rathambale	Rathambale	GND	365
LK-1227730	Walgammulla	Walgammulla	GND	306
LK-1227735	Ruwanpura	Ruwanpura	GND	250
LK-1227740	Lavulupitiya	Lavulupitiya	GND	311
LK-1227745	Galboda	Galboda	GND	212
LK-1227750	Dematalanda	Dematalanda	GND	282
LK-1227755	Happitiya	Happitiya	GND	389
LK-1230	Dompe	Dompe	DSD	47297
LK-1230005	Maryland Colony	Maryland Colony	GND	425
LK-1230010	Indurugalla	Indurugalla	GND	412
LK-1230015	Wathurugama	Wathurugama	GND	446
LK-1230020	Bandaranayakapura West	Bandaranayakapura West	GND	211
LK-1230025	Bandaranayakapura East	Bandaranayakapura East	GND	220
LK-1230030	Mailawalana	Mailawalana	GND	346
LK-1230035	Mailawalana South	Mailawalana South	GND	166
LK-1230040	Thimbirigama	Thimbirigama	GND	219
LK-1230045	Mahal Loluwa	Mahal Loluwa	GND	303
LK-1230050	Millathe Ihala	Millathe Ihala	GND	499
LK-1230055	Pingamuwa	Pingamuwa	GND	393
LK-1230060	Pahala Millathe	Pahala Millathe	GND	355
LK-1230065	Millathe	Millathe	GND	176
LK-1230070	Kirindiwela	Kirindiwela	GND	404
LK-1230075	Bogahawatta	Bogahawatta	GND	429
LK-1230080	Rambutanwatta	Rambutanwatta	GND	452
LK-1230085	Etambagahawatta	Etambagahawatta	GND	223
LK-1230090	Kannimahara	Kannimahara	GND	355
LK-1230095	Radawana North	Radawana North	GND	179
LK-1230100	Palupelpita	Palupelpita	GND	633
LK-1230105	Kithulakanda	Kithulakanda	GND	350
LK-1230110	Radawana South	Radawana South	GND	401
LK-1230115	Alliyawatta	Alliyawatta	GND	345
LK-1230120	Diyawala North	Diyawala North	GND	240
LK-1230125	Diyawala	Diyawala	GND	314
LK-1230130	Meddegama	Meddegama	GND	865
LK-1230135	Udagama	Udagama	GND	476
LK-1230140	Vihara Kumbura	Vihara Kumbura	GND	452
LK-1230145	Kuttivila	Kuttivila	GND	306
LK-1230150	Thalgaswatta	Thalgaswatta	GND	237
LK-1230155	Kendagolla	Kendagolla	GND	357
LK-1230160	Udawela	Udawela	GND	219
LK-1230165	Kirimetiyawatta	Kirimetiyawatta	GND	243
LK-1230170	Hiswella	Hiswella	GND	160
LK-1230175	Kiriwana	Kiriwana	GND	228
LK-1230180	Meddegama North	Meddegama North	GND	235
LK-1230185	Meddegama South	Meddegama South	GND	300
LK-1230190	Werahera	Werahera	GND	329
LK-1230195	Pallegama South	Pallegama South	GND	381
LK-1230200	Pallegama	Pallegama	GND	188
LK-1230205	Anuragoda	Anuragoda	GND	340
LK-1230210	Weralugampala	Weralugampala	GND	202
LK-1230215	Nedungolla South	Nedungolla South	GND	152
LK-1230220	Nedungolla	Nedungolla	GND	264
LK-1230225	Nandarama Pedesa	Nandarama Pedesa	GND	446
LK-1230230	Mandawala North	Mandawala North	GND	422
LK-1230235	Mawatha	Mawatha	GND	355
LK-1230240	Parakadamulla	Parakadamulla	GND	275
LK-1230245	Nakandapola	Nakandapola	GND	192
LK-1230250	Keragala	Keragala	GND	276
LK-1230255	Weliketiyawatta	Weliketiyawatta	GND	378
LK-1230260	Kurunduhena	Kurunduhena	GND	466
LK-1230265	Baduwatta	Baduwatta	GND	373
LK-1230270	Mandawala South	Mandawala South	GND	373
LK-1230275	Anuragoda South	Anuragoda South	GND	297
LK-1230280	Walpola	Walpola	GND	220
LK-1230285	Pepiliyawala	Pepiliyawala	GND	499
LK-1230290	Ganihigama North	Ganihigama North	GND	331
LK-1230295	Watawala	Watawala	GND	186
LK-1230300	Meethirigala	Meethirigala	GND	200
LK-1230305	Polhena	Polhena	GND	252
LK-1230310	Ganihigama South	Ganihigama South	GND	191
LK-1230315	Dangalla North	Dangalla North	GND	258
LK-1230320	Meniklanda	Meniklanda	GND	495
LK-1230325	Pelpita	Pelpita	GND	220
LK-1230330	Punchi Mandawala	Punchi Mandawala	GND	583
LK-1230335	Waharaka	Waharaka	GND	360
LK-1230340	Putupagala	Putupagala	GND	401
LK-1230345	Walaramba	Walaramba	GND	185
LK-1230350	Demalagama	Demalagama	GND	280
LK-1230355	Helummahara	Helummahara	GND	305
LK-1230360	Pananwala	Pananwala	GND	613
LK-1230365	Egoda Pelahela	Egoda Pelahela	GND	434
LK-1230370	Pelahela	Pelahela	GND	311
LK-1230375	Madurawa	Madurawa	GND	388
LK-1230380	Kajugaswatta	Kajugaswatta	GND	188
LK-1230385	Ihala Lunugama	Ihala Lunugama	GND	539
LK-1230390	Meegahawatta	Meegahawatta	GND	483
LK-1230395	Yakambe	Yakambe	GND	289
LK-1230400	Pattiyagama	Pattiyagama	GND	574
LK-1230405	Dangalla	Dangalla	GND	171
LK-1230410	Ranwala	Ranwala	GND	459
LK-1230415	Wedagama	Wedagama	GND	174
LK-1230420	Udugama	Udugama	GND	216
LK-1230425	Udakanampella South	Udakanampella South	GND	144
LK-1230430	Udakanampella	Udakanampella	GND	216
LK-1230435	Senasungoda	Senasungoda	GND	297
LK-1230440	Poogoda	Poogoda	GND	322
LK-1230445	Bangalawatta	Bangalawatta	GND	369
LK-1230450	Kumarimulla	Kumarimulla	GND	410
LK-1230455	Ovitigama	Ovitigama	GND	405
LK-1230460	Parathapakanda	Parathapakanda	GND	294
LK-1230465	Dethemulla	Dethemulla	GND	376
LK-1230470	Pahala Lunugama	Pahala Lunugama	GND	224
LK-1230475	Wanaluwawa North	Wanaluwawa North	GND	305
LK-1230480	Thelkekuna	Thelkekuna	GND	310
LK-1230485	Indolamulla	Indolamulla	GND	355
LK-1230490	Parangoda	Parangoda	GND	443
LK-1230495	Namaluwa	Namaluwa	GND	453
LK-1230500	Dekatana	Dekatana	GND	392
LK-1230505	Narampola	Narampola	GND	1052
LK-1230510	Kalukondayawa West	Kalukondayawa West	GND	642
LK-1230515	Kalukondayawa East	Kalukondayawa East	GND	329
LK-1230520	Galwalagoda	Galwalagoda	GND	548
LK-1230525	Ganegoda	Ganegoda	GND	566
LK-1230530	Dompe	Dompe	GND	1020
LK-1230535	Iddamaldeniya	Iddamaldeniya	GND	277
LK-1230540	Guruwala	Guruwala	GND	222
LK-1230545	Egoda Guruwala	Egoda Guruwala	GND	300
LK-1230550	Wanaluwawa South	Wanaluwawa South	GND	324
LK-1230555	Giridara West	Giridara West	GND	287
LK-1230560	Galpothugoda	Galpothugoda	GND	366
LK-1230565	Nikawala	Nikawala	GND	312
LK-1230570	Kapugoda	Kapugoda	GND	252
LK-1230575	Giridara	Giridara	GND	307
LK-1230580	Malinda East	Malinda East	GND	454
LK-1230585	Malinda	Malinda	GND	256
LK-1230590	Palugama	Palugama	GND	515
LK-1230595	Degawatta	Degawatta	GND	326
LK-1230600	Pahala Dompe	Pahala Dompe	GND	320
LK-1230605	Malwana	Malwana	GND	473
LK-1230610	Pahala Mapitigama	Pahala Mapitigama	GND	546
LK-1230615	Morahena	Morahena	GND	468
LK-1230620	Kimbulvilawatta	Kimbulvilawatta	GND	731
LK-1230625	Udamapitigama	Udamapitigama	GND	286
LK-1230630	Udamapitigama South	Udamapitigama South	GND	315
LK-1230635	Palugama West	Palugama West	GND	238
LK-1230640	Welgama	Welgama	GND	225
LK-1230645	Lansiyahena	Lansiyahena	GND	303
LK-1230650	Samanabedda North	Samanabedda North	GND	413
LK-1230655	Mahawalawatta	Mahawalawatta	GND	450
LK-1230660	Thittapattara	Thittapattara	GND	302
LK-1230665	Samanabedda	Samanabedda	GND	469
LK-1233	Mahara	Mahara	DSD	61376
LK-1233005	Kimbulgoda	Kimbulgoda	GND	563
LK-1233010	Pituwalgoda	Pituwalgoda	GND	440
LK-1233015	Kinigama	Kinigama	GND	603
LK-1233020	Maharagama	Maharagama	GND	584
LK-1233025	Siwralumulla	Siwralumulla	GND	459
LK-1233030	Pilikuttuwa	Pilikuttuwa	GND	538
LK-1233035	Yongammulla	Yongammulla	GND	205
LK-1233040	Ambagaspitiya	Ambagaspitiya	GND	370
LK-1233045	Warapalana	Warapalana	GND	537
LK-1233050	Kandumulla	Kandumulla	GND	269
LK-1233055	Pasgammana	Pasgammana	GND	373
LK-1233060	Maligathenna	Maligathenna	GND	395
LK-1233065	Batepola North	Batepola North	GND	268
LK-1233070	Batepola	Batepola	GND	335
LK-1233075	Amunukumbura	Amunukumbura	GND	510
LK-1233080	Malwathuhiripitiya	Malwathuhiripitiya	GND	303
LK-1233085	Buthpitiya North	Buthpitiya North	GND	121
LK-1233090	Uruwala East	Uruwala East	GND	548
LK-1233095	Uruwala West	Uruwala West	GND	530
LK-1233100	Buthpitiya South	Buthpitiya South	GND	306
LK-1233105	Neelamahara North	Neelamahara North	GND	247
LK-1233110	Neelamahara South	Neelamahara South	GND	152
LK-1233115	Aramangoda North	Aramangoda North	GND	133
LK-1233120	Puwakpitiya	Puwakpitiya	GND	333
LK-1233125	Amunukumbura South	Amunukumbura South	GND	342
LK-1233130	Balivila	Balivila	GND	290
LK-1233135	Vilimbula North	Vilimbula North	GND	559
LK-1233140	Vilimbula South	Vilimbula South	GND	886
LK-1233145	Aramangoda	Aramangoda	GND	391
LK-1233150	Kahatana	Kahatana	GND	342
LK-1233155	Henegama	Henegama	GND	684
LK-1233160	Etikehelgalla East	Etikehelgalla East	GND	453
LK-1233165	Etikehelgalla West	Etikehelgalla West	GND	413
LK-1233170	Kirikitta North	Kirikitta North	GND	380
LK-1233175	Kirikitta East	Kirikitta East	GND	470
LK-1233180	Kirikitta West	Kirikitta West	GND	653
LK-1233185	Ahugammana	Ahugammana	GND	552
LK-1233190	Naranwala South	Naranwala South	GND	527
LK-1233195	Naranwala	Naranwala	GND	872
LK-1233200	Udupila East	Udupila East	GND	837
LK-1233205	Udupila South	Udupila South	GND	617
LK-1233210	Udupila North	Udupila North	GND	1507
LK-1233215	Webada South	Webada South	GND	638
LK-1233220	Webada North	Webada North	GND	489
LK-1233225	Webada West	Webada West	GND	827
LK-1233230	Kirillawala North	Kirillawala North	GND	752
LK-1233235	Kirillawala	Kirillawala	GND	678
LK-1233240	Kirillawala West	Kirillawala West	GND	639
LK-1233245	Sooriyapaluwa North	Sooriyapaluwa North	GND	1411
LK-1233250	Kendaliyeddapaluwa East	Kendaliyeddapaluwa East	GND	1621
LK-1233255	Kendaliyeddapaluwa North	Kendaliyeddapaluwa North	GND	1195
LK-1233260	Dangahawela	Dangahawela	GND	1091
LK-1233265	Kendaliyeddapaluwa West	Kendaliyeddapaluwa West	GND	1500
LK-1233270	Mahara Nugegoda North	Mahara Nugegoda North	GND	718
LK-1233275	Mahara Nugegoda West	Mahara Nugegoda West	GND	686
LK-1233280	Mahara Nugegoda East	Mahara Nugegoda East	GND	598
LK-1233285	Sooriyapaluwa East	Sooriyapaluwa East	GND	1405
LK-1233290	Sooriyapaluwa South	Sooriyapaluwa South	GND	1045
LK-1233295	Rammuthugala	Rammuthugala	GND	910
LK-1233300	Kirillawala South	Kirillawala South	GND	1238
LK-1233305	Webada East	Webada East	GND	808
LK-1233310	Gonahena East	Gonahena East	GND	615
LK-1233315	Gonahena North	Gonahena North	GND	913
LK-1233320	Gonahena South	Gonahena South	GND	552
LK-1233325	Gonahena West	Gonahena West	GND	964
LK-1233330	Eldeniya East	Eldeniya East	GND	1115
LK-1233335	Eldeniya West	Eldeniya West	GND	780
LK-1233340	Puwakwetiya	Puwakwetiya	GND	699
LK-1233345	Ihala Karagahamuna South	Ihala Karagahamuna South	GND	592
LK-1233350	Ihala Karagahamuna East	Ihala Karagahamuna East	GND	691
LK-1233355	Ihala Karagahamuna North	Ihala Karagahamuna North	GND	1339
LK-1233360	Mahara Nugegoda South	Mahara Nugegoda South	GND	904
LK-1233365	Neligama	Neligama	GND	659
LK-1233370	Pahala Karagahamuna North	Pahala Karagahamuna North	GND	526
LK-1233375	Pahala Karagahamuna East	Pahala Karagahamuna East	GND	666
LK-1233380	Pahala Karagahamuna West	Pahala Karagahamuna West	GND	1108
LK-1233385	Kopiwatta	Kopiwatta	GND	607
LK-1233390	Dalupitiya East	Dalupitiya East	GND	573
LK-1233395	Kirimetiyagara	Kirimetiyagara	GND	656
LK-1233400	Dalupitiya South	Dalupitiya South	GND	763
LK-1233405	Dalupitiya West	Dalupitiya West	GND	682
LK-1233410	Pinnameda West	Pinnameda West	GND	688
LK-1233415	Gongithota	Gongithota	GND	1014
LK-1233420	Appugewatta	Appugewatta	GND	491
LK-1233425	Gongithota West	Gongithota West	GND	792
LK-1233430	Enderamulla South	Enderamulla South	GND	683
LK-1233435	Enderamulla East	Enderamulla East	GND	626
LK-1233440	Pinnameda	Pinnameda	GND	839
LK-1233445	Nathuduwa	Nathuduwa	GND	660
LK-1233450	Enderamulla West	Enderamulla West	GND	678
LK-1233455	Nathuduwa West	Nathuduwa West	GND	509
LK-1233460	Akbar Town	Akbar Town	GND	846
LK-1236	Kelaniya	Kelaniya	DSD	36692
LK-1236005	Welegoda	Welegoda	GND	1958
LK-1236010	Hunupitiya North	Hunupitiya North	GND	867
LK-1236015	Nahena	Nahena	GND	1577
LK-1236020	Eriyawetiya	Eriyawetiya	GND	1287
LK-1236025	Kiribathgoda	Kiribathgoda	GND	913
LK-1236030	Thalawathuhenpita North	Thalawathuhenpita North	GND	1059
LK-1236035	Thalawathuhenpita South	Thalawathuhenpita South	GND	347
LK-1236040	Kendahena	Kendahena	GND	1043
LK-1236045	Egoda Eriyawetiya	Egoda Eriyawetiya	GND	759
LK-1236050	Hunupitiya East	Hunupitiya East	GND	1562
LK-1236055	Hunupitiya South	Hunupitiya South	GND	1054
LK-1236060	Wanawasala West	Wanawasala West	GND	1027
LK-1236065	Wanawasala East	Wanawasala East	GND	1129
LK-1236070	Dippitigoda	Dippitigoda	GND	1088
LK-1236075	Weweldoowa	Weweldoowa	GND	658
LK-1236080	Warakanatta	Warakanatta	GND	811
LK-1236085	Koholvila	Koholvila	GND	1078
LK-1236090	Dalugamgoda	Dalugamgoda	GND	681
LK-1236095	Nungamugoda	Nungamugoda	GND	670
LK-1236100	Dalugama	Dalugama	GND	646
LK-1236105	Himbutuwelgoda	Himbutuwelgoda	GND	1059
LK-1236110	Pattiya East	Pattiya East	GND	906
LK-1236115	Pattiya North	Pattiya North	GND	1580
LK-1236120	Meegahawatta	Meegahawatta	GND	1291
LK-1236125	Peliyagodawatta	Peliyagodawatta	GND	931
LK-1236130	Peliyagoda Gangabada	Peliyagoda Gangabada	GND	848
LK-1236135	Peliyagoda Gangabada East	Peliyagoda Gangabada East	GND	382
LK-1236140	Pattiya West	Pattiya West	GND	1065
LK-1236145	Wedamulla	Wedamulla	GND	1256
LK-1236150	Galborella	Galborella	GND	723
LK-1236155	Polhena	Polhena	GND	767
LK-1236160	Kelaniya	Kelaniya	GND	820
LK-1236165	Sinharamulla North	Sinharamulla North	GND	1092
LK-1236170	Pilapitiya	Pilapitiya	GND	509
LK-1236175	Pethiyagoda	Pethiyagoda	GND	1265
LK-1236180	Mewella	Mewella	GND	1191
LK-1236185	Sinharamulla	Sinharamulla	GND	793
LK-1239	Biyagama	Biyagama	DSD	58685
LK-1239005	Pahala Biyanvila East	Pahala Biyanvila East	GND	781
LK-1239010	Ihala Biyanvila North	Ihala Biyanvila North	GND	1017
LK-1239015	Ihala Biyanvila Central	Ihala Biyanvila Central	GND	1439
LK-1239020	Mawaramandiya	Mawaramandiya	GND	1723
LK-1239025	Meegahawatta West	Meegahawatta West	GND	948
LK-1239030	Meegahawatta East	Meegahawatta East	GND	859
LK-1239035	Kammalwatta	Kammalwatta	GND	973
LK-1239040	Delgoda	Delgoda	GND	856
LK-1239045	Athurumulla	Athurumulla	GND	565
LK-1239050	Kanduboda East	Kanduboda East	GND	1029
LK-1239055	Kanduboda West	Kanduboda West	GND	931
LK-1239060	Siyambalape Watta	Siyambalape Watta	GND	1597
LK-1239065	Daranagama	Daranagama	GND	1036
LK-1239070	Siyambalape North	Siyambalape North	GND	1606
LK-1239075	Heiyanthuduwa North	Heiyanthuduwa North	GND	1640
LK-1239080	Makola South Ihala	Makola South Ihala	GND	1399
LK-1239085	Makola North Ihala	Makola North Ihala	GND	1003
LK-1239090	Makola North Central	Makola North Central	GND	2113
LK-1239095	Pahala Biyanvila West	Pahala Biyanvila West	GND	1396
LK-1239100	Pahala Biyanvila Central	Pahala Biyanvila Central	GND	711
LK-1239105	Makola North Pahala	Makola North Pahala	GND	1536
LK-1239110	Makola South Pahala	Makola South Pahala	GND	930
LK-1239115	Pamunuvila	Pamunuvila	GND	1588
LK-1239120	Gonawala East	Gonawala East	GND	1234
LK-1239125	Sapugaskanda	Sapugaskanda	GND	1901
LK-1239130	Heiyanthuduwa West	Heiyanthuduwa West	GND	666
LK-1239135	Heiyanthuduwa East	Heiyanthuduwa East	GND	1499
LK-1239140	Siyambalape South	Siyambalape South	GND	1996
LK-1239145	Yatihena	Yatihena	GND	1908
LK-1239150	Ulahitiwala	Ulahitiwala	GND	771
LK-1239155	Walgama West	Walgama West	GND	1626
LK-1239160	Biyagama North	Biyagama North	GND	2364
LK-1239165	Biyagama West	Biyagama West	GND	894
LK-1239170	Heiyanthuduwa South	Heiyanthuduwa South	GND	715
LK-1239175	Mabima East	Mabima East	GND	976
LK-1239180	Mabima West	Mabima West	GND	861
LK-1239185	Pattivila North	Pattivila North	GND	801
LK-1239190	Gonawala Central	Gonawala Central	GND	1492
LK-1239195	Galedanda	Galedanda	GND	735
LK-1239200	Gonawala West	Gonawala West	GND	1888
LK-1239205	Thalwatta	Thalwatta	GND	738
LK-1239210	Bollegala	Bollegala	GND	1191
LK-1239215	Pattivila South	Pattivila South	GND	794
LK-1239220	Biyagama South	Biyagama South	GND	906
LK-1239225	Biyagama East	Biyagama East	GND	1071
LK-1239230	Yabaraluwa North	Yabaraluwa North	GND	743
LK-1239235	Yabaraluwa South	Yabaraluwa South	GND	745
LK-1239240	Malwana Town	Malwana Town	GND	1316
LK-1239245	Walgama East	Walgama East	GND	1178
LK-13	Kalutara	Kalutara	DISTRICT	349430
LK-1303	Panadura	Panadura	DSD	49198
LK-1303005	Horethuduwa North	Horethuduwa North	GND	412
LK-1303010	Horethuduwa	Horethuduwa	GND	469
LK-1303015	Horethuduwa Central	Horethuduwa Central	GND	336
LK-1303020	Horethuduwa South	Horethuduwa South	GND	451
LK-1303025	Gorakana	Gorakana	GND	602
LK-1303030	Gorakana South	Gorakana South	GND	1061
LK-1303035	Paratta West	Paratta West	GND	668
LK-1303040	Paratta	Paratta	GND	832
LK-1303045	Diggala	Diggala	GND	1108
LK-1303050	Keselwatta	Keselwatta	GND	1592
LK-1303055	Sarikkamulla	Sarikkamulla	GND	808
LK-1303060	Henamulla	Henamulla	GND	730
LK-1303065	Wattalpola	Wattalpola	GND	1128
LK-1303070	Miriyawatta	Miriyawatta	GND	658
LK-1303075	Thotawatta	Thotawatta	GND	1078
LK-1303080	Werawatta	Werawatta	GND	682
LK-1303085	Pallimulla	Pallimulla	GND	488
LK-1303090	Gorakapola	Gorakapola	GND	517
LK-1303095	Walana North	Walana North	GND	849
LK-1303100	Ambalanduwa	Ambalanduwa	GND	915
LK-1303105	Galthude North	Galthude North	GND	624
LK-1303110	Galthude	Galthude	GND	537
LK-1303115	Hirana West	Hirana West	GND	1290
LK-1303120	Hirana	Hirana	GND	749
LK-1303125	Thanthirimulla East	Thanthirimulla East	GND	584
LK-1303130	Thanthirimulla	Thanthirimulla	GND	414
LK-1303135	Bekkegama	Bekkegama	GND	872
LK-1303140	Walana South	Walana South	GND	689
LK-1303145	Walana	Walana	GND	907
LK-1303150	Udahamulla	Udahamulla	GND	553
LK-1303155	Punchideniya	Punchideniya	GND	509
LK-1303160	Malamulla West	Malamulla West	GND	1459
LK-1303165	Kiriberiya	Kiriberiya	GND	1283
LK-1303170	Malamulla	Malamulla	GND	1150
LK-1303175	Kuruppumulla	Kuruppumulla	GND	393
LK-1303180	Etambagoda	Etambagoda	GND	582
LK-1303185	Pattiya North	Pattiya North	GND	227
LK-1303190	Bazaar North	Bazaar North	GND	205
LK-1303195	Sagara Place	Sagara Place	GND	127
LK-1303200	Bazaar West	Bazaar West	GND	183
LK-1303205	Bazaar	Bazaar	GND	157
LK-1303210	Walapala Pattiya	Walapala Pattiya	GND	434
LK-1303215	Walapala	Walapala	GND	675
LK-1303220	Eluvila	Eluvila	GND	907
LK-1303225	Wekada East	Wekada East	GND	739
LK-1303230	Wekada North	Wekada North	GND	713
LK-1303235	Wekada West	Wekada West	GND	774
LK-1303240	Pattiya	Pattiya	GND	378
LK-1303245	Uyankele	Uyankele	GND	411
LK-1303250	Pattiya South	Pattiya South	GND	350
LK-1303255	Kaludewala	Kaludewala	GND	607
LK-1303260	Kaludewala East	Kaludewala East	GND	855
LK-1303265	Moravinna	Moravinna	GND	1055
LK-1303270	Nallooruwa North	Nallooruwa North	GND	515
LK-1303275	Nallooruwa	Nallooruwa	GND	766
LK-1303280	Dibbedda	Dibbedda	GND	455
LK-1303285	Dibbedda North	Dibbedda North	GND	829
LK-1303290	Narampitiya	Narampitiya	GND	733
LK-1303295	Pinwatta	Pinwatta	GND	901
LK-1303300	Pinwatta West	Pinwatta West	GND	574
LK-1303305	Thalpitiya North	Thalpitiya North	GND	614
LK-1303310	Thalpitiya South	Thalpitiya South	GND	974
LK-1303315	Pallimankada	Pallimankada	GND	752
LK-1303320	Wadduwa West	Wadduwa West	GND	337
LK-1303325	Wadduwa East	Wadduwa East	GND	591
LK-1303330	Maha Wadduwa	Maha Wadduwa	GND	1134
LK-1303335	Pattieliya	Pattieliya	GND	299
LK-1303340	Kuda Wadduwa	Kuda Wadduwa	GND	610
LK-1303345	Wadduwa South	Wadduwa South	GND	348
LK-1303350	Molligoda	Molligoda	GND	541
LK-1303355	Molligoda North	Molligoda North	GND	756
LK-1303360	Molligoda South	Molligoda South	GND	693
LK-1306	Bandaragama	Bandaragama	DSD	33138
LK-1306005	Kidelpitiya West	Kidelpitiya West	GND	738
LK-1306010	Kidelpitiya East	Kidelpitiya East	GND	594
LK-1306015	Senapura	Senapura	GND	862
LK-1306020	Newdawa	Newdawa	GND	1307
LK-1306025	Aluthgama	Aluthgama	GND	760
LK-1306030	Alothiyawa	Alothiyawa	GND	756
LK-1306035	Walgama North	Walgama North	GND	526
LK-1306040	Rerukana	Rerukana	GND	319
LK-1306045	Samaranayakapura	Samaranayakapura	GND	359
LK-1306050	Kothalawala	Kothalawala	GND	986
LK-1306055	Veedagama East	Veedagama East	GND	502
LK-1306060	Walgama South	Walgama South	GND	493
LK-1306065	Gammanpila	Gammanpila	GND	672
LK-1306070	Medagama	Medagama	GND	551
LK-1306075	Alubomulla East	Alubomulla East	GND	824
LK-1306080	Kuda Aruggoda East	Kuda Aruggoda East	GND	1010
LK-1306085	Maha Aruggoda	Maha Aruggoda	GND	1094
LK-1306090	Kuda Aruggoda West	Kuda Aruggoda West	GND	666
LK-1306095	Batadombathuduwa	Batadombathuduwa	GND	1087
LK-1306100	Miriswatta	Miriswatta	GND	382
LK-1306105	Wanduramulla West	Wanduramulla West	GND	375
LK-1306110	Pinwala East	Pinwala East	GND	419
LK-1306115	Pinwala West	Pinwala West	GND	440
LK-1306120	Wanduramulla East	Wanduramulla East	GND	649
LK-1306125	Mahavila	Mahavila	GND	654
LK-1306130	Pamunugama	Pamunugama	GND	552
LK-1306135	Alubomulla West	Alubomulla West	GND	958
LK-1306140	Rambukkana North	Rambukkana North	GND	318
LK-1306145	Kamburugoda West	Kamburugoda West	GND	460
LK-1306150	Kamburugoda East	Kamburugoda East	GND	191
LK-1306155	Veedagama West	Veedagama West	GND	584
LK-1306160	Gelanigama	Gelanigama	GND	266
LK-1306165	Raigama South	Raigama South	GND	329
LK-1306170	Raigama West	Raigama West	GND	461
LK-1306175	Raigama East	Raigama East	GND	572
LK-1306180	Raigama North	Raigama North	GND	635
LK-1306185	Kolamediriya North	Kolamediriya North	GND	380
LK-1306190	Bandaragama East	Bandaragama East	GND	460
LK-1306195	Bandaragama	Bandaragama	GND	276
LK-1306200	Rambukkana South	Rambukkana South	GND	313
LK-1306205	Bolgoda	Bolgoda	GND	331
LK-1306210	Mahabellana	Mahabellana	GND	642
LK-1306215	Imbulliha	Imbulliha	GND	631
LK-1306220	Diganathuduwa	Diganathuduwa	GND	750
LK-1306225	Madupitiya	Madupitiya	GND	895
LK-1306230	Mahawatta	Mahawatta	GND	552
LK-1306235	Bandaragama West	Bandaragama West	GND	617
LK-1306240	Yatiyana	Yatiyana	GND	645
LK-1306245	Wevita	Wevita	GND	563
LK-1306250	Atulugama East	Atulugama East	GND	529
LK-1306255	Panape	Panape	GND	277
LK-1306260	Galgemandiya	Galgemandiya	GND	400
LK-1306265	Atulugama West	Atulugama West	GND	416
LK-1306270	Bamunumulla (Muslim)	Bamunumulla (Muslim)	GND	318
LK-1306275	Bamunumulla	Bamunumulla	GND	194
LK-1306280	Epitamulla	Epitamulla	GND	280
LK-1306285	Korawala	Korawala	GND	492
LK-1306290	Bogahawatta	Bogahawatta	GND	527
LK-1306295	Kimmanthudawa	Kimmanthudawa	GND	299
LK-1309	Horana	Horana	DSD	37489
LK-1309005	Kotigamgoda	Kotigamgoda	GND	738
LK-1309010	Pahala Millewa North	Pahala Millewa North	GND	845
LK-1309015	Pahala Millewa South	Pahala Millewa South	GND	453
LK-1309020	Ihala Millewa North	Ihala Millewa North	GND	547
LK-1309025	Ihala Millewa South	Ihala Millewa South	GND	939
LK-1309030	Thalagala East	Thalagala East	GND	823
LK-1309035	Thalagala North	Thalagala North	GND	1420
LK-1309040	Thalagala West	Thalagala West	GND	1072
LK-1309045	Olaboduwa North	Olaboduwa North	GND	469
LK-1309050	Koralaima	Koralaima	GND	1123
LK-1309055	Godigamuwa East	Godigamuwa East	GND	1077
LK-1309060	Halapitiya	Halapitiya	GND	933
LK-1309065	Welmilla	Welmilla	GND	545
LK-1309070	Godigamuwa West	Godigamuwa West	GND	566
LK-1309075	Palannoruwa	Palannoruwa	GND	1038
LK-1309080	Olaboduwa South	Olaboduwa South	GND	626
LK-1309085	Olaboduwa East	Olaboduwa East	GND	502
LK-1309090	Thalagala South	Thalagala South	GND	920
LK-1309095	Pannila	Pannila	GND	555
LK-1309100	Kahatapitiya	Kahatapitiya	GND	718
LK-1309105	Uduwa North	Uduwa North	GND	743
LK-1309110	Kidelpitiya	Kidelpitiya	GND	871
LK-1309115	Gorokgoda	Gorokgoda	GND	148
LK-1309120	Dambara	Dambara	GND	526
LK-1309125	Handupelpola	Handupelpola	GND	483
LK-1309130	Kuda Uduwa	Kuda Uduwa	GND	528
LK-1309135	Maha Uduwa	Maha Uduwa	GND	564
LK-1309140	Kananvila North	Kananvila North	GND	469
LK-1309145	Batuvita North	Batuvita North	GND	307
LK-1309150	Kumbuka East	Kumbuka East	GND	613
LK-1309155	Kumbuka South	Kumbuka South	GND	438
LK-1309160	Kumbuka North	Kumbuka North	GND	668
LK-1309165	Kumbuka West	Kumbuka West	GND	803
LK-1309170	Pokunuvita	Pokunuvita	GND	705
LK-1309175	Batuvita South	Batuvita South	GND	462
LK-1309180	Meemana	Meemana	GND	713
LK-1309185	Kananvila South	Kananvila South	GND	224
LK-1309190	Uduwa South	Uduwa South	GND	706
LK-1309195	Kirigalahena	Kirigalahena	GND	440
LK-1309200	Meewanapalana West	Meewanapalana West	GND	512
LK-1309205	Meewanapalana East	Meewanapalana East	GND	265
LK-1309210	Gurugoda	Gurugoda	GND	770
LK-1309215	Munagama East	Munagama East	GND	493
LK-1309220	Midellamulahena	Midellamulahena	GND	1167
LK-1309225	Ovitiyagala	Ovitiyagala	GND	407
LK-1309230	Aramanagolla	Aramanagolla	GND	721
LK-1309235	Werullahena	Werallahena	GND	260
LK-1309240	Kulupana	Kulupana	GND	277
LK-1309245	Kanewala	Kanewala	GND	547
LK-1309250	Henegama	Henegama	GND	659
LK-1309255	Gal Edandugoda	Gal Edandugoda	GND	290
LK-1309260	Horana North	Horana North	GND	590
LK-1309265	Munagama West	Munagama West	GND	318
LK-1309270	Dikhenagama	Dikhenagama	GND	515
LK-1309275	Narthanagala	Narthanagala	GND	768
LK-1309280	Horana South	Horana South	GND	343
LK-1309285	Wewala West	Wewala West	GND	337
LK-1309290	Halthotiyawatta	Halthotiyawatta	GND	357
LK-1309295	Mahena	Mahena	GND	628
LK-1309300	Wewala East	Wewala East	GND	575
LK-1309305	Horana East	Horana East	GND	370
LK-1310	Ingiriya	Ingiriya	DSD	16382
LK-1310005	Menerigama	Menerigama	GND	363
LK-1310010	Arakavila	Arakavila	GND	686
LK-1310015	Kandanapitiya	Kandanapitiya	GND	536
LK-1310020	Kottiyawatta	Kottiyawatta	GND	304
LK-1310025	Kurana North	Kurana North	GND	261
LK-1310030	Kurana South	Kurana South	GND	413
LK-1310035	Kotigala	Kotigala	GND	285
LK-1310040	Handapangoda East	Handapangoda East	GND	350
LK-1310045	Handapangoda West	Handapangoda West	GND	382
LK-1310050	Kekuladola	Kekuladola	GND	142
LK-1310055	Handapangoda South	Handapangoda South	GND	342
LK-1310060	Batugampala	Batugampala	GND	421
LK-1310065	Raigam Watta	Rayigamwatta	GND	616
LK-1310070	Maha Ingiriya	Maha Ingiriya	GND	1007
LK-1310075	Nambapana	Nambapana	GND	365
LK-1310080	Urugala East	Urugala East	GND	556
LK-1310085	Ingiriya East	Ingiriya East	GND	427
LK-1310090	Ingiriya North	Ingiriya North	GND	726
LK-1310095	Nimalagama	Nimalagama	GND	1077
LK-1310100	Eduragala	Eduragala	GND	353
LK-1310105	Maputugala	Maputugala	GND	684
LK-1310110	Pelpitigoda	Pelpitigoda	GND	558
LK-1310115	Rathmalgoda East	Rathmalgoda East	GND	331
LK-1310120	Rathmalgoda West	Rathmalgoda West	GND	643
LK-1310125	Poruwadanda West	Poruwadanda West	GND	1022
LK-1310130	Poruwadanda East	Poruwadanda East	GND	1104
LK-1310135	Wagawatta	Wagawatta	GND	583
LK-1310140	Kekulaliya	Kekulaliya	GND	263
LK-1310145	Dombagaskanda	Dombagaskanda	GND	488
LK-1310150	Ingiriya West	Ingiriya West	GND	582
LK-1310155	Urugala West	Urugala West	GND	512
LK-1312	Bulathsinhala	Bulathsinhala	DSD	18669
LK-1312005	Ihala Naragala	Ihala Naragala	GND	362
LK-1312010	Kobawaka North	Kobawaka North	GND	452
LK-1312015	Diwalakada	Diwalakada	GND	277
LK-1312020	Meegahakumbura	Meegahakumbura	GND	201
LK-1312025	Yahalawatta	Yahalawatta	GND	205
LK-1312030	Bothale Gamgoda	Bothale Gamgoda	GND	197
LK-1312035	Kongasthenna	Kongasthenna	GND	973
LK-1312040	Halwathura	Halwathura	GND	291
LK-1312045	Amaragedara North	Amaragedara North	GND	235
LK-1312050	Bothale	Bothale	GND	178
LK-1312055	Bulathsinhala North	Bulathsinhala North	GND	354
LK-1312060	Egaloya	Egaloya	GND	638
LK-1312065	Kobawaka South	Kobawaka South	GND	485
LK-1312070	Ihala Naragala South	Ihala Naragala South	GND	323
LK-1312075	Govinna North	Govinna North	GND	285
LK-1312080	Pahala Naragala	Pahala Naragala	GND	393
LK-1312085	Dewamulla	Dewamulla	GND	465
LK-1312090	Govinna South	Govinna South	GND	520
LK-1312095	Retiyala	Retiyala	GND	437
LK-1312100	Galahena	Galahena	GND	656
LK-1312105	Bulathsinhala South	Bulathsinhala South	GND	322
LK-1312110	Bulathsinhala	Bulathsinhala	GND	547
LK-1312115	Bulathsinhala Central	Bulathsinhala Central	GND	291
LK-1312120	Amaragedara South	Amaragedara South	GND	373
LK-1312125	Delmella	Delmella	GND	463
LK-1312130	Udugalakanda	Udugalakanda	GND	323
LK-1312135	Niggaha	Niggaha	GND	275
LK-1312140	Yatagampitiya	Yatagampitiya	GND	327
LK-1312145	Karaldekma	Karaldekma	GND	361
LK-1312150	Bulathsinhala East	Bulathsinhala East	GND	378
LK-1312155	Damparadugoda	Damparadugoda	GND	177
LK-1312160	Pahala Welgama	Pahala Welgama	GND	213
LK-1312165	Bulathsinhala West	Bulathsinhala West	GND	441
LK-1312170	Diyakaduwa East	Diyakaduwa East	GND	239
LK-1312175	Diyakaduwa West	Diyakaduwa West	GND	250
LK-1312180	Bogahawatta	Bogahawatta	GND	217
LK-1312185	Mahagama North	Mahagama North	GND	266
LK-1312190	Demodarawatta	Demodarawatta	GND	450
LK-1312195	Thennahena	Thennahena	GND	190
LK-1312200	Ihala Welgama	Ihala Welgama	GND	377
LK-1312205	Paragoda West	Paragoda West	GND	308
LK-1312210	Paragoda East	Paragoda East	GND	393
LK-1312215	Molkawa	Molkawa	GND	244
LK-1312220	Galahitiya	Galahitiya	GND	198
LK-1312225	Mahagama East	Mahagama East	GND	308
LK-1312230	Polegoda West	Polegoda West	GND	325
LK-1312235	Mahagama West	Mahagama West	GND	295
LK-1312240	Pahala Kudaligama	Pahala Kudaligama	GND	370
LK-1312245	Ihala Kudaligama	Ihala Kudaligama	GND	385
LK-1312250	Weyangalla West	Weyangalla West	GND	360
LK-1312255	Weyangalla East	Weyangalla East	GND	221
LK-1312260	Mahagama South	Mahagama South	GND	253
LK-1312265	Muduna	Muduna	GND	367
LK-1312270	Gamagewatta	Gamagewatta	GND	235
LK-1315	Madurawala	Madurawala	DSD	10362
LK-1315005	Ilimba	Ilimba	GND	490
LK-1315010	Kandana North	Kandana North	GND	175
LK-1315015	Kandana South	Kandana South	GND	268
LK-1315020	Elawella	Elawella	GND	693
LK-1315025	Bellapitiya West	Bellapitiya West	GND	300
LK-1315030	Mahena South	Mahena South	GND	440
LK-1315035	Bellapitiya East	Bellapitiya East	GND	662
LK-1315040	Walpita	Walpita	GND	540
LK-1315045	Werawatta	Werawatta	GND	167
LK-1315050	Peramunagama	Peramunagama	GND	401
LK-1315055	Weliketella	Weliketella	GND	322
LK-1315060	Remuna	Remuna	GND	304
LK-1315065	Mahayala East	Mahayala East	GND	166
LK-1315070	Kananvila	Kananvila	GND	274
LK-1315075	Mahayala West	Mahayala West	GND	256
LK-1315080	Hallankanda	Hallankanda	GND	125
LK-1315085	Koodella	Koodella	GND	302
LK-1315090	Madurawala East	Madurawala East	GND	206
LK-1315095	Kudayala	Kudayala	GND	335
LK-1315100	Pahala Karannagoda	Pahala Karannagoda	GND	215
LK-1315105	Anguruwathota	Anguruwathota	GND	397
LK-1315110	Madurawala West	Madurawala West	GND	233
LK-1315115	Keselhenawa	Keselhenawa	GND	346
LK-1315120	Karannagoda	Karannagoda	GND	329
LK-1315125	Ihala Karannagoda	Ihala Karannagoda	GND	192
LK-1315130	Katuhena	Katuhena	GND	224
LK-1315135	Warakagoda North	Warakagoda North	GND	359
LK-1315140	Warakagoda West	Warakagoda West	GND	309
LK-1315145	Warakagoda South	Warakagoda South	GND	425
LK-1315150	Warakagoda East	Warakagoda East	GND	370
LK-1315155	Nahalla	Nahalla	GND	177
LK-1315160	Pahalagoda	Pahalagoda	GND	163
LK-1315165	Ihalagoda	Ihalagoda	GND	197
LK-1318	Millaniya	Millaniya	DSD	15648
LK-1318005	Gungamuwa	Gungamuwa	GND	620
LK-1318010	Bellanthudawa	Bellanthudawa	GND	729
LK-1318015	Kelesgamuwa	Kelesgamuwa	GND	474
LK-1318020	Welikala	Welikala	GND	942
LK-1318025	Thibbotugoda	Thibbotugoda	GND	321
LK-1318030	Lenawara	Lenawara	GND	779
LK-1318035	Halthota	Halthota	GND	242
LK-1318040	Langana	Langana	GND	312
LK-1318045	Deldorawatta	Deldorawatta	GND	334
LK-1318050	Millaniya	Millaniya	GND	450
LK-1318055	Raddegoda	Raddegoda	GND	356
LK-1318060	Delkada	Delkada	GND	373
LK-1318065	Paragasthota	Paragasthota	GND	471
LK-1318070	Dikhena	Dikhena	GND	531
LK-1318075	Arakagoda	Arakagoda	GND	382
LK-1318080	Kennanthudawa	Kennanthudawa	GND	262
LK-1318085	Mawathgama	Mawathgama	GND	207
LK-1318090	Yalagala	Yalagala	GND	350
LK-1318095	Labugama	Labugama	GND	315
LK-1318100	Pethigamuwa North	Pethigamuwa North	GND	203
LK-1318105	Pethigamuwa South	Pethigamuwa South	GND	311
LK-1318110	Weniwelpitiya	Weniwelpitiya	GND	368
LK-1318115	Millagaspola	Millagaspola	GND	154
LK-1318120	Boralessa	Boralessa	GND	439
LK-1318125	Pelpola	Pelpola	GND	374
LK-1318130	Imbulahena	Imbulahena	GND	497
LK-1318135	Punsiripura	Punsiripura	GND	599
LK-1318140	Galpatha West	Galpatha West	GND	229
LK-1318145	Galpatha East	Galpatha East	GND	239
LK-1318150	Batagoda	Batagoda	GND	352
LK-1318155	Mulkadakanda	Mulkadakanda	GND	360
LK-1318160	Adhikarigoda	Adhikarigoda	GND	332
LK-1318165	Dombagoda	Dombagoda	GND	348
LK-1318170	Uduwara North	Uduwara North	GND	645
LK-1318175	Uduwara West	Uduwara West	GND	145
LK-1318180	Uduwara East	Uduwara East	GND	310
LK-1318185	Uduwara South	Uduwara South	GND	156
LK-1318190	Pathakada	Pathakada	GND	314
LK-1318195	Panagoda	Panagoda	GND	222
LK-1318200	Yatawara South	Yatawara South	GND	71
LK-1318205	Mahadurupitiya	Mahadurupitiya	GND	167
LK-1318210	Delgoda	Delgoda	GND	108
LK-1318215	Yatawara North	Yatawara North	GND	131
LK-1318220	Begamuwa Thalahitiya	Begamuwa Thalahitiya	GND	124
LK-1321	Kalutara	Kalutara	DSD	43722
LK-1321005	Mestiya	Mestiya	GND	320
LK-1321010	Maha Gonadoowa	Maha Gonadoowa	GND	717
LK-1321015	Kuda Gonadoowa	Kuda Gonadoowa	GND	433
LK-1321020	Moronthuduwa North	Moronthuduwa North	GND	277
LK-1321025	Mawala	Mawala	GND	560
LK-1321030	Melegama North	Melegama North	GND	306
LK-1321035	Melegama South	Melegama South	GND	544
LK-1321040	Habaralagahalanda	Habaralagahalanda	GND	863
LK-1321045	Pohoddaramulla West	Pohoddaramulla West	GND	259
LK-1321050	Pohoddaramulla East	Pohoddaramulla East	GND	720
LK-1321055	Pothupitiya East	Pothupitiya East	GND	572
LK-1321060	Mawala South	Mawala South	GND	404
LK-1321065	Maharekma	Maharekma	GND	526
LK-1321070	Nandoowa	Nandoowa	GND	309
LK-1321075	Moronthuduwa South	Moronthuduwa South	GND	876
LK-1321080	Kalapugama	Kalapugama	GND	413
LK-1321085	Kalapugama West	Kalapugama West	GND	571
LK-1321090	Ariyagama	Ariyagama	GND	534
LK-1321095	Deldoowa	Deldoowa	GND	723
LK-1321100	Nugagoda	Nugagoda	GND	751
LK-1321105	Pothupitiya South	Pothupitiya South	GND	394
LK-1321110	Pothupitiya North	Pothupitiya North	GND	370
LK-1321115	Pothupitiya West	Pothupitiya West	GND	363
LK-1321120	Meda Pothupitiya	Meda Pothupitiya	GND	364
LK-1321125	Kuda Waskaduwa West	Kuda Waskaduwa West	GND	467
LK-1321130	Kuda Waskaduwa North	Kuda Waskaduwa North	GND	610
LK-1321135	Kuda Waskaduwa East	Kuda Waskaduwa East	GND	494
LK-1321140	Kapuhena	Kapuhena	GND	205
LK-1321145	Usgodella	Usgodella	GND	518
LK-1321150	Panapitiya North	Panapitiya North	GND	352
LK-1321155	Paraduwa	Paraduwa	GND	265
LK-1321160	Dodammulla	Dodammulla	GND	205
LK-1321165	Diyagama	Diyagama	GND	292
LK-1321170	Panapitiya South	Panapitiya South	GND	339
LK-1321175	Rannungala	Rannungala	GND	364
LK-1321180	Uggalbada West	Uggalbada West	GND	530
LK-1321185	Dediyawala	Dediyawala	GND	730
LK-1321190	Kuda Waskaduwa South	Pothupitiya North	GND	636
LK-1321195	Mahawaskaduwa South	Mahawaskaduwa South	GND	690
LK-1321200	Mahawaskaduwa North	Mahawaskaduwa North	GND	351
LK-1321205	Vilegoda North	Vilegoda North	GND	546
LK-1321210	Malwatta	Malwatta	GND	251
LK-1321215	Wijerathnawatta	Wijerathnawatta	GND	513
LK-1321220	Uggalbada East	Uggalbada East	GND	424
LK-1321225	Thekkawatta	Thekkawatta	GND	1158
LK-1321230	Jawatta	Jawatta	GND	440
LK-1321235	Botnikwatta	Botnikwatta	GND	426
LK-1321240	Kalutara North	Kalutara North	GND	651
LK-1321245	Deshasthra Kalutara	Deshasthra Kalutara	GND	565
LK-1321250	Deshasthra Kalutara West	Deshasthra Kalutara West	GND	513
LK-1321255	Vidyasara	Vidyasara	GND	565
LK-1321260	Thotupala	Thotupala	GND	355
LK-1321265	Ethanamadala	Ethanamadala	GND	816
LK-1321270	Palathota	Palathota	GND	395
LK-1321275	Welapura	Welapura	GND	370
LK-1321280	Kalutara South	Kalutara South	GND	343
LK-1321285	Kuda Heenatiyangala	Kuda Heenatiyangala	GND	601
LK-1321290	Ilukwatta	Ilukwatta	GND	611
LK-1321295	Vilegoda South	Vilegoda South	GND	251
LK-1321300	Godaparagahahena	Godaparagahahena	GND	314
LK-1321305	Kithulawa	Kithulawa	GND	897
LK-1321310	Alwiswatta	Alwiswatta	GND	297
LK-1321315	Etavila	Etavila	GND	644
LK-1321320	Akkaragoda	Akkaragoda	GND	327
LK-1321325	Mahawatta	Mahawatta	GND	481
LK-1321330	Kalutara South A	Kalutara South A	GND	306
LK-1321335	Kalapuwa	Kalapuwa	GND	404
LK-1321340	Wettumakada	Wettumakada	GND	454
LK-1321345	Kurunduwatta	Kurunduwatta	GND	636
LK-1321350	Maha Heenatiyangala	Maha Heenatiyangala	GND	870
LK-1321355	Wattamulla	Wattamulla	GND	612
LK-1321360	Alubogahalanda	Alubogahalanda	GND	697
LK-1321365	Rajawatta Aluth Kotasa	Rajawatta Aluth Kotasa	GND	142
LK-1321370	Rajawatta Parana Kotasa	Rajawatta Parana Kotasa	GND	291
LK-1321375	Pulartan	Pulartan	GND	1020
LK-1321380	Uswatta	Uswatta	GND	548
LK-1321385	Katukurunda	Katukurunda	GND	307
LK-1321390	Kalamulla North	Kalamulla North	GND	515
LK-1321395	Nagoda West	Nagoda West	GND	925
LK-1321400	Kajudoowawatta	Kajudoowawatta	GND	514
LK-1321405	Nagoda South	Nagoda South	GND	1024
LK-1321410	Weniwelketiya	Weniwelketiya	GND	749
LK-1321415	Gallassa	Gallassa	GND	408
LK-1321420	Kalamulla East	Kalamulla East	GND	286
LK-1321425	Kalamulla South	Kalamulla South	GND	389
LK-1321430	Ethagama West	Ethagama West	GND	257
LK-1321435	Ethagama East	Ethagama East	GND	397
LK-1324	Beruwala	Beruwala	DSD	41819
LK-1324005	Kuda Payagala North	Kuda Payagala North	GND	493
LK-1324010	Mehimulla	Mehimulla	GND	393
LK-1324015	Pambe	Pambe	GND	393
LK-1324020	Hirigalgodella	Hirigalgodella	GND	700
LK-1324025	Malegoda	Malegoda	GND	842
LK-1324030	Kuda Payagala South	Kuda Payagala South	GND	340
LK-1324035	Payagala North	Payagala North	GND	587
LK-1324040	Pinidiyamulla	Pinidiyamulla	GND	625
LK-1324045	Viharakanda	Viharakanda	GND	329
LK-1324050	Palayangoda	Palayangoda	GND	615
LK-1324055	Weragala	Weragala	GND	748
LK-1324060	Katukurundugahalanda East	Katukurundugahalanda East	GND	489
LK-1324065	Katukurundugahalanda West	Katukurundugahalanda West	GND	341
LK-1324070	Pothuvila East	Pothuvila East	GND	501
LK-1324075	Mahagammedda	Mahagammedda	GND	538
LK-1324080	Maha Payagala	Maha Payagala	GND	334
LK-1324085	Pothuvila West	Pothuvila West	GND	323
LK-1324090	Munasinghagoda	Munasinghagoda	GND	394
LK-1324095	Diyalagoda	Diyalagoda	GND	645
LK-1324100	Kapugoda	Kapugoda	GND	401
LK-1324105	Halkandavila	Halkandavila	GND	487
LK-1324110	Yovungama	Yovungama	GND	312
LK-1324115	Doowegoda	Doowegoda	GND	665
LK-1324120	Kendagahavila	Kendagahavila	GND	537
LK-1324125	Munhena	Munhena	GND	738
LK-1324130	Maggona East	Maggona East	GND	818
LK-1324135	Akkaramale	Akkaramale	GND	628
LK-1324140	Maggona West	Maggona West	GND	271
LK-1324145	Idiriligoda	Idiriligoda	GND	276
LK-1324150	Kuda Magalkanda	Kuda Magalkanda	GND	163
LK-1324155	Magalkanda North	Magalkanda North	GND	309
LK-1324160	Magalkanda South	Magalkanda South	GND	548
LK-1324165	Akkara Asoowa	Akkara Asoowa	GND	470
LK-1324170	Bubulalanda	Bubulalanda	GND	425
LK-1324175	Kadurugasmulla	Kadurugasmulla	GND	571
LK-1324180	Bandanagoda	Bandanagoda	GND	400
LK-1324185	Kalavilakanda	Kalavilakanda	GND	305
LK-1324190	Walathara	Walathara	GND	953
LK-1324195	Pannila	Pannila	GND	357
LK-1324200	Cheenakotuwa	Cheenakotuwa	GND	729
LK-1324205	Akkaragoda	Akkaragoda	GND	612
LK-1324210	Karandagoda	Karandagoda	GND	321
LK-1324215	Marakkalahawatta	Marakkalahawatta	GND	755
LK-1324220	Polkotuwa	Polkotuwa	GND	687
LK-1324225	Paranakade	Paranakade	GND	268
LK-1324230	Maradana	Maradana	GND	1412
LK-1324235	Hettiyakanda	Hettiyakanda	GND	558
LK-1324240	Massalgoda	Massalgoda	GND	452
LK-1324245	Kankanamgoda	Kankanamgoda	GND	1383
LK-1324250	Ambepitiya	Ambepitiya	GND	1103
LK-1324255	Pinhena	Pinhena	GND	398
LK-1324260	Pinhena Colony	Pinhena Colony	GND	282
LK-1324265	Kalavila	Kalavila	GND	611
LK-1324270	Malewangoda	Malewangoda	GND	389
LK-1324275	Padagoda	Padagoda	GND	368
LK-1324280	Hettimulla	Hettimulla	GND	571
LK-1324285	Mahagoda	Mahagoda	GND	1285
LK-1324290	Maligahena	Maligahena	GND	651
LK-1324295	Moragalla	Moragalla	GND	698
LK-1324300	Mullapitiya	Mullapitiya	GND	368
LK-1324305	Gammedda	Gammedda	GND	320
LK-1324310	Kaluwamodara North	Kaluwamodara North	GND	297
LK-1324315	Galhena	Galhena	GND	359
LK-1324320	Alakadupitiya	Alakadupitiya	GND	437
LK-1324325	Welipitiya	Welipitiya	GND	640
LK-1324330	Pathirajagoda	Pathirajagoda	GND	196
LK-1324335	Kadiyawatta	Kadiyawatta	GND	203
LK-1324340	Malewana	Malewana	GND	605
LK-1324345	Adikarigoda	Adhikarigoda	GND	266
LK-1324350	Nakandalagoda	Nakandalagoda	GND	412
LK-1324355	Danwattagoda	Danwattagoda	GND	120
LK-1324360	Kotapitiya	Kotapitiya	GND	189
LK-1324365	Warapitiya	Warapitiya	GND	785
LK-1324370	Dharga Town East	Dharga Town East	GND	494
LK-1324375	Ganga Addara	Ganga Addara	GND	465
LK-1324380	Dharga Town	Dharga Town	GND	663
LK-1324385	Kaluwamodara East	Kaluwamodara East	GND	368
LK-1324390	Kaluwamodara West	Kaluwamodara West	GND	455
LK-1324395	Ganegama	Ganegama	GND	317
LK-1324400	Seenawatta	Seenawatta	GND	542
LK-1324405	Aluthgama East	Aluthgama East	GND	314
LK-1324410	Aluthgama West	Aluthgama West	GND	207
LK-1327	Dodangoda	Dodangoda	DSD	18525
LK-1327005	Koholana North	Koholana North	GND	232
LK-1327010	Ukwatta	Ukwatta	GND	177
LK-1327015	Bolossagama	Bolossagama	GND	247
LK-1327020	Remunagoda North	Remunagoda North	GND	215
LK-1327025	Pelapitiyagoda	Pelapitiyagoda	GND	326
LK-1327030	Pelapitiyagoda North	Pelapitiyagoda North	GND	352
LK-1327035	Pahala Nebada	Pahala Nebada	GND	412
LK-1327040	Nebada	Nebada	GND	332
LK-1327045	Nebada West	Nebada West	GND	130
LK-1327050	Thebuwana East	Thebuwana East	GND	576
LK-1327055	Thebuwana West	Thebuwana West	GND	361
LK-1327060	Remunagoda South	Remunagoda South	GND	186
LK-1327065	Gamagoda East	Gamagoda East	GND	409
LK-1327070	Serupita East	Serupita East	GND	421
LK-1327075	Serupita West	Serupita West	GND	221
LK-1327080	Koholana South	Koholana South	GND	188
LK-1327085	Adhikarigoda	Adhikarigoda	GND	374
LK-1327090	Gamagoda West	Gamagoda West	GND	528
LK-1327095	Bombuwala North - West	Bombuwala North-West	GND	695
LK-1327100	Bombuwala North - Central	Bombuwala North-Central	GND	481
LK-1327105	Bombuwala North - East	Bombuwala North-East	GND	300
LK-1327110	Bombuwala South - West	Bombuwala South-West	GND	415
LK-1327115	Bombuwala South - Central	Bombuwala South-Central	GND	737
LK-1327120	Bombuwala South - East	Bombuwala South-East	GND	504
LK-1327125	Thudugala East	Thudugala East	GND	299
LK-1327130	Wellatha	Wellatha	GND	309
LK-1327135	Ihala Nebada	Ihala Nebada	GND	208
LK-1327140	Wattahena	Wattahena	GND	236
LK-1327145	Nehinna	Nehinna	GND	363
LK-1327150	Wadugama	Wadugama	GND	515
LK-1327155	Thudugala West	Thudugala West	GND	345
LK-1327160	Dodangoda East - North	Dodangoda East-North	GND	473
LK-1327165	Dodangoda West - North	Dodangoda West-North	GND	716
LK-1327170	Dodangoda West - North West	Dodangoda West-North West	GND	900
LK-1327175	Dodangoda West	Dodangoda West	GND	1025
LK-1327180	Dodangoda West - Central	Dodangoda West-Central	GND	225
LK-1327185	Dodangoda West - South	Dodangoda West-South	GND	619
LK-1327190	Dodangoda East - South	Dodangoda East-South	GND	649
LK-1327195	Sapugahawatta	Sapugahawatta	GND	424
LK-1327200	Puhambugoda East	Puhambugoda East	GND	497
LK-1327205	Dodangoda East	Dodangoda East	GND	313
LK-1327210	Dodangoda East - Central	Dodangoda East-Central	GND	640
LK-1327215	Puhambugoda West	Puhambugoda West	GND	300
LK-1327220	Eladoowa	Eladoowa	GND	449
LK-1327225	Galpottavila	Galpottavila	GND	201
LK-1330	Matugama	Mathugama	DSD	23326
LK-1330005	Iddagoda West	Iddagoda West	GND	211
LK-1330010	Iddagoda East	Iddagoda East	GND	388
LK-1330015	Hiriketiya	Hiriketiya	GND	200
LK-1330020	Panthiya	Panthiya	GND	483
LK-1330025	Welimanana	Welimanana	GND	620
LK-1330030	Bopitiya East	Bopitiya East	GND	339
LK-1330035	Yattovita	Yattovita	GND	500
LK-1330040	Mathugama West	Mathugama West	GND	600
LK-1330045	Mathugama North	Mathugama North	GND	639
LK-1330050	Gurudola	Gurudola	GND	135
LK-1330055	Wettewa	Wettewa	GND	645
LK-1330060	Mathugama East	Mathugama East	GND	656
LK-1330065	Mathugama South	Mathugama South	GND	616
LK-1330070	Naravila	Naravila	GND	597
LK-1330075	Bopitiya West	Bopitiya West	GND	397
LK-1330080	Diyagala	Diyagala	GND	281
LK-1330085	Thambaretiya	Thambaretiya	GND	384
LK-1330090	Yatadolawatta East	Yatadolawatta East	GND	889
LK-1330095	Yatadolawatta West	Yatadolawatta West	GND	740
LK-1330100	Aluthgamgoda	Aluthgamgoda	GND	465
LK-1330105	Navuttuduwa	Navuttuduwa	GND	451
LK-1330110	Keeranthidiya	Keeranthidiya	GND	587
LK-1330115	Pussalamulla	Pussalamulla	GND	505
LK-1330120	Kolehekada	Kolehekada	GND	477
LK-1330125	Kotagedara	Kotagedara	GND	399
LK-1330130	Henegama	Henegama	GND	520
LK-1330135	Badugama	Badugama	GND	685
LK-1330140	Ovitigala	Ovitigala	GND	632
LK-1330145	Sandasirigama	Sandasirigama	GND	470
LK-1330150	Badugama New Colony	Badugama New Colony	GND	369
LK-1330155	Horawala East	Horawala East	GND	229
LK-1330160	Horawala North	Horawala North	GND	265
LK-1330165	Horawala	Horawala	GND	306
LK-1330170	Horawala West	Horawala West	GND	495
LK-1330175	Welipenna East - South	Welipenna East South	GND	196
LK-1330180	Welipenna West	Welipenna West	GND	893
LK-1330185	Welipenna East - North	Welipenna East-North	GND	511
LK-1330190	Dippita	Dippita	GND	291
LK-1330195	Lewwanduwa North	Lewwanduwa North	GND	166
LK-1330200	Henpita	Henpita	GND	211
LK-1330205	Galmatta	Galmatta	GND	246
LK-1330210	Walagedara North	Walagedara North	GND	301
LK-1330215	Warakatholla	Warakatholla	GND	429
LK-1330220	Nugagahalanda	Nugagahalanda	GND	227
LK-1330225	Keppetiyagahalanda	Keppetiyagahalanda	GND	321
LK-1330230	Bondupitiya	Bondupitiya	GND	124
LK-1330235	Andawala	Andawala	GND	298
LK-1330240	Thalgasgoda	Thalgasgoda	GND	786
LK-1330245	Indigasthuduwa	Indigasthuduwa	GND	154
LK-1330250	Ladduwa	Ladduwa	GND	155
LK-1330255	Meegama	Meegama	GND	256
LK-1330260	Dewagoda	Dewagoda	GND	300
LK-1330265	Walagedara South	Walagedara South	GND	356
LK-1330270	Kurudippita	Kurudippita	GND	191
LK-1330275	Lewwanduwa West	Lewwanduwa West	GND	302
LK-1330280	Lewwanduwa East	Lewwanduwa East	GND	220
LK-1330285	Madawala	Madawala	GND	217
LK-1333	Agalawatta	Agalawatta	DSD	10425
LK-1333005	Girikola	Girikola	GND	396
LK-1333010	Pimbura	Pimbura	GND	422
LK-1333015	Omatta	Omatta	GND	255
LK-1333020	Omatta East	Omatta East	GND	144
LK-1333025	Evariwatta	Evariwatta	GND	265
LK-1333030	Kekulandala South	Kekulandala South	GND	451
LK-1333035	Halovita	Halovita	GND	224
LK-1333040	Udawela	Udawela	GND	379
LK-1333045	Helamba	Helamba	GND	463
LK-1333050	Yatiyana West	Yatiyana West	GND	604
LK-1333055	Gorokgoda	Gorokgoda	GND	527
LK-1333060	Beragama	Beragama	GND	241
LK-1333065	Agalawatta	Agalawatta	GND	218
LK-1333070	Kekulandala North	Kekulandala North	GND	402
LK-1333075	Dapiligoda	Dapiligoda	GND	407
LK-1333080	Wandurabba	Wandurabba	GND	455
LK-1333085	Yatiyana East	Yatiyana East	GND	462
LK-1333090	Pinnagoda	Pinnagoda	GND	351
LK-1333095	Bodhiyakanda	Bodhiyakanda	GND	89
LK-1333100	Mulatiyana	Mulatiyana	GND	147
LK-1333105	Ridirekhagama	Ridirekhagama	GND	230
LK-1333110	Kithulgoda	Kithulgoda	GND	464
LK-1333115	Kithulgoda South	Kithulgoda South	GND	215
LK-1333120	Kuda Kalupahana	Kuda Kalupahana	GND	174
LK-1333125	Kalupahana	Kalupahana	GND	275
LK-1333130	Kevitiyagala North	Kevitiyagala North	GND	206
LK-1333135	Diyapattugama	Diyapattugama	GND	325
LK-1333140	Kurupita	Kurupita	GND	200
LK-1333145	Harankahapatha	Harankahapatha	GND	202
LK-1333150	Kevitiyagala	Kevitiyagala	GND	244
LK-1333155	Polgampala	Polgampala	GND	241
LK-1333160	Polgampala East	Polgampala East	GND	202
LK-1333165	Rathmale East	Rathmale East	GND	340
LK-1333170	Rathmale	Rathmale	GND	205
LK-1336	Palindanuwara	Palindanuwara	DSD	14918
LK-1336005	Kosgulana	Kosgulana	GND	172
LK-1336010	Kelinkanda	Kelinkanda	GND	274
LK-1336015	Kelinkanda Colony	Kelinkanda Colony	GND	268
LK-1336020	Walakada	Walakada	GND	254
LK-1336025	Kapugedara	Kapugedara	GND	311
LK-1336030	Galahitiya	Galahitiya	GND	564
LK-1336035	Ilukpatha	Ilukpatha	GND	380
LK-1336040	Pelenda West	Pelenda West	GND	608
LK-1336045	Pelenda	Pelenda	GND	564
LK-1336050	Bampara	Bampara	GND	144
LK-1336055	Ambegoda	Ambegoda	GND	302
LK-1336060	Morapitiya North	Morapitiya North	GND	414
LK-1336065	Morapitiya	Morapitiya	GND	336
LK-1336070	Midalana West	Midalana West	GND	228
LK-1336075	Maragahadeniya	Maragahadeniya	GND	681
LK-1336080	Lathpandura East	Lathpandura East	GND	446
LK-1336085	Bellana East	Bellana East	GND	360
LK-1336090	Viharagama	Viharagama	GND	331
LK-1336095	Kapugama	Kapugama	GND	136
LK-1336100	Bellana	Bellana	GND	381
LK-1336105	Yakupitiya	Yakupitiya	GND	270
LK-1336110	Lathpandura	Lathpandura	GND	431
LK-1336115	Kamburawala	Kamburawala	GND	576
LK-1336120	Baduraliya	Baduraliya	GND	643
LK-1336125	Diggoda	Diggoda	GND	392
LK-1336130	Midalana	Midalana	GND	412
LK-1336135	Morapitiya South	Morapitiya South	GND	182
LK-1336140	Athwelthota	Athwelthota	GND	338
LK-1336145	Diganna	Diganna	GND	242
LK-1336150	Batahena	Batahena	GND	301
LK-1336155	Hedigalla	Hedigalla	GND	507
LK-1336160	Magura East	Magura East	GND	197
LK-1336165	Magura West	Magura West	GND	304
LK-1336170	Addaragoda	Addaragoda	GND	188
LK-1336175	Penigala	Penigala	GND	166
LK-1336180	Kalugala	Kalugala	GND	400
LK-1336185	Athale	Athale	GND	199
LK-1336190	Ingurudaluwa	Ingurudaluwa	GND	305
LK-1336195	Bollunna	Bollunna	GND	263
LK-1336200	Kalukandawa	Kalukandawa	GND	33
LK-1336205	Batagodavila	Batagodavila	GND	387
LK-1336210	Boralugoda	Boralugoda	GND	105
LK-1336215	Thiniyawala	Thiniyawala	GND	923
LK-1339	Walallawita	Walallavita	DSD	15809
LK-1339005	Pannila South	Pannila South	GND	275
LK-1339010	Pannila East	Pannila East	GND	347
LK-1339015	Uragoda West	Uragoda West	GND	144
LK-1339020	Uragoda East	Uragoda East	GND	106
LK-1339025	Lihiniyawa West	Lihiniyawa West	GND	278
LK-1339030	Lihiniyawa East	Lihiniyawa East	GND	365
LK-1339035	Moragala	Moragala	GND	418
LK-1339040	Meegahathenna	Meegahathenna	GND	493
LK-1339045	Mallawachchigoda Gangabada	Mallawachchigoda Gangabada	GND	300
LK-1339050	Bothalawa	Bothalawa	GND	254
LK-1339055	Kumbadoowa	Kumbadoowa	GND	430
LK-1339060	Maddegama	Maddegama	GND	325
LK-1339065	Bogodakanda	Bogodakanda	GND	250
LK-1339070	Halwalakele Malwathukanda	Halwalakele Malwathukanda	GND	104
LK-1339075	Uthumgama	Uthumgama	GND	220
LK-1339080	Kuda Mathugama	Kuda Mathugama	GND	194
LK-1339085	Pareigama North	Pareigama North	GND	228
LK-1339090	Halwala	Halwala	GND	258
LK-1339095	Pannila	Pannila	GND	250
LK-1339100	Miriswatta	Miriswatta	GND	289
LK-1339105	Ittapana North	Ittapana North	GND	239
LK-1339110	Malambehena	Malambehena	GND	286
LK-1339115	Ittapana West	Ittapana West	GND	191
LK-1339120	Ittapana South	Ittapana South	GND	169
LK-1339125	Ittapana East	Ittapana East	GND	208
LK-1339130	Loolbadduwa	Loolbadduwa	GND	367
LK-1339135	Pareigama South	Pareigama South	GND	238
LK-1339140	Gulavita North	Gulavita North	GND	166
LK-1339145	Wedawatta	Wedawatta	GND	249
LK-1339150	Katukele Welmeegoda	Katukele Welmeegoda	GND	378
LK-1339155	Ranepuragoda	Ranepuragoda	GND	243
LK-1339160	Mandagala	Mandagala	GND	277
LK-1339165	Yattapatha	Yattapatha	GND	384
LK-1339170	Pahala Hewessa North	Pahala Hewessa North	GND	334
LK-1339175	Pahala Hewessa South	Pahala Hewessa South	GND	241
LK-1339180	Pelawatta East	Pelawatta East	GND	237
LK-1339185	Pelawatta	Pelawatta	GND	299
LK-1339190	Pelawatta West North	Pelawatta West North	GND	414
LK-1339195	Makalandawa	Makalandawa	GND	196
LK-1339200	Makalandawa South	Makalandawa South	GND	167
LK-1339205	Gulavita South	Gulavita South	GND	206
LK-1339210	Udugama	Udugama	GND	172
LK-1339215	Karapagala	Karapagala	GND	252
LK-1339220	Gammana East	Gammana East	GND	133
LK-1339225	Gammana West	Gammana West	GND	248
LK-1339230	Gorakadoowa	Gorakadoowa	GND	264
LK-1339235	Yagirala	Yagirala	GND	278
LK-1339240	Katudora	Katudora	GND	217
LK-1339245	Magurumasvila	Magurumasvila	GND	202
LK-1339250	Walallavita East	Walallavita East	GND	195
LK-1339255	Pelawatta West South	Pelawatta West South	GND	411
LK-1339260	Gorakadoowa	Gorakadoowa	GND	492
LK-1339265	Miriswatta	Miriswatta	GND	267
LK-1339270	Thundola	Thundola	GND	319
LK-1339275	Weerakanda	Weerakanda	GND	123
LK-1339280	Gulanawatta	Gulanawatta	GND	332
LK-1339285	Kankotawatta	Kankotawatta	GND	275
LK-1339290	Ihala Hewessa	Ihala Hewessa	GND	226
LK-1339295	Walallavita South	Walallavita South	GND	147
LK-1339300	Thotaha	Thotaha	GND	239
LK-2	Central	Central	PROVINCE	730925
LK-21	Kandy	Kandy	DISTRICT	389826
LK-2103	Tumpane	Thumpane	DSD	10774
LK-2103005	Meegahahena South	Meegahahena South	GND	231
LK-2103010	Meegahahena	Meegahahena	GND	136
LK-2103015	Galabawa	Galabawa	GND	157
LK-2103020	Kobbegala	Kobbegala	GND	102
LK-2103025	Ambagahahena	Ambagahahena	GND	119
LK-2103030	Rokhill	Rokhill	GND	158
LK-2103035	Akkarawatta	Akkarawatta	GND	76
LK-2103040	Bonakot	Bonakot	GND	134
LK-2103045	Haddapitiya	Haddapitiya	GND	223
LK-2103050	Delgasyaya	Delgasyaya	GND	88
LK-2103055	Gallenawatta	Gallenawatta	GND	126
LK-2103060	Kandanhena East	Kandanhena East	GND	176
LK-2103065	Namaltenna	Namaltenna	GND	225
LK-2103070	Alawattegama	Alawattegama	GND	94
LK-2103075	Kumburegama	Kumburegama	GND	202
LK-2103080	Ban Anga	Ban Anga	GND	136
LK-2103085	Ethamulla	Ethamulla	GND	209
LK-2103090	Palukopi Watta	Palukopi Watta	GND	229
LK-2103095	Damunugasthenna	Damunugasthenna	GND	191
LK-2103100	Galagedara West	Galagedara West	GND	286
LK-2103105	Udapitiya	Udapitiya	GND	94
LK-2103110	Galagedara Madige South	Galagedara Madige South	GND	318
LK-2103115	Galagedara	Galagedara	GND	210
LK-2103120	Galagedara Madige	Galagedara Madige	GND	184
LK-2103125	Pethigewela	Pethigewela	GND	119
LK-2103130	Udalagama	Udalagama	GND	165
LK-2103135	Gunadaha	Gunadaha	GND	293
LK-2103140	Medagoda Pahala	Medagoda Pahala	GND	145
LK-2103145	Opalla	Opalla	GND	83
LK-2103150	Gangodapitiya	Gangodapitiya	GND	137
LK-2103155	Pubbiliya	Pubbiliya	GND	111
LK-2103160	Kannadeniya	Kannadeniya	GND	154
LK-2103165	Barandara	Barandara	GND	186
LK-2103170	Kaluwana	Kaluwana	GND	182
LK-2103175	Kinigama West	Kinigama West	GND	158
LK-2103180	Kinigama East	Kinigama East	GND	165
LK-2103185	Ponnila	Pottila	GND	134
LK-2103190	Uduwa	Uduwa	GND	188
LK-2103195	Medagoda Ihala	Medagoda Ihala	GND	171
LK-2103200	Naranwala	Naranwala	GND	233
LK-2103205	Hikgodawalpola	Hithgodawalpola	GND	175
LK-2103210	Paranagama	Paranagama	GND	206
LK-2103215	Wettewa	Wettewa	GND	118
LK-2103220	Pavulpawa	Pavulpawa	GND	138
LK-2103225	Kirindiwelpola	Kirindiwelpola	GND	106
LK-2103230	Kuragama North	Kuragama North	GND	146
LK-2103235	Nikathenna	Nikathenna	GND	123
LK-2103240	Etambegoda	Etambegoda	GND	89
LK-2103245	Thahalpitiya	Thahalpitiya	GND	103
LK-2103250	Dehideniya	Dehideniya	GND	165
LK-2103255	Kandekumbura	Kandekumbura	GND	180
LK-2103260	Diyapalagoda	Diyapalagoda	GND	117
LK-2103265	Niyangoda	Niyangoda	GND	240
LK-2103270	Niyambepola	Niyambepola	GND	191
LK-2103275	Henegama Palkumbura	Henegama Palkumbura	GND	226
LK-2103280	Idamegama	Idamegama	GND	259
LK-2103285	Marawanagoda	Marawanagoda	GND	244
LK-2103290	Adungama Palkumbura	Adungama Palkumbura	GND	204
LK-2103295	Kuragama	Kuragama	GND	233
LK-2103300	Udahenepola	Udahenepola	GND	83
LK-2103305	Poholiyadda	Poholiyadda	GND	142
LK-2103310	Hiyadala	Hiyadala	GND	37
LK-2103315	Pallekotuwa	Pallekotuwa	GND	116
LK-2103320	Hiyadala Walpola	Hiyadala Walpola	GND	198
LK-2103325	Minigamuwa	Minigamuwa	GND	112
LK-2103330	Minigamuwa Ihala	Minigamuwa Ihala	GND	47
LK-2103335	Thennewela	Thennewela	GND	48
LK-2106	Poojapitiya	Pujapitiya	DSD	15610
LK-2106005	Egodamulla North	Egodamulla North	GND	275
LK-2106010	Ihalamulla	Ihalamulla	GND	157
LK-2106015	Dehiwatta	Dehiwatta	GND	230
LK-2106020	Egodamulla South	Egodamulla South	GND	289
LK-2106025	Pahala Kithulgolla	Pahala Kithulgolla	GND	297
LK-2106030	Alawatta	Alawatta	GND	200
LK-2106035	Uda Kithulgolla	Uda Kithulgolla	GND	193
LK-2106040	Ankumbura South	Ankumbura South	GND	276
LK-2106045	Ankumbura North	Ankumbura North	GND	312
LK-2106050	Uggala Janapadaya	Uggala Janapadaya	GND	169
LK-2106055	Pallegama Pahala	Pallegama Pahala	GND	157
LK-2106060	Welgala	Welgala	GND	149
LK-2106065	Ankumbura Udagama	Ankumbura Udagama	GND	211
LK-2106070	Kovilamuduna	Kovilamuduna	GND	199
LK-2106075	Galhinna	Galhinna	GND	469
LK-2106080	Galkanda	Galkanda	GND	111
LK-2106085	Palliya Kotuwa	Palliya Kotuwa	GND	348
LK-2106090	Batagolladeniya	Batagolladeniya	GND	427
LK-2106095	Watagalathenna	Watagalathenna	GND	231
LK-2106100	Morankanda	Morankanda	GND	142
LK-2106105	Wewala North	Wewala North	GND	157
LK-2106110	Udahena	Udahena	GND	121
LK-2106115	Siyapathgama	Siyapathgama	GND	262
LK-2106120	Pathirada	Pathirada	GND	108
LK-2106125	Udahingulwala	Udahingulwala	GND	279
LK-2106130	Pahala Hingulwala	Pahala Hingulwala	GND	222
LK-2106135	Rambukewela	Rambukewela	GND	332
LK-2106140	Godahena	Godahena	GND	280
LK-2106145	Kahatagasthenna	Kahatagasthenna	GND	192
LK-2106150	Watagoda	Watagoda	GND	251
LK-2106155	Dolapihilla North	Dolapihilla North	GND	241
LK-2106160	Dolapihilla South	Dolapihilla South	GND	306
LK-2106165	Weligalla	Weligalla	GND	280
LK-2106170	Wewala	Wewala	GND	274
LK-2106175	Bokkawala	Bokkawala	GND	258
LK-2106180	Harankahawa	Harankahawa	GND	160
LK-2106185	Henegama	Henegama	GND	166
LK-2106190	Molagoda	Molagoda	GND	161
LK-2106195	Waldeniya	Waldeniya	GND	218
LK-2106200	Medagoda	Medagoda	GND	133
LK-2106205	Diddeniya	Diddeniya	GND	228
LK-2106210	Ovissa North	Ovissa North	GND	205
LK-2106215	Ovissa South	Ovissa South	GND	268
LK-2106220	Kiralagama	Kiralagama	GND	216
LK-2106225	Paleepana	Paleepana	GND	320
LK-2106230	Dombagammana	Dombagammana	GND	290
LK-2106235	Uggahakumbura	Uggahakumbura	GND	139
LK-2106240	Marathugoda North	Marathugoda North	GND	247
LK-2106245	Marathugoda South	Marathugoda South	GND	222
LK-2106250	Ambaruppa	Ambaruppa	GND	160
LK-2106255	Gallella	Gallella	GND	177
LK-2106260	Maruddana	Maruddana	GND	192
LK-2106265	Alagoda	Alagoda	GND	210
LK-2106270	Madadeniya	Madadeniya	GND	276
LK-2106275	Warakadeniya	Warakadeniya	GND	125
LK-2106280	Batagalla North	Batagalla North	GND	276
LK-2106285	Bamunupola	Bamunupola	GND	179
LK-2106290	Batugoda North	Batugoda North	GND	271
LK-2106295	Batagalla South	Batagalla South	GND	142
LK-2106300	Batugoda South	Batugoda South	GND	169
LK-2106305	Diwanawatta	Diwanawatta	GND	297
LK-2106310	Mullegama North	Mullegama North	GND	209
LK-2106315	Kahawatta North	Kahawatta North	GND	280
LK-2106320	Kahawatta South	Kahawatta South	GND	355
LK-2106325	Mullegama South	Mullegama South	GND	542
LK-2106330	Kaluwana South	Kaluwana South	GND	208
LK-2106335	Kaluwana North	Kaluwana North	GND	164
LK-2109	Akurana	Akurana	DSD	15564
LK-2109005	Rambuke Ela	Rambuke Ela	GND	392
LK-2109010	Vilana Udagama	Vilana Udagama	GND	419
LK-2109015	Vilana Pallegama	Vilana Pallegama	GND	483
LK-2109020	Walahena	Walahena	GND	242
LK-2109025	Alawathugoda	Alawathugoda	GND	1141
LK-2109030	Balakaduwa	Balakaduwa	GND	280
LK-2109035	Mawathupola	Mawathupola	GND	501
LK-2109040	Arambepola	Arambepola	GND	351
LK-2109045	Delgasgoda	Delgasgoda	GND	439
LK-2109050	Dippitiya	Dippitiya	GND	363
LK-2109055	Malwanahinna	Malwanahinna	GND	484
LK-2109060	Konakalagala	Konakalagala	GND	316
LK-2109065	Malgamandeniya	Malgamandeniya	GND	273
LK-2109070	Rathukoho	Rathukoho	GND	292
LK-2109075	Marahela	Marahela	GND	280
LK-2109080	Hureegolla	Hureegolla	GND	500
LK-2109085	Neerella	Neerella	GND	488
LK-2109090	Melchena	Melchena	GND	342
LK-2109095	Bulugohothenna	Bulugohothenna	GND	491
LK-2109100	Kasawatta	Kasawatta	GND	502
LK-2109105	Udaweliketiya	Udaweliketiya	GND	681
LK-2109110	Palleweliketiya	Palleweliketiya	GND	446
LK-2109115	Dodangolla	Dodangolla	GND	687
LK-2109120	Akurana	Akurana	GND	582
LK-2109125	Delgasthenna	Delgasthenna	GND	432
LK-2109130	Kurugoda	Kurugoda	GND	443
LK-2109135	Deegala	Deegala	GND	233
LK-2109140	Pangollamada	Pangollamada	GND	179
LK-2109145	Dunuvila North	Dunuvila North	GND	496
LK-2109150	Dunuvila South	Dunuvila South	GND	354
LK-2109155	Palle Deegala	Palle Deegala	GND	218
LK-2109160	Thelambugahawatta	Thelambugahawatta	GND	815
LK-2109165	Waragashinna	Waragashinna	GND	457
LK-2109170	Kurudugahaela	Kurudugahaela	GND	474
LK-2109175	Uggala	Uggala	GND	488
LK-2112	Pathadumbara	Pathadumbara	DSD	25283
LK-2112005	Yatawara	Yatawara	GND	406
LK-2112010	Yatawara Kandagama	Yatawara Kandagama	GND	340
LK-2112015	Ihala Yatawara	Ihala Yatawara	GND	660
LK-2112020	Udurawana	Udurawana	GND	318
LK-2112025	Doragamuwa	Doragamuwa	GND	580
LK-2112030	Bogahakumbura	Bogahakumbura	GND	362
LK-2112035	Deegahawathura	Deegahawathura	GND	304
LK-2112040	Mahakumbura	Mahakumbura	GND	282
LK-2112045	Mandandawela	Mandandawela	GND	302
LK-2112050	Paranagama	Paranagama	GND	225
LK-2112055	Aluthgama	Aluthgama	GND	350
LK-2112060	Walpaladeniya	Walpaladeniya	GND	392
LK-2112065	Puwakgahadeniya	Puwakgahadeniya	GND	237
LK-2112070	Wattegama	Wattegama	GND	688
LK-2112075	Wattegama North	Wattegama North	GND	899
LK-2112080	Gunembill	Gunembil	GND	214
LK-2112085	Eriyagasthenna	Eriyagasthenna	GND	416
LK-2112090	Pitiyegedara	Pitiyegedara	GND	342
LK-2112095	Yatirawana	Yatirawana	GND	677
LK-2112100	Meegammana	Meegammana	GND	540
LK-2112105	Meegammana West	Meegammana West	GND	360
LK-2112110	Galadeniya	Galadeniya	GND	802
LK-2112115	Udathalavinna	Udathalavinna	GND	707
LK-2112120	Pallethalavinna Ihala	Pallethalavinna Ihala	GND	370
LK-2112125	Moonamale	Moonamale	GND	214
LK-2112130	Kendaliyadda	Kendaliyadda	GND	370
LK-2112135	Girakaduwa	Girakaduwa	GND	315
LK-2112140	Ambathenna	Ambathenna	GND	472
LK-2112145	Molagodayawatta	Molagodayawatta	GND	526
LK-2112150	Megodagama	Megodagama	GND	279
LK-2112155	Egodagama	Egodagama	GND	448
LK-2112160	Millanga	Millanga	GND	356
LK-2112165	Pallethalavinna	Pallethalavinna	GND	546
LK-2112170	Udathalavinna Madige	Udathalavinna Madige	GND	1014
LK-2112175	Meegamawatta	Meegamawatta	GND	775
LK-2112180	Madawala Madige	Madawala Madige	GND	1128
LK-2112185	Madawala	Madawala	GND	612
LK-2112190	Walala	Walala	GND	249
LK-2112195	Ketakahala	Ketakahala	GND	360
LK-2112200	Thalkotuwa	Thalkotuwa	GND	370
LK-2112205	Napana	Napana	GND	402
LK-2112210	Leemagahadeniya	Leemagahadeniya	GND	571
LK-2112215	Pihilladeniya	Pihilladeniya	GND	557
LK-2112220	Gunnepana Madige	Gunnepana Madige	GND	719
LK-2112225	Polgolla	Polgolla	GND	596
LK-2112230	Balanagala	Balanagala	GND	412
LK-2112235	Nawayalathenna	Nawayalathenna	GND	662
LK-2112240	Kahalla	Kahalla	GND	682
LK-2112245	Kalugalawatta	Kalugalawatta	GND	663
LK-2112250	Galewatta	Galewatta	GND	508
LK-2112255	Abasingama	Abasingama	GND	352
LK-2112260	Hamindagoda	Hamindagoda	GND	352
LK-2115	Panvila	Panvila	DSD	7203
LK-2115005	Kelebokka	Kelebokka	GND	1114
LK-2115010	Watakele	Watakele	GND	224
LK-2115015	Mahapathana	Mahapathana	GND	607
LK-2115020	Kosgama	Kosgama	GND	638
LK-2115025	Thawalanthenna	Thawalanthenna	GND	803
LK-2115030	Gomaraya	Gomaraya	GND	311
LK-2115035	Beddegama	Beddegama	GND	233
LK-2115040	Arattana	Arattana	GND	432
LK-2115045	Madulkele	Madulkele	GND	721
LK-2115050	Hathale	Hathale	GND	448
LK-2115055	Angammana	Angammana	GND	452
LK-2115060	Udugoda	Udugoda	GND	312
LK-2115065	Pitawala	Pitawala	GND	213
LK-2115070	Panvila	Panvila	GND	695
LK-2118	Ududumbara	Udadumbara	DSD	6720
LK-2118005	Meemure	Meemure	GND	97
LK-2118010	Kumbukgolla	Kumbukgolla	GND	78
LK-2118015	Kaikawala	Kaikawala	GND	34
LK-2118020	Pusseela	Pusseela	GND	80
LK-2118025	Karambaketiya	Karambaketiya	GND	17
LK-2118030	Geradigala	Gerandigala	GND	113
LK-2118035	Moonamalpelessa	Moonamalpelessa	GND	100
LK-2118040	Kalugala	Kalugala	GND	99
LK-2118045	Udailuka	Udailuka	GND	102
LK-2118050	Padupola	Padupola	GND	67
LK-2118055	Udakumbura	Udakumbura	GND	63
LK-2118060	Kalugaloya	Kalugaloya	GND	124
LK-2118065	Dumbaragama	Dumbaragama	GND	231
LK-2118070	Pallewela	Pallewela	GND	145
LK-2118075	Udawela	Udawela	GND	135
LK-2118080	Kandegama	Kandegama	GND	84
LK-2118085	Wadawalakanda	Wadawalakanda	GND	82
LK-2118090	Kobonilla	Kobonilla	GND	102
LK-2118095	Pallekanda	Pallekanda	GND	54
LK-2118100	Hanwella	Hanwella	GND	76
LK-2118105	Andideniya	Andideniya	GND	144
LK-2118110	Dambagahapitiya	Dambagahapitiya	GND	109
LK-2118115	Poppitiya	Poppitiya	GND	89
LK-2118120	Oyathenna	Oyathenna	GND	139
LK-2118125	Thalagune	Thalagune	GND	87
LK-2118130	Gedaramada	Gedaramada	GND	74
LK-2118135	Kirigankumbura	Kirigankumbura	GND	198
LK-2118140	Udadumbara	Udadumbara	GND	177
LK-2118145	Nawanagala	Nawanagala	GND	111
LK-2118150	Hunnasgiriya	Hunnasgiriya	GND	326
LK-2118155	Kiripattiya	Kiripattiya	GND	147
LK-2118160	Halyala	Halyala	GND	104
LK-2118165	Mendiriya	Mendiriya	GND	79
LK-2118170	Gangoda	Gangoda	GND	114
LK-2118175	Udapitawala	Udapitawala	GND	183
LK-2118180	Mahawala	Mahawala	GND	100
LK-2118185	Pitawala Udagammedda	Pitawala Udagammedda	GND	75
LK-2118190	Godakumbura	Godakumbura	GND	66
LK-2118195	Mediwaka	Mediwaka	GND	135
LK-2118200	Karandagolla	Karandagolla	GND	57
LK-2118205	Rambukwella East	Rambukwella East	GND	94
LK-2118210	Rambukwella West	Rambukwella West	GND	62
LK-2118215	Denapitiya	Denapitiya	GND	104
LK-2118220	Nugethenna East	Nugethenna East	GND	79
LK-2118225	Nugethenna West	Nugethenna West	GND	143
LK-2118230	Kevulgama	Kevulgama	GND	77
LK-2118235	Ganegala	Ganegala	GND	69
LK-2118240	Minuwangamuwa	Minuwangamuwa	GND	132
LK-2118245	Kalalgamuwa	Kalalgamuwa	GND	128
LK-2118250	Pitawala	Pitawala	GND	62
LK-2118255	Dewahandiya East	Dewahandiya East	GND	66
LK-2118260	Hapukanda East	Hapukanda East	GND	109
LK-2118265	Hapukanda West	Hapukanda West	GND	54
LK-2118270	Madugalla Udagammedda	Madugalla Udagammedda	GND	129
LK-2118275	Madugalla North	Madugalla North	GND	94
LK-2118280	Madugalla South	Madugalla South	GND	124
LK-2118285	Pamunethenna	Pamunethenna	GND	41
LK-2118290	Devinnegama	Devinnegama	GND	198
LK-2118295	Bambarabedda East	Bambarabedda East	GND	200
LK-2118300	Bambarabedda West	Bambarabedda West	GND	140
LK-2118305	Pitigoda	Pitigoda	GND	45
LK-2118310	Kalawala	Kalawala	GND	81
LK-2118315	Dewahandiya West	Dewahandiya West	GND	92
LK-2121	Minipe	Minipe	DSD	15952
LK-2121005	Galamuduna	Galamuduna	GND	26
LK-2121010	Dungolla	Dungolla	GND	73
LK-2121015	Thotillagas Ella	Thotillagas Ella	GND	541
LK-2121020	Palugolla	Palugolla	GND	421
LK-2121025	Wewere	Wewere	GND	674
LK-2121030	Dehemigama	Dehemigama	GND	462
LK-2121035	Himbutuwa	Himbutuwa	GND	346
LK-2121040	Udattawa North	Udattawa North	GND	313
LK-2121045	Pallegaladebokka	Pallegaladebokka	GND	97
LK-2121050	Udagaladebokka	Udagaladebokka	GND	32
LK-2121055	Udattawa	Udattawa	GND	327
LK-2121060	Dambagahawela	Dambagahawela	GND	376
LK-2121065	Kindigoda North	Kindigoda North	GND	375
LK-2121070	Udawela	Udawela	GND	416
LK-2121075	Kindigoda South	Kindigoda South	GND	433
LK-2121080	Ulpathagama	Ulpathagama	GND	278
LK-2121085	Ambagolla	Ambagolla	GND	234
LK-2121090	Dambepitiya	Dambepitiya	GND	421
LK-2121095	Welgahawadiya	Welgahawadiya	GND	128
LK-2121100	Mahayaya North	Mahayaya North	GND	339
LK-2121105	08 Ela	08 Ela	GND	189
LK-2121110	Welgala	Welgala	GND	246
LK-2121115	Mahayaya South	Mahayaya South	GND	361
LK-2121120	Thorapitiya	Thorapitiya	GND	268
LK-2121125	Keenapelessa	Keenapelessa	GND	436
LK-2121130	Mahagalaheenna	Mahagalaheenna	GND	259
LK-2121135	Hasalaka	Hasalaka	GND	412
LK-2121140	Pallewatta	Pallewatta	GND	567
LK-2121145	Hasalaka Nagaraya	Hasalaka Nagaraya	GND	446
LK-2121150	Maha Eswedduma	Maha Eswedduma	GND	372
LK-2121155	Rathnella	Rathnella	GND	368
LK-2121160	Gurulupotha	Gurulupotha	GND	280
LK-2121165	Waragolla	Waragolla	GND	324
LK-2121170	Weragama	Weragama	GND	471
LK-2121175	Bulathwelkandura	Bulathwelkandura	GND	483
LK-2121180	Weraganthota	Weraganthota	GND	232
LK-2121185	Morayaya	Morayaya	GND	319
LK-2121190	Lunumadalaketiya	Lunumadalaketiya	GND	406
LK-2121195	Diyabubula	Diyabubula	GND	327
LK-2121200	Handaganawa	Handaganawa	GND	523
LK-2121205	Batumulla	Batumulla	GND	427
LK-2121210	Udayagala	Udayagala	GND	227
LK-2121215	Asamodagamyaya	Asamodagamyaya	GND	222
LK-2121220	Ambagahapelessa	Ambagahapelessa	GND	275
LK-2121225	Muttettuthenna	Muttettuthenna	GND	343
LK-2121230	Minipe	Minipe	GND	426
LK-2121235	Kolonyaya	Kolonyaya	GND	215
LK-2121240	Bembiya	Bembiya	GND	216
LK-2124	Medadumbara	Medadumbara	DSD	17917
LK-2124005	Elliyadda	Elliyadda	GND	64
LK-2124010	Thunisgala	Thunisgala	GND	197
LK-2124015	Gonawala	Gonawala	GND	121
LK-2124020	Thangappuwa	Thangappuwa	GND	51
LK-2124025	Kotaganga	Kotaganga	GND	217
LK-2124030	Bulathwatta	Bulathwatta	GND	143
LK-2124035	Galabadawatta	Galabadawatta	GND	93
LK-2124040	Nagolla	Nagolla	GND	89
LK-2124045	Galkotuwa	Galkotuwa	GND	72
LK-2124050	Werapitiya	Werapitiya	GND	159
LK-2124055	Werathenna	Werathenna	GND	75
LK-2124060	Randiwela	Randiwela	GND	294
LK-2124065	Bobebila	Bobebila	GND	206
LK-2124070	Duckwariya	Duckwariya	GND	212
LK-2124075	Rangala Aluthwatta	Rangala Aluthwatta	GND	128
LK-2124080	Ferndail	Ferndail	GND	77
LK-2124085	Hakmana	Hakmana	GND	151
LK-2124090	Burnside	Burnside	GND	46
LK-2124095	Rangala	Rangala	GND	152
LK-2124100	Weladaramba	Weladaramba	GND	119
LK-2124105	Makuldeniya	Makuldeniya	GND	248
LK-2124110	Waradiwela	Waradiwela	GND	88
LK-2124115	Giddawa-Waradiwela	Giddawa-Waradiwela	GND	108
LK-2124120	Dunhinna	Dunhinna	GND	311
LK-2124125	Maneluwa	Maneluwa	GND	133
LK-2124130	Giddawa	Giddawa	GND	165
LK-2124135	Weliketiya	Weliketiya	GND	89
LK-2124140	Putuhapuwa	Putuhapuwa	GND	163
LK-2124145	Udabage	Udabage	GND	140
LK-2124150	Amupitiya	Amupitiya	GND	185
LK-2124155	Godamunna	Godamunna	GND	162
LK-2124160	Katugoda	Katugoda	GND	128
LK-2124165	Heeloya	Heeloya	GND	211
LK-2124170	Kandekumbura	Kandekumbura	GND	109
LK-2124175	Retiyagama	Retiyagama	GND	110
LK-2124180	Poddalgoda	Poddalgoda	GND	133
LK-2124185	Nilgala	Nilgala	GND	165
LK-2124190	Madeniyawaka	Madeniyawaka	GND	116
LK-2124195	Embalagama	Embalagama	GND	141
LK-2124200	Siridigana	Siridigana	GND	94
LK-2124205	Nugepathana	Nugepathana	GND	198
LK-2124210	Watapana	Watapana	GND	193
LK-2124215	Ambalagala	Ambalagala	GND	118
LK-2124220	Gangasirigama	Gangasirigama	GND	299
LK-2124225	Madapola	Madapola	GND	354
LK-2124230	Kandegama	Kandegama	GND	223
LK-2124235	Randeniya	Randeniya	GND	301
LK-2124240	Pallebage	Pallebage	GND	213
LK-2124245	Gabbela	Gabbela	GND	215
LK-2124250	Udispattuwa	Udispattuwa	GND	408
LK-2124255	Ranmulla	Ranmulla	GND	271
LK-2124260	Maharawela	Maharawela	GND	221
LK-2124265	Kurukohogama	Kurukohogama	GND	124
LK-2124270	Kiribattalawa	Kiribattalawa	GND	111
LK-2124275	Hathiyalwela	Hathiyalwela	GND	269
LK-2124280	Mangoda	Mangoda	GND	262
LK-2124285	Rambukpotha	Rambukpotha	GND	222
LK-2124290	Namandagala	Namandagala	GND	206
LK-2124295	Metideniya	Metideniya	GND	151
LK-2124300	Doraliyadda South	Doraliyadda South	GND	197
LK-2124305	Wegala	Wegala	GND	196
LK-2124310	Meegahamaditta	Meegahamaditta	GND	239
LK-2124315	Rambukwella - East	Rambukwella East	GND	136
LK-2124320	Rambukwella	Rambukwella	GND	173
LK-2124325	Udawela	Udawela	GND	173
LK-2124330	Wellethota	Wellethota	GND	210
LK-2124335	Vilamuna	Vilamuna	GND	330
LK-2124340	Karalliyadda	Karalliyadda	GND	590
LK-2124345	Ambagahalanda	Ambagahalanda	GND	405
LK-2124350	Hijrapura	Hijrapura	GND	448
LK-2124355	Galambalama	Galambalama	GND	292
LK-2124360	Maberiyathenna	Maberiyathenna	GND	245
LK-2124365	Ellepola	Ellepola	GND	252
LK-2124370	Wewegama	Wewegama	GND	150
LK-2124375	Senarathwela	Senarathwela	GND	246
LK-2124380	Nithulemada	Nithulemada	GND	639
LK-2124385	Udathenna	Udathenna	GND	269
LK-2124390	Medamahanuwara	Medamahanuwara	GND	242
LK-2124395	Bomure	Bomure	GND	120
LK-2124400	Rajagala	Rajagala	GND	206
LK-2124405	Wathuliyadda	Wathuliyadda	GND	153
LK-2124410	Moragahamula	Moragahamula	GND	165
LK-2124415	Mahadoraliyadda	Mahadoraliyadda	GND	200
LK-2124425	Puwakgahadiwela	Puwakgahadiwela	GND	256
LK-2124430	Ambale	Ambale	GND	196
LK-2124435	Meeriyagolla	Meeriyagolla	GND	146
LK-2124440	Bambaragahadeniya	Bambaragahadeniya	GND	248
LK-2124445	Meegahalanda	Meegahalanda	GND	200
LK-2124450	Sandasiri Dunuvila	Sandasiri Dunuvila	GND	145
LK-2124455	Thennalanda	Thennalanda	GND	154
LK-2124460	Udagammedda	Udagammedda	GND	100
LK-2124465	Welapahala	Welapahala	GND	86
LK-2124470	Meda Gammedda	Meda Gammedda	GND	86
LK-2127	Kundasale	Kundasale	DSD	39297
LK-2127005	Dunuhappawa	Dunuhappawa	GND	426
LK-2127010	Naranpanawa West	Naranpanawa West	GND	253
LK-2127015	Kandekumbura	Kandekumbura	GND	222
LK-2127020	Alawathugirigama	Alawathugirigama	GND	370
LK-2127025	Galpihilla	Galpihilla	GND	277
LK-2127030	Makkanigama	Makkanigama	GND	269
LK-2127035	Wavinna	Wavinna	GND	294
LK-2127040	Pallegama	Pallegama	GND	295
LK-2127045	Maharathenna West	Maharathenna West	GND	227
LK-2127050	Udagama North	Udagama North	GND	278
LK-2127055	Ihala Gonagama	Ihala Gonagama	GND	219
LK-2127060	Delgaslanda	Delgaslanda	GND	306
LK-2127065	Lunuketiyamaditta	Lunuketiyamaditta	GND	309
LK-2127070	Naranpanawa East	Naranpanawa East	GND	209
LK-2127075	Kuruambemuduna	Kuruambemuduna	GND	178
LK-2127080	Maluwegama	Maluwegama	GND	424
LK-2127085	Wepathana	Wepathana	GND	274
LK-2127090	Gonawala North	Gonawala North	GND	616
LK-2127095	Deliwalathenna	Deliwalathenna	GND	257
LK-2127100	Heepitiya	Heepitiya	GND	498
LK-2127105	Udagama South	Udagama South	GND	306
LK-2127110	Maharathenna East	Maharathenna East	GND	288
LK-2127115	Menikhinna	Menikhinna	GND	758
LK-2127120	Hurikaduwa North	Hurikaduwa North	GND	549
LK-2127125	Hurikaduwa West	Hurikaduwa West	GND	453
LK-2127130	Bogaskumbura	Bogaskumbura	GND	363
LK-2127135	Pilawala North	Pilawala North	GND	436
LK-2127140	Amunugama North	Amunugama North	GND	415
LK-2127145	Amunugama South	Amunugama South	GND	360
LK-2127150	Udagunnepana South	Udagunnepana South	GND	317
LK-2127155	Udagunnepana North	Udagunnepana North	GND	458
LK-2127160	Gabadagama South	Gabadagama South	GND	269
LK-2127165	Gabadagama North	Gabadagama North	GND	420
LK-2127170	Pallegunnepana South	Pallegunnepana South	GND	655
LK-2127175	Pallegunnepana North	Pallegunnepana North	GND	613
LK-2127180	Sirimalwatta West	Sirimalwatta West	GND	404
LK-2127185	Sirimalwatta East	Sirimalwatta East	GND	266
LK-2127190	Sirimalwatta Pallegama	Sirimalwatta Pallegama	GND	363
LK-2127195	Lewellagama	Lewellagama	GND	474
LK-2127200	Degaldoruwa	Degaldoruwa	GND	326
LK-2127205	Deekirimadawala	Deekirimadawala	GND	416
LK-2127210	Hapuwala	Hapuwala	GND	327
LK-2127215	Galapitaambe	Galapitaambe	GND	409
LK-2127220	Hathamuna	Hathamuna	GND	427
LK-2127225	Dodamgolla	Dodamgolla	GND	500
LK-2127230	Hurikaduwa South	Hurikaduwa South	GND	325
LK-2127235	Hurikaduwa East	Hurikaduwa East	GND	505
LK-2127240	Hurikaduwa Madige	Hurikaduwa Madige	GND	332
LK-2127245	Galamuna	Galamuna	GND	431
LK-2127250	Malpana	Malpana	GND	561
LK-2127255	Ahaspokuna North	Ahaspokuna North	GND	567
LK-2127260	Gonawala South	Gonawala South	GND	455
LK-2127265	Kumbukkandura South	Kumbukkandura South	GND	302
LK-2127270	Kumbukkandura North	Kumbukkandura North	GND	486
LK-2127275	Rajawella North	Rajawella North	GND	1108
LK-2127280	Ahaspokuna South	Ahaspokuna South	GND	687
LK-2127285	Ihalawela	Ihalawela	GND	764
LK-2127290	Kengalla	Kengalla	GND	1114
LK-2127295	Nithulethenna	Nithulethenna	GND	411
LK-2127300	Dambarawa	Dambarawa	GND	471
LK-2127305	Pilawala South	Pilawala South	GND	313
LK-2127310	Mahawatta East	Mahawatta East	GND	183
LK-2127315	Mahawatta North	Mahawatta North	GND	589
LK-2127320	Mahawatta West	Mahawatta West	GND	276
LK-2127325	Mahawatta South	Mahawatta South	GND	380
LK-2127330	Arangala North	Arangala North	GND	287
LK-2127335	Karattamada	Karattamada	GND	185
LK-2127340	Arangala South	Arangala South	GND	351
LK-2127345	Galmaduwa	Galmaduwa	GND	759
LK-2127350	Nattarampotha	Nattarampotha	GND	592
LK-2127355	Kundasale North	Kundasale North	GND	1492
LK-2127360	Kundasale South	Kundasale South	GND	2163
LK-2127365	Balagolla West	Balagolla West	GND	564
LK-2127370	Balagolla East	Balagolla East	GND	929
LK-2127375	Aswalapitiya	Aswalapitiya	GND	380
LK-2127380	Diyabubula	Diyabubula	GND	959
LK-2127385	Rajawella South	Rajawella South	GND	441
LK-2127390	Aluth Pallekele	Aluth Pallekele	GND	1049
LK-2127395	Wijaya Sri Gama	Wijaya Sri Gama	GND	748
LK-2127400	Ambakotayawatta	Ambakotayawatta	GND	1365
LK-2130	Gangawata Korale	Kandy Four Gravets & Gangawata Korale	DSD	39803
LK-2130005	Mavilmada	Mavilmada	GND	766
LK-2130010	Siyambalagasthenna	Siyambalagasthenna	GND	462
LK-2130015	Pitakanda Gama	Pitakanda Gama	GND	353
LK-2130020	Senkadagala	Senkadagala	GND	430
LK-2130025	Wattaranthenna	Wattaranthenna	GND	580
LK-2130030	Nittawela	Nittawela	GND	877
LK-2130035	Watapuluwa	Watapuluwa	GND	549
LK-2130040	Mahaweli Uyana	Mahaweli Uyana	GND	329
LK-2130045	Watapuluwa South	Watapuluwa South	GND	473
LK-2130050	Aruppala East	Aruppala East	GND	450
LK-2130055	Aruppala West	Aruppala West	GND	768
LK-2130060	Watapuluwa West	Watapuluwa West	GND	570
LK-2130065	Mahaiyawa	Mahaiyawa	GND	502
LK-2130070	Mapanawathura	Mapanawathura	GND	817
LK-2130075	Poorna Watta East	Poorna Watta East	GND	433
LK-2130080	Poorna Watta West	Poorna Watta West	GND	1079
LK-2130085	Asgiriya	Asgiriya	GND	523
LK-2130090	Bahirawa Kanda	Bahirawa Kanda	GND	738
LK-2130095	Nuwara Dodamwala	Nuwara Dodamwala	GND	443
LK-2130100	Aniwatta East	Aniwatta East	GND	550
LK-2130105	Katukele West	Katukele West	GND	268
LK-2130110	Katukele	Katukele	GND	494
LK-2130115	Ihala Katukele	Ihala Katukele	GND	408
LK-2130120	Mahanuwara	Mahanuwara	GND	203
LK-2130125	Lewella	Lewella	GND	530
LK-2130130	Thalwatta	Thalwatta	GND	826
LK-2130135	Boowelikada	Boowelikada	GND	360
LK-2130140	Malwatta	Malwatta	GND	481
LK-2130145	Bogambara	Bogambara	GND	265
LK-2130150	Deiyannewela	Deiyannewela	GND	488
LK-2130155	Nagasthenna	Nagasthenna	GND	953
LK-2130160	Suduhumpala East	Suduhumpala East	GND	545
LK-2130165	Suduhumpala West	Suduhumpala West	GND	592
LK-2130170	Welata	Welata	GND	576
LK-2130175	Aniwatta West	Aniwatta West	GND	530
LK-2130180	Getambe	Gatambe	GND	732
LK-2130185	Pahala Eriyagama	Pahala Eriyagama	GND	659
LK-2130190	Godagandeniya	Godagandeniya	GND	364
LK-2130195	Palle Peradeniya	Palle Peradeniya	GND	279
LK-2130200	Uda Bowala	Uda Bowala	GND	1066
LK-2130205	Bowala	Bowala	GND	1279
LK-2130210	Mulgampala	Mulgampala	GND	656
LK-2130215	Heeressagala	Heeressagala	GND	1084
LK-2130220	Hanthana Pedesa	Hanthana Pedesa	GND	346
LK-2130225	Ampitiya South	Ampitiya South	GND	413
LK-2130230	Ampitiya North	Ampitiya North	GND	699
LK-2130235	Ampitiya Udagama North	Ampitiya Udagama North	GND	507
LK-2130240	Thennakumbura	Thennakumbura	GND	1647
LK-2130245	Ampitiya Pallegama	Ampitiya Pallegama	GND	721
LK-2130250	Meddegama	Meddegama	GND	481
LK-2130255	Ampitiya Udagama South	Ampitiya Udagama South	GND	456
LK-2130260	Wewathenna	Wewathenna	GND	823
LK-2130265	Ulpathakumbura	Ulpathakumbura	GND	574
LK-2130270	Gurudeniya West	Gurudeniya West	GND	488
LK-2130275	Gurudeniya East	Gurudeniya East	GND	1001
LK-2130280	Maligathenna	Maligathenna	GND	888
LK-2130285	Gurudeniya Dambawela	Gurudeniya Dambawela	GND	460
LK-2130290	Lewla	Lewla	GND	348
LK-2130295	Ketawala	Ketawala	GND	388
LK-2130300	Bowalawatta	Bowalawatta	GND	781
LK-2130305	Ogastawatta	Ogastawatta	GND	1065
LK-2130310	Uda Peradeniya	Uda Peradeniya	GND	756
LK-2130315	Hindagala	Hindagala	GND	851
LK-2130320	Mahakanda	Mahakanda	GND	780
LK-2133	Harispattuwa	Harispattuwa	DSD	25869
LK-2133005	Amuwathdeniya	Amuwathdeniya	GND	179
LK-2133010	Doranegama	Doranegama	GND	156
LK-2133015	Ihagama	Ihagama	GND	249
LK-2133020	Medawala	Medawala	GND	443
LK-2133025	Angoda	Angoda	GND	124
LK-2133030	Dembaralawa	Dembaralawa	GND	342
LK-2133035	Bothota	Bothota	GND	298
LK-2133040	Attaragama East	Attaragama East	GND	263
LK-2133045	Attaragama	Attaragama	GND	271
LK-2133050	Gonigoda-Palkumbura	Gonigoda-Palkumbura	GND	246
LK-2133055	Gonigoda	Gonigoda	GND	196
LK-2133060	Attaragama South	Attaragama South	GND	290
LK-2133065	Hapugoda	Hapugoda	GND	336
LK-2133070	Udabokalawela	Udabokalawela	GND	322
LK-2133075	Rajapihilla	Rajapihilla	GND	415
LK-2133080	Ulladupitiya East	Ulladupitiya East	GND	174
LK-2133085	Ulladupitiya West	Ulladupitiya West	GND	242
LK-2133090	Arambegama	Arambegama	GND	356
LK-2133095	Aladeniya	Aladeniya	GND	287
LK-2133100	Hedeniya	Hedeniya	GND	273
LK-2133105	Rajasinghagama	Rajasinghagama	GND	287
LK-2133110	Palkumbura	Palkumbura	GND	249
LK-2133115	Narangoda	Narangoda	GND	172
LK-2133120	Kurundugolla	Kurundugolla	GND	357
LK-2133125	Viguhumpola	Viguhumpola	GND	455
LK-2133130	Hiriyalagammana	Hiriyalagammana	GND	386
LK-2133135	Thittapajjala	Thittapajjala	GND	363
LK-2133140	Thittapajjala North	Thittapajjala North	GND	288
LK-2133145	Nugawela	Nugawela	GND	675
LK-2133150	Batuambe	Batuambe	GND	241
LK-2133155	Endaruthenna	Endaruthenna	GND	161
LK-2133160	Embulpuraya	Embulpuraya	GND	265
LK-2133165	Uduwawala West	Uduwawala West	GND	320
LK-2133170	Uduwawala North	Uduwawala North	GND	311
LK-2133175	Pallebokalawela	Pallebokalawela	GND	276
LK-2133180	Ranawana West	Ranawana West	GND	455
LK-2133185	Ranawana East	Ranawana East	GND	509
LK-2133190	Uduwawala East	Uduwawala East	GND	419
LK-2133195	Senarathgama North	Senarathgama North	GND	316
LK-2133200	Wathuwala	Wathuwala	GND	298
LK-2133205	Uyanwatta	Uyanwatta	GND	294
LK-2133210	Dadahogama	Dadahogama	GND	274
LK-2133215	Mapamadulla	Mapamadulla	GND	257
LK-2133220	Malagammana	Malagammana	GND	93
LK-2133225	Ruwanpuraya	Ruwanpuraya	GND	274
LK-2133230	Kurunduwatta	Kurunduwatta	GND	191
LK-2133235	Karanduwawala Ihala	Karanduwawala Ihala	GND	197
LK-2133240	Karanduwawala Pahala	Karanduwawala Pahala	GND	128
LK-2133245	Owathenna	Owathenna	GND	182
LK-2133250	Yahalathenna West	Yahalathenna West	GND	146
LK-2133255	Yahalathenna Kanda	Yahalathenna Kanda	GND	285
LK-2133260	Kulugammana	Kulugammana	GND	481
LK-2133265	Uguressapitiya	Uguressapitiya	GND	492
LK-2133270	Senarathgama South	Senarathgama South	GND	521
LK-2133275	Kondadeniya	Kondadeniya	GND	415
LK-2133280	Etamurungagoda	Etamurungagoda	GND	353
LK-2133285	Yatiwawala	Yatiwawala	GND	461
LK-2133290	Katugasthota	Katugasthota	GND	262
LK-2133295	Inigala	Inigala	GND	555
LK-2133300	Rathmale	Rathmale	GND	620
LK-2133305	Hamangoda North	Hamangoda North	GND	618
LK-2133310	Hamangoda South	Hamangoda South	GND	300
LK-2133315	Uggalla	Uggalla	GND	242
LK-2133320	Udadoolwala	Udadoolwala	GND	211
LK-2133325	Kurundugahamada	Kurundugahamada	GND	109
LK-2133330	Seewaleekanda	Seewaleekanda	GND	168
LK-2133335	Mahathenna	Mahathenna	GND	258
LK-2133340	Bulathgolla	Bulathgolla	GND	202
LK-2133345	Yatihalagala Udagama	Yatihalagala Udagama	GND	197
LK-2133350	Pahala Doolwala	Pahala Doolwala	GND	183
LK-2133355	Udamulla	Udamulla	GND	315
LK-2133360	Gohagoda	Gohagoda	GND	570
LK-2133365	Wegiriya	Wegiriya	GND	374
LK-2133370	Polwatta	Polwatta	GND	633
LK-2133375	Madapathagama	Madapathagama	GND	216
LK-2133380	Banwelgolla	Banwelgolla	GND	251
LK-2133385	Narangaskumbura	Narangaskumbura	GND	169
LK-2133390	Pallemulla	Pallemulla	GND	347
LK-2133395	Haloluwa Pallegama	Haloluwa Pallegama	GND	230
LK-2133400	Bogahakanda	Bogahakanda	GND	156
LK-2133405	Yatihalagala Pallegama	Yatihalagala Pallegama	GND	228
LK-2133410	Haloluwa	Haloluwa	GND	559
LK-2133415	Kumburegedara	Kumburegedara	GND	248
LK-2133420	Warathenna	Warathenna	GND	339
LK-2134	Hatharaliyadda	Hatharaliyadda	DSD	8636
LK-2134005	Paragoda	Paragoda	GND	127
LK-2134010	Aludeniya North	Aludeniya North	GND	158
LK-2134015	Aludeniya South	Aludeniya South	GND	218
LK-2134020	Alakolamaditta	Alakolamaditta	GND	145
LK-2134025	Amboruwa	Amboruwa	GND	195
LK-2134030	Galdola	Galdola	GND	106
LK-2134035	Polwatta Ihalagama	Polwatta Ihalagama	GND	234
LK-2134040	Ilpemada	Ilpemada	GND	247
LK-2134045	Polwatta	Polwatta	GND	164
LK-2134050	Dunkumbura	Dunkumbura	GND	149
LK-2134055	Nikathenna	Nikathenna	GND	128
LK-2134060	Narangaspitiya	Narangaspitiya	GND	98
LK-2134065	Godathale	Godathale	GND	161
LK-2134070	Kalotuwawa	Kalotuwawa	GND	192
LK-2134075	Dedunupitiya Pahalagama	Dedunupitiya Pahalagama	GND	106
LK-2134080	Damunupola	Damunupola	GND	182
LK-2134085	Pallepola	Pallepola	GND	90
LK-2134090	Welagama	Welagama	GND	134
LK-2134095	Weligodapola	Weligodapola	GND	335
LK-2134100	Hatharaliyadda	Hatharaliyadda	GND	207
LK-2134105	Kanakkarapola North	Kanakkarapola North	GND	169
LK-2134110	Mawathagama	Mawathagama	GND	107
LK-2134115	Imbulethenna	Imbulethenna	GND	87
LK-2134120	Welivita Ihala North	Welivita Ihala North	GND	174
LK-2134125	Welivita Ihalagama	Welivita Ihalagama	GND	138
LK-2134130	Sivurupitiya	Sivurupitiya	GND	99
LK-2134135	Eramuduliyadda	Eramuduliyadda	GND	149
LK-2134140	Muruddeniya	Muruddeniya	GND	143
LK-2134145	Walpalagolla North	Walpalagolla North	GND	107
LK-2134150	Walpalagolla East	Walpalagolla East	GND	124
LK-2134155	Walpalagolla South	Walpalagolla South	GND	152
LK-2134160	Welivita Pahalagama	Welivita Pahalagama	GND	149
LK-2134165	Handabowa	Handabowa	GND	156
LK-2134170	Meegasthenna	Meegasthenna	GND	196
LK-2134175	Kanakkarapola South	Kanakkarapola South	GND	124
LK-2134180	Avulbodale	Avulbodale	GND	64
LK-2134185	Lechchimimenila	Lechchimimenila	GND	194
LK-2134190	Yaggala	Yaggala	GND	102
LK-2134195	Rangamuwa	Rangamuwa	GND	111
LK-2134200	Dedunupitiya Ihalagama	Dedunupitiya Ihalagama	GND	107
LK-2134205	Ambawa	Ambawa	GND	122
LK-2134210	Dehideniya Madige	Dehideniya Madige	GND	201
LK-2134215	Pelena Pahalagama	Pelena Pahalagama	GND	161
LK-2134220	Pelena	Pelena	GND	135
LK-2134225	Kandemeeya	Kandemeeya	GND	170
LK-2134230	Alagalla Pahalagama	Alagalla Pahalagama	GND	205
LK-2134235	Alagalla Ihala	Alagalla Ihala	GND	220
LK-2134240	Mudagammana	Mudagammana	GND	121
LK-2134245	Pattapola Ihala	Pattapola Ihala	GND	156
LK-2134250	Pattapola Pahalagama	Pattapola Pahalagama	GND	179
LK-2134255	Welivita Pahalagama South	Welivita Pahalagama South	GND	114
LK-2134260	Andiyathenna	Andiyathenna	GND	114
LK-2134265	Kolugala	Kolugala	GND	162
LK-2134270	Kolugala Pahalagama	Kolugala Pahalagama	GND	159
LK-2134275	Kithuldora	Kithuldora	GND	145
LK-2134280	Aluthgama Pahala	Aluthgama Pahala	GND	125
LK-2134285	Aluthgama Ihala	Aluthgama Ihala	GND	119
LK-2136	Yatinuwara	Yatinuwara	DSD	30659
LK-2136005	Alagalla Watta	Alagalla Watta	GND	236
LK-2136010	Kirimetiya Watta	Kirimetiya Watta	GND	274
LK-2136015	Pahala Yatigammana	Pahala Yatigammana	GND	172
LK-2136020	Yatigammana	Yatigammana	GND	147
LK-2136025	Thismada	Thismada	GND	134
LK-2136030	Kotaligoda North	Kotaligoda North	GND	300
LK-2136035	Udawela Nadithalawa	Udawela Nadithalawa	GND	176
LK-2136040	Udawela Pallemaditta	Udawela Pallemaditta	GND	218
LK-2136045	Wathurakumbura	Wathurakumbura	GND	336
LK-2136050	Gurugama	Gurugama	GND	370
LK-2136055	Dehianga North	Dehianga North	GND	366
LK-2136060	Kobbekaduwa	Kobbekaduwa	GND	319
LK-2136065	Ihala Kobbekaduwa	Ihala Kobbekaduwa	GND	261
LK-2136070	Pelawa Ihalagama	Pelawa Ihalagama	GND	204
LK-2136075	Yahalathenna	Yahalathenna	GND	367
LK-2136080	Pelawa Ihala Meda	Pelawa Ihala Meda	GND	388
LK-2136085	Pelawa Pahalagama	Pelawa Pahalagama	GND	322
LK-2136090	Gannoruwa West	Gannoruwa West	GND	412
LK-2136095	Dehigama East	Dehigama East	GND	399
LK-2136100	Dehigama South	Dehigama South	GND	232
LK-2136105	Dehigama North	Dehigama North	GND	230
LK-2136110	Dehianga South	Dehianga South	GND	375
LK-2136115	Pahala Dodamwala	Pahala Dodamwala	GND	328
LK-2136120	Ihala Dodamwala	Ihala Dodamwala	GND	199
LK-2136125	Udawela Pahalagama	Udawela Pahalagama	GND	306
LK-2136130	Munwathugoda	Munwathugoda	GND	245
LK-2136135	Walgampaya	Walgampaya	GND	450
LK-2136140	Bathgoda	Bathgoda	GND	224
LK-2136145	Doluwa East	Doluwa East	GND	159
LK-2136150	Doluwa West	Doluwa West	GND	226
LK-2136155	Kotaligoda South	Kotaligoda South	GND	216
LK-2136160	Menikdiwela	Menikdiwela	GND	327
LK-2136165	Pottepitiya	Pottepitiya	GND	137
LK-2136170	Ihala Alagalla	Ihala Alagalla	GND	414
LK-2136175	Godigamuwa	Godigamuwa	GND	192
LK-2136180	Motana Dekinda	Motana Dekinda	GND	127
LK-2136185	Gondeniya	Gondeniya	GND	174
LK-2136190	Madiligama	Madiligama	GND	145
LK-2136195	Udarathmeewala	Udarathmeewala	GND	206
LK-2136200	Pahala Rathmeewala	Pahala Rathmeewala	GND	282
LK-2136205	Deldeniya	Deldeniya	GND	270
LK-2136210	Walgowwagoda	Walgowwagoda	GND	261
LK-2136215	Kavudupana	Kavudupana	GND	218
LK-2136220	Haliyadda	Haliyadda	GND	370
LK-2136225	Danthure	Danthure	GND	509
LK-2136230	Siyambalagoda	Siyambalagoda	GND	423
LK-2136235	Parakatawella	Parakatawella	GND	388
LK-2136240	Imbulmalgama	Imbulmalgama	GND	156
LK-2136245	Diyapalagoda	Diyapalagoda	GND	324
LK-2136250	Mangalagama	Mangalagama	GND	295
LK-2136255	Karuwalawatta	Karuwalawatta	GND	329
LK-2136260	Gannoruwa Central	Gannoruwa Central	GND	500
LK-2136265	Dehideniya West	Dehideniya West	GND	270
LK-2136270	Sooriyagoda	Sooriyagoda	GND	544
LK-2136275	Malgammana	Malgammana	GND	248
LK-2136280	Moladanda	Moladanda	GND	429
LK-2136285	Giragama	Giragama	GND	279
LK-2136290	Arambegama East	Arambegama East	GND	384
LK-2136295	Kudaoya	Kudaoya	GND	294
LK-2136300	Kurunduwatta	Kurunduwatta	GND	230
LK-2136305	Kandangama North	Kandangama North	GND	543
LK-2136310	Mamudawala	Mamudawala	GND	179
LK-2136315	Maligathenna	Maligathenna	GND	154
LK-2136320	Ketakumbura	Ketakumbura	GND	209
LK-2136325	Amunupura	Amunupura	GND	260
LK-2136330	Moragolla Mahakanda	Moragolla Mahakanda	GND	122
LK-2136335	Balana	Balana	GND	192
LK-2136340	Weralugolla	Weralugolla	GND	237
LK-2136345	Pahala Mudaliwatta	Pahala Mudaliwatta	GND	225
LK-2136350	Mudaliwatta	Mudaliwatta	GND	232
LK-2136355	Panabokka	Panabokka	GND	272
LK-2136360	Kandangama South	Kandangama South	GND	184
LK-2136365	Kotabogoda	Kotabogoda	GND	338
LK-2136370	Urapola	Urapola	GND	315
LK-2136375	Arambegama West	Arambegama West	GND	337
LK-2136380	Embilmeegama North	Embilmeegama North	GND	336
LK-2136385	Ranawana	Ranawana	GND	298
LK-2136390	Bulumulla	Bulumulla	GND	376
LK-2136395	Pilapitiya	Pilapitiya	GND	989
LK-2136400	Kiribathkumbura East	Kiribathkumbura East	GND	482
LK-2136405	Dehideniya East	Dehideniya East	GND	437
LK-2136410	Kendakaduwa	Kendakaduwa	GND	521
LK-2136415	Gannoruwa East	Gannoruwa East	GND	530
LK-2136420	Uda Eriyagama East	Uda Eriyagama East	GND	439
LK-2136425	Uda Eriyagama West	Uda Eriyagama West	GND	338
LK-2136430	Edanduwawa East	Edanduwawa East	GND	430
LK-2136435	Edanduwawa West	Edanduwawa West	GND	512
LK-2136440	Kiribathkumbura West	Kiribathkumbura West	GND	703
LK-2136445	Embilmeegama South	Embilmeegama South	GND	521
LK-2136450	Govindala	Govindala	GND	458
LK-2136455	Pilimathalawa	Pilimathalawa	GND	455
LK-2136460	Ilukwatta	Ilukwatta	GND	619
LK-2136465	Madarangoda	Madarangoda	GND	284
LK-2136470	Kadawathgama	Kadawathgama	GND	573
LK-2136475	Kadugannawa Town	Kadugannawa Town	GND	243
LK-2139	Udunuwara	Udunuwara	DSD	31284
LK-2139005	Gangoda	Gangoda	GND	184
LK-2139010	Gangoda North	Gangoda North	GND	258
LK-2139015	Werellamana	Werellamana	GND	203
LK-2139020	Thalawatta	Thalawatta	GND	191
LK-2139025	Boyagama	Boyagama	GND	267
LK-2139030	Gangoda South	Gangoda South	GND	277
LK-2139035	Gadaladeniya North	Gadaladeniya North	GND	313
LK-2139040	Kiriwavula East	Kiriwavula East	GND	312
LK-2139045	Kiriwavula West	Kiriwavula West	GND	275
LK-2139050	Alanduwaka	Alanduwaka	GND	392
LK-2139055	Pahala Koorukuttala	Pahala Koorukuttala	GND	384
LK-2139060	Ihala Koorukuttala	Ihala Koorukuttala	GND	461
LK-2139065	Belungala	Belungala	GND	296
LK-2139070	Lagamuwa	Lagamuwa	GND	233
LK-2139075	Mathgamuwa	Mathgamuwa	GND	229
LK-2139080	Urulewatta	Urulewatta	GND	233
LK-2139085	Warakagoda	Warakagoda	GND	174
LK-2139090	Hepana	Hepana	GND	167
LK-2139095	Gadaladeniya South	Gadaladeniya South	GND	170
LK-2139100	Deliwala	Deliwala	GND	221
LK-2139105	Pamunuwa West	Pamunuwa West	GND	229
LK-2139110	Pamunuwa East	Pamunuwa East	GND	186
LK-2139115	Mampitiya	Mampitiya	GND	336
LK-2139120	Rajagiriya	Rajagiriya	GND	221
LK-2139125	Hendeniya West	Hendeniya West	GND	306
LK-2139130	Hendeniya East	Hendeniya East	GND	320
LK-2139135	Penideniya	Penideniya	GND	155
LK-2139140	Sangabogama	Sangabogama	GND	287
LK-2139145	Meewathura	Meewathura	GND	279
LK-2139150	Angunawala East	Angunawala East	GND	328
LK-2139155	Angunawala West	Angunawala West	GND	308
LK-2139160	Yalegoda East	Yalegoda East	GND	293
LK-2139165	Yalegoda West	Yalegoda West	GND	223
LK-2139170	Alapalawala East	Alapalawala East	GND	235
LK-2139175	Alapalawala West	Alapalawala west	GND	240
LK-2139180	Walgama	Walgama	GND	187
LK-2139185	Rabbegamuwa North	Rabbegamuwa North	GND	211
LK-2139190	Rabbegamuwa South	Rabbegamuwa South	GND	162
LK-2139195	Hiddavulla East	Hiddavulla East	GND	208
LK-2139200	Ganguldeniya	Ganguldeniya	GND	164
LK-2139205	Wattappola	Wattappola	GND	163
LK-2139210	Walagedara North	Walagedara North	GND	161
LK-2139215	Udagama	Udagama	GND	192
LK-2139220	Aluthkanda	Aluthkanda	GND	300
LK-2139225	Sadikkawatta	Sadikkawatta	GND	136
LK-2139230	Kovilakanda	Kovilakanda	GND	260
LK-2139235	Walagedara South	Walagedara South	GND	201
LK-2139240	Nikahetiya	Nikahetiya	GND	189
LK-2139245	Panabokka	Panabokka	GND	162
LK-2139250	Hiddavulla West	Hiddavulla West	GND	263
LK-2139255	Hiyarapitiya	Hiyarapitiya	GND	268
LK-2139260	Heeyawala	Heeyawala	GND	202
LK-2139265	Imbuldeniya	Imbuldeniya	GND	222
LK-2139270	Naranwala	Naranwala	GND	199
LK-2139275	Handessa	Handessa	GND	216
LK-2139280	Piligalla West	Piligalla West	GND	196
LK-2139285	Piligalla East	Piligalla East	GND	206
LK-2139290	Godapola West	Godapola West	GND	209
LK-2139295	Godapola East	Godapola East	GND	262
LK-2139300	Kamburadeniya	Kamburadeniya	GND	245
LK-2139305	Meewaladeniya	Meewaladeniya	GND	257
LK-2139310	Arattana	Arattana	GND	271
LK-2139315	Davulagala	Davulagala	GND	545
LK-2139320	Aravuwawala	Aravuwawala	GND	343
LK-2139325	Rangama	Rangama	GND	200
LK-2139330	Wathupola	Wathupola	GND	115
LK-2139335	Manikkawa	Manikkawa	GND	224
LK-2139340	Elpitikanda	Elpitikanda	GND	282
LK-2139345	Kooradeniya	Kooradeniya	GND	362
LK-2139350	Ambanwala	Ambanwala	GND	197
LK-2139355	Werawala East	Werawala east	GND	149
LK-2139360	Werawala West	Werawala West	GND	118
LK-2139365	Siyambalagoda	Siyambalagoda	GND	216
LK-2139370	Meddegoda	Meddegoda	GND	76
LK-2139375	Embekka	Embekka	GND	217
LK-2139380	Ambarapola	Ambarapola	GND	268
LK-2139385	Eladetta West	Eladetta West	GND	319
LK-2139390	Ihala Pethiyagoda	Ihala Pethiyagoda	GND	223
LK-2139395	Pethiyagoda West	Pethiyagoda West	GND	246
LK-2139400	Pethiyagoda East	Pethiyagoda East	GND	436
LK-2139405	Palle Aludeniya	Palle Aludeniya	GND	269
LK-2139410	Karamada North	Karamada North	GND	246
LK-2139415	Nawa Peradeniya	Nawa Peradeniya	GND	487
LK-2139420	Karamada South	Karamada South	GND	361
LK-2139425	Nawa Elpitiya North	Nawa Elpitiya North	GND	197
LK-2139430	Gelioya	Gelioya	GND	298
LK-2139435	Dehipagoda West	Dehipagoda West	GND	287
LK-2139440	Dehipagoda East	Dehipagoda East	GND	311
LK-2139445	Eladetta East	Eladetta East	GND	420
LK-2139450	Hathnagoda	Hathnagoda	GND	296
LK-2139455	Ketakumbura	Ketakumbura	GND	290
LK-2139460	Boowelikada	Boowelikada	GND	217
LK-2139465	Dodamdeniya	Dodamdeniya	GND	144
LK-2139470	Batupitiya	Batupitiya	GND	340
LK-2139475	Bambaradeniya	Bambaradeniya	GND	148
LK-2139480	Pilapitiya	Pilapitiya	GND	161
LK-2139485	Rangoda	Rangoda	GND	220
LK-2139490	Ambagasthenna	Ambagasthenna	GND	215
LK-2139495	Welamboda	Welamboda	GND	526
LK-2139500	Liyangaha Watta	Liyangaha Watta	GND	261
LK-2139505	Maveekumbura North	Maveekumbura North	GND	515
LK-2139510	Maveekumbura South	Maveekumbura South	GND	183
LK-2139515	Watadeniya	Watadeniya	GND	404
LK-2139520	Viharagama	Viharagama	GND	186
LK-2139525	Ganhatha	Ganhatha	GND	222
LK-2139530	Daskara	Daskara	GND	214
LK-2139535	Wegiriya East	Wegiriya East	GND	235
LK-2139540	Thalawathura	Thalawathura	GND	291
LK-2139545	Muruthagahamula	Muruthagahamula	GND	251
LK-2139550	Pitawalawatta	Pitawalawatta	GND	321
LK-2139555	Nawa Elpitiya South	Nawa Elpitiya South	GND	172
LK-2139560	Polgahaanga	Polgahaanga	GND	315
LK-2139565	Delgahapitiya	Delgahapitiya	GND	361
LK-2139570	Weligalla	Weligalla	GND	260
LK-2139575	Uda Aludeniya	Uda Aludeniya	GND	438
LK-2139580	Palkumbura	Palkumbura	GND	203
LK-2139585	Lunugama	Lunugama	GND	193
LK-2139590	Hondiyadeniya	Hondiyadeniya	GND	326
LK-2139595	Wegiriya West	Wegiriya West	GND	229
LK-2139600	Kotagaloluwa	Kotagaloluwa	GND	163
LK-2139605	Deldeniya	Deldeniya	GND	105
LK-2139610	Dihitideniya	Dihitideniya	GND	114
LK-2139615	Appallagoda East	Appallagoda East	GND	276
LK-2139620	Appallagoda West	Appallagoda West	GND	179
LK-2142	Doluwa	Doluwa	DSD	14236
LK-2142005	Galoya	Galoya	GND	623
LK-2142010	Haloya	Haloya	GND	397
LK-2142015	Wariyagala	Wariyagala	GND	533
LK-2142020	Megoda Kalugamuwa	Megoda Kalugamuwa	GND	456
LK-2142025	Ganegoda	Ganegoda	GND	439
LK-2142030	Godawela	Godawela	GND	365
LK-2142035	Nawa Gurukele	Nawa Gurukele	GND	330
LK-2142040	Nillamba	Nillamba	GND	650
LK-2142045	Nawa Nillamba	Nawa Nillamba	GND	445
LK-2142050	Palledelthota	Palledelthota	GND	782
LK-2142055	Gurukele	Gurukele	GND	407
LK-2142060	Legumdeniya	Lagumdeniya	GND	434
LK-2142065	Orayanwatta	Orayanwatta	GND	409
LK-2142070	Doluwa	Doluwa	GND	280
LK-2142075	Inguruwatta	Inguruwatta	GND	453
LK-2142080	Naranvita	Naranvita	GND	355
LK-2142085	Atuwewatta	Atuwewatta	GND	577
LK-2142090	Gampolawatta	Gampolawatta	GND	614
LK-2142095	Wewathenna	Wewathenna	GND	263
LK-2142100	Thundeniya	Thundeniya	GND	322
LK-2142105	Kahawatta	Kahawatta	GND	332
LK-2142110	Gothatuwela	Gothatuwela	GND	390
LK-2142115	Millagahamula	Millagahamula	GND	395
LK-2142120	Pabadeniya	Pambadeniya	GND	211
LK-2142125	Panvilathenna	Panvilathenna	GND	310
LK-2142130	Masgolla	Masgolla	GND	496
LK-2142135	Thumpelawaka	Thumpelawaka	GND	258
LK-2142140	Mulgama	Mulgama	GND	201
LK-2142145	Ududeniya	Ududeniya	GND	231
LK-2142150	Hunugala	Hunugala	GND	447
LK-2142155	Rajathalawa	Rajathalawa	GND	269
LK-2142160	Pupuressa	Pupuressa	GND	1221
LK-2142165	Pitawala	Pitawala	GND	341
LK-2145	Pathahewaheta	Pathahewaheta	DSD	16618
LK-2145005	Uduwelawatta Colony	Uduwelawatta Colony	GND	405
LK-2145010	Galthenna	Galthenna	GND	192
LK-2145015	Wathuliyedda	Wathuliyedda	GND	358
LK-2145020	Monarangala	Monarangala	GND	424
LK-2145025	Nehiniwela	Nehiniwela	GND	176
LK-2145030	Godompitiya	Godompitiya	GND	174
LK-2145035	Hippola	Hippola	GND	221
LK-2145040	Kossinna	Kossinna	GND	294
LK-2145045	Thalathuoya West	Thalathuoya West	GND	168
LK-2145050	Pussathenna	Pussathenna	GND	292
LK-2145055	Pinnagolla	Pinnagolla	GND	249
LK-2145060	Singharagama	Singharagama	GND	231
LK-2145065	Haragama	Haragama	GND	462
LK-2145070	Kapuliyadda East	Kapuliyadda East	GND	130
LK-2145075	Kapuliyadda West	Kapuliyadda West	GND	134
LK-2145080	Doolmure	Doolmure	GND	188
LK-2145085	Bootawatta North	Bootawatta North	GND	389
LK-2145090	Thalathuoya East	Thalathuoya East	GND	191
LK-2145095	Ankelipitiya	Ankelipitiya	GND	261
LK-2145100	Batagalla	Batagalla	GND	172
LK-2145105	Ethulgama East	Ethulgama East	GND	167
LK-2145110	Ethulgama North	Ethulgama North	GND	215
LK-2145115	Uduwela Pallegama East	Uduwela Pallegama East	GND	149
LK-2145120	Uduwela Pallegama West	Uduwela Pallegama West	GND	155
LK-2145125	Uduwela Pallegama South	Uduwela Pallegama South	GND	174
LK-2145130	Uduwela Udagama West	Uduwela Udagama West	GND	500
LK-2145135	Uduwela Udagama East	Uduwela Udagama East	GND	326
LK-2145140	Ratemulla	Ratemulla	GND	579
LK-2145145	Pooliyadda	Pooliyadda	GND	117
LK-2145150	Ethulgama West	Ethulgama West	GND	207
LK-2145155	Ethulgama South	Ethulgama South	GND	218
LK-2145160	Haputhale Egodagama	Haputhale Egodagama	GND	288
LK-2145165	Haputhale Udagama	Haputhale Udagama	GND	249
LK-2145170	Moragolla	Moragolla	GND	343
LK-2145175	Haputhale Pallegama	Haputhale Pallegama	GND	230
LK-2145180	Nugaliyadda Ihala	Nugaliyadda Ihala	GND	149
LK-2145185	Nugaliyadda Pahala	Nugaliyadda Pahala	GND	118
LK-2145190	Bootawatta South	Bootawatta South	GND	171
LK-2145195	Godamunna West	Godamunna West	GND	163
LK-2145200	Narangasthenna	Narangasthenna	GND	165
LK-2145205	Godalawela	Godalawela	GND	141
LK-2145210	Bolepa	Bolepa	GND	207
LK-2145215	Pathamailapitiya South	Pathamailapitiya South	GND	366
LK-2145220	Pathamailapitiya North	Pathamailapitiya North	GND	414
LK-2145225	Udamailapitiya North	Udamailapitiya North	GND	286
LK-2145230	Damunugolla	Damunugolla	GND	125
LK-2145235	Marassana	Marassana	GND	207
LK-2145240	Medadeniya	Medadeniya	GND	180
LK-2145245	Welegama	Welegama	GND	128
LK-2145250	Godamunna East	Godamunna East	GND	175
LK-2145255	Letiyagolla	Letiyagolla	GND	194
LK-2145260	Sriyagama	Sriyagama	GND	317
LK-2145265	Medagama Udagama	Medagama Udagama	GND	195
LK-2145270	Medagama Pallegama	Medagama Pallegama	GND	199
LK-2145275	Kandewela	Kandewela	GND	140
LK-2145280	Elikewela	Elikewela	GND	126
LK-2145285	Meeruppa	Meeruppa	GND	322
LK-2145290	Kethigannawela	Kethigannawela	GND	150
LK-2145295	Udamailapitiya South	Udamailapitiya South	GND	419
LK-2145300	Galagoda	Galagoda	GND	287
LK-2145305	Hewavissa East	Hewavissa East	GND	148
LK-2145310	Hewavissa West	Hewavissa West	GND	159
LK-2145315	Bawlana	Bawlana	GND	198
LK-2145320	Oluwawatta	Oluwawatta	GND	137
LK-2145325	Kiriwanagoda	Kiriwanagoda	GND	138
LK-2145330	Ududeniya Madige	Ududeniya Madige	GND	254
LK-2145335	Unuvinna East	Unuvinna East	GND	242
LK-2145340	Unuvinna West	Unuvinna West	GND	201
LK-2145345	Ududeniya	Ududeniya	GND	132
LK-2145350	Bopitiya	Bopitiya	GND	152
LK-2145355	Pothgoda	Pothgoda	GND	126
LK-2145360	Kahambiliyawa	Kahambiliyawa	GND	183
LK-2145365	Neelawala	Neelawala	GND	176
LK-2148	Deltota	Deltota	DSD	8725
LK-2148005	Perawatta West	Perawatta West	GND	595
LK-2148010	Perawatta East	Perawatta East	GND	284
LK-2148015	Palugama	Palugama	GND	303
LK-2148020	Udadelthota	Udadelthota	GND	1070
LK-2148025	Galaha	Galaha	GND	503
LK-2148030	Suduwella	Suduwella	GND	817
LK-2148035	Greatweliya	Greatweliya	GND	279
LK-2148040	Bawlanawatta Janapadaya	Bawlanawatta Janapadaya	GND	193
LK-2148045	Maussawa	Maussawa	GND	265
LK-2148050	Wanahapuwa	Wanahapuwa	GND	159
LK-2148055	Bopitiya Nagaraya	Bopitiya Nagaraya	GND	248
LK-2148060	Medakekila	Medakekila	GND	200
LK-2148065	Karagaskada South	Karagaskada South	GND	347
LK-2148070	Karagaskada North	Karagaskada North	GND	390
LK-2148075	Gonangoda	Gonangoda	GND	686
LK-2148080	Kandegama	Kandegama	GND	62
LK-2148085	Wetakepotha	Wetakepotha	GND	223
LK-2148090	Pattiyagama Pallegama	Pattiyagama Pallegama	GND	274
LK-2148095	Kiriwanaketiya	Kiriwanaketiya	GND	181
LK-2148100	Kolambissa West	Kolambissa West	GND	124
LK-2148105	Murapola West	Murapola West	GND	136
LK-2148110	Murapola East	Murapola East	GND	172
LK-2148115	Kolambissa East	Kolambissa East	GND	116
LK-2148120	Nawaneliya	Nawaneliya	GND	161
LK-2148125	Kotagepitiya	Kotagepitiya	GND	128
LK-2148130	Wadiyagoda	Wadiyagoda	GND	89
LK-2148135	Pattiyagama Udagama	Pattiyagama Udagama	GND	115
LK-2148140	Pattiyagama Gabadagama North	Pattiyagama Gabadagama North	GND	296
LK-2148145	Pattiyagama Gabadagama South	Pattiyagama Gabadagama South	GND	309
LK-2151	Udapalatha	Udapalatha	DSD	26879
LK-2151005	Egoda Kalugamuwa	Egoda Kalugamuwa	GND	1111
LK-2151010	Udovita	Udovita	GND	585
LK-2151015	Kirinda	Kirinda	GND	611
LK-2151020	Galgediyawa	Galgediyawa	GND	308
LK-2151025	Ranawala	Ranawala	GND	266
LK-2151030	Bowala	Bowala	GND	250
LK-2151035	Rathmalkaduwa	Rathmalkaduwa	GND	348
LK-2151040	Hapugaspitiya	Hapugaspitiya	GND	395
LK-2151045	Unambuwa	Unambuwa	GND	388
LK-2151050	Ilangawatta	Ilangawatta	GND	541
LK-2151055	Kahatapitiya	Kahatapitiya	GND	391
LK-2151060	Bothalapitiya	Bothalapitiya	GND	974
LK-2151065	Gampola East	Gampola East	GND	753
LK-2151070	Mount Temple	Mount Temple	GND	617
LK-2151075	Keerapane	Keerapane	GND	512
LK-2151080	Sinhapitiya North	Sinhapitiya North	GND	327
LK-2151085	Sinhapitiya South	Sinhapitiya South	GND	350
LK-2151090	Gampola West	Gampola West	GND	553
LK-2151095	Polkumbura	Polkumbura	GND	514
LK-2151100	Illawathura	Illawathura	GND	687
LK-2151105	Angammana East	Angammana East	GND	567
LK-2151110	Angammana West	Angammana West	GND	480
LK-2151115	Aregoda	Aregoda	GND	624
LK-2151120	Kurukude	Kurukude	GND	203
LK-2151125	Kudamake	Kudamake	GND	535
LK-2151130	Godagama	Godagama	GND	498
LK-2151135	Jayamalapura	Jayamalapura	GND	432
LK-2151140	Amunupuraya	Amunupuraya	GND	535
LK-2151145	Wattehena	Wattehena	GND	443
LK-2151150	Millagaspitiya	Millagaspitiya	GND	311
LK-2151155	Udagama	Udagama	GND	362
LK-2151160	Hunukotugama	Hunukotugama	GND	252
LK-2151165	Dunukeulla	Dunukeulla	GND	612
LK-2151170	Wanahapuwa	Wanahapuwa	GND	193
LK-2151175	Ihalagama	Ihalagama	GND	421
LK-2151180	Paradeka	Paradeka	GND	736
LK-2151185	Amuhena	Amuhena	GND	366
LK-2151190	Delpitiya	Delpitiya	GND	1003
LK-2151195	Nawadevita	Nawadevita	GND	695
LK-2151200	Galatha	Galatha	GND	752
LK-2151205	Pallegama	Pallegama	GND	503
LK-2151210	Pussellawa	Pussellawa	GND	1726
LK-2151215	Wahugapitiya	Wahugapitiya	GND	540
LK-2151220	Pussellawagama	Pussellawagama	GND	273
LK-2151225	Doragala	Doragala	GND	1357
LK-2151230	Kekulanda	Kekulanda	GND	642
LK-2151235	Weliganga	Weliganga	GND	352
LK-2151240	Kalugalhinna	Kalugalhinna	GND	245
LK-2151245	Mawathura	Mawathura	GND	740
LK-2154	Ganga Ihala Korale	Ganga Ihala Korale	DSD	15525
LK-2154005	Kohowala	Kohowala	GND	297
LK-2154010	Polmalagama	Polmalagama	GND	243
LK-2154015	Galpaya	Galpaya	GND	651
LK-2154020	Herakola	Herakola	GND	750
LK-2154025	Wallahagoda	Wallahagoda	GND	749
LK-2154030	Maligapurana	Maligapurana	GND	655
LK-2154035	Gampolawela	Gampolawela	GND	735
LK-2154040	Ethgala North	Ethgala North	GND	333
LK-2154045	Thembiligala	Thembiligala	GND	511
LK-2154050	Pellapitiya North	Pellapitiya North	GND	547
LK-2154055	Malwattagama	Malwattagama	GND	681
LK-2154060	Giraulla	Giraulla	GND	376
LK-2154065	Karagala	Karagala	GND	292
LK-2154070	Wetakedeniya	Wetakedeniya	GND	518
LK-2154075	Uduwella	Uduwella	GND	389
LK-2154080	Patithalawa	Patithalawa	GND	543
LK-2154085	Kelly Group	Kelly Group	GND	156
LK-2154090	Alugolla	Alugolla	GND	345
LK-2154095	Gemunupura	Gemunupura	GND	365
LK-2154100	Yatapana	Yatapana	GND	294
LK-2154105	Pellapitiya South	Pellapitiya South	GND	427
LK-2154110	Ulapane North	Ulapane North	GND	599
LK-2154115	Udagama	Udagama	GND	661
LK-2154120	Ethgala West	Ethgala West	GND	316
LK-2154125	Ethgala East	Ethgala East	GND	514
LK-2154130	Sinhapura	Sinhapura	GND	514
LK-2154135	Ulapane South	Ulapane South	GND	1040
LK-2154140	Pitakanda	Pitakanda	GND	549
LK-2154145	Udahenthenna	Udahenthenna	GND	476
LK-2154150	Rakshawa	Rakshawa	GND	600
LK-2154155	Miyanagolla	Miyanagolla	GND	399
LK-2157	Pasbagekorale	Pasbage Korale	DSD	17272
LK-2157005	Pallegama	Pallegama	GND	497
LK-2157010	Warakawa	Warakawa	GND	611
LK-2157015	Weligodawatta	Weligodawatta	GND	538
LK-2157020	Dandubediruppa	Dandubediruppa	GND	774
LK-2157025	Penithuduwa	Penithuduwa	GND	407
LK-2157030	Pahala Rambukpitiya	Pahala Rambukpitiya	GND	414
LK-2157035	Uda Rambukpitiya	Uda Rambukpitiya	GND	434
LK-2157040	Balanthota North	Balanthota North	GND	663
LK-2157045	Weligampola	Weligampola	GND	336
LK-2157050	Karahandungala	Karahandungala	GND	507
LK-2157055	Nawalapitiya South	Nawalapitiya South	GND	842
LK-2157060	Nawalapitiya North	Nawalapitiya North	GND	659
LK-2157065	Nawalapitiya West	Nawalapitiya West	GND	1052
LK-2157070	Nawalapitiya East	Nawalapitiya East	GND	586
LK-2157075	Imbulpitiya	Imbulpitiya	GND	953
LK-2157080	Greenwood	Greenwood	GND	307
LK-2157085	Bawwagama	Bawwagama	GND	1815
LK-2157090	Kendopitiya	Kendopitiya	GND	769
LK-2157095	Aluthgama	Aluthgama	GND	411
LK-2157100	Balanthota South	Balanthota South	GND	468
LK-2157105	Dekinda	Dekinda	GND	334
LK-2157110	Mapakanda North	Mapakanda North	GND	313
LK-2157115	Inguruoya North	Inguruoya North	GND	331
LK-2157120	Kadiyanlena	Kadiyanlena	GND	565
LK-2157125	Westhole	Westhole	GND	812
LK-2157130	Inguruoya South	Inguruoya South	GND	198
LK-2157135	Mapakanda South	Mapakanda South	GND	330
LK-2157140	Wewegama	Wewegama	GND	553
LK-2157145	Hydree	Hydree	GND	793
LK-22	Matale	Matale	DISTRICT	148184
LK-2203	Galewela	Galewela	DSD	22154
LK-2203005	Wetakoluwewa	Wetakoluwewa	GND	464
LK-2203010	Dewahoowa Colony 2	Dewahoowa Colony 2	GND	382
LK-2203015	Makulugaswewa	Makulugaswewa	GND	207
LK-2203020	Ibbankatuwa	Ibbankatuwa	GND	347
LK-2203025	Thalakiriyagama	Thalakiriyagama	GND	645
LK-2203030	Thennakonpura	Thennakonpura	GND	224
LK-2203035	Dandubendiruppa	Dandubendiruppa	GND	433
LK-2203040	Dewahoowa Colony 1	Dewahoowa Colony 1	GND	697
LK-2203045	Bulanawewa	Bulanawewa	GND	735
LK-2203050	Pahala Diggala	Pahala Diggala	GND	461
LK-2203055	Meewalapathaha	Meewalapathaha	GND	344
LK-2203060	Pahala Wewa	Pahala Wewa	GND	348
LK-2203065	Yatigalpotta	Yatigalpotta	GND	398
LK-2203070	Kumbukgolla	Kumbukgolla	GND	579
LK-2203075	Kosgahahinna	Kosgahahinna	GND	325
LK-2203080	Ralalerotawewa	Ralalerotawewa	GND	283
LK-2203085	Moragolla	Moragolla	GND	279
LK-2203090	Pibidunugama	Pibidunugama	GND	230
LK-2203095	Aluthwewa	Aluthwewa	GND	464
LK-2203100	Bambaragaswewa	Bambaragaswewa	GND	286
LK-2203105	Beliyakanda	Beliyakanda	GND	664
LK-2203110	Puwakpitiya	Silwathgama	GND	430
LK-2203115	Walaswewa	Walaswewa	GND	571
LK-2203120	Galapamula	Galapamula	GND	347
LK-2203125	Damunumulla	Damunumulla	GND	460
LK-2203130	Pattiwela	Pattiwela	GND	353
LK-2203135	Nilagama	Nilagama	GND	395
LK-2203140	Hombawa	Hombawa	GND	424
LK-2203145	Silwathgama	Palu Hombawa	GND	181
LK-2203150	Weragalawatta	Dambawatawana	GND	279
LK-2203155	Palu Hombawa	Puwakpitiya	GND	382
LK-2203160	Dambawatawana	Weragalawatta	GND	372
LK-2203165	Nabadagahawatta	Nabadagahawatta	GND	551
LK-2203170	Galewela Town	Galewela Town	GND	298
LK-2203175	Pathkolagolla	Pathkolagolla	GND	401
LK-2203180	Kospotha	Kospotha	GND	460
LK-2203185	Ranwediyawa	Ranwediyawa	GND	654
LK-2203190	Pahala Bambawa	Pahala Bambawa	GND	368
LK-2203195	Danduyaya	Danduyaya	GND	380
LK-2203200	Dambagolla	Dambagolla	GND	400
LK-2203205	Ihala Bambawa	Ihala Bambawa	GND	289
LK-2203210	Siyambalagahawela	Siyambalagahawela	GND	292
LK-2203215	Pihilyaya	Pihilyaya	GND	202
LK-2203220	Medabedda North	Medabedda North	GND	359
LK-2203225	Divulgaskotuwa	Divulgaskotuwa	GND	517
LK-2203230	Hathadukkuwa	Hathadukkuwa	GND	323
LK-2203235	Beligamuwa	Beligamuwa	GND	372
LK-2203240	Medabedda South	Medabedda South	GND	273
LK-2203245	Wahakotte	Wahakotte	GND	207
LK-2203250	Galgodayaya	Galgodayaya	GND	164
LK-2203255	Palapathwala	Palapathwala	GND	337
LK-2203260	Dembawa	Dembawa	GND	226
LK-2203265	Elamalpotha	Elamalpotha	GND	356
LK-2203270	Yatiwehera	Yatiwehera	GND	216
LK-2203275	Lenawala	Lenawala	GND	314
LK-2203280	Hewanwela	Hewanwela	GND	375
LK-2203285	Wegodapola	Wegodapola	GND	252
LK-2203290	Kendangamuwa	Kendangamuwa	GND	313
LK-2203295	Madipola	Madipola	GND	266
LK-2206	Dambulla	Dambulla	DSD	22894
LK-2206005	Siyambala Wewa	Siyambala Wewa	GND	213
LK-2206010	Avudangawa	Avudangawa	GND	245
LK-2206015	Gedigaswalana	Gedigaswalana	GND	254
LK-2206020	Pidurangala	Pidurangala	GND	188
LK-2206025	Thalkote	Thalkote	GND	355
LK-2206030	Digampathaha	Digampathaha	GND	381
LK-2206035	Inamaluwa	Inamaluwa	GND	474
LK-2206040	Nagalawewa	Nagalawewa	GND	282
LK-2206045	Pothana	Pothana	GND	258
LK-2206050	Kimbissa	Kimbissa	GND	259
LK-2206055	Egodawewa	Egodawewa	GND	250
LK-2206060	Palutawa	Palutawa	GND	219
LK-2206065	Sigiriya	Sigiriya	GND	206
LK-2206070	Mailattawa	Mailattawa	GND	523
LK-2206075	Pol Attawa	Pol Attawa	GND	211
LK-2206080	Nikawatawana	Nikawatawana	GND	778
LK-2206085	Kumbukkandanwala	Kumbukkandanwala	GND	290
LK-2206090	Bellanneoya	Bellanneoya	GND	403
LK-2206095	Rathmalkatuwa	Rathmalkatuwa	GND	433
LK-2206100	Welihena	Welihena	GND	525
LK-2206105	Etawarahena	Etawarahena	GND	352
LK-2206110	Pallegama	Pallegama	GND	357
LK-2206115	Bulagala	Bulagala	GND	443
LK-2206120	Pelvehera	Pelvehera	GND	609
LK-2206125	nan	Kandalama	GND	649
LK-2206130	Pahala Erevula	Pahala Erevula	GND	213
LK-2206135	Ihala Ereula	Ihala Ereula	GND	293
LK-2206140	Welangolla	Welangolla	GND	299
LK-2206145	Wewala Wewa	Wewala Wewa	GND	586
LK-2206150	Yakkuragala North	Yakkuragala North	GND	360
LK-2206155	Vilhatha	Vilhatha	GND	188
LK-2206160	Athuparayaya	Athuparayaya	GND	688
LK-2206165	Pahala Wewa	Pahala Wewa	GND	431
LK-2206170	Dambulla Town	Dambulla Town	GND	1094
LK-2206175	Dambulugama	Dambulugama	GND	360
LK-2206180	Haluapullana Wewa	Haluapullana Wewa	GND	501
LK-2206185	Pohoranwewa	Pohoranwewa	GND	741
LK-2206190	Yapagama	Yapagama	GND	565
LK-2206195	Rathmalgaha Ela	Rathmalgaha Ela	GND	881
LK-2206200	Yakkuragala South	Yakkuragala south	GND	323
LK-2206205	Kalundewa Aluthgama	Kalundewa Aluthgama	GND	275
LK-2206210	Angunawel Pelessa	Angunawel pelessa	GND	169
LK-2206215	Kalogaha Ela	Kalogaha Ela	GND	493
LK-2206220	Thittawelgolla	Thittawelgolla	GND	257
LK-2206225	Moragollewa	Moragollewa	GND	458
LK-2206230	Kapuwatta	Kapuwatta	GND	423
LK-2206235	Kiralagolla	Kiralagolla	GND	336
LK-2206240	Wavulambe	Wavulambe	GND	273
LK-2206245	Embulambe	Embulambe	GND	271
LK-2206250	Puwak Attawala	Puwak Attawala	GND	279
LK-2206255	Kalundewa Paranagama	Kalundewa Paranagama	GND	222
LK-2206260	Walgamwewa	Walgamwewa	GND	570
LK-2206265	Kandalama	Kiralessa	GND	174
LK-2206270	Pannampitiya	Pannampitiya	GND	437
LK-2206275	Welamitiyawa	Welamitiyawa	GND	137
LK-2206280	Etha Bendiwewa	Athabandiwewa	GND	474
LK-2206285	Lenadora North	Lenadora North	GND	277
LK-2206290	Lenadora South	Lenadora South	GND	367
LK-2206295	Nayakumbura	Nayakumbura	GND	322
LK-2209	Naula	Naula	DSD	8834
LK-2209005	Ussattawa	Ussattawa	GND	72
LK-2209010	Nikula	Nikula	GND	175
LK-2209015	Serudandapola	Serudandapola	GND	215
LK-2209020	Haduwa	Haduwa	GND	153
LK-2209025	Bambaragahawatta	Bambaragahawatta	GND	103
LK-2209030	Dambagolla	Dambagolla	GND	67
LK-2209035	Helambagahawatta	Helambagahawatta	GND	112
LK-2209040	Pubbiliya	Pubbiliya	GND	137
LK-2209045	Thalagoda	Thalagoda	GND	12
LK-2209050	Maragamuwa	Maragamuwa	GND	138
LK-2209055	Haduwela	Haduwela	GND	130
LK-2209060	Dodamattawela	Dodamattawela	GND	167
LK-2209065	Karavilahena	Karavilahena	GND	303
LK-2209070	Bobella	Bobella	GND	164
LK-2209075	Bibila	Bibila	GND	245
LK-2209080	Murutholuwa	Murutholuwa	GND	145
LK-2209085	Mailpitiya	Mailpitiya	GND	257
LK-2209090	Wewattawa	Wewattawa	GND	95
LK-2209095	Penalaboda	Penalaboda	GND	263
LK-2209100	Naula	Naula	GND	682
LK-2209105	Meegaha Ela	Meegaha Ela	GND	194
LK-2209110	Bowathenna Watta	Bowathenna Watta	GND	179
LK-2209115	Koombiyangahaela	Koombiyangahaela	GND	190
LK-2209120	Millagahamula Thenna	Millagahamula Thenna	GND	93
LK-2209145	Kongahawela	Kongahawela	GND	79
LK-2209150	Rajawela	Rajawela	GND	257
LK-2209155	Ganimayaya	Gan Imayaya	GND	177
LK-2209160	Moragahamada	Moragahamada	GND	134
LK-2209165	Pilihudugolla Pahalagama	Pilihudugolla Pahalagama	GND	121
LK-2209170	Pilihudugolla Ihalagama	Pilihudugolla Ihalagama	GND	314
LK-2209175	Arangala	Arangala	GND	512
LK-2209180	Habaragahamada	Habaragahamada	GND	330
LK-2209185	Elhena	Elhena	GND	119
LK-2209190	Diyankaduwa	Diyankaduwa	GND	74
LK-2209195	Alugolla	Alugolla	GND	176
LK-2209200	Nalanda	Nalanda	GND	288
LK-2209205	Wambatuyaya	Wambatuyaya	GND	131
LK-2209210	Meegolla	Meegolla	GND	205
LK-2209215	Ududeniya	Ududeniya	GND	271
LK-2209220	Hapugasyaya	Hapugasyaya	GND	306
LK-2209225	Lihinipitiya	Lihinipitiya	GND	195
LK-2209230	Senagama	Senagama	GND	226
LK-2209235	Andawala	Andawala	GND	270
LK-2209240	Opalgala	Opalgala	GND	174
LK-2209245	Ambana	Ambana	GND	77
LK-2209250	Moragolla	Moragolla	GND	70
LK-2209255	Galboda	Galboda	GND	37
LK-2212	Pallepola	Pallepola	DSD	9069
LK-2212005	Janakagama	Janakagama	GND	180
LK-2212010	Nilannoruwa Colony	Nilannoruwa Colony	GND	258
LK-2212015	Aluthgama	Aluthgama	GND	324
LK-2212020	Demada Oya	Demada Oya	GND	281
LK-2212025	Mananwatta	Mananwatta	GND	214
LK-2212030	Nilannoruwa	Nilannoruwa	GND	261
LK-2212035	Thalakiriyawa	Thalakiriyawa	GND	329
LK-2212040	Kirioruwa	Kirioruwa	GND	258
LK-2212045	Kosgolla	Kosgolla	GND	162
LK-2212050	Nagahapola	Nagahapola	GND	163
LK-2212055	Bomeruwa	Bomeruwa	GND	138
LK-2212060	Kobbevehera	Kobbevehera	GND	175
LK-2212065	Millawana Pahalagama	Millawana Pahalagama	GND	229
LK-2212070	Millawana Medagama	Millawana Medagama	GND	168
LK-2212075	Kandewatta	Kandewatta	GND	151
LK-2212080	Mahayayawatta	Mahayayawatta	GND	148
LK-2212085	Medalanda	Medalanda	GND	177
LK-2212090	Walmoruwa	Walmoruwa	GND	254
LK-2212095	Moragaspitiya	Moragaspitiya	GND	147
LK-2212100	Akuramboda	Akuramboda	GND	208
LK-2212105	Dewarammulla	Dewarammulla	GND	134
LK-2212110	Millawana Ihalagama	Millawana Ihalagama	GND	206
LK-2212115	Ambokka	Ambokka	GND	270
LK-2212120	Maningamuwa West	Maningamuwa West	GND	195
LK-2212125	Maningamuwa East	Maningamuwa East	GND	219
LK-2212130	Koswatta	Koswatta	GND	147
LK-2212135	Ekamuthugama	Ekamuthugama	GND	218
LK-2212140	Ambokudena	Ambokudena	GND	230
LK-2212145	Koholanwala	Koholanwala	GND	349
LK-2212150	Udurampelessa	Udurampelessa	GND	196
LK-2212155	Ehelepola	Ehelepola	GND	205
LK-2212160	Pallepola North	Pallepola North	GND	180
LK-2212165	Monaravila	Monaravila	GND	108
LK-2212170	Galahitiyagama	Galahitiyagama	GND	156
LK-2212175	Rusigama Ihalagama	Rusigama Ihalagama	GND	161
LK-2212180	Rusigama Pahalagama	Rusigama Pahalagama	GND	187
LK-2212185	Pallepola South	Pallepola South	GND	265
LK-2212190	Kinigama	Kinigama	GND	198
LK-2212195	Paldeniya	Paldeniya	GND	265
LK-2212200	Dodamgasyaya	Dodamgasyaya	GND	144
LK-2212205	Ariyagama	Ariyagama	GND	163
LK-2212210	Polwatta	Polwatta	GND	114
LK-2212215	Thembilideniya North	Thembilideniya North	GND	182
LK-2212220	Dimbulgamuwa	Dimbulgamuwa	GND	352
LK-2215	Yatawatta	Yatawatta	DSD	8886
LK-2215005	Udagama West	Udagama West	GND	209
LK-2215010	Selagama	Selagama	GND	185
LK-2215015	Selagama East	Selagama East	GND	221
LK-2215020	Thembilideniya	Thembilideniya	GND	130
LK-2215025	Mathale North	Matale North	GND	465
LK-2215030	Kavudupelella	Kavudupelella	GND	413
LK-2215035	Mahawela	Mahawela	GND	105
LK-2215040	Mahawela West	Mahawela West	GND	100
LK-2215045	Delgolla	Delgolla	GND	142
LK-2215050	Galagama	Galagama	GND	250
LK-2215055	Nagolla	Nagolla	GND	112
LK-2215060	Udagama	Udagama	GND	66
LK-2215065	Urulewatta	Urulewatta	GND	98
LK-2215070	Yatawatta	Yatawatta	GND	211
LK-2215075	Mediyapola	Mediyapola	GND	289
LK-2215080	Nikagolla	Nikagolla	GND	126
LK-2215085	Nikagolla North	Nikagolla North	GND	184
LK-2215090	Dikkumbura West	Dikkumbura West	GND	133
LK-2215095	Rathalawewa	Rathalawewa	GND	247
LK-2215100	Dikkumbura	Dikkumbura	GND	135
LK-2215105	Wattegedara	Wattegedara	GND	131
LK-2215110	Galaliyadda	Galaliyadda	GND	166
LK-2215115	Muruthawatta	Muruthawatta	GND	169
LK-2215120	Deevilla North	Deevilla North	GND	329
LK-2215125	Deevilla	Deevilla	GND	134
LK-2215130	Dangan Place	Dangan Place	GND	442
LK-2215135	Alokagama	Alokagama	GND	169
LK-2215140	Walpola	Walpola	GND	145
LK-2215145	Maligathenna	Maligathenna	GND	149
LK-2215150	nan	Aluthwatta	GND	61
LK-2215155	Ambanpola	Ambanpola	GND	159
LK-2215160	Lakshahena	Lakshahena	GND	137
LK-2215165	Deevilla South	Deevilla South	GND	128
LK-2215170	Gammulla	Gammulla	GND	144
LK-2215175	Mottuwela	Mottuwela	GND	138
LK-2215180	Idangama	Idangama	GND	180
LK-2215185	Udasgiriya	Udasgiriya	GND	102
LK-2215190	Ethipallawala	Ethipallawala	GND	151
LK-2215195	Aluthgama North	Aluthgama North	GND	128
LK-2215200	Aluthgama	Aluthgama	GND	127
LK-2215205	Pamunuwa	Pamunuwa	GND	85
LK-2215210	Walawela	Walawela	GND	116
LK-2215215	Unaweruwa	Unaweruwa	GND	170
LK-2215220	Madadeniya	Madadeniya	GND	146
LK-2215225	Mathalapitiya	Mathalapitiya	GND	121
LK-2215230	Mathalapitiya South	Mathalapitiya South	GND	108
LK-2215235	Rathninda	Rathninda	GND	91
LK-2215240	Asgiri Dorakumbura	Asgiri Dorakumbura	GND	60
LK-2215245	Asgiri Dorakumbura East	Asgiri Dorakumbura East	GND	97
LK-2215250	Polwatta	Polwatta	GND	90
LK-2215255	Dullewa	Dullewa	GND	106
LK-2215260	Dullewa East	Dullewa East	GND	139
LK-2215265	Thalgahagoda	Thalgahagoda	GND	105
LK-2215270	Daluwela	Daluwela	GND	124
LK-2215275	Ethipola	Ethipola	GND	117
LK-2215280	Ethipola West	Ethipola West	GND	101
LK-2218	Matale	Matale	DSD	21828
LK-2218005	Narangamuwa	Narangamuwa	GND	258
LK-2218010	Madawala Ulpatha	Madawala Ulpatha	GND	500
LK-2218015	Thalagasyaya	Thalagasyaya	GND	461
LK-2218020	Madawala	Madawala	GND	325
LK-2218025	Rajjammana	Rajjammana	GND	426
LK-2218030	Moragahamada	Moragahamada	GND	153
LK-2218035	Hathamunagala	Hathamunagala	GND	249
LK-2218040	Ankanda	Ankanda	GND	199
LK-2218045	Puwakpitiya	Puwakpitiya	GND	310
LK-2218050	Walliwela	Walliwela	GND	372
LK-2218055	Galwadukumbura	Galwadukumbura	GND	112
LK-2218060	Dombawela	Dombawela	GND	279
LK-2218065	Kawatayamuna	Kawatayamuna	GND	222
LK-2218070	Eriyagolla	Eriyagolla	GND	263
LK-2218075	Imbulandanda	Imbulandanda	GND	348
LK-2218080	Golahenwatta	Golahenwatta	GND	193
LK-2218085	Parana Dombawela	Parana Dombawela	GND	289
LK-2218090	Ellepola	Ellepola	GND	131
LK-2218095	Palapathwala	Palapathwala	GND	813
LK-2218100	Kottagoda	Kottagoda	GND	260
LK-2218105	Owala Polwatta	Owala Polwatta	GND	322
LK-2218110	Makulgaharuppa	Makulgaharuppa	GND	290
LK-2218115	Udugama	Udugama	GND	221
LK-2218120	nan	Kirigalpotta	GND	597
LK-2218125	Dunkalawatta	Dunkalawatta	GND	485
LK-2218130	Dorakumbura	Dorakumbura	GND	577
LK-2218135	Biridewala	Biridewala	GND	274
LK-2218140	Aluvihare	Aluvihare	GND	1423
LK-2218145	Dikkiriya	Dikkiriya	GND	250
LK-2218150	Parawatta	Parawatta	GND	941
LK-2218155	Kaludewala	Kaludewala	GND	1059
LK-2218160	Mandandawela	Mandandawela	GND	537
LK-2218165	Bogahakotuwa	Bogahakotuwa	GND	462
LK-2218170	Harasgama	Harasgama	GND	268
LK-2218175	Kandegedara	Kandegedara	GND	261
LK-2218180	Malwatta	Malwatta	GND	522
LK-2218185	Vihara Road	Vihara Road	GND	465
LK-2218190	Muslim Town	Muslim Town	GND	1070
LK-2218195	Oya Pahala	Oya Pahala	GND	426
LK-2218200	Gongawela	Gongawela	GND	688
LK-2218205	Sinhala Town	Sinhala Town	GND	363
LK-2218210	Dodamdeniya	Dodamdeniya	GND	208
LK-2218215	Hulangamuwa South	Hulangamuwa south	GND	356
LK-2218220	Hulangamuwa North	Hulangamuwa North	GND	461
LK-2218225	Diyabubula	Diyabubula	GND	360
LK-2218230	Maligathenna	Maligathenna	GND	849
LK-2218235	Nagolla	Nagolla	GND	387
LK-2218240	Pandivita	Pandivita	GND	237
LK-2218245	Pandivita Welagama	Pandivita Welagama	GND	291
LK-2218250	Kotuwegedara North	Kotuwegedara North	GND	328
LK-2218255	Koombiyangoda	Koombiyangoda	GND	239
LK-2218260	Kotuwegedara South	Kotuwegedara South	GND	448
LK-2221	Ambanganga	Ambanganga Korale	DSD	4682
LK-2221005	Kumbaloluwa	Kumbaloluwa	GND	234
LK-2221010	Gammaduwa	Gammaduwa	GND	423
LK-2221015	Kalugalthenna	Kalugalthenna	GND	158
LK-2221020	Naguliyadda	Naguliyadda	GND	288
LK-2221025	Kosgolla	Kosgolla	GND	178
LK-2221030	Imbulgolla	Imbulgolla	GND	180
LK-2221035	Ranmuthugama	Ranmuthugama	GND	233
LK-2221040	Raithalawa	Raithalawa	GND	77
LK-2221045	Thibbatukanatha	Thibbatukanatha	GND	177
LK-2221050	Palle Eswedduma	Palle Eswedduma	GND	158
LK-2221055	Pallethenna	Pallethenna	GND	254
LK-2221060	Pussella	Pussella	GND	432
LK-2221065	Sirangahawatta	Sirangahawatta	GND	312
LK-2221070	Kavudagammana	Kavudagammana	GND	128
LK-2221075	Narangolla	Narangolla	GND	175
LK-2221080	Hunukete	Hunukete	GND	364
LK-2221085	Metihakka	Metihakka	GND	364
LK-2221090	nan	Aluthwela	GND	182
LK-2221095	Cloda	Cloda	GND	180
LK-2221100	Gurubebila	Gurubebila	GND	185
LK-2224	Laggala	Laggala-Pallegama	DSD	4876
LK-2224005	Maoya	Maoya	GND	707
LK-2224010	Kandepitawala	Kandepitawela	GND	276
LK-2224015	Dewaladeniya	Dewaladeniya	GND	481
LK-2224020	Kaluganga	Kaluganga	GND	238
LK-2224025	Akarahediya	Akarahediya	GND	977
LK-2224030	Hattota Amuna	Hattota Amuna	GND	130
LK-2224035	Dasgiriya	Dasgiriya	GND	177
LK-2224040	Morathenna	Morathenna	GND	277
LK-2224045	Wellewala	Wellewala	GND	204
LK-2224050	Weliwaranagolla	Weliwaranagolla	GND	135
LK-2224055	Leloya	Leloya	GND	169
LK-2224060	Pottatawela	Pottatawela	GND	22
LK-2224065	Dammanthenna	Dammanthenna	GND	23
LK-2224070	Gangalapuwakpitiya	Gangalapuwakpitiya	GND	92
LK-2224075	Divulgas Pathana	Divulgas Pathana	GND	3
LK-2224080	Pitawala	Pitawala	GND	55
LK-2224085	Kahagala	Kahagala	GND	38
LK-2224090	Ilukkumbura	Ilukkumbura	GND	46
LK-2224095	Mahalakotuwa	Mahalakotuwa	GND	39
LK-2224130	Galgedawala	Galgedawala	GND	43
LK-2224135	Guruwela	Guruwela	GND	138
LK-2224140	Kivulawadiya	Kivulawadiya	GND	105
LK-2224145	Halminiya	Halminiya	GND	78
LK-2224160	Meda Ela	Meda Ela	GND	40
LK-2224165	Rathninda	Rathninda	GND	44
LK-2224170	Etanwala	Etanwala	GND	32
LK-2224175	Ranamuregama	Ranamuregama	GND	123
LK-2224180	Narangamuwa	Narangamuwa	GND	108
LK-2224185	Lakegala	Lakegala	GND	76
LK-2227	Wilgamuwa	Wilgamuwa	DSD	9813
LK-2227005	Kumbukoya	Kumbukoya	GND	72
LK-2227010	Thunhiriyawewa	Thunhiriyawewa	GND	249
LK-2227015	Palupitiya	Palupitiya	GND	196
LK-2227020	Rattotayaya	Rattotayaya	GND	195
LK-2227025	Dunuvilapitiya	Dunuvilapitiya	GND	155
LK-2227030	Medakanda	Medakanda	GND	110
LK-2227035	Aliwanguwa	Aliwanguwa	GND	254
LK-2227040	Viharagama	Viharagama	GND	252
LK-2227045	Handungamuwa	Handungamuwa	GND	216
LK-2227050	Topwalapitiya	Topwalapitiya	GND	120
LK-2227055	Gemburuoya	Gemburuoya	GND	223
LK-2227060	Kumbukandana	Kumbukandana	GND	292
LK-2227065	Lediyangala	Lediyangala	GND	348
LK-2227070	Karawgahawewa	Karawgahawewa	GND	263
LK-2227075	Radunnewewa	Radunnewewa	GND	247
LK-2227080	Maraka	Maraka	GND	220
LK-2227085	Malgammana	Malgammana	GND	211
LK-2227090	Bogahawewa	Bogahawewa	GND	276
LK-2227095	Aliyawala	Aliyawala	GND	90
LK-2227100	Veheragala	Veheragala	GND	302
LK-2227105	Himbiliyakada	Himbiliyakada	GND	97
LK-2227110	Hettipola	Hettipola	GND	645
LK-2227115	Naminioya	Naminioya	GND	339
LK-2227120	Dewagiriya	Dewagiriya	GND	345
LK-2227125	Piduruella	Piduruella	GND	121
LK-2227130	Guruwelayaya	Guruwelayaya	GND	200
LK-2227135	Naminigama	Naminigama	GND	383
LK-2227140	Perakanatta	Perakanatta	GND	276
LK-2227145	Wilgamuwa	Wilgamuwa	GND	114
LK-2227150	Wanarawa	Wanarawa	GND	316
LK-2227155	Bathgampala	Bathgampala	GND	505
LK-2227160	Nagolla	Nagolla	GND	309
LK-2227165	Moragaha Ulpatha	Moragaha Ulpatha	GND	182
LK-2227170	Nugagolla	Nugagolla	GND	434
LK-2227175	Meewaobe	Meewaobe	GND	337
LK-2227180	80 Yaya	80 Yaya	GND	335
LK-2227185	Sonutta	Sonutta	GND	270
LK-2227190	Uduwelwala	Uduwelwala	GND	241
LK-2227195	Sulugune	Sulugune	GND	73
LK-2230	Rattota	Rattota	DSD	15594
LK-2230005	Ikirigolla	Ikirigolla	GND	267
LK-2230010	Pahala Owala	Pahala Owala	GND	277
LK-2230015	Ihala Owala	Ihala Owala	GND	361
LK-2230020	Kaikawala	Kaikawala	GND	423
LK-2230025	Nikawella	Nikawella	GND	337
LK-2230030	Kuruwawa	Kuruwawa	GND	394
LK-2230035	Rattota	Rattota	GND	427
LK-2230040	Bodhikotuwa	Bodhikotuwa	GND	206
LK-2230045	Dankanda	Dankanda	GND	228
LK-2230050	Kirimetiya	Kirimetiya	GND	188
LK-2230055	Polwattakanda	Polwattakanda	GND	218
LK-2230060	Dambagolla	Dambagolla	GND	301
LK-2230065	Medawatta	Medawatta	GND	216
LK-2230070	Weralugasthenna	Weralugasthenna	GND	249
LK-2230075	Madakumbura	Madakumbura	GND	266
LK-2230080	Maussagolla	Maussagolla	GND	137
LK-2230085	Wanaraniya	Wanaraniya	GND	276
LK-2230090	Lonvil	Lonvil	GND	526
LK-2230095	Maradurawala	Maradurawala	GND	276
LK-2230100	Pallegama	Pallegama	GND	405
LK-2230105	Koswana North	Koswana North	GND	244
LK-2230110	Palle Weragama	Palle Weragama	GND	274
LK-2230115	Viharagama	Viharagama	GND	984
LK-2230120	Kaineka	Kaineka	GND	387
LK-2230125	Uda Weragama	Uda Weragama	GND	244
LK-2230130	Meda Weragama	Meda Weragama	GND	173
LK-2230135	Koswana South	Koswana South	GND	166
LK-2230140	Bogambara	Bogambara	GND	270
LK-2230145	Galekoluwa	Galekoluwa	GND	401
LK-2230150	Welangahawatta	Welangahawatta	GND	224
LK-2230155	Horagolla	Horagolla	GND	168
LK-2230160	Bambarakiriella	Bambarakiriella	GND	251
LK-2230165	Alakolamada	Alakolamada	GND	183
LK-2230170	Udagama	Udagama	GND	234
LK-2230175	Pitakanda	Pitakanda	GND	153
LK-2230180	Gansarapola	Gansarapola	GND	149
LK-2230185	Epitamulla	Epitamulla	GND	228
LK-2230190	Wetasyaya	Wetasyaya	GND	220
LK-2230195	Godapola	Godapala	GND	282
LK-2230200	Ulpothapitiya	Ulpothapitiya	GND	522
LK-2230205	Bandarapola	Bandarapola	GND	316
LK-2230210	Muwandeniya	Muwandeniya	GND	244
LK-2230215	Palleyaya	Palleyaya	GND	140
LK-2230220	Neluwakanda	Neluwakanda	GND	238
LK-2230225	Punchiseluwakanda	Punchiseluwakanda	GND	395
LK-2230230	Thambalagala	Thambalagala	GND	299
LK-2230235	Kandenuwara West	Kandenuwara West	GND	295
LK-2230240	Kandenuwara East	Kandenuwara East	GND	404
LK-2230245	Alwatta	Alwatta	GND	382
LK-2230250	Warapitiya	Warapitiya	GND	140
LK-2230255	Dombagoda	Dombagoda	GND	143
LK-2230260	Pahala Hapuvida	Pahala Hapuvida	GND	279
LK-2230265	Uda Hapuvida	Uda Hapuvida	GND	200
LK-2230270	Hangarankanda	Hangarankanda	GND	384
LK-2233	Ukuwela	Ukuwela	DSD	19554
LK-2233005	Galaudahena	Galaudahena	GND	115
LK-2233010	Makulemada	Makulemada	GND	53
LK-2233015	Pathingolla	Pathingolla	GND	177
LK-2233020	Wademada	Wademada	GND	107
LK-2233025	Wattegedara	Wattegedara	GND	51
LK-2233030	Watagoda	Watagoda	GND	104
LK-2233035	Pallekumbura	Pallekumbura	GND	104
LK-2233040	Katuattamada	Katuattamada	GND	138
LK-2233045	Panwatta	Panwatta	GND	114
LK-2233050	Alawathuwala	Alawathuwala	GND	113
LK-2233055	Horagahapitiya	Horagahapitiya	GND	160
LK-2233060	Ovilikanda	Ovilikanda	GND	194
LK-2233065	Kirimetiyawa	Kirimetiyawa	GND	65
LK-2233070	Thenna	Thenna	GND	197
LK-2233075	Muwagala	Muwagala	GND	125
LK-2233080	Ovilla	Ovilla	GND	150
LK-2233085	Enasalmada	Enasalmada	GND	215
LK-2233090	Thibbatuwawa	Thibbatuwawa	GND	157
LK-2233095	Dombagasdeniya	Dombagasdeniya	GND	262
LK-2233100	Kendagolla	Kendagolla	GND	310
LK-2233105	Kohombiliwela	Kohombiliwela	GND	406
LK-2233110	Wariyapola Watta	Wariyapola Watta	GND	558
LK-2233115	Wariyapola	Wariyapola	GND	459
LK-2233120	Pananthadiya	Pananthadiya	GND	139
LK-2233125	Nawarathnagoda	Nawarathnagoda	GND	163
LK-2233130	Eriyagolla	Eriyagolla	GND	139
LK-2233135	Katudeniya	Katudeniya	GND	283
LK-2233140	Elwala	Elwala	GND	500
LK-2233145	Pahalawela	Pahalawela	GND	437
LK-2233150	Dehipitiya	Dehipitiya	GND	615
LK-2233155	Purijjala	Purijjala	GND	266
LK-2233160	Udupihilla	Udupihilla	GND	335
LK-2233165	Halangoda	Halangoda	GND	265
LK-2233170	Nagahathenna	Nagahathenna	GND	460
LK-2233175	Warakamura	Warakamura	GND	360
LK-2233180	Meedeniya	Meedeniya	GND	670
LK-2233185	Nagolla	Nagolla	GND	575
LK-2233190	Thawalankoya	Thawalankoya	GND	468
LK-2233195	Dumbukola	Dumbukola	GND	372
LK-2233200	Ukuwela	Ukuwela	GND	719
LK-2233205	Udupitiya	Udupitiya	GND	285
LK-2233210	Kalalpitiya	Kalalpitiya	GND	327
LK-2233215	Balakaduwa	Balakaduwa	GND	169
LK-2233220	Bowatta	Bowatta	GND	242
LK-2233225	Manaboda	Manaboda	GND	558
LK-2233230	Paragahawela	Paragahawela	GND	528
LK-2233235	Udathenna	Udathenna	GND	217
LK-2233240	Hunuketawala	Hunuketawala	GND	219
LK-2233245	Leliambe	Leliambe	GND	165
LK-2233250	Elkaduwa Watta	Elkaduwa Watta	GND	359
LK-2233255	Elkaduwa	Elkaduwa	GND	264
LK-2233260	Udangamuwa	Udangamuwa	GND	130
LK-2233265	Kendagollamada	Kendagollamada	GND	108
LK-2233270	Wehigala	Wehigala	GND	186
LK-2233275	Rathwatta	Rathwatta	GND	157
LK-2233280	Weligala	Weligala	GND	118
LK-2233285	Kureewela	Kureewela	GND	538
LK-2233290	Maberiya	Maberiya	GND	277
LK-2233295	Marukona	Marukona	GND	610
LK-2233300	Gurulawela South	Gurulawela South	GND	179
LK-2233305	Guralawela North	Gurulawela North	GND	180
LK-2233310	Nugapitiya	Nugapitiya	GND	255
LK-2233315	Kandemada	Kandemada	GND	110
LK-2233320	Ulpathapitiya	Ulpathapitiya	GND	283
LK-2233325	Raithalawela	Raithalawela	GND	346
LK-2233330	Kaduwela	Kaduwela	GND	356
LK-2233335	Pujagoda	Pujagoda	GND	188
LK-2233340	Pahala Wehigala	Pahala Wehigala	GND	172
LK-2233345	Talingamada	Talingamada	GND	152
LK-2233350	Hunnasgiriyawatta	Hunnasgiriyawatta	GND	382
LK-2233355	Karagahahinna	Karagahahinna	GND	120
LK-2233360	Imbulpitiya	Imbulpitiya	GND	146
LK-2233365	Rangama	Rangama	GND	128
LK-23	Nuwara Eliya	Nuwara Eliya	DISTRICT	192915
LK-2302	Kothmale West	Kothmale West	DSD	11360
LK-2302005	Doruwadeniya	Doruwadeniya	GND	134
LK-2302010	Polwathura	Polwathura	GND	184
LK-2302015	Pahala Gorakaoya	Pahala Gorakaoya	GND	479
LK-2302020	Dambagalla	Dambagolla	GND	241
LK-2302025	Nayapana	Nayapana	GND	282
LK-2302030	Kadadora	Kadadora	GND	306
LK-2302035	Kotagepitiya North	Kotagepitiya North	GND	140
LK-2302115	Kotagepitiya South	Kotagepitiya South	GND	65
LK-2302120	Ranwanthalawa	Ranwanthalawa	GND	92
LK-2302125	Thispane Kanda	Thispane Kanda	GND	153
LK-2302130	Harangala	Harangala	GND	264
LK-2302135	Hapugasthalawa	Hapugasthalawa	GND	457
LK-2302140	Kaludemada	Kaludemada	GND	509
LK-2302145	Ihala Gorakaoya	Ihala Gorakaoya	GND	334
LK-2302150	Mallanda	Mallanda	GND	576
LK-2302155	Ruwanpura	Ruwanpura	GND	519
LK-2302160	Werella Pathana	Werella Pathana	GND	104
LK-2302165	Halgolla	Halgolla	GND	363
LK-2302170	Harangala South	Harangala South	GND	227
LK-2302175	Kirimetiyawa	Kirimetiyawa	GND	168
LK-2302180	Hunugaloya	Hunugaloya	GND	306
LK-2302185	Godamaditta	Godamaditta	GND	253
LK-2302190	Wataddara	Wataddara	GND	90
LK-2302200	Nawangama	Nawangama	GND	24
LK-2302210	Wethalawa	Wethalawa	GND	110
LK-2302260	Hedunuwewa	Hedunuwewa	GND	94
LK-2302265	Kalapitiya East	Kalapitiya East	GND	185
LK-2302270	Kottunugoda	Kottunugoda	GND	108
LK-2302275	Kalapitiya West	Kalapitiya West	GND	110
LK-2302280	Weerasekarapura	Weerasekarapura	GND	158
LK-2302285	Rojersangama South	Rojersangama South	GND	164
LK-2302290	Rojersangama North	Rojersangama North	GND	143
LK-2302295	Dombagasthalawa	Dombagasthalawa	GND	318
LK-2302300	Katugolla	Katugolla	GND	194
LK-2302305	Thelissagala	Thelissagala	GND	402
LK-2302310	Ketabulawa	Ketabulawa	GND	861
LK-2302315	Wijayabahu Kanda	Wijayabahu Kanda	GND	78
LK-2302320	Rawanagoda West	Rawanagoda West	GND	106
LK-2302325	Udagama	Udagama	GND	141
LK-2302330	Rawanagoda East	Rawanagoda East	GND	69
LK-2302335	Methagama	Methagama	GND	160
LK-2302340	Maldeniya	Maldeniya	GND	136
LK-2302345	Katarandana	Katarandana	GND	178
LK-2302445	Beramana	Beramana	GND	150
LK-2302450	Beramana North	Beramana North	GND	137
LK-2302455	Kolapathana	Kolapathana	GND	390
LK-2302460	Queensberry	Queensberry	GND	464
LK-2302465	Beramana South	Beramana South	GND	78
LK-2302470	Weerapura	Weerapura	GND	156
LK-2303	Kothmale East	Kothmale East	DSD	16612
LK-2303040	Nawa Morape	Nawa Morape	GND	300
LK-2303045	Nawa Kadadora	Nawa Kadadora	GND	382
LK-2303050	Deltagemunupura	Deltagemunupura	GND	441
LK-2303055	Hellboda	Hellboda	GND	835
LK-2303060	Karagasthalawa	Karagasthalawa	GND	400
LK-2303065	Frotoft	Frotoft	GND	712
LK-2303070	Ramboda	Ramboda	GND	533
LK-2303075	Sangilipalama	Sangilipalama	GND	461
LK-2303080	Panangammana	Panangammana	GND	275
LK-2303085	Katukithula	Katukithula	GND	256
LK-2303090	Helsirigama	Helsirigama	GND	248
LK-2303095	Kothmalgama	Kothmalgama	GND	307
LK-2303100	Rajaela	Raja Ela	GND	330
LK-2303105	Mawela East	Mawela East	GND	130
LK-2303110	Mawela West	Mawela West	GND	219
LK-2303195	Maswela	Maswela	GND	82
LK-2303205	Mawela Kanda	Mawela Kanda	GND	104
LK-2303215	Gomburuoya	Gomburuoya	GND	174
LK-2303220	Wewahinna	Wewahinna	GND	132
LK-2303225	Delunthalamada	Delunthalamada	GND	125
LK-2303230	Ambathalawa	Ambathalawa	GND	291
LK-2303235	Malhewa	Malhewa	GND	179
LK-2303240	Rambodagama	Rambodagama	GND	174
LK-2303245	Wedamulla	Wedamulla	GND	606
LK-2303250	Palagolla	Palagolla	GND	720
LK-2303255	Niyamgamdora	Niyamgamdora	GND	301
LK-2303350	Kirindiwela	Kirindiwela	GND	234
LK-2303355	Kumbaloluwa	Kumbaloluwa	GND	153
LK-2303360	Medakanda	Medakanda	GND	168
LK-2303365	Egodawela	Egodawela	GND	82
LK-2303370	Pundaluoya North	Pundaluoya North	GND	350
LK-2303375	Labukele	Labukele	GND	762
LK-2303380	Kudaoya	Kudaoya	GND	263
LK-2303385	Samaneliya	Samaneliya	GND	152
LK-2303390	Kikiliyamana	Kikiliyamana	GND	189
LK-2303395	Dunsinane	Dunsinane	GND	980
LK-2303400	Sheen	Sheen	GND	716
LK-2303405	Sheengama	Sheengama	GND	368
LK-2303410	Pundaluoya South	Pundaluoya South	GND	844
LK-2303415	Kadadorapitiya	Kadadorapitiya	GND	120
LK-2303420	Kosgaha Pathana	Kosgaha Pathana	GND	590
LK-2303425	Karagahayatathenna	Karagahayatathenna	GND	136
LK-2303430	Bogahawela	Bogahawela	GND	115
LK-2303435	Halpola	Halpola	GND	187
LK-2303440	Madakumbura	Madakumbura	GND	233
LK-2303475	Dunukedeniya	Dunukedeniya	GND	423
LK-2303480	Medakumbura North	Medakumbura North	GND	830
LK-2306	Hanguranketa	Hanguranketha	DSD	16557
LK-2306005	Hingurukaduwa	Hingurukaduwa	GND	134
LK-2306010	Ambewela	Ambewela	GND	199
LK-2306015	Welikada	Welikada	GND	275
LK-2306020	Idamalanda	Idamalanda	GND	309
LK-2306025	Adikarigama	Adikarigama	GND	434
LK-2306030	Karalliyadda	Karalliyadda	GND	207
LK-2306035	Bogahalanda	Bogahalanda	GND	215
LK-2306040	Hakuruthale	Hakuruthale	GND	57
LK-2306045	Maliyadda	Maliyadda	GND	98
LK-2306050	Mirahampe	Mirahampe	GND	48
LK-2306055	Pussalamankada	Pussalamankada	GND	236
LK-2306060	Yati Hanguranketha	Yati Hanguranketha	GND	249
LK-2306065	Delgahapitiya	Delgahapitiya	GND	193
LK-2306070	Sangaraja Gama	Sangaraja Gama	GND	310
LK-2306075	Mudunapita	Mudunapita	GND	111
LK-2306080	Ganga Udagama	Ganga Udagama	GND	173
LK-2306085	Malulla	Malulla	GND	149
LK-2306090	Udawatta East	Udawatta East	GND	198
LK-2306095	Hilpenkandura	Hilpenkandura	GND	115
LK-2306100	Galauda North	Galauda North	GND	221
LK-2306105	Endiribedda	Endiribedda	GND	114
LK-2306115	Galauda South	Galauda South	GND	142
LK-2306120	Udakanda	Udakanda	GND	164
LK-2306125	Udawatta West	Udawatta West	GND	179
LK-2306130	Udawatta Kumbura	Udawatta Kumbura	GND	275
LK-2306135	Pallemaluwa	Pallemaluwa	GND	125
LK-2306140	Hanguranketha	Hanguranketha	GND	227
LK-2306145	Damunumeya North	Damunumeya North	GND	166
LK-2306150	Arattana	Arattana	GND	217
LK-2306155	Ambaliyadda	Ambaliyadda	GND	214
LK-2306160	Dampola	Dampola	GND	220
LK-2306165	Rekitipe	Rekitipe	GND	297
LK-2306170	Hapuwala	Hapuwala	GND	250
LK-2306175	Dolugala	Dolugala	GND	209
LK-2306180	Deliwala	Deliwala	GND	179
LK-2306185	Madanwala	Madanwala	GND	165
LK-2306190	Damunumeya	Damunumeya	GND	150
LK-2306195	Kottala	Kottala	GND	231
LK-2306200	Diya - Udagama	Diya - Udagama	GND	259
LK-2306205	Uda Galauda	Uda Galauda	GND	220
LK-2306225	Dodamkumbura	Dodamkumbura	GND	476
LK-2306230	Walalawela	Walalawela	GND	140
LK-2306235	Rathmetiya	Rathmetiya	GND	229
LK-2306240	Hapugasdeniya	Hapugasdeniya	GND	165
LK-2306245	Diggalpotta	Diggalpotta	GND	223
LK-2306250	Unanthenna	Unanthenna	GND	141
LK-2306255	Kosgaha Debala	kosgaha Debala	GND	202
LK-2306260	Warapitiya	Warapitiya	GND	79
LK-2306265	Medagama	Medagama	GND	160
LK-2306270	Bowala	Bowala	GND	176
LK-2306275	Kithulpe	Kithulpe	GND	175
LK-2306280	Makempe	Makempe	GND	100
LK-2306285	Puranagama	Puranagama	GND	68
LK-2306290	Ekiriya	Ekiriya	GND	136
LK-2306295	Poramadulla	Poramadulla	GND	660
LK-2306300	Labuhena	Labuhena	GND	285
LK-2306320	Rikillagaskada	Rikillagaskada	GND	568
LK-2306345	Dimbulkumbura	Dimbulkumbura	GND	201
LK-2306375	Bulugahapitiya	Bulugahapitiya	GND	119
LK-2306380	Wegama	Wegama	GND	101
LK-2306385	Agappala	Agappala	GND	143
LK-2306390	Bambaragama	Bambaragama	GND	89
LK-2306395	Bambaragama East	Bambaragama East	GND	130
LK-2306400	Bambaragama West	Bambaragama West	GND	143
LK-2306405	Malanwatta	Malanwatta	GND	110
LK-2306410	Gannewa Udagama	Gannewa Udagama	GND	119
LK-2306415	Gedereiyawa	Gedereiyawa	GND	50
LK-2306420	Daraoya	Daraoya	GND	137
LK-2306425	Kirimetiya	Kirimetiya	GND	143
LK-2306430	Hope	Hope	GND	835
LK-2306435	Wetesthenna	Wetesthenna	GND	99
LK-2306440	Handawalapitiya	Handawalapitiya	GND	187
LK-2306445	Karamidula	Karamidula	GND	129
LK-2306450	Madumana	Madumana	GND	226
LK-2306455	Rahathungoda	Rahathungoda	GND	302
LK-2306460	Enasal Arawa	Enasal Arawa	GND	185
LK-2306465	Kawatayamana	Kawatayamana	GND	138
LK-2306515	Rookwood Estate	Rookwood Estate	GND	451
LK-2306520	Muloya	Muloya	GND	603
LK-2307	Mathurata	Mathurata	DSD	9375
LK-2307110	Happawara	Happawara	GND	149
LK-2307210	Illagolla	Illagolla	GND	170
LK-2307215	Rammalakandura	Rammalakandura	GND	121
LK-2307220	Moragolla	Moragolla	GND	225
LK-2307305	Udawela Pathana	Udawela Pathana	GND	115
LK-2307310	Welampagoda	Welampagoda	GND	191
LK-2307315	Denike	Denike	GND	217
LK-2307325	Alawattegama	Alawattegama	GND	208
LK-2307330	Uda Makuruppa	Uda Makuruppa	GND	268
LK-2307335	Palle Makuruppa	Palle Makuruppa	GND	107
LK-2307340	Bogamuwa	Bogamuwa	GND	230
LK-2307350	Bodhiwela	Bodhiwela	GND	147
LK-2307355	Pallewela	Pallewela	GND	138
LK-2307360	Kaluattanagolla	Kaluattanagolla	GND	198
LK-2307365	Wadawala	Wadawala	GND	166
LK-2307370	Udalumada	Udalumada	GND	221
LK-2307470	Ehelamalpe	Ehelamalpe	GND	173
LK-2307475	Rathukurusa Janapadaya	Rathukurusa Janapadaya	GND	193
LK-2307480	Wilwala	Wilwala	GND	212
LK-2307485	Dehipe	Dehipe	GND	202
LK-2307490	Deniyagama	Deniyagama	GND	174
LK-2307495	Bodhimalkada	Bodhimalkada	GND	250
LK-2307500	Welapahala	Welapahala	GND	166
LK-2307505	Uda Padiyapelella	Uda Padiyapelella	GND	152
LK-2307510	Okandagala	Okandagala	GND	14
LK-2307525	Rathyaya	Rathyaya	GND	52
LK-2307530	Godigamuwa	Godigamuwa	GND	414
LK-2307535	Manakola	Manakola	GND	124
LK-2307540	Marthuwela	Marthuwela	GND	238
LK-2307545	Idampitiya	Idampitiya	GND	139
LK-2307550	Mathurata	Mathurata	GND	192
LK-2307555	Udagama	Udagama	GND	65
LK-2307560	Merrygoll	Merrygold	GND	96
LK-2307565	Ketayapathana	Ketayapathana	GND	51
LK-2307570	Gonakele	Gonakele	GND	160
LK-2307575	Gonapitiya	Gonapitiya	GND	754
LK-2307580	Bomellagoda	Bomellagoda	GND	61
LK-2307585	Dunukebedda	Dunukebedda	GND	106
LK-2307590	Wellagiriya	Wellagiriya	GND	123
LK-2307595	Ampitigoda	Ampitigoda	GND	162
LK-2307600	Wewathenna	Wewathenna	GND	79
LK-2307605	Metibembiya	Metibembiya	GND	132
LK-2307610	Goodwood	Goodwood	GND	167
LK-2307615	Hunukotuwa	Hunukotuwa	GND	194
LK-2307620	Medawela	Medawela	GND	144
LK-2307625	Labuhenwala	Labuhenwala	GND	119
LK-2307630	Ketahira	Ketahira	GND	139
LK-2307635	Deegalahinna	Deegalahinna	GND	365
LK-2307640	Elamulla	Elamulla	GND	277
LK-2307645	Udawela	Udawela	GND	248
LK-2307650	Mandaram Nuwara	Mandaram Nuwara	GND	161
LK-2307655	Malsara Nuwara	Malsara Nuwara	GND	206
LK-2309	Walapane	Walapane	DSD	17697
LK-2309005	Serasunthenna	Serasunthenna	GND	169
LK-2309065	Ketakandura	Ketakandura	GND	106
LK-2309070	Batagolla	Batagolla	GND	48
LK-2309075	Thennehenwala	Thennehenwala	GND	161
LK-2309080	Deliwela South	Deliwela South	GND	119
LK-2309085	Deliwala North	Deliwela North	GND	129
LK-2309090	Pannala	Pannala	GND	202
LK-2309095	Serupitiya	Serupitiya	GND	261
LK-2309100	Mailagasthenna	Mailagasthenna	GND	107
LK-2309105	Andawala	Andawala	GND	72
LK-2309110	Naranthalawa	Naranthalawa	GND	56
LK-2309115	Ihala Pannala	Ihala Pannala	GND	95
LK-2309120	Wewakele	Wewakele	GND	96
LK-2309125	Kumbalgamuwa	Kumbalgamuwa	GND	238
LK-2309130	Kumbalgamuwa East	Kumbalgamuwa East	GND	168
LK-2309135	Mulhalkele	Mulhalkele	GND	292
LK-2309140	Manelwala	Manelwala	GND	208
LK-2309145	Wathumulla	Wathumulla	GND	232
LK-2309150	Kendagolla	Kendagolla	GND	37
LK-2309255	Egodakanda	Egodakanda	GND	287
LK-2309260	Kandegama	Kandegama	GND	282
LK-2309265	Walapane	Walapane	GND	287
LK-2309270	Kurunduoya	Kurunduoya	GND	623
LK-2309275	Liyanwela Ihalagama	Liyanwela Ihalagama	GND	182
LK-2309280	Madumana	Madumana	GND	214
LK-2309285	Ilukpelessa	Ilukpelessa	GND	140
LK-2309290	Unagolla	Unagolla	GND	209
LK-2309295	Liyanwala Pahalagama	Liyanwela Pahalagama	GND	341
LK-2309300	Medakandura	Medakandura	GND	320
LK-2309305	Galabada	Galabada	GND	207
LK-2309310	Ambagaspitiya	Ambagaspitiya	GND	159
LK-2309315	Munwatta	Munwatta	GND	170
LK-2309320	Landupita	Landupita	GND	143
LK-2309325	Wetekegama	Wetekegama	GND	90
LK-2309330	Padiyapelella	Padiyapelella	GND	129
LK-2309335	Napatawela	Napatawela	GND	117
LK-2309340	Ukuthule	Ukuthule	GND	157
LK-2309345	Yatiwella	Yatiwella	GND	121
LK-2309350	Wetakepatha	Wetakepatha	GND	182
LK-2309355	Ukuthule East	Ukuthule East	GND	227
LK-2309360	Alakolawewa	Alakolawewa	GND	171
LK-2309365	High Forest	High Forest Estate	GND	633
LK-2309370	Mahakudugala	Mahakudugala	GND	310
LK-2309375	Brookside	Brookside	GND	1304
LK-2309380	High Forest	High Forest	GND	393
LK-2309385	Binganthalawa	Binganthalawa	GND	680
LK-2309390	Maha Uva	Maha Uva	GND	722
LK-2309395	Werellapathana	Werellapathana	GND	285
LK-2309485	Morabedda	Morabedda	GND	135
LK-2309490	Harasbedda North	Harasbedda North	GND	318
LK-2309495	Mahapathana	Mahapathana	GND	127
LK-2309500	Harasbedda South	Harasbedda South	GND	119
LK-2309505	Palalpathana	Palalpathana	GND	214
LK-2309510	Rathnayakapura	Rathnayakapura	GND	888
LK-2309515	Ragala Watta	Ragala Watta	GND	924
LK-2309520	Manthreethenna	Manthreethenna	GND	424
LK-2309525	Pandithaya Kumbura	Pandithaya Kumbura	GND	224
LK-2309575	Senarathpura	Senarathpura	GND	733
LK-2309580	St. Leonard	St. Leonard	GND	674
LK-2309585	Ragala	Ragala	GND	532
LK-2309590	Ekangapura	Ekangapura	GND	260
LK-2309595	Samagipura	Samagipura	GND	244
LK-2310	Nildandahinna	Nildandahinna	DSD	12232
LK-2310010	Morangathenna	Morangathenna	GND	79
LK-2310015	Hegasulla	Hegasulla	GND	125
LK-2310020	Bolagandawela	Bolagandawela	GND	79
LK-2310025	Ambagahathenna	Ambagahathenna	GND	212
LK-2310030	Helagama	Helagama	GND	155
LK-2310035	Mallagama	Mallagama	GND	160
LK-2310040	Dulana	Dulana	GND	99
LK-2310045	Galketiwela	Galketiwela	GND	132
LK-2310050	Ellakumbura	Ellakumbura	GND	218
LK-2310055	Muganagahapitiya	Muganagahapitiya	GND	120
LK-2310060	Hapugahapitiya	Hapugahapitiya	GND	71
LK-2310155	Arampitiya	Arampitiya	GND	196
LK-2310160	Yombuwelthenna	Yombuwelthenna	GND	117
LK-2310165	Udawela	Udawela	GND	172
LK-2310170	Kalaganwatta	Kalaganwatta	GND	201
LK-2310175	Theripehe	Theripehe	GND	111
LK-2310180	Udamadura North	Udamadura North	GND	152
LK-2310185	Galkadawela	Galkadawela	GND	117
LK-2310190	Yatimadura	Yatimadura	GND	205
LK-2310195	Kandeyaya	Kandeyaya	GND	322
LK-2310200	Madulla North	Madulla North	GND	248
LK-2310205	Thunhitiyawa	Thunhitiyawa	GND	169
LK-2310210	Wewathenna	Wewathenna	GND	161
LK-2310215	Kosgolla	Kosgolla	GND	187
LK-2310220	Udamadura	Udamadura	GND	146
LK-2310225	Ambanella	Ambanella	GND	151
LK-2310230	Dabbare	Dabbare	GND	166
LK-2310235	Nildandaheenna	Nildandaheenna	GND	534
LK-2310240	Rambuke	Rambuke	GND	91
LK-2310245	Watambe	Watambe	GND	113
LK-2310250	Thibbatugoda	Thibbatugoda	GND	87
LK-2310400	Thibbatugoda South	Thibbatugoda South	GND	125
LK-2310405	Goradiyagolla	Goradiyagolla	GND	164
LK-2310410	Denambure	Denambure	GND	99
LK-2310415	Purankumbura	Purankumbura	GND	121
LK-2310420	Hegama	Hegama	GND	93
LK-2310425	Dambagolla	Dambagolla	GND	118
LK-2310430	Demataarawa	Demataarawa	GND	128
LK-2310435	Madulla South	Madulla South	GND	236
LK-2310440	Morahela	Morahela	GND	300
LK-2310445	Meepanawa	Meepanawa	GND	140
LK-2310450	Roopaha East	Roopaha East	GND	50
LK-2310455	Pallewela	Pallewela	GND	131
LK-2310460	Palugama	Palugama	GND	183
LK-2310465	Kotambe	Kotambe	GND	169
LK-2310470	Karandagolla	Karandagolla	GND	185
LK-2310475	Udagama	Udagama	GND	118
LK-2310480	Kumbukwela	Kumbukwela	GND	78
LK-2310530	Roopaha	Roopaha	GND	114
LK-2310535	Mathetilla	Mathetilla	GND	175
LK-2310540	Embulampaha	Embulampaha	GND	105
LK-2310545	Maliyadda	Maliyadda	GND	183
LK-2310550	Kurupanawela	Kurupanawela	GND	209
LK-2310555	Wathulanda East	Wathulanda East	GND	96
LK-2310560	Wathulanda West	Wathulanda West	GND	117
LK-2310565	Ambaliyadda	Ambaliyadda	GND	137
LK-2310570	Galkadapathana	Galkadapathana	GND	332
LK-2310600	Delmar	Delmar	GND	909
LK-2310605	Sooriyagahapathana Ihala	Sooriyagahapathana Ihala	GND	134
LK-2310610	Sooriyagahapathana Pahala	Sooriyagahapathana Pahala	GND	301
LK-2310615	Udapussellawa South	Udapussellawa South	GND	615
LK-2310620	St. Magret	St. Magret	GND	886
LK-2310625	Udapussellawa North	Udapussellawa North	GND	385
LK-2312	Nuwara Eliya	Nuwara Eliya	DSD	22302
LK-2312030	Bangalahatha	Bangalahatha	GND	840
LK-2312035	Toppass	Toppass	GND	609
LK-2312040	Park	Park	GND	1064
LK-2312045	Concordia	Concordia	GND	928
LK-2312050	Kandapola	Kandapola	GND	332
LK-2312055	Kandapola Central	Kandapola Central	GND	696
LK-2312060	Hawaeliya East	Hawaeliya East	GND	613
LK-2312065	Bambarakele	Bambarakele	GND	720
LK-2312070	Nuwaraeliya West	Nuwara Eliya West	GND	366
LK-2312075	Shanthipura	Shanthipura	GND	384
LK-2312080	Kalapura	Kalapura	GND	902
LK-2312140	Rathnagiriya	Rathnagiriya	GND	685
LK-2312150	Summerset	Summerset	GND	880
LK-2312155	Nanuoya	Nanuoya	GND	913
LK-2312160	Windicorner	Windicorner	GND	501
LK-2312165	Nuwaraeliya	Nuwara Eliya	GND	203
LK-2312170	Nuwara Eliya Central	Nuwara Eliya Central	GND	952
LK-2312175	Hawaeliya North	Hawaeliya North	GND	547
LK-2312180	Hawaeliya West	Hawaeliya West	GND	502
LK-2312185	Bulu Ela	Bulu Ela	GND	442
LK-2312190	Galpalama	Galpalama	GND	291
LK-2312195	Jayalanka	Jayalanka	GND	383
LK-2312200	Kandapola East	Kandapola East	GND	232
LK-2312205	Pedro	Pedro	GND	1019
LK-2312210	Goredihela	Goredihela	GND	356
LK-2312215	Seethaeliya	Seethaeliya	GND	481
LK-2312220	Sandathenna	Sandathenna	GND	756
LK-2312225	Kelegala	Kelegala	GND	413
LK-2312230	Kalukele	Kalukele	GND	322
LK-2312235	Magasthota	Magasthota	GND	254
LK-2312240	Ruwaneliya	Ruwaneliya	GND	718
LK-2312245	Perakumpura	Perakumpura	GND	980
LK-2312250	Kirimetiya	Kirimetiya	GND	1011
LK-2312290	Magoda	Magoda	GND	370
LK-2312295	Mihindupura	Mihindupura	GND	365
LK-2312300	Meepilimana	Meepilimana	GND	563
LK-2312305	Ambewela	Ambewela	GND	161
LK-2312310	Pattipola	Pattipola	GND	548
LK-2313	Thalawakele	Thalawakelle	DSD	32304
LK-2313005	Bogahawatta	Bogahawatta	GND	1106
LK-2313010	Mount Vernon	Mount Vernon	GND	603
LK-2313015	Watagoda	Watagoda	GND	1174
LK-2313020	Hollyrood	Hollyrood	GND	953
LK-2313025	Great Western	Great Western	GND	754
LK-2313085	Bearwell	Barewell	GND	877
LK-2313090	Thalawakele	Thalawakele	GND	1075
LK-2313095	Devon	Devon	GND	793
LK-2313100	Dimbula	Dimbula	GND	1098
LK-2313105	Stonycliff	Stonycliff	GND	815
LK-2313110	Kuduoya	Kuduoya	GND	1381
LK-2313115	Kotagala	Kotagala	GND	1804
LK-2313120	Drayton	Drayton	GND	967
LK-2313125	Yulefield	Yulefield	GND	983
LK-2313130	Coombewood	Coombewood	GND	978
LK-2313135	Lindula	Lindula	GND	873
LK-2313145	Waltrim	Waltrim	GND	1956
LK-2313255	Nagasena	Nagasena	GND	1279
LK-2313260	Eildonhall	Eildonhall	GND	868
LK-2313265	Rahanwatta	Rahanwatta	GND	731
LK-2313270	Balmoral	Balmoral	GND	715
LK-2313275	Hallbrook	Hallbrook	GND	879
LK-2313280	Henfold	Henfold	GND	1063
LK-2313285	Thangakele	Thangakele	GND	572
LK-2313315	Lippakelle	Lippakelle	GND	731
LK-2313320	Dayagama West	Dayagama West	GND	747
LK-2313325	Sandrinham	Sandrinham	GND	809
LK-2313330	Glasgow	Glasgow	GND	989
LK-2313335	Braemore	Braemore	GND	567
LK-2313340	Albion	Albian	GND	946
LK-2313345	Elbedda	Elbedda	GND	1035
LK-2313350	Agarapathana	Agarapathana	GND	524
LK-2313355	Weverly	Weverly	GND	740
LK-2313360	Dayagama East	Dayagama East	GND	919
LK-2314	Norwood	Norwood	DSD	41961
LK-2314165	Rosella	Rosella	GND	1005
LK-2314170	Welioya	Welioya	GND	1281
LK-2314175	Maussakele	Maussakele	GND	1281
LK-2314180	Lethant	Lethant	GND	1525
LK-2314185	Shanon	Shanon	GND	743
LK-2314190	Hatton East	Hatton East	GND	1282
LK-2314195	Hatton South	Hatton South	GND	915
LK-2314200	Panmur	Panmur	GND	456
LK-2314205	Ruwanpura	Ruwanpura	GND	675
LK-2314210	Hatton West	Hatton West	GND	557
LK-2314215	Hatton North	Hatton North	GND	2032
LK-2314220	Dickoya	Dickoya	GND	878
LK-2314225	Annfield	Annfield	GND	1786
LK-2314230	Dickoya South	Dickoya South	GND	1076
LK-2314235	Injuster	Injustry	GND	1302
LK-2314240	Wanarajah	Wanarajah	GND	1162
LK-2314245	Newvalleygama	New Weligama	GND	995
LK-2314250	Norwood	Norwood	GND	1697
LK-2314255	Maskeliya	Maskeliya	GND	1129
LK-2314260	Brownlow	Brownlow	GND	1297
LK-2314265	Seethagangula	Seethagangula	GND	1162
LK-2314270	Moray	Moray	GND	952
LK-2314275	Mocha	Moca	GND	1045
LK-2314280	Brownswick	Brownswick	GND	1406
LK-2314285	Gawarawila	Gawarawila	GND	1338
LK-2314290	Mahanelu	Mahanelu	GND	618
LK-2314295	Venture	Venture	GND	1368
LK-2314300	Tillary	Tillary	GND	603
LK-2314305	Kirkoswald	Kirkoswald	GND	2383
LK-2314310	Bogawana	Bogawana	GND	1247
LK-2314315	Loinon	Loinon	GND	1686
LK-2314320	Kotiyagala	Kotiyagala	GND	799
LK-2314325	Bagawanthalawa South	Bagawanthalawa South	GND	1669
LK-2314330	Aulton Watta	Aulton Watta	GND	1330
LK-2314335	Strathspey	Strathspey	GND	1281
LK-2315	Ambagamuwa Korale	Ambagamuwa Koralaya	DSD	12515
LK-2315005	Kalugala	Kalugala	GND	264
LK-2315010	Pitawala	Pitawala	GND	333
LK-2315015	Bulathgama	Bulathgama	GND	531
LK-2315020	Gonawala	Gonawala	GND	332
LK-2315025	Ambagamuwa North	Ambagamuwa North	GND	366
LK-2315030	Sellipigama	Sellipigama	GND	730
LK-2315035	Ambagamuwa East	Ambagamuwa East	GND	435
LK-2315040	Ambagamuwa South	Ambagamuwa South	GND	479
LK-2315045	Rampadeniya	Rampadeniya	GND	412
LK-2315050	Millagahamula	Millagahamula	GND	261
LK-2315055	Dagampitiya	Dagampitiya	GND	360
LK-2315060	Polpitiya	Polpitiya	GND	341
LK-2315065	Minuwandeniya	Minuwandeniya	GND	263
LK-2315070	Hitigama	Hitigegama	GND	242
LK-2315075	Kehelwarawa	Kehelwarawa	GND	298
LK-2315080	Homagama	Homagama	GND	328
LK-2315085	Hambakanda	Hebbekanda	GND	291
LK-2315090	Samansirigama	Samansirigama	GND	232
LK-2315095	Theeniyagala	Theeniyagala	GND	206
LK-2315100	Ginigathhena	Ginigathhena	GND	740
LK-2315105	Dehigasthenna	Dehigasthenna	GND	465
LK-2315110	Keleweldeniya	Kalaweldeniya	GND	288
LK-2315115	Morahenagama	Morahenagama	GND	408
LK-2315120	Hangarapitiya	Hangarapitiya	GND	154
LK-2315125	Jambuthenna	Jambuthenna	GND	375
LK-2315130	Kottellena	Kottellena	GND	475
LK-2315135	Waggama	Waggama	GND	278
LK-2315140	Lakshapana	Lakshapana	GND	382
LK-2315145	Kiriwaneliya	Kiriwaneliya	GND	274
LK-2315150	Vidulipura South	Vidulipura South	GND	293
LK-2315155	Vidulipura North	Vidulipura North	GND	175
LK-2315160	Watawala	Watawala	GND	1504
LK-3	Southern	Southern	PROVINCE	722971
LK-31	Galle	Galle	DISTRICT	305379
LK-3103	Bentota	Bentota	DSD	13661
LK-3103005	Pahurumulla	Pahurumulla	GND	89
LK-3103010	Sinharoopagama	Sinharoopagama	GND	245
LK-3103015	Yathramulla	Yathramulla	GND	211
LK-3103020	Kommala	Kommala	GND	407
LK-3103025	Bodhimaluwa	Bodhimaluwa	GND	298
LK-3103030	Dope	Dope	GND	695
LK-3103035	Angagoda	Angagoda	GND	271
LK-3103040	Warahena	Warahena	GND	197
LK-3103045	Kahagalla	Kahagalla	GND	182
LK-3103050	Hunganthota Wadumulla	Hunganthota Wadumulla	GND	243
LK-3103055	Dedduwa	Dedduwa	GND	485
LK-3103060	Athuruwella	Athuruwella	GND	223
LK-3103065	Galbada	Galbada	GND	250
LK-3103070	Galagama	Galagama	GND	188
LK-3103075	Mullegoda	Mullegoda	GND	182
LK-3103080	Sooriyagama	Sooriyagama	GND	283
LK-3103085	Haburugala	Haburugala	GND	314
LK-3103090	Thunduwa West	Thunduwa West	GND	251
LK-3103095	Thunduwa East	Thunduwa East	GND	182
LK-3103100	Thotakanatta	Thotakanatta	GND	232
LK-3103105	Elakaka	Elakaka	GND	210
LK-3103110	Ethungagoda	Ethungagoda	GND	469
LK-3103115	Gonagalapura	Gonagalapura	GND	394
LK-3103120	Olaganduwa	Olaganduwa	GND	277
LK-3103125	Yalegama	Yalegama	GND	252
LK-3103130	Kaikawala	Kaikawala	GND	321
LK-3103135	Habakkala	Habakkala	GND	254
LK-3103140	Etawalawatta West	Etawalawatta West	GND	170
LK-3103145	Etawalawatta East	Etawalawatta East	GND	222
LK-3103150	Dombagahawatta	DombagahaWatta	GND	169
LK-3103155	Akadegoda	Akadegoda	GND	289
LK-3103160	Kahawegammedda	Kahawegammedda	GND	438
LK-3103165	Warakamulla	Warakamulla	GND	252
LK-3103170	Kandemulla	Kandemulla	GND	268
LK-3103175	Galthuduwa	Galthuduwa	GND	138
LK-3103180	Kolaniya	Kolaniya	GND	351
LK-3103185	Miriswatta	Miriswatta	GND	548
LK-3103190	Viyandoowa	Viyandoowa	GND	205
LK-3103195	Mahagoda	Mahagoda	GND	481
LK-3103200	Pilekumbura	Pilekumbura	GND	196
LK-3103205	Mahavila West	Mahavila West	GND	210
LK-3103210	Mahavila East	Mahavila East	GND	179
LK-3103215	Moragoda	Moragoda	GND	166
LK-3103220	Ranthotuvila	Ranthotuvila	GND	155
LK-3103225	Malawala	Malawala	GND	143
LK-3103230	Ihala Malawala	Ihala Malawala	GND	285
LK-3103235	Kotuwabendahena	Kotuwabendahena	GND	128
LK-3103240	Kuda Uragaha	Kuda Uragaha	GND	193
LK-3103245	Maha Uragaha	Maha Uragaha	GND	337
LK-3103250	Delkabalagoda	Delkabalagoda	GND	344
LK-3103255	Hipanwatta	Hipanwatta	GND	189
LK-3106	Balapitiya	Balapitiya	DSD	18692
LK-3106005	Doowemodara	Doowemodara	GND	428
LK-3106010	Nanathota Palatha	Nanathota Palatha	GND	799
LK-3106015	Pelegas Palatha	Pelegas Palatha	GND	439
LK-3106020	Wathurawela	Wathurawela	GND	403
LK-3106025	Boraluketiya	Boraluketiya	GND	531
LK-3106030	Pathiraja Pedesa	Pathiraja Pedesa	GND	345
LK-3106035	Polathu Palatha	Polathu Palatha	GND	289
LK-3106040	Katuvila	Katuvila	GND	245
LK-3106045	Mahapitiya	Mahapitiya	GND	263
LK-3106050	Nape	Nape	GND	343
LK-3106055	Kudagodagama	Kudagodagama	GND	172
LK-3106060	Hegalla-Piyagama	Hegalla-Piyagama	GND	298
LK-3106065	Godapitiya	Godapitiya	GND	91
LK-3106070	Kosgoda	Kosgoda	GND	310
LK-3106075	Ahungalla	Ahungalla	GND	344
LK-3106080	Middaramulla	Middaramulla	GND	407
LK-3106085	Bogahapitiya	Bogahapitiya	GND	369
LK-3106090	Galvehera	Galvehera	GND	356
LK-3106095	Pathirajagama	Pathirajagama	GND	443
LK-3106100	Madoowa	Madoowa	GND	146
LK-3106105	Kadiragonna	Kadiragonna	GND	247
LK-3106110	Makumbura	Makumbura	GND	321
LK-3106115	Wathuregama	Wathuregama	GND	271
LK-3106120	Wellabada	Wellabada	GND	174
LK-3106125	Pathegangoda	Pathegamgoda	GND	677
LK-3106130	Weliwathugoda	Weliwathugoda	GND	403
LK-3106135	Brahmanawatta North	Brahmanawatta North	GND	538
LK-3106140	Brahmanawatta South	Brahmanawatta South	GND	403
LK-3106145	Galmangoda	Galmangoda	GND	544
LK-3106150	Wandadoowa	Wandadoowa	GND	239
LK-3106155	Heenatiya North	Heenatiya North	GND	231
LK-3106160	Mahaladoowa	Mahaladoowa	GND	181
LK-3106165	Seenigoda	Seenigoda	GND	732
LK-3106170	Heenatiya South	Heenatiya South	GND	226
LK-3106175	Mahakarawa	Mahakarawa	GND	218
LK-3106180	Elathota	Elathota	GND	278
LK-3106185	Balapitiya	Balapitiya	GND	440
LK-3106190	Berathuduwa	Berathuduwa	GND	304
LK-3106195	Andadola	Andadola	GND	746
LK-3106200	Petiwatta	Petiwatta	GND	447
LK-3106205	Wathugedara	Wathugedara	GND	655
LK-3106210	Paragahathota	Paragahathota	GND	442
LK-3106215	Wathugedara South	Wathugedara South	GND	209
LK-3106220	Kurunduwatta	Kurunduwatta	GND	353
LK-3106225	Walagedara	Walagedara	GND	449
LK-3106230	Randombe North	Randombe North	GND	350
LK-3106235	Wadumulla	Wadumulla	GND	422
LK-3106240	Viharagoda	Viharagoda	GND	299
LK-3106245	Kandegoda	Kandegoda	GND	295
LK-3106250	Bogahawatta	Bogahawatta	GND	268
LK-3106255	Randombe South	Randombe South	GND	309
LK-3109	Karandeniya	Karandeniya	DSD	19823
LK-3109005	Walinguruketiya	Walinguruketiya	GND	552
LK-3109010	Uragasmanhandiya North	Uragasmanhandiya North	GND	487
LK-3109015	Galpottawala	Galpottawala	GND	188
LK-3109020	Meegaspitiya	Meegaspitiya	GND	468
LK-3109025	Mendorawala	Mendorawala	GND	213
LK-3109030	Uragasmanhandiya South	Uragasmanhandiya South	GND	538
LK-3109035	Yatagala	Yatagala	GND	676
LK-3109040	Uragasmanhandiya East	Uragasmanhandiya East	GND	538
LK-3109045	Mabingoda	Mabingoda	GND	306
LK-3109050	Hipankanda	Hipankanda	GND	497
LK-3109055	Siripura	Siripura	GND	371
LK-3109060	Beligaswella	Beligaswella	GND	195
LK-3109065	Halgahawella	Halgahawella	GND	391
LK-3109070	Lenagal Palatha	Lenagal Palatha	GND	538
LK-3109075	Magala North	Magala North	GND	301
LK-3109080	Kaluwalagoda	Kaluwalagoda	GND	285
LK-3109085	Diyapitagallana	Diyapitagallana	GND	301
LK-3109090	Angulugalla	Angulugalla	GND	598
LK-3109095	Magala South	Magala South	GND	846
LK-3109100	Pehembiyakanda	Pehembiyakanda	GND	453
LK-3109105	Unagaswela	Unagaswela	GND	745
LK-3109110	Madakumbura	Madakumbura	GND	445
LK-3109115	Thalgahawatta	Thalgahawatta	GND	565
LK-3109120	Mandakanda	Mandakanda	GND	631
LK-3109125	Anganaketiya	Anganaketiya	GND	1208
LK-3109130	Borakanda	Borakanda	GND	587
LK-3109135	Mahaedanda	Mahaedanda	GND	324
LK-3109140	Karandeniya North	Karandeniya North	GND	627
LK-3109145	Randenigama	Randenigama	GND	506
LK-3109150	Mahagoda	Mahagoda	GND	315
LK-3109155	Karandeniya South	Karandeniya South	GND	287
LK-3109160	Dangahavila	Dangahavila	GND	325
LK-3109165	Egodawela	Egodawela	GND	726
LK-3109170	Diviyagahawela	Diviyagahawela	GND	811
LK-3109175	Kirinuge	Kirinuge	GND	313
LK-3109180	Kiripedda	Kiripedda	GND	276
LK-3109185	Galagoda Atta	Galagoda Atta	GND	502
LK-3109190	Ihala Kiripedda	Ihala Kiripedda	GND	416
LK-3109195	Kurundugaha Hethekma	Kurundugaha hethekma	GND	1008
LK-3109200	Jayabima	Jayabima	GND	464
LK-3112	Elpitiya	Elpitiya	DSD	19310
LK-3112005	Avittawa	Avittawa	GND	248
LK-3112010	Pahala Omatta	Pahala Omatta	GND	283
LK-3112015	Omatta	Omatta	GND	300
LK-3112020	Metiviliya	Metiviliya	GND	279
LK-3112025	Himbutugoda	Himbutugoda	GND	301
LK-3112030	Indipalegoda	Indipalegoda	GND	543
LK-3112035	Dikhena	Dikhena	GND	414
LK-3112040	Delpona	Delpona	GND	152
LK-3112045	Ihala Omatta	Ihala Omatta	GND	346
LK-3112050	Digala Nagahathenna	Digala Nagahathenna	GND	487
LK-3112055	Opatha	Opatha	GND	257
LK-3112060	Goluwamulla North	Goluwamulla North	GND	295
LK-3112065	Goluwamulla West	Goluwamulla West	GND	208
LK-3112070	Goluwamulla	Goluwamulla	GND	280
LK-3112075	Atakohota	Atakohota	GND	436
LK-3112080	Elpitiya North	Elpitiya North	GND	428
LK-3112085	Elpitiya East	Elpitiya East	GND	182
LK-3112090	Poojagallena	Poojagallena	GND	229
LK-3112095	Ketandola Udovita	Ketandola Udovita	GND	628
LK-3112100	Sittaragoda	Sittaragoda	GND	134
LK-3112105	Amugoda	Amugoda	GND	381
LK-3112110	Kellapatha	Kellapatha	GND	309
LK-3112115	Thalagaspe	Thalagaspe	GND	306
LK-3112120	Thalagaspe West	Thalagaspe West	GND	208
LK-3112125	Wallambagala North	Wallambagala North	GND	325
LK-3112130	Elpitiya South	Elpitiya South	GND	409
LK-3112135	Elpitiya Central	Elpitiya Central	GND	429
LK-3112140	Nawadagala	Nawadagala	GND	511
LK-3112145	Batuwanhena	Batuwanhena	GND	933
LK-3112150	Igala	Igala	GND	598
LK-3112155	Igala East	Igala East	GND	820
LK-3112160	Pelendagoda	Pelendagoda	GND	286
LK-3112165	Wallambagala	Wallambagala	GND	347
LK-3112170	Ambana	Ambana	GND	318
LK-3112175	Ambana North	Ambana North	GND	236
LK-3112180	Pituwala South	Pituwala South	GND	235
LK-3112185	Pituwala North	Pituwala North	GND	353
LK-3112190	Kudagala Kadirandola	Kudagala Kadirandola	GND	514
LK-3112195	Igala Thalawa East	Igala Thalawa East	GND	377
LK-3112200	Igala Thalawa	Igala Thalawa	GND	1014
LK-3112205	Ella	Ella	GND	800
LK-3112210	Ella Thanabaddegama	Ella Thanabaddegama	GND	406
LK-3112215	Mahawela Abhayapura	Mahawela Abhayapura	GND	181
LK-3112220	Pituwala West	Pituwala West	GND	175
LK-3112225	Eramulla	Eramulla	GND	541
LK-3112230	Pinikahana	Pinikahana	GND	502
LK-3112235	Kahadoowa	Kahadoowa	GND	257
LK-3112240	Thibbotuwawa	Thibbotuwawa	GND	229
LK-3112245	Wathuruvila	Wathuruvila	GND	396
LK-3112250	Rekadahena	Rekadahena	GND	207
LK-3112255	Kahadoowa South	Kahadoowa South	GND	277
LK-3115	Niyagama	Niyagama	DSD	10330
LK-3115005	Pitigala North	Pitigala North	GND	456
LK-3115010	Uhanovita	Uhanovita	GND	181
LK-3115015	Hattaka	Hattaka	GND	292
LK-3115020	Kaluarachchigoda	Kaluarachchigoda	GND	414
LK-3115025	Pitigala	Pitigala	GND	345
LK-3115030	Karawwa	Karawwa	GND	369
LK-3115035	Boraluwahena	Boraluhena	GND	349
LK-3115040	Bangamukanda	Bangamukanda	GND	167
LK-3115045	Godamuna North	Godamuna North	GND	261
LK-3115050	Marthupitiya	Marthupitiya	GND	324
LK-3115055	Godamuna South	Godamuna South	GND	296
LK-3115060	Liyanagamakanda	Liyanagamakanda	GND	179
LK-3115065	Usbim Colony	Usbim Colony	GND	208
LK-3115070	Bambarawana	Bambarawana	GND	251
LK-3115075	Mattaka	Mattaka	GND	248
LK-3115080	Weihena	Weihena	GND	390
LK-3115085	Amaragama	Amaragama	GND	542
LK-3115090	Naranovita	Naranovita	GND	365
LK-3115095	Porawagama	Porawagama	GND	348
LK-3115100	Kimbulawala	Kimbulawala	GND	243
LK-3115105	Poddiwala West	Poddiwala West	GND	307
LK-3115110	Poddiwala East	Poddiwala East	GND	274
LK-3115115	Maraggoda	Maraggoda	GND	413
LK-3115120	Duwegoda	Duwegoda	GND	377
LK-3115125	Porawagama South	Porawagama South	GND	427
LK-3115130	Wattahena	Wattehena	GND	322
LK-3115135	Manampita	Manampita	GND	289
LK-3115140	Niyagama	Niyagama	GND	447
LK-3115145	Niyagama West	Niyagama West	GND	158
LK-3115150	Polpelaketiya	Polpelaketiya	GND	328
LK-3115155	Horangalla West	Horangalla West	GND	100
LK-3115160	Horangalla Thalawa	Horangalla Thalawa	GND	276
LK-3115165	Horangalla (Akulavila)	Horanggalla (Akulavila)	GND	187
LK-3115170	Niyagama South	Niyagama South	GND	197
LK-3118	Thawalama	Thawalama	DSD	9468
LK-3118005	Ela Ihala	Ela Ihala	GND	525
LK-3118010	Ela Ihala North	Ela Ihala North	GND	223
LK-3118015	Kumburegoda	Kumburegoda	GND	360
LK-3118020	Habarakada East	Habarakada East	GND	319
LK-3118025	Habarakada West	Habarakada West	GND	304
LK-3118030	Kudugalpala	Kudugalpala	GND	375
LK-3118035	Batahena	Batahena	GND	101
LK-3118040	Thawalama North	Thawalama North	GND	396
LK-3118045	Thawalama Mookalana	Thawalama Mookalana	GND	272
LK-3118050	Thawalama South	Thawalama South	GND	323
LK-3118055	Hiniduma North	Hiniduma North	GND	648
LK-3118060	Hiniduma West	Hiniduma West	GND	187
LK-3118065	Hiniduma South	Hiniduma South	GND	273
LK-3118070	Malgalla	Malgalla	GND	436
LK-3118075	Halvitigala Colony 1	Halvitigala Colony Step 1	GND	146
LK-3118080	Halvitigala Colony 2	Halvitigala Colony Step 2	GND	181
LK-3118085	Dammala Colony	Dammala Colony	GND	184
LK-3118090	Thalangalla East	Thalangalla East	GND	420
LK-3118095	Thalangalla West	Thalangalla West	GND	122
LK-3118100	Malhathawa	Malhathawa	GND	224
LK-3118105	Panangala West	Panangala West	GND	172
LK-3118110	Panangala North	Panangala North	GND	138
LK-3118115	Panangala East	Panangala East	GND	176
LK-3118120	Thalangalla	Thalangalla	GND	108
LK-3118125	Dammala	Dammala	GND	186
LK-3118130	Opatha North	Opatha North	GND	214
LK-3118135	Opatha West	Opatha West	GND	256
LK-3118140	Koralegama	Koralegama	GND	234
LK-3118145	Eppala	Eppala	GND	219
LK-3118150	Gallandala	Gallandala	GND	158
LK-3118155	Opatha South	Opatha South	GND	336
LK-3118160	Opatha East	Opatha East	GND	156
LK-3118165	Weerapana North	Weerapana North	GND	281
LK-3118170	Weerapana West	Weerapana West	GND	270
LK-3118175	Weerapana South	Weerapana South	GND	373
LK-3118180	Weerapana East	Weerapana East	GND	172
LK-3121	Neluwa	Neluwa	DSD	8429
LK-3121005	Danawala	Danawala	GND	330
LK-3121010	Mavita West	Mavita West	GND	239
LK-3121015	Batuwangala West	Batuwangala West	GND	262
LK-3121020	Kosmulla	Kosmulla	GND	160
LK-3121025	Thambalagama	Thambalagama	GND	72
LK-3121030	Ehelapitiya	Ehelapitiya	GND	210
LK-3121035	Batuwangala	Batuwangala	GND	242
LK-3121040	Mavita East	Mavita East	GND	309
LK-3121045	Koswatta	Koswatta	GND	170
LK-3121050	Ebalagedara North	Embalegedara North	GND	298
LK-3121055	Embalegedara South	Embalegedara South	GND	167
LK-3121060	Mawanana	Mawanana	GND	346
LK-3121065	Neluwa	Neluwa	GND	352
LK-3121070	Pahala Maddegama	Pahala Maddegama	GND	190
LK-3121075	Maddegama East	Maddegama East	GND	195
LK-3121080	Happitiya	Happitiya	GND	359
LK-3121085	Madugeta	Madugeta	GND	87
LK-3121090	Warukandeniya	Warukandeniya	GND	192
LK-3121095	Lankagama	Lankagama	GND	178
LK-3121100	Dellawa	Dellawa	GND	172
LK-3121105	Miyanawathura	Miyanawathura	GND	185
LK-3121110	Pannimulla	Pannimulla	GND	265
LK-3121115	Ihala Maddegama	Ihala Maddegama	GND	200
LK-3121120	Medagama	Medagama	GND	442
LK-3121125	Pahala Gigummaduwa	Pahala Gigummaduwa	GND	290
LK-3121130	Ihala Gigummaduwa	Ihala Gigummaduwa	GND	493
LK-3121135	Lelwala	Lelwala	GND	189
LK-3121140	Ihala Lelwala	Ihala Lelwala	GND	294
LK-3121145	Panagoda	Panagoda	GND	292
LK-3121150	Dewalegama West	Dewalegama West	GND	162
LK-3121155	Dewalegama East	Dewalegama East	GND	373
LK-3121160	Millawa West	Millawa West	GND	156
LK-3121165	Ihala Millawa	Ihala Millawa	GND	200
LK-3121170	Pahala Millawa	Pahala Millawa	GND	358
LK-3124	Nagoda	Nagoda	DSD	15445
LK-3124005	Thalgaswala	Thalgaswala	GND	659
LK-3124010	Marakanda	Marakanda	GND	207
LK-3124015	Malamura	Malamura	GND	215
LK-3124020	Aluth Thanayamgoda Pahala West	Aluth Thanayamgoda Pahala West	GND	231
LK-3124025	Mapalagama	Mapalagama	GND	254
LK-3124030	Aluth Thanayamgoda Pahala	Aluth Thanayamgoda Pahala	GND	273
LK-3124035	Aluth Thanayamgoda Ihala South	Aluth Thanayamgoda Ihala South	GND	110
LK-3124040	Aluth Thanayamgoda Ihala	Aluth Thanayamgoda Ihala	GND	218
LK-3124045	Ketagoda South	Ketagoda South	GND	200
LK-3124050	Ketagoda North	Ketagoda North	GND	164
LK-3124055	Parana Thanayamgoda	Parana Thanayamgoda	GND	161
LK-3124060	Parana Thanayamgoda Central	Parana Thanayamgoda Central	GND	319
LK-3124065	Parana Thanayamgoda Pahala	Parana Thanayamgoda Pahala	GND	286
LK-3124070	Gonalagoda East	Gonalagoda East	GND	160
LK-3124075	Gonalagoda	Gonalagoda	GND	140
LK-3124080	Gammeddegoda	Gammeddegoda	GND	256
LK-3124085	Gammeddegoda South	Gammeddegoda South	GND	265
LK-3124090	Nagoda Ihala	Nagoda Ihala	GND	209
LK-3124095	Nagoda	Nagoda	GND	313
LK-3124100	Kurupanawa	Kurupanawa	GND	220
LK-3124105	Gonadeniya	Gonadeniya	GND	268
LK-3124110	Ukovita North	Ukovita North	GND	283
LK-3124115	Udugama West	Udugama West	GND	244
LK-3124120	Udugama North	Udugama North	GND	321
LK-3124125	Homadola	Homadola	GND	633
LK-3124130	Udugama East	Udugama East	GND	264
LK-3124135	Udugama	Udugama	GND	306
LK-3124140	Ukovita	Ukovita	GND	380
LK-3124145	Gonadeniya South	Gonadeniya South	GND	295
LK-3124150	Udalamatta East	Udalamatta East	GND	229
LK-3124155	Udalamatta North	Udalamatta North	GND	370
LK-3124160	Keppitiyagoda	Keppitiyagoda South	GND	490
LK-3124165	Udawelivitiya	Udawelivitiya	GND	89
LK-3124170	Udawelivitithalawa East	Udawelivitithalawa East	GND	254
LK-3124175	Udawelivitithalawa	Udawelivitithalawa	GND	255
LK-3124180	Udawelivitiya West	Udawelivitiya West	GND	172
LK-3124185	Keppitiyagoda North	Keppitiyagoda North	GND	306
LK-3124190	Budapanagama	Budapanagama	GND	237
LK-3124195	Unanvitiya	Unanvitiya	GND	167
LK-3124200	Unanvitiya East	Unanvitiya East	GND	212
LK-3124205	Urala North	Urala North	GND	284
LK-3124210	Urala Pahala	Urala Pahala	GND	274
LK-3124215	Yatalamatta	Yatalamatta	GND	489
LK-3124220	Yatalamatta East	Yatalamatta East	GND	392
LK-3124225	Udalamatta South	Udalamatta South	GND	333
LK-3124230	Udugama South	Udugama South	GND	288
LK-3124235	Udugama Central	Udugama Central	GND	414
LK-3124240	Aluthwatta	Aluthwatta	GND	738
LK-3124245	Hangaranwala	Hangaranwala	GND	385
LK-3124250	Yatalamatta West	Yatalamatta West	GND	431
LK-3124255	Urala Central	Urala Central	GND	264
LK-3124260	Urala South	Urala South	GND	322
LK-3124265	Urala East	Urala East	GND	196
LK-3127	Baddegama	Baddegama	DSD	14223
LK-3127005	Wavulagala	Wavulagala	GND	264
LK-3127010	Halpathota Central	Halpathota Central	GND	926
LK-3127015	Halpathota	Halpathota	GND	205
LK-3127020	Baddegama Town	Baddegama Town	GND	278
LK-3127025	Baddegama North	Baddegama North	GND	287
LK-3127030	Nayapamula	Nayapamula	GND	216
LK-3127035	Kotagoda	Kotagoda	GND	205
LK-3127040	Hemmeliya	Hemmeliya	GND	314
LK-3127045	Ellakanda Wathurawa	Ellakanda Wathurawa	GND	299
LK-3127050	Baddegama East	Baddegama East	GND	283
LK-3127055	Yahaladoowa	Yahaladoowa	GND	184
LK-3127060	Baddegama South	Baddegama South	GND	748
LK-3127065	Gothatuwa	Gothatuwa	GND	289
LK-3127070	Majuwana	Majuwana	GND	174
LK-3127075	Weweldeniya	Weweldeniya	GND	145
LK-3127080	Keradewala	Keradewala	GND	189
LK-3127085	Madoldoowa	Madoldoowa	GND	166
LK-3127090	Bataketiya	Bataketiya	GND	154
LK-3127095	Ganegama North	Ganegama North	GND	297
LK-3127100	Sandarawala	Sandarawala	GND	214
LK-3127105	Boralukada	Boralukada	GND	221
LK-3127110	Mahahengoda	Mahahengoda	GND	337
LK-3127115	Pahala Keembiya	Mahalapitiya	GND	319
LK-3127120	Mahalapitiya	Pilagoda	GND	140
LK-3127125	Warakapitikanda	Thilaka Udagama	GND	131
LK-3127130	Ginimellagaha South	Ganegama East	GND	525
LK-3127135	Thilaka Udagama	Ganegama South	GND	326
LK-3127140	Pilagoda	Ganegama West	GND	237
LK-3127145	Ganegama East	Lelkada	GND	236
LK-3127150	Ganegama South	Ginimellagaha West	GND	459
LK-3127155	Ganegama West	Ginimellagaha East	GND	326
LK-3127160	Lelkada	Dodangoda	GND	111
LK-3127165	Ginimellagaha West	Keembiela	GND	446
LK-3127170	Ginimellagaha East	Kasideniya	GND	336
LK-3127175	Dodangoda	Warakapitikanda	GND	138
LK-3127180	Thelikada	Pahala Keembiya	GND	160
LK-3127185	Walpita North	Walpita North	GND	434
LK-3127190	Keembiela	Thelikada	GND	330
LK-3127195	Kohombanadeniya	Ginimellagaha South	GND	275
LK-3127200	Kasideniya	Pituwalgoda	GND	153
LK-3127205	Thelikada Nagaraya	Thelikada Nagaraya	GND	141
LK-3127210	Balagoda	Balagoda	GND	287
LK-3127215	Adurathvila	Adurathvila	GND	646
LK-3127220	Pituwalgoda	Kohombanadeniya	GND	506
LK-3127225	Walpita South	Walpita South	GND	346
LK-3127230	Gonapura	Gonapura	GND	341
LK-3127235	Horagampita Central	Horagampita Central	GND	272
LK-3127240	Horagampita	Horagampita	GND	207
LK-3128	Wanduramba	Wanduramba	DSD	7908
LK-3128005	Weihena	Weihena	GND	451
LK-3128010	Indurupathvila	Indurupathvila	GND	296
LK-3128015	Polgahavila	Polgahavila	GND	220
LK-3128020	Kumbalamalahena	Kumbalamalahena	GND	196
LK-3128025	Ihala Lelwala	Ihala Lelwala	GND	355
LK-3128030	Pahala Lelwala	Pahala Lelwala	GND	382
LK-3128035	Kirindalahena	Kirindalahena	GND	176
LK-3128040	Kokawala	Kokawala	GND	378
LK-3128045	Panvila	Panvila	GND	261
LK-3128050	Wanduramba	Wanduramba	GND	362
LK-3128055	Gulugahakanda	Gulugahakanda	GND	333
LK-3128060	Thalawa	Thalawa	GND	208
LK-3128065	Mabotuwana	Mabotuwana	GND	579
LK-3128070	Wanduramba South	Wanduramba South	GND	357
LK-3128075	Deiyandara	Deiyandara	GND	376
LK-3128080	Meda Keembiya	Meda Keembiya	GND	474
LK-3128085	Pitiharawa	Pitiharawa	GND	372
LK-3128090	Thiruwanaketiya	Thiruwanaketiya	GND	262
LK-3128095	Nattewela	Nattewela	GND	421
LK-3128100	Meda Keembiya East	Meda Keembiya East	GND	435
LK-3128105	Ihala Keembiya South	Ihala Keembiya South	GND	515
LK-3128110	Ihala Keembiya	Ihala Keembiya	GND	499
LK-3130	Welivitiya-Divitura	Welivitiya-Divithura	DSD	8597
LK-3130005	Ethkandura	Ethkandura	GND	617
LK-3130010	Old Colony	Old Colony	GND	460
LK-3130015	Thanabaddegama	Thanabaddegama	GND	341
LK-3130020	Maddevila	Maddevila	GND	390
LK-3130025	Miriswatta	Miriswaththa	GND	215
LK-3130030	Nambara Atta	Nambara Atta	GND	311
LK-3130035	Divithura East	Divithura East	GND	516
LK-3130040	Polgahavila	Polgahavila	GND	423
LK-3130045	Divithura	Divithura	GND	460
LK-3130050	Ampegama	Ampegama	GND	1138
LK-3130055	Hamingala	Hamingala	GND	367
LK-3130060	Nugethota	Nugethota	GND	427
LK-3130065	Agaliya	Agaliya	GND	407
LK-3130070	Divithura South	Divithura South	GND	561
LK-3130075	Galahenkanda	Galahenkanda	GND	605
LK-3130080	Kuttiyawatta	Kuttiyawaththa	GND	152
LK-3130085	Pathawelivitiya North	Pathaweliwitiya North	GND	321
LK-3130090	Waduwelivitiya North	Waduwelivitiya North	GND	366
LK-3130095	Pathawelivitiya	Pathaweliwitiya	GND	228
LK-3130100	Waduwelivitiya	Waduwelivitiya South	GND	292
LK-3133	Ambalangoda	Ambalangoda	DSD	16798
LK-3133005	Heppumulla	Heppumulla	GND	267
LK-3133010	Patabendimulla	Patabedimulla	GND	467
LK-3133015	Karittakanda	Karittakanda	GND	344
LK-3133020	Kaluwadumulla	Kaluwadumulla	GND	370
LK-3133025	Okanda	Okanda	GND	164
LK-3133030	Keraminiya	Keraminiya	GND	488
LK-3133035	Polwatta	Polwatta	GND	430
LK-3133040	Thalgasgoda	Thalgasgoda	GND	828
LK-3133045	Thilakapura	Thilakapura	GND	879
LK-3133050	Thanipolgahalanga	Thanipolgahalanga	GND	338
LK-3133055	Batapola Central	Batapola Central	GND	1364
LK-3133060	Kondagala	Kondagala	GND	405
LK-3133065	Batapola North	Batapola North	GND	682
LK-3133070	Kobeithuduwa	Kobeithuduwa	GND	544
LK-3133075	Godahena	Godahena	GND	507
LK-3133080	Poramba	Poramba	GND	449
LK-3133085	Vilegoda	Vilegoda	GND	425
LK-3133090	Paniyandoowa	Paniyandoowa	GND	429
LK-3133095	Hirewatta	Hirewatta	GND	297
LK-3133100	Maha Ambalangoda	Maha Ambalangoda	GND	471
LK-3133105	Batadoowa	Batadoowa	GND	379
LK-3133110	Batapola West	Batapola West	GND	412
LK-3133115	Batapola South	Batapola South	GND	419
LK-3133120	Dorala	Dorala	GND	382
LK-3133125	Batapola East	Batapola East	GND	630
LK-3133130	Polhunnawa	Polhunnawa	GND	569
LK-3133135	Nawagama	Nawagama	GND	468
LK-3133140	Nindana	Nindana	GND	422
LK-3133145	Lewdoowa	Lewdoowa	GND	357
LK-3133150	Udakerewa	Udakerewa	GND	452
LK-3133155	Domanvila	Domanvila	GND	215
LK-3133160	Diddeliya	Diddeliya	GND	488
LK-3133165	Eranavila	Eranavila	GND	410
LK-3133170	Meetiyagoda	Meetiyagoda	GND	590
LK-3133175	Metiwala	Metiwala	GND	239
LK-3133180	Walakada	Walakada	GND	218
LK-3134	Gonapinuwala	Gonapeenuwala	DSD	6749
LK-3134005	Karuwalabedda	Karuwalabedda	GND	193
LK-3134010	Manampita	Manampita	GND	446
LK-3134015	Dangaragaha Udumulla	Dangaragaha Udumulla	GND	162
LK-3134020	Banwelgodella	Banwelgodella	GND	310
LK-3134025	Eriyagahamulla	Iriyagahamulla	GND	94
LK-3134030	Aluthwala	Aluthwala	GND	322
LK-3134035	Mahagangoda	Mahagangoda	GND	249
LK-3134040	Kirindiela	Kirindiela	GND	360
LK-3134045	Thilakagama	Thilakagama	GND	402
LK-3134050	Henagoda	Henagoda	GND	323
LK-3134055	Gonapeenuwala Central	Gonapeenuwala Central	GND	678
LK-3134060	Woodland Watta	Woodland Watta	GND	500
LK-3134065	Berathuduwa	Berathuduwa	GND	154
LK-3134070	Hikkaduwa East	Hikkaduwa East	GND	381
LK-3134075	Arachchikanda	Arachchikanda	GND	832
LK-3134080	Gonapeenuwala East	Gonapeenuwala East	GND	331
LK-3134085	Gonapeenuwala West	Gonapeenuwala West	GND	392
LK-3134090	Dodamkahavila	Dodankahavila	GND	495
LK-3134095	Kaluwagaha Colony	Kaluwagaha Janapadaya	GND	125
LK-3135	Madampagama	Madampagama	DSD	9143
LK-3135005	Urawatta	Urawatta	GND	249
LK-3135010	Dewagoda West	Dewagoda West	GND	157
LK-3135015	Dewagoda East	Dewagoda East	GND	342
LK-3135020	Deldoowa	Deldoowa	GND	96
LK-3135025	Idanthota	Idanthota	GND	496
LK-3135030	Kuleegoda West	Kuleegoda West	GND	213
LK-3135035	Galagoda East	Galagoda East	GND	725
LK-3135040	Galagoda West	Galagoda West	GND	219
LK-3135045	Kuleegoda East	Kuleegoda East	GND	221
LK-3135050	Wellabada	Wellabada	GND	312
LK-3135055	Usmudulawa	Usmudulawa	GND	382
LK-3135060	Wenamulla	wenamulla	GND	268
LK-3135065	Dimbuldoowa	Dimbuldoowa	GND	264
LK-3135070	Andurangoda	Andurangoda	GND	253
LK-3135075	Galdoowa	Galdoowa	GND	213
LK-3135080	Akurala	Akurala	GND	248
LK-3135085	Akurala North	Akurala North	GND	64
LK-3135090	Akurala South	Akurala South	GND	73
LK-3135095	Uduwaragoda North	Uduwaragoda North	GND	135
LK-3135100	Uduwaragoda South	Uduwaragoda South	GND	141
LK-3135105	Kahawa	Kahawa	GND	414
LK-3135110	Weragoda	Weragoda	GND	277
LK-3135115	Delmar Colony	Delmar Colony	GND	134
LK-3135120	Harannagala	Harannagala	GND	86
LK-3135125	Godagama South	Godagama South	GND	95
LK-3135130	Godagama North	Godagama North	GND	112
LK-3135135	Daluwathumulla	Daluwathumulla	GND	138
LK-3135140	Thelwatta	Thelwatta	GND	265
LK-3135145	Pereliya North	Pereliya North	GND	152
LK-3135150	Pereliya South	Pereliya South	GND	77
LK-3135155	Seenigama	Seenigama	GND	124
LK-3135160	Seenigama East	seenigama East	GND	175
LK-3135165	Malawenna	Malawenna	GND	490
LK-3135170	Kalupe	Kalupe	GND	432
LK-3135175	Udumulla	Udumulla	GND	487
LK-3135180	Medagoda	Medagoda	GND	224
LK-3135185	Werellana	Werellana	GND	114
LK-3135190	Thotagamuwa	Thotagamuwa	GND	276
LK-3136	Hikkaduwa	Hikkaduwa	DSD	7386
LK-3136005	Wellawatta	Wellawatta	GND	296
LK-3136010	Nakanda	Nakanda	GND	157
LK-3136015	Hikkaduwa Central	Hikkaduwa Central	GND	357
LK-3136020	Hikkaduwa West	Hikkaduwa West	GND	373
LK-3136025	Hikkaduwa Nagarikaya	Hikkaduwa Nagarikaya	GND	301
LK-3136030	Wavulagoda West	Wavulagoda West	GND	138
LK-3136035	Wavulagoda East	Wavulagoda East	GND	191
LK-3136040	Nalagasdeniya	Nalagasdeniya	GND	353
LK-3136045	Millagoda	Millagoda	GND	197
LK-3136050	Wewala	Wewala	GND	138
LK-3136055	Pannamgoda	Pannamgoda	GND	190
LK-3136060	Narigama Wellabada	Narigama Wellabada	GND	377
LK-3136065	Narigama	Narigama	GND	99
LK-3136070	Kuda Wewala	Kuda Wewala	GND	285
LK-3136075	Delgahadoowa	Delgahadoowa	GND	344
LK-3136080	Katukoliha	Katukoliha	GND	301
LK-3136085	Thiranagama	Thiranagama	GND	206
LK-3136090	Thiranagama Wellabada	Thiranagama Wellabada	GND	155
LK-3136095	Patuwatha	Patuwatha	GND	313
LK-3136100	Gammaduwatta	Gammaduwatta	GND	288
LK-3136105	Hennathota	Hennathota	GND	336
LK-3136110	Pinkanda	Pinkanda	GND	299
LK-3136115	Handaudumulla	Handaudumulla	GND	400
LK-3136120	Dodandugoda	Dodandugoda	GND	312
LK-3136125	Modara Patuwatha	Modara Patuwatha	GND	464
LK-3136130	Dodandoowa	Dodandoowa	GND	308
LK-3136135	Uduhalpitiya	Uduhalpitiya	GND	208
LK-3137	Rathgama	Rathgama	DSD	10751
LK-3137005	Thotavila	Thotavila	GND	448
LK-3137010	Mawadavila	Mawadavila	GND	489
LK-3137015	Panvila Pahalagoda	Panvila Pahalagoda	GND	817
LK-3137020	Imbula	Imbula	GND	492
LK-3137025	Katudampe	Katudampe	GND	352
LK-3137030	Karawegoda	Karawegoda	GND	148
LK-3137035	Devinigoda	Devinigoda	GND	361
LK-3137040	Bopagoda	Bopagoda	GND	529
LK-3137045	Kandegoda	Kandegoda	GND	232
LK-3137050	Ranapanadeniya	Ranapanadeniya	GND	443
LK-3137055	Rejjipura	Rejjipura	GND	564
LK-3137060	Medawala	Medawala	GND	122
LK-3137065	Maliduwa	Maliduwa	GND	260
LK-3137070	Palanthriyagoda	Palanthriyagoda	GND	165
LK-3137075	Ganegoda	Ganegoda	GND	498
LK-3137080	Rathgama Hegoda	Rathgama Hegoda	GND	190
LK-3137085	Palliyapitiya	Palliyapitiya	GND	216
LK-3137090	Gammeddegoda	Gammeddegoda	GND	232
LK-3137095	Gammeddegoda East	Gammeddegoda East	GND	119
LK-3137100	Gammeddegoda-Rajgama	Gammeddegoda-Rajgama	GND	142
LK-3137105	Owakanda	Owakanda	GND	254
LK-3137110	Kapumulugoda	Kapumulugoda	GND	686
LK-3137115	Rathna Udagama	Rathna Udagama	GND	268
LK-3137120	Mahahegoda	Mahahegoda	GND	329
LK-3137125	Hegoda	Hegoda	GND	348
LK-3137130	Kedala	Kedala	GND	379
LK-3137135	Rupeewala	Rupeewala	GND	249
LK-3137140	Dolikanda	Dolikanda	GND	234
LK-3137145	Boossa	Boossa	GND	416
LK-3137150	Kadurupe	Kadurupe	GND	422
LK-3137155	Pitiwella South	Pitiwella South	GND	135
LK-3137160	Pitiwella North	Pitiwella North	GND	212
LK-3139	Galle 4 Gravets	Galle Four Gravets	DSD	26173
LK-3139005	Ukwatta East	Ukwatta East	GND	191
LK-3139010	Ukwatta West	Ukwatta West	GND	294
LK-3139015	Maha Hapugala	Maha Hapugala	GND	943
LK-3139020	Kurunduwatta	Kurunduwatta	GND	1048
LK-3139025	Welipitimodara	Welipitimodara	GND	814
LK-3139030	Ginthota West	Ginthota West	GND	345
LK-3139035	Ginthota East	Ginthota East	GND	342
LK-3139040	Piyadigama	Piyadigama	GND	669
LK-3139045	Bope North	Bope North	GND	321
LK-3139050	Bope East	Bope  East	GND	612
LK-3139055	Kumbalwella North	Kumbalwella North	GND	251
LK-3139060	Madawalamulla North	Madawalamulla North	GND	1065
LK-3139065	Madawalamulla South	Madawalamulla South	GND	344
LK-3139070	Deddugoda North	Deddugoda North	GND	731
LK-3139075	Deddugoda South	Deddugoda South	GND	703
LK-3139080	Maitipe	Maitipe	GND	538
LK-3139085	Welipatha	Welipatha	GND	617
LK-3139090	Maligaspe	Maligaspe	GND	282
LK-3139095	Dangedara East	Dangedara East	GND	740
LK-3139100	Dangedara West	Dangedara West	GND	579
LK-3139105	Bataganvila	Bataganvila	GND	377
LK-3139110	Galwadugoda	Galwadugoda	GND	798
LK-3139115	Richmond Kanda	Richmond Kanda	GND	257
LK-3139120	Bope West	Bope West	GND	664
LK-3139125	Siyambalagahawatta	Siyambalagahawatta	GND	588
LK-3139130	Dadalla East	Dadalla East	GND	299
LK-3139135	Dadalla West	Dadalla West	GND	459
LK-3139140	Walawwatta	Walawwatta	GND	417
LK-3139145	Kumbalwella South	Kumbalwella South	GND	587
LK-3139150	Mahamodara	Mahamodara	GND	308
LK-3139155	Osanagoda	Osanagoda	GND	425
LK-3139160	Kandewatta	Kandewatta	GND	687
LK-3139165	Sanghamittapura	Sanghamittapura	GND	237
LK-3139170	Madapathala	Madapathala	GND	542
LK-3139175	Pokunawatta	Pokunawatta	GND	227
LK-3139180	Milidduwa	Milidduwa	GND	916
LK-3139185	Ettiligoda South	Ettiligoda South	GND	817
LK-3139190	Makuluwa	Makuluwa	GND	1208
LK-3139195	Pettigalawatta	Pettigalawatta	GND	315
LK-3139200	Thalapitiya	Thalapitiya	GND	1244
LK-3139205	Kongaha	Kongaha	GND	299
LK-3139210	Weliwatta	Weliwatta	GND	500
LK-3139215	Minuwangoda	Minuwangoda	GND	63
LK-3139220	Kaluwella	Kaluwella	GND	299
LK-3139225	Cheena Koratuwa	Cheena Koratuwa	GND	183
LK-3139230	Fort	Fort	GND	153
LK-3139235	Magalla	Magalle	GND	482
LK-3139240	Dewathura	Dewathura	GND	354
LK-3139245	Katugoda	Katugoda	GND	812
LK-3139250	Dewata	Dewata	GND	227
LK-3142	Bope-Poddala	Bope-Poddala	DSD	15444
LK-3142005	Poddala	Poddala	GND	175
LK-3142010	Pannamaga	Pannamaga	GND	303
LK-3142015	Mulana West	Mulana West	GND	198
LK-3142020	Mulana East	Mulana East	GND	170
LK-3142025	Panvila	Panvila	GND	369
LK-3142030	Narawala	Narawala	GND	151
LK-3142035	Walawatta	Walawatta	GND	264
LK-3142040	Magadeniya	Magadeniya	GND	512
LK-3142045	Baswatta	Baswatta	GND	275
LK-3142050	Addaragoda	Addaragoda	GND	245
LK-3142055	Meepawala	Meepawala	GND	327
LK-3142060	Penideniya	Penideniya	GND	197
LK-3142065	Opatha	Opatha	GND	293
LK-3142070	Wakwella	Wakwella	GND	533
LK-3142075	Niladeniya	Niladeniya	GND	634
LK-3142080	Hapugala	Hapugala	GND	460
LK-3142085	Beraliyadola	Beraliyadola	GND	533
LK-3142090	Silvagewatta	Silvagewatta	GND	194
LK-3142095	Uluvitike	Uluvitike	GND	327
LK-3142100	Holuwagoda	Holuwagoda	GND	293
LK-3142105	Labudoowa	Labudoowa	GND	356
LK-3142110	Kurunda Kanda	Kurunda Kanda	GND	268
LK-3142115	Kurunda	Kurunda	GND	202
LK-3142120	Thotagoda	Thotagoda	GND	222
LK-3142125	Galketiya	Galketiya	GND	348
LK-3142130	Godakanda	Godakanda	GND	489
LK-3142135	Bangalawatta	Bangalawatta	GND	249
LK-3142140	Bokaramullagoda	Bokaramullagoda	GND	258
LK-3142145	Thunhiripana	Thunhiripana	GND	515
LK-3142150	Abeysundarawatta	Abeysundarawatta	GND	453
LK-3142155	Watareka East	Watareka  East	GND	738
LK-3142160	Pelawatta	Pelawatta	GND	392
LK-3142165	Mampitiya	Mampitiya	GND	454
LK-3142170	Kalegana South	Kalegana South	GND	275
LK-3142175	Kalegana North	Kalegana North	GND	322
LK-3142180	Kithulampitiya	Kithulampitiya	GND	560
LK-3142185	Kahadoowawatta	Kahaduwawatta	GND	283
LK-3142190	Navinna	Navinna	GND	306
LK-3142195	Hirimburagama	Hirimburagama	GND	462
LK-3142200	Karapitiya	Karapitiya	GND	537
LK-3142205	Ambagahawatta	Ambagahawatta	GND	329
LK-3142210	Kapuhempala	Kapuhempala	GND	422
LK-3142215	Kerenvila	Kerenvila	GND	191
LK-3142220	Paliwathugoda	Paliwathugoda	GND	360
LK-3145	Akmeemana	Akmeemana	DSD	23381
LK-3145005	Thalgasyaya	Thalgasyaya	GND	504
LK-3145010	Niyagama	Niyagama	GND	375
LK-3145015	Ambagahavila	Ambagahavila	GND	359
LK-3145020	Ihalagoda East	Ihalagoda East	GND	1147
LK-3145025	Amalgama	Amalgama	GND	382
LK-3145030	Ketandola	Ketandola	GND	230
LK-3145035	Hiyare North	Hiyare North	GND	271
LK-3145040	Kandahena	Kandahena	GND	145
LK-3145045	Welihena	Welihena	GND	216
LK-3145050	Kadurugashena	Kadurugashena	GND	380
LK-3145055	Hiyare East	Hiyare East	GND	365
LK-3145060	Ihala Hiyare	Ihala Hiyare	GND	436
LK-3145065	Hiyare South	Hiyare South	GND	271
LK-3145070	Etambagasmulla	Etambagasmulla	GND	220
LK-3145075	Ihalagoda Colony	Ihalagoda Colony	GND	438
LK-3145080	Ihalagoda South	Ihalagoda South	GND	484
LK-3145085	Ihalagoda West	Ihalagoda West	GND	355
LK-3145090	Akmeemana	Akmeemana	GND	305
LK-3145095	Ganegoda	Ganegoda	GND	293
LK-3145100	Ganegoda West	Ganegoda West	GND	203
LK-3145105	Kirindagoda	Kirindagoda	GND	160
LK-3145110	Badungoda Colony	Badungoda Colony	GND	214
LK-3145115	Badungoda	Badungoda	GND	315
LK-3145120	Pinnadoowa Colony	Pinnadoowa Colony	GND	352
LK-3145125	Weliketiya	Weliketiya	GND	272
LK-3145130	Halgasmulla	Halgasmulla	GND	403
LK-3145135	Amukotuwa	Amukotuwa	GND	577
LK-3145140	Nivithipitigoda	Nivithipitigoda	GND	310
LK-3145145	Thalahitiyawa	Thalahitiyawa	GND	381
LK-3145150	Ankokkawala	Ankokkawala	GND	468
LK-3145155	Pinnadoowa	Pinnadoowa	GND	724
LK-3145160	Manavila	Manavila	GND	428
LK-3145165	Walahanduwa	Walahanduwa	GND	597
LK-3145170	Yakgaha	Yakgaha	GND	263
LK-3145175	Meegoda	Meegoda	GND	380
LK-3145180	Pilana	Pilana	GND	567
LK-3145185	Pedinnoruwa	Pedinnoruwa	GND	276
LK-3145190	Melegoda	Melegoda	GND	500
LK-3145195	Bambaragoda	Bambaragoda	GND	705
LK-3145200	Anangoda	Anangoda	GND	381
LK-3145205	Hinidumgoda	Hinidumgoda	GND	371
LK-3145210	Kerenvila Colony	Kerenvila Colony	GND	327
LK-3145215	Haliwala	Haliwala	GND	764
LK-3145220	Ettiligoda North	Ettiligoda North	GND	273
LK-3145225	Ambalanwatta	Ambalanwatta	GND	375
LK-3145230	Jambuketiya	Jambuketiya	GND	249
LK-3145235	Batadoowa	Batadoowa	GND	532
LK-3145240	Kaduruduwa	Kaduruduwa	GND	470
LK-3145245	Panagamuwa	Panagamuwa	GND	286
LK-3145250	Galgamuwa	Galgamuwa	GND	379
LK-3145255	Divulana Colony	Divulana Colony	GND	223
LK-3145260	Handugoda	Handugoda	GND	297
LK-3145265	Kalahe	Kalahe	GND	254
LK-3145270	Wanchawala	Wanchawala	GND	289
LK-3145275	Attaragoda	Attaragoda	GND	219
LK-3145280	Nugadoowa	Nugadoowa	GND	613
LK-3145285	Batadoowa West	Batadoowa West	GND	362
LK-3145290	Thalpegoda	Thalpegoda	GND	193
LK-3145295	Yatagama	Yatagama	GND	200
LK-3145300	Rathkindagoda	Rathkindagoda	GND	302
LK-3145305	Metaramba	Metaramba	GND	381
LK-3145310	Thalpe North	Thalpe North	GND	189
LK-3145315	Nagahawatta	Nagahawatta	GND	181
LK-3148	Yakkalamulla	Yakkalamulla	DSD	13328
LK-3148005	Nawala	Nawala	GND	302
LK-3148010	Thellambura North	Thellambura North	GND	157
LK-3148015	Nakiyadeniya	Nakiyadeniya	GND	718
LK-3148020	Nakiyadeniya North	Nakiyadeniya North	GND	299
LK-3148025	Wattehena	Wattehena	GND	180
LK-3148030	Wathogala	Wathogala	GND	302
LK-3148035	Moraketiya	Moraketiya	GND	445
LK-3148040	Gahalakoladeniya	Gahalakoladeniya	GND	331
LK-3148045	Udumalagala	Udumalagala	GND	295
LK-3148050	Ihala Nakiyadeniya	Ihala Nakiyadeniya	GND	239
LK-3148055	Pahala Thellambura	Pahala Thellambura	GND	344
LK-3148060	Ihala Thellambura	Ihala Thellambura	GND	377
LK-3148065	Nevungala	Nevungala	GND	304
LK-3148070	Nevungala South	Nevungala South	GND	255
LK-3148075	Kottawa	Kottawa	GND	369
LK-3148080	Thellambura South	Thellambura South	GND	267
LK-3148085	Yakkalamulla East	Yakkalamulla East	GND	206
LK-3148090	Nabadawa	Nabadawa	GND	336
LK-3148095	Yatamalagala	Yatamalagala	GND	204
LK-3148100	Ihala Karagoda	Ihala Karagoda	GND	227
LK-3148105	Magedara North	Magedara North	GND	208
LK-3148110	Magedara East	Magedara East	GND	456
LK-3148115	Ella Ihala	Ella Ihala	GND	401
LK-3148120	Magedara	Magedara	GND	214
LK-3148125	Uduwella	Uduwella	GND	291
LK-3148130	Karagoda	Karagoda	GND	253
LK-3148135	Pahala Karagoda	Pahala Karagoda	GND	212
LK-3148140	Polpagoda	Polpagoda	GND	304
LK-3148145	Beranagoda	Beranagoda	GND	485
LK-3148150	Yakkalamulla	Yakkalamulla	GND	399
LK-3148155	Kottawa East	Kottawa East	GND	312
LK-3148160	Kottawa West	Kottawa West	GND	515
LK-3148165	Thalgampala North	Thalgampala North	GND	321
LK-3148170	Udubettawa	Udubettawa	GND	211
LK-3148175	Udubettawa West	Udubettawa West	GND	250
LK-3148180	Thalgampala	Thalgampala	GND	272
LK-3148185	Hiriyamalkumbura	Hiriyamalkumbura	GND	290
LK-3148190	Polpagoda West	Polpagoda West	GND	289
LK-3148195	Kaludiyawala	Kaludiyawala	GND	181
LK-3148200	Badungala	Badungala	GND	210
LK-3148205	Rathamalaketiya	Rathamalaketiya	GND	199
LK-3148210	Welendawa	Welendawa	GND	343
LK-3148215	Pahala Walpola	Pahala Walpola	GND	325
LK-3148220	Ihala Walpala	Ihala Walpala	GND	230
LK-3151	Imaduwa	Imaduwa	DSD	13341
LK-3151005	Pituwalahena	Pituwalahena	GND	152
LK-3151010	Mayakaduwa	Mayakaduwa	GND	234
LK-3151015	Kabaragala	Kabaragala	GND	342
LK-3151020	Danduwana	Danduwana	GND	152
LK-3151025	Hatangala	Hatangala	GND	158
LK-3151030	Bedipita	Badipita	GND	338
LK-3151035	Puswelkada	Puswelkada	GND	216
LK-3151040	Ihala Kombala	Ihala Kombala	GND	236
LK-3151045	Kombala	Kombala	GND	240
LK-3151050	Imaduwa Athireka 1	Imaduwa Athireka	GND	218
LK-3151055	Paragoda	Paragoda	GND	359
LK-3151060	Wathawana	Wathawana	GND	296
LK-3151065	Hawpe North	Hawpe North	GND	285
LK-3151070	Hawpe	Hawpe	GND	485
LK-3151075	Angulugaha	Angulugaha	GND	362
LK-3151080	Rangoda	Rangoda	GND	164
LK-3151085	Dorape	Dorape	GND	264
LK-3151090	Welikonda	Welikonda	GND	315
LK-3151095	Pelawatta	Pelawatta	GND	356
LK-3151100	Polhena	Polhena	GND	556
LK-3151105	Kahanda	Kahanda	GND	270
LK-3151110	Kahanda Athireka 1	Kahanda Athireka 1	GND	238
LK-3151115	Godaudamandiya	Godaudamandiya	GND	216
LK-3151120	Mawella	Mawella	GND	118
LK-3151125	Deegoda Athireka 01	Deegoda Athireka 1	GND	247
LK-3151130	Imaduwa	Imaduwa	GND	371
LK-3151135	Hettigoda	Hettigoda	GND	312
LK-3151140	Deegoda	Deegoda	GND	238
LK-3151145	Kalugalagoda	Kalugalagoda	GND	167
LK-3151150	Ihala Mawella	Ihala Mawella	GND	203
LK-3151155	Thittagalla East	Thittagalla East	GND	296
LK-3151160	Ampavila	Ampavila	GND	323
LK-3151165	Malalgodapitiya	MalalgodaPitiya	GND	169
LK-3151170	Dikkumbura	Dikkumbura	GND	596
LK-3151175	Kodagoda South	Kodagoda South	GND	262
LK-3151180	Kodagoda East	Kodagoda East	GND	309
LK-3151185	Horadugoda	Horadugoda	GND	322
LK-3151190	Ellalagoda	Ellalagoda	GND	239
LK-3151195	Andugoda	Andugoda	GND	479
LK-3151200	Panugalgoda	Panugalgoda	GND	467
LK-3151205	Indurannavila	Indurannavila	GND	579
LK-3151210	Atanikitha	Atanikitha	GND	913
LK-3151215	Thittagalla West	Thittagalla west	GND	279
LK-3154	Habaraduwa	Habaraduwa	DSD	16999
LK-3154005	Yaddehimulla	Yaddehimulla	GND	193
LK-3154010	Bonavistawa	Bonavistawa	GND	290
LK-3154015	Unawatuna West	Unawatuna West	GND	208
LK-3154020	Unawatuna East	Unawatuna East	GND	476
LK-3154025	Maharamba	Maharamba	GND	223
LK-3154030	Dalawella	Dalawella	GND	154
LK-3154035	Unawatuna Central	Unawatuna Central	GND	208
LK-3154040	Thalpe South	Thalpe South	GND	227
LK-3154045	Heenatigala South	Heenatigala South	GND	218
LK-3154050	Wellethota	Wellethota	GND	485
LK-3154055	Halloluwagoda	Halloluwagoda	GND	285
LK-3154060	Handugoda	Handugoda	GND	213
LK-3154065	Dodampe	Dodampe	GND	220
LK-3154070	Attaragoda	Attaragoda	GND	306
LK-3154075	Thalpe East	Thalpe East	GND	322
LK-3154080	Kahawennagama	Kahawennagama	GND	327
LK-3154085	Morampitigoda	Morampitigoda	GND	306
LK-3154090	Uragasgoda	Uragasgoda	GND	233
LK-3154095	Pitidoowa	Pitidoowa	GND	294
LK-3154100	Meepe	Meepe	GND	504
LK-3154105	Bogahamulugoda	Bogahamulugoda	GND	229
LK-3154110	Happawana	Happawana	GND	204
LK-3154115	Annasiwathugoda	Annasiwathugoda	GND	254
LK-3154120	Harumalgoda West	Harumalgoda West	GND	450
LK-3154125	Lanumodara	Lanumodara	GND	351
LK-3154130	Liyanagoda	Liyanagoda	GND	244
LK-3154135	Katukurunda	Katukurunda	GND	513
LK-3154140	Harumalgoda Central	Harumalgoda Central	GND	385
LK-3154145	Godawatta	Godawatta	GND	368
LK-3154150	Harumalgoda East	Harumalgoda East	GND	587
LK-3154155	Koggala Athireka I	Koggala Athireka 1	GND	349
LK-3154160	Koggala Athireka II	Koggala Athireka 2	GND	432
LK-3154165	Koggala	Koggala	GND	177
LK-3154170	Kathaluwa West	Kathaluwa West	GND	180
LK-3154175	Atadahewathugoda	Atadahewathugoda	GND	266
LK-3154180	Kathaluwa East	Kathaluwa East	GND	360
LK-3154185	Welhengoda	Welhengoda	GND	249
LK-3154190	Kathaluwa Central	Kathaluwa Central	GND	265
LK-3154195	Alawathuthisgoda	Alawathuthisgoda	GND	233
LK-3154200	Pelessa	Pelessa	GND	321
LK-3154205	Korahedigoda	Korahedigoda	GND	423
LK-3154210	Ahangama Nakanda	Ahangama Nakanda	GND	359
LK-3154215	Kalapuwa	Kalapuwa	GND	175
LK-3154220	Ahangamgoda	Ahangamgoda	GND	256
LK-3154225	Danduhela	Danduhela	GND	273
LK-3154230	Meegahagoda	Meegahagoda	GND	379
LK-3154235	Kahawathugoda	Kahawathugoda	GND	402
LK-3154240	Meliyagoda	Meliyagoda	GND	401
LK-3154245	Piyadigama West	Piyadigama West	GND	213
LK-3154250	Wadugegoda	Wadugegoda	GND	148
LK-3154255	Karandugoda	Karandugoda	GND	232
LK-3154260	Kalahegoda	Kalahegoda	GND	117
LK-3154265	Dommannegoda	Dommannegoda	GND	308
LK-3154270	Piyadigama East	Piyadigama East	GND	125
LK-3154275	Ahangama Central	Ahangama Central	GND	223
LK-3154280	Digaredda	Digaredda	GND	162
LK-3154285	Thaldoowa	Thaldoowa	GND	242
LK-3154290	Ahangama East	Ahangama East	GND	244
LK-3154295	Goviyapana	Goviyapana	GND	208
LK-32	Matara	Matara	DISTRICT	230034
LK-3203	Pitabaddara	Pitabeddara	DSD	14606
LK-3203005	Kalubovitiyana	Kalubovitiyana	GND	291
LK-3203010	Galabada	Galabada	GND	334
LK-3203015	Ambewela	Ambewela	GND	411
LK-3203020	Dangala West	Dangala West	GND	417
LK-3203025	Banagala East	Banagala East	GND	384
LK-3203030	Dangala East	Dangala East	GND	425
LK-3203035	Banagala West	Banagala West	GND	281
LK-3203040	Edandukitha West	Edandukitha West	GND	260
LK-3203045	Edandukitha East	Edandukitha East	GND	269
LK-3203050	Alapaladeniya South	Alapaladeniya South	GND	297
LK-3203055	Alapaladeniya North	Alapaladeniya North	GND	314
LK-3203060	Kiriwelkele North	Kiriwelkele North	GND	563
LK-3203065	Rambukana West	Rambukana West	GND	349
LK-3203070	Kodikaragoda West	Kodikaragoda West	GND	470
LK-3203075	Kodikaragoda East	Kodikaragoda East	GND	370
LK-3203080	Weliwa	Weliwa	GND	510
LK-3203085	Rambukana East	Rambukana East	GND	347
LK-3203090	Thalapekumbura	Thalapekumbura	GND	343
LK-3203095	Kudagalahena	Kudagalahena	GND	396
LK-3203100	Kiriwelkele South	Kiriwelkele South	GND	408
LK-3203105	Derangala	Derangala	GND	512
LK-3203110	Thennahena	Thennahena	GND	441
LK-3203115	Gorakawela	Gorakawela	GND	377
LK-3203120	Siyambalagoda West	Siyambalagoda West	GND	346
LK-3203125	Kosnilgoda	Kosnilgoda	GND	400
LK-3203130	Aluwana	Aluwana	GND	308
LK-3203135	Paradupalla	Paradupalla	GND	197
LK-3203140	Mahapothuvila	Mahapothuvila	GND	342
LK-3203145	Dankoluwa	Dankoluwa	GND	659
LK-3203150	Pitabeddara	Pitabeddara	GND	372
LK-3203155	Kaduruwana	Kaduruwana	GND	456
LK-3203160	Dehigaspe	Dehigaspa	GND	340
LK-3203165	Kotagala	Kotagala	GND	287
LK-3203170	Siyambalagoda East	Siyambalagoda East	GND	193
LK-3203175	Wanasinkanda	Wanasinkanda	GND	178
LK-3203180	Diyadawa	Diyadawa	GND	372
LK-3203185	Ihala Ainagama	Ihala Ainagama	GND	264
LK-3203190	Elamaldeniya	Elamaldeniya	GND	369
LK-3203195	Wathurakumbura	Wathurakumbura	GND	362
LK-3203200	Puwakbadovita	Puwakbadovita	GND	392
LK-3206	Kotapola	Kotapola	DSD	17734
LK-3206005	Mederipitiya	Mederipitiya	GND	307
LK-3206010	Keeriwalagama	Keeriwalagama	GND	425
LK-3206015	Kiriweldola	Kiriweldola	GND	463
LK-3206020	Kandilpana	Kandilpana	GND	778
LK-3206025	Viharahena	Viharahena	GND	746
LK-3206030	Adaradeniya	Adaradeniya	GND	437
LK-3206035	Ihalagama	Ihalagama	GND	565
LK-3206040	Bateyaya	Bateyaya	GND	467
LK-3206045	Pussawela	Pussawela	GND	341
LK-3206050	Pallegama North	Pallegama North	GND	635
LK-3206055	Pathawala Nadakanda	Pathawala Nadakanda	GND	390
LK-3206060	Poddana	Poddana	GND	428
LK-3206065	Kolawenigama	Kolawenigama	GND	528
LK-3206070	Pallegama South	Pallegama South	GND	674
LK-3206075	Deniyaya West	Deniyaya West	GND	438
LK-3206080	Deniyaya	Deniyaya	GND	553
LK-3206085	Kalugalahena	Kalugalahena	GND	727
LK-3206090	Thenipita	Thenipita	GND	846
LK-3206095	Mugunumulla	Mugunumulla	GND	265
LK-3206100	Nawalahena	Nawalahena	GND	349
LK-3206105	Kotapola North	Kotapola North	GND	754
LK-3206110	Nishshankapura	Nishshankapura	GND	358
LK-3206115	Beliattakumbura	Beliattakumbura	GND	461
LK-3206120	Morawaka	Morawaka	GND	856
LK-3206125	Porupitiya	Porupitiya	GND	319
LK-3206130	Waralla	Waralla	GND	345
LK-3206135	Koodaludeniya	Koodaludeniya	GND	342
LK-3206140	Kotapola South	Kotapola South	GND	495
LK-3206145	Usamalagoda	Usamalagoda	GND	420
LK-3206150	Lindagawahena	Lindagawahena	GND	550
LK-3206155	Kosmodara	Kosmodara	GND	432
LK-3206160	Ilukpitiya	Ilukpitiya	GND	328
LK-3206165	Horagala East	Horagala East	GND	212
LK-3206170	Horagala West	Horagala West	GND	479
LK-3206175	Uvaragala	Uvaragala	GND	215
LK-3206180	Pelawatta	Pelawatta	GND	488
LK-3206185	Paragala	Paragala	GND	318
LK-3209	Pasgoda	Pasgoda	DSD	18139
LK-3209005	Batandura South	Batandura South	GND	428
LK-3209010	Batandura North	Batandura North	GND	273
LK-3209015	Thalapalakanda	Thalapalakanda	GND	404
LK-3209020	Kekundeniya	Kekundeniya	GND	531
LK-3209025	Ketawala	Ketawala	GND	511
LK-3209030	Ginnaliya North	Ginnaliya North	GND	448
LK-3209035	Pattigala	Pattigala	GND	601
LK-3209040	Beralapanathara South	Beralapanathara South	GND	389
LK-3209045	Beralapanathara North	Beralapanathara North	GND	561
LK-3209050	Wijayagama	Wijayagama	GND	378
LK-3209055	Pathavita	Pathavita	GND	366
LK-3209060	Kirilipana	Kirilipana	GND	502
LK-3209065	Moragala	Moragala	GND	352
LK-3209070	Keeripitiya East	Keeripitiya East	GND	438
LK-3209075	Urubokka	Urubokka	GND	796
LK-3209080	Ginnaliya West	Ginnaliya West	GND	393
LK-3209085	Ginnaliya South	Ginnaliya South	GND	379
LK-3209090	Ginnaliya East	Ginnaliya East	GND	345
LK-3209095	Mekiliyathenna	Mekiliyathenna	GND	587
LK-3209100	Heegoda	Heegoda	GND	593
LK-3209105	Keeripitiya West	Keeripitiya West	GND	366
LK-3209110	Pothdeniya	Pothdeniya	GND	339
LK-3209115	Mologgamuwa North	Mologgamuwa North	GND	280
LK-3209120	Mologgamuwa South	Mologgamuwa South	GND	303
LK-3209125	Bengamuwa West	Bengamuwa West	GND	462
LK-3209130	Bengamuwa East	Bengamuwa East	GND	430
LK-3209135	Dampahala West	Dampahala West	GND	495
LK-3209140	Hulankanda	Hulankanda	GND	447
LK-3209145	Dampahala East	Dampahala East	GND	592
LK-3209150	Pasgoda	Pasgoda	GND	794
LK-3209155	Bengamuwa South	Bengamuwa South	GND	374
LK-3209160	Denkandaliya	Denkandaliya	GND	210
LK-3209165	Panakaduwa West	Panakaduwa West	GND	355
LK-3209170	Rotumba East	Rotumba East	GND	196
LK-3209175	Napathella	Napathella	GND	225
LK-3209180	Andaluwa	Andaluwa	GND	298
LK-3209185	Ehelakanda	Ehelakanda	GND	348
LK-3209190	Galketikanda	Galketikanda	GND	263
LK-3209195	Rotumba West	Rotumba West	GND	273
LK-3209200	Panakaduwa East	Panakaduwa East	GND	402
LK-3209205	Gomila	Gomila	GND	459
LK-3209210	Puwakgahahena	Puwakgahahena	GND	325
LK-3209215	Mawarala	Mawarala	GND	628
LK-3212	Mulatiyana	Mulatiyana	DSD	14550
LK-3212005	Gombaddala North	Gombaddala North	GND	246
LK-3212010	Kudapana	Kudapana	GND	241
LK-3212015	Ketapalakanda	Ketapalakanda	GND	330
LK-3212020	Gammedagama	Gammedagama	GND	247
LK-3212025	Ketiyape North	Ketiyape North	GND	250
LK-3212030	Athapattukanda	Athapattukanda	GND	318
LK-3212035	Parapamulla East	Parapamulla East	GND	326
LK-3212040	Ketiyape South	Ketiyape South	GND	244
LK-3212045	Galetumba	Galetumba	GND	246
LK-3212050	Neralampitiya	Neralampitiya	GND	291
LK-3212055	Mulatiyana	Mulatiyana	GND	339
LK-3212060	Diddenipotha North	Diddenipotha North	GND	174
LK-3212065	Beragama North	Beragama North	GND	409
LK-3212070	Gombaddala South	Gombaddala South	GND	380
LK-3212075	Beragama West	Beragama West	GND	421
LK-3212080	Beragama South	Beragama South	GND	326
LK-3212085	Makandura West	Makandura West	GND	395
LK-3212090	Beragama East	Beragama East	GND	312
LK-3212095	Diddenipotha East	Diddenipotha East	GND	179
LK-3212100	Diddenipotha South	Diddenipotha South	GND	301
LK-3212105	Seenipella West	Seenipella West	GND	365
LK-3212110	Maduwala	Maduwala	GND	367
LK-3212115	Seenipella East	Seenipella East	GND	266
LK-3212120	Deiyandara	Deiyandara	GND	545
LK-3212125	Parapamulla West	Parapamulla West	GND	202
LK-3212130	Parapamulla South	Parapamulla South	GND	193
LK-3212135	Dewalegama West	Dewalegama West	GND	344
LK-3212140	Dewalegama East	Dewalegama East	GND	243
LK-3212145	Batadola	Batadola	GND	349
LK-3212150	Kithsiripura	Kithsiripura	GND	251
LK-3212155	Radawela West	Radawela West	GND	203
LK-3212160	Belpamulla	Belpamulla	GND	252
LK-3212165	Bamunugama West	Bamunugama West	GND	379
LK-3212170	Makandura East	Makandura  East	GND	372
LK-3212175	Ransegoda East	Ransegoda East	GND	252
LK-3212180	Meepavita	Meepavita	GND	294
LK-3212185	Mudaligedara	Mudaligedara	GND	242
LK-3212190	Rathkekulawa	Rathkekulawa	GND	430
LK-3212195	Ransegoda North	Ransegoda North	GND	458
LK-3212200	Ransegoda South	Ransegoda South	GND	400
LK-3212205	Ransegoda West	Ransegoda West	GND	218
LK-3212210	Koramburuwana	Koramburuwana	GND	228
LK-3212215	Horapavita South	Horapavita South	GND	265
LK-3212220	Horapavita North	Horapavita North	GND	341
LK-3212225	Bamunugama East	Bamunugama East	GND	246
LK-3212230	Radawela East	Radawela East	GND	254
LK-3212235	Pallawela	Pallawela	GND	240
LK-3212240	Pitawalgamuwa	Pitawalgamuwa	GND	376
LK-3215	Athuraliya	Athuraliya	DSD	9020
LK-3215005	Kehelwala	Kehelwala	GND	142
LK-3215010	Urumutta	Urumutta	GND	380
LK-3215015	Urumutta South	Urumutta South	GND	271
LK-3215020	Dematapassa	Dematapassa	GND	437
LK-3215025	Divithura	Divithura	GND	277
LK-3215030	Welihena	Welihena	GND	368
LK-3215035	Hawpe	Hawpe	GND	363
LK-3215040	Thalahagama West	Thalahagama West	GND	304
LK-3215045	Wenagama	Wenagama	GND	491
LK-3215050	Thalahagama East	Thalahagama East	GND	542
LK-3215055	Uggashena	Uggashena	GND	408
LK-3215060	Vilpita West	Vilpita West	GND	354
LK-3215065	Kanahalagama	Kanahalagama	GND	337
LK-3215070	Godapitiya	Godapitiya	GND	435
LK-3215075	Maragoda	Maragoda	GND	267
LK-3215080	Panadugama	Panadugama	GND	368
LK-3215085	Thibbotuwawa North	Thibbotuwawa North	GND	206
LK-3215090	Walagepiyadda	Walagepiyadda	GND	354
LK-3215095	Vilpita East 1	Vilpita East 1	GND	159
LK-3215100	Vilpita East 11	Vilpita East 11	GND	291
LK-3215105	Yahamulla	Yahamulla	GND	272
LK-3215110	Namburukanda	Namburukanda	GND	155
LK-3215115	Ihala Athuraliya	Ihala Athuraliya	GND	225
LK-3215120	Balakawala	Balakawala	GND	349
LK-3215125	Thibbotuwawa	Thibbotuwawa	GND	539
LK-3215130	Athuraliya West	Athuraliya West	GND	215
LK-3215135	Athuraliya East	Athuraliya East	GND	165
LK-3215140	Pahala Athuraliya	Pahala Athuraliya	GND	346
LK-3218	Akuressa	Akuressa	DSD	15065
LK-3218005	Diganahena	Diganahena	GND	157
LK-3218010	Lenama North	Lenama North	GND	479
LK-3218015	Hulandawa	Hulandawa	GND	167
LK-3218020	Maramba North	Maramba North	GND	358
LK-3218025	Peddapitiya North	Peddapitiya North	GND	308
LK-3218030	Idikatudeniya	Idikatudeniya	GND	189
LK-3218035	Lenama South	Lenama South	GND	218
LK-3218040	Udupitiya	Udupitiya	GND	144
LK-3218045	Weliketiya	Weliketiya	GND	353
LK-3218050	Dediyagala	Dediyagala	GND	439
LK-3218055	Vilagama	Vilagama	GND	135
LK-3218060	Ehelape	Ehelape	GND	445
LK-3218065	Dolamawatha	Dolamawatha	GND	453
LK-3218070	Kohugoda	Kohugoda	GND	345
LK-3218075	Ihala Maliduwa	Ihala Maliduwa	GND	319
LK-3218080	Ketanvila	Ketanvila	GND	363
LK-3218085	Nawalagoda	Nawalagoda	GND	288
LK-3218090	Ellewela	Ellewela	GND	354
LK-3218095	Minipogoda	Minipogoda	GND	215
LK-3218100	Peddapitiya South	Peddapitiya South	GND	278
LK-3218105	Maramba South	Maramba South	GND	271
LK-3218110	Ganhela	Ganhela	GND	279
LK-3218115	Asmagoda	Asmagoda	GND	195
LK-3218120	Higgoda	Higgoda	GND	451
LK-3218125	Diyalape	Diyalape	GND	293
LK-3218130	Eramudugoda	Eramudugoda	GND	372
LK-3218135	Manikgoda	Manikgoda	GND	201
LK-3218140	Pahala Maliduwa	Pahala Maliduwa	GND	386
LK-3218145	Bopitiya	Bopitiya	GND	392
LK-3218150	Iluppella	Iluppella	GND	521
LK-3218155	Imbulgoda	Imbulgoda	GND	332
LK-3218160	Poramba	Poramba	GND	452
LK-3218165	Akuressa	Akuressa	GND	326
LK-3218170	Yakabedda	Yakabedda	GND	577
LK-3218175	Galabadahena	Galabadahena	GND	296
LK-3218180	Ihala Kiyanduwa	Ihala Kiyanduwa	GND	334
LK-3218185	Melewwa	Melewwa	GND	338
LK-3218190	Paraduwa North	Paraduwa North	GND	336
LK-3218195	Paraduwa East	Paraduwa East	GND	282
LK-3218200	Paraduwa South	Paraduwa South	GND	298
LK-3218205	Henegama	Henegama	GND	375
LK-3218210	Henegama West	Henegama West	GND	470
LK-3218215	Gallala	Gallala	GND	360
LK-3218220	Nimalawa East	Nimalawa East	GND	205
LK-3218225	Nimalawa	Nimalawa	GND	436
LK-3218230	Paragahawatta	Paragahawatta	GND	280
LK-3221	Welipitiya	Welipitiya	DSD	14800
LK-3221005	Wahala Kananke North	Wahala Kananke North	GND	264
LK-3221010	Nivithiwelbokka	Nivithiwelbokka	GND	391
LK-3221015	Poramba Kananke North	Poramba Kananke North	GND	414
LK-3221020	Puhulahena	Puhulahena	GND	283
LK-3221025	Poramba Kananke South	Poramba Kananke South	GND	535
LK-3221030	Wahala Kananke South	Wahala Kananke South	GND	359
LK-3221035	Nalawana	Nalawana	GND	186
LK-3221040	Penetiyana West	Penetiyana West	GND	406
LK-3221045	Penetiyana East	Penetiyana East	GND	227
LK-3221050	Wellana	Wellana	GND	261
LK-3221055	Udukawa North	Udukawa North	GND	466
LK-3221060	Udukawa South	Udukawa South	GND	556
LK-3221065	Hallala	Hallala	GND	334
LK-3221070	Bathalahena	Bathalahena	GND	277
LK-3221075	Kokmaduwa North	Kokmaduwa North	GND	203
LK-3221080	Sahabandu Kokmaduwa	Sahabandu Kokmaduwa	GND	238
LK-3221085	Jamburegoda East	Jamburegoda East	GND	115
LK-3221090	Padili Kokmaduwa	Padili Kokmaduwa	GND	309
LK-3221095	Beraleliya	Beraleliya	GND	375
LK-3221100	Jayawickramapura	Jayawickramapura	GND	400
LK-3221105	Warakapitiya North	Warakapitiya North	GND	451
LK-3221110	Warakapitiya East	Warakapitiya East	GND	261
LK-3221115	Warakapitiya South	Warakapitiya South	GND	463
LK-3221120	Meeruppa	Meeruppa	GND	444
LK-3221125	Uruvitiya	Uruvitiya	GND	346
LK-3221130	Watagedaramulla	Watagedaramulla	GND	527
LK-3221135	Moonamalpe	Moonamalpe	GND	354
LK-3221140	Welipitiya	Welipitiya	GND	903
LK-3221145	Palalla	Palalla	GND	575
LK-3221150	Jamburegoda West	Jamburegoda West	GND	209
LK-3221155	Ibbawala	Ibbawala	GND	143
LK-3221160	Vilegoda	Vilegoda	GND	306
LK-3221165	Borala	Borala	GND	352
LK-3221170	Maduragoda	Maduragoda	GND	562
LK-3221175	Kapuwatta	Kapuwatta	GND	295
LK-3221180	Denipitiya Central	Denipitiya Central	GND	709
LK-3221185	Denipitiya West	Denipitiya West	GND	548
LK-3221190	Denipitiya East	Denipitiya East	GND	753
LK-3224	Malimbada	Malimbada	DSD	10206
LK-3224005	Elgiriya	Elgiriya	GND	265
LK-3224010	Pahala Kiyaduwa	Pahala Kiyaduwa	GND	285
LK-3224015	Maragoda	Maragoda	GND	324
LK-3224020	Kekunawela	Kekunawela	GND	193
LK-3224025	Kadduwa	Kadduwa	GND	159
LK-3224030	Dampella	Dampella	GND	241
LK-3224035	Horagoda East	Horagoda East	GND	294
LK-3224040	Horagoda West	Horagoda West	GND	366
LK-3224045	Horagoda South	Horagoda South	GND	281
LK-3224050	Kadukanna	Kadukanna	GND	444
LK-3224055	Welandagoda	Welandagoda	GND	230
LK-3224060	Uninduwela	Uninduwela	GND	213
LK-3224065	Thelijjavila	Thelijjavila	GND	584
LK-3224070	Nape	Nape	GND	148
LK-3224075	Akurugoda North	Akurugoda North	GND	383
LK-3224080	Akurugoda East	Akurugoda East	GND	480
LK-3224085	Kirimetimulla South	Kirimetimulla South	GND	737
LK-3224090	Kirimetimulla North	Kirimetimulla North	GND	301
LK-3224095	Malimbada West	Malimbada West	GND	559
LK-3224100	Katuwangoda	Katuwangoda	GND	244
LK-3224105	Malimbada East	Malimbada East	GND	473
LK-3224110	Malimbada North	Malimbada North	GND	450
LK-3224115	Malimbada South	Malimbada South	GND	266
LK-3224120	Galpamuna	Galpamuna	GND	374
LK-3224125	Akurugoda South	Akurugoda South	GND	555
LK-3224130	Akurugoda West	Akurugoda West	GND	281
LK-3224135	Sulthanagoda West	Sulthanagoda West	GND	307
LK-3224140	Sulthanagoda East	Sulthanagoda East	GND	362
LK-3224145	Sulthanagoda South	Sulthanagoda South	GND	407
LK-3227	Kaburupitiya	Kamburupitiya	DSD	11827
LK-3227005	Gathara West	Gathara West	GND	284
LK-3227010	Gathara North	Gathara North	GND	248
LK-3227015	Gathara East	Gathara East	GND	393
LK-3227020	Beragammulla	Beragammulla	GND	289
LK-3227025	Eriyathota	Eriyathota	GND	378
LK-3227030	Ganegama	Ganegama	GND	155
LK-3227035	Narandeniya East	Narandeniya East	GND	231
LK-3227040	Narandeniya West	Narandeniya West	GND	188
LK-3227045	Malana	Malana	GND	326
LK-3227050	Magamure	Magamure	GND	233
LK-3227055	Sapugoda	Sapugoda	GND	527
LK-3227060	Lenabatuwa	Lenabatuwa	GND	307
LK-3227065	Bibulewela	Bibulewela	GND	245
LK-3227070	Godawa	Godawa	GND	362
LK-3227075	Pitakatuwana	Pitakatuwana	GND	292
LK-3227080	Kamburupitiya	Kamburupitiya	GND	453
LK-3227085	Ullala East	Ullala East	GND	587
LK-3227090	Thumbe	Thumbe	GND	234
LK-3227095	Karaputugala North	Karaputugala North	GND	229
LK-3227100	Karaputugala South	Karaputugala South	GND	266
LK-3227105	Ullala Masmulla	Ullala Masmulla	GND	328
LK-3227110	Ullala West	Ullala West	GND	383
LK-3227115	Mapalana Mangin Ihala	Mapalana Mangin Ihala	GND	345
LK-3227120	Mapalana Mangin Pahala	Mapalana Mangin Pahala	GND	272
LK-3227125	Seewelgama	Seewelgama	GND	558
LK-3227130	Ihala Vitiyala North	Ihala Vitiyala North	GND	274
LK-3227135	Karagoda Uyangoda 1 Atha East	Karagoda Uyangoda 1 Atha East	GND	436
LK-3227140	Karagoda Uyangoda 1 Atha West	Karagoda Uyangoda 1 Atha West	GND	275
LK-3227145	Karagoda Uyangoda 2 West	Karagoda Uyangoda 2 West	GND	234
LK-3227150	Karagoda Uyangoda 2 East	Karagoda Uyangoda 2 East	GND	243
LK-3227155	Ihala Vitiyala West	Ihala Vitiyala West	GND	195
LK-3227160	Ihala Vitiyala South	Ihala Vitiyala South	GND	232
LK-3227165	Ihala Vitiyala East	Ihala Vitiyala East	GND	262
LK-3227170	Akurugoda	Akurugoda	GND	235
LK-3227175	Kahagala	Kahagala	GND	330
LK-3227180	Kahagala South	Kahagala South	GND	265
LK-3227185	Urapola East	Urapola East	GND	195
LK-3227190	Palolpitiya	Palolpitiya	GND	369
LK-3227195	Urapola West	Urapola West	GND	169
LK-3230	Hakmana	Hakmana	DSD	9127
LK-3230005	Denagama East	Denagama East	GND	301
LK-3230010	Denagama North	Denagama North	GND	305
LK-3230015	Denagama West	Denagama West	GND	223
LK-3230020	Badabadda	Badabadda	GND	404
LK-3230025	Meeella	Meeella	GND	314
LK-3230030	Pananwela East	Pananwela East	GND	241
LK-3230035	Pananwela West	Pananwela west	GND	151
LK-3230040	Kohuliyadda	Kohuliyadda	GND	225
LK-3230045	Kebiliyapola North	Kebiliyapola North	GND	118
LK-3230050	Wepathaira North	Wepathaira North	GND	216
LK-3230055	Wepathaira West	Wepathaira West	GND	194
LK-3230060	Kandegoda	Kandegoda	GND	185
LK-3230065	Narawelpita East	Narawelpita East	GND	259
LK-3230070	Narawelpita North	Narawelpita North	GND	373
LK-3230075	Ellewela East	Ellewela East	GND	243
LK-3230080	Ellewela West	Ellewela West	GND	385
LK-3230085	Narawelpita South	Narawelpita South	GND	237
LK-3230090	Beruwela	Beruwela	GND	229
LK-3230095	Muruthamuraya	Muruthamuraya	GND	205
LK-3230100	Muruthamuraya West	Muruthamuraya West	GND	234
LK-3230105	Muruthamuraya East	Muruthamuraya East	GND	236
LK-3230110	Wepathaira South	Wepathaira South	GND	314
LK-3230115	Kebiliyapola South	Kebiliyapola South	GND	318
LK-3230120	Gangodagama	Gangodagama	GND	302
LK-3230125	Pottewela	Pottewela	GND	209
LK-3230130	Lalpe	Lalpe	GND	392
LK-3230135	Gammedapitiya	Gammedapitiya	GND	271
LK-3230140	Udupeellegoda East	Udupeellegoda East	GND	321
LK-3230145	Udupeellegoda West	Udupeellegoda West	GND	351
LK-3230150	Kongala East	Kongala East	GND	183
LK-3230155	Kongala South	Kongala South	GND	299
LK-3230160	Kongala Central	Kongala Central	GND	276
LK-3230165	Kongala West	Kongala West	GND	291
LK-3230170	Narawelpita West	Narawelpita West	GND	322
LK-3233	Kirinda Puhulwella	Kirinda Puhulwella	DSD	5778
LK-3233005	Ovitigamuwa South	Ovitigamuwa South	GND	290
LK-3233010	Ovitigamuwa North	Ovitigamuwa North	GND	285
LK-3233015	Malwathugoda	Malwathugoda	GND	274
LK-3233020	Galkanda	Galkanda	GND	182
LK-3233025	Kirinda Mangin Pahala	Kirinda Mangin Pahala	GND	206
LK-3233030	Kirinda Mangin Ihala North	Kirinda Mangin Ihala North	GND	226
LK-3233035	Hettiyawala West	Hettiyawala West	GND	204
LK-3233040	Hettiyawala North	Hettiyawala North	GND	257
LK-3233045	Boraluketiya	Boraluketiya	GND	163
LK-3233050	Karathota	Karathota	GND	247
LK-3233055	Naradda	Naradda	GND	223
LK-3233060	Kumbalgoda	Kumbalgoda	GND	182
LK-3233065	Hettiyawala East	Hettiyawala East	GND	236
LK-3233070	Hettiyawala South	Hettiyawala South	GND	254
LK-3233075	Wavulanbokka	Wavulanbokka	GND	189
LK-3233080	Puhulwella East	Puhulwella East	GND	223
LK-3233085	Puhulwella West	Puhulwella West	GND	272
LK-3233090	Kirinda Mangin Ihala South	Kirinda Mangin Ihala South	GND	246
LK-3233095	Kirinda Mangin Ihala Central	Kirinda Mangin Ihala Central	GND	321
LK-3233100	Kirinda Mangin Ihala East	Kirinda Mangin Ihala East	GND	239
LK-3233105	Wathukolakanda East	Wathukolakanda East	GND	299
LK-3233110	Walakanda South	Walakanda South	GND	173
LK-3233115	Walakanda West	Walakanda West	GND	230
LK-3233120	Walakanda East	Walakanda East	GND	163
LK-3233125	Wathukolakanda North	Wathukolakanda North	GND	194
LK-3236	Thihagoda	Thihagoda	DSD	9668
LK-3236005	Pahala Vitiyala West	Pahala Vitiyala West	GND	265
LK-3236010	Pahala Vitiyala Central	Pahala Vitiyala Central	GND	275
LK-3236015	Pahala Vitiyala East	Pahala Vitiyala East	GND	196
LK-3236020	Polathugoda	Polathugoda	GND	276
LK-3236025	Batuvita 1	Batuvita 1	GND	323
LK-3236030	Batuvita 2	Batuvita 2	GND	267
LK-3236035	Medauyangoda	Medauyangoda	GND	403
LK-3236040	Akkara Panaha	Akkara Panaha	GND	219
LK-3236045	Yatiyana	Yatiyana	GND	326
LK-3236050	Kottawatta	Kottawatta	GND	160
LK-3236055	Komangoda 2	Komangoda 2	GND	178
LK-3236060	Komangoda 1	Komangoda 1	GND	147
LK-3236065	Thihagoda East	Thihagoda East	GND	303
LK-3236070	Thihagoda	Thihagoda	GND	240
LK-3236075	Kithalagama East 2	Kithalagama East 2	GND	98
LK-3236080	Kithalagama East 3	Kithalagama East 3	GND	176
LK-3236085	Kithalagama Central	Kithalagama Central	GND	271
LK-3236090	Narangala	Narangala	GND	284
LK-3236095	Wellethota	Wellethota	GND	360
LK-3236100	Kithalagama West	Kithalagama West	GND	222
LK-3236105	Kithalagama East 1	Kithalagama East 1	GND	129
LK-3236110	Naimbala 1	Naimbala 1	GND	163
LK-3236115	Kapudoowa	Kapudoowa	GND	199
LK-3236120	Kapudoowa East	Kapudoowa East	GND	193
LK-3236125	Uduwa West	Uduwa West	GND	159
LK-3236130	Uduwa East	Uduwa East	GND	220
LK-3236135	Galbada	Galbada	GND	160
LK-3236140	Naimbala 2	Naimbala 2	GND	350
LK-3236145	Bandattara 2	Bandattara 2	GND	238
LK-3236150	Watagedara East	Watagedara East	GND	205
LK-3236155	Attudawa	Attudawa	GND	191
LK-3236160	Attudawa West	Attudawa West	GND	261
LK-3236165	Watagedara	Watagedara	GND	261
LK-3236170	Nadugala 2	Nadugala 2	GND	260
LK-3236175	Nadugala 1	Nadugala 1	GND	320
LK-3236180	Bandattara 1	Bandattara 1	GND	266
LK-3236185	Elambathalagoda	Elambathalagoda	GND	151
LK-3236190	Palatuwa	Palatuwa	GND	300
LK-3236195	Unella	Unella	GND	309
LK-3236200	Dematahettigoda	Dematahettigoda	GND	344
LK-3239	Weligama	Weligama	DSD	19263
LK-3239005	Midigama North	Midigama North	GND	498
LK-3239010	Pathegama	Pathegama	GND	304
LK-3239015	Moodugamuwa West	Moodugamuwa West	GND	356
LK-3239020	Moodugamuwa East	Moodugamuwa East	GND	253
LK-3239025	Kohunugamuwa	Kohunugamuwa	GND	387
LK-3239030	Walana	Walana	GND	489
LK-3239035	Wekada	Wekada	GND	966
LK-3239040	Denuwala	Denuwala	GND	341
LK-3239045	Midigama West	Midigama West	GND	408
LK-3239050	Midigama East	Midigama East	GND	344
LK-3239055	Hetti Weediya	Hetti  Weediya	GND	627
LK-3239060	Aluth Weediya	Aluth Weediya	GND	717
LK-3239065	Polwatta	Polwatta	GND	613
LK-3239070	Nidangala	Nidangala	GND	254
LK-3239075	Kotavila West	Kotavila West	GND	408
LK-3239080	Kotavila North	Kotavila North	GND	486
LK-3239085	Kamburugamuwa North	Kamburugamuwa North	GND	1080
LK-3239090	Kotavila South	Kotavila South	GND	587
LK-3239095	Henwala East	Henwala East	GND	329
LK-3239100	Polwathumodara	Polwathumodara	GND	285
LK-3239105	Pelena North	Pelena North	GND	322
LK-3239110	Pelena West	Pelena West	GND	348
LK-3239115	Galbokka East	Galbokka East	GND	316
LK-3239120	Galbokka West	Galbokka West	GND	248
LK-3239125	Paranakade	Paranakade	GND	308
LK-3239130	Walliwala East	Walliwala East	GND	608
LK-3239135	Pitidoowa	Pitidoowa	GND	378
LK-3239140	Gurubebila	Gurubebila	GND	437
LK-3239145	Walliwala West	Walliwala West	GND	336
LK-3239150	Walliwala South	Walliwala South	GND	297
LK-3239155	Maha Weediya	Maha Weediya	GND	361
LK-3239160	Pelena South	Pelena South	GND	255
LK-3239165	Henwala West	Henwala West	GND	264
LK-3239170	Garanduwa	Garanduwa	GND	306
LK-3239175	Mirissa Udumulla	Mirissa Udumulla	GND	339
LK-3239180	Mirissa Udupila	Mirissa Udupila	GND	459
LK-3239185	Mirissa North	Mirissa North	GND	320
LK-3239190	Mirissa South 2	Mirissa South 2	GND	350
LK-3239195	Kapparathota South	Kapparathota South	GND	269
LK-3239200	Kapparathota North	Kapparathota North	GND	458
LK-3239205	Mirissa South 1	Mirissa South 1	GND	285
LK-3239210	Bandaramulla	Bandaramulla	GND	401
LK-3239215	Thal Aramba North	Thal Aramba North	GND	487
LK-3239220	Thudella	Thudella	GND	286
LK-3239225	Kamburugamuwa South	Kamburugamuwa South	GND	409
LK-3239230	Kamburugamuwa West	Kamburugamuwa West	GND	233
LK-3239235	Thal Aramba East	Thal Aramba East	GND	208
LK-3239240	Thal Aramba South	Thal Aramba South	GND	243
LK-3242	Matara Four Gravets	Matara Four Gravets	DSD	32080
LK-3242005	Deeyagaha East	Deeyagaha East	GND	311
LK-3242010	Kekanadura East	Kekanadura East	GND	565
LK-3242015	Kokawala	Kokawala	GND	264
LK-3242020	Parawahera East	Parawahera East	GND	350
LK-3242025	Parawahera North	Parawahera North	GND	438
LK-3242030	Kekanadura North	Kekanadura North	GND	206
LK-3242035	Kekanadura Central	Kekanadura Central	GND	538
LK-3242040	Deeyagaha West	Deeyagaha West	GND	303
LK-3242045	Navimana North	Navimana North	GND	133
LK-3242050	Pahalagoda	Pahalagoda	GND	219
LK-3242055	Navimana South	Navimana South	GND	494
LK-3242060	Thudawa East	Thudawa East	GND	342
LK-3242065	Thudawa North	Thudawa North	GND	241
LK-3242070	Thudawa South	Thudawa South	GND	408
LK-3242075	Sudarshi Place	Sudarshi Place	GND	441
LK-3242080	Hittatiya East	Hittetiya East	GND	650
LK-3242085	Hittatiya Meda	Hittetiya Meda	GND	1121
LK-3242090	Godagama	Godagama	GND	660
LK-3242095	Eduwa - Madurudoowa	Eduwa - Madurudoowa	GND	299
LK-3242100	Kanattagoda North	Kanattagoda North	GND	499
LK-3242105	Wewahamandoowa	Wewahamandoowa	GND	897
LK-3242110	Hittatiya West	Hittetiya West	GND	426
LK-3242115	Isadeen Town	Isadeen Town	GND	653
LK-3242120	Weliweriya West	Weliweriya West	GND	373
LK-3242125	Weliweriya East	Weliweriya East	GND	716
LK-3242130	Walpala	Walpala	GND	700
LK-3242135	Weragampita	Weragampita	GND	923
LK-3242140	Ruwan Ella	Ruwan Ella	GND	433
LK-3242145	Kekanadura West	Kekanadura West	GND	208
LK-3242150	Kekanadura South	Kekanadura South	GND	724
LK-3242155	Parawahera South	Parawahera South	GND	524
LK-3242160	Thalpavila North	Thalpavila North	GND	1102
LK-3242165	Nakuttiya	Nakuttiya	GND	288
LK-3242170	Veherahena	Veherahena	GND	809
LK-3242175	Makavita	Makavita	GND	389
LK-3242180	Weradoowa	Weradoowa	GND	354
LK-3242185	Uyanwatta	Uyanwatta	GND	606
LK-3242190	Uyanwatta North	Uyanwatta North	GND	659
LK-3242195	Kadeweediya East	Kadeweediya East	GND	498
LK-3242200	Kadeweediya West	Kadeweediya West	GND	500
LK-3242205	Welegoda East	Welegoda East	GND	933
LK-3242210	Welegoda West	Welegoda West	GND	545
LK-3242215	Mathotagama	Mathotagama	GND	460
LK-3242220	Walgama North	Walgama North	GND	739
LK-3242225	Kanattegoda South	Kanattagoda South	GND	334
LK-3242230	Madiha West	Madiha West	GND	619
LK-3242235	Walgama	Walgama	GND	783
LK-3242240	Walgama Meda	Walgama Meda	GND	523
LK-3242245	Walgama South	Walgama South	GND	568
LK-3242250	Madiha East	Madiha East	GND	268
LK-3242255	Polhena	Polhena	GND	588
LK-3242260	Pamburana	Pamburana	GND	757
LK-3242265	Noope	Noope	GND	214
LK-3242270	Kadeweediya South	Kadeweediya South	GND	281
LK-3242275	Thotamuna	Thotamuna	GND	414
LK-3242280	Fort	Fort	GND	187
LK-3242285	Kotuwegoda North	Kotuwegoda North	GND	287
LK-3242290	Eliyakanda North	Eliyakanda North	GND	294
LK-3242295	Meddawatta	Meddawatta	GND	432
LK-3242300	Rassandeniya	Rassandeniya	GND	619
LK-3242305	Wewa Ihalagoda	Wewa Ihalagoda	GND	501
LK-3242310	Thalpavila South	Thalpavila South	GND	360
LK-3242315	Gandarawatta	Gandarawatta	GND	260
LK-3242320	Meddawatta South	Meddawatta South	GND	218
LK-3242325	Eliyakanda South	Eliyakanda South	GND	413
LK-3242330	Kotuwegoda South	Kotuwegoda South	GND	219
LK-3245	Devinuwara	Devinuwara	DSD	13098
LK-3245005	Kadawedduwa West	Kadawedduwa West	GND	398
LK-3245010	Kadawedduwa East	Kadawedduwa East	GND	203
LK-3245015	Walbulugahahena	Walbulugahahena	GND	297
LK-3245020	Aparekka North	Aparekka North	GND	163
LK-3245025	Uda Aparekka East	Uda Aparekka East	GND	405
LK-3245030	Uda Aparekka	Uda Aparekka	GND	480
LK-3245035	Palle Aparekka	Palle Aparekka	GND	251
LK-3245040	Agarawala	Agarawala	GND	227
LK-3245045	Beddegammedda	Beddegammedda	GND	357
LK-3245050	Pathegama East	Pathegama East	GND	121
LK-3245055	Pathegama North	Pathegama North	GND	145
LK-3245060	Naotunna	Naotunna	GND	340
LK-3245065	Naotunna North	Naotunna North	GND	210
LK-3245070	Thalalla North	Thalalla North	GND	370
LK-3245075	Thalalla East	Thalalla East	GND	302
LK-3245080	Thalalla South	Thalalla South	GND	409
LK-3245085	Naotunna Central	Naotunna Central	GND	191
LK-3245090	Naotunna South	Naotunna South	GND	222
LK-3245095	Thalalla Central	Thalalla Central	GND	375
LK-3245100	Delgalla	Delgalla	GND	272
LK-3245105	Kapugama North	Kapugama North	GND	469
LK-3245110	Kapugama West	Kapugama West	GND	299
LK-3245115	Gandarawatta South	Gandarawatta South	GND	258
LK-3245120	Kapugama Central	Kapugama Central	GND	434
LK-3245125	Kapugama East	Kapugama East	GND	1131
LK-3245130	Gandara East	Gandara East	GND	315
LK-3245135	Thalalla	Thalalla	GND	373
LK-3245140	Gandara South	Gandara South	GND	210
LK-3245145	Gandara Central	Gandara Central	GND	221
LK-3245150	Gandara West	Gandara West	GND	471
LK-3245155	Devinuwara North	Devinuwara North	GND	666
LK-3245160	Devinuwara Central	Devinuwara Central	GND	256
LK-3245165	Devinuwara Nugegoda	Devinuwara Nugegoda	GND	404
LK-3245170	Devinuwara West	Devinuwara West	GND	138
LK-3245175	Devinuwara East	Devinuwara East	GND	266
LK-3245180	Devinuwara Wawwa	Devinuwara Wawwa	GND	415
LK-3245185	Devinuwara Pradeepagara Pedesa	Devinuwara Pradeepagara Pedesa	GND	275
LK-3245190	Devinuwara	Devinuwara	GND	106
LK-3245195	Devinuwara Welegoda	Devinuwara Welegoda	GND	207
LK-3245200	Devinuwara Sinhasana Pedesa	Devinuwara Sinhasana Pedesa	GND	230
LK-3245205	Devinuwara South	Devinuwara  South	GND	216
LK-3248	Dikwella	Dickwella	DSD	15073
LK-3248005	Urugamuwa North	Urugamuwa North	GND	150
LK-3248010	Bodarakanda	Bodarakanda	GND	224
LK-3248015	Urugamuwa East	Urugamuwa East	GND	261
LK-3248020	Urugamuwa Central	Urugamuwa Central	GND	242
LK-3248025	Urugamuwa West	Urugamuwa West	GND	183
LK-3248030	Dandeniya North	Dandeniya North	GND	320
LK-3248035	Urugamuwa South	Urugamuwa South	GND	248
LK-3248040	Rannawala	Rannawala	GND	249
LK-3248045	Urugamuwa	Urugamuwa	GND	248
LK-3248050	Wehella	Wehella	GND	292
LK-3248055	Wehella North	Wehella North	GND	196
LK-3248060	Dandeniya South	Dandeniya South	GND	249
LK-3248065	Bambarenda North	Bambarenda North	GND	447
LK-3248070	Pohosathugoda	Pohosathugoda	GND	185
LK-3248075	Rathmale	Rathmale	GND	289
LK-3248080	Bambarenda Central	Bambarenda Central	GND	460
LK-3248085	Wehella South	Wehella South	GND	165
LK-3248090	Wattegama	Wattegama	GND	304
LK-3248095	Wattegama North	Wattegama North	GND	361
LK-3248100	Walasgala West	Walasgala West	GND	242
LK-3248105	Walasgala East	Walasgala East	GND	483
LK-3248110	Wevurukannala	Wevurukannala	GND	332
LK-3248115	Dickwella North	Dickwella North	GND	534
LK-3248120	Dodampahala North	Dodampahala North	GND	453
LK-3248125	Dodampahala East	Dodampahala East	GND	575
LK-3248130	Dodampahala Central	Dodampahala Central	GND	320
LK-3248135	Dodampahala West	Dodampahala West	GND	394
LK-3248140	Dodampahala South	Dodampahala South	GND	415
LK-3248145	Dickwella East	Dickwella East	GND	301
LK-3248150	Dickwella Central	Dickwella Central	GND	362
LK-3248155	Dickwella Muslim Yonakapura East	Dickwella Muslim Yonakapura East	GND	281
LK-3248160	Dickwella Muslim Yonakapura West	Dickwella Muslim Yonakapura West	GND	138
LK-3248165	Dickwella South	Dickwella South	GND	324
LK-3248170	Wattegama South	Wattegama South	GND	511
LK-3248175	Batheegama East	Batheegama East	GND	273
LK-3248180	Batheegama Central	Batheegama  Central	GND	545
LK-3248185	Batheegama West	Batheegama West	GND	301
LK-3248190	Bambarenda East	Bambarenda East	GND	251
LK-3248195	Bambarenda South	Bambarenda South	GND	457
LK-3248200	Bambarenda West	Bambarenda West	GND	303
LK-3248205	Belideniya	Belideniya	GND	241
LK-3248210	Pathegama Central	Pathegama Central	GND	285
LK-3248215	Pathegama South	Pathegama South	GND	543
LK-3248220	Beliwatta	Beliwatta	GND	343
LK-3248225	Suduwella	Suduwella	GND	196
LK-3248230	Kottagoda	Kottagoda	GND	149
LK-3248235	Godauda	Godauda	GND	112
LK-3248240	Lunukalapuwa	Lunukalapuwa	GND	336
LK-33	Hambantota	Hambantota	DISTRICT	187558
LK-3303	Sooriyawewa	Sooriyawewa	DSD	14365
LK-3303005	Ihala Kumbukwewa	Ihala Kumbukwewa	GND	183
LK-3303010	Mahagalwewa	Mahagalwewa	GND	425
LK-3303015	Meegaha Jadura	Meegaha Jandura	GND	440
LK-3303020	Ranmuduwewa	Ranmuduwewa	GND	356
LK-3303025	Weliwewa	Weliwewa	GND	551
LK-3303030	Suravirugama	Suravirugama	GND	916
LK-3303035	Samajasewapura	Samajasewapura	GND	806
LK-3303040	Weeriyagama	Weeriyagama	GND	759
LK-3303045	Hathporuwa	Hathporuwa	GND	835
LK-3303050	Weniwel Ara	Weniwel Ara	GND	803
LK-3303055	Aliolu Ara	Aliolu Ara	GND	668
LK-3303060	Sooriyawewa Town	Sooriyawewa Town	GND	1027
LK-3303065	Viharagala	Viharagala	GND	853
LK-3303070	Beddewewa	Beddewewa	GND	651
LK-3303075	Mahawelikada Ara	Mahawelikada Ara	GND	679
LK-3303080	Andarawewa	Andarawewa	GND	961
LK-3303085	Namadagaswewa	Namadagaswewa	GND	643
LK-3303090	Mahapelessa	Mahapelessa	GND	579
LK-3303095	Bediganthota	Bediganthota	GND	518
LK-3303100	Habarattawala	Habarattawala	GND	326
LK-3303105	Wediwewa	Wediwewa	GND	1386
LK-3306	Lunugamwehera	Lunugamvehera	DSD	10381
LK-3306005	Maha Aluth Gam Ara	Maha Aluth Gam Ara	GND	256
LK-3306010	Angunakolawewa	Angunakolawewa	GND	98
LK-3306015	Veheragala	Veheragala	GND	122
LK-3306020	Ranawarnawa	Ranawarnawa	GND	479
LK-3306025	Dewramvehera	Dewramvehera	GND	434
LK-3306030	Bogahawewa	Bogahawewa	GND	251
LK-3306035	Padavigama	Padavigama	GND	582
LK-3306040	Punchiappujandura	Punchiappujandura	GND	319
LK-3306045	Lunugamvehera New Town	Lunugamvehera New Town	GND	845
LK-3306050	Seenimunna	Seenimunna	GND	304
LK-3306055	Kendagasmankada	Kendagasmankada	GND	554
LK-3306060	Mahanagapura	Mahanagapura	GND	349
LK-3306065	Muwanwewa	Muwanwewa	GND	190
LK-3306070	Weeravil Ara	Weeravil Ara	GND	96
LK-3306075	Ittanwekada	Ittanwekada	GND	223
LK-3306080	Mattala	Mattala	GND	262
LK-3306085	Pahala Mattala	Pahala Mattala	GND	182
LK-3306090	Mihindupura	Mihindupura	GND	365
LK-3306095	Abhayapura	Abhayapura	GND	178
LK-3306100	Singhapura	Singhapura	GND	232
LK-3306105	Senapura	Senapura	GND	246
LK-3306110	Agbopura	Agbopura	GND	375
LK-3306115	Karambawewa	Karambawewa	GND	324
LK-3306120	Rambukwewa	Rambukwewa	GND	466
LK-3306125	Keerthipura	Keerthipura	GND	136
LK-3306130	Samanpura	Samanpura	GND	177
LK-3306135	Ranasiripura	Ranasiripura	GND	357
LK-3306140	Weeravila	Weeravila	GND	378
LK-3306145	Weligatta	Weligatta	GND	86
LK-3306150	Beralihela	Beralihela	GND	217
LK-3306155	Dutugemunupura	Dutugemunupura	GND	283
LK-3306160	Jayagama	Jayagama	GND	295
LK-3306165	Parakramapura	Parakramapura	GND	125
LK-3306170	Saddhathissapura	Saddhathissapura	GND	281
LK-3306175	Saddhathissapura New Town	Saddhathissapura New Town	GND	134
LK-3306180	Saliyapura	Saliyapura	GND	180
LK-3309	Thissamaharama	Thissamaharama	DSD	20935
LK-3309005	Kawanthissapura	Kawanthissapura	GND	543
LK-3309010	Kirinda	Kirinda	GND	857
LK-3309015	Uddhakandara	Uddhakandara	GND	786
LK-3309020	Joolpallama	Joolpallama	GND	1074
LK-3309025	Weerahela	Weerahela	GND	789
LK-3309030	Vijithapura	Vijithapura	GND	585
LK-3309035	Ellagala	Ellagala	GND	591
LK-3309040	Anjaligala	Anjaligala	GND	351
LK-3309045	Pannagamuwa	Pannagamuwa	GND	634
LK-3309050	Dambewelena	Dambewelena	GND	313
LK-3309055	Mahindapura	Mahindapura	GND	450
LK-3309060	Gemunupura	Gemunupura	GND	431
LK-3309065	Ekamuthugama	Ekamuthugama	GND	435
LK-3309070	Sandungama	Sandungama	GND	395
LK-3309075	Debarawewa	Debarawewa	GND	417
LK-3309080	Kachcheriyagama	Kachcheriyagama	GND	243
LK-3309085	Sandagiripura	Sandagiripura	GND	443
LK-3309090	Mahasenpura	Mahasenpura	GND	729
LK-3309095	Shuddha Nagaraya	Shuddha Nagaraya	GND	234
LK-3309100	Medawelena	Medawelena	GND	500
LK-3309105	Rohanapura	Rohanapura	GND	312
LK-3309110	Senapura	Senapura	GND	531
LK-3309115	Gangasiripura	Gangasiripura	GND	579
LK-3309120	Polgahawelena	Polgahawelena	GND	298
LK-3309125	Randunu Watta	Randunuwatta	GND	360
LK-3309130	Molakepoopathana	Molakepoopathana	GND	352
LK-3309135	Thissapura	Thissapura	GND	743
LK-3309140	Uduvila	Uduvila	GND	387
LK-3309145	Rubberwatta	Rubberwatta	GND	377
LK-3309150	Thissamaharama	Thissamaharama	GND	404
LK-3309155	Gotabhayapura	Gotabhayapura	GND	559
LK-3309160	Rana Keliya	Rana Keliya	GND	382
LK-3309165	Viharamahadevipura	Viharamahadevipura	GND	716
LK-3309170	Yodhakandiya	Yodhakandiya	GND	487
LK-3309175	Welipothewala	Welipothewela	GND	279
LK-3309180	Halmillawa	Halmillawa	GND	182
LK-3309185	Rathnelumwalayaya	Rathnelumwalayaya	GND	378
LK-3309190	Gonagamuwa	Gonagamuwa	GND	295
LK-3309195	Saliyapura	Saliyapura	GND	333
LK-3309200	Nedigamvila	Nedigamvila	GND	350
LK-3309205	Wijayapura	Wijayapura	GND	436
LK-3309210	Konwelena	Konwelena	GND	424
LK-3309215	Magama	Magama	GND	290
LK-3309220	Andaragasyaya	Andaragasyaya	GND	681
LK-3312	Hambantota	Hambantota	DSD	18259
LK-3312005	Elalla	Elalla	GND	494
LK-3312010	Ketenwewa	Ketenwewa	GND	210
LK-3312015	Thammennawa	Thammennawa	GND	562
LK-3312020	Badagiriya	Badagiriya	GND	405
LK-3312025	Yahangala East	Yahangala East	GND	271
LK-3312030	Joolgamuwa	Joolgamuwa	GND	391
LK-3312035	Yahangala West	Yahangala West	GND	310
LK-3312040	Keliyapura	Keliyapura	GND	844
LK-3312045	Gonnoruwa	Gonnoruwa	GND	416
LK-3312050	Bellagaswewa	Bellagaswewa	GND	537
LK-3312055	Galwewa	Galwewa	GND	1043
LK-3312060	Siyambalagasvila South	Siyambalagasvila South	GND	409
LK-3312065	Siyambalagasvila North	Siyambalagasvila North	GND	353
LK-3312070	Udaberagama	Udaberagama	GND	481
LK-3312075	Arawanamulla	Arawanamulla	GND	567
LK-3312080	Pahala Beragama	Pahala Beragama	GND	461
LK-3312085	Dehigahalanda	Dehigahalanda	GND	333
LK-3312090	Walawa	Walawa	GND	472
LK-3312095	Godawaya	Godawaya	GND	577
LK-3312100	Sisilasagama	Sisilasagama	GND	1013
LK-3312105	Manajjawa	Manajjawa	GND	848
LK-3312110	Samodagama	Samodagama	GND	649
LK-3312115	Mirijjavila	Mirijjavila	GND	579
LK-3312120	Hambantota West	Hambantota West	GND	1571
LK-3312125	Hambantota East	Hambantota East	GND	217
LK-3312130	Siribopura	Siribopura	GND	2233
LK-3312135	Koholankala	Koholankala	GND	955
LK-3312140	Pallemalala	Pallemalala	GND	519
LK-3312145	Bundala	Bundala	GND	155
LK-3312150	Siriyagama	Siriyagama	GND	384
LK-3315	Ambalantota	Ambalantota	DSD	22250
LK-3315005	Siyambalakote	Siyambalakote	GND	307
LK-3315010	Barawakumbuka	Barawakumbuka	GND	580
LK-3315015	Thaligala	Thaligala	GND	487
LK-3315020	Liyangasthota	Liyangasthota	GND	541
LK-3315025	Wetiya	Wetiya	GND	394
LK-3315030	Murawesihena	Murawesihena	GND	524
LK-3315035	Mahajandura	Mahajandura	GND	379
LK-3315040	Handunkatuwa	Handunkatuwa	GND	460
LK-3315045	Rote	Rote	GND	689
LK-3315050	Hedavinna	Hedavinna	GND	471
LK-3315055	Ridiyagama	Ridiyagama	GND	488
LK-3315060	Punchihenayagama	Punchihenayagama	GND	357
LK-3315065	Poliyarwatta	Poliyarwatta	GND	233
LK-3315070	Godakoggalla	Godakoggala	GND	330
LK-3315075	Koggalla	Koggalla	GND	493
LK-3315080	Modara Piliwala	Modarapiliwala	GND	296
LK-3315085	Bolana North	Bolana North	GND	399
LK-3315090	Jansagama	Jansagama	GND	389
LK-3315095	Mamadala South	Mamadala South	GND	555
LK-3315100	Mamadala North	Mamadala North	GND	311
LK-3315105	Ethbatuwa	Ethbatuwa	GND	433
LK-3315110	Mulana	Mulana	GND	460
LK-3315115	Eraminiyaya	Eraminiyaya	GND	435
LK-3315120	Ihalagama	Ihalagama	GND	550
LK-3315125	Deniya	Deniya	GND	240
LK-3315130	Elegoda West	Elegoda West	GND	194
LK-3315135	Elegoda East	Elegoda East	GND	344
LK-3315140	Beminiyanvila	Beminiyanvila	GND	276
LK-3315145	Walawewatta West	Walawewatta West	GND	281
LK-3315150	Walawewatta East	Walawewatta East	GND	286
LK-3315155	Bolana South	Bolana South	GND	443
LK-3315160	Kudabolana	Kuda Bolana	GND	282
LK-3315165	Palugaha Godella	Palugahagodella	GND	353
LK-3315170	Rotawala	Rotawala	GND	455
LK-3315175	Uhapitagoda	Uhapitagoda	GND	944
LK-3315180	Miniethiliya	Miniethiliya	GND	303
LK-3315185	Pingama	Pingama	GND	273
LK-3315190	Pallegama	Pallegama	GND	361
LK-3315195	Hungama	Hungama	GND	690
LK-3315200	Bataatha North	Bataatha North	GND	398
LK-3315205	Bataatha South	Bataatha South	GND	642
LK-3315210	Hathagala	Hathagala	GND	187
LK-3315215	Kivula South	Kivula South	GND	249
LK-3315220	Kivula North	Kivula North	GND	218
LK-3315225	Lunama North	Lunama North	GND	394
LK-3315230	Lunama South	Lunama South	GND	449
LK-3315235	Nonagama	Nonagama	GND	422
LK-3315240	Ekkassa	Ekkassa	GND	509
LK-3315245	Welipatanvila	Welipatanvila	GND	216
LK-3315250	Malpettawa	Malpettawa	GND	328
LK-3315255	Puhulyaya	Puhulyaya	GND	367
LK-3315260	Ambalanthota North	Ambalantota North	GND	362
LK-3315265	Ambalanthota South	Ambalantota South	GND	310
LK-3315270	Wanduruppa	Wanduruppa	GND	531
LK-3315275	Thawaluvila	Thawaluvila	GND	382
LK-3318	Angunakolapelessa	Angunakolapelessa	DSD	15372
LK-3318005	Kariyamaditta	Kariyamaditta	GND	176
LK-3318010	Dabarella North	Dabarella North	GND	249
LK-3318015	Rathmalwala	Rathmalwala	GND	291
LK-3318020	Kailawelpotawa	Kailawelpotawa	GND	183
LK-3318025	Kendaketiya	Kendaketiya	GND	535
LK-3318030	Dabarella South	Dabarella South	GND	182
LK-3318035	Thalawa North	Thalawa North	GND	306
LK-3318040	Thalawa South	Thalawa South	GND	374
LK-3318045	Debokkawa South	Debokkawa South	GND	337
LK-3318050	Debokkawa North	Debokkawa North	GND	265
LK-3318055	Uswewa	Uswewa	GND	287
LK-3318060	Metigathwala	Metigathwala	GND	202
LK-3318065	Amarathungagama	Amarathungama	GND	336
LK-3318070	Sooriyapokuna	Sooriyapokuna	GND	279
LK-3318075	Pahalagama	Pahalagama	GND	535
LK-3318080	Kohombagaswewa	Kohombagaswewa	GND	214
LK-3318085	Dikwewa	Dikwewa	GND	338
LK-3318090	Abesekaragama	Abesekaragama	GND	132
LK-3318095	Kalawelwala	Kalawelwala	GND	192
LK-3318100	Meda Ara	Meda Ara	GND	161
LK-3318105	Binkama	Binkama	GND	442
LK-3318110	Karagahawala	Karagahawala	GND	237
LK-3318115	Dandenigama	Dandenigama	GND	252
LK-3318120	Guruwala	Guruwala	GND	439
LK-3318125	Weeragaswewa	Weeragaswewa	GND	169
LK-3318130	Gajanayakagama	Gajanayakagama	GND	298
LK-3318135	Medagoda	Medagoda	GND	205
LK-3318140	Dimbulgoda	Dimbulgoda	GND	218
LK-3318145	Attanayala East	Attanayala East	GND	235
LK-3318150	Attanayala West	Attanayala West	GND	275
LK-3318155	Wakamulla	Wakamulla	GND	268
LK-3318160	Heenbunna	Heenbunna	GND	399
LK-3318165	Makuladeniya	Makuladeniya	GND	134
LK-3318170	Udayala	Udayala	GND	449
LK-3318175	Medayala	Medayala	GND	191
LK-3318180	Bogamuwa	Bogamuwa	GND	259
LK-3318185	Daha Amuna	Daha Amuna	GND	270
LK-3318190	Julamulla	Julamulla	GND	294
LK-3318195	Jandura	Jandura	GND	741
LK-3318200	Helekada	Helekada	GND	537
LK-3318205	Aluthwewa	Aluthwewa	GND	317
LK-3318210	Kankanamgama	Kankanamgama	GND	223
LK-3318215	Achariyagama	Achariyagama	GND	377
LK-3318220	Angunakolapelessa	Angunakolapelessa	GND	289
LK-3318225	Yakagala	Yakagala	GND	806
LK-3318230	Gurunnehege Ara	Gurunnehege Ara	GND	263
LK-3318235	Kotawaya	Kotawaya	GND	114
LK-3318240	Netalaporuwa	Netalaporuwa	GND	210
LK-3318245	Hakuruwela	Hakuruwela	GND	178
LK-3318250	Indigetawela	Indigetawela	GND	335
LK-3318255	Thalamporuwa	Thalamporuwa	GND	374
LK-3321	Weeraketiya	Weeraketiya	DSD	13610
LK-3321005	Mulanyaya	Mulanyaya	GND	337
LK-3321010	Handapangalageaina	Handapangala Ayna	GND	115
LK-3321015	Heellage Ayna	Heellage Ayna	GND	201
LK-3321020	Kudagal Ara	Kudagal Ara	GND	208
LK-3321025	Okandayaya North	Okandayaya North	GND	202
LK-3321030	Okandayaya West	Okandayaya West	GND	167
LK-3321035	Kaluwagahayaya	Kaluwagahayaya	GND	209
LK-3321040	Ihala Gonadeniya	Ihala Gonadeniya	GND	219
LK-3321045	Debokkawa West	Debokkawa West	GND	239
LK-3321050	Debokkawa East	Debokkawa East	GND	195
LK-3321055	Wekandawala North	Wekandawala North	GND	154
LK-3321060	Pahala Gonadeniya	Pahala Gonadeniya	GND	250
LK-3321065	Kuda Bibula North	Kuda Bibula North	GND	264
LK-3321070	Galpottayaya North	Galpottayaya North	GND	317
LK-3321075	Galpottayaya South	Galpottayaya South	GND	149
LK-3321080	Malhewage Ayna	Malhewage Ayna	GND	161
LK-3321085	Kandamaditta	Kandamaditta	GND	135
LK-3321090	Meegas Ara	Meegas Ara	GND	404
LK-3321095	Kuda Bibula South	Kuda Bibula South	GND	175
LK-3321100	Abakolawewa South	Abakolawewa South	GND	103
LK-3321105	Abakolawewa North	Abakolawewa North	GND	223
LK-3321110	Morayaya North	Morayaya North	GND	131
LK-3321115	Morayaya South	Morayaya South	GND	222
LK-3321120	Kemegala	Kemegala	GND	205
LK-3321125	Wekandawala South	Wekandawala South	GND	228
LK-3321130	Thelambuyaya	Thelambuyaya	GND	139
LK-3321135	Siyambalaheddewa	Siyambalaheddewa	GND	126
LK-3321140	Degampotha	Degampotha	GND	274
LK-3321145	Kinchigune West	Kinchigune West	GND	109
LK-3321150	Medagama	Medagama	GND	258
LK-3321155	Raluwa	Raluwa	GND	313
LK-3321160	Kinchigune South	Kinchigune South	GND	172
LK-3321165	Kinchigune East	Kinchigune East	GND	189
LK-3321170	Medamulana	Medamulana	GND	520
LK-3321175	Yakgasmulla	Yakgasmulla	GND	344
LK-3321180	Udukirivala	Udukirivila	GND	255
LK-3321185	Buddhiyagama North	Buddhiyagama North	GND	314
LK-3321190	Keppitiyawa North	Keppitiyawa North	GND	248
LK-3321195	Ittademaliya East	Ittademaliya East	GND	184
LK-3321200	Ittademaliya West	Ittademaliya West	GND	143
LK-3321205	Ittademaliya South	Ittademaliya South	GND	153
LK-3321210	Athubode West	Athubode West	GND	159
LK-3321215	Athubode East	Athubode East	GND	147
LK-3321220	Keppitiyawa South	Keppitiyawa South	GND	190
LK-3321225	Buddhiyagama West	Buddhiyagama West	GND	267
LK-3321230	Buddhiyagama East	Buddhiyagama East	GND	409
LK-3321235	Weeraketiya West	Weeraketiya West	GND	292
LK-3321240	Mandaduwa	Mandaduwa	GND	223
LK-3321245	Agrahera	Agrahera	GND	349
LK-3321250	Weeraketiya East	Weeraketiya East	GND	462
LK-3321255	Mulgirigala East	Mulgirigala East	GND	328
LK-3321260	Mulgirigala North	Mulgirigala North	GND	136
LK-3321265	Mulgirigala West	Mulgirigala West	GND	214
LK-3321270	Mulgirigala South	Mulgirigala South	GND	285
LK-3321275	Bedigama West	Bedigama West	GND	145
LK-3321280	Bedigama North	Bedigama North	GND	208
LK-3321285	Bedigama East	Bedigama East	GND	179
LK-3321290	Bedigama South	Bedigama South	GND	329
LK-3321295	Kuda Bedigama	Kuda Bedigama	GND	181
LK-3321300	Medagoda	Medagoda	GND	153
LK-3324	Katuwana	Katuwana	DSD	15091
LK-3324005	Karivilakanda	Karivilakanda	GND	210
LK-3324010	Medakanda	Medakanda	GND	500
LK-3324015	Hingurakanda	Hingurakanda	GND	246
LK-3324020	Uda Alupothdeniya	Uda Alupothdeniya	GND	225
LK-3324025	Alupothdeniya Pahala	Alupothdeniya Pahala	GND	91
LK-3324030	Kohomporuwa	Kohomporuwa	GND	244
LK-3324035	Gangulandeniya	Gangulandeniya	GND	93
LK-3324040	Ambagas Ara	Ambagas Ara	GND	308
LK-3324045	Labuhengoda	Labuhengoda	GND	179
LK-3324050	Sapugahayaya	Sapugahayaya	GND	314
LK-3324055	Hellala	Hellala	GND	280
LK-3324060	Middeniya North	Middeniya North	GND	375
LK-3324065	Middeniya East	Middeniya East	GND	535
LK-3324070	Kudagoda West	Kudagoda West	GND	204
LK-3324075	Kudagoda East	Kudagoda East	GND	161
LK-3324080	Dambethalawa	Dambethalawa	GND	258
LK-3324085	Murungasyaya East	Murungasyaya East	GND	367
LK-3324090	Murungasyaya West	Murungasyaya West	GND	324
LK-3324095	Middeniya West	Middeniya West	GND	394
LK-3324100	Welipitiya East	Welipitiya East	GND	173
LK-3324105	Welipitiya	Welipitiya	GND	223
LK-3324110	Welipitiya West	Welipitiya West	GND	246
LK-3324115	Ritigaha Yaya	Ritigaha Yaya	GND	383
LK-3324120	Thalwatta	Thalwatta	GND	382
LK-3324125	Meemanakoladeniya	Meemanakoladeniya	GND	498
LK-3324130	Siyambalamuraya	Siyambalamuraya	GND	298
LK-3324135	Udawelmulla	Udawelmulla	GND	140
LK-3324140	Siyarapitiya	Siyarapitiya	GND	196
LK-3324145	Kehelwatta	Kehelwatta	GND	143
LK-3324150	Udagomadiya	Udagomadiya	GND	403
LK-3324155	Bengamukanda	Bengamukanda	GND	206
LK-3324160	Dangalakanda	Dangalakanda	GND	236
LK-3324165	Rukmalpitiya	Rukmalpitiya	GND	235
LK-3324170	Gallindamulla	Gallindamulla	GND	215
LK-3324175	Katuwana	Katuwana	GND	470
LK-3324180	Pangamvilayaya	Pangamvilayaya	GND	295
LK-3324185	Ulahitiyawa West	Ulahitiyawa West	GND	215
LK-3324190	Ulahitiyawa	Ulahitiyawa	GND	122
LK-3324195	Ulahitiyawa East	Ulahitiyawa East	GND	246
LK-3324200	Adalugoda	Adalugoda	GND	189
LK-3324205	Mellaketigoda	Mellaketigoda	GND	193
LK-3324210	Araboda	Araboda	GND	200
LK-3324215	Horavinna	Horavinna	GND	260
LK-3324220	Hediwatta	Hediwatta	GND	214
LK-3324225	Weerakkuttigoda	Weerakkuttigoda	GND	333
LK-3324230	Ranasingoda	Ranasingoda	GND	274
LK-3324235	Obadagahadeniya	Obadagahadeniya	GND	251
LK-3324240	Wathukanda	Wathukanda	GND	291
LK-3324245	Kongasthenna	Kongasthenna	GND	210
LK-3324250	Galpothukanda	Galpothukanda	GND	241
LK-3324255	Ambagahahena	Ambagahahena	GND	327
LK-3324260	Karametiya	Karametiya	GND	346
LK-3324265	Puwakgas Ara	Puwakgas Ara	GND	261
LK-3324270	Binthenna	Binthenna	GND	252
LK-3324275	Bookandayaya	Bookendayaya	GND	207
LK-3324280	Walgammulla	Walgammulla	GND	409
LK-3325	Walasmulla	Walasmulla	DSD	13427
LK-3325005	Rammala	Rammala	GND	234
LK-3325010	Saputhanthirikanda	Saputhanthirikanda	GND	196
LK-3325015	Warapitiya	Warapitiya	GND	238
LK-3325020	Keredeniya	Keredeniya	GND	200
LK-3325025	Haggitha Kanda North	Haggitha kanda North	GND	239
LK-3325030	Konkarahena	Konkarahena	GND	273
LK-3325035	Mapitakanda	Mapitakanda	GND	319
LK-3325040	Radani Ara	Radani Ara	GND	272
LK-3325045	Namaneliya	Namaneliya	GND	226
LK-3325050	Udahagoda	Udahagoda	GND	367
LK-3325055	Weedikanda	Weedikanda	GND	224
LK-3325060	Galwadiya	Galwadiya	GND	262
LK-3325065	Uda Julampitiya	Uda Julampitiya	GND	336
LK-3325070	Julampitiya	Julampitiya	GND	258
LK-3325075	Palle Julampitiya	Palle Julampitiya	GND	278
LK-3325080	Pahala Obada	Pahala Obada	GND	282
LK-3325085	Bowala North	Bowala North	GND	266
LK-3325090	Bowala West	Bowala West	GND	232
LK-3325095	Welandagoda	Welandagoda	GND	302
LK-3325100	Batagassa	Batagassa	GND	249
LK-3325105	Pahalawatta	Pahalawatta	GND	328
LK-3325110	Pathegama	Pathegama	GND	229
LK-3325115	Thalapathkanda	Thalapathkanda	GND	217
LK-3325120	Dehigahahena	Dehigahahena	GND	227
LK-3325125	Veedipola	Veedapola	GND	159
LK-3325130	Mathuwakanda	Mathuwakanda	GND	192
LK-3325135	Handugala	Handugala	GND	240
LK-3325140	Kebellaketiya	Kebellaketiya	GND	194
LK-3325145	Egodabedda	Egodabedda	GND	263
LK-3325150	Kekiriobada	Kekiriobada	GND	181
LK-3325155	Agalabada	Agalabada	GND	272
LK-3325160	Bowala South	Bowala South	GND	198
LK-3325165	Muruthawela Ihala	Ihala Muruthawela	GND	221
LK-3325170	Muruthawela Pahala	Muruthawela Pahala	GND	199
LK-3325175	Galahitiya North	Galahitiya North	GND	159
LK-3325180	Omara East	Omara East	GND	264
LK-3325185	Omara West	Omara West	GND	222
LK-3325190	Ethpitiya	Ethpitiya	GND	473
LK-3325195	Wattehengoda	Wattehengoda	GND	359
LK-3325200	Horewela	Horewela	GND	333
LK-3325205	Pissubedda	Pissubedda	GND	143
LK-3325210	Medagamgoda	Medagamgoda	GND	249
LK-3325215	Yahalmulla	Yahalmulla	GND	385
LK-3325220	Walasmulla Ihala	Ihala Walasmulla	GND	241
LK-3325225	Walasmulla Pahala	Pahala walasmulla	GND	264
LK-3325230	Galahitiya South	Galahitiya South	GND	140
LK-3325235	Galahitiya East	Galahitiya East	GND	291
LK-3325240	Koholana	Koholana	GND	268
LK-3325245	Walasmulla East	Walasmulla East	GND	237
LK-3325250	Walasmulla North	Walasmulla North	GND	71
LK-3325255	Walasmulla West	Walasmulla West	GND	462
LK-3325260	Walasmulla South	Walasmulla South	GND	243
LK-3325265	Daluwakgoda	Daluwakgoda	GND	250
LK-3327	Okewela	Okewela	DSD	5664
LK-3327005	Kanumuldeniya North	Kanumuldeniya North	GND	195
LK-3327010	Olu Ara	Olu Ara	GND	180
LK-3327015	Kanumuldeniya West	Kanumuldeniya West	GND	474
LK-3327020	Kanumuldeniya East	Kanumuldeniya East	GND	189
LK-3327025	Udadeniya	Udadeniya	GND	251
LK-3327030	Kurunduwatta	Kurunduwatta	GND	169
LK-3327035	Sumihirigama	Sumihirigama	GND	281
LK-3327040	Rajapuragoda	Rajapuragoda	GND	202
LK-3327045	Wijayasiripura	Wijayasiripura	GND	331
LK-3327050	Morakandegoda	Morakandegoda	GND	238
LK-3327055	Kadigamuwa East	Kadigamuwa East	GND	202
LK-3327060	Thalahagamwaduwa Pahala	Thalahagamwaduwa Pahala	GND	159
LK-3327065	Thalahagamwaduwa Ihala	Thalahagamwaduwa Ihala	GND	271
LK-3327070	Nathuwala	Nathuwala	GND	242
LK-3327075	Kandebedda	Kandebedda	GND	218
LK-3327080	Godawenna	Godawenna	GND	129
LK-3327085	Kahatellagoda	Kahatellagoda	GND	204
LK-3327090	Kanumuldeniya South	Kanumuldeniya South	GND	204
LK-3327095	Kadigamuwa West	Kadigamuwa West	GND	191
LK-3327100	Wawwa	Wawwa	GND	219
LK-3327105	Modarawana North	Modarawana North	GND	156
LK-3327110	Modarawana South	Modarawana South	GND	178
LK-3327115	Okewela	Okewela	GND	267
LK-3327120	Heenatihathamuna	Heenatihathamuna	GND	118
LK-3327125	Pallewawwa	Pallewawwa	GND	122
LK-3327130	Yatigala Pahala	Pahala Yatigala	GND	159
LK-3327135	Yatigala Ihala	Yatigala Ihala	GND	115
LK-3330	Beliatta	Beliatta	DSD	16473
LK-3330005	Maligathenna	Maligathenna	GND	116
LK-3330010	Udugalmotegama	Udugalmotegama	GND	212
LK-3330015	Pallattara West	Pallattara West	GND	169
LK-3330020	Pallattara South	Pallattara South	GND	109
LK-3330025	Pallattara East	Pallattara East	GND	209
LK-3330030	Nugewela	Nugewela	GND	263
LK-3330035	Ihala Beligalla East	Ihala Beligalla East	GND	164
LK-3330040	Wadiya	Wadiya	GND	161
LK-3330045	Ihala Beligalla West	Ihala Beligalla West	GND	153
LK-3330050	Beligalla North	Beligalla North	GND	249
LK-3330055	Beligalla South	Beligalla South	GND	140
LK-3330060	Dammulla East	Dammulla East	GND	265
LK-3330065	Dammulla West	Dammulla West	GND	115
LK-3330070	Pattiyawela	Pattiyawela	GND	187
LK-3330075	Tharaperiya	Tharaperiya	GND	123
LK-3330080	Nihiluwa West	Nihiluwa West	GND	287
LK-3330085	Indiketiyagoda	Indiketiyagoda	GND	105
LK-3330090	Nihiluwa East	Nihiluwa East	GND	301
LK-3330095	Waharakgoda North	Waharakgoda North	GND	223
LK-3330100	Waharakgoda South	Waharakgoda South	GND	122
LK-3330105	Kahawatta	Kahawatta	GND	368
LK-3330110	Kosgahagoda	Kosgahagoda	GND	195
LK-3330115	Agulmaduwa	Agulmaduwa	GND	214
LK-3330120	Aranwela North	Aranwela North	GND	229
LK-3330125	Karambaketiya	Karambaketiya	GND	232
LK-3330130	Galwewa	Galwewa	GND	249
LK-3330135	Godawela	Godawela	GND	236
LK-3330140	Panamulla	Panamulla	GND	149
LK-3330145	Ambagasdeniya	Ambagasdeniya	GND	212
LK-3330150	Getamanna North	Getamanna North	GND	222
LK-3330155	Eldeniya	Eldeniya	GND	283
LK-3330160	Getamanna West	Getamanna West	GND	195
LK-3330165	Getamanna East	Getamanna East	GND	158
LK-3330170	Mahaheella East	Mahaheella East	GND	317
LK-3330175	Kambussawala West	Kambussawala West	GND	104
LK-3330180	Kambussawala East	Kambussawala East	GND	291
LK-3330185	Beliatta West	Beliatta West	GND	161
LK-3330190	Beliatta Town	Beliatta Town	GND	232
LK-3330195	Puwakdandawa North	Puwakdandawa North	GND	309
LK-3330200	Puwakdandawa East	Puwakdandawa East	GND	383
LK-3330205	Aranwela West	Aranwela West	GND	255
LK-3330210	Sitinamaluwa West	Sitinamaluwa West	GND	248
LK-3330215	Sitinamaluwa North	Sitinamaluwa North	GND	413
LK-3330220	Sitinamaluwa East	Sitinamaluwa East	GND	494
LK-3330225	Sitinamaluwa South	Sitinamaluwa South	GND	343
LK-3330230	Pahalagoda	Pahalagoda	GND	203
LK-3330235	Medagoda	Medagoda	GND	251
LK-3330240	Beliatta South	Beliatta South	GND	212
LK-3330245	Kudaheella East	Kudaheella East	GND	231
LK-3330250	Kudaheella North	Kudaheella North	GND	505
LK-3330255	Mahaheella West	Mahaheella West	GND	286
LK-3330260	Mahaheella North	Mahaheella North	GND	113
LK-3330265	Getamanna South	Getamanna South	GND	217
LK-3330270	Nayakawatta	Nayakawatta	GND	426
LK-3330275	Ambala North	Ambala North	GND	257
LK-3330280	Ambala West	Ambala West	GND	209
LK-3330285	Miriswatta	Miriswatta	GND	266
LK-3330290	Kudaheella South	Kudaheella South	GND	409
LK-3330295	Ovilana	Ovilana	GND	145
LK-3330300	Mihindupura	Mihindupura	GND	206
LK-3330305	Palapotha East	Palapotha East	GND	269
LK-3330310	Palapotha West	Palapotha West	GND	124
LK-3330315	Dedduwawala East	Dedduwawala East	GND	210
LK-3330320	Dedduwawala	Dedduwawala	GND	196
LK-3330325	Galagama North	Galagama North	GND	234
LK-3330330	Galagama West	Galagama West	GND	150
LK-3330335	Galagama South	Galagama South	GND	207
LK-3330340	Galagama East	Galagama East	GND	178
LK-3330345	Nakulugamuwa West	Nakulugamuwa West	GND	315
LK-3330350	Nakulugamuwa North	Nakulugamuwa North	GND	300
LK-3330355	Wevudatta	Wevudatta	GND	189
LK-3333	Tangalle	Tangalle	DSD	21731
LK-3333005	Sudarshanagama	Sudarshanagama	GND	320
LK-3333010	Pattiyapola West	Pattiyapola West	GND	280
LK-3333015	Thalunna	Thalunna	GND	360
LK-3333020	Andupelena	Andupelena	GND	266
LK-3333025	Kadiragoda	Kadiragoda	GND	310
LK-3333030	Gotaimbaragama	Gotaimbaragama	GND	173
LK-3333035	Kattakaduwa North	Kattakaduwa North	GND	374
LK-3333040	Kattakaduwa South	Kattakaduwa South	GND	526
LK-3333045	Ranna East	Ranna East	GND	601
LK-3333050	Ranna West	Ranna West	GND	516
LK-3333055	Vigamuwa	Vigamuwa	GND	453
LK-3333060	Pattiyapola East	Pattiyapola East	GND	298
LK-3333065	Pattiyapola South	Pattiyapola South	GND	265
LK-3333070	Vitharandeniya North	Vitharandeniya North	GND	191
LK-3333075	Thenagama South	Thenagama South	GND	173
LK-3333080	Thenagama North	Thenagama North	GND	133
LK-3333085	Thalapitiyagama	Thalapitiyagama	GND	84
LK-3333090	Ethgalamulla	Ethgalmulla	GND	200
LK-3333095	Uduvilagoda	Uduvilagoda	GND	151
LK-3333100	Vitharandeniya South	Vitharandeniya South	GND	241
LK-3333105	Aluthgoda	Aluthgoda	GND	281
LK-3333110	Palathuduwa	Palathuduwa	GND	207
LK-3333115	Marakolliya	Marakolliya	GND	385
LK-3333120	Medagama	Medagama	GND	374
LK-3333125	Netolpitiya North	Netolpitiya North	GND	550
LK-3333130	Netolpitiya South	Netolpitiya South	GND	631
LK-3333135	Wadigala	Wadigala	GND	443
LK-3333140	Kahandawa	Kahandawa	GND	552
LK-3333145	Nidahasgama West	Nidahasgama West	GND	443
LK-3333150	Nidahasgama East	Nidahasgama East	GND	535
LK-3333155	Kahandamodara	Kahandamodara	GND	290
LK-3333160	Gurupokuna	Gurupokuna	GND	92
LK-3333165	Wella Odaya	Wella Odaya	GND	415
LK-3333170	Rekawa East	Rekawa East	GND	248
LK-3333175	Rekawa West	Rekawa West	GND	329
LK-3333180	Medilla	Medilla	GND	332
LK-3333185	Walgameliya	Walgameliya	GND	271
LK-3333190	Godawanagoda	Godawanagoda	GND	303
LK-3333195	Wagegoda	Wagegoda	GND	206
LK-3333200	Nalagama East	Nalagama East	GND	122
LK-3333205	Siyambalagoda	Siyambalagoda	GND	202
LK-3333210	Nalagama West	Nalagama West	GND	166
LK-3333215	Polommaruwa North	Polommaruwa North	GND	477
LK-3333220	Danketiya	Danketiya	GND	665
LK-3333225	Medaketiya	Medaketiya	GND	401
LK-3333230	Kotuwegoda	Kotuwegoda	GND	98
LK-3333235	Indipokunagoda North	Indipokunagoda North	GND	456
LK-3333240	Polommaruwa South	Polommaruwa South	GND	372
LK-3333245	Kadurupokuna East	Kadurupokuna East	GND	426
LK-3333250	Indipokunagoda South	Indipokunagoda South	GND	152
LK-3333255	Pallikkudawa Urban	Pallikkudawa Urban	GND	289
LK-3333260	Pallikkudawa Rural	Pallikkudawa Rural	GND	309
LK-3333265	Kadurupokuna South	Kadurupokuna South	GND	524
LK-3333270	Kadurupokuna North	Kadurupokuna North	GND	208
LK-3333275	Kadurupokuna West	Kadurupokuna west	GND	277
LK-3333280	Seenimodara West	Seenimodara West	GND	393
LK-3333285	Seenimodara East	Seenimodara East	GND	260
LK-3333290	Unakooruwa West	Unakooruwa West	GND	287
LK-3333295	Unakooruwa East	Unakooruwa East	GND	380
LK-3333300	Moraketi Ara East	Moraketi Ara East	GND	92
LK-3333305	Moraketi Ara West	Moraketi Ara West	GND	285
LK-3333310	Pahajjawa	Pahajjawa	GND	337
LK-3333315	Mahawela	Mahawela	GND	134
LK-3333320	Ihalagoda	Ihalagoda	GND	201
LK-3333325	Nakulugamuwa South	Nakulugamuwa South	GND	141
LK-3333330	Kudawella North	Kudawella North	GND	278
LK-3333335	Kudawella Central	Kudawella Central	GND	204
LK-3333340	Kudawella East	Kudawella East	GND	153
LK-3333345	Mawella South	Mawella South	GND	110
LK-3333350	Mawella North	Mawella North	GND	42
LK-3333355	Kudawella South	Kudawella South	GND	292
LK-3333360	Kudawella West	Kudawella West	GND	196
LK-4	Northern	Northern	PROVINCE	307459
LK-41	Jaffna	Jaffna	DISTRICT	156797
LK-4103	Islands North (Kayts)	Island North (Kayts)	DSD	2633
LK-4103005	Analaitivu North	Analaitivu North	GND	192
LK-4103010	Analaitivu South	Analaitivu South	GND	217
LK-4103015	Eluvaitivu	Eluvaitivu	GND	145
LK-4103020	Paruthiyadaippu	Paruthiyadaippu	GND	207
LK-4103025	Kayts	Kayts	GND	116
LK-4103030	Karampon	Karampon	GND	261
LK-4103035	Karampon East	Karampon East	GND	124
LK-4103040	Naranthanai North West	Naranthanai North West	GND	278
LK-4103045	Naranthanai North	Naranthanai North	GND	113
LK-4103050	Naranthanai	Naranthanai	GND	159
LK-4103055	Naranthanai South	Naranthanai South	GND	176
LK-4103060	Karampon South East	Karampon South East	GND	42
LK-4103065	Karampon West	Karampon West	GND	225
LK-4103070	Puliyankoodal	Puliyankoodal	GND	314
LK-4103075	Suruvil	Suruvil	GND	64
LK-4104	Karainagar	Karainagar	DSD	2630
LK-4104005	Karainagar North	Karainagar North	GND	179
LK-4104010	Karainagar North East	Karainagar North East	GND	456
LK-4104015	Karainagar East	Karainagar East	GND	409
LK-4104020	Karainagar Centre	Karainagar Centre	GND	387
LK-4104025	Karainagar North West	Karainagar North West	GND	87
LK-4104030	Karainagar West	Karainagar West	GND	403
LK-4104035	Karainagar South East	Karainagar South East	GND	104
LK-4104040	Karainagar South	Karainagar South	GND	328
LK-4104045	Karainagar South West	Karainagar South West	GND	277
LK-4106	Valikamam West (Chankanai)	Valikamam West (Chankanai)	DSD	11568
LK-4106005	Vadducoddai East	Vaddukoddai East	GND	446
LK-4106010	Vadducoddai North	Vaddukoddai North	GND	335
LK-4106015	Sangarathai	Sangarathai	GND	476
LK-4106020	Arali West	Arali West	GND	301
LK-4106025	Arali Centre	Arali Centre	GND	471
LK-4106030	Arali South	Arali South	GND	672
LK-4106035	Arali East	Arali East	GND	504
LK-4106040	Arali North	Arali North	GND	451
LK-4106045	Vadducoddai South	Vaddukoddai South	GND	689
LK-4106050	Vadducoddai South West	Vaddukoddai South West	GND	340
LK-4106055	Vadducoddai West	Vedducoddai  West	GND	306
LK-4106060	Tholpuram East	Tholpuram East	GND	338
LK-4106065	Tholpuram West	Tholpuram  West	GND	543
LK-4106070	Ponnalai	Ponnalai	GND	450
LK-4106075	Moolai	Moolai	GND	854
LK-4106080	Chulipuram West	Chulipuram West	GND	467
LK-4106085	Chulipuram Centre	Chulipuram  Centre	GND	405
LK-4106090	Chulipuram East	Chulipuram  East	GND	596
LK-4106095	Pannagam	Pannakam	GND	403
LK-4106100	Panippulam	Pannaippulam	GND	335
LK-4106105	Siththankerni	Siththankerni	GND	332
LK-4106110	Chankanai East	Chankanai East	GND	424
LK-4106115	Chankanai West	Chankanai West	GND	461
LK-4106120	Chankanai South	Chankanai South	GND	439
LK-4106125	Chankanai Centre	Chankanai Centre	GND	530
LK-4109	Valikamam South West (Sandilipay)	Valikamam South-West (Sandilipay)	DSD	13821
LK-4109005	Suthumalai North	Suthumalai North	GND	445
LK-4109010	Suthumalai South	Suthumalai South	GND	558
LK-4109015	Savatkaddu	Savatkaddu	GND	548
LK-4109020	Uyarappulam	Uyarappulam	GND	789
LK-4109025	Anaikottai	Anaikoddai	GND	959
LK-4109030	Navali North	Navali North	GND	663
LK-4109035	Navali East	Navali East	GND	428
LK-4109040	Navali South	Navali South	GND	486
LK-4109045	Manipay North	Manipay North	GND	373
LK-4109050	Manipay East	Manipay East	GND	543
LK-4109055	Manipay South	Manipay South	GND	458
LK-4109060	Manipay West	Manipay West	GND	664
LK-4109065	Sandilipay North	Sandilipay North	GND	535
LK-4109070	Sandilipay Centre	Sandilipay Centre	GND	475
LK-4109075	Sandilipay West	Sandilipay West	GND	401
LK-4109080	Masiapiddy	Masiapiddy	GND	408
LK-4109085	Vadaliyadaippu	Vadaliyadaippu	GND	518
LK-4109090	Pandatheruppu	Pandatheruppu	GND	672
LK-4109095	Piranpattai	Piranpattai	GND	427
LK-4109100	Sillalai North	Sillalai North	GND	582
LK-4109105	Sillalai South	Sillalai South	GND	236
LK-4109110	Mathagal East	Mathagal East	GND	631
LK-4109115	Mathagal South	Mathagal South	GND	265
LK-4109120	Mathagal West	Mathagal West	GND	308
LK-4109125	Periyavillan	Periyavillan	GND	468
LK-4109130	Marisankoodal	Maresankoodal	GND	386
LK-4109135	Illavalai	Illavalai	GND	465
LK-4109140	Mullanai	Mullanai	GND	130
LK-4112	Valikamam North (Thllippalai)	Valikamam North (Tellipallai)	DSD	11932
LK-4112005	Mallakam South	Mallakam South	GND	561
LK-4112010	Mallakam Centre	Mallakam Centre	GND	543
LK-4112015	Mallakam North	Mallakam North	GND	457
LK-4112020	Alaveddy North	Alaveddy North	GND	432
LK-4112025	Alaveddy Centre	Alaveddy Centre	GND	343
LK-4112030	Alaveddy East	Alaveddy East	GND	424
LK-4112035	Ganeshwaram	Ganeswaram	GND	306
LK-4112040	Alaveddy South	Alaveddy South	GND	468
LK-4112045	Alaveddy West	Alaveddy West	GND	551
LK-4112050	Ilavalai North	Ilavalai North	GND	331
LK-4112055	Ilavalai North West	Ilavalai North West	GND	501
LK-4112060	Vithakapuram	Vithahapuram	GND	297
LK-4112065	Pannalai	Pannalai	GND	317
LK-4112070	Kollankaladdy	Kollankalady	GND	597
LK-4112075	Naguleswaram	Naguleswaram	GND	247
LK-4112080	Tellippalai East	Tellippalai East	GND	500
LK-4112085	Tellippalai	Tellippalai	GND	260
LK-4112090	Thurkkapuram	Thurkkapuram	GND	462
LK-4112095	Thanthai Selvapuram	Thanthai Selvapuram	GND	349
LK-4112100	Maviddapuram	Maviddapuram	GND	261
LK-4112105	Maviddapuram South	Maviddapuram South	GND	236
LK-4112110	Kankesanthurai West	Kankesanthurai West	GND	101
LK-4112115	Kankesanthurai Centre	Kankesanthurai Centre	GND	43
LK-4112120	Kankesanthurai South	Kankesanthurai South	GND	73
LK-4112125	Palai Veemankamam North	Palai Veemankamam North	GND	153
LK-4112130	Palai Veemankamam South	Palai Veemankamam South	GND	215
LK-4112135	Kadduvan	Kadduvan	GND	105
LK-4112140	Kadduvan West	Kadduvan West	GND	269
LK-4112145	Thenmylai	Thenmylai	GND	69
LK-4112150	Varuthalaivilan	Varuthalaivilan	GND	285
LK-4112155	Kurumbasiddy	Kurumpasiddy	GND	40
LK-4112160	Kurumbasiddy East	Kurumpasiddy East	GND	169
LK-4112165	Vasavilan East	Vayavilan East	GND	449
LK-4112170	Vasavilan West	Vayavilan West	GND	99
LK-4112175	Myliddy North	Myliddy North	GND	318
LK-4112180	Theiyiddy East	Thyiddy East	GND	117
LK-4112185	Myliddythurai South	Myliddyththurai South	GND	0
LK-4112190	Theiyiddy North	Thyiddy North	GND	83
LK-4112195	Theiyiddy South	Thyiddy South	GND	308
LK-4112200	Myliddythurai North	Myliddyththurai North	GND	118
LK-4112205	Palaly South	Palaly South	GND	118
LK-4112210	Palaly East	Palaly East	GND	89
LK-4112215	Palaly North	Palaly North	GND	268
LK-4112220	Palaly North West	Palaly North West	GND	0
LK-4112225	Palaly West	Palaly West	GND	0
LK-4115	Valikamam South (Uduvil)	Valikamam South (Uduvil)	DSD	13108
LK-4115005	Uduvil South West	Uduvil South West	GND	394
LK-4115010	Uduvil South East	Uduvil South East	GND	456
LK-4115015	Uduvil Centre	Uduvil Centre	GND	536
LK-4115020	Uduvil Centre North	Uduvil Centre North	GND	596
LK-4115025	Uduvil North	Uduvil North	GND	529
LK-4115030	Sanguvely	Sanguvely	GND	657
LK-4115035	Inuvil South West	Inuvil South West	GND	410
LK-4115040	Inuvil East	Inuvil East	GND	209
LK-4115045	Inuvil North East	Inuvil North East	GND	541
LK-4115050	Inuvil West	Inuvil West	GND	317
LK-4115055	Thavady South	Thavady South	GND	542
LK-4115060	Thavady East	Thavady East	GND	384
LK-4115065	Thavady North	Thavady North	GND	470
LK-4115070	Chunnakam Town North	Chunnakam Town North	GND	281
LK-4115075	Chunnakam Town South	Chunnakam Town South	GND	691
LK-4115080	Chunnakam Town East	Chunnakam Town East	GND	381
LK-4115085	Chunnakam Town Centre	Chunnakam Town Centre	GND	425
LK-4115090	Chunnakam Town West	Chunnakam Town West	GND	366
LK-4115095	Kantharodai	Kantharodai	GND	397
LK-4115100	Erlalai West	Erlalai West	GND	377
LK-4115105	Erlalai South West	Erlalai South West	GND	376
LK-4115110	Erlalai South	Erlalai South	GND	830
LK-4115115	Erlalai East	Erlalai East	GND	331
LK-4115120	Erlalai North	Erlalai North	GND	433
LK-4115125	Erlalai Centre	Erlalai Centre	GND	288
LK-4115130	Punnalaikadduvan South	Punnalaikadduvan South	GND	331
LK-4115135	Punnalaikadduvan North	Punnalaikadduvan North	GND	409
LK-4115140	Evinai	Evenai	GND	441
LK-4115145	Kuppilan South	Kuppilan South	GND	460
LK-4115150	Kuppilan North	Kuppilan North	GND	250
LK-4118	Valikamam East (Kopay)	Valikamam East (Kopay)	DSD	19402
LK-4118005	Irupalai South	Irupalai South	GND	685
LK-4118010	Irupalai East	Irupalai  East	GND	594
LK-4118015	Kalviyankadu	Kalviyankadu	GND	732
LK-4118020	Kopai South	Kopay South	GND	1152
LK-4118025	Kopai Centre	Kopay Centre	GND	941
LK-4118030	Kopai North	Kopay North	GND	669
LK-4118035	Urumpirai West	Urumpirai West	GND	738
LK-4118040	Urumpirai North	Urumpirai North	GND	603
LK-4118045	Urumpirai South	Urumpirai South	GND	953
LK-4118050	Urumpirai East	Urumpirai East	GND	646
LK-4118055	Urelu	Urelu	GND	814
LK-4118060	Neervely South	Neervely South	GND	610
LK-4118065	Neervely North	Neervely North	GND	667
LK-4118070	Neervely West	Neervely West	GND	328
LK-4118075	Siruppiddy East	Sirupiddy East	GND	501
LK-4118080	Siruppiddy West	Sirupiddy West	GND	509
LK-4118085	Puttur West	Puttur West	GND	765
LK-4118090	Puttur North	Puttur North	GND	359
LK-4118095	Nawatkiri	Nawatkiri	GND	428
LK-4118100	Avarangal East	Avarangal East	GND	292
LK-4118105	Avarangal West	Avarangal West	GND	611
LK-4118110	Puttur East	Puttur East	GND	900
LK-4118115	Achchelu	Atchelu	GND	956
LK-4118120	Vatharavattai	Vatharavattai	GND	257
LK-4118125	Pattameni	Pathameny	GND	602
LK-4118130	Thampalai-Kathiripay	Thampalai-Kathiripay	GND	539
LK-4118135	Iddaikkadu	Iddaikkadu	GND	264
LK-4118140	Valalai	Valalai	GND	410
LK-4118145	Achchuveli North	Atchuvely North	GND	480
LK-4118150	Achchuveli South	Atchuvely South	GND	803
LK-4118155	Achchuveli West	Atchuvely West	GND	594
LK-4121	Vadamaradchchi South-West (Karaveddy)	Vadamaradchi South-West (Karaveddy)	DSD	11195
LK-4121005	Karanavai South	Karanavai South	GND	446
LK-4121010	Karanavai West	Karanavai West	GND	508
LK-4121015	Karanavai	Karanavai	GND	411
LK-4121020	Karanavai East	Karanavai East	GND	373
LK-4121025	Uduppiddy	Udupiddy	GND	406
LK-4121030	Uduppiddy North	Udupiddy North	GND	497
LK-4121035	Uduppiddy South	Udupiddy South	GND	229
LK-4121040	Valvetty	Valvetty	GND	258
LK-4121045	Valvetty Centre	Valvetty Centre	GND	260
LK-4121050	Samarabahu	Samarabahu	GND	379
LK-4121055	Imayanan	Imayanan	GND	507
LK-4121060	Imayanan East	Imayanan East	GND	530
LK-4121065	Karanavai North	Karanavai North	GND	339
LK-4121070	Karanavai North West	Karanavai North West	GND	379
LK-4121075	Karanavai Centre	Karanavai Centre	GND	356
LK-4121080	Karaveddy West	Karaveddy West	GND	354
LK-4121085	Karaveddy North	Karaveddy North	GND	229
LK-4121090	Karaveddy South	Karaveddy  South	GND	194
LK-4121095	Maththoni	Maththoni	GND	195
LK-4121100	Karaveddy Centre	Karaveddy Centre	GND	325
LK-4121105	Karaveddy East	Karaveddy East	GND	322
LK-4121110	Kaddaively	Kaddaively	GND	278
LK-4121115	Thunnalai South	Thunnalai South	GND	355
LK-4121120	Thunnalai East	Thunnalai East	GND	255
LK-4121125	Thunnalai	Thunnalai	GND	189
LK-4121130	Thunnalai Centre	Thunnalai Centre	GND	163
LK-4121135	Thunnalai West	Thunnalai West	GND	310
LK-4121140	Nelliaddy North	Nelliaddy North	GND	274
LK-4121145	Nelliaddy	Nelliaddy	GND	262
LK-4121150	Nelliaddy East	Nelliaddy East	GND	359
LK-4121155	Alvai	Alvai	GND	352
LK-4121160	Alvai South	Alvai South	GND	358
LK-4121165	Alvai East	Alvai East	GND	361
LK-4121170	Aththai	Aththai	GND	155
LK-4121175	Kapputhu	Kapputhu	GND	27
LK-4124	Vadamaradchchi East	Vadamaradchi East	DSD	3950
LK-4124005	Manatkadu	Manalkadu	GND	255
LK-4124010	Kudaththanai	Kudathanai	GND	304
LK-4124015	Kudaththanai Karaiyoor	Kudathanai Karaiyoor	GND	151
LK-4124020	Potpathi	Potpathi	GND	132
LK-4124025	Ampan	Ampan	GND	175
LK-4124030	Nagarkovil East	Nagarkovil East	GND	134
LK-4124035	Nagarkovil West	Nagarkovil West	GND	115
LK-4124040	Nagarkovil South	Nagarkovil South	GND	40
LK-4124045	Chempiyanpattu North	Chempiyanpattu North	GND	254
LK-4124050	Chempiyanpattu South	Chempiyanpattu South	GND	121
LK-4124055	Maruthankarny	Maruthankarny	GND	360
LK-4124060	Vaththirayan	Vathirayan	GND	313
LK-4124065	Uduththurai	Uduthurai	GND	517
LK-4124070	Aliyavalai	Aliyavalai	GND	338
LK-4124075	Vettilaikerny	Vetrilaikerny	GND	231
LK-4124080	Mulliyan	Mulliyan	GND	388
LK-4124085	Pokkaruppu	Pokkaruppu	GND	120
LK-4124090	Chundikulam	Chundikulam	GND	2
LK-4127	Vadamaradchi North (Point Pedro)	Vadamaradchi North (Point Pedro)	DSD	12253
LK-4127005	Thondamanaru South	Thondamanaru South	GND	215
LK-4127010	Thondamanaru North	Thondamanaru North	GND	207
LK-4127015	Kerudavil South	Kerudavil South	GND	580
LK-4127020	Kerudavil North	Kerudavil North	GND	169
LK-4127025	Kerudavil East	Kerudavil East	GND	128
LK-4127030	Valvettithurai North West	Valvettithurai North West	GND	249
LK-4127035	Valvettithurai North Centre	Valvettithurai North Centre	GND	122
LK-4127040	Valvettithurai North East	Valvettithurai North East	GND	153
LK-4127045	Valvettithurai South West	Valvettithurai South West	GND	222
LK-4127050	Valvettithurai South East	Valvettithurai South East	GND	199
LK-4127055	Polikandy West	Polikandy West	GND	510
LK-4127060	Polikandy East	Polikandy East	GND	523
LK-4127065	Polikandy South	Polikandy South	GND	161
LK-4127070	Alvai West	Alvai West	GND	370
LK-4127075	Alvai North West	Alvai North West	GND	486
LK-4127080	Alvai North Centre	Alvai North Centre	GND	471
LK-4127085	Viyaparimulai	Viyaparimoolai	GND	324
LK-4127090	Alvai North	Alvai North	GND	481
LK-4127095	Point Pedro	Point Pedro	GND	499
LK-4127100	Point Pedro South	Point Pedro South	GND	352
LK-4127105	Point Pedro East	Point Pedro East	GND	691
LK-4127110	Thumpalai	Thumpalai	GND	484
LK-4127115	Thumpalai East	Thumpalai East	GND	373
LK-4127120	Katkovalam	Katkovalam	GND	641
LK-4127125	Puloly North	Puloly North	GND	480
LK-4127130	Puloly North East	Puloly North East	GND	289
LK-4127135	Puloly Centre	Puloly Centre	GND	452
LK-4127140	Puloly West	Puloly West	GND	377
LK-4127145	Puloly South West	Puloly South West	GND	463
LK-4127150	Puloly North West	Puloly North West	GND	358
LK-4127155	Puloly East	Puloly East	GND	441
LK-4127160	Puloly South	Puloly South	GND	242
LK-4127165	Manthikai	Manthikai	GND	140
LK-4127170	Vallipuram	Vallipuram	GND	163
LK-4127175	Thunnalai North	Thunnalai North	GND	238
LK-4130	Thenmaradchi (Chavakachcheri)	Thenmaradchi (Chavakachcheri)	DSD	18897
LK-4130005	Kaithady North	Kaithady North	GND	153
LK-4130010	Kaithady East	Kaithady East	GND	448
LK-4130015	Kaithady Centre	Kaithady Centre	GND	268
LK-4130020	Kaithady South	Kaithady South	GND	361
LK-4130025	Kaithady South East	Kaithady South East	GND	179
LK-4130030	Kaithady West	Kaithady West	GND	347
LK-4130035	Navatkuli West	Navatkuli West	GND	800
LK-4130040	Navatkuli East	Navatkuli East	GND	282
LK-4130045	Kovilakandy	kovilakandy	GND	140
LK-4130050	Kaithady Navatkuli	Kaithady Navatkuli	GND	264
LK-4130055	Maravanpulo	Maravanpulo	GND	318
LK-4130060	Thanankilappu	Thanankilappu	GND	127
LK-4130065	Chavakachcheri Town	Chavakachcheri Town	GND	272
LK-4130070	Kovilkudyiruppu	Kovilkudyiruppu	GND	710
LK-4130075	Sangathanai	Sangathanai	GND	487
LK-4130080	Chavakachcheri North	Chavakachcheri North	GND	268
LK-4130085	Manduvil	Manduvil	GND	344
LK-4130090	Kalvayal	Kalvayal	GND	553
LK-4130095	Nunavil East	Nunavil East	GND	347
LK-4130100	Nunavil Centre	Nunavil Centre	GND	203
LK-4130105	Nunavil West	Nunavil West	GND	396
LK-4130110	Kaithady Nunavil	Kaithady Nunavil	GND	188
LK-4130115	Thenmadduvil	Thenmadduvil	GND	212
LK-4130120	Madduvil Nunavil	Madduvil Nunavil	GND	162
LK-4130125	Madduvil Centre	Madduvil Centre	GND	294
LK-4130130	Madduvil North	Madduvil North	GND	327
LK-4130135	Madduvil East	Madduvil East	GND	266
LK-4130140	Chandrapuram	Chandrapuram	GND	421
LK-4130145	Sarasalai South	Sarasalai South	GND	388
LK-4130150	Sarasalai North	Sarasalai North	GND	221
LK-4130155	Meesalai East	Meesalai East	GND	540
LK-4130160	Meesalai West	Meesalai West	GND	497
LK-4130165	Ramavil	Ramavil	GND	350
LK-4130170	Meesalai North	Meesalai North	GND	458
LK-4130175	Allarai	Allarai	GND	436
LK-4130180	Vellampokkady	Vellampokkady	GND	194
LK-4130185	Kachchai	Kachchai	GND	415
LK-4130190	Palavi	Palavi	GND	278
LK-4130195	Kodikamam North	Kodikamam North	GND	396
LK-4130200	Kodikamam Centre	Kodikamam Centre	GND	485
LK-4130205	Kodikamam South	Kodikamam South	GND	469
LK-4130210	Usan	Usan	GND	288
LK-4130215	Karampaham	Karampaham	GND	172
LK-4130220	Vidaththalpalai	Vidaththalpalai	GND	152
LK-4130225	Ketpeli	Ketpeli	GND	406
LK-4130230	Eluthumadduval South	Eluthumadduval South	GND	191
LK-4130235	Eluthumadduval North	Eluthumadduval North	GND	229
LK-4130240	Mirusuvil North	Mirusuvil North	GND	319
LK-4130245	Mirusuvil South	Mirusuvil South	GND	199
LK-4130250	Kudamiyan	Kudamiyan	GND	235
LK-4130255	Navatkadu	Navatkadu	GND	184
LK-4130260	Varani North	Varani North	GND	254
LK-4130265	Maaseri	Maaseri	GND	98
LK-4130270	Iddaikurichchi	Iddaikurichchi	GND	304
LK-4130275	Karambaikkurichchi	Karampaikurichchi	GND	358
LK-4130280	Varani-Iyattalai	Varani-lyattalai	GND	335
LK-4130285	Thavalai-Iyattalai	Thavalai- Iyattalai	GND	283
LK-4130290	Manthuvil East	Manthuvil East	GND	318
LK-4130295	Manthuvil West	Manthuvil West	GND	205
LK-4130300	Manthuvil North	Manthuvil North	GND	103
LK-4133	Nallur	Nallur	DSD	18614
LK-4133005	Ariyalai South West	Ariyalai South West	GND	679
LK-4133010	Ariyalai East	Ariyalai East	GND	457
LK-4133015	Ariyalai North West	Ariyalai North West	GND	467
LK-4133020	Ariyalai Center West	Ariyalai West (Centre)	GND	399
LK-4133025	Ariyalai S. W. (East)	Ariyalai S. W.	GND	325
LK-4133030	Ariyalai Centre North	Ariyalai Centre North	GND	313
LK-4133035	Ariyalai Centre	Ariyalai Centre	GND	475
LK-4133040	Ariyalai Centre South	Ariyalai Centre South	GND	386
LK-4133045	Iyanar Kovilady	Iyanar Kovilady	GND	471
LK-4133050	Vannarponnai N.W. (North)	Vannarpannai North	GND	445
LK-4133055	Vannarponnai N.W. (West)	Vannarpannai N.W.	GND	648
LK-4133060	Vannarponnai N.E. (North)	Vannarpannai N.E.	GND	596
LK-4133065	Vannarponnai N.E. (South)	Neeraviyady	GND	392
LK-4133070	Kantharmadam North West	Kantharmadam North West	GND	486
LK-4133075	Kantharmadam North East	Kantharmadam North East	GND	537
LK-4133080	Kantharmadam South West	Kantharmadam South West	GND	387
LK-4133085	Kantharmadam South East	Kantharmadam South East	GND	318
LK-4133090	Nallur North	Nallur North	GND	444
LK-4133095	Nallur Rajathani	Nallur Irajathani	GND	181
LK-4133100	Nallur South	Nallur South	GND	405
LK-4133105	Sangiliyan Thoppu	Sangiliyan Thoppu	GND	938
LK-4133110	Thirunelvely West	Thirunelvely West	GND	683
LK-4133115	Thirunelvely Centre South	Thirunelvely Centre South	GND	206
LK-4133120	Thirunelvely South East	Thirunelvely South East	GND	339
LK-4133125	Thirunelvely North East	Thirunelvely North East	GND	461
LK-4133130	Thirunelvely Centre North	Thirunelvely Centre North	GND	917
LK-4133135	Kondavil North West	Kondavil North West	GND	487
LK-4133140	Kondavil South West	Kondavil South West	GND	473
LK-4133145	Kondavil Centre West	Kondavil Centre West	GND	305
LK-4133150	Kondavil Centre East	Kondavil Centre East	GND	445
LK-4133155	Kondavil North East	Kondavil North East	GND	663
LK-4133160	Kondavil South East	Kondavil South East	GND	437
LK-4133165	Kokuvil North East	Kokuvil North East	GND	547
LK-4133170	Kokuvil East	Kokuvil East	GND	715
LK-4133175	Kokuvil South East	Kokuvil South East	GND	441
LK-4133180	Kokuvil North West	Kokuvil North West	GND	227
LK-4133185	Kokuvil West	Kokuvil West	GND	323
LK-4133190	Kokuvil Centre East	Kokuvil Centre East	GND	433
LK-4133195	Kokuvil South West	Kokuvil South West	GND	354
LK-4133200	Kokuvil Centre West	Kokuvil Centre (West)	GND	409
LK-4136	Jaffna	Jaffna	DSD	11522
LK-4136005	Nedunkulam	Nedunkulam	GND	488
LK-4136010	Columbuthurai East	Columbuthurai East	GND	539
LK-4136015	Columbuthurai West	Columbuthurai West	GND	380
LK-4136020	Passaiyoor East	Passaiyoor East	GND	238
LK-4136025	Passaiyoor West	Passaiyoor West	GND	222
LK-4136030	Eachchamoddai	Eachchamoddai	GND	652
LK-4136035	Thirunagar	Thirunagar	GND	228
LK-4136040	Reclamation East	Reclamation East	GND	847
LK-4136045	Reclamation West	Reclamation West	GND	661
LK-4136050	Gurunagar East	Gurunagar East	GND	399
LK-4136055	Gurunagar West	Gurunagar West	GND	326
LK-4136060	Small Bazaar	Small Bazaar	GND	168
LK-4136065	Jaffna Town West	Jaffna Town West	GND	548
LK-4136070	Jaffna Town East	Jaffna Town East	GND	343
LK-4136075	Chundikuli South	Chundikuli South	GND	407
LK-4136080	Chundikuli North	Chundikuli North	GND	389
LK-4136085	Maruthady	Maruthady	GND	435
LK-4136090	Aththiyadi	Attiaddy	GND	452
LK-4136095	Chirampiyadi	Sirambiady	GND	297
LK-4136100	Grand Bazaar	Grand Bazaar	GND	230
LK-4136105	Fort	Fort	GND	370
LK-4136110	Vannarpannai	Vannarpannai	GND	324
LK-4136115	Koddady	Koddady	GND	391
LK-4136120	Navanthurai South	Navanthurai South	GND	385
LK-4136125	Navanthurai North	Navanthurai North	GND	525
LK-4136130	Moor Street South	Moor Street South	GND	400
LK-4136135	Moor Street North	Moor Street North	GND	480
LK-4136140	New Moor Street	New Moor Street	GND	398
LK-4139	Islands South (Velanai)	Island South (Velanai)	DSD	4379
LK-4139005	Mandaitivu East	Mandaitivu East	GND	139
LK-4139010	Mandaitivu West	Mandaitivu West	GND	102
LK-4139015	Mandaitivu South	Mandaitivu South	GND	218
LK-4139020	Allaipiddy	Allaipiddy	GND	520
LK-4139025	Mankumpan	Mankumban	GND	171
LK-4139030	Velanai North	Velanai North	GND	107
LK-4139035	Velanai North East	Velanai North East	GND	102
LK-4139040	Velanai East	Velanai East	GND	275
LK-4139045	Velanai South East	Velanai South East	GND	82
LK-4139050	Velanai East Centre	Velanai East Centre	GND	134
LK-4139055	Velanai South	Velanai South	GND	301
LK-4139060	Velanai West Centre	Velanai West Centre	GND	91
LK-4139065	Velanai West	Velanai West	GND	246
LK-4139070	Saravanai East	Saravanai East	GND	91
LK-4139075	Saravanai West	Saravanai West	GND	151
LK-4139080	Pungudutivu North East	Pungudutivu North East	GND	33
LK-4139085	Pungudutivu East	Pungudutivu East	GND	73
LK-4139090	Pungudutivu South East	Pungudutivu South East	GND	20
LK-4139095	Pungudutivu East South	Pungudutivu East South	GND	90
LK-4139100	Pungudutivu South	Pungudutivu South	GND	251
LK-4139105	Pungudutivu North	Pungudutivu North	GND	77
LK-4139110	Pungudutivu Centre North	Pungudutivu Centre North	GND	140
LK-4139115	Pungudutivu South West	Pungudutivu South West	GND	66
LK-4139120	Pungudutivu Centre West	Pungudutivu Centre West	GND	61
LK-4139125	Pungudutivu Centre East	Pungudutivu Centre East	GND	65
LK-4139130	Pungudutivu North West	Pungudutivu North West	GND	42
LK-4139135	Pungudutivu West	Pungudutivu West	GND	101
LK-4139140	Nainativu North	Nainativu North	GND	233
LK-4139145	Nainativu Centre	Nainativu Centre	GND	147
LK-4139150	Nainativu South	Nainativu South	GND	250
LK-4142	Delft	Delft	DSD	893
LK-4142005	Delft West	Delft West	GND	138
LK-4142010	Delft South	Delft South	GND	83
LK-4142015	Delft Centre West	Delft Centre West	GND	201
LK-4142020	Delft Centre	Delft Centre	GND	168
LK-4142025	Delft Centre East	Delft Centre East	GND	146
LK-4142030	Delft East	Delft East	GND	157
LK-42	Mannar	Mannar	DISTRICT	32005
LK-4203	Mannar Town	Mannar Town	DSD	14549
LK-4203005	Talaimannar North	Talaimannar North	GND	295
LK-4203010	Thalaimannar Pier West	Talaimannar Pier West	GND	14
LK-4203015	Thalaimannar Pier East	Talaimannar Pier East	GND	551
LK-4203020	Thalaimannar	Talaimannar	GND	203
LK-4203025	Talaimannar South	Talaimannar South	GND	140
LK-4203030	Kaddukarankudiyiruppu	Kaddukarankudiyiruppu	GND	115
LK-4203035	Thullukudiyiruppu	Thullukudiyiruppu	GND	365
LK-4203040	Pesalai South	Pesalai South	GND	747
LK-4203045	Pesalai North	Pesalai North	GND	307
LK-4203050	Pesalai West	Pesalai West	GND	243
LK-4203055	Siruthoppu	Siruthoppu	GND	521
LK-4203060	Periyakarisal	Periyakarisal	GND	369
LK-4203065	Olaithoduwai	Olaithoduwai	GND	177
LK-4203070	Puthukudiyiruppu	Puthukudiyiruppu	GND	569
LK-4203075	Erukkalampiddy West	Erukkalampiddy West	GND	337
LK-4203080	Erukkalampiddy North	Erukkalampiddy North	GND	162
LK-4203085	Erukkalampiddy East	Erukkalampiddy East	GND	361
LK-4203090	Erukkalampiddy South	Erukkalampiddy South	GND	138
LK-4203095	Erukkalampiddy Centre	Erukkalampiddy Centre	GND	101
LK-4203100	Pallimunai East	Pallimunai East	GND	381
LK-4203105	Moor Street	Moor Street	GND	621
LK-4203110	Emilnagar	Emil Nagar	GND	726
LK-4203115	Tharapuram East	Tharapuram East	GND	307
LK-4203120	Tharapuram West	Tharapuram West	GND	298
LK-4203125	Thoddaveli	Thoddaveli	GND	480
LK-4203130	Thalvupadu	Thalvupadu	GND	554
LK-4203135	Pattithoddam	Pattithoddam	GND	331
LK-4203140	Eluthur	Eluthur	GND	932
LK-4203145	Southbar	South Bar	GND	469
LK-4203150	Savatkaddu	Savatkaddu	GND	425
LK-4203155	Sinnakadai	Sinnakadai	GND	293
LK-4203160	Uppukulam North	Uppukkulam North	GND	372
LK-4203165	Pallimunai West	Pallimunai West	GND	316
LK-4203170	Uppukulam South	Uppukkulam South	GND	306
LK-4203175	Periyakadai	Periyakadai	GND	150
LK-4203180	Pettah	Pettah	GND	136
LK-4203185	Panankaddikoddu West	Panankaddukoddu West	GND	346
LK-4203190	Panankaddikoddu East	Panankaddukoddu East	GND	147
LK-4203195	Periyanavatkulam	Periyanavatkulam	GND	17
LK-4203200	Thiruketheeswaram	Thiruketheeswaram	GND	166
LK-4203205	Nagathalvu	Nagathalvu	GND	70
LK-4203210	Neelasenai	Neelasenai	GND	57
LK-4203215	Mathoddam	Mathoddam	GND	100
LK-4203220	Kallikattaikadu	Kallikaddaikkadu	GND	117
LK-4203225	Vannamottai	Vannamoddai	GND	33
LK-4203230	Uyilankulam	Uyilankulam	GND	130
LK-4203235	Puthukkamam	Puthukkamam	GND	230
LK-4203240	Uyirtharasankulam	Uyirtharasankulam	GND	89
LK-4203245	Parappankandal	Parappankandal	GND	235
LK-4206	Manthai West	Manthai West	DSD	5071
LK-4206005	Thevanpiddy	Thevanpiddy	GND	226
LK-4206010	Vellankulam	Vellankulam	GND	206
LK-4206015	Paliaru	Pali Aru	GND	339
LK-4206020	Anthoniyarpuram	Anthoniyarpuram	GND	196
LK-4206025	Illupaikadavai	Illupaikadavai	GND	195
LK-4206030	Kalliyadi	Kalliyadi	GND	86
LK-4206035	Aththimoddai	Aththimoddai	GND	27
LK-4206040	Koorai	Koorai	GND	74
LK-4206045	Periyamadhu East	Periyamadhu East	GND	118
LK-4206050	Periyamadhu West	Periyamadhu West	GND	101
LK-4206055	Kayanagar	Kayanagar	GND	204
LK-4206060	Pallamadhu	Pallamadhu	GND	169
LK-4206065	Kovilkulam	Kovilkulam	GND	89
LK-4206070	Vidathaltheevu North	Vidathaltheevu North	GND	91
LK-4206075	Vidathaltheevu West	Vidathaltheevu West	GND	144
LK-4206080	Vidathaltheevu Central	Vidathaltheevu Central	GND	10
LK-4206085	Vidathaltheevu East	Vidathaltheevu East	GND	121
LK-4206090	Pappamoddai	Pappamoddai	GND	112
LK-4206095	Parappukadanthan West	Parappukadanthan West	GND	72
LK-4206100	Parappukadanthan East	Parappukadanthan East	GND	40
LK-4206105	Kannady	Kannady	GND	166
LK-4206110	Minnukkan	Minukkan	GND	99
LK-4206115	Maligaithidal	Maligaithidal	GND	152
LK-4206120	Veddayarmurrippu	Veddayarmurrippu	GND	113
LK-4206125	Adampan	Adampan	GND	167
LK-4206130	Nedunkandal	Nedunkandal	GND	131
LK-4206135	Karunkandal Vannakulam	Karunkandal Vannakulam	GND	127
LK-4206140	Alkaddiveli	Alkaddiveli	GND	191
LK-4206145	Andankulam	Andankulam	GND	80
LK-4206150	Karunkandal	Karunkandal	GND	117
LK-4206155	Sornapuri	Sornapuri	GND	243
LK-4206160	Palikuli	Palikuli	GND	152
LK-4206165	Kaththankulam	Kaththankulam	GND	177
LK-4206170	Vaddakandal	Vaddakandal	GND	184
LK-4206175	Palaiyadiputhukulam	Palaiyadiputhukulam	GND	96
LK-4206180	Palaiperumalkaddu	Palaiperumalkaddu	GND	256
LK-4209	Madhu	Madhu	DSD	2702
LK-4209005	Palampiddy	Palampiddy	GND	259
LK-4209010	Keerisuddan	Keerisuddan	GND	36
LK-4209015	Parasankulam	Parasankulam	GND	135
LK-4209020	Vilathikulam	Vilathikulam	GND	79
LK-4209025	Kakkayankulam East	Kakkayankulam East	GND	128
LK-4209030	Kalmadu	Kalmadu	GND	133
LK-4209035	Kakkayankulam West	Kakkayankulam West	GND	167
LK-4209040	Iranailluppaikulam	Iranai Illuppaikulam	GND	341
LK-4209045	Periya-Pandivirichchan East	Periya-Pandivirichchan East	GND	201
LK-4209050	Periya-Pandivirichchan West	Periya-Pandivirichchan West	GND	180
LK-4209055	Madhu	Madhu	GND	136
LK-4209060	Maluvarayarkaddayadampan	Maluvarayarkaddayadampan	GND	227
LK-4209065	Poomalarnthan	Poomalarnthan	GND	324
LK-4209070	Thekkam	Thekkam	GND	34
LK-4209075	Pannavedduvan	Pannavedduvan	GND	73
LK-4209080	Periyamurippu	Periyamurippu	GND	83
LK-4209085	Mathakiramam	Matha Kiramam	GND	166
LK-4212	Nanaddan	Nanattan	DSD	5337
LK-4212005	Vankalai North	Vankalai North	GND	160
LK-4212010	Vankalai West	Vankalai West	GND	137
LK-4212015	Vankalai East	Vankalai East	GND	506
LK-4212020	Thomaspuri	Thomaspuri	GND	310
LK-4212025	Naruvilikkulam	Naruvilikkulam	GND	266
LK-4212030	Vanchiyankulam	Vanchiyankulam	GND	124
LK-4212035	Ilahadipiddy	Ilahadipiddy	GND	130
LK-4212040	Ilanthaimoddai	Ilanthamoddai	GND	76
LK-4212045	Periyakaddaikadu	Periyakaddaikadu	GND	132
LK-4212050	Aththikkuli	Aththikkuly	GND	109
LK-4212055	Kanchithalvu	Kanchithalvu	GND	22
LK-4212060	Chemmantheevu	Chemmantivu	GND	189
LK-4212065	Murunkan	Murunkan	GND	282
LK-4212070	Cheddiyar Mahankaddai Adampan	Cheddiyar Mahan kaddaiadampan	GND	86
LK-4212075	Iraddaikkulam	Iraddaikkulam	GND	73
LK-4212080	Chundikkuli	Chundikkuli	GND	86
LK-4212085	Puthirarkandan	Puttirarkandan	GND	128
LK-4212090	Razoolputhuveli	Razoolputhuveli	GND	119
LK-4212095	Nanattan	Nannattan	GND	89
LK-4212100	Umanagari	Umanagari	GND	123
LK-4212105	Achchankulam	Achchankulam	GND	280
LK-4212110	Moddaikadai	Moddaikadai	GND	100
LK-4212115	Rasamadhu	Rasamadhu	GND	158
LK-4212120	Pallankoddai	Pallankoddai	GND	150
LK-4212125	Valkkaipettankandal	Valkaipattankandal	GND	456
LK-4212130	Pontheevukandal	Pontheevukandal	GND	179
LK-4212135	Kalimoddai Puliyankulam	Kalimoddai Puliyankulam	GND	108
LK-4212140	Parikarikandal	Pariharikandal	GND	248
LK-4212145	Sirukkandal	Sirukkandal	GND	165
LK-4212150	Katkidanthakulam	Katkidanthakulam	GND	262
LK-4212155	Issaimalaithalvu	Issaimalaithalvu	GND	84
LK-4215	Musali	Musali	DSD	4346
LK-4215005	Arippu West	Arippu West	GND	310
LK-4215010	Arippu East	Arippu East	GND	214
LK-4215015	Methanveli	Methanveli	GND	79
LK-4215020	Poonochchikulam	Poonochchikulam	GND	95
LK-4215025	Pandaraveli	Pandaraveli	GND	248
LK-4215030	Sinnapullachchi Potkerni	Sinnapullachchi Potkerni	GND	228
LK-4215035	Periyapullachchi Potkerni	Periyapullachchi Potkerni	GND	208
LK-4215040	Veppankulam	Veppankulam	GND	284
LK-4215045	Marudhamadu	Maruthamadhu	GND	264
LK-4215050	Ahathimurippu	Ahathimurippu	GND	216
LK-4215055	Puthuveli	Puthuveli	GND	111
LK-4215060	Saveriyarpuram	Severiyarpuram	GND	221
LK-4215065	Chilavathurai	Chilavathurai	GND	246
LK-4215070	Koolankulam	Kollankulam	GND	274
LK-4215075	Kondachchi	Kondachchi	GND	374
LK-4215080	Kokkupadayan	Kokkupadayan	GND	138
LK-4215085	Palaikuli	Palaikuli	GND	356
LK-4215090	Karadikkuli	Karadikkuli	GND	218
LK-4215095	Mullikulam	Mullikkulam	GND	117
LK-4215100	Marichchukkaddi	Marichchukaddy	GND	145
LK-43	Vavuniya	Vavuniya	DISTRICT	47825
LK-4303	Vavuniya North	Vavuniya North	DSD	4284
LK-4303005	Unchalkaddy	Unchalkaddy	GND	21
LK-4303010	Vedivaithakallu	Vedivaithakallu	GND	406
LK-4303015	Maruthoddai	Maruthoddai	GND	69
LK-4303020	Paddikudiyiruppu	Paddikudiyiruppu	GND	91
LK-4303025	Katkulam	Katkulam	GND	175
LK-4303030	Nedunkerny South	Nedunkerny South	GND	278
LK-4303035	Nedunkerny North	Nedunkerny North	GND	160
LK-4303040	Olumadu	Olumadu	GND	313
LK-4303045	Mamadu	Mamadu	GND	215
LK-4303050	Kulavisuddan	Kulavisuddan	GND	168
LK-4303055	Marailuppai	Marailuppai	GND	169
LK-4303060	Paranthan	Paranthan	GND	222
LK-4303065	Anandar Pulliyankulam	Anandar Pulliyankulam	GND	98
LK-4303070	Sinnadampan	Sinnadampan	GND	229
LK-4303075	Nainamadu	Nainamadu	GND	230
LK-4303080	Puliyankulam South	Puliyankulam South	GND	309
LK-4303085	Puliyankulam North	Puliyankulam North	GND	338
LK-4303090	Kanagarayankulam South	Kanagarayankulam South	GND	366
LK-4303095	Kanagarayankulam North	Kanagarayankulam North	GND	251
LK-4303100	Mannakulam	Mannakulam	GND	176
LK-4306	Vavuniya South	Vavuniya South	DSD	4488
LK-4306005	Periya Ulukkulama	Periya Ulukkulama	GND	278
LK-4306010	Poomaduwa	Poomaduwa	GND	29
LK-4306015	Rankethgama	Rankethgama	GND	77
LK-4306020	Maradanmaduwa	Maradanmaduwa	GND	226
LK-4306025	Pavakkulam South Bank, Track 07	Pavakkulam South Bank, Track 07	GND	62
LK-4306030	Awaranthulawa	Awaranthulawa	GND	108
LK-4306035	Acres 20,40,60	Acres 20,40,60	GND	121
LK-4306040	Acres 400	Acres 400	GND	309
LK-4306045	Madukanda	Madukanda	GND	330
LK-4306050	Eramperiyakulama	Eramperiyakulama	GND	310
LK-4306055	Alagalla	Alagalla	GND	196
LK-4306060	Avusathapitiya	Avusathapitiya	GND	452
LK-4306065	Kalukunnammaduwa	Kalukunnammaduwa	GND	254
LK-4306070	Nedunkulam	Nedunkulam	GND	269
LK-4306075	Mahamylankulama	Mahamylankulama	GND	291
LK-4306080	Mamaduwa	Mamaduwa	GND	178
LK-4306085	Mahakachchakodiya	Mahakachchikodiya	GND	259
LK-4306090	Pudubulankulama	Pudubulankulama	GND	253
LK-4306095	Pirappanmaduwa	Pirappanmaduwa	GND	229
LK-4306100	Agbopura	Agbopura	GND	257
LK-4309	Vavuniya	Vavuniya	DSD	32007
LK-4309005	Palamoddai	Palamoddai	GND	307
LK-4309010	Maruthamadhu	Maruthamadhu	GND	187
LK-4309015	Panrikkeithakulam	Panrikkeithakulam	GND	197
LK-4309020	Arumugathanputhukulam	Arumuhathanputhukulam	GND	132
LK-4309025	Semamadhu	Semamadhu	GND	94
LK-4309030	Maligai	Maligai	GND	103
LK-4309035	Mahilankulam	Mahilankulam	GND	265
LK-4309040	Maruthankulam	Maruthankulam	GND	253
LK-4309045	Ilamaruthankulam	Ilamaruthankulam	GND	82
LK-4309050	Kallikulam	Kallikulam	GND	657
LK-4309055	Nochchimoddai	Nochchimoddai	GND	450
LK-4309060	Paranaddakal	Paranaddakal	GND	225
LK-4309065	Puthukkulam	Puthukkulam	GND	206
LK-4309070	Marukkarampalai	Marekkarampalai	GND	1310
LK-4309075	Thandikulam	Thandikulam	GND	1000
LK-4309080	Maharambaikulam	Maharambaikulam	GND	1774
LK-4309085	Kaththarsinnakulam	Katharsinnakulam	GND	1125
LK-4309090	Nelukkulam	Nelukkulam	GND	1426
LK-4309095	Pattanichchoor Puliyankulam	Pattanichchi puliyankulam	GND	1690
LK-4309100	Vavuniya Town	Vavuniya Town	GND	646
LK-4309105	Omanthai	Omanthai	GND	433
LK-4309110	Salambaikkulam	Salambaikkulam	GND	633
LK-4309115	Sasthrikoolankulam	Sasthirikoolankulam	GND	878
LK-4309120	Echchankulam	Echchankulam	GND	1301
LK-4309125	Kalmadu	Kalmadu	GND	552
LK-4309130	Poovarasankulam	Poovarasankulam	GND	578
LK-4309135	Sekkadipulavu	Sekkadipulavu	GND	878
LK-4309140	Pampaimadu	Pampaimadu	GND	651
LK-4309145	Rejendrankulam	Rajendrankulam	GND	753
LK-4309150	Koomankulam	Koomankulam	GND	1256
LK-4309155	Kovilkulam	Kovilkulam	GND	637
LK-4309160	Velikulam	Velikulam	GND	647
LK-4309165	Moonrumurippu	Moonrumurippu	GND	459
LK-4309170	Kandapuram	Kandapuram	GND	1007
LK-4309175	Thonikal	Thonikal	GND	1997
LK-4309180	Samalankulam	Samalankulam	GND	985
LK-4309185	Asikulam	Asikulam	GND	1564
LK-4309190	Rambaikulam	Rambaikulam	GND	799
LK-4309195	Vairavapuliyankulam	Vairavapuliyankulam	GND	1158
LK-4309200	Pandarikulam	Pandarikkulam	GND	1505
LK-4309205	Vavuniya Town North	Vavuniya Town North	GND	931
LK-4309210	Velankulam	Velankulam	GND	276
LK-4312	Vengalacheddikulam	Vengalacheddikulam	DSD	7046
LK-4312005	Andiyapuliyankulam	Andiyapuliyankulam	GND	1192
LK-4312010	Periyathampanai	Periyathampanai	GND	96
LK-4312015	Periyakaddu	Periyakaddu	GND	211
LK-4312020	Kannaddy	Kannaddy	GND	90
LK-4312025	Piramanalankulam	Piramanalankulam	GND	201
LK-4312030	Sooduventhapulavu	Sooduventhapulavu	GND	750
LK-4312035	Kurukkalputhukkulam	Kurukkalputhukkulam	GND	300
LK-4312040	Kanthasamy Nagar	Kanthasamy Nagar	GND	293
LK-4312045	Unit 5 & 6. Pavatkulam	Unit 5 & 6 Pavatkulam	GND	235
LK-4312050	Unit 4. Pavatkulam	Unit 4 Pavatkulam	GND	191
LK-4312055	Unit 2. Pavatkulam	Unit 2 Pavatkulam	GND	420
LK-4312060	Muthaliyarkulam	Muthaliyarkulam	GND	458
LK-4312065	Sinnasippikulam	Sinnasippikulam	GND	634
LK-4312070	Neriyakulam	Neriyakulam	GND	548
LK-4312075	Periyapuliyalankulam	Periyapuliyalankulam	GND	592
LK-4312080	Cheddikulam	Cheddikulam	GND	198
LK-4312085	Mugaththankulam	Mugaththankulam	GND	209
LK-4312090	Unit 9 & 10. Pavatkulam	Unit 9 & 10 Pavatkulam	GND	96
LK-4312095	Kristhavakulam	Kiristhavakulam	GND	107
LK-4312100	Kangankulam	Kangankulam	GND	225
LK-44	Mullaitivu	Mullaitivu	DISTRICT	34348
LK-4403	Thunukkai	Thunukkai	DSD	2829
LK-4403005	Alankulam	Alankulam	GND	126
LK-4403010	Amaithipuram	Amaithipuram	GND	110
LK-4403015	Ambalaperumalkulam	Ambalaperumalkulam	GND	76
LK-4403020	Aninchiyankulam	Aninchiyankulam	GND	491
LK-4403025	Barathinagar	Barathinagar	GND	145
LK-4403030	Iyankankulam	Iyankankulam	GND	163
LK-4403035	Kalvilan	Kalvilan	GND	128
LK-4403040	Koddaikaddiyakulam	Koddaikaddiyakulam	GND	104
LK-4403045	Mallavi	Mallavi	GND	251
LK-4403050	Palayamurikandy	Palayamurikandy	GND	33
LK-4403055	Pugalenthinagar	Pugalenthinagar	GND	105
LK-4403060	Puththuvedduvan	Puththuvedduvan	GND	60
LK-4403065	Thenniyankulam	Thenniyankulam	GND	98
LK-4403070	Therankandal	Therankandal	GND	237
LK-4403075	Thirunagar	Thirunagar	GND	115
LK-4403080	Thunukkai	Thunukkai	GND	157
LK-4403085	Uyilankulam	Uyilankulam	GND	83
LK-4403090	Yogapuram Centre	Yogapuram Centre	GND	155
LK-4403095	Yogapuram East	Yogapuram East	GND	91
LK-4403100	Yogapuram West	Yogapuram West	GND	101
LK-4406	Manthai East	Manthai East	DSD	2178
LK-4406005	Ampalpuram	Ampalpuram	GND	233
LK-4406010	Karumpulliyan	Karumpulliyan	GND	128
LK-4406015	Kollavilankulam	Kollavilankulam	GND	137
LK-4406020	Moonrumurippu	Moonrumurippu	GND	176
LK-4406025	Naddankandal	Naddankandal	GND	124
LK-4406030	Oddaruththakulam	Oddaruththakulam	GND	195
LK-4406035	Palinagar	Palinagar	GND	312
LK-4406040	Pandiyankulam	Pandiyankulam	GND	251
LK-4406045	Ponnagar/Kuttymulai	Ponnagar/Kuttymulai	GND	38
LK-4406050	Poovarasankulam	Poovarasankulam	GND	110
LK-4406055	Selvapuram	Selvapuram	GND	169
LK-4406060	Siraddikulam	Siraddikulam	GND	51
LK-4406065	Sivapuram	Sivapuram	GND	46
LK-4406070	Vannivilankulam	Vannivilankulam	GND	119
LK-4406075	Vinayagapuram	Vinayagapuram	GND	89
LK-4409	Puthukkudiyiruppu	Puthukkudiyiruppu	DSD	10667
LK-4409005	Anandapuram	Anandapuram	GND	227
LK-4409010	Iranaippalai	Iranaippalai	GND	356
LK-4409015	Kombavil	Kombavil	GND	1180
LK-4409020	Mallikaithivu	Mallikaithivu	GND	410
LK-4409025	Manikkapuram	Manikkapuram	GND	324
LK-4409030	Mannakandal	Mannakandal	GND	221
LK-4409035	Manthuvil	Manthuvil	GND	503
LK-4409040	Puthukudiyiruppu East	Puthukudiyiruppu East	GND	664
LK-4409045	Puthukudiyiruppu West	Puthukudiyiruppu West	GND	1210
LK-4409050	Sivanagar	Sivanagar	GND	372
LK-4409055	Suthanthirapuram	Suthanthirapuram	GND	677
LK-4409060	Theravil	Theravil	GND	355
LK-4409065	Thevipuram	Thevipuram	GND	788
LK-4409070	Udayarkattu North	Udaiyarkaddu North	GND	560
LK-4409075	Udayarkattu South	Udaiyarkaddu South	GND	888
LK-4409080	Vallipunam	Vallipunam	GND	506
LK-4409085	Valluvarpuram	Valluvarpuram	GND	341
LK-4409090	Visuvamadu East	Visuvamadu East	GND	410
LK-4409095	Visuvamadu West	Visuvamadu West	GND	675
LK-4412	Oddusuddan	Oddusuddan	DSD	5078
LK-4412005	Ampakamam	Ampakamam	GND	113
LK-4412010	Ganeshapuram	Ganeshapuram	GND	65
LK-4412015	Indupuram	Indupuram	GND	326
LK-4412020	Kanagarathinapuram	Kanagarathinapuram	GND	94
LK-4412025	Karuvelankandal	Karuvelankandal	GND	97
LK-4412030	Katchilaimadu	Katchilaimadu	GND	256
LK-4412035	Kathaliyarsamalankulam	Kathaliyarsamlankulam	GND	269
LK-4412040	Koolamurippu	koolamurippu	GND	125
LK-4412045	Manavalanpaddamurippu	Manavalanpaddamurippu	GND	145
LK-4412050	Mankulam	Mankulam	GND	563
LK-4412055	Muththuaiyankaddukulam	Muththaiyankaddukulam	GND	298
LK-4412060	Muthuvinayagapuram	Muthuvinayagarpuram	GND	202
LK-4412065	Oddusuddan	Oddusuddan	GND	313
LK-4412070	Olumadu	Olumadu	GND	158
LK-4412075	Othiyamalai	Othiyamalai	GND	67
LK-4412080	Palampasi	Palampasi	GND	305
LK-4412085	Pandaravanni	Pandaravanni	GND	121
LK-4412090	Panikkankulam	Panikkankulam	GND	151
LK-4412095	Peraru	Peraru	GND	88
LK-4412100	Periyaithimadu	Periyaithimadu	GND	53
LK-4412105	Periyakulam	Periyakulam	GND	24
LK-4412110	Puliyankulam	Puliyankulam	GND	100
LK-4412115	Thachchadampan	Thachchadampan	GND	185
LK-4412120	Thanduvan	Thanduvan	GND	116
LK-4412125	Thaddayarmalai	Thaddayarmalai	GND	189
LK-4412130	Thirumurukandi	Thirumurukanndy	GND	399
LK-4412135	Vithyapuram	Vithyapuram	GND	256
LK-4415	Maritimepattu	Maritimepattu	DSD	10393
LK-4415005	Alampil North	Alampil North	GND	148
LK-4415010	Alampil South	Alampil South	GND	289
LK-4415015	Ampalavanpokkanai	Ampalavanpokkanai	GND	320
LK-4415020	Shemmalai	Chemmalai	GND	301
LK-4415025	Shemmalai East	Chemmalai East	GND	87
LK-4415030	Chilawattai	Chilawattai	GND	449
LK-4415035	Chilawattai South	Chilawattai South	GND	142
LK-4415040	Keekkirapuram	Keekkirapuram	GND	327
LK-4415045	Kallappadu North	Kallappadu North	GND	165
LK-4415050	Kallappadu South	Kallappadu South	GND	472
LK-4415055	Kanukerny East	Kanukerny East	GND	158
LK-4415060	Kanukerny West	Kanukerny West	GND	190
LK-4415065	Karunaddukerny	Karunaddukerny	GND	170
LK-4415070	Keppapulavu	Keppapulavu	GND	370
LK-4415075	Kokkilai East	Kokkilai East	GND	157
LK-4415080	Kokkilai West	Kokkilai West	GND	207
LK-4415085	Kokuthoduvai Centre	Kokuthoduvai Centre	GND	99
LK-4415090	Kokuthoduvai North	Kokuthoduvai North	GND	119
LK-4415095	Kokuthoduvai South	Kokuthoduvai South	GND	59
LK-4415100	Kovilkudiyiruppu	Kovilkudiyiruppu	GND	59
LK-4415105	Kumarapuram	Kumarapuram	GND	356
LK-4415110	Kumulamunai Centre	Kumulamunai Centre	GND	185
LK-4415115	Kumulamunai East	Kumulamunai East	GND	243
LK-4415120	Kumulamunai West	Kumulamunai West	GND	133
LK-4415125	Mamoolai	Mamoolai	GND	388
LK-4415130	Manalkudiyiruppu	Manalkudiyiruppu	GND	60
LK-4415135	Mathavalasingankulam	Mathavalasingankulam	GND	210
LK-4415140	Mullaitivu South	Mullaitivu South	GND	237
LK-4415145	Mullaitivu Town	Mullaitivu Town	GND	30
LK-4415150	Mullivaikkal East	Mullivaikkal East	GND	377
LK-4415155	Mullivaikkal West	Mullivaikkal West	GND	285
LK-4415160	Mulliyawalai Centre	Mulliyawalai Centre	GND	140
LK-4415165	Mulliyawalai East	Mulliyawalai East	GND	393
LK-4415170	Mulliyawalai North	Mulliyawalai North	GND	306
LK-4415175	Mulliyawalai South	Mulliyawalai South	GND	144
LK-4415180	Mulliyawalai West	Mulliyawalai West	GND	556
LK-4415185	Neeravippiddy East	Neeravippiddy East	GND	130
LK-4415190	Neeravippiddy West	Neeravippiddy West	GND	180
LK-4415195	Putharikuda	Putharikuda	GND	128
LK-4415200	Selvapuram	Selvapuram	GND	385
LK-4415205	Thannimurippu	Thannimurippu	GND	106
LK-4415210	Thanneerudru East	Thanneerudru East	GND	63
LK-4415215	Thanneerudru West	Thanneerudru West	GND	240
LK-4415220	Uppumaveli	Uppumaveli	GND	345
LK-4415225	Vannankulam	Vannankulam	GND	80
LK-4415230	Vattapalai	Vattappalai	GND	405
LK-4418	Welioya	Welioya	DSD	3203
LK-4418005	Gajabapura	Gajabapura	GND	338
LK-4418010	Kalyanapura	Kalayanapura	GND	372
LK-4418015	Ehetugaswewa	Ehetugaswewa	GND	475
LK-4418020	Kiriibbanwewa	Kiriebbanwewa	GND	322
LK-4418025	Janakapura	Janakapura	GND	418
LK-4418030	Nawagajabapura	Nawagajabapura	GND	118
LK-4418035	Nikawewa Left	Nikawewa Left	GND	470
LK-4418040	Ethawetunawewa	Ethawatunawewa	GND	302
LK-4418045	Nikawewa South	Nikawewa South	GND	388
LK-45	Kilinochchi	Kilinochchi	DISTRICT	36484
LK-4503	Pachchilaipalli	Pachchilaipalli	DSD	3835
LK-4503005	Allipalai	Allipallai	GND	92
LK-4503010	Arasarkeni	Arasarkerni	GND	126
LK-4503015	Ittavil	Ittavil	GND	271
LK-4503020	Iyakkachchi	Iyakkachchi	GND	254
LK-4503025	Kachcharveli	Kachcharveli	GND	141
LK-4503030	Kilaly	Kilaly	GND	214
LK-4503035	Kovilvayal	Kovilvayal	GND	242
LK-4503040	Masar	Masar	GND	187
LK-4503045	Muhamalai	Muhamalai	GND	143
LK-4503050	Muhavil	Muhavil	GND	249
LK-4503055	Mullaiyadi	Mullaiyadi	GND	181
LK-4503060	Pallai Town	Pallai Town	GND	176
LK-4503065	Pulopalai	Pulopallai	GND	223
LK-4503070	Pulopalai West	Pulopallai West	GND	128
LK-4503075	Soranpattu	Soranpattu	GND	283
LK-4503080	Thambagamam	Thampakamam	GND	433
LK-4503085	Tharmakeny	Tharmakerny	GND	227
LK-4503090	Vempodukeny	Vempodukerny	GND	265
LK-4506	Kandavalai	Kandavalai	DSD	6858
LK-4506005	Elephant Pass	Elephant pass	GND	11
LK-4506010	Kalmadunagar	Kalmadunagar	GND	679
LK-4506015	Kandawalai	Kandawalai	GND	285
LK-4506020	Korakkankattu	Korakkankaddu	GND	454
LK-4506025	Kumarapuram	Kumarapuram	GND	274
LK-4506030	Murasumoddai	Murasumoddai	GND	209
LK-4506035	Paranthan Town	Paranthan Town	GND	693
LK-4506040	Periyakulam	Periyakulam	GND	357
LK-4506045	Piramanthanaru	Piramanthalaru	GND	615
LK-4506050	Puliyampokkanai	Puliyampokkanai	GND	356
LK-4506055	Punnaineeravi	Puthiya punnaineeravi	GND	1642
LK-4506060	Thattuwankotty	Thadduvankoddy	GND	82
LK-4506065	Tharmapuram East	Tharmapuram East	GND	453
LK-4506070	Tharmapuram West	Tharmapuram west	GND	311
LK-4506075	Umaiyalpuram	Umaiyalpuram	GND	238
LK-4506080	Uriyan	Uriyan	GND	199
LK-4509	Karachchi	Karachchi	DSD	19488
LK-4509005	Akkarayankulam	Akkarayankulam	GND	651
LK-4509010	Ambalkulam	Ambalkulam	GND	799
LK-4509015	Ambalnagar	Ambalnagar	GND	853
LK-4509020	Anaivilunthankulam	Anaivilunthankulam	GND	334
LK-4509025	Anandapuram	Anandapuram	GND	530
LK-4509030	Civic Centre	Civic Centre	GND	178
LK-4509035	Jeyanthinagar	Jeyanthinagar	GND	530
LK-4509040	Kanagampikaikulam	Kanagambigaikulam	GND	367
LK-4509045	Kanakapuram	Kanagapuram	GND	305
LK-4509050	Ganeshapuram	Kaneshapuram	GND	253
LK-4509055	Kannagaipuram	Kannagaipuram	GND	302
LK-4509060	Kilinochchi Town	Kilinochchi Town	GND	395
LK-4509065	Konavil	Konavil	GND	940
LK-4509070	Krishnapuram	Krishnapuram	GND	743
LK-4509075	Malaiyalapuram	Malaiyalapuram	GND	542
LK-4509080	Maruthanagar	Maruthanagar	GND	302
LK-4509085	Mavadiyamman	Mavadiyamman	GND	385
LK-4509090	Mayavanoor	Mayavanoor	GND	722
LK-4509095	Pannankandy	Pannakandy	GND	207
LK-4509100	Barathipuram	Barathypuram	GND	764
LK-4509105	Periyaparanthan	Periya Paranthan	GND	328
LK-4509110	Ponnagar	Ponnagar	GND	500
LK-4509115	Puthumurippu	Puthumurippu	GND	418
LK-4509120	Ramanathapuram	Ramanathapuram	GND	610
LK-4509125	Rathinapuram	Rathinapuram	GND	322
LK-4509130	Selvanagar	Selvanagar	GND	730
LK-4509135	Sivanagar	Sivanagar	GND	342
LK-4509140	Skandapuram	Skanthapuram	GND	618
LK-4509145	Thirunagar North	Thirunagar North	GND	384
LK-4509150	Thirunagar South	Thirunagar South	GND	321
LK-4509155	Thiruvaiaru	Thiruvaiaru	GND	256
LK-4509160	Thiruvaiaru West	Thiruvaiaru West	GND	267
LK-4509165	Thondamannagar	Thondamannagar	GND	233
LK-4509170	Urithirapuram East	Uruththirapuram East	GND	363
LK-4509175	Urithirapuram North	Urithirapuram North	GND	431
LK-4509180	Urithirapuram West	Uruththirapuram West	GND	309
LK-4509185	Uthayanagar East	Uthayanagar East	GND	597
LK-4509190	Uthayanagar West	Uthayanagar West	GND	663
LK-4509195	Uttupulam	Uttupulam	GND	321
LK-4509200	Vaddakachchi	Vaddakachchi	GND	508
LK-4509205	Vannerikulam	Vannerikulam	GND	320
LK-4509210	Vivekanandanagar	Vivehananthanagar	GND	545
LK-4512	Poonakary	Poonakary	DSD	6303
LK-4512005	Alankeni	Alankerni	GND	67
LK-4512010	Cheddiakurichchi	Cheddiakurichchi	GND	180
LK-4512015	Gnanimadam	Gnanimadam	GND	107
LK-4512020	Iranaithivu	Iranaitivu	GND	19
LK-4512025	Jeyapuram North	Jayapuram North	GND	180
LK-4512030	Jeyapuram South	Jayapuram South	GND	178
LK-4512035	Kariyalainagapaduvan	Kariyalainagapaduvan	GND	511
LK-4512040	Kiranchi	Kiranchi	GND	497
LK-4512045	Kollakuruchchi	Kollakuruchchi	GND	276
LK-4512050	Kowtharimunai	Kowtharimunai	GND	115
LK-4512055	Madduvilnadu East	Madduvilnadu East	GND	110
LK-4512060	Madduvilnadu West	Madduvilnadu West	GND	223
LK-4512065	Mulankavil	Mulankavil	GND	1083
LK-4512070	Nachchikuda	Nachchikkuda	GND	599
LK-4512075	Nallur	Nallur	GND	451
LK-4512080	Pallavarayankattu	Pallavarayankaddu	GND	294
LK-4512085	Pallikuda	Pallikuda	GND	825
LK-4512090	Paramankirai	Paramankirai	GND	158
LK-4512095	Ponnaveli	Ponnaveli	GND	430
LK-5	Eastern	Eastern	PROVINCE	489362
LK-51	Batticaloa	Batticaloa	DISTRICT	167150
LK-5103	Koralai Pattu North	Koralai Pattu North (Vaharai)	DSD	7758
LK-5103005	Kathiraveli	Kathiraveli	GND	831
LK-5103010	Ammanthanaveli	Ammanthanaaveli	GND	667
LK-5103015	Puchchakkerni	Puchchakerny	GND	488
LK-5103020	Palchenai	Palchenai	GND	709
LK-5103025	Vakarai North	Vakarai North	GND	694
LK-5103030	Ooriyankattu	Ooriyankattu	GND	687
LK-5103035	Kaddumurivu	Kaddumurivu	GND	245
LK-5103040	Vakarai Central	Vakarai Central	GND	128
LK-5103045	Panichchankerni	Panichchankerni	GND	618
LK-5103050	Mathurankernikulam	Mathurankernikulam	GND	193
LK-5103055	Punanai East	Punanai East	GND	810
LK-5103060	Kirimichchai	Kirimichai	GND	397
LK-5103065	Mankerny Central	Mankerny Central	GND	172
LK-5103070	Mankerny South	Mankerny South	GND	308
LK-5103075	Kayankerny	Kayankerny	GND	383
LK-5103080	Vattavan	Vattavan	GND	428
LK-5104	Koralai Pattu Central	Koralai Pattu Central	DSD	8481
LK-5104005	nan	Punanai East	GND	659
LK-5104010	Thiyavattavan	Thiyavattavan	GND	1165
LK-5104015	Valaichchenai 5 Muslim	Valaichchenai 5 Muslim	GND	568
LK-5104020	Valaichchenai 4 Muslim	Valaichchenai 4 Muslim	GND	666
LK-5104025	Valaichchenai 5 Muslim South	Valaichchenai 5 Muslim South	GND	820
LK-5104030	Brynthuraichenai North	Brynthuraichenai North	GND	929
LK-5104035	Brynthuraichenai South	Brynthuraichenai South	GND	1397
LK-5104040	Mavadichenai	Mavadichenai	GND	854
LK-5104045	Semmanodai	Chemmann Odai	GND	1423
LK-5106	Koralai Pattu West	Koralai Pattu West (Oddamavadi)	DSD	7200
LK-5106005	Paper Town	Paper Town	GND	1395
LK-5106010	Oddamavadi 01 North	Oddamavadi 01 North	GND	946
LK-5106015	Oddamavadi 01 South	Oddamavadi 01 South	GND	628
LK-5106020	Oddamavadi 02	Oddamavadi 02	GND	592
LK-5106025	Oddamavadi 03	Oddamavadi 03	GND	718
LK-5106030	Meeravodai Muslim West	Meeravodai Muslim West	GND	826
LK-5106035	Meeravodai Muslim East	Meeravodai Muslim East	GND	969
LK-5106040	Mancholai	Mancholai	GND	1126
LK-5109	Koralai Pattu	Koralai Pattu (Valachchenai)	DSD	8313
LK-5109005	Nasivanthivu	Nasivanthivu	GND	422
LK-5109010	Valachchenai Tamil	Valachchenai Tamil	GND	336
LK-5109015	Puthukudiyiruppu	Puthukudiyiruppu	GND	553
LK-5109020	Peththalai	Peththalai	GND	962
LK-5109025	Kalkudah	Kalkuda	GND	823
LK-5109030	Kalmadu	Kalmadu	GND	1576
LK-5109035	Kannagipuram	Kannagipuram	GND	753
LK-5109040	Kumburumulai	Kumburumulai	GND	316
LK-5109045	Sungankerny	Sungankerny	GND	641
LK-5109050	Kinnaiyady	Kinnayadi	GND	868
LK-5109055	Karuwakerni	Karuwakerni	GND	714
LK-5109060	Meeravodai Tamil	Meeravodai Tamil	GND	349
LK-5110	Koralai Pattu South	Koralai Pattu South (Kiran)	DSD	8528
LK-5110005	Punanai West	Punanai West	GND	215
LK-5110010	Vahaneri	Vahaneri	GND	452
LK-5110015	Maruththanai	Muruthanai	GND	255
LK-5110020	Uthuchchenai	Uthuchenai	GND	140
LK-5110025	Kallichchai	Kallichchai	GND	0
LK-5110030	Vadamunai	Vadamunai	GND	114
LK-5110035	Kudumpimalai	Kudumpimalai	GND	184
LK-5110040	Perillaveli	Perillaveli	GND	211
LK-5110045	Poolakadu	Poolakadu	GND	295
LK-5110050	Kiran East	Kiran East	GND	1299
LK-5110055	Kiran West	Kiran West	GND	524
LK-5110060	Korakallimadu	Korakallimadu	GND	853
LK-5110065	Santhiveli	Santhiveli	GND	965
LK-5110070	Palaiyadithona	Palaiyadithona	GND	952
LK-5110075	Thevapuram	Thevapuram	GND	703
LK-5110080	Murakkottanchenai	Murakkottanchenai	GND	631
LK-5110085	Thihiliveddai	Thihilivaddai	GND	416
LK-5110090	Koraveli	Koraveli	GND	319
LK-5112	Eravur Pattu	Eravur Pattu	DSD	25613
LK-5112005	Sittandy 3	Sittandy 3	GND	593
LK-5112010	Sittandy 2	Sittandy 2	GND	244
LK-5112015	Sittandy 4	Sittandy 4	GND	632
LK-5112020	Sittandy 1	Sittandy 1	GND	952
LK-5112025	Mavadivembu 2	Mavadivembu 2	GND	687
LK-5112030	Mavadivembu 1	Mavadivembu 1	GND	1040
LK-5112035	Kaluwankerny 1	Kaluvankerny 1	GND	842
LK-5112040	Kaluwankerny 2	Kaluwankerny 2	GND	587
LK-5112045	Thalavai	Thalavai	GND	679
LK-5112050	Iyankerny Tamil	Iyankerny Tamil	GND	1060
LK-5112055	Kommathurai North	Kommathurai North	GND	444
LK-5112060	Palachcholai	Palachcholai	GND	553
LK-5112065	Vantharumoolai East	Vantharumoolai East	GND	928
LK-5112070	Vantharumoolai West	Vantharumoolai West	GND	1033
LK-5112075	Eralakkulam	Eralakkulam	GND	271
LK-5112080	Mylavedduvan	Mailavaddavan	GND	79
LK-5112085	Koduwamadu	Koduwamadu	GND	444
LK-5112090	Kommathurai West	Kommathurai West	GND	234
LK-5112095	Kommathurai East	Kommathurai East	GND	555
LK-5112100	Chenkalady-2	Chenkalady 2	GND	472
LK-5112105	Chenkalady-1	Chenkalady 1	GND	816
LK-5112110	Iyankerny Muslim	Iyankerny Muslim	GND	894
LK-5112115	Meerakerny	Meerakerny	GND	1783
LK-5112120	Michnagar	Mich Nagar	GND	1971
LK-5112125	Savukkady	Savukkady	GND	623
LK-5112130	Thannamunai	Thannamunai	GND	490
LK-5112135	Mylampavely	Mylampavely	GND	907
LK-5112140	Arumugathan Kudiyiruppu 2	Arumugathan kudiyiruppu 2	GND	610
LK-5112145	Arumugathan Kudiyiruppu 1	Arumugathan Kudiyiruppu 1	GND	545
LK-5112150	Kumaraveliyar Kiramam	Kumaraveliar Kiramam	GND	574
LK-5112155	Pankudahvely	Pankudahvely	GND	572
LK-5112160	Vepavedduwan	Vepavedduwan	GND	818
LK-5112165	Karadiyanaru	Karadiyanaru	GND	567
LK-5112170	Marappalam	Marappalam	GND	511
LK-5112175	Kithul	Kithulwewa	GND	408
LK-5112180	Rugam	Rugam	GND	214
LK-5112185	Koppavely	Koppavely	GND	280
LK-5112190	Periyapullumalai	Periyapullumalai	GND	201
LK-5112195	Gemunupura	Gemunupura	GND	500
LK-5115	Eravur Town	Eravur Town	DSD	7172
LK-5115005	Ellainagar	Ellainagar	GND	314
LK-5115010	Eravur 04	Eravur 04	GND	227
LK-5115015	Eravur 03	Eravur 03	GND	807
LK-5115020	Eravur 03A	Eravur 03A	GND	956
LK-5115025	Eravur 02	Eravur 02	GND	470
LK-5115030	Eravur 02B	Eravur 02B	GND	308
LK-5115035	Eravur 02C	Eravur 02C	GND	671
LK-5115040	Eravur 02A	Eravur 02A	GND	479
LK-5115045	Eravur 01B	Eravur 01B	GND	486
LK-5115050	Eravur 01	Eravur 01	GND	462
LK-5115055	Eravur 01A	Eravur 01A	GND	467
LK-5115060	Eravur 06A	Eravur 06A	GND	446
LK-5115065	Eravur 06D	Eravur 06D	GND	332
LK-5115070	Eravur 06	Eravur 06	GND	339
LK-5115075	Eravur 05	Eravur 05	GND	408
LK-5118	Manmunai North	Manmunai North	DSD	25590
LK-5118005	Palameenmadu	Palameenmadu	GND	337
LK-5118010	Navalady	Navalady	GND	144
LK-5118015	Amirthakali	Amirthakali	GND	671
LK-5118020	Punnachcholai	Punnachcholai	GND	628
LK-5118025	Thiraimadu	Thiraimadu	GND	1114
LK-5118030	Saththurukondan	Saththurukondan	GND	648
LK-5118035	Panichchaiyady	Panichalady	GND	541
LK-5118040	Kokkuvil	Kokkuvil	GND	848
LK-5118045	Sinna Oorani	Sinna Oorani	GND	1387
LK-5118050	Jayanthipuram	Jayanthipuram	GND	312
LK-5118055	Karuvappankerny	Karuvappankerny	GND	998
LK-5118060	Mamangam	Mamangam	GND	516
LK-5118065	Koolavadi	Koolavadi	GND	270
LK-5118070	Koolavadi East	Koolavadi East	GND	303
LK-5118075	Thamaraikerny	Thamaraikerny	GND	362
LK-5118080	Periya Uppodai	Periya Uppodai	GND	1050
LK-5118085	Dutch Bar	Dutch Bar	GND	108
LK-5118090	Thissaweerasingam Square	Thissaveerasingam Sathukam	GND	352
LK-5118095	Iruthayapuram East	Iruthayapuram East	GND	414
LK-5118100	Iruthayapuram Central	Iruthayapuram Central	GND	262
LK-5118105	Iruthayapuram West	Iruthayapuram West	GND	715
LK-5118110	Periya Oorani	Periya Oorani	GND	317
LK-5118115	Gnanasooriyam Square	Gnasooriyam Sathukam	GND	396
LK-5118120	Vettukkadu	Vettukkadu	GND	152
LK-5118125	Barathipuram	Barathipuram	GND	412
LK-5118130	Thandavanveli	Thandavanveli	GND	807
LK-5118135	Arasadi	Arasadi	GND	311
LK-5118140	Koddamunai	Koddamunai	GND	341
LK-5118145	Kallady Mugaththuwaram	Kallady Mugathuvaram	GND	346
LK-5118150	Thiruchendhoor	Thiruchendhoor	GND	683
LK-5118155	Kallady	Kallady	GND	663
LK-5118160	Kallady Veloor	Kallady Veloor	GND	847
LK-5118165	Kallady Uppodai	Kallady Uppodai	GND	557
LK-5118170	Puliyantivu East	Puliyanthivu East	GND	389
LK-5118175	Puliyantivu Central	Puliyanthivu Central	GND	246
LK-5118180	Puliyantivu West	Puliyanthivu West	GND	315
LK-5118185	Puliyantivu South	Puliyanthivu South	GND	694
LK-5118190	Thiruperunthurai	Thiruperunthurai	GND	480
LK-5118195	Puthunagar	Puthunagar	GND	573
LK-5118200	Seththukudah	Seththukudah	GND	310
LK-5118205	Veechchukalmunai	Veechikalmunai	GND	233
LK-5118210	Thimilathivu	Thimilathivu	GND	345
LK-5118215	Nochchimunai	Nochchimunai	GND	1297
LK-5118220	Navatkudah	Navatkudah	GND	411
LK-5118225	Navatkudah East	Navatkudah East	GND	909
LK-5118230	Navatkudah South	Navatkudah South	GND	263
LK-5118235	Manjanthoduvai North	Manjanthoduvai North	GND	187
LK-5118240	Manjanthoduvai South	Manjanthoduvai South	GND	1126
LK-5121	Manmunai West	Manmunai West	DSD	9647
LK-5121005	Narippulthoddam	Narippulthoddam	GND	338
LK-5121010	Mahilavedduvaan	Mahilavedduvan	GND	535
LK-5121015	Karaveddi	Karaveddi	GND	628
LK-5121020	Vilavedduwan	Vilavedduwan	GND	569
LK-5121025	Naavatkaadu	Naavatkaadu	GND	504
LK-5121030	Eachchantivu	Echchantivu	GND	339
LK-5121035	Mankikaddu	Mankikaddu	GND	173
LK-5121040	Vavunativu	Vavunativu	GND	266
LK-5121045	Ayiththiyamalai South	Ayithiyamalai South	GND	295
LK-5121050	Ayiththiyamalai North	Ayithiyamalai North	GND	671
LK-5121055	Nediyamadu	Nediyamadu	GND	234
LK-5121060	Pavatkodichenai	Pavatkodichenai	GND	583
LK-5121065	Kurinchamunai	Kurinchaamunai	GND	362
LK-5121070	Paruththichenai	Paruththichenai	GND	344
LK-5121075	Kannankudah	Kannakudah	GND	282
LK-5121080	Mandapathadi	Mandapathadi	GND	244
LK-5121085	Karaiyakkantivu	Karaiyakkantivu	GND	300
LK-5121090	Puthumandapaththadi	Puthumandapaththadi	GND	625
LK-5121095	Ganthinagar	Kaanthinagar	GND	196
LK-5121100	Unnichchai	Unnichchi	GND	346
LK-5121105	Panchenai	Panchenai	GND	217
LK-5121110	Iluppadichenai	Illuppadichenai	GND	447
LK-5121115	Koththiyapulai	Koththiyapulai	GND	382
LK-5121120	Kaanchirankudah	Kaanchirankudah	GND	767
LK-5124	Kattankudy	Kattankudy	DSD	12899
LK-5124005	Kattankudy Division 1	Kattankudy Division 1	GND	346
LK-5124010	Kattankudy Division 1 South	Kattankudy 1 South	GND	581
LK-5124015	Kattankudy Division 2	Kattankudy Division 2	GND	587
LK-5124020	Kattankudy Division 2 North	Kattankudy 2 North	GND	789
LK-5124025	New Kattankudy North	New Kattankudy Division North	GND	1696
LK-5124030	New Kattankudy South	New Kattankudy Division South	GND	1490
LK-5124035	Kattankudy Division 3 East	Kattankudy 3 East	GND	379
LK-5124040	Kattankudy Division 3	Kattankudy Division 3	GND	407
LK-5124045	Kattankudy Division 3 West	Kattankudy 3 West	GND	275
LK-5124050	Kattankudy Division 4 West	Kattankudy 4 West	GND	372
LK-5124055	Kattankudy Division 4	Kattankudy Division 4	GND	296
LK-5124060	Kattankudy Division 6	Kattankudy Division 6	GND	821
LK-5124065	New Kattankudy West	New Kattankudy Division West	GND	693
LK-5124070	New Kattankudy East	New Kattankudy Division East	GND	1829
LK-5124075	Kattankudy Division 6 South	Kattankudy 6 South	GND	888
LK-5124080	Kattankudy Division 6 West	Kattankudy 6 West	GND	544
LK-5124085	Kattankudy Division 5	Kattankudy Division 5	GND	625
LK-5124090	Kattankudy Division 5 South	Kattankudy 5 South	GND	281
LK-5127	Manmunai Pattu	Manmunai Pattu (Araipattai)	DSD	10254
LK-5127005	Kirankulam North	Kirankulam North	GND	487
LK-5127010	Kirankulam South	Kirankulam South	GND	417
LK-5127015	Kirankulam	Kirankulam	GND	381
LK-5127020	Kirankulam Central	Kirankulam Central	GND	265
LK-5127025	Puthukudiyiruppu	Puthukudiyiruppu	GND	343
LK-5127030	Puthukudiyiruppu South	Puthukudiyiruppu South	GND	312
LK-5127035	Puthukudiyiruppu North	Puthukudiyiruppu North	GND	504
LK-5127040	Palamunai	Palamunai	GND	1068
LK-5127045	Thalankudah	Thalankudah	GND	405
LK-5127050	Manmunai	Manmunai	GND	361
LK-5127055	Vedarkudiyiruppu	Vedarkudiyiruppu	GND	354
LK-5127060	Mavilankanthurai	Mavilankanthurai	GND	352
LK-5127065	Kankeyanodai	Kankeyanodai	GND	311
LK-5127070	Ollikulam	Ollikulam	GND	197
LK-5127075	Kankeyanodai South	Kankeyanodai South	GND	490
LK-5127080	Arayampathy 3	Araipattai 3	GND	157
LK-5127085	Rajadurai Gramam	Rajadurai Kiramam	GND	262
LK-5127090	Arayampathy South	Araipattai South	GND	261
LK-5127095	Kovilkulam	Kovilkulam	GND	339
LK-5127100	Arayampathy Central	Araipattai Central	GND	146
LK-5127105	Arayampathy 2	Araipattai 2	GND	111
LK-5127110	Selvanagar	Selvanagar	GND	383
LK-5127115	Selvanagar East	Selvanagar East	GND	865
LK-5127120	Arayampathy East	Araipattai East	GND	987
LK-5127125	Arayampathy North	Araipattai North	GND	152
LK-5127130	Arayampathy 1	Araipattai 1	GND	189
LK-5127135	Arayampathy West	Araipattai West	GND	155
LK-5130	Manmunai South West	Manmunai South-West	DSD	7745
LK-5130005	Munaikkadu West	Munaikkadu West	GND	329
LK-5130010	Munaikkadu North	Munaikkadu North	GND	419
LK-5130015	Munaikkadu East	Munaikkadu East	GND	196
LK-5130020	Muthalaikkudah West	Muthalaikkudah West	GND	393
LK-5130025	Muthalaikkudah	Muthalaikkudah	GND	228
LK-5130030	Mahiladitivu	Mahiladitivu	GND	241
LK-5130035	Mahiladitivu South	Mahiladithivu South	GND	597
LK-5130040	Kokkadicholai	Kokkadichcholai	GND	558
LK-5130045	Munaikkadu South	Munaikkadu South	GND	311
LK-5130050	Kokkadicholai South	Kokkadichcholai South	GND	445
LK-5130055	Pandariyaveli	Pandariyaveli	GND	395
LK-5130060	Arasaditivu North	Arasaditivu North	GND	259
LK-5130065	Paddippalai	Paddippalai	GND	299
LK-5130070	Kuluvinamadu	Kuluvinamadu	GND	211
LK-5130075	Arasaditivu	Arasaditivu	GND	358
LK-5130080	Kadukkamunai	Kadukkamunai	GND	525
LK-5130085	Ampilanthurai North	Ampilanthurai North	GND	185
LK-5130090	Ampilanthurai	Ampilanthurai	GND	286
LK-5130095	Ampilanthurai West	Ampilanthurai West	GND	242
LK-5130100	Katchenai	Katchenai	GND	212
LK-5130105	Mavadimunmaari	Mavadimunmaari	GND	194
LK-5130110	Thanthamalai	Thanthamalai	GND	292
LK-5130115	Kachchakodi	Kachchakodi	GND	471
LK-5130120	Panichchiyadimunmari	Panichchiyadimunmari	GND	99
LK-5133	Porativu Pattu	Porativu Pattu	DSD	11378
LK-5133005	Selvapuram	Selvapuram	GND	330
LK-5133010	Vammiyadiyoottu	Vammiyadiyoottu	GND	490
LK-5133015	Thumpankerni (Y.F.S.)	Thumpankerni (Y.F.S)	GND	223
LK-5133020	Kalumunthanveli	Kalumunthanveli	GND	224
LK-5133025	Ganthipuram	Kanthipuram	GND	224
LK-5133030	Mavetkudah	Mavetkudah	GND	341
LK-5133035	Vipulananthapuram	Vipulananthapuram	GND	234
LK-5133040	Palugaamam I	Palugaamam I	GND	120
LK-5133045	Palugaamam II	Palugaamam II	GND	194
LK-5133050	Vanninagar	Vanninagar	GND	294
LK-5133055	Veeranchenai	Veeranchenai	GND	168
LK-5133060	Thumpankerni	Thumbankerny	GND	136
LK-5133065	Suravanayadiyoottu	Saravanaiyadiyoottu	GND	166
LK-5133070	Thikkodai	Thikkodai	GND	504
LK-5133075	Navagrinagar	Navakirinagar	GND	120
LK-5133080	Kannapuram	Kannapuram	GND	132
LK-5133085	Paalaiyadivaddai	Paalaiyadivaddai	GND	195
LK-5133090	Nellikkadu	Nellikkadu	GND	203
LK-5133095	Vivekananthapuram	Vivekananthapuram	GND	183
LK-5133100	Vellaveli	Vellaveli	GND	281
LK-5133105	Punnakkulam	Punnakkulam	GND	181
LK-5133110	Kovilporativu West	Kovilporativu West	GND	393
LK-5133115	Kovilporativu	Kovilporativu	GND	274
LK-5133120	Munaitivu	Munaitivu	GND	364
LK-5133125	Paddaapuram	Paddaapuram	GND	232
LK-5133130	Periyaporativu	Periyaporativu	GND	237
LK-5133135	Kovilporativu South	Kovilporativu South	GND	254
LK-5133140	Mandur 1 And 2 South	Mandur 1 &2 South	GND	279
LK-5133145	Mandur Kottamunai	Mandur Koddaimunai	GND	281
LK-5133150	Mandur 3	Mandur 3	GND	259
LK-5133155	Mandur 1 And 2 North	Mandur 1 &2 (North part)	GND	168
LK-5133160	Paalamunai	Paalamunai	GND	597
LK-5133165	Thampalawattai	Thambalawatta	GND	416
LK-5133170	Kaneshapuram	Ganeshapuram	GND	388
LK-5133175	Sangarpuram	Shangarpuram	GND	458
LK-5133180	Palachcholai	Palachcholai	GND	282
LK-5133185	Kaakkachchivaddai	Kaakkachchivaddai	GND	345
LK-5133190	Kannapuram East	Kannapuram East	GND	216
LK-5133195	Vilanthoddam	Vilanthoddam	GND	164
LK-5133200	Sinnawattai	Sinnawattai	GND	328
LK-5133205	Maalaiyarkaddu	Maalaiyarkaddu	GND	140
LK-5133210	Anaikaddiyaveli	Anaikaddiyaveli	GND	212
LK-5133215	Raanamadu	Raanamadu	GND	148
LK-5136	Manmunai South & Eruvil Pattu	Manmunai South & Eruvil pattu	DSD	16572
LK-5136005	Kurukkalmadam North	Kurukkalmadam North	GND	285
LK-5136010	Kurukkalmadam South	Kurukkalmadam South	GND	160
LK-5136015	Cheddipalayam North	Cheddipalayam North	GND	572
LK-5136020	Cheddipalayam South	Cheddipalayalam South	GND	509
LK-5136025	Mankadu	Mankadu	GND	486
LK-5136030	Thettativu North	Thettathivu North	GND	307
LK-5136035	Thettativu South	Thettathivu South	GND	172
LK-5136040	Thettativu South - 02	Thettathivu South 2	GND	283
LK-5136045	Thettativu South - 01	Thettathivu South 1	GND	244
LK-5136050	Kaluthawalai 1	Kaluthawalai 1	GND	473
LK-5136055	Kaluthawalai Central	Kaluthawalai Central	GND	306
LK-5136060	Kaluthawalai 2	Kaluthawalai 2	GND	281
LK-5136065	Kaluthawalai 3	Kaluthawalai 3	GND	313
LK-5136070	Kaluthawalai 4	Kaluthawalai 4	GND	476
LK-5136075	Kaluthawalai 4 Santhipuram	Kaluthavalai 04 Santhipuram	GND	460
LK-5136080	Kaluwanchikudy North 1	Kaluwanchikudy North 1	GND	506
LK-5136085	Kaluwanchikudy North	Kaluwanchikudy North	GND	313
LK-5136090	Paddiruppu	Paddiruppu	GND	266
LK-5136095	Eruvil North	Eruvil North	GND	423
LK-5136100	Kaluwanchikudy South	kaluwanchikudy South	GND	1022
LK-5136105	Onthachimadam North	Onthachimadam North	GND	624
LK-5136110	Eruvil East	Eruvil East	GND	745
LK-5136115	Eruvil South	Eruvil South	GND	516
LK-5136120	Kurumanvely 11 West	Kurumanvely 11West	GND	284
LK-5136125	Kurumanvely 11 East	Kurumanvely 11 East	GND	233
LK-5136130	Kurumanvely 12	Kurumanvely 12	GND	311
LK-5136135	Mahiloor West	Mahiloor West	GND	400
LK-5136140	Mahiloor South West	Mahiloor South West	GND	393
LK-5136145	Mahiloor East	Mahiloor East	GND	547
LK-5136150	Onthachimadam South	Onthachimadam South	GND	283
LK-5136155	Koddaikallar North	Koddaikallar North	GND	414
LK-5136160	Koddaikallar West	Koddaikallar West	GND	273
LK-5136165	Mahiloormunai	Mahiloor Munai	GND	290
LK-5136170	Koddaikallar East	Koddaikallar East	GND	249
LK-5136175	Koddaikallar South	Koddaikallar South	GND	227
LK-5136180	Periyakallar 01	Periyakallar 1	GND	263
LK-5136185	Periyakallar 01 South	Periyakallar 1 South	GND	256
LK-5136190	Periyakallar 02 West	Periyakallar 2 West	GND	334
LK-5136195	Periyakallar 02	Periyakallar 2	GND	246
LK-5136200	Periyakallar 03 South	Periyakallar 3 South	GND	356
LK-5136205	Periyakallar 03	Periyakallar 3	GND	216
LK-5136210	Thuraineelavanai North	Thuraineelavanai North	GND	367
LK-5136215	Thuraineelavanai North 01	Thuraineelavanai North 1	GND	221
LK-5136220	Thuraineelavanai South	Thuraineelavanai South	GND	249
LK-5136225	Thuraineelavanai South 01	Thuraineelavanai South1	GND	418
LK-52	Ampara	Ampara	DISTRICT	202861
LK-5203	Dehiattakandiya	Dehiattakandiya	DSD	18437
LK-5203005	Rideela	Rideela	GND	1270
LK-5203010	Bakmeedeniya	Bakmeedeniya	GND	1247
LK-5203015	Dehiattakandiya	Dehiattakandiya	GND	2571
LK-5203020	Kadirapura	Kadirapura	GND	3299
LK-5203025	Mawanagama	Mawanagama	GND	1243
LK-5203030	Lihiniyagama	Lihiniyagama	GND	1183
LK-5203035	Serupitiya	Serupitiya	GND	1229
LK-5203040	Sandamadulla	Sadamadulla	GND	1046
LK-5203045	Sandunpura	Sandunpura	GND	1461
LK-5203050	Paranagama	Paranagama	GND	1508
LK-5203055	Ihalagama	Ihalagama	GND	851
LK-5203060	Nawa Medagama	Nawa Medagama	GND	827
LK-5203065	Wewmedagama	Wewmedagama	GND	702
LK-5206	Padiyathalawa	Padiyathalawa	DSD	6260
LK-5206005	Galode	Galode	GND	381
LK-5206010	Palathuruwella	Palathuruwella	GND	281
LK-5206015	Pulungasmulla	Pulungasmulla	GND	335
LK-5206020	Serankada	Serankada	GND	350
LK-5206025	Unapana	Unapana	GND	177
LK-5206030	Hagamwela	Hagamwela	GND	292
LK-5206035	Kirawana	Kirawana	GND	444
LK-5206040	Padiyathalawa	Padiyathalawa	GND	463
LK-5206045	Thalapitaoya Left	Thalapitaoya Left	GND	272
LK-5206050	Saranagama	Saranagama	GND	316
LK-5206055	Pallegama	Pallegama	GND	274
LK-5206060	Moradeniya	Moradeniya	GND	375
LK-5206065	Thalapitaoya South	Thalapitaoya South	GND	220
LK-5206070	Holike	Holike	GND	316
LK-5206075	Kehelulla	Kehelulla	GND	377
LK-5206080	Miriswatta	Miriswatta	GND	282
LK-5206085	Kolamanthalawa	Kolamanthalawa	GND	270
LK-5206090	Dorakumbura	Dorakumbura	GND	248
LK-5206095	Marangala	Marangala	GND	306
LK-5206100	Komana	Komana	GND	281
LK-5209	Mahaoya	Mahaoya	DSD	6968
LK-5209005	Bogamuyaya	Bogamuyaya	GND	80
LK-5209010	Tempitiya	Tempitiya	GND	206
LK-5209015	Poolawala	Poolawala	GND	187
LK-5209020	Bedirekka	Bedirekka	GND	184
LK-5209025	Unuwathura Bubula	Unuwathura Bubula	GND	607
LK-5209030	Iddapola	Iddapola	GND	329
LK-5209035	Thepelpola	Thepelpola	GND	482
LK-5209040	Mahaoya	Mahaoya	GND	287
LK-5209045	Samagipura	Samagipura	GND	635
LK-5209050	Borapola	Borapola	GND	287
LK-5209055	Kelavinna	Kelavinna	GND	513
LK-5209060	Dambadeniya	Dambadeniya	GND	655
LK-5209065	Kekirihena	Kekirihena	GND	605
LK-5209070	Kudaharasgala	Kudaharasgala	GND	479
LK-5209075	Lahugala	Lahugala	GND	391
LK-5209080	Pollebedda	Pollebedda	GND	597
LK-5209085	Aranthalawa	Aranthalawa	GND	444
LK-5212	Uhana	Uhana	DSD	17326
LK-5212005	Piyangala	Piyangala	GND	163
LK-5212010	Nugelanda North	Nugelanda North	GND	221
LK-5212015	Nugelanda South	Nugelanda South	GND	216
LK-5212020	Bakkiella	Bakkiella	GND	124
LK-5212025	Rajagalathenna South	Rajagalathenna South	GND	340
LK-5212030	Rajagalathenna North	Rajagalathenna North	GND	581
LK-5212035	Gonagolla	Gonagolla	GND	425
LK-5212040	Galapitagala West	Galapitagala West	GND	215
LK-5212045	Galapitagala East	Galapitagala East	GND	171
LK-5212050	Kothmale	Kothmale	GND	226
LK-5212055	Mayadunna	Mayadunna	GND	700
LK-5212060	Nawagiriyawa	Nawagiriyawa	GND	424
LK-5212065	Bandaradoowa	Bandaradoowa	GND	534
LK-5212070	Lathugala	Lathugala	GND	226
LK-5212075	Bokkabedda	Bokkabedda	GND	222
LK-5212080	Kohombana	Kohombana	GND	162
LK-5212085	Walagampura	Walagampura	GND	642
LK-5212090	Verenketagoda	Verenketagoda	GND	794
LK-5212095	Senagama North	Senagama North	GND	306
LK-5212100	Senagama South	Senagama South	GND	193
LK-5212105	Gonagala	Gonagala	GND	323
LK-5212110	Veheragama East	Veheragama East	GND	120
LK-5212115	Veheragama West	Veheragama West	GND	120
LK-5212120	Gemunupura	Gemunupura	GND	290
LK-5212125	Siyambalawewa	Siyambalawewa	GND	176
LK-5212130	Rajagama North	Rajagama North	GND	143
LK-5212135	Rajagama South	Rajagama South	GND	167
LK-5212140	Suhadagama North	Suhadagama North	GND	62
LK-5212145	Suhadagama South	Suhadagama South	GND	50
LK-5212150	Kumarigama	Kumarigama	GND	312
LK-5212155	Komariya	Komariya	GND	292
LK-5212160	Udagirigama West	Udagirigama West	GND	193
LK-5212165	Udagirigama East	Udagirigama East	GND	309
LK-5212170	Galahitiyagoda	Galahitiyagoda	GND	644
LK-5212175	Mahakandiya	Mahakandiya	GND	546
LK-5212180	Kahatagasyaya	Kahatagasyaya	GND	202
LK-5212185	Velikahagolla	Velikahagolla	GND	477
LK-5212190	Dematamalpelessa	Dematamalpelessa	GND	428
LK-5212195	Uhana	Uhana	GND	677
LK-5212200	Uhana Thissapura East	Uhana Thissapura West	GND	579
LK-5212205	Uhana Thissapura West	Uhana Thissapura East	GND	241
LK-5212210	Udayapura	Udayapura	GND	308
LK-5212215	Sandanadapura	Sandanadapura	GND	328
LK-5212220	Weeragoda North	Weeragoda North	GND	239
LK-5212225	Weeragoda South	Weeragoda South	GND	274
LK-5212230	Dadayanthalawa West	Dadayanthalawa West	GND	348
LK-5212235	Dadayanthalawa East	Dadayanthalawa East	GND	183
LK-5212240	Wijayapura East	Wijayapura East	GND	147
LK-5212245	Wijayapura West	Wijayapura West	GND	176
LK-5212250	Kumudugama	Kumudugama	GND	216
LK-5212255	Ruhunugama	Ruhunugama	GND	241
LK-5212260	Buddhangala	Buddhangala	GND	196
LK-5212265	Palam Kandavura	Palam Kandavura	GND	597
LK-5212270	Himidurawa	Himidurawa	GND	575
LK-5212275	Abhayapura	Abhayapura	GND	262
LK-5215	Ampara	Ampara	DSD	13172
LK-5215005	Dambethalawa	Dambethalawa	GND	874
LK-5215010	Samapura	Samapura	GND	421
LK-5215015	Karangawa	Karangawa	GND	1008
LK-5215020	Gemunupura	Gemunupura	GND	404
LK-5215025	Thissapura	Thissapura	GND	609
LK-5215030	Nawagampura	"Nawagampura_x000D_
Nawagamp"	GND	1380
LK-5215035	Senanayakepura	Senanayakepura	GND	870
LK-5215040	Jayawardhanapura	Jayawardhanapura	GND	900
LK-5215045	Indrasarapura	Indrasarapura	GND	419
LK-5215050	Mihindupura	Mihindupura	GND	681
LK-5215055	Saddhathissapura	Saddhathissapura	GND	577
LK-5215060	Kotavehera	Kotavehera	GND	400
LK-5215065	Paragahakele East	Paragahakele East	GND	435
LK-5215070	Paragahakele West	Paragahakele West	GND	484
LK-5215075	Ambagahawella	Ambagahawella	GND	455
LK-5215080	Ambamalthalawa	Ambamalthalawa	GND	441
LK-5215085	Namalthalawa	Namalthalawa	GND	437
LK-5215090	Namaloya II	Namaloya (ii)	GND	418
LK-5215095	Polwaga Janapadaya	Polwaga Janapadaya	GND	643
LK-5215100	Wavinna North	Wavinna North	GND	375
LK-5215105	Wavinna South	Wavinna South	GND	563
LK-5215110	Namaloya I	Namaloya ( i )	GND	378
LK-5216	Navithanveli	Navithanveli	DSD	6288
LK-5216005	Central Camp 01	Central Camp 01	GND	284
LK-5216010	Central Camp 02	Central Camp 02	GND	233
LK-5216015	Central Camp 03	Central Camp 03	GND	297
LK-5216020	Central Camp 05	Central Camp 05	GND	286
LK-5216025	Central Camp 06	Central Camp 06	GND	396
LK-5216030	Central Camp 04	Central Camp 04	GND	220
LK-5216035	Chalambaikerny 03	Chalambaikerny 03	GND	360
LK-5216040	Chalambaikerny 04	Chalambaikerny 04	GND	587
LK-5216045	Chalambaikerny 05	Chalambaikerny 05	GND	181
LK-5216050	Chalambaikerny 01	Chalambaikerny 01	GND	538
LK-5216055	Chalambaikerny 02	Chalambaikerny 02	GND	191
LK-5216060	Sorikalmunai 3	Sorikalmunai 03	GND	318
LK-5216065	Sorikalmunai 1	Sorikalmunai 01	GND	382
LK-5216070	Sorikalmunai 2	Sorikalmunai 02	GND	167
LK-5216075	Chavalakade	Chavalakade	GND	212
LK-5216080	Navithanveli 02	Navithanveli 02	GND	314
LK-5216085	Annamalai 03	Annamalai 03	GND	173
LK-5216090	Annamalai 02	Annamalai 02	GND	518
LK-5216095	Navithanveli 01	Navithanveli 01	GND	382
LK-5216100	Annamalai 01	Annamalai 01	GND	249
LK-5218	Sammanthurai	Samanthurai	DSD	19400
LK-5218005	Veeramunai 04	Veeramunai 04	GND	185
LK-5218010	Sammanthurai 08	Sammanthurai 08	GND	328
LK-5218015	Sammanthurai 06	Sammanthurai 06	GND	145
LK-5218020	Sammanthurai TD 01	Sammanthurai Tamil Division 01	GND	176
LK-5218025	Sammanthurai TD 04	Sammanthurai Tamil Division 04	GND	84
LK-5218030	Sammanthurai TD 02	Sammanthurai Tamil Division 02	GND	210
LK-5218035	Sammanthurai 01	Sammanthurai 01	GND	239
LK-5218040	Sammanthurai 02	Sammanthurai 02	GND	423
LK-5218045	Sammanthurai 05	Sammanthurai 05	GND	186
LK-5218050	Karuwaddukal 01	Karuwaddukal 01	GND	381
LK-5218055	Karuwaddukal 03	Karuwaddukal 03	GND	458
LK-5218060	Karuwaddukal 02	Karuwaddukal 02	GND	364
LK-5218065	Sammanthurai 11	Sammanthurai 11	GND	196
LK-5218070	Sammanthurai 10	Sammanthurai 10	GND	221
LK-5218075	Sammanthurai 09	Sammanthurai 09	GND	387
LK-5218080	Sammanthurai 07	Sammanthurai 07	GND	260
LK-5218085	Sammanthurai 04	Sammanthurai 04	GND	248
LK-5218090	Sammanthurai TD 03	Sammanthurai Tamil Division 03	GND	375
LK-5218095	Maddakalaputharavai 02	Maddakalaputharavai 02	GND	394
LK-5218100	Maddakalaputharavai 01	Maddakalaputharavai 01	GND	342
LK-5218105	Sammanthurai 03	Sammanthurai 03	GND	394
LK-5218110	Veeramunai 03	Veeramunai 03	GND	171
LK-5218115	Veeramunai 02	Veeramunai 02	GND	136
LK-5218120	Veeramunai 01	Veeramunai 01	GND	160
LK-5218125	Sammanthurai 12	Sammanthurai 12	GND	243
LK-5218130	Malwatte 02	Malwatte 02	GND	354
LK-5218135	Block 'J' East 01	Block 'J' East 01	GND	469
LK-5218140	Block 'J' West 02	Block 'J' West 02	GND	502
LK-5218145	Kallarichchel 02	Kallarichchel 02	GND	803
LK-5218150	Block 'J' West 01	Block 'J' West 01	GND	356
LK-5218155	Kallarichchel 03	Kallarichchel 03	GND	433
LK-5218160	Udanga 01	Udanga 01	GND	580
LK-5218165	Udanga 02	Udanga02	GND	502
LK-5218170	Vilinayadi 01	Vilinayadi 01	GND	664
LK-5218175	Sennelgramam 01	Sennelgramam 01	GND	707
LK-5218180	Sennelgramam 02	Sennelgramam 02	GND	993
LK-5218185	Block 'J' East 03	Block 'J' East 03	GND	519
LK-5218190	Block 'J' East 02	Block 'J' East 02	GND	461
LK-5218195	Malayadikiramam 01	Malayadikiramam 01	GND	626
LK-5218200	Malayadikiramam 03	Malayadikiramam 03	GND	576
LK-5218205	Malwatte 03	Malwatte 03	GND	329
LK-5218210	Malwatte 01	Malwatte 01	GND	365
LK-5218215	Malkampiddy	Malkampiddy	GND	126
LK-5218220	Malayadikiramam 04	Malayadikiramam 04	GND	444
LK-5218225	Malayadikiramam 02	Malayadikiramam 02	GND	690
LK-5218230	Vilinayadi 02	Vilinayadi 02	GND	362
LK-5218235	Vilinayadi 03	Vilinayadi 03	GND	400
LK-5218240	Kallarichchel 01	Kallarichchel 01	GND	288
LK-5218245	Valathapitty 02	Valathapitty 02	GND	61
LK-5218250	Valathapitty 01	Valathapitty 01	GND	920
LK-5218255	Malwatte 04	Malwatte 04	GND	164
LK-5221	Kalmunai	Kalmunai North Sub	DSD	8675
LK-5221005	nan	Periyaneelavanai  01B	GND	609
LK-5221010	nan	Periyaneelavanai  01A	GND	252
LK-5221015	nan	Periyaneelavanai  01	GND	414
LK-5221020	nan	Periyaneelavanai  02	GND	940
LK-5221025	nan	Chenaikudiyiruppu 01A	GND	393
LK-5221030	nan	Pandiruppu 01	GND	289
LK-5221035	nan	Pandiruppu 01B	GND	231
LK-5221040	nan	Pandiruppu 01C	GND	238
LK-5221045	nan	Pandiruppu 01A	GND	240
LK-5221050	nan	"Pandiruppu 02_x000D_
"	GND	467
LK-5221055	nan	Pandiruppu 02B	GND	189
LK-5221060	nan	Pandiruppu 02C	GND	293
LK-5221065	nan	Pandiruppu 02A	GND	208
LK-5221070	nan	Kalmunai  01D	GND	255
LK-5221075	nan	Kalmunai  01B	GND	119
LK-5221080	nan	Kalmunai  01A	GND	254
LK-5221085	nan	Kalmunai  01	GND	307
LK-5221090	nan	Natpiddimunai (T.P ) 03	GND	296
LK-5221095	nan	Natpiddimunai (T.P ) 02	GND	347
LK-5221100	nan	Natpiddimunai (T.P ) 01	GND	227
LK-5221105	nan	Chenaikudiyiruppu 01B	GND	268
LK-5221110	nan	Chenaikudiyiruppu 01	GND	264
LK-5221115	nan	Kalmunai  01C	GND	193
LK-5221120	nan	Kalmunai  01E	GND	278
LK-5221125	nan	Kalmunai  02B	GND	171
LK-5221130	nan	Kalmunai  02A	GND	228
LK-5221135	nan	Kalmunai  02	GND	356
LK-5221140	nan	Kalmunai  03	GND	242
LK-5221145	nan	Kalmunai  03A	GND	107
LK-5224	Kalmunai	Kalmunai	DSD	13481
LK-5224005	Periyaneelavanai 01B	Periyaneelavanai  Muslim Section	GND	626
LK-5224010	Periyaneelavanai 01A	Periyaneelavanai  Muslim Section	GND	315
LK-5224015	Periyaneelavanai 01	Maruthamunai 01	GND	274
LK-5224020	Periyaneelavanai 02	Maruthamunai 02	GND	381
LK-5224025	Chenaikudiyiruppu 01A	Maruthamunai 03	GND	1236
LK-5224030	Pandiruppu 01	Maruthamunai 04	GND	549
LK-5224035	Pandiruppu 01B	Maruthamunai 05	GND	369
LK-5224040	Pandiruppu 01C	Maruthamunai 06	GND	1111
LK-5224045	Pandiruppu 01A	Natpiddimunai (M.P ) 03	GND	309
LK-5224050	Pandiruppu 02	Natpiddimunai (M.P ) 02	GND	244
LK-5224055	Pandiruppu 02B	Natpiddimunai (M.P ) 01	GND	284
LK-5224060	Pandiruppu 02C	Natpiddimunai (M.P ) 05	GND	276
LK-5224065	Pandiruppu 02A	Natpiddimunai (M.P ) 04	GND	305
LK-5224070	Kalmunai 01D	Islamabad & kalmunai Town	GND	334
LK-5224075	Kalmunai 01B	Kalmunai Muslim Section	GND	827
LK-5224080	Kalmunai 01A	Kalmunaikudi 01	GND	372
LK-5224085	Kalmunai 01	Kalmunaikudi 03	GND	711
LK-5224090	Natpiddimunai Td 03	Kalmunaikudi 02	GND	377
LK-5224095	Natpiddimunai Td 02	Kalmunaikudi 04	GND	206
LK-5224100	Natpiddimunai Td 01	Kalmunaikudi 05	GND	452
LK-5224105	Chenaikudiyiruppu 01B	Kalmunaikudi 06	GND	340
LK-5224110	Chenaikudiyiruppu 01	Kalmunaikudi 08	GND	314
LK-5224115	Kalmunai 01C	Kalmunaikudi 09	GND	842
LK-5224120	Kalmunai 01E	Kalmunaikudi 07	GND	419
LK-5224125	Kalmunai 02B	Kalmunaikudi 10	GND	296
LK-5224130	Kalmunai 02A	Kalmunaikudi 11	GND	312
LK-5224135	Kalmunai 02	Kalmunaikudi 12	GND	304
LK-5224140	Kalmunai 03	Kalmunaikudi 13	GND	518
LK-5224145	Kalmunai 03A	Kalmunaikudi 14	GND	578
LK-5225	Sainthamaruthu	Sainthamaruthu	DSD	7804
LK-5225005	Sainthamaruthu 01	Sainthamaruthu 01	GND	576
LK-5225010	Sainthamaruthu 02	Sainthamaruthu 02	GND	554
LK-5225015	Sainthamaruthu 03	Sainthamaruthu 03	GND	609
LK-5225020	Sainthamaruthu 04	Sainthamaruthu 04	GND	386
LK-5225025	Sainthamaruthu 05	Sainthamaruthu 05	GND	335
LK-5225030	Sainthamaruthu 06	Sainthamaruthu 06	GND	304
LK-5225035	Sainthamaruthu 07	Sainthamaruthu 07	GND	401
LK-5225040	Sainthamaruthu 08	Sainthamaruthu 08	GND	338
LK-5225045	Sainthamaruthu 09	Sainthamaruthu 09	GND	739
LK-5225050	Sainthamaruthu 10	Sainthamaruthu 10	GND	394
LK-5225055	Sainthamaruthu 11	Sainthamaruthu 11	GND	461
LK-5225060	Sainthamaruthu 13	Sainthamaruthu 13	GND	305
LK-5225065	Sainthamaruthu 12	Sainthamaruthu 12	GND	422
LK-5225070	Sainthamaruthu 17	Sainthamaruthu 17	GND	504
LK-5225075	Sainthamaruthu 14	Sainthamaruthu 14	GND	348
LK-5225080	Sainthamaruthu 15	Sainthamaruthu 15	GND	555
LK-5225085	Sainthamaruthu 16	Sainthamaruthu 16	GND	573
LK-5227	Karaitivu	Karaitheevu	DSD	5241
LK-5227005	Mavadipalli West	Mavadipalli West	GND	458
LK-5227010	Mavadipalli East	Mavadipalli East	GND	463
LK-5227015	Maligaikadu West	Maligaikadu West	GND	453
LK-5227020	Maligaikadu Central	Maligaikadu Central	GND	400
LK-5227025	Maligaikadu East	Maligaikadu East	GND	412
LK-5227030	Karaitheevu 03	Karaitheevu 03	GND	152
LK-5227035	Karaitheevu 02	Karaitheevu 02	GND	170
LK-5227040	Karaitheevu 01	Karaitheevu 01	GND	274
LK-5227045	Karaitheevu 06	Karaitheevu 06	GND	132
LK-5227050	Karaitheevu 05	Karaitheevu 05	GND	175
LK-5227055	Karaitheevu 04	Karaitheevu 04	GND	126
LK-5227060	Karaitheevu 08	Karaitheevu 08	GND	359
LK-5227065	Karaitheevu 07	Karaitheevu 07	GND	330
LK-5227070	Karaitheevu 10	Karaitheevu 10	GND	255
LK-5227075	Karaitheevu 09	Karaitheevu 09	GND	128
LK-5227080	Karaitheevu 11	Karaitheevu 11	GND	357
LK-5227085	Karaitheevu 12	Karaitheevu 12	GND	597
LK-5230	Nintavur	Ninthavur	DSD	8729
LK-5230005	Ninthavur 24	Ninthavur 24	GND	179
LK-5230010	Ninthavur 11	Ninthavur 11	GND	453
LK-5230015	Ninthavur 12	Ninthavur 12	GND	295
LK-5230020	Ninthavur 01	Ninthavur 01	GND	537
LK-5230025	Ninthavur 02	Ninthavur 02	GND	378
LK-5230030	Ninthavur 13	Ninthavur 13	GND	239
LK-5230035	Ninthavur 14	Ninthavur 14	GND	223
LK-5230040	Ninthavur 15	Ninthavur 15	GND	293
LK-5230045	Ninthavur 03	Ninthavur 03	GND	468
LK-5230050	Ninthavur 04	Ninthavur 04	GND	547
LK-5230055	Ninthavur 16	Ninthavur 16	GND	235
LK-5230060	Ninthavur 17	Ninthavur 17	GND	234
LK-5230065	Ninthavur 18	Ninthavur 18	GND	187
LK-5230070	Ninthavur 05	Ninthavur 05	GND	639
LK-5230075	Ninthavur 06	Ninthavur 06	GND	405
LK-5230080	Ninthavur 19	Ninthavur 19	GND	202
LK-5230085	Ninthavur 25	Ninthavur 25	GND	149
LK-5230090	Ninthavur 20	Ninthavur 20	GND	185
LK-5230095	Ninthavur 07	Ninthavur 07	GND	428
LK-5230100	Ninthavur 08	Ninthavur 08	GND	508
LK-5230105	Ninthavur 21	Ninthavur 21	GND	221
LK-5230110	Ninthavur 22	Ninthavur 22	GND	440
LK-5230115	Ninthavur 09	Ninthavur 09	GND	699
LK-5230120	Ninthavur 10	Ninthavur 10	GND	267
LK-5230125	Ninthavur 23	Ninthavur 23	GND	318
LK-5233	Addalaichenai	Addalachchenai	DSD	13178
LK-5233005	Deegawapie 01	Deeghawapiya 01	GND	387
LK-5233010	Oluvil 01	Oluvil 01	GND	366
LK-5233015	Oluvil 04	Oluvil 04	GND	412
LK-5233020	Oluvil 06	Oluvil 06	GND	363
LK-5233025	Oluvil 05	Oluvil 05	GND	234
LK-5233030	Oluvil 03	Oluvil 03	GND	136
LK-5233035	Oluvil 02	Oluvil 02	GND	682
LK-5233040	Palamuna 06	Palamuna 06	GND	101
LK-5233045	Oluvil 07	Oluvil 07	GND	514
LK-5233050	Palamuna 02	Palamuna 02	GND	471
LK-5233055	Palamuna 01	Palamuna 01	GND	702
LK-5233060	Palamuna 03	Palamuna 03	GND	377
LK-5233065	Palamuna 04	Palamuna 04	GND	533
LK-5233070	Palamuna 05	Palamuna 05	GND	509
LK-5233075	Addalachchenai 02	Addalachchenai 02	GND	328
LK-5233080	Addalachchenai 09	Addalachchenai 09	GND	495
LK-5233085	Addalachchenai 10	Addalachchenai 10	GND	460
LK-5233090	Addalachchenai 08	Addalachchenai 08	GND	704
LK-5233095	Addalachchenai 06	Addalachchenai 06	GND	643
LK-5233100	Addalachchenai 01	Addalachchenai 01	GND	330
LK-5233105	Addalachchenai 11	Addalachchenai 11	GND	306
LK-5233110	Addalachchenai 03	Addalachchenai 03	GND	266
LK-5233115	Addalachchenai 07	Addalachchenai 07	GND	396
LK-5233120	Addalachchenai 12	Addalachchenai 12	GND	263
LK-5233125	Addalachchenai 14	Addalachchenai 14	GND	322
LK-5233130	Addalachchenai 13	Addalachchenai 13	GND	413
LK-5233135	Addalachchenai 04	Addalachchenai 04	GND	479
LK-5233140	Addalachchenai 15	Addalachchenai 15	GND	620
LK-5233145	Addalachchenai 16	Addalachchenai 16	GND	496
LK-5233150	Addalachchenai 05	Addalachchenai 05	GND	297
LK-5233155	Addalachchenai 17	Addalachchenai 17	GND	282
LK-5233160	Deegawapie 02	Deeghawapiya 02	GND	291
LK-5234	Irakkamam	Irakkamam	DSD	4649
LK-5234005	Irakkamam 07	Irakkamam 07	GND	358
LK-5234010	Varipathanchenai 01	Varipathanchenai 01	GND	409
LK-5234015	Irakkamam 02	Irakkamam 02	GND	401
LK-5234020	Irakkamam 08	Irakkamam 08	GND	380
LK-5234025	Irakkamam 09	Irakkamam 09	GND	144
LK-5234030	Irakkamam 06	Irakkamam 06	GND	206
LK-5234035	Irakkamam 01	Irakkamam 01	GND	257
LK-5234040	Irakkamam 03	Irakkamam 03	GND	663
LK-5234045	Varipathanchenai 03	Varipathanchenai 03	GND	530
LK-5234050	Irakkamam 05	Irakkamam 05	GND	419
LK-5234055	Irakkamam 04	Irakkamam 04	GND	342
LK-5234060	Varipathanchenai 02	Varipathanchenai 02	GND	540
LK-5236	Akkaraipattu	Akkaraipattu	DSD	12052
LK-5236005	Alim Nagar	Alim Nagar	GND	376
LK-5236010	Easankanichcheemai	Easankanichcheemai	GND	164
LK-5236015	Pallikudiyiruppu 02	Pallikudiyiruppu 02	GND	589
LK-5236020	Paddiyadipiddy	Paddyadippiddy	GND	593
LK-5236025	Akkaraipattu 06	Akkaraipattu 06	GND	885
LK-5236030	Akkaraipattu 05	Akkaraipattu 05	GND	447
LK-5236035	Akkaraipattu 04	Akkaraipattu 04	GND	318
LK-5236040	Akkaraipattu 16	Akkaraipattu 16	GND	254
LK-5236045	Akkaraipattu 15	Akkaraipattu 15	GND	276
LK-5236050	Akkaraipattu 14	Akkaraipattu 14	GND	700
LK-5236055	Akkaraipattu 13	Akkaraipattu 13	GND	878
LK-5236060	Akkaraipattu 12	Akkaraipattu 12	GND	425
LK-5236065	Akkaraipattu 11	Akkaraipattu 11	GND	417
LK-5236070	Akkaraipattu 01	Akkaraipattu 01	GND	326
LK-5236075	Town Division 03	Town Division 03	GND	431
LK-5236080	Akkaraipattu 10	Akkaraipattu 10	GND	353
LK-5236085	Town Division 02	Town Division 02	GND	388
LK-5236090	Akkaraipattu 02	Akkaraipattu 02	GND	307
LK-5236095	Akkaraipattu 03	Akkaraipattu 03	GND	194
LK-5236100	Akkaraipattu 17	Akkaraipattu 17	GND	326
LK-5236105	Akkaraipattu 18	Akkaraipattu 18	GND	309
LK-5236110	Akkaraipattu 20	Akkaraipattu 20	GND	383
LK-5236115	Akkaraipattu 21	Akkaraipattu 21	GND	389
LK-5236120	Pallikudiyiruppu 01	Pallikudiyiruppu 01	GND	537
LK-5236125	Akkaraipattu 19	Akkaraipattu 19	GND	314
LK-5236130	Town Division 01	Town Division 01	GND	250
LK-5236135	Town Division 05	Town Division 05	GND	810
LK-5236140	Town Division 04	Town Division 04	GND	413
LK-5239	Alayadivembu	Alayadiwembu	DSD	7017
LK-5239005	Akkaraipattu 8/1	Akkaraipattu 8/1	GND	113
LK-5239010	Akkaraipattu 09	Akkaraipattu 9	GND	181
LK-5239015	Akkaraipattu 8/3	Akkaraipattu 8/3	GND	173
LK-5239020	Akkaraipattu 8/2	Akkaraipattu 8/2	GND	152
LK-5239025	Akkaraipattu 7/1	Akkaraipattu 7/1	GND	128
LK-5239030	Akkaraipattu 7/2	Akkaraipattu 7/2	GND	148
LK-5239035	Vachchikudah	Vachchikuda	GND	394
LK-5239040	Kannakigramam 01	Kannahikiramam 01	GND	217
LK-5239045	Aligambai	Aligambai	GND	290
LK-5239050	Akkaraipattu 7/4	Akkaraipattu 7/4	GND	444
LK-5239055	Akkaraipattu 7/3	Akkaraipattu 7/3	GND	157
LK-5239060	Akkaraipattu 7	Akkaraipattu 7	GND	223
LK-5239065	Akkaraipattu 8	Akkaraipattu 8	GND	338
LK-5239070	Sinnamugathuwaram	Sinnamugathuwaram	GND	72
LK-5239075	Kolavil 03	Kolavil 03	GND	495
LK-5239080	Navatkadu	Navatkadu	GND	554
LK-5239085	Kolavil 02	Kolavil 02	GND	562
LK-5239090	Kolavil 01	Kolavil 01	GND	465
LK-5239095	Panankadu	Panankadu	GND	491
LK-5239100	Sinna Panankadu	Sinna Panankadu	GND	354
LK-5239105	Kannakigramam 02	Kannahikiramam 02	GND	264
LK-5239110	Alayadivembu	Alayadivembu	GND	802
LK-5242	Damana	Damana	DSD	11478
LK-5242005	Keenawatta	Keenawatta	GND	255
LK-5242010	Muwangala	Muwangala	GND	592
LK-5242015	Galmaduwa	Galmaduwa	GND	400
LK-5242020	Uksiripura	Uksiripura	GND	610
LK-5242025	Helagampura	Helagampura	GND	162
LK-5242030	Karalewa	Karalewa	GND	780
LK-5242035	Hingurana	Hingurana	GND	241
LK-5242040	Diviyagala	Diviyagala	GND	464
LK-5242045	Padagoda	Padagoda	GND	332
LK-5242050	Pahalalanda	Pahalalanda	GND	355
LK-5242055	Hindakalugama	Hindakalugama	GND	358
LK-5242060	Kalugolla	Kalugolla	GND	118
LK-5242065	Dewalahinda	Dewalahida	GND	384
LK-5242070	Koknahara	Koknahara	GND	521
LK-5242075	Moragahapallama	Moragahapallama	GND	309
LK-5242080	Damana	Damana	GND	304
LK-5242085	Alahena	Alahena	GND	306
LK-5242090	Madawalalanda	Madawalalanda	GND	336
LK-5242095	Madana	Madana	GND	337
LK-5242100	Eggaloya	Ekgaloya	GND	302
LK-5242105	Kethsirigama	Kethsirigama	GND	302
LK-5242110	Galkanda	Galkanda	GND	266
LK-5242115	Pallanoya	Pallanoya	GND	175
LK-5242120	Kivulegama	Kivulegama	GND	88
LK-5242125	Thimbirigolla	Thimbirigolla	GND	416
LK-5242130	Ambalanoya	Ambalanoya	GND	405
LK-5242135	Veheragala	Veheragala	GND	137
LK-5242140	18A. Janapadaya	18A Janapadaya	GND	303
LK-5242145	Thottama	Thottama	GND	500
LK-5242150	Kumana	Kumana	GND	274
LK-5242155	Wadinagala	Wadinagala	GND	631
LK-5242160	Pannalgama	Pannalgama	GND	342
LK-5242165	Bakmitiyawa	Bakmitiyawa	GND	173
LK-5245	Tirukkovil	Thirukkovil	DSD	8338
LK-5245005	Thambiluvil 2	Thambiluvil 2	GND	125
LK-5245010	Thambiluvil 1	Thambiluvil 1	GND	231
LK-5245015	Thambiluvil 1 West	Thambiluvil 1 West	GND	422
LK-5245020	Thambiluvil 1 East	Thambiluvil 1 East	GND	560
LK-5245025	Thambiluvil 1 South	Thambiluvil 1 South	GND	322
LK-5245030	Sagamam	Sangamam	GND	157
LK-5245035	Thambiluvil 2 West	Thambiluvil 2 West	GND	353
LK-5245040	Thambiluvil 2 North	Thambiluvil 2 North	GND	369
LK-5245045	Thambiluvil 2 East	Thambiluvil 2 East	GND	377
LK-5245050	Thirukkovil 3	Thirukkovil 3	GND	460
LK-5245055	Thirukkovil 1	Thirukkovil 1	GND	397
LK-5245060	Thirukkovil 2	Thirukkovil 2	GND	400
LK-5245065	Vinayahapuram 4	Vinayagapuram 4	GND	562
LK-5245070	Vinayahapuram 1	Vinayagapuram 1	GND	368
LK-5245075	Vinayahapuram 2	Vinayagapuram 2	GND	471
LK-5245080	Thirukkovil 4	Thirukkovil 4	GND	1232
LK-5245085	Kanchirankudah	Kanchirankuda	GND	150
LK-5245090	Kanchikudicharu	Kanchikudicharu	GND	89
LK-5245095	Vinayahapuram 3	Vinayagapuram 3	GND	687
LK-5245100	Sangamangramam	Sangamangramam	GND	302
LK-5245105	Thandiyadi	Thandiyadi	GND	166
LK-5245110	Thangavelauthapuram	Thangavelayudapuram	GND	138
LK-5248	Pottuvil	Pothuvil	DSD	11466
LK-5248005	Sangamankanda	Sangaman Kandy	GND	256
LK-5248010	Sinna Ullai	Sinna Ullai	GND	390
LK-5248015	Sinna Puthukkudiyiruppu	Sinna Puthukudiyiruppu	GND	730
LK-5248020	Victor Estate 2	Victor Estate 2	GND	594
LK-5248025	Vaddively	Vaddively	GND	189
LK-5248030	Victor Estate 1	Victor Estate 1	GND	511
LK-5248035	Rasak Moulana Nagar	Rasak Moulana Nagar	GND	898
LK-5248040	Sarvodayapuram	Sarvodayapuram	GND	805
LK-5248045	Pothuvil 02 / Unit 3	Pothuvil 02/Unit II	GND	221
LK-5248050	Kundumadu	Kundumadu	GND	350
LK-5248055	Pothuvil 01/Unit II	Pothuvil 01/Unit II	GND	302
LK-5248060	Pakkiyawatta 2	Pakkiyawatta 2	GND	315
LK-5248065	Pasarichchenai	Pasarichchenai	GND	468
LK-5248070	Pothuvil Town	Pothuvil Town	GND	112
LK-5248075	Pakkiyawatta 1	Pakkiyawatta 1	GND	290
LK-5248080	Komarie 02	Komarie 02	GND	389
LK-5248085	Komarie 01	Komarie 01	GND	428
LK-5248090	Kalappukaddu	Kalappukaddu	GND	1044
LK-5248095	Jalaldeen Square	Jalaldeen Square	GND	422
LK-5248100	Hidayapuram 2	Hidayapuram 2	GND	414
LK-5248105	Hidayapuram 1	Hidayapuram 1	GND	613
LK-5248110	Kanagarkiramam	Kanagarkiramam	GND	269
LK-5248115	Hijra Nagar	Hijra Nagar	GND	270
LK-5248120	Pothuvil 01/Unit I	Pothuvil 01/Unit I	GND	191
LK-5248125	Pothuvil 01/Unit III	Pothuvil 01/Unit III	GND	368
LK-5248130	Inspector Etham	Inspector Etham	GND	298
LK-5248135	Pothuvil 02 / Unit 2	Pothuvil 02/Unit I	GND	329
LK-5251	Lahugala	Lahugala	DSD	2902
LK-5251005	Kandahindagama	Kandahindagama	GND	129
LK-5251010	Hulannuge West	Hulannugee West	GND	197
LK-5251015	Hulannuge	Hulannuge	GND	264
LK-5251020	Perani Lahugala	Perani Lahugala	GND	168
LK-5251025	Lahugala	Lahugala	GND	213
LK-5251030	Dewalagoda	Dewalagoda	GND	208
LK-5251035	Pansalgoda	Pansalgoda	GND	152
LK-5251040	Panama West	Panama West	GND	236
LK-5251045	Shasthrawela	Shasthrawela	GND	250
LK-5251050	Panama Central	Panama Central	GND	203
LK-5251055	Panama North	Panama North	GND	465
LK-5251060	Panama South	Panama South	GND	417
LK-53	Trincomalee	Trincomalee	DISTRICT	119351
LK-5303	Padavi Sri Pura	Padavi Sri Pura	DSD	3438
LK-5303005	Seva Janapadaya	Seva Janapadaya	GND	601
LK-5303010	Gemunupura	Gemunupura	GND	144
LK-5303015	Kavanthissapura	Kawanthissapura	GND	166
LK-5303020	Lassanagama	Lassanagama	GND	230
LK-5303025	Singhapura	Singhapura	GND	267
LK-5303030	Parana Medawachchiya	Parana Medawachchiya	GND	287
LK-5303035	Samanpura	Samanpura	GND	397
LK-5303040	Sri Thissapura	Sri Thissapura	GND	377
LK-5303045	Sripura	Sri Pura	GND	462
LK-5303050	Jayanthiwewa	Jayanthiwewa	GND	507
LK-5306	Kuchchaweli	Kuchchaveli	DSD	10805
LK-5306005	Thennamaranvadiya	Thennaimaravady	GND	62
LK-5306010	Pulmoddai Division No. 3	Pulmoddai Division No 03	GND	480
LK-5306015	Pulmoddai Division No. 2	Pulmoddai Division No 02	GND	617
LK-5306020	Pulmoddai Division No. 1	Pulmoddai Division No 01	GND	1384
LK-5306025	Pulmoddai Division No. 4	Pulmoddai Division No 04	GND	1098
LK-5306030	Thiriyaya	Thiriyai	GND	186
LK-5306035	Senthoor	Senthoor	GND	410
LK-5306040	Kaddukulam	Kaddukulam	GND	136
LK-5306045	Kallampattu	Kallampattai	GND	59
LK-5306050	Kuchchaveli	Kuchchaveli	GND	171
LK-5306055	Iranaikerni	Iranaikerni	GND	136
LK-5306060	Veerancholai	Veerancholai	GND	93
LK-5306065	Jayanagar	Jayanagar	GND	598
LK-5306070	Cassimnagar	Cassimnagar	GND	319
LK-5306075	Kumburupiddy South	Kumburupiddy South	GND	204
LK-5306080	Kumburupiddy North	Kumburupiddy North	GND	132
LK-5306085	Kumburupiddy East	Kumburupiddy East	GND	792
LK-5306090	Nilaveli	Nilaveli	GND	232
LK-5306095	Irakkandy	Irakkandy	GND	697
LK-5306100	Gopalapuram	Gopalapuram	GND	581
LK-5306105	Veloor	Veloor	GND	473
LK-5306110	Iqbalnagar	Iqbalnagar	GND	1066
LK-5306115	Periyakulam	Periyakulam	GND	459
LK-5306120	Vallaiyoothu	Valayoothu	GND	420
LK-5309	Gomarankadawala	Gomarankadawala	DSD	2446
LK-5309005	Gomarankadawala	Gomarankadawala	GND	249
LK-5309010	Kalyanapura	Kalyanapura	GND	342
LK-5309015	Galkadawala	Galkadawala	GND	333
LK-5309020	Pamburugaswewa	Pamburugaswewa	GND	95
LK-5309025	Kandamalawa	Kandamalawa	GND	327
LK-5309030	Medawachchiya	Madawachchiya	GND	163
LK-5309035	Kivulakadawala	Kivulakadawala	GND	335
LK-5309040	Pulikandikulama	Pulikandikulama	GND	159
LK-5309045	Mailawewa	Mailawewa	GND	198
LK-5309050	Bakmeegama	Bakmeegama	GND	245
LK-5312	Morawewa	Morawewa	DSD	2688
LK-5312005	Peniketiyawa	Peniketiyawa	GND	610
LK-5312010	Mahadivulwewa	Mahadivulwewa Stage I	GND	583
LK-5312015	Mahadiulwewa Stage 2	Mahadivulwewa Stage II	GND	276
LK-5312020	Nochchikulama	Nochchikulama	GND	280
LK-5312025	Morawewa South	Morawewa South	GND	263
LK-5312030	Morawewa North	Morawewa North	GND	195
LK-5312035	Awvainagar	Awvainagar	GND	78
LK-5312040	Namalwatta	Namalwatta	GND	157
LK-5312045	Kithuluthuwa	Kithuluthuwa	GND	166
LK-5312050	Morawewa Pankulama	Pankulama	GND	80
LK-5315	Town & Gravets	Trincomalee Town and Gravets	DSD	26784
LK-5315005	Wilgama	Wilgama	GND	128
LK-5315010	Welveri	Welveri	GND	1
LK-5315015	Kanniya	Kanniya	GND	231
LK-5315020	Eluppaikulam	Eluppaikulam	GND	493
LK-5315025	Sampalthivu	Sampalthivu	GND	641
LK-5315030	Salli	Salli	GND	607
LK-5315035	Uppuveli	Uppuveli	GND	410
LK-5315040	Puliyankulam	Puliyankulam	GND	1777
LK-5315045	Varodayanagar	Varothayanagar	GND	716
LK-5315050	Peeliyady	Peeliyady	GND	259
LK-5315055	Mankaiyoottu	Mankaiyoottu	GND	447
LK-5315060	Andankulam	Andankulama	GND	814
LK-5315065	Singhapura	Singhapura	GND	616
LK-5315070	Kovilady	Kovilady	GND	425
LK-5315075	Palaiyoottu	Palaiyoottu	GND	556
LK-5315080	Abayapura	Abayapura	GND	1126
LK-5315085	Anpuvalipuram	Anpuvalipuram	GND	1068
LK-5315090	Mihindupura	Mihindupura	GND	329
LK-5315095	Selvanayahapuram	Selvanayahapuram	GND	595
LK-5315100	Jinnanagar	Jinnanagar	GND	613
LK-5315105	Murugapuri	Murugapuri	GND	720
LK-5315110	Thirukkadaloor	Thirukadaloor	GND	857
LK-5315115	Pattanatheru	Pattanatheru	GND	212
LK-5315120	Peruntheru	Peruntheru	GND	356
LK-5315125	Sivapuri	Sivapuri	GND	875
LK-5315130	Linganagar	Linganagar	GND	847
LK-5315135	Mudcove	Mudcove	GND	625
LK-5315140	Poompuhar	Poompuhar	GND	871
LK-5315145	Sumedhankarapura	Sumedhankarapura	GND	1101
LK-5315150	Muththunagar	Muththunagar	GND	276
LK-5315155	Kappalthurai	Kappalthurai	GND	511
LK-5315160	Kawattikuda	Kavattikudah	GND	776
LK-5315165	Nachchikuda	Nachchikuda	GND	519
LK-5315170	Wellaimanal	Wellaimanal	GND	1006
LK-5315175	Chinabay	Chaina Bay	GND	485
LK-5315180	Orr's Hill	Orr's Hill	GND	1220
LK-5315185	Thillainagar	Thillainagar	GND	471
LK-5315190	Arasadi	Arasadi	GND	545
LK-5315195	Manayaveli	Manayaweli	GND	1083
LK-5315200	Sonagavadi	Sonagavadi	GND	574
LK-5315205	Arunagirinagar	Arunagirinagar	GND	435
LK-5315210	Villundy	Villundy	GND	567
LK-5318	Thambalagamuwa	Thambalagamuwa	DSD	9324
LK-5318005	Galmetiyawa North	Galmetiyawa North	GND	702
LK-5318010	Palampoddaru	Palampottaru	GND	358
LK-5318015	Puthukudiyirippu	Puthukudiyirippu	GND	423
LK-5318020	Pokkuruni	Pokkuruni	GND	345
LK-5318025	Meeranagar	Meeranagar	GND	1106
LK-5318030	Sirajnagar	Siraj Nagar	GND	1539
LK-5318035	Kovil Kudiyiruppu	Kovil Kudiyiruppu	GND	120
LK-5318040	Thampalagauwa	Thambalagamuwa	GND	375
LK-5318045	Mollipothana North	Mollipothana North	GND	1250
LK-5318050	Galmetiyawa South	Galmetiyawa South	GND	873
LK-5318055	Mollipothana	Mollipothana	GND	1770
LK-5318060	Mollipothana East	Mollipothana East	GND	463
LK-5321	Kantale	Kanthale	DSD	14128
LK-5321005	Vendrasanpura Unit 16	Vendrasanpura Unit 16	GND	539
LK-5321010	Ganthalawa Unit 12	Ganthalawa Unit 12	GND	296
LK-5321015	Ganthalawa Unit 11	Ganthalawa Unit 11	GND	285
LK-5321020	Wanela East	Wanela East	GND	507
LK-5321025	Wanela West	Wanela  West	GND	294
LK-5321030	Pansalgodella	Pansalgodella	GND	410
LK-5321035	Sooriyapura	Sooriyapura	GND	442
LK-5321040	Jayanthipura	Jayanthipura	GND	862
LK-5321045	Rajaela Unit 04	Rajaela Unit 04	GND	500
LK-5321050	Rajaela Unit 05	Rajaela Unit 05	GND	311
LK-5321055	Vendrasanpura Unit 15	Vendrasanpura Unit 15	GND	502
LK-5321060	Vendrasanpura Unit 14	Vendrasanpura Unit 14	GND	657
LK-5321065	Bhathiyagama	Bhathiyagama	GND	1644
LK-5321070	Rajaela Unit 03	Rajaela Unit 03	GND	302
LK-5321075	Peraru Unit 02	Peraru Unit 02	GND	476
LK-5321080	Peraru East	Peraru East	GND	773
LK-5321085	Peraru West	Peraru West	GND	1052
LK-5321090	Kantale Town South	Kanthale Town South	GND	688
LK-5321095	Kantale Town	Kanthale Town	GND	812
LK-5321100	Agbopura	Agbopura	GND	1004
LK-5321105	Batukachchiya	Batukachchiya	GND	671
LK-5321110	Rajawewa	Rajawewa	GND	927
LK-5321115	Seenipura	Seenipura	GND	174
LK-5324	Kinniya	Kinniya	DSD	21750
LK-5324005	Munaichenai	Munaichenai	GND	1158
LK-5324010	Maniarasankulam	Maniarasankulam	GND	372
LK-5324015	Mancholai	Mancholai	GND	659
LK-5324020	Malinthurai	Malinthurai	GND	341
LK-5324025	Majeed Nagar	Majeed Nagar	GND	258
LK-5324030	Maharoof Gramam	Maharoof Gramam	GND	1111
LK-5324035	Maharuf Nagar	Maharuf Nagar	GND	859
LK-5324040	Ayiliyady	Ayiliyady	GND	983
LK-5324045	Annalnagar	Annal Nagar	GND	938
LK-5324050	Alankerny	Alankerny	GND	362
LK-5324055	Ehutharnagar	Ehuthar  Nagar	GND	384
LK-5324060	Echchanthivu	Echchanthivu	GND	162
LK-5324065	Kuddikarachchi	Kuddikarachchi	GND	582
LK-5324070	Kurinchakerny	Kurinchakerny	GND	805
LK-5324075	Mancholaichenai	Mancholaichenai	GND	1123
LK-5324080	Naduuttu	Nadoottu	GND	1136
LK-5324085	Naduthivu	Naduthivu	GND	863
LK-5324090	Periya Kinniya	Periya Kinniya	GND	310
LK-5324095	Periyathumunai	Periyaththumunai	GND	412
LK-5324100	Poovarasanthivu	Poovarasanthivu	GND	482
LK-5324105	Kinniya	Kinniya	GND	405
LK-5324110	Idiman	Idiman	GND	604
LK-5324115	Faizalnagar	Faizal Nagar	GND	2159
LK-5324120	Kachchakodithivu	Kachchekoditheevu	GND	1139
LK-5324125	Kattaiaru	Kattaiaru	GND	310
LK-5324130	Kakkamunai	Kakamunai	GND	1108
LK-5324135	Rahumaniyanagar	Rahumaniya Nagar	GND	553
LK-5324140	Samavachchathivu	Samavechchativu	GND	613
LK-5324145	Sinna Kinniya	Sinna Kinniya	GND	533
LK-5324150	Soorangal	Soorangal	GND	863
LK-5324155	Upparu	Upparu	GND	163
LK-5327	Muthur	Muttur	DSD	19400
LK-5327005	Sampoor West	Sampoor West	GND	494
LK-5327010	Koonitivu	Koonitivu	GND	106
LK-5327015	Navarathnapuram	Navarathnapuram	GND	92
LK-5327020	Sampoor East	Sampoor East	GND	305
LK-5327025	Kadarkaraichenai	Kadarkaraichenai	GND	623
LK-5327030	Kaddaiparichchan North	Kaddaiparichchan North	GND	319
LK-5327035	Thaqwanagar	Thaqwa Nagar	GND	707
LK-5327040	Muthur East	Muttur East	GND	937
LK-5327045	Naduthivu	Naduthivu	GND	811
LK-5327050	Thahanagar	Thaha Nagar	GND	337
LK-5327055	Muthur Central	Muttur Central	GND	126
LK-5327060	Muthur West	Muttur West	GND	271
LK-5327065	Ralkully	Ralkully	GND	370
LK-5327070	Shafinagar	Shaffi Nagar	GND	541
LK-5327075	Periyapalam	Periyapalam	GND	857
LK-5327080	Jayanagar	Jayanagar	GND	829
LK-5327085	Alimnagar	Alimnagar	GND	655
LK-5327090	Anaichenai	Anaichenai	GND	439
LK-5327095	Neithalnagar	Neithal Nagar	GND	922
LK-5327100	Palanagar	Palanagar	GND	643
LK-5327105	Kaddaiparichchan South	Kaddaiparichchan South	GND	701
LK-5327110	Pallikudiyiruppu	Pallikkudiyiruppu	GND	611
LK-5327115	Chenaiyoor	Chenaiyoor	GND	477
LK-5327120	Paddalipuram	Paddalipuram	GND	658
LK-5327125	Nalloor	Nalloor	GND	264
LK-5327130	Iqbal Nagar	Iqbal Nagar	GND	389
LK-5327135	Allainagar East	Allainagar East	GND	589
LK-5327140	Allainagar West	Allainagar West	GND	579
LK-5327145	Thoppur	Thoppur	GND	308
LK-5327150	Palathoppur	Palathoppur	GND	581
LK-5327155	Jinna Nagar	Jinna Nagar	GND	413
LK-5327160	Iruthayapuram	Iruthayapuram	GND	351
LK-5327165	Peruveli	Peruveli	GND	387
LK-5327170	Malligaithivu	Mallikaithivu	GND	189
LK-5327175	Paddithidal	Paddithidal	GND	295
LK-5327180	Palathadichenai	Palathadichenai	GND	239
LK-5327185	Jinna Nagar	Jinna Nagar	GND	455
LK-5327190	Azathnagar	Assathnagar	GND	346
LK-5327195	Bharathipuram	Barathipuram	GND	412
LK-5327200	Kiliveddi	Kiliveddi	GND	198
LK-5327205	Mengamam	Mengamam	GND	248
LK-5327210	Kanguvely	Kanguvely	GND	326
LK-5330	Seruvila	Seruvila	DSD	4655
LK-5330005	Neelapola	Neelapola	GND	215
LK-5330010	Samagipura	Samagipura	GND	243
LK-5330015	Sivapuram	Sivapuram	GND	97
LK-5330020	Dehiwatta	Dehiwatta	GND	192
LK-5330025	Thanganagar	Thanganagar	GND	374
LK-5330030	Kavanthissapura	Kavanthissapura	GND	268
LK-5330035	Seruvila	Seruvila	GND	139
LK-5330040	Navatkernikadu	Navatkernikadu	GND	878
LK-5330045	Sumedhankarapura	Sumedhankarapura	GND	118
LK-5330050	Mahindapura	Mahindapura	GND	130
LK-5330055	Serunuwara	Serunuwara	GND	734
LK-5330060	Mahaweligama	Mahaweligama	GND	366
LK-5330065	Lingapuram	Lingapuram	GND	186
LK-5330070	Ariyamankerni	Ariyamankerni	GND	180
LK-5330075	Sirimangalapura	Sirimangalapura	GND	279
LK-5330080	Somapura	Somapura	GND	256
LK-5333	Verugal	Verugal (Eachchilampattu)	DSD	3933
LK-5333005	Ilangaithurai	Ilangaithurai	GND	218
LK-5333010	Ilangaithurai Mugathuvaram	Ilangaithurai Mugathuvaram	GND	577
LK-5333015	Karukkamunai	Karukkamunai	GND	301
LK-5333020	Poonagar	Poonagar	GND	471
LK-5333025	Poomarathadichenai	Poomarathadichenai	GND	279
LK-5333030	Echchalampattu	Eachchilampattu	GND	237
LK-5333035	Verugal	Verugal	GND	532
LK-5333040	Anaithivu	Anaitheevu	GND	476
LK-5333045	Verugal Mugathuvaram	Verugal Mugathuvaram	GND	572
LK-5333050	Uppooral	Uppooral	GND	270
LK-6	North Western	North Western	PROVINCE	738403
LK-61	Kurunegala	Kurunegala	DISTRICT	506909
LK-6103	Giribawa	Giribawa	DSD	10396
LK-6103005	Jayanthipura	Jayanthipura	GND	269
LK-6103010	Bambare	Bambare	GND	362
LK-6103015	Sandagala Palatha	Sandagala Palatha	GND	309
LK-6103020	Perakumpura	Perakumpura	GND	445
LK-6103025	Solepura	Solepura	GND	358
LK-6103030	Halmillagala	Halmillagala	GND	259
LK-6103035	Thimbiripokuna	Thimbiripokuna	GND	245
LK-6103040	Serasumgala	Serasumgala	GND	197
LK-6103045	Kokmaduwa	Kokmaduwa	GND	218
LK-6103050	Orugala	Orugala	GND	345
LK-6103055	Mahasenpura	Mahasenpura	GND	241
LK-6103060	Weerapokuna	Weerapokuna	GND	353
LK-6103065	Hasthirajapura	Hasthirajapura	GND	413
LK-6103070	Thammitagama	Thammitagama	GND	200
LK-6103075	Damsopura	Damsopura	GND	345
LK-6103080	Solewewa	Solewewa	GND	574
LK-6103085	Pathane Wewa	Pathane Wewa	GND	282
LK-6103090	Abhayapura	Abhayapura	GND	189
LK-6103095	Sangabopura	Sangabopura	GND	288
LK-6103100	Gurulupitigama	Gurulupitigama	GND	496
LK-6103105	Warawewa	Warawewa	GND	404
LK-6103110	Pothana	Pothana	GND	277
LK-6103115	Pahala Giribawa	Pahala Giribawa	GND	227
LK-6103120	Ihala Giribawa	Ihala Giribawa	GND	327
LK-6103125	Weragala	Weragala	GND	116
LK-6103130	Ihala Maradankadawala	Ihala Maradankadawala	GND	193
LK-6103135	Hettiarachchigama	Hettiarachchigama	GND	315
LK-6103140	Gampola	Gampola	GND	132
LK-6103145	Aliyawetunuwewa	Aliyawetunuwewa	GND	359
LK-6103150	Thambutta	Thambutta	GND	206
LK-6103155	Thammennawa	Thammennawa	GND	142
LK-6103160	Mailewa	Mailewa	GND	207
LK-6103165	Madige	Madige	GND	428
LK-6103170	Wannikudawewa	Wannikudawewa	GND	323
LK-6103175	Sangappalaya	Sangappalaya	GND	352
LK-6106	Galgamuwa	Galgamuwa	DSD	17858
LK-6106005	Medagama West	Medagama	GND	507
LK-6106010	Walagambapura	Walagambapura	GND	252
LK-6106015	Gemunupura	Gemunupura	GND	157
LK-6106020	Ethiniwetunugala	Ethiniwetunugala	GND	315
LK-6106025	Thissapura	Thissapura	GND	241
LK-6106030	Medagama East	Medagama East	GND	254
LK-6106035	Senarathgama	Senarathgama	GND	250
LK-6106040	Kumbukwewa	Kumbukwewa	GND	176
LK-6106045	Mahagalkadawala	Mahagalkadawala	GND	368
LK-6106050	Usgala Siyambalangamuwa	Usgala Siyambalangamuwa	GND	245
LK-6106055	Kepela	Kepela	GND	320
LK-6106060	Bandaragama	Bandaragama	GND	422
LK-6106065	Ganangamuwa	Ganangamuwa	GND	439
LK-6106070	Padavigama	Padavigama	GND	505
LK-6106075	Meegalewa	Meegalewa	GND	646
LK-6106080	Lassanagama	Lassanagama	GND	241
LK-6106085	Track 4 Usgala	Track 4 Usgala	GND	168
LK-6106090	Jayalanda	Jayalanda	GND	304
LK-6106095	Padipanchawa	Padipanchawa	GND	278
LK-6106100	Buduruwakanda	Buduruwakanda	GND	363
LK-6106105	Kallanchiya	Kallanchiya	GND	204
LK-6106110	Molewa	Molewa	GND	253
LK-6106115	Nochchiya	Nochchiya	GND	227
LK-6106120	Kohombankulama	Kohombankulama	GND	405
LK-6106125	Ihala Nanneriya	Ihala Nanneriya	GND	250
LK-6106130	Ihalagama	Ihalagama	GND	261
LK-6106135	Ihala Palukandewa	Ihala Palukandewa	GND	365
LK-6106140	Pahala Palukandewa	Pahala Palukandewa	GND	410
LK-6106145	Monnankulama	Monnankulama	GND	476
LK-6106150	Divullewa	Divullewa	GND	342
LK-6106155	Kurundankulama	Kurundankulama	GND	306
LK-6106160	Kelegama	Kelegama	GND	209
LK-6106165	Siyambalewa	Siyambalewa	GND	213
LK-6106170	Walaswewa	Walaswewa	GND	250
LK-6106175	Porottukadawala	Porottukadawala	GND	148
LK-6106180	Bulnewa	Bulnewa	GND	322
LK-6106185	Ulpathagama	Ulpathagama	GND	265
LK-6106190	Kokwewa	Kokwewa	GND	280
LK-6106195	Mahagalgamuwa	Mahagalgamuwa	GND	515
LK-6106200	Galgamuwa Town	Galgamuwa Town	GND	283
LK-6106205	Aluthherathgama	Aluthherathgama	GND	216
LK-6106210	Mottapettewa	Mottapettewa	GND	190
LK-6106215	Karuwalagaswewa	Karuwalagaswewa	GND	278
LK-6106220	Jayabima	Jayabima	GND	304
LK-6106225	Palugolla	Palugolla	GND	151
LK-6106230	Mahananneriya North	Mahananneriya North	GND	237
LK-6106235	Mahananneriya South	Mahananneriya South	GND	188
LK-6106240	Wewaranawetiya	Wewaranawetiya	GND	244
LK-6106245	Nallachchiya	Nallachchiya	GND	287
LK-6106250	Madawachchiya	Medawachchiya	GND	157
LK-6106255	Peddegama	Peddogama	GND	156
LK-6106260	Katuwewa	Katuwewa	GND	275
LK-6106265	Thorawa	Thorawa	GND	276
LK-6106270	Nahettikulama	Nahettikulama	GND	260
LK-6106275	Wadugama	Wadugama	GND	379
LK-6106280	Konwewa	Konwewa	GND	257
LK-6106285	Kattakaduwa	Kattakaduwa	GND	353
LK-6106290	Ganedivulwewa	Ganedivulwewa	GND	242
LK-6106295	Wegedara	Wegedara	GND	191
LK-6106300	Madadombe	Madadombe	GND	206
LK-6106305	Kurundewa	Kurundewa	GND	259
LK-6106310	Palukadawala	Palukadawala	GND	317
LK-6109	Ehetuwewa	Ehetuwewa	DSD	8227
LK-6109005	Medinnoruwa	Medinnoruwa	GND	302
LK-6109010	Mahawelithenna	Mahaweli Thenna	GND	276
LK-6109015	Andarawewa	Andarawewa	GND	246
LK-6109020	Bongama	Bongama	GND	293
LK-6109025	Katugampalagama	Katugampalagama	GND	305
LK-6109030	Mahakathnoruwa	Maha Kathnoruwa	GND	163
LK-6109035	Weliyawa	Weliyawa	GND	247
LK-6109040	Makulewa	Makulewa	GND	164
LK-6109045	Vikadenigama	Vikadenigama	GND	171
LK-6109050	Kathnoruwa	Kuda Kathnoruwa	GND	213
LK-6109055	Wedinigama	Wedinigama	GND	187
LK-6109060	Pothanegama	Pothanegama	GND	225
LK-6109065	Mudiyannegama	Mudiyannegama	GND	255
LK-6109070	Divulgane	Divulgane	GND	164
LK-6109075	Ihala Digana	Ihala Digana	GND	270
LK-6109080	Nithalawa	Nithalawa	GND	157
LK-6109085	Galapitadigana	Galapitadigana	GND	204
LK-6109090	Ethinimale	Ethinimole	GND	270
LK-6109095	Rathnadivulwewa	Ratnadivulwewa	GND	290
LK-6109100	Nithogama	Nithogama	GND	244
LK-6109105	Hiddewa	Hiddewa	GND	300
LK-6109110	Kaduruwewa	Kaduruwewa	GND	166
LK-6109115	Ihala Embogama	Ihala Embogama	GND	237
LK-6109120	Maha Embogama	Maha Embogama	GND	202
LK-6109125	Ehetuwewa	Ehetuwewa	GND	288
LK-6109130	Nakolagane	Nakolagane	GND	213
LK-6109135	Veheragodayaya	Veheragodayaya	GND	186
LK-6109140	Yaddessawa	Yaddessawa	GND	211
LK-6109145	Atharagalla	Atharagalla	GND	247
LK-6109150	Gurugoda	Gurugoda	GND	347
LK-6109155	Eriyawa	Eriyawa	GND	321
LK-6109160	Hunugallewa	Hunugallewa	GND	275
LK-6109165	Thimbiriyawa	Thimbiriyawa	GND	188
LK-6109170	Walathwewa	Walathwewa	GND	167
LK-6109175	Nabadewa	Nabadewa	GND	233
LK-6112	Ambanpola	Ambanpola	DSD	7706
LK-6112005	Kasikote West	Kasikote West	GND	282
LK-6112010	Kasikote East	Kasikote East	GND	212
LK-6112015	Belungala	Belungala	GND	382
LK-6112020	Abakolawewa North	Abakolawewa North	GND	187
LK-6112025	Amunugama	Amunugama	GND	378
LK-6112030	Ambanpola North	Ambanpola North	GND	515
LK-6112035	Nelumpathwewa	Nelumpathwewa	GND	335
LK-6112040	Maha Divulwewa	Maha Divulwewa	GND	218
LK-6112045	Ranoruwa	Ranoruwa	GND	149
LK-6112050	Uda Divulwewa	Uda Divulwewa	GND	219
LK-6112055	Ellabadagama	Ellabadagama	GND	335
LK-6112060	Ambanpola South	Ambanpola South	GND	328
LK-6112065	Kirimetiyawa	Kirimetiyawa	GND	322
LK-6112070	Abakolawewa South	Abakolawewa South	GND	183
LK-6112075	Serugoda	Serugoda	GND	217
LK-6112080	Mediyawa	Mediyawa	GND	335
LK-6112085	Dethawa	Dethawa	GND	244
LK-6112090	Udangawa	Udangawa	GND	397
LK-6112095	Waragammana	Waragammana	GND	248
LK-6112100	Borawewa	Borawewa	GND	190
LK-6112105	Bakmeewewa	Bakmeewewa	GND	189
LK-6112110	Walaliya	Walaliya	GND	249
LK-6112115	Palapathwala	Palapathwala	GND	207
LK-6112120	Kettapahuwa	Kettapahuwa	GND	370
LK-6112125	Rolawa	Rolawa	GND	261
LK-6112130	Udhagama	Udagama	GND	330
LK-6112135	Nekathi Kumbukwewa	Nekathi Kumbukwewa	GND	199
LK-6112140	Wanduressa	Waduressa	GND	225
LK-6115	Kotawehera	Kotavehera	DSD	6923
LK-6115005	Palugolla Track 10 A	Palugolla Track 10 A	GND	293
LK-6115010	Palugolla Track 10 B	Palugolla Track 10 B	GND	237
LK-6115015	Paalu Uswewa	Palu Uswewa	GND	212
LK-6115020	Kumbukwewa	Kumbukwewa	GND	316
LK-6115025	Digannewa	Digannewa	GND	182
LK-6115030	Kelegama	Kelegama	GND	211
LK-6115035	Digannewatta	Digannewatta	GND	151
LK-6115040	Mahamithawa	Maha Mithawa	GND	308
LK-6115045	Aluthgama	Aluthgama	GND	208
LK-6115050	Divullepitiya	Divullepitiya	GND	232
LK-6115055	Meewellewa	Meewellewa	GND	171
LK-6115060	Galkadawala	Galkadawala	GND	260
LK-6115065	Elagammillawa	Elagammillawa	GND	316
LK-6115070	Yakadapatha	Yakadapatha	GND	233
LK-6115075	Kudarawaliya	Kudarawaliya	GND	236
LK-6115080	Moragolla	Moragolla	GND	215
LK-6115085	Kuda Mithawa	Kuda Mithawa	GND	122
LK-6115090	Dehennegama	Dehennegama	GND	224
LK-6115095	Ihala Weeradadana	Ihala Weeradadana	GND	206
LK-6115100	Monnekulama	Monnekulama	GND	194
LK-6115105	Kotavehera	Kotavehera	GND	426
LK-6115110	Maha Kirinda A	Maha Kirinda A	GND	162
LK-6115115	Maha Kirinda B	Maha Kirinda B	GND	210
LK-6115120	Girilla	Girilla	GND	170
LK-6115125	Hidogama	Hidogama	GND	177
LK-6115130	Sirisethagama	Sirisethagama	GND	150
LK-6115135	Nawana	Nawana	GND	145
LK-6115140	Nagala	Nagala	GND	400
LK-6115145	Ithewa	Ithewa	GND	243
LK-6115150	Dodamgollegama	Dodamgollegama	GND	158
LK-6115155	Hulawa	Hulawa	GND	155
LK-6118	Rasnayakapura	Rasnayakapura	DSD	7192
LK-6118005	Koralayagama	Koralayagama	GND	166
LK-6118010	Malpanawa	Malpanawa	GND	144
LK-6118015	Abokkagama	Abokkagama	GND	261
LK-6118020	Kanuketiya	Kanuketiya	GND	224
LK-6118025	Ambale	Ambale	GND	187
LK-6118030	Udunowa	Udunowa	GND	154
LK-6118035	Galpanawa	Galpanawa	GND	150
LK-6118040	Halambe	Halambe	GND	111
LK-6118045	Ottukulama	Ottukulama	GND	229
LK-6118050	Leekolapitiya	Leekolapitiya	GND	221
LK-6118055	Agara Uda	Agara Uda	GND	105
LK-6118060	Udahenegama	Udahenegama	GND	262
LK-6118065	Rambewa	Rambewa	GND	266
LK-6118070	Thalakolawewa	Thalakolawewa	GND	319
LK-6118075	Kanagullewa	Kanagullewa	GND	432
LK-6118080	Rasnayakapura	Rasnayakapura	GND	515
LK-6118085	Kallanchiya	Kallanchiya	GND	239
LK-6118090	Kuruvikulama	Kuruvikulama	GND	187
LK-6118095	Nammuwawa	Nammuwawa	GND	653
LK-6118100	Niraliyadda	Niraliyadda	GND	269
LK-6118105	Ambagammana	Ambagammana	GND	164
LK-6118110	Unagolla	Unagolla	GND	299
LK-6118115	Kongaswalayagama	Kongaswalayagama	GND	275
LK-6118120	Divullewa	Divullewa	GND	246
LK-6118125	Kadigawa Track 1	Kadigawa Track 1	GND	261
LK-6118130	Kadigawa Track 3	Kadigawa Track 3	GND	299
LK-6118135	Subhasinghapura	Subhasinghapura	GND	325
LK-6118140	Magurankadawala	Magurankadawala	GND	229
LK-6121	Nikaweratiya	Nikaweratiya	DSD	12752
LK-6121005	Thumbulla	Thumbulla	GND	328
LK-6121010	Wanduressa	Waduressa	GND	156
LK-6121015	Olupeliyawa	Olupeliyawa	GND	226
LK-6121020	Kandegedara	Kandegedara	GND	303
LK-6121025	Hulugalla	Hulugalla	GND	272
LK-6121030	Mawathagama	Mawathagama	GND	170
LK-6121035	Pinnapolegama	Pinnapolegama	GND	316
LK-6121040	Hulogedara	Hulogedara	GND	283
LK-6121045	Bogollagama	Bogollagama	GND	284
LK-6121050	Dalukgolla	Dalukgolla	GND	274
LK-6121055	Ihakolagama	Ihakolagama	GND	374
LK-6121060	Karakole	Karakole	GND	343
LK-6121065	Hewenpelessa	Hewenpelessa	GND	490
LK-6121070	Kivulegama	Kivulegama	GND	219
LK-6121075	Nabadewa	Nabadewa	GND	334
LK-6121080	Diyagama	Diyagama	GND	245
LK-6121085	Hathigammana	Hathigammana	GND	321
LK-6121090	Kaluwennewa	Kaluwennewa	GND	207
LK-6121095	Heelogama	Heelogama	GND	245
LK-6121100	Kebellewa	Kebellewa	GND	336
LK-6121105	Budumuttawa	Budumuttawa	GND	501
LK-6121110	Galapitiyagama	Galapitiyagama	GND	432
LK-6121115	Nikaweratiya North	Nikaweratiya North	GND	452
LK-6121120	Thimbiriyawa	Thimbiriyawa	GND	251
LK-6121125	Galagedara	Galagedara	GND	326
LK-6121130	Randenigama	Randenigama	GND	256
LK-6121135	Divullegoda	Divullegoda	GND	298
LK-6121140	Siyambalewa	Siyambalewa	GND	239
LK-6121145	Wasiwewa	Wasiwewa	GND	176
LK-6121150	Kirindigalla	Kirindigalla	GND	348
LK-6121155	Othota Divullewa	Othota Divullewa	GND	377
LK-6121160	Halmillewa	Halmillewa	GND	349
LK-6121165	Katagamuwa	Katagamuwa	GND	204
LK-6121170	Kumbukwewa	Kumbukwewa	GND	292
LK-6121175	Elawaka	Elawaka	GND	284
LK-6121180	Magallegama	Magallegama	GND	403
LK-6121185	Millagoda	Millagoda	GND	455
LK-6121190	Nikaweratiya South	Nikaweratiya South	GND	458
LK-6121195	Viharagama	Viharagama	GND	249
LK-6121200	Danduwawa	Danduwawa	GND	167
LK-6121205	Pahala Galapitiyagama	Pahala Galapitiyagama	GND	288
LK-6121210	Tharanagolla	Tharanagolla	GND	221
LK-6124	Maho	Maho	DSD	18820
LK-6124005	Kohombakadawala	Kohombakadawala	GND	184
LK-6124010	Ihalagama	Ihalagama	GND	314
LK-6124015	Pahalagama	Pahalagama	GND	120
LK-6124020	Moragaswewa	Moragaswewa	GND	221
LK-6124025	Konwewa	Konwewa	GND	240
LK-6124030	Yaddigama	Yaddigama	GND	281
LK-6124035	Bamunugama	Bamunugama	GND	251
LK-6124040	Kirimetiyawa	Kirimetiyawa	GND	324
LK-6124045	Bakmeegahawatta	Bakmeegahawatta	GND	241
LK-6124050	Karuwalagahawatta	Karuwalagahawatta	GND	258
LK-6124055	Makaduwawa	Makaduwawa	GND	250
LK-6124060	Thumbullegama	Thumbullegama	GND	271
LK-6124065	Hithokadawala	Hithokadawala	GND	326
LK-6124070	Thambare	Thambare	GND	292
LK-6124075	Liyanagama	Liyanagama	GND	383
LK-6124080	Uduweriya	Uduweriya	GND	206
LK-6124085	Maningamuwa	Maningamuwa	GND	210
LK-6124090	Ipalogama	Ipalogama	GND	269
LK-6124095	Thammitagama	Thammitagama	GND	189
LK-6124100	Daladagama	Daladagama	GND	384
LK-6124105	Ullalapola	Ullalapola	GND	320
LK-6124110	Atawarala	Atawarala	GND	349
LK-6124115	Digana	Digana	GND	277
LK-6124120	Moonamalegama	Moonamalegama	GND	272
LK-6124125	Madurugama	Madurugama	GND	266
LK-6124130	Mahawa West	Mahawa West	GND	299
LK-6124135	Mahawa East	Mahawa East	GND	266
LK-6124140	Nettipalagama	Nettipalagama	GND	344
LK-6124145	Divullewa	Divullewa	GND	375
LK-6124150	Pailigama	Pailigama	GND	347
LK-6124155	Kattambuwawa	Kattambuwawa	GND	348
LK-6124160	Deheneggama	Deheneggama	GND	216
LK-6124165	Karambe	Karambe	GND	398
LK-6124170	Kandubadagama	Kandubadagama	GND	200
LK-6124175	Embogama	Embogama	GND	223
LK-6124180	Thalambuwa	Thalambuwa	GND	236
LK-6124185	Kumbukwewa	Kumbukwewa	GND	240
LK-6124190	Kekunawa	Kekunawa	GND	356
LK-6124195	Rekogama	Rekogama	GND	388
LK-6124200	Imbulgodayagama	Imbulgodayagama	GND	235
LK-6124205	Vilawa	Vilawa	GND	280
LK-6124210	Kumbukwewa	Kumbukwewa	GND	221
LK-6124215	Konwewa	Konwewa	GND	220
LK-6124220	Heenuggala	Heenuggala	GND	199
LK-6124225	Kumbukwewa	Kumbukwewa	GND	305
LK-6124230	Balalla	Balalla	GND	257
LK-6124235	Pahala Balalla	Pahala Balalla	GND	295
LK-6124240	Thisnampalagama	Thisnampalagama	GND	326
LK-6124245	Heenukwewa	Heenukwewa	GND	238
LK-6124250	Gallewa	Gallewa	GND	358
LK-6124255	Galewewa	Galewewa	GND	274
LK-6124260	Kadambawa	Kadambawa	GND	326
LK-6124265	Metiyakgama	Metiyakgama	GND	245
LK-6124270	Medagama	Medagama	GND	269
LK-6124275	Gala Ambagaswewa	Gala Ambagaswewa	GND	241
LK-6124280	Rathmale	Rathmale	GND	275
LK-6124285	Dampitigama	Dampitigama	GND	229
LK-6124290	Nagollagama	Nagollagama	GND	254
LK-6124295	Thalagalla	Thalagalla	GND	358
LK-6124300	Panwewa	Panwewa	GND	381
LK-6124305	Balagollagama	Balagollagama	GND	187
LK-6124310	Ambagaswewa	Ambagaswewa	GND	202
LK-6124315	Gajaneggama	Gajaneggama	GND	425
LK-6124320	Pothuwewa	Pothuwewa	GND	236
LK-6124325	Katuwannawa	Katuwannawa	GND	256
LK-6124330	Walpaluwa	Walpaluwa	GND	224
LK-6124335	Palugaswewa	Palugaswewa	GND	295
LK-6124340	Mirihanpitigama	Mirihanpitigama	GND	275
LK-6127	Polpitigama	Polpithigama	DSD	25354
LK-6127005	Kumbukkadawala	Kumbukkadawala	GND	363
LK-6127010	Thaladapitiya	Thaladapitiya	GND	301
LK-6127015	Thalawa	Thalawa	GND	301
LK-6127020	Siyambalangamuwa	Siyambalangamuwa	GND	244
LK-6127025	Bulnewa	Bulnewa	GND	287
LK-6127030	Kambuwatawana	Kambuwatawana	GND	312
LK-6127035	Galgiriyawa	Galgiriyawa	GND	217
LK-6127040	Pohorawatta	Pohorawatta	GND	256
LK-6127045	Moragollagama	Moragollagama	GND	285
LK-6127050	Galahitiyagama	Galahitiyagama	GND	200
LK-6127055	Nikawewa	Nikawewa	GND	160
LK-6127060	Ihala Thimbiriyawa	Ihala Thimbiriyawa	GND	330
LK-6127065	Mamunugama	Mamunugama	GND	218
LK-6127070	Pathirennegama	Pathirennegama	GND	308
LK-6127075	Saliyagama	Saliyagama	GND	310
LK-6127080	Serugasyaya	Serugasyaya	GND	148
LK-6127085	Herathgama	Herathgama	GND	196
LK-6127090	Dambe	Dambe	GND	197
LK-6127095	Kiribamunegama	Kiribamunegama	GND	327
LK-6127100	Madagalla	Madagalla	GND	265
LK-6127105	Galagedaragama	Galagedaragama	GND	256
LK-6127110	Hathigamuwa	Hathigamuwa	GND	218
LK-6127115	Amunakole	Amunakole	GND	307
LK-6127120	Kumbukulawa	Kumbukulawa	GND	455
LK-6127125	Pallekele	Pallekele	GND	586
LK-6127130	Pothuvila	Pothuvila	GND	720
LK-6127135	Rekevula	Rekevula	GND	262
LK-6127140	Bogolla	Bogolla	GND	236
LK-6127145	Polpithigama	Polpithigama	GND	527
LK-6127150	Mal Asna	Mal Asna	GND	255
LK-6127155	Meegaswewa	Meegaswewa	GND	211
LK-6127160	Niyandawanaya	Niyandawanaya	GND	230
LK-6127165	Hathpokuna	Hathpokuna	GND	337
LK-6127170	Thalpathwewa	Thalpathwewa	GND	338
LK-6127175	Koruwawa	Koruwawa	GND	419
LK-6127180	Galtenwewa	Galtenwewa	GND	468
LK-6127185	Balagolla	Balagolla	GND	250
LK-6127190	Siyambalawewa	Siyambalawewa	GND	258
LK-6127195	Thalakolawewa	Thalakolawewa	GND	273
LK-6127200	Elagamuwa	Elagamuwa	GND	276
LK-6127205	Halmillawewa	Halmillawewa	GND	588
LK-6127210	Imihaminegama	Imihaminegama	GND	186
LK-6127215	Angulgamuwa	Angulgamuwa	GND	347
LK-6127220	Nikawehera	Nikawehera	GND	761
LK-6127225	Kosgaha Ela	Kosgaha Ela	GND	252
LK-6127230	Hakwatunawa	Hakwatunawa	GND	276
LK-6127235	Rawa Ela	Rawa Ela	GND	262
LK-6127240	Dagama	Dagama	GND	296
LK-6127245	Indigolla	Indigolla	GND	206
LK-6127250	Dembatagala	Dembatagala	GND	367
LK-6127255	Galketiyagama	Galketiyagama	GND	261
LK-6127260	Bakmeewewa	Bakmeewewa	GND	291
LK-6127265	Welangolla	Welangolla	GND	177
LK-6127270	Wanduressa	Wanduressa	GND	213
LK-6127275	Maeliya North	Maeliya North	GND	436
LK-6127280	Agare	Agare	GND	253
LK-6127285	Makulpotha	Makulpotha	GND	170
LK-6127290	Thalwehera	Thalwehera	GND	270
LK-6127295	Welipitiya	Welipitiya	GND	453
LK-6127300	Morotta	Morotta	GND	257
LK-6127305	Keralankadawala	Keralankadawala	GND	384
LK-6127310	Polgahangoda	Polgahangoda	GND	288
LK-6127315	Paragaha Ela	Paragaha Ela	GND	172
LK-6127320	Medakanda	Medakanda	GND	244
LK-6127325	Madahapola	Madahapola	GND	409
LK-6127330	Uthuruwella	Uthuruwella	GND	325
LK-6127335	Rambe	Rambe	GND	457
LK-6127340	Maeliya South	Maeliya South	GND	418
LK-6127345	Dekanduwala	Dekaduwala	GND	202
LK-6127350	Kalugalla	Kalugalla	GND	421
LK-6127355	Ihala Thelambiyawa	Ihala Thelambiyawa	GND	356
LK-6127360	Ambagaswewa	Ambagaswewa	GND	282
LK-6127365	Thalamalgama	Thalamalgama	GND	168
LK-6127370	Kalawana	Kalawana	GND	349
LK-6127375	Welidalla	Welidalla	GND	278
LK-6127380	Ponnilawa	Ponnilawa	GND	151
LK-6127385	Thambuwa	Thambuwa	GND	470
LK-6127390	Henawa	Henawa	GND	232
LK-6127395	Baddegama	Baddegama	GND	395
LK-6127400	Hangamuwa	Hangamuwa	GND	298
LK-6127405	Doraweruwa	Doraweruwa	GND	344
LK-6127410	Deegama	Deegama	GND	282
LK-6130	Ibbagamuwa	Ibbagamuwa	DSD	26761
LK-6130005	Welgala	Welgala	GND	356
LK-6130010	Kimbulwana Oya	Kimbulwana Oya	GND	291
LK-6130015	Nelliya	Nelliya	GND	202
LK-6130020	Diddeniya	Diddeniya	GND	339
LK-6130025	Polkatuwa	Polkatuwa	GND	568
LK-6130030	Diggalawatta	Diggalawatta	GND	340
LK-6130035	Gurussa	Gurussa	GND	292
LK-6130040	Omaragolla	Omaragolla	GND	357
LK-6130045	Panliyadda	Panliyadda	GND	589
LK-6130050	Nabeta	Nabeta	GND	507
LK-6130055	Ussawa	Ussawa	GND	386
LK-6130060	Neerammulla	Neerammulla	GND	470
LK-6130065	Dewagiriya	Dewagiriya	GND	274
LK-6130070	Katupotha	Katupotha	GND	186
LK-6130075	Unit 3	Kimbulwana Oya Unit 3	GND	469
LK-6130080	Hipawwa	Hipawwa	GND	248
LK-6130085	Thammita	Thammita	GND	400
LK-6130090	Thihawa	Thihawa	GND	358
LK-6130095	Ganegoda	Ganegoda	GND	382
LK-6130100	Lenawa	Lenawa	GND	236
LK-6130105	Bandipola	Bandipola	GND	285
LK-6130110	Pitapahamuna	Pitipahamuna	GND	277
LK-6130115	Medamulla	Medamulla	GND	168
LK-6130120	Diyathure	Diyathure	GND	380
LK-6130125	Megodadiyathure	Megodadiyathure	GND	74
LK-6130130	Ragedara	Ragedara	GND	524
LK-6130135	Kendawala	Kendawala	GND	579
LK-6130140	Mahagama	Mahagama	GND	228
LK-6130145	Puswellegama	Puswellegama	GND	145
LK-6130150	Karandagolla	Karandagolla	GND	488
LK-6130155	Kahatawela	Kahatawela	GND	301
LK-6130160	Neketta	Neketta	GND	251
LK-6130165	Godarathmale	Godarathmale	GND	114
LK-6130170	Pudukkulama	Pudukkulama	GND	213
LK-6130175	Manapaya	Manapaya	GND	148
LK-6130180	Doluwa	Doluwa	GND	203
LK-6130185	Wewalagama	Wewalagama	GND	286
LK-6130190	Deeyawa	Deeyawa	GND	262
LK-6130195	Aragama	Aragama	GND	275
LK-6130200	Nindapella	Nindapella	GND	233
LK-6130205	Ihala Gokarella	Ihala Gokarella	GND	324
LK-6130210	Medagampola	Medagampola	GND	249
LK-6130215	Kandegedara	Kandegedara	GND	247
LK-6130220	Ambanpola	Ambanpola	GND	424
LK-6130225	Meddeketiya	Meddeketiya	GND	187
LK-6130230	Siyambalawehera	Siyambalawehera	GND	478
LK-6130235	Daramitipola	Daramitipola	GND	252
LK-6130240	Hiddana	Hiddana	GND	227
LK-6130245	Godagama	Godagama	GND	200
LK-6130250	Kiribamuna	Kiribamuna	GND	295
LK-6130255	Periyakadunelawa	Periyakadu Nelawa	GND	400
LK-6130260	Peddawa	Peddawa	GND	316
LK-6130265	Muruthawa	Muruthawa	GND	336
LK-6130270	Kandulawa	Kanduluwa	GND	533
LK-6130275	Ipalawa	Ipalawa	GND	632
LK-6130280	Polgolla	Polgolla	GND	428
LK-6130285	Udathammita	Udathammita	GND	310
LK-6130290	Medagedara	Medagedara	GND	375
LK-6130295	Thalgodapitiya	Thalgodapitiya	GND	626
LK-6130300	Ibbagamuwa	Ibbagamuwa	GND	459
LK-6130305	Dehelgamuwa	Dehelgamuwa	GND	443
LK-6130310	Mahamookalanyaya	Mahamookalanyaya	GND	296
LK-6130315	Bogamuwa	Bogamuwa	GND	230
LK-6130320	Hangamuwa	Hangamuwa	GND	379
LK-6130325	Wadupola	Wadupola	GND	269
LK-6130330	Pannala	Pannala	GND	497
LK-6130335	Udawela	Udawela	GND	729
LK-6130340	Kirindigalla	Kirindigalla	GND	538
LK-6130345	Henegedara	Henegedara	GND	483
LK-6130350	Madigedethilianga	Madigedethilianga	GND	477
LK-6130355	Galketigama	Galketigama	GND	566
LK-6130360	Bakmeegolla	Bakmeegolla	GND	765
LK-6130365	Kumbalanga	Kumbulanga	GND	587
LK-6130370	Nembilikumbura	Nembilikumbura	GND	520
LK-6133	Ganewatta	Ganewatta	DSD	12898
LK-6133005	Digankonwewa	Digankonwewa	GND	270
LK-6133010	Weragala	Weragala	GND	219
LK-6133015	Thimbiriwewa	Thimbiriwewa	GND	232
LK-6133020	Kekulawala	Kekulawala	GND	75
LK-6133025	Divulwewa	Divulwewa	GND	165
LK-6133030	Pothuwagonna	Pothuwagonna	GND	226
LK-6133035	Kuda Uyangalla	Kuda Uyangalla	GND	196
LK-6133040	Uyangalla	Uyangalla	GND	328
LK-6133045	Kalatuwagama	Kalatuwagama	GND	288
LK-6133050	Aluthgama	Aluthgama	GND	339
LK-6133055	Seerangoda	Seerangoda	GND	237
LK-6133060	Thambagalla	Thambagalla	GND	568
LK-6133065	Pannawa	Pannawa	GND	371
LK-6133070	Nelawa	Nelawa	GND	392
LK-6133075	Makulmade	Makulmade	GND	202
LK-6133080	Neeraviya	Neeraviya	GND	585
LK-6133085	Waduwawa	Waduwawa	GND	277
LK-6133090	Santhanagama	Santhanagama	GND	457
LK-6133095	Kumbukgete	Kumbukgete	GND	346
LK-6133100	Hettigama	Hettigama	GND	421
LK-6133105	Boraluwa	Boraluwa	GND	304
LK-6133110	Nikagolla	Nikagolla	GND	364
LK-6133115	Thittawella	Thittawella	GND	316
LK-6133120	Jahapagama	Jahapagama	GND	209
LK-6133125	Neriyawa	Neriyawa	GND	415
LK-6133130	Arankele	Arankele	GND	188
LK-6133135	Thittawelgala	Thittawelgala	GND	457
LK-6133140	Nikadalupotha	Nikadalupotha	GND	438
LK-6133145	Hiripitiya	Hiripitiya	GND	411
LK-6133150	Hindawewa	Hidawewa	GND	233
LK-6133155	Nelumpathgama	Nelumpathgama	GND	109
LK-6133160	Malagamuwa	Malagamuwa	GND	264
LK-6133165	Othuwela	Othuwela	GND	280
LK-6133170	Moragolla	Moragolla	GND	419
LK-6133175	Hunupola	Hunupola	GND	246
LK-6133180	Wegolla	Wegolla	GND	346
LK-6133185	Makulwewa	Makulwewa	GND	289
LK-6133190	Thanthirigama	Thanthirigama	GND	178
LK-6133195	Kirindiwelmada/ Galagedara	Kirindiwelmada / Galagedara	GND	457
LK-6133200	Seeradunna	Seeradunna	GND	263
LK-6133205	Kanawa	Kanawa	GND	284
LK-6133210	Pothuvila	Pothuvila	GND	234
LK-6136	Wariyapola	Wariyapola	DSD	19586
LK-6136005	Halmillewa	Halmillewa	GND	312
LK-6136010	Thennakongama	Thennakongama	GND	256
LK-6136015	Kelegama	Kelegama	GND	292
LK-6136020	Konotta	Konotta	GND	304
LK-6136025	Ebawalapitiya	Ebawalapitiya	GND	372
LK-6136030	Mellapotta	Mellapotta	GND	337
LK-6136035	Wanduressa Welgala	Wanduressa Welgala	GND	249
LK-6136040	Walpaluwa	Walpaluwa	GND	309
LK-6136045	Minuwangete	Minuwangete	GND	422
LK-6136050	Nelliya	Nelliya	GND	169
LK-6136055	Deegithawa	Deegithawa	GND	440
LK-6136060	Karagaswewa	Karagaswewa	GND	273
LK-6136065	Wanduressa	Wanduressa	GND	306
LK-6136070	Karandawetiya	Karandawetiya	GND	214
LK-6136075	Ethawa	Ethawa	GND	498
LK-6136080	Welawa	Welawa	GND	221
LK-6136085	Rabukana	Rabukana	GND	188
LK-6136090	Avulegama	Avulegama	GND	311
LK-6136095	Bayawa	Bayawa	GND	393
LK-6136100	Muwanwellegedara	Muwanwellegedara	GND	247
LK-6136105	Magulagama	Magulagama	GND	392
LK-6136110	Divulakele	Divulakele	GND	286
LK-6136115	Werella	Werella	GND	521
LK-6136120	Naramana	Naramana	GND	468
LK-6136125	Thambarawa	Thambarawa	GND	345
LK-6136130	Pothuwewa	Pothuwewa	GND	119
LK-6136135	Netiya	Netiya	GND	383
LK-6136140	Thissawa	Thissawa	GND	194
LK-6136145	Amunugama	Amunugama	GND	391
LK-6136150	Goluwawa	Goluwawa	GND	278
LK-6136155	Kithulwehera	Kithulwehera	GND	431
LK-6136160	Ipalawa	Ipalawa	GND	366
LK-6136165	Mamunuwa	Mamunuwa	GND	539
LK-6136170	Padeniya	Padeniya	GND	383
LK-6136175	Madatuwa	Madatuwa	GND	432
LK-6136180	Pattalegedara	Pattalegedara	GND	268
LK-6136185	Mirihanegama	Mirihanegama	GND	219
LK-6136190	Nabadawewa	Nabadawewa	GND	234
LK-6136195	Kahagolla	Kahagolla	GND	261
LK-6136200	Habarawa	Habarawa	GND	300
LK-6136205	Ambakadawara	Ambakadawara	GND	297
LK-6136210	Pennithawa	Pennithawa	GND	322
LK-6136215	Hettigedara	Hettigedara	GND	217
LK-6136220	Medagama	Medagama	GND	312
LK-6136225	Ginipendegama	Ginipendegama	GND	530
LK-6136230	Wariyapola	Wariyapola	GND	714
LK-6136235	Rathmale	Rathmale	GND	366
LK-6136240	Piyumgalla	Piyumgalla	GND	314
LK-6136245	Elavitigama	Elavitigama	GND	352
LK-6136250	Wewagedara	Wewagedara	GND	520
LK-6136255	Randeniya	Randeniya	GND	348
LK-6136260	Werapola	Werapola	GND	640
LK-6136265	Horombuwa	Horombuwa	GND	427
LK-6136270	Vilakatupotha	Vilakatupotha	GND	455
LK-6136275	Embawa	Embawa	GND	242
LK-6136280	Malwana	Malwana	GND	607
LK-6139	Kobeigane	Kobeigane	DSD	11689
LK-6139005	Hathalawa	Hathalawa	GND	349
LK-6139010	Makeliyawa	Makeliyawa	GND	445
LK-6139015	Mawathagama	Mawathagama	GND	338
LK-6139020	Hengamuwa	Hengamuwa	GND	367
LK-6139025	Waduressa	Waduressa	GND	310
LK-6139030	Wannigama	Wannigama	GND	388
LK-6139035	Vithikuliya	Vithikuliya	GND	488
LK-6139040	Beddegama	Beddegama	GND	373
LK-6139045	Pubbiliya	Pubbiliya	GND	306
LK-6139050	Kandattawa	Kadaththawa	GND	343
LK-6139055	Amunukole	Amunukole	GND	317
LK-6139060	Kithagama	Kithagama	GND	242
LK-6139065	Thelahera	Thelahera	GND	355
LK-6139070	Assedduma	Assedduma	GND	269
LK-6139075	Leekolawewa	Leekolawewa	GND	234
LK-6139080	Kahatagaswewa	Kahatagaswewa	GND	297
LK-6139085	Welpothuwewa	Welpothuwewa	GND	454
LK-6139090	Boraluwewa	Boraluwewa	GND	346
LK-6139095	Maulla	Maulla	GND	268
LK-6139100	Beliwewa	Beliwewa	GND	289
LK-6139105	Bakunawala	Bakunawala	GND	269
LK-6139110	Alahenegama	Alahenegama	GND	195
LK-6139115	Aralugaswewa	Aralugaswewa	GND	336
LK-6139120	Walaswewa	Walaswewa	GND	289
LK-6139125	Pannawa	Pannawa	GND	642
LK-6139130	Galatabendiwewa	Galatabendiwewa	GND	307
LK-6139135	Bamunugama	Bamunugama	GND	422
LK-6139140	Hirigolla	Hirigolla	GND	352
LK-6139145	Kobeigane	Kobeigane	GND	336
LK-6139150	Holambalewa	Holambalewa	GND	297
LK-6139155	Halmillakotuwa	Halmillakotuwa	GND	385
LK-6139160	Kattapitiya	Kattapitiya	GND	293
LK-6139165	Baladora	Baladora	GND	320
LK-6139170	Midellawa	Midellawa	GND	257
LK-6139175	Hindagahawewa	Hindagahawewa	GND	211
LK-6142	Bingiriya	Bingiriya	DSD	19673
LK-6142005	Molaeliya	Molaeliya	GND	305
LK-6142010	Getulawa	Getulawa	GND	555
LK-6142015	Pahala Thalampola	Pahala Thalampola	GND	354
LK-6142020	Ihala Konkandawala	Ihala Konkandawala	GND	528
LK-6142025	Bandarigalgoda	Bandarigalgoda	GND	333
LK-6142030	Manelembuwa	Manelembuwa	GND	345
LK-6142035	Pahala Kiniyama	"Pahala Kiniyama
"	GND	267
LK-6142040	Kiniyama East	Kiniyama East	GND	311
LK-6142045	Kiniyama West	Kiniyama West	GND	506
LK-6142050	Puwakgahakadawala	Puwakgahakadawala	GND	268
LK-6142055	Weerapokuna	Weerapokuna	GND	337
LK-6142060	Koshenagara	Koshenagara	GND	379
LK-6142065	Ihala Galwewa	Ihala Galwewa	GND	273
LK-6142070	Pahala Galwewa	Pahala Galwewa	GND	364
LK-6142075	Urapotta	Urapotta	GND	302
LK-6142080	Brahmanayagama	Brahmanayagama	GND	158
LK-6142085	Hendiyapola	Hendiyapola	GND	360
LK-6142090	Karandanayagama	Karandanayagama	GND	479
LK-6142095	Kosagama	Kosagama	GND	346
LK-6142100	Wanduressa	Wanduressa	GND	354
LK-6142105	Pahala Koswatta	Pahala Koswatta	GND	241
LK-6142110	Maunawa	Maunawa	GND	302
LK-6142115	Bowatta	Bowatta	GND	543
LK-6142120	Panawewa	Panawewa	GND	504
LK-6142125	Mookalanhena	Mookalanhena	GND	456
LK-6142130	Murukandiya	Murukandiya	GND	208
LK-6142135	Bingiriya	Bingiriya	GND	364
LK-6142140	Vilattawa Palatha	Vilattawa	GND	390
LK-6142145	Aluthgama	Aluthgama	GND	541
LK-6142150	Ihala Kalugama	Ihala Kalugama	GND	489
LK-6142155	Wellarawa	Wellarawa	GND	536
LK-6142160	Bakmeeruppa	Bakmeeruppa	GND	482
LK-6142165	Hiruwalpola	Hiruwalpola	GND	370
LK-6142170	Kaduruwewa	Kaduruwewa	GND	762
LK-6142175	Horagasagara	Horagasagara	GND	381
LK-6142180	Ihala Kadigamuwa	Ihala Kadigamuwa	GND	741
LK-6142185	Ihala Koswatta	Ihala Koswatta	GND	642
LK-6142190	Nithalawa	Nithalawa	GND	400
LK-6142195	Kudakalawa	Kudakalawa	GND	325
LK-6142200	Tharana	Tharana	GND	419
LK-6142205	Konkadawala	Konkadawala	GND	425
LK-6142210	Hamannapahuwa	Hamannapahuwa	GND	261
LK-6142215	Kurundupotha	Kurundupotha	GND	381
LK-6142220	Madulupitiya	Madulupitiya	GND	220
LK-6142225	Udawela	Udawela	GND	411
LK-6142230	Meladeniya	Meladeniya	GND	206
LK-6142235	Padiwela	Padiwela	GND	317
LK-6142240	Kelegedara	Kelegedara	GND	241
LK-6142245	Thorabichchiya	Thorabichchiya	GND	237
LK-6142250	Heenpannawa	Heenpannawa	GND	287
LK-6142255	Pahala Kadigamuwa	Pahala Kadigamuwa	GND	296
LK-6142260	Pahala Mandakondana	Pahala Mandakondana	GND	171
LK-6145	Panduwasnuwara West	Panduwasnuwara West	DSD	20217
LK-6145005	Kahatavila	Kahatavila	GND	301
LK-6145010	Madaina	Madaina	GND	278
LK-6145015	Dothella	Dothella	GND	374
LK-6145020	Ganegama	Ganegama	GND	217
LK-6145025	Mandapola	Mandapola	GND	381
LK-6145030	Konwewa	Konwewa	GND	476
LK-6145035	Rambewa	Rambewa	GND	212
LK-6145040	Madulla	Madulla	GND	231
LK-6145045	Wadumunna	Wadumunna	GND	350
LK-6145050	Akurana	Akurana	GND	285
LK-6145055	Yodhayakanda	Yodhayakanda	GND	166
LK-6145060	Udagama	Udagama	GND	262
LK-6145065	Karandawa	Karandawa	GND	236
LK-6145070	Pallegama	Pallegama	GND	276
LK-6145075	Divulwewa	Divulwewa	GND	231
LK-6145080	Girathalana	Girathalana	GND	370
LK-6145085	Nikapitiya	Nikapitiya	GND	322
LK-6145090	Othegama	Othegama	GND	277
LK-6145095	Diggalagedara	Diggalagedara	GND	271
LK-6145100	Dorabavila	Dorabavila	GND	333
LK-6145105	Nallura	Nallura	GND	357
LK-6145110	Palugaswewa	Palugaswewa	GND	332
LK-6145115	Madige Midiyala	Madige Midiyala	GND	705
LK-6145120	Midiyala	Midiyala	GND	396
LK-6145125	Hidagahawewa	Hindagahawewa	GND	269
LK-6145130	Hammaliya	Hammaliya	GND	414
LK-6145135	Bandara Koswatta	Bandara Koswatta	GND	269
LK-6145140	Hathapola	Hathapola	GND	251
LK-6145145	Kadawalagedara	Kadawalagedara	GND	446
LK-6145150	Panduwasnuwara	Panduwasnuwara	GND	293
LK-6145155	Kotambapitiya	Kotambapitiya	GND	404
LK-6145160	Hettipola	Hettipola	GND	417
LK-6145165	Dolahamuna	Dolahomuna	GND	321
LK-6145170	Munihirigama	Munihirigama	GND	267
LK-6145175	Kevitiya	Kevitiya	GND	240
LK-6145180	Pepolegama	Pepolegama	GND	185
LK-6145185	Hanthihawa	Hanthihawa	GND	321
LK-6145190	Barampola	Barampola	GND	291
LK-6145195	Hettigama	"Hettigama
"	GND	217
LK-6145200	Ehetumulla	Ehetumulla	GND	272
LK-6145205	Kurundukumbura	Kurundu Kumbura	GND	523
LK-6145210	Bogolla	Bogolla	GND	307
LK-6145215	Bamunumulla	Bamunumulla	GND	238
LK-6145220	Meegaspitiya	Meegaspitiya	GND	211
LK-6145225	Yayegedara	Yayegedara	GND	306
LK-6145226	nan	Moragolla	GND	244
LK-6145227	nan	Rideekanda	GND	340
LK-6145228	nan	Thengodagedara	GND	195
LK-6145230	Tekewa	Tekewa	GND	254
LK-6145235	Rittadeniya	Rittadeniya	GND	206
LK-6145240	Jayasiripura	Jayasiripura	GND	275
LK-6145245	Pihimbiya	Pihimbiya	GND	178
LK-6145250	Rathmale	Rathmale	GND	331
LK-6145255	Nagollagoda	Nagollagoda	GND	208
LK-6145260	Ambagahagedara	Ambagahagedara	GND	202
LK-6145265	Dahanekgedara	Dahanekgedara	GND	334
LK-6145270	Ebogedara	Ebogedara	GND	218
LK-6145275	Doratiyagedara	Doratiyagedara	GND	246
LK-6145280	Akarawatta	Akarawatta	GND	289
LK-6145285	Malwanegedara	Malwanegedara	GND	242
LK-6145290	Moonamaldeniya	Moonamaldeniya	GND	148
LK-6145295	Kamburapola	Kamburapola	GND	341
LK-6145300	Pahala Gomugomuwa	Pahala Gomugomuwa	GND	352
LK-6145305	Ihala Gomugomuwa	Ihala Gomugomuwa	GND	300
LK-6145310	Hidiyamulla	Hidiyamulla	GND	419
LK-6145315	Karagahagedara	Karagahagedara	GND	520
LK-6145320	Epaladeniya	Epaladeniya	GND	274
LK-6148	Panduwasnuwara East	Panduwasnuwara East	DSD	9394
LK-6148020	Medagama	Medagama	GND	233
LK-6148025	Kosdeniya	Kosdeniya	GND	249
LK-6148030	Wilbagedara	"Wilbagedara
"	GND	239
LK-6148035	Hanwella	Hanwella	GND	228
LK-6148040	Palavitiya	Palavitiya	GND	239
LK-6148045	Kolambagama	Kolambagama	GND	245
LK-6148050	Gallehepitiya	Gallehepitiya	GND	485
LK-6148055	Ranorawa	Ranorawa	GND	353
LK-6148060	Katumuluwa	Katumuluwa	GND	267
LK-6148065	Maveehena	Maveehena	GND	261
LK-6148070	Rathmalla	Rathmalla	GND	293
LK-6148075	Dunupotha	Dunupotha	GND	307
LK-6148080	Beddegama	Beddegama	GND	194
LK-6148085	Thissawa	Thissawa	GND	269
LK-6148090	Nelibewa	Nelibewa	GND	148
LK-6148095	Dematawa	Dematawa	GND	218
LK-6148100	Kanduboda	Kanduboda	GND	333
LK-6148105	Henegedara	Henegedara	GND	245
LK-6148110	Magulagama	Magulagama	GND	302
LK-6148115	Angamuwa	Angamuwa	GND	319
LK-6148120	Anukkanhena	Anukkanhena	GND	294
LK-6148125	Moragane	Moragane	GND	308
LK-6148130	Kanapothuhera	Kanapothuhera	GND	178
LK-6148135	Kanogama	Kanogama	GND	175
LK-6148140	Kandegedara	"Kandegedara
"	GND	164
LK-6148145	Galagedara	Galagedara	GND	230
LK-6148150	Adukkane	Adukkane	GND	256
LK-6148155	Udugampalagedara	Udugampalagedara	GND	122
LK-6148160	Weliwehera	Weliwehera	GND	254
LK-6148165	Gonnawa	Gonnawa	GND	454
LK-6148170	Bodhimulla	Bodhimulla	GND	260
LK-6148175	Nindawela	Nindawela	GND	219
LK-6148180	Wijaya Udagama	Wijaya Udagama	GND	231
LK-6148185	Wetehepitiya	Wetehepitiya	GND	230
LK-6148190	Hindawa	Hindawa	GND	328
LK-6148195	Kanoyaya	Kanoyaya	GND	264
LK-6149	Bamunakotuwa	Bamunakotuwa	DSD	11659
LK-6149005	Erihabe	Erihabe	GND	220
LK-6149010	Panawa	Panawa	GND	197
LK-6149015	Pahala Imiyangoda	Pahala Imiyangoda	GND	283
LK-6149020	Walpola	Walpola	GND	437
LK-6149025	Mahakeliya	"Mahakeliya
"	GND	503
LK-6149030	Kelimune	Kelimune	GND	854
LK-6149035	Nathagane	Nathagane	GND	198
LK-6149040	Kadiharaya	Kadiharaya	GND	446
LK-6149045	Bamunakotuwa	Bamunakotuwa	GND	305
LK-6149050	Moonamale	Munamale	GND	233
LK-6149055	Thalgahagama	Thalgahagama	GND	369
LK-6149060	Ganthiriyawa	Ganthiriyawa	GND	251
LK-6149065	Panakaduwa	Panakaduwa	GND	240
LK-6149070	Pahala Kolamunna	Pahala Kolamunna	GND	319
LK-6149075	Wathukana	Wathukana	GND	316
LK-6149080	Nelunkanuwa	Nelunkanuwa	GND	306
LK-6149085	Weudagama	"Weudagama
"	GND	128
LK-6149090	Panagamuwa	Panagamuwa	GND	262
LK-6149095	Panadare	Panadare	GND	213
LK-6149100	Walaliya	Walaliya	GND	535
LK-6149105	Kedapath Vehera	Kedapath Vehera	GND	362
LK-6149110	Rukattane	Rukattane	GND	135
LK-6149115	Bogoda	Bogoda	GND	219
LK-6149120	Hanhamunawa	Hanhamunawa	GND	601
LK-6149125	Nawagatta	Nawagatta	GND	448
LK-6149130	Mirihampitiya	Mirihampitiya	GND	392
LK-6149135	Henegedara	Henegedara	GND	459
LK-6149140	Dampitiya	Dampitiya	GND	199
LK-6149145	Ethanawatta	Ethanawatta	GND	177
LK-6149150	Wedanda	Wedanda	GND	360
LK-6149155	Pallawa Dampitiya	Pallawa Dampitiya	GND	280
LK-6149160	Demataluwa	Demataluwa	GND	548
LK-6149165	Kanotuwa	Kanotuwa	GND	365
LK-6149170	Siwallawagedara	Siwallawagedara	GND	114
LK-6149175	Homathagama	Homathagama	GND	175
LK-6149180	Divulgaspitiya	Divulgaspitiya	GND	210
LK-6151	Maspotha	Maspotha	DSD	12094
LK-6151005	Wilgamdematawa	Wilgamdematawa	GND	325
LK-6151010	Gonagama	Gonagama	GND	402
LK-6151015	Rekawa	Rekawa	GND	261
LK-6151020	Pimburuwellegama	Pimburuwellegama	GND	134
LK-6151025	Galagedara	Galagedara	GND	286
LK-6151030	Minhettiya	Minhettiya	GND	207
LK-6151035	Hanwella	Hanwella	GND	237
LK-6151040	Maragama	Maragama	GND	187
LK-6151045	Wegolla	Wegolla	GND	155
LK-6151050	Oggamuwa	Oggamuwa	GND	331
LK-6151055	Thisnampola	Thisnampola	GND	158
LK-6151060	Kudagalgamuwa	Kudagalgamuwa	GND	319
LK-6151065	Gane Kolaniya	Gane Kolaniya	GND	252
LK-6151070	Kidapola	Kidapola	GND	466
LK-6151075	Demalussa	Demalussa	GND	152
LK-6151080	Maspotha	Maspotha	GND	578
LK-6151085	Rathkarawwa	Rathkarawwa	GND	579
LK-6151090	Mapegamuwa	Mapegamuwa	GND	200
LK-6151095	Dahigamuwa	Dahigamuwa	GND	274
LK-6151100	Siyambalangamuwa	Siyambalangamuwa	GND	512
LK-6151105	Gurulepola	Gurulepola	GND	400
LK-6151110	Pellandeniya	Pellandeniya	GND	473
LK-6151115	Hettigedara	Hettigedara	GND	1091
LK-6151120	Wawagedara	Wewagedara	GND	299
LK-6151125	Kalahogedara	Kalahogedara	GND	525
LK-6151130	Maveedalupotha	Maveedalupotha	GND	483
LK-6151135	Udabadalawa	Udabadalawa	GND	345
LK-6151140	Thiththawella	Thiththawella	GND	476
LK-6151145	Udadigana	Udadigana	GND	200
LK-6151150	Yanthampalawa	Yanthampalawa	GND	305
LK-6151155	Kavdawatta	Kavudawatta	GND	349
LK-6151160	Aswedduma	Aswedduma	GND	800
LK-6151165	Dematagahapelessa	Dematagahapelessa	GND	333
LK-6154	Kurunegala	Kurunegala	DSD	23802
LK-6154005	Kalatuwa Pelessa	Kalatuwa Pelessa	GND	201
LK-6154010	Seeradunna	Seeradunna	GND	204
LK-6154015	Seruwawa	Seruwawa	GND	242
LK-6154020	Pubbowa	Pubbowa	GND	266
LK-6154025	Thalvita	Thalvita	GND	286
LK-6154030	Waraddana	Waraddana	GND	286
LK-6154035	Pahala Waraddana	Pahala Waraddana	GND	317
LK-6154040	Rangama	Rangama	GND	367
LK-6154045	Wellawa	Wellawa	GND	464
LK-6154050	Ginikarawa	Ginikarawa	GND	350
LK-6154055	Pahala Hadirawalana	Pahala Hadirawalana	GND	256
LK-6154060	Thalatuwa	Thalatuwa	GND	318
LK-6154065	Rikillagamuwa	"Rikillagamuwa
"	GND	333
LK-6154070	Dematagolla	Dematagolla	GND	224
LK-6154075	Budanapitiya	Budanapitiya	GND	533
LK-6154080	Hadirawalana Ihala	Hadirawalana Ihala	GND	261
LK-6154085	Mahakandegama	Mahakandegama	GND	249
LK-6154090	Alakoladeniya	Alakoladeniya	GND	506
LK-6154095	Bamunugedara	Bamunugedara	GND	796
LK-6154100	Kurunegala Town - North East	Kurunegala Town - North East	GND	953
LK-6154105	Kurunegala Town - North	Kurunegala Town - North	GND	334
LK-6154110	Gangoda	Gangoda	GND	482
LK-6154115	Vilgoda	Vilgoda	GND	407
LK-6154120	Heraliyawala	Heraliyawala	GND	567
LK-6154125	Bamunawala	Bamunawala	GND	1086
LK-6154130	Malkaduwawa	Malkaduwawa	GND	696
LK-6154135	Malkaduwawa South	Malkaduwawa South	GND	434
LK-6154140	Malkaduwawa North	Malkaduwawa North	GND	534
LK-6154145	Kurunegala Town - West	Kurunegala Town - West	GND	1035
LK-6154150	Iluppugedara	Iluppugedara	GND	843
LK-6154155	Kurunegala Town - Central	Kurunegala Town - Central	GND	284
LK-6154160	Kurunegala Town - Bazaar	Kurunegala Town - Bazaar	GND	19
LK-6154165	Gettuwana	Gettuwana	GND	426
LK-6154170	Kurunegala Town - East	Kurunegala Town - East	GND	427
LK-6154175	Theliyagonna	Theliyagonna	GND	694
LK-6154180	Udawalpola	Udawalpola	GND	321
LK-6154185	Kurunegala Town - South	Kurunegala Town - South	GND	593
LK-6154190	Veherabenda	Veherabenda	GND	454
LK-6154195	Henamulla	Henamulla	GND	407
LK-6154200	Wehera East	Wehera East	GND	432
LK-6154205	Wehera West	Wehera West	GND	408
LK-6154210	Akaragana North	Akaragana North	GND	273
LK-6154215	Wanduragala	Wanduragala	GND	246
LK-6154220	Rathgalla	Rathgalla	GND	465
LK-6154225	Boyagane	Boyagane	GND	365
LK-6154230	Akaragana South	Akaragana South	GND	431
LK-6154235	Vilbawa	Vilbawa	GND	477
LK-6154240	Nailiya	Nailiya	GND	562
LK-6154245	Madithiyawala	Madithiyawala	GND	795
LK-6154250	Thorawathura	Thorawathura	GND	431
LK-6154255	Mathawa	Mathawa	GND	646
LK-6154260	Attanapitiya	Attanapitiya	GND	226
LK-6154265	Pahala Thalampitiya	Pahala Thalampitiya	GND	225
LK-6154270	Kudumbuwa	Kudumbuwa	GND	365
LK-6157	Mallawapitiya	Mallawapitiya	DSD	16432
LK-6157005	Meddegama West	Meddegama West	GND	320
LK-6157010	Udagama	Udagama	GND	271
LK-6157015	Pillawa	Pillawa	GND	506
LK-6157020	Hengawa	Hengawa	GND	320
LK-6157025	Narampola	Narampola	GND	440
LK-6157030	Ranawana	Ranawana	GND	335
LK-6157035	Kahatapitiya	Kahatapitiya	GND	221
LK-6157040	Meddegama East	Meddegama East	GND	217
LK-6157045	Maraluwawa	Maraluwawa	GND	631
LK-6157050	Pahala Gettuwana	Pahala Gattuwana	GND	382
LK-6157055	Thorayaya	Thorayaya	GND	967
LK-6157060	Kuda Kowana	Kuda Kowana	GND	475
LK-6157065	Kowana	Kowana	GND	297
LK-6157070	Denagamuwa	Denagamuwa	GND	317
LK-6157075	Yaggapitiya	"Yaggapitiya
"	GND	170
LK-6157080	Mehiella North	Mehiella North	GND	554
LK-6157085	Hewana	Hewana	GND	640
LK-6157090	Uyandana	Uyandana	GND	456
LK-6157095	Mehiella South	Mehiella South	GND	531
LK-6157100	Mallawapitiya	Mallawapitiya	GND	1191
LK-6157105	Millawa	Millawa	GND	990
LK-6157110	Kolapelalikanda	Kolapelalikanda	GND	369
LK-6157115	Doratiyawa	Doratiyawa	GND	557
LK-6157120	Messagammana	Messagammana	GND	236
LK-6157125	Hewapola	Hewapola	GND	446
LK-6157130	Manel Oluwa	Manel Oluwa	GND	208
LK-6157135	Walpolakanda North	Walpolakanda North	GND	128
LK-6157140	Walpolakanda South	Walpolakanda South	GND	169
LK-6157145	Indulgoda	Indulgoda	GND	281
LK-6157150	Konpala	Konpala	GND	279
LK-6157155	Dembepola	Dembepola	GND	192
LK-6157160	Bodhigama	Bodhigama	GND	182
LK-6157165	Thiragama	Thiragama	GND	280
LK-6157170	Bogamuwa	Bogamuwa	GND	319
LK-6157175	Werawella	Werawella	GND	177
LK-6157180	Indulgodakanda	Indulgodakanda	GND	411
LK-6157185	Morathenna	Morathenna	GND	164
LK-6157190	Katupitiya North	Katupitiya North	GND	211
LK-6157195	Katupitiya South	Katupitiya South	GND	258
LK-6157200	Ihala Thalampitiya	Ihala Thalampitiya	GND	255
LK-6157205	Wattegedara	Wattegedara	GND	277
LK-6157210	Koralegedara	Koralegedara	GND	207
LK-6157215	Mahagama	Mahagama	GND	285
LK-6157220	Belgoda	Belgoda	GND	233
LK-6157225	Belgodakanda	Belgoda Kanda	GND	77
LK-6160	Mawathagama	Mawathagama	DSD	19764
LK-6160005	Kongaswala	Kongaswala	GND	474
LK-6160010	Barandana	Barandana	GND	320
LK-6160015	Wewagedara	Wewagedara	GND	257
LK-6160020	Etagahawela	Etagahawela	GND	382
LK-6160025	Galapitamulla	Galapitamulla	GND	501
LK-6160030	Hidagolla	Hidagolla	GND	366
LK-6160035	Udanagama	Udanagama	GND	153
LK-6160040	Tharapotha	Tharapotha	GND	329
LK-6160045	Tigola	Tigola	GND	285
LK-6160050	Arampola Watta North	Arampola Watta North	GND	245
LK-6160055	Arampola Watta South	Arampola Watta South	GND	227
LK-6160060	Ellagonna	Ellagonna	GND	151
LK-6160065	Pothubowa	Pothubowa	GND	227
LK-6160070	Madawa	Madawa	GND	487
LK-6160075	Kanduboda	Kanduboda	GND	182
LK-6160080	Kahandawelipotha	Kahandawelipotha	GND	432
LK-6160085	Maswewa	Maswewa	GND	223
LK-6160090	Pilessa Ihalagama	Pilessa Ihalagama	GND	276
LK-6160095	Pilessa Pahalagama	Pilessa Pahalagama	GND	159
LK-6160100	Henepola	Henepola	GND	292
LK-6160105	Maralanda	Maralanda	GND	373
LK-6160110	Arampola	Arampola	GND	364
LK-6160115	Delgolla Watta North	Delgolla Watta North	GND	497
LK-6160120	Nawa Pothubowa	Nawa Pothubowa	GND	314
LK-6160125	Welikumbura	Welikumbura	GND	343
LK-6160130	Ilukewela North	Ilukewela North	GND	468
LK-6160135	Mawathagama	Mawathagama	GND	802
LK-6160140	Delgolla Watta South	Delgolla Watta South	GND	264
LK-6160145	Mawathagama North	Mawathagama North	GND	390
LK-6160150	Mee/ Pallegama East	Mee/Pallegama East	GND	209
LK-6160155	Bulathwatta	Bulathwatta	GND	90
LK-6160160	Rathneggama	Rathneggama	GND	170
LK-6160165	Yatiwala	Yatiwala	GND	105
LK-6160170	Mee/Pallegama West	Mee/ Pallegama West	GND	236
LK-6160175	Mee/Medagamgoda	Mee/ Medagamgoda	GND	109
LK-6160180	Mee/Wambugamgoda	Mee/ Wambugamgoda	GND	151
LK-6160185	Mawathagama West	Mawathagama West	GND	170
LK-6160190	Samodagama	Samodagama	GND	159
LK-6160195	Ilukewela South	Ilukewela South	GND	288
LK-6160200	Ihala Weligepola	Ihala Weligepola	GND	596
LK-6160205	Akade	Akade	GND	184
LK-6160210	Waraddana	Waraddana	GND	249
LK-6160215	Wadiyagoda	Wadiyagoda	GND	310
LK-6160220	Bandaragala	Bandaragala	GND	430
LK-6160225	Singhapura	Singhapura	GND	381
LK-6160230	Paragahadeniya	Paragahadeniya	GND	547
LK-6160235	Delpaddana	Delpaddana	GND	234
LK-6160240	Kotikapala	Kotikapala	GND	276
LK-6160245	Kotikapola Ihalagama	Kotikapola Ihalagama	GND	222
LK-6160250	Mawathagama South	Mawathagama South	GND	473
LK-6160255	Meddegamgoda	Meddegamgoda	GND	165
LK-6160260	Mee/Udagama	Mee/Udagama	GND	420
LK-6160265	Gonagaldeniya	Gonagaldeniya	GND	119
LK-6160270	Gonagala	Gonagala	GND	172
LK-6160275	Dunukewatta	Dunukewatta	GND	246
LK-6160280	Kalugamuwa	Kalugamuwa	GND	241
LK-6160285	Watareka	Watareka	GND	387
LK-6160290	Katugampalagedara	Katugampalagedara	GND	165
LK-6160295	Kahapathwala North	Kahapathwala North	GND	225
LK-6160300	Malandeniya	Malandeniya	GND	330
LK-6160305	Kahapathwala	Kahapathwala	GND	339
LK-6160310	Hettipola	Hettipola	GND	238
LK-6160315	Boyagoda	Boyagoda	GND	160
LK-6160320	Udakottamulla	Udakottamulla	GND	205
LK-6160325	Metibokka	Metibokka	GND	189
LK-6160330	Kossinna	Kossinna	GND	156
LK-6160335	Eriminna	Eriminna	GND	165
LK-6160340	Uda Iguruwatta	Uda Inguruwatta	GND	112
LK-6160345	Kandehena	Kandehena	GND	121
LK-6160350	Uggalpaya	Uggalpaya	GND	153
LK-6160355	Halwahala	Halwahala	GND	84
LK-6163	Rideegama	Rideegama	DSD	26848
LK-6163005	Paragaswewa	Paragaswewa	GND	138
LK-6163010	Adapola	Adapola	GND	296
LK-6163015	Udakendawala	Udakendawala	GND	254
LK-6163020	Katiyawa	Katiyawa	GND	329
LK-6163025	Udahena	Udahena	GND	228
LK-6163030	Wanduressa	Wanduressa	GND	301
LK-6163035	Meepitiya	Meepitiya	GND	174
LK-6163040	Kanugolla	Kanugolla	GND	257
LK-6163045	Koswatta	Koswatta	GND	289
LK-6163050	Dodangahakotuwa	Dodangahakotuwa	GND	101
LK-6163055	Wegama	Wegama	GND	231
LK-6163060	Gopallawa	Gopallawa	GND	223
LK-6163065	Rathvita	Rathvita	GND	213
LK-6163070	Balawattala	Balawattala	GND	506
LK-6163075	Udattapola Pahala	Udattapola Pahala	GND	260
LK-6163080	Ihala Udattapola	Ihala Udattapola	GND	230
LK-6163085	Kotuhena	Kotuhena	GND	296
LK-6163090	Kelemulla	Kelemulla	GND	211
LK-6163095	Nithulpitiya	Nithulpitiya	GND	227
LK-6163100	Kandupalatha	Kandupalatha	GND	152
LK-6163105	Diniminiyathenna	Diniminiyathenna	GND	276
LK-6163110	Minirangama	Minirangama	GND	284
LK-6163115	Alakolamada	Alakolamada	GND	220
LK-6163120	Korossa	Korossa	GND	534
LK-6163125	Dodamgasalanada	Dodamgaslanda	GND	159
LK-6163130	Kothalawalagama	Kothalawalagama	GND	325
LK-6163135	Nuwarayaya	Nuwarayaya	GND	295
LK-6163140	Lihiniwehera	Lihiniwehera	GND	563
LK-6163145	Wewegedara	Wewegedara	GND	443
LK-6163150	Rambukandana	Rambukandana	GND	432
LK-6163155	Warakawehera	Warakawehera	GND	397
LK-6163160	Rideegama	Rideegama	GND	420
LK-6163165	Madithiyawa	Madithiyawa	GND	280
LK-6163170	Thelambugalla	Thelambugalla	GND	344
LK-6163175	Reddagoda	Reddagoda	GND	248
LK-6163180	Pallehorombuwa	Pallehorombuwa	GND	279
LK-6163185	Ginihiriya	Ginihiriya	GND	334
LK-6163190	Palleyaya	Palleyaya	GND	232
LK-6163195	Kahahena	Kahahena	GND	210
LK-6163200	Udahorombuwa	Udahorombuwa	GND	174
LK-6163205	Jankure	Jankure	GND	89
LK-6163210	Rambadagalla	Rambadagalla	GND	577
LK-6163215	Nahalla	Nahalla	GND	496
LK-6163220	Olagama	Olagama	GND	164
LK-6163225	Morathiha	Morathiha	GND	291
LK-6163230	Hunugalkadulla	Hunugalkadulla	GND	319
LK-6163235	Kavisigamuwa	Kavisigamuwa	GND	336
LK-6163240	Doranepola	Doranepola	GND	131
LK-6163245	Hunupolagedara	Hunupolagedara	GND	244
LK-6163250	Kuthurumahana	Kukurumahana	GND	215
LK-6163255	Dedurunadeegama	Dedurunadeegama	GND	166
LK-6163260	Karandagolla	Karandagolla	GND	262
LK-6163265	Ambakote	Ambakote	GND	238
LK-6163270	Kosgollepola	Kosgollepola	GND	165
LK-6163275	Kandepola	Kandepola	GND	48
LK-6163280	Gabadagama	Gabadagama	GND	83
LK-6163285	Kandegedara	Kandegedara	GND	219
LK-6163290	Haliyamulla	Haliyamulla	GND	350
LK-6163295	Welikanda	Welikanda	GND	111
LK-6163300	Kithulwala	Kithulwala	GND	144
LK-6163305	Delvita	Delvita	GND	266
LK-6163310	Goraka Ela	Goraka Ela	GND	144
LK-6163315	Pallekanda	Pallekanda	GND	229
LK-6163320	Kalugahathenna	Kalugahathenna	GND	125
LK-6163325	Kiribathgalla	Kiribathgalla	GND	205
LK-6163330	Bambaragahakanda	Bambaragahakanda	GND	163
LK-6163335	Kithulgolla	Kithulgolla	GND	108
LK-6163340	Eriyagolla	Eriyagolla	GND	274
LK-6163345	Gurumada	Gurumada	GND	163
LK-6163350	Polwatta	Polwatta	GND	241
LK-6163355	Panagamuwa	Panagamuwa	GND	138
LK-6163360	Pitiyegedara	Pitiyegedara	GND	177
LK-6163365	Hadiramulla	Hadiramulla	GND	368
LK-6163370	Ogodapola	Ogodapola	GND	319
LK-6163375	Ranthetikanda	Ranthetikanda	GND	71
LK-6163380	Gonamada	Gonamada	GND	91
LK-6163385	Buluwalakanda	Buluwalakanda	GND	83
LK-6163390	Buluwala	Buluwala	GND	210
LK-6163395	Hewenpola	Hawenpola	GND	333
LK-6163400	Kongoda	Kongoda	GND	164
LK-6163405	Akkara Panaha	Akkara Panaha	GND	214
LK-6163410	Welagedara	Welagedara	GND	328
LK-6163415	Paliella	Paliella	GND	260
LK-6163420	Metiyampotha	Metiyampotha	GND	311
LK-6163425	Gonadeniya	Gonadeniya	GND	170
LK-6163430	Medakanda	Medakanda	GND	57
LK-6163435	Medagama	Medagama	GND	187
LK-6163440	Nelaulla	Nelaulla	GND	200
LK-6163445	Malbe	Malbe	GND	238
LK-6163450	Mahawela	Mahawela	GND	503
LK-6163455	Gallawa	Gallawa	GND	284
LK-6163460	Mirissala	Mirissala	GND	150
LK-6163465	Dunumawa	Dunumawa	GND	128
LK-6163470	Galbindinaela	Galbindinaela	GND	133
LK-6163475	Kosgolla	Kosgolla	GND	139
LK-6163480	Pihimbuwa	Pihimbuwa	GND	223
LK-6163485	Maspotha	Maspotha	GND	170
LK-6163490	Erepolakanda	Erepolakanda	GND	55
LK-6163495	Siyambalangamuwa	Siyambalangamuwa	GND	202
LK-6163500	Thalgaspitiya	Thalgaspitiya	GND	165
LK-6163505	Jakaduwa	Jakaduwa	GND	203
LK-6163510	Balagala	Balagala	GND	172
LK-6163515	Pussella	Pussella	GND	282
LK-6163520	Pusselikanda	Pusselikanda	GND	107
LK-6163525	Gonigoda	Gonigoda	GND	230
LK-6163530	Meeliyadda	Meeliyadda	GND	227
LK-6163535	Kanadeniyawala	Kanadeniyawala	GND	268
LK-6163540	Ganegoda	Ganegoda	GND	160
LK-6163545	Bogamuwa	Bogamuwa	GND	295
LK-6163550	Kurukeppitiya	Kurukeppitiya	GND	159
LK-6163555	Paragoda	Paragoda	GND	209
LK-6163560	Ikiriwatta	Ikiriwatta	GND	255
LK-6163565	Niyangama	Niyangama	GND	279
LK-6166	Weerabugedara	Weerambugedara	DSD	10730
LK-6166005	Lokahettiya	Lokahettiya	GND	126
LK-6166010	Medagama	Medagama	GND	306
LK-6166015	Pathinwatta	Pathinwatta	GND	219
LK-6166020	Bamunugedara	Bamunugedara	GND	203
LK-6166025	Gallehera	Gallehera	GND	189
LK-6166030	Kadadunna	Kadadunna	GND	140
LK-6166035	Weerambugedara	Weerambugedara	GND	354
LK-6166040	Gonawa	Gonawa	GND	281
LK-6166045	Yalawa	Yalawa	GND	342
LK-6166050	Madawala North	Madawala North	GND	181
LK-6166055	Sandagala South	Sandagala South	GND	235
LK-6166060	Sandagala North	Sandagala North	GND	237
LK-6166065	Damunugala	Damunugala	GND	199
LK-6166070	Piduruwella	Piduruwella	GND	519
LK-6166075	Clovis Watta	Clovis Watta	GND	361
LK-6166080	Madawala South	Madawala South	GND	264
LK-6166085	Mudunna	Mudunna	GND	244
LK-6166090	Hanwella	Hanwella	GND	241
LK-6166095	Huruggamuwa	Huruggamuwa	GND	330
LK-6166100	Ginipenda	Ginipenda	GND	252
LK-6166105	Kalugamuwa	Kalugamuwa	GND	400
LK-6166110	Yanthampola	Yanthampola	GND	142
LK-6166115	Bulupitiya	Bulupitiya	GND	268
LK-6166120	Uhumeeya	Uhumeeya	GND	434
LK-6166125	Wewelpola	Wewelpola	GND	177
LK-6166130	Ranjanagama	Ranjanagama	GND	453
LK-6166135	Kanumale	Kanumale	GND	746
LK-6166140	Godavita	Godavita	GND	304
LK-6166145	Ambahera	Ambahera	GND	362
LK-6166150	Galabadagama	Galabadagama	GND	215
LK-6166155	Dehikumbura	Dehikumbura	GND	460
LK-6166160	Poogalla	Poogalla	GND	270
LK-6166165	Udugama	Udugama	GND	173
LK-6166170	Thammita	Thammita	GND	184
LK-6166175	Parakumbura	Parakumbura	GND	308
LK-6166180	Algama	Algama	GND	227
LK-6166185	Kaduruwella	Kaduruwella	GND	165
LK-6166190	Sevendana	Sevendana	GND	219
LK-6169	Kuliyapitiya East	Kuliyapitiya East	DSD	16420
LK-6169005	Karangamuwa	Karangamuwa	GND	359
LK-6169010	Dalupothagama	Dalupothagama	GND	348
LK-6169015	Polpitiya	Polpitiya	GND	414
LK-6169020	Pothuwewa	Pothuwewa	GND	277
LK-6169025	Kotadeniyawa	Kotadeniyawa	GND	339
LK-6169030	Thelahera	Thelahera	GND	233
LK-6169035	Nettipolagedara	Nettipolagedara	GND	392
LK-6169040	Arakyala	Arakyala	GND	612
LK-6169045	Thoranegedara	Thoranegedara	GND	349
LK-6169050	Medelpola	Medelpola	GND	414
LK-6169055	Pothuhera	Pothuhera	GND	537
LK-6169060	Kekunagolla	Kekunagolla	GND	924
LK-6169065	Dehigama	Dehigama	GND	474
LK-6169070	Siyambalagaskotuwa	Siyambalagaskotuwa	GND	677
LK-6169075	Ambahenwewa	"Ambahenwewa
"	GND	418
LK-6169080	Bogamulla	Bogamulla	GND	228
LK-6169085	Andigedara	Andigedara	GND	266
LK-6169090	Karagahagedara	Karagahagedara	GND	278
LK-6169095	Bogahapitiya	Bogahapitiya	GND	292
LK-6169100	Kureekotuwa	Kureekotuwa	GND	383
LK-6169105	Alahitiyawa	Alahitiyawa	GND	385
LK-6169110	Godagama	Godagama	GND	286
LK-6169115	Thalliyadda	"Thalliyadda
"	GND	414
LK-6169120	Konduruwapola	Konduruwapola	GND	259
LK-6169125	Barigoda	Barigoda	GND	516
LK-6169130	Ganangamuwa	Ganangamuwa	GND	331
LK-6169135	Bihalpola	Bihalpola	GND	277
LK-6169140	Udagedara	Udagedara	GND	364
LK-6169145	Horombawa	Horombawa	GND	960
LK-6169150	Molligoda	Molligoda	GND	465
LK-6169155	Kosgolla	Kosgolla	GND	515
LK-6169160	Mahagama	Mahagama	GND	221
LK-6169165	Nakkawatta	Nakkawatta	GND	253
LK-6169170	Hewanellagara	Hewanellagaraya	GND	231
LK-6169175	Ihala Muruthenge	Ihala Muruthenge	GND	413
LK-6169180	Pahala Muruthenge	Pahala Muruthenge	GND	247
LK-6169185	Galgammulla	Galgammulla	GND	279
LK-6169190	Ranasgalla	Ranasgalla	GND	152
LK-6169195	Wakkunuwala	Wakkunuwala	GND	177
LK-6169200	Etampola	Etampola	GND	269
LK-6169205	Rathneheruwa	Rathneheruwa	GND	196
LK-6169210	Deekirikewa	Deekirikewa	GND	265
LK-6169215	Panavitiya	Panavitiya	GND	315
LK-6169220	Dethawa	Dethawa	GND	201
LK-6169225	Saliyala	Saliyala	GND	215
LK-6172	Kuliyapitiya West	Kuliyapitiya West	DSD	24056
LK-6172005	Katuwella	Katuwella	GND	144
LK-6172010	Pahala Elathalawa	Pahala Elathalawa	GND	436
LK-6172015	Mawela	Mawela	GND	147
LK-6172020	Koshena	Koshena	GND	439
LK-6172025	Pahala Galpola	Pahala Galpola	GND	417
LK-6172030	Ihala Galpola	Ihala Galpola	GND	288
LK-6172035	Ihala Elathalawa	Ihala Elathalawa	GND	313
LK-6172040	Deegalla	Deegalla	GND	512
LK-6172045	Ihala Embawa	Ihala Embawa	GND	438
LK-6172050	Kabalewa	Kabalewa	GND	700
LK-6172055	Dikhera	Dikhera	GND	333
LK-6172060	Ilukhena	Ilukhena	GND	429
LK-6172065	Kumbalwala	Kumbalwala	GND	326
LK-6172070	Pallewela	Pallewela	GND	414
LK-6172075	Pahala Weerambuwa	Pahala Weerambuwa	GND	339
LK-6172080	Ihala Weerambuwa	Ihala Weerambuwa	GND	546
LK-6172085	Kurudelpotha	Kurudelpotha	GND	313
LK-6172090	Thabbomulla	Thabbomulla	GND	462
LK-6172095	Meegahakotuwa	Meegahakotuwa	GND	592
LK-6172100	Kuliyapitiya Town	Kuliyapitiya Town	GND	485
LK-6172105	Embawa	Embawa	GND	317
LK-6172110	Pahala Embawa	Pahala Embawa	GND	430
LK-6172115	Pahala Piduma	Pahala Piduma	GND	399
LK-6172120	Esseddama	Assedduma	GND	311
LK-6172125	Kongahagedara	Kongahagedara	GND	325
LK-6172130	Thummodara	Thummodara	GND	552
LK-6172135	Ihala Piduma	Ihala Piduma	GND	199
LK-6172140	Henegedara	Henegedara	GND	563
LK-6172145	Delana	Delana	GND	390
LK-6172150	Mookalanyaya	Mookalanyaya	GND	390
LK-6172155	Kirindawa	Kirindawa	GND	312
LK-6172160	Anukkane	Anukkane	GND	301
LK-6172165	Beminigalla	Beminigalla	GND	292
LK-6172170	Kumbukkotuwa	Kumbukkotuwa	GND	304
LK-6172175	Wahumuwa	Wahumuwa	GND	424
LK-6172180	Unaleeya	Unaleeya	GND	447
LK-6172185	Kithalawa	Kithalawa	GND	397
LK-6172190	Yakarawatta	Yakarawatta	GND	342
LK-6172195	Bohingamuwa	Bohingamuwa	GND	388
LK-6172200	Haggamuwa	Haggamuwa	GND	208
LK-6172205	Galahitiyawa	Galahitiyawa	GND	666
LK-6172210	Dandagamuwa East	Dandagamuwa East	GND	367
LK-6172215	Dandagamuwa West	Dandagamuwa West	GND	356
LK-6172220	Pahala Kalugamuwa	Pahala Kalugamuwa	GND	373
LK-6172225	Mahimpitiya	Mahimpitiya	GND	299
LK-6172230	Madakumburumulla	Madakumburumulla	GND	405
LK-6172235	Thalahitimulla	Thalahitimulla	GND	218
LK-6172240	Weralugama	Weralugama	GND	398
LK-6172245	Ihala Kalugamuwa	Ihala Kalugamuwa	GND	497
LK-6172250	Hammalawa	Hammalawa	GND	321
LK-6172255	Galagedara	Galagedara	GND	130
LK-6172260	Pitadeniya	Pitadeniya	GND	180
LK-6172265	Diyadora	Diyadora	GND	279
LK-6172270	Inguruwatta	Inguruwatta	GND	474
LK-6172275	Diyadora Ihala Watta	Diyadora Ihala Watta	GND	416
LK-6172280	Narangalla	Narangalla	GND	468
LK-6172285	Wadugedara	Wadugedara	GND	171
LK-6172290	Kongolla	Kongolla	GND	307
LK-6172295	Ihala Ennaruwa	Ihala Ennaruwa	GND	204
LK-6172300	Deeyawala	Deeyawala	GND	229
LK-6172305	Udihitimulla	Udihitimulla	GND	162
LK-6172310	Ketawalegedara	Ketawalegedara	GND	184
LK-6172315	Eluwapola	Eluwapola	GND	225
LK-6172320	Kandegedara	Kandegedara	GND	211
LK-6172325	Katuwattewela	Katuwattewela	GND	364
LK-6172330	Edandewela	Edandewela	GND	179
LK-6172335	Wewagama	Wewagama	GND	271
LK-6172340	Degammeda	Degammeda	GND	338
LK-6175	Udubaddawa	Udubaddawa	DSD	15815
LK-6175005	Ihala Weerakodiyana	Ihala Weerakodiyana	GND	298
LK-6175010	Kovulwewa	Kovulwewa	GND	345
LK-6175015	Pahala Weerakodiyana	Pahala Weerakodiyana	GND	325
LK-6175020	Rantetiyawa	Ranthetiyawa	GND	215
LK-6175025	Wathuwatta	Wathuwatta	GND	295
LK-6175030	Habarawewa	Habarawewa	GND	297
LK-6175035	Kekunawala	Kekunawala	GND	502
LK-6175040	Kandayaya	Kandayaya	GND	239
LK-6175045	Kappangamuwa	Kappangamuwa	GND	404
LK-6175050	Kahadenigama	Kahadenigama	GND	226
LK-6175055	Divurumpola	Divurumpola	GND	358
LK-6175060	Pahala Yagamwela	Pahala Yagamwela	GND	478
LK-6175065	Ihala Yagamwela	Ihala Yagamwela	GND	307
LK-6175070	Gahalagaswala	Gahalagaswala	GND	324
LK-6175075	Siyambalagasruppa East	Siyambalagasruppa East	GND	326
LK-6175080	Siyambalagasruppa West	Siyambalagasruppa West	GND	712
LK-6175085	Dummalasooriya	Dummalasooriya	GND	214
LK-6175090	Thunthota	Thunthota	GND	220
LK-6175095	Kattimahana	Kattimahana	GND	293
LK-6175100	Palugamuwa	Palugamuwa	GND	482
LK-6175105	Karandavila	Karandavila	GND	319
LK-6175110	Bunnehepola	Bunnehepola	GND	718
LK-6175115	Ihalagama North	Ihalagama North	GND	295
LK-6175120	Paranagama	Paranagama	GND	372
LK-6175125	Pahalagama	Pahalagama	GND	404
LK-6175130	Ihalagama South	Ihalagama South	GND	343
LK-6175135	Mahaagara	Mahaagara	GND	633
LK-6175140	Henegedara	Henegedara	GND	317
LK-6175145	Kanubichchiya	Kanubichchiya	GND	290
LK-6175150	Polgaha Agara	Polgaha Agara	GND	217
LK-6175155	Dunakadeniya North	Dunakadeniya North	GND	451
LK-6175160	Udadeniya	Udadeniya	GND	334
LK-6175165	Meegahapelessa	Meegahapelessa	GND	431
LK-6175170	Bibiladeniya	Bibiladeniya	GND	614
LK-6175175	Ammanamulla	Ammanamulla	GND	263
LK-6175180	Walpitagama	Walpitagama	GND	336
LK-6175185	Horathepola	Horathepola	GND	455
LK-6175190	Nawasigahawatta	Nawasigahawatta	GND	385
LK-6175195	Kootharippuwa	Kootharippuwa	GND	283
LK-6175200	Dunakadeniya South	Dunakadeniya South	GND	523
LK-6175205	Kumbukgahamulla	Kumbukgahamulla	GND	298
LK-6175210	Ilippugamuwa	Ilippugamuwa	GND	394
LK-6175215	Kumara Udawela	Kumara Udawela	GND	280
LK-6178	Pannala	Pannala	DSD	38853
LK-6178005	Gallehemulla	Gallehemulla	GND	333
LK-6178010	Nabirittankadawara	Nabirittankadawara	GND	667
LK-6178015	Udugama	Udugama	GND	450
LK-6178020	Pethigodagedara	Pethigodagedara	GND	456
LK-6178025	Eriyagolla	Eriyagolla	GND	835
LK-6178030	Yatattawala	Yatattawala	GND	335
LK-6178035	Thelambugammana	Thelambugammana	GND	333
LK-6178040	Ingaradavula	Ingaradavula	GND	327
LK-6178045	Mohottawa	Mohottawa	GND	284
LK-6178050	Batapotha Ela	Batapotha Ela	GND	405
LK-6178055	Katugampala	Katugampala	GND	464
LK-6178060	Hamanagoda	Hamanagoda	GND	242
LK-6178065	Mummana	Mummana	GND	392
LK-6178070	Wattegedara	Wattegedara	GND	334
LK-6178075	Wettewa	Wettewa	GND	397
LK-6178080	Kavudumunna	Kavudumunna	GND	461
LK-6178085	Hamangalla	Hamangalla	GND	379
LK-6178090	Narangoda South	Narangoda South	GND	285
LK-6178095	Narangoda North	Narangoda North	GND	435
LK-6178100	Erepola	Erepola	GND	463
LK-6178105	Madigepola	Madigepola	GND	224
LK-6178110	Hengawa	Hengawa	GND	367
LK-6178115	Paragammana	Paragammana	GND	491
LK-6178120	Nedalagamuwa North	Nedalagamuwa North	GND	481
LK-6178125	Nedalagamuwa South	Nedalagamuwa South	GND	506
LK-6178130	Yayamulla	Yayamulla	GND	302
LK-6178135	Raddalana	Raddalana	GND	339
LK-6178140	Waguruwela	Waguruwela	GND	253
LK-6178145	Muthugalayagama	Mutugalayayagama	GND	463
LK-6178150	Kandepola	Kandepola	GND	437
LK-6178155	Hundirapola	Hundirapola	GND	449
LK-6178160	Welpalla	Welpalla	GND	359
LK-6178165	Daraluwa	Daraluwa	GND	574
LK-6178170	Hunuvila	Hunuvila	GND	330
LK-6178175	Kongoda	Kongoda	GND	285
LK-6178180	Werahera	Werahera	GND	493
LK-6178185	Bowatta	Bowatta	GND	421
LK-6178190	Koodalupotta	Koodalupotta	GND	568
LK-6178195	Bammanna	Bammanna	GND	500
LK-6178200	Kadirapola	Kadirapola	GND	308
LK-6178205	Mahingamuwa	Mahingamuwa	GND	518
LK-6178210	Dodampotta	Dodampotta	GND	278
LK-6178215	Konduruwawela	Konduruwawela	GND	345
LK-6178220	Meddepola Pahala	Meddepola Pahala	GND	401
LK-6178225	Maharagama	Maharagama	GND	635
LK-6178230	Meddepola Ihala	Meddepola Ihala	GND	222
LK-6178235	Siyambalawalana	Siyambalawalana	GND	203
LK-6178240	Ihala Labbala	Ihala Labbala	GND	242
LK-6178245	Ihala Kotuwella	Ihala Kotuwella	GND	347
LK-6178250	Horawadunna	Horawadunna	GND	482
LK-6178255	Elabadagama East	Elabadagama East	GND	863
LK-6178260	Elabadagama North	Elabadagama North	GND	654
LK-6178265	Elabadagama West	Elabadagama West	GND	754
LK-6178270	Mookalana	Mookalana	GND	250
LK-6178275	Makandura Ihala	Makandura Ihala	GND	857
LK-6178280	Elivila	Elivila	GND	377
LK-6178285	Gonulla East	Gonulla East	GND	336
LK-6178290	Indivinna	Indivinna	GND	469
LK-6178295	Hettirippuwa	Hettirippuwa	GND	327
LK-6178300	Villiyagama	Villiyagama	GND	307
LK-6178305	Gonulla West	Gonulla West	GND	460
LK-6178310	Irabadagama	Irabadagama	GND	646
LK-6178315	Wetakeyawa	Wetakeyawa	GND	518
LK-6178320	Makandura Pahala	Makandura Pahala	GND	463
LK-6178325	Panwalakumbura	Panwalakumbura	GND	524
LK-6178330	Hendiyagala	Hendiyagala	GND	733
LK-6178335	Sandalankawa	Sandalankawa	GND	588
LK-6178340	Thambakanda	Thambakanda	GND	341
LK-6178345	Nalawalana	Nalawalana	GND	583
LK-6178350	Medirivila	Medirivila	GND	408
LK-6178355	Pahala Galayaya	Pahala Galayaya	GND	605
LK-6178360	Ihala Galayaya	Ihala Galayaya	GND	421
LK-6178365	Pannala	Pannala	GND	618
LK-6178370	Kekillapitiya	Kekillapitiya	GND	456
LK-6178375	Maholawa	Maholawa	GND	640
LK-6178380	Thalammehera	Thalammehera	GND	724
LK-6178385	Badabedda	Badabedda	GND	678
LK-6178390	Kohombapola	Kohombapola	GND	322
LK-6178395	Elibichchiya	Elibichchiya	GND	310
LK-6178400	Mellawalana	Mellawalana	GND	483
LK-6178405	Pahala Labbala	Pahala Labbala	GND	316
LK-6178410	Bopitiya	Bopitiya	GND	602
LK-6178415	Balawala	Balawala	GND	366
LK-6178420	Mattegama	Mattegama	GND	468
LK-6178425	Wellewa	Wellewa	GND	574
LK-6178430	Narangamuwa	Narangamuwa	GND	337
LK-6178435	Malgamuwa	Malgamuwa	GND	375
LK-6181	Narammala	Narammala	DSD	17026
LK-6181005	Pahamune	Pahamune	GND	413
LK-6181010	Kadahapola	Kadahapola	GND	520
LK-6181015	Penthenigoda	Penthenigoda	GND	429
LK-6181020	Ganegoda	Ganegoda	GND	157
LK-6181025	Meewewa	Meewewa	GND	221
LK-6181030	Dangolla	Dangolla	GND	297
LK-6181035	Meewewa/ Bemmullegedara	Meewewa / Bemmullegedara	GND	246
LK-6181040	Puwakgahakotuwa	Puwakgahakotuwa	GND	215
LK-6181045	Polgahayaya	Polgahayaya	GND	415
LK-6181050	Ginigathpitiya	Ginigathpitiya	GND	361
LK-6181055	Dambagirigama East	Dambagirigama East	GND	356
LK-6181060	Medagoda	Medagoda	GND	245
LK-6181065	Dambagirigama West	Dambagirigama West	GND	305
LK-6181070	Narammala	Narammala	GND	550
LK-6181075	Ranawatta	Ranawatta	GND	304
LK-6181080	Senanayaka Colony	Senanayaka Colony	GND	157
LK-6181085	Kottapitiya	Kottapitiya	GND	153
LK-6181090	Ambagammana	Ambagammana	GND	258
LK-6181095	Yakkavita	Yakkavita	GND	191
LK-6181100	Halwella	Halwella	GND	780
LK-6181105	Rammuthugala	Rammuthugala	GND	191
LK-6181110	Welikumbura	Welikumbura	GND	288
LK-6181115	Dampelessa	Dampelessa	GND	316
LK-6181120	Kivulegedara	Kivulegedara	GND	379
LK-6181125	Polwattegedara	Polwattegedara	GND	274
LK-6181130	Karalappala	Karalappala	GND	178
LK-6181135	Embalapola	Embalapola	GND	120
LK-6181140	Weragala	Weragala	GND	243
LK-6181145	Rangallepola	Rangallepola	GND	221
LK-6181150	Nakalagamuwa	Nakalagamuwa	GND	174
LK-6181155	Godakooruwa	Godakooruwa	GND	283
LK-6181160	Kivulgalla	Kivulgalla	GND	715
LK-6181165	Eriyagolla	Eriyagolla	GND	211
LK-6181170	Metiyagane West	Metiyagane West	GND	201
LK-6181175	Maravita	Maravita	GND	415
LK-6181180	Muthugala East	Muthugala East	GND	314
LK-6181185	Metiyagane East	Metiyagane East	GND	335
LK-6181190	Kasungama	Kasungama	GND	324
LK-6181195	Pelawatta	Pelawatta	GND	315
LK-6181200	Pothupitiya	Pothupitiya	GND	256
LK-6181205	Muthugala West	Muthugala West	GND	250
LK-6181210	Dambadeniya South	Dambadeniya South	GND	563
LK-6181215	Dambadeniya North	Dambadeniya North	GND	185
LK-6181220	Udawelawatta	Udawelawatta	GND	263
LK-6181225	Riligala	Riligala	GND	536
LK-6181230	Athuruwala	Athuruwala	GND	550
LK-6181235	Puskoladeniya	Puskoladeniya	GND	322
LK-6181240	Delikanu Anga	Delikanu Anga	GND	246
LK-6181245	Kudagammana	Kudagammana	GND	388
LK-6181250	Riloluwa	Riloluwa	GND	218
LK-6181255	Handapangala	Handapangala	GND	277
LK-6181260	Paranagama	Paranagama	GND	199
LK-6181265	Marandagolla	Maradagolla	GND	430
LK-6181270	Epaladeniya	Epaladeniya	GND	273
LK-6184	Alawwa	Alawwa	DSD	19020
LK-6184005	Vilgamuwa	Vilgamuwa	GND	235
LK-6184010	Vilgamuwa Watta	Vilgamuwa Watta	GND	182
LK-6184015	Wennoruwa West	Wennoruwa West	GND	261
LK-6184020	Wennoruwa East	Wennoruwa East	GND	308
LK-6184025	Damunupola	Damunupola	GND	203
LK-6184030	Pannala	Pannala	GND	298
LK-6184035	Nungamuwa Pahala	Nungamuwa Pahala	GND	211
LK-6184040	Wadawa	Wadawa	GND	247
LK-6184045	Nungamuwa Ihala	Nungamuwa Ihala	GND	185
LK-6184050	Dehelgamuwa	Dehelgamuwa	GND	196
LK-6184055	Ihala Wettewa	Ihala Wettewa	GND	256
LK-6184060	Kiriwanapola	Kiriwanapola	GND	281
LK-6184065	Kandegedara South	Kandegedara South	GND	220
LK-6184070	Welikare	Welikare	GND	238
LK-6184075	Galgamuwa North	Galgamuwa North	GND	265
LK-6184080	Galgamuwa South	Galgamuwa South	GND	229
LK-6184085	Pangolla	Pangolla	GND	230
LK-6184090	Kandegedara North	Kandegedara North	GND	269
LK-6184095	Divulgahakotuwa	Divulgahakotuwa	GND	203
LK-6184100	Waduwawa	Waduwawa	GND	435
LK-6184105	Lewdeniya	Lewdeniya	GND	226
LK-6184110	Poramadala	Poramadala	GND	339
LK-6184115	Galatharaya	Galatharaya	GND	142
LK-6184120	Hinnarapola	Hinnarapola	GND	192
LK-6184125	Nugawela	Nugawela	GND	434
LK-6184130	Maharachchimulla	Maharachchimulla	GND	222
LK-6184135	Pahala Kalalpitiya	Pahala Kalalpitiya	GND	332
LK-6184140	Henduwawa	Henduwawa	GND	226
LK-6184145	Kendagolla	Kendagolla	GND	228
LK-6184150	Boyawalana	Boyawalana	GND	231
LK-6184155	Henduwawa Colony	Henduwawa Colony	GND	336
LK-6184160	Ihala Kalalpitiya	Ihala Kalalpitiya	GND	218
LK-6184165	Medagampola	Medagampola	GND	292
LK-6184170	Maldeniya	Maldeniya	GND	178
LK-6184175	Koholana	Koholana	GND	520
LK-6184180	Ihala Walakumbura	Ihala Walakumbura	GND	364
LK-6184185	Yatigaloluwa	Yatigaloluwa	GND	319
LK-6184190	Pahala Walakumbura	Pahala Walakumbura	GND	327
LK-6184195	Alawwa South	Alawwa South	GND	618
LK-6184200	Alawwa North	Alawwa North	GND	582
LK-6184205	Kebellavita	Kebellavita	GND	207
LK-6184210	Humbuluwa East	Humbuluwa East	GND	378
LK-6184215	Humbuluwa West	Humbuluwa West	GND	504
LK-6184220	Imbulgoda	Imbulgoda	GND	184
LK-6184225	Keppitiwalana	Keppitiwalana	GND	414
LK-6184230	Madawala	Madawala	GND	269
LK-6184235	Othara Kiruwampola	Othara Kiruwampola	GND	205
LK-6184240	Nebadawathura	Nebadawathura	GND	259
LK-6184245	Galdeniya	Galdeniya	GND	151
LK-6184250	Kanameewala	Kanameewala	GND	201
LK-6184255	Wedeniya	Wedeniya	GND	246
LK-6184260	Nawathalwatta	Nawathalwatta	GND	388
LK-6184265	Thumbulla	Thumbulla	GND	432
LK-6184270	Abbowa	Abbowa	GND	647
LK-6184275	Paramaulla	Paramaulla	GND	497
LK-6184280	Galpottepola	Galpottepola	GND	267
LK-6184285	Miriheliya	Miriheliya	GND	346
LK-6184290	Pallemorugama	Pallemorugama	GND	178
LK-6184295	Udakekulawala	Udakekulawala	GND	217
LK-6184300	Udagankanda	Udagankanda	GND	297
LK-6184305	Wewala	Wewala	GND	252
LK-6184310	Pallekekulawala	Pallekekulawala	GND	205
LK-6184315	Yattalgoda	Yattalgoda	GND	190
LK-6184320	Bowala	Bowala	GND	270
LK-6184325	Bujjomuwa	Bujjomuwa	GND	334
LK-6184330	Kendahena	Kendahena	GND	204
LK-6187	Polgahawela	Polgahawela	DSD	18944
LK-6187005	Ahugoda East	Ahugoda East	GND	298
LK-6187010	Amunugama	Amunugama	GND	297
LK-6187015	Gammana	Gammana	GND	205
LK-6187020	Pothuhera East	Pothuhera East	GND	212
LK-6187025	Pothuhera West	Pothuhera West	GND	392
LK-6187030	Ahugoda Meda	Ahugoda Meda	GND	171
LK-6187035	Ahugoda West	Ahugoda West	GND	175
LK-6187040	Mahapitiya	Mahapitiya	GND	161
LK-6187045	Dewategedara	Dewate Gedara	GND	69
LK-6187050	Hiripathwella	Hiripathwella	GND	222
LK-6187055	Ginneriya	Ginneriya	GND	111
LK-6187060	Wadakada	Wadakada	GND	217
LK-6187065	Habarawa	Habarawa	GND	153
LK-6187070	Embalawatta	Embalawatta	GND	116
LK-6187075	Lihinigiriya	Lihinigiriya	GND	141
LK-6187080	Medalassa Kalugamuwa	Medalassa Kalugamuwa	GND	126
LK-6187085	Yatihena	Yatihena	GND	102
LK-6187090	Maningamuwa	Maningamuwa	GND	142
LK-6187095	Mawathagama	Mawathagama	GND	155
LK-6187100	Mandawela	Mandawela	GND	160
LK-6187105	Kureepotta	Kureepotta	GND	207
LK-6187110	Arambepola	Arambepola	GND	202
LK-6187115	Handugala	Handugala	GND	367
LK-6187120	Bevilgamuwa East	Bevilgamuwa East	GND	276
LK-6187125	Bevilgamuwa West	Bevilgamuwa West	GND	120
LK-6187130	Thiyador Watta	Thiyador Watta	GND	166
LK-6187135	Dembegoda	Dembegoda	GND	129
LK-6187140	Imbulana	Imbulana	GND	153
LK-6187145	Kebilittawala	Kebilittawala	GND	192
LK-6187150	Egalla	Egalla	GND	293
LK-6187155	Gallenamulla	Gallenamulla	GND	206
LK-6187160	Udapola	Udapola	GND	182
LK-6187165	Kaluhendiwala	Kaluhendiwala	GND	101
LK-6187170	Thalawattegedara	Thalawattegedara	GND	215
LK-6187175	Kolambalamulla	Kolambalamulla	GND	121
LK-6187180	Parabevila	Parabevila	GND	397
LK-6187185	Koradoluwa	Koradoluwa	GND	217
LK-6187190	Walagammulla	Walagammulla	GND	198
LK-6187195	Kendahena	Kendahena	GND	97
LK-6187200	Polpitiya North	Polpitiya North	GND	112
LK-6187205	Poojapitiya	Poojapitiya	GND	80
LK-6187210	Polambe	Polambe	GND	81
LK-6187215	Hondella	Hondella	GND	322
LK-6187220	Imbulgoda	Imbulgoda	GND	190
LK-6187225	Barahelagamuwa	Barahelagamuwa	GND	175
LK-6187230	Dewalepola	Dewalepola	GND	234
LK-6187235	Ihala Udapola	Ihala Udapola	GND	140
LK-6187240	Divulkumbura	Divulkumbura	GND	157
LK-6187245	Bandawa	Bandawa	GND	613
LK-6187250	Hathalispahuwa	Hathalispahuwa	GND	140
LK-6187255	Rathmalgoda	Rathmalgoda	GND	276
LK-6187260	Kollura	Kollura	GND	152
LK-6187265	Wellewa	Wellewa	GND	305
LK-6187270	Polpitiya South	Polpitiya South	GND	161
LK-6187275	Nahakotamada	Nahakotamada	GND	115
LK-6187280	Aragoda	Aragoda	GND	240
LK-6187285	Sunilagama	Sunilagama	GND	203
LK-6187290	Denagamuwa	Denagamuwa	GND	469
LK-6187295	Madalagama	Madalagama	GND	255
LK-6187300	Godawela	Godawela	GND	194
LK-6187305	Kotambule	Kotambule	GND	201
LK-6187310	Mawatta	Mawatta	GND	218
LK-6187315	Weeragala	Weeragala	GND	138
LK-6187320	Yogamuwakanda	Yogamuwakanda	GND	114
LK-6187325	Epakanda	Epakanda	GND	345
LK-6187330	Ganegoda North	Ganegoda North	GND	169
LK-6187335	Delgolla	Delgolla	GND	268
LK-6187340	Gorokgahapotta	Gorokgahapotta	GND	204
LK-6187345	Godigamuwa	Godigamuwa	GND	298
LK-6187350	Udukedeniya	Udukedeniya	GND	271
LK-6187355	Panaliya North	Panaliya North	GND	261
LK-6187360	Tenpana	Tenpana	GND	291
LK-6187365	Kuleepitiya North	Kuleepitiya North	GND	235
LK-6187370	Ganegoda South	Ganegoda South	GND	264
LK-6187375	Polgahawela North	Polgahawela North	GND	352
LK-6187380	Meddalanda	Meddalanda	GND	373
LK-6187385	Morugama	Morugama	GND	312
LK-6187390	Galbadagama	Galbadagama	GND	196
LK-6187395	Weligodapitiya	Weligodapitiya	GND	304
LK-6187400	Polgahawela South	Polgahawela South	GND	475
LK-6187405	Kuleepitiya South	Kuleepitiya South	GND	318
LK-6187410	Serapees Watta	Serapees Watta	GND	326
LK-6187415	Panaliya South	Panaliya South	GND	250
LK-6187420	Oruliyadda	Oruliyadda	GND	683
LK-62	Puttalam	Puttalam	DISTRICT	231494
LK-6203	Kalpitiya	Kalpitiya	DSD	24165
LK-6203005	Duechbay	Dutchbay	GND	349
LK-6203010	Palliyawatta	Palliyawatta	GND	180
LK-6203015	Anawasala	Anawasala	GND	951
LK-6203020	Sinnakudirippu	Sinnakudirippu	GND	269
LK-6203025	Wanni Mundalama	Wanni Mundalama	GND	644
LK-6203030	Mandalakudawa	Mandalakudawa	GND	1587
LK-6203035	Periyakudirippu	Periyakudirippu	GND	252
LK-6203040	Pudukudirippuwa	Pudukudirippuwa	GND	544
LK-6203045	Kandakuliya Kudawa	Kandakuliya Kudawa	GND	181
LK-6203050	Kurinjipitiya North	Kurinjipitiya North	GND	693
LK-6203055	Kurinjipitiya South	Kurinjipitiya South	GND	653
LK-6203060	Kandakuliya	Kandakuliya	GND	1301
LK-6203065	Palliwasalthure	Palliwasalthure	GND	1000
LK-6203070	Musalpitiya	Musalpitiya	GND	648
LK-6203075	Mudalappaliya	Mudalappaliya	GND	1035
LK-6203080	Thalavila East	Thalavila East	GND	543
LK-6203085	Thalavila West	Thalavila West	GND	384
LK-6203090	Palakudawa	Palakudawa	GND	745
LK-6203095	Thigali	Thigali	GND	695
LK-6203100	Ettala	Ettala	GND	1023
LK-6203105	Andankanniya	Andankanniya	GND	366
LK-6203110	Alankudawa	Alankudawa	GND	1823
LK-6203115	Norochchola	Norochchola	GND	1825
LK-6203120	Paniyadiya	Paniyadiya	GND	763
LK-6203125	Narakkalliya	Narakkalliya	GND	441
LK-6203130	Mampuriya	Mampuriya	GND	844
LK-6203135	Nawakkaduwa	Nawakkaduwa	GND	537
LK-6203140	Nirmalapura	Nirmalapura	GND	670
LK-6203145	Daluwa	Daluwa	GND	362
LK-6203150	Thethapola	Thethapola	GND	594
LK-6203155	Karamba	Karamba	GND	2263
LK-6206	Vanathavilluwa	Vanathawilluwa	DSD	5846
LK-6206005	Pukkulama	Pukkulama	GND	41
LK-6206010	Ralmaduwa	Ralmaduwa	GND	334
LK-6206015	Parana Eluwankulama	Parana Eluwankulama	GND	52
LK-6206020	Aluth Eluwankulama	Aluth Eluwankulama	GND	335
LK-6206025	Serakkuliya	Serakkuliya	GND	456
LK-6206030	Karathivu North	Karathivu North	GND	666
LK-6206035	Karathivu South	Karathivu South	GND	325
LK-6206040	Mangala Pura	Mangalapura	GND	345
LK-6206045	Bandaranayakapura	Bandaranayakapura	GND	340
LK-6206050	Vanathavilluwa North	Vanathawilluwa North	GND	303
LK-6206055	Vanathavilluwa South	Vanathawilluwa South	GND	439
LK-6206060	Wijayapura West	Wijayapura West	GND	282
LK-6206065	Wijayapura East	Wijayapura East	GND	259
LK-6206070	Karadipuwal	Karadipuwal	GND	175
LK-6206075	Samagipura	Samagipura	GND	322
LK-6206080	Vattakandal	Vattakandal	GND	865
LK-6206085	Mailankulama	Mailankulama	GND	307
LK-6209	Karuwalagaswewa	Karuwalagaswewa	DSD	7941
LK-6209005	Pahala Puliyankulama	Pahala Puliyankulama	GND	337
LK-6209010	Moonamalgaswewa	Moonamalgaswewa	GND	311
LK-6209015	Saliyawewa	Saliyawewa	GND	654
LK-6209020	Ranawarapitiya	Ranawarapitiya	GND	191
LK-6209025	Saliyawewa C	Saliyawewa - C	GND	253
LK-6209030	Saliyawewa B	Saliyawewa - B	GND	197
LK-6209035	Palugassegama	Palugassegama	GND	397
LK-6209040	Ihala Puliyankulama	Ihala Puliyankulama	GND	216
LK-6209045	Thambapanniya	Thambapanniya	GND	253
LK-6209050	Medagama	Medagama	GND	236
LK-6209055	Aluthgama	Aluthgama	GND	516
LK-6209060	Weerapura	Weerapura	GND	518
LK-6209065	Dangaswewa	Dangaswewa	GND	234
LK-6209070	Ipalogama	Ipalogama	GND	245
LK-6209075	Kumbukwewa	Kumbukwewa	GND	258
LK-6209080	Rambawewa	Rambawewa	GND	255
LK-6209085	Pahariya	Pahariya	GND	215
LK-6209090	Murukkuwatawana	Murukkuwatawana	GND	222
LK-6209095	Thabbowa South	Thabbowa South	GND	529
LK-6209100	Thabbowa North	Thabbowa North	GND	164
LK-6209105	Thewanuwara	Thewanuwara	GND	297
LK-6209110	Pawattamaduwa	Pawattamaduwa	GND	226
LK-6209115	Karuwalagaswewa	Karuwalagaswewa	GND	431
LK-6209120	Kuda Medawachchiya	Kuda Medawachchiya	GND	145
LK-6209125	Paleegama	Paleegama	GND	367
LK-6209130	Egodapitiya	Egodapitiya	GND	274
LK-6212	Nawagattegama	Nawagattegama	DSD	5271
LK-6212005	Mahameddewa	Mahameddewa	GND	391
LK-6212010	Moragahawewa	Moragahawewa	GND	200
LK-6212015	Maha Andarawewa	Maha Andarawewa	GND	220
LK-6212020	Kirimetiyawa	Kirimetiyawa	GND	456
LK-6212025	Miyellewa	Miyellewa	GND	399
LK-6212030	Thammennawetiya	Thammennawetiya	GND	250
LK-6212035	Samurdhigama	Samurdhigama	GND	206
LK-6212040	Amunuwewa	Amunuwewa	GND	124
LK-6212045	Kuruluwewa	Kuruluwewa	GND	231
LK-6212050	Tharanagahawewa	Tharanagahawewa	GND	181
LK-6212055	Kelewewa	Kelewewa	GND	201
LK-6212060	Welewewa North	Welewewa North	GND	277
LK-6212065	Mullegama	Mullegama	GND	343
LK-6212070	Welewewa South	Welewewa South	GND	295
LK-6212075	Gedarawewa	Gedarawewa	GND	155
LK-6212080	Rambakanayagama	Rambakanayagama	GND	359
LK-6212085	Inginimitiya East	Inginimitiya East	GND	322
LK-6212090	Inginimitiya West	Inginimitiya West	GND	356
LK-6212095	Konkadawala	Konkadawala	GND	305
LK-6215	Puttalam	Puttalam	DSD	23692
LK-6215005	Manalthivu	Manalthivu	GND	1998
LK-6215010	Sirambiadiya	Sirambiadiya	GND	753
LK-6215015	Sella Kandal	Sella Kandal	GND	292
LK-6215020	Nelumwewa	Nelumwewa	GND	392
LK-6215025	Marikkar Street	Marikkar Street	GND	867
LK-6215030	Mullipuram	Mullipuram	GND	1209
LK-6215035	Pudukudirippuwa	Pudukudirippuwa	GND	1548
LK-6215040	Puttalam East	Puttalam East	GND	3993
LK-6215045	Senakudirippuwa	Senakudirippuwa	GND	1532
LK-6215050	Thiladiya	Thiladiya	GND	2833
LK-6215055	Puttalam South	Puttalam South	GND	852
LK-6215060	Parana Jumma Palli	Parana Jumma Palli	GND	360
LK-6215065	Puttalam North	Puttalam North	GND	423
LK-6215070	Periyapalli Kudiyiruppuwa	Periyapalli Kudiyiruppuwa	GND	125
LK-6215075	Rathmalyaya	Rathmalyaya	GND	1908
LK-6215080	Thammennagama	Thammannagama	GND	324
LK-6215085	Kaladiya	Kaladiya	GND	523
LK-6215090	Bodhirajapura	Bodhirajapura	GND	268
LK-6215095	Attavilluwa	Attavilluwa	GND	318
LK-6215100	Palaviya	Palaviya	GND	1058
LK-6215105	Pottuvilluwa	Pottuvilluwa	GND	1508
LK-6215110	Attavilluwa Central	Attavilluwa Central	GND	608
LK-6218	Mundel	Mundel	DSD	18707
LK-6218005	Puludiviyal	Puludiviyal	GND	830
LK-6218010	Viruthodai	Viruthodai	GND	936
LK-6218015	Weerapura	Weerapura	GND	1181
LK-6218020	Welusumanapura	Welusumanapura	GND	765
LK-6218025	Madurankuliya	Madurankuliya	GND	931
LK-6218030	Kanamulla North	Kanamulla North	GND	536
LK-6218035	Kadayamotte	Kadayamotte	GND	527
LK-6218040	Nallandaluwa	Nallandaluwa	GND	487
LK-6218045	Palasola	Palasola	GND	739
LK-6218050	Mukkuthoduwawa	Mukkuthoduwawa	GND	1020
LK-6218055	Kandathoduwawa	Kandathoduwawa	GND	457
LK-6218060	Kanamulla South	Kanamulla South	GND	464
LK-6218065	Pubudugama	Pubudugama	GND	352
LK-6218070	Sameeragama	Sameeragama	GND	376
LK-6218075	Palliwasalpaduwa	Palliwasalpaduwa	GND	597
LK-6218080	Perukkuvattan	Perukkuwattan	GND	475
LK-6218085	Kottanthievu	Kottanthievu	GND	623
LK-6218090	Mangalaeliya	Mangalaeliya	GND	409
LK-6218095	Nawadankulama	Nawadankulama	GND	245
LK-6218100	Mundalama	Mundalama	GND	291
LK-6218105	Kudirippuwa	Kudirippuwa	GND	325
LK-6218110	Kattakaduwa	Kattakaduwa	GND	644
LK-6218115	Sinnapaduwa	Sinnapaduwa	GND	468
LK-6218120	Poonapitiya	Poonapitiya	GND	451
LK-6218125	Andimunai	Andimunai	GND	677
LK-6218130	Udappuwa	Udappuwa	GND	258
LK-6218135	Udappuwa	Udappuwa	GND	744
LK-6218140	Pulichchakulama	Pulichchakulama	GND	1313
LK-6218145	Karathanvilluwa	Karathanvilluwa	GND	507
LK-6218150	Tharakudivilluwa	Tharakudivilluwa	GND	773
LK-6218155	Angunavila	Angunavila	GND	306
LK-6221	Mahakumbukkadawala	Mahakumbukkadawala	DSD	6599
LK-6221005	Kivula No. 4-2	Kivula No. 4-2	GND	285
LK-6221010	Dangahawala	Dangahawala	GND	252
LK-6221015	Kivula No. 4-1	Kivula No. 4-1	GND	333
LK-6221020	Kivula Youth Project	Kivula Youth Project	GND	464
LK-6221025	Kivula No. 1	Kivula No. 1	GND	314
LK-6221030	Kivulagoda Govi Janapadaya	Kivulagoda Govi Janapadaya	GND	179
LK-6221035	Rathmalgaswewa	Rathmalgaswewa	GND	212
LK-6221040	Dangaswewa	Dangaswewa	GND	245
LK-6221045	Kawayankulama	Kawayankulama	GND	203
LK-6221050	Jayarajapura	Jayarajapura	GND	170
LK-6221055	Karuwalabedda	Karuwalabedda	GND	221
LK-6221060	Maha Kumbukkadawala	Maha Kumbukkadawala	GND	229
LK-6221065	Sembukuliya	Sembukuliya	GND	142
LK-6221070	Walpaluwa	Walpaluwa	GND	331
LK-6221075	Kakupandiyawa	Kakupandiyawa	GND	237
LK-6221080	Punavitiya	Punavitiya	GND	214
LK-6221085	Garayakgama	Garayakgama	GND	329
LK-6221090	Daluwegama	Daluwegama	GND	205
LK-6221095	Mohoriya	Mohoriya	GND	332
LK-6221100	Baranankattuwa	Baranankattuwa	GND	308
LK-6221105	Karungalichole	Karungalichole	GND	226
LK-6221110	Mahasembukuliya	Mahasembukuliya	GND	306
LK-6221115	Galkuliya West	Galkuliya West	GND	202
LK-6221120	Galkuliya East	Galkuliya East	GND	262
LK-6221125	Andigama	Adigama	GND	398
LK-6224	Anamaduwa	Anamaduwa	DSD	12891
LK-6224005	Kottukachchiya Colony 2	Kottukachchiya Colony 2	GND	461
LK-6224010	Kottukachchiya Colony 1	Kottukachchiya Colony 1	GND	262
LK-6224015	Mellankulama	Mellankulama	GND	336
LK-6224020	Kottukachchiya	Kottukachchiya	GND	461
LK-6224025	Paliyagama	Paliyagama	GND	343
LK-6224030	Uriyawa	Uriyawa	GND	440
LK-6224035	Koilandigama	Koiladigama	GND	395
LK-6224040	07 Gammanaya	07 Gammanaya	GND	240
LK-6224045	Maha Uswewa South	Maha Uswewa South	GND	325
LK-6224050	Maha Uswewa North	Maha Uswewa North	GND	376
LK-6224055	Alankulama	Alankulama	GND	449
LK-6224060	Merungoda	Merungoda	GND	397
LK-6224065	Labugala	Labugala	GND	273
LK-6224070	Karambewa	Karambewa	GND	138
LK-6224075	Thalgaswewa	Thalgaswewa	GND	182
LK-6224080	Periyakulama	Periyakulama	GND	413
LK-6224085	Paramakandagama	Paramakandagama	GND	328
LK-6224090	Thonigala	Thonigala	GND	451
LK-6224095	Wadatta	Wadatta	GND	346
LK-6224100	Viharagama	Viharagama	GND	230
LK-6224105	Siyambalagashena	Siyabalagashena	GND	404
LK-6224110	Thattewa	Thattewa	GND	407
LK-6224115	Thammennagama	Thanmmennagama	GND	624
LK-6224120	Bammannegama	Bammannegama	GND	396
LK-6224125	Kothalakemiyawa	Kothalakemiyawa	GND	263
LK-6224130	Gallewa	Gallewa	GND	172
LK-6224135	Thalakolawewa	Thalakolawewa	GND	460
LK-6224140	Anamaduwa	Anamaduwa	GND	447
LK-6224145	Peramakuttuwa	Peramakuttuwa	GND	477
LK-6224150	Divulwewa	Divulwewa	GND	344
LK-6224155	Wadigamangawa	Wadigamangawa	GND	389
LK-6224160	Dharmapalaya	Dharmapalaya	GND	393
LK-6224165	Uppalawatta	Uppalawatta	GND	349
LK-6224170	Sangattikulama	Sangattikulama	GND	417
LK-6224175	Mudalakkuliya	Mudalakkuliya	GND	503
LK-6227	Pallama	Pallama	DSD	8263
LK-6227005	Dewala Handiya	Dewala Handiya	GND	590
LK-6227010	Wilpatha East	Wilpatha East	GND	508
LK-6227015	Siyambalagaswewa	Siyabalagaswewa	GND	294
LK-6227020	Nagavila	Nagavila	GND	359
LK-6227025	Periyamaduwa	Periyamaduwa	GND	387
LK-6227030	Kammanadaluwa	Kammandaluwa	GND	550
LK-6227035	Wilpatha West	Wilpatha West	GND	489
LK-6227040	Thamarakkulama	Thamarakkulama	GND	491
LK-6227045	Serukele	Serukele	GND	270
LK-6227050	Katupotha	Katupotha	GND	414
LK-6227055	Madawakkulama	Madawakkulama	GND	552
LK-6227060	Wetiya	Wetiya	GND	665
LK-6227065	Nandimithrapura	Nandimithtrapura	GND	831
LK-6227070	Wendakaduwa	Wendakaduwa	GND	297
LK-6227075	Pallama	Pallama	GND	577
LK-6227080	Wathupola	Wathupola	GND	317
LK-6227085	Puliyankulama	Puliyankulama	GND	268
LK-6227090	Thammana	Thammana	GND	404
LK-6230	Arachchikattuwa	Arachchikattuwa	DSD	12661
LK-6230005	Battaluoya	Battuluoya	GND	393
LK-6230010	Mahamaeliya	Mahamaeliya	GND	307
LK-6230015	Buruthakele	Buruthakele	GND	459
LK-6230020	Wijayakatupatha Elen Megoda	Wijayakatupatha Elen Megoda	GND	703
LK-6230025	Pahala Attanganaya	Pahala Attanganaya	GND	205
LK-6230030	Wijayakatupatha Elen Egoda	Wijayakatupatha Elen Egoda	GND	183
LK-6230035	Anavilundawa	Anavilundawa	GND	258
LK-6230040	Suruvila	Suruvila	GND	238
LK-6230045	Ilakkattuwa	Ilakkattuwa	GND	591
LK-6230050	Pankulawa	Pankulawa	GND	240
LK-6230055	Ihala Attanganaya	Ihala Attanganaya	GND	250
LK-6230060	Ambakele	Ambakele	GND	209
LK-6230065	Welipelessa	Welipelessa	GND	328
LK-6230070	Nalladarankattuwa	Nalladarankattuwa	GND	211
LK-6230075	Karukupane	Karukupane	GND	660
LK-6230080	Wairankattuwa	Wairankattuwa	GND	300
LK-6230085	Sengaloya	Sengaloya	GND	402
LK-6230090	Arachchikattuwa West	Arachchikattuwa West	GND	467
LK-6230095	Arachchikattuwa East	Arachchikattuwa East	GND	297
LK-6230100	Bandarahena	Bandarahena	GND	541
LK-6230105	Adippala	Adippala	GND	246
LK-6230110	Andanan Kattuwa	Andanan Kattuwa	GND	204
LK-6230115	Kumarakattuwa	Kumarakattuwa	GND	429
LK-6230120	Elivitiya	Elivitiya	GND	490
LK-6230125	Diganwewa	Diganwewa	GND	356
LK-6230130	Rajakadaluwa	Rajakadaluwa	GND	643
LK-6230135	Kusala	Kusala	GND	259
LK-6230140	Kottapitiya	Kottapitiya	GND	382
LK-6230145	Bangadeniya	Bangadeniya	GND	358
LK-6230150	Weerakumandaluwa	Weerakumandaluwa	GND	794
LK-6230155	Karukkuliya	Karukkuliya	GND	352
LK-6230160	Mukkandaluwa	Mukkandaluwa	GND	563
LK-6230165	Dematapitiya	Dematapitiya	GND	343
LK-6233	Chilaw	Chilaw	DSD	18494
LK-6233005	Kurusapaduwa	Kurusapaduwa	GND	272
LK-6233010	Deduruoya	Deduruoya	GND	846
LK-6233015	Manuwangama West	Manuwangama West	GND	250
LK-6233020	Manuwangama East	Manuwangama East	GND	149
LK-6233025	Nariyagama North	Nariyagama North	GND	212
LK-6233030	Parappanmulla	Parappanmulla	GND	263
LK-6233035	Weerapandiyana	Weerapandiyana	GND	240
LK-6233040	Maha Vilattawa	Maha Vilattawa	GND	259
LK-6233045	Kanattawa	Kanattawa	GND	191
LK-6233050	Nariyagama South	Nariyagama South	GND	177
LK-6233055	Urudayandaluwa	Urudayandaluwa	GND	140
LK-6233060	Thissogama	Thissogama	GND	317
LK-6233065	Thimbilla	Thimbilla	GND	671
LK-6233070	Wattakkaliya	Wattakkaliya	GND	969
LK-6233075	Weralabada South	Weralabada South	GND	526
LK-6233080	Weralabada North	Weralabada North	GND	260
LK-6233085	Egodawatta	Egodawatta	GND	249
LK-6233090	Aluthwatta	Aluthwatta	GND	423
LK-6233095	Aluthwatta	Aluthwatta	GND	311
LK-6233100	Ichchampitiya	Ichchampitiya	GND	929
LK-6233105	Munneshwarama	Munneshwarama	GND	353
LK-6233110	Thittakade	Thittakade	GND	591
LK-6233115	Mugunuwatawana	Mugunuwatawana	GND	438
LK-6233120	Kokkavila	Kokkavila	GND	545
LK-6233125	Puliyankadawara	Pulliyankadawara	GND	295
LK-6233130	Punchi Vilattawa	Punchi Vilattawa	GND	263
LK-6233135	Karavitagara West	Karawitagara West	GND	337
LK-6233140	Karavitagara East	Karavitagara East	GND	381
LK-6233145	Dambakele	Dambakele	GND	208
LK-6233150	Weerakelewatta	Weerakelewatta	GND	357
LK-6233155	Karavita	Karavita	GND	179
LK-6233160	Mungandaluwa East	Mungandaluwa East	GND	216
LK-6233165	Mungandaluwa West	Mungandaluwa West	GND	244
LK-6233170	Ilippadeniya	Ilippadeniya	GND	396
LK-6233175	Sawarana	Sawarana	GND	603
LK-6233180	Maikkulama	Maikkulama	GND	1134
LK-6233185	Pitipana East	Pitipana East	GND	285
LK-6233190	Melpura	Melpura	GND	364
LK-6233195	Pitipana North	Pitipana North	GND	290
LK-6233200	Pitipana South	Pitipana South	GND	351
LK-6233205	Weralabada	Weralabada	GND	707
LK-6233210	Welihena	Welihena	GND	433
LK-6233215	Merawala	Merawala	GND	264
LK-6233220	Inigodawela	Inigodawela	GND	252
LK-6233225	Ihala Olidaluwa	Ihala Olidaluwa	GND	147
LK-6233230	Maradankulama	Maradankulama	GND	210
LK-6233235	Olidaluwa	Olidaluwa	GND	267
LK-6233240	Ambakandavila	Ambakandavila	GND	439
LK-6233245	Kakkapalliya	Kakkapalliya	GND	291
LK-6236	Madampe	Madampe	DSD	14626
LK-6236005	Athuwana	Athuwana	GND	334
LK-6236010	Mahagama North	Mahagama North	GND	348
LK-6236015	Mahagama South	Mahagama South	GND	271
LK-6236020	Kongasyaya	Kongasyaya	GND	190
LK-6236025	Ponnankanniya	Ponnankanniya	GND	163
LK-6236030	Manakkulama	Manakkulama	GND	533
LK-6236035	Dematapitiya	Dematapitiya	GND	228
LK-6236040	Thambagalla West	Thambagalla West	GND	217
LK-6236045	Thambagalla	Thambagalla	GND	151
LK-6236050	Thambagalla Watta	Thambagalla Watta	GND	294
LK-6236055	Medagama	Medagama	GND	283
LK-6236060	Panirendawa	Panirendawa	GND	166
LK-6236065	Rathmal Agara	Rathmal Agara	GND	177
LK-6236070	Rathnagiriya	Rathnagiriya	GND	176
LK-6236075	Nankadawara	Nankadawara	GND	261
LK-6236080	Kuda Bingiriya	Kuda Bingiriya	GND	348
LK-6236085	Indigasvila	Indigasvila	GND	154
LK-6236090	Walahena	Walahena	GND	315
LK-6236095	Pambala	Pambala	GND	205
LK-6236100	Pambala South	Pambala South	GND	278
LK-6236105	Hareendragama	Hareendragama	GND	154
LK-6236110	Sembukattiya	Sembukattiya	GND	394
LK-6236115	Uraliya	Uraliya	GND	292
LK-6236120	Heen Agara	Heen Agara	GND	418
LK-6236125	Kachchakaduwa	Kachchakaduwa	GND	178
LK-6236130	Galmuruwa North	Galmuruwa North	GND	198
LK-6236135	Kudirippuwa	Kudirippuwa	GND	348
LK-6236140	Karukkuwatawana	Karukkuwatawana	GND	268
LK-6236145	Erunvila	Erunvila	GND	336
LK-6236150	Karukkuwa	Karukkuwa	GND	356
LK-6236155	Galahitiyawa	Galahitiyawa	GND	467
LK-6236160	Maraggalagama	Maraggalagama	GND	533
LK-6236165	Irattakulama North	Irattakulama North	GND	261
LK-6236170	Irattakulama South	Irattakulama South	GND	203
LK-6236175	Egodayagama	Egodayagama	GND	133
LK-6236180	Pattiyagama	Pattiyagama	GND	217
LK-6236185	Ihalagama	Ihalagama	GND	290
LK-6236190	Uraliyagara	Uraliyagara	GND	940
LK-6236195	Mellawagara	Mellawagara	GND	565
LK-6236200	Suduwella	Suduwella	GND	355
LK-6236205	Pothuvila	Pothuvila	GND	453
LK-6236210	Pallakele	Pallakele	GND	332
LK-6236215	Galmuruwa South	Galmuruwa South	GND	397
LK-6236220	Henapola	Henapola	GND	287
LK-6236225	Mugunuwatawana	Mugunuwatawana	GND	304
LK-6236230	Pookulama	Pookulama	GND	132
LK-6236235	Nelumpokuna	Nelumpokuna	GND	185
LK-6236240	Mahabaddegama	Mahabaddegama	GND	334
LK-6236245	Thaniwellagama	Thaniwellegama	GND	204
LK-6239	Mahawewa	Mahawewa	DSD	14662
LK-6239005	Iranavila West	Iranavila West	GND	1108
LK-6239010	Iranavila East	Iranavila East	GND	329
LK-6239015	Thoduwawa North	Thoduwawa North	GND	784
LK-6239020	Meda Thoduwawa	Meda Thoduwawa	GND	515
LK-6239025	Thoduwawa South	Thoduwawa South	GND	386
LK-6239030	Mattakotuwa	Mattakotuwa	GND	265
LK-6239035	Pahala Mahawewa	Pahala Mahawewa	GND	142
LK-6239040	Adapparagama	Adapparagama	GND	173
LK-6239045	Ihala Kudawewa	Ihala Kudawewa	GND	245
LK-6239050	Puruduwella	Puruduwella	GND	138
LK-6239055	Galamuna	Galamuna	GND	297
LK-6239060	Medagoda	Medagoda	GND	184
LK-6239065	Hewana	Hewana	GND	214
LK-6239070	Yatakalana	Yatakalana	GND	221
LK-6239075	Muttibendivila	Muttibendivila	GND	189
LK-6239080	Ihala Walahapitiya	Ihala Walahapitiya	GND	273
LK-6239085	Meda Walahapitiya	Meda Walahapitiya	GND	307
LK-6239090	Pahala Kudawewa	Pahala Kudawewa	GND	168
LK-6239095	Maligawatta	Maligawatta	GND	263
LK-6239100	Meda Mahawewa	Meda Mahawewa	GND	187
LK-6239105	Veehena	Veehena	GND	211
LK-6239110	Mattakotuwella	Mattakotuwella	GND	395
LK-6239115	Barudelpola	Barudelpola	GND	332
LK-6239120	Ihala Mahawewa	Ihala Mahawewa	GND	647
LK-6239125	Pahala Koswadiya	Pahala Koswadiya	GND	198
LK-6239130	Meda Koswadiya	Meda Koswadiya	GND	263
LK-6239135	Ihala Koswadiya	Ihala Koswadiya	GND	293
LK-6239140	Pahala Walahapitiya	Pahala Walahapitiya	GND	169
LK-6239145	Panangoda	Panangoda	GND	598
LK-6239150	Sagaragama	Sagaragama	GND	231
LK-6239155	Egodagoda	Egodagoda	GND	201
LK-6239160	Puhulhena	Puhulhena	GND	260
LK-6239165	Halpanvila East	Halpanvila East	GND	461
LK-6239170	Meda Hattiniya	Meda Hattiniya	GND	262
LK-6239175	Halpanvila West	Halpanvila West	GND	225
LK-6239180	Thalvila	Thalvila	GND	403
LK-6239185	Modarawella	Modarawella	GND	135
LK-6239190	Pahala Hattiniya	Pahala Hattiniya	GND	311
LK-6239195	Maravila North	Maravila North	GND	135
LK-6239200	Ihala Hattiniya	Ihala Hattiniya	GND	385
LK-6239205	Maranda North	Maranda North	GND	493
LK-6239210	Maranda South	Maranda South	GND	303
LK-6239215	Horagolla North	Horagolla North	GND	306
LK-6239220	Horagolla South	Horagolla South	GND	290
LK-6239225	Maravila Town	Maravila Town	GND	223
LK-6239230	Maravila South	Maravila South	GND	356
LK-6239235	Maravila Wella	Maravila Wella	GND	188
LK-6242	Nattandiya	Nattandiya	DSD	19220
LK-6242005	Pahala Nattandiya	Pahala Nattandiya	GND	409
LK-6242010	Mailawa	Mailawa	GND	388
LK-6242015	Pilakatumulla	Pilakatumulla	GND	215
LK-6242020	Dunkannawa	Dukkannawa	GND	760
LK-6242025	Maningala	Maningala	GND	1229
LK-6242030	Sandanangama	Sandanangama	GND	396
LK-6242035	Ihala Thabbowa	Ihala Thabbowa	GND	519
LK-6242040	Meda Thabbowa	Meda Thabbowa	GND	340
LK-6242045	Pahala Thabbowa	Pahala Thabbowa	GND	453
LK-6242050	Weerahena East	Weerahena East	GND	406
LK-6242055	Ihala Nattandiya	Ihala Nattandiya	GND	496
LK-6242060	Meda Nattandiya	Meda Nattandiya	GND	586
LK-6242065	Weerahena West	Weerahena West	GND	818
LK-6242070	Mudukatuwa North	Mudukatuwa North	GND	816
LK-6242075	Mudukatuwa South	Mudukatuwa South	GND	956
LK-6242080	Mudukatuwa East	Mudukatuwa East	GND	127
LK-6242085	Pahala Mavila	Pahala Mavila	GND	463
LK-6242090	Meda Mavila	Meda Mavila	GND	627
LK-6242095	Ihala Mavila	Ihala Mavila	GND	267
LK-6242100	Pahala Kottaramulla	Pahala Kottaramulla	GND	310
LK-6242105	Paluwelgala North	Paluwelgala North	GND	198
LK-6242110	Kachchirawa	Kachchirawa	GND	130
LK-6242115	Paluwelgala South	Paluwelgala South	GND	163
LK-6242120	Naravila	Naravila	GND	325
LK-6242125	Kuddetiyawa	Kuddetiyawa	GND	186
LK-6242130	Yakdessawa	Yakdessawa	GND	182
LK-6242135	Koswatta North	Koswatta North	GND	229
LK-6242140	Meegahawela	Meegahawela	GND	246
LK-6242145	Koswatta South	Koswatta South	GND	249
LK-6242150	Morakele South	Morakele South	GND	392
LK-6242155	Meda Kottaramulla	Meda Kottaramulla	GND	674
LK-6242160	Morakele North	Morakele North	GND	346
LK-6242165	Ihala Kottaramulla	Ihala Kottaramulla	GND	566
LK-6242170	Thummodara East	Thunmodara East	GND	284
LK-6242175	Thummodara West	Thunmodara West	GND	476
LK-6242180	Nakele	Nakele	GND	116
LK-6242185	Ihala Katuneriya	Ihala Katuneriya	GND	524
LK-6242190	Bulugahawewa	Bulugahawewa	GND	324
LK-6242195	Nebadagahayaya	Nebadagahayaya	GND	540
LK-6242200	Lansigama	Lansigama	GND	460
LK-6242205	Pahala Katuneriya North	Pahala Katuneriya North	GND	345
LK-6242210	Meda Pahala Katuneriya	Meda Pahala Katuneriya	GND	370
LK-6242215	Pahala Katuneriya South	Pahala Katuneriya South	GND	360
LK-6242220	Meda Katuneriya	Meda Katuneriya	GND	215
LK-6242225	Meegahawewa	Meegahawewa	GND	238
LK-6242230	Dematapitiya	Dematapitiya	GND	259
LK-6242235	Dhammikagama	Dhammikagama	GND	242
LK-6245	Wennappuwa	Wennappuwa	DSD	19695
LK-6245005	Kolinjadiya West	Kolinjadiya West	GND	431
LK-6245010	Kolinjadiya North	Kolinjadiya North	GND	304
LK-6245015	Udasirigama	Udasirigama	GND	300
LK-6245020	Sirigampala North	Sirigampala North	GND	364
LK-6245025	Lunuvila East	Lunuvila East	GND	610
LK-6245030	Sirigampala South	Sirigampola South	GND	479
LK-6245035	Meda Lunuvila	Meda Lunuwila	GND	1380
LK-6245040	Lunuvila West	Lunuwila West	GND	355
LK-6245045	Wennappuwa North	Wennappuwa North	GND	498
LK-6245050	Kolinjadiya East	Kolinjadiya East	GND	233
LK-6245055	Kolinjadiya South	Kolinjadiya South	GND	221
LK-6245060	Ulhitiyawa West	Ulhitiyawa West	GND	382
LK-6245065	Ulhitiyawa North	Ulhitiyawa North	GND	405
LK-6245070	Meda Ulhitiyawa	Meda Ulhitiyawa	GND	518
LK-6245075	Wennappuwa West	Wennappuwa West	GND	446
LK-6245080	Meda Wennappuwa	Meda Wennappuwa	GND	341
LK-6245085	Wennappuwa East	Wennappuwa East	GND	328
LK-6245090	Lunuvila South	Lunuwila South	GND	445
LK-6245095	Bandirippuwa North	Bandirippuwa North	GND	441
LK-6245100	Bandirippuwa West	Bandirippuwa West	GND	443
LK-6245105	Wennappuwa South	Wennappuwa South	GND	413
LK-6245110	Ulhitiyawa South	Ulhitiyawa South	GND	535
LK-6245115	Kadawatha	Kadawatha	GND	400
LK-6245120	Dummaladeniya West	Dummaladeniya West	GND	331
LK-6245125	Meda Dummaladeniya	Meda Dummaladeniya	GND	480
LK-6245130	Dummaladeniya North	Dummaladeniya North	GND	224
LK-6245135	Bandirippuwa East	Bandirippuwa East	GND	635
LK-6245140	Dummaladeniya East	Dummaladeniya East	GND	206
LK-6245145	Dummaladeniya South	Dummaladeniya South	GND	260
LK-6245150	Wellamankaraya	Wellamankaraya	GND	382
LK-6245155	Meda Nainamadama	Meda Nainamadama	GND	459
LK-6245160	Hanathotupola	Hanathotupola	GND	259
LK-6245165	Boralessa West	Boralessa West	GND	277
LK-6245170	Boralessa North	Boralessa North	GND	296
LK-6245175	Boralessa East	Boralessa East	GND	420
LK-6245180	Boralessa South	Boralessa South	GND	282
LK-6245185	Nainamadama West	Nainamadama West	GND	359
LK-6245190	Nainamadama East	Nainamadama East	GND	272
LK-6245195	Mirissankotuwa North	Mirissankotuwa North	GND	206
LK-6245200	Mirissankotuwa South	Mirissankotuwa South	GND	273
LK-6245205	Bolawatta	Bolawatta	GND	275
LK-6245210	Rangammulla	Rangammulla	GND	245
LK-6245215	Kammala	Kammala	GND	370
LK-6245220	Angampitiya East	Angampitiya East	GND	287
LK-6245225	Angampitiya West	Angampitiya West	GND	361
LK-6245230	Aluttota	Aluttota	GND	390
LK-6245235	Sindathriya	Sindathriya	GND	343
LK-6245240	Waikkala North	Waikkala North	GND	306
LK-6245245	Waikkala South	Waikkala South	GND	394
LK-6245250	Bolana	Bolana	GND	318
LK-6245255	Thambaravila	Thambarawila	GND	264
LK-6245260	Thopputhota	Thopputhota	GND	249
LK-6248	Dankotuwa	Dankotuwa	DSD	18761
LK-6248005	Bothalegama	Bothalegama	GND	414
LK-6248010	Kirimetiyana East	Kirimetiyana East	GND	308
LK-6248015	Thulawala	Thulawala	GND	311
LK-6248020	Hundirapola	Hundirapola	GND	221
LK-6248025	Pothuwatawana	Pothuwatawana	GND	586
LK-6248030	Lihiriyagama	Lihiriyagama	GND	333
LK-6248035	Kahatavila Part	Kahatavila East	GND	640
LK-6248040	Kahatavila West	Kahatavila West	GND	463
LK-6248045	Meda Kirimetiyana	Meda Kirimetiyana	GND	438
LK-6248050	Kirimetiyana North	Kirimetiyana North	GND	409
LK-6248055	Kirimetiyana West	Kirimetiyana West	GND	362
LK-6248060	Kirimetiyana South	Kirimetiyana South	GND	272
LK-6248065	Pansal Handiya	Pansal Handiya	GND	370
LK-6248070	Haldanduwana North	Haldanduwana North	GND	360
LK-6248075	Mellawa	Mellawa	GND	663
LK-6248080	Ihala Bujjampola	Ihala Bujjampola	GND	247
LK-6248085	Pahala Bujjampola	Pahala Bujjampola	GND	611
LK-6248090	Haldanduwana West	Haldanduwana West	GND	616
LK-6248095	Meda Haldanduwana	Meda Haldanduwana	GND	824
LK-6248100	Katukenda East	Katukenda East	GND	441
LK-6248105	Meda Katukenda	Meda Katukenda	GND	372
LK-6248110	Gonavila North	Gonavila North	GND	216
LK-6248115	Meda Gonavila	Meda Gonavila	GND	317
LK-6248120	Katukenda West	Katukenda West	GND	173
LK-6248125	Dankotuwa West	Dankotuwa West	GND	418
LK-6248130	Dankotuwa North	Dankotuwa North	GND	194
LK-6248135	Ihala Dummalakotuwa	Ihala Dummalakotuwa	GND	264
LK-6248140	Haldanduwana South	Haldanduwana South	GND	359
LK-6248145	Pahala Mohottimulla	Pahala Mohottimulla	GND	456
LK-6248150	Ihala Mohottimulla	Ihala Mohottimulla	GND	304
LK-6248155	Sendiriyamulla	Sendiriyamulla	GND	377
LK-6248160	Singakkuliya	Singakkuliya	GND	361
LK-6248165	Kaluwachchimulla	Kaluwachchimulla	GND	338
LK-6248170	Motemulla	Motemulla	GND	461
LK-6248175	Etiyawala North	Etiyawala North	GND	379
LK-6248180	Pahala Dummalakotuwa	Pahala Dummalakotuwa	GND	418
LK-6248185	Dankotuwa East	Dankotuwa East	GND	468
LK-6248190	Dankotuwa South	Dankotuwa South	GND	221
LK-6248195	Gonavila South	Gonavila South	GND	464
LK-6248200	Godella	Godella	GND	496
LK-6248205	Morukkuliya	Morukkuliya	GND	685
LK-6248210	Metikotuwa	Metikotuwa	GND	562
LK-6248215	Thamarakuliya	Thamarakuliya	GND	189
LK-6248220	Etiyawala South	Etiyawala South	GND	582
LK-6248225	Jankurawela	Jankurawela	GND	210
LK-6248230	Yogiyana	Yogiyana	GND	254
LK-6248235	Dikwela	Dikwela	GND	334
LK-7	North Central	North Central	PROVINCE	397890
LK-71	Anuradhapura	Anuradhapura	DISTRICT	271408
LK-7103	Padaviya	Padaviya	DSD	7164
LK-7103005	Buddhangala	Buddhangala	GND	595
LK-7103010	Elikimbulagala	Elikimbulagala	GND	512
LK-7103015	Abhayapura	Abhayapura	GND	505
LK-7103020	Maithreepura	Maithreepura	GND	433
LK-7103025	Parakramapura	Parakramapura	GND	651
LK-7103030	Track B	Track B	GND	629
LK-7103035	Bisokotuwa	Bisokotuwa	GND	348
LK-7103040	Sudarshanagama	Sudarshanagama	GND	658
LK-7103045	Balayawewa	Balayawewa	GND	248
LK-7103050	Mahasenpura	Mahasenpura	GND	387
LK-7103055	Urewa	Urewa	GND	101
LK-7103060	Kumbukwewa	Kumbukwewa	GND	518
LK-7103065	Ruwanpura	Ruwanpura	GND	328
LK-7103070	Bogahawewa	Bogahawewa	GND	641
LK-7103075	Padaviya	Padaviya	GND	610
LK-7106	Kebithigollewa	Kebithigollewa	DSD	7625
LK-7106005	Halmillawetiya	Halmillawetiya	GND	287
LK-7106010	Kanugahawewa	Kanugahawewa	GND	913
LK-7106015	Herathhalmillewa	Herathhalmillewa	GND	107
LK-7106020	Bellankadawala	Bellankadawala	GND	230
LK-7106025	Punchimudagama	Punchimudagama	GND	101
LK-7106030	D 06 Wahalkada	D 06 Wahalkada	GND	123
LK-7106035	D 05 Wahalkada	D 05 Wahalkada	GND	240
LK-7106040	D 04 Wahalkada	D 04 Wahalkada	GND	225
LK-7106045	Kahatagollewa	Kahatagollewa	GND	212
LK-7106050	Thammennawa	Thammennawa	GND	169
LK-7106055	Kunchuttuwa	Kunchuttuwa	GND	207
LK-7106060	Galawewa	Galawewa	GND	334
LK-7106065	Thittagonewa	Thittagonewa	GND	281
LK-7106070	Kurulugama	Kurulugama	GND	526
LK-7106075	Sinhalaetaweerawewa	Sinhalaetaweerawewa	GND	188
LK-7106080	Ethalvidda Wewa	Ethalvidda Wewa	GND	190
LK-7106085	Gonumeriyawa	Gonumeriyawa	GND	397
LK-7106090	Kebithigollewa	Kebithigollewa	GND	718
LK-7106095	Ihala Usgollewa	Ihala Usgollewa	GND	301
LK-7106100	Aiyathigewewa	Aiyathigewewa	GND	355
LK-7106105	Bandaraulpatha	Bandaraulpatha	GND	145
LK-7106110	Kiriketuwewa	Kiriketuwewa	GND	422
LK-7106115	Gonahathdenawa	Gonahathdenawa	GND	205
LK-7106120	Thimbiriwewa	Thimbiriwewa	GND	218
LK-7106125	Handagala Kirimetiyawa	Handagala Kirimetiyawa	GND	215
LK-7106130	Wattewewa	Wattewewa	GND	316
LK-7109	Medawachchiya	Medawachchiya	DSD	15056
LK-7109005	Prabodhagama	Prabodhagama	GND	569
LK-7109010	Paranahalmillewa	Paranahalmillewa	GND	442
LK-7109015	Lolugaswewa	Lolugaswewa	GND	390
LK-7109020	Puhudivula	Puhudivula	GND	406
LK-7109025	Heerallugama	Heerallugama	GND	479
LK-7109030	Ethakada	Ethakada	GND	548
LK-7109035	Etaweeragollewa	Etaweeragollewa	GND	325
LK-7109040	Kadawath Rambewa	Kadawath Rambewa	GND	207
LK-7109045	Maha Kumbukgollewa	Maha Kumbukgollewa	GND	459
LK-7109050	Kidawarankulama	Kidawarankulama	GND	509
LK-7109055	Anekattiya	Anekattiya	GND	264
LK-7109060	Periyakulama	Periyakulama	GND	396
LK-7109065	Poonewa	Poonewa	GND	461
LK-7109070	Isinbessagama	Isinbessagama	GND	477
LK-7109075	Mahadivulwewa	Maha Divulwewa	GND	304
LK-7109080	Kidagalegama	Kidagalegama	GND	243
LK-7109085	Moragoda	Moragoda	GND	393
LK-7109090	Unagaswewa	Unagaswewa	GND	236
LK-7109095	Kirigalwewa	Kirigalwewa	GND	266
LK-7109100	Angunochchiya	Angunochchiya	GND	362
LK-7109105	Ekirikanda	Ekirikanda	GND	475
LK-7109110	Railway Town	Railway Town	GND	318
LK-7109115	Kadawathgama	Kadawathgama	GND	390
LK-7109120	Kuda Kumbukgollewa	Kuda Kumbukgollewa	GND	390
LK-7109125	Yakawewa	Yakawewa	GND	507
LK-7109130	Thammenna Elawaka	Thammenne Elawaka	GND	502
LK-7109135	Puleliya	Puleliya	GND	492
LK-7109140	Viralmurippuwa	Viralmurippuwa	GND	428
LK-7109145	Walpola	Walpola	GND	289
LK-7109150	Katuwela	Katuwela	GND	719
LK-7109155	Medawachchiya West	Medawachchiya West	GND	627
LK-7109160	Medawachchiya East	Medawachchiya East	GND	469
LK-7109165	Kanadara Divulwewa	Kanadara Divulwewa	GND	336
LK-7109170	Helambagaswewa	Helambagaswewa	GND	317
LK-7109175	Sangilikanadarawa	Sangilikanadarawa	GND	490
LK-7109180	Lindawewa	Lindawewa	GND	285
LK-7109185	Karambankulama	Karambankulama	GND	286
LK-7112	Mahawilachchiya	Mahawilachchiya	DSD	7081
LK-7112005	Dematamalgama	Dematamalgama	GND	349
LK-7112010	Thanthirimale	Thanthirimale	GND	403
LK-7112015	Nelumvila	Nelumvila	GND	554
LK-7112020	Sandamaleliya	Sandamaleliya	GND	455
LK-7112025	Thuppitiyawa	Thuppitiyawa	GND	386
LK-7112030	Ethdathkalla	Ethdathkalla	GND	404
LK-7112035	Randoowa	Randoowa	GND	484
LK-7112040	Palugaswewa	Palugaswewa	GND	365
LK-7112045	Mannaram Junction	Mannaram Junction	GND	479
LK-7112050	Kuda Vilachchiya	Kuda Vilachchiya	GND	337
LK-7112055	Mahavillachchiya	Maha Vilachchiya	GND	363
LK-7112060	Pemaduwa	Pemaduwa	GND	430
LK-7112065	Kiralpetiyawa	Kiralpetiyawa	GND	321
LK-7112070	Navodagama	Navodagama	GND	591
LK-7112075	Oyamaduwa	Oyamaduwa	GND	600
LK-7112080	Helambawewa	Helambawewa	GND	296
LK-7112085	Dunumadalawa	Dunumadalawa	GND	264
LK-7115	Nuwaragam Palatha Central	Nuwaragam Palatha Central	DSD	19849
LK-7115005	Helambagaswewa	Helambagaswewa	GND	211
LK-7115010	Asirikgama	Asirikgama	GND	303
LK-7115015	Gambirigaswewa	Gambirigaswewa	GND	465
LK-7115020	Aluthgama	Aluthgama	GND	509
LK-7115025	Galpottegama	Galpottegama	GND	458
LK-7115030	Maha Ehetuwewa	Maha Ehetuwewa	GND	358
LK-7115035	Maningamuwa	Maningamuwa	GND	377
LK-7115040	Elayapattuwa	Elayapattuwa	GND	390
LK-7115045	Diganegama	Diganegama	GND	228
LK-7115050	Karambewa	Karambewa	GND	450
LK-7115055	Galkadawala	Galkadawala	GND	361
LK-7115060	Poowarsankulama	Poowarsankulama	GND	525
LK-7115065	Paniyankadawala	Paniyankadawala	GND	403
LK-7115070	Parasangaswewa	Parasangahawewa	GND	506
LK-7115075	Mankadawala	Mankadawala	GND	760
LK-7115080	Saliyapura	Saliyapura	GND	288
LK-7115085	Ashokaramaya	Ashokaramaya	GND	388
LK-7115090	Perimiyankulama	Perimiyankulama	GND	475
LK-7115095	Katukeliyawa	Katukeliyawa	GND	585
LK-7115100	Pusiyankulama	Pusiyankulama	GND	591
LK-7115105	Mahamankadawala	Maha Mankadawala	GND	404
LK-7115110	Ilandagahawewa	Ilandagahawewa	GND	372
LK-7115115	Vihara Kallanchiya	Vihara Kallanchiya	GND	346
LK-7115120	Vihara Palugama	Vihara Palugama	GND	561
LK-7115125	Devanampiyathissapura	Dewanampiyathissa Pura	GND	1808
LK-7115130	Abhayawewa	Abhayawewa	GND	730
LK-7115135	Pethispura	Pethispura	GND	556
LK-7115140	Bandara Puliyankulama	Bandara  Puliyankulama	GND	510
LK-7115145	Jayanthi Gramaya	Jayanthi Gramaya	GND	653
LK-7115150	Theppankulama	Theppankulama	GND	777
LK-7115155	Thannayamkulama	Thannayamkulama	GND	417
LK-7115160	Saliya Mawatha	Saliya Mawatha	GND	796
LK-7115165	Shuddha Nagaraya	Shuddha Nagaraya	GND	106
LK-7115170	Thisawewa	Thisawewa	GND	22
LK-7115175	Wessagiriya	Wessagiriya	GND	340
LK-7115180	Isurumuniya	Isurumuniya	GND	529
LK-7115185	Pandulagama	Pandulagama	GND	721
LK-7115190	Pahalagama	Pahalagama	GND	481
LK-7115195	Mahabulankulama	Maha Bulankulama	GND	533
LK-7115200	Ulukkulama	Ulukkulama	GND	556
LK-7118	Rambewa	Rambewa	DSD	11382
LK-7118005	Kolibendawewa	Kolibendawewa	GND	315
LK-7118010	Medagama	Medagama	GND	379
LK-7118015	Kadurugasdamana	Kadurugasdamana	GND	438
LK-7118020	Siyambalagaswewa	Siyambalagaswewa	GND	213
LK-7118025	Katukeliyawa	Katukeliyawa	GND	278
LK-7118030	Wahamalgollewa Track 05	Wahamalgollewa Track 05	GND	422
LK-7118035	Sangilikanadarawa	Sangilikanadarawa	GND	383
LK-7118040	Diviyaudabendawewa	Diviyaudabendawewa	GND	279
LK-7118045	Thalgahawewa	Talgahawewa	GND	263
LK-7118050	Galkandegama	Galkandegama	GND	421
LK-7118055	Balahondawewa	Balahondawewa	GND	248
LK-7118060	Pihimbiyagollewa	Pihimbiyagollewa	GND	304
LK-7118065	Galweeragollewa	Galweeragollewa	GND	137
LK-7118070	Ambagahawewa	Ambagahawewa	GND	206
LK-7118075	Thamarahalmillewa	Thamarahalmillewa	GND	169
LK-7118080	Wewelketiya	Wewelketiya	GND	364
LK-7118085	Ihala Kolongaswewa	Ihala Kolongaswewa	GND	170
LK-7118090	Konakumbukwewa	Konakumbukwewa	GND	245
LK-7118095	Kedewa	Kedewa	GND	202
LK-7118100	Kallanchiya	Kallanchiya	GND	232
LK-7118105	Gonewa	Gonewa	GND	397
LK-7118110	Ikirigollewa	Ikirigollewa	GND	774
LK-7118115	Wahamalgollewa	Wahamalgollewa	GND	275
LK-7118120	Wahamalgollewa Track 03	Wahamalgollewa Track 03	GND	221
LK-7118125	Pallankulama	Pallankulama	GND	407
LK-7118130	Mahawewa	Mahawewa	GND	376
LK-7118135	Pandukabhayapura	Pandukabhayapura	GND	298
LK-7118140	Katupuliyankulama	Katupuliyankulama	GND	413
LK-7118145	Sandamalgama	Sandamalgama	GND	309
LK-7118150	Rambewa	Rambewa	GND	430
LK-7118155	Nabadagaswewa	Nebadagaswewa	GND	250
LK-7118160	Mahakanadarawa R. B. Track 02	Mahakanadarawa R.B. Track 02	GND	297
LK-7118165	Kapiriggama	Kapiriggama	GND	124
LK-7118170	Peenagama	Peenagama	GND	260
LK-7118175	Meemalwewa	Meemalwewa	GND	143
LK-7118180	Rotawewa	Rotawewa	GND	211
LK-7118185	Kudagama	Kudagama	GND	232
LK-7118190	Mahakanadarawa R. B. Track 01	Mahakanadarawa R.B. Track 01	GND	297
LK-7121	Kahatagasdigiliya	Kahatagasdigiliya	DSD	12483
LK-7121005	Kirigallewa	Kirigallewa	GND	250
LK-7121010	Rathmalgahawewa	Rathmalgahawewa	GND	276
LK-7121015	Kudapattiya	Kudapattiya	GND	418
LK-7121020	Mahakumbukwewa	Maha Kumbukwewa	GND	233
LK-7121025	Palippothana	Palippothana	GND	196
LK-7121030	Gonumeruwewa	Gonumeru Wewa	GND	252
LK-7121035	Thurukkuragama	Thurukkuragama	GND	622
LK-7121040	Maha Kiribbewa	Maha Kiribbewa	GND	73
LK-7121045	Maha Galkandegama	Maha Galkandegama	GND	249
LK-7121050	Dachchihalmillawewa	Dachchihalmillewa	GND	352
LK-7121055	Maha Hammillawewa	Maha Halmillewa	GND	264
LK-7121060	Kumbukgollewa	Kumbukgollewa	GND	251
LK-7121065	Pandarellewa	Pandarellewa	GND	233
LK-7121070	Sampathgama	Sampathgama	GND	439
LK-7121075	Thallattewa	Thallattewa	GND	277
LK-7121080	Mahawewa	Mahawewa	GND	459
LK-7121085	Kahatagasdigiliya East	Kahatagasdigiliya East	GND	557
LK-7121090	Kahatagasdigiliya West	Kahatagasdigiliya West	GND	607
LK-7121095	Kokmaduwa	Kokmaduwa	GND	327
LK-7121100	Moragahawela	Moragahawela	GND	175
LK-7121105	Samadhigama	Samadhigama	GND	221
LK-7121110	Mekichchawa	Mekichchawa	GND	439
LK-7121115	Ranpathvila	Ranpathvila	GND	445
LK-7121120	Bethkewa - Thulana	Bethkewa - Thulana	GND	350
LK-7121125	Maha Messalewa	Maha Messalewa	GND	501
LK-7121130	Kohombagaskada	Kohombagaskada	GND	298
LK-7121135	Konwewa	Konwewa	GND	377
LK-7121140	Ambagahawewa	Ambagahawewa	GND	269
LK-7121145	Panwella	Panwella	GND	181
LK-7121150	Mee - Kumbukwewa	Mee - Kumbukwewa	GND	246
LK-7121155	Tikkanpothana	Tikkampothana	GND	150
LK-7121160	Punchi Halmillewa	Punchi Halmillewa	GND	196
LK-7121165	Weligollewa	Weligollewa	GND	277
LK-7121170	Divulwewa	Divulwewa	GND	369
LK-7121175	Diganhalmillawewa	Diganhalmillewa	GND	371
LK-7121180	Kelenikawewa	Kelenikawewa	GND	310
LK-7121185	Nelugollakada	Nelugollakada	GND	169
LK-7121190	Ellawewa	Ellawewa	GND	278
LK-7121195	Nekutunu Wewa	Nekutunu Wewa	GND	314
LK-7121200	Kanadara Rathmale	Kanadara - Rathmale	GND	212
LK-7124	Horowpathana	Horowpothana	DSD	11190
LK-7124005	Wahalkada D 2	Wahalkada D 2	GND	385
LK-7124010	Wahalkada D 1	Wahalkada D 1	GND	271
LK-7124015	Maradanmaduwa	Maradanmaduwa	GND	234
LK-7124020	Pahala Divulwewa	Pahala Divulwewa	GND	173
LK-7124025	Weerasole	Weerasole	GND	332
LK-7124030	Anaolondewa	Anaolondewa	GND	441
LK-7124035	Kapugollewa	Kapugollewa	GND	275
LK-7124040	Wagollakada	Wagollakada	GND	154
LK-7124045	Dutuwewa	Dutuwewa	GND	316
LK-7124050	Morawewa	Morawewa	GND	281
LK-7124055	Thawalanhalmillewa	Thawalanhalmillewa	GND	143
LK-7124060	Thimbiriattawala	Thimbiriettawala	GND	308
LK-7124065	Nikawewa	Nikawewa	GND	400
LK-7124070	Welimuwapothana	Welimuwapothana	GND	300
LK-7124075	Kivulekada	Kivulekada	GND	357
LK-7124080	Puhulewewa	Puhulewewa	GND	365
LK-7124085	Rathmale	Rathmale	GND	271
LK-7124090	Welangahaulpatha	Welangahaulpatha	GND	94
LK-7124095	Maradankadawala	Maradankadawala	GND	492
LK-7124100	Horowpothana	Horowpothana	GND	598
LK-7124105	Medawachchi Handiya	Medawachchiya Handiya	GND	220
LK-7124110	Mukkarawewa	Mukkarawewa	GND	418
LK-7124115	Ihala Angunachchiya	Ihala Angunachchiya	GND	320
LK-7124120	Rasnakawewa	Rasnaka Wewa	GND	153
LK-7124125	Walahaviddawewa	Walahaviddawewa	GND	360
LK-7124130	Gammahegewewa	Gammahegewewa	GND	227
LK-7124135	Morakewa	Morakewa	GND	559
LK-7124140	Nanumillawewa	Nanumillawewa	GND	261
LK-7124145	Thirappankadawala	Thirappankadawala	GND	235
LK-7124150	Parangiyawadiya	Parangiyawadiya	GND	261
LK-7124155	Nabadawewa	Nabadawewa	GND	307
LK-7124160	Puliyankadawala	Puliyankadawala	GND	351
LK-7124165	Vilewewa	Vilewewa	GND	187
LK-7124170	Wadigawewa	Wadigawewa	GND	232
LK-7124175	Kalpe	Kalpe	GND	258
LK-7124180	Dekethipothana	Dekethipothana	GND	257
LK-7124185	Dematawewa	Dematawewa	GND	175
LK-7124190	Diyatittawewa	Diyatittawewa	GND	219
LK-7127	Galenbidunuwewa	Galenbindunuwewa	DSD	14371
LK-7127005	Konwewa	Konwewa	GND	210
LK-7127010	Ellawewa	Ellawewa	GND	559
LK-7127015	Kataranpuraya	Kataranpuraya	GND	291
LK-7127020	Dutuwewa	Dutuwewa	GND	253
LK-7127025	Perettupalagama	Perettupala Gama	GND	337
LK-7127030	Kokawewa	Kokawewa	GND	600
LK-7127035	Dutuwewa Paranagama	Dutuwewa Paranagama	GND	405
LK-7127040	21 Colony East	21 Colony East	GND	193
LK-7127045	21 Colony West	21 Colony West	GND	259
LK-7127050	Ulpathgama	Ulpathgama	GND	345
LK-7127055	Upuldeniya	Upuldeniya	GND	440
LK-7127060	Himbutugollewa	Himbutugollewa	GND	280
LK-7127065	Mailagaswewa	Mailagaswewa	GND	226
LK-7127070	Ihalagama	Ihalagama	GND	172
LK-7127075	Galenbindunuwewa	Galenbindunuwewa	GND	542
LK-7127080	Karuwalagaswewa	Karuwalagaswewa	GND	469
LK-7127085	Palugollagama	Palugollagama	GND	373
LK-7127090	Aluth Divulwewa	Aluth Divulwewa	GND	329
LK-7127095	Getalawa	Getalawa	GND	516
LK-7127100	Hurulunikawewa Track-04	Hurulunikawewa	GND	353
LK-7127105	Ilukbadayagama	Ilukbadayagama	GND	567
LK-7127110	Kudagalenbidunuwewa	Kuda Galenbindunuwewa	GND	334
LK-7127115	Thammennagama	Thammennagama	GND	119
LK-7127120	Sivalakulama	Sivalakulama	GND	280
LK-7127125	Gomarankalla	Gomarankalla	GND	248
LK-7127130	Hurulunikawewa Track-03	Hurulunikawewa	GND	293
LK-7127135	Kumbukwewa	Kumbukwewa	GND	482
LK-7127140	Janasirigama	Janasirigama	GND	646
LK-7127145	Kurunegala Colony	Kurunegala Colony	GND	432
LK-7127150	Nuwaragam Colony	Nuwaragam Colony	GND	216
LK-7127155	Hurulu Jayapura	Hurulu Jayapura	GND	278
LK-7127160	Sunanda Mawatha	Sunanda Mawatha	GND	330
LK-7127165	Galwaduwagama	Galwaduwagama	GND	456
LK-7127170	Muriyakadawala	Muriyakadawala	GND	286
LK-7127175	Ihala Galkulama	Ihala Galkulama	GND	474
LK-7127180	Hurulumeegahapattiya	Hurulumeegahapattiya	GND	236
LK-7127185	Nuwaraeli Colony	Nuwaraeli Colony	GND	136
LK-7127190	Pandikaramaduwa	Pandikaramaduwa	GND	302
LK-7127195	Yakalla	Yakalla	GND	607
LK-7127200	Manankattiya	Manankattiya	GND	354
LK-7127205	Wannamkulama	Wannamkulama	GND	143
LK-7130	Mihinthale	Mihinthale	DSD	11419
LK-7130005	Ukkulankulama	Ukkulankulama	GND	359
LK-7130010	Mahakanadarawa L.B. Track 03	Mahakanadarawa Track 3	GND	272
LK-7130015	Mahakanadarawa L.B. Track 02	Mahakanadarawa Track 2	GND	325
LK-7130020	Mahakanadarawa L.B. Track 01	Mahakanadarawa Track 1	GND	291
LK-7130025	Maradankulama	Maradankulama	GND	452
LK-7130030	Doramadalawa	Doramadalawa	GND	292
LK-7130035	Kunchikulama	Kunchikulama	GND	1092
LK-7130040	Henewatta	Henawatta	GND	746
LK-7130045	Nuwarawewa	Nuwarawewa	GND	536
LK-7130050	Kurundankulama	Kurundankulama	GND	842
LK-7130055	Kannattiya	Kannattiya	GND	539
LK-7130060	Mihinthale	Mihinthale	GND	709
LK-7130065	Ruwangama	Ruwangama	GND	776
LK-7130070	Namalwewa	Namalwewa	GND	454
LK-7130075	Bogahayaya	Bogahayaya	GND	417
LK-7130080	Pothana	Pothana	GND	489
LK-7130085	Seeppukulama	Seeppukulama	GND	405
LK-7130090	Thammennawa	Thammmennawa	GND	200
LK-7130095	Kasamaduwa	Kasamaduwa	GND	356
LK-7130100	Katukeliyawa	Katukeliyawa	GND	420
LK-7130105	Kattaduwagama	Kattambuwagama	GND	210
LK-7130110	Kahapathvilagama	Kahapathvilagama	GND	169
LK-7130115	Ihalagama	Ihalagama	GND	265
LK-7130120	Maradankalla	Maradankalla	GND	409
LK-7130125	Wellaragama	Wellaragama	GND	394
LK-7133	Nuwaragam Palatha East	Nuwaragam Palatha East	DSD	21194
LK-7133005	Nuwara Wewa	Nuwara Wewa	GND	523
LK-7133010	Step1 Part 1	Step 1 part 1	GND	413
LK-7133015	Mahakalattewa	Mahakalattewa	GND	627
LK-7133020	Thariyankulama	Thariyankulama	GND	414
LK-7133025	Nelumkanniya	Nelunkanniya	GND	446
LK-7133030	Kuda Nelumkulama	Kuda Nelumkulama	GND	649
LK-7133035	Keerikkulama	Keerikkulama	GND	634
LK-7133040	Thammennapura	Thammennapura	GND	827
LK-7133045	Wannithammennawa	Wannithammennawa	GND	621
LK-7133050	Thammennakulama	Thammennakulama	GND	1448
LK-7133055	Step 1 Part 2	Step 1 part 2	GND	409
LK-7133060	Step 2 Part 3	Step 2 part 3	GND	717
LK-7133065	Step 2 Part 2	Step 2 part 2	GND	959
LK-7133070	Pothanegama	Pothanegama	GND	941
LK-7133075	Step 3 Part 3	Step 3 part 3	GND	1347
LK-7133080	Step 2 Part 1	Step2 part 1	GND	970
LK-7133085	Step 2 Part 4	Step 2 part 4	GND	883
LK-7133090	Wanniyankulama Kotasa 4	Wanniyankulama Kotasa 4	GND	552
LK-7133095	Wanniyankulama Kotasa 5	Wanniyankulama Kotasa 5	GND	629
LK-7133100	Wanniyankulama Kotasa 6	Wanniyankulama Kotasa 6	GND	612
LK-7133105	Gnanikulama	Gnanikulama	GND	468
LK-7133110	Kawarakkulama	Kawarakkulama	GND	794
LK-7133115	Mahapaladikulama	MahaPaladikulama	GND	974
LK-7133120	Step 3 Part 1	Step 3 part 1	GND	892
LK-7133125	Step 3 Part 2	Step 3 part 2	GND	978
LK-7133130	Wanniyankulama Kotasa 3	Wanniyankulama kotasa 3	GND	419
LK-7133135	Wanniyankulama Kotasa 1	Wanniyankulama kotasa 1	GND	972
LK-7133140	Wanniyankulama Kotasa 2	Wanniyankulama kotasa 2	GND	559
LK-7133145	Sucharithagama	Sucharithagama	GND	517
LK-7136	Nachchaduwa	Nachchaduwa	DSD	8180
LK-7136005	Kimbulakada	Kimbulakada	GND	570
LK-7136010	Shrawasthipura	Shrawasthipura	GND	693
LK-7136015	Kuda Nelubewa	Kuda Nelubewa	GND	418
LK-7136020	Shrawasthiwatta	Shrawasthiwatta	GND	521
LK-7136025	Aluthwewa	Aluthwewa	GND	595
LK-7136030	Amane	Amane	GND	524
LK-7136035	Maha Nelubewa	Maha Nelubewa	GND	385
LK-7136040	Divulwewa	Divulwewa	GND	348
LK-7136045	Hidogama	Hidogama	GND	485
LK-7136050	Pawakkulama	Pawakkulama	GND	367
LK-7136055	Kaluvila North	Kaluvila North	GND	289
LK-7136060	Madawalagama	Madawalagama	GND	191
LK-7136065	Nachchadoowa	"Nachchaduwa
"	GND	310
LK-7136070	Nachchadoowa New Town	Nachchaduwa New Town	GND	557
LK-7136075	Palayakulama	Palayakulama	GND	388
LK-7136080	Suhadagama	Suhadagama	GND	400
LK-7136085	Thuruvila	Thuruwila	GND	449
LK-7136090	Kaluarachchiyagama	Kaluarachchiyagama	GND	351
LK-7136095	Pahalawewa	Pahalawewa	GND	339
LK-7139	Nochchiyagama	Nochchiyagama	DSD	15943
LK-7139005	Kukulkatuwa	Kukulkatuwa	GND	227
LK-7139010	Ittikulama	Ittikulama	GND	284
LK-7139015	Ranorawa	Ranorawa	GND	131
LK-7139020	Mahalindawewa	Mahalindawewa	GND	37
LK-7139025	Bogahawewa	Bogahawewa	GND	520
LK-7139030	Ambagahawewa	Ambagahawewa	GND	244
LK-7139035	Ehetuwagama	Ehetuwagama	GND	313
LK-7139040	Thalgaswewa	Thalgaswewa	GND	273
LK-7139045	Hunuvilagama	Hunuvilagama	GND	303
LK-7139050	Horuvila	Horuvila	GND	276
LK-7139055	Lindawewa	Lindawewa	GND	388
LK-7139060	Kusumpura	Kusumpura	GND	692
LK-7139065	Mudithagama	Mudithagama	GND	1025
LK-7139070	Ralapanawagama	Ralapanawagama	GND	496
LK-7139075	Adampane	Adampane	GND	407
LK-7139080	Andarawewa	Andarawewa	GND	488
LK-7139085	Ralapanawa Colony	Ralapanawa Colony	GND	509
LK-7139090	Nochchiyagama	Nochchiyagama	GND	950
LK-7139095	Dunudambuwewa	Dunudambuwewa	GND	394
LK-7139100	Thimbiriwewa	Thimbiriwewa	GND	400
LK-7139105	Katupathwewa	Katupathwewa	GND	400
LK-7139110	Pahala Maragahawewa	Pahala Maragahawewa	GND	298
LK-7139115	Nelawagama	Nelawagama	GND	674
LK-7139120	Pahala Halmillewa	Pahala Halmillewa	GND	618
LK-7139125	Halmillakulama	Halmillakulama	GND	678
LK-7139130	Dunupothagama	Dunupothagama	GND	330
LK-7139135	Dombawalagama	Dombawalagama	GND	466
LK-7139140	Pahamunegama	Pahamunegama	GND	495
LK-7139145	Navakkulama	Navakkulama	GND	481
LK-7139150	Galadivulwewa	Galadivulwewa	GND	279
LK-7139155	Jayagama	Jayagama	GND	352
LK-7139160	Amunukole	Amunukole	GND	596
LK-7139165	Mihiripura	Mihiripura	GND	295
LK-7139170	Pahala Kedithokkuwa	Pahala Kedithokkuwa	GND	408
LK-7139175	Rankethgama	Rankethgama	GND	681
LK-7139180	Ottappuwa	Ottappuwa	GND	535
LK-7142	Rajanganaya	Rajanganaya	DSD	10677
LK-7142005	Track 13,18	Thulana Track 18	GND	512
LK-7142010	Track 16,17	Track 16, 17	GND	1050
LK-7142015	Veheragala	Veheragala	GND	852
LK-7142020	Yaya 12	Track 12	GND	461
LK-7142025	Track 09 - 10	Track 09 - 10	GND	578
LK-7142030	Track 11	Track 11	GND	371
LK-7142035	Track 15	Track 15	GND	823
LK-7142040	Gemunupura	Gemunupura	GND	573
LK-7142045	Track 07	Track 07	GND	408
LK-7142050	Thumbullegama	Thumbullegama	GND	468
LK-7142055	Randenigama	Randenigama	GND	426
LK-7142060	Track 04	Track 04	GND	401
LK-7142065	Track 03	Track 03	GND	323
LK-7142070	Naigala	Naigala	GND	427
LK-7142075	Thissapura	Thissapura	GND	268
LK-7142080	Maha Thimbirikalla	Maha Thimbirikalla	GND	607
LK-7142085	Angamuwa	Angamuwa	GND	434
LK-7142090	04 1/2 Kanuwa	4 1/2 Kanuwa	GND	423
LK-7142095	Sirimapura	Sirimapura	GND	404
LK-7142100	Panthiyawa	Panthiyawa	GND	369
LK-7142105	Kalundegama	Kalundegama	GND	499
LK-7145	Thambuththegama	Thambuttegama	DSD	13271
LK-7145005	Kongollewa	Kongollewa	GND	750
LK-7145010	Kelegama	Kelegama	GND	498
LK-7145015	Pahalagama	Pahalagama	GND	462
LK-7145020	Solama	Solama	GND	385
LK-7145025	Maha Bellankadawala	Maha Bellankadawala	GND	568
LK-7145030	Eriyagama	Eriyagama	GND	345
LK-7145035	Delnegama	Delnegama	GND	408
LK-7145040	Kuda Bellankadawala	Kuda Bellankadawala	GND	378
LK-7145045	Konwewa	Konwewa	GND	567
LK-7145050	Jayasirigama	Jayasirigama	GND	305
LK-7145055	Lunuwewa	Lunuwewa	GND	369
LK-7145060	Veheragala	Veheragala	GND	683
LK-7145065	Thammennagama	Thammennagama	GND	1111
LK-7145070	Nallachchiya	Nallachchiya	GND	850
LK-7145075	Galviharawewa	Galviharawewa	GND	398
LK-7145080	Thelhiriyawa	Thelhiriyawa	GND	466
LK-7145085	Ikiriwewa	Ikiriwewa	GND	1096
LK-7145090	Musalpitiya	Musalpitiya	GND	497
LK-7145095	Thambuttegama	Thambuttegama	GND	508
LK-7145100	Thispanepura	Thispanepura	GND	270
LK-7145105	Makulewa	Makulewa	GND	426
LK-7145110	Thammennawa	Thammennawa	GND	530
LK-7145115	Mudungoda	Mudungoda	GND	456
LK-7145120	Helambawewa	Helambawewa	GND	238
LK-7145125	Hureegaswewa	Hureegaswewa	GND	374
LK-7145130	Weliyawa	Weliyawa	GND	333
LK-7148	Thalawa	Thalawa	DSD	17628
LK-7148005	Daladapura	Daladapura	GND	241
LK-7148010	Pahala Thalawa	Pahala Thalawa	GND	380
LK-7148015	Moragoda	Moragoda	GND	609
LK-7148020	Kumbukgahawewa	Kumbukgahawewa	GND	528
LK-7148025	Nawa Hanguranketha	Nawa Hanguranketha	GND	506
LK-7148030	Hirigollegama	Hirigollegama	GND	443
LK-7148035	Karagahawewa	Karagahawewa	GND	788
LK-7148040	Ihala Thalawa	Ihala Thalawa	GND	630
LK-7148045	Hinguruwewa	Hinguruwewa	GND	370
LK-7148050	Korakahawewa	Korakahawewa	GND	292
LK-7148055	Kurunduwewa	Kurunduwewa	GND	671
LK-7148060	Meegassegama	Meegassegama	GND	477
LK-7148065	Kiralogama	Kiralogama	GND	428
LK-7148070	Kadurugaswewa	Kadurugaswewa	GND	314
LK-7148075	Palugaswewa	Palugaswewa	GND	656
LK-7148080	Ketakale	Ketakale	GND	528
LK-7148085	Rajjallegama	Rajjallegama	GND	292
LK-7148090	Eliyadivulwewa	Eliyadivulwewa	GND	538
LK-7148095	Ihala Siyambalewa	Ihala Siyambalewa	GND	703
LK-7148100	Eppawala	Eppawala	GND	566
LK-7148105	Mawathawewa	Mawathawewa	GND	374
LK-7148110	Nallamudawa	Nallamudawa	GND	418
LK-7148115	Medagama	Medagama	GND	494
LK-7148120	Kiriamunukole	Kiriamunukole	GND	478
LK-7148125	Kadigawa	Kadigawa	GND	252
LK-7148130	Mediyawa	Mediyawa	GND	264
LK-7148135	Katiyawa Track 02	Katiyawa Track 02	GND	233
LK-7148140	Galwaduwagama	Galwaduwagama	GND	343
LK-7148145	Ihala Halmillewa	Ihala Halmillewa	GND	340
LK-7148150	Adhiranigama	Adhiranigama	GND	487
LK-7148155	Katiyawa Track 10	Katiyawa Track 10	GND	324
LK-7148160	Katiyawa Track 09	Katiyawa Track 09	GND	518
LK-7148165	Katiyawa Track 01	Katiyawa Track 01	GND	569
LK-7148170	Endagala	Endagala	GND	460
LK-7148175	Kelesiyambalewa	Kelesiyambalewa	GND	439
LK-7148180	Galmaduwa	Galmaduwa	GND	294
LK-7148185	Ihalagama	Ihalagama	GND	390
LK-7148190	Keledivulwewa	Keledivulwewa	GND	347
LK-7148195	Katiyawa Track 06	Katiyawa Track 06	GND	644
LK-7151	Thirappane	Thirappane	DSD	8897
LK-7151005	Karuwalagaswewa	Karuwalagaswewa	GND	146
LK-7151010	Galkulama	Galkulama	GND	223
LK-7151015	Gnanikkulama	Gnanikkulama	GND	200
LK-7151020	Perimiyankulama	Perimiyankulama	GND	135
LK-7151025	Wannamkulama	Wannamkulama	GND	85
LK-7151030	Uttimaduwa	Uttimaduwa	GND	164
LK-7151035	Dematawewa	Dematawewa	GND	117
LK-7151040	Pairimaduwa	Pairimaduwa	GND	255
LK-7151045	Kuttikulama	Kuttikulama	GND	302
LK-7151050	Puliyankulama	Puliyankulama	GND	240
LK-7151055	Mawathawewa	Mawathawewa	GND	134
LK-7151060	Periyakulama	Periyakulama	GND	120
LK-7151065	Ethungama South	Ethungama South	GND	282
LK-7151070	Meewellewa	Meewellewa	GND	347
LK-7151075	Ethungama North	Ethungama North	GND	318
LK-7151080	Aluth Punchikulama	Aluth Punchikulama	GND	271
LK-7151085	Wannammaduwa	Wannammaduwa	GND	297
LK-7151090	Thirappane Kadaweediya	Thirappane Kadaweediya	GND	278
LK-7151095	Thirappanegama	Thirappanegama	GND	256
LK-7151100	Sembukulama	Sembukulama	GND	259
LK-7151105	Wellamudawa	Wellamudawa	GND	234
LK-7151110	Selesthimaduwa	Selesthimaduwa	GND	288
LK-7151115	Idigahawewa	Idigahawewa	GND	147
LK-7151120	Paindikulama	Perimiyankulama	GND	204
LK-7151125	Walagambahuwa	Walagambahuwa	GND	158
LK-7151130	Mahakanumulla	Mahakanumulla	GND	120
LK-7151135	Alisthana	Alisthana	GND	360
LK-7151140	Dayagama	Dayagama	GND	96
LK-7151145	Wanamal Uyana	Wanamal Uyana	GND	357
LK-7151150	Manakkulama	Manakkulama	GND	194
LK-7151155	Pethis Rambewa	Pethis Rambewa	GND	228
LK-7151160	Kattamurichchana	Kattamurichchana	GND	230
LK-7151165	Kandupagama	Kandupagama	GND	164
LK-7151170	Labunoruwa	Labunoruwa	GND	288
LK-7151175	Pahala Ambathale	Pahala Ambathale	GND	79
LK-7151180	Ihala Ambathale	Ihala Ambathale	GND	317
LK-7151185	Alagollewa	Alagollewa	GND	223
LK-7151190	Muriyakadawala	Muriyakadawala	GND	174
LK-7151195	Amunichchiya	Amunichchiya	GND	137
LK-7151200	Sandapagama	Sandapagama	GND	202
LK-7151205	Uttupitiya	Uttupitiya	GND	268
LK-7154	Kekirawa	Kekirawa	DSD	18082
LK-7154005	Navakkulama	Navakkulama	GND	306
LK-7154010	Moragoda	Moragoda	GND	268
LK-7154015	Mahadivulwewa	Mahadivulwewa	GND	187
LK-7154020	Keeriyagaswewa	Keeriyagaswewa	GND	116
LK-7154025	Ihala Puliyankulama	Ihala Puliyankulama	GND	442
LK-7154030	Kelepuliyankulama	Kelepuliyankulama	GND	250
LK-7154035	Maradankadawala	Maradankadawala	GND	780
LK-7154040	Thoruwewa	Thoruwewa	GND	200
LK-7154045	Maminiyawa	Maminiyawa	GND	171
LK-7154050	Maminiya Rambewa	Maminiya Rambewa	GND	399
LK-7154055	Ganewalpola	Ganewalpola	GND	465
LK-7154060	Heenukkiriyawa	Heenukkiriyawa	GND	355
LK-7154065	Embulgaswewa	Embulgaswewa	GND	194
LK-7154070	Olukarada	Olukarada	GND	233
LK-7154075	Kollankuttigama	Kollankuttigama	GND	428
LK-7154080	Mudaperumagama	Mudaperumagama	GND	229
LK-7154085	Ihalagama	Ihalagama	GND	250
LK-7154090	Shasthrawelliya	Shasthrawelliya	GND	158
LK-7154095	Railway Town	Railway Town	GND	356
LK-7154100	Maradankadawala Road	Maradankadawala Road	GND	418
LK-7154105	Maldenipura	Maldenipura	GND	350
LK-7154110	Mankadawala	Mankadawala	GND	214
LK-7154115	Medawewa	Medawewa	GND	202
LK-7154120	Pothanegama	Pothanegama	GND	606
LK-7154125	Kuda Kekirawa	Kuda Kekirawa	GND	487
LK-7154130	Kekirawa Town	Kekirawa Town	GND	229
LK-7154135	Malawa	Malawa	GND	398
LK-7154140	Neekiniyawa	Neekiniyawa	GND	367
LK-7154145	Mailagaswewa	Mailagaswewa	GND	221
LK-7154150	Karukkankulama	Karukkankulama	GND	203
LK-7154155	Olombewa	Olombewa	GND	574
LK-7154160	Maha Kekirawa	Maha Kekirawa	GND	802
LK-7154165	Kumbukwewa	Kumbukwewa	GND	299
LK-7154170	Rathmallewa	Rathmallewa	GND	228
LK-7154175	Medagama	Medagama	GND	199
LK-7154180	Korasagalla	Korasagalla	GND	213
LK-7154185	Unagollewa	Unagollewa	GND	252
LK-7154190	Horapola	Horapola	GND	423
LK-7154195	Dambewatana	Dambewatana	GND	378
LK-7154200	Uduruwa	Uduruwa	GND	312
LK-7154205	Nidigama	Nidigama	GND	534
LK-7154210	Maha Elagamuwa	Maha Elagamuwa	GND	544
LK-7154215	Pallehingura	Pallehingura	GND	211
LK-7154220	Nelbegama	Nelbegama	GND	163
LK-7154225	Murungahitikanda	Murungahitikanda	GND	399
LK-7154230	Baravila	Baravila	GND	161
LK-7154235	Bandarapothana	Bandarapothana	GND	432
LK-7154240	Kotagala	Kotagala	GND	323
LK-7154245	Madatugama	Madatugama	GND	510
LK-7154250	Dunumadalawa	Dunumadalawa	GND	324
LK-7154255	Kandalama West	Kandalama West	GND	364
LK-7154260	Kithulhitiyawa	Kithulhitiyawa	GND	388
LK-7154265	Kandalama East	Kandalama East	GND	567
LK-7157	Palugaswewa	Palugaswewa	DSD	5145
LK-7157005	Maithrigama	Maithreegama	GND	128
LK-7157010	Maha Rambawewa	Maharabawewa	GND	204
LK-7157015	Madawala	Madawala	GND	336
LK-7157020	Eppawala	Eppawala	GND	310
LK-7157025	Galapitagala	Galapitagala	GND	157
LK-7157030	Kumbukwewa	Kumbukwewa	GND	209
LK-7157035	Senadhiriyagama	Senadhiriyagama	GND	285
LK-7157040	Horivila	Horivila	GND	370
LK-7157045	Palugaswewa	Palugaswewa	GND	348
LK-7157050	Kuda Rambawewa	Kuda Rambawewa	GND	231
LK-7157055	Habarana	Habarana	GND	1065
LK-7157060	Demuththewa	Demuththewa	GND	139
LK-7157065	Kelewa	Kelewa	GND	330
LK-7157070	Wayaulpatha	Wayaulpatha	GND	326
LK-7157075	Hiriwadunna	Hiriwadunna	GND	327
LK-7157080	Kashyapagama	Kashyapagama	GND	380
LK-7160	Ipalogama	Ipalogama	DSD	12338
LK-7160005	Dikwewa Senapura	Dikwewa-Senapura	GND	530
LK-7160010	Galagedara Gama	Galagedara Gama	GND	90
LK-7160015	Senapuragama	Senapura Gama	GND	184
LK-7160020	Mahailuppallama	Mahailuppallama	GND	332
LK-7160025	Gonapathirawa	Gonapathirawa	GND	480
LK-7160030	Sangattewa	Sangattewa	GND	537
LK-7160035	Kadiyangalla	Kadiyangalla	GND	474
LK-7160040	Ipalogama	Ipalogama	GND	370
LK-7160045	Manewa	Manewa	GND	239
LK-7160050	Heenukwegama	Heenukwe Gama	GND	178
LK-7160055	Dampelassagama	Dampelessa Gama	GND	279
LK-7160060	Ihala Kagama	Ihala Kagama	GND	271
LK-7160065	Kunchikulama	Kunchikulama	GND	1614
LK-7160070	Hiripitiyagama	Hiripitiya Gama	GND	610
LK-7160075	Aswedduma	Aswedduma	GND	231
LK-7160080	Ganthiriyagama	Ganthiriya Gama	GND	350
LK-7160085	Galwanguwa	Galwanguwa	GND	371
LK-7160090	Wedinigama	Wedinigama	GND	321
LK-7160095	Narangallegama	Narangallegama	GND	279
LK-7160100	Kallanchiyagama	Kallanchiya Gama	GND	480
LK-7160105	Aluth Dambewatana	Aluth Dambewatana	GND	130
LK-7160110	Kagama 5 Ela	Kagama 5 Ela	GND	281
LK-7160115	2 Ela - Kagama	2 Ela Kagama	GND	229
LK-7160120	Akkara 500	Akkara 500	GND	260
LK-7160125	Amunuwetiya	Amunuwetiya	GND	329
LK-7160130	Puliyankulama	Puliyankulama	GND	575
LK-7160135	Vijithapura	Vijithapura	GND	349
LK-7160140	Amanakkattuwa	Amanakkattuwa	GND	78
LK-7160145	Kalawewa	Kalawewa	GND	288
LK-7160150	Kusalanagama	Kusalanagama	GND	524
LK-7160155	Palugaswewa Farm	Palugaswewa Farm	GND	413
LK-7160160	Walawwegama	Walawwegama	GND	662
LK-7163	Galnewa	Galnewa	DSD	11372
LK-7163005	Namalgamuwa	Namalgamuwa	GND	394
LK-7163010	Obadayagama	Obadayagama	GND	450
LK-7163015	Otunupelandigama	Otunupelandigama	GND	482
LK-7163020	Karuwalagaswewa	Karuwalagaswewa	GND	653
LK-7163025	Usgala Halmillawewa	Usgala Halmillawewa	GND	378
LK-7163030	Helabodugama	Helabodu Gama	GND	572
LK-7163035	Kattaragama	Kattaragama	GND	384
LK-7163040	Bulnewa	Bulnewa	GND	536
LK-7163045	Thorane Gama	Thorane Gama	GND	396
LK-7163050	Midellewa	Midellewa	GND	585
LK-7163055	Ihala Kalankuttiya	Ihala Kalankuttiya	GND	435
LK-7163060	Pahala Kalankuttiya	Pahala Kalankuttiya	GND	455
LK-7163065	Siyambalewa	Siyambalewa	GND	242
LK-7163070	Lolugaswewa	Lolugaswewa	GND	414
LK-7163075	Pitiye Yaya	Pitiye Yaya	GND	465
LK-7163080	Galnewagama	Galnewa Gama	GND	350
LK-7163085	Galnewa Town	Galnewa Town	GND	183
LK-7163090	Malbaligala	"Malbaligala
"	GND	570
LK-7163095	Hadungama	Hadungama	GND	333
LK-7163100	Musnawa	Musnawa	GND	205
LK-7163105	Kala - Medawachchiya	Kala-Medawachchiya	GND	507
LK-7163110	Kumbukwewa	Kumbukwewa	GND	75
LK-7163115	Kallanchiya	Kallanchiya	GND	200
LK-7163120	Negama	Negama	GND	419
LK-7163125	Verunkulama	Verunkulama	GND	378
LK-7163130	Walaswewa	Walaswewa	GND	667
LK-7163135	Kandegama	Kandegama	GND	192
LK-7163140	Kandulegama	Kandule Gama	GND	70
LK-7163145	Kandulugamuwa	Kandulugamuwa	GND	173
LK-7163150	Siyambalangamuwa South	Siyambalangamuwa South	GND	209
LK-7166	Palagala	Palagala	DSD	11061
LK-7166005	Nelliyagama	Nelliyagama	GND	336
LK-7166010	Balaluwewa 2	Balaluwewa 2	GND	287
LK-7166015	Balaluwewa1	Balaluwewa	GND	274
LK-7166020	Pahalagama	Pahalagama	GND	217
LK-7166025	Karavilagala	Karavilagala	GND	129
LK-7166030	Gam Sabha Halmilla Wewa	Gam Sabha Halmilla Wewa	GND	425
LK-7166035	Gonadeniyagama	Gonadeniyagama	GND	296
LK-7166040	Meewewa	Meewewa	GND	123
LK-7166045	Ambagaswewa	Ambagaswewa	GND	195
LK-7166050	Wambatuwewa	Wambatuwewa	GND	202
LK-7166055	Hinguruwewa	Hinguruwewa	GND	268
LK-7166060	Kirindiwatta	Kirindiwatta	GND	267
LK-7166065	Aluth Galkiriyagama	Aluth Galkiriyagama	GND	359
LK-7166070	Daniyagama	Daniyagama	GND	353
LK-7166075	Undurawa Halmilla Wewa	Undurawa Halmillawewa	GND	228
LK-7166080	Katukeliyawa	Katukeliyawa	GND	368
LK-7166085	Aluth Kadadugama	Aluth Kadadugama	GND	426
LK-7166090	Ranawa	Ranawa	GND	560
LK-7166095	Hinguruwelpitiya	Hinguruwelpitiya	GND	352
LK-7166100	Anakatawewa	Anakatawewa	GND	520
LK-7166105	Giranegama	Giranegama	GND	707
LK-7166110	Dambulu Halmilla Wewa	Dambuluhalmillawewa	GND	395
LK-7166115	Narangaswewa	Narangaswewa	GND	397
LK-7166120	Ulpathagama	Ulpathagama	GND	368
LK-7166125	Ellawewa	Ellawewa	GND	382
LK-7166130	Andiyagala	Andiyagala	GND	281
LK-7166135	Maneruwa	Maneruwa	GND	219
LK-7166140	Ipulwehera	Ipulwehera	GND	271
LK-7166145	Gambirigaswewa	Gambirigaswewa	GND	194
LK-7166150	Parawahagama	Parawahagama	GND	285
LK-7166155	Kalugala	Kalugala	GND	396
LK-7166160	Pelbendiyawa	Pelbendiyawa	GND	225
LK-7166165	Morotte Gama	Morottegama	GND	319
LK-7166170	Dematagollagama	Dematagollagama	GND	214
LK-7166175	Budugehinna	Budugehinna	GND	223
LK-72	Polonnaruwa	Polonnaruwa	DISTRICT	126482
LK-7203	Higurakgoda	Hingurakgoda	DSD	20141
LK-7203005	Sinhagama	Sinhagama	GND	507
LK-7203010	Galoya	Galoya	GND	447
LK-7203015	Rotawewa	Rotawewa	GND	464
LK-7203020	Rathmale	Rathmale	GND	300
LK-7203025	Paluwaddana	Paluwaddana	GND	270
LK-7203030	Yodha Ela	Yodha Ela	GND	514
LK-7203035	Yatiyalpathana	Yatiyalpathana	GND	454
LK-7203040	Rankothgama	Rankothgama	GND	383
LK-7203045	Siriketha	Siriketha	GND	316
LK-7203050	Kumaragama	Kumaragama	GND	290
LK-7203055	Samapura	Samapura	GND	575
LK-7203060	Kimbulawala	Kimbulawala	GND	438
LK-7203065	Ulpathwewa	Ulpathwewa	GND	420
LK-7203070	Minihirigama	Minihirigama	GND	269
LK-7203075	Moragaswewa	Moragaswewa	GND	773
LK-7203080	Mahasengama	Mahasengama	GND	312
LK-7203085	Bathgampattuwa	Bathgampaththuwa	GND	505
LK-7203090	Samagipura	Samagipura	GND	539
LK-7203095	Minneriya	Minneriya	GND	189
LK-7203100	Pasiyawewa	Pasiyawewa	GND	397
LK-7203105	Akkara 70	Akkara 70	GND	493
LK-7203110	R.B. 01	R.B. 01	GND	520
LK-7203115	Pulathisigama	Pulathisigama	GND	344
LK-7203120	Ulkatupotha	Ulkatupotha	GND	659
LK-7203125	Bopura	Bopura	GND	430
LK-7203130	Jayapura	Jayapura	GND	280
LK-7203135	Hinguraka Bandaragama	Hinguraka Bandaragama	GND	305
LK-7203140	Hinguraka	Hinguraka	GND	256
LK-7203145	Hathamuna	Hathamuna	GND	413
LK-7203150	Hingurakgoda	Hingurakgoda	GND	151
LK-7203155	Bubula	Bubula	GND	244
LK-7203160	Raja Ela	Raja Ela	GND	430
LK-7203165	Rajaelagama	Raja Ela Gama	GND	360
LK-7203170	Muwanpelessa	Muwanpelessa	GND	330
LK-7203175	C.P.Pura	C.P.Pura	GND	337
LK-7203180	Girithale	Girithale	GND	358
LK-7203185	Girithale Puranagama	Girithale Puranagama	GND	218
LK-7203190	Girithale Colony	Girithale Colony	GND	429
LK-7203195	Henkolawela	Henkolawela	GND	361
LK-7203200	Jayanthipura	Jayanthipura	GND	449
LK-7203205	Unagalavehera West	Unagalavehera West	GND	464
LK-7203210	Unagalavehera East	Unagalavehera East	GND	251
LK-7203215	Chandanapokuna	Chandana Pokuna	GND	367
LK-7203220	Nagapokuna	Nagapokuna	GND	293
LK-7203225	Yaya 12 Pedesa	Track 12 Pedesa	GND	351
LK-7203230	Chethiyagirigama	Chethiyagirigama	GND	274
LK-7203235	Weeragama	Weeragama	GND	247
LK-7203240	Yaya 05 Pedesa	Track 05 Pedesa	GND	279
LK-7203245	Wijayarajawewa	Wijayaraja Wewa	GND	498
LK-7203250	Agbopura	Agbopura	GND	429
LK-7203255	Katukeliyawa	Katukeliyawa	GND	268
LK-7203260	Sudukanda - Nikawewa	Sudukanda - Nikawewa	GND	308
LK-7203265	Thambalawewa	Thambalawewa	GND	383
LK-7206	Medirigiriya	Medirigiriya	DSD	20510
LK-7206005	Wedikachchiya	Wedikachchiya	GND	806
LK-7206010	Jayathugama	Jayathugama	GND	424
LK-7206015	Ekamuthugama	Ekamuthugama	GND	361
LK-7206020	Meegaswewa	Meegaswewa	GND	538
LK-7206025	Palliyagodella	Palliyagodella	GND	222
LK-7206030	Wadigawewa	Wadigawewa	GND	345
LK-7206035	Senarathpura	Senarathpura	GND	646
LK-7206040	Etambaoya	Etambaoya	GND	319
LK-7206045	Kavuduluwewa	Kavuduluwewa (Ralapanawa)	GND	605
LK-7206050	Meniksorowwa	Meniksorowwa	GND	315
LK-7206055	Bisobandara	Bisobandara	GND	521
LK-7206060	Thissapura	Thissapura	GND	277
LK-7206065	Abhayapuragama	Abhayapuragama	GND	508
LK-7206070	New Town	New Town	GND	678
LK-7206075	Diggalpura	Diggalpura	GND	393
LK-7206080	Wedehapura	Wedehapura	GND	383
LK-7206085	Bisobandaragama	Bisobandara Gama	GND	504
LK-7206090	Ambagaswewa	Ambagaswewa	GND	646
LK-7206095	Jayagampura	Jayagampura	GND	211
LK-7206100	Nagarapura	Nagarapura	GND	293
LK-7206105	Kumudupura	Kumudupura	GND	328
LK-7206110	Damsopura	Damsopura	GND	581
LK-7206115	Aluthwewa	Aluthwewa	GND	425
LK-7206120	Thalakolawewa	Thalakolawewa	GND	489
LK-7206125	Ihalagama	Ihalagama	GND	522
LK-7206130	Wijayapura	Wijayapura	GND	281
LK-7206135	Bisouyana	Bisouyana	GND	476
LK-7206140	Diyasenpura	Diyasenpura	GND	530
LK-7206145	Gajabapura	Gajabapura	GND	535
LK-7206150	Kavudulugama	Kavudulugama	GND	281
LK-7206155	Mandalagiriya	Mandalagiriya	GND	396
LK-7206160	Medirigiriya	Medirigiriya	GND	830
LK-7206165	Viharagama	Viharagama	GND	400
LK-7206170	Divulankadawala	Divulankadawala	GND	569
LK-7206175	Nelumpokuna	Nelumpokuna	GND	389
LK-7206180	Thissa Amuna	Thissa Amuna	GND	529
LK-7206185	Kusumpokuna	Kusumpokuna	GND	432
LK-7206190	Wijayarajapura	Wijayarajapura	GND	291
LK-7206195	Perakumpura	Perakumpura	GND	411
LK-7206200	Kahambiliyawa	Kahambiliyawa	GND	427
LK-7206205	Akbarpura	Akbarpura	GND	245
LK-7206210	Sansungama	Sansungama	GND	341
LK-7206215	Veheragala	Veheragala	GND	444
LK-7206220	Mahasenpura	Mahasenpura	GND	406
LK-7206225	Yudhaganawa	Yudhaganawa	GND	957
LK-7209	Lankapura	Lankapura	DSD	11364
LK-7209005	Weli Ela	Weli Ela	GND	352
LK-7209010	Mahakirimetiya	Maha Kirimetiya	GND	254
LK-7209015	Buddhayaya	Buddhayaya	GND	327
LK-7209020	Sungavila	Sungavila	GND	337
LK-7209025	Jayabima	Jayabima	GND	165
LK-7209030	Jayapura	Jayapura	GND	811
LK-7209035	Nelumpura	Nelumpura	GND	504
LK-7209040	Patunugama	Patunugama	GND	344
LK-7209045	Munisirigama	Munisirigama	GND	274
LK-7209050	Pansalgodella	Pansalgodella	GND	372
LK-7209055	Galamuna	Galamuna	GND	196
LK-7209060	Hingurakdamana	Hingurakdamana	GND	328
LK-7209065	Gemunupura	Gemunupura	GND	494
LK-7209070	Senanayakapura	Senanayakapura	GND	295
LK-7209075	Debarella	Debarella	GND	397
LK-7209080	Somapura	Somapura	GND	365
LK-7209085	Abhayapura	Abhayapura	GND	455
LK-7209090	Sanghabodhi Gama	Sanghabodhigama	GND	317
LK-7209095	Pulasthigama	Pulasthigama	GND	457
LK-7209100	Kegalugama	Kegalugama	GND	431
LK-7209105	Thalpotha	Thalpotha	GND	349
LK-7209110	Bauddhartha Gama	Bauddhartha Gama	GND	511
LK-7209115	Lankapura	Lankapura	GND	397
LK-7209120	Rifaipura	Rifaipura	GND	623
LK-7209125	Alhilalpura	Alhilalpura	GND	837
LK-7209130	Thambala	Thambala	GND	703
LK-7209135	Onegama Muslimgama	Onegama Muslimgama	GND	57
LK-7209140	Weerapura	Weerapura	GND	412
LK-7210	Welikanda	Welikanda	DSD	11005
LK-7210005	Sinhapura	Sinhapura	GND	1151
LK-7210010	Kandakaduwa	Kandakaduwa	GND	101
LK-7210015	Katuwanvila West	Katuwanvila West	GND	298
LK-7210020	Katuwanvila East	Katuwanvila East	GND	669
LK-7210025	Kudapokuna	Kudapokuna	GND	330
LK-7210030	Muthuwella	Muthuwella	GND	179
LK-7210035	Mahindagama	Mahindagama	GND	1624
LK-7210040	Mangulpokuna	Mangulpokuna	GND	534
LK-7210045	Ruhunuketha	Ruhunuketha	GND	182
LK-7210050	Malvila	Malvila	GND	138
LK-7210055	Nawasenapura	Senapura	GND	466
LK-7210060	Muthugala	Muthugala	GND	253
LK-7210065	Alinchipothana	Alinchipothana	GND	0
LK-7210070	Madurangala	Madurangala	GND	246
LK-7210075	Malinda	Malinda	GND	142
LK-7210080	Sandunpitiya	Sandunpitiya	GND	486
LK-7210085	Susirigama	Susirigama	GND	340
LK-7210090	Monarathenna	Monarathenna	GND	229
LK-7210095	Welikanda	Welikanda	GND	328
LK-7210100	Kadawathmaduwa	Kadawathmaduwa	GND	275
LK-7210105	Bo-Atta	Bo-Atta	GND	256
LK-7210110	Menikwela	Menikwela	GND	307
LK-7210115	Sevanapitiya	Sevanapitiya	GND	365
LK-7210120	Mahawewa	Mahawewa	GND	458
LK-7210125	Karapola	Karapola	GND	416
LK-7210130	Ginidamana	Ginidamana	GND	298
LK-7210135	Borawewa	Borawewa	GND	189
LK-7210140	Nelumwewa	Nelumwewa	GND	250
LK-7210145	Rideepokuna	Rideepokuna	GND	201
LK-7210150	Aluthwewa	Aluthwewa	GND	294
LK-7212	Dimbulagala	Dimbulagala	DSD	24257
LK-7212005	Manampitiya	Manampitiya	GND	594
LK-7212010	Manampitiya East	Manampitiya East	GND	714
LK-7212015	Dalukana	Dalukana	GND	486
LK-7212020	Kudawewa	Kudawewa	GND	440
LK-7212025	Medagama	Medagama	GND	482
LK-7212030	Jayapura	Jayapura	GND	365
LK-7212035	Wijayabapura	Wijayabapura	GND	627
LK-7212040	Veheragama	Veheragama	GND	264
LK-7212045	Millana	Millana	GND	244
LK-7212050	Dimbulagala	Dimbulagala	GND	585
LK-7212055	Yakkure	Yakkure	GND	236
LK-7212060	Damanewewa	Damanewewa	GND	265
LK-7212065	Pihitiwewa	Pihitiwewa	GND	334
LK-7212070	Pahala Yakkure	Pahala Yakkure	GND	360
LK-7212075	Maguldamana	Maguldamana	GND	496
LK-7212080	Pelatiyawa	Pelatiyawa	GND	595
LK-7212085	Mahaulpatha	Mahaulpatha	GND	253
LK-7212090	Bogaswewa	Bogaswewa	GND	408
LK-7212095	Rathmalthenna	Rathmalthenna	GND	417
LK-7212100	Track 05 Aralaganvila	Track 05 Aralaganvila	GND	306
LK-7212105	Gomathiyaya	Gomathiyaya	GND	233
LK-7212110	Arunapura	Arunapura	GND	143
LK-7212115	Aralaganwila East	Aralaganvila	GND	498
LK-7212120	Aralaganvila West	Aralaganvila West	GND	791
LK-7212125	Weerana	Weerana	GND	304
LK-7212130	Bimpokuna	Bimpokuna	GND	320
LK-7212135	Pahala Ellewewa	Pahala Ellewewa	GND	446
LK-7212140	Kalukele	Kalukele	GND	755
LK-7212145	Navagaha Ela	Navagaha Ela	GND	322
LK-7212150	Nuwaragala	Nuwaragala	GND	377
LK-7212155	Bandanagala	Bandanagala	GND	370
LK-7212160	Ellewewa	Ellewewa	GND	655
LK-7212165	Ihala Ellewewa	Ihala Ellewewa	GND	535
LK-7212170	Mahadamana	Mahadamana	GND	453
LK-7212175	Pimburattewa West	Pimburattewa West	GND	313
LK-7212180	Divuldamana	Divuldamana	GND	446
LK-7212185	Nidanwala	Nidanwala	GND	194
LK-7212190	Ihalawewa	Ihalawewa	GND	379
LK-7212195	Pimburattewa East	Pimburattewa East	GND	400
LK-7212200	Aluthoya	Aluthoya	GND	547
LK-7212205	Veheragala	Veheragala	GND	367
LK-7212210	Warapitiya	Warapitiya	GND	862
LK-7212215	Gal Eliya	Gal Eliya	GND	248
LK-7212220	Weeralanda	Weeralanda	GND	222
LK-7212225	Sandagalathenna	Sandagalathenna	GND	591
LK-7212230	Ulpathwewa	Ulpathwewa	GND	243
LK-7212235	Alawakumbura	Alawakumbura	GND	655
LK-7212240	Kandegama	Kandegama	GND	403
LK-7212245	Kanichchagala	Kanichchagala	GND	265
LK-7212250	Kekuluwela	Kekulawela	GND	391
LK-7212255	Maldeniya	Maldeniya	GND	174
LK-7212260	Meewathpura	Mewathpura	GND	578
LK-7212265	Rankethgama	Rankethgama	GND	602
LK-7212270	Mudungama	Mudungama	GND	673
LK-7212275	Siripura	Siripura	GND	695
LK-7212280	Selasumgama	Selasumgama	GND	336
LK-7215	Thamankaduwa	Thamankaduwa	DSD	25158
LK-7215005	Shanthipura	Shanthi Pura	GND	477
LK-7215010	Sinhapura	Sinha Pura	GND	334
LK-7215015	Wijayabahupura	Wijayabahu Pura	GND	300
LK-7215020	Unagalavehera South	Unagalavehera South	GND	270
LK-7215025	Laksha Uyana	Laksha Uyana	GND	587
LK-7215030	Sevagama	Sevagama	GND	525
LK-7215035	Wewethenna	Wewethenna	GND	266
LK-7215040	Monarathenna	Monarathenna	GND	357
LK-7215045	Damana Gemunupura	Damana Gemunupura	GND	296
LK-7215050	Kalinga Ela	Kalinga Ela	GND	411
LK-7215055	Onegama	Onegama	GND	247
LK-7215060	Sinharajapura	Sinharajapura	GND	314
LK-7215065	Pudur	Pudur	GND	203
LK-7215070	Medamaluwa	Medamaluwa	GND	334
LK-7215075	Wijayarajapura	Wijayaraja Pura	GND	302
LK-7215080	Palugasdamana 03 Ela	Palugasdamana 03 Ela	GND	297
LK-7215085	Palugasdamana 02 Ela	Palugasdamana 02 Ela	GND	458
LK-7215090	Palugasdamana 01 Ela	Palugasdamana 01 Ela	GND	237
LK-7215095	Palugasdamana South	Palugasdamana South	GND	351
LK-7215100	Palugasdamana North	Palugasdamana North	GND	284
LK-7215105	Nishshankamallapura	Nishshankamallapura	GND	702
LK-7215110	Ethumalpitiya	Ethumalpitiya	GND	567
LK-7215115	Nikawewa	Nikawewa	GND	353
LK-7215120	Kadawalawewa	Kadawala Wewa	GND	425
LK-7215125	Samudragama	Samudragama	GND	464
LK-7215130	Sirisangabo Pedesa	Sirisangabo Pedesa	GND	809
LK-7215135	Bendiwewa	Bendiwewa	GND	329
LK-7215140	Galthambarawa	Galthambarawa	GND	263
LK-7215145	Kuruppu Junction	Kuruppu Junction	GND	297
LK-7215150	Mahasen Pedesa	Mahasen Pedesa	GND	391
LK-7215155	Kaduruwela West	Kaduruwela West	GND	317
LK-7215160	Kaduruwela East	Kaduruwela East	GND	451
LK-7215165	Divulana	Divulana	GND	342
LK-7215170	Gallalla East	Gallella	GND	654
LK-7215175	Manikkampattiya	Manikkampattiya	GND	610
LK-7215180	Gallella West	Gallella West	GND	437
LK-7215185	Nelumvila	Nelumvila	GND	505
LK-7215190	Kaduruwela South	Kaduruwela South	GND	1477
LK-7215195	Perakum Pedesa	Perakum Pedesa	GND	505
LK-7215200	Weera Pedesa	Weera Pedesa	GND	744
LK-7215205	Pulathisi Pedesa	Pulathisi Pedesa	GND	535
LK-7215210	Polonnaruwa Town	Polonnaruwa Town	GND	732
LK-7215215	Thopawewa	Thopawewa	GND	410
LK-7215220	Sinha Udagama	Sinha Udagama	GND	680
LK-7215225	Pothgul Pedesa	Pothgul Pedesa	GND	524
LK-7215230	Udawela	Udawela	GND	572
LK-7215235	Ganangolla	Ganangolla	GND	761
LK-7215240	Nishshankamalla Pedesa	Nishshankamalla Pedesa	GND	501
LK-7215245	Mahaweli Pedesa	Mahaweli Pedesa	GND	434
LK-7215250	Kotaleeya	Kotaleeya	GND	345
LK-7215255	Aluthwewa East	Aluth Wewa East	GND	260
LK-7215260	Aluthwewa West	Aluth Wewa West	GND	275
LK-7215265	Parakrama Samudraya	Parakrama Samudraya	GND	263
LK-7215270	Ambanganga	Ambanganga	GND	634
LK-7215275	Kalahagala	Kalahagala	GND	740
LK-7218	Elahera	Elahera	DSD	14047
LK-7218005	Ihakuluwewa	Ihakuluwewa	GND	616
LK-7218010	Katukeliyawa	Katukeliyawa	GND	498
LK-7218015	Diyabeduma	Diyabeduma	GND	1078
LK-7218020	Konduruwawa	Konduruwawa	GND	469
LK-7218025	Attanakadawala West	Attanakadawala West	GND	266
LK-7218030	Radavigeoya	Radavigeoya	GND	411
LK-7218035	Madudamana	Madudamana	GND	445
LK-7218040	Attanakadawala North	Attanakadawala North	GND	557
LK-7218045	Attanakadawala South	Attanakadawala South	GND	322
LK-7218050	Ikiriwewa	Ikiriwewa	GND	723
LK-7218055	Kahatagahapitiya	Kahatagahapitiya	GND	527
LK-7218060	Nikapitiya	Nikapitiya	GND	607
LK-7218065	Sarubima	Sarubima	GND	471
LK-7218070	Segala	Segala	GND	573
LK-7218075	Kottapitiya South	Kottapitiya South	GND	452
LK-7218080	Somils	Somils	GND	198
LK-7218085	Gangeyaya	Gangeyaya	GND	403
LK-7218090	Kottapitiya North	Kottapitiya North	GND	275
LK-7218095	Damanayaya	Damanayaya	GND	700
LK-7218100	Elahera	Elahera	GND	750
LK-7218105	Heeratiya	Heeratiya	GND	222
LK-7218110	Bakamoona	Bakamoona	GND	640
LK-7218115	Sirikaduyaya	Sirikanduruyaya	GND	262
LK-7218120	Atharagallewa	Atharagallewa	GND	744
LK-7218125	Maluweyaya	Maluweyaya	GND	784
LK-7218130	Orubendi Siyambalawa	Orubendi Siyambalawa	GND	425
LK-7218135	Kumaraella	Kumara Ella	GND	284
LK-7218140	Kirioya	Kirioya	GND	345
LK-8	Uva	Uva	PROVINCE	390145
LK-81	Badulla	Badulla	DISTRICT	239417
LK-8103	Mahiyanganaya	Mahiyanganaya	DSD	25173
LK-8103005	Rotalawela	Rotalawela	GND	617
LK-8103010	Divulapelessa	Divulapelessa	GND	705
LK-8103015	Aluyatawela	Aluyatawela	GND	596
LK-8103020	Theldeniyaya	Theldeniyaya	GND	704
LK-8103025	Hebarawa	Hebarawa	GND	495
LK-8103030	Ginnoruwa	Ginnoruwa	GND	421
LK-8103035	Belaganwewa	Belaganwewa	GND	597
LK-8103040	Ulhitiya	Ulhitiya	GND	580
LK-8103045	Pahala Rathkinda	Pahala Rathkinda	GND	803
LK-8103050	Hobariyawa	Hobariyawa	GND	740
LK-8103055	Millattawa	Millattawa	GND	839
LK-8103060	Viranegama	Viranegama	GND	548
LK-8103065	Aluttarama	Aluttarama	GND	505
LK-8103070	Girandurukotte	Girandurukotte	GND	1376
LK-8103075	Bathalayaya	Bathalayaya	GND	1081
LK-8103080	Haddattawa	Haddattawa	GND	686
LK-8103085	Meegahahena	Meegahahena	GND	553
LK-8103090	Galporuyaya	Galporuyaya	GND	793
LK-8103095	Beligalla	Beligalla	GND	850
LK-8103100	Dambana	Dambana	GND	800
LK-8103105	Kukulapola	Kukulapola	GND	459
LK-8103110	Wewatta	Wewatta	GND	658
LK-8103115	Thalangamuwa	Thalangamuwa	GND	686
LK-8103120	Sorabora	Sorabora	GND	633
LK-8103125	Wewgampaha	Wewgampaha	GND	1041
LK-8103130	Dehigolla	Dehigolla	GND	775
LK-8103135	Elewela	Elewela	GND	821
LK-8103140	Mahiyanganaya Town	Mahiyanganaya Town	GND	729
LK-8103145	Poojanagaraya	Poojanagaraya	GND	669
LK-8103150	Dambarawa	Dambarawa	GND	773
LK-8103155	Senanigama	Senanigama	GND	712
LK-8103160	Mapakadawewa	Mapakadawewa	GND	971
LK-8103165	Pangaragammana	Pangaragammana	GND	717
LK-8103170	Dambagolla	Dambagolla	GND	700
LK-8103175	Medayaya	Medayaya	GND	540
LK-8106	Rideemaliyadda	Rideemaliyadda	DSD	17251
LK-8106005	Orubendiwewa	Orubendiwewa	GND	543
LK-8106010	Sangabopura	Sangabopura	GND	391
LK-8106015	Welampele	Welampele	GND	789
LK-8106020	Keselpotha North	Keselpotha North	GND	656
LK-8106025	Ikiriyagoda	Ikiriyagoda	GND	520
LK-8106030	Kandubedda	Kandubedda	GND	320
LK-8106035	Aralupitiya	Aralupitiya	GND	347
LK-8106040	Ekiriyankumbura	Ekiriyankumbura	GND	452
LK-8106045	Dehigama	Dehigama	GND	682
LK-8106050	Morana	Morana	GND	166
LK-8106055	Kudalunuka	Kudalunuka	GND	339
LK-8106060	Aluketiyawa	Aluketiyawa	GND	222
LK-8106065	Keselpotha South	Keselpotha South	GND	522
LK-8106070	Serana	Serana	GND	710
LK-8106075	Arawatta	Arawatta	GND	618
LK-8106080	Uva Gemunupura	Uva Gemunupura	GND	558
LK-8106085	Senevigama	Senevigama	GND	561
LK-8106090	Uva Thissapura	Uva Thissapura	GND	739
LK-8106095	Gamakumbura North	Gamakumbura North	GND	346
LK-8106100	Kuralewela	Kuralewela	GND	177
LK-8106105	Nagadeepa	Nagadeepa	GND	298
LK-8106110	Mahalunuka	Mahalunuka	GND	401
LK-8106115	Pethiyagoda	Pethiyagoda	GND	489
LK-8106120	Rideemaliyadda South	Rideemaliyadda South	GND	583
LK-8106125	Rideemaliyadda North	Rideemaliyadda North	GND	421
LK-8106130	Uraniya	Uraniya	GND	218
LK-8106135	Kotathalawa	Kotathalawa	GND	191
LK-8106140	Andaulpatha	Andaulpatha	GND	572
LK-8106145	Gamakumbura South	Gamakumbura South	GND	194
LK-8106150	Abhayapura	Abhayapura	GND	448
LK-8106155	Dikkendayaya	Dikkendayaya	GND	342
LK-8106160	Pahalaoyagama	Pahalaoyagama	GND	356
LK-8106165	Bubula	Bubula	GND	332
LK-8106170	Ritigahaarawa	Ritigahaarawa	GND	160
LK-8106175	Kandegama	Kandegama	GND	253
LK-8106180	Mahagama	Mahagama	GND	282
LK-8106185	Kuruvithenna	Kuruvithenna	GND	510
LK-8106190	Deekirigolla	Deekirigolla	GND	245
LK-8106195	Pinnagolla	Pinnagolla	GND	350
LK-8106200	Arawa	Arawa	GND	267
LK-8106205	Dikyaya	Dikyaya	GND	220
LK-8106210	Diyakombala	Diyakombala	GND	461
LK-8109	Meegahakiula	Meegahakivula	DSD	6396
LK-8109005	Karametiya	Karametiya	GND	587
LK-8109010	Balagolla	Balagolla	GND	443
LK-8109015	Aggalaulpatha	Aggalaulpatha	GND	461
LK-8109020	Karandagahamada	Karandagahamada	GND	408
LK-8109025	Polgaha Arawa	Polgaha Arawa	GND	224
LK-8109030	Polwatta	Polwatta	GND	97
LK-8109035	Watagommana	Watagommana	GND	106
LK-8109040	Roberiya	Roberiya	GND	551
LK-8109045	Pitamaruwa	Pitamaruwa	GND	311
LK-8109050	Wewathenna	Wewathenna	GND	146
LK-8109055	Ellanda	Ellanda	GND	206
LK-8109060	Kalugahakandura	Kalugahakandura	GND	205
LK-8109065	Komarika	Komarika	GND	384
LK-8109070	Akurukaduwa	Akurukaduwa	GND	498
LK-8109075	Meegahakivula	Meegahakivula	GND	404
LK-8109080	Thaldena	Thaldena	GND	511
LK-8109085	Kohana	Kohana	GND	194
LK-8109090	Ketawatta	Ketawatta	GND	250
LK-8109095	Morahela	Morahela	GND	181
LK-8109100	Hunuketapitiya	Hunuketapitiya	GND	229
LK-8112	Kandeketiya	Kandaketiya	DSD	7410
LK-8112005	Mahakele	Mahakele	GND	359
LK-8112010	Baduluoya West	Baduluoya West	GND	302
LK-8112015	Kandakepoo Ulpotha	Kandakepoo Ulpotha	GND	274
LK-8112020	Hevandana	Hevandana	GND	255
LK-8112025	Mahathenna	Mahathenna	GND	429
LK-8112030	Baduluoya East	Baduluoya East	GND	602
LK-8112035	Kandaketiya	Kandaketiya	GND	280
LK-8112040	Welaoya	Welaoya	GND	261
LK-8112045	Kivulegedara	Kivulegedara	GND	386
LK-8112050	Kirivehera	Kirivehera	GND	332
LK-8112055	Wewathenna	Wewathenna	GND	278
LK-8112060	Maliyadda	Maliyadda	GND	318
LK-8112065	Pallewela	Pallewela	GND	198
LK-8112070	Mudagamuwa	Mudagamuwa	GND	241
LK-8112075	Dikkumbura	Dikkumbura	GND	230
LK-8112080	Hapathgamuwa	Hapathgamuwa	GND	192
LK-8112085	Bopitiya	Bopitiya	GND	134
LK-8112090	Bogahakumbura	Bogahakumbura	GND	232
LK-8112095	Beramada	Beramada	GND	286
LK-8112100	Godunna	Godunna	GND	221
LK-8112105	Wasanagama	Wasanagama	GND	135
LK-8112110	Thetilla	Thetilla	GND	216
LK-8112115	Thalakumbura	Thalakumbura	GND	262
LK-8112120	Galauda	Galauda	GND	352
LK-8112125	Bokanoruwa	Bokanoruwa	GND	469
LK-8112130	Narangala	Narangala	GND	166
LK-8115	Soranathota	Soranathota	DSD	6781
LK-8115005	Idamepanguwa	Idamepanguwa	GND	103
LK-8115010	Budugekanda	Budugekanda	GND	151
LK-8115015	Pallekanda	Pallekanda	GND	134
LK-8115020	Boliyadda	Boliyadda	GND	322
LK-8115025	Pathanegedara	Pathanegedara	GND	172
LK-8115030	Egodawela	Egodawela	GND	177
LK-8115035	Wattekele	Wattekele	GND	81
LK-8115040	Pussellawa	Pussellawa	GND	279
LK-8115045	Pussellakanda	Pussellakanda	GND	288
LK-8115050	Moragolla	Moragolla	GND	125
LK-8115055	Dikpitiya	Dikpitiya	GND	262
LK-8115060	Ledgerwatta	Ledgerwaththa	GND	236
LK-8115065	Idamegama	Idamegama	GND	401
LK-8115070	Soranathota	Soranathota	GND	243
LK-8115075	Yatilellagama	Yatilellagama	GND	250
LK-8115080	Ambagasdowa	Ambagasdowa	GND	267
LK-8115085	Ketakellagama	Ketakellagama	GND	393
LK-8115090	Kuttiyagolla	Kuttiyagolla	GND	310
LK-8115095	Angoda	Angoda	GND	145
LK-8115100	Kosgolla	Kosgolla	GND	265
LK-8115105	Rideepana	Rideepana	GND	606
LK-8115110	Kohovila	Kohovila	GND	457
LK-8115115	Kithulwattagama	Kithulwattagama	GND	175
LK-8115120	Kirioruwa	Kirioruwa	GND	506
LK-8115125	Kandegedara Town	Kandegedara Town	GND	433
LK-8118	Passara	Passara	DSD	13500
LK-8118005	Demodara	Demodara	GND	195
LK-8118010	Palawatta	Palawatta	GND	216
LK-8118015	Kahataruppa	Kahataruppa	GND	284
LK-8118020	Dambakote	Dambakote	GND	354
LK-8118025	Madugasthalawa North	Madugasthalawa North	GND	187
LK-8118030	Thalagahagedara	Thalagahagedara	GND	267
LK-8118035	Welgolla	Welgolla	GND	254
LK-8118040	Madugasthalawa South	Madugasthalawa South	GND	268
LK-8118045	Gerandiella	Gerandiella	GND	420
LK-8118050	Maligathenna	Maligathenna	GND	206
LK-8118055	Medawelagama	Medawelagama	GND	554
LK-8118060	Paramahankada	Paramahankada	GND	286
LK-8118065	Nikebedda	Nikebedda	GND	543
LK-8118070	Udagama	Udagama	GND	301
LK-8118075	Pelgahathenna	Pelgahathenna	GND	697
LK-8118080	Sapuroda	Sapuroda	GND	301
LK-8118085	Palagolla	Palagolla	GND	272
LK-8118090	Gonagala West	Gonagala West	GND	254
LK-8118095	Gonagala East	Gonagala East	GND	382
LK-8118100	Kanahela	Kanahela	GND	319
LK-8118105	Pallegama	Pallegama	GND	305
LK-8118110	Passara Town North	Passara Town North	GND	401
LK-8118115	Passara Town South	Passara Town South	GND	210
LK-8118120	Passara Town East	Passara Town East	GND	270
LK-8118125	Ambathenna West	Ambathenna West	GND	525
LK-8118130	Thennuge	Thennuge	GND	351
LK-8118135	Meedumpitiya	Meedumpitiya	GND	581
LK-8118140	Kudugala Pathana	Kudugala Pathana	GND	264
LK-8118145	Tholabowatta	Tholabowatta	GND	427
LK-8118150	Ambathenna	Ambathenna	GND	164
LK-8118155	Meeriyabedda	Meeriyabedda	GND	502
LK-8118160	Puhulwatta	Puhulwatta	GND	410
LK-8118165	Maussagolla West	Maussagolla West	GND	358
LK-8118170	Kanawerella West	Kanawerella West	GND	216
LK-8118175	Kanawerella	Kanawerella	GND	468
LK-8118180	Kanawerella East	Kanawerella East	GND	500
LK-8118185	Bibilegama West	Bibilegama West	GND	306
LK-8118190	Wewekele	Wewekele	GND	110
LK-8118195	Bibilegama East	Bibilegama East	GND	92
LK-8118200	Maussagolla East	Maussagolla East	GND	304
LK-8118205	Dambewela	Dambewela	GND	176
LK-8119	Lunugala	Lunugala	DSD	8885
LK-8119005	Ekiriya	Ekiriya	GND	233
LK-8119010	Metigahathenna	Metigahathenna	GND	235
LK-8119015	Galwelagama	Galwelagama	GND	96
LK-8119020	Wewabedda	Wewabedda	GND	456
LK-8119025	Janathapura North	Janathapura North	GND	124
LK-8119030	Arawakumbura	Arawakumbura	GND	424
LK-8119035	Udakiruwa	Udakiruwa	GND	133
LK-8119040	Alakolagala	Alakolagala	GND	276
LK-8119045	Udapanguwa	Udapanguwa	GND	464
LK-8119050	Lunugala Town	Lunugala Town	GND	393
LK-8119055	Janathapura South	Janathapura South	GND	121
LK-8119060	Janathapura	Janathapura	GND	311
LK-8119065	Batawatta	Batawatta	GND	306
LK-8119070	Gallulla	Gallulla	GND	337
LK-8119075	Madulsima	Madulsima	GND	769
LK-8119080	Sumudugama	Sumudugama	GND	408
LK-8119085	Attanagolla	Aththanagolla	GND	334
LK-8119090	Sooriyagoda	Sooriyagoda	GND	230
LK-8119095	Weragoda	Weragoda	GND	98
LK-8119100	Pallekiruwa	Pallekiruwa	GND	237
LK-8119105	Kottalbedda	Kottalbedda	GND	558
LK-8119110	Mahadowa	Mahadowa	GND	478
LK-8119115	Yapamma	Yapamma	GND	306
LK-8119120	Peessagama	Peessagama	GND	256
LK-8119125	Rendapola	Rendapola	GND	226
LK-8119130	Hopton	Hopton	GND	304
LK-8119135	Maduwatta	Maduwatta	GND	568
LK-8119140	Millabedda	Millabedda	GND	204
LK-8121	Badulla	Badulla	DSD	21528
LK-8121005	Pitawelagama	Pitawelagama	GND	801
LK-8121010	Badulla North	Badulla North	GND	1200
LK-8121015	Medapathana	Medapathana	GND	696
LK-8121020	Kailagoda	Kailagoda	GND	652
LK-8121025	Andeniya	Andeniya	GND	736
LK-8121030	Sirimalgoda	Sirimalgoda	GND	857
LK-8121035	Damanwara	Damanwara	GND	451
LK-8121040	Hinnarangolla	Hinnarangolla	GND	515
LK-8121045	Kendagolla	Kendagolla	GND	601
LK-8121050	Thelbedda Estate	Thelbedda	GND	993
LK-8121055	Ilukthenna	Ilukthenna	GND	458
LK-8121060	Hegoda	Hegoda	GND	657
LK-8121065	Badulupitiya	Badulupitiya	GND	1337
LK-8121070	Badulla Central	Badulla Central	GND	948
LK-8121075	Badulla West	Badulla West	GND	803
LK-8121080	Katupelella	Katupelella	GND	762
LK-8121085	Badulla South	Badulla South	GND	1037
LK-8121090	Badulla East	Badulla East	GND	981
LK-8121095	Hindagoda	Hindagoda	GND	910
LK-8121100	Rambukpotha	Rambukpotha	GND	897
LK-8121105	Malangamuwa	Malangamuwa	GND	384
LK-8121110	Viyadiguna	Viyadiguna	GND	580
LK-8121115	Vineethagama	Vineethagama	GND	319
LK-8121120	Wewessa	Wewessa	GND	600
LK-8121125	Welibissa	Welibissa	GND	250
LK-8121130	Glen Alpin Estate	Glen Alpin	GND	606
LK-8121135	Udawela	Udawela	GND	698
LK-8121140	Hingurugamuwa	Hingurugamuwa	GND	1207
LK-8121145	Kanupelella	Kanupelella	GND	592
LK-8124	Hali-Ela	Hali-Ela	DSD	25945
LK-8124005	Kokatiyamaluwa	Kokatiyamaluwa	GND	350
LK-8124010	Wegama	Wegama	GND	359
LK-8124015	Jangulla	Jangulla	GND	461
LK-8124020	Landewela	Landewela	GND	137
LK-8124025	Bogoda	Bogoda	GND	210
LK-8124030	Panakanniya	Panakanniya	GND	285
LK-8124035	Ketawala	Ketawala	GND	395
LK-8124040	Udakohovila	Udakohovila	GND	504
LK-8124045	Hethekma	Hethekma	GND	387
LK-8124050	Deegalla	Deegalla	GND	320
LK-8124055	Pattipola	Pattipola	GND	422
LK-8124060	Anthuduwawela	Anthuduwawela	GND	654
LK-8124065	Bogahamaditta	Bogahamaditta	GND	932
LK-8124070	Mahawattagama	Mahawattagama	GND	888
LK-8124075	Dematawelhinna	Dematawelhinna	GND	461
LK-8124080	Welikemulla	Welikemulla	GND	301
LK-8124085	Unagolla	Unagolla	GND	302
LK-8124090	Medapitigama	Medapitigama	GND	547
LK-8124095	Dickwella	Dickwella	GND	1144
LK-8124100	Hali-Ela	Hali Ela	GND	242
LK-8124105	Samagipura	Samagipura	GND	547
LK-8124110	Udagama	Udagama	GND	230
LK-8124115	Gawela	Gawela	GND	700
LK-8124120	Pahamunuthota	Pahamunuthota	GND	202
LK-8124125	Neludanda	Neludanda	GND	263
LK-8124130	Hinnarangolla	Hinnarangolla	GND	526
LK-8124135	Mugunumatha West	Mugunumatha West	GND	712
LK-8124140	Mugunumatha East	Mugunumatha East	GND	420
LK-8124145	Godegama	Godegama	GND	268
LK-8124150	Medagama	Medagama	GND	498
LK-8124155	Imbulgoda	Imbulgoda	GND	740
LK-8124160	Imbulgoda	Kottagoda	GND	518
LK-8124165	Kandana	Kandana	GND	645
LK-8124170	Bulathwatta	Bulathwatta	GND	237
LK-8124175	Springvalley Estate	Springvalley Estate	GND	355
LK-8124180	Springvalley	Springvalley	GND	209
LK-8124185	Beddegama	Beddegama	GND	362
LK-8124190	Wewelhinna	Wewalhinna	GND	678
LK-8124195	Uduwara	Uduwara	GND	542
LK-8124200	Hapuwalakumbura	Hapuwalakumbura	GND	628
LK-8124205	Kirinda	Kirinda	GND	419
LK-8124210	Morethota	Morethota	GND	697
LK-8124215	Uva Mahawela	Uva Mahawela	GND	362
LK-8124220	Etampitiya	Etampitiya	GND	511
LK-8124225	Pallegama	Pallegama	GND	308
LK-8124230	Dehivinna	Dehivinna	GND	465
LK-8124235	Niliathugoda	Niliathugoda	GND	353
LK-8124240	Neluwa	Neluwa	GND	556
LK-8124245	Kudumahuwela	Kudumahuwela	GND	237
LK-8124250	Wepassawela	Wepassawela	GND	375
LK-8124255	Maligathenna	Maligathenna	GND	618
LK-8124260	Perahettiya	Perahettiya	GND	382
LK-8124265	Katugaha	Katugaha	GND	343
LK-8124270	Mahathenna	Mahathenna	GND	509
LK-8124275	Malitta	Malitta	GND	402
LK-8124280	Kurukude	Kurukude	GND	501
LK-8124285	Warakadanda	Warakadanda	GND	326
LK-8127	Uvaparanagama	Uva Paranagama	DSD	22605
LK-8127005	Yalagamuwa	Yalagamuwa	GND	273
LK-8127010	Ritikumbura	Ritikumbura	GND	247
LK-8127015	Wethalawa	Wethalawa	GND	195
LK-8127020	Maspanna	Maspanna	GND	178
LK-8127025	Kohilegama	Kohilegama	GND	179
LK-8127030	Ellanda	Ellanda	GND	170
LK-8127035	Kindigoda	Kindigoda	GND	148
LK-8127040	Hathkinda	Hathkinda	GND	145
LK-8127045	Dimbulana	Dimbulana	GND	243
LK-8127050	Ilukwela	Ilukwela	GND	303
LK-8127055	Gampaha	Gampaha	GND	357
LK-8127060	Wewegama	Wewegama	GND	157
LK-8127065	Kerklis	Kerklis	GND	392
LK-8127070	Malwattegama	Malwattegama	GND	226
LK-8127075	Medipokuna	Medipokuna	GND	230
LK-8127080	Thuppitiya	Thuppitiya	GND	235
LK-8127085	Panagoda	Panagoda	GND	203
LK-8127090	Pitiyakumbura	Pitiyakumbura	GND	360
LK-8127095	Bambarapana	Bambarapana	GND	343
LK-8127100	Alagolla	Alagolla	GND	466
LK-8127105	Voldemar	Voldemar	GND	379
LK-8127110	Thawalampola	Thawalampola	GND	196
LK-8127115	Kodakumbura	Kodakumbura	GND	345
LK-8127120	Koradekumbura	Koradekumbura	GND	267
LK-8127125	Malapolagama	Malapolagama	GND	286
LK-8127130	Welamedagama	Welamedagama	GND	125
LK-8127135	Uduhawara	Uduhawara	GND	301
LK-8127140	Hangunnawa	Hangunnawa	GND	296
LK-8127145	Ranhawadigama	Ranhawadigama	GND	304
LK-8127150	Idamegama	Idamegama	GND	249
LK-8127155	Paranagama	Paranagama	GND	348
LK-8127160	Mudanawa	Mudanawa	GND	128
LK-8127165	Sapugolla	Sapugolla	GND	468
LK-8127170	Ethkandawaka	Ethkandawaka	GND	338
LK-8127175	Kirawanagama	Kirawanagama	GND	286
LK-8127180	Beraliyapola	Beraliyapola	GND	262
LK-8127185	Pannalawela	Pannalawela	GND	290
LK-8127190	Rahupola	Rahupola	GND	235
LK-8127195	Udaperuwa	Udaperuwa	GND	248
LK-8127200	Weliulla	Weliulla	GND	301
LK-8127205	Metiwalalanda	Metiwalalanda	GND	437
LK-8127210	Unapana	Unapana	GND	521
LK-8127215	Lunuwatta	Lunuwatta	GND	512
LK-8127220	Pallewela	Pallewela	GND	410
LK-8127225	Busdulla	Busdulla	GND	287
LK-8127230	Kurundugolla	Kurundugolla	GND	332
LK-8127235	Ambagasdowa	Ambagasdowa	GND	602
LK-8127240	Pannalagama	Pannalagama	GND	410
LK-8127245	Uma Ela	Uma Ela	GND	521
LK-8127250	Karagahaulpatha	Karagahaulpatha	GND	399
LK-8127255	Medawela	Medawela	GND	543
LK-8127260	Perawella	Perawella	GND	495
LK-8127265	Galahagama	Galahagama	GND	568
LK-8127270	Medagodagama	Medagodagama	GND	347
LK-8127275	Thelhawadigama	Thelhawadigama	GND	324
LK-8127280	Ketagoda	Ketagoda	GND	457
LK-8127285	Dangamuwa	Dangamuwa	GND	300
LK-8127290	Rathamba	Rathamba	GND	517
LK-8127295	Kumarapattiya	Kumarapattiya	GND	553
LK-8127300	Balagala	Balagala	GND	458
LK-8127305	Downside	Downside	GND	387
LK-8127310	Kendagolla	Kendagolla	GND	384
LK-8127315	Yahala Arawa	Yahala Arawa	GND	330
LK-8127320	Ulugala	Ulugala	GND	134
LK-8127325	Hangiliella	Hangiliella	GND	215
LK-8127330	Kotawera Udagama	Kotawera Udagama	GND	496
LK-8127335	Kotawera Pahalagama	Kotawera Pahalagama	GND	362
LK-8127340	Daragala	Daragala	GND	602
LK-8130	Welimada	Welimada	DSD	28668
LK-8130005	Alakolagala	Alakolagala	GND	621
LK-8130010	Hulankapolla	Hulankapolla	GND	680
LK-8130015	Silmiyapura	Silmiyapura	GND	398
LK-8130020	Boragas	Boragas	GND	824
LK-8130025	Vidurupola	Vidurupola	GND	699
LK-8130030	Gavarammana	Gavarammana	GND	576
LK-8130035	Palugama Town	Palugama Town	GND	512
LK-8130040	Puranwela	Puranwela	GND	548
LK-8130045	Girambe	Girambe	GND	456
LK-8130050	Divurumgama	Divurumgama	GND	440
LK-8130055	Palugama Ella	Palugama Ella	GND	380
LK-8130060	Welimada Watta	Welimadawatta	GND	209
LK-8130065	Ambagahakumbura	Ambagahakumbura	GND	596
LK-8130070	Dimuthugama	Dimuthugama	GND	618
LK-8130075	Welimada Town	Welimada Town	GND	495
LK-8130080	Landegama	Landegama	GND	472
LK-8130085	Divithotawela	Divithotawela	GND	614
LK-8130090	Puhulpola	Puhulpola	GND	225
LK-8130095	Dikkapitiya	Dikkapitiya	GND	238
LK-8130100	Koskanuwegama	Koskanuwegama	GND	235
LK-8130105	Dayaraba Watta	Dayaraba Watta	GND	702
LK-8130110	Ketakella	Ketakella	GND	144
LK-8130115	Yalpathwela	Yalpathwela	GND	389
LK-8130120	Dambavinna	Dambawinna	GND	714
LK-8130125	Kabillegama	Kabillegama	GND	396
LK-8130130	Idamegama	Idamegama	GND	458
LK-8130135	Erabadda	Erabadda	GND	370
LK-8130140	Keppetipola	Keppetipola	GND	372
LK-8130145	Hewanakumbura	Hewanakumbura	GND	265
LK-8130150	Ambewela	Ambewela	GND	529
LK-8130155	Himbiliyagolla	Himbiliyagolla	GND	192
LK-8130160	Thennakonwela	Thennakonwela	GND	371
LK-8130165	Kalubululanda	Kalubululanda	GND	549
LK-8130170	Mavithikumbura	Mavithikumbura	GND	436
LK-8130175	Nedungamuwa	Nedungamuwa	GND	605
LK-8130180	Medagedaragama	Medagedaragama	GND	530
LK-8130185	Nawela	Nawela	GND	545
LK-8130190	Pahalayalkumbura	Pahalayalkumbura	GND	296
LK-8130195	Welikadagama	Welikadagama	GND	384
LK-8130200	Mirahawatta	Mirahawatta	GND	477
LK-8130205	Udupeella	Udupeella	GND	350
LK-8130210	Kotakithula	Kotakithula	GND	591
LK-8130215	Malpotha	Malpotha	GND	235
LK-8130220	Karagasthenna	Karagasthenna	GND	901
LK-8130225	Alugolla	Alugolla	GND	435
LK-8130230	Bogahakumbura	Bogahakumbura	GND	348
LK-8130235	Bibiligamuwa	Bibiligamuwa	GND	228
LK-8130240	Alawathugoda	Alawathugoda	GND	305
LK-8130245	Kandepuhulpola	Kandepuhulpola	GND	421
LK-8130250	Helayalkumbura	Helayalkumbura	GND	347
LK-8130255	Guruthalawa	Guruthalawa	GND	522
LK-8130260	Mahathenna	Mahathenna	GND	502
LK-8130265	Hingurugamuwa	Hingurugamuwa	GND	430
LK-8130270	Galedanda	Galedanda	GND	508
LK-8130275	Boralanda	Boralanda	GND	633
LK-8130280	Wangiyakumbura	Wangiyakumbura	GND	455
LK-8130285	Ohiya	Ohiya	GND	49
LK-8130290	Rahangala	Rahangala	GND	481
LK-8130295	Hinnarangolla	Hinnarangolla	GND	453
LK-8130300	Udakendagolla	Udakendagolla	GND	437
LK-8130305	Rathkarawwa	Rathkarawwa	GND	245
LK-8130310	Pitapola	Pitapola	GND	425
LK-8130315	Ohiya Estate	Ohiya Estate	GND	109
LK-8130320	Maligathenna	Maligathenna	GND	698
LK-8133	Bandarawela	Bandarawela	DSD	17973
LK-8133005	Mathetilla	Mathetilla	GND	374
LK-8133010	Konthahela	Konthahela	GND	357
LK-8133015	Icelab Watta	Icelab Watta	GND	284
LK-8133020	Kirioruwa	Kirioruwa	GND	469
LK-8133025	Ettalapitiya	Ettalapitiya	GND	683
LK-8133030	Diganathenna	Diganathenna	GND	778
LK-8133035	Ambegoda	Ambegoda	GND	764
LK-8133040	Wewathenna	Wewathenna	GND	751
LK-8133045	Watagamuwa	Watagamuwa	GND	730
LK-8133050	Bindunuwewa	Bindunuwewa	GND	494
LK-8133055	Kebillewela North	Kebillawela North	GND	684
LK-8133060	Gediyaroda	Gediyaroda	GND	529
LK-8133065	Bandarawela West	Bandarawela West	GND	805
LK-8133070	Bandarawela East	Bandarawela East	GND	760
LK-8133075	Thanthiriya	Thanthiriya	GND	643
LK-8133080	Udaperuwa	Udaperuwa	GND	454
LK-8133085	Egodagama	Egodagama	GND	445
LK-8133090	Weheragalathenna	Weheragalathenna	GND	479
LK-8133095	Bambaragama	Bambaragama	GND	226
LK-8133100	Makulella	Makulella	GND	510
LK-8133105	Kinigama	Kinigama	GND	538
LK-8133110	Inikambedda	Inikambedda	GND	895
LK-8133115	Karagahawela	Karagahawela	GND	612
LK-8133120	Obadella	Obadella	GND	465
LK-8133125	Beddekumbura	Beddekumbura	GND	205
LK-8133130	Kebillewela South	Kebillewela South	GND	410
LK-8133135	Mahaulpatha	Mahaulpatha	GND	393
LK-8133140	Darahitawanagoda	Darahitawanagoda	GND	329
LK-8133145	Doolgolla	Doolgolla	GND	163
LK-8133150	Creig Watta	Creig Watta	GND	476
LK-8133155	Liyangahawela Watta	Liyangahawela Watta	GND	591
LK-8133160	Ambadandegama	Ambadandegama	GND	331
LK-8133165	Beddearawa	Beddearawa	GND	130
LK-8133170	Liyangahawela	Liyangahawela	GND	217
LK-8133175	Nayabedda Estate	Nayabedda Estate	GND	999
LK-8136	Ella	Ella	DSD	13052
LK-8136005	Piyarapandowa	Piyarapandowa	GND	535
LK-8136010	Halpe	Halpe	GND	611
LK-8136015	Kirinda	Kirinda	GND	401
LK-8136020	Demodara	Demodara	GND	727
LK-8136025	Navulla	Navulla	GND	469
LK-8136030	Gawarawela	Gawarawela	GND	535
LK-8136035	Beddewela	Baddewela	GND	471
LK-8136040	Pupula West	Pupula West	GND	254
LK-8136045	Pupula	Pupula	GND	465
LK-8136050	Galtenhena	Galtenhena	GND	282
LK-8136055	Nawela East	Nawela East	GND	315
LK-8136060	Nawela West	Nawela West	GND	277
LK-8136065	Medawela West	Medawela West	GND	336
LK-8136070	Yahalewela	Yahalewela	GND	353
LK-8136075	Newberg	Newberg	GND	239
LK-8136080	Ella	Ella	GND	374
LK-8136085	Madhuragama	Madhuragama	GND	400
LK-8136090	Idamegama	Idamegama	GND	186
LK-8136095	Hettipola	Hettipola	GND	396
LK-8136100	Millagama	Millagama	GND	388
LK-8136105	Udukumbalwela	Udukumbalwela	GND	449
LK-8136110	Dowa	Dowa	GND	521
LK-8136115	Palleperuwa	Palleperuwa	GND	728
LK-8136120	Heeloya	Heeloya	GND	763
LK-8136125	Kithalella	Kithalella	GND	436
LK-8136130	Rawanaella	Rawanaella	GND	140
LK-8136135	Karandagolla	Karandagolla	GND	492
LK-8136140	Govussa	Govussa	GND	237
LK-8136145	Ilukpelessa	Ilukpelessa	GND	213
LK-8136150	Ballaketuwa	Ballaketuwa	GND	536
LK-8136155	Namunukula	Namunukula	GND	333
LK-8136160	Dodamgolla	Dodamgolla	GND	190
LK-8139	Haputale	Haputale	DSD	13280
LK-8139005	Ellagama	Ellagama	GND	376
LK-8139010	Kahattewela	Kahattewela	GND	472
LK-8139015	Erenawela	Eranawela	GND	526
LK-8139020	Ranjallawa	Ranjallawa	GND	715
LK-8139025	Bingethenna	Bingethenna	GND	443
LK-8139030	Kahagolla	Kahagolla	GND	613
LK-8139035	Dodamwatta	Dodamwatta	GND	428
LK-8139040	Diyathalawa	Diyathalawa	GND	425
LK-8139045	Jayaminipura	Jayaminipura	GND	356
LK-8139050	Aluthwela	Aluthwela	GND	345
LK-8139055	Welanhinna	Welanhinna	GND	342
LK-8139060	Pahala Kadurugamuwa	Pahala kadurugamuwa	GND	627
LK-8139065	Viharakele	Viharakele	GND	344
LK-8139070	Umankandura	Umankandura	GND	607
LK-8139075	Panketiya	Panketiya	GND	683
LK-8139080	Hela Kadurugamuwa	Helakadurugamuwa	GND	440
LK-8139085	Haputhalegama	Haputhalegama	GND	467
LK-8139090	Glenanore	Glenanore	GND	669
LK-8139095	Horadorowwa	Horadorowwa	GND	270
LK-8139100	Magiripura	Magiripura	GND	554
LK-8139105	Kolathenna	Kolathenna	GND	168
LK-8139110	Haputhale Town	Haputhale Town	GND	983
LK-8139115	Pitarathmale	Pitarathmale	GND	691
LK-8139120	Dambethenna	Dambethenna	GND	1056
LK-8139125	Thotalagala	Thotalagala	GND	307
LK-8139130	Galkanda	Galkanda	GND	373
LK-8142	Haldummulla	Haldummulla	DSD	10970
LK-8142005	Weerakongama	Weerakongama	GND	267
LK-8142010	Kalupahana	Kalupahana	GND	274
LK-8142015	Haldummulla	Haldummulla	GND	455
LK-8142020	Beragala	Beragala	GND	750
LK-8142025	Viharagala	Viharagala	GND	746
LK-8142030	Nikapotha West	Nikapotha West	GND	105
LK-8142035	Nikapotha East	Nikapotha East	GND	210
LK-8142040	Lemasthota	Lemasthota	GND	93
LK-8142045	Ranasinghegama	Ranasinghegama	GND	215
LK-8142050	Kotabakma	Kotabakma	GND	451
LK-8142055	Koslanda	Koslanda	GND	667
LK-8142060	Mahakanda	Mahakanda	GND	234
LK-8142065	Poonagala	Poonagala	GND	1070
LK-8142070	Divulgasmulla	Divulgasmulla	GND	472
LK-8142075	Gampaha	Gampaha	GND	436
LK-8142080	Ampitithenna	Ampitithenna	GND	270
LK-8142085	Kelipanawela	Kelipanawela	GND	132
LK-8142090	Moraketiya	Moraketiya	GND	167
LK-8142095	Kirawanagama	Kirawanagama	GND	240
LK-8142100	Manthenna	Manthenna	GND	194
LK-8142105	Amilagama	Amilagama	GND	195
LK-8142110	Soragune	Soragune	GND	159
LK-8142115	Kithulgahaarawa	Kithulgahaarawa	GND	176
LK-8142120	Watagamuwa	Watagamuwa	GND	362
LK-8142125	Walhaputhenna	Walhaputhenna	GND	203
LK-8142130	Uvathenna	Uvathenna	GND	190
LK-8142135	Marangahawela	Marangahawela	GND	127
LK-8142140	Seelathenna	Seelathenna	GND	203
LK-8142145	Harankahawa	Harankahawa	GND	183
LK-8142150	Medawela	Medawela	GND	143
LK-8142155	Welibissa	Welibissa	GND	117
LK-8142160	We Eliya	We Eliya	GND	216
LK-8142165	Kosgama	Kosgama	GND	223
LK-8142170	Ranwanguhawa	Ranwanguhawa	GND	114
LK-8142175	Akkara Seeya	Akkara Seeya	GND	66
LK-8142180	Welanvita	Welanvita	GND	138
LK-8142185	Kolongasthenna	Kolongasthenna	GND	232
LK-8142190	Bambara Pokuna	Bambara Pokuna	GND	62
LK-8142195	Mahalanda	Mahalanda	GND	413
LK-82	Monaragala	Moneragala	DISTRICT	150728
LK-8203	Bibile	Bibile	DSD	13645
LK-8203005	Uravula	Uravula	GND	109
LK-8203010	Karandugala	Karandugala	GND	266
LK-8203015	Bulupitiya	Bulupitiya	GND	314
LK-8203020	Nilgala	Nilgala	GND	290
LK-8203025	Kanawegalla	Kanawegalla	GND	166
LK-8203030	Ussagala	Ussagala	GND	196
LK-8203035	Bokagonna	Bokagonna	GND	493
LK-8203040	Pitakumbura	Pitakumbura	GND	383
LK-8203045	Hamapola	Hamapola	GND	373
LK-8203050	Thotillaketiya	Thotillaketiya	GND	265
LK-8203055	Kokunnewa	Kokunnewa	GND	332
LK-8203060	Morattamulla	Morattamulla	GND	285
LK-8203065	Nagala	Nagala	GND	497
LK-8203070	Radaliyadda	Radaliyadda	GND	362
LK-8203075	Ambagolla	Ambagolla	GND	343
LK-8203080	Wegama	Wegama	GND	360
LK-8203085	Wegama South	Wegama South	GND	522
LK-8203090	Mallehewa	Mallehewa	GND	409
LK-8203095	Karagahawela East	Karagahawela East	GND	254
LK-8203100	Kehel Attawala	Kehel Attawala	GND	322
LK-8203105	Karagahawela West	Karagahawela West	GND	365
LK-8203110	Udamallehewa	Udamallehewa	GND	274
LK-8203115	Egoda Kotagama	Egoda Kotagama	GND	204
LK-8203120	Kotagama	Kotagama	GND	296
LK-8203125	Badullagammana	Badullagammana	GND	501
LK-8203130	Kavudella	Kavudella	GND	353
LK-8203135	Rathupasketiya	Rathupasketiya	GND	668
LK-8203140	Lindakumbura	Lindakumbura	GND	435
LK-8203145	Bibila	Bibile	GND	506
LK-8203150	Ambelanda	Ambelanda	GND	282
LK-8203155	Dodamgolla	Dodamgolla	GND	460
LK-8203160	Dehiattawela	Dehiattawela	GND	274
LK-8203165	Kanulwela	Kanulwela	GND	649
LK-8203170	Ethanawatta	Ethanawatta	GND	244
LK-8203175	Kuruwamba	Kuruwamba	GND	327
LK-8203180	Hewelwela	Hewelwela	GND	273
LK-8203185	Mudiyala	Mudiyala	GND	253
LK-8203190	Yalkumbura	Yalkumbura	GND	231
LK-8203195	Thanayamgama	Thanayamgama	GND	214
LK-8203200	Medipitiya	Medipitiya	GND	295
LK-8206	Madulla	Madulla	DSD	10309
LK-8206005	Nelliyadda	Nelliyadda	GND	136
LK-8206010	Mullegama	Mullegama	GND	265
LK-8206015	Galgamuwa	Galgamuwa	GND	375
LK-8206020	Inginiyagala	Inginiyagala	GND	362
LK-8206025	Baduluwela	Baduluwela	GND	224
LK-8206030	Bandarawadiya	Bandarawadiya	GND	239
LK-8206035	Panguwa	Panguwa	GND	322
LK-8206040	Thalkotayaya	Thalkotayaya	GND	216
LK-8206045	Deliwa	Deliwa	GND	215
LK-8206050	Thampalawela	Thampalawela	GND	302
LK-8206055	Ruwalwela	Ruwalwela	GND	365
LK-8206060	Watawanagama	Watawanagama	GND	124
LK-8206065	Gangodagama	Gangodagama	GND	123
LK-8206070	Ritigahawatta	Ritigahawatta	GND	276
LK-8206075	Mariarawa	Mariarawa	GND	334
LK-8206080	Kolladeniya	Kolladeniya	GND	451
LK-8206085	Ihawa	Ihawa	GND	323
LK-8206090	Alpitiya	Alpitiya	GND	320
LK-8206095	Makulla	Makulla	GND	302
LK-8206100	Namaloya Colony	Namaloya Colony	GND	328
LK-8206105	Aratugaswela	Aratugaswela	GND	237
LK-8206110	Pagura	Pagura	GND	242
LK-8206115	Galbokka	Galbokka	GND	203
LK-8206120	Magandana	Magandana	GND	207
LK-8206125	Udumulla	Udumulla	GND	232
LK-8206130	Kottagala	Kottagala	GND	252
LK-8206135	Gangoda Arawa	Gangoda Arawa	GND	190
LK-8206140	Polgahagama	Polgahagama	GND	303
LK-8206145	Alugalge	Alugalge	GND	180
LK-8206150	Neelawa Bedda	Neelawa Bedda	GND	202
LK-8206155	Kahagolla	Kahagolla	GND	181
LK-8206160	Magandaoya Colony	Magandaoya Colony	GND	257
LK-8206165	Gonathalawa	Gonathalawa	GND	284
LK-8206170	Dambagalla	Dambagalla	GND	456
LK-8206175	Ellekona	Ellekona	GND	498
LK-8206180	Therela	Therela	GND	263
LK-8206185	Iluklanda	Iluklanda	GND	226
LK-8206190	Obbegoda	Obbegoda	GND	294
LK-8209	Medagama	Medagama	DSD	12316
LK-8209005	Pothubandhana	Pothubandana	GND	370
LK-8209010	Yakunnawa	Yakunnawa	GND	334
LK-8209015	Bendiyawa	Bendiyawa	GND	461
LK-8209020	Kotabowa	Kotabowa	GND	416
LK-8209025	Godigamuwa	Godigamuwa	GND	530
LK-8209030	Senpathigama	Senpathigama	GND	260
LK-8209035	Aiwela	Aiwela	GND	379
LK-8209040	Senapathiya	Senapathiya	GND	292
LK-8209045	Bibilamulla	Bibilamulla	GND	342
LK-8209050	Nannapurawa	Nannapurawa	GND	432
LK-8209055	Dahamgama	Dahamgama	GND	427
LK-8209060	Kalugahawadiya	Kalugahawadiya	GND	301
LK-8209065	Kongolla	Kongolla	GND	286
LK-8209070	Diviyapola	Diviyapola	GND	143
LK-8209075	Kohukumbura	Kohukumbura	GND	206
LK-8209080	Nugamura	Nugamura	GND	279
LK-8209085	Ellekona	Ellekona	GND	425
LK-8209090	Dahagoniya	Dahagoniya	GND	327
LK-8209095	Monarawana	Monarawana	GND	410
LK-8209100	Mellagama	Mellagama	GND	424
LK-8209105	Thambana	Thambana	GND	307
LK-8209110	Thimbiriya	Thimbiriya	GND	534
LK-8209115	Medagama	Medagama	GND	529
LK-8209120	Elhena	Elhena	GND	277
LK-8209125	Pitadeniya	Pitadeniya	GND	277
LK-8209130	Kinnarabowa	Kinnarabowa	GND	235
LK-8209135	Ilukkumbura	Ilukkumbura	GND	326
LK-8209140	Bakinigahawela	Bakinigahawela	GND	413
LK-8209145	Pubbara	Pubbara	GND	166
LK-8209150	Polgahapitiya	Polgahapitiya	GND	641
LK-8209155	Kendavinna	Kendavinna	GND	358
LK-8209160	Alana	Alana	GND	203
LK-8209165	Rattanadeniya	Rattanadeniya	GND	409
LK-8209170	Amunekandura	Amunekandura	GND	358
LK-8209175	Keenagoda	Keenagoda	GND	239
LK-8212	Siyambalanduwa	Siyambalanduwa	DSD	17784
LK-8212005	Nape	Nape	GND	295
LK-8212010	Buddama	Buddama	GND	447
LK-8212015	Waragama	Waragama	GND	400
LK-8212020	Kotagoda	Kotagoda	GND	320
LK-8212025	Weragoda	Weragoda	GND	178
LK-8212030	Newgala	Newgala	GND	269
LK-8212035	Govindupura	Govindupura	GND	406
LK-8212040	Pallewela	Pallewela	GND	376
LK-8212045	Ambagahapitiya	Ambagahapitiya	GND	258
LK-8212050	Meeyagala	Meeyagala	GND	240
LK-8212055	Barawaya	Barawaya	GND	438
LK-8212060	Kooragammana	Kooragammana	GND	206
LK-8212065	Kalugollayaya	Kalugollayaya	GND	220
LK-8212070	Samanala Bedda	Samanala Bedda	GND	331
LK-8212075	Muthukandiya	Muthukandiya	GND	232
LK-8212080	Yakkadurawa	Yakkadurawa	GND	450
LK-8212085	Galamuna	Galamuna	GND	241
LK-8212090	Helamulla	Helamulla	GND	282
LK-8212095	Pallegama	Pallegama	GND	356
LK-8212100	Maha Kalugolla	Maha Kalugolla	GND	338
LK-8212105	Karambagoda	Karambagoda	GND	322
LK-8212110	Ruhunu Danawwa	Ruhunu Danawwa	GND	228
LK-8212115	Sri Wijithapura	Sri Wijithapura	GND	461
LK-8212120	Siyambalanduwa	Siyambalanduwa	GND	305
LK-8212125	Manabharana	Manabharana	GND	380
LK-8212130	Madugama	Madugama	GND	728
LK-8212135	Kivulayaya	Kivuleyaya	GND	478
LK-8212140	Kodayana	Kodayana	GND	409
LK-8212145	Nugagahakivula	Nugagahakivula	GND	359
LK-8212150	Kotiyagoda	Kotiyagoda	GND	329
LK-8212155	Indigasella	Indigasella	GND	354
LK-8212160	Dombagahawela	Dombagahawela	GND	872
LK-8212165	Liyangolla	Liyangolla	GND	411
LK-8212170	Beraliyapola	Beraliyapola	GND	250
LK-8212175	Kimbulawela	Kimbulawela	GND	251
LK-8212180	Pahatha Arawa	Pahatha Arawa	GND	504
LK-8212185	Ethimale	Ethimale	GND	382
LK-8212190	Guruhela	Guruhela	GND	346
LK-8212195	Gemunupura	Gemunupura	GND	277
LK-8212200	Perakumpura	Perakumpura	GND	331
LK-8212205	Siripura	Siripura	GND	456
LK-8212210	Thissapura	Thissapura	GND	516
LK-8212215	Ethimale Colony	Ethimale Colony	GND	357
LK-8212220	Minipura	Minipura	GND	301
LK-8212225	Vilaoya	Vilaoya	GND	548
LK-8212230	Wattegama	Wattegama	GND	524
LK-8212235	Wijayapura	Wijayapura	GND	300
LK-8212240	Kotiyagala	Kotiyagala	GND	522
LK-8215	Monaragala	Moneragala	DSD	15888
LK-8215005	Tenwatta	Tenwatta	GND	511
LK-8215010	Guruhela	Guruhela	GND	445
LK-8215015	Batugammana	Batugammana	GND	266
LK-8215020	Debeddekivula	Debeddekivula	GND	322
LK-8215025	Weliyaya	Weliyaya	GND	608
LK-8215030	Rattanapitiya	Rattanapitiya	GND	532
LK-8215035	Nakkala	Nakkala	GND	592
LK-8215040	Hidikivula	Hidikivula	GND	674
LK-8215045	Hulandawa	Hulandawa	GND	855
LK-8215050	Magandanamulla	Magandanamulla	GND	657
LK-8215055	Monaragala	Monaragala	GND	628
LK-8215060	Aliyawatta	Aliyawatta	GND	584
LK-8215065	Kolonvinna	Kolonvinna	GND	309
LK-8215070	Bohitiya	Bohitiya	GND	587
LK-8215075	Kawdawa	Kawdawa	GND	331
LK-8215080	Hulandawa Left	Hulandawa Left	GND	617
LK-8215085	Viharamulla	Viharamulla	GND	834
LK-8215090	Muppane	Muppane	GND	1111
LK-8215095	Maduruketiya	Maduruketiya	GND	1577
LK-8215100	Kumbukkana	Kumbukkana	GND	697
LK-8215105	nan	Horombuwa	GND	792
LK-8215110	Hulandawa South	Hulandawa South	GND	772
LK-8215115	Marawa	Marawa	GND	449
LK-8215120	Veheragala	Veheragala	GND	312
LK-8215125	Thenagallanda	Thenagallanda	GND	547
LK-8215130	Kahambana	Kahambana	GND	279
LK-8218	Badalkumbura	Badalkumbura	DSD	13219
LK-8218005	Gedavila	Gedavila	GND	156
LK-8218010	Karandagama	Karandagama	GND	358
LK-8218015	Ella	Ella	GND	286
LK-8218020	Pallegama	Pallegama	GND	151
LK-8218025	Thalawagama	Thalawagama	GND	351
LK-8218030	Mailagasthenna	Mailagasthenna	GND	316
LK-8218035	Karavila	Karavila	GND	321
LK-8218040	Madamagama	Madamagama	GND	324
LK-8218045	Wekumbura	Wekumbura	GND	214
LK-8218050	Maiyokka Watta	Maiyokka Watta	GND	245
LK-8218055	Waradola	Waradola	GND	397
LK-8218060	Ankada	Ankada	GND	248
LK-8218065	Kotamuduna	Kotamuduna	GND	285
LK-8218070	Alupotha	Alupotha	GND	611
LK-8218075	Wasipaha	Wasipaha	GND	396
LK-8218080	Badalkumbura	Badalkumbura	GND	520
LK-8218085	Maligathenna	Maligathenna	GND	402
LK-8218090	nan	Pussellawa	GND	456
LK-8218095	Madukotan Arawa	Madukotan Arawa	GND	301
LK-8218100	Yakurawa	Yakurawa	GND	421
LK-8218105	Therappahuwa	Therappahuwa	GND	529
LK-8218110	Punsisigama	Punsisigama	GND	286
LK-8218115	Madugahapattiya	Madugahapattiya	GND	397
LK-8218120	Kalagahakivula	Kalagahakivula	GND	184
LK-8218125	Madugasmulla	Madugasmulla	GND	302
LK-8218130	Ranugalla	Ranugalla	GND	397
LK-8218135	Ethpattiya	Ethpattiya	GND	168
LK-8218140	Miyanakadura	Miyanakandura	GND	429
LK-8218145	Dewathura	Dewathura	GND	545
LK-8218150	Naranwatta	Naranwatta	GND	175
LK-8218155	Athala	Athala	GND	337
LK-8218160	Eththalamulla	Ettalamulla	GND	165
LK-8218165	Muthukeliyawa	Muthukeliyawa	GND	386
LK-8218170	Meegahayaya	Meegahayaya	GND	174
LK-8218175	Bogahapelessa	Bogahapelessa	GND	165
LK-8218180	Dambagahawela	Dambagahawela	GND	178
LK-8218185	Hingurukaduwa	Hingurukaduwa	GND	288
LK-8218190	Keliwessa	Keliwessa	GND	259
LK-8218195	Moratuwagama	Moratuwagama	GND	146
LK-8218200	Lunugala Colony	Lunugala Colony	GND	476
LK-8218205	Katugahagalge	Katugahagalge	GND	474
LK-8221	Wellawaya	Wellawaya	DSD	21409
LK-8221005	Kurugama	Kurugama	GND	551
LK-8221010	Randeniya	Randeniya	GND	630
LK-8221015	Siyambalagunaya	Siyambalagunaya	GND	561
LK-8221020	Sudupanawela	Sudupanawela	GND	853
LK-8221025	Kotikambokka	Kotikambokka	GND	584
LK-8221030	Galbokka	Galbokka	GND	361
LK-8221035	Dimbulamure	Dimbulamuraya	GND	664
LK-8221040	Wellawaya	Wellawaya	GND	1382
LK-8221045	Yalabowa	Yalabowa	GND	629
LK-8221050	Nugayaya	Nugayaya	GND	636
LK-8221055	Warunagama	Warunagama	GND	1897
LK-8221060	Anapallama	Anapallama	GND	786
LK-8221065	Pubuduwewa	Pubuduwewa	GND	733
LK-8221070	Neluwagala	Neluwagala	GND	675
LK-8221075	Buduruwagala	Buduruwagala	GND	710
LK-8221080	Andawelayaya	Andawelayaya	GND	764
LK-8221085	Siripuragama	Siripuragama	GND	562
LK-8221090	Veherayaya Colony	Veherayaya Colony	GND	924
LK-8221095	Veherayaya	Veherayaya	GND	684
LK-8221100	Randenigodayaya	Randenigodayaya	GND	433
LK-8221105	Handapanagala	Handapanagala	GND	452
LK-8221110	Mahaaragama	Maha Aragama	GND	613
LK-8221115	Thelulla Colony	Thelulla Colony	GND	964
LK-8221120	Ethiliwewa	Ethiliwewa	GND	833
LK-8221125	Thelulla	Thelulla	GND	453
LK-8221130	Balaharuwa	Balaharuwa	GND	953
LK-8221135	Debaraara	Debara Ara	GND	466
LK-8221140	Kithulkote	Kithulkote	GND	830
LK-8221145	Uva Kudaoya	Uva Kudaoya	GND	826
LK-8224	Buttala	Buttala	DSD	17488
LK-8224005	Uda Arawa	Uda Arawa	GND	370
LK-8224010	Horabokka	Horabokka	GND	532
LK-8224015	Unawatuna	Unawatuna	GND	919
LK-8224020	Yudaganawa	Yudaganawa	GND	723
LK-8224025	Dikyaya	Dikyaya	GND	759
LK-8224030	Udagama	Udagama	GND	708
LK-8224035	Mahagodayaya	Mahagodayaya	GND	719
LK-8224040	Gaminipura	Gaminipura	GND	614
LK-8224045	Okkampitiya	Okkampitiya	GND	487
LK-8224050	Galtemmandiya	Galtemmandiya	GND	445
LK-8224055	Ulugala	Ulugala	GND	589
LK-8224060	Maligavila	Maligavila	GND	722
LK-8224065	Minipuragama	Minipuragama	GND	201
LK-8224070	Buruthagolla	Buruthagolla	GND	514
LK-8224075	Pahalagama	Pahalagama	GND	618
LK-8224080	Konketiya	Konketiya	GND	757
LK-8224085	Medagama	Medagama	GND	590
LK-8224090	Pettagamwela	Pettagamwela	GND	495
LK-8224095	Puhulkotuwa	Puhulkotuwa	GND	752
LK-8224100	Veheragala	Veheragala	GND	412
LK-8224105	Pelwatta	Pelwatta	GND	974
LK-8224110	Mahasenpura	Mahasenpura	GND	653
LK-8224115	Kumaragama	Kumaragama	GND	464
LK-8224120	Kukurampola	Kukurampola	GND	602
LK-8224125	Kumarapura	Kumarapura	GND	550
LK-8224130	Yatiyallathota	Yatiyallathota	GND	436
LK-8224135	Waguruwela	Waguruwela	GND	630
LK-8224140	Gonagan Ara	Gonagan Ara	GND	508
LK-8224145	Rahathangama	Rahathangama	GND	745
LK-8227	Katharagama	Katharagama	DSD	5324
LK-8227005	Sella Katharagama	Sella Katharagama	GND	603
LK-8227010	Katharagama	Katharagama	GND	1160
LK-8227015	Detagamuwa	Datagamuwa	GND	1097
LK-8227020	Kandasurindugama	Kandasurindugama	GND	1251
LK-8227025	Karavile	Karavile	GND	1213
LK-8230	Thanamalwila	Thanamalvila	DSD	9468
LK-8230005	Kandiyapitawewa	Kandiyapitawewa	GND	849
LK-8230010	Kotavehera Mankada	Kotavehera Mankada	GND	1036
LK-8230015	Aluthwewa	Aluthwewa	GND	820
LK-8230020	Hambegamuwa	Hambegamuwa	GND	773
LK-8230025	Hambegamuwa Colony	Hambegamuwa Colony	GND	682
LK-8230030	Kahakurullan Pelessa	Kahakurullan Pelessa	GND	609
LK-8230035	Mahawewa	Mahawewa	GND	396
LK-8230040	Sooriyaara	Sooriyaara	GND	852
LK-8230045	Usgala	Usgala	GND	325
LK-8230050	Nikawewa	Nikawewa	GND	331
LK-8230055	Bodagama	Bodagama	GND	611
LK-8230060	Kivul Ara	Kivul Ara	GND	502
LK-8230065	Sittarama	Sittarama	GND	1075
LK-8230070	Seenukkuwa	Seenukkuwa	GND	607
LK-8233	Sevanagala	Sevanagala	DSD	13878
LK-8233005	Katupilagama	Katupilagama	GND	2245
LK-8233010	Habaraluwewa	Habaraluwewa	GND	790
LK-8233015	Samagipura	Samagipura	GND	649
LK-8233020	Weliara	Weliara	GND	354
LK-8233025	Punchiwewa	Punchiwewa	GND	268
LK-8233030	Kiri Ibbanwewa	Kiri Ibbanwewa	GND	1058
LK-8233035	Sevanagala	Sevanagala	GND	1454
LK-8233040	Muthuminigama	Muthuminigama	GND	1051
LK-8233045	Bahirawa	Bahirawa	GND	533
LK-8233050	Indikolapelessa	Indikolapelessa	GND	508
LK-8233055	Habarugala	Habarugala	GND	1710
LK-8233060	Nugegalayaya	Nugegalayaya	GND	1279
LK-8233065	Mahagama	Mahagama	GND	995
LK-8233070	Habarattawela	Habarattawela	GND	984
LK-9	Sabaragamuwa	Sabaragamuwa	PROVINCE	566880
LK-91	Ratnapura	Ratnapura	DISTRICT	324853
LK-9103	Eheliyagoda	Eheliyagoda	DSD	20297
LK-9103005	Divurumpitiya	Divurumpitiya	GND	1124
LK-9103010	Hewainna	Hewainna	GND	566
LK-9103015	Kalatuwawa East	Kalatuwawa East	GND	404
LK-9103020	Getahetta	Getahetta	GND	450
LK-9103025	Walavita	Walavita	GND	464
LK-9103030	Meennana	Meennana	GND	1180
LK-9103035	Bopetta Didda	Bopetta Didda	GND	750
LK-9103040	Thoranakada	Thoranakada	GND	702
LK-9103045	Ganegoda	Ganegoda	GND	398
LK-9103050	Iddamalgoda	Iddamalgoda	GND	272
LK-9103055	Huladduwa	Huladduwa	GND	191
LK-9103060	Kalatuwawa West	Kalatuwawa West	GND	357
LK-9103065	Uduwaka	Uduwaka	GND	149
LK-9103070	Napawala	Napawala	GND	230
LK-9103075	Pelpitiya	Pelpitiya	GND	300
LK-9103080	Udumatta	Udumatta	GND	452
LK-9103085	Vilegoda	Vilegoda	GND	465
LK-9103090	Vilegoda East	Vilegoda East	GND	339
LK-9103095	Eheliyagoda Watta	Eheliyagoda Watta	GND	288
LK-9103100	Asgangula North	Asgangula North	GND	435
LK-9103105	Kendangamuwa Ihalagama	Kendangamuwa Ihalagama	GND	587
LK-9103110	Moragala	Moragala	GND	464
LK-9103115	Bulugahapitiya	Bulugahapitiya	GND	864
LK-9103120	Yakudagoda	Yakudagoda	GND	692
LK-9103125	Kendangamuwa	Kendangamuwa	GND	303
LK-9103130	Asgangula South	Asgangula South	GND	262
LK-9103135	Mahara	Mahara	GND	214
LK-9103140	Mahingoda	Mahingoda	GND	792
LK-9103145	Nakandala	Nakandala	GND	322
LK-9103150	Viyalagoda	Viyalagoda	GND	357
LK-9103155	Kendangamuwa Pahalagama	Kendangamuwa Pahalagama	GND	526
LK-9103160	Paleegala	Paleegala	GND	394
LK-9103165	Miyanakolathenna	Miyanakolathenna	GND	162
LK-9103170	Mitipola	Mitipola	GND	454
LK-9103175	Mapota	Mapota	GND	242
LK-9103180	Karandana North	Karandana North	GND	609
LK-9103185	Kiriporuwa	Kiriporuwa	GND	347
LK-9103190	Nedurana	Nedurana	GND	540
LK-9103195	Erepola	Erepola	GND	326
LK-9103200	Sirisamanpura	Sirisamanpura	GND	363
LK-9103205	Nugadanda	Nugadanda	GND	428
LK-9103210	Karandana West	Karandana West	GND	388
LK-9103215	Karandana South	Karandana South	GND	527
LK-9103220	Hindurangala	Hindurangala	GND	618
LK-9106	Kuruvita	Kuruvita	DSD	26914
LK-9106005	Amuhenkanda	Amuhenkanda	GND	673
LK-9106010	Pathberiya West	Pathberiya West	GND	688
LK-9106015	Pathberiya	Pathberiya	GND	852
LK-9106020	Meneripitiya	Meneripitiya	GND	864
LK-9106025	Parakaduwa	Parakaduwa	GND	599
LK-9106030	Bodhimaluwa	Bodhimaluwa	GND	801
LK-9106035	Thalavitiya	Thalavitiya	GND	959
LK-9106040	Pohorabawa	Pohorabawa	GND	737
LK-9106045	Pussella	Pussella	GND	999
LK-9106050	Devipahala	Devipahala	GND	791
LK-9106055	Endiriyanwala	Endiriyanwala	GND	467
LK-9106060	Erathna	Erathna	GND	421
LK-9106065	Adavikanda	Adavikanda	GND	264
LK-9106070	Lassakanda	Lassakanda	GND	507
LK-9106075	Sudagala	Sudagala	GND	634
LK-9106080	nan	Ekneligoda North	GND	456
LK-9106085	Kiragala	Kiragala	GND	614
LK-9106090	Kandangoda	Kandangoda	GND	504
LK-9106095	Millavitiya	Millavitiya	GND	1029
LK-9106100	Miyanadeniya	Miyanadeniya	GND	523
LK-9106105	Ovitigama	Ovitigama	GND	320
LK-9106110	Theppanawa	Theppanawa	GND	596
LK-9106115	Theppanawa Ihalagama	Theppanawa Ihalagama	GND	748
LK-9106120	Pahala Kuruvita	Pahala Kuruvita	GND	763
LK-9106125	Kandangoda South	Kandangoda South	GND	695
LK-9106130	Wathuyaya	Wathuyaya	GND	503
LK-9106135	Udakada	Udakada	GND	239
LK-9106140	Ekneligoda	Ekneligoda	GND	535
LK-9106145	Delgamuwa	Delgamuwa	GND	766
LK-9106150	Kuruvita	Kuruvita	GND	1250
LK-9106155	Walandura	Walandura	GND	672
LK-9106160	Nadukaradeniya	Nadukaradeniya	GND	621
LK-9106165	Kahengama	Kahengama	GND	1091
LK-9106170	Pathagama	Pathagama	GND	887
LK-9106175	Theppanawa Pahalagama	Theppanawa Pahalagama	GND	363
LK-9106180	Kithulpe	Kithulpe	GND	989
LK-9106185	Kahengama West	Kahengama West	GND	1008
LK-9106190	Kosgoda	Kosgoda	GND	764
LK-9106195	Galukagama	Galukagama	GND	722
LK-9109	Kiriella	Kiriella	DSD	9606
LK-9109005	Ellawala	Ellawala	GND	572
LK-9109010	Deheragoda	Deheragoda	GND	954
LK-9109015	Kanuggalla	Kanuggalla	GND	230
LK-9109020	Ellawala Pahalagama	Ellawala Pahalagama	GND	663
LK-9109025	Mudunkotuwa	Mudunkotuwa	GND	540
LK-9109030	Akurana	Akurana	GND	416
LK-9109035	Kiriella	Kiriella	GND	319
LK-9109040	Handukanda	Handukanda	GND	308
LK-9109045	Epitawala	Epitawala	GND	461
LK-9109050	Munasinhapura	Munasinhapura	GND	235
LK-9109055	Yatipawwa	Yatipawwa	GND	720
LK-9109060	Ellagawa	Ellagawa	GND	344
LK-9109065	Idangoda	Idangoda	GND	757
LK-9109070	Matuwagala	Matuwagala	GND	1000
LK-9109075	Dodampe West	Dodampe West	GND	993
LK-9109080	Dodampe	Dodampe	GND	827
LK-9109085	Holeepitiya	Holeepitiya	GND	267
LK-9112	Ratnapura	Ratnapura	DSD	33231
LK-9112005	Gileemale North	Gileemale North	GND	482
LK-9112010	Ketawala	Ketawala	GND	376
LK-9112015	Guruluwana	Guruluwana	GND	389
LK-9112020	Siripagama	Siripagama	GND	254
LK-9112025	Sri Palabaddala	Sri Palabaddala	GND	325
LK-9112030	Mapalana	Mapalana	GND	351
LK-9112035	Kudawa	Kudawa	GND	816
LK-9112040	Dehenakanda	Dehenakanda	GND	549
LK-9112045	Bambarabotuwa	Bambarabotuwa	GND	698
LK-9112050	Alupola	Alupola	GND	422
LK-9112055	Balakotunna	Balakotunna	GND	481
LK-9112060	Hapugasthenna	Hapugasthenna	GND	1362
LK-9112065	Rathgama	Rathgama	GND	468
LK-9112070	Gileemale South	Gileemale South	GND	681
LK-9112075	Pagoda	Pagoda	GND	539
LK-9112080	Embuldeniya	Embuldeniya	GND	307
LK-9112085	Malangama	Malangama	GND	1019
LK-9112090	Amuthagoda	Amuthagoda	GND	620
LK-9112095	Kahangama	Kahangama	GND	781
LK-9112100	Ketaliyampalla	Ketaliyampalla	GND	838
LK-9112105	New Town	New Town	GND	1839
LK-9112110	Ellegedara	Ellegedara	GND	280
LK-9112115	Malwala	Malwala	GND	776
LK-9112120	Durekkanda	Durekkanda	GND	883
LK-9112125	Galabada	Galabada	GND	476
LK-9112130	Gallella	Gallella	GND	708
LK-9112135	Amunuthenna	Amunuthenna	GND	233
LK-9112140	Kempanawatta	Kempanawatta	GND	272
LK-9112145	Gurubevilagama	Gurubevilagama	GND	562
LK-9112150	Batewela	Batewela	GND	246
LK-9112155	Hettikanda	Hettikanda	GND	320
LK-9112160	Banagoda	Banagoda	GND	323
LK-9112165	Heenberenduwa	Heenberenduwa	GND	232
LK-9112170	Egoda Malwala	Egoda Malwala	GND	301
LK-9112175	Meehitiya	Meehitiya	GND	570
LK-9112180	Kospelavinna	Kospelavinna	GND	1206
LK-9112185	Weralupe	Weralupa	GND	1196
LK-9112190	Dewalegawa	Dewalegawa	GND	774
LK-9112195	Muwagama	Muwagama	GND	866
LK-9112200	Ratnapura Town West	Ratnapura Town West	GND	202
LK-9112205	Ratnapura Town North	Ratnapura Town North	GND	855
LK-9112210	Mihindugama	Mihindugama	GND	1605
LK-9112215	Mahawala	Mahawala	GND	352
LK-9112220	Godigamuwa	Godigamuwa	GND	733
LK-9112225	Ratnapura Town	Ratnapura Town	GND	380
LK-9112230	Mudduwa East	Mudduva East	GND	889
LK-9112235	Samagipura	Samagipura	GND	768
LK-9112240	Ethoya	Ethoya	GND	514
LK-9112245	Mudduwa	Mudduwa	GND	663
LK-9112250	Batugedara	Batugedara	GND	589
LK-9112255	Angammana	Angammana	GND	574
LK-9112260	Thiriwanketiya	Thiriwanketiya	GND	642
LK-9112265	Kolandagala	Kolandagala	GND	644
LK-9115	Imbulpe	Imbulpe	DSD	18205
LK-9115005	Rawanakanda	Rawanakanda	GND	248
LK-9115010	Gallenakanda	Gallenakanda	GND	241
LK-9115015	Kattadikanda	Kattadikanda	GND	140
LK-9115020	Waleboda North	Waleboda North	GND	169
LK-9115025	Bellankanda	Bellankanda	GND	262
LK-9115030	Bolthumbe	Bolthumbe	GND	333
LK-9115035	Pinnawala	Pinnawala	GND	435
LK-9115040	Udagama	Udagama	GND	362
LK-9115045	Maddegama	Maddegama	GND	878
LK-9115050	Pidaligannawela	Pidaligannawela	GND	470
LK-9115055	Ihalagalagama	Ihalagalagama	GND	212
LK-9115060	Viharawela	Viharawela	GND	148
LK-9115065	Kumburutheniwela	Kumburutheniwela	GND	341
LK-9115070	Belihuloya	Belihuloya	GND	200
LK-9115075	Yakdehiwela	Yakdehiwela	GND	205
LK-9115080	Muttettuwegama	Muttettuwegama	GND	770
LK-9115085	Puwakgahawela	Puwakgahawela	GND	337
LK-9115090	Budunwela	Budunwela	GND	103
LK-9115095	Halpe	Halpe	GND	184
LK-9115100	Nittamaluwa	Nittamaluwa	GND	185
LK-9115105	Kumbalgama	Kumbalgama	GND	128
LK-9115110	Kinchigune	Kinchigune	GND	165
LK-9115115	Karagasthalawa	Karagasthalawa	GND	251
LK-9115120	Seelogama	Seelogama	GND	287
LK-9115125	Imbulpe	Imbulpe	GND	346
LK-9115130	Passaramulla	Passaramulla	GND	369
LK-9115135	Alakolaella	Alakolaella	GND	304
LK-9115140	Atawakwela	Atawakwela	GND	484
LK-9115145	Kanathiriyanwala	Kanathiriyanwala	GND	584
LK-9115150	Pallewela	Pallewela	GND	306
LK-9115155	Gurubevila	Gurubevila	GND	358
LK-9115160	Pandeniya	Pandeniya	GND	377
LK-9115165	Pagalovita	Pagalovita	GND	293
LK-9115170	Maddethalawa	Maddethalawa	GND	351
LK-9115175	Amuwathugoda	Amuwathugoda	GND	294
LK-9115180	Medagedaragoda	Medagedaragoda	GND	342
LK-9115185	Aluthnuwara	Aluthnuwara	GND	595
LK-9115190	Thotapalla	Thotapalla	GND	302
LK-9115195	Ulupitiya	Ulupitiya	GND	291
LK-9115200	Mamalgaha	Mamalgaha	GND	323
LK-9115205	Welanhinna	Welanhinna	GND	372
LK-9115210	Amupitiya	Amupitiya	GND	344
LK-9115215	Naluwela	Naluwela	GND	413
LK-9115220	Wegapitiya	Wegapitiya	GND	1185
LK-9115225	Morahela	Morahela	GND	360
LK-9115230	Oluganthota	Oluganthota	GND	930
LK-9115235	Rathmalavinna	Rathmalavinna	GND	487
LK-9115240	Karadiyamulla	Karadiyamulla	GND	672
LK-9115245	Hatharabage	Hatharabage	GND	332
LK-9115250	Thunkinda	Thunkinda	GND	137
LK-9118	Balangoda	Balangoda	DSD	20998
LK-9118005	nan	Egoda Waleboda	GND	553
LK-9118010	Welekumbura	Welekumbura	GND	450
LK-9118015	Wijanathkumbura	Wijanathkumbura	GND	279
LK-9118020	Bulathgama	Bulathgama	GND	353
LK-9118025	Thumbagoda	Thumbagoda	GND	1618
LK-9118030	Kirindigala	Kirindigala	GND	1333
LK-9118035	Yahalewela	Yahalewela	GND	368
LK-9118040	Batugammana	Batugammana	GND	340
LK-9118045	Aldora	Aldora	GND	439
LK-9118050	Watawala	Watawala	GND	116
LK-9118055	Mulgama	Mulgama	GND	171
LK-9118060	Damahana	Rajawaka	GND	213
LK-9118065	Godakumbura	Bowatta	GND	412
LK-9118070	Imbulamura	Vikiliya	GND	472
LK-9118075	Mahawalathenna	Thotupalathenna	GND	535
LK-9118080	Theladiriya	Kirimetithenna	GND	1345
LK-9118085	Mawela	Dehigasthalawa	GND	1224
LK-9118090	Welage	Balangoda Town	GND	548
LK-9118095	Gawaranhena	Balangoda	GND	1235
LK-9118100	Horaketiya	Jahinkanda	GND	460
LK-9118105	Rajawaka	Meddekanda	GND	394
LK-9118110	Bowatta	Ellewatta	GND	503
LK-9118115	Vikiliya	Polwathugoda	GND	483
LK-9118120	Thotupalathenna	Durakanda	GND	360
LK-9118125	Kirimetithenna	Rassagala	GND	644
LK-9118130	Dehigasthalawa	Ampitiyawatta	GND	424
LK-9118135	Balangoda Town	Massenna	GND	272
LK-9118140	Balangoda	Pettigala	GND	576
LK-9118145	Jahinkanda	Pallekanda	GND	286
LK-9118150	Meddekanda	Ellepola	GND	374
LK-9118155	Ellewatta	Thalangama	GND	619
LK-9118160	Polwathugoda	Kumara Gama	GND	647
LK-9118165	Durakanda	Damahana	GND	487
LK-9118170	Rassagala	Godakumbura	GND	175
LK-9118175	Ampitiyawatta	Imbulamura	GND	255
LK-9118180	Massenna	Mahawalathenna	GND	316
LK-9118185	Pettigala	Theladiriya	GND	238
LK-9118190	Pallekanda	Mawela	GND	495
LK-9118195	Ellepola	Welage	GND	323
LK-9118200	Thalangama	"Gawaranhena
"	GND	337
LK-9118205	Kumara Gama	Horaketiya	GND	326
LK-9119	Kalthota	Kaltota	DSD	3993
LK-9119005	Diyavinna	Thanjanthenna	GND	523
LK-9119010	Kalthota	Kalthota	GND	334
LK-9119015	Uggalkalthota Left Bank South	Uggalkalthota Left Bank South	GND	243
LK-9119020	Medabedda	Medabedda	GND	235
LK-9119025	Neluyaya	Neluyaya	GND	319
LK-9119030	Uggalkalthota Left Bank Left	Uggalkalthota Left Bank Left	GND	181
LK-9119035	Welipathayaya	Welipathayaya	GND	522
LK-9119040	Kuragala	Kuragala	GND	261
LK-9119045	Molamura	Molamura	GND	245
LK-9119050	Kongahamankada	Kongahamankada	GND	471
LK-9119055	Kalupedigama	Kalupedigama	GND	334
LK-9119060	Thanjanthenna	Diyavinna	GND	325
LK-9121	Opanayake	Opanayake	DSD	8102
LK-9121005	Polwattahena	Polwattahena	GND	293
LK-9121010	Metihakwala	Metihakwala	GND	334
LK-9121015	Malmeekanda	Malmeekanda	GND	367
LK-9121020	Meegahawela	Meegahawela	GND	537
LK-9121025	Kendaketiya	Kendaketiya	GND	177
LK-9121030	Pelendakanda	Pelendakanda	GND	438
LK-9121035	Madola	Madola	GND	295
LK-9121040	Udawela	Udawela	GND	291
LK-9121045	Opanayaka	Opanayaka	GND	799
LK-9121050	Hunuwala North	Hunuwala North	GND	667
LK-9121055	Hallinna	Hallinna	GND	509
LK-9121060	Hunuwala South	Hunuwala South	GND	392
LK-9121065	Dandeniya	Dandeniya	GND	376
LK-9121070	Wallaketiya	Wallaketiya	GND	370
LK-9121075	Akarella	Akarella	GND	602
LK-9121080	Hattella	Hattella	GND	389
LK-9121085	Hattella Egoda	Hattella Egoda	GND	293
LK-9121090	Batadura	Batadura	GND	385
LK-9121095	Liyanagoda	Liyanagoda	GND	402
LK-9121100	Galkanda	Galkanda	GND	186
LK-9124	Pelmadulla	Pelmadulla	DSD	26068
LK-9124005	Gonakumbura	Gonakumbura	GND	328
LK-9124010	Bopetta	Bopetta	GND	563
LK-9124015	Berenduwa	Berenduwa	GND	1213
LK-9124020	Narangoda	Narangoda	GND	396
LK-9124025	Kuttapitiya	Kuttapitiya	GND	848
LK-9124030	Ganegama	Ganegama	GND	498
LK-9124035	Godagama	Godagama	GND	637
LK-9124040	Dombagasvinna	Dombagasvinna	GND	555
LK-9124045	Sannasgama	Sannasgama	GND	644
LK-9124050	Dippitigala	Dippitigala	GND	471
LK-9124055	Lellopitiya	Lellopitiya	GND	533
LK-9124060	Welimaluwa	Welimaluwa	GND	1096
LK-9124065	Gallinna	Gallinna	GND	671
LK-9124070	Maudella	Maudella	GND	583
LK-9124075	Marapana	Marapana	GND	881
LK-9124080	Pahala Hakamuwa	Pahala Hakamuwa	GND	727
LK-9124085	Ihala Hakamuwa	Ihala Hakamuwa	GND	309
LK-9124090	Pottakanda	Pottakanda	GND	816
LK-9124095	Niralgama	Niralgama	GND	646
LK-9124100	Alupotha	Alupotha	GND	365
LK-9124105	Dewalegama	Dewalegama	GND	836
LK-9124110	Denawaka Pathakada	Denawaka Pathakada	GND	1113
LK-9124115	Rilhena	Rilhena	GND	808
LK-9124120	Pahala Bopitiya	Pahala Bopitiya	GND	470
LK-9124125	Pelmadulla Town	pelmadulla Town	GND	728
LK-9124130	Udathula	Udathula	GND	561
LK-9124135	Warigama	Warigama	GND	386
LK-9124140	Denawaka Udakada	Denawaka Udakada	GND	385
LK-9124145	Pelmadullagama	Pelmadullagama	GND	803
LK-9124150	Ihala Bopitiya	Ihala Bopitiya	GND	652
LK-9124155	Halpawala	Halpawala	GND	603
LK-9124160	Kapuhenthota	Kapuhenthota	GND	850
LK-9124165	Panawenna	Panawenna	GND	1647
LK-9124170	Borala	Borala	GND	985
LK-9124175	Morathota	Morathota	GND	733
LK-9124180	Kattange	Kattange	GND	838
LK-9124185	Poronuwa	Poronuwa	GND	890
LK-9127	Elapatha	Elapatha	DSD	10784
LK-9127005	Kahawatta	Kahawatta	GND	386
LK-9127010	Dambuluwana	Dambuluwana	GND	577
LK-9127015	Raddella	Raddella	GND	464
LK-9127020	Haldola	Haldola	GND	640
LK-9127025	Karangoda	Karangoda	GND	661
LK-9127030	Samangama	Samangama	GND	560
LK-9127035	Kehelovitigama	Kehelovitigama	GND	493
LK-9127040	Weragama	Weragama	GND	460
LK-9127045	Dellabada	Dellabada	GND	361
LK-9127050	Elapatha	Elapatha	GND	799
LK-9127055	Pallegedara	Pallegedara	GND	565
LK-9127060	Kotamulla	Kotamulla	GND	450
LK-9127065	Amuwala	Amuwala	GND	465
LK-9127070	Gangulvitiya	Gangulvitiya	GND	713
LK-9127075	Niriella	Niriella	GND	726
LK-9127080	Palawela	Palawela	GND	504
LK-9127085	Batakada	Batakada	GND	346
LK-9127090	Digana	Digana	GND	385
LK-9127095	Magurugoda	Magurugoda	GND	574
LK-9127100	Hangamuwa	Hangamuwa	GND	655
LK-9130	Ayagama	Ayagama	DSD	8847
LK-9130005	Dumbara	Dumbara	GND	571
LK-9130010	Ketepola	Ketepola	GND	455
LK-9130015	Dethabadakanda	Dethabadakanda	GND	272
LK-9130020	Madabaddara	Madabaddara	GND	464
LK-9130025	Pahala Galathura	Pahala Galathura	GND	402
LK-9130030	Galathura	Galathura	GND	705
LK-9130035	Sinhalagoda	Sinhalagoda	GND	589
LK-9130040	Gangodakanda	Gangodakanda	GND	308
LK-9130045	Dumbara Manana	Dumbara Manana	GND	361
LK-9130050	Gawaragiriya	Gawaragiriya	GND	336
LK-9130055	Pitakanda	Pitakanda	GND	533
LK-9130060	Pallekada	Pallekada	GND	402
LK-9130065	Ellahena	Ellahena	GND	233
LK-9130070	Vithanagama	Vithanagama	GND	332
LK-9130075	Ayagama	Ayagama	GND	593
LK-9130080	Udugala North	Udugala North	GND	334
LK-9130085	Kolambewa	Kolambewa	GND	226
LK-9130090	Udugala	Udugala	GND	644
LK-9130095	Paragala	Paragala	GND	353
LK-9130100	Pimbura	Pimbura	GND	387
LK-9130105	Nikagoda	Nikagoda	GND	347
LK-9133	Kalawana	Kalawana	DSD	15099
LK-9133005	Kodippilikanda	Kodippilikanda	GND	638
LK-9133010	Jathuwangoda	Jathuwangoda	GND	437
LK-9133015	Meepagama	Meepagama	GND	374
LK-9133020	Kukulegama North	Kukulegama North	GND	597
LK-9133025	Samanpura	Samanpura	GND	590
LK-9133030	Kalawana West	Kalawana West	GND	614
LK-9133035	Thapassarakanda	Thapassarakanda	GND	790
LK-9133040	Koswatta	Koswatta	GND	532
LK-9133045	Kukulegama South	Kukulegama South	GND	362
LK-9133050	Pitigalakanda	Pitigalakanda	GND	275
LK-9133055	Wewagama	Wewagama	GND	236
LK-9133060	Davugalagama	Davugalagama	GND	495
LK-9133065	Wembiyagoda	Wembiyagoda	GND	397
LK-9133070	Kalawana East	Kalawana East	GND	493
LK-9133075	Wewelkandura	Wewelkandura	GND	807
LK-9133080	Hangarangala	Hangarangala	GND	575
LK-9133085	Wathurawa	Wathurawa	GND	433
LK-9133090	Delgoda East	Delgoda East	GND	471
LK-9133095	Delgoda West	Delgoda West	GND	390
LK-9133100	Weddagala West	Weddagala West	GND	260
LK-9133105	Weddagala East	Weddagala East	GND	319
LK-9133110	Kudumeeriya	Kudumeeriya	GND	362
LK-9133115	Thanabela	Thanabela	GND	449
LK-9133120	Rambuka	Rambuka	GND	641
LK-9133125	Dolekanda	Dolekanda	GND	358
LK-9133130	Kathlana	Kathlana	GND	689
LK-9133135	Gangalagamuwa	Gangalagamuwa	GND	433
LK-9133140	Panapola	Panapola	GND	343
LK-9133145	Kudawa	Kudawa	GND	272
LK-9133150	Hapugoda	Hapugoda	GND	409
LK-9133155	Pothupitiya North	Pothupitiya North	GND	461
LK-9133160	Pothupitiya South	Pothupitiya South	GND	246
LK-9133165	Ilumbakanda	Ilumbakanda	GND	351
LK-9136	Nivithigala	Nivithigala	DSD	16642
LK-9136005	Pathakada	Pathakada	GND	635
LK-9136010	Noragalla	Noragalla	GND	907
LK-9136015	Dombagammana	Dombagammana	GND	835
LK-9136020	Erabadda	Erabadda	GND	549
LK-9136025	Kiribathgala	Kiribathgala	GND	434
LK-9136030	Wanniyawatta	Wanniyawatta	GND	510
LK-9136035	Watapotha	Watapotha	GND	418
LK-9136040	Thuttiripitiya	Thuttiripitiya	GND	492
LK-9136045	Nivithigala	Nivithigala	GND	874
LK-9136050	Yakdehiwatta	Yakdehiwatta	GND	912
LK-9136055	Wathupitiya	Wathupitiya	GND	630
LK-9136060	Horangala	Horangala	GND	592
LK-9136065	Pahala Karavita	Pahala Karavita	GND	1101
LK-9136070	Uda Karavita	Uda Karavita	GND	816
LK-9136075	Pinkanda	Pinkanda	GND	645
LK-9136080	Halkandaliya	Halkandaliya	GND	604
LK-9136085	Sidurupitiya	Sidurupitiya	GND	542
LK-9136090	Doloswala	Doloswala	GND	489
LK-9136095	Kolombugama	Kolombugama	GND	1234
LK-9136100	Doloswalakanda	Doloswalakanda	GND	838
LK-9136105	Pebotuwa	Pebotuwa	GND	455
LK-9136110	Horanekarakanda	Horanekarakanda	GND	668
LK-9136115	Delwala	Delwala	GND	1321
LK-9136120	Panahetagala	Panahetagala	GND	141
LK-9139	Kahawattha	Kahawatta	DSD	12358
LK-9139005	Yainna	Yainna	GND	1103
LK-9139010	Nugawela West	Nugawela West	GND	729
LK-9139015	Nugawela East	Nugawela East	GND	365
LK-9139020	Weladura	Weladura	GND	1123
LK-9139025	Bungiriya	Bungiriya	GND	394
LK-9139030	Uda Hawpe	Uda Hawpe	GND	877
LK-9139035	Yatagare	Yatagare	GND	435
LK-9139040	Madalagama Colony	Madalagama Colony	GND	574
LK-9139045	Panapitiya North	Panapitiya North	GND	403
LK-9139050	Nambuluwa	Nambuluwa	GND	708
LK-9139055	Atakalanpanna	Atakalanpanna	GND	760
LK-9139060	Pahamunupanna	Pahamunupanna	GND	224
LK-9139065	Kalalella	Kalalella	GND	933
LK-9139070	Panapitiya South	Panapitiya South	GND	425
LK-9139075	Gabbela	Gabbela	GND	536
LK-9139080	Endana	Endana	GND	885
LK-9139085	Madalagama	Madalagama	GND	310
LK-9139090	Miyanavita West	Miyanavita West	GND	601
LK-9139095	Miyanavita East	Miyanavita East	GND	306
LK-9139100	Kiranodagama	Kiranodagama	GND	517
LK-9139105	Pannila	Pannila	GND	150
LK-9142	Godakawela	Godakawela	DSD	22586
LK-9142005	Kotakethana	Kotakethana	GND	846
LK-9142010	Dimbulwala	Dimbulwala	GND	595
LK-9142015	Hapurudeniya	Hapurudeniya	GND	506
LK-9142020	Panawala	Panawala	GND	317
LK-9142025	Buluwana	Buluwana	GND	411
LK-9142030	Makandura	Makandura	GND	392
LK-9142035	Ematiyagoda	Ematiyagoda	GND	267
LK-9142040	Ridivita	Ridivita	GND	471
LK-9142045	Maragala	Maragala	GND	273
LK-9142050	Hiramadagama	Hiramadagama	GND	409
LK-9142055	Madampe North	Madampe North	GND	931
LK-9142060	Kavuduwawa	Kavuduwawa	GND	504
LK-9142065	Madampe South	Madampe South	GND	545
LK-9142070	Horamula	Horamula	GND	522
LK-9142075	Weralugahamula	Weralugahamula	GND	348
LK-9142080	Alpitiya	Alpitiya	GND	438
LK-9142085	Galahitiya	Galahitiya	GND	629
LK-9142090	Kompitiya	Kompitiya	GND	360
LK-9142095	Malwatta	Malwatta	GND	572
LK-9142100	Werahera West	Werahera West	GND	327
LK-9142105	Werahera East	Werahera East	GND	226
LK-9142110	Godakawela	Godakawela	GND	283
LK-9142115	Warayaya	Warayaya	GND	456
LK-9142120	Niyangama	Niyangama	GND	519
LK-9142125	Bambaragasthenna	Bambaragasthenna	GND	655
LK-9142130	Balavinna North	Balavinna North	GND	369
LK-9142135	Balavinna West	Balavinna West	GND	768
LK-9142140	Kapuhenthenna	Kapuhenthenna	GND	210
LK-9142145	Mawathalanda	Mawathalanda	GND	415
LK-9142150	Meddegama	Meddegama	GND	330
LK-9142155	Masimbula	Masimbula	GND	1160
LK-9142160	Rakwana Town	Rakwana Town	GND	476
LK-9142165	Kottala	Kottala	GND	1135
LK-9142170	Rakwana South	Rakwana South	GND	667
LK-9142175	Rakwana North	Rakwana North	GND	892
LK-9142180	Yahalawela	Yahalawela	GND	688
LK-9142185	Bibilegama West	Bibilegama West	GND	629
LK-9142190	Bibilegama East	Bibilegama East	GND	467
LK-9142195	Thambagamuwa West	Thambagamuwa West	GND	417
LK-9142200	Dambavinna	Dambavinna	GND	319
LK-9142205	Balavinna East	Balavinna East	GND	909
LK-9142210	Thambagamuwa East	Thambagamuwa East	GND	323
LK-9142215	Mahagama West	Mahagama West	GND	393
LK-9142220	Mahagama East	Mahagama East	GND	217
LK-9145	Weligepola	Weligepola	DSD	10598
LK-9145005	Paragahamaditta	Paragahamaditta	GND	297
LK-9145010	Ilukkumbura	Illukkumbura	GND	303
LK-9145015	Panana	Panana	GND	242
LK-9145020	Galgodagama	Galgodagama	GND	326
LK-9145025	Kongasthenna	Kongasthenna	GND	244
LK-9145030	Bopitigoda	Bopitigoda	GND	339
LK-9145035	Gangodagama	Gangodagama	GND	331
LK-9145040	Medaganoya	Medaganoya	GND	179
LK-9145045	Udaranwala	Udaranwala	GND	462
LK-9145050	Weligepola	Weligepola	GND	397
LK-9145055	Udagangoda	Udagangoda	GND	373
LK-9145060	Belimaliyadda	Belimaliyadda	GND	248
LK-9145065	Handagiriya	Handagiriya	GND	181
LK-9145070	Handagirigoda	Handagirigoda	GND	275
LK-9145075	Palugahawela	Palugahawela	GND	310
LK-9145080	Urawala	Urawala	GND	369
LK-9145085	Kottimbulwala	Kottimbulwala	GND	271
LK-9145090	Thalagaskanda	Thalagaskanda	GND	413
LK-9145095	Ranwala	Ranwala	GND	358
LK-9145100	Ammaduwa	Ammaduwa	GND	379
LK-9145105	Elamalpe	Elamalpe	GND	311
LK-9145110	Thennahena	Thennahena	GND	321
LK-9145115	Kalatuwakanda	Kalatuwakanda	GND	256
LK-9145120	Badullegama	Badullegama	GND	430
LK-9145125	Hatangala	Hatangala	GND	524
LK-9145130	Bambaragala	Bambaragala	GND	574
LK-9145135	Pussathota	Pussathota	GND	450
LK-9145140	Madawalalanda	Madawalalanda	GND	301
LK-9145145	Galpaya	Galpaya	GND	822
LK-9145150	Muttettupola	Muttettupola	GND	312
LK-9148	Embilipitiya	Embilipitiya	DSD	45752
LK-9148005	Pallebedda	Pallebedda	GND	741
LK-9148010	Thittawelpotha	Thittawelpotha	GND	624
LK-9148015	Panahaduwa	Panahaduwa	GND	780
LK-9148020	Udawalawa	Udawalawa	GND	946
LK-9148025	Thimbolketiya	Thimbolketiya	GND	734
LK-9148030	Kolambage Ara	Kolambage Ara	GND	1110
LK-9148035	Sankhapala	Sankhapala	GND	1116
LK-9148040	Miriswelpatha	Miriswelpatha	GND	647
LK-9148045	Adaluwa	Adaluwa	GND	999
LK-9148050	Maduwanwela	Maduwanwela	GND	1498
LK-9148055	Udawalawa Track 02	Udawalawa Track 02	GND	1142
LK-9148060	Rathkarawwa	Rathkarawwa	GND	1690
LK-9148065	Gangeyaya	Gangeyaya	GND	1022
LK-9148070	Ketagal Ara	Ketagal Ara	GND	1094
LK-9148075	Nindagam Pelessa	Nindagam Pelessa	GND	803
LK-9148080	Ranchamadama	Ranchamadama	GND	822
LK-9148085	Panamura	Panamura	GND	1833
LK-9148090	Konkatuwa	Konkatuwa	GND	1135
LK-9148095	Embilipitiya Udagama	Embilipitiya Udagama	GND	1046
LK-9148100	Hingura Ara	Hingura Ara	GND	1180
LK-9148105	Kalagedi Ara	Kalagedi Ara	GND	1376
LK-9148110	Moraketiya	Moraketiya	GND	1314
LK-9148115	Embilipitiya Pallegama	Embilipitiya Pallegama	GND	1814
LK-9148120	Embilipitiya New Town	Embilipitiya New Town	GND	1480
LK-9148125	Yodhagama	Yodhagama	GND	1742
LK-9148130	Modarawana	Modarawana	GND	1017
LK-9148135	Sudugala	Sudugala	GND	848
LK-9148140	Walalgoda	Walalgoda	GND	829
LK-9148145	Jadura	Jadura	GND	988
LK-9148150	Diyapota	Diyapota	GND	737
LK-9148155	Mulendiyawala	Mulendiyawala	GND	865
LK-9148160	Thorakolayaya	Thorakolayaya	GND	1041
LK-9148165	Kumbugoda Ara	Kumbugoda Ara	GND	1668
LK-9148170	Hingura	Hingura	GND	1544
LK-9148175	Halmillaketiya	Halmillaketiya	GND	940
LK-9148180	Thunkama	Thunkama	GND	1896
LK-9148185	Hagala	Hagala	GND	1282
LK-9148190	Kuttigala	Kuttigala	GND	1366
LK-9148195	Julangete	Julangete	GND	660
LK-9148200	Padalangala	Padalangala	GND	1383
LK-9151	Kolonna	Kolonna	DSD	14773
LK-9151005	Buluthota	Buluthota	GND	692
LK-9151010	Ranhotikanda	Ranhotikanda	GND	611
LK-9151015	Yakmaditta	Yakmaditta	GND	273
LK-9151020	Helaudakanda	Helaudakanda	GND	363
LK-9151025	Heneggegoda	Heneggegoda	GND	280
LK-9151030	Kumburugamuwa	Kumburugamuwa	GND	443
LK-9151035	Dambemada	Dambemada	GND	221
LK-9151040	Welewathugoda	Welewathugoda	GND	179
LK-9151045	Ereporuwa	Ereporuwa	GND	607
LK-9151050	Wijeriya	Wijeriya	GND	523
LK-9151055	Poddana	Poddana	GND	718
LK-9151060	Ittakanda	Ittakanda	GND	569
LK-9151065	Buthkanda	Buthkanda	GND	600
LK-9151070	Kolonna	Kolonna	GND	972
LK-9151075	Maduwanwela Peranigama	Maduwanwela Peranigama	GND	1078
LK-9151080	Nandanagama	Nandanagama	GND	527
LK-9151085	Ambagahayaya	Ambagahayaya	GND	510
LK-9151090	Kella	Kella	GND	424
LK-9151095	Boraluwageaina	Boraluwageaina	GND	656
LK-9151100	Ullinduwawa	Ullinduwawa	GND	831
LK-9151105	Pupulaketiya	Pupulaketiya	GND	396
LK-9151110	Habbeliara	Habbeliara	GND	514
LK-9151115	Walakada	Walakada	GND	245
LK-9151120	Koppakanda	Koppakanda	GND	401
LK-9151125	Dapane	Dapane	GND	489
LK-9151130	Dorapane	Dorapane	GND	319
LK-9151135	Morawadiya	Morawadiya	GND	247
LK-9151140	Omalpe	Omalpe	GND	527
LK-9151145	Kempane	Kempane	GND	558
LK-92	Kegalle	Kegalle	DISTRICT	242027
LK-9203	Rambukkana	Rambukkana	DSD	24601
LK-9203005	Dombemada East	Dombemada East	GND	143
LK-9203010	Dombemada West	Dombemada west	GND	122
LK-9203015	Udanvita	Udanvita	GND	129
LK-9203020	Maligathenna	Maligathenna	GND	183
LK-9203025	Alugolla	Alugolla	GND	132
LK-9203030	Gabbala North	Gabbala North	GND	309
LK-9203035	Gabbala South	Gabbala South	GND	313
LK-9203040	Mahagama	Mahagama	GND	226
LK-9203045	Halwatta	Halwatta	GND	123
LK-9203050	Hewadiwela	Hewadiwela	GND	231
LK-9203055	Nattambura	Nattambura	GND	228
LK-9203060	Kudagama North	Kudagama North	GND	173
LK-9203065	Kudagama South	Kudagama South	GND	153
LK-9203070	Medagaladeniya	Medagaladeniya	GND	130
LK-9203075	Walgama	Walgama	GND	286
LK-9203080	Udagaladeniya	Udagaladeniya	GND	129
LK-9203085	Dambulla	Dambulla	GND	123
LK-9203090	Deliwala	Deliwala	GND	393
LK-9203095	Hangawela	Hangawela	GND	141
LK-9203100	Ihala Walpola	Ihala Walpola	GND	186
LK-9203105	Kotawella	Kotawella	GND	348
LK-9203110	Kanugolla	Kanugolla	GND	262
LK-9203115	Parape North	Parape North	GND	181
LK-9203120	Parape South	Parape South	GND	262
LK-9203125	Kossinna	Kossinna	GND	248
LK-9203130	Kansalagamuwa	Kansalagamuwa	GND	380
LK-9203135	Heenabowa	Heenabowa	GND	185
LK-9203140	Walalgoda	Walalgoda	GND	296
LK-9203145	Kiriwallapitiya	Kiriwallapitiya	GND	214
LK-9203150	Eriyagolla	Eriyagolla	GND	303
LK-9203155	Werellapatha	Werellapatha	GND	178
LK-9203160	Weligamuwa	Weligamuwa	GND	274
LK-9203165	Thaldewa	Thaldewa	GND	330
LK-9203170	Wahawa	Wahawa	GND	429
LK-9203175	Padavigampala	Padavigampala	GND	414
LK-9203180	Puwakmote	Puwakmote	GND	190
LK-9203185	Udugama	Udugama	GND	160
LK-9203190	Thismalpola	Thismalpola	GND	183
LK-9203195	Yatagama	Yatagama	GND	209
LK-9203200	Meeduma	Meeduma	GND	326
LK-9203205	Hurimaluwa	Hurimaluwa	GND	780
LK-9203210	Eriyawa	Eriyawa	GND	377
LK-9203215	Rambukkana Town	Rambukkana Town	GND	198
LK-9203220	Diyasunnatha	Diyasunnatha	GND	211
LK-9203225	Madawala	Madawala	GND	276
LK-9203230	Godagandeniya	Godagandeniya	GND	209
LK-9203235	Kempitiya	Kempitiya	GND	75
LK-9203240	Kadigamuwa	Kadigamuwa	GND	463
LK-9203245	Halagiriya	Halagiriya	GND	231
LK-9203250	Muwapitiya	Muwapitiya	GND	218
LK-9203255	Beligodapitiya	Beligodapitiya	GND	133
LK-9203260	Pinnawala	Pinnawala	GND	358
LK-9203265	Daluggala	Daluggala	GND	142
LK-9203270	Mottappuliya	Mottappuliya	GND	408
LK-9203275	Koorempola	Koorempola	GND	507
LK-9203280	Halpitiya	Halpitiya	GND	251
LK-9203285	Naranbedda East	Naranbedda East	GND	197
LK-9203290	Naranbedda West	Naranbedda West	GND	208
LK-9203295	Marukwathura	Marukwathura	GND	504
LK-9203300	Imbulgasdeniya	Imbulgasdeniya	GND	778
LK-9203305	Ambuwangala	Ambuwangala	GND	276
LK-9203310	Kehelwathugoda	Kehelwathugoda	GND	550
LK-9203315	Dunukewala	Dunukewala	GND	355
LK-9203320	Waduwadeniya	Waduwadeniya	GND	169
LK-9203325	Hiriwadunna	Hiriwadunna	GND	403
LK-9203330	Bathambure	Bathambure	GND	362
LK-9203335	Kottana Watta	Kottana Watta	GND	238
LK-9203340	Kotagama	Kotagama	GND	327
LK-9203345	Kiriwandeniya	Kiriwandeniya	GND	328
LK-9203350	Netiyapana	Netiyapana	GND	153
LK-9203355	Udugama Gondewala	Udugama Gondewala	GND	289
LK-9203360	Pattampitiya	Pattampitiya	GND	165
LK-9203365	Yatiwaldeniya	Yatiwaldeniya	GND	219
LK-9203370	Henepola	Henepola	GND	310
LK-9203375	Deegana Kanda	Deegana Kanda	GND	277
LK-9203380	Gangoda	Gangoda	GND	334
LK-9203385	Beddawala	Beddawala	GND	191
LK-9203390	Yodhagama	Yodhagama	GND	424
LK-9203395	Pitiyegama	Pitiyegama	GND	282
LK-9203400	Deldeniya	Deldeniya	GND	216
LK-9203405	Kivulpana	Kivulpana	GND	261
LK-9203410	Minwana	Minwana	GND	176
LK-9203415	Kumbaldiwela	Kumbaldiwela	GND	331
LK-9203420	Galpala	Galpala	GND	197
LK-9203425	Kumbaloluwa	Kumbaloluwa	GND	398
LK-9203430	Kavudaulla	Kavudaulla	GND	324
LK-9203435	Molagoda	Molagoda	GND	538
LK-9203440	Waragoda	Waragoda	GND	289
LK-9203445	Mangalagama	Mangalagama	GND	470
LK-9206	Mawanella	Mawanella	DSD	33009
LK-9206005	Weganthale	Weganthale	GND	440
LK-9206010	Yatimahana	Yatimahana	GND	270
LK-9206015	Keppetipola	Keppetipola	GND	619
LK-9206020	Ihala Kotte	Ihala Kotte	GND	231
LK-9206025	Makehelwala	Makehelwala	GND	427
LK-9206030	Dunugama Maliyadda	Dunugama Maliyadda	GND	479
LK-9206035	Karapane	Karapane	GND	283
LK-9206040	Kondeniya	Kondeniya	GND	429
LK-9206045	Gondiwala	Gondiwala	GND	869
LK-9206050	Uthuwankanda	Uthuwankanda	GND	507
LK-9206055	Ambulugala	Ambulugala	GND	597
LK-9206060	Attanagoda	Attanagoda	GND	417
LK-9206065	Panagamuwa	Panagamuwa	GND	249
LK-9206070	Dehimaduwa	Dehimaduwa	GND	588
LK-9206075	Habbunkaduwa	Habbunkaduwa	GND	530
LK-9206080	Mahawatta	Mahawatta	GND	1007
LK-9206085	Muruthawala	Muruthawala	GND	1249
LK-9206090	Randiwala	Randiwala	GND	436
LK-9206095	Uda Makadawara	Uda Makadawara	GND	383
LK-9206100	Ganethenna	Ganethenna	GND	443
LK-9206105	Makadawara	Makadawara	GND	453
LK-9206110	Batawala	Batawala	GND	697
LK-9206115	Hingula	Hingula	GND	720
LK-9206120	Owatta	Owatta	GND	413
LK-9206125	Hinguloya	Hinguloya	GND	1237
LK-9206130	Rankothdiwala	Rankothdiwala	GND	370
LK-9206135	Mawanella	Mawanella	GND	397
LK-9206140	Mawana	Mawana	GND	358
LK-9206145	Kiringadeniya	Kiringadeniya	GND	816
LK-9206150	Weligalla	Weligalla	GND	407
LK-9206155	Dodanthale	Dodanthale	GND	413
LK-9206160	Kappagoda	Kappagoda	GND	963
LK-9206165	Nankurugama	Nankurugama	GND	533
LK-9206170	Kongamuwa	Kongamuwa	GND	911
LK-9206175	Beligammana	Beligammana	GND	553
LK-9206180	Edanduwawa	Edanduwawa	GND	249
LK-9206185	Idampitiya	Idampitiya	GND	440
LK-9206190	Kekirigoda	Kekirigoda	GND	491
LK-9206195	Uyanwatta	Uyanwatta	GND	711
LK-9206200	Aluthnuwara	Aluthnuwara	GND	446
LK-9206205	Molligoda	Molligoda	GND	434
LK-9206210	Mawela	Mawela	GND	664
LK-9206215	Warakapana	Warakapana	GND	243
LK-9206220	Kahawandala	Kahawandala	GND	272
LK-9206225	Mahanthegama	Mahanthegama	GND	294
LK-9206230	Heenatipana	Heenatipana	GND	422
LK-9206235	Rukulagama	Rukulagama	GND	491
LK-9206240	Daswatta	Daswatta	GND	339
LK-9206245	Lewke	Lewke	GND	365
LK-9206250	Kumbalgama	Kumbalgama	GND	256
LK-9206255	Balawathgama	Balawathgama	GND	267
LK-9206260	Werake	Werake	GND	568
LK-9206265	Embilmeewala	Embilmeewala	GND	148
LK-9206270	Thambavita	Thambavita	GND	276
LK-9206275	Eraminigammana	Eraminigammana	GND	376
LK-9206280	Ambadeniya	Ambadeniya	GND	292
LK-9206285	Weragoda	Weragoda	GND	272
LK-9206290	Kooragala	Kooragala	GND	174
LK-9206295	Waduwawala	Waduwawala	GND	406
LK-9206300	Ginihappitiya West	Ginihappitiya West	GND	395
LK-9206305	Ginihappitiya East	Ginihappitiya  East	GND	579
LK-9206310	Ambaruppa	Ambaruppa	GND	276
LK-9206315	Madulbowa	Madulbowa	GND	390
LK-9206320	Ambalawa	Ambalawa	GND	314
LK-9206325	Balathgamuwa	Balathgamuwa	GND	169
LK-9206330	Kehelpannala East	Kehelpannala East	GND	213
LK-9206335	Wadiyathenna	Wadiyathenna	GND	534
LK-9206340	Hemmathagama	Hemmathagama	GND	306
LK-9206345	Palliporuwa	Palliporuwa	GND	483
LK-9206350	Dumbuluwawa	Dumbuluwawa	GND	596
LK-9206355	Kehelpannala West	Kehelpannala West	GND	164
LK-9209	Aranayake	Aranayaka	DSD	19811
LK-9209005	Deewela Udagama	Deewela Udagama	GND	338
LK-9209010	Wakirigala	Wakirigala	GND	319
LK-9209015	Epalawa Watta	Epalawa Watta	GND	326
LK-9209020	Uduwewela	Uduwewela	GND	340
LK-9209025	Kande Watta	Kande Watta	GND	381
LK-9209030	Gal Athara	Gal Athara	GND	347
LK-9209035	Gammannagoda	Gammannagoda	GND	215
LK-9209040	Katugaha	Katugaha	GND	298
LK-9209045	Ussapitiya	Ussapitiya	GND	431
LK-9209050	Waharakgoda	Waharakgoda	GND	349
LK-9209055	Ruwandeniya	Ruwandeniya	GND	475
LK-9209060	Attapitiya	Attapitiya	GND	323
LK-9209065	Devanagala	Devanagala	GND	337
LK-9209070	Kariyagama	Kariyagama	GND	340
LK-9209075	Godigamuwa	Godigamuwa	GND	456
LK-9209080	Narangammana	Narangammana	GND	555
LK-9209085	Lambutuwa	Lambutuwa	GND	369
LK-9209090	Wattegedara	Wattegedara	GND	229
LK-9209095	Asmadala	Asmadala	GND	292
LK-9209100	Kandamulla	Kandamulla	GND	315
LK-9209105	Kumarapura	Kumarapura	GND	249
LK-9209110	Debathgama Udabage	Debathgama Udabage	GND	474
LK-9209115	Debathgama Pallebage	Debathgama Pallebage	GND	321
LK-9209120	Hathgampala	Hathgampala	GND	239
LK-9209125	Moragammana	Moragammana	GND	398
LK-9209130	Gevilipitiya Town	Gevilipitiya Town	GND	397
LK-9209135	Gevilipitiya Gama	Gevilipitiya Gama	GND	274
LK-9209140	Pehinipeddara	Pehinipeddara	GND	274
LK-9209145	Nikapitiya	Nikapitiya	GND	551
LK-9209150	Thalgamuwa	Thalgamuwa	GND	348
LK-9209155	Dippitiya	Dippitiya	GND	479
LK-9209160	Habalakkawa	Habalakkawa	GND	464
LK-9209165	Keerapana	Keerapana	GND	354
LK-9209170	Vilpola	Vilpola	GND	628
LK-9209175	Galbokka	Galbokka	GND	313
LK-9209180	Elangipitiya	Elangipitiya	GND	191
LK-9209185	Kalugala	Kalugala	GND	332
LK-9209190	Kehelwatta	Kehelwatta	GND	202
LK-9209195	Dampelgoda	Dampelgoda	GND	178
LK-9209200	Narangala	Narangala	GND	236
LK-9209205	Getaberi Kanda	Getaberi Kanda	GND	367
LK-9209210	Pannala	Pannala	GND	295
LK-9209215	Duldeniya	Duldeniya	GND	392
LK-9209220	Thalgaspitiya Muslimgama	Thalgaspitiya Muslimgama	GND	629
LK-9209225	Thalgaspitiya	Thalgaspitiya	GND	245
LK-9209230	Thelleka	Thelleka	GND	289
LK-9209235	Hakurugammana	Hakurugammana	GND	288
LK-9209240	Aranayaka	Aranayaka	GND	287
LK-9209245	Udagama	Udagama	GND	238
LK-9209250	Ambalakanda	Ambalakanda	GND	216
LK-9209255	Ganthuna Udagama	Ganthuna Udagama	GND	296
LK-9209260	Ganthuna Medagama	Ganthuna Medagama	GND	221
LK-9209265	Jambugasmada	Jambugasmada	GND	153
LK-9209270	Podape	Podape	GND	273
LK-9209275	Deiyanwala	Deiyanwala	GND	239
LK-9209280	Arama	Arama	GND	241
LK-9209285	Rahala	Rahala	GND	430
LK-9209290	Randiligama	Randiligama	GND	264
LK-9209295	Yodhagama	Yodhagama	GND	205
LK-9209300	Selawa East	Selawa East	GND	156
LK-9209305	Selawa West	Selawa West	GND	150
LK-9212	Kegalle	Kegalle	DSD	26532
LK-9212005	Siyambalapitiya	Siyambalapitiya	GND	571
LK-9212010	Pussella	Pussella	GND	464
LK-9212015	Dimbulgamuwa	Dimbulgamuwa	GND	371
LK-9212020	Kolongalla	Kolongalla	GND	492
LK-9212025	Diyagama	Diyagama	GND	365
LK-9212030	Kalugalla	Kalugalla	GND	322
LK-9212035	Puwakdeniya	Puwakdeniya	GND	690
LK-9212040	Meepitiya	Meepitiya	GND	1317
LK-9212045	Olagankanda	Olagankanda	GND	523
LK-9212050	Wewaladeniya	Wewaladeniya	GND	431
LK-9212055	Ranwala	Ranwala	GND	1128
LK-9212060	Paranagampola	Paranagampola	GND	633
LK-9212065	Uraulla	Uraulla	GND	443
LK-9212070	Ambanpitiya	Ambanpitiya	GND	542
LK-9212075	Beragala	Beragala	GND	640
LK-9212080	Kegalle Town	Kegalle Town	GND	585
LK-9212085	Golahela	Golahela	GND	1408
LK-9212090	Pallewela	Pallewela	GND	372
LK-9212095	Karandupotha	Karandupotha	GND	501
LK-9212100	Uda Karadupana	Uda Karandupana	GND	322
LK-9212105	Nilmalgoda	Nilmalgoda	GND	356
LK-9212110	Paragammana	Paragammana	GND	530
LK-9212115	Waldeniya	Waldeniya	GND	392
LK-9212120	Dikella	Dikella	GND	818
LK-9212125	Buluruppa	Buluruppa	GND	402
LK-9212130	Ekiriyagala	Ekiriyagala	GND	412
LK-9212135	Deewela Medagama	Deewela Medagama	GND	365
LK-9212140	Deewela Pallegama	Deewela Pallegama	GND	339
LK-9212145	Ewunugalla	Ewunugalla	GND	496
LK-9212150	Dikkohupitiya	Dikkohupitiya	GND	313
LK-9212155	Kavudugama	Kawudugama	GND	402
LK-9212160	Makoora	Makoora	GND	370
LK-9212165	Bulugahadeniya	Bulugahadeniya	GND	465
LK-9212170	Thalewala	Thalewela	GND	344
LK-9212175	Hettimulla	Hettimulla	GND	416
LK-9212180	Minuwangamuwa	Minuwangamuwa	GND	463
LK-9212185	Udumagama	Udumagama	GND	300
LK-9212190	Wadupola	Wadupola	GND	350
LK-9212195	Wathura	Wathura	GND	390
LK-9212200	Meedeniya South	Meedeniya South	GND	366
LK-9212205	Meedeniya North	Meedeniya North	GND	336
LK-9212210	Malavita	Malavita	GND	557
LK-9212215	Godigamuwa	Godigamuwa	GND	341
LK-9212220	Hapuvita Pallegama	Hapuwita Pallegama	GND	262
LK-9212225	Alapalawala	Alapalawala	GND	401
LK-9212230	Nilapalagammana	Nilapalagammana	GND	274
LK-9212235	Eregama	Eregama	GND	283
LK-9212240	Athurupana	Athurupana	GND	243
LK-9212245	Rotuwa	Rotuwa	GND	208
LK-9212250	Hungampola	Hungampola	GND	225
LK-9212255	Gurullawala	Gurullawala	GND	323
LK-9212260	Moradana	Moradana	GND	232
LK-9212265	Mabopitiya	Mabopitiya	GND	252
LK-9212270	Higgoda	Higgoda	GND	290
LK-9212275	Bossella	Bossella	GND	331
LK-9212280	Ganthuna Pallegama North	Ganthuna Pallegama North	GND	285
LK-9212285	Bogala	Bogala	GND	273
LK-9212290	Thiyambarahena	Thiyambarahena	GND	256
LK-9212295	Undugoda	Undugoda	GND	380
LK-9212300	Belihulwana	Belihulwana	GND	250
LK-9212305	Ganthuna Pallegama South	Ganthuna Pallegama South	GND	121
LK-9215	Galigamuwa	Galigamuwa	DSD	21095
LK-9215005	Helamada	Helamada	GND	559
LK-9215010	Godapola	Godapola	GND	603
LK-9215015	Batuwatta	Batuwatta	GND	506
LK-9215020	Makuddala	Makuddala	GND	371
LK-9215025	Weragoda	Weragoda	GND	360
LK-9215030	Jeewana	Jeewana	GND	336
LK-9215035	Dewalegama	Dewalegama	GND	518
LK-9215040	Walagama	Walagama	GND	375
LK-9215045	Kandegedara	Kandegedara	GND	400
LK-9215050	Edurapotha West	Edurapotha West	GND	287
LK-9215055	Panakawa	Panakawa	GND	564
LK-9215060	Edurapotha East	Edurapotha East	GND	453
LK-9215065	Nawagamuwa	Nawagamuwa	GND	373
LK-9215070	Hathnagoda	Hathnagoda	GND	373
LK-9215075	Peherambe	Peherambe	GND	224
LK-9215080	Palapoluwa	Palapoluwa	GND	405
LK-9215085	Yattogoda	Yattogoda	GND	423
LK-9215090	Ballapana Pathabage	Ballapana Pathabage	GND	472
LK-9215095	Kobbewala	Kobbewala	GND	509
LK-9215100	Galigamuwa	Galigamuwa	GND	513
LK-9215105	Ballapana Udabage	Ballapana Udabage	GND	439
LK-9215110	Mayfield	Mayfield	GND	346
LK-9215115	Asideniya	Asideniya	GND	390
LK-9215120	Dematanpitiya	Dematanpitiya	GND	503
LK-9215125	Bisowela	Bisowela	GND	743
LK-9215130	Imbulgala	Imbulgala	GND	357
LK-9215135	Atugoda	Atugoda	GND	492
LK-9215140	Renapana	Renapana	GND	481
LK-9215145	Bambaragama	Bambaragama	GND	390
LK-9215150	Naberiyawa	Naberiyawa	GND	611
LK-9215155	Narangoda	Narangoda	GND	370
LK-9215160	Alawala	Alawala	GND	299
LK-9215165	Holombuwa	Holombuwa	GND	285
LK-9215170	Boyagoda	Boyagoda	GND	420
LK-9215175	Arandara	Arandara	GND	679
LK-9215180	Kiridana	Kiridana	GND	274
LK-9215185	Kinigama	Kinigama	GND	301
LK-9215190	Damunupola	Damunupola	GND	436
LK-9215195	Lahupana	Lahupana	GND	353
LK-9215200	Pothukoladeniya	Pothukoladeniya	GND	434
LK-9215205	Pindeniya	Pindeniya	GND	267
LK-9215210	Udugama	Udugama	GND	317
LK-9215215	Nadeniya	Nadeniya	GND	248
LK-9215220	Atala	Atala	GND	578
LK-9215225	Hapudeniya	Hapudeniya	GND	342
LK-9215230	Kurunegoda	Kurunegoda	GND	476
LK-9215235	Ruggahathenna	Ruggahathenna	GND	291
LK-9215240	Ampe	Ampe	GND	508
LK-9215245	Hathnapitiya	Hathnapitiya	GND	291
LK-9215250	Karagala	Karagala	GND	206
LK-9215255	Aruggammana	Aruggammana	GND	344
LK-9218	Warakapola	Warakapola	DSD	32191
LK-9218005	Waddeniya	Waddeniya	GND	490
LK-9218010	Kalugala	Kalugala	GND	247
LK-9218015	Weniwellakaduwa	Weniwellakaduwa	GND	376
LK-9218020	Kodapaluwa	Kodapaluwa	GND	637
LK-9218025	Opatha	Opatha	GND	541
LK-9218030	Paspolakanda	Paspolakanda	GND	233
LK-9218035	Thulhiriya	Thulhiriya	GND	599
LK-9218040	Parakramagama	Parakramagama	GND	246
LK-9218045	Nangalla	Nangalla	GND	883
LK-9218050	Ragalkanda	Ragalkanda	GND	240
LK-9218055	Heliyagoda	Heliyagoda	GND	248
LK-9218060	Metiyagane	Metiyagane	GND	284
LK-9218065	Thalgama	Thalgama	GND	386
LK-9218070	Egalla	Egalla	GND	404
LK-9218075	Kumbalgama	Kumbalgama	GND	263
LK-9218080	Akwatta	Akwatta	GND	206
LK-9218085	Pinnagoda Kanda	Pinnagoda Kanda	GND	219
LK-9218090	Gasnawa	Gasnawa	GND	399
LK-9218095	Mangedara	Mangedara	GND	632
LK-9218100	Ambepussa	Ambepussa	GND	985
LK-9218105	Warakapola	Warakapola	GND	1181
LK-9218110	Mahena Colony	Mahena Colony	GND	380
LK-9218115	Mahena	Mahena	GND	714
LK-9218120	Tholangamuwa	Tholangamuwa	GND	820
LK-9218125	Nape	Nape	GND	319
LK-9218130	Morawaka	Morawaka	GND	600
LK-9218135	Mampita	Mampita	GND	666
LK-9218140	Nelumdeniya	Nelumdeniya	GND	483
LK-9218145	Othnapitiya	Othnapitiya	GND	379
LK-9218150	Boorunnawa	Boorunnawa	GND	312
LK-9218155	Iipangamuwa	Elipangamuwa	GND	265
LK-9218160	Delgamuwa	Delgamuwa	GND	257
LK-9218165	Thumbaliyadda	Thumbaliyadda	GND	412
LK-9218170	Ganithapura	Ganithapura	GND	1042
LK-9218175	Ethnawala	Ethnawala	GND	719
LK-9218180	Dummaladeniya	Dummaladeniya	GND	673
LK-9218185	Puhulegama	Puhulegama	GND	187
LK-9218190	Godawela	Godawela	GND	442
LK-9218195	Penihela	Penihela	GND	222
LK-9218200	Thambugala	Thambugala	GND	309
LK-9218205	Thalgahadeniya	Thalgahadeniya	GND	169
LK-9218210	Niwatuwa	Niwatuwa	GND	393
LK-9218215	Kukulpane	Kukulpane	GND	584
LK-9218220	Thalliyadda	Thalliyadda	GND	353
LK-9218225	Dorawaka Pallebage	Dorawaka Pallebage	GND	475
LK-9218230	Yaddehimulla	Yaddehimulla	GND	456
LK-9218235	Kohombadeniya	Kohombadeniya	GND	318
LK-9218240	Ihala Lenagala	Ihala Lenagala	GND	324
LK-9218245	Dedigama	Dedigama	GND	400
LK-9218250	Pitadeniya	Pitadeniya	GND	536
LK-9218255	Thunthota	Thunthota	GND	314
LK-9218260	Imbulovita	Imbulovita	GND	113
LK-9218265	Menikkadawara	Menikkadawara	GND	433
LK-9218270	Maha Pallegama	Maha Pallegama	GND	466
LK-9218275	Kinivita	Kinivita	GND	333
LK-9218280	Hapugoda	Hapugoda	GND	131
LK-9218285	Dorawaka Udabage	Dorawaka Udabage	GND	443
LK-9218290	Weragoda	Weragoda	GND	439
LK-9218295	Palamure	Palamure	GND	468
LK-9218300	Bopitiya	Bopitiya	GND	407
LK-9218305	Algama Ihalagama	Algama Ihalagama	GND	254
LK-9218310	Algama	Algama	GND	500
LK-9218315	Madurupitiya	Madurupitiya	GND	276
LK-9218320	Kandegama	Kandegama	GND	268
LK-9218325	Uduwaka	Uduwaka	GND	587
LK-9218330	Hallawa	Hallawa	GND	193
LK-9218335	Ebidigala	Ebidigala	GND	216
LK-9218340	Alpitiya	Alpitiya	GND	262
LK-9218345	Kivuldeniya	Kivuldeniya	GND	455
LK-9218350	Kudapallegama	Kudapallegama	GND	298
LK-9218355	Thambadiya	Thambadiya	GND	309
LK-9218360	Elamaldeniya	Elamaldeniya	GND	178
LK-9218365	Malmaduwa	Malmaduwa	GND	207
LK-9218370	Polgampala	Polgampala	GND	310
LK-9218375	Weragala	Weragala	GND	373
LK-9218380	Pallepelpita	Pallepelpita	GND	337
LK-9218385	Pahala Lenagala	Pahala Lenagala	GND	312
LK-9218390	Welhella	Welhella	GND	401
LK-9221	Ruwanwella	Ruwanwella	DSD	18290
LK-9221005	Dunumala	Dunumala	GND	427
LK-9221010	Galapitamada	Galapitamada	GND	301
LK-9221015	Walgampatha	Walgampatha	GND	259
LK-9221020	Kadigamuwa	Kadigamuwa	GND	495
LK-9221025	Mahakanda	Mahakanda	GND	298
LK-9221030	Lenagala	Lenagala	GND	306
LK-9221035	Lewangama North	Lewangama North	GND	298
LK-9221040	Lewangama South	Lewangama South	GND	556
LK-9221045	Morathota	Morathota	GND	297
LK-9221050	Waharaka	Waharaka	GND	506
LK-9221055	Daluwalana	Daluwalana	GND	524
LK-9221060	Wahakula	Wahakula	GND	405
LK-9221065	Dannoruwa	Dannoruwa	GND	505
LK-9221070	Nivunhella	Nivunhella	GND	522
LK-9221075	Imbulana	Imbulana	GND	746
LK-9221080	Siyambalawala	Siyambalawala	GND	485
LK-9221085	Pethangoda	Pethangoda	GND	535
LK-9221090	Kannattota	Kannattota	GND	759
LK-9221095	Gonaramba	Gonaramba	GND	734
LK-9221100	Doranuwa	Doranuwa	GND	727
LK-9221105	Bopetta	Bopetta	GND	352
LK-9221110	Morawatta	Morawatta	GND	702
LK-9221115	Mahalla	Mahalla	GND	633
LK-9221120	Gonagala North	Gonagala North	GND	444
LK-9221125	Indurana	Indurana	GND	350
LK-9221130	Puranpotta	Puranpotta	GND	323
LK-9221135	Batuvita	Batuvita	GND	156
LK-9221140	Amithirigala North	Amithirigala North	GND	412
LK-9221145	Amithirigala South	Amithirigala South	GND	435
LK-9221150	Gonagala West	Gonagala West	GND	333
LK-9221155	Mapitigama	Mapitigama	GND	552
LK-9221160	Moraliya	Moraliya	GND	554
LK-9221165	Ruwanwella	Ruwanwella	GND	1018
LK-9221170	Wendala	Wendala	GND	778
LK-9221175	Mahadeniya	Mahadeniya	GND	253
LK-9221180	Udakanugala	Udakanugala	GND	317
LK-9221185	Palle Kanugala	Palle Kanugala	GND	506
LK-9221190	Medagoda	Medagoda	GND	487
LK-9224	Bulathkohipitiya	Bulathkohupitiya	DSD	12895
LK-9224005	Kanangamuwa	Kanangamuwa	GND	316
LK-9224010	Getiyamulla	Getiyamulla	GND	309
LK-9224015	Higgoda	Higgoda	GND	218
LK-9224020	Puspane	Puspane	GND	659
LK-9224025	Kabagamuwa	Kabagamuwa	GND	407
LK-9224030	Alawathura	Alawathura	GND	674
LK-9224035	Ambuwakka	Ambuwakka	GND	354
LK-9224040	Haloluwa	Haloluwa	GND	521
LK-9224045	Wegalla	Wegalla	GND	734
LK-9224050	Lewala	Lewala	GND	1054
LK-9224055	Bulathkohupitiya	Bulathkohupitiya	GND	526
LK-9224060	Rangalla	Rangalla	GND	493
LK-9224065	Nevismiyar Ihala	Nevismiyar Ihala	GND	770
LK-9224070	Uduwa	Uduwa	GND	416
LK-9224075	Dedugala	Dedugala	GND	292
LK-9224080	Pelempitiya	Pelempitiya	GND	392
LK-9224085	Neluwakkana	Neluwakkana	GND	170
LK-9224090	Udapotha	Udapotha	GND	441
LK-9224095	Kendawa	Kendawa	GND	637
LK-9224100	Narangala	Narangala	GND	415
LK-9224105	Urumeewala	Urumeewala	GND	324
LK-9224110	Punehela	Punehela	GND	308
LK-9224115	Panapitiya	Panapitiya	GND	734
LK-9224120	Ampagala	Ampagala	GND	737
LK-9224125	Thelkumuduwala	Thelkumuduwala	GND	348
LK-9224130	Kiriporuwa	Kiriporuwa	GND	389
LK-9224135	Ambamalla	Ambamalla	GND	257
LK-9227	Yatiyantota	Yatiyanthota	DSD	17393
LK-9227005	Mattamagoda	Mattamagoda	GND	1437
LK-9227010	Galpatha	Galpatha	GND	698
LK-9227015	Kabulumulla	Kabulumulla	GND	958
LK-9227020	Garagoda Pahala	Garagoda Pahala	GND	775
LK-9227025	Garagoda Ihala	Garagoda Ihala	GND	406
LK-9227030	Yatiyanthota	Yatiyanthota	GND	803
LK-9227035	Mahavila	Mahavila	GND	468
LK-9227040	Parussella	Parussella	GND	863
LK-9227045	Jayavinda Gama	Jayavindagama	GND	715
LK-9227050	Welihelathenna	Welihelathenna	GND	561
LK-9227055	Malalpola	Malalpola	GND	403
LK-9227060	Dombepola	Dombepola	GND	519
LK-9227065	Amanawala	Amanawala	GND	400
LK-9227070	Berannawa	Berannawa	GND	315
LK-9227075	Seepoth	Seepoth	GND	528
LK-9227080	Mahabage	Mahabage	GND	316
LK-9227085	Dunukedeniya	Dunukedeniya	GND	357
LK-9227090	Malwatta	Malwatta	GND	463
LK-9227095	Kirikohuthenna	Kirikohuthenna	GND	404
LK-9227100	Neluwathukanda	Neluwathukanda	GND	335
LK-9227105	Polpitiya	Polpitiya	GND	291
LK-9227110	Weeragalla	Weeragalla	GND	322
LK-9227115	Nawata	Nawata	GND	321
LK-9227120	Meegasthenna	Meegasthenna	GND	617
LK-9227125	Pelellegama	Pelellegama	GND	580
LK-9227130	Hakbellawaka	Hakbellawaka	GND	490
LK-9227135	Ganepalla	Ganepalla	GND	580
LK-9227140	Theligama	Theligama	GND	521
LK-9227145	Gonagamuwa	Gonagamuwa	GND	495
LK-9227150	Kithulgala North	Kithulgala North	GND	507
LK-9227155	Kalukohuthenna	Kalukohuthenna	GND	489
LK-9227160	Kithulgala South	Kithulgala South	GND	456
LK-9230	Dehiowita	Dehiovita	DSD	23238
LK-9230005	Kurupetta	Kurupetta	GND	475
LK-9230010	Daigala	Daigala	GND	227
LK-9230015	Eluwana	Eluwana	GND	398
LK-9230020	Magammana	Magammana	GND	488
LK-9230025	Kanangama	Kanangama	GND	884
LK-9230030	Walpola	Walpola	GND	1197
LK-9230035	Boralankada	Boralankada	GND	657
LK-9230040	Dikella	Dikella	GND	907
LK-9230045	Kahanavita	Kahanwita	GND	408
LK-9230050	Dehiovita	Dehiovita	GND	959
LK-9230055	Atulugamwela	Atulugamwela	GND	264
LK-9230060	Atulugama	Atulugama	GND	510
LK-9230065	Kelegama	Kelegama	GND	324
LK-9230070	Napawala	Napawala	GND	757
LK-9230075	Uduvila	Uduvila	GND	521
LK-9230080	Epalapitiya	Epalapitiya	GND	840
LK-9230085	Pahala Thaldoowa	Pahala Thaldoowa	GND	1223
LK-9230090	Ihala Thaldoowa	Ihala Thaldoowa	GND	785
LK-9230095	Debegama	Debegama	GND	580
LK-9230100	Thimbiripola	Thimbiripola	GND	921
LK-9230105	Algoda	Algoda	GND	484
LK-9230110	Hinguralakanda East	Hinguralakanda East	GND	305
LK-9230115	Batangala	Batangala	GND	744
LK-9230120	Viharakanda	Viharakanda	GND	389
LK-9230125	Galabalana Kanda	Galabalana Kanda	GND	439
LK-9230130	Maniyangama	Maniyangama	GND	554
LK-9230135	Madola	Madola	GND	1049
LK-9230140	Welangalla	Welangalla	GND	757
LK-9230145	Bomaluwa	Bomaluwa	GND	355
LK-9230150	Rangegama	Rangegama	GND	789
LK-9230155	Panawala	Panawala	GND	614
LK-9230160	Hinguralakanda West	Hinguralakanda West	GND	562
LK-9230165	Pukunuwala	Pukunuwala	GND	465
LK-9230170	Godagampala	Godagampala	GND	487
LK-9230175	Ambalampitiya	Ambalampitiya	GND	449
LK-9230180	Madagammana	Madagammana	GND	222
LK-9230185	Pannila	Pannila	GND	428
LK-9230190	Imbulpitiya	Imbulpitiya	GND	424
LK-9230195	Elavulla	Elavulla	GND	397
LK-9233	Deraniyagala	Deraniyagala	DSD	12972
LK-9233005	Ballahela	Ballahela	GND	195
LK-9233010	Behenella	Behenella	GND	413
LK-9233015	Nilwala	Nilwala	GND	348
LK-9233020	Dodawatta	Dodawatta	GND	600
LK-9233025	Basnagala	Basnagala	GND	592
LK-9233030	Keerihena	Keerihena	GND	254
LK-9233035	Udabage	Udabage	GND	531
LK-9233040	Wattegedara	Wattegedara	GND	1179
LK-9233045	Deraniyagala	Deraniyagala	GND	890
LK-9233050	Lassegama	Lassegama	GND	513
LK-9233055	Anhettigama	Anhettigama	GND	388
LK-9233060	Panakoora	Panakoora	GND	338
LK-9233065	Pandaha	Pandaha	GND	421
LK-9233070	Polgaswatta	Polgaswatta	GND	383
LK-9233075	Maliboda	Maliboda	GND	534
LK-9233080	Poddenikanda	Poddenikanda	GND	662
LK-9233085	Nakkavita	Nakkavita	GND	387
LK-9233090	Miyanavita	Miyanawita	GND	612
LK-9233095	Deraniyagala South	Deraniyagala South	GND	862
LK-9233100	Rasnakkanda	Rasnakkanda	GND	394
LK-9233105	Udapola	Udapola	GND	550
LK-9233110	Demeda	Demeda	GND	270
LK-9233115	Kosgahakanda	Kosgahakanda	GND	666
LK-9233120	Yatiwala	Yatiwala	GND	506
LK-9233125	Magala	Magala	GND	298
LK-9233130	Dikellakanda	Dikellakanda	GND	186
